{"textures":{"0":"modelengine:entity/golem_arcane"},"elements":[{"from":[4.8149996,-0.9230051,4.5552053],"to":[10.815,10.076994,11.555205],"faces":{"east":{"uv":[1.1875,7.0,1.625,7.6875],"tintindex":0,"rotation":0,"texture":"#0"},"south":{"uv":[4.4375,7.1875,4.8125,7.875],"tintindex":0,"rotation":0,"texture":"#0"},"north":{"uv":[4.0,7.1875,4.375,7.875],"tintindex":0,"rotation":0,"texture":"#0"},"west":{"uv":[0.0,7.0625,0.4375,7.75],"tintindex":0,"rotation":0,"texture":"#0"},"up":{"uv":[7.875,7.1875,7.5,6.75],"tintindex":0,"rotation":0,"texture":"#0"},"down":{"uv":[7.1875,7.5,6.8125,7.9375],"tintindex":0,"rotation":0,"texture":"#0"}},"rotation":{"origin":[10.315,9.076994,2.3052053],"angle":22.5,"axis":"x"}}]}