{"textures":{"0":"modelengine:entity/golem_arcane"},"elements":[{"from":[6.83794,2.9960952,6.5375],"to":[11.83794,5.996095,9.4625],"faces":{"east":{"uv":[8.3125,8.25,8.5,8.4375],"tintindex":0,"rotation":0,"texture":"#0"},"south":{"uv":[5.0,7.0625,5.3125,6.875],"tintindex":0,"rotation":0,"texture":"#0"},"north":{"uv":[5.3125,6.875,5.0,7.0625],"tintindex":0,"rotation":0,"texture":"#0"},"west":{"uv":[8.5,8.25,8.3125,8.4375],"tintindex":0,"rotation":0,"texture":"#0"},"up":{"uv":[6.375,8.375,6.5625,8.0625],"tintindex":0,"rotation":90,"texture":"#0"},"down":{"uv":[6.5625,8.375,6.375,8.0625],"tintindex":0,"rotation":270,"texture":"#0"}},"rotation":{"origin":[8.0,5.0,8.0],"angle":-45.0,"axis":"z"}},{"from":[5.4567394,3.4775553,6.5125003],"to":[8.456739,8.477555,9.4875],"faces":{"east":{"uv":[1.875,7.0,1.6875,7.3125],"tintindex":0,"rotation":0,"texture":"#0"},"south":{"uv":[8.125,1.375,7.9375,1.6875],"tintindex":0,"rotation":0,"texture":"#0"},"north":{"uv":[8.125,1.375,7.9375,1.6875],"tintindex":0,"rotation":0,"texture":"#0"},"west":{"uv":[1.875,7.0,1.6875,7.3125],"tintindex":0,"rotation":0,"texture":"#0"},"up":{"uv":[4.25,3.5625,4.4375,3.375],"tintindex":0,"rotation":90,"texture":"#0"},"down":{"uv":[4.4375,3.5625,4.25,3.375],"tintindex":0,"rotation":270,"texture":"#0"}},"rotation":{"origin":[8.0,5.0,8.0],"angle":-22.5,"axis":"z"}}]}