{"textures":{"0":"modelengine:entity/golem_arcane"},"elements":[{"from":[6.7935953,-3.6956215,3.0501866],"to":[14.793595,8.3043785,13.050186],"faces":{"east":{"uv":[0.625,5.4375,0.0,6.1875],"tintindex":0,"rotation":0,"texture":"#0"},"south":{"uv":[6.8125,1.8125,6.3125,2.5625],"tintindex":0,"rotation":0,"texture":"#0"},"north":{"uv":[0.5,6.25,0.0,7.0],"tintindex":0,"rotation":0,"texture":"#0"},"west":{"uv":[6.0,0.5,5.375,1.25],"tintindex":0,"rotation":0,"texture":"#0"},"up":{"uv":[6.75,1.5625,7.25,0.9375],"tintindex":0,"rotation":0,"texture":"#0"},"down":{"uv":[6.75,2.625,7.25,3.25],"tintindex":0,"rotation":0,"texture":"#0"}},"rotation":{"origin":[9.293595,0.3043785,2.5501866],"angle":22.5,"axis":"z"}}]}