{"textures":{"0":"modelengine:entity/golem_arcane"},"elements":[{"from":[1.0,6.7484827,1.8791599],"to":[15.0,15.748483,13.87916],"faces":{"east":{"uv":[1.4375,2.5,2.1875,3.0625],"tintindex":0,"rotation":0,"texture":"#0"},"south":{"uv":[2.375,5.25,3.25,5.8125],"tintindex":0,"rotation":0,"texture":"#0"},"north":{"uv":[1.4375,5.25,2.3125,5.8125],"tintindex":0,"rotation":0,"texture":"#0"},"west":{"uv":[1.1875,5.875,1.9375,6.4375],"tintindex":0,"rotation":0,"texture":"#0"},"up":{"uv":[3.5,1.3125,2.625,0.5625],"tintindex":0,"rotation":0,"texture":"#0"},"down":{"uv":[3.5,1.3125,2.625,0.5625],"tintindex":0,"rotation":0,"texture":"#0"}}},{"from":[-1.0,12.361144,8.918474],"to":[17.0,20.361145,14.918474],"faces":{"east":{"uv":[7.4375,4.4375,7.8125,4.9375],"tintindex":0,"rotation":0,"texture":"#0"},"south":{"uv":[4.5,3.375,5.625,3.875],"tintindex":0,"rotation":0,"texture":"#0"},"north":{"uv":[4.5,3.375,5.625,3.875],"tintindex":0,"rotation":0,"texture":"#0"},"west":{"uv":[6.375,7.5,6.75,8.0],"tintindex":0,"rotation":0,"texture":"#0"},"up":{"uv":[3.125,6.25,2.0,5.875],"tintindex":0,"rotation":0,"texture":"#0"},"down":{"uv":[3.125,6.25,2.0,5.875],"tintindex":0,"rotation":0,"texture":"#0"}}},{"from":[0.087500095,12.540574,0.045947075],"to":[15.9125,22.540573,11.045948],"faces":{"east":{"uv":[3.3125,5.6875,4.0,6.3125],"tintindex":0,"rotation":0,"texture":"#0"},"south":{"uv":[3.3125,1.875,4.3125,2.5],"tintindex":0,"rotation":0,"texture":"#0"},"north":{"uv":[0.0,3.1875,1.0,3.8125],"tintindex":0,"rotation":0,"texture":"#0"},"west":{"uv":[4.0625,5.6875,4.75,6.3125],"tintindex":0,"rotation":0,"texture":"#0"},"up":{"uv":[3.25,2.3125,2.25,1.625],"tintindex":0,"rotation":0,"texture":"#0"},"down":{"uv":[3.25,2.3125,2.25,1.625],"tintindex":0,"rotation":0,"texture":"#0"}},"rotation":{"origin":[7.9125,17.97528,4.1967764],"angle":-22.5,"axis":"x"}}]}