{
	"credit": "Made with Blockbench",
	"texture_size": [64, 64],
	"textures": {
		"0": "item/fire/fire_bow",
		"1": "item/fire/fire_ef_long",
		"particle": "item/fire/fire_bow"
	},
	"elements": [
		{
			"from": [-6.75, 5.25, 7.4],
			"to": [5.25, 8.25, 7.4],
			"rotation": {"angle": 0, "axis": "z", "origin": [-0.75, 6.625, 7.4]},
			"faces": {
				"north": {"uv": [0.25, 7.5, 3.25, 8.25], "texture": "#0"},
				"east": {"uv": [0, 0, 0, 0.75], "texture": "#missing"},
				"south": {"uv": [3.25, 7.5, 0.25, 8.25], "texture": "#0"},
				"west": {"uv": [0, 0, 0, 0.75], "texture": "#missing"},
				"up": {"uv": [0, 0, 3, 0], "texture": "#missing"},
				"down": {"uv": [0, 0, 3, 0], "texture": "#missing"}
			}
		},
		{
			"from": [-6.75, 6.5, 5.9],
			"to": [5.25, 6.5, 8.9],
			"rotation": {"angle": 0, "axis": "z", "origin": [-0.75, 6.625, 7.4]},
			"faces": {
				"north": {"uv": [0, 0, 3, 0], "rotation": 180, "texture": "#missing"},
				"east": {"uv": [0, 0, 0, 0.75], "rotation": 270, "texture": "#missing"},
				"south": {"uv": [0, 0, 3, 0], "texture": "#missing"},
				"west": {"uv": [0, 0, 0, 0.75], "rotation": 90, "texture": "#missing"},
				"up": {"uv": [0.25, 7.5, 3.25, 8.25], "rotation": 180, "texture": "#0"},
				"down": {"uv": [3.25, 7.5, 0.25, 8.25], "texture": "#0"}
			}
		},
		{
			"from": [10.5372, 8.87868, 7.246],
			"to": [11.2952, 10.13668, 8.754],
			"shade": false,
			"rotation": {"angle": -22.5, "axis": "z", "origin": [10.61732, 8.5, 8]},
			"faces": {
				"north": {"uv": [6.25, 1.75, 6.625, 2], "rotation": 90, "texture": "#0"},
				"east": {"uv": [6.375, 3, 6, 3.375], "rotation": 270, "texture": "#0"},
				"south": {"uv": [6.25, 5, 6.625, 5.25], "rotation": 270, "texture": "#0"},
				"west": {"uv": [6.375, 2.875, 6, 2.5], "rotation": 270, "texture": "#0"},
				"up": {"uv": [6.25, 2, 6.625, 2.25], "rotation": 270, "texture": "#0"},
				"down": {"uv": [6.25, 5.25, 6.625, 5.5], "rotation": 270, "texture": "#0"}
			}
		},
		{
			"from": [10.82809, 7.56842, 7.244],
			"to": [11.59009, 8.83042, 8.756],
			"shade": false,
			"rotation": {"angle": 22.5, "axis": "z", "origin": [10.61732, 8.5, 8]},
			"faces": {
				"north": {"uv": [5.5, 5, 5.75, 5.25], "rotation": 90, "texture": "#0"},
				"east": {"uv": [5.25, 6.25, 5, 6.625], "rotation": 270, "texture": "#0"},
				"south": {"uv": [6, 0.75, 6.25, 1], "rotation": 270, "texture": "#0"},
				"west": {"uv": [1.75, 6.625, 1.5, 6.25], "rotation": 270, "texture": "#0"},
				"up": {"uv": [6.25, 5.5, 6.625, 5.75], "rotation": 270, "texture": "#0"},
				"down": {"uv": [6.25, 5.75, 6.625, 6], "rotation": 270, "texture": "#0"}
			}
		},
		{
			"from": [10.6071, 9.03329, 7.242],
			"to": [11.8481, 10.27429, 8.758],
			"shade": false,
			"rotation": {"angle": -45, "axis": "z", "origin": [10.61732, 8.5, 8]},
			"faces": {
				"north": {"uv": [6.5, 4.75, 6.75, 5], "rotation": 90, "texture": "#0"},
				"east": {"uv": [6.75, 0.75, 6.5, 1.125], "rotation": 270, "texture": "#0"},
				"south": {"uv": [5.25, 6.5, 5.5, 6.75], "rotation": 270, "texture": "#0"},
				"west": {"uv": [6.75, 0.375, 6.5, 0], "rotation": 270, "texture": "#0"},
				"up": {"uv": [6.25, 6, 6.625, 6.25], "rotation": 270, "texture": "#0"},
				"down": {"uv": [6.25, 6.25, 6.625, 6.5], "rotation": 270, "texture": "#0"}
			}
		},
		{
			"from": [10.68832, 9.11451, 6.975],
			"to": [11.41332, 9.83951, 9.025],
			"shade": false,
			"rotation": {"angle": -45, "axis": "z", "origin": [10.61732, 8.5, 8]},
			"faces": {
				"north": {"uv": [0, 15.75, 0.25, 16], "rotation": 90, "texture": "#0"},
				"east": {"uv": [0.25, 15.875, 0, 16], "rotation": 270, "texture": "#0"},
				"south": {"uv": [0.25, 15.75, 0, 16], "rotation": 270, "texture": "#0"},
				"west": {"uv": [0.25, 15.75, 0, 15.875], "rotation": 270, "texture": "#0"},
				"up": {"uv": [0, 15.75, 0.125, 16], "rotation": 270, "texture": "#0"},
				"down": {"uv": [0.125, 15.75, 0.25, 16], "rotation": 270, "texture": "#0"}
			}
		},
		{
			"from": [8.5372, 3.87868, 7.246],
			"to": [9.2952, 5.13668, 8.754],
			"shade": false,
			"rotation": {"angle": -22.5, "axis": "z", "origin": [8.61732, 3.5, 8]},
			"faces": {
				"north": {"uv": [6.25, 1.75, 6.625, 2], "rotation": 90, "texture": "#0"},
				"east": {"uv": [6.375, 3, 6, 3.375], "rotation": 270, "texture": "#0"},
				"south": {"uv": [6.25, 5, 6.625, 5.25], "rotation": 270, "texture": "#0"},
				"west": {"uv": [6.375, 2.875, 6, 2.5], "rotation": 270, "texture": "#0"},
				"up": {"uv": [6.25, 2, 6.625, 2.25], "rotation": 270, "texture": "#0"},
				"down": {"uv": [6.25, 5.25, 6.625, 5.5], "rotation": 270, "texture": "#0"}
			}
		},
		{
			"from": [8.82809, 2.56842, 7.244],
			"to": [9.59009, 3.83042, 8.756],
			"shade": false,
			"rotation": {"angle": 22.5, "axis": "z", "origin": [8.61732, 3.5, 8]},
			"faces": {
				"north": {"uv": [5.5, 5, 5.75, 5.25], "rotation": 90, "texture": "#0"},
				"east": {"uv": [5.25, 6.25, 5, 6.625], "rotation": 270, "texture": "#0"},
				"south": {"uv": [6, 0.75, 6.25, 1], "rotation": 270, "texture": "#0"},
				"west": {"uv": [1.75, 6.625, 1.5, 6.25], "rotation": 270, "texture": "#0"},
				"up": {"uv": [6.25, 5.5, 6.625, 5.75], "rotation": 270, "texture": "#0"},
				"down": {"uv": [6.25, 5.75, 6.625, 6], "rotation": 270, "texture": "#0"}
			}
		},
		{
			"from": [9.1506, 2.26922, 7.242],
			"to": [10.3916, 3.51022, 8.758],
			"shade": false,
			"rotation": {"angle": 45, "axis": "z", "origin": [8.61732, 3.5, 8]},
			"faces": {
				"north": {"uv": [6.5, 4.75, 6.75, 5], "texture": "#0"},
				"east": {"uv": [6.25, 6, 6.625, 6.25], "texture": "#0"},
				"south": {"uv": [5.25, 6.5, 5.5, 6.75], "texture": "#0"},
				"west": {"uv": [6.25, 6.25, 6.625, 6.5], "texture": "#0"},
				"up": {"uv": [6.75, 0.375, 6.5, 0], "texture": "#0"},
				"down": {"uv": [6.75, 0.75, 6.5, 1.125], "texture": "#0"}
			}
		},
		{
			"from": [9.23183, 2.70399, 6.975],
			"to": [9.95683, 3.42899, 9.025],
			"shade": false,
			"rotation": {"angle": 45, "axis": "z", "origin": [8.61732, 3.5, 8]},
			"faces": {
				"north": {"uv": [0, 15.75, 0.25, 16], "texture": "#0"},
				"east": {"uv": [0, 15.75, 0.125, 16], "texture": "#0"},
				"south": {"uv": [0.25, 15.75, 0, 16], "texture": "#0"},
				"west": {"uv": [0.125, 15.75, 0.25, 16], "texture": "#0"},
				"up": {"uv": [0.25, 15.75, 0, 15.875], "texture": "#0"},
				"down": {"uv": [0.25, 15.875, 0, 16], "texture": "#0"}
			}
		},
		{
			"from": [8.5, 4, 7.5],
			"to": [9.5, 8, 8.5],
			"shade": false,
			"rotation": {"angle": 0, "axis": "y", "origin": [10, 5, 7]},
			"faces": {
				"north": {"uv": [4.25, 1.25, 4.5, 2.25], "texture": "#0"},
				"east": {"uv": [4.5, 1.25, 4.25, 2.25], "texture": "#0"},
				"south": {"uv": [4.25, 1.25, 4.5, 2.25], "texture": "#0"},
				"west": {"uv": [4.5, 1.25, 4.25, 2.25], "texture": "#0"}
			}
		},
		{
			"from": [2.25, -2, 8],
			"to": [4.25, 12.15, 8],
			"shade": false,
			"rotation": {"angle": 45, "axis": "z", "origin": [2.75, -2, 7]},
			"faces": {
				"north": {"uv": [7.5, 0, 8, 2.5], "texture": "#0"},
				"east": {"uv": [4.5, 1.25, 4.25, 2.25], "texture": "#0"},
				"south": {"uv": [8, 0, 7.5, 2.5], "texture": "#0"},
				"west": {"uv": [4.5, 1.25, 4.25, 2.25], "texture": "#0"}
			}
		},
		{
			"from": [2.25, -2, 8.1],
			"to": [4.25, 12, 8.1],
			"shade": false,
			"rotation": {"angle": 45, "axis": "z", "origin": [2.75, -2, 7]},
			"faces": {
				"north": {"uv": [2, 8.5, 3, 13.5], "texture": "#1"},
				"east": {"uv": [4.5, 1.25, 4.25, 2.25], "texture": "#0"},
				"south": {"uv": [3, 8.5, 2, 13.5], "texture": "#1"},
				"west": {"uv": [4.5, 1.25, 4.25, 2.25], "texture": "#0"}
			}
		},
		{
			"from": [2.25, 4.1, 8],
			"to": [4.25, 18, 8],
			"shade": false,
			"rotation": {"angle": -45, "axis": "z", "origin": [2.75, 18, 7]},
			"faces": {
				"north": {"uv": [7.5, 2.5, 8, 0], "texture": "#0"},
				"east": {"uv": [4.5, 2.25, 4.25, 1.25], "texture": "#0"},
				"south": {"uv": [8, 2.5, 7.5, 0], "texture": "#0"},
				"west": {"uv": [4.5, 2.25, 4.25, 1.25], "texture": "#0"}
			}
		},
		{
			"from": [2.25, 3, 8.1],
			"to": [4.25, 18, 8.1],
			"shade": false,
			"rotation": {"angle": -45, "axis": "z", "origin": [2.75, 18, 7]},
			"faces": {
				"north": {"uv": [2.75, 6.5, 3.75, 11.5], "texture": "#1"},
				"east": {"uv": [4.5, 2.25, 4.25, 1.25], "texture": "#0"},
				"south": {"uv": [3.75, 6.5, 2.75, 11.5], "texture": "#1"},
				"west": {"uv": [4.5, 2.25, 4.25, 1.25], "texture": "#0"}
			}
		},
		{
			"from": [8.042, 7.442, 6.992],
			"to": [11.008, 10.458, 9.008],
			"shade": false,
			"rotation": {"angle": 0, "axis": "z", "origin": [9.5, 8.95, 8]},
			"faces": {
				"north": {"uv": [2, 1.5, 2.75, 2.25], "rotation": 270, "texture": "#0"},
				"east": {"uv": [5.25, 1.75, 4.5, 1.25], "rotation": 90, "texture": "#0"},
				"south": {"uv": [2, 2.25, 2.75, 3], "rotation": 90, "texture": "#0"},
				"west": {"uv": [5.25, 1.75, 4.5, 2.25], "rotation": 90, "texture": "#0"},
				"up": {"uv": [4, 4.25, 4.5, 5], "rotation": 90, "texture": "#0"},
				"down": {"uv": [3.5, 4.25, 4, 5], "rotation": 90, "texture": "#0"}
			}
		},
		{
			"from": [10.88386, 8.13936, 6.996],
			"to": [11.46686, 9.76236, 9.004],
			"shade": false,
			"rotation": {"angle": -22.5, "axis": "z", "origin": [9.5, 8.95, 8]},
			"faces": {
				"north": {"uv": [1.25, 7, 1.625, 7.125], "rotation": 270, "texture": "#0"},
				"east": {"uv": [3.875, 6, 3.5, 5.5], "rotation": 90, "texture": "#0"},
				"south": {"uv": [7, 2, 7.375, 2.125], "rotation": 90, "texture": "#0"},
				"west": {"uv": [5.875, 3.5, 5.5, 4], "rotation": 90, "texture": "#0"},
				"up": {"uv": [6.75, 4.25, 7.25, 4.375], "rotation": 90, "texture": "#0"},
				"down": {"uv": [6.75, 4, 7.25, 4.125], "rotation": 90, "texture": "#0"}
			}
		},
		{
			"from": [10.88786, 8.14164, 7],
			"to": [11.46286, 9.75664, 9],
			"shade": false,
			"rotation": {"angle": 22.5, "axis": "z", "origin": [9.5, 8.95, 8]},
			"faces": {
				"north": {"uv": [7, 2.25, 7.375, 2.375], "rotation": 270, "texture": "#0"},
				"east": {"uv": [4.375, 6, 4, 5.5], "rotation": 90, "texture": "#0"},
				"south": {"uv": [2.75, 7, 3.125, 7.125], "rotation": 90, "texture": "#0"},
				"west": {"uv": [5.875, 4, 5.5, 4.5], "rotation": 90, "texture": "#0"},
				"up": {"uv": [6.75, 4.75, 7.25, 4.875], "rotation": 90, "texture": "#0"},
				"down": {"uv": [6.75, 4.5, 7.25, 4.625], "rotation": 90, "texture": "#0"}
			}
		},
		{
			"from": [8.492, 7.942, 6.492],
			"to": [10.508, 9.958, 9.508],
			"shade": false,
			"rotation": {"angle": -45, "axis": "z", "origin": [9.5, 8.95, 8]},
			"faces": {
				"north": {"uv": [5, 2.75, 5.5, 3.25], "texture": "#0"},
				"east": {"uv": [4.5, 3.75, 5.25, 4.25], "texture": "#0"},
				"south": {"uv": [5, 3.25, 5.5, 3.75], "texture": "#0"},
				"west": {"uv": [4.5, 4.25, 5.25, 4.75], "texture": "#0"},
				"up": {"uv": [0.75, 5.5, 0.25, 4.75], "texture": "#0"},
				"down": {"uv": [1.25, 4.75, 0.75, 5.5], "texture": "#0"}
			}
		},
		{
			"from": [6.6591, 9.17976, 7.5],
			"to": [7.5241, 11.25476, 8.5],
			"shade": false,
			"rotation": {"angle": -22.5, "axis": "z", "origin": [7.6591, 10.05476, 8]},
			"faces": {
				"north": {"uv": [6, 5, 6.25, 5.5], "texture": "#0"},
				"east": {"uv": [5.25, 6, 5.5, 6.5], "texture": "#0"},
				"south": {"uv": [5.5, 6, 5.75, 6.5], "texture": "#0"},
				"west": {"uv": [6, 5.5, 6.25, 6], "texture": "#0"},
				"up": {"uv": [0.5, 7, 0.25, 6.75], "texture": "#0"},
				"down": {"uv": [0.75, 6.75, 0.5, 7], "texture": "#0"}
			}
		},
		{
			"from": [6.82598, 8.4047, 7.494],
			"to": [9.33798, 10.6667, 8.506],
			"shade": false,
			"rotation": {"angle": -45, "axis": "z", "origin": [8.08198, 9.5357, 8]},
			"faces": {
				"north": {"uv": [4.25, 0.5, 4.875, 1.125], "texture": "#0"},
				"east": {"uv": [5.75, 5, 6, 5.625], "texture": "#0"},
				"south": {"uv": [1.25, 4.25, 1.875, 4.875], "texture": "#0"},
				"west": {"uv": [5.75, 5.75, 6, 6.375], "texture": "#0"},
				"up": {"uv": [6.375, 2.5, 5.75, 2.25], "texture": "#0"},
				"down": {"uv": [6.625, 0.5, 6, 0.75], "texture": "#0"}
			}
		},
		{
			"from": [9.85866, 10.36617, 7.242],
			"to": [10.92466, 12.08217, 8.758],
			"shade": false,
			"rotation": {"angle": 45, "axis": "z", "origin": [10.89323, 10.47521, 8]},
			"faces": {
				"north": {"uv": [4.25, 6.5, 4.5, 6.875], "texture": "#0"},
				"east": {"uv": [4.5, 6, 4.875, 6.375], "texture": "#0"},
				"south": {"uv": [6.5, 4.25, 6.75, 4.625], "texture": "#0"},
				"west": {"uv": [6, 4.5, 6.375, 4.875], "texture": "#0"},
				"up": {"uv": [4.75, 6.875, 4.5, 6.5], "texture": "#0"},
				"down": {"uv": [5, 6.5, 4.75, 6.875], "texture": "#0"}
			}
		},
		{
			"from": [9.57795, 10.34151, 7.5],
			"to": [10.62795, 14.29151, 8.5],
			"shade": false,
			"rotation": {"angle": 45, "axis": "z", "origin": [10.89323, 10.47521, 8]},
			"faces": {
				"north": {"uv": [1.75, 5, 2, 6], "texture": "#0"},
				"east": {"uv": [5.25, 1.25, 5.5, 2.25], "texture": "#0"},
				"south": {"uv": [5.25, 3.75, 5.5, 4.75], "texture": "#0"},
				"west": {"uv": [5, 5.25, 5.25, 6.25], "texture": "#0"},
				"up": {"uv": [7, 3.25, 6.75, 3], "texture": "#0"},
				"down": {"uv": [7, 3.25, 6.75, 3.5], "texture": "#0"}
			}
		},
		{
			"from": [9.32691, 11.5536, 7.244],
			"to": [10.38891, 13.2656, 8.756],
			"shade": false,
			"rotation": {"angle": 22.5, "axis": "z", "origin": [10.89323, 10.47521, 8]},
			"faces": {
				"north": {"uv": [6.5, 2.75, 6.75, 3.125], "texture": "#0"},
				"east": {"uv": [4, 6, 4.375, 6.375], "texture": "#0"},
				"south": {"uv": [3, 6.5, 3.25, 6.875], "texture": "#0"},
				"west": {"uv": [6, 4, 6.375, 4.375], "texture": "#0"},
				"up": {"uv": [3.5, 6.875, 3.25, 6.5], "texture": "#0"},
				"down": {"uv": [6.75, 3.25, 6.5, 3.625], "texture": "#0"}
			}
		},
		{
			"from": [6.35952, 11.02922, 7.246],
			"to": [8.56752, 12.08722, 8.754],
			"shade": false,
			"rotation": {"angle": -22.5, "axis": "z", "origin": [10.89323, 10.47521, 8]},
			"faces": {
				"north": {"uv": [0.25, 6.25, 0.5, 6.75], "rotation": 90, "texture": "#0"},
				"east": {"uv": [3, 6.5, 2.75, 6.875], "rotation": 270, "texture": "#0"},
				"south": {"uv": [0.5, 6.25, 0.75, 6.75], "rotation": 270, "texture": "#0"},
				"west": {"uv": [6.75, 2.625, 6.5, 2.25], "rotation": 270, "texture": "#0"},
				"up": {"uv": [5.5, 0.5, 5.875, 1], "rotation": 270, "texture": "#0"},
				"down": {"uv": [0.75, 5.5, 1.125, 6], "rotation": 270, "texture": "#0"}
			}
		},
		{
			"from": [8.08527, 14.07324, 7.25],
			"to": [8.82727, 14.81524, 8.75],
			"shade": false,
			"rotation": {"angle": 22.5, "axis": "z", "origin": [10.89323, 10.47521, 8]},
			"faces": {
				"north": {"uv": [7, 7, 7.125, 7.125], "texture": "#0"},
				"east": {"uv": [0.25, 7, 0.625, 7.125], "texture": "#0"},
				"south": {"uv": [7.25, 0, 7.375, 0.125], "texture": "#0"},
				"west": {"uv": [7, 0.5, 7.375, 0.625], "texture": "#0"},
				"up": {"uv": [0.875, 7.375, 0.75, 7], "texture": "#0"},
				"down": {"uv": [7.125, 0.75, 7, 1.125], "texture": "#0"}
			}
		},
		{
			"from": [9.32491, 13.2516, 7.342],
			"to": [10.39091, 15.7676, 8.658],
			"shade": false,
			"rotation": {"angle": 22.5, "axis": "z", "origin": [10.89323, 10.47521, 8]},
			"faces": {
				"north": {"uv": [6, 1.5, 6.25, 2.125], "texture": "#0"},
				"east": {"uv": [5.25, 5.25, 5.625, 5.875], "texture": "#0"},
				"south": {"uv": [1.75, 6, 2, 6.625], "texture": "#0"},
				"west": {"uv": [0.25, 5.5, 0.625, 6.125], "texture": "#0"},
				"up": {"uv": [3.75, 6.875, 3.5, 6.5], "texture": "#0"},
				"down": {"uv": [4, 6.5, 3.75, 6.875], "texture": "#0"}
			}
		},
		{
			"from": [11.388, 15.54664, 7.344],
			"to": [12.45, 17.75864, 8.656],
			"shade": false,
			"rotation": {"angle": 45, "axis": "z", "origin": [10.89323, 10.47521, 8]},
			"faces": {
				"north": {"uv": [6.25, 0.75, 6.5, 1.25], "texture": "#0"},
				"east": {"uv": [5.5, 2.5, 5.875, 3], "texture": "#0"},
				"south": {"uv": [1.25, 6.25, 1.5, 6.75], "texture": "#0"},
				"west": {"uv": [5.5, 3, 5.875, 3.5], "texture": "#0"},
				"up": {"uv": [6.75, 4.125, 6.5, 3.75], "texture": "#0"},
				"down": {"uv": [4.25, 6.5, 4, 6.875], "texture": "#0"}
			}
		},
		{
			"from": [10.63329, 13.23894, 7.496],
			"to": [11.49129, 16.24694, 8.504],
			"shade": false,
			"rotation": {"angle": 45, "axis": "z", "origin": [10.89323, 10.47521, 8]},
			"faces": {
				"north": {"uv": [5.5, 1, 5.75, 1.75], "texture": "#0"},
				"east": {"uv": [1.25, 5.5, 1.5, 6.25], "texture": "#0"},
				"south": {"uv": [1.5, 5.5, 1.75, 6.25], "texture": "#0"},
				"west": {"uv": [5.5, 1.75, 5.75, 2.5], "texture": "#0"},
				"up": {"uv": [7, 3.75, 6.75, 3.5], "texture": "#0"},
				"down": {"uv": [7, 3.75, 6.75, 4], "texture": "#0"}
			}
		},
		{
			"from": [6.63385, 14.37264, 7.5],
			"to": [7.18385, 14.97264, 8.5],
			"shade": false,
			"rotation": {"angle": 0, "axis": "z", "origin": [10.89323, 10.47521, 8]},
			"faces": {
				"north": {"uv": [6.5, 7, 6.625, 7.125], "texture": "#0"},
				"east": {"uv": [3.75, 7, 4, 7.125], "texture": "#0"},
				"south": {"uv": [6.75, 7, 6.875, 7.125], "texture": "#0"},
				"west": {"uv": [7, 3.75, 7.25, 3.875], "texture": "#0"},
				"up": {"uv": [4.125, 7.25, 4, 7], "texture": "#0"},
				"down": {"uv": [4.375, 7, 4.25, 7.25], "texture": "#0"}
			}
		},
		{
			"from": [6.10187, 15.9757, 7.35],
			"to": [6.84387, 16.7177, 8.65],
			"shade": false,
			"rotation": {"angle": 0, "axis": "z", "origin": [10.89323, 10.47521, 8]},
			"faces": {
				"north": {"uv": [5.75, 7, 5.875, 7.125], "texture": "#0"},
				"east": {"uv": [6.75, 6.5, 7.125, 6.625], "texture": "#0"},
				"south": {"uv": [7, 5.75, 7.125, 5.875], "texture": "#0"},
				"west": {"uv": [6.75, 6.75, 7.125, 6.875], "texture": "#0"},
				"up": {"uv": [6.375, 7.125, 6.25, 6.75], "texture": "#0"},
				"down": {"uv": [7.125, 0, 7, 0.375], "texture": "#0"}
			}
		},
		{
			"from": [7.31367, 3.20388, 7.242],
			"to": [9.02967, 4.26988, 8.758],
			"shade": false,
			"rotation": {"angle": 45, "axis": "z", "origin": [8.94115, 4.54493, 8]},
			"faces": {
				"north": {"uv": [4.25, 6.875, 4.5, 6.5], "rotation": 270, "texture": "#0"},
				"east": {"uv": [5, 6.875, 4.75, 6.5], "rotation": 90, "texture": "#0"},
				"south": {"uv": [6.5, 4.625, 6.75, 4.25], "rotation": 90, "texture": "#0"},
				"west": {"uv": [4.75, 6.5, 4.5, 6.875], "rotation": 90, "texture": "#0"},
				"up": {"uv": [6, 4.875, 6.375, 4.5], "rotation": 90, "texture": "#0"},
				"down": {"uv": [4.5, 6.375, 4.875, 6], "rotation": 90, "texture": "#0"}
			}
		},
		{
			"from": [5.10432, 3.50059, 7.475],
			"to": [9.05432, 4.55059, 8.525],
			"shade": false,
			"rotation": {"angle": 45, "axis": "z", "origin": [8.94115, 4.54493, 8]},
			"faces": {
				"north": {"uv": [1.75, 6, 2, 5], "rotation": 270, "texture": "#0"},
				"east": {"uv": [7, 3.5, 6.75, 3.25], "rotation": 90, "texture": "#0"},
				"south": {"uv": [5.25, 4.75, 5.5, 3.75], "rotation": 90, "texture": "#0"},
				"west": {"uv": [7, 3, 6.75, 3.25], "rotation": 90, "texture": "#0"},
				"up": {"uv": [5, 6.25, 5.25, 5.25], "rotation": 90, "texture": "#0"},
				"down": {"uv": [5.25, 2.25, 5.5, 1.25], "rotation": 90, "texture": "#0"}
			}
		},
		{
			"from": [8.57691, 1.2344, 7.244],
			"to": [9.63891, 2.9464, 8.756],
			"shade": false,
			"rotation": {"angle": -22.5, "axis": "z", "origin": [8.94115, 4.54493, 8]},
			"faces": {
				"north": {"uv": [6.5, 3.125, 6.75, 2.75], "texture": "#0"},
				"east": {"uv": [4, 6.375, 4.375, 6], "texture": "#0"},
				"south": {"uv": [3, 6.875, 3.25, 6.5], "texture": "#0"},
				"west": {"uv": [6, 4.375, 6.375, 4], "texture": "#0"},
				"up": {"uv": [6.75, 3.625, 6.5, 3.25], "texture": "#0"},
				"down": {"uv": [3.5, 6.5, 3.25, 6.875], "texture": "#0"}
			}
		},
		{
			"from": [4.88964, 1.71513, 7.246],
			"to": [7.09764, 2.77313, 8.754],
			"shade": false,
			"rotation": {"angle": 22.5, "axis": "z", "origin": [8.94115, 4.54493, 8]},
			"faces": {
				"north": {"uv": [0.25, 6.75, 0.5, 6.25], "rotation": 270, "texture": "#0"},
				"east": {"uv": [3, 6.875, 2.75, 6.5], "rotation": 90, "texture": "#0"},
				"south": {"uv": [0.5, 6.75, 0.75, 6.25], "rotation": 90, "texture": "#0"},
				"west": {"uv": [6.75, 2.25, 6.5, 2.625], "rotation": 90, "texture": "#0"},
				"up": {"uv": [0.75, 6, 1.125, 5.5], "rotation": 90, "texture": "#0"},
				"down": {"uv": [5.5, 1, 5.875, 0.5], "rotation": 90, "texture": "#0"}
			}
		},
		{
			"from": [7.33527, -0.31524, 7.25],
			"to": [8.07727, 0.42676, 8.75],
			"shade": false,
			"rotation": {"angle": -22.5, "axis": "z", "origin": [8.94115, 4.54493, 8]},
			"faces": {
				"north": {"uv": [7, 7.125, 7.125, 7], "texture": "#0"},
				"east": {"uv": [0.25, 7.125, 0.625, 7], "texture": "#0"},
				"south": {"uv": [7.25, 0.125, 7.375, 0], "texture": "#0"},
				"west": {"uv": [7, 0.625, 7.375, 0.5], "texture": "#0"},
				"up": {"uv": [7.125, 1.125, 7, 0.75], "texture": "#0"},
				"down": {"uv": [0.875, 7, 0.75, 7.375], "texture": "#0"}
			}
		},
		{
			"from": [8.57491, -1.2676, 7.342],
			"to": [9.64091, 1.2484, 8.658],
			"shade": false,
			"rotation": {"angle": -22.5, "axis": "z", "origin": [8.94115, 4.54493, 8]},
			"faces": {
				"north": {"uv": [6, 2.125, 6.25, 1.5], "texture": "#0"},
				"east": {"uv": [5.25, 5.875, 5.625, 5.25], "texture": "#0"},
				"south": {"uv": [1.75, 6.625, 2, 6], "texture": "#0"},
				"west": {"uv": [0.25, 6.125, 0.625, 5.5], "texture": "#0"},
				"up": {"uv": [4, 6.875, 3.75, 6.5], "texture": "#0"},
				"down": {"uv": [3.75, 6.5, 3.5, 6.875], "texture": "#0"}
			}
		},
		{
			"from": [1.63719, 1.67853, 7.344],
			"to": [3.84919, 2.74053, 8.656],
			"shade": false,
			"rotation": {"angle": 45, "axis": "z", "origin": [8.94115, 4.54493, 8]},
			"faces": {
				"north": {"uv": [6.25, 1.25, 6.5, 0.75], "rotation": 270, "texture": "#0"},
				"east": {"uv": [4.25, 6.875, 4, 6.5], "rotation": 90, "texture": "#0"},
				"south": {"uv": [1.25, 6.75, 1.5, 6.25], "rotation": 90, "texture": "#0"},
				"west": {"uv": [6.75, 3.75, 6.5, 4.125], "rotation": 90, "texture": "#0"},
				"up": {"uv": [5.5, 3.5, 5.875, 3], "rotation": 90, "texture": "#0"},
				"down": {"uv": [5.5, 3, 5.875, 2.5], "rotation": 90, "texture": "#0"}
			}
		},
		{
			"from": [3.14889, 2.63724, 7.496],
			"to": [6.15689, 3.49524, 8.504],
			"shade": false,
			"rotation": {"angle": 45, "axis": "z", "origin": [8.94115, 4.54493, 8]},
			"faces": {
				"north": {"uv": [5.5, 1.75, 5.75, 1], "rotation": 270, "texture": "#0"},
				"east": {"uv": [7, 4, 6.75, 3.75], "rotation": 90, "texture": "#0"},
				"south": {"uv": [1.5, 6.25, 1.75, 5.5], "rotation": 90, "texture": "#0"},
				"west": {"uv": [7, 3.5, 6.75, 3.75], "rotation": 90, "texture": "#0"},
				"up": {"uv": [5.5, 2.5, 5.75, 1.75], "rotation": 90, "texture": "#0"},
				"down": {"uv": [1.25, 6.25, 1.5, 5.5], "rotation": 90, "texture": "#0"}
			}
		},
		{
			"from": [5.5933, -0.89306, 7.5],
			"to": [6.1433, -0.29306, 8.5],
			"shade": false,
			"rotation": {"angle": 0, "axis": "z", "origin": [8.94115, 4.54493, 8]},
			"faces": {
				"north": {"uv": [6.5, 7.125, 6.625, 7], "texture": "#0"},
				"east": {"uv": [3.75, 7.125, 4, 7], "texture": "#0"},
				"south": {"uv": [6.75, 7.125, 6.875, 7], "texture": "#0"},
				"west": {"uv": [7, 3.875, 7.25, 3.75], "texture": "#0"},
				"up": {"uv": [4.375, 7.25, 4.25, 7], "texture": "#0"},
				"down": {"uv": [4.125, 7, 4, 7.25], "texture": "#0"}
			}
		},
		{
			"from": [5.06132, -2.63812, 7.35],
			"to": [5.80332, -1.89612, 8.65],
			"shade": false,
			"rotation": {"angle": 0, "axis": "z", "origin": [8.94115, 4.54493, 8]},
			"faces": {
				"north": {"uv": [5.75, 7.125, 5.875, 7], "texture": "#0"},
				"east": {"uv": [6.75, 6.625, 7.125, 6.5], "texture": "#0"},
				"south": {"uv": [7, 5.875, 7.125, 5.75], "texture": "#0"},
				"west": {"uv": [6.75, 6.875, 7.125, 6.75], "texture": "#0"},
				"up": {"uv": [7.125, 0.375, 7, 0], "texture": "#0"},
				"down": {"uv": [6.375, 6.75, 6.25, 7.125], "texture": "#0"}
			}
		},
		{
			"from": [4, 0, 7.5],
			"to": [7, 1, 8.5],
			"rotation": {"angle": 22.5, "axis": "z", "origin": [7, 1, 7.5]},
			"faces": {
				"north": {"uv": [0, 3.375, 0.75, 3.625], "texture": "#0"},
				"east": {"uv": [0, 3.875, 0.25, 4.125], "texture": "#0"},
				"south": {"uv": [0.75, 3.625, 1.5, 3.875], "texture": "#0"},
				"west": {"uv": [0.25, 3.875, 0.5, 4.125], "texture": "#0"},
				"up": {"uv": [0.75, 3.375, 1.5, 3.625], "texture": "#0"},
				"down": {"uv": [0, 3.625, 0.75, 3.875], "texture": "#0"}
			}
		},
		{
			"from": [1.22836, 1.14805, 7.5],
			"to": [4.22836, 2.14805, 8.5],
			"rotation": {"angle": 45, "axis": "z", "origin": [7, 1, 7.5]},
			"faces": {
				"north": {"uv": [0, 2.875, 0.75, 3.125], "texture": "#0"},
				"east": {"uv": [0.5, 3.875, 0.75, 4.125], "texture": "#0"},
				"south": {"uv": [0.75, 3.125, 1.5, 3.375], "texture": "#0"},
				"west": {"uv": [0.75, 3.875, 1, 4.125], "texture": "#0"},
				"up": {"uv": [0.75, 2.875, 1.5, 3.125], "texture": "#0"},
				"down": {"uv": [0, 3.125, 0.75, 3.375], "texture": "#0"}
			}
		},
		{
			"from": [2.11917, -2.96435, 7.5125],
			"to": [2.81917, -2.26435, 8.4875],
			"rotation": {"angle": 0, "axis": "z", "origin": [7, 1, 7.5]},
			"faces": {
				"north": {"uv": [1.5, 3.5, 1.75, 3.75], "texture": "#0"},
				"east": {"uv": [1.5, 4, 1.75, 4.25], "texture": "#0"},
				"south": {"uv": [1.75, 3.75, 2, 4], "texture": "#0"},
				"west": {"uv": [1.75, 4, 2, 4.25], "texture": "#0"},
				"up": {"uv": [1.75, 3.5, 2, 3.75], "texture": "#0"},
				"down": {"uv": [1.5, 3.75, 1.75, 4], "texture": "#0"}
			}
		},
		{
			"from": [4, 15, 7.5],
			"to": [7, 16, 8.5],
			"rotation": {"angle": -22.5, "axis": "z", "origin": [7, 15, 7.5]},
			"faces": {
				"north": {"uv": [0, 3.625, 0.75, 3.375], "texture": "#0"},
				"east": {"uv": [0, 4.125, 0.25, 3.875], "texture": "#0"},
				"south": {"uv": [0.75, 3.875, 1.5, 3.625], "texture": "#0"},
				"west": {"uv": [0.25, 4.125, 0.5, 3.875], "texture": "#0"},
				"up": {"uv": [0, 3.875, 0.75, 3.625], "texture": "#0"},
				"down": {"uv": [0.75, 3.625, 1.5, 3.375], "texture": "#0"}
			}
		},
		{
			"from": [1.22836, 13.85195, 7.5],
			"to": [4.22836, 14.85195, 8.5],
			"rotation": {"angle": -45, "axis": "z", "origin": [7, 15, 7.5]},
			"faces": {
				"north": {"uv": [0, 3.125, 0.75, 2.875], "texture": "#0"},
				"east": {"uv": [0.5, 4.125, 0.75, 3.875], "texture": "#0"},
				"south": {"uv": [0.75, 3.375, 1.5, 3.125], "texture": "#0"},
				"west": {"uv": [0.75, 4.125, 1, 3.875], "texture": "#0"},
				"up": {"uv": [0, 3.375, 0.75, 3.125], "texture": "#0"},
				"down": {"uv": [0.75, 3.125, 1.5, 2.875], "texture": "#0"}
			}
		},
		{
			"from": [2.11917, 18.26435, 7.5125],
			"to": [2.81917, 18.96435, 8.4875],
			"rotation": {"angle": 0, "axis": "z", "origin": [7, 15, 7.5]},
			"faces": {
				"north": {"uv": [1.5, 3.75, 1.75, 3.5], "texture": "#0"},
				"east": {"uv": [1.5, 4.25, 1.75, 4], "texture": "#0"},
				"south": {"uv": [1.75, 4, 2, 3.75], "texture": "#0"},
				"west": {"uv": [1.75, 4.25, 2, 4], "texture": "#0"},
				"up": {"uv": [1.5, 4, 1.75, 3.75], "texture": "#0"},
				"down": {"uv": [1.75, 3.75, 2, 3.5], "texture": "#0"}
			}
		},
		{
			"name": "ef",
			"from": [5, 9, 8],
			"to": [13.5, 25, 8],
			"shade": false,
			"rotation": {"angle": 45, "axis": "z", "origin": [8.75, 9, 8]},
			"faces": {
				"north": {"uv": [7.5, 6.75, 1.25, 16], "texture": "#1"},
				"east": {"uv": [0, 0, 0, 4.5], "texture": "#missing"},
				"south": {"uv": [7.5, 6.75, 1.25, 16], "texture": "#1"},
				"west": {"uv": [0, 0, 0, 4.5], "texture": "#missing"},
				"up": {"uv": [0, 0, 2.5, 0], "texture": "#missing"},
				"down": {"uv": [0, 0, 2.5, 0], "texture": "#missing"}
			}
		},
		{
			"name": "1",
			"from": [10.85, 7.5, 6.6],
			"to": [11.15, 7.8, 6.9],
			"shade": false,
			"rotation": {"angle": 0, "axis": "y", "origin": [11, 8.7, 6.75]},
			"faces": {
				"north": {"uv": [15.75, 15.75, 16, 16], "texture": "#1"},
				"east": {"uv": [15.75, 15.75, 16, 16], "texture": "#1"},
				"south": {"uv": [15.75, 15.75, 16, 16], "texture": "#1"},
				"west": {"uv": [15.75, 15.75, 16, 16], "texture": "#1"},
				"up": {"uv": [15.75, 15.75, 16, 16], "texture": "#1"},
				"down": {"uv": [15.75, 15.75, 16, 16], "texture": "#1"}
			}
		},
		{
			"name": "2",
			"from": [10.775, 7.88209, 6.23799],
			"to": [11.225, 8.33209, 6.68799],
			"shade": false,
			"rotation": {"angle": -22.5, "axis": "x", "origin": [11, 8.8, 6.75]},
			"faces": {
				"north": {"uv": [15.5, 15.75, 15.75, 16], "texture": "#1"},
				"east": {"uv": [15.5, 15.75, 15.75, 16], "texture": "#1"},
				"south": {"uv": [15.5, 15.75, 15.75, 16], "texture": "#1"},
				"west": {"uv": [15.5, 15.75, 15.75, 16], "texture": "#1"},
				"up": {"uv": [15.5, 15.75, 15.75, 16], "texture": "#1"},
				"down": {"uv": [15.5, 15.75, 15.75, 16], "texture": "#1"}
			}
		},
		{
			"name": "3",
			"from": [10.46716, 8.41716, 6.5],
			"to": [10.96716, 8.91716, 7],
			"shade": false,
			"rotation": {"angle": 45, "axis": "z", "origin": [11, 8.95, 6.75]},
			"faces": {
				"north": {"uv": [15.25, 15.75, 15.5, 16], "texture": "#1"},
				"east": {"uv": [15.25, 15.75, 15.5, 16], "texture": "#1"},
				"south": {"uv": [15.25, 15.75, 15.5, 16], "texture": "#1"},
				"west": {"uv": [15.25, 15.75, 15.5, 16], "texture": "#1"},
				"up": {"uv": [15.25, 15.75, 15.5, 16], "texture": "#1"},
				"down": {"uv": [15.25, 15.75, 15.5, 16], "texture": "#1"}
			}
		},
		{
			"name": "4",
			"from": [10.75, 8.91142, 6.5574],
			"to": [11.25, 9.41142, 7.0574],
			"shade": false,
			"rotation": {"angle": 22.5, "axis": "x", "origin": [11, 9.3, 6.75]},
			"faces": {
				"north": {"uv": [15, 15.75, 15.25, 16], "texture": "#1"},
				"east": {"uv": [15, 15.75, 15.25, 16], "texture": "#1"},
				"south": {"uv": [15, 15.75, 15.25, 16], "texture": "#1"},
				"west": {"uv": [15, 15.75, 15.25, 16], "texture": "#1"},
				"up": {"uv": [15, 15.75, 15.25, 16], "texture": "#1"},
				"down": {"uv": [15, 15.75, 15.25, 16], "texture": "#1"}
			}
		},
		{
			"name": "5",
			"from": [10.75, 9.45, 6.5],
			"to": [11.25, 9.95, 7],
			"shade": false,
			"rotation": {"angle": 0, "axis": "y", "origin": [11, 9.65, 6.75]},
			"faces": {
				"north": {"uv": [14.75, 15.75, 15, 16], "texture": "#1"},
				"east": {"uv": [14.75, 15.75, 15, 16], "texture": "#1"},
				"south": {"uv": [14.75, 15.75, 15, 16], "texture": "#1"},
				"west": {"uv": [14.75, 15.75, 15, 16], "texture": "#1"},
				"up": {"uv": [14.75, 15.75, 15, 16], "texture": "#1"},
				"down": {"uv": [14.75, 15.75, 15, 16], "texture": "#1"}
			}
		},
		{
			"name": "6",
			"from": [10.75, 10.02336, 6.36606],
			"to": [11.25, 10.52336, 6.86606],
			"shade": false,
			"rotation": {"angle": 22.5, "axis": "x", "origin": [11, 9.95, 6.75]},
			"faces": {
				"north": {"uv": [14.5, 15.75, 14.75, 16], "texture": "#1"},
				"east": {"uv": [14.5, 15.75, 14.75, 16], "texture": "#1"},
				"south": {"uv": [14.5, 15.75, 14.75, 16], "texture": "#1"},
				"west": {"uv": [14.5, 15.75, 14.75, 16], "texture": "#1"},
				"up": {"uv": [14.5, 15.75, 14.75, 16], "texture": "#1"},
				"down": {"uv": [14.5, 15.75, 14.75, 16], "texture": "#1"}
			}
		},
		{
			"name": "7",
			"from": [11.25962, 10.35962, 6.525],
			"to": [11.65962, 10.75962, 6.975],
			"shade": false,
			"rotation": {"angle": 45, "axis": "z", "origin": [11, 10.1, 6.75]},
			"faces": {
				"north": {"uv": [14.25, 15.75, 14.5, 16], "texture": "#1"},
				"east": {"uv": [14.25, 15.75, 14.5, 16], "texture": "#1"},
				"south": {"uv": [14.25, 15.75, 14.5, 16], "texture": "#1"},
				"west": {"uv": [14.25, 15.75, 14.5, 16], "texture": "#1"},
				"up": {"uv": [14.25, 15.75, 14.5, 16], "texture": "#1"},
				"down": {"uv": [14.25, 15.75, 14.5, 16], "texture": "#1"}
			}
		},
		{
			"name": "8",
			"from": [10.75, 10.84507, 6.09818],
			"to": [11.25, 11.34507, 6.59818],
			"shade": false,
			"rotation": {"angle": 22.5, "axis": "x", "origin": [11, 10.125, 6.75]},
			"faces": {
				"north": {"uv": [14, 15.75, 14.25, 16], "texture": "#1"},
				"east": {"uv": [14, 15.75, 14.25, 16], "texture": "#1"},
				"south": {"uv": [14, 15.75, 14.25, 16], "texture": "#1"},
				"west": {"uv": [14, 15.75, 14.25, 16], "texture": "#1"},
				"up": {"uv": [14, 15.75, 14.25, 16], "texture": "#1"},
				"down": {"uv": [14, 15.75, 14.25, 16], "texture": "#1"}
			}
		},
		{
			"name": "9",
			"from": [10.75, 11.25, 6.5],
			"to": [11.25, 11.75, 7],
			"shade": false,
			"rotation": {"angle": -22.5, "axis": "y", "origin": [11, 11.5, 6.75]},
			"faces": {
				"north": {"uv": [13.75, 15.75, 14, 16], "texture": "#1"},
				"east": {"uv": [13.75, 15.75, 14, 16], "texture": "#1"},
				"south": {"uv": [13.75, 15.75, 14, 16], "texture": "#1"},
				"west": {"uv": [13.75, 15.75, 14, 16], "texture": "#1"},
				"up": {"uv": [13.75, 15.75, 14, 16], "texture": "#1"},
				"down": {"uv": [13.75, 15.75, 14, 16], "texture": "#1"}
			}
		},
		{
			"name": "10",
			"from": [10.75, 11.7, 6.5],
			"to": [11.25, 12.2, 7],
			"shade": false,
			"rotation": {"angle": 45, "axis": "z", "origin": [11, 11.95, 6.75]},
			"faces": {
				"north": {"uv": [13.5, 15.75, 13.75, 16], "texture": "#1"},
				"east": {"uv": [13.5, 15.75, 13.75, 16], "texture": "#1"},
				"south": {"uv": [13.5, 15.75, 13.75, 16], "texture": "#1"},
				"west": {"uv": [13.5, 15.75, 13.75, 16], "texture": "#1"},
				"up": {"uv": [13.5, 15.75, 13.75, 16], "texture": "#1"},
				"down": {"uv": [13.5, 15.75, 13.75, 16], "texture": "#1"}
			}
		},
		{
			"name": "11",
			"from": [10.75, 12.1, 6.5],
			"to": [11.25, 12.6, 7],
			"shade": false,
			"rotation": {"angle": 22.5, "axis": "z", "origin": [11, 12.35, 6.75]},
			"faces": {
				"north": {"uv": [13.25, 15.75, 13.5, 16], "texture": "#1"},
				"east": {"uv": [13.25, 15.75, 13.5, 16], "texture": "#1"},
				"south": {"uv": [13.25, 15.75, 13.5, 16], "texture": "#1"},
				"west": {"uv": [13.25, 15.75, 13.5, 16], "texture": "#1"},
				"up": {"uv": [13.25, 15.75, 13.5, 16], "texture": "#1"},
				"down": {"uv": [13.25, 15.75, 13.5, 16], "texture": "#1"}
			}
		},
		{
			"name": "12",
			"from": [10.8, 12.6, 6.55],
			"to": [11.2, 13, 6.95],
			"shade": false,
			"rotation": {"angle": -45, "axis": "x", "origin": [11, 12.8, 6.75]},
			"faces": {
				"north": {"uv": [13, 15.75, 13.25, 16], "texture": "#1"},
				"east": {"uv": [13, 15.75, 13.25, 16], "texture": "#1"},
				"south": {"uv": [13, 15.75, 13.25, 16], "texture": "#1"},
				"west": {"uv": [13, 15.75, 13.25, 16], "texture": "#1"},
				"up": {"uv": [13, 15.75, 13.25, 16], "texture": "#1"},
				"down": {"uv": [13, 15.75, 13.25, 16], "texture": "#1"}
			}
		},
		{
			"name": "1",
			"from": [4.85, 15.5, 9.1],
			"to": [5.15, 15.8, 9.4],
			"shade": false,
			"rotation": {"angle": 0, "axis": "y", "origin": [5, 16.7, 9.25]},
			"faces": {
				"north": {"uv": [15.75, 15.5, 16, 15.75], "texture": "#1"},
				"east": {"uv": [15.75, 15.5, 16, 15.75], "texture": "#1"},
				"south": {"uv": [15.75, 15.5, 16, 15.75], "texture": "#1"},
				"west": {"uv": [15.75, 15.5, 16, 15.75], "texture": "#1"},
				"up": {"uv": [16, 15.75, 15.75, 15.5], "texture": "#1"},
				"down": {"uv": [16, 15.75, 15.75, 15.5], "texture": "#1"}
			}
		},
		{
			"name": "2",
			"from": [4.775, 15.88209, 9.31201],
			"to": [5.225, 16.33209, 9.76201],
			"shade": false,
			"rotation": {"angle": 22.5, "axis": "x", "origin": [5, 16.8, 9.25]},
			"faces": {
				"north": {"uv": [15.5, 15.5, 15.75, 15.75], "texture": "#1"},
				"east": {"uv": [15.5, 15.5, 15.75, 15.75], "texture": "#1"},
				"south": {"uv": [15.5, 15.5, 15.75, 15.75], "texture": "#1"},
				"west": {"uv": [15.5, 15.5, 15.75, 15.75], "texture": "#1"},
				"up": {"uv": [15.75, 15.75, 15.5, 15.5], "texture": "#1"},
				"down": {"uv": [15.75, 15.75, 15.5, 15.5], "texture": "#1"}
			}
		},
		{
			"name": "3",
			"from": [5.03284, 16.41716, 9],
			"to": [5.53284, 16.91716, 9.5],
			"shade": false,
			"rotation": {"angle": -45, "axis": "z", "origin": [5, 16.95, 9.25]},
			"faces": {
				"north": {"uv": [15.25, 15.5, 15.5, 15.75], "texture": "#1"},
				"east": {"uv": [15.25, 15.5, 15.5, 15.75], "texture": "#1"},
				"south": {"uv": [15.25, 15.5, 15.5, 15.75], "texture": "#1"},
				"west": {"uv": [15.25, 15.5, 15.5, 15.75], "texture": "#1"},
				"up": {"uv": [15.5, 15.75, 15.25, 15.5], "texture": "#1"},
				"down": {"uv": [15.5, 15.75, 15.25, 15.5], "texture": "#1"}
			}
		},
		{
			"name": "4",
			"from": [4.75, 16.91142, 8.9426],
			"to": [5.25, 17.41142, 9.4426],
			"shade": false,
			"rotation": {"angle": -22.5, "axis": "x", "origin": [5, 17.3, 9.25]},
			"faces": {
				"north": {"uv": [15, 15.5, 15.25, 15.75], "texture": "#1"},
				"east": {"uv": [15, 15.5, 15.25, 15.75], "texture": "#1"},
				"south": {"uv": [15, 15.5, 15.25, 15.75], "texture": "#1"},
				"west": {"uv": [15, 15.5, 15.25, 15.75], "texture": "#1"},
				"up": {"uv": [15.25, 15.75, 15, 15.5], "texture": "#1"},
				"down": {"uv": [15.25, 15.75, 15, 15.5], "texture": "#1"}
			}
		},
		{
			"name": "5",
			"from": [4.75, 17.45, 9],
			"to": [5.25, 17.95, 9.5],
			"shade": false,
			"rotation": {"angle": 0, "axis": "y", "origin": [5, 17.65, 9.25]},
			"faces": {
				"north": {"uv": [14.75, 15.5, 15, 15.75], "texture": "#1"},
				"east": {"uv": [14.75, 15.5, 15, 15.75], "texture": "#1"},
				"south": {"uv": [14.75, 15.5, 15, 15.75], "texture": "#1"},
				"west": {"uv": [14.75, 15.5, 15, 15.75], "texture": "#1"},
				"up": {"uv": [15, 15.75, 14.75, 15.5], "texture": "#1"},
				"down": {"uv": [15, 15.75, 14.75, 15.5], "texture": "#1"}
			}
		},
		{
			"name": "6",
			"from": [4.75, 18.02336, 9.13394],
			"to": [5.25, 18.52336, 9.63394],
			"shade": false,
			"rotation": {"angle": -22.5, "axis": "x", "origin": [5, 17.95, 9.25]},
			"faces": {
				"north": {"uv": [14.5, 15.5, 14.75, 15.75], "texture": "#1"},
				"east": {"uv": [14.5, 15.5, 14.75, 15.75], "texture": "#1"},
				"south": {"uv": [14.5, 15.5, 14.75, 15.75], "texture": "#1"},
				"west": {"uv": [14.5, 15.5, 14.75, 15.75], "texture": "#1"},
				"up": {"uv": [14.75, 15.75, 14.5, 15.5], "texture": "#1"},
				"down": {"uv": [14.75, 15.75, 14.5, 15.5], "texture": "#1"}
			}
		},
		{
			"name": "7",
			"from": [4.34038, 18.35962, 9.025],
			"to": [4.74038, 18.75962, 9.475],
			"shade": false,
			"rotation": {"angle": -45, "axis": "z", "origin": [5, 18.1, 9.25]},
			"faces": {
				"north": {"uv": [14.25, 15.5, 14.5, 15.75], "texture": "#1"},
				"east": {"uv": [14.25, 15.5, 14.5, 15.75], "texture": "#1"},
				"south": {"uv": [14.25, 15.5, 14.5, 15.75], "texture": "#1"},
				"west": {"uv": [14.25, 15.5, 14.5, 15.75], "texture": "#1"},
				"up": {"uv": [14.5, 15.75, 14.25, 15.5], "texture": "#1"},
				"down": {"uv": [14.5, 15.75, 14.25, 15.5], "texture": "#1"}
			}
		},
		{
			"name": "8",
			"from": [4.75, 18.84507, 9.40182],
			"to": [5.25, 19.34507, 9.90182],
			"shade": false,
			"rotation": {"angle": -22.5, "axis": "x", "origin": [5, 18.125, 9.25]},
			"faces": {
				"north": {"uv": [14, 15.5, 14.25, 15.75], "texture": "#1"},
				"east": {"uv": [14, 15.5, 14.25, 15.75], "texture": "#1"},
				"south": {"uv": [14, 15.5, 14.25, 15.75], "texture": "#1"},
				"west": {"uv": [14, 15.5, 14.25, 15.75], "texture": "#1"},
				"up": {"uv": [14.25, 15.75, 14, 15.5], "texture": "#1"},
				"down": {"uv": [14.25, 15.75, 14, 15.5], "texture": "#1"}
			}
		},
		{
			"name": "9",
			"from": [4.75, 19.25, 9],
			"to": [5.25, 19.75, 9.5],
			"shade": false,
			"rotation": {"angle": -22.5, "axis": "y", "origin": [5, 19.5, 9.25]},
			"faces": {
				"north": {"uv": [13.75, 15.5, 14, 15.75], "texture": "#1"},
				"east": {"uv": [13.75, 15.5, 14, 15.75], "texture": "#1"},
				"south": {"uv": [13.75, 15.5, 14, 15.75], "texture": "#1"},
				"west": {"uv": [13.75, 15.5, 14, 15.75], "texture": "#1"},
				"up": {"uv": [14, 15.75, 13.75, 15.5], "texture": "#1"},
				"down": {"uv": [14, 15.75, 13.75, 15.5], "texture": "#1"}
			}
		},
		{
			"name": "10",
			"from": [4.75, 19.7, 9],
			"to": [5.25, 20.2, 9.5],
			"shade": false,
			"rotation": {"angle": -45, "axis": "z", "origin": [5, 19.95, 9.25]},
			"faces": {
				"north": {"uv": [13.5, 15.5, 13.75, 15.75], "texture": "#1"},
				"east": {"uv": [13.5, 15.5, 13.75, 15.75], "texture": "#1"},
				"south": {"uv": [13.5, 15.5, 13.75, 15.75], "texture": "#1"},
				"west": {"uv": [13.5, 15.5, 13.75, 15.75], "texture": "#1"},
				"up": {"uv": [13.75, 15.75, 13.5, 15.5], "texture": "#1"},
				"down": {"uv": [13.75, 15.75, 13.5, 15.5], "texture": "#1"}
			}
		},
		{
			"name": "11",
			"from": [4.75, 20.1, 9],
			"to": [5.25, 20.6, 9.5],
			"shade": false,
			"rotation": {"angle": -22.5, "axis": "z", "origin": [5, 20.35, 9.25]},
			"faces": {
				"north": {"uv": [13.25, 15.5, 13.5, 15.75], "texture": "#1"},
				"east": {"uv": [13.25, 15.5, 13.5, 15.75], "texture": "#1"},
				"south": {"uv": [13.25, 15.5, 13.5, 15.75], "texture": "#1"},
				"west": {"uv": [13.25, 15.5, 13.5, 15.75], "texture": "#1"},
				"up": {"uv": [13.5, 15.75, 13.25, 15.5], "texture": "#1"},
				"down": {"uv": [13.5, 15.75, 13.25, 15.5], "texture": "#1"}
			}
		},
		{
			"name": "12",
			"from": [4.8, 20.6, 9.05],
			"to": [5.2, 21, 9.45],
			"shade": false,
			"rotation": {"angle": 45, "axis": "x", "origin": [5, 20.8, 9.25]},
			"faces": {
				"north": {"uv": [13, 15.5, 13.25, 15.75], "texture": "#1"},
				"east": {"uv": [13, 15.5, 13.25, 15.75], "texture": "#1"},
				"south": {"uv": [13, 15.5, 13.25, 15.75], "texture": "#1"},
				"west": {"uv": [13, 15.5, 13.25, 15.75], "texture": "#1"},
				"up": {"uv": [13.25, 15.75, 13, 15.5], "texture": "#1"},
				"down": {"uv": [13.25, 15.75, 13, 15.5], "texture": "#1"}
			}
		},
		{
			"name": "1",
			"from": [9.65, 22.5, 6.6],
			"to": [9.95, 22.8, 6.9],
			"shade": false,
			"rotation": {"angle": 0, "axis": "y", "origin": [9.8, 23.7, 6.75]},
			"faces": {
				"north": {"uv": [15.75, 15.25, 16, 15.5], "texture": "#1"},
				"east": {"uv": [15.75, 15.25, 16, 15.5], "texture": "#1"},
				"south": {"uv": [15.75, 15.25, 16, 15.5], "texture": "#1"},
				"west": {"uv": [15.75, 15.25, 16, 15.5], "texture": "#1"},
				"up": {"uv": [15.75, 15.25, 16, 15.5], "texture": "#1"},
				"down": {"uv": [15.75, 15.25, 16, 15.5], "texture": "#1"}
			}
		},
		{
			"name": "2",
			"from": [9.575, 22.88209, 6.23799],
			"to": [10.025, 23.33209, 6.68799],
			"shade": false,
			"rotation": {"angle": -22.5, "axis": "x", "origin": [9.8, 23.8, 6.75]},
			"faces": {
				"north": {"uv": [15.5, 15.25, 15.75, 15.5], "texture": "#1"},
				"east": {"uv": [15.5, 15.25, 15.75, 15.5], "texture": "#1"},
				"south": {"uv": [15.5, 15.25, 15.75, 15.5], "texture": "#1"},
				"west": {"uv": [15.5, 15.25, 15.75, 15.5], "texture": "#1"},
				"up": {"uv": [15.5, 15.25, 15.75, 15.5], "texture": "#1"},
				"down": {"uv": [15.5, 15.25, 15.75, 15.5], "texture": "#1"}
			}
		},
		{
			"name": "3",
			"from": [9.26716, 23.41716, 6.5],
			"to": [9.76716, 23.91716, 7],
			"shade": false,
			"rotation": {"angle": 45, "axis": "z", "origin": [9.8, 23.95, 6.75]},
			"faces": {
				"north": {"uv": [15.25, 15.25, 15.5, 15.5], "texture": "#1"},
				"east": {"uv": [15.25, 15.25, 15.5, 15.5], "texture": "#1"},
				"south": {"uv": [15.25, 15.25, 15.5, 15.5], "texture": "#1"},
				"west": {"uv": [15.25, 15.25, 15.5, 15.5], "texture": "#1"},
				"up": {"uv": [15.25, 15.25, 15.5, 15.5], "texture": "#1"},
				"down": {"uv": [15.25, 15.25, 15.5, 15.5], "texture": "#1"}
			}
		},
		{
			"name": "4",
			"from": [9.55, 23.91142, 6.5574],
			"to": [10.05, 24.41142, 7.0574],
			"shade": false,
			"rotation": {"angle": 22.5, "axis": "x", "origin": [9.8, 24.3, 6.75]},
			"faces": {
				"north": {"uv": [15, 15.25, 15.25, 15.5], "texture": "#1"},
				"east": {"uv": [15, 15.25, 15.25, 15.5], "texture": "#1"},
				"south": {"uv": [15, 15.25, 15.25, 15.5], "texture": "#1"},
				"west": {"uv": [15, 15.25, 15.25, 15.5], "texture": "#1"},
				"up": {"uv": [15, 15.25, 15.25, 15.5], "texture": "#1"},
				"down": {"uv": [15, 15.25, 15.25, 15.5], "texture": "#1"}
			}
		},
		{
			"name": "5",
			"from": [9.55, 24.45, 6.5],
			"to": [10.05, 24.95, 7],
			"shade": false,
			"rotation": {"angle": 0, "axis": "y", "origin": [9.8, 24.65, 6.75]},
			"faces": {
				"north": {"uv": [14.75, 15.25, 15, 15.5], "texture": "#1"},
				"east": {"uv": [14.75, 15.25, 15, 15.5], "texture": "#1"},
				"south": {"uv": [14.75, 15.25, 15, 15.5], "texture": "#1"},
				"west": {"uv": [14.75, 15.25, 15, 15.5], "texture": "#1"},
				"up": {"uv": [14.75, 15.25, 15, 15.5], "texture": "#1"},
				"down": {"uv": [14.75, 15.25, 15, 15.5], "texture": "#1"}
			}
		},
		{
			"name": "6",
			"from": [9.55, 25.02336, 6.36606],
			"to": [10.05, 25.52336, 6.86606],
			"shade": false,
			"rotation": {"angle": 22.5, "axis": "x", "origin": [9.8, 24.95, 6.75]},
			"faces": {
				"north": {"uv": [14.5, 15.25, 14.75, 15.5], "texture": "#1"},
				"east": {"uv": [14.5, 15.25, 14.75, 15.5], "texture": "#1"},
				"south": {"uv": [14.5, 15.25, 14.75, 15.5], "texture": "#1"},
				"west": {"uv": [14.5, 15.25, 14.75, 15.5], "texture": "#1"},
				"up": {"uv": [14.5, 15.25, 14.75, 15.5], "texture": "#1"},
				"down": {"uv": [14.5, 15.25, 14.75, 15.5], "texture": "#1"}
			}
		},
		{
			"name": "7",
			"from": [10.05962, 25.35962, 6.525],
			"to": [10.45962, 25.75962, 6.975],
			"shade": false,
			"rotation": {"angle": 45, "axis": "z", "origin": [9.8, 25.1, 6.75]},
			"faces": {
				"north": {"uv": [14.25, 15.25, 14.5, 15.5], "texture": "#1"},
				"east": {"uv": [14.25, 15.25, 14.5, 15.5], "texture": "#1"},
				"south": {"uv": [14.25, 15.25, 14.5, 15.5], "texture": "#1"},
				"west": {"uv": [14.25, 15.25, 14.5, 15.5], "texture": "#1"},
				"up": {"uv": [14.25, 15.25, 14.5, 15.5], "texture": "#1"},
				"down": {"uv": [14.25, 15.25, 14.5, 15.5], "texture": "#1"}
			}
		},
		{
			"name": "8",
			"from": [9.55, 25.84507, 6.09818],
			"to": [10.05, 26.34507, 6.59818],
			"shade": false,
			"rotation": {"angle": 22.5, "axis": "x", "origin": [9.8, 25.125, 6.75]},
			"faces": {
				"north": {"uv": [14, 15.25, 14.25, 15.5], "texture": "#1"},
				"east": {"uv": [14, 15.25, 14.25, 15.5], "texture": "#1"},
				"south": {"uv": [14, 15.25, 14.25, 15.5], "texture": "#1"},
				"west": {"uv": [14, 15.25, 14.25, 15.5], "texture": "#1"},
				"up": {"uv": [14, 15.25, 14.25, 15.5], "texture": "#1"},
				"down": {"uv": [14, 15.25, 14.25, 15.5], "texture": "#1"}
			}
		},
		{
			"name": "9",
			"from": [9.55, 26.25, 6.5],
			"to": [10.05, 26.75, 7],
			"shade": false,
			"rotation": {"angle": -22.5, "axis": "y", "origin": [9.8, 26.5, 6.75]},
			"faces": {
				"north": {"uv": [13.75, 15.25, 14, 15.5], "texture": "#1"},
				"east": {"uv": [13.75, 15.25, 14, 15.5], "texture": "#1"},
				"south": {"uv": [13.75, 15.25, 14, 15.5], "texture": "#1"},
				"west": {"uv": [13.75, 15.25, 14, 15.5], "texture": "#1"},
				"up": {"uv": [13.75, 15.25, 14, 15.5], "texture": "#1"},
				"down": {"uv": [13.75, 15.25, 14, 15.5], "texture": "#1"}
			}
		},
		{
			"name": "10",
			"from": [9.55, 26.7, 6.5],
			"to": [10.05, 27.2, 7],
			"shade": false,
			"rotation": {"angle": 45, "axis": "z", "origin": [9.8, 26.95, 6.75]},
			"faces": {
				"north": {"uv": [13.5, 15.25, 13.75, 15.5], "texture": "#1"},
				"east": {"uv": [13.5, 15.25, 13.75, 15.5], "texture": "#1"},
				"south": {"uv": [13.5, 15.25, 13.75, 15.5], "texture": "#1"},
				"west": {"uv": [13.5, 15.25, 13.75, 15.5], "texture": "#1"},
				"up": {"uv": [13.5, 15.25, 13.75, 15.5], "texture": "#1"},
				"down": {"uv": [13.5, 15.25, 13.75, 15.5], "texture": "#1"}
			}
		},
		{
			"name": "11",
			"from": [9.55, 27.1, 6.5],
			"to": [10.05, 27.6, 7],
			"shade": false,
			"rotation": {"angle": 22.5, "axis": "z", "origin": [9.8, 27.35, 6.75]},
			"faces": {
				"north": {"uv": [13.25, 15.25, 13.5, 15.5], "texture": "#1"},
				"east": {"uv": [13.25, 15.25, 13.5, 15.5], "texture": "#1"},
				"south": {"uv": [13.25, 15.25, 13.5, 15.5], "texture": "#1"},
				"west": {"uv": [13.25, 15.25, 13.5, 15.5], "texture": "#1"},
				"up": {"uv": [13.25, 15.25, 13.5, 15.5], "texture": "#1"},
				"down": {"uv": [13.25, 15.25, 13.5, 15.5], "texture": "#1"}
			}
		},
		{
			"name": "12",
			"from": [9.6, 27.6, 6.55],
			"to": [10, 28, 6.95],
			"shade": false,
			"rotation": {"angle": -45, "axis": "x", "origin": [9.8, 27.8, 6.75]},
			"faces": {
				"north": {"uv": [13, 15.25, 13.25, 15.5], "texture": "#1"},
				"east": {"uv": [13, 15.25, 13.25, 15.5], "texture": "#1"},
				"south": {"uv": [13, 15.25, 13.25, 15.5], "texture": "#1"},
				"west": {"uv": [13, 15.25, 13.25, 15.5], "texture": "#1"},
				"up": {"uv": [13, 15.25, 13.25, 15.5], "texture": "#1"},
				"down": {"uv": [13, 15.25, 13.25, 15.5], "texture": "#1"}
			}
		}
	],
	"gui_light": "front",
	"display": {
		"thirdperson_righthand": {
			"rotation": [0, 90, 0],
			"translation": [0, 0, 3.25]
		},
		"thirdperson_lefthand": {
			"rotation": [0, 90, 0],
			"translation": [0, 5.25, 2]
		},
		"firstperson_righthand": {
			"rotation": [98.44, 76.6, -98.67],
			"translation": [6.75, -1.5, -6]
		},
		"firstperson_lefthand": {
			"rotation": [98.44, 76.6, -98.67],
			"translation": [3.5, -2.75, -3.5]
		},
		"ground": {
			"rotation": [0, 0, 45],
			"translation": [0, -1, 0],
			"scale": [0.3, 0.3, 0.3]
		},
		"gui": {
			"rotation": [0, 0, -45],
			"translation": [-1, -1, 0],
			"scale": [0.68, 0.68, 0.68]
		},
		"head": {
			"scale": [0, 0, 0]
		},
		"fixed": {
			"translation": [0, -1.5, -0.75],
			"scale": [0.67, 0.67, 0.67]
		}
	},
	"groups": [
		{
			"name": "group",
			"origin": [9.16073, 2.17939, 8],
			"color": 0,
			"children": [0, 1]
		},
		{
			"name": "group",
			"origin": [9.16073, 2.17939, 8],
			"color": 0,
			"children": [2, 3, 4, 5]
		},
		{
			"name": "group",
			"origin": [9.16073, 2.17939, 8],
			"color": 0,
			"children": [6, 7, 8, 9]
		},
		10,
		{
			"name": "group",
			"origin": [3.75, -1, 7.1],
			"color": 0,
			"children": [11, 12]
		},
		{
			"name": "group",
			"origin": [3.75, -1, 7.1],
			"color": 0,
			"children": [13, 14]
		},
		15,
		16,
		17,
		18,
		19,
		20,
		{
			"name": "group",
			"origin": [10.60453, 13.48111, 8],
			"color": 0,
			"children": [21, 22, 23, 24, 25, 26, 27, 28, 29, 30]
		},
		{
			"name": "group",
			"origin": [10.60453, 13.48111, 8],
			"color": 0,
			"children": [
				31,
				32,
				33,
				34,
				35,
				36,
				37,
				38,
				39,
				40,
				{
					"name": "group",
					"origin": [4, 1, 7.5],
					"color": 0,
					"children": [
						41,
						{
							"name": "group",
							"origin": [7, 1, 7.5],
							"color": 0,
							"children": [42, 43]
						}
					]
				},
				{
					"name": "group",
					"origin": [4, 1, 7.5],
					"color": 0,
					"children": [
						44,
						{
							"name": "group",
							"origin": [7, 1, 7.5],
							"color": 0,
							"children": [45, 46]
						}
					]
				}
			]
		},
		{
			"name": "all_ef",
			"origin": [8, 8, 8],
			"color": 0,
			"shade": false,
			"children": [
				47,
				{
					"name": "efy",
					"origin": [-2, 2.9, 5],
					"color": 0,
					"shade": false,
					"children": [48, 49, 50, 51, 52, 53, 54, 55, 56, 57, 58, 59]
				},
				{
					"name": "efy",
					"origin": [-2, 2.9, 5],
					"color": 0,
					"shade": false,
					"children": [60, 61, 62, 63, 64, 65, 66, 67, 68, 69, 70, 71]
				},
				{
					"name": "efy",
					"origin": [-2, 2.9, 5],
					"color": 0,
					"shade": false,
					"children": [72, 73, 74, 75, 76, 77, 78, 79, 80, 81, 82, 83]
				}
			]
		}
	]
}