{
  "parent": "minecraft:item/handheld",
  "textures": {
    "layer0": "minecraft:item/diamond_shovel"
  },
  "overrides": [
    {
      "predicate": {
        "damage": 0
      },
      "model": "item/diamond_shovel"
    },
    {
      "predicate": {
        "custom_model_data": 1
      },
      "model": "lifesteal/lifesteal_shovel"
    },
    {
      "predicate": {
        "custom_model_data": 2
      },
      "model": "tempest/tempest_shovel"
    },
    {
      "predicate": {
        "custom_model_data": 3
      },
      "model": "christmas/christmas_shovel"
    },
    {
      "predicate": {
        "custom_model_data": 4
      },
      "model": "void/void_shovel"
    },
    {
      "predicate": {
        "custom_model_data": 5
      },
      "model": "magma/magma_shovel"
    },
    {
      "predicate": {
        "custom_model_data": 6
      },
      "model": "chinese/chinese_dragon_shovel"
    },
    {
      "predicate": {
        "custom_model_data": 7
      },
      "model": "valentine/valentine_shovel"
    },
    {
      "predicate": {
        "custom_model_data": 8
      },
      "model": "firework/firework_shovel"
    },
    {
      "predicate": {
        "custom_model_data": 9
      },
      "model": "easter/easter_shovel"
    },
    {
      "predicate": {
        "custom_model_data": 10
      },
      "model": "samurai/samurai_shovel"
    },
    {
      "predicate": {
        "custom_model_data": 11
      },
      "model": "swashbuckler/swashbuckler_shovel"
    },
    {
      "predicate": {
        "custom_model_data": 12
      },
      "model": "heart/heart_shovel"
    },
    {
      "predicate": {
        "custom_model_data": 13
      },
      "model": "vampire/vampire_shovel"
    },
    {
      "predicate": {
        "custom_model_data": 14
      },
      "model": "harvest/harvest_shovel"
    },
    {
      "predicate": {
        "custom_model_data": 15
      },
      "model": "fire/fire_shovel"
    },
    {
      "predicate": {
        "custom_model_data": 16
      },
      "model": "lightning/lightning_shovel"
    }
  ]
}