{
  "parent": "minecraft:item/handheld",
  "textures": {
    "layer0": "minecraft:item/netherite_pickaxe"
  },
  "overrides": [
    {
      "predicate": {
        "damage": 0
      },
      "model": "item/netherite_pickaxe"
    },
    {
      "predicate": {
        "custom_model_data": 1
      },
      "model": "lifesteal/lifesteal_pickaxe"
    },
    {
      "predicate": {
        "custom_model_data": 2
      },
      "model": "tempest/tempest_pickaxe"
    },
    {
      "predicate": {
        "custom_model_data": 3
      },
      "model": "christmas/christmas_pickaxe"
    },
    {
      "predicate": {
        "custom_model_data": 4
      },
      "model": "void/void_pickaxe"
    },
    {
      "predicate": {
        "custom_model_data": 5
      },
      "model": "magma/magma_pickaxe"
    },
    {
      "predicate": {
        "custom_model_data": 6
      },
      "model": "chinese/chinese_dragon_pickaxe"
    },
    {
      "predicate": {
        "custom_model_data": 7
      },
      "model": "valentine/valentine_pickaxe"
    },
    {
      "predicate": {
        "custom_model_data": 8
      },
      "model": "firework/firework_pickaxe"
    },
    {
      "predicate": {
        "custom_model_data": 9
      },
      "model": "easter/easter_pickaxe"
    },
    {
      "predicate": {
        "custom_model_data": 10
      },
      "model": "samurai/samurai_pickaxe"
    },
    {
      "predicate": {
        "custom_model_data": 11
      },
      "model": "swashbuckler/swashbuckler_pickaxe"
    },
    {
      "predicate": {
        "custom_model_data": 12
      },
      "model": "heart/heart_pickaxe"
    },
    {
      "predicate": {
        "custom_model_data": 13
      },
      "model": "vampire/vampire_pickaxe"
    },
    {
      "predicate": {
        "custom_model_data": 14
      },
      "model": "harvest/harvest_pickaxe"
    },
    {
      "predicate": {
        "custom_model_data": 15
      },
      "model": "fire/fire_pickaxe"
    },
    {
      "predicate": {
        "custom_model_data": 16
      },
      "model": "lightning/lightning_pickaxe"
    },
    {
      "predicate": {
        "custom_model_data": 17
      },
      "model": "ghoul/pickaxe/ghoul_pickaxe_blue"
    },
    {
      "predicate": {
        "custom_model_data": 18
      },
      "model": "ghoul/pickaxe/ghoul_pickaxe_green"
    },
    {
      "predicate": {
        "custom_model_data": 19
      },
      "model": "ghoul/pickaxe/ghoul_pickaxe_purple"
    },
    {
      "predicate": {
        "custom_model_data": 20
      },
      "model": "ghoul/pickaxe/ghoul_pickaxe_red"
    },
    {
      "predicate": {
        "custom_model_data": 21
      },
      "model": "ghoul/pickaxe/ghoul_pickaxe_yellow"
    },
    {
      "predicate": {
        "custom_model_data": 22
      },
      "model": "galactic/pickaxe/galactic_pickaxe_blue"
    },
    {
      "predicate": {
        "custom_model_data": 23
      },
      "model": "galactic/pickaxe/galactic_pickaxe_green"
    },
    {
      "predicate": {
        "custom_model_data": 24
      },
      "model": "galactic/pickaxe/galactic_pickaxe_purple"
    },
    {
      "predicate": {
        "custom_model_data": 25
      },
      "model": "galactic/pickaxe/galactic_pickaxe_red"
    },
    {
      "predicate": {
        "custom_model_data": 26
      },
      "model": "galactic/pickaxe/galactic_pickaxe_gold"
    }
  ]
}