{
	"credit": "Made with Blockbench",
	"textures": {
		"0": "item/swashbuckler/swashbuckler_atlas",
		"1": "item/swashbuckler/swashbuckler_ef_long",
		"particle": "item/swashbuckler/swashbuckler_atlas"
	},
	"elements": [
		{
			"from": [7.742, 17.35272, 3.60964],
			"to": [8.258, 23.86872, 10.12564],
			"shade": false,
			"rotation": {"angle": 45, "axis": "x", "origin": [8, 21.23572, 12.24264]},
			"faces": {
				"north": {"uv": [6.875, 12.25, 6.9375, 13.0625], "texture": "#0"},
				"east": {"uv": [7.5, 4.375, 8.3125, 5.1875], "texture": "#0"},
				"south": {"uv": [8.625, 12.25, 8.6875, 13.0625], "texture": "#0"},
				"west": {"uv": [7.5, 5.25, 8.3125, 6.0625], "texture": "#0"},
				"up": {"uv": [12.3125, 9.4375, 12.25, 8.625], "texture": "#0"},
				"down": {"uv": [8.8125, 12.25, 8.75, 13.0625], "texture": "#0"}
			}
		},
		{
			"from": [8, 18.51125, 1.125],
			"to": [8, 32, 14.875],
			"shade": false,
			"rotation": {"angle": 0, "axis": "y", "origin": [8, 22.75563, 8]},
			"faces": {
				"north": {"uv": [0, 0, 0, 1.6875], "texture": "#0"},
				"east": {"uv": [7.5, 4.5, 5.75, 6.1875], "texture": "#0"},
				"south": {"uv": [0, 0, 0, 1.6875], "texture": "#0"},
				"west": {"uv": [5.75, 4.5, 7.5, 6.1875], "texture": "#0"},
				"up": {"uv": [0, 1.75, 0, 0], "texture": "#0"},
				"down": {"uv": [0, 0, 0, 1.75], "texture": "#0"}
			}
		},
		{
			"from": [7.75, 18.47836, 4.625],
			"to": [8.25, 23.72836, 11.375],
			"shade": false,
			"rotation": {"angle": 0, "axis": "y", "origin": [8, 2.22836, 7.875]},
			"faces": {
				"north": {"uv": [9.125, 12.25, 9.1875, 12.9375], "texture": "#0"},
				"east": {"uv": [7.75, 8.125, 8.625, 8.8125], "texture": "#0"},
				"south": {"uv": [9.25, 12.25, 9.3125, 12.9375], "texture": "#0"},
				"west": {"uv": [4, 8.25, 4.875, 8.9375], "texture": "#0"},
				"up": {"uv": [6.6875, 13.125, 6.625, 12.25], "texture": "#0"},
				"down": {"uv": [6.8125, 12.25, 6.75, 13.125], "texture": "#0"}
			}
		},
		{
			"from": [6.45, 9.32209, 13.09776],
			"to": [9.45, 15.82209, 13.09776],
			"shade": false,
			"rotation": {"angle": 22.5, "axis": "y", "origin": [7.95, 12.57209, 13.09776]},
			"faces": {
				"north": {"uv": [3.75, 10.375, 4.125, 11.1875], "texture": "#0"},
				"east": {"uv": [0, 0, 0, 0.8125], "texture": "#0"},
				"south": {"uv": [4.125, 10.375, 3.75, 11.1875], "texture": "#0"},
				"west": {"uv": [0, 0, 0, 0.8125], "texture": "#0"},
				"up": {"uv": [0, 0, 0, 0.375], "rotation": 270, "texture": "#0"},
				"down": {"uv": [0, 0.375, 0, 0], "rotation": 90, "texture": "#0"}
			}
		},
		{
			"from": [8.55, 10.57209, 5.65224],
			"to": [8.55, 17.07209, 8.65224],
			"shade": false,
			"rotation": {"angle": 22.5, "axis": "y", "origin": [8.55, 13.82209, 7.15224]},
			"faces": {
				"north": {"uv": [0, 0, 0, 0.8125], "texture": "#0"},
				"east": {"uv": [3.75, 10.375, 4.125, 11.1875], "texture": "#0"},
				"south": {"uv": [0, 0, 0, 0.8125], "texture": "#0"},
				"west": {"uv": [4.125, 10.375, 3.75, 11.1875], "texture": "#0"},
				"up": {"uv": [0, 0, 0, 0.375], "texture": "#0"},
				"down": {"uv": [0, 0.375, 0, 0], "texture": "#0"}
			}
		},
		{
			"from": [7.45, 9.32209, 1.65224],
			"to": [7.45, 15.82209, 4.65224],
			"shade": false,
			"rotation": {"angle": -22.5, "axis": "y", "origin": [7.45, 12.57209, 3.15224]},
			"faces": {
				"north": {"uv": [0, 0, 0, 0.8125], "texture": "#0"},
				"east": {"uv": [3.75, 10.375, 4.125, 11.1875], "texture": "#0"},
				"south": {"uv": [0, 0, 0, 0.8125], "texture": "#0"},
				"west": {"uv": [4.125, 10.375, 3.75, 11.1875], "texture": "#0"},
				"up": {"uv": [0, 0, 0, 0.375], "texture": "#0"},
				"down": {"uv": [0, 0.375, 0, 0], "texture": "#0"}
			}
		},
		{
			"from": [6.45, -1.97791, 4.65224],
			"to": [9.45, 4.52209, 4.65224],
			"shade": false,
			"rotation": {"angle": -22.5, "axis": "y", "origin": [7.95, 1.27209, 4.65224]},
			"faces": {
				"north": {"uv": [3.75, 10.375, 4.125, 11.1875], "texture": "#0"},
				"east": {"uv": [0, 0, 0, 0.8125], "texture": "#0"},
				"south": {"uv": [4.125, 10.375, 3.75, 11.1875], "texture": "#0"},
				"west": {"uv": [0, 0, 0, 0.8125], "texture": "#0"},
				"up": {"uv": [0, 0, 0, 0.375], "rotation": 270, "texture": "#0"},
				"down": {"uv": [0, 0.375, 0, 0], "rotation": 90, "texture": "#0"}
			}
		},
		{
			"from": [7.95, -1.97791, 9.84776],
			"to": [7.95, 4.52209, 12.84776],
			"shade": false,
			"rotation": {"angle": 22.5, "axis": "y", "origin": [7.95, 1.27209, 11.34776]},
			"faces": {
				"north": {"uv": [0, 0, 0, 0.8125], "texture": "#0"},
				"east": {"uv": [4.125, 10.375, 3.75, 11.1875], "texture": "#0"},
				"south": {"uv": [0, 0, 0, 0.8125], "texture": "#0"},
				"west": {"uv": [3.75, 10.375, 4.125, 11.1875], "texture": "#0"},
				"up": {"uv": [0, 0.375, 0, 0], "texture": "#0"},
				"down": {"uv": [0, 0, 0, 0.375], "texture": "#0"}
			}
		},
		{
			"from": [9.75, 15.48309, 6.11919],
			"to": [10, 16.28309, 6.91919],
			"shade": false,
			"rotation": {"angle": -22.5, "axis": "x", "origin": [9.875, 15.88309, 6.51919]},
			"faces": {
				"north": {"uv": [15.875, 0, 15.8125, 0.1875], "texture": "#0"},
				"east": {"uv": [16, 0, 15.8125, 0.1875], "texture": "#0"},
				"south": {"uv": [16, 0, 15.9375, 0.1875], "texture": "#0"},
				"west": {"uv": [15.8125, 0, 16, 0.1875], "texture": "#0"},
				"up": {"uv": [16, 0.1875, 15.9375, 0], "texture": "#0"},
				"down": {"uv": [15.875, 0, 15.8125, 0.1875], "texture": "#0"}
			}
		},
		{
			"from": [9.75, 15.88309, 7.51919],
			"to": [10, 17.38309, 9.01919],
			"shade": false,
			"rotation": {"angle": 0, "axis": "y", "origin": [9.875, 16.63309, 8.26919]},
			"faces": {
				"north": {"uv": [15.875, 0, 15.8125, 0.1875], "texture": "#0"},
				"east": {"uv": [16, 0, 15.8125, 0.1875], "texture": "#0"},
				"south": {"uv": [16, 0, 15.9375, 0.1875], "texture": "#0"},
				"west": {"uv": [15.8125, 0, 16, 0.1875], "texture": "#0"},
				"up": {"uv": [16, 0.1875, 15.9375, 0], "texture": "#0"},
				"down": {"uv": [15.875, 0, 15.8125, 0.1875], "texture": "#0"}
			}
		},
		{
			"from": [9.25, 16.48309, 12.86919],
			"to": [9.5, 17.28309, 13.66919],
			"shade": false,
			"rotation": {"angle": 45, "axis": "x", "origin": [9.375, 16.88309, 13.26919]},
			"faces": {
				"north": {"uv": [15.875, 0, 15.8125, 0.1875], "texture": "#0"},
				"east": {"uv": [16, 0, 15.8125, 0.1875], "texture": "#0"},
				"south": {"uv": [16, 0, 15.9375, 0.1875], "texture": "#0"},
				"west": {"uv": [15.8125, 0, 16, 0.1875], "texture": "#0"},
				"up": {"uv": [16, 0.1875, 15.9375, 0], "texture": "#0"},
				"down": {"uv": [15.875, 0, 15.8125, 0.1875], "texture": "#0"}
			}
		},
		{
			"from": [9.25, 4.58309, 3.51919],
			"to": [9.5, 6.08309, 5.01919],
			"shade": false,
			"rotation": {"angle": -22.5, "axis": "x", "origin": [9.375, 5.33309, 4.26919]},
			"faces": {
				"north": {"uv": [15.875, 0, 15.8125, 0.1875], "texture": "#0"},
				"east": {"uv": [16, 0, 15.8125, 0.1875], "texture": "#0"},
				"south": {"uv": [16, 0, 15.9375, 0.1875], "texture": "#0"},
				"west": {"uv": [15.8125, 0, 16, 0.1875], "texture": "#0"},
				"up": {"uv": [16, 0.1875, 15.9375, 0], "texture": "#0"},
				"down": {"uv": [15.875, 0, 15.8125, 0.1875], "texture": "#0"}
			}
		},
		{
			"from": [9.75, 4.68309, 6.11919],
			"to": [10, 5.48309, 6.91919],
			"shade": false,
			"rotation": {"angle": 22.5, "axis": "x", "origin": [9.875, 5.08309, 6.51919]},
			"faces": {
				"north": {"uv": [15.875, 0, 15.8125, 0.1875], "texture": "#0"},
				"east": {"uv": [16, 0, 15.8125, 0.1875], "texture": "#0"},
				"south": {"uv": [16, 0, 15.9375, 0.1875], "texture": "#0"},
				"west": {"uv": [15.8125, 0, 16, 0.1875], "texture": "#0"},
				"up": {"uv": [16, 0.1875, 15.9375, 0], "texture": "#0"},
				"down": {"uv": [15.875, 0, 15.8125, 0.1875], "texture": "#0"}
			}
		},
		{
			"from": [9.75, 6.58309, 8.51919],
			"to": [10, 8.08309, 10.01919],
			"shade": false,
			"rotation": {"angle": 22.5, "axis": "x", "origin": [9.875, 7.33309, 9.26919]},
			"faces": {
				"north": {"uv": [15.875, 0, 15.8125, 0.1875], "texture": "#0"},
				"east": {"uv": [16, 0, 15.8125, 0.1875], "texture": "#0"},
				"south": {"uv": [16, 0, 15.9375, 0.1875], "texture": "#0"},
				"west": {"uv": [15.8125, 0, 16, 0.1875], "texture": "#0"},
				"up": {"uv": [16, 0.1875, 15.9375, 0], "texture": "#0"},
				"down": {"uv": [15.875, 0, 15.8125, 0.1875], "texture": "#0"}
			}
		},
		{
			"from": [9.25, 4.43309, 10.86919],
			"to": [9.5, 5.23309, 11.66919],
			"shade": false,
			"rotation": {"angle": -22.5, "axis": "x", "origin": [9.375, 4.83309, 11.26919]},
			"faces": {
				"north": {"uv": [15.875, 0, 15.8125, 0.1875], "texture": "#0"},
				"east": {"uv": [16, 0, 15.8125, 0.1875], "texture": "#0"},
				"south": {"uv": [16, 0, 15.9375, 0.1875], "texture": "#0"},
				"west": {"uv": [15.8125, 0, 16, 0.1875], "texture": "#0"},
				"up": {"uv": [16, 0.1875, 15.9375, 0], "texture": "#0"},
				"down": {"uv": [15.875, 0, 15.8125, 0.1875], "texture": "#0"}
			}
		},
		{
			"from": [9.25, 4.93309, 11.86919],
			"to": [9.5, 5.73309, 12.66919],
			"shade": false,
			"rotation": {"angle": 0, "axis": "y", "origin": [9.375, 5.33309, 12.26919]},
			"faces": {
				"north": {"uv": [15.875, 0, 15.8125, 0.1875], "texture": "#0"},
				"east": {"uv": [16, 0, 15.8125, 0.1875], "texture": "#0"},
				"south": {"uv": [16, 0, 15.9375, 0.1875], "texture": "#0"},
				"west": {"uv": [15.8125, 0, 16, 0.1875], "texture": "#0"},
				"up": {"uv": [16, 0.1875, 15.9375, 0], "texture": "#0"},
				"down": {"uv": [15.875, 0, 15.8125, 0.1875], "texture": "#0"}
			}
		},
		{
			"from": [6.5, 4.58309, 3.51919],
			"to": [6.75, 6.08309, 5.01919],
			"shade": false,
			"rotation": {"angle": -22.5, "axis": "x", "origin": [6.625, 5.33309, 4.26919]},
			"faces": {
				"north": {"uv": [15.8125, 0, 15.875, 0.1875], "texture": "#0"},
				"east": {"uv": [16, 0, 15.8125, 0.1875], "texture": "#0"},
				"south": {"uv": [15.9375, 0, 16, 0.1875], "texture": "#0"},
				"west": {"uv": [15.8125, 0, 16, 0.1875], "texture": "#0"},
				"up": {"uv": [15.9375, 0.1875, 16, 0], "texture": "#0"},
				"down": {"uv": [15.8125, 0, 15.875, 0.1875], "texture": "#0"}
			}
		},
		{
			"from": [6, 15.88309, 7.51919],
			"to": [6.25, 17.38309, 9.01919],
			"shade": false,
			"rotation": {"angle": 0, "axis": "y", "origin": [6.125, 16.63309, 8.26919]},
			"faces": {
				"north": {"uv": [15.8125, 0, 15.875, 0.1875], "texture": "#0"},
				"east": {"uv": [16, 0, 15.8125, 0.1875], "texture": "#0"},
				"south": {"uv": [15.9375, 0, 16, 0.1875], "texture": "#0"},
				"west": {"uv": [15.8125, 0, 16, 0.1875], "texture": "#0"},
				"up": {"uv": [15.9375, 0.1875, 16, 0], "texture": "#0"},
				"down": {"uv": [15.8125, 0, 15.875, 0.1875], "texture": "#0"}
			}
		},
		{
			"from": [6.5, 16.48309, 12.86919],
			"to": [6.75, 17.28309, 13.66919],
			"shade": false,
			"rotation": {"angle": 45, "axis": "x", "origin": [6.625, 16.88309, 13.26919]},
			"faces": {
				"north": {"uv": [15.8125, 0, 15.875, 0.1875], "texture": "#0"},
				"east": {"uv": [16, 0, 15.8125, 0.1875], "texture": "#0"},
				"south": {"uv": [15.9375, 0, 16, 0.1875], "texture": "#0"},
				"west": {"uv": [15.8125, 0, 16, 0.1875], "texture": "#0"},
				"up": {"uv": [15.9375, 0.1875, 16, 0], "texture": "#0"},
				"down": {"uv": [15.8125, 0, 15.875, 0.1875], "texture": "#0"}
			}
		},
		{
			"from": [6, 15.48309, 6.11919],
			"to": [6.25, 16.28309, 6.91919],
			"shade": false,
			"rotation": {"angle": -22.5, "axis": "x", "origin": [6.125, 15.88309, 6.51919]},
			"faces": {
				"north": {"uv": [15.8125, 0, 15.875, 0.1875], "texture": "#0"},
				"east": {"uv": [16, 0, 15.8125, 0.1875], "texture": "#0"},
				"south": {"uv": [15.9375, 0, 16, 0.1875], "texture": "#0"},
				"west": {"uv": [15.8125, 0, 16, 0.1875], "texture": "#0"},
				"up": {"uv": [15.9375, 0.1875, 16, 0], "texture": "#0"},
				"down": {"uv": [15.8125, 0, 15.875, 0.1875], "texture": "#0"}
			}
		},
		{
			"from": [6, 4.68309, 6.11919],
			"to": [6.25, 5.48309, 6.91919],
			"shade": false,
			"rotation": {"angle": 22.5, "axis": "x", "origin": [6.125, 5.08309, 6.51919]},
			"faces": {
				"north": {"uv": [15.8125, 0, 15.875, 0.1875], "texture": "#0"},
				"east": {"uv": [16, 0, 15.8125, 0.1875], "texture": "#0"},
				"south": {"uv": [15.9375, 0, 16, 0.1875], "texture": "#0"},
				"west": {"uv": [15.8125, 0, 16, 0.1875], "texture": "#0"},
				"up": {"uv": [15.9375, 0.1875, 16, 0], "texture": "#0"},
				"down": {"uv": [15.8125, 0, 15.875, 0.1875], "texture": "#0"}
			}
		},
		{
			"from": [6.5, 4.43309, 10.86919],
			"to": [6.75, 5.23309, 11.66919],
			"shade": false,
			"rotation": {"angle": -22.5, "axis": "x", "origin": [6.625, 4.83309, 11.26919]},
			"faces": {
				"north": {"uv": [15.8125, 0, 15.875, 0.1875], "texture": "#0"},
				"east": {"uv": [16, 0, 15.8125, 0.1875], "texture": "#0"},
				"south": {"uv": [15.9375, 0, 16, 0.1875], "texture": "#0"},
				"west": {"uv": [15.8125, 0, 16, 0.1875], "texture": "#0"},
				"up": {"uv": [15.9375, 0.1875, 16, 0], "texture": "#0"},
				"down": {"uv": [15.8125, 0, 15.875, 0.1875], "texture": "#0"}
			}
		},
		{
			"from": [6.5, 4.93309, 11.86919],
			"to": [6.75, 5.73309, 12.66919],
			"shade": false,
			"rotation": {"angle": 0, "axis": "y", "origin": [6.625, 5.33309, 12.26919]},
			"faces": {
				"north": {"uv": [15.8125, 0, 15.875, 0.1875], "texture": "#0"},
				"east": {"uv": [16, 0, 15.8125, 0.1875], "texture": "#0"},
				"south": {"uv": [15.9375, 0, 16, 0.1875], "texture": "#0"},
				"west": {"uv": [15.8125, 0, 16, 0.1875], "texture": "#0"},
				"up": {"uv": [15.9375, 0.1875, 16, 0], "texture": "#0"},
				"down": {"uv": [15.8125, 0, 15.875, 0.1875], "texture": "#0"}
			}
		},
		{
			"from": [6, 6.58309, 8.51919],
			"to": [6.25, 8.08309, 10.01919],
			"shade": false,
			"rotation": {"angle": 22.5, "axis": "x", "origin": [6.125, 7.33309, 9.26919]},
			"faces": {
				"north": {"uv": [15.8125, 0, 15.875, 0.1875], "texture": "#0"},
				"east": {"uv": [16, 0, 15.8125, 0.1875], "texture": "#0"},
				"south": {"uv": [15.9375, 0, 16, 0.1875], "texture": "#0"},
				"west": {"uv": [15.8125, 0, 16, 0.1875], "texture": "#0"},
				"up": {"uv": [15.9375, 0.1875, 16, 0], "texture": "#0"},
				"down": {"uv": [15.8125, 0, 15.875, 0.1875], "texture": "#0"}
			}
		},
		{
			"from": [6.742, 1.13753, 6.45447],
			"to": [9.258, 4.15353, 8.97047],
			"shade": false,
			"rotation": {"angle": 0, "axis": "y", "origin": [8, 2.64553, 7.71247]},
			"faces": {
				"north": {"uv": [11.8125, 11.625, 11.5, 12], "texture": "#0"},
				"east": {"uv": [11.4375, 11.625, 11.125, 12], "texture": "#0"},
				"south": {"uv": [11.9375, 10.875, 11.625, 11.25], "texture": "#0"},
				"west": {"uv": [0.3125, 11.75, 0, 12.125], "texture": "#0"},
				"up": {"uv": [6.9375, 11.875, 6.625, 12.1875], "texture": "#0"},
				"down": {"uv": [9.3125, 12.1875, 9, 11.875], "texture": "#0"}
			}
		},
		{
			"from": [6.75, -1.26194, 6.94134],
			"to": [9.25, 1.73806, 9.44134],
			"shade": false,
			"rotation": {"angle": -22.5, "axis": "x", "origin": [8, 0.23806, 8.19134]},
			"faces": {
				"north": {"uv": [11.9375, 8.25, 11.625, 8.625], "texture": "#0"},
				"east": {"uv": [11.9375, 7.875, 11.625, 8.25], "texture": "#0"},
				"south": {"uv": [10.0625, 10.5, 9.75, 10.875], "texture": "#0"},
				"west": {"uv": [11.0625, 11.625, 10.75, 12], "texture": "#0"},
				"up": {"uv": [12.1875, 0.5, 11.875, 0.8125], "texture": "#0"},
				"down": {"uv": [12.1875, 2.3125, 11.875, 2], "texture": "#0"}
			}
		},
		{
			"from": [6.25, -3.26194, 6.44134],
			"to": [9.75, -1.26194, 9.94134],
			"shade": false,
			"rotation": {"angle": -22.5, "axis": "x", "origin": [8, 0.23806, 8.19134]},
			"faces": {
				"north": {"uv": [7.6875, 11.75, 7.25, 12], "texture": "#0"},
				"east": {"uv": [12.1875, 7, 11.75, 7.25], "texture": "#0"},
				"south": {"uv": [12.1875, 6.75, 11.75, 7], "texture": "#0"},
				"west": {"uv": [8.1875, 11.75, 7.75, 12], "texture": "#0"},
				"up": {"uv": [11.6875, 8.625, 11.25, 9.0625], "texture": "#0"},
				"down": {"uv": [11.6875, 9.5625, 11.25, 9.125], "texture": "#0"}
			}
		},
		{
			"from": [7.25, -3.69325, 9.31402],
			"to": [8.75, -2.19325, 12.81402],
			"shade": false,
			"rotation": {"angle": 0, "axis": "y", "origin": [8, -5.22884, 10.5714]},
			"faces": {
				"north": {"uv": [12.4375, 7, 12.25, 7.1875], "texture": "#0"},
				"east": {"uv": [12.4375, 8.375, 12, 8.5625], "texture": "#0"},
				"south": {"uv": [12.4375, 6.75, 12.25, 6.9375], "texture": "#0"},
				"west": {"uv": [10.5625, 12, 10.125, 12.1875], "texture": "#0"},
				"up": {"uv": [10.0625, 1, 9.875, 1.4375], "texture": "#0"},
				"down": {"uv": [3.6875, 10.9375, 3.5, 10.5], "texture": "#0"}
			}
		},
		{
			"from": [7.25, -7.19325, 11.31402],
			"to": [8.75, -3.69325, 12.81402],
			"shade": false,
			"rotation": {"angle": 0, "axis": "y", "origin": [8, -5.22884, 10.5714]},
			"faces": {
				"north": {"uv": [11.1875, 12, 11, 12.4375], "texture": "#0"},
				"east": {"uv": [10.9375, 12, 10.75, 12.4375], "texture": "#0"},
				"south": {"uv": [8.5625, 12, 8.375, 12.4375], "texture": "#0"},
				"west": {"uv": [11.4375, 12, 11.25, 12.4375], "texture": "#0"},
				"up": {"uv": [10.0625, 12.25, 9.875, 12.4375], "texture": "#0"},
				"down": {"uv": [10.3125, 12.4375, 10.125, 12.25], "texture": "#0"}
			}
		},
		{
			"from": [7.242, -3.70125, 8.32078],
			"to": [8.758, -2.18525, 11.83678],
			"shade": false,
			"rotation": {"angle": -45, "axis": "x", "origin": [8, -5.22884, 10.5714]},
			"faces": {
				"north": {"uv": [12.4375, 2, 12.25, 2.1875], "texture": "#0"},
				"east": {"uv": [12.4375, 5.375, 12, 5.5625], "texture": "#0"},
				"south": {"uv": [12.4375, 0.5, 12.25, 0.6875], "texture": "#0"},
				"west": {"uv": [12.4375, 8.125, 12, 8.3125], "texture": "#0"},
				"up": {"uv": [7.6875, 9, 7.5, 9.4375], "texture": "#0"},
				"down": {"uv": [3.9375, 10.1875, 3.75, 9.75], "texture": "#0"}
			}
		},
		{
			"from": [7.25, -7.19325, 8.32878],
			"to": [8.75, -3.69325, 9.82878],
			"shade": false,
			"rotation": {"angle": -45, "axis": "x", "origin": [8, -5.22884, 10.5714]},
			"faces": {
				"north": {"uv": [12.1875, 12, 12, 12.4375], "texture": "#0"},
				"east": {"uv": [11.9375, 12, 11.75, 12.4375], "texture": "#0"},
				"south": {"uv": [11.6875, 12, 11.5, 12.4375], "texture": "#0"},
				"west": {"uv": [0.1875, 12.125, 0, 12.5625], "texture": "#0"},
				"up": {"uv": [12.4375, 10.125, 12.25, 10.3125], "texture": "#0"},
				"down": {"uv": [10.5625, 12.4375, 10.375, 12.25], "texture": "#0"}
			}
		},
		{
			"from": [7.242, -7.90993, 9.25856],
			"to": [8.758, -6.39393, 11.89956],
			"shade": false,
			"rotation": {"angle": -22.5, "axis": "x", "origin": [8, -5.22884, 10.5714]},
			"faces": {
				"north": {"uv": [12.4375, 10.625, 12.25, 10.8125], "texture": "#0"},
				"east": {"uv": [12.4375, 4.5, 12.125, 4.6875], "texture": "#0"},
				"south": {"uv": [12.4375, 10.375, 12.25, 10.5625], "texture": "#0"},
				"west": {"uv": [12.4375, 4.75, 12.125, 4.9375], "texture": "#0"},
				"up": {"uv": [4.8125, 12.125, 4.625, 12.4375], "texture": "#0"},
				"down": {"uv": [5.9375, 12.4375, 5.75, 12.125], "texture": "#0"}
			}
		},
		{
			"from": [6.75, 3.61498, 9.04176],
			"to": [9.25, 6.86498, 12.79176],
			"shade": false,
			"rotation": {"angle": 22.5, "axis": "x", "origin": [8, 3.98114, 12.44386]},
			"faces": {
				"north": {"uv": [11.25, 9.625, 11.6875, 10.0625], "texture": "#0"},
				"east": {"uv": [11.125, 4.125, 11.625, 4.5625], "texture": "#0"},
				"south": {"uv": [11.375, 0, 11.8125, 0.4375], "texture": "#0"},
				"west": {"uv": [4.5, 11.125, 5, 11.5625], "texture": "#0"},
				"up": {"uv": [11.5625, 5.125, 11.125, 4.625], "texture": "#0"},
				"down": {"uv": [5.4375, 11.125, 5, 11.625], "texture": "#0"}
			}
		},
		{
			"from": [7.85, -2.15269, 10.97096],
			"to": [7.85, 6.59731, 16.97096],
			"shade": false,
			"rotation": {"angle": 22.5, "axis": "x", "origin": [7.85, 3.48114, 12.44386]},
			"faces": {
				"north": {"uv": [0, 0.6875, 0, 0], "texture": "#0"},
				"east": {"uv": [4.625, 10.3125, 4, 9.625], "texture": "#0"},
				"south": {"uv": [0, 0.6875, 0, 0], "texture": "#0"},
				"west": {"uv": [4, 10.3125, 4.625, 9.625], "texture": "#0"},
				"up": {"uv": [0, 0.625, 0, 0], "texture": "#0"},
				"down": {"uv": [0, 0, 0, 0.625], "texture": "#0"}
			}
		},
		{
			"from": [7.85, -2.15269, -0.97096],
			"to": [7.85, 6.59731, 5.02904],
			"shade": false,
			"rotation": {"angle": -22.5, "axis": "x", "origin": [7.85, 3.48114, 3.55614]},
			"faces": {
				"north": {"uv": [0, 0.6875, 0, 0], "texture": "#0"},
				"east": {"uv": [4, 10.3125, 4.625, 9.625], "texture": "#0"},
				"south": {"uv": [0, 0.6875, 0, 0], "texture": "#0"},
				"west": {"uv": [4.625, 10.3125, 4, 9.625], "texture": "#0"},
				"up": {"uv": [0, 0, 0, 0.625], "texture": "#0"},
				"down": {"uv": [0, 0.625, 0, 0], "texture": "#0"}
			}
		},
		{
			"from": [8.15, -2.15269, 10.97096],
			"to": [8.15, 6.59731, 16.97096],
			"shade": false,
			"rotation": {"angle": 22.5, "axis": "x", "origin": [8.15, 3.48114, 12.44386]},
			"faces": {
				"north": {"uv": [0, 0.6875, 0, 0], "texture": "#0"},
				"east": {"uv": [4.625, 10.3125, 4, 9.625], "texture": "#0"},
				"south": {"uv": [0, 0.6875, 0, 0], "texture": "#0"},
				"west": {"uv": [4, 10.3125, 4.625, 9.625], "texture": "#0"},
				"up": {"uv": [0, 0.625, 0, 0], "texture": "#0"},
				"down": {"uv": [0, 0, 0, 0.625], "texture": "#0"}
			}
		},
		{
			"from": [6.75, 3.61498, 3.20824],
			"to": [9.25, 6.86498, 6.95824],
			"shade": false,
			"rotation": {"angle": -22.5, "axis": "x", "origin": [8, 3.98114, 3.55614]},
			"faces": {
				"north": {"uv": [11.8125, 0, 11.375, 0.4375], "texture": "#0"},
				"east": {"uv": [11.625, 4.125, 11.125, 4.5625], "texture": "#0"},
				"south": {"uv": [11.6875, 9.625, 11.25, 10.0625], "texture": "#0"},
				"west": {"uv": [5, 11.125, 4.5, 11.5625], "texture": "#0"},
				"up": {"uv": [11.5625, 4.625, 11.125, 5.125], "texture": "#0"},
				"down": {"uv": [5.4375, 11.625, 5, 11.125], "texture": "#0"}
			}
		},
		{
			"from": [6.25, 14.77164, 4.5],
			"to": [9.75, 19.52164, 11.5],
			"shade": false,
			"rotation": {"angle": 0, "axis": "y", "origin": [8, 16.52164, 8]},
			"faces": {
				"north": {"uv": [10.25, 10.875, 10.6875, 11.4375], "texture": "#0"},
				"east": {"uv": [9.125, 8.375, 10, 8.9375], "texture": "#0"},
				"south": {"uv": [10.875, 10.25, 11.3125, 10.8125], "texture": "#0"},
				"west": {"uv": [9.125, 9, 10, 9.5625], "texture": "#0"},
				"up": {"uv": [9.5625, 10.5, 9.125, 9.625], "texture": "#0"},
				"down": {"uv": [10.0625, 9.625, 9.625, 10.5], "texture": "#0"}
			}
		},
		{
			"from": [6.742, 16.41651, 9.80144],
			"to": [9.258, 20.18251, 13.81744],
			"shade": false,
			"rotation": {"angle": -22.5, "axis": "x", "origin": [7.925, 18.68597, 14.27562]},
			"faces": {
				"north": {"uv": [3.375, 11.625, 3.6875, 12.125], "texture": "#0"},
				"east": {"uv": [2.125, 10.75, 2.625, 11.25], "texture": "#0"},
				"south": {"uv": [4.125, 11.625, 4.4375, 12.125], "texture": "#0"},
				"west": {"uv": [10.75, 3.625, 11.25, 4.125], "texture": "#0"},
				"up": {"uv": [11.9375, 4.625, 11.625, 4.125], "texture": "#0"},
				"down": {"uv": [4.8125, 11.625, 4.5, 12.125], "texture": "#0"}
			}
		},
		{
			"from": [6.742, 16.41651, 2.18256],
			"to": [9.258, 20.18251, 6.19856],
			"shade": false,
			"rotation": {"angle": 22.5, "axis": "x", "origin": [7.925, 18.68597, 1.72438]},
			"faces": {
				"north": {"uv": [4.4375, 11.625, 4.125, 12.125], "texture": "#0"},
				"east": {"uv": [2.625, 10.75, 2.125, 11.25], "texture": "#0"},
				"south": {"uv": [3.6875, 11.625, 3.375, 12.125], "texture": "#0"},
				"west": {"uv": [11.25, 3.625, 10.75, 4.125], "texture": "#0"},
				"up": {"uv": [11.9375, 4.125, 11.625, 4.625], "texture": "#0"},
				"down": {"uv": [4.8125, 12.125, 4.5, 11.625], "texture": "#0"}
			}
		},
		{
			"from": [8.15, -2.15269, -0.97096],
			"to": [8.15, 6.59731, 5.02904],
			"shade": false,
			"rotation": {"angle": -22.5, "axis": "x", "origin": [8.15, 3.48114, 3.55614]},
			"faces": {
				"north": {"uv": [0, 0.6875, 0, 0], "texture": "#0"},
				"east": {"uv": [4, 10.3125, 4.625, 9.625], "texture": "#0"},
				"south": {"uv": [0, 0.6875, 0, 0], "texture": "#0"},
				"west": {"uv": [4.625, 10.3125, 4, 9.625], "texture": "#0"},
				"up": {"uv": [0, 0, 0, 0.625], "texture": "#0"},
				"down": {"uv": [0, 0.625, 0, 0], "texture": "#0"}
			}
		},
		{
			"from": [6.25, 4.17836, 5.5],
			"to": [9.75, 8.42836, 10.5],
			"shade": false,
			"rotation": {"angle": 0, "axis": "y", "origin": [8, 6.67836, 8]},
			"faces": {
				"north": {"uv": [5.75, 10.875, 6.1875, 11.4375], "texture": "#0"},
				"east": {"uv": [4, 9, 4.875, 9.5625], "texture": "#0"},
				"south": {"uv": [9.75, 10.875, 10.1875, 11.4375], "texture": "#0"},
				"west": {"uv": [6.625, 9, 7.5, 9.5625], "texture": "#0"},
				"up": {"uv": [7.1875, 10.5, 6.75, 9.625], "texture": "#0"},
				"down": {"uv": [7.6875, 9.625, 7.25, 10.5], "texture": "#0"}
			}
		},
		{
			"from": [6.75, 7.73806, 7.05866],
			"to": [9.25, 10.73806, 9.55866],
			"shade": false,
			"rotation": {"angle": 22.5, "axis": "x", "origin": [8, 9.23806, 8.30866]},
			"faces": {
				"north": {"uv": [9.75, 10.5, 10.0625, 10.875], "texture": "#0"},
				"east": {"uv": [11.625, 7.875, 11.9375, 8.25], "texture": "#0"},
				"south": {"uv": [11.625, 8.25, 11.9375, 8.625], "texture": "#0"},
				"west": {"uv": [10.75, 11.625, 11.0625, 12], "texture": "#0"},
				"up": {"uv": [12.1875, 0.8125, 11.875, 0.5], "texture": "#0"},
				"down": {"uv": [12.1875, 2, 11.875, 2.3125], "texture": "#0"}
			}
		},
		{
			"from": [6.742, 10.13753, 7.52953],
			"to": [9.258, 13.15353, 10.04553],
			"shade": false,
			"rotation": {"angle": 0, "axis": "y", "origin": [8, 11.64553, 8.78753]},
			"faces": {
				"north": {"uv": [11.625, 10.875, 11.9375, 11.25], "texture": "#0"},
				"east": {"uv": [11.125, 11.625, 11.4375, 12], "texture": "#0"},
				"south": {"uv": [11.5, 11.625, 11.8125, 12], "texture": "#0"},
				"west": {"uv": [0, 11.75, 0.3125, 12.125], "texture": "#0"},
				"up": {"uv": [6.9375, 12.1875, 6.625, 11.875], "texture": "#0"},
				"down": {"uv": [9.3125, 11.875, 9, 12.1875], "texture": "#0"}
			}
		},
		{
			"from": [6.75, 12.55299, 7.05866],
			"to": [9.25, 15.55299, 9.55866],
			"shade": false,
			"rotation": {"angle": -22.5, "axis": "x", "origin": [8, 14.05299, 8.30866]},
			"faces": {
				"north": {"uv": [0.375, 11.75, 0.6875, 12.125], "texture": "#0"},
				"east": {"uv": [11.75, 1, 12.0625, 1.375], "texture": "#0"},
				"south": {"uv": [1.25, 11.75, 1.5625, 12.125], "texture": "#0"},
				"west": {"uv": [11.75, 1.375, 12.0625, 1.75], "texture": "#0"},
				"up": {"uv": [10.0625, 12.1875, 9.75, 11.875], "texture": "#0"},
				"down": {"uv": [12.1875, 11.25, 11.875, 11.5625], "texture": "#0"}
			}
		},
		{
			"name": "ef",
			"from": [5.75, 2, 2],
			"to": [5.75, 10, 7],
			"rotation": {"angle": -22.5, "axis": "y", "origin": [5.75, 6, 4.5]},
			"faces": {
				"north": {"uv": [0, 0, 0, 11], "texture": "#1"},
				"east": {"uv": [6, 6.5, 0, 16], "texture": "#1"},
				"south": {"uv": [0, 0, 0, 11], "texture": "#1"},
				"west": {"uv": [0, 6.5, 6, 16], "texture": "#1"},
				"up": {"uv": [0, 0, 0, 9], "texture": "#1"},
				"down": {"uv": [0, 0, 0, 9], "texture": "#1"}
			}
		},
		{
			"name": "ef",
			"from": [10.25, 18, 2],
			"to": [10.25, 26, 7],
			"rotation": {"angle": 22.5, "axis": "y", "origin": [10.25, 22, 4.5]},
			"faces": {
				"north": {"uv": [0, 0, 0, 11], "texture": "#1"},
				"east": {"uv": [6, 6.5, 0, 16], "texture": "#1"},
				"south": {"uv": [0, 0, 0, 11], "texture": "#1"},
				"west": {"uv": [0, 6.5, 6, 16], "texture": "#1"},
				"up": {"uv": [0, 0, 0, 9], "texture": "#1"},
				"down": {"uv": [0, 0, 0, 9], "texture": "#1"}
			}
		},
		{
			"name": "ef",
			"from": [10, 10, 12],
			"to": [10, 18, 17],
			"rotation": {"angle": -45, "axis": "y", "origin": [10, 14, 14.5]},
			"faces": {
				"north": {"uv": [0, 0, 0, 11], "texture": "#1"},
				"east": {"uv": [10, 6.5, 16, 16], "texture": "#1"},
				"south": {"uv": [0, 0, 0, 11], "texture": "#1"},
				"west": {"uv": [16, 6.5, 10, 16], "texture": "#1"},
				"up": {"uv": [0, 9, 0, 0], "texture": "#1"},
				"down": {"uv": [0, 9, 0, 0], "texture": "#1"}
			}
		}
	],
	"gui_light": "front",
	"display": {
		"thirdperson_righthand": {
			"translation": [0, 2.75, 2.5],
			"scale": [0.7, 0.7, 0.7]
		},
		"thirdperson_lefthand": {
			"translation": [0, 2.75, 2.5],
			"scale": [0.7, 0.7, 0.7]
		},
		"firstperson_righthand": {
			"rotation": [6.86, 5.55, 0.1],
			"translation": [21.5, -2, -24],
			"scale": [1.34, 1.34, 1.34]
		},
		"firstperson_lefthand": {
			"rotation": [6.86, 5.55, 0.1],
			"translation": [21.5, -2, -24],
			"scale": [1.34, 1.34, 1.34]
		},
		"ground": {
			"rotation": [45, 0, 0],
			"translation": [0, 2.25, 0],
			"scale": [0.39, 0.39, 0.39]
		},
		"gui": {
			"rotation": [90, 45, -90],
			"translation": [-2, -1, 0],
			"scale": [0.48, 0.48, 0.48]
		},
		"head": {
			"scale": [0, 0, 0]
		},
		"fixed": {
			"rotation": [0, -90, 0],
			"translation": [-0.25, -5.5, -1.75]
		}
	},
	"groups": [
		{
			"name": "swashbuckler_shovel",
			"origin": [8.25, 27.38266, 16.93582],
			"color": 0,
			"nbt": "{}",
			"shade": false,
			"children": [0, 1, 2, 3, 4, 5, 6, 7, 8, 9, 10, 11, 12, 13, 14, 15, 16, 17, 18, 19, 20, 21, 22, 23, 24, 25, 26, 27, 28, 29, 30, 31, 32, 33, 34, 35, 36, 37, 38, 39, 40, 41, 42, 43, 44]
		},
		45,
		46,
		47
	]
}