
{
	"credit": "Made with Blockbench",
	"texture_size": [64, 64],
	"textures": {
		"2": "item/crown/crown_n_5_long",
		"particle": "item/crown/crown_n_5_long"
	},
	"elements": [
		{
			"from": [-1.006, 2.998, -0.002],
			"to": [-0.002, 4.002, 16.002],
			"shade": false,
			"rotation": {"angle": 0, "axis": "y", "origin": [-0.51258, 1.5, 8]},
			"faces": {
				"north": {"uv": [2.75, 7.75, 3, 8], "texture": "#2"},
				"east": {"uv": [5.5, 1, 9.5, 1.25], "texture": "#2"},
				"south": {"uv": [8.25, 8, 8.5, 8.25], "texture": "#2"},
				"west": {"uv": [5.5, 1.25, 9.5, 1.5], "texture": "#2"},
				"up": {"uv": [4, 9.5, 3.75, 5.5], "texture": "#2"},
				"down": {"uv": [4.25, 5.5, 4, 9.5], "texture": "#2"}
			}
		},
		{
			"from": [-0.002, 2.998, -0.002],
			"to": [16.002, 4.002, 1.002],
			"shade": false,
			"rotation": {"angle": 0, "axis": "y", "origin": [7, 3, 0]},
			"faces": {
				"north": {"uv": [5.5, 1.5, 9.5, 1.75], "texture": "#2"},
				"east": {"uv": [9.25, 8, 9.5, 8.25], "texture": "#2"},
				"south": {"uv": [5.5, 1.75, 9.5, 2], "texture": "#2"},
				"west": {"uv": [9.25, 8.25, 9.5, 8.5], "texture": "#2"},
				"up": {"uv": [8.25, 5.75, 4.25, 5.5], "texture": "#2"},
				"down": {"uv": [9.5, 4.5, 5.5, 4.75], "texture": "#2"}
			}
		},
		{
			"from": [7.492, 10.992, 0.492],
			"to": [8.508, 13.508, 1.508],
			"shade": false,
			"rotation": {"angle": 0, "axis": "y", "origin": [7, 11, 0.5]},
			"faces": {
				"north": {"uv": [8.75, 8.75, 9, 9.375], "texture": "#2"},
				"east": {"uv": [0.75, 9, 1, 9.625], "texture": "#2"},
				"south": {"uv": [1, 9, 1.25, 9.625], "texture": "#2"},
				"west": {"uv": [1.25, 9, 1.5, 9.625], "texture": "#2"},
				"up": {"uv": [7, 9.75, 6.75, 9.5], "texture": "#2"},
				"down": {"uv": [9.75, 6.75, 9.5, 7], "texture": "#2"}
			}
		},
		{
			"from": [5.498, 11.498, 0.898],
			"to": [10.502, 19.502, 0.902],
			"shade": false,
			"rotation": {"angle": 0, "axis": "y", "origin": [7, 11, 0.4]},
			"faces": {
				"north": {"uv": [4.25, 0, 5.5, 2], "texture": "#2"},
				"east": {"uv": [0, 0, 0, 2], "texture": "#2"},
				"south": {"uv": [5.5, 0, 4.25, 2], "texture": "#2"},
				"west": {"uv": [0, 0, 0, 2], "texture": "#2"},
				"up": {"uv": [1.25, 0, 0, 0], "texture": "#2"},
				"down": {"uv": [1.25, 0, 0, 0], "texture": "#2"}
			}
		},
		{
			"from": [4.91823, 10.383, 0.496],
			"to": [8.42623, 11.391, 1.504],
			"shade": false,
			"rotation": {"angle": 22.5, "axis": "z", "origin": [6.92223, 10.887, 1]},
			"faces": {
				"north": {"uv": [8.25, 5.5, 9.125, 5.75], "texture": "#2"},
				"east": {"uv": [9.5, 7, 9.75, 7.25], "texture": "#2"},
				"south": {"uv": [8.5, 8.5, 9.375, 8.75], "texture": "#2"},
				"west": {"uv": [9.5, 7.25, 9.75, 7.5], "texture": "#2"},
				"up": {"uv": [3.125, 9, 2.25, 8.75], "texture": "#2"},
				"down": {"uv": [5.625, 8.75, 4.75, 9], "texture": "#2"}
			}
		},
		{
			"from": [3.04814, 10.09798, 0.498],
			"to": [5.55214, 11.10198, 1.502],
			"shade": false,
			"rotation": {"angle": -22.5, "axis": "z", "origin": [4.30014, 10.59998, 1]},
			"faces": {
				"north": {"uv": [1.5, 9, 2.125, 9.25], "texture": "#2"},
				"east": {"uv": [7.75, 9.5, 8, 9.75], "texture": "#2"},
				"south": {"uv": [2.25, 9, 2.875, 9.25], "texture": "#2"},
				"west": {"uv": [8, 9.5, 8.25, 9.75], "texture": "#2"},
				"up": {"uv": [9.625, 4.25, 9, 4], "texture": "#2"},
				"down": {"uv": [9.625, 4.25, 9, 4.5], "texture": "#2"}
			}
		},
		{
			"from": [0.04814, 10.09798, 0.998],
			"to": [5.05214, 15.10198, 1.002],
			"shade": false,
			"rotation": {"angle": -22.5, "axis": "z", "origin": [4.30014, 10.59998, 1]},
			"faces": {
				"north": {"uv": [1.25, 5.5, 2.5, 6.75], "texture": "#2"},
				"east": {"uv": [0, 0, 0, 1.25], "texture": "#2"},
				"south": {"uv": [2.5, 5.5, 1.25, 6.75], "texture": "#2"},
				"west": {"uv": [0, 0, 0, 1.25], "texture": "#2"},
				"up": {"uv": [1.25, 0, 0, 0], "texture": "#2"},
				"down": {"uv": [1.25, 0, 0, 0], "texture": "#2"}
			}
		},
		{
			"from": [10.94786, 10.09798, 0.998],
			"to": [15.95186, 15.10198, 1.002],
			"shade": false,
			"rotation": {"angle": 22.5, "axis": "z", "origin": [11.69986, 10.59998, 1]},
			"faces": {
				"north": {"uv": [2.5, 5.5, 1.25, 6.75], "texture": "#2"},
				"east": {"uv": [0, 0, 0, 1.25], "texture": "#2"},
				"south": {"uv": [1.25, 5.5, 2.5, 6.75], "texture": "#2"},
				"west": {"uv": [0, 0, 0, 1.25], "texture": "#2"},
				"up": {"uv": [0, 0, 1.25, 0], "texture": "#2"},
				"down": {"uv": [0, 0, 1.25, 0], "texture": "#2"}
			}
		},
		{
			"from": [10.44786, 10.09798, 0.498],
			"to": [12.95186, 11.10198, 1.502],
			"shade": false,
			"rotation": {"angle": 22.5, "axis": "z", "origin": [11.69986, 10.59998, 1]},
			"faces": {
				"north": {"uv": [2.125, 9, 1.5, 9.25], "texture": "#2"},
				"east": {"uv": [8.25, 9.5, 8, 9.75], "texture": "#2"},
				"south": {"uv": [2.875, 9, 2.25, 9.25], "texture": "#2"},
				"west": {"uv": [8, 9.5, 7.75, 9.75], "texture": "#2"},
				"up": {"uv": [9, 4.25, 9.625, 4], "texture": "#2"},
				"down": {"uv": [9, 4.25, 9.625, 4.5], "texture": "#2"}
			}
		},
		{
			"from": [4.82135, 3.19112, 0.098],
			"to": [5.82535, 6.19512, 0.902],
			"shade": false,
			"rotation": {"angle": 45, "axis": "z", "origin": [5.32335, 4.44312, 0.5]},
			"faces": {
				"north": {"uv": [3.5, 8, 3.75, 8.75], "texture": "#2"},
				"east": {"uv": [0, 8.75, 0.25, 9.5], "texture": "#2"},
				"south": {"uv": [0.25, 8.75, 0.5, 9.5], "texture": "#2"},
				"west": {"uv": [0.5, 8.75, 0.75, 9.5], "texture": "#2"},
				"up": {"uv": [9.75, 8.5, 9.5, 8.25], "texture": "#2"},
				"down": {"uv": [8.75, 9.5, 8.5, 9.75], "texture": "#2"}
			}
		},
		{
			"from": [3.24153, 5.40478, 0.198],
			"to": [4.04553, 7.80878, 0.802],
			"shade": false,
			"rotation": {"angle": 22.5, "axis": "z", "origin": [3.64353, 6.90678, 0.5]},
			"faces": {
				"north": {"uv": [3, 9, 3.25, 9.625], "texture": "#2"},
				"east": {"uv": [9.25, 2, 9.375, 2.625], "texture": "#2"},
				"south": {"uv": [4.75, 9, 5, 9.625], "texture": "#2"},
				"west": {"uv": [2.25, 9.25, 2.375, 9.875], "texture": "#2"},
				"up": {"uv": [10, 5.125, 9.75, 5], "texture": "#2"},
				"down": {"uv": [5.5, 9.75, 5.25, 9.875], "texture": "#2"}
			}
		},
		{
			"from": [2.24153, 5.90478, 0.423],
			"to": [5.04553, 9.80878, 0.427],
			"shade": false,
			"rotation": {"angle": 22.5, "axis": "z", "origin": [3.64353, 6.90678, 0.425]},
			"faces": {
				"north": {"uv": [0, 6.5, 0.75, 7.5], "texture": "#2"},
				"east": {"uv": [0, 0, 0, 1], "texture": "#2"},
				"south": {"uv": [0.75, 6.5, 0, 7.5], "texture": "#2"},
				"west": {"uv": [0, 0, 0, 1], "texture": "#2"},
				"up": {"uv": [0.75, 0, 0, 0], "texture": "#2"},
				"down": {"uv": [0.75, 0, 0, 0], "texture": "#2"}
			}
		},
		{
			"from": [1.80633, 5.02762, -0.477],
			"to": [4.21033, 5.73162, 0.127],
			"shade": false,
			"rotation": {"angle": -22.5, "axis": "y", "origin": [2.75833, 5.37962, -0.15]},
			"faces": {
				"north": {"uv": [9, 7.5, 9.625, 7.625], "texture": "#2"},
				"east": {"uv": [6, 9.75, 6.125, 9.875], "texture": "#2"},
				"south": {"uv": [9, 7.75, 9.625, 7.875], "texture": "#2"},
				"west": {"uv": [9.75, 6, 9.875, 6.125], "texture": "#2"},
				"up": {"uv": [9.875, 0.875, 9.25, 0.75], "texture": "#2"},
				"down": {"uv": [9.875, 2.75, 9.25, 2.875], "texture": "#2"}
			}
		},
		{
			"from": [0.80633, 4.02762, -0.127],
			"to": [4.21033, 6.73162, -0.123],
			"shade": false,
			"rotation": {"angle": -22.5, "axis": "y", "origin": [2.75833, 5.37962, -0.15]},
			"faces": {
				"north": {"uv": [0.75, 7.75, 1.625, 8.375], "texture": "#2"},
				"east": {"uv": [0, 0, 0, 0.625], "texture": "#2"},
				"south": {"uv": [1.625, 7.75, 0.75, 8.375], "texture": "#2"},
				"west": {"uv": [0, 0, 0, 0.625], "texture": "#2"},
				"up": {"uv": [0.875, 0, 0, 0], "texture": "#2"},
				"down": {"uv": [0.875, 0, 0, 0], "texture": "#2"}
			}
		},
		{
			"from": [11.78967, 4.02762, -0.127],
			"to": [15.19367, 6.73162, -0.123],
			"shade": false,
			"rotation": {"angle": 22.5, "axis": "y", "origin": [13.24167, 5.37962, -0.15]},
			"faces": {
				"north": {"uv": [1.625, 7.75, 0.75, 8.375], "texture": "#2"},
				"east": {"uv": [0, 0, 0, 0.625], "texture": "#2"},
				"south": {"uv": [0.75, 7.75, 1.625, 8.375], "texture": "#2"},
				"west": {"uv": [0, 0, 0, 0.625], "texture": "#2"},
				"up": {"uv": [0, 0, 0.875, 0], "texture": "#2"},
				"down": {"uv": [0, 0, 0.875, 0], "texture": "#2"}
			}
		},
		{
			"from": [10.95447, 5.90478, 0.423],
			"to": [13.75847, 9.80878, 0.427],
			"shade": false,
			"rotation": {"angle": -22.5, "axis": "z", "origin": [12.35647, 6.90678, 0.425]},
			"faces": {
				"north": {"uv": [0.75, 6.5, 0, 7.5], "texture": "#2"},
				"east": {"uv": [0, 0, 0, 1], "texture": "#2"},
				"south": {"uv": [0, 6.5, 0.75, 7.5], "texture": "#2"},
				"west": {"uv": [0, 0, 0, 1], "texture": "#2"},
				"up": {"uv": [0, 0, 0.75, 0], "texture": "#2"},
				"down": {"uv": [0, 0, 0.75, 0], "texture": "#2"}
			}
		},
		{
			"from": [11.78967, 5.02762, -0.477],
			"to": [14.19367, 5.73162, 0.127],
			"shade": false,
			"rotation": {"angle": 22.5, "axis": "y", "origin": [13.24167, 5.37962, -0.15]},
			"faces": {
				"north": {"uv": [9.625, 7.5, 9, 7.625], "texture": "#2"},
				"east": {"uv": [9.875, 6, 9.75, 6.125], "texture": "#2"},
				"south": {"uv": [9.625, 7.75, 9, 7.875], "texture": "#2"},
				"west": {"uv": [6.125, 9.75, 6, 9.875], "texture": "#2"},
				"up": {"uv": [9.25, 0.875, 9.875, 0.75], "texture": "#2"},
				"down": {"uv": [9.25, 2.75, 9.875, 2.875], "texture": "#2"}
			}
		},
		{
			"from": [11.95447, 5.40478, 0.198],
			"to": [12.75847, 7.80878, 0.802],
			"shade": false,
			"rotation": {"angle": -22.5, "axis": "z", "origin": [12.35647, 6.90678, 0.5]},
			"faces": {
				"north": {"uv": [3.25, 9, 3, 9.625], "texture": "#2"},
				"east": {"uv": [2.375, 9.25, 2.25, 9.875], "texture": "#2"},
				"south": {"uv": [5, 9, 4.75, 9.625], "texture": "#2"},
				"west": {"uv": [9.375, 2, 9.25, 2.625], "texture": "#2"},
				"up": {"uv": [9.75, 5.125, 10, 5], "texture": "#2"},
				"down": {"uv": [5.25, 9.75, 5.5, 9.875], "texture": "#2"}
			}
		},
		{
			"from": [10.17465, 3.19112, 0.098],
			"to": [11.17865, 6.19512, 0.902],
			"shade": false,
			"rotation": {"angle": -45, "axis": "z", "origin": [10.67665, 4.44312, 0.5]},
			"faces": {
				"north": {"uv": [3.75, 8, 3.5, 8.75], "texture": "#2"},
				"east": {"uv": [0.75, 8.75, 0.5, 9.5], "texture": "#2"},
				"south": {"uv": [0.5, 8.75, 0.25, 9.5], "texture": "#2"},
				"west": {"uv": [0.25, 8.75, 0, 9.5], "texture": "#2"},
				"up": {"uv": [9.5, 8.5, 9.75, 8.25], "texture": "#2"},
				"down": {"uv": [8.5, 9.5, 8.75, 9.75], "texture": "#2"}
			}
		},
		{
			"from": [-0.54955, 6.44761, -0.32196],
			"to": [-0.54555, 10.35161, 2.48204],
			"shade": false,
			"rotation": {"angle": -22.5, "axis": "x", "origin": [-0.51005, 7.77461, 1.08004]},
			"faces": {
				"north": {"uv": [0, 0, 0, 1], "texture": "#2"},
				"east": {"uv": [3, 6.75, 2.25, 7.75], "texture": "#2"},
				"south": {"uv": [0, 0, 0, 1], "texture": "#2"},
				"west": {"uv": [2.25, 6.75, 3, 7.75], "texture": "#2"},
				"up": {"uv": [0, 0.75, 0, 0], "texture": "#2"},
				"down": {"uv": [0, 0, 0, 0.75], "texture": "#2"}
			}
		},
		{
			"from": [-1.17455, 4.52328, 1.89576],
			"to": [-1.17055, 7.22728, 5.79976],
			"shade": false,
			"rotation": {"angle": -22.5, "axis": "y", "origin": [-1.19755, 5.87528, 3.34776]},
			"faces": {
				"north": {"uv": [0, 0, 0, 0.625], "texture": "#2"},
				"east": {"uv": [8.25, 7.5, 7.25, 8.125], "texture": "#2"},
				"south": {"uv": [0, 0, 0, 0.625], "texture": "#2"},
				"west": {"uv": [7.25, 7.5, 8.25, 8.125], "texture": "#2"},
				"up": {"uv": [0, 1, 0, 0], "texture": "#2"},
				"down": {"uv": [0, 0, 0, 1], "texture": "#2"}
			}
		},
		{
			"from": [-1.52455, 5.52328, 1.89576],
			"to": [-0.92055, 6.22728, 4.29976],
			"shade": false,
			"rotation": {"angle": -22.5, "axis": "y", "origin": [-1.19755, 5.87528, 3.34776]},
			"faces": {
				"north": {"uv": [6.25, 9.75, 6.375, 9.875], "texture": "#2"},
				"east": {"uv": [9.25, 5.5, 9.875, 5.625], "texture": "#2"},
				"south": {"uv": [9.75, 6.25, 9.875, 6.375], "texture": "#2"},
				"west": {"uv": [6.25, 9.25, 6.875, 9.375], "texture": "#2"},
				"up": {"uv": [7.125, 9.875, 7, 9.25], "texture": "#2"},
				"down": {"uv": [7.375, 9.25, 7.25, 9.875], "texture": "#2"}
			}
		},
		{
			"from": [0.35045, 6.84828, 2.99576],
			"to": [0.35445, 11.25228, 5.69976],
			"shade": false,
			"rotation": {"angle": -22.5, "axis": "z", "origin": [0.32745, 8.30028, 4.34776]},
			"faces": {
				"north": {"uv": [0, 0, 0, 1.125], "texture": "#2"},
				"east": {"uv": [0.625, 7.5, 0, 8.625], "texture": "#2"},
				"south": {"uv": [0, 0, 0, 1.125], "texture": "#2"},
				"west": {"uv": [0, 7.5, 0.625, 8.625], "texture": "#2"},
				"up": {"uv": [0, 0.625, 0, 0], "texture": "#2"},
				"down": {"uv": [0, 0, 0, 0.625], "texture": "#2"}
			}
		},
		{
			"from": [0.00045, 6.84828, 3.99576],
			"to": [0.60445, 9.25228, 4.69976],
			"shade": false,
			"rotation": {"angle": -22.5, "axis": "z", "origin": [0.32745, 8.30028, 4.34776]},
			"faces": {
				"north": {"uv": [7.5, 9.25, 7.625, 9.875], "texture": "#2"},
				"east": {"uv": [9.25, 8.75, 9.375, 9.375], "texture": "#2"},
				"south": {"uv": [0, 9.5, 0.125, 10.125], "texture": "#2"},
				"west": {"uv": [9.5, 0, 9.625, 0.625], "texture": "#2"},
				"up": {"uv": [9.875, 6.625, 9.75, 6.5], "texture": "#2"},
				"down": {"uv": [6.875, 9.75, 6.75, 9.875], "texture": "#2"}
			}
		},
		{
			"from": [-0.85388, 7.12925, 8.52076],
			"to": [-0.14988, 9.53325, 9.12476],
			"shade": false,
			"rotation": {"angle": 45, "axis": "x", "origin": [-0.50188, 8.83125, 8.84776]},
			"faces": {
				"north": {"uv": [0.25, 9.5, 0.375, 10.125], "texture": "#2"},
				"east": {"uv": [0.5, 9.5, 0.625, 10.125], "texture": "#2"},
				"south": {"uv": [9.5, 1, 9.625, 1.625], "texture": "#2"},
				"west": {"uv": [9.5, 1.75, 9.625, 2.375], "texture": "#2"},
				"up": {"uv": [9.875, 6.875, 9.75, 6.75], "texture": "#2"},
				"down": {"uv": [9.875, 7, 9.75, 7.125], "texture": "#2"}
			}
		},
		{
			"from": [-0.85388, 6.79338, 4.42453],
			"to": [-0.14988, 9.44738, 5.02853],
			"shade": false,
			"rotation": {"angle": 45, "axis": "x", "origin": [-0.50188, 7.99538, 4.72653]},
			"faces": {
				"north": {"uv": [3.25, 9.5, 3.375, 10.125], "texture": "#2"},
				"east": {"uv": [3.5, 9.5, 3.625, 10.125], "texture": "#2"},
				"south": {"uv": [3.75, 9.5, 3.875, 10.125], "texture": "#2"},
				"west": {"uv": [4, 9.5, 4.125, 10.125], "texture": "#2"},
				"up": {"uv": [9.875, 7.375, 9.75, 7.25], "texture": "#2"},
				"down": {"uv": [9.875, 7.5, 9.75, 7.625], "texture": "#2"}
			}
		},
		{
			"from": [-0.85188, 8.82511, 5.89561],
			"to": [-0.15188, 11.72511, 6.49561],
			"shade": false,
			"rotation": {"angle": 22.5, "axis": "x", "origin": [-0.50188, 10.15011, 6.19561]},
			"faces": {
				"north": {"uv": [9.25, 0, 9.375, 0.75], "texture": "#2"},
				"east": {"uv": [1.5, 9.25, 1.625, 10], "texture": "#2"},
				"south": {"uv": [1.75, 9.25, 1.875, 10], "texture": "#2"},
				"west": {"uv": [2, 9.25, 2.125, 10], "texture": "#2"},
				"up": {"uv": [7.875, 9.875, 7.75, 9.75], "texture": "#2"},
				"down": {"uv": [9.875, 7.75, 9.75, 7.875], "texture": "#2"}
			}
		},
		{
			"from": [-0.85388, 11.4915, 6.47411],
			"to": [-0.14988, 13.1455, 7.07811],
			"shade": false,
			"rotation": {"angle": 0, "axis": "y", "origin": [-0.50188, 12.9435, 6.77611]},
			"faces": {
				"north": {"uv": [9.75, 1, 9.875, 1.375], "texture": "#2"},
				"east": {"uv": [1.25, 9.75, 1.375, 10.125], "texture": "#2"},
				"south": {"uv": [9.75, 1.5, 9.875, 1.875], "texture": "#2"},
				"west": {"uv": [9.75, 2, 9.875, 2.375], "texture": "#2"},
				"up": {"uv": [8.125, 9.875, 8, 9.75], "texture": "#2"},
				"down": {"uv": [9.875, 8, 9.75, 8.125], "texture": "#2"}
			}
		},
		{
			"from": [-1.00388, 11.2415, 6.82411],
			"to": [-0.99988, 13.3955, 9.07811],
			"shade": false,
			"rotation": {"angle": -22.5, "axis": "y", "origin": [-1.00188, 12.3185, 7.95111]},
			"faces": {
				"north": {"uv": [0, 0, 0, 0.5], "texture": "#2"},
				"east": {"uv": [8.875, 4, 8.25, 4.5], "texture": "#2"},
				"south": {"uv": [0, 0, 0, 0.5], "texture": "#2"},
				"west": {"uv": [8.25, 4, 8.875, 4.5], "texture": "#2"},
				"up": {"uv": [0, 0.625, 0, 0], "texture": "#2"},
				"down": {"uv": [0, 0, 0, 0.625], "texture": "#2"}
			}
		},
		{
			"from": [-0.25388, 9.2415, 6.07411],
			"to": [-0.24988, 11.3955, 8.32811],
			"shade": false,
			"rotation": {"angle": 22.5, "axis": "y", "origin": [-0.25188, 10.3185, 7.20111]},
			"faces": {
				"north": {"uv": [0, 0, 0, 0.5], "texture": "#2"},
				"east": {"uv": [7, 8.25, 7.625, 8.75], "texture": "#2"},
				"south": {"uv": [0, 0, 0, 0.5], "texture": "#2"},
				"west": {"uv": [8.25, 7.5, 8.875, 8], "texture": "#2"},
				"up": {"uv": [0, 0.625, 0, 0], "texture": "#2"},
				"down": {"uv": [0, 0, 0, 0.625], "texture": "#2"}
			}
		},
		{
			"from": [-0.80388, 7.2415, 4.82411],
			"to": [-0.79988, 9.3955, 7.07811],
			"shade": false,
			"rotation": {"angle": -22.5, "axis": "y", "origin": [-0.80188, 8.3185, 5.95111]},
			"faces": {
				"north": {"uv": [0, 0, 0, 0.5], "texture": "#2"},
				"east": {"uv": [7.75, 8.25, 8.375, 8.75], "texture": "#2"},
				"south": {"uv": [0, 0, 0, 0.5], "texture": "#2"},
				"west": {"uv": [0.75, 8.5, 1.375, 9], "texture": "#2"},
				"up": {"uv": [0, 0.625, 0, 0], "texture": "#2"},
				"down": {"uv": [0, 0, 0, 0.625], "texture": "#2"}
			}
		},
		{
			"from": [-0.55388, 7.9915, 3.07411],
			"to": [-0.54988, 10.1455, 5.32811],
			"shade": false,
			"rotation": {"angle": 22.5, "axis": "x", "origin": [-0.55188, 9.0685, 4.20111]},
			"faces": {
				"north": {"uv": [0, 0, 0, 0.5], "texture": "#2"},
				"east": {"uv": [9.125, 2, 8.5, 2.5], "texture": "#2"},
				"south": {"uv": [0, 0, 0, 0.5], "texture": "#2"},
				"west": {"uv": [8.5, 2, 9.125, 2.5], "texture": "#2"},
				"up": {"uv": [0, 0.625, 0, 0], "texture": "#2"},
				"down": {"uv": [0, 0, 0, 0.625], "texture": "#2"}
			}
		},
		{
			"from": [-0.20388, 10.7415, 4.32411],
			"to": [-0.19988, 12.8955, 6.57811],
			"shade": false,
			"rotation": {"angle": -22.5, "axis": "y", "origin": [-0.20188, 11.8185, 5.45111]},
			"faces": {
				"north": {"uv": [0, 0, 0, 0.5], "texture": "#2"},
				"east": {"uv": [9.125, 8, 8.5, 8.5], "texture": "#2"},
				"south": {"uv": [0, 0, 0, 0.5], "texture": "#2"},
				"west": {"uv": [8.5, 8, 9.125, 8.5], "texture": "#2"},
				"up": {"uv": [0, 0.625, 0, 0], "texture": "#2"},
				"down": {"uv": [0, 0, 0, 0.625], "texture": "#2"}
			}
		},
		{
			"from": [-0.45388, 13.7415, 3.57411],
			"to": [-0.44988, 16.3955, 6.57811],
			"shade": false,
			"rotation": {"angle": 45, "axis": "x", "origin": [-0.45188, 15.0685, 5.45111]},
			"faces": {
				"north": {"uv": [0, 0, 0, 0.625], "texture": "#2"},
				"east": {"uv": [7, 8.25, 6.25, 8.875], "texture": "#2"},
				"south": {"uv": [0, 0, 0, 0.625], "texture": "#2"},
				"west": {"uv": [6.25, 8.25, 7, 8.875], "texture": "#2"},
				"up": {"uv": [0, 0.75, 0, 0], "texture": "#2"},
				"down": {"uv": [0, 0, 0, 0.75], "texture": "#2"}
			}
		},
		{
			"from": [-0.85588, 12.96497, 6.17862],
			"to": [-0.14788, 14.62297, 6.78662],
			"shade": false,
			"rotation": {"angle": -22.5, "axis": "x", "origin": [-0.50188, 13.79397, 6.48262]},
			"faces": {
				"north": {"uv": [3, 9.75, 3.125, 10.125], "texture": "#2"},
				"east": {"uv": [9.75, 4, 9.875, 4.375], "texture": "#2"},
				"south": {"uv": [4.25, 9.75, 4.375, 10.125], "texture": "#2"},
				"west": {"uv": [4.5, 9.75, 4.625, 10.125], "texture": "#2"},
				"up": {"uv": [8.375, 9.875, 8.25, 9.75], "texture": "#2"},
				"down": {"uv": [9.875, 8.25, 9.75, 8.375], "texture": "#2"}
			}
		},
		{
			"from": [-1.85388, 7.12925, 8.87076],
			"to": [0.85012, 11.53325, 8.87476],
			"shade": false,
			"rotation": {"angle": 45, "axis": "x", "origin": [-0.50188, 8.83125, 8.84776]},
			"faces": {
				"north": {"uv": [4.75, 7.5, 5.375, 8.625], "texture": "#2"},
				"east": {"uv": [0, 0, 0, 1.125], "texture": "#2"},
				"south": {"uv": [5.375, 7.5, 4.75, 8.625], "texture": "#2"},
				"west": {"uv": [0, 0, 0, 1.125], "texture": "#2"},
				"up": {"uv": [0.625, 0, 0, 0], "texture": "#2"},
				"down": {"uv": [0.625, 0, 0, 0], "texture": "#2"}
			}
		},
		{
			"from": [-0.77455, 5.94761, 0.67804],
			"to": [-0.17055, 8.35161, 1.48204],
			"shade": false,
			"rotation": {"angle": -22.5, "axis": "x", "origin": [-0.51005, 7.77461, 1.08004]},
			"faces": {
				"north": {"uv": [2.5, 9.25, 2.625, 9.875], "texture": "#2"},
				"east": {"uv": [5, 9, 5.25, 9.625], "texture": "#2"},
				"south": {"uv": [2.75, 9.25, 2.875, 9.875], "texture": "#2"},
				"west": {"uv": [5.25, 9, 5.5, 9.625], "texture": "#2"},
				"up": {"uv": [9.875, 5.5, 9.75, 5.25], "texture": "#2"},
				"down": {"uv": [5.625, 9.75, 5.5, 10], "texture": "#2"}
			}
		},
		{
			"from": [-0.88055, 3.34839, 1.62139],
			"to": [-0.06455, 6.36439, 2.63739],
			"shade": false,
			"rotation": {"angle": 22.5, "axis": "x", "origin": [-0.48505, 6.95218, 1.9875]},
			"faces": {
				"north": {"uv": [3.25, 8.75, 3.5, 9.5], "texture": "#2"},
				"east": {"uv": [3.5, 8.75, 3.75, 9.5], "texture": "#2"},
				"south": {"uv": [5.75, 8.75, 6, 9.5], "texture": "#2"},
				"west": {"uv": [6, 8.75, 6.25, 9.5], "texture": "#2"},
				"up": {"uv": [9.75, 8.75, 9.5, 8.5], "texture": "#2"},
				"down": {"uv": [9, 9.5, 8.75, 9.75], "texture": "#2"}
			}
		},
		{
			"from": [-0.87855, 6.1464, 1.50134],
			"to": [-0.06655, 7.1584, 4.51334],
			"shade": false,
			"rotation": {"angle": -22.5, "axis": "x", "origin": [-0.47255, 6.6524, 3.00734]},
			"faces": {
				"north": {"uv": [9.5, 8.75, 9.75, 9], "texture": "#2"},
				"east": {"uv": [8.75, 6.75, 9.5, 7], "texture": "#2"},
				"south": {"uv": [9, 9.5, 9.25, 9.75], "texture": "#2"},
				"west": {"uv": [7, 8.75, 7.75, 9], "texture": "#2"},
				"up": {"uv": [8, 9.5, 7.75, 8.75], "texture": "#2"},
				"down": {"uv": [8.25, 8.75, 8, 9.5], "texture": "#2"}
			}
		},
		{
			"from": [-0.87655, 6.00489, 3.86592],
			"to": [-0.06855, 7.01289, 6.62392],
			"shade": false,
			"rotation": {"angle": 22.5, "axis": "x", "origin": [-0.47255, 6.50889, 5.74492]},
			"faces": {
				"north": {"uv": [9.5, 9, 9.75, 9.25], "texture": "#2"},
				"east": {"uv": [8.75, 7, 9.5, 7.25], "texture": "#2"},
				"south": {"uv": [9.25, 9.5, 9.5, 9.75], "texture": "#2"},
				"west": {"uv": [8.75, 7.25, 9.5, 7.5], "texture": "#2"},
				"up": {"uv": [8.5, 9.5, 8.25, 8.75], "texture": "#2"},
				"down": {"uv": [8.75, 8.75, 8.5, 9.5], "texture": "#2"}
			}
		},
		{
			"from": [-0.87455, 6.27098, 5.7146],
			"to": [-0.07055, 7.27498, 7.9686],
			"shade": false,
			"rotation": {"angle": -45, "axis": "x", "origin": [-0.47255, 6.77298, 6.7166]},
			"faces": {
				"north": {"uv": [9.5, 9.25, 9.75, 9.5], "texture": "#2"},
				"east": {"uv": [6.25, 9, 6.875, 9.25], "texture": "#2"},
				"south": {"uv": [9.5, 9.5, 9.75, 9.75], "texture": "#2"},
				"west": {"uv": [7, 9, 7.625, 9.25], "texture": "#2"},
				"up": {"uv": [5.75, 9.625, 5.5, 9], "texture": "#2"},
				"down": {"uv": [9.25, 8.75, 9, 9.375], "texture": "#2"}
			}
		},
		{
			"from": [7.57177, 10.381, 0.494],
			"to": [11.08377, 11.393, 1.506],
			"shade": false,
			"rotation": {"angle": -22.5, "axis": "z", "origin": [9.07777, 10.887, 1]},
			"faces": {
				"north": {"uv": [8.75, 5.75, 9.625, 6], "texture": "#2"},
				"east": {"uv": [9.5, 8, 9.75, 8.25], "texture": "#2"},
				"south": {"uv": [8.75, 6, 9.625, 6.25], "texture": "#2"},
				"west": {"uv": [8.25, 9.5, 8.5, 9.75], "texture": "#2"},
				"up": {"uv": [9.625, 6.5, 8.75, 6.25], "texture": "#2"},
				"down": {"uv": [9.625, 6.5, 8.75, 6.75], "texture": "#2"}
			}
		},
		{
			"from": [-0.502, 0.998, 0.48084],
			"to": [16.502, 3.002, 0.48484],
			"shade": false,
			"rotation": {"angle": 0, "axis": "y", "origin": [7, 4, -0.01716]},
			"faces": {
				"north": {"uv": [4.25, 2, 8.5, 2.5], "texture": "#2"},
				"east": {"uv": [0, 0, 0, 0.5], "texture": "#2"},
				"south": {"uv": [8.5, 2, 4.25, 2.5], "texture": "#2"},
				"west": {"uv": [0, 0, 0, 0.5], "texture": "#2"},
				"up": {"uv": [4.25, 0, 0, 0], "texture": "#2"},
				"down": {"uv": [4.25, 0, 0, 0], "texture": "#2"}
			}
		},
		{
			"from": [-0.502, 0.998, 0.473],
			"to": [-0.498, 3.002, 15.527],
			"shade": false,
			"rotation": {"angle": 0, "axis": "y", "origin": [-0.49142, 2.5, 8]},
			"faces": {
				"north": {"uv": [0, 0, 0, 0.5], "texture": "#2"},
				"east": {"uv": [9.25, 0.5, 5.5, 1], "texture": "#2"},
				"south": {"uv": [0, 0, 0, 0.5], "texture": "#2"},
				"west": {"uv": [5.5, 0.5, 9.25, 1], "texture": "#2"},
				"up": {"uv": [0, 3.75, 0, 0], "texture": "#2"},
				"down": {"uv": [0, 0, 0, 3.75], "texture": "#2"}
			}
		},
		{
			"from": [-1.006, -0.002, -0.002],
			"to": [-0.002, 1.002, 16.002],
			"shade": false,
			"rotation": {"angle": 0, "axis": "y", "origin": [-0.51258, 2.5, 8]},
			"faces": {
				"north": {"uv": [9.5, 2.5, 9.75, 2.75], "texture": "#2"},
				"east": {"uv": [5.5, 4.75, 9.5, 5], "texture": "#2"},
				"south": {"uv": [9.5, 4.5, 9.75, 4.75], "texture": "#2"},
				"west": {"uv": [5.5, 5, 9.5, 5.25], "texture": "#2"},
				"up": {"uv": [4.5, 9.75, 4.25, 5.75], "texture": "#2"},
				"down": {"uv": [4.75, 5.75, 4.5, 9.75], "texture": "#2"}
			}
		},
		{
			"from": [16.002, -0.002, -0.002],
			"to": [17.006, 1.002, 16.002],
			"shade": false,
			"rotation": {"angle": 0, "axis": "y", "origin": [16.51258, 2.5, 8]},
			"faces": {
				"north": {"uv": [9.75, 2.5, 9.5, 2.75], "texture": "#2"},
				"east": {"uv": [9.5, 5, 5.5, 5.25], "texture": "#2"},
				"south": {"uv": [9.75, 4.5, 9.5, 4.75], "texture": "#2"},
				"west": {"uv": [9.5, 4.75, 5.5, 5], "texture": "#2"},
				"up": {"uv": [4.25, 9.75, 4.5, 5.75], "texture": "#2"},
				"down": {"uv": [4.5, 5.75, 4.75, 9.75], "texture": "#2"}
			}
		},
		{
			"from": [16.498, 0.998, 0.473],
			"to": [16.502, 3.002, 15.527],
			"shade": false,
			"rotation": {"angle": 0, "axis": "y", "origin": [16.49142, 2.5, 8]},
			"faces": {
				"north": {"uv": [0, 0, 0, 0.5], "texture": "#2"},
				"east": {"uv": [9.25, 0.5, 5.5, 1], "texture": "#2"},
				"south": {"uv": [0, 0, 0, 0.5], "texture": "#2"},
				"west": {"uv": [5.5, 0.5, 9.25, 1], "texture": "#2"},
				"up": {"uv": [0, 3.75, 0, 0], "texture": "#2"},
				"down": {"uv": [0, 0, 0, 3.75], "texture": "#2"}
			}
		},
		{
			"from": [16.002, 2.998, -0.002],
			"to": [17.006, 4.002, 16.002],
			"shade": false,
			"rotation": {"angle": 0, "axis": "y", "origin": [16.51258, 1.5, 8]},
			"faces": {
				"north": {"uv": [3, 7.75, 2.75, 8], "texture": "#2"},
				"east": {"uv": [9.5, 1.25, 5.5, 1.5], "texture": "#2"},
				"south": {"uv": [8.5, 8, 8.25, 8.25], "texture": "#2"},
				"west": {"uv": [9.5, 1, 5.5, 1.25], "texture": "#2"},
				"up": {"uv": [3.75, 9.5, 4, 5.5], "texture": "#2"},
				"down": {"uv": [4, 5.5, 4.25, 9.5], "texture": "#2"}
			}
		},
		{
			"from": [-0.002, -0.002, -0.002],
			"to": [16.002, 1.002, 1.002],
			"shade": false,
			"rotation": {"angle": 0, "axis": "y", "origin": [7, 0, 0]},
			"faces": {
				"north": {"uv": [5.5, 5.25, 9.5, 5.5], "texture": "#2"},
				"east": {"uv": [9.5, 4.75, 9.75, 5], "texture": "#2"},
				"south": {"uv": [4.75, 5.75, 8.75, 6], "texture": "#2"},
				"west": {"uv": [9.5, 5, 9.75, 5.25], "texture": "#2"},
				"up": {"uv": [8.75, 6.25, 4.75, 6], "texture": "#2"},
				"down": {"uv": [8.75, 6.25, 4.75, 6.5], "texture": "#2"}
			}
		},
		{
			"from": [-0.002, 2.998, 14.998],
			"to": [16.002, 4.002, 16.002],
			"shade": false,
			"rotation": {"angle": 0, "axis": "y", "origin": [7, 3, 16]},
			"faces": {
				"north": {"uv": [4.75, 6.5, 8.75, 6.75], "texture": "#2"},
				"east": {"uv": [9.5, 5.25, 9.75, 5.5], "texture": "#2"},
				"south": {"uv": [4.75, 6.75, 8.75, 7], "texture": "#2"},
				"west": {"uv": [5.75, 9.5, 6, 9.75], "texture": "#2"},
				"up": {"uv": [8.75, 7.25, 4.75, 7], "texture": "#2"},
				"down": {"uv": [8.75, 7.25, 4.75, 7.5], "texture": "#2"}
			}
		},
		{
			"from": [-0.502, 0.998, 15.51516],
			"to": [16.502, 3.002, 15.51916],
			"shade": false,
			"rotation": {"angle": 0, "axis": "y", "origin": [7, 4, 16.01716]},
			"faces": {
				"north": {"uv": [5.5, 5, 1.25, 5.5], "texture": "#2"},
				"east": {"uv": [0, 0, 0, 0.5], "texture": "#2"},
				"south": {"uv": [1.25, 5, 5.5, 5.5], "texture": "#2"},
				"west": {"uv": [0, 0, 0, 0.5], "texture": "#2"},
				"up": {"uv": [4.25, 0, 0, 0], "texture": "#2"},
				"down": {"uv": [4.25, 0, 0, 0], "texture": "#2"}
			}
		},
		{
			"from": [-0.502, 3.998, 15.51516],
			"to": [16.502, 9.252, 15.51916],
			"shade": false,
			"rotation": {"angle": 0, "axis": "y", "origin": [7, 7, 16.01716]},
			"faces": {
				"north": {"uv": [0, 0, 4.25, 1.375], "texture": "#2"},
				"east": {"uv": [0, 0, 0, 1.375], "texture": "#2"},
				"south": {"uv": [0, 1.5, 4.25, 2.875], "texture": "#2"},
				"west": {"uv": [0, 0, 0, 1.375], "texture": "#2"},
				"up": {"uv": [4.25, 0, 0, 0], "texture": "#2"},
				"down": {"uv": [4.25, 0, 0, 0], "texture": "#2"}
			}
		},
		{
			"from": [-0.502, 3.998, 0.473],
			"to": [-0.498, 9.252, 15.527],
			"shade": false,
			"rotation": {"angle": 0, "axis": "y", "origin": [-0.49142, 5.5, 8]},
			"faces": {
				"north": {"uv": [0, 0, 0, 1.375], "texture": "#2"},
				"east": {"uv": [0, 3, 3.75, 4.375], "texture": "#2"},
				"south": {"uv": [0, 0, 0, 1.375], "texture": "#2"},
				"west": {"uv": [3.75, 3, 7.5, 4.375], "texture": "#2"},
				"up": {"uv": [0, 3.75, 0, 0], "texture": "#2"},
				"down": {"uv": [0, 0, 0, 3.75], "texture": "#2"}
			}
		},
		{
			"from": [16.498, 3.998, 0.473],
			"to": [16.502, 9.252, 15.527],
			"shade": false,
			"rotation": {"angle": 0, "axis": "y", "origin": [16.49142, 5.5, 8]},
			"faces": {
				"north": {"uv": [0, 0, 0, 1.375], "texture": "#2"},
				"east": {"uv": [7.5, 3, 3.75, 4.375], "texture": "#2"},
				"south": {"uv": [0, 0, 0, 1.375], "texture": "#2"},
				"west": {"uv": [3.75, 3, 0, 4.375], "texture": "#2"},
				"up": {"uv": [0, 3.75, 0, 0], "texture": "#2"},
				"down": {"uv": [0, 0, 0, 3.75], "texture": "#2"}
			}
		},
		{
			"from": [15.14988, 7.12925, 8.87076],
			"to": [17.85388, 11.53325, 8.87476],
			"shade": false,
			"rotation": {"angle": 45, "axis": "x", "origin": [16.50188, 8.83125, 8.84776]},
			"faces": {
				"north": {"uv": [5.375, 7.5, 4.75, 8.625], "texture": "#2"},
				"east": {"uv": [0, 0, 0, 1.125], "texture": "#2"},
				"south": {"uv": [4.75, 7.5, 5.375, 8.625], "texture": "#2"},
				"west": {"uv": [0, 0, 0, 1.125], "texture": "#2"},
				"up": {"uv": [0, 0, 0.625, 0], "texture": "#2"},
				"down": {"uv": [0, 0, 0.625, 0], "texture": "#2"}
			}
		},
		{
			"from": [16.14988, 7.12925, 8.52076],
			"to": [16.85388, 9.53325, 9.12476],
			"shade": false,
			"rotation": {"angle": 45, "axis": "x", "origin": [16.50188, 8.83125, 8.84776]},
			"faces": {
				"north": {"uv": [0.375, 9.5, 0.25, 10.125], "texture": "#2"},
				"east": {"uv": [9.625, 1.75, 9.5, 2.375], "texture": "#2"},
				"south": {"uv": [9.625, 1, 9.5, 1.625], "texture": "#2"},
				"west": {"uv": [0.625, 9.5, 0.5, 10.125], "texture": "#2"},
				"up": {"uv": [9.75, 6.875, 9.875, 6.75], "texture": "#2"},
				"down": {"uv": [9.75, 7, 9.875, 7.125], "texture": "#2"}
			}
		},
		{
			"from": [16.07055, 6.27098, 5.7146],
			"to": [16.87455, 7.27498, 7.9686],
			"shade": false,
			"rotation": {"angle": -45, "axis": "x", "origin": [16.47255, 6.77298, 6.7166]},
			"faces": {
				"north": {"uv": [9.75, 9.25, 9.5, 9.5], "texture": "#2"},
				"east": {"uv": [7.625, 9, 7, 9.25], "texture": "#2"},
				"south": {"uv": [9.75, 9.5, 9.5, 9.75], "texture": "#2"},
				"west": {"uv": [6.875, 9, 6.25, 9.25], "texture": "#2"},
				"up": {"uv": [5.5, 9.625, 5.75, 9], "texture": "#2"},
				"down": {"uv": [9, 8.75, 9.25, 9.375], "texture": "#2"}
			}
		},
		{
			"from": [16.06855, 6.00489, 3.86592],
			"to": [16.87655, 7.01289, 6.62392],
			"shade": false,
			"rotation": {"angle": 22.5, "axis": "x", "origin": [16.47255, 6.50889, 5.74492]},
			"faces": {
				"north": {"uv": [9.75, 9, 9.5, 9.25], "texture": "#2"},
				"east": {"uv": [9.5, 7.25, 8.75, 7.5], "texture": "#2"},
				"south": {"uv": [9.5, 9.5, 9.25, 9.75], "texture": "#2"},
				"west": {"uv": [9.5, 7, 8.75, 7.25], "texture": "#2"},
				"up": {"uv": [8.25, 9.5, 8.5, 8.75], "texture": "#2"},
				"down": {"uv": [8.5, 8.75, 8.75, 9.5], "texture": "#2"}
			}
		},
		{
			"from": [16.99988, 11.2415, 6.82411],
			"to": [17.00388, 13.3955, 9.07811],
			"shade": false,
			"rotation": {"angle": 22.5, "axis": "y", "origin": [17.00188, 12.3185, 7.95111]},
			"faces": {
				"north": {"uv": [0, 0, 0, 0.5], "texture": "#2"},
				"east": {"uv": [8.875, 4, 8.25, 4.5], "texture": "#2"},
				"south": {"uv": [0, 0, 0, 0.5], "texture": "#2"},
				"west": {"uv": [8.25, 4, 8.875, 4.5], "texture": "#2"},
				"up": {"uv": [0, 0.625, 0, 0], "texture": "#2"},
				"down": {"uv": [0, 0, 0, 0.625], "texture": "#2"}
			}
		},
		{
			"from": [16.44988, 13.7415, 3.57411],
			"to": [16.45388, 16.3955, 6.57811],
			"shade": false,
			"rotation": {"angle": 45, "axis": "x", "origin": [16.45188, 15.0685, 5.45111]},
			"faces": {
				"north": {"uv": [0, 0, 0, 0.625], "texture": "#2"},
				"east": {"uv": [7, 8.25, 6.25, 8.875], "texture": "#2"},
				"south": {"uv": [0, 0, 0, 0.625], "texture": "#2"},
				"west": {"uv": [6.25, 8.25, 7, 8.875], "texture": "#2"},
				"up": {"uv": [0, 0.75, 0, 0], "texture": "#2"},
				"down": {"uv": [0, 0, 0, 0.75], "texture": "#2"}
			}
		},
		{
			"from": [16.14788, 12.96497, 6.17862],
			"to": [16.85588, 14.62297, 6.78662],
			"shade": false,
			"rotation": {"angle": -22.5, "axis": "x", "origin": [16.50188, 13.79397, 6.48262]},
			"faces": {
				"north": {"uv": [3.125, 9.75, 3, 10.125], "texture": "#2"},
				"east": {"uv": [4.625, 9.75, 4.5, 10.125], "texture": "#2"},
				"south": {"uv": [4.375, 9.75, 4.25, 10.125], "texture": "#2"},
				"west": {"uv": [9.875, 4, 9.75, 4.375], "texture": "#2"},
				"up": {"uv": [8.25, 9.875, 8.375, 9.75], "texture": "#2"},
				"down": {"uv": [9.75, 8.25, 9.875, 8.375], "texture": "#2"}
			}
		},
		{
			"from": [16.14988, 11.4915, 6.47411],
			"to": [16.85388, 13.1455, 7.07811],
			"shade": false,
			"rotation": {"angle": 0, "axis": "y", "origin": [16.50188, 12.9435, 6.77611]},
			"faces": {
				"north": {"uv": [9.875, 1, 9.75, 1.375], "texture": "#2"},
				"east": {"uv": [9.875, 2, 9.75, 2.375], "texture": "#2"},
				"south": {"uv": [9.875, 1.5, 9.75, 1.875], "texture": "#2"},
				"west": {"uv": [1.375, 9.75, 1.25, 10.125], "texture": "#2"},
				"up": {"uv": [8, 9.875, 8.125, 9.75], "texture": "#2"},
				"down": {"uv": [9.75, 8, 9.875, 8.125], "texture": "#2"}
			}
		},
		{
			"from": [16.19988, 10.7415, 4.32411],
			"to": [16.20388, 12.8955, 6.57811],
			"shade": false,
			"rotation": {"angle": 22.5, "axis": "y", "origin": [16.20188, 11.8185, 5.45111]},
			"faces": {
				"north": {"uv": [0, 0, 0, 0.5], "texture": "#2"},
				"east": {"uv": [9.125, 8, 8.5, 8.5], "texture": "#2"},
				"south": {"uv": [0, 0, 0, 0.5], "texture": "#2"},
				"west": {"uv": [8.5, 8, 9.125, 8.5], "texture": "#2"},
				"up": {"uv": [0, 0.625, 0, 0], "texture": "#2"},
				"down": {"uv": [0, 0, 0, 0.625], "texture": "#2"}
			}
		},
		{
			"from": [16.15188, 8.82511, 5.89561],
			"to": [16.85188, 11.72511, 6.49561],
			"shade": false,
			"rotation": {"angle": 22.5, "axis": "x", "origin": [16.50188, 10.15011, 6.19561]},
			"faces": {
				"north": {"uv": [9.375, 0, 9.25, 0.75], "texture": "#2"},
				"east": {"uv": [2.125, 9.25, 2, 10], "texture": "#2"},
				"south": {"uv": [1.875, 9.25, 1.75, 10], "texture": "#2"},
				"west": {"uv": [1.625, 9.25, 1.5, 10], "texture": "#2"},
				"up": {"uv": [7.75, 9.875, 7.875, 9.75], "texture": "#2"},
				"down": {"uv": [9.75, 7.75, 9.875, 7.875], "texture": "#2"}
			}
		},
		{
			"from": [15.39555, 6.84828, 3.99576],
			"to": [15.99955, 9.25228, 4.69976],
			"shade": false,
			"rotation": {"angle": 22.5, "axis": "z", "origin": [15.67255, 8.30028, 4.34776]},
			"faces": {
				"north": {"uv": [7.625, 9.25, 7.5, 9.875], "texture": "#2"},
				"east": {"uv": [9.625, 0, 9.5, 0.625], "texture": "#2"},
				"south": {"uv": [0.125, 9.5, 0, 10.125], "texture": "#2"},
				"west": {"uv": [9.375, 8.75, 9.25, 9.375], "texture": "#2"},
				"up": {"uv": [9.75, 6.625, 9.875, 6.5], "texture": "#2"},
				"down": {"uv": [6.75, 9.75, 6.875, 9.875], "texture": "#2"}
			}
		},
		{
			"from": [15.64555, 6.84828, 2.99576],
			"to": [15.64955, 11.25228, 5.69976],
			"shade": false,
			"rotation": {"angle": 22.5, "axis": "z", "origin": [15.67255, 8.30028, 4.34776]},
			"faces": {
				"north": {"uv": [0, 0, 0, 1.125], "texture": "#2"},
				"east": {"uv": [0.625, 7.5, 0, 8.625], "texture": "#2"},
				"south": {"uv": [0, 0, 0, 1.125], "texture": "#2"},
				"west": {"uv": [0, 7.5, 0.625, 8.625], "texture": "#2"},
				"up": {"uv": [0, 0.625, 0, 0], "texture": "#2"},
				"down": {"uv": [0, 0, 0, 0.625], "texture": "#2"}
			}
		},
		{
			"from": [16.54988, 7.9915, 3.07411],
			"to": [16.55388, 10.1455, 5.32811],
			"shade": false,
			"rotation": {"angle": 22.5, "axis": "x", "origin": [16.55188, 9.0685, 4.20111]},
			"faces": {
				"north": {"uv": [0, 0, 0, 0.5], "texture": "#2"},
				"east": {"uv": [9.125, 2, 8.5, 2.5], "texture": "#2"},
				"south": {"uv": [0, 0, 0, 0.5], "texture": "#2"},
				"west": {"uv": [8.5, 2, 9.125, 2.5], "texture": "#2"},
				"up": {"uv": [0, 0.625, 0, 0], "texture": "#2"},
				"down": {"uv": [0, 0, 0, 0.625], "texture": "#2"}
			}
		},
		{
			"from": [16.14988, 6.79338, 4.42453],
			"to": [16.85388, 9.44738, 5.02853],
			"shade": false,
			"rotation": {"angle": 45, "axis": "x", "origin": [16.50188, 7.99538, 4.72653]},
			"faces": {
				"north": {"uv": [3.375, 9.5, 3.25, 10.125], "texture": "#2"},
				"east": {"uv": [4.125, 9.5, 4, 10.125], "texture": "#2"},
				"south": {"uv": [3.875, 9.5, 3.75, 10.125], "texture": "#2"},
				"west": {"uv": [3.625, 9.5, 3.5, 10.125], "texture": "#2"},
				"up": {"uv": [9.75, 7.375, 9.875, 7.25], "texture": "#2"},
				"down": {"uv": [9.75, 7.5, 9.875, 7.625], "texture": "#2"}
			}
		},
		{
			"from": [16.06655, 6.1464, 1.50134],
			"to": [16.87855, 7.1584, 4.51334],
			"shade": false,
			"rotation": {"angle": -22.5, "axis": "x", "origin": [16.47255, 6.6524, 3.00734]},
			"faces": {
				"north": {"uv": [9.75, 8.75, 9.5, 9], "texture": "#2"},
				"east": {"uv": [7.75, 8.75, 7, 9], "texture": "#2"},
				"south": {"uv": [9.25, 9.5, 9, 9.75], "texture": "#2"},
				"west": {"uv": [9.5, 6.75, 8.75, 7], "texture": "#2"},
				"up": {"uv": [7.75, 9.5, 8, 8.75], "texture": "#2"},
				"down": {"uv": [8, 8.75, 8.25, 9.5], "texture": "#2"}
			}
		},
		{
			"from": [17.17055, 4.52328, 1.89576],
			"to": [17.17455, 7.22728, 5.79976],
			"shade": false,
			"rotation": {"angle": 22.5, "axis": "y", "origin": [17.19755, 5.87528, 3.34776]},
			"faces": {
				"north": {"uv": [0, 0, 0, 0.625], "texture": "#2"},
				"east": {"uv": [8.25, 7.5, 7.25, 8.125], "texture": "#2"},
				"south": {"uv": [0, 0, 0, 0.625], "texture": "#2"},
				"west": {"uv": [7.25, 7.5, 8.25, 8.125], "texture": "#2"},
				"up": {"uv": [0, 1, 0, 0], "texture": "#2"},
				"down": {"uv": [0, 0, 0, 1], "texture": "#2"}
			}
		},
		{
			"from": [16.92055, 5.52328, 1.89576],
			"to": [17.52455, 6.22728, 4.29976],
			"shade": false,
			"rotation": {"angle": 22.5, "axis": "y", "origin": [17.19755, 5.87528, 3.34776]},
			"faces": {
				"north": {"uv": [6.375, 9.75, 6.25, 9.875], "texture": "#2"},
				"east": {"uv": [6.875, 9.25, 6.25, 9.375], "texture": "#2"},
				"south": {"uv": [9.875, 6.25, 9.75, 6.375], "texture": "#2"},
				"west": {"uv": [9.875, 5.5, 9.25, 5.625], "texture": "#2"},
				"up": {"uv": [7, 9.875, 7.125, 9.25], "texture": "#2"},
				"down": {"uv": [7.25, 9.25, 7.375, 9.875], "texture": "#2"}
			}
		},
		{
			"from": [16.54555, 6.44761, -0.32196],
			"to": [16.54955, 10.35161, 2.48204],
			"shade": false,
			"rotation": {"angle": -22.5, "axis": "x", "origin": [16.51005, 7.77461, 1.08004]},
			"faces": {
				"north": {"uv": [0, 0, 0, 1], "texture": "#2"},
				"east": {"uv": [3, 6.75, 2.25, 7.75], "texture": "#2"},
				"south": {"uv": [0, 0, 0, 1], "texture": "#2"},
				"west": {"uv": [2.25, 6.75, 3, 7.75], "texture": "#2"},
				"up": {"uv": [0, 0.75, 0, 0], "texture": "#2"},
				"down": {"uv": [0, 0, 0, 0.75], "texture": "#2"}
			}
		},
		{
			"from": [16.06455, 3.34839, 1.62139],
			"to": [16.88055, 6.36439, 2.63739],
			"shade": false,
			"rotation": {"angle": 22.5, "axis": "x", "origin": [16.48505, 6.95218, 1.9875]},
			"faces": {
				"north": {"uv": [3.5, 8.75, 3.25, 9.5], "texture": "#2"},
				"east": {"uv": [6.25, 8.75, 6, 9.5], "texture": "#2"},
				"south": {"uv": [6, 8.75, 5.75, 9.5], "texture": "#2"},
				"west": {"uv": [3.75, 8.75, 3.5, 9.5], "texture": "#2"},
				"up": {"uv": [9.5, 8.75, 9.75, 8.5], "texture": "#2"},
				"down": {"uv": [8.75, 9.5, 9, 9.75], "texture": "#2"}
			}
		},
		{
			"from": [16.17055, 5.94761, 0.67804],
			"to": [16.77455, 8.35161, 1.48204],
			"shade": false,
			"rotation": {"angle": -22.5, "axis": "x", "origin": [16.51005, 7.77461, 1.08004]},
			"faces": {
				"north": {"uv": [2.625, 9.25, 2.5, 9.875], "texture": "#2"},
				"east": {"uv": [5.5, 9, 5.25, 9.625], "texture": "#2"},
				"south": {"uv": [2.875, 9.25, 2.75, 9.875], "texture": "#2"},
				"west": {"uv": [5.25, 9, 5, 9.625], "texture": "#2"},
				"up": {"uv": [9.75, 5.5, 9.875, 5.25], "texture": "#2"},
				"down": {"uv": [5.5, 9.75, 5.625, 10], "texture": "#2"}
			}
		},
		{
			"from": [-0.002, -0.002, 14.998],
			"to": [16.002, 1.002, 16.002],
			"shade": false,
			"rotation": {"angle": 0, "axis": "y", "origin": [7, 0, 16]},
			"faces": {
				"north": {"uv": [7.5, 3, 11.5, 3.25], "texture": "#2"},
				"east": {"uv": [6, 9.5, 6.25, 9.75], "texture": "#2"},
				"south": {"uv": [7.5, 3.25, 11.5, 3.5], "texture": "#2"},
				"west": {"uv": [6.25, 9.5, 6.5, 9.75], "texture": "#2"},
				"up": {"uv": [11.5, 3.75, 7.5, 3.5], "texture": "#2"},
				"down": {"uv": [11.5, 3.75, 7.5, 4], "texture": "#2"}
			}
		},
		{
			"name": "heart",
			"from": [8.36, 9.7, 0.09875],
			"to": [9.8, 10.42, 0.91875],
			"shade": false,
			"rotation": {"angle": 0, "axis": "y", "origin": [8, 7.49258, 0.5]},
			"faces": {
				"north": {"uv": [9.75, 0, 10.125, 0.125], "texture": "#2"},
				"east": {"uv": [9.75, 0, 10.125, 0.125], "texture": "#2"},
				"south": {"uv": [9.75, 0, 10.125, 0.125], "texture": "#2"},
				"west": {"uv": [9.75, 0, 10.125, 0.125], "texture": "#2"},
				"up": {"uv": [1.125, 6.75, 0.75, 6.5], "texture": "#2"}
			}
		},
		{
			"name": "heart",
			"from": [6.2, 9.7, 0.09875],
			"to": [7.64, 10.42, 0.91875],
			"shade": false,
			"rotation": {"angle": 0, "axis": "y", "origin": [8, 7.49258, 0.5]},
			"faces": {
				"north": {"uv": [9.75, 0.25, 10.125, 0.375], "texture": "#2"},
				"east": {"uv": [9.75, 0.25, 10.125, 0.375], "texture": "#2"},
				"south": {"uv": [9.75, 0.25, 10.125, 0.375], "texture": "#2"},
				"west": {"uv": [9.75, 0.25, 10.125, 0.375], "texture": "#2"},
				"up": {"uv": [2.625, 8.75, 2.25, 8.5], "texture": "#2"}
			}
		},
		{
			"name": "heart",
			"from": [7.64, 8.98, 0.09875],
			"to": [8.36, 9.7, 0.91875],
			"shade": false,
			"rotation": {"angle": 0, "axis": "y", "origin": [8, 7.49258, 0.5]},
			"faces": {
				"north": {"uv": [9.75, 0.25, 10.125, 0.375], "texture": "#2"},
				"south": {"uv": [9.75, 0.25, 10.125, 0.375], "texture": "#2"},
				"up": {"uv": [2.625, 8.75, 2.25, 8.5], "texture": "#2"}
			}
		},
		{
			"name": "heart",
			"from": [6.2, 8.98, 0.09875],
			"to": [7.64, 9.7, 0.91875],
			"shade": false,
			"rotation": {"angle": 0, "axis": "y", "origin": [8, 7.49258, 0.5]},
			"faces": {
				"north": {"uv": [9.75, 0.5, 10.125, 0.625], "texture": "#2"},
				"south": {"uv": [9.75, 0.5, 10.125, 0.625], "texture": "#2"}
			}
		},
		{
			"name": "heart",
			"from": [8.36, 8.98, 0.09875],
			"to": [9.8, 9.7, 0.91875],
			"shade": false,
			"rotation": {"angle": 0, "axis": "y", "origin": [8, 7.49258, 0.5]},
			"faces": {
				"north": {"uv": [0.75, 9.75, 1.125, 9.875], "texture": "#2"},
				"south": {"uv": [0.75, 9.75, 1.125, 9.875], "texture": "#2"}
			}
		},
		{
			"name": "heart",
			"from": [9.8, 8.98, 0.09875],
			"to": [10.52, 9.7, 0.91875],
			"shade": false,
			"rotation": {"angle": 0, "axis": "y", "origin": [8, 7.49258, 0.5]},
			"faces": {
				"north": {"uv": [9.75, 0, 10.125, 0.125], "texture": "#2"},
				"east": {"uv": [9.75, 0, 10.125, 0.125], "texture": "#2"},
				"south": {"uv": [9.75, 0, 10.125, 0.125], "texture": "#2"},
				"up": {"uv": [1.125, 6.75, 0.75, 6.5], "texture": "#2"}
			}
		},
		{
			"name": "heart",
			"from": [10.52, 6.82, 0.09875],
			"to": [11.24, 8.98, 0.91875],
			"shade": false,
			"rotation": {"angle": 0, "axis": "y", "origin": [8, 7.49258, 0.5]},
			"faces": {
				"north": {"uv": [9.75, 0, 10.125, 0.125], "texture": "#2"},
				"east": {"uv": [9.75, 0, 10.125, 0.125], "texture": "#2"},
				"south": {"uv": [9.75, 0, 10.125, 0.125], "texture": "#2"},
				"up": {"uv": [1.125, 6.75, 0.75, 6.5], "texture": "#2"},
				"down": {"uv": [9.875, 2.5, 9.75, 2.75], "texture": "#2"}
			}
		},
		{
			"name": "heart",
			"from": [5.48, 7.54, 0.09875],
			"to": [10.52, 8.98, 0.91875],
			"shade": false,
			"rotation": {"angle": 0, "axis": "y", "origin": [8, 7.49258, 0.5]},
			"faces": {
				"north": {"uv": [9.75, 0.5, 10.125, 0.625], "texture": "#2"},
				"south": {"uv": [9.75, 0.5, 10.125, 0.625], "texture": "#2"}
			}
		},
		{
			"name": "heart",
			"from": [4.76, 6.82, 0.09875],
			"to": [5.48, 8.98, 0.91875],
			"shade": false,
			"rotation": {"angle": 0, "axis": "y", "origin": [8, 7.49258, 0.5]},
			"faces": {
				"north": {"uv": [6.5, 9.5, 6.625, 10], "texture": "#2"},
				"south": {"uv": [6.5, 9.5, 6.625, 10], "texture": "#2"},
				"west": {"uv": [6.5, 9.5, 6.625, 10], "texture": "#2"},
				"up": {"uv": [9.875, 4.75, 9.75, 4.5], "texture": "#2"},
				"down": {"uv": [4.875, 9.75, 4.75, 10], "texture": "#2"}
			}
		},
		{
			"name": "heart",
			"from": [5.48, 6.82, 0.09875],
			"to": [6.2, 7.54, 0.91875],
			"shade": false,
			"rotation": {"angle": 0, "axis": "y", "origin": [8, 7.49258, 0.5]},
			"faces": {
				"north": {"uv": [5.75, 9.75, 5.875, 9.875], "texture": "#2"},
				"south": {"uv": [5.75, 9.75, 5.875, 9.875], "texture": "#2"}
			}
		},
		{
			"name": "heart",
			"from": [6.2, 6.82, 0.09875],
			"to": [9.8, 7.54, 0.91875],
			"shade": false,
			"rotation": {"angle": 0, "axis": "y", "origin": [8, 7.49258, 0.5]},
			"faces": {
				"north": {"uv": [9.75, 0.5, 10.125, 0.625], "texture": "#2"},
				"south": {"uv": [9.75, 0.5, 10.125, 0.625], "texture": "#2"}
			}
		},
		{
			"name": "heart",
			"from": [9.8, 6.82, 0.09875],
			"to": [10.52, 7.54, 0.91875],
			"shade": false,
			"rotation": {"angle": 0, "axis": "y", "origin": [8, 7.49258, 0.5]},
			"faces": {
				"north": {"uv": [9.75, 5.75, 9.875, 5.875], "texture": "#2"},
				"south": {"uv": [9.75, 5.75, 9.875, 5.875], "texture": "#2"}
			}
		},
		{
			"name": "heart",
			"from": [9.8, 6.1, 0.09875],
			"to": [10.52, 6.82, 0.91875],
			"shade": false,
			"rotation": {"angle": 0, "axis": "y", "origin": [8, 7.49258, 0.5]},
			"faces": {
				"north": {"uv": [9.75, 0, 10.125, 0.125], "texture": "#2"},
				"east": {"uv": [9.75, 0, 10.125, 0.125], "texture": "#2"},
				"south": {"uv": [9.75, 0, 10.125, 0.125], "texture": "#2"},
				"down": {"uv": [9.875, 2.5, 9.75, 2.75], "texture": "#2"}
			}
		},
		{
			"name": "heart",
			"from": [9.08, 6.1, 0.09875],
			"to": [9.8, 6.82, 0.91875],
			"shade": false,
			"rotation": {"angle": 0, "axis": "y", "origin": [8, 7.49258, 0.5]},
			"faces": {
				"north": {"uv": [9.75, 5.75, 9.875, 5.875], "texture": "#2"},
				"south": {"uv": [9.75, 5.75, 9.875, 5.875], "texture": "#2"}
			}
		},
		{
			"name": "heart",
			"from": [9.08, 5.38, 0.09875],
			"to": [9.8, 6.1, 0.91875],
			"shade": false,
			"rotation": {"angle": 0, "axis": "y", "origin": [8, 7.49258, 0.5]},
			"faces": {
				"north": {"uv": [9.75, 0, 10.125, 0.125], "texture": "#2"},
				"east": {"uv": [9.75, 0, 10.125, 0.125], "texture": "#2"},
				"south": {"uv": [9.75, 0, 10.125, 0.125], "texture": "#2"},
				"down": {"uv": [9.875, 2.5, 9.75, 2.75], "texture": "#2"}
			}
		},
		{
			"name": "heart",
			"from": [6.92, 6.1, 0.09875],
			"to": [9.08, 6.82, 0.91875],
			"shade": false,
			"rotation": {"angle": 0, "axis": "y", "origin": [8, 7.49258, 0.5]},
			"faces": {
				"north": {"uv": [9.75, 0.5, 10.125, 0.625], "texture": "#2"},
				"south": {"uv": [9.75, 0.5, 10.125, 0.625], "texture": "#2"}
			}
		},
		{
			"name": "heart",
			"from": [8.36, 5.38, 0.09875],
			"to": [9.08, 6.1, 0.91875],
			"shade": false,
			"rotation": {"angle": 0, "axis": "y", "origin": [8, 7.49258, 0.5]},
			"faces": {
				"north": {"uv": [9.75, 5.75, 9.875, 5.875], "texture": "#2"},
				"south": {"uv": [9.75, 5.75, 9.875, 5.875], "texture": "#2"}
			}
		},
		{
			"name": "heart",
			"from": [7.64, 5.38, 0.09875],
			"to": [8.36, 6.1, 0.91875],
			"shade": false,
			"rotation": {"angle": 0, "axis": "y", "origin": [8, 7.49258, 0.5]},
			"faces": {
				"north": {"uv": [9.75, 0.5, 10.125, 0.625], "texture": "#2"},
				"south": {"uv": [9.75, 0.5, 10.125, 0.625], "texture": "#2"}
			}
		},
		{
			"name": "heart",
			"from": [8.36, 4.66, 0.09875],
			"to": [9.08, 5.38, 0.91875],
			"shade": false,
			"rotation": {"angle": 0, "axis": "y", "origin": [8, 7.49258, 0.5]},
			"faces": {
				"north": {"uv": [9.75, 0, 10.125, 0.125], "texture": "#2"},
				"east": {"uv": [9.75, 0, 10.125, 0.125], "texture": "#2"},
				"south": {"uv": [9.75, 0, 10.125, 0.125], "texture": "#2"},
				"down": {"uv": [9.875, 2.5, 9.75, 2.75], "texture": "#2"}
			}
		},
		{
			"name": "heart",
			"from": [7.64, 4.66, 0.09875],
			"to": [8.36, 5.38, 0.91875],
			"shade": false,
			"rotation": {"angle": 0, "axis": "y", "origin": [8, 7.49258, 0.5]},
			"faces": {
				"north": {"uv": [5.75, 9.75, 5.875, 9.875], "texture": "#2"},
				"south": {"uv": [5.75, 9.75, 5.875, 9.875], "texture": "#2"}
			}
		},
		{
			"name": "heart",
			"from": [7.64, 3.94, 0.09875],
			"to": [8.36, 4.66, 0.91875],
			"shade": false,
			"rotation": {"angle": 0, "axis": "y", "origin": [8, 7.49258, 0.5]},
			"faces": {
				"north": {"uv": [9.75, 0.25, 10.125, 0.375], "texture": "#2"},
				"east": {"uv": [9.75, 0.25, 10.125, 0.375], "texture": "#2"},
				"south": {"uv": [9.75, 0.25, 10.125, 0.375], "texture": "#2"},
				"west": {"uv": [9.75, 0.25, 10.125, 0.375], "texture": "#2"},
				"down": {"uv": [9.875, 4.75, 9.75, 5], "texture": "#2"}
			}
		},
		{
			"name": "heart",
			"from": [6.92, 4.66, 0.09875],
			"to": [7.64, 5.38, 0.91875],
			"shade": false,
			"rotation": {"angle": 0, "axis": "y", "origin": [8, 7.49258, 0.5]},
			"faces": {
				"north": {"uv": [9.75, 0.25, 10.125, 0.375], "texture": "#2"},
				"south": {"uv": [9.75, 0.25, 10.125, 0.375], "texture": "#2"},
				"west": {"uv": [9.75, 0.25, 10.125, 0.375], "texture": "#2"},
				"down": {"uv": [9.875, 4.75, 9.75, 5], "texture": "#2"}
			}
		},
		{
			"name": "heart",
			"from": [6.92, 5.38, 0.09875],
			"to": [7.64, 6.1, 0.91875],
			"shade": false,
			"rotation": {"angle": 0, "axis": "y", "origin": [8, 7.49258, 0.5]},
			"faces": {
				"north": {"uv": [5.75, 9.75, 5.875, 9.875], "texture": "#2"},
				"south": {"uv": [5.75, 9.75, 5.875, 9.875], "texture": "#2"}
			}
		},
		{
			"name": "heart",
			"from": [6.2, 5.38, 0.09875],
			"to": [6.92, 6.1, 0.91875],
			"shade": false,
			"rotation": {"angle": 0, "axis": "y", "origin": [8, 7.49258, 0.5]},
			"faces": {
				"north": {"uv": [9.75, 0.25, 10.125, 0.375], "texture": "#2"},
				"south": {"uv": [9.75, 0.25, 10.125, 0.375], "texture": "#2"},
				"west": {"uv": [9.75, 0.25, 10.125, 0.375], "texture": "#2"},
				"down": {"uv": [9.875, 4.75, 9.75, 5], "texture": "#2"}
			}
		},
		{
			"name": "heart",
			"from": [5.48, 6.1, 0.09875],
			"to": [6.2, 6.82, 0.91875],
			"shade": false,
			"rotation": {"angle": 0, "axis": "y", "origin": [8, 7.49258, 0.5]},
			"faces": {
				"north": {"uv": [9.75, 0.25, 10.125, 0.375], "texture": "#2"},
				"south": {"uv": [9.75, 0.25, 10.125, 0.375], "texture": "#2"},
				"west": {"uv": [9.75, 0.25, 10.125, 0.375], "texture": "#2"},
				"down": {"uv": [9.875, 4.75, 9.75, 5], "texture": "#2"}
			}
		},
		{
			"name": "heart",
			"from": [6.2, 6.1, 0.09875],
			"to": [6.92, 6.82, 0.91875],
			"shade": false,
			"rotation": {"angle": 0, "axis": "y", "origin": [8, 7.49258, 0.5]},
			"faces": {
				"north": {"uv": [5.75, 9.75, 5.875, 9.875], "texture": "#2"},
				"south": {"uv": [5.75, 9.75, 5.875, 9.875], "texture": "#2"}
			}
		},
		{
			"name": "heart",
			"from": [6.44051, 7.12254, -0.23125],
			"to": [7.09051, 8.33504, 0.88125],
			"shade": false,
			"rotation": {"angle": 0, "axis": "y", "origin": [8, 7.40379, 0.5]},
			"faces": {
				"north": {"uv": [5, 9.75, 5.125, 10], "texture": "#2"},
				"east": {"uv": [5, 9.75, 5.125, 10], "texture": "#2"},
				"south": {"uv": [5, 9.75, 5.125, 10], "texture": "#2"},
				"west": {"uv": [5, 9.75, 5.125, 10], "texture": "#2"},
				"up": {"uv": [5.125, 10, 5, 9.75], "texture": "#2"},
				"down": {"uv": [5.125, 9.75, 5, 10], "texture": "#2"}
			}
		},
		{
			"name": "heart",
			"from": [7.09051, 6.47254, -0.23125],
			"to": [7.74051, 7.68504, 0.88125],
			"shade": false,
			"rotation": {"angle": 0, "axis": "y", "origin": [8, 7.40379, 0.5]},
			"faces": {
				"north": {"uv": [5, 9.75, 5.125, 10], "texture": "#2"},
				"east": {"uv": [5, 9.75, 5.125, 10], "texture": "#2"},
				"south": {"uv": [5, 9.75, 5.125, 10], "texture": "#2"},
				"west": {"uv": [5, 9.75, 5.125, 10], "texture": "#2"},
				"up": {"uv": [5.125, 10, 5, 9.75], "texture": "#2"},
				"down": {"uv": [5.125, 9.75, 5, 10], "texture": "#2"}
			}
		},
		{
			"name": "heart",
			"from": [8.25949, 6.47254, -0.23125],
			"to": [8.90949, 7.68504, 0.88125],
			"shade": false,
			"rotation": {"angle": 0, "axis": "y", "origin": [8, 7.40379, 0.5]},
			"faces": {
				"north": {"uv": [5, 9.75, 5.125, 10], "texture": "#2"},
				"east": {"uv": [5, 9.75, 5.125, 10], "texture": "#2"},
				"south": {"uv": [5, 9.75, 5.125, 10], "texture": "#2"},
				"west": {"uv": [5, 9.75, 5.125, 10], "texture": "#2"},
				"up": {"uv": [5.125, 10, 5, 9.75], "texture": "#2"},
				"down": {"uv": [5.125, 9.75, 5, 10], "texture": "#2"}
			}
		},
		{
			"name": "heart",
			"from": [8.90949, 7.12254, -0.23125],
			"to": [9.55949, 8.33504, 0.88125],
			"shade": false,
			"rotation": {"angle": 0, "axis": "y", "origin": [8, 7.40379, 0.5]},
			"faces": {
				"north": {"uv": [5, 9.75, 5.125, 10], "texture": "#2"},
				"east": {"uv": [5, 9.75, 5.125, 10], "texture": "#2"},
				"south": {"uv": [5, 9.75, 5.125, 10], "texture": "#2"},
				"west": {"uv": [5, 9.75, 5.125, 10], "texture": "#2"},
				"up": {"uv": [5.125, 10, 5, 9.75], "texture": "#2"},
				"down": {"uv": [5.125, 9.75, 5, 10], "texture": "#2"}
			}
		},
		{
			"name": "heart",
			"from": [5.48, 8.98, 0.09875],
			"to": [6.2, 9.7, 0.91875],
			"shade": false,
			"rotation": {"angle": 0, "axis": "y", "origin": [8, 7.49258, 0.5]},
			"faces": {
				"north": {"uv": [9.75, 0.25, 10.125, 0.375], "texture": "#2"},
				"south": {"uv": [9.75, 0.25, 10.125, 0.375], "texture": "#2"},
				"west": {"uv": [9.75, 0.25, 10.125, 0.375], "texture": "#2"},
				"up": {"uv": [2.625, 8.75, 2.25, 8.5], "texture": "#2"}
			}
		},
		{
			"name": "ef",
			"from": [-2, 5.25, -1.25],
			"to": [0, 13.25, -1.25],
			"rotation": {"angle": 22.5, "axis": "y", "origin": [-1, 9.25, -1.25]},
			"faces": {
				"north": {"uv": [11.125, 14, 11.625, 16], "texture": "#2"},
				"east": {"uv": [0, 0, 0, 3], "texture": "#missing"},
				"south": {"uv": [11.625, 14, 11.125, 16], "texture": "#2"},
				"west": {"uv": [0, 0, 0, 3], "texture": "#missing"},
				"up": {"uv": [0, 0, 0.75, 0], "texture": "#missing"},
				"down": {"uv": [0, 0, 0.75, 0], "texture": "#missing"}
			}
		},
		{
			"name": "ef",
			"from": [16, 5.25, 17.25],
			"to": [18, 13.25, 17.25],
			"rotation": {"angle": 22.5, "axis": "y", "origin": [17, 9.25, 17.25]},
			"faces": {
				"north": {"uv": [11.625, 14, 11.125, 16], "texture": "#2"},
				"east": {"uv": [0, 0, 0, 3], "texture": "#missing"},
				"south": {"uv": [11.125, 14, 11.625, 16], "texture": "#2"},
				"west": {"uv": [0, 0, 0, 3], "texture": "#missing"},
				"up": {"uv": [0.75, 0, 0, 0], "texture": "#missing"},
				"down": {"uv": [0.75, 0, 0, 0], "texture": "#missing"}
			}
		},
		{
			"name": "ef",
			"from": [-2.75, 1.25, 16.5],
			"to": [-0.75, 9.25, 16.5],
			"rotation": {"angle": -45, "axis": "y", "origin": [-1.75, 5.25, 16.5]},
			"faces": {
				"north": {"uv": [13.96875, 14, 14.46875, 16], "texture": "#2"},
				"east": {"uv": [0, 0, 0, 3], "texture": "#missing"},
				"south": {"uv": [14.46875, 14, 13.96875, 16], "texture": "#2"},
				"west": {"uv": [0, 0, 0, 3], "texture": "#missing"},
				"up": {"uv": [0, 0, 0.75, 0], "texture": "#missing"},
				"down": {"uv": [0, 0, 0.75, 0], "texture": "#missing"}
			}
		},
		{
			"name": "ef",
			"from": [16, 0, -1.25],
			"to": [18, 8, -1.25],
			"rotation": {"angle": -45, "axis": "y", "origin": [17, 4, -1.25]},
			"faces": {
				"north": {"uv": [13.25, 14, 12.75, 16], "texture": "#2"},
				"east": {"uv": [0, 0, 0, 3], "texture": "#missing"},
				"south": {"uv": [12.75, 14, 13.25, 16], "texture": "#2"},
				"west": {"uv": [0, 0, 0, 3], "texture": "#missing"},
				"up": {"uv": [0.75, 0, 0, 0], "texture": "#missing"},
				"down": {"uv": [0.75, 0, 0, 0], "texture": "#missing"}
			}
		}
	],
	"gui_light": "front",
	"display": {
		"thirdperson_righthand": {
			"rotation": [142.3, 41.34, -159.98],
			"translation": [0, 1.25, 0],
			"scale": [0.18, 0.18, 0.18]
		},
		"thirdperson_lefthand": {
			"rotation": [142.3, 41.34, -159.98],
			"translation": [0, 1.25, 0],
			"scale": [0.18, 0.18, 0.18]
		},
		"firstperson_righthand": {
			"rotation": [33.22, -86.56, 24.67],
			"translation": [4.5, 3, -2],
			"scale": [0.61, 0.61, 0.61]
		},
		"firstperson_lefthand": {
			"rotation": [168.06, 45.67, -176.11],
			"translation": [0.25, 3.75, 1],
			"scale": [0.3, 0.3, 0.3]
		},
		"ground": {
			"rotation": [0, 0, -45],
			"translation": [0, 0.75, 0],
			"scale": [0.26, 0.26, 0.26]
		},
		"gui": {
			"rotation": [-160, 25, -180],
			"translation": [0, 0.75, 0],
			"scale": [0.66, 0.66, 0.66]
		},
		"head": {
			"rotation": [1.75, 0, 0],
			"translation": [0, 9.5, 0],
			"scale": [0.89, 0.89, 0.89]
		},
		"fixed": {
			"translation": [0, -1.5, -2.5],
			"scale": [0.59, 0.59, 0.59]
		}
	},
	"groups": [
		0,
		1,
		2,
		3,
		4,
		5,
		6,
		7,
		8,
		9,
		10,
		11,
		12,
		13,
		14,
		15,
		16,
		17,
		18,
		19,
		20,
		21,
		22,
		23,
		24,
		25,
		26,
		27,
		28,
		29,
		30,
		31,
		32,
		33,
		34,
		35,
		36,
		37,
		38,
		39,
		40,
		41,
		42,
		43,
		44,
		45,
		46,
		47,
		48,
		49,
		50,
		51,
		52,
		53,
		54,
		55,
		56,
		57,
		58,
		59,
		60,
		61,
		62,
		63,
		64,
		65,
		66,
		67,
		68,
		69,
		70,
		71,
		72,
		73,
		74,
		{
			"name": "heart",
			"origin": [10.16, 9.35, 44.14875],
			"color": 0,
			"shade": false,
			"children": [75, 76, 77, 78, 79, 80, 81, 82, 83, 84, 85, 86, 87, 88, 89, 90, 91, 92, 93, 94, 95, 96, 97, 98, 99, 100, 101, 102, 103, 104, 105]
		},
		106,
		107,
		108,
		109
	]
}