{
  "parent": "minecraft:item/handheld",
  "textures": {
    "layer0": "minecraft:item/diamond_pickaxe"
  },
  "overrides": [
    {
      "predicate": {
        "damage": 0
      },
      "model": "item/diamond_pickaxe"
    },
    {
      "predicate": {
        "custom_model_data": 1
      },
      "model": "heartandbloodtheme/heartpickaxe"
    },
    {
      "predicate": {
        "custom_model_data": 2
      },
      "model": "lightiningtheme/lightpickaxe"
    },
    {
      "predicate": {
        "custom_model_data": 3
      },
      "model": "christmas/noparticles/christmas_pickaxe"
    },
    {
      "predicate": {
        "custom_model_data": 4
      },
      "model": "christmas/christmas_pickaxe"
    },
    {
      "predicate": {
        "custom_model_data": 5
      },
      "model": "void/noparticles/void_pickaxe"
    },
    {
      "predicate": {
        "custom_model_data": 6
      },
      "model": "void/void_pickaxe"
    },
    {
      "predicate": {
        "custom_model_data": 7
      },
      "model": "magma/noparticles/magma_pickaxe"
    },
    {
      "predicate": {
        "custom_model_data": 8
      },
      "model": "magma/magma_pickaxe"
    },
    {
      "predicate": {
        "custom_model_data": 9
      },
      "model": "chinese/noparticles/chinese_dragon_pickaxe"
    },
    {
      "predicate": {
        "custom_model_data": 10
      },
      "model": "chinese/chinese_dragon_pickaxe"
    },
    {
      "predicate": {
        "custom_model_data": 11
      },
      "model": "valentine/noparticles/valentine_pickaxe"
    },
    {
      "predicate": {
        "custom_model_data": 12
      },
      "model": "valentine/valentine_pickaxe"
    },
    {
      "predicate": {
        "custom_model_data": 13
      },
      "model": "dragon/dragonborn_pickaxe"
    },
    {
      "predicate": {
        "custom_model_data": 14
      },
      "model": "patrick/pickaxe"
    },
    {
      "predicate": {
        "custom_model_data": 15
      },
      "model": "stpatrick/pickaxe"
    },
    {
      "predicate": {
        "custom_model_data": 16
      },
      "model": "firework/firework_pickaxe"
    },
    {
      "predicate": {
        "custom_model_data": 17
      },
      "model": "easter/pickaxe_easter"
    },
    {
      "predicate": {
        "custom_model_data": 18
      },
      "model": "samurai/pickaxe_samurai"
    }
  ]
}