{
  "parent": "item/generated",
  "textures": {
    "layer0": "item/leather_leggings",
    "layer1": "item/leather_leggings_overlay"
  },
  "overrides": [
    {
      "predicate": {
        "custom_model_data": 1
      },
      "model": "chinese:ia_auto_gen/dragondiamondarmor_leggings"
    },
    {
      "predicate": {
        "custom_model_data": 2
      },
      "model": "chinese:ia_auto_gen/dragongoldarmor_leggings"
    },
    {
      "predicate": {
        "custom_model_data": 3
      },
      "model": "chinese:ia_auto_gen/dragonironarmor_leggings"
    },
    {
      "predicate": {
        "custom_model_data": 4
      },
      "model": "chinese:ia_auto_gen/dragonnetheritearmor_leggings"
    },
    {
      "predicate": {
        "custom_model_data": 5
      },
      "model": "magma:ia_auto_gen/magmadiamondarmor_leggings"
    },
    {
      "predicate": {
        "custom_model_data": 6
      },
      "model": "magma:ia_auto_gen/magmagoldarmor_leggings"
    },
    {
      "predicate": {
        "custom_model_data": 7
      },
      "model": "magma:ia_auto_gen/magmaironarmor_leggings"
    },
    {
      "predicate": {
        "custom_model_data": 8
      },
      "model": "magma:ia_auto_gen/magmanetheritearmor_leggings"
    },
    {
      "predicate": {
        "custom_model_data": 9
      },
      "model": "valentine:ia_auto_gen/valentinediamondarmor_leggings"
    },
    {
      "predicate": {
        "custom_model_data": 10
      },
      "model": "valentine:ia_auto_gen/valentinegoldarmor_leggings"
    },
    {
      "predicate": {
        "custom_model_data": 11
      },
      "model": "valentine:ia_auto_gen/valentineironarmor_leggings"
    },
    {
      "predicate": {
        "custom_model_data": 12
      },
      "model": "valentine:ia_auto_gen/valentinenetheritearmor_leggings"
    },
    {
      "predicate": {
        "custom_model_data": 13
      },
      "model": "firework:ia_auto_gen/fireworkdiamondarmor_leggings"
    },
    {
      "predicate": {
        "custom_model_data": 14
      },
      "model": "firework:ia_auto_gen/fireworkgoldarmor_leggings"
    },
    {
      "predicate": {
        "custom_model_data": 15
      },
      "model": "firework:ia_auto_gen/fireworkironarmor_leggings"
    },
    {
      "predicate": {
        "custom_model_data": 16
      },
      "model": "firework:ia_auto_gen/fireworknetheritearmor_leggings"
    },
    {
      "predicate": {
        "custom_model_data": 17
      },
      "model": "easter:ia_auto_gen/easterdiamondarmor_leggings"
    },
    {
      "predicate": {
        "custom_model_data": 18
      },
      "model": "easter:ia_auto_gen/eastergoldarmor_leggings"
    },
    {
      "predicate": {
        "custom_model_data": 19
      },
      "model": "easter:ia_auto_gen/easterironarmor_leggings"
    },
    {
      "predicate": {
        "custom_model_data": 20
      },
      "model": "easter:ia_auto_gen/easternetheritearmor_leggings"
    },
    {
      "predicate": {
        "custom_model_data": 21
      },
      "model": "samurai:ia_auto_gen/samuraidiamondarmor_leggings"
    },
    {
      "predicate": {
        "custom_model_data": 22
      },
      "model": "samurai:ia_auto_gen/samuraigoldarmor_leggings"
    },
    {
      "predicate": {
        "custom_model_data": 23
      },
      "model": "samurai:ia_auto_gen/samuraiironarmor_leggings"
    },
    {
      "predicate": {
        "custom_model_data": 24
      },
      "model": "samurai:ia_auto_gen/samurainetheritearmor_leggings"
    },
    {
      "predicate": {
        "custom_model_data": 25
      },
      "model": "starwar:ia_auto_gen/starwardiamondarmor_leggings"
    },
    {
      "predicate": {
        "custom_model_data": 26
      },
      "model": "starwar:ia_auto_gen/starwargoldarmor_leggings"
    },
    {
      "predicate": {
        "custom_model_data": 27
      },
      "model": "starwar:ia_auto_gen/starwarironarmor_leggings"
    },
    {
      "predicate": {
        "custom_model_data": 28
      },
      "model": "starwar:ia_auto_gen/starwarnetheritearmor_leggings"
    }
  ]
}