{
  "parent": "minecraft:item/handheld",
  "textures": {
    "layer0": "minecraft:item/netherite_sword"
  },
  "overrides": [
    {
      "predicate": {
        "damage": 0
      },
      "model": "item/netherite_sword"
    },
    {
      "predicate": {
        "custom_model_data": 1
      },
      "model": "heartandbloodtheme/heartsword"
    },
    {
      "predicate": {
        "custom_model_data": 2
      },
      "model": "lightiningtheme/lightsword"
    },
    {
      "predicate": {
        "custom_model_data": 3
      },
      "model": "christmas/noparticles/christmas_sword"
    },
    {
      "predicate": {
        "custom_model_data": 4
      },
      "model": "christmas/christmas_sword"
    },
    {
      "predicate": {
        "custom_model_data": 5
      },
      "model": "void/noparticles/void_sword"
    },
    {
      "predicate": {
        "custom_model_data": 6
      },
      "model": "void/void_sword"
    },
    {
      "predicate": {
        "custom_model_data": 7
      },
      "model": "magma/noparticles/magma_sword"
    },
    {
      "predicate": {
        "custom_model_data": 8
      },
      "model": "magma/magma_sword"
    },
    {
      "predicate": {
        "custom_model_data": 9
      },
      "model": "chinese/noparticles/chinese_dragon_sword"
    },
    {
      "predicate": {
        "custom_model_data": 10
      },
      "model": "chinese/chinese_dragon_sword"
    },
    {
      "predicate": {
        "custom_model_data": 11
      },
      "model": "valentine/noparticles/valentine_sword"
    },
    {
      "predicate": {
        "custom_model_data": 12
      },
      "model": "valentine/valentine_sword"
    },
    {
      "predicate": {
        "custom_model_data": 13
      },
      "model": "dragon/dragonborn_sword"
    },
    {
      "predicate": {
        "custom_model_data": 14
      },
      "model": "patrick/sword"
    },
    {
      "predicate": {
        "custom_model_data": 15
      },
      "model": "stpatrick/sword"
    },
    {
      "predicate": {
        "custom_model_data": 16
      },
      "model": "firework/firework_sword"
    },
    {
      "predicate": {
        "custom_model_data": 17
      },
      "model": "easter/sword_easter"
    },
    {
      "predicate": {
        "custom_model_data": 18
      },
      "model": "samurai/sword_samurai"
    },
    {
      "predicate": {
        "custom_model_data": 19
      },
      "model": "lightsaber/lightsaber"
    },
    {
      "predicate": {
        "custom_model_data": 20
      },
      "model": "lightsaber/light_sabergreen"
    },
    {
      "predicate": {
        "custom_model_data": 21
      },
      "model": "lightsaber/light_saberpurple"
    },
    {
      "predicate": {
        "custom_model_data": 22
      },
      "model": "lightsaber/light_saberred"
    }
  ]
}