{
  "parent": "minecraft:item/handheld_rod",
  "textures": {
    "layer0": "minecraft:item/fishing_rod"
  },
  "overrides": [
    {
      "predicate": {
        "cast": 1
      },
      "model": "item/fishing_rod"
    },
    {
      "predicate": {
        "custom_model_data": 1
      },
      "model": "patrick/fishing_rod"
    },
    {
      "predicate": {
        "cast": 1,
        "custom_model_data": 1
      },
      "model": "patrick/fishing_rod_cast"
    },
    {
      "predicate": {
        "custom_model_data": 2
      },
      "model": "stpatrick/fishing_rod"
    },
    {
      "predicate": {
        "cast": 1,
        "custom_model_data": 2
      },
      "model": "stpatrick/fishing_rod_cast"
    }
  ]
}