{
  "credit": "Pologony Creation Co.,Ltd.",
  "texture_size": [
    40,
    40
  ],
  "textures": {
    "1": "item/necros/necros_ef1_long",
    "2": "item/necros/necros_ef2_long",
    "4": "item/necros/necros_shield",
    "particle": "item/necros/necros_ef1_long"
  },
  "elements": [
    {
      "from": [
        5.9658,
        3.08898,
        6.8325
      ],
      "to": [
        8.2158,
        4.33898,
        7.3255
      ],
      "rotation": {
        "angle": 22.5,
        "axis": "z",
        "origin": [
          8,
          8,
          8
        ]
      },
      "faces": {
        "north": {
          "uv": [
            1.6,
            7.2,
            2.5,
            7.7
          ],
          "texture": "#4"
        },
        "south": {
          "uv": [
            7.2,
            0,
            8.1,
            0.5
          ],
          "texture": "#4"
        },
        "west": {
          "uv": [
            11.2,
            13.6,
            11.4,
            14.1
          ],
          "texture": "#4"
        },
        "up": {
          "uv": [
            12.2,
            13.3,
            12,
            12.4
          ],
          "rotation": 90,
          "texture": "#4"
        },
        "down": {
          "uv": [
            0.2,
            12.8,
            0,
            13.7
          ],
          "rotation": 270,
          "texture": "#4"
        }
      }
    },
    {
      "from": [
        10.0085,
        4.4915,
        6.329
      ],
      "to": [
        11.5085,
        5.9915,
        7.829
      ],
      "rotation": {
        "angle": -45,
        "axis": "z",
        "origin": [
          8,
          8,
          8
        ]
      },
      "faces": {
        "north": {
          "uv": [
            1.6,
            9.6,
            2.2,
            10.2
          ],
          "texture": "#4"
        },
        "east": {
          "uv": [
            7.2,
            9.2,
            7.8,
            9.8
          ],
          "texture": "#4"
        },
        "south": {
          "uv": [
            9.2,
            8,
            9.8,
            8.6
          ],
          "texture": "#4"
        },
        "west": {
          "uv": [
            9.2,
            9.2,
            9.8,
            9.8
          ],
          "texture": "#4"
        },
        "up": {
          "uv": [
            3.4,
            10.2,
            2.8,
            9.6
          ],
          "rotation": 90,
          "texture": "#4"
        },
        "down": {
          "uv": [
            10.2,
            3.6,
            9.6,
            4.2
          ],
          "rotation": 270,
          "texture": "#4"
        }
      }
    },
    {
      "from": [
        8.72008,
        5.80644,
        8.72007
      ],
      "to": [
        10.22008,
        6.30644,
        10.22007
      ],
      "rotation": {
        "angle": -45,
        "axis": "y",
        "origin": [
          8,
          8,
          8
        ]
      },
      "faces": {
        "north": {
          "uv": [
            13.2,
            1.6,
            13.8,
            1.8
          ],
          "texture": "#4"
        },
        "east": {
          "uv": [
            13.2,
            0,
            13.8,
            0.2
          ],
          "texture": "#4"
        },
        "south": {
          "uv": [
            0.8,
            13.2,
            1.4,
            13.4
          ],
          "texture": "#4"
        },
        "west": {
          "uv": [
            13.2,
            0.8,
            13.8,
            1
          ],
          "texture": "#4"
        },
        "up": {
          "uv": [
            4.6,
            10.2,
            4,
            9.6
          ],
          "rotation": 90,
          "texture": "#4"
        },
        "down": {
          "uv": [
            10.2,
            4.8,
            9.6,
            5.4
          ],
          "rotation": 270,
          "texture": "#4"
        }
      }
    },
    {
      "from": [
        8.72008,
        6.80644,
        8.72007
      ],
      "to": [
        10.22008,
        7.30644,
        10.22007
      ],
      "rotation": {
        "angle": -45,
        "axis": "y",
        "origin": [
          8,
          8,
          8
        ]
      },
      "faces": {
        "north": {
          "uv": [
            13.2,
            4,
            13.8,
            4.2
          ],
          "texture": "#4"
        },
        "east": {
          "uv": [
            2,
            13.2,
            2.6,
            13.4
          ],
          "texture": "#4"
        },
        "south": {
          "uv": [
            13.2,
            2.4,
            13.8,
            2.6
          ],
          "texture": "#4"
        },
        "west": {
          "uv": [
            13.2,
            3.2,
            13.8,
            3.4
          ],
          "texture": "#4"
        },
        "up": {
          "uv": [
            10.2,
            6.6,
            9.6,
            6
          ],
          "rotation": 90,
          "texture": "#4"
        },
        "down": {
          "uv": [
            10.6,
            0,
            10,
            0.6
          ],
          "rotation": 270,
          "texture": "#4"
        }
      }
    },
    {
      "from": [
        8.84508,
        6.30644,
        8.84508
      ],
      "to": [
        10.09508,
        6.80644,
        10.09508
      ],
      "rotation": {
        "angle": -45,
        "axis": "y",
        "origin": [
          8,
          8,
          8
        ]
      },
      "faces": {
        "north": {
          "uv": [
            0.8,
            14,
            1.3,
            14.2
          ],
          "texture": "#4"
        },
        "east": {
          "uv": [
            13.6,
            11.6,
            14.1,
            11.8
          ],
          "texture": "#4"
        },
        "south": {
          "uv": [
            13.6,
            12.4,
            14.1,
            12.6
          ],
          "texture": "#4"
        },
        "west": {
          "uv": [
            13.6,
            13.2,
            14.1,
            13.4
          ],
          "texture": "#4"
        }
      }
    },
    {
      "from": [
        8.72008,
        9.80644,
        8.72007
      ],
      "to": [
        10.22008,
        10.30644,
        10.22007
      ],
      "rotation": {
        "angle": -45,
        "axis": "y",
        "origin": [
          8,
          8,
          8
        ]
      },
      "faces": {
        "north": {
          "uv": [
            13.6,
            5.6,
            14.2,
            5.8
          ],
          "texture": "#4"
        },
        "east": {
          "uv": [
            4.4,
            13.2,
            5,
            13.4
          ],
          "texture": "#4"
        },
        "south": {
          "uv": [
            13.2,
            4.8,
            13.8,
            5
          ],
          "texture": "#4"
        },
        "west": {
          "uv": [
            13.2,
            8.4,
            13.8,
            8.6
          ],
          "texture": "#4"
        },
        "up": {
          "uv": [
            0.6,
            11,
            0,
            10.4
          ],
          "rotation": 90,
          "texture": "#4"
        },
        "down": {
          "uv": [
            11,
            1.2,
            10.4,
            1.8
          ],
          "rotation": 270,
          "texture": "#4"
        }
      }
    },
    {
      "from": [
        8.84508,
        10.30644,
        8.84508
      ],
      "to": [
        10.09508,
        10.80644,
        10.09508
      ],
      "rotation": {
        "angle": -45,
        "axis": "y",
        "origin": [
          8,
          8,
          8
        ]
      },
      "faces": {
        "north": {
          "uv": [
            5.6,
            14,
            6.1,
            14.2
          ],
          "texture": "#4"
        },
        "east": {
          "uv": [
            2,
            14,
            2.5,
            14.2
          ],
          "texture": "#4"
        },
        "south": {
          "uv": [
            3.2,
            14,
            3.7,
            14.2
          ],
          "texture": "#4"
        },
        "west": {
          "uv": [
            4.4,
            14,
            4.9,
            14.2
          ],
          "texture": "#4"
        }
      }
    },
    {
      "from": [
        8.72008,
        10.80644,
        8.72007
      ],
      "to": [
        10.22008,
        11.30644,
        10.22007
      ],
      "rotation": {
        "angle": -45,
        "axis": "y",
        "origin": [
          8,
          8,
          8
        ]
      },
      "faces": {
        "north": {
          "uv": [
            13.6,
            10,
            14.2,
            10.2
          ],
          "texture": "#4"
        },
        "east": {
          "uv": [
            13.6,
            6.4,
            14.2,
            6.6
          ],
          "texture": "#4"
        },
        "south": {
          "uv": [
            13.6,
            7.2,
            14.2,
            7.4
          ],
          "texture": "#4"
        },
        "west": {
          "uv": [
            13.6,
            9.2,
            14.2,
            9.4
          ],
          "texture": "#4"
        },
        "up": {
          "uv": [
            11,
            3,
            10.4,
            2.4
          ],
          "rotation": 90,
          "texture": "#4"
        },
        "down": {
          "uv": [
            5.8,
            10.4,
            5.2,
            11
          ],
          "rotation": 270,
          "texture": "#4"
        }
      }
    },
    {
      "from": [
        8.97008,
        7.30644,
        8.97007
      ],
      "to": [
        9.97008,
        9.80644,
        9.97007
      ],
      "rotation": {
        "angle": -45,
        "axis": "y",
        "origin": [
          8,
          8,
          8
        ]
      },
      "faces": {
        "north": {
          "uv": [
            5.2,
            8.8,
            5.6,
            9.8
          ],
          "texture": "#4"
        },
        "east": {
          "uv": [
            4.4,
            8,
            4.8,
            9
          ],
          "texture": "#4"
        },
        "south": {
          "uv": [
            8.4,
            2.8,
            8.8,
            3.8
          ],
          "texture": "#4"
        },
        "west": {
          "uv": [
            8.4,
            8,
            8.8,
            9
          ],
          "texture": "#4"
        }
      }
    },
    {
      "from": [
        10.4535,
        3.53931,
        6.704
      ],
      "to": [
        11.4535,
        5.78931,
        7.454
      ],
      "rotation": {
        "angle": -22.5,
        "axis": "z",
        "origin": [
          8,
          8,
          8
        ]
      },
      "faces": {
        "north": {
          "uv": [
            6.4,
            10.4,
            6.8,
            11.3
          ],
          "texture": "#4"
        },
        "east": {
          "uv": [
            11.6,
            1.2,
            11.9,
            2.1
          ],
          "texture": "#4"
        },
        "south": {
          "uv": [
            8.4,
            9.6,
            8.8,
            10.5
          ],
          "texture": "#4"
        },
        "west": {
          "uv": [
            4.8,
            11.6,
            5.1,
            12.5
          ],
          "texture": "#4"
        },
        "up": {
          "uv": [
            9.9,
            7.6,
            9.6,
            7.2
          ],
          "rotation": 90,
          "texture": "#4"
        },
        "down": {
          "uv": [
            10.7,
            13.6,
            10.4,
            14
          ],
          "rotation": 270,
          "texture": "#4"
        }
      }
    },
    {
      "from": [
        6.5,
        13.28823,
        6.079
      ],
      "to": [
        9.5,
        14.78823,
        8.079
      ],
      "rotation": {
        "angle": 0,
        "axis": "y",
        "origin": [
          8,
          8,
          8
        ]
      },
      "faces": {
        "north": {
          "uv": [
            6.8,
            4.4,
            8,
            5
          ],
          "texture": "#4"
        },
        "south": {
          "uv": [
            6.8,
            3.2,
            8,
            3.8
          ],
          "texture": "#4"
        },
        "up": {
          "uv": [
            4.4,
            7.6,
            3.6,
            6.4
          ],
          "rotation": 90,
          "texture": "#4"
        },
        "down": {
          "uv": [
            7.6,
            1.6,
            6.8,
            2.8
          ],
          "rotation": 270,
          "texture": "#4"
        }
      }
    },
    {
      "from": [
        4.26065,
        12.61067,
        6.0765
      ],
      "to": [
        5.76065,
        13.86067,
        8.0815
      ],
      "rotation": {
        "angle": -45,
        "axis": "z",
        "origin": [
          8,
          8,
          8
        ]
      },
      "faces": {
        "north": {
          "uv": [
            0,
            11.6,
            0.6,
            12.1
          ],
          "texture": "#4"
        },
        "east": {
          "uv": [
            8.4,
            4.4,
            9.2,
            4.9
          ],
          "texture": "#4"
        },
        "south": {
          "uv": [
            11.2,
            0,
            11.8,
            0.5
          ],
          "texture": "#4"
        },
        "west": {
          "uv": [
            8.8,
            0,
            9.6,
            0.5
          ],
          "texture": "#4"
        },
        "up": {
          "uv": [
            7.6,
            6.2,
            6.8,
            5.6
          ],
          "rotation": 90,
          "texture": "#4"
        },
        "down": {
          "uv": [
            7.6,
            6.8,
            6.8,
            7.4
          ],
          "rotation": 270,
          "texture": "#4"
        }
      }
    },
    {
      "from": [
        4.51065,
        13.86067,
        6.0765
      ],
      "to": [
        5.76065,
        15.11067,
        8.0815
      ],
      "rotation": {
        "angle": -45,
        "axis": "z",
        "origin": [
          8,
          8,
          8
        ]
      },
      "faces": {
        "north": {
          "uv": [
            11.6,
            9.2,
            12.1,
            9.7
          ],
          "texture": "#4"
        },
        "east": {
          "uv": [
            9.2,
            1.2,
            10,
            1.7
          ],
          "texture": "#4"
        },
        "south": {
          "uv": [
            8.8,
            11.6,
            9.3,
            12.1
          ],
          "texture": "#4"
        },
        "west": {
          "uv": [
            9.2,
            2.4,
            10,
            2.9
          ],
          "texture": "#4"
        },
        "up": {
          "uv": [
            6.8,
            9.7,
            6,
            9.2
          ],
          "rotation": 90,
          "texture": "#4"
        }
      }
    },
    {
      "from": [
        8.92678,
        16.56856,
        6.4515
      ],
      "to": [
        11.17678,
        17.31856,
        7.7065
      ],
      "rotation": {
        "angle": 0,
        "axis": "y",
        "origin": [
          8,
          8,
          8
        ]
      },
      "faces": {
        "north": {
          "uv": [
            11.6,
            8.4,
            12.5,
            8.7
          ],
          "texture": "#4"
        },
        "east": {
          "uv": [
            10.4,
            12.8,
            10.9,
            13.1
          ],
          "texture": "#4"
        },
        "south": {
          "uv": [
            11.6,
            2.8,
            12.5,
            3.1
          ],
          "texture": "#4"
        },
        "west": {
          "uv": [
            12.8,
            10.8,
            13.3,
            11.1
          ],
          "texture": "#4"
        },
        "up": {
          "uv": [
            8.5,
            2.1,
            8,
            1.2
          ],
          "rotation": 90,
          "texture": "#4"
        },
        "down": {
          "uv": [
            3.7,
            8,
            3.2,
            8.9
          ],
          "rotation": 270,
          "texture": "#4"
        }
      }
    },
    {
      "from": [
        4.01065,
        14.36067,
        6.5765
      ],
      "to": [
        6.26065,
        15.61067,
        7.5815
      ],
      "rotation": {
        "angle": -45,
        "axis": "z",
        "origin": [
          8,
          8,
          8
        ]
      },
      "faces": {
        "north": {
          "uv": [
            6.8,
            8,
            7.7,
            8.5
          ],
          "texture": "#4"
        },
        "east": {
          "uv": [
            12.4,
            0,
            12.8,
            0.5
          ],
          "texture": "#4"
        },
        "south": {
          "uv": [
            8,
            5.6,
            8.9,
            6.1
          ],
          "texture": "#4"
        },
        "up": {
          "uv": [
            7.6,
            11.3,
            7.2,
            10.4
          ],
          "rotation": 90,
          "texture": "#4"
        },
        "down": {
          "uv": [
            10.8,
            7.2,
            10.4,
            8.1
          ],
          "rotation": 270,
          "texture": "#4"
        }
      }
    },
    {
      "from": [
        9.67678,
        15.31856,
        6.574
      ],
      "to": [
        10.92678,
        16.56856,
        7.584
      ],
      "rotation": {
        "angle": 0,
        "axis": "y",
        "origin": [
          8,
          8,
          8
        ]
      },
      "faces": {
        "north": {
          "uv": [
            2.4,
            12,
            2.9,
            12.5
          ],
          "texture": "#4"
        },
        "east": {
          "uv": [
            12.4,
            1.2,
            12.8,
            1.7
          ],
          "texture": "#4"
        },
        "south": {
          "uv": [
            1.2,
            12,
            1.7,
            12.5
          ],
          "texture": "#4"
        },
        "west": {
          "uv": [
            12.4,
            3.6,
            12.8,
            4.1
          ],
          "texture": "#4"
        },
        "down": {
          "uv": [
            12.8,
            4.8,
            12.4,
            5.3
          ],
          "rotation": 270,
          "texture": "#4"
        }
      }
    },
    {
      "from": [
        6,
        5.28823,
        6.704
      ],
      "to": [
        10,
        14.28823,
        7.454
      ],
      "rotation": {
        "angle": 0,
        "axis": "y",
        "origin": [
          8,
          8,
          8
        ]
      },
      "faces": {
        "north": {
          "uv": [
            2,
            0,
            3.6,
            3.6
          ],
          "texture": "#4"
        },
        "east": {
          "uv": [
            5.2,
            4.8,
            5.5,
            8.4
          ],
          "texture": "#4"
        },
        "south": {
          "uv": [
            0,
            0,
            1.6,
            3.6
          ],
          "texture": "#4"
        },
        "west": {
          "uv": [
            6,
            4.8,
            6.3,
            8.4
          ],
          "texture": "#4"
        }
      }
    },
    {
      "from": [
        4.66249,
        4.66249,
        6.7015
      ],
      "to": [
        7.50249,
        7.50249,
        7.4565
      ],
      "rotation": {
        "angle": 45,
        "axis": "z",
        "origin": [
          8,
          8,
          8
        ]
      },
      "faces": {
        "north": {
          "uv": [
            5.2,
            3.2,
            6.3,
            4.3
          ],
          "texture": "#4"
        },
        "east": {
          "uv": [
            11.2,
            6.8,
            11.5,
            7.9
          ],
          "texture": "#4"
        },
        "south": {
          "uv": [
            5.2,
            1.6,
            6.3,
            2.7
          ],
          "texture": "#4"
        },
        "west": {
          "uv": [
            8,
            11.2,
            8.3,
            12.3
          ],
          "texture": "#4"
        },
        "up": {
          "uv": [
            10.7,
            12.3,
            10.4,
            11.2
          ],
          "rotation": 90,
          "texture": "#4"
        },
        "down": {
          "uv": [
            11.5,
            11.2,
            11.2,
            12.3
          ],
          "rotation": 270,
          "texture": "#4"
        }
      }
    },
    {
      "from": [
        9.12924,
        6.32291,
        6.954
      ],
      "to": [
        10.62924,
        7.32291,
        7.204
      ],
      "rotation": {
        "angle": 45,
        "axis": "z",
        "origin": [
          8,
          8,
          8
        ]
      },
      "faces": {
        "north": {
          "uv": [
            3.6,
            12,
            4.2,
            12.4
          ],
          "texture": "#4"
        },
        "south": {
          "uv": [
            11.6,
            10.4,
            12.2,
            10.8
          ],
          "texture": "#4"
        },
        "west": {
          "uv": [
            14.4,
            4.8,
            14.5,
            5.2
          ],
          "texture": "#4"
        },
        "up": {
          "uv": [
            0.1,
            15,
            0,
            14.4
          ],
          "rotation": 90,
          "texture": "#4"
        },
        "down": {
          "uv": [
            14.5,
            0,
            14.4,
            0.6
          ],
          "rotation": 270,
          "texture": "#4"
        }
      }
    },
    {
      "from": [
        10.62924,
        5.82291,
        6.954
      ],
      "to": [
        11.37924,
        7.32291,
        7.204
      ],
      "rotation": {
        "angle": 45,
        "axis": "z",
        "origin": [
          8,
          8,
          8
        ]
      },
      "faces": {
        "north": {
          "uv": [
            5.6,
            12.8,
            5.9,
            13.4
          ],
          "texture": "#4"
        },
        "east": {
          "uv": [
            14.4,
            1.2,
            14.5,
            1.8
          ],
          "texture": "#4"
        },
        "south": {
          "uv": [
            3.6,
            12.8,
            3.9,
            13.4
          ],
          "texture": "#4"
        },
        "west": {
          "uv": [
            14.4,
            2.4,
            14.5,
            3
          ],
          "texture": "#4"
        },
        "up": {
          "uv": [
            4.9,
            15.1,
            4.8,
            14.8
          ],
          "rotation": 90,
          "texture": "#4"
        },
        "down": {
          "uv": [
            5.7,
            14.8,
            5.6,
            15.1
          ],
          "rotation": 270,
          "texture": "#4"
        }
      }
    },
    {
      "from": [
        11.47023,
        7.85324,
        6.954
      ],
      "to": [
        12.22023,
        9.60324,
        7.204
      ],
      "rotation": {
        "angle": 45,
        "axis": "z",
        "origin": [
          8,
          8,
          8
        ]
      },
      "faces": {
        "north": {
          "uv": [
            12,
            11.2,
            12.3,
            11.9
          ],
          "texture": "#4"
        },
        "east": {
          "uv": [
            12.8,
            14,
            12.9,
            14.7
          ],
          "texture": "#4"
        },
        "south": {
          "uv": [
            12,
            6.8,
            12.3,
            7.5
          ],
          "texture": "#4"
        },
        "west": {
          "uv": [
            13.6,
            14,
            13.7,
            14.7
          ],
          "texture": "#4"
        },
        "down": {
          "uv": [
            14.9,
            5.6,
            14.8,
            5.9
          ],
          "rotation": 270,
          "texture": "#4"
        }
      }
    },
    {
      "from": [
        10.64858,
        8.31971,
        6.9545
      ],
      "to": [
        11.39858,
        9.06971,
        7.2035
      ],
      "rotation": {
        "angle": 0,
        "axis": "y",
        "origin": [
          8,
          8,
          8
        ]
      },
      "faces": {
        "north": {
          "uv": [
            8.4,
            14,
            8.7,
            14.3
          ],
          "texture": "#4"
        },
        "south": {
          "uv": [
            7.6,
            14,
            7.9,
            14.3
          ],
          "texture": "#4"
        },
        "down": {
          "uv": [
            14.9,
            6.4,
            14.8,
            6.7
          ],
          "rotation": 270,
          "texture": "#4"
        }
      }
    },
    {
      "from": [
        10.28792,
        9.30537,
        6.9545
      ],
      "to": [
        11.08792,
        10.88037,
        7.2035
      ],
      "rotation": {
        "angle": 0,
        "axis": "y",
        "origin": [
          8,
          8,
          8
        ]
      },
      "faces": {
        "north": {
          "uv": [
            6.4,
            12.8,
            6.7,
            13.4
          ],
          "texture": "#4"
        },
        "east": {
          "uv": [
            14.4,
            3.6,
            14.5,
            4.2
          ],
          "texture": "#4"
        },
        "south": {
          "uv": [
            12.8,
            6,
            13.1,
            6.6
          ],
          "texture": "#4"
        },
        "west": {
          "uv": [
            14.4,
            8,
            14.5,
            8.6
          ],
          "texture": "#4"
        }
      }
    },
    {
      "from": [
        13.80265,
        2.47838,
        6.954
      ],
      "to": [
        14.55265,
        3.72838,
        7.204
      ],
      "rotation": {
        "angle": -45,
        "axis": "z",
        "origin": [
          8,
          8,
          8
        ]
      },
      "faces": {
        "north": {
          "uv": [
            12.8,
            12.8,
            13.1,
            13.3
          ],
          "texture": "#4"
        },
        "east": {
          "uv": [
            3.2,
            14.8,
            3.3,
            15.3
          ],
          "texture": "#4"
        },
        "south": {
          "uv": [
            12.8,
            11.6,
            13.1,
            12.1
          ],
          "texture": "#4"
        },
        "west": {
          "uv": [
            4,
            14.8,
            4.1,
            15.3
          ],
          "texture": "#4"
        },
        "up": {
          "uv": [
            14.9,
            7.5,
            14.8,
            7.2
          ],
          "rotation": 90,
          "texture": "#4"
        },
        "down": {
          "uv": [
            7.7,
            14.8,
            7.6,
            15.1
          ],
          "rotation": 270,
          "texture": "#4"
        }
      }
    },
    {
      "from": [
        13.55264,
        2.47838,
        6.954
      ],
      "to": [
        13.80264,
        3.22838,
        7.204
      ],
      "rotation": {
        "angle": -45,
        "axis": "z",
        "origin": [
          8,
          8,
          8
        ]
      },
      "faces": {
        "north": {
          "uv": [
            14.8,
            10,
            14.9,
            10.3
          ],
          "texture": "#4"
        },
        "south": {
          "uv": [
            8.4,
            14.8,
            8.5,
            15.1
          ],
          "texture": "#4"
        },
        "west": {
          "uv": [
            14.8,
            9.2,
            14.9,
            9.5
          ],
          "texture": "#4"
        },
        "up": {
          "uv": [
            14.9,
            11.7,
            14.8,
            11.6
          ],
          "rotation": 90,
          "texture": "#4"
        },
        "down": {
          "uv": [
            14.9,
            12.4,
            14.8,
            12.5
          ],
          "rotation": 270,
          "texture": "#4"
        }
      }
    },
    {
      "from": [
        8.86292,
        0.34609,
        6.9545
      ],
      "to": [
        9.61292,
        1.84609,
        7.2035
      ],
      "rotation": {
        "angle": 0,
        "axis": "y",
        "origin": [
          8,
          8,
          8
        ]
      },
      "faces": {
        "north": {
          "uv": [
            12.8,
            7.2,
            13.1,
            7.8
          ],
          "texture": "#4"
        },
        "east": {
          "uv": [
            9.2,
            14.4,
            9.3,
            15
          ],
          "texture": "#4"
        },
        "south": {
          "uv": [
            7.2,
            12.8,
            7.5,
            13.4
          ],
          "texture": "#4"
        },
        "west": {
          "uv": [
            10,
            14.4,
            10.1,
            15
          ],
          "texture": "#4"
        }
      }
    },
    {
      "from": [
        12.96166,
        4.25871,
        6.954
      ],
      "to": [
        13.71166,
        5.75871,
        7.204
      ],
      "rotation": {
        "angle": -45,
        "axis": "z",
        "origin": [
          8,
          8,
          8
        ]
      },
      "faces": {
        "north": {
          "uv": [
            8.8,
            12.8,
            9.1,
            13.4
          ],
          "texture": "#4"
        },
        "east": {
          "uv": [
            14.4,
            14,
            14.5,
            14.6
          ],
          "texture": "#4"
        },
        "south": {
          "uv": [
            8,
            12.8,
            8.3,
            13.4
          ],
          "texture": "#4"
        },
        "west": {
          "uv": [
            0.8,
            14.8,
            0.9,
            15.4
          ],
          "texture": "#4"
        },
        "up": {
          "uv": [
            10.9,
            15.1,
            10.8,
            14.8
          ],
          "rotation": 90,
          "texture": "#4"
        },
        "down": {
          "uv": [
            14.9,
            10.8,
            14.8,
            11.1
          ],
          "rotation": 270,
          "texture": "#4"
        }
      }
    },
    {
      "from": [
        11.46165,
        4.2587,
        6.954
      ],
      "to": [
        12.96165,
        5.2587,
        7.204
      ],
      "rotation": {
        "angle": -45,
        "axis": "z",
        "origin": [
          8,
          8,
          8
        ]
      },
      "faces": {
        "north": {
          "uv": [
            6.8,
            12,
            7.4,
            12.4
          ],
          "texture": "#4"
        },
        "south": {
          "uv": [
            5.6,
            12,
            6.2,
            12.4
          ],
          "texture": "#4"
        },
        "up": {
          "uv": [
            1.7,
            15.4,
            1.6,
            14.8
          ],
          "rotation": 90,
          "texture": "#4"
        },
        "down": {
          "uv": [
            2.5,
            14.8,
            2.4,
            15.4
          ],
          "rotation": 270,
          "texture": "#4"
        }
      }
    },
    {
      "from": [
        9.17358,
        2.15675,
        6.9545
      ],
      "to": [
        9.92358,
        2.90675,
        7.2035
      ],
      "rotation": {
        "angle": 0,
        "axis": "y",
        "origin": [
          8,
          8,
          8
        ]
      },
      "faces": {
        "north": {
          "uv": [
            12,
            14,
            12.3,
            14.3
          ],
          "texture": "#4"
        },
        "south": {
          "uv": [
            14,
            10.8,
            14.3,
            11.1
          ],
          "texture": "#4"
        },
        "up": {
          "uv": [
            11.7,
            15.1,
            11.6,
            14.8
          ],
          "rotation": 90,
          "texture": "#4"
        }
      }
    },
    {
      "from": [
        7.7842,
        3.08898,
        6.829
      ],
      "to": [
        10.0342,
        4.33898,
        7.329
      ],
      "rotation": {
        "angle": -22.5,
        "axis": "z",
        "origin": [
          8,
          8,
          8
        ]
      },
      "faces": {
        "north": {
          "uv": [
            1.6,
            8.4,
            2.5,
            8.9
          ],
          "texture": "#4"
        },
        "east": {
          "uv": [
            6.8,
            14,
            7,
            14.5
          ],
          "texture": "#4"
        },
        "south": {
          "uv": [
            8,
            6.8,
            8.9,
            7.3
          ],
          "texture": "#4"
        },
        "up": {
          "uv": [
            13,
            10.1,
            12.8,
            9.2
          ],
          "rotation": 90,
          "texture": "#4"
        },
        "down": {
          "uv": [
            9.8,
            12.8,
            9.6,
            13.7
          ],
          "rotation": 270,
          "texture": "#4"
        }
      }
    },
    {
      "from": [
        6,
        -3.21177,
        7.064
      ],
      "to": [
        10,
        3.78823,
        7.094
      ],
      "rotation": {
        "angle": 0,
        "axis": "y",
        "origin": [
          8,
          8,
          8
        ]
      },
      "faces": {
        "north": {
          "uv": [
            1.6,
            4,
            3.2,
            6.8
          ],
          "texture": "#4"
        },
        "south": {
          "uv": [
            3.2,
            4,
            1.6,
            6.8
          ],
          "texture": "#4"
        }
      }
    },
    {
      "from": [
        10.92678,
        14.31856,
        7.064
      ],
      "to": [
        14.92678,
        16.56856,
        7.094
      ],
      "rotation": {
        "angle": 0,
        "axis": "y",
        "origin": [
          8,
          8,
          8
        ]
      },
      "faces": {
        "north": {
          "uv": [
            5.2,
            0,
            6.8,
            0.9
          ],
          "texture": "#4"
        },
        "south": {
          "uv": [
            6.8,
            0,
            5.2,
            0.9
          ],
          "texture": "#4"
        }
      }
    },
    {
      "from": [
        9.4762,
        -0.44356,
        7.01926
      ],
      "to": [
        12.7262,
        14.55644,
        7.04926
      ],
      "rotation": {
        "angle": 22.5,
        "axis": "y",
        "origin": [
          8,
          8,
          8
        ]
      },
      "faces": {
        "north": {
          "uv": [
            0,
            15,
            3.25,
            0
          ],
          "texture": "#1"
        },
        "south": {
          "uv": [
            3.25,
            15,
            0,
            0
          ],
          "texture": "#1"
        }
      }
    },
    {
      "from": [
        3.2738,
        -0.44356,
        7.01927
      ],
      "to": [
        6.5238,
        14.55644,
        7.04927
      ],
      "rotation": {
        "angle": -22.5,
        "axis": "y",
        "origin": [
          8,
          8,
          8
        ]
      },
      "faces": {
        "north": {
          "uv": [
            3.25,
            15,
            6.5,
            0
          ],
          "texture": "#1"
        },
        "south": {
          "uv": [
            6.5,
            15,
            3.25,
            0
          ],
          "texture": "#1"
        }
      }
    },
    {
      "from": [
        8.38086,
        -3.44356,
        7.05053
      ],
      "to": [
        10.88086,
        1.55644,
        7.08053
      ],
      "rotation": {
        "angle": 22.5,
        "axis": "y",
        "origin": [
          8,
          8,
          8
        ]
      },
      "faces": {
        "north": {
          "uv": [
            0,
            0,
            5,
            10
          ],
          "texture": "#2"
        },
        "south": {
          "uv": [
            5,
            0,
            0,
            10
          ],
          "texture": "#2"
        }
      }
    },
    {
      "from": [
        5.11914,
        -3.44356,
        7.05053
      ],
      "to": [
        7.61914,
        1.55644,
        7.08053
      ],
      "rotation": {
        "angle": -22.5,
        "axis": "y",
        "origin": [
          8,
          8,
          8
        ]
      },
      "faces": {
        "north": {
          "uv": [
            5,
            0,
            0,
            10
          ],
          "texture": "#2"
        },
        "south": {
          "uv": [
            0,
            0,
            5,
            10
          ],
          "texture": "#2"
        }
      }
    },
    {
      "from": [
        5.82404,
        -3.44356,
        7.21769
      ],
      "to": [
        8.32404,
        1.55644,
        7.24769
      ],
      "rotation": {
        "angle": 22.5,
        "axis": "y",
        "origin": [
          8,
          8,
          8
        ]
      },
      "faces": {
        "north": {
          "uv": [
            5,
            0,
            0,
            10
          ],
          "texture": "#2"
        },
        "south": {
          "uv": [
            0,
            0,
            5,
            10
          ],
          "texture": "#2"
        }
      }
    },
    {
      "from": [
        7.67596,
        -3.44356,
        7.21769
      ],
      "to": [
        10.17596,
        1.55644,
        7.24769
      ],
      "rotation": {
        "angle": -22.5,
        "axis": "y",
        "origin": [
          8,
          8,
          8
        ]
      },
      "faces": {
        "north": {
          "uv": [
            0,
            0,
            5,
            10
          ],
          "texture": "#2"
        },
        "south": {
          "uv": [
            5,
            0,
            0,
            10
          ],
          "texture": "#2"
        }
      }
    },
    {
      "from": [
        9.5,
        -1.21177,
        7.079
      ],
      "to": [
        11.75,
        13.78823,
        7.109
      ],
      "rotation": {
        "angle": 0,
        "axis": "y",
        "origin": [
          8,
          8,
          8
        ]
      },
      "faces": {
        "north": {
          "uv": [
            0,
            4,
            0.9,
            10
          ],
          "texture": "#4"
        },
        "south": {
          "uv": [
            0.9,
            4,
            0,
            10
          ],
          "texture": "#4"
        }
      }
    },
    {
      "from": [
        11.1121,
        -1.21177,
        5.71404
      ],
      "to": [
        13.1121,
        13.78823,
        5.74404
      ],
      "rotation": {
        "angle": -22.5,
        "axis": "y",
        "origin": [
          8,
          8,
          8
        ]
      },
      "faces": {
        "north": {
          "uv": [
            4,
            0,
            4.8,
            6
          ],
          "texture": "#4"
        },
        "south": {
          "uv": [
            4.8,
            0,
            4,
            6
          ],
          "texture": "#4"
        }
      }
    },
    {
      "from": [
        4.25,
        -1.21177,
        7.079
      ],
      "to": [
        6.5,
        13.78823,
        7.109
      ],
      "rotation": {
        "angle": 0,
        "axis": "y",
        "origin": [
          8,
          8,
          8
        ]
      },
      "faces": {
        "north": {
          "uv": [
            0.9,
            4,
            0,
            10
          ],
          "texture": "#4"
        },
        "south": {
          "uv": [
            0,
            4,
            0.9,
            10
          ],
          "texture": "#4"
        }
      }
    },
    {
      "from": [
        2.8879,
        -1.21177,
        5.71404
      ],
      "to": [
        4.8879,
        13.78823,
        5.74404
      ],
      "rotation": {
        "angle": 22.5,
        "axis": "y",
        "origin": [
          8,
          8,
          8
        ]
      },
      "faces": {
        "north": {
          "uv": [
            4.8,
            0,
            4,
            6
          ],
          "texture": "#4"
        },
        "south": {
          "uv": [
            4,
            0,
            4.8,
            6
          ],
          "texture": "#4"
        }
      }
    },
    {
      "from": [
        4.62076,
        5.82291,
        6.954
      ],
      "to": [
        5.37076,
        7.32291,
        7.204
      ],
      "rotation": {
        "angle": -45,
        "axis": "z",
        "origin": [
          8,
          8,
          8
        ]
      },
      "faces": {
        "north": {
          "uv": [
            5.9,
            12.8,
            5.6,
            13.4
          ],
          "texture": "#4"
        },
        "east": {
          "uv": [
            14.5,
            2.4,
            14.4,
            3
          ],
          "texture": "#4"
        },
        "south": {
          "uv": [
            3.9,
            12.8,
            3.6,
            13.4
          ],
          "texture": "#4"
        },
        "west": {
          "uv": [
            14.5,
            1.2,
            14.4,
            1.8
          ],
          "texture": "#4"
        },
        "up": {
          "uv": [
            4.9,
            14.8,
            4.8,
            15.1
          ],
          "rotation": 90,
          "texture": "#4"
        },
        "down": {
          "uv": [
            5.7,
            15.1,
            5.6,
            14.8
          ],
          "rotation": 270,
          "texture": "#4"
        }
      }
    },
    {
      "from": [
        4.60142,
        8.31971,
        6.9545
      ],
      "to": [
        5.35142,
        9.06971,
        7.2035
      ],
      "rotation": {
        "angle": 0,
        "axis": "y",
        "origin": [
          8,
          8,
          8
        ]
      },
      "faces": {
        "north": {
          "uv": [
            8.7,
            14,
            8.4,
            14.3
          ],
          "texture": "#4"
        },
        "south": {
          "uv": [
            7.9,
            14,
            7.6,
            14.3
          ],
          "texture": "#4"
        },
        "down": {
          "uv": [
            14.9,
            6.7,
            14.8,
            6.4
          ],
          "rotation": 270,
          "texture": "#4"
        }
      }
    },
    {
      "from": [
        5.37076,
        6.32291,
        6.954
      ],
      "to": [
        6.87076,
        7.32291,
        7.204
      ],
      "rotation": {
        "angle": -45,
        "axis": "z",
        "origin": [
          8,
          8,
          8
        ]
      },
      "faces": {
        "north": {
          "uv": [
            4.2,
            12,
            3.6,
            12.4
          ],
          "texture": "#4"
        },
        "east": {
          "uv": [
            14.5,
            4.8,
            14.4,
            5.2
          ],
          "texture": "#4"
        },
        "south": {
          "uv": [
            12.2,
            10.4,
            11.6,
            10.8
          ],
          "texture": "#4"
        },
        "up": {
          "uv": [
            0.1,
            14.4,
            0,
            15
          ],
          "rotation": 90,
          "texture": "#4"
        },
        "down": {
          "uv": [
            14.5,
            0.6,
            14.4,
            0
          ],
          "rotation": 270,
          "texture": "#4"
        }
      }
    },
    {
      "from": [
        4.91208,
        9.30537,
        6.9545
      ],
      "to": [
        5.71208,
        10.88037,
        7.2035
      ],
      "rotation": {
        "angle": 0,
        "axis": "y",
        "origin": [
          8,
          8,
          8
        ]
      },
      "faces": {
        "north": {
          "uv": [
            6.7,
            12.8,
            6.4,
            13.4
          ],
          "texture": "#4"
        },
        "east": {
          "uv": [
            14.5,
            8,
            14.4,
            8.6
          ],
          "texture": "#4"
        },
        "south": {
          "uv": [
            13.1,
            6,
            12.8,
            6.6
          ],
          "texture": "#4"
        },
        "west": {
          "uv": [
            14.5,
            3.6,
            14.4,
            4.2
          ],
          "texture": "#4"
        }
      }
    },
    {
      "from": [
        3.77977,
        7.85324,
        6.954
      ],
      "to": [
        4.52977,
        9.60324,
        7.204
      ],
      "rotation": {
        "angle": -45,
        "axis": "z",
        "origin": [
          8,
          8,
          8
        ]
      },
      "faces": {
        "north": {
          "uv": [
            12.3,
            11.2,
            12,
            11.9
          ],
          "texture": "#4"
        },
        "east": {
          "uv": [
            13.7,
            14,
            13.6,
            14.7
          ],
          "texture": "#4"
        },
        "south": {
          "uv": [
            12.3,
            6.8,
            12,
            7.5
          ],
          "texture": "#4"
        },
        "west": {
          "uv": [
            12.9,
            14,
            12.8,
            14.7
          ],
          "texture": "#4"
        },
        "down": {
          "uv": [
            14.9,
            5.9,
            14.8,
            5.6
          ],
          "rotation": 270,
          "texture": "#4"
        }
      }
    },
    {
      "from": [
        4.82322,
        16.56856,
        6.4515
      ],
      "to": [
        7.07322,
        17.31856,
        7.7065
      ],
      "rotation": {
        "angle": 0,
        "axis": "y",
        "origin": [
          8,
          8,
          8
        ]
      },
      "faces": {
        "north": {
          "uv": [
            12.5,
            8.4,
            11.6,
            8.7
          ],
          "texture": "#4"
        },
        "east": {
          "uv": [
            13.3,
            10.8,
            12.8,
            11.1
          ],
          "texture": "#4"
        },
        "south": {
          "uv": [
            12.5,
            2.8,
            11.6,
            3.1
          ],
          "texture": "#4"
        },
        "west": {
          "uv": [
            10.9,
            12.8,
            10.4,
            13.1
          ],
          "texture": "#4"
        },
        "up": {
          "uv": [
            8.5,
            1.2,
            8,
            2.1
          ],
          "rotation": 90,
          "texture": "#4"
        },
        "down": {
          "uv": [
            3.7,
            8.9,
            3.2,
            8
          ],
          "rotation": 270,
          "texture": "#4"
        }
      }
    },
    {
      "from": [
        5.07322,
        15.31856,
        6.574
      ],
      "to": [
        6.32322,
        16.56856,
        7.584
      ],
      "rotation": {
        "angle": 0,
        "axis": "y",
        "origin": [
          8,
          8,
          8
        ]
      },
      "faces": {
        "north": {
          "uv": [
            2.9,
            12,
            2.4,
            12.5
          ],
          "texture": "#4"
        },
        "east": {
          "uv": [
            12.8,
            3.6,
            12.4,
            4.1
          ],
          "texture": "#4"
        },
        "south": {
          "uv": [
            1.7,
            12,
            1.2,
            12.5
          ],
          "texture": "#4"
        },
        "west": {
          "uv": [
            12.8,
            1.2,
            12.4,
            1.7
          ],
          "texture": "#4"
        },
        "down": {
          "uv": [
            12.8,
            5.3,
            12.4,
            4.8
          ],
          "rotation": 270,
          "texture": "#4"
        }
      }
    },
    {
      "from": [
        9.73935,
        14.36067,
        6.5765
      ],
      "to": [
        11.98935,
        15.61067,
        7.5815
      ],
      "rotation": {
        "angle": 45,
        "axis": "z",
        "origin": [
          8,
          8,
          8
        ]
      },
      "faces": {
        "north": {
          "uv": [
            7.7,
            8,
            6.8,
            8.5
          ],
          "texture": "#4"
        },
        "south": {
          "uv": [
            8.9,
            5.6,
            8,
            6.1
          ],
          "texture": "#4"
        },
        "west": {
          "uv": [
            12.8,
            0,
            12.4,
            0.5
          ],
          "texture": "#4"
        },
        "up": {
          "uv": [
            7.6,
            10.4,
            7.2,
            11.3
          ],
          "rotation": 90,
          "texture": "#4"
        },
        "down": {
          "uv": [
            10.8,
            8.1,
            10.4,
            7.2
          ],
          "rotation": 270,
          "texture": "#4"
        }
      }
    },
    {
      "from": [
        10.23935,
        13.86067,
        6.0765
      ],
      "to": [
        11.48935,
        15.11067,
        8.0815
      ],
      "rotation": {
        "angle": 45,
        "axis": "z",
        "origin": [
          8,
          8,
          8
        ]
      },
      "faces": {
        "north": {
          "uv": [
            12.1,
            9.2,
            11.6,
            9.7
          ],
          "texture": "#4"
        },
        "east": {
          "uv": [
            10,
            2.4,
            9.2,
            2.9
          ],
          "texture": "#4"
        },
        "south": {
          "uv": [
            9.3,
            11.6,
            8.8,
            12.1
          ],
          "texture": "#4"
        },
        "west": {
          "uv": [
            10,
            1.2,
            9.2,
            1.7
          ],
          "texture": "#4"
        },
        "up": {
          "uv": [
            6.8,
            9.2,
            6,
            9.7
          ],
          "rotation": 90,
          "texture": "#4"
        }
      }
    },
    {
      "from": [
        10.23935,
        12.61067,
        6.0765
      ],
      "to": [
        11.73935,
        13.86067,
        8.0815
      ],
      "rotation": {
        "angle": 45,
        "axis": "z",
        "origin": [
          8,
          8,
          8
        ]
      },
      "faces": {
        "north": {
          "uv": [
            0.6,
            11.6,
            0,
            12.1
          ],
          "texture": "#4"
        },
        "east": {
          "uv": [
            9.6,
            0,
            8.8,
            0.5
          ],
          "texture": "#4"
        },
        "south": {
          "uv": [
            11.8,
            0,
            11.2,
            0.5
          ],
          "texture": "#4"
        },
        "west": {
          "uv": [
            9.2,
            4.4,
            8.4,
            4.9
          ],
          "texture": "#4"
        },
        "up": {
          "uv": [
            7.6,
            5.6,
            6.8,
            6.2
          ],
          "rotation": 90,
          "texture": "#4"
        },
        "down": {
          "uv": [
            7.6,
            7.4,
            6.8,
            6.8
          ],
          "rotation": 270,
          "texture": "#4"
        }
      }
    },
    {
      "from": [
        1.07322,
        14.31856,
        7.064
      ],
      "to": [
        5.07322,
        16.56856,
        7.094
      ],
      "rotation": {
        "angle": 0,
        "axis": "y",
        "origin": [
          8,
          8,
          8
        ]
      },
      "faces": {
        "north": {
          "uv": [
            6.8,
            0,
            5.2,
            0.9
          ],
          "texture": "#4"
        },
        "south": {
          "uv": [
            5.2,
            0,
            6.8,
            0.9
          ],
          "texture": "#4"
        }
      }
    },
    {
      "from": [
        4.5465,
        3.53931,
        6.704
      ],
      "to": [
        5.5465,
        5.78931,
        7.454
      ],
      "rotation": {
        "angle": 22.5,
        "axis": "z",
        "origin": [
          8,
          8,
          8
        ]
      },
      "faces": {
        "north": {
          "uv": [
            6.8,
            10.4,
            6.4,
            11.3
          ],
          "texture": "#4"
        },
        "east": {
          "uv": [
            5.1,
            11.6,
            4.8,
            12.5
          ],
          "texture": "#4"
        },
        "south": {
          "uv": [
            8.8,
            9.6,
            8.4,
            10.5
          ],
          "texture": "#4"
        },
        "west": {
          "uv": [
            11.9,
            1.2,
            11.6,
            2.1
          ],
          "texture": "#4"
        },
        "up": {
          "uv": [
            9.9,
            7.2,
            9.6,
            7.6
          ],
          "rotation": 90,
          "texture": "#4"
        },
        "down": {
          "uv": [
            10.7,
            14,
            10.4,
            13.6
          ],
          "rotation": 270,
          "texture": "#4"
        }
      }
    },
    {
      "from": [
        3.03835,
        4.2587,
        6.954
      ],
      "to": [
        4.53835,
        5.2587,
        7.204
      ],
      "rotation": {
        "angle": 45,
        "axis": "z",
        "origin": [
          8,
          8,
          8
        ]
      },
      "faces": {
        "north": {
          "uv": [
            7.4,
            12,
            6.8,
            12.4
          ],
          "texture": "#4"
        },
        "south": {
          "uv": [
            6.2,
            12,
            5.6,
            12.4
          ],
          "texture": "#4"
        },
        "up": {
          "uv": [
            1.7,
            14.8,
            1.6,
            15.4
          ],
          "rotation": 90,
          "texture": "#4"
        },
        "down": {
          "uv": [
            2.5,
            15.4,
            2.4,
            14.8
          ],
          "rotation": 270,
          "texture": "#4"
        }
      }
    },
    {
      "from": [
        6.07642,
        2.15675,
        6.9545
      ],
      "to": [
        6.82642,
        2.90675,
        7.2035
      ],
      "rotation": {
        "angle": 0,
        "axis": "y",
        "origin": [
          8,
          8,
          8
        ]
      },
      "faces": {
        "north": {
          "uv": [
            12.3,
            14,
            12,
            14.3
          ],
          "texture": "#4"
        },
        "south": {
          "uv": [
            14.3,
            10.8,
            14,
            11.1
          ],
          "texture": "#4"
        },
        "up": {
          "uv": [
            11.7,
            14.8,
            11.6,
            15.1
          ],
          "rotation": 90,
          "texture": "#4"
        }
      }
    },
    {
      "from": [
        2.28834,
        4.25871,
        6.954
      ],
      "to": [
        3.03834,
        5.75871,
        7.204
      ],
      "rotation": {
        "angle": 45,
        "axis": "z",
        "origin": [
          8,
          8,
          8
        ]
      },
      "faces": {
        "north": {
          "uv": [
            9.1,
            12.8,
            8.8,
            13.4
          ],
          "texture": "#4"
        },
        "east": {
          "uv": [
            0.9,
            14.8,
            0.8,
            15.4
          ],
          "texture": "#4"
        },
        "south": {
          "uv": [
            8.3,
            12.8,
            8,
            13.4
          ],
          "texture": "#4"
        },
        "west": {
          "uv": [
            14.5,
            14,
            14.4,
            14.6
          ],
          "texture": "#4"
        },
        "up": {
          "uv": [
            10.9,
            14.8,
            10.8,
            15.1
          ],
          "rotation": 90,
          "texture": "#4"
        },
        "down": {
          "uv": [
            14.9,
            11.1,
            14.8,
            10.8
          ],
          "rotation": 270,
          "texture": "#4"
        }
      }
    },
    {
      "from": [
        6.38708,
        0.34609,
        6.9545
      ],
      "to": [
        7.13708,
        1.84609,
        7.2035
      ],
      "rotation": {
        "angle": 0,
        "axis": "y",
        "origin": [
          8,
          8,
          8
        ]
      },
      "faces": {
        "north": {
          "uv": [
            13.1,
            7.2,
            12.8,
            7.8
          ],
          "texture": "#4"
        },
        "east": {
          "uv": [
            10.1,
            14.4,
            10,
            15
          ],
          "texture": "#4"
        },
        "south": {
          "uv": [
            7.5,
            12.8,
            7.2,
            13.4
          ],
          "texture": "#4"
        },
        "west": {
          "uv": [
            9.3,
            14.4,
            9.2,
            15
          ],
          "texture": "#4"
        }
      }
    },
    {
      "from": [
        1.44735,
        2.47838,
        6.954
      ],
      "to": [
        2.19735,
        3.72838,
        7.204
      ],
      "rotation": {
        "angle": 45,
        "axis": "z",
        "origin": [
          8,
          8,
          8
        ]
      },
      "faces": {
        "north": {
          "uv": [
            13.1,
            12.8,
            12.8,
            13.3
          ],
          "texture": "#4"
        },
        "east": {
          "uv": [
            4.1,
            14.8,
            4,
            15.3
          ],
          "texture": "#4"
        },
        "south": {
          "uv": [
            13.1,
            11.6,
            12.8,
            12.1
          ],
          "texture": "#4"
        },
        "west": {
          "uv": [
            3.3,
            14.8,
            3.2,
            15.3
          ],
          "texture": "#4"
        },
        "up": {
          "uv": [
            14.9,
            7.2,
            14.8,
            7.5
          ],
          "rotation": 90,
          "texture": "#4"
        },
        "down": {
          "uv": [
            7.7,
            15.1,
            7.6,
            14.8
          ],
          "rotation": 270,
          "texture": "#4"
        }
      }
    },
    {
      "from": [
        2.19736,
        2.47838,
        6.954
      ],
      "to": [
        2.44736,
        3.22838,
        7.204
      ],
      "rotation": {
        "angle": 45,
        "axis": "z",
        "origin": [
          8,
          8,
          8
        ]
      },
      "faces": {
        "north": {
          "uv": [
            14.9,
            10,
            14.8,
            10.3
          ],
          "texture": "#4"
        },
        "east": {
          "uv": [
            14.9,
            9.2,
            14.8,
            9.5
          ],
          "texture": "#4"
        },
        "south": {
          "uv": [
            8.5,
            14.8,
            8.4,
            15.1
          ],
          "texture": "#4"
        },
        "up": {
          "uv": [
            14.9,
            11.6,
            14.8,
            11.7
          ],
          "rotation": 90,
          "texture": "#4"
        },
        "down": {
          "uv": [
            14.9,
            12.5,
            14.8,
            12.4
          ],
          "rotation": 270,
          "texture": "#4"
        }
      }
    },
    {
      "from": [
        7.25,
        11.30644,
        9.329
      ],
      "to": [
        8.75,
        12.80644,
        10.829
      ],
      "rotation": {
        "angle": 0,
        "axis": "z",
        "origin": [
          8,
          8,
          8
        ]
      },
      "faces": {
        "north": {
          "uv": [
            1.2,
            10.8,
            1.8,
            11.4
          ],
          "texture": "#4"
        },
        "east": {
          "uv": [
            10.4,
            8.8,
            11,
            9.4
          ],
          "texture": "#4"
        },
        "south": {
          "uv": [
            9.2,
            10.4,
            9.8,
            11
          ],
          "texture": "#4"
        },
        "west": {
          "uv": [
            10.4,
            10,
            11,
            10.6
          ],
          "texture": "#4"
        },
        "up": {
          "uv": [
            3,
            11.4,
            2.4,
            10.8
          ],
          "rotation": 90,
          "texture": "#4"
        },
        "down": {
          "uv": [
            4.2,
            10.8,
            3.6,
            11.4
          ],
          "rotation": 270,
          "texture": "#4"
        }
      }
    },
    {
      "from": [
        7.5,
        11.55644,
        7.079
      ],
      "to": [
        8.5,
        12.55644,
        9.329
      ],
      "rotation": {
        "angle": 0,
        "axis": "z",
        "origin": [
          8,
          8,
          8
        ]
      },
      "faces": {
        "east": {
          "uv": [
            10.8,
            3.6,
            11.7,
            4
          ],
          "texture": "#4"
        },
        "west": {
          "uv": [
            10.8,
            4.4,
            11.7,
            4.8
          ],
          "texture": "#4"
        },
        "up": {
          "uv": [
            11.7,
            5.6,
            10.8,
            5.2
          ],
          "rotation": 90,
          "texture": "#4"
        },
        "down": {
          "uv": [
            11.7,
            6,
            10.8,
            6.4
          ],
          "rotation": 270,
          "texture": "#4"
        }
      }
    },
    {
      "from": [
        7.25,
        4.30644,
        9.329
      ],
      "to": [
        8.75,
        5.80644,
        10.829
      ],
      "rotation": {
        "angle": 0,
        "axis": "z",
        "origin": [
          8,
          8,
          8
        ]
      },
      "faces": {
        "north": {
          "uv": [
            1.2,
            11.4,
            1.8,
            10.8
          ],
          "texture": "#4"
        },
        "east": {
          "uv": [
            10.4,
            9.4,
            11,
            8.8
          ],
          "texture": "#4"
        },
        "south": {
          "uv": [
            9.2,
            11,
            9.8,
            10.4
          ],
          "texture": "#4"
        },
        "west": {
          "uv": [
            10.4,
            10.6,
            11,
            10
          ],
          "texture": "#4"
        },
        "up": {
          "uv": [
            4.2,
            11.4,
            3.6,
            10.8
          ],
          "rotation": 90,
          "texture": "#4"
        },
        "down": {
          "uv": [
            3,
            10.8,
            2.4,
            11.4
          ],
          "rotation": 270,
          "texture": "#4"
        }
      }
    },
    {
      "from": [
        7.5,
        4.55644,
        7.079
      ],
      "to": [
        8.5,
        5.55644,
        9.329
      ],
      "rotation": {
        "angle": 0,
        "axis": "z",
        "origin": [
          8,
          8,
          8
        ]
      },
      "faces": {
        "east": {
          "uv": [
            10.8,
            4,
            11.7,
            3.6
          ],
          "texture": "#4"
        },
        "west": {
          "uv": [
            10.8,
            4.8,
            11.7,
            4.4
          ],
          "texture": "#4"
        },
        "up": {
          "uv": [
            11.7,
            6.4,
            10.8,
            6
          ],
          "rotation": 90,
          "texture": "#4"
        },
        "down": {
          "uv": [
            11.7,
            5.2,
            10.8,
            5.6
          ],
          "rotation": 270,
          "texture": "#4"
        }
      }
    }
  ],
  "gui_light": "front",
  "display": {
    "thirdperson_righthand": {
      "rotation": [
        0,
        -60,
        0
      ],
      "translation": [
        1.5,
        -2,
        0
      ]
    },
    "thirdperson_lefthand": {
      "rotation": [
        0,
        -60,
        0
      ],
      "translation": [
        1.5,
        -2,
        0
      ]
    },
    "firstperson_righthand": {
      "rotation": [
        0,
        0,
        9
      ],
      "translation": [
        1.5,
        1.5,
        1.75
      ],
      "scale": [
        0.8,
        0.8,
        0.8
      ]
    },
    "firstperson_lefthand": {
      "rotation": [
        0,
        0,
        9
      ],
      "translation": [
        1.5,
        1.5,
        1.75
      ],
      "scale": [
        0.8,
        0.8,
        0.8
      ]
    },
    "ground": {
      "rotation": [
        45,
        0,
        0
      ],
      "translation": [
        0,
        5,
        0
      ],
      "scale": [
        0.7,
        0.7,
        0.7
      ]
    },
    "gui": {
      "rotation": [
        0,
        180,
        -45
      ],
      "translation": [
        0.25,
        -0.25,
        0
      ],
      "scale": [
        0.9,
        0.9,
        0.9
      ]
    },
    "fixed": {
      "translation": [
        0,
        0,
        -1.75
      ],
      "scale": [
        2,
        2,
        2
      ]
    }
  },
  "groups": [
    {
      "name": "shield",
      "origin": [
        7.985,
        0.03033,
        16.17678
      ],
      "color": 0,
      "children": [
        0,
        1,
        2,
        3,
        4,
        5,
        6,
        7,
        8,
        9,
        10,
        11,
        12,
        13,
        14,
        15,
        16,
        17,
        18,
        19,
        20,
        21,
        22,
        23,
        24,
        25,
        26,
        27,
        28,
        29,
        30,
        31,
        32,
        33,
        34,
        35,
        36,
        37,
        38,
        39,
        40,
        41,
        42,
        43,
        44,
        45,
        46,
        47,
        48,
        49,
        50,
        51,
        52,
        53,
        54,
        55,
        56,
        57,
        58,
        59,
        60,
        61,
        62,
        63
      ]
    }
  ],
  "mcmodels": "bf81f1f5e5256a1adef4b840f180c27e"
}