{
  "credit": "Pologony Creation Co.,Ltd.",
  "texture_size": [
    40,
    40
  ],
  "textures": {
    "2": "item/necros/necros_ef2_long",
    "5": "item/necros/necros_ef5_long",
    "6": "item/necros/necros_shovel"
  },
  "elements": [
    {
      "from": [
        7.75,
        16.28033,
        6
      ],
      "to": [
        8.25,
        19.28033,
        10
      ],
      "rotation": {
        "angle": 0,
        "axis": "y",
        "origin": [
          7.75,
          16.53033,
          5.5
        ]
      },
      "faces": {
        "north": {
          "uv": [
            4,
            11.6,
            4.2,
            12.8
          ],
          "texture": "#6"
        },
        "east": {
          "uv": [
            3.2,
            3.2,
            4.8,
            4.4
          ],
          "texture": "#6"
        },
        "south": {
          "uv": [
            4.8,
            12,
            5,
            13.2
          ],
          "texture": "#6"
        },
        "west": {
          "uv": [
            0,
            3.6,
            1.6,
            4.8
          ],
          "texture": "#6"
        }
      }
    },
    {
      "from": [
        7.7475,
        17.98744,
        7.1191
      ],
      "to": [
        8.2525,
        20.81744,
        9.9491
      ],
      "rotation": {
        "angle": 45,
        "axis": "x",
        "origin": [
          7.9975,
          19.98744,
          8.1191
        ]
      },
      "faces": {
        "north": {
          "uv": [
            6.8,
            12,
            7,
            13.1
          ],
          "texture": "#6"
        },
        "east": {
          "uv": [
            5.6,
            4.8,
            6.7,
            5.9
          ],
          "texture": "#6"
        },
        "south": {
          "uv": [
            12,
            6.8,
            12.2,
            7.9
          ],
          "texture": "#6"
        },
        "west": {
          "uv": [
            1.2,
            6,
            2.3,
            7.1
          ],
          "texture": "#6"
        },
        "up": {
          "uv": [
            7.8,
            13.1,
            7.6,
            12
          ],
          "texture": "#6"
        },
        "down": {
          "uv": [
            12.2,
            11.6,
            12,
            12.7
          ],
          "texture": "#6"
        }
      }
    },
    {
      "from": [
        7.985,
        16.28033,
        4.5
      ],
      "to": [
        8.015,
        24.28033,
        11.5
      ],
      "rotation": {
        "angle": 0,
        "axis": "y",
        "origin": [
          7.985,
          16.28033,
          4.5
        ]
      },
      "faces": {
        "east": {
          "uv": [
            2.8,
            0,
            0,
            3.2
          ],
          "texture": "#6"
        },
        "west": {
          "uv": [
            0,
            0,
            2.8,
            3.2
          ],
          "texture": "#6"
        }
      }
    },
    {
      "from": [
        4.75,
        17.25,
        3.25
      ],
      "to": [
        4.78,
        24.25,
        8.25
      ],
      "rotation": {
        "angle": 22.5,
        "axis": "y",
        "origin": [
          4.75,
          17.25,
          1.25
        ]
      },
      "faces": {
        "east": {
          "uv": [
            10,
            0,
            0,
            14
          ],
          "texture": "#5"
        },
        "west": {
          "uv": [
            0,
            0,
            10,
            14
          ],
          "texture": "#5"
        }
      }
    },
    {
      "from": [
        4.75,
        17.25,
        7.75
      ],
      "to": [
        4.78,
        24.25,
        12.75
      ],
      "rotation": {
        "angle": -22.5,
        "axis": "y",
        "origin": [
          4.75,
          17.25,
          14.75
        ]
      },
      "faces": {
        "east": {
          "uv": [
            0,
            0,
            10,
            14
          ],
          "texture": "#5"
        },
        "west": {
          "uv": [
            10,
            0,
            0,
            14
          ],
          "texture": "#5"
        }
      }
    },
    {
      "from": [
        11.22,
        17.25,
        7.75
      ],
      "to": [
        11.25,
        24.25,
        12.75
      ],
      "rotation": {
        "angle": 22.5,
        "axis": "y",
        "origin": [
          11.25,
          17.25,
          14.75
        ]
      },
      "faces": {
        "east": {
          "uv": [
            0,
            0,
            10,
            14
          ],
          "texture": "#5"
        },
        "west": {
          "uv": [
            10,
            0,
            0,
            14
          ],
          "texture": "#5"
        }
      }
    },
    {
      "from": [
        11.22,
        17.25,
        3.25
      ],
      "to": [
        11.25,
        24.25,
        8.25
      ],
      "rotation": {
        "angle": -22.5,
        "axis": "y",
        "origin": [
          11.25,
          17.25,
          1.25
        ]
      },
      "faces": {
        "east": {
          "uv": [
            10,
            0,
            0,
            14
          ],
          "texture": "#5"
        },
        "west": {
          "uv": [
            0,
            0,
            10,
            14
          ],
          "texture": "#5"
        }
      }
    },
    {
      "from": [
        7.7535,
        0.3125,
        6.03173
      ],
      "to": [
        8.2465,
        1.5625,
        8.28173
      ],
      "rotation": {
        "angle": 22.5,
        "axis": "x",
        "origin": [
          8.0035,
          0.8125,
          7.09423
        ]
      },
      "faces": {
        "east": {
          "uv": [
            8.4,
            7.6,
            9.3,
            8.1
          ],
          "texture": "#6"
        },
        "south": {
          "uv": [
            7.6,
            13.6,
            7.8,
            14.1
          ],
          "texture": "#6"
        },
        "west": {
          "uv": [
            0,
            8.8,
            0.9,
            9.3
          ],
          "texture": "#6"
        },
        "up": {
          "uv": [
            8.6,
            13.7,
            8.4,
            12.8
          ],
          "texture": "#6"
        },
        "down": {
          "uv": [
            13,
            8.8,
            12.8,
            9.7
          ],
          "texture": "#6"
        }
      }
    },
    {
      "from": [
        7.25,
        0.25,
        8
      ],
      "to": [
        8.75,
        1.75,
        9.5
      ],
      "rotation": {
        "angle": -45,
        "axis": "x",
        "origin": [
          7.25,
          0.25,
          8
        ]
      },
      "faces": {
        "north": {
          "uv": [
            10,
            3.6,
            10.6,
            4.2
          ],
          "texture": "#6"
        },
        "east": {
          "uv": [
            10,
            7.6,
            10.6,
            8.2
          ],
          "texture": "#6"
        },
        "south": {
          "uv": [
            8.4,
            10,
            9,
            10.6
          ],
          "texture": "#6"
        },
        "west": {
          "uv": [
            10,
            8.8,
            10.6,
            9.4
          ],
          "texture": "#6"
        },
        "up": {
          "uv": [
            10.2,
            10.6,
            9.6,
            10
          ],
          "texture": "#6"
        },
        "down": {
          "uv": [
            3,
            10.4,
            2.4,
            11
          ],
          "texture": "#6"
        }
      }
    },
    {
      "from": [
        7.75,
        2,
        7.04289
      ],
      "to": [
        9.25,
        2.5,
        8.54289
      ],
      "rotation": {
        "angle": -45,
        "axis": "y",
        "origin": [
          8,
          2,
          7.29289
        ]
      },
      "faces": {
        "north": {
          "uv": [
            13.2,
            4.8,
            13.8,
            5
          ],
          "texture": "#6"
        },
        "east": {
          "uv": [
            13.6,
            5.6,
            14.2,
            5.8
          ],
          "texture": "#6"
        },
        "south": {
          "uv": [
            6.4,
            13.6,
            7,
            13.8
          ],
          "texture": "#6"
        },
        "west": {
          "uv": [
            13.6,
            6.4,
            14.2,
            6.6
          ],
          "texture": "#6"
        },
        "up": {
          "uv": [
            4.2,
            11,
            3.6,
            10.4
          ],
          "texture": "#6"
        },
        "down": {
          "uv": [
            11,
            4.8,
            10.4,
            5.4
          ],
          "texture": "#6"
        }
      }
    },
    {
      "from": [
        7.75,
        3,
        7.04289
      ],
      "to": [
        9.25,
        3.5,
        8.54289
      ],
      "rotation": {
        "angle": -45,
        "axis": "y",
        "origin": [
          8,
          3,
          7.29289
        ]
      },
      "faces": {
        "north": {
          "uv": [
            13.6,
            7.2,
            14.2,
            7.4
          ],
          "texture": "#6"
        },
        "east": {
          "uv": [
            13.6,
            8,
            14.2,
            8.2
          ],
          "texture": "#6"
        },
        "south": {
          "uv": [
            13.6,
            8.8,
            14.2,
            9
          ],
          "texture": "#6"
        },
        "west": {
          "uv": [
            13.6,
            9.6,
            14.2,
            9.8
          ],
          "texture": "#6"
        },
        "up": {
          "uv": [
            11,
            6.6,
            10.4,
            6
          ],
          "texture": "#6"
        },
        "down": {
          "uv": [
            11.4,
            1.2,
            10.8,
            1.8
          ],
          "texture": "#6"
        }
      }
    },
    {
      "from": [
        7.75,
        2.5,
        7.21967
      ],
      "to": [
        9,
        3,
        8.46967
      ],
      "rotation": {
        "angle": -45,
        "axis": "y",
        "origin": [
          8,
          2.5,
          7.46967
        ]
      },
      "faces": {
        "north": {
          "uv": [
            1.2,
            14,
            1.7,
            14.2
          ],
          "texture": "#6"
        },
        "east": {
          "uv": [
            14,
            1.6,
            14.5,
            1.8
          ],
          "texture": "#6"
        },
        "south": {
          "uv": [
            14,
            2.4,
            14.5,
            2.6
          ],
          "texture": "#6"
        },
        "west": {
          "uv": [
            3.2,
            14,
            3.7,
            14.2
          ],
          "texture": "#6"
        }
      }
    },
    {
      "from": [
        7.75,
        6,
        7.04289
      ],
      "to": [
        9.25,
        6.5,
        8.54289
      ],
      "rotation": {
        "angle": -45,
        "axis": "y",
        "origin": [
          8,
          13,
          7.29289
        ]
      },
      "faces": {
        "north": {
          "uv": [
            13.6,
            10.4,
            14.2,
            10.6
          ],
          "texture": "#6"
        },
        "east": {
          "uv": [
            13.6,
            11.2,
            14.2,
            11.4
          ],
          "texture": "#6"
        },
        "south": {
          "uv": [
            13.6,
            12,
            14.2,
            12.2
          ],
          "texture": "#6"
        },
        "west": {
          "uv": [
            13.6,
            12.8,
            14.2,
            13
          ],
          "texture": "#6"
        },
        "up": {
          "uv": [
            11.4,
            3,
            10.8,
            2.4
          ],
          "texture": "#6"
        },
        "down": {
          "uv": [
            5.4,
            10.8,
            4.8,
            11.4
          ],
          "texture": "#6"
        }
      }
    },
    {
      "from": [
        7.75,
        6.5,
        7.21967
      ],
      "to": [
        9,
        7,
        8.46967
      ],
      "rotation": {
        "angle": -45,
        "axis": "y",
        "origin": [
          8,
          13.5,
          7.46967
        ]
      },
      "faces": {
        "north": {
          "uv": [
            14,
            3.2,
            14.5,
            3.4
          ],
          "texture": "#6"
        },
        "east": {
          "uv": [
            5.2,
            14,
            5.7,
            14.2
          ],
          "texture": "#6"
        },
        "south": {
          "uv": [
            9.2,
            14,
            9.7,
            14.2
          ],
          "texture": "#6"
        },
        "west": {
          "uv": [
            10.4,
            14,
            10.9,
            14.2
          ],
          "texture": "#6"
        }
      }
    },
    {
      "from": [
        7.75,
        7,
        7.04289
      ],
      "to": [
        9.25,
        7.5,
        8.54289
      ],
      "rotation": {
        "angle": -45,
        "axis": "y",
        "origin": [
          8,
          14,
          7.29289
        ]
      },
      "faces": {
        "north": {
          "uv": [
            13.6,
            13.6,
            14.2,
            13.8
          ],
          "texture": "#6"
        },
        "east": {
          "uv": [
            0,
            14,
            0.6,
            14.2
          ],
          "texture": "#6"
        },
        "south": {
          "uv": [
            14,
            0,
            14.6,
            0.2
          ],
          "texture": "#6"
        },
        "west": {
          "uv": [
            14,
            0.8,
            14.6,
            1
          ],
          "texture": "#6"
        },
        "up": {
          "uv": [
            6.6,
            11.4,
            6,
            10.8
          ],
          "texture": "#6"
        },
        "down": {
          "uv": [
            7.8,
            10.8,
            7.2,
            11.4
          ],
          "texture": "#6"
        }
      }
    },
    {
      "from": [
        8,
        3.5,
        7.29289
      ],
      "to": [
        9,
        6,
        8.29289
      ],
      "rotation": {
        "angle": -45,
        "axis": "y",
        "origin": [
          8,
          3.5,
          7.29289
        ]
      },
      "faces": {
        "north": {
          "uv": [
            5.2,
            9.2,
            5.6,
            10.2
          ],
          "texture": "#6"
        },
        "east": {
          "uv": [
            6,
            9.2,
            6.4,
            10.2
          ],
          "texture": "#6"
        },
        "south": {
          "uv": [
            6.8,
            9.2,
            7.2,
            10.2
          ],
          "texture": "#6"
        },
        "west": {
          "uv": [
            7.6,
            9.2,
            8,
            10.2
          ],
          "texture": "#6"
        }
      }
    },
    {
      "from": [
        7.625,
        -0.25,
        6.42074
      ],
      "to": [
        8.375,
        2,
        7.42074
      ],
      "rotation": {
        "angle": -22.5,
        "axis": "x",
        "origin": [
          7.625,
          0,
          6.42074
        ]
      },
      "faces": {
        "north": {
          "uv": [
            2.4,
            11.6,
            2.7,
            12.5
          ],
          "texture": "#6"
        },
        "east": {
          "uv": [
            10.8,
            10,
            11.2,
            10.9
          ],
          "texture": "#6"
        },
        "south": {
          "uv": [
            3.2,
            11.6,
            3.5,
            12.5
          ],
          "texture": "#6"
        },
        "west": {
          "uv": [
            0,
            11.2,
            0.4,
            12.1
          ],
          "texture": "#6"
        },
        "up": {
          "uv": [
            1.5,
            5.6,
            1.2,
            5.2
          ],
          "texture": "#6"
        },
        "down": {
          "uv": [
            7.5,
            5.6,
            7.2,
            6
          ],
          "texture": "#6"
        }
      }
    },
    {
      "from": [
        7,
        12.5,
        6.5
      ],
      "to": [
        9,
        14,
        9.5
      ],
      "rotation": {
        "angle": 0,
        "axis": "y",
        "origin": [
          7,
          12.5,
          6
        ]
      },
      "faces": {
        "east": {
          "uv": [
            0,
            7.6,
            1.2,
            8.2
          ],
          "texture": "#6"
        },
        "west": {
          "uv": [
            4.4,
            8,
            5.6,
            8.6
          ],
          "texture": "#6"
        },
        "up": {
          "uv": [
            6.4,
            7.6,
            5.6,
            6.4
          ],
          "texture": "#6"
        },
        "down": {
          "uv": [
            7.6,
            6.4,
            6.8,
            7.6
          ],
          "texture": "#6"
        }
      }
    },
    {
      "from": [
        6.9975,
        13.18934,
        6.06066
      ],
      "to": [
        9.0025,
        14.43934,
        7.56066
      ],
      "rotation": {
        "angle": -45,
        "axis": "x",
        "origin": [
          6.9975,
          12.93934,
          7.56066
        ]
      },
      "faces": {
        "north": {
          "uv": [
            9.6,
            1.2,
            10.4,
            1.7
          ],
          "texture": "#6"
        },
        "east": {
          "uv": [
            11.2,
            0,
            11.8,
            0.5
          ],
          "texture": "#6"
        },
        "south": {
          "uv": [
            9.6,
            2.4,
            10.4,
            2.9
          ],
          "texture": "#6"
        },
        "west": {
          "uv": [
            11.2,
            3.6,
            11.8,
            4.1
          ],
          "texture": "#6"
        },
        "up": {
          "uv": [
            9.2,
            1.8,
            8.4,
            1.2
          ],
          "texture": "#6"
        },
        "down": {
          "uv": [
            9.2,
            2.4,
            8.4,
            3
          ],
          "texture": "#6"
        }
      }
    },
    {
      "from": [
        6.9975,
        14.43934,
        6.06066
      ],
      "to": [
        9.0025,
        15.68934,
        7.31066
      ],
      "rotation": {
        "angle": -45,
        "axis": "x",
        "origin": [
          6.9975,
          12.93934,
          7.56066
        ]
      },
      "faces": {
        "north": {
          "uv": [
            0,
            10,
            0.8,
            10.5
          ],
          "texture": "#6"
        },
        "east": {
          "uv": [
            11.6,
            5.6,
            12.1,
            6.1
          ],
          "texture": "#6"
        },
        "south": {
          "uv": [
            10,
            0,
            10.8,
            0.5
          ],
          "texture": "#6"
        },
        "west": {
          "uv": [
            11.6,
            9.6,
            12.1,
            10.1
          ],
          "texture": "#6"
        },
        "up": {
          "uv": [
            2,
            10.5,
            1.2,
            10
          ],
          "texture": "#6"
        }
      }
    },
    {
      "from": [
        7.3725,
        15.78033,
        4.82322
      ],
      "to": [
        8.6275,
        16.53033,
        7.07322
      ],
      "rotation": {
        "angle": 0,
        "axis": "y",
        "origin": [
          8.125,
          16.40533,
          5.69822
        ]
      },
      "faces": {
        "north": {
          "uv": [
            3.2,
            13.2,
            3.7,
            13.5
          ],
          "texture": "#6"
        },
        "east": {
          "uv": [
            11.2,
            8.8,
            12.1,
            9.1
          ],
          "texture": "#6"
        },
        "south": {
          "uv": [
            13.2,
            4,
            13.7,
            4.3
          ],
          "texture": "#6"
        },
        "west": {
          "uv": [
            11.6,
            4.8,
            12.5,
            5.1
          ],
          "texture": "#6"
        },
        "up": {
          "uv": [
            2.9,
            9.7,
            2.4,
            8.8
          ],
          "texture": "#6"
        },
        "down": {
          "uv": [
            9.3,
            3.6,
            8.8,
            4.5
          ],
          "texture": "#6"
        }
      }
    },
    {
      "from": [
        7.4975,
        14.93934,
        5.56066
      ],
      "to": [
        8.5025,
        16.18934,
        7.81066
      ],
      "rotation": {
        "angle": -45,
        "axis": "x",
        "origin": [
          6.9975,
          12.93934,
          7.56066
        ]
      },
      "faces": {
        "north": {
          "uv": [
            0,
            12.8,
            0.4,
            13.3
          ],
          "texture": "#6"
        },
        "east": {
          "uv": [
            8.8,
            5.2,
            9.7,
            5.7
          ],
          "texture": "#6"
        },
        "west": {
          "uv": [
            8.8,
            6.4,
            9.7,
            6.9
          ],
          "texture": "#6"
        },
        "up": {
          "uv": [
            1.2,
            12.1,
            0.8,
            11.2
          ],
          "texture": "#6"
        },
        "down": {
          "uv": [
            2,
            11.2,
            1.6,
            12.1
          ],
          "texture": "#6"
        }
      }
    },
    {
      "from": [
        7.495,
        14.53033,
        5.07322
      ],
      "to": [
        8.505,
        15.78033,
        6.32322
      ],
      "rotation": {
        "angle": 0,
        "axis": "y",
        "origin": [
          7.9975,
          15.65533,
          5.69822
        ]
      },
      "faces": {
        "north": {
          "uv": [
            0.8,
            12.8,
            1.2,
            13.3
          ],
          "texture": "#6"
        },
        "east": {
          "uv": [
            10.8,
            11.6,
            11.3,
            12.1
          ],
          "texture": "#6"
        },
        "south": {
          "uv": [
            1.6,
            12.8,
            2,
            13.3
          ],
          "texture": "#6"
        },
        "west": {
          "uv": [
            12,
            1.2,
            12.5,
            1.7
          ],
          "texture": "#6"
        },
        "down": {
          "uv": [
            6,
            12.8,
            5.6,
            13.3
          ],
          "texture": "#6"
        }
      }
    },
    {
      "from": [
        7.5,
        14,
        7.25
      ],
      "to": [
        8.5,
        18,
        8.75
      ],
      "rotation": {
        "angle": 0,
        "axis": "y",
        "origin": [
          7.75,
          14,
          6.5
        ]
      },
      "faces": {
        "north": {
          "uv": [
            1.6,
            7.6,
            2,
            9.2
          ],
          "texture": "#6"
        },
        "east": {
          "uv": [
            7.2,
            0,
            7.8,
            1.6
          ],
          "texture": "#6"
        },
        "south": {
          "uv": [
            8,
            5.6,
            8.4,
            7.2
          ],
          "texture": "#6"
        },
        "west": {
          "uv": [
            7.2,
            2,
            7.8,
            3.6
          ],
          "texture": "#6"
        }
      }
    },
    {
      "from": [
        7.4975,
        16.91161,
        7
      ],
      "to": [
        8.5025,
        19.03661,
        9.125
      ],
      "rotation": {
        "angle": -45,
        "axis": "x",
        "origin": [
          7.9975,
          17.91161,
          8
        ]
      },
      "faces": {
        "north": {
          "uv": [
            11.2,
            7.2,
            11.6,
            8.1
          ],
          "texture": "#6"
        },
        "east": {
          "uv": [
            2.8,
            7.2,
            3.7,
            8.1
          ],
          "texture": "#6"
        },
        "south": {
          "uv": [
            8.4,
            11.2,
            8.8,
            12.1
          ],
          "texture": "#6"
        },
        "west": {
          "uv": [
            7.2,
            4,
            8.1,
            4.9
          ],
          "texture": "#6"
        },
        "up": {
          "uv": [
            9.6,
            12.1,
            9.2,
            11.2
          ],
          "texture": "#6"
        },
        "down": {
          "uv": [
            10.4,
            11.2,
            10,
            12.1
          ],
          "texture": "#6"
        }
      }
    },
    {
      "from": [
        7.875,
        9.21537,
        5.87464
      ],
      "to": [
        8.125,
        10.21537,
        7.37464
      ],
      "rotation": {
        "angle": 45,
        "axis": "x",
        "origin": [
          7.625,
          9.21537,
          5.12464
        ]
      },
      "faces": {
        "east": {
          "uv": [
            4.4,
            7.2,
            5,
            7.6
          ],
          "texture": "#6"
        },
        "south": {
          "uv": [
            14.8,
            9.2,
            14.9,
            9.6
          ],
          "texture": "#6"
        },
        "west": {
          "uv": [
            11.6,
            10.8,
            12.2,
            11.2
          ],
          "texture": "#6"
        },
        "up": {
          "uv": [
            14.1,
            15,
            14,
            14.4
          ],
          "texture": "#6"
        },
        "down": {
          "uv": [
            0.1,
            14.8,
            0,
            15.4
          ],
          "texture": "#6"
        }
      }
    },
    {
      "from": [
        7.875,
        8.68504,
        4.69786
      ],
      "to": [
        8.125,
        10.18504,
        5.44786
      ],
      "rotation": {
        "angle": 45,
        "axis": "x",
        "origin": [
          7.625,
          8.68504,
          4.94786
        ]
      },
      "faces": {
        "north": {
          "uv": [
            0.8,
            14.8,
            0.9,
            15.4
          ],
          "texture": "#6"
        },
        "east": {
          "uv": [
            9.2,
            12.8,
            9.5,
            13.4
          ],
          "texture": "#6"
        },
        "south": {
          "uv": [
            1.6,
            14.8,
            1.7,
            15.4
          ],
          "texture": "#6"
        },
        "west": {
          "uv": [
            10,
            12.8,
            10.3,
            13.4
          ],
          "texture": "#6"
        },
        "up": {
          "uv": [
            10.1,
            15.1,
            10,
            14.8
          ],
          "texture": "#6"
        },
        "down": {
          "uv": [
            14.9,
            10,
            14.8,
            10.3
          ],
          "texture": "#6"
        }
      }
    },
    {
      "from": [
        7.875,
        10.71537,
        5.53885
      ],
      "to": [
        8.125,
        12.46537,
        6.28885
      ],
      "rotation": {
        "angle": 45,
        "axis": "x",
        "origin": [
          7.625,
          10.71537,
          5.78885
        ]
      },
      "faces": {
        "north": {
          "uv": [
            11.6,
            14.4,
            11.7,
            15.1
          ],
          "texture": "#6"
        },
        "east": {
          "uv": [
            12.4,
            0,
            12.7,
            0.7
          ],
          "texture": "#6"
        },
        "south": {
          "uv": [
            13.2,
            14.4,
            13.3,
            15.1
          ],
          "texture": "#6"
        },
        "west": {
          "uv": [
            12.4,
            3.2,
            12.7,
            3.9
          ],
          "texture": "#6"
        },
        "up": {
          "uv": [
            10.9,
            15.1,
            10.8,
            14.8
          ],
          "texture": "#6"
        },
        "down": {
          "uv": [
            14.9,
            10.8,
            14.8,
            11.1
          ],
          "texture": "#6"
        }
      }
    },
    {
      "from": [
        7.8755,
        8.33148,
        5.30142
      ],
      "to": [
        8.1245,
        9.08148,
        6.05142
      ],
      "rotation": {
        "angle": 0,
        "axis": "y",
        "origin": [
          8.0005,
          8.70648,
          6.05142
        ]
      },
      "faces": {
        "east": {
          "uv": [
            14.4,
            4,
            14.7,
            4.3
          ],
          "texture": "#6"
        },
        "west": {
          "uv": [
            14.4,
            4.8,
            14.7,
            5.1
          ],
          "texture": "#6"
        },
        "down": {
          "uv": [
            14.9,
            11.6,
            14.8,
            11.9
          ],
          "texture": "#6"
        }
      }
    },
    {
      "from": [
        7.8755,
        9.31714,
        5.61208
      ],
      "to": [
        8.1245,
        10.89214,
        6.41208
      ],
      "rotation": {
        "angle": 0,
        "axis": "y",
        "origin": [
          7.6255,
          9.39214,
          5.86208
        ]
      },
      "faces": {
        "north": {
          "uv": [
            2.4,
            14.8,
            2.5,
            15.4
          ],
          "texture": "#6"
        },
        "east": {
          "uv": [
            12.8,
            10.4,
            13.1,
            11
          ],
          "texture": "#6"
        },
        "south": {
          "uv": [
            3.2,
            14.8,
            3.3,
            15.4
          ],
          "texture": "#6"
        },
        "west": {
          "uv": [
            10.8,
            12.8,
            11.1,
            13.4
          ],
          "texture": "#6"
        }
      }
    },
    {
      "from": [
        7.875,
        -3.51537,
        6.31385
      ],
      "to": [
        8.125,
        -2.26537,
        7.06385
      ],
      "rotation": {
        "angle": -45,
        "axis": "x",
        "origin": [
          7.625,
          -2.26537,
          6.56385
        ]
      },
      "faces": {
        "north": {
          "uv": [
            14.8,
            8,
            14.9,
            8.5
          ],
          "texture": "#6"
        },
        "east": {
          "uv": [
            11.6,
            13.2,
            11.9,
            13.7
          ],
          "texture": "#6"
        },
        "south": {
          "uv": [
            9.2,
            14.8,
            9.3,
            15.3
          ],
          "texture": "#6"
        },
        "west": {
          "uv": [
            4.4,
            13.6,
            4.7,
            14.1
          ],
          "texture": "#6"
        },
        "up": {
          "uv": [
            14.9,
            12.7,
            14.8,
            12.4
          ],
          "texture": "#6"
        },
        "down": {
          "uv": [
            14.9,
            13.2,
            14.8,
            13.5
          ],
          "texture": "#6"
        }
      }
    },
    {
      "from": [
        7.875,
        -2.86892,
        7.62451
      ],
      "to": [
        8.125,
        -2.11892,
        7.87451
      ],
      "rotation": {
        "angle": -45,
        "axis": "x",
        "origin": [
          7.625,
          -2.61892,
          7.62451
        ]
      },
      "faces": {
        "east": {
          "uv": [
            14.8,
            14,
            14.9,
            14.3
          ],
          "texture": "#6"
        },
        "south": {
          "uv": [
            14.8,
            14.8,
            14.9,
            15.1
          ],
          "texture": "#6"
        },
        "west": {
          "uv": [
            15.2,
            0,
            15.3,
            0.3
          ],
          "texture": "#6"
        },
        "up": {
          "uv": [
            15.3,
            3.3,
            15.2,
            3.2
          ],
          "texture": "#6"
        },
        "down": {
          "uv": [
            15.3,
            4,
            15.2,
            4.1
          ],
          "texture": "#6"
        }
      }
    },
    {
      "from": [
        7.8755,
        -2.44214,
        6.38708
      ],
      "to": [
        8.1245,
        -0.94214,
        7.13708
      ],
      "rotation": {
        "angle": 0,
        "axis": "y",
        "origin": [
          7.6255,
          -0.94214,
          6.63708
        ]
      },
      "faces": {
        "north": {
          "uv": [
            4,
            14.8,
            4.1,
            15.4
          ],
          "texture": "#6"
        },
        "east": {
          "uv": [
            12.8,
            11.6,
            13.1,
            12.2
          ],
          "texture": "#6"
        },
        "south": {
          "uv": [
            4.8,
            14.8,
            4.9,
            15.4
          ],
          "texture": "#6"
        },
        "west": {
          "uv": [
            12.8,
            12.8,
            13.1,
            13.4
          ],
          "texture": "#6"
        }
      }
    },
    {
      "from": [
        7.875,
        -1.73504,
        5.47286
      ],
      "to": [
        8.125,
        -0.23504,
        6.22286
      ],
      "rotation": {
        "angle": -45,
        "axis": "x",
        "origin": [
          7.625,
          -0.23504,
          5.72286
        ]
      },
      "faces": {
        "north": {
          "uv": [
            5.6,
            14.8,
            5.7,
            15.4
          ],
          "texture": "#6"
        },
        "east": {
          "uv": [
            13.2,
            0,
            13.5,
            0.6
          ],
          "texture": "#6"
        },
        "south": {
          "uv": [
            14.8,
            5.6,
            14.9,
            6.2
          ],
          "texture": "#6"
        },
        "west": {
          "uv": [
            13.2,
            1.2,
            13.5,
            1.8
          ],
          "texture": "#6"
        },
        "up": {
          "uv": [
            15.3,
            1.1,
            15.2,
            0.8
          ],
          "texture": "#6"
        },
        "down": {
          "uv": [
            15.3,
            1.6,
            15.2,
            1.9
          ],
          "texture": "#6"
        }
      }
    },
    {
      "from": [
        7.875,
        -1.76537,
        6.64964
      ],
      "to": [
        8.125,
        -0.76537,
        8.14964
      ],
      "rotation": {
        "angle": -45,
        "axis": "x",
        "origin": [
          7.625,
          -0.76537,
          5.89964
        ]
      },
      "faces": {
        "east": {
          "uv": [
            12,
            2.4,
            12.6,
            2.8
          ],
          "texture": "#6"
        },
        "west": {
          "uv": [
            5.6,
            12,
            6.2,
            12.4
          ],
          "texture": "#6"
        },
        "up": {
          "uv": [
            14.9,
            7.4,
            14.8,
            6.8
          ],
          "texture": "#6"
        },
        "down": {
          "uv": [
            7.3,
            14.8,
            7.2,
            15.4
          ],
          "texture": "#6"
        }
      }
    },
    {
      "from": [
        7.8755,
        -0.63148,
        6.07642
      ],
      "to": [
        8.1245,
        0.11852,
        6.82642
      ],
      "rotation": {
        "angle": 0,
        "axis": "y",
        "origin": [
          8.0005,
          -0.25648,
          6.82642
        ]
      },
      "faces": {
        "east": {
          "uv": [
            6.4,
            14.4,
            6.7,
            14.7
          ],
          "texture": "#6"
        },
        "west": {
          "uv": [
            8.4,
            14.4,
            8.7,
            14.7
          ],
          "texture": "#6"
        },
        "up": {
          "uv": [
            15.3,
            2.7,
            15.2,
            2.4
          ],
          "texture": "#6"
        }
      }
    },
    {
      "from": [
        7.75,
        0.3125,
        7.71827
      ],
      "to": [
        8.25,
        1.5625,
        9.96827
      ],
      "rotation": {
        "angle": -22.5,
        "axis": "x",
        "origin": [
          8,
          0.8125,
          8.90577
        ]
      },
      "faces": {
        "north": {
          "uv": [
            12.4,
            14,
            12.6,
            14.5
          ],
          "texture": "#6"
        },
        "east": {
          "uv": [
            8.4,
            8.8,
            9.3,
            9.3
          ],
          "texture": "#6"
        },
        "west": {
          "uv": [
            3.6,
            9.2,
            4.5,
            9.7
          ],
          "texture": "#6"
        },
        "up": {
          "uv": [
            2.6,
            14.1,
            2.4,
            13.2
          ],
          "texture": "#6"
        },
        "down": {
          "uv": [
            13.4,
            2.4,
            13.2,
            3.3
          ],
          "texture": "#6"
        }
      }
    },
    {
      "from": [
        7.985,
        -6,
        6
      ],
      "to": [
        8.015,
        1,
        10
      ],
      "rotation": {
        "angle": 0,
        "axis": "y",
        "origin": [
          6.985,
          0,
          6
        ]
      },
      "faces": {
        "east": {
          "uv": [
            4.8,
            0,
            3.2,
            2.8
          ],
          "texture": "#6"
        },
        "west": {
          "uv": [
            3.2,
            0,
            4.8,
            2.8
          ],
          "texture": "#6"
        }
      }
    },
    {
      "from": [
        7.985,
        0.26903,
        4.01641
      ],
      "to": [
        8.015,
        1.51903,
        6.51641
      ],
      "rotation": {
        "angle": 0,
        "axis": "y",
        "origin": [
          7.985,
          -0.23097,
          3.51641
        ]
      },
      "faces": {
        "east": {
          "uv": [
            9.4,
            0,
            8.4,
            0.5
          ],
          "texture": "#6"
        },
        "west": {
          "uv": [
            8.4,
            0,
            9.4,
            0.5
          ],
          "texture": "#6"
        }
      }
    },
    {
      "from": [
        6.75,
        -6,
        5.73984
      ],
      "to": [
        6.78,
        -1,
        8.23984
      ],
      "rotation": {
        "angle": 22.5,
        "axis": "y",
        "origin": [
          6.75,
          -6,
          5.23984
        ]
      },
      "faces": {
        "east": {
          "uv": [
            5,
            0,
            0,
            10
          ],
          "texture": "#2"
        },
        "west": {
          "uv": [
            0,
            0,
            5,
            10
          ],
          "texture": "#2"
        }
      }
    },
    {
      "from": [
        6.75,
        -6,
        7.76016
      ],
      "to": [
        6.78,
        -1,
        10.26016
      ],
      "rotation": {
        "angle": -22.5,
        "axis": "y",
        "origin": [
          6.75,
          -6,
          10.76016
        ]
      },
      "faces": {
        "east": {
          "uv": [
            0,
            0,
            5,
            10
          ],
          "texture": "#2"
        },
        "west": {
          "uv": [
            5,
            0,
            0,
            10
          ],
          "texture": "#2"
        }
      }
    },
    {
      "from": [
        9.22,
        -6,
        7.76016
      ],
      "to": [
        9.25,
        -1,
        10.26016
      ],
      "rotation": {
        "angle": 22.5,
        "axis": "y",
        "origin": [
          9.25,
          -6,
          10.76016
        ]
      },
      "faces": {
        "east": {
          "uv": [
            0,
            0,
            5,
            10
          ],
          "texture": "#2"
        },
        "west": {
          "uv": [
            5,
            0,
            0,
            10
          ],
          "texture": "#2"
        }
      }
    },
    {
      "from": [
        9.22,
        -6,
        5.73984
      ],
      "to": [
        9.25,
        -1,
        8.23984
      ],
      "rotation": {
        "angle": -22.5,
        "axis": "y",
        "origin": [
          9.25,
          -6,
          5.23984
        ]
      },
      "faces": {
        "east": {
          "uv": [
            5,
            0,
            0,
            10
          ],
          "texture": "#2"
        },
        "west": {
          "uv": [
            0,
            0,
            5,
            10
          ],
          "texture": "#2"
        }
      }
    },
    {
      "from": [
        6.79289,
        7.5,
        7.5
      ],
      "to": [
        8.79289,
        12.5,
        9.5
      ],
      "rotation": {
        "angle": 45,
        "axis": "y",
        "origin": [
          7.29289,
          7.75,
          8
        ]
      },
      "faces": {
        "north": {
          "uv": [
            2,
            3.6,
            2.8,
            5.6
          ],
          "texture": "#6"
        },
        "east": {
          "uv": [
            3.2,
            4.8,
            4,
            6.8
          ],
          "texture": "#6"
        },
        "south": {
          "uv": [
            4.4,
            4.8,
            5.2,
            6.8
          ],
          "texture": "#6"
        },
        "west": {
          "uv": [
            0,
            5.2,
            0.8,
            7.2
          ],
          "texture": "#6"
        },
        "up": {
          "uv": [
            6.8,
            8.8,
            6,
            8
          ],
          "texture": "#6"
        },
        "down": {
          "uv": [
            8,
            8,
            7.2,
            8.8
          ],
          "texture": "#6"
        }
      }
    },
    {
      "from": [
        7.985,
        13.53033,
        1.07322
      ],
      "to": [
        8.015,
        15.78033,
        5.07322
      ],
      "rotation": {
        "angle": 0,
        "axis": "y",
        "origin": [
          7.985,
          5.03033,
          -0.17678
        ]
      },
      "faces": {
        "east": {
          "uv": [
            6.8,
            3.2,
            5.2,
            4.1
          ],
          "texture": "#6"
        },
        "west": {
          "uv": [
            5.2,
            3.2,
            6.8,
            4.1
          ],
          "texture": "#6"
        }
      }
    },
    {
      "from": [
        7.75,
        13.78033,
        6
      ],
      "to": [
        8.25,
        16.28033,
        10
      ],
      "rotation": {
        "angle": 0,
        "axis": "y",
        "origin": [
          7.75,
          13.53033,
          5.5
        ]
      },
      "faces": {
        "north": {
          "uv": [
            12.8,
            5.6,
            13,
            6.6
          ],
          "texture": "#6"
        },
        "east": {
          "uv": [
            5.2,
            0,
            6.8,
            1
          ],
          "texture": "#6"
        },
        "south": {
          "uv": [
            12.8,
            7.2,
            13,
            8.2
          ],
          "texture": "#6"
        },
        "west": {
          "uv": [
            5.2,
            1.6,
            6.8,
            2.6
          ],
          "texture": "#6"
        }
      }
    },
    {
      "from": [
        6.9975,
        13.18934,
        8.43934
      ],
      "to": [
        9.0025,
        14.43934,
        9.93934
      ],
      "rotation": {
        "angle": 45,
        "axis": "x",
        "origin": [
          6.9975,
          12.93934,
          8.43934
        ]
      },
      "faces": {
        "north": {
          "uv": [
            10.4,
            2.4,
            9.6,
            2.9
          ],
          "texture": "#6"
        },
        "east": {
          "uv": [
            11.8,
            0,
            11.2,
            0.5
          ],
          "texture": "#6"
        },
        "south": {
          "uv": [
            10.4,
            1.2,
            9.6,
            1.7
          ],
          "texture": "#6"
        },
        "west": {
          "uv": [
            11.8,
            3.6,
            11.2,
            4.1
          ],
          "texture": "#6"
        },
        "up": {
          "uv": [
            9.2,
            1.2,
            8.4,
            1.8
          ],
          "texture": "#6"
        },
        "down": {
          "uv": [
            9.2,
            3,
            8.4,
            2.4
          ],
          "texture": "#6"
        }
      }
    },
    {
      "from": [
        6.9975,
        14.43934,
        8.68934
      ],
      "to": [
        9.0025,
        15.68934,
        9.93934
      ],
      "rotation": {
        "angle": 45,
        "axis": "x",
        "origin": [
          6.9975,
          12.93934,
          8.43934
        ]
      },
      "faces": {
        "north": {
          "uv": [
            10.8,
            0,
            10,
            0.5
          ],
          "texture": "#6"
        },
        "east": {
          "uv": [
            12.1,
            5.6,
            11.6,
            6.1
          ],
          "texture": "#6"
        },
        "south": {
          "uv": [
            0.8,
            10,
            0,
            10.5
          ],
          "texture": "#6"
        },
        "west": {
          "uv": [
            12.1,
            9.6,
            11.6,
            10.1
          ],
          "texture": "#6"
        },
        "up": {
          "uv": [
            2,
            10,
            1.2,
            10.5
          ],
          "texture": "#6"
        }
      }
    },
    {
      "from": [
        7.4975,
        14.93934,
        8.18934
      ],
      "to": [
        8.5025,
        16.18934,
        10.43934
      ],
      "rotation": {
        "angle": 45,
        "axis": "x",
        "origin": [
          6.9975,
          12.93934,
          8.43934
        ]
      },
      "faces": {
        "east": {
          "uv": [
            9.7,
            5.2,
            8.8,
            5.7
          ],
          "texture": "#6"
        },
        "south": {
          "uv": [
            0.4,
            12.8,
            0,
            13.3
          ],
          "texture": "#6"
        },
        "west": {
          "uv": [
            9.7,
            6.4,
            8.8,
            6.9
          ],
          "texture": "#6"
        },
        "up": {
          "uv": [
            1.2,
            11.2,
            0.8,
            12.1
          ],
          "texture": "#6"
        },
        "down": {
          "uv": [
            2,
            12.1,
            1.6,
            11.2
          ],
          "texture": "#6"
        }
      }
    },
    {
      "from": [
        7.495,
        14.53033,
        9.67678
      ],
      "to": [
        8.505,
        15.78033,
        10.92678
      ],
      "rotation": {
        "angle": 0,
        "axis": "y",
        "origin": [
          7.9975,
          15.65533,
          10.30178
        ]
      },
      "faces": {
        "north": {
          "uv": [
            2,
            12.8,
            1.6,
            13.3
          ],
          "texture": "#6"
        },
        "east": {
          "uv": [
            11.3,
            11.6,
            10.8,
            12.1
          ],
          "texture": "#6"
        },
        "south": {
          "uv": [
            1.2,
            12.8,
            0.8,
            13.3
          ],
          "texture": "#6"
        },
        "west": {
          "uv": [
            12.5,
            1.2,
            12,
            1.7
          ],
          "texture": "#6"
        },
        "down": {
          "uv": [
            6,
            13.3,
            5.6,
            12.8
          ],
          "texture": "#6"
        }
      }
    },
    {
      "from": [
        7.3725,
        15.78033,
        8.92678
      ],
      "to": [
        8.6275,
        16.53033,
        11.17678
      ],
      "rotation": {
        "angle": 0,
        "axis": "y",
        "origin": [
          8.125,
          16.40533,
          10.30178
        ]
      },
      "faces": {
        "north": {
          "uv": [
            13.7,
            4,
            13.2,
            4.3
          ],
          "texture": "#6"
        },
        "east": {
          "uv": [
            12.1,
            8.8,
            11.2,
            9.1
          ],
          "texture": "#6"
        },
        "south": {
          "uv": [
            3.7,
            13.2,
            3.2,
            13.5
          ],
          "texture": "#6"
        },
        "west": {
          "uv": [
            12.5,
            4.8,
            11.6,
            5.1
          ],
          "texture": "#6"
        },
        "up": {
          "uv": [
            2.9,
            8.8,
            2.4,
            9.7
          ],
          "texture": "#6"
        },
        "down": {
          "uv": [
            9.3,
            4.5,
            8.8,
            3.6
          ],
          "texture": "#6"
        }
      }
    },
    {
      "from": [
        7.8755,
        9.31714,
        9.58792
      ],
      "to": [
        8.1245,
        10.89214,
        10.38792
      ],
      "rotation": {
        "angle": 0,
        "axis": "y",
        "origin": [
          7.6255,
          9.39214,
          10.13792
        ]
      },
      "faces": {
        "north": {
          "uv": [
            3.3,
            14.8,
            3.2,
            15.4
          ],
          "texture": "#6"
        },
        "east": {
          "uv": [
            13.1,
            10.4,
            12.8,
            11
          ],
          "texture": "#6"
        },
        "south": {
          "uv": [
            2.5,
            14.8,
            2.4,
            15.4
          ],
          "texture": "#6"
        },
        "west": {
          "uv": [
            11.1,
            12.8,
            10.8,
            13.4
          ],
          "texture": "#6"
        }
      }
    },
    {
      "from": [
        7.8755,
        8.33148,
        9.94858
      ],
      "to": [
        8.1245,
        9.08148,
        10.69858
      ],
      "rotation": {
        "angle": 0,
        "axis": "y",
        "origin": [
          8.0005,
          8.70648,
          9.94858
        ]
      },
      "faces": {
        "east": {
          "uv": [
            14.7,
            4,
            14.4,
            4.3
          ],
          "texture": "#6"
        },
        "west": {
          "uv": [
            14.7,
            4.8,
            14.4,
            5.1
          ],
          "texture": "#6"
        },
        "down": {
          "uv": [
            14.9,
            11.9,
            14.8,
            11.6
          ],
          "texture": "#6"
        }
      }
    },
    {
      "from": [
        7.875,
        10.71537,
        9.71115
      ],
      "to": [
        8.125,
        12.46537,
        10.46115
      ],
      "rotation": {
        "angle": -45,
        "axis": "x",
        "origin": [
          7.625,
          10.71537,
          10.21115
        ]
      },
      "faces": {
        "north": {
          "uv": [
            13.3,
            14.4,
            13.2,
            15.1
          ],
          "texture": "#6"
        },
        "east": {
          "uv": [
            12.7,
            0,
            12.4,
            0.7
          ],
          "texture": "#6"
        },
        "south": {
          "uv": [
            11.7,
            14.4,
            11.6,
            15.1
          ],
          "texture": "#6"
        },
        "west": {
          "uv": [
            12.7,
            3.2,
            12.4,
            3.9
          ],
          "texture": "#6"
        },
        "up": {
          "uv": [
            10.9,
            14.8,
            10.8,
            15.1
          ],
          "texture": "#6"
        },
        "down": {
          "uv": [
            14.9,
            11.1,
            14.8,
            10.8
          ],
          "texture": "#6"
        }
      }
    },
    {
      "from": [
        7.875,
        8.68504,
        10.55214
      ],
      "to": [
        8.125,
        10.18504,
        11.30214
      ],
      "rotation": {
        "angle": -45,
        "axis": "x",
        "origin": [
          7.625,
          8.68504,
          11.05214
        ]
      },
      "faces": {
        "north": {
          "uv": [
            1.7,
            14.8,
            1.6,
            15.4
          ],
          "texture": "#6"
        },
        "east": {
          "uv": [
            9.5,
            12.8,
            9.2,
            13.4
          ],
          "texture": "#6"
        },
        "south": {
          "uv": [
            0.9,
            14.8,
            0.8,
            15.4
          ],
          "texture": "#6"
        },
        "west": {
          "uv": [
            10.3,
            12.8,
            10,
            13.4
          ],
          "texture": "#6"
        },
        "up": {
          "uv": [
            10.1,
            14.8,
            10,
            15.1
          ],
          "texture": "#6"
        },
        "down": {
          "uv": [
            14.9,
            10.3,
            14.8,
            10
          ],
          "texture": "#6"
        }
      }
    },
    {
      "from": [
        7.875,
        9.21537,
        8.62536
      ],
      "to": [
        8.125,
        10.21537,
        10.12536
      ],
      "rotation": {
        "angle": -45,
        "axis": "x",
        "origin": [
          7.625,
          9.21537,
          10.87536
        ]
      },
      "faces": {
        "north": {
          "uv": [
            14.9,
            9.2,
            14.8,
            9.6
          ],
          "texture": "#6"
        },
        "east": {
          "uv": [
            5,
            7.2,
            4.4,
            7.6
          ],
          "texture": "#6"
        },
        "west": {
          "uv": [
            12.2,
            10.8,
            11.6,
            11.2
          ],
          "texture": "#6"
        },
        "up": {
          "uv": [
            14.1,
            14.4,
            14,
            15
          ],
          "texture": "#6"
        },
        "down": {
          "uv": [
            0.1,
            15.4,
            0,
            14.8
          ],
          "texture": "#6"
        }
      }
    },
    {
      "from": [
        7.18464,
        7.37597,
        7.875
      ],
      "to": [
        8.68464,
        8.37597,
        8.125
      ],
      "rotation": {
        "angle": -45,
        "axis": "z",
        "origin": [
          8,
          9.87698,
          8
        ]
      },
      "faces": {
        "north": {
          "uv": [
            12.2,
            10.8,
            11.6,
            11.2
          ],
          "texture": "#6"
        },
        "east": {
          "uv": [
            14.9,
            9.2,
            14.8,
            9.6
          ],
          "texture": "#6"
        },
        "south": {
          "uv": [
            5,
            7.2,
            4.4,
            7.6
          ],
          "texture": "#6"
        },
        "up": {
          "uv": [
            14.1,
            14.4,
            14,
            15
          ],
          "rotation": 90,
          "texture": "#6"
        },
        "down": {
          "uv": [
            0.1,
            15.4,
            0,
            14.8
          ],
          "rotation": 270,
          "texture": "#6"
        }
      }
    },
    {
      "from": [
        6.43464,
        6.87596,
        7.875
      ],
      "to": [
        7.18464,
        8.37596,
        8.125
      ],
      "rotation": {
        "angle": -45,
        "axis": "z",
        "origin": [
          8,
          9.87698,
          8
        ]
      },
      "faces": {
        "north": {
          "uv": [
            10.3,
            12.8,
            10,
            13.4
          ],
          "texture": "#6"
        },
        "east": {
          "uv": [
            1.7,
            14.8,
            1.6,
            15.4
          ],
          "texture": "#6"
        },
        "south": {
          "uv": [
            9.5,
            12.8,
            9.2,
            13.4
          ],
          "texture": "#6"
        },
        "west": {
          "uv": [
            0.9,
            14.8,
            0.8,
            15.4
          ],
          "texture": "#6"
        },
        "up": {
          "uv": [
            10.1,
            14.8,
            10,
            15.1
          ],
          "rotation": 90,
          "texture": "#6"
        },
        "down": {
          "uv": [
            14.9,
            10.3,
            14.8,
            10
          ],
          "rotation": 270,
          "texture": "#6"
        }
      }
    },
    {
      "from": [
        5.59365,
        8.90629,
        7.875
      ],
      "to": [
        6.34365,
        10.65629,
        8.125
      ],
      "rotation": {
        "angle": -45,
        "axis": "z",
        "origin": [
          8,
          9.87698,
          8
        ]
      },
      "faces": {
        "north": {
          "uv": [
            12.7,
            3.2,
            12.4,
            3.9
          ],
          "texture": "#6"
        },
        "east": {
          "uv": [
            13.3,
            14.4,
            13.2,
            15.1
          ],
          "texture": "#6"
        },
        "south": {
          "uv": [
            12.7,
            0,
            12.4,
            0.7
          ],
          "texture": "#6"
        },
        "west": {
          "uv": [
            11.7,
            14.4,
            11.6,
            15.1
          ],
          "texture": "#6"
        },
        "up": {
          "uv": [
            10.9,
            14.8,
            10.8,
            15.1
          ],
          "rotation": 90,
          "texture": "#6"
        },
        "down": {
          "uv": [
            14.9,
            11.1,
            14.8,
            10.8
          ],
          "rotation": 270,
          "texture": "#6"
        }
      }
    },
    {
      "from": [
        5.30142,
        8.33148,
        7.8755
      ],
      "to": [
        6.05142,
        9.08148,
        8.1245
      ],
      "rotation": {
        "angle": 0,
        "axis": "y",
        "origin": [
          8,
          9.87698,
          8
        ]
      },
      "faces": {
        "north": {
          "uv": [
            14.7,
            4.8,
            14.4,
            5.1
          ],
          "texture": "#6"
        },
        "south": {
          "uv": [
            14.7,
            4,
            14.4,
            4.3
          ],
          "texture": "#6"
        },
        "down": {
          "uv": [
            14.9,
            11.9,
            14.8,
            11.6
          ],
          "rotation": 270,
          "texture": "#6"
        }
      }
    },
    {
      "from": [
        5.61208,
        9.31714,
        7.8755
      ],
      "to": [
        6.41208,
        10.89214,
        8.1245
      ],
      "rotation": {
        "angle": 0,
        "axis": "y",
        "origin": [
          8,
          9.87698,
          8
        ]
      },
      "faces": {
        "north": {
          "uv": [
            11.1,
            12.8,
            10.8,
            13.4
          ],
          "texture": "#6"
        },
        "east": {
          "uv": [
            3.3,
            14.8,
            3.2,
            15.4
          ],
          "texture": "#6"
        },
        "south": {
          "uv": [
            13.1,
            10.4,
            12.8,
            11
          ],
          "texture": "#6"
        },
        "west": {
          "uv": [
            2.5,
            14.8,
            2.4,
            15.4
          ],
          "texture": "#6"
        }
      }
    },
    {
      "from": [
        9.58792,
        9.31714,
        7.8755
      ],
      "to": [
        10.38792,
        10.89214,
        8.1245
      ],
      "rotation": {
        "angle": 0,
        "axis": "y",
        "origin": [
          8,
          9.87698,
          8
        ]
      },
      "faces": {
        "north": {
          "uv": [
            10.8,
            12.8,
            11.1,
            13.4
          ],
          "texture": "#6"
        },
        "east": {
          "uv": [
            2.4,
            14.8,
            2.5,
            15.4
          ],
          "texture": "#6"
        },
        "south": {
          "uv": [
            12.8,
            10.4,
            13.1,
            11
          ],
          "texture": "#6"
        },
        "west": {
          "uv": [
            3.2,
            14.8,
            3.3,
            15.4
          ],
          "texture": "#6"
        }
      }
    },
    {
      "from": [
        9.94858,
        8.33148,
        7.8755
      ],
      "to": [
        10.69858,
        9.08148,
        8.1245
      ],
      "rotation": {
        "angle": 0,
        "axis": "y",
        "origin": [
          8,
          9.87698,
          8
        ]
      },
      "faces": {
        "north": {
          "uv": [
            14.4,
            4.8,
            14.7,
            5.1
          ],
          "texture": "#6"
        },
        "south": {
          "uv": [
            14.4,
            4,
            14.7,
            4.3
          ],
          "texture": "#6"
        },
        "down": {
          "uv": [
            14.9,
            11.6,
            14.8,
            11.9
          ],
          "rotation": 270,
          "texture": "#6"
        }
      }
    },
    {
      "from": [
        9.65635,
        8.90629,
        7.875
      ],
      "to": [
        10.40635,
        10.65629,
        8.125
      ],
      "rotation": {
        "angle": 45,
        "axis": "z",
        "origin": [
          8,
          9.87698,
          8
        ]
      },
      "faces": {
        "north": {
          "uv": [
            12.4,
            3.2,
            12.7,
            3.9
          ],
          "texture": "#6"
        },
        "east": {
          "uv": [
            11.6,
            14.4,
            11.7,
            15.1
          ],
          "texture": "#6"
        },
        "south": {
          "uv": [
            12.4,
            0,
            12.7,
            0.7
          ],
          "texture": "#6"
        },
        "west": {
          "uv": [
            13.2,
            14.4,
            13.3,
            15.1
          ],
          "texture": "#6"
        },
        "up": {
          "uv": [
            10.9,
            15.1,
            10.8,
            14.8
          ],
          "rotation": 90,
          "texture": "#6"
        },
        "down": {
          "uv": [
            14.9,
            10.8,
            14.8,
            11.1
          ],
          "rotation": 270,
          "texture": "#6"
        }
      }
    },
    {
      "from": [
        8.81536,
        6.87596,
        7.875
      ],
      "to": [
        9.56536,
        8.37596,
        8.125
      ],
      "rotation": {
        "angle": 45,
        "axis": "z",
        "origin": [
          8,
          9.87698,
          8
        ]
      },
      "faces": {
        "north": {
          "uv": [
            10,
            12.8,
            10.3,
            13.4
          ],
          "texture": "#6"
        },
        "east": {
          "uv": [
            0.8,
            14.8,
            0.9,
            15.4
          ],
          "texture": "#6"
        },
        "south": {
          "uv": [
            9.2,
            12.8,
            9.5,
            13.4
          ],
          "texture": "#6"
        },
        "west": {
          "uv": [
            1.6,
            14.8,
            1.7,
            15.4
          ],
          "texture": "#6"
        },
        "up": {
          "uv": [
            10.1,
            15.1,
            10,
            14.8
          ],
          "rotation": 90,
          "texture": "#6"
        },
        "down": {
          "uv": [
            14.9,
            10,
            14.8,
            10.3
          ],
          "rotation": 270,
          "texture": "#6"
        }
      }
    },
    {
      "from": [
        7.31536,
        7.37597,
        7.875
      ],
      "to": [
        8.81536,
        8.37597,
        8.125
      ],
      "rotation": {
        "angle": 45,
        "axis": "z",
        "origin": [
          8,
          9.87698,
          8
        ]
      },
      "faces": {
        "north": {
          "uv": [
            11.6,
            10.8,
            12.2,
            11.2
          ],
          "texture": "#6"
        },
        "south": {
          "uv": [
            4.4,
            7.2,
            5,
            7.6
          ],
          "texture": "#6"
        },
        "west": {
          "uv": [
            14.8,
            9.2,
            14.9,
            9.6
          ],
          "texture": "#6"
        },
        "up": {
          "uv": [
            14.1,
            15,
            14,
            14.4
          ],
          "rotation": 90,
          "texture": "#6"
        },
        "down": {
          "uv": [
            0.1,
            14.8,
            0,
            15.4
          ],
          "rotation": 270,
          "texture": "#6"
        }
      }
    },
    {
      "from": [
        7.875,
        -2.86892,
        8.12549
      ],
      "to": [
        8.125,
        -2.11892,
        8.37549
      ],
      "rotation": {
        "angle": 45,
        "axis": "x",
        "origin": [
          7.625,
          -2.61892,
          8.37549
        ]
      },
      "faces": {
        "north": {
          "uv": [
            14.9,
            14.8,
            14.8,
            15.1
          ],
          "texture": "#6"
        },
        "east": {
          "uv": [
            14.9,
            14,
            14.8,
            14.3
          ],
          "texture": "#6"
        },
        "west": {
          "uv": [
            15.3,
            0,
            15.2,
            0.3
          ],
          "texture": "#6"
        },
        "up": {
          "uv": [
            15.3,
            3.2,
            15.2,
            3.3
          ],
          "texture": "#6"
        },
        "down": {
          "uv": [
            15.3,
            4.1,
            15.2,
            4
          ],
          "texture": "#6"
        }
      }
    },
    {
      "from": [
        7.875,
        -3.51537,
        8.93615
      ],
      "to": [
        8.125,
        -2.26537,
        9.68615
      ],
      "rotation": {
        "angle": 45,
        "axis": "x",
        "origin": [
          7.625,
          -2.26537,
          9.43615
        ]
      },
      "faces": {
        "north": {
          "uv": [
            9.3,
            14.8,
            9.2,
            15.3
          ],
          "texture": "#6"
        },
        "east": {
          "uv": [
            11.9,
            13.2,
            11.6,
            13.7
          ],
          "texture": "#6"
        },
        "south": {
          "uv": [
            14.9,
            8,
            14.8,
            8.5
          ],
          "texture": "#6"
        },
        "west": {
          "uv": [
            4.7,
            13.6,
            4.4,
            14.1
          ],
          "texture": "#6"
        },
        "up": {
          "uv": [
            14.9,
            12.4,
            14.8,
            12.7
          ],
          "texture": "#6"
        },
        "down": {
          "uv": [
            14.9,
            13.5,
            14.8,
            13.2
          ],
          "texture": "#6"
        }
      }
    },
    {
      "from": [
        7.8755,
        -2.44214,
        8.86292
      ],
      "to": [
        8.1245,
        -0.94214,
        9.61292
      ],
      "rotation": {
        "angle": 0,
        "axis": "y",
        "origin": [
          7.6255,
          -0.94214,
          9.36292
        ]
      },
      "faces": {
        "north": {
          "uv": [
            4.9,
            14.8,
            4.8,
            15.4
          ],
          "texture": "#6"
        },
        "east": {
          "uv": [
            13.1,
            11.6,
            12.8,
            12.2
          ],
          "texture": "#6"
        },
        "south": {
          "uv": [
            4.1,
            14.8,
            4,
            15.4
          ],
          "texture": "#6"
        },
        "west": {
          "uv": [
            13.1,
            12.8,
            12.8,
            13.4
          ],
          "texture": "#6"
        }
      }
    },
    {
      "from": [
        7.875,
        -1.73504,
        9.77714
      ],
      "to": [
        8.125,
        -0.23504,
        10.52714
      ],
      "rotation": {
        "angle": 45,
        "axis": "x",
        "origin": [
          7.625,
          -0.23504,
          10.27714
        ]
      },
      "faces": {
        "north": {
          "uv": [
            14.9,
            5.6,
            14.8,
            6.2
          ],
          "texture": "#6"
        },
        "east": {
          "uv": [
            13.5,
            0,
            13.2,
            0.6
          ],
          "texture": "#6"
        },
        "south": {
          "uv": [
            5.7,
            14.8,
            5.6,
            15.4
          ],
          "texture": "#6"
        },
        "west": {
          "uv": [
            13.5,
            1.2,
            13.2,
            1.8
          ],
          "texture": "#6"
        },
        "up": {
          "uv": [
            15.3,
            0.8,
            15.2,
            1.1
          ],
          "texture": "#6"
        },
        "down": {
          "uv": [
            15.3,
            1.9,
            15.2,
            1.6
          ],
          "texture": "#6"
        }
      }
    },
    {
      "from": [
        7.8755,
        -0.63148,
        9.17358
      ],
      "to": [
        8.1245,
        0.11852,
        9.92358
      ],
      "rotation": {
        "angle": 0,
        "axis": "y",
        "origin": [
          8.0005,
          -0.25648,
          9.17358
        ]
      },
      "faces": {
        "east": {
          "uv": [
            6.7,
            14.4,
            6.4,
            14.7
          ],
          "texture": "#6"
        },
        "west": {
          "uv": [
            8.7,
            14.4,
            8.4,
            14.7
          ],
          "texture": "#6"
        },
        "up": {
          "uv": [
            15.3,
            2.4,
            15.2,
            2.7
          ],
          "texture": "#6"
        }
      }
    },
    {
      "from": [
        7.875,
        -1.76537,
        7.85036
      ],
      "to": [
        8.125,
        -0.76537,
        9.35036
      ],
      "rotation": {
        "angle": 45,
        "axis": "x",
        "origin": [
          7.625,
          -0.76537,
          10.10036
        ]
      },
      "faces": {
        "east": {
          "uv": [
            12.6,
            2.4,
            12,
            2.8
          ],
          "texture": "#6"
        },
        "west": {
          "uv": [
            6.2,
            12,
            5.6,
            12.4
          ],
          "texture": "#6"
        },
        "up": {
          "uv": [
            14.9,
            6.8,
            14.8,
            7.4
          ],
          "texture": "#6"
        },
        "down": {
          "uv": [
            7.3,
            15.4,
            7.2,
            14.8
          ],
          "texture": "#6"
        }
      }
    },
    {
      "from": [
        7.985,
        0.26903,
        9.48359
      ],
      "to": [
        8.015,
        1.51903,
        11.98359
      ],
      "rotation": {
        "angle": 0,
        "axis": "y",
        "origin": [
          7.985,
          -0.23097,
          12.48359
        ]
      },
      "faces": {
        "east": {
          "uv": [
            8.4,
            0,
            9.4,
            0.5
          ],
          "texture": "#6"
        },
        "west": {
          "uv": [
            9.4,
            0,
            8.4,
            0.5
          ],
          "texture": "#6"
        }
      }
    },
    {
      "from": [
        7.625,
        -0.25,
        8.57926
      ],
      "to": [
        8.375,
        2,
        9.57926
      ],
      "rotation": {
        "angle": 22.5,
        "axis": "x",
        "origin": [
          7.625,
          0,
          9.57926
        ]
      },
      "faces": {
        "north": {
          "uv": [
            3.5,
            11.6,
            3.2,
            12.5
          ],
          "texture": "#6"
        },
        "east": {
          "uv": [
            11.2,
            10,
            10.8,
            10.9
          ],
          "texture": "#6"
        },
        "south": {
          "uv": [
            2.7,
            11.6,
            2.4,
            12.5
          ],
          "texture": "#6"
        },
        "west": {
          "uv": [
            0.4,
            11.2,
            0,
            12.1
          ],
          "texture": "#6"
        },
        "up": {
          "uv": [
            1.5,
            5.2,
            1.2,
            5.6
          ],
          "texture": "#6"
        },
        "down": {
          "uv": [
            7.5,
            6,
            7.2,
            5.6
          ],
          "texture": "#6"
        }
      }
    },
    {
      "from": [
        7.985,
        13.53033,
        10.92678
      ],
      "to": [
        8.015,
        15.78033,
        14.92678
      ],
      "rotation": {
        "angle": 0,
        "axis": "y",
        "origin": [
          7.985,
          5.03033,
          16.17678
        ]
      },
      "faces": {
        "east": {
          "uv": [
            5.2,
            3.2,
            6.8,
            4.1
          ],
          "texture": "#6"
        },
        "west": {
          "uv": [
            6.8,
            3.2,
            5.2,
            4.1
          ],
          "texture": "#6"
        }
      }
    }
  ],
  "gui_light": "front",
  "display": {
    "thirdperson_righthand": {
      "translation": [
        0,
        1.25,
        1
      ]
    },
    "thirdperson_lefthand": {
      "translation": [
        0,
        1.25,
        1
      ]
    },
    "firstperson_righthand": {
      "rotation": [
        5,
        0,
        0
      ],
      "translation": [
        2.75,
        1.5,
        0
      ],
      "scale": [
        0.8,
        0.8,
        0.8
      ]
    },
    "firstperson_lefthand": {
      "rotation": [
        5,
        0,
        0
      ],
      "translation": [
        2.75,
        1.5,
        0
      ],
      "scale": [
        0.8,
        0.8,
        0.8
      ]
    },
    "ground": {
      "rotation": [
        -45,
        0,
        0
      ],
      "translation": [
        0,
        5,
        0
      ],
      "scale": [
        0.7,
        0.7,
        0.7
      ]
    },
    "gui": {
      "rotation": [
        -90,
        45,
        90
      ],
      "translation": [
        0.75,
        -0.75,
        0
      ],
      "scale": [
        0.7,
        0.7,
        0.7
      ]
    },
    "head": {
      "rotation": [
        0,
        -90,
        0
      ]
    },
    "fixed": {
      "rotation": [
        0,
        -90,
        0
      ],
      "translation": [
        0,
        0,
        -1.75
      ],
      "scale": [
        2,
        2,
        2
      ]
    }
  },
  "groups": [
    {
      "name": "shovel",
      "origin": [
        7.985,
        5.03033,
        16.17678
      ],
      "color": 0,
      "children": [
        0,
        1,
        2,
        3,
        4,
        5,
        6,
        7,
        8,
        9,
        10,
        11,
        12,
        13,
        14,
        15,
        16,
        17,
        18,
        19,
        20,
        21,
        22,
        23,
        24,
        25,
        26,
        27,
        28,
        29,
        30,
        31,
        32,
        33,
        34,
        35,
        36,
        37,
        38,
        39,
        40,
        41,
        42,
        43,
        44,
        45,
        46,
        47,
        48,
        49,
        50,
        51,
        52,
        53,
        54,
        55,
        56,
        57,
        58,
        59,
        60,
        61,
        62,
        63,
        64,
        65,
        66,
        67,
        68,
        69,
        70,
        71,
        72,
        73,
        74
      ]
    }
  ],
  "mcmodels": "bf81f1f5e5256a1adef4b840f180c27e"
}