{
	"credit": "Made with Blockbench",
	"textures": {
		"0": "item/swashbuckler/swashbuckler_atlas",
		"1": "item/swashbuckler/swashbuckler_ef_long",
		"particle": "item/swashbuckler/swashbuckler_atlas"
	},
	"elements": [
		{
			"from": [7.00924, 6.56502, 7.77126],
			"to": [8.82076, 12.51654, 9.58278],
			"shade": false,
			"rotation": {"angle": 0, "axis": "y", "origin": [7.915, 18.86958, 10.62565]},
			"faces": {
				"north": {"uv": [4.625, 10, 4.9375, 11.0625], "texture": "#0"},
				"east": {"uv": [10, 4.625, 10.3125, 5.6875], "texture": "#0"},
				"south": {"uv": [5, 10, 5.3125, 11.0625], "texture": "#0"},
				"west": {"uv": [5.375, 10, 5.6875, 11.0625], "texture": "#0"},
				"up": {"uv": [12.3125, 8.0625, 12, 7.75], "texture": "#0"},
				"down": {"uv": [8.3125, 12, 8, 12.3125], "texture": "#0"}
			}
		},
		{
			"from": [7.00924, 13.04502, 6.33126],
			"to": [8.82076, 21.15654, 10.48278],
			"shade": false,
			"rotation": {"angle": 0, "axis": "y", "origin": [7.915, 18.86958, 10.62565]},
			"faces": {
				"north": {"uv": [8.25, 8.875, 8.5625, 10.3125], "texture": "#0"},
				"east": {"uv": [0, 7.25, 0.6875, 8.6875], "texture": "#0"},
				"south": {"uv": [1.5, 9.25, 1.8125, 10.6875], "texture": "#0"},
				"west": {"uv": [0.75, 7.25, 1.4375, 8.6875], "texture": "#0"},
				"up": {"uv": [2.5625, 11.9375, 2.25, 11.25], "texture": "#0"},
				"down": {"uv": [4.0625, 11.25, 3.75, 11.9375], "texture": "#0"}
			}
		},
		{
			"from": [6.46924, 11.60502, 3.45126],
			"to": [9.36076, 21.15654, 6.34278],
			"shade": false,
			"rotation": {"angle": 0, "axis": "y", "origin": [7.915, 18.86958, 10.62565]},
			"faces": {
				"north": {"uv": [5.75, 7.25, 6.25, 8.9375], "texture": "#0"},
				"east": {"uv": [6.25, 7.25, 6.75, 8.9375], "texture": "#0"},
				"south": {"uv": [6.75, 7.25, 7.25, 8.9375], "texture": "#0"},
				"west": {"uv": [7.25, 7.25, 7.75, 8.9375], "texture": "#0"},
				"up": {"uv": [8.5, 11.25, 8, 10.75], "texture": "#0"},
				"down": {"uv": [9, 10.75, 8.5, 11.25], "texture": "#0"}
			}
		},
		{
			"from": [6.47068, 18.23838, 3.12364],
			"to": [9.35932, 24.72702, 6.01228],
			"shade": false,
			"rotation": {"angle": 22.5, "axis": "x", "origin": [7.915, 18.86958, 10.62565]},
			"faces": {
				"north": {"uv": [2.5, 8.625, 3, 9.75], "texture": "#0"},
				"east": {"uv": [3, 8.625, 3.5, 9.75], "texture": "#0"},
				"south": {"uv": [3.5, 8.625, 4, 9.75], "texture": "#0"},
				"west": {"uv": [8.625, 8.125, 9.125, 9.25], "texture": "#0"},
				"up": {"uv": [11.25, 9.25, 10.75, 8.75], "texture": "#0"},
				"down": {"uv": [11.25, 9.25, 10.75, 9.75], "texture": "#0"}
			}
		},
		{
			"from": [6.47212, 21.41391, 1.45415],
			"to": [9.35788, 25.01967, 4.33991],
			"shade": false,
			"rotation": {"angle": 45, "axis": "x", "origin": [7.915, 18.86958, 10.62565]},
			"faces": {
				"north": {"uv": [1.875, 10.125, 2.375, 10.75], "texture": "#0"},
				"east": {"uv": [7.75, 10.125, 8.25, 10.75], "texture": "#0"},
				"south": {"uv": [8.625, 10.125, 9.125, 10.75], "texture": "#0"},
				"west": {"uv": [10.25, 6.25, 10.75, 6.875], "texture": "#0"},
				"up": {"uv": [11.25, 10.25, 10.75, 9.75], "texture": "#0"},
				"down": {"uv": [11.375, 0, 10.875, 0.5], "texture": "#0"}
			}
		},
		{
			"from": [6.47356, 26.82045, 8.49351],
			"to": [9.35644, 29.70333, 13.53639],
			"shade": false,
			"rotation": {"angle": 0, "axis": "y", "origin": [7.915, 18.86958, 10.62565]},
			"faces": {
				"north": {"uv": [10.875, 2.125, 11.375, 2.625], "texture": "#0"},
				"east": {"uv": [0, 9.375, 0.875, 9.875], "texture": "#0"},
				"south": {"uv": [10.875, 2.625, 11.375, 3.125], "texture": "#0"},
				"west": {"uv": [4.875, 9.5, 5.75, 10], "texture": "#0"},
				"up": {"uv": [2.375, 10.125, 1.875, 9.25], "texture": "#0"},
				"down": {"uv": [9.125, 9.25, 8.625, 10.125], "texture": "#0"}
			}
		},
		{
			"from": [6.475, 27.33254, 7.93204],
			"to": [9.355, 31.65254, 10.27204],
			"shade": false,
			"rotation": {"angle": 22.5, "axis": "x", "origin": [7.915, 18.86958, 10.62565]},
			"faces": {
				"north": {"uv": [2.75, 9.75, 3.25, 10.5], "texture": "#0"},
				"east": {"uv": [10, 8.375, 10.4375, 9.125], "texture": "#0"},
				"south": {"uv": [3.25, 9.75, 3.75, 10.5], "texture": "#0"},
				"west": {"uv": [10.125, 1, 10.5625, 1.75], "texture": "#0"},
				"up": {"uv": [7.75, 11.6875, 7.25, 11.25], "texture": "#0"},
				"down": {"uv": [8.25, 11.25, 7.75, 11.6875], "texture": "#0"}
			}
		},
		{
			"from": [7.01068, 19.3405, 5.78441],
			"to": [8.81932, 27.23314, 9.93305],
			"shade": false,
			"rotation": {"angle": 22.5, "axis": "x", "origin": [7.915, 18.86958, 10.62565]},
			"faces": {
				"north": {"uv": [9.625, 4.625, 9.9375, 6], "texture": "#0"},
				"east": {"uv": [2.5, 7.25, 3.1875, 8.625], "texture": "#0"},
				"south": {"uv": [6.375, 9.625, 6.6875, 11], "texture": "#0"},
				"west": {"uv": [3.25, 7.25, 3.9375, 8.625], "texture": "#0"},
				"up": {"uv": [11.5625, 8.5625, 11.25, 7.875], "texture": "#0"},
				"down": {"uv": [8.5625, 11.25, 8.25, 11.9375], "texture": "#0"}
			}
		},
		{
			"from": [6.28924, 11.57866, 6.98762],
			"to": [9.54076, 14.83018, 10.23914],
			"shade": false,
			"rotation": {"angle": -45, "axis": "x", "origin": [7.915, 13.20442, 8.61338]},
			"faces": {
				"north": {"uv": [10.125, 3.625, 10.6875, 4.1875], "texture": "#0"},
				"east": {"uv": [10.125, 9.125, 10.6875, 9.6875], "texture": "#0"},
				"south": {"uv": [10.125, 9.75, 10.6875, 10.3125], "texture": "#0"},
				"west": {"uv": [10.25, 0, 10.8125, 0.5625], "texture": "#0"},
				"up": {"uv": [10.8125, 2.9375, 10.25, 2.375], "texture": "#0"},
				"down": {"uv": [6.3125, 10.25, 5.75, 10.8125], "texture": "#0"}
			}
		},
		{
			"from": [7.735, 9.67, 13.33],
			"to": [8.095, 27.67, 13.69],
			"shade": false,
			"rotation": {"angle": 0, "axis": "y", "origin": [7.915, 18.86958, 10.62565]},
			"faces": {
				"north": {"uv": [9.5, 11, 9.5625, 14.125], "texture": "#0"},
				"east": {"uv": [9.625, 11, 9.6875, 14.125], "texture": "#0"},
				"south": {"uv": [5.5, 11.125, 5.5625, 14.25], "texture": "#0"},
				"west": {"uv": [5.625, 11.125, 5.6875, 14.25], "texture": "#0"},
				"up": {"uv": [7.4375, 2.6875, 7.375, 2.625], "texture": "#0"},
				"down": {"uv": [7.5625, 6.125, 7.5, 6.1875], "texture": "#0"}
			}
		},
		{
			"from": [7.735, -8.33, 13.33],
			"to": [8.095, 9.67, 13.69],
			"shade": false,
			"rotation": {"angle": 0, "axis": "y", "origin": [7.915, 0.47042, 10.62565]},
			"faces": {
				"north": {"uv": [9.5, 14.125, 9.5625, 11], "texture": "#0"},
				"east": {"uv": [9.625, 14.125, 9.6875, 11], "texture": "#0"},
				"south": {"uv": [5.5, 14.25, 5.5625, 11.125], "texture": "#0"},
				"west": {"uv": [5.625, 14.25, 5.6875, 11.125], "texture": "#0"},
				"up": {"uv": [7.5625, 6.1875, 7.5, 6.125], "texture": "#0"},
				"down": {"uv": [7.4375, 2.625, 7.375, 2.6875], "texture": "#0"}
			}
		},
		{
			"from": [6.28924, 1.42765, 3.57113],
			"to": [9.54076, 4.67917, 6.82265],
			"shade": false,
			"rotation": {"angle": 45, "axis": "x", "origin": [7.915, 0.47042, 10.62565]},
			"faces": {
				"north": {"uv": [10.125, 4.1875, 10.6875, 3.625], "texture": "#0"},
				"east": {"uv": [10.125, 9.6875, 10.6875, 9.125], "texture": "#0"},
				"south": {"uv": [10.125, 10.3125, 10.6875, 9.75], "texture": "#0"},
				"west": {"uv": [10.25, 0.5625, 10.8125, 0], "texture": "#0"},
				"up": {"uv": [6.3125, 10.8125, 5.75, 10.25], "texture": "#0"},
				"down": {"uv": [10.8125, 2.375, 10.25, 2.9375], "texture": "#0"}
			}
		},
		{
			"from": [7.01068, -7.89314, 5.78441],
			"to": [8.81932, -0.0005, 9.93305],
			"shade": false,
			"rotation": {"angle": -22.5, "axis": "x", "origin": [7.915, 0.47042, 10.62565]},
			"faces": {
				"north": {"uv": [9.625, 6, 9.9375, 4.625], "texture": "#0"},
				"east": {"uv": [2.5, 8.625, 3.1875, 7.25], "texture": "#0"},
				"south": {"uv": [6.375, 11, 6.6875, 9.625], "texture": "#0"},
				"west": {"uv": [3.25, 8.625, 3.9375, 7.25], "texture": "#0"},
				"up": {"uv": [8.5625, 11.9375, 8.25, 11.25], "texture": "#0"},
				"down": {"uv": [11.5625, 7.875, 11.25, 8.5625], "texture": "#0"}
			}
		},
		{
			"from": [6.475, -12.31254, 7.93204],
			"to": [9.355, -7.99254, 10.27204],
			"shade": false,
			"rotation": {"angle": -22.5, "axis": "x", "origin": [7.915, 0.47042, 10.62565]},
			"faces": {
				"north": {"uv": [2.75, 10.5, 3.25, 9.75], "texture": "#0"},
				"east": {"uv": [10, 9.125, 10.4375, 8.375], "texture": "#0"},
				"south": {"uv": [3.25, 10.5, 3.75, 9.75], "texture": "#0"},
				"west": {"uv": [10.125, 1.75, 10.5625, 1], "texture": "#0"},
				"up": {"uv": [8.25, 11.6875, 7.75, 11.25], "texture": "#0"},
				"down": {"uv": [7.75, 11.25, 7.25, 11.6875], "texture": "#0"}
			}
		},
		{
			"from": [6.47356, -10.36333, 8.49351],
			"to": [9.35644, -7.48045, 13.53639],
			"shade": false,
			"rotation": {"angle": 0, "axis": "y", "origin": [7.915, 0.47042, 10.62565]},
			"faces": {
				"north": {"uv": [10.875, 2.625, 11.375, 2.125], "texture": "#0"},
				"east": {"uv": [0, 9.875, 0.875, 9.375], "texture": "#0"},
				"south": {"uv": [10.875, 3.125, 11.375, 2.625], "texture": "#0"},
				"west": {"uv": [4.875, 10, 5.75, 9.5], "texture": "#0"},
				"up": {"uv": [9.125, 10.125, 8.625, 9.25], "texture": "#0"},
				"down": {"uv": [2.375, 9.25, 1.875, 10.125], "texture": "#0"}
			}
		},
		{
			"from": [6.47212, -5.67967, 1.45415],
			"to": [9.35788, -2.07391, 4.33991],
			"shade": false,
			"rotation": {"angle": -45, "axis": "x", "origin": [7.915, 0.47042, 10.62565]},
			"faces": {
				"north": {"uv": [1.875, 10.75, 2.375, 10.125], "texture": "#0"},
				"east": {"uv": [7.75, 10.75, 8.25, 10.125], "texture": "#0"},
				"south": {"uv": [8.625, 10.75, 9.125, 10.125], "texture": "#0"},
				"west": {"uv": [10.25, 6.875, 10.75, 6.25], "texture": "#0"},
				"up": {"uv": [11.375, 0.5, 10.875, 0], "texture": "#0"},
				"down": {"uv": [11.25, 9.75, 10.75, 10.25], "texture": "#0"}
			}
		},
		{
			"from": [6.47068, -5.38702, 3.12364],
			"to": [9.35932, 1.10162, 6.01228],
			"shade": false,
			"rotation": {"angle": -22.5, "axis": "x", "origin": [7.915, 0.47042, 10.62565]},
			"faces": {
				"north": {"uv": [2.5, 9.75, 3, 8.625], "texture": "#0"},
				"east": {"uv": [3, 9.75, 3.5, 8.625], "texture": "#0"},
				"south": {"uv": [3.5, 9.75, 4, 8.625], "texture": "#0"},
				"west": {"uv": [8.625, 9.25, 9.125, 8.125], "texture": "#0"},
				"up": {"uv": [11.25, 9.75, 10.75, 9.25], "texture": "#0"},
				"down": {"uv": [11.25, 8.75, 10.75, 9.25], "texture": "#0"}
			}
		},
		{
			"from": [6.46924, -1.81654, 3.45126],
			"to": [9.36076, 7.73498, 6.34278],
			"shade": false,
			"rotation": {"angle": 0, "axis": "y", "origin": [7.915, 0.47042, 10.62565]},
			"faces": {
				"north": {"uv": [5.75, 8.9375, 6.25, 7.25], "texture": "#0"},
				"east": {"uv": [6.25, 8.9375, 6.75, 7.25], "texture": "#0"},
				"south": {"uv": [6.75, 8.9375, 7.25, 7.25], "texture": "#0"},
				"west": {"uv": [7.25, 8.9375, 7.75, 7.25], "texture": "#0"},
				"up": {"uv": [9, 11.25, 8.5, 10.75], "texture": "#0"},
				"down": {"uv": [8.5, 10.75, 8, 11.25], "texture": "#0"}
			}
		},
		{
			"from": [7.00924, -1.81654, 6.33126],
			"to": [8.82076, 6.29498, 10.48278],
			"shade": false,
			"rotation": {"angle": 0, "axis": "y", "origin": [7.915, 0.47042, 10.62565]},
			"faces": {
				"north": {"uv": [8.25, 10.3125, 8.5625, 8.875], "texture": "#0"},
				"east": {"uv": [0, 8.6875, 0.6875, 7.25], "texture": "#0"},
				"south": {"uv": [1.5, 10.6875, 1.8125, 9.25], "texture": "#0"},
				"west": {"uv": [0.75, 8.6875, 1.4375, 7.25], "texture": "#0"},
				"up": {"uv": [4.0625, 11.9375, 3.75, 11.25], "texture": "#0"},
				"down": {"uv": [2.5625, 11.25, 2.25, 11.9375], "texture": "#0"}
			}
		},
		{
			"from": [6.75, 15.88309, 7.89419],
			"to": [7, 17.38309, 9.39419],
			"shade": false,
			"rotation": {"angle": 45, "axis": "x", "origin": [6.875, 16.63309, 8.64419]},
			"faces": {
				"north": {"uv": [15.9375, 0.1875, 16, 0], "rotation": 180, "texture": "#0"},
				"east": {"uv": [16, 0, 15.8125, 0.1875], "rotation": 90, "texture": "#0"},
				"south": {"uv": [15.8125, 0, 15.875, 0.1875], "texture": "#0"},
				"west": {"uv": [15.8125, 0, 16, 0.1875], "rotation": 270, "texture": "#0"},
				"up": {"uv": [15.9375, 0, 16, 0.1875], "texture": "#0"},
				"down": {"uv": [15.8125, 0, 15.875, 0.1875], "rotation": 180, "texture": "#0"}
			}
		},
		{
			"from": [6.75, 19.88309, 7.89419],
			"to": [7, 21.38309, 9.39419],
			"shade": false,
			"rotation": {"angle": -22.5, "axis": "x", "origin": [6.875, 20.63309, 8.64419]},
			"faces": {
				"north": {"uv": [15.8125, 0, 15.875, 0.1875], "texture": "#0"},
				"east": {"uv": [16, 0, 15.8125, 0.1875], "texture": "#0"},
				"south": {"uv": [15.9375, 0, 16, 0.1875], "texture": "#0"},
				"west": {"uv": [15.8125, 0, 16, 0.1875], "texture": "#0"},
				"up": {"uv": [15.9375, 0.1875, 16, 0], "texture": "#0"},
				"down": {"uv": [15.8125, 0, 15.875, 0.1875], "texture": "#0"}
			}
		},
		{
			"from": [6.75, 18.98309, 9.24419],
			"to": [7, 19.78309, 10.04419],
			"shade": false,
			"rotation": {"angle": 0, "axis": "y", "origin": [6.875, 19.38309, 9.64419]},
			"faces": {
				"north": {"uv": [15.9375, 0.1875, 16, 0], "rotation": 180, "texture": "#0"},
				"east": {"uv": [16, 0, 15.8125, 0.1875], "rotation": 90, "texture": "#0"},
				"south": {"uv": [15.8125, 0, 15.875, 0.1875], "texture": "#0"},
				"west": {"uv": [15.8125, 0, 16, 0.1875], "rotation": 270, "texture": "#0"},
				"up": {"uv": [15.9375, 0, 16, 0.1875], "texture": "#0"},
				"down": {"uv": [15.8125, 0, 15.875, 0.1875], "rotation": 180, "texture": "#0"}
			}
		},
		{
			"from": [6.75, 23.13309, 9.39419],
			"to": [7, 24.63309, 10.89419],
			"shade": false,
			"rotation": {"angle": 0, "axis": "y", "origin": [6.875, 23.88309, 10.14419]},
			"faces": {
				"north": {"uv": [15.8125, 0, 15.875, 0.1875], "texture": "#0"},
				"east": {"uv": [16, 0, 15.8125, 0.1875], "texture": "#0"},
				"south": {"uv": [15.9375, 0, 16, 0.1875], "texture": "#0"},
				"west": {"uv": [15.8125, 0, 16, 0.1875], "texture": "#0"},
				"up": {"uv": [15.9375, 0.1875, 16, 0], "texture": "#0"},
				"down": {"uv": [15.8125, 0, 15.875, 0.1875], "texture": "#0"}
			}
		},
		{
			"from": [6.75, 1.86691, 7.89419],
			"to": [7, 3.36691, 9.39419],
			"shade": false,
			"rotation": {"angle": -45, "axis": "x", "origin": [6.875, 2.61691, 8.64419]},
			"faces": {
				"north": {"uv": [15.9375, 0, 16, 0.1875], "rotation": 180, "texture": "#0"},
				"east": {"uv": [15.8125, 0, 16, 0.1875], "rotation": 90, "texture": "#0"},
				"south": {"uv": [15.8125, 0.1875, 15.875, 0], "texture": "#0"},
				"west": {"uv": [16, 0, 15.8125, 0.1875], "rotation": 270, "texture": "#0"},
				"up": {"uv": [15.8125, 0.1875, 15.875, 0], "rotation": 180, "texture": "#0"},
				"down": {"uv": [15.9375, 0.1875, 16, 0], "texture": "#0"}
			}
		},
		{
			"from": [6.75, -0.53309, 9.24419],
			"to": [7, 0.26691, 10.04419],
			"shade": false,
			"rotation": {"angle": 0, "axis": "y", "origin": [6.875, -0.13309, 9.64419]},
			"faces": {
				"north": {"uv": [15.9375, 0, 16, 0.1875], "rotation": 180, "texture": "#0"},
				"east": {"uv": [15.8125, 0, 16, 0.1875], "rotation": 90, "texture": "#0"},
				"south": {"uv": [15.8125, 0.1875, 15.875, 0], "texture": "#0"},
				"west": {"uv": [16, 0, 15.8125, 0.1875], "rotation": 270, "texture": "#0"},
				"up": {"uv": [15.8125, 0.1875, 15.875, 0], "rotation": 180, "texture": "#0"},
				"down": {"uv": [15.9375, 0.1875, 16, 0], "texture": "#0"}
			}
		},
		{
			"from": [6.75, -2.13309, 7.89419],
			"to": [7, -0.63309, 9.39419],
			"shade": false,
			"rotation": {"angle": 22.5, "axis": "x", "origin": [6.875, -1.38309, 8.64419]},
			"faces": {
				"north": {"uv": [15.8125, 0.1875, 15.875, 0], "texture": "#0"},
				"east": {"uv": [16, 0.1875, 15.8125, 0], "texture": "#0"},
				"south": {"uv": [15.9375, 0.1875, 16, 0], "texture": "#0"},
				"west": {"uv": [15.8125, 0.1875, 16, 0], "texture": "#0"},
				"up": {"uv": [15.8125, 0.1875, 15.875, 0], "texture": "#0"},
				"down": {"uv": [15.9375, 0, 16, 0.1875], "texture": "#0"}
			}
		},
		{
			"from": [6.75, -5.38309, 9.39419],
			"to": [7, -3.88309, 10.89419],
			"shade": false,
			"rotation": {"angle": 0, "axis": "y", "origin": [6.875, -4.63309, 10.14419]},
			"faces": {
				"north": {"uv": [15.8125, 0.1875, 15.875, 0], "texture": "#0"},
				"east": {"uv": [16, 0.1875, 15.8125, 0], "texture": "#0"},
				"south": {"uv": [15.9375, 0.1875, 16, 0], "texture": "#0"},
				"west": {"uv": [15.8125, 0.1875, 16, 0], "texture": "#0"},
				"up": {"uv": [15.8125, 0.1875, 15.875, 0], "texture": "#0"},
				"down": {"uv": [15.9375, 0, 16, 0.1875], "texture": "#0"}
			}
		},
		{
			"from": [9, 23.13309, 9.39419],
			"to": [9.25, 24.63309, 10.89419],
			"shade": false,
			"rotation": {"angle": 0, "axis": "y", "origin": [9.125, 23.88309, 10.14419]},
			"faces": {
				"north": {"uv": [15.875, 0, 15.8125, 0.1875], "texture": "#0"},
				"east": {"uv": [16, 0, 15.8125, 0.1875], "texture": "#0"},
				"south": {"uv": [16, 0, 15.9375, 0.1875], "texture": "#0"},
				"west": {"uv": [15.8125, 0, 16, 0.1875], "texture": "#0"},
				"up": {"uv": [16, 0.1875, 15.9375, 0], "texture": "#0"},
				"down": {"uv": [15.875, 0, 15.8125, 0.1875], "texture": "#0"}
			}
		},
		{
			"from": [9, 19.88309, 7.89419],
			"to": [9.25, 21.38309, 9.39419],
			"shade": false,
			"rotation": {"angle": -22.5, "axis": "x", "origin": [9.125, 20.63309, 8.64419]},
			"faces": {
				"north": {"uv": [15.875, 0, 15.8125, 0.1875], "texture": "#0"},
				"east": {"uv": [16, 0, 15.8125, 0.1875], "texture": "#0"},
				"south": {"uv": [16, 0, 15.9375, 0.1875], "texture": "#0"},
				"west": {"uv": [15.8125, 0, 16, 0.1875], "texture": "#0"},
				"up": {"uv": [16, 0.1875, 15.9375, 0], "texture": "#0"},
				"down": {"uv": [15.875, 0, 15.8125, 0.1875], "texture": "#0"}
			}
		},
		{
			"from": [9, 18.98309, 9.24419],
			"to": [9.25, 19.78309, 10.04419],
			"shade": false,
			"rotation": {"angle": 0, "axis": "y", "origin": [9.125, 19.38309, 9.64419]},
			"faces": {
				"north": {"uv": [16, 0.1875, 15.9375, 0], "rotation": 180, "texture": "#0"},
				"east": {"uv": [15.8125, 0.1875, 16, 0], "rotation": 270, "texture": "#0"},
				"south": {"uv": [15.875, 0, 15.8125, 0.1875], "texture": "#0"},
				"west": {"uv": [16, 0.1875, 15.8125, 0], "rotation": 90, "texture": "#0"},
				"up": {"uv": [16, 0, 15.9375, 0.1875], "texture": "#0"},
				"down": {"uv": [15.875, 0, 15.8125, 0.1875], "rotation": 180, "texture": "#0"}
			}
		},
		{
			"from": [9, 15.88309, 7.89419],
			"to": [9.25, 17.38309, 9.39419],
			"shade": false,
			"rotation": {"angle": 45, "axis": "x", "origin": [9.125, 16.63309, 8.64419]},
			"faces": {
				"north": {"uv": [16, 0.1875, 15.9375, 0], "rotation": 180, "texture": "#0"},
				"east": {"uv": [15.8125, 0.1875, 16, 0], "rotation": 270, "texture": "#0"},
				"south": {"uv": [15.875, 0, 15.8125, 0.1875], "texture": "#0"},
				"west": {"uv": [16, 0.1875, 15.8125, 0], "rotation": 90, "texture": "#0"},
				"up": {"uv": [16, 0, 15.9375, 0.1875], "texture": "#0"},
				"down": {"uv": [15.875, 0, 15.8125, 0.1875], "rotation": 180, "texture": "#0"}
			}
		},
		{
			"from": [9, 1.86691, 7.89419],
			"to": [9.25, 3.36691, 9.39419],
			"shade": false,
			"rotation": {"angle": -45, "axis": "x", "origin": [9.125, 2.61691, 8.64419]},
			"faces": {
				"north": {"uv": [16, 0, 15.9375, 0.1875], "rotation": 180, "texture": "#0"},
				"east": {"uv": [16, 0.1875, 15.8125, 0], "rotation": 270, "texture": "#0"},
				"south": {"uv": [15.875, 0.1875, 15.8125, 0], "texture": "#0"},
				"west": {"uv": [15.8125, 0.1875, 16, 0], "rotation": 90, "texture": "#0"},
				"up": {"uv": [15.875, 0.1875, 15.8125, 0], "rotation": 180, "texture": "#0"},
				"down": {"uv": [16, 0.1875, 15.9375, 0], "texture": "#0"}
			}
		},
		{
			"from": [9, -0.53309, 9.24419],
			"to": [9.25, 0.26691, 10.04419],
			"shade": false,
			"rotation": {"angle": 0, "axis": "y", "origin": [9.125, -0.13309, 9.64419]},
			"faces": {
				"north": {"uv": [16, 0, 15.9375, 0.1875], "rotation": 180, "texture": "#0"},
				"east": {"uv": [16, 0.1875, 15.8125, 0], "rotation": 270, "texture": "#0"},
				"south": {"uv": [15.875, 0.1875, 15.8125, 0], "texture": "#0"},
				"west": {"uv": [15.8125, 0.1875, 16, 0], "rotation": 90, "texture": "#0"},
				"up": {"uv": [15.875, 0.1875, 15.8125, 0], "rotation": 180, "texture": "#0"},
				"down": {"uv": [16, 0.1875, 15.9375, 0], "texture": "#0"}
			}
		},
		{
			"from": [9, -2.13309, 7.89419],
			"to": [9.25, -0.63309, 9.39419],
			"shade": false,
			"rotation": {"angle": 22.5, "axis": "x", "origin": [9.125, -1.38309, 8.64419]},
			"faces": {
				"north": {"uv": [15.875, 0.1875, 15.8125, 0], "texture": "#0"},
				"east": {"uv": [16, 0.1875, 15.8125, 0], "texture": "#0"},
				"south": {"uv": [16, 0.1875, 15.9375, 0], "texture": "#0"},
				"west": {"uv": [15.8125, 0.1875, 16, 0], "texture": "#0"},
				"up": {"uv": [15.875, 0.1875, 15.8125, 0], "texture": "#0"},
				"down": {"uv": [16, 0, 15.9375, 0.1875], "texture": "#0"}
			}
		},
		{
			"from": [9, -5.38309, 9.39419],
			"to": [9.25, -3.88309, 10.89419],
			"shade": false,
			"rotation": {"angle": 0, "axis": "y", "origin": [9.125, -4.63309, 10.14419]},
			"faces": {
				"north": {"uv": [15.875, 0.1875, 15.8125, 0], "texture": "#0"},
				"east": {"uv": [16, 0.1875, 15.8125, 0], "texture": "#0"},
				"south": {"uv": [16, 0.1875, 15.9375, 0], "texture": "#0"},
				"west": {"uv": [15.8125, 0.1875, 16, 0], "texture": "#0"},
				"up": {"uv": [15.875, 0.1875, 15.8125, 0], "texture": "#0"},
				"down": {"uv": [16, 0, 15.9375, 0.1875], "texture": "#0"}
			}
		},
		{
			"from": [6.55, 16.32209, 5.40224],
			"to": [6.55, 22.82209, 8.40224],
			"shade": false,
			"rotation": {"angle": 0, "axis": "y", "origin": [6.55, 19.57209, 6.90224]},
			"faces": {
				"north": {"uv": [0, 0, 0, 0.8125], "texture": "#0"},
				"east": {"uv": [3.75, 10.375, 4.125, 11.1875], "texture": "#0"},
				"south": {"uv": [0, 0, 0, 0.8125], "texture": "#0"},
				"west": {"uv": [4.125, 10.375, 3.75, 11.1875], "texture": "#0"},
				"up": {"uv": [0, 0, 0, 0.375], "texture": "#0"},
				"down": {"uv": [0, 0.375, 0, 0], "texture": "#0"}
			}
		},
		{
			"from": [6.8, 21.32209, 10.40224],
			"to": [6.8, 27.82209, 13.40224],
			"shade": false,
			"rotation": {"angle": -22.5, "axis": "y", "origin": [6.8, 24.57209, 11.90224]},
			"faces": {
				"north": {"uv": [0, 0, 0, 0.8125], "texture": "#0"},
				"east": {"uv": [3.75, 10.375, 4.125, 11.1875], "texture": "#0"},
				"south": {"uv": [0, 0, 0, 0.8125], "texture": "#0"},
				"west": {"uv": [4.125, 10.375, 3.75, 11.1875], "texture": "#0"},
				"up": {"uv": [0, 0, 0, 0.375], "texture": "#0"},
				"down": {"uv": [0, 0.375, 0, 0], "texture": "#0"}
			}
		},
		{
			"from": [7.3, -15.67791, 9.40224],
			"to": [7.3, -9.17791, 12.40224],
			"shade": false,
			"rotation": {"angle": 22.5, "axis": "y", "origin": [7.3, -12.42791, 10.90224]},
			"faces": {
				"north": {"uv": [0, 0, 0, 0.8125], "texture": "#0"},
				"east": {"uv": [3.75, 10.375, 4.125, 11.1875], "texture": "#0"},
				"south": {"uv": [0, 0, 0, 0.8125], "texture": "#0"},
				"west": {"uv": [4.125, 10.375, 3.75, 11.1875], "texture": "#0"},
				"up": {"uv": [0, 0, 0, 0.375], "texture": "#0"},
				"down": {"uv": [0, 0.375, 0, 0], "texture": "#0"}
			}
		},
		{
			"from": [8.8, -13.17791, 4.40224],
			"to": [8.8, -6.67791, 7.40224],
			"shade": false,
			"rotation": {"angle": -22.5, "axis": "y", "origin": [8.8, -9.92791, 5.90224]},
			"faces": {
				"north": {"uv": [0, 0, 0, 0.8125], "texture": "#0"},
				"east": {"uv": [3.75, 10.375, 4.125, 11.1875], "texture": "#0"},
				"south": {"uv": [0, 0, 0, 0.8125], "texture": "#0"},
				"west": {"uv": [4.125, 10.375, 3.75, 11.1875], "texture": "#0"},
				"up": {"uv": [0, 0, 0, 0.375], "texture": "#0"},
				"down": {"uv": [0, 0.375, 0, 0], "texture": "#0"}
			}
		},
		{
			"from": [7.3, -7.42791, 2.15224],
			"to": [7.3, -0.92791, 5.15224],
			"shade": false,
			"rotation": {"angle": 22.5, "axis": "y", "origin": [7.3, -4.17791, 3.65224]},
			"faces": {
				"north": {"uv": [0, 0, 0, 0.8125], "texture": "#0"},
				"east": {"uv": [3.75, 10.375, 4.125, 11.1875], "texture": "#0"},
				"south": {"uv": [0, 0, 0, 0.8125], "texture": "#0"},
				"west": {"uv": [4.125, 10.375, 3.75, 11.1875], "texture": "#0"},
				"up": {"uv": [0, 0, 0, 0.375], "texture": "#0"},
				"down": {"uv": [0, 0.375, 0, 0], "texture": "#0"}
			}
		},
		{
			"from": [9.2, 21.32209, 10.40224],
			"to": [9.2, 27.82209, 13.40224],
			"shade": false,
			"rotation": {"angle": 22.5, "axis": "y", "origin": [9.2, 24.57209, 11.90224]},
			"faces": {
				"north": {"uv": [0, 0, 0, 0.8125], "texture": "#0"},
				"east": {"uv": [3.75, 10.375, 4.125, 11.1875], "texture": "#0"},
				"south": {"uv": [0, 0, 0, 0.8125], "texture": "#0"},
				"west": {"uv": [4.125, 10.375, 3.75, 11.1875], "texture": "#0"},
				"up": {"uv": [0, 0, 0, 0.375], "texture": "#0"},
				"down": {"uv": [0, 0.375, 0, 0], "texture": "#0"}
			}
		},
		{
			"from": [9.45, 16.32209, 5.40224],
			"to": [9.45, 22.82209, 8.40224],
			"shade": false,
			"rotation": {"angle": 0, "axis": "y", "origin": [9.45, 19.57209, 6.90224]},
			"faces": {
				"north": {"uv": [0, 0, 0, 0.8125], "texture": "#0"},
				"east": {"uv": [3.75, 10.375, 4.125, 11.1875], "texture": "#0"},
				"south": {"uv": [0, 0, 0, 0.8125], "texture": "#0"},
				"west": {"uv": [4.125, 10.375, 3.75, 11.1875], "texture": "#0"},
				"up": {"uv": [0, 0, 0, 0.375], "texture": "#0"},
				"down": {"uv": [0, 0.375, 0, 0], "texture": "#0"}
			}
		},
		{
			"name": "arrow",
			"from": [7.555, 9.38, 0.12],
			"to": [8.275, 10.1, 8.04],
			"shade": false,
			"rotation": {"angle": 0, "axis": "y", "origin": [7.915, 19.11958, 5.87565]},
			"faces": {
				"north": {"uv": [5.625, 3, 5.75, 3.125], "texture": "#0"},
				"east": {"uv": [4, 3, 5.375, 3.125], "texture": "#0"},
				"south": {"uv": [7.125, 2.625, 7.25, 2.75], "texture": "#0"},
				"west": {"uv": [11.25, 7.25, 12.625, 7.375], "texture": "#0"},
				"up": {"uv": [9, 12.625, 8.875, 11.25], "texture": "#0"},
				"down": {"uv": [6.625, 11.5, 6.5, 12.875], "texture": "#0"}
			}
		},
		{
			"name": "arrow",
			"from": [7.303, 7.27934, 7.25646],
			"to": [8.527, 9.43934, 9.41646],
			"shade": false,
			"rotation": {"angle": 45, "axis": "x", "origin": [7.915, 19.11958, 5.87565]},
			"faces": {
				"north": {"uv": [4.625, 9.625, 4.8125, 10], "texture": "#0"},
				"east": {"uv": [5.375, 5.875, 5.75, 6.25], "texture": "#0"},
				"south": {"uv": [10.125, 4.25, 10.3125, 4.625], "texture": "#0"},
				"west": {"uv": [8.25, 10.375, 8.625, 10.75], "texture": "#0"},
				"up": {"uv": [10.6875, 9.125, 10.5, 8.75], "texture": "#0"},
				"down": {"uv": [1.9375, 12.125, 1.75, 12.5], "texture": "#0"}
			}
		},
		{
			"name": "arrow",
			"from": [7.915, 7.58, -4.56],
			"to": [7.915, 11.9, 2.64],
			"shade": false,
			"rotation": {"angle": 0, "axis": "y", "origin": [7.915, 19.11958, 5.87565]},
			"faces": {
				"north": {"uv": [0, 0, 0, 0.5], "texture": "#0"},
				"east": {"uv": [9, 7.5625, 7.75, 8.125], "texture": "#0"},
				"south": {"uv": [0, 0, 0, 0.5], "texture": "#0"},
				"west": {"uv": [7.75, 7.5625, 9, 8.125], "texture": "#0"},
				"up": {"uv": [0, 1.25, 0, 0], "texture": "#0"},
				"down": {"uv": [0, 0, 0, 1.25], "texture": "#0"}
			}
		},
		{
			"name": "arrow",
			"from": [7.36924, 8.73438, 12.16553],
			"to": [8.46076, 10.6359, 13.25705],
			"shade": false,
			"rotation": {"angle": 0, "axis": "y", "origin": [7.915, 19.11958, 5.87565]},
			"faces": {
				"north": {"uv": [4.8125, 12.125, 4.625, 12.4375], "rotation": 180, "texture": "#0"},
				"east": {"uv": [12.4375, 4.5, 12.125, 4.6875], "rotation": 90, "texture": "#0"},
				"south": {"uv": [5.9375, 12.4375, 5.75, 12.125], "texture": "#0"},
				"west": {"uv": [12.4375, 4.75, 12.125, 4.9375], "rotation": 270, "texture": "#0"},
				"up": {"uv": [12.4375, 10.375, 12.25, 10.5625], "texture": "#0"},
				"down": {"uv": [12.4375, 10.625, 12.25, 10.8125], "rotation": 180, "texture": "#0"}
			}
		},
		{
			"name": "arrow",
			"from": [7.375, 13.0189, 13.41862],
			"to": [8.455, 14.0989, 15.93862],
			"shade": false,
			"rotation": {"angle": 22.5, "axis": "x", "origin": [7.915, 19.11958, 5.87565]},
			"faces": {
				"north": {"uv": [10.0625, 12.25, 9.875, 12.4375], "rotation": 180, "texture": "#0"},
				"east": {"uv": [10.9375, 12, 10.75, 12.4375], "rotation": 90, "texture": "#0"},
				"south": {"uv": [10.3125, 12.4375, 10.125, 12.25], "texture": "#0"},
				"west": {"uv": [11.4375, 12, 11.25, 12.4375], "rotation": 270, "texture": "#0"},
				"up": {"uv": [8.5625, 12, 8.375, 12.4375], "texture": "#0"},
				"down": {"uv": [11.1875, 12, 11, 12.4375], "rotation": 180, "texture": "#0"}
			}
		},
		{
			"name": "arrow",
			"from": [7.375, 6.6975, 6.19359],
			"to": [8.455, 7.7775, 8.71359],
			"shade": false,
			"rotation": {"angle": -22.5, "axis": "x", "origin": [7.915, 19.11958, 5.87565]},
			"faces": {
				"north": {"uv": [12.4375, 10.125, 12.25, 10.3125], "rotation": 180, "texture": "#0"},
				"east": {"uv": [11.9375, 12, 11.75, 12.4375], "rotation": 90, "texture": "#0"},
				"south": {"uv": [10.5625, 12.4375, 10.375, 12.25], "texture": "#0"},
				"west": {"uv": [0.1875, 12.125, 0, 12.5625], "rotation": 270, "texture": "#0"},
				"up": {"uv": [11.6875, 12, 11.5, 12.4375], "texture": "#0"},
				"down": {"uv": [12.1875, 12, 12, 12.4375], "rotation": 180, "texture": "#0"}
			}
		},
		{
			"name": "arrow",
			"from": [7.375, 11.5789, 12.33862],
			"to": [8.455, 14.0989, 13.41862],
			"shade": false,
			"rotation": {"angle": 22.5, "axis": "x", "origin": [7.915, 19.11958, 5.87565]},
			"faces": {
				"north": {"uv": [10.0625, 1, 9.875, 1.4375], "rotation": 180, "texture": "#0"},
				"east": {"uv": [12.4375, 8.375, 12, 8.5625], "rotation": 90, "texture": "#0"},
				"south": {"uv": [3.6875, 10.9375, 3.5, 10.5], "texture": "#0"},
				"west": {"uv": [10.5625, 12, 10.125, 12.1875], "rotation": 270, "texture": "#0"},
				"up": {"uv": [12.4375, 6.75, 12.25, 6.9375], "texture": "#0"},
				"down": {"uv": [12.4375, 7, 12.25, 7.1875], "rotation": 180, "texture": "#0"}
			}
		},
		{
			"name": "arrow",
			"from": [7.36924, 6.69174, 5.10783],
			"to": [8.46076, 9.22326, 6.19935],
			"shade": false,
			"rotation": {"angle": -22.5, "axis": "x", "origin": [7.915, 19.11958, 5.87565]},
			"faces": {
				"north": {"uv": [7.6875, 9, 7.5, 9.4375], "rotation": 180, "texture": "#0"},
				"east": {"uv": [12.4375, 5.375, 12, 5.5625], "rotation": 90, "texture": "#0"},
				"south": {"uv": [3.9375, 10.1875, 3.75, 9.75], "texture": "#0"},
				"west": {"uv": [12.4375, 8.125, 12, 8.3125], "rotation": 270, "texture": "#0"},
				"up": {"uv": [12.4375, 0.5, 12.25, 0.6875], "texture": "#0"},
				"down": {"uv": [12.4375, 2, 12.25, 2.1875], "rotation": 180, "texture": "#0"}
			}
		},
		{
			"name": "arrow",
			"from": [6.655, 8.34273, 8.11434],
			"to": [9.175, 10.86273, 9.55434],
			"shade": false,
			"rotation": {"angle": 0, "axis": "y", "origin": [7.915, 19.11958, 5.87565]},
			"faces": {
				"north": {"uv": [11.6875, 8.625, 11.25, 9.0625], "rotation": 180, "texture": "#0"},
				"east": {"uv": [12.1875, 7, 11.75, 7.25], "rotation": 90, "texture": "#0"},
				"south": {"uv": [11.6875, 9.5625, 11.25, 9.125], "texture": "#0"},
				"west": {"uv": [8.1875, 11.75, 7.75, 12], "rotation": 270, "texture": "#0"},
				"up": {"uv": [12.1875, 6.75, 11.75, 7], "texture": "#0"},
				"down": {"uv": [7.6875, 11.75, 7.25, 12], "rotation": 180, "texture": "#0"}
			}
		},
		{
			"name": "ef",
			"from": [10.25, -1, 9],
			"to": [10.25, 7, 14],
			"rotation": {"angle": -22.5, "axis": "y", "origin": [10.25, 3, 11.5]},
			"faces": {
				"north": {"uv": [0, 0, 0, 11], "texture": "#1"},
				"east": {"uv": [0, 6.5, 6, 16], "texture": "#1"},
				"south": {"uv": [0, 0, 0, 11], "texture": "#1"},
				"west": {"uv": [6, 6.5, 0, 16], "texture": "#1"},
				"up": {"uv": [0, 9, 0, 0], "texture": "#1"},
				"down": {"uv": [0, 9, 0, 0], "texture": "#1"}
			}
		},
		{
			"name": "ef",
			"from": [10.25, 21, 2],
			"to": [10.25, 29, 7],
			"rotation": {"angle": 22.5, "axis": "y", "origin": [10.25, 25, 4.5]},
			"faces": {
				"north": {"uv": [0, 0, 0, 11], "texture": "#1"},
				"east": {"uv": [6, 6.5, 0, 16], "texture": "#1"},
				"south": {"uv": [0, 0, 0, 11], "texture": "#1"},
				"west": {"uv": [0, 6.5, 6, 16], "texture": "#1"},
				"up": {"uv": [0, 0, 0, 9], "texture": "#1"},
				"down": {"uv": [0, 0, 0, 9], "texture": "#1"}
			}
		},
		{
			"name": "ef",
			"from": [10, 13, 12],
			"to": [10, 21, 17],
			"rotation": {"angle": -45, "axis": "y", "origin": [10, 17, 14.5]},
			"faces": {
				"north": {"uv": [0, 0, 0, 11], "texture": "#1"},
				"east": {"uv": [10, 6.5, 16, 16], "texture": "#1"},
				"south": {"uv": [0, 0, 0, 11], "texture": "#1"},
				"west": {"uv": [16, 6.5, 10, 16], "texture": "#1"},
				"up": {"uv": [0, 9, 0, 0], "texture": "#1"},
				"down": {"uv": [0, 9, 0, 0], "texture": "#1"}
			}
		},
		{
			"name": "ef",
			"from": [6, -10, 0],
			"to": [6, -2, 5],
			"rotation": {"angle": -45, "axis": "y", "origin": [6, -6, 2.5]},
			"faces": {
				"north": {"uv": [0, 0, 0, 11], "texture": "#1"},
				"east": {"uv": [16, 6.5, 10, 16], "texture": "#1"},
				"south": {"uv": [0, 0, 0, 11], "texture": "#1"},
				"west": {"uv": [10, 6.5, 16, 16], "texture": "#1"},
				"up": {"uv": [0, 0, 0, 9], "texture": "#1"},
				"down": {"uv": [0, 0, 0, 9], "texture": "#1"}
			}
		}
	],
	"gui_light": "front",
	"display": {
		"thirdperson_righthand": {
			"translation": [0, -3, 0.5],
			"scale": [0.8, 0.8, 0.8]
		},
		"thirdperson_lefthand": {
			"translation": [0, -3, 0.5],
			"scale": [0.8, 0.8, 0.8]
		},
		"firstperson_righthand": {
			"rotation": [18, 20, 0],
			"translation": [15, 10, -35],
			"scale": [1.34, 1.34, 1.34]
		},
		"firstperson_lefthand": {
			"rotation": [18, -17, 0],
			"translation": [40, 5.25, -18],
			"scale": [1.34, 1.34, 1.34]
		},
		"ground": {
			"rotation": [45, 0, 0],
			"translation": [0, 2.25, 0],
			"scale": [0.32, 0.32, 0.32]
		},
		"gui": {
			"rotation": [90, 45, -90],
			"translation": [-1.5, 0.75, 0],
			"scale": [0.45, 0.45, 0.45]
		},
		"head": {
			"scale": [0, 0, 0]
		},
		"fixed": {
			"rotation": [0, -90, 0],
			"translation": [-0.25, -5.5, -1.75]
		}
	},
	"groups": [
		{
			"name": "swashbuckler_bow",
			"origin": [7.15, 5.5, 5.5],
			"color": 0,
			"nbt": "{}",
			"shade": false,
			"children": [
				0,
				1,
				2,
				3,
				4,
				5,
				6,
				7,
				8,
				9,
				10,
				11,
				12,
				13,
				14,
				15,
				16,
				17,
				18,
				19,
				20,
				21,
				22,
				23,
				24,
				25,
				26,
				27,
				28,
				29,
				30,
				31,
				32,
				33,
				34,
				35,
				36,
				37,
				38,
				39,
				40,
				41,
				42,
				43,
				44,
				45,
				46,
				47,
				48,
				49,
				50
			]
		},
		51,
		52,
		53,
		54
	]
}