{
	"credit": "Made with Blockbench",
	"textures": {
		"0": "item/swashbuckler/swashbuckler_atlas",
		"1": "item/swashbuckler/swashbuckler_ef_long",
		"particle": "item/swashbuckler/swashbuckler_atlas"
	},
	"elements": [
		{
			"from": [7.75, 18.97836, 1.125],
			"to": [8.25, 23.22836, 14.875],
			"shade": false,
			"rotation": {"angle": 0, "axis": "y", "origin": [8, 7.22836, 7.875]},
			"faces": {
				"north": {"uv": [12.25, 11.125, 12.3125, 11.6875], "texture": "#0"},
				"east": {"uv": [7.125, 1.375, 8.875, 1.9375], "texture": "#0"},
				"south": {"uv": [12.25, 11.75, 12.3125, 12.3125], "texture": "#0"},
				"west": {"uv": [7.125, 2, 8.875, 2.5625], "texture": "#0"},
				"up": {"uv": [2.0625, 13.5, 2, 11.75], "texture": "#0"},
				"down": {"uv": [2.1875, 11.75, 2.125, 13.5], "texture": "#0"}
			}
		},
		{
			"from": [7.742, 16.97571, -3.28246],
			"to": [8.258, 21.49171, 4.23354],
			"shade": false,
			"rotation": {"angle": -22.5, "axis": "x", "origin": [8, 18.96123, -2.58521]},
			"faces": {
				"north": {"uv": [2.5, 12.375, 2.5625, 12.9375], "texture": "#0"},
				"east": {"uv": [0, 8.75, 0.9375, 9.3125], "texture": "#0"},
				"south": {"uv": [2.625, 12.375, 2.6875, 12.9375], "texture": "#0"},
				"west": {"uv": [8.875, 1, 9.8125, 1.5625], "texture": "#0"},
				"up": {"uv": [6.0625, 13.0625, 6, 12.125], "texture": "#0"},
				"down": {"uv": [6.1875, 12.125, 6.125, 13.0625], "texture": "#0"}
			}
		},
		{
			"from": [7.75, 15.40503, -5.30577],
			"to": [8.25, 20.40503, -2.05577],
			"shade": false,
			"rotation": {"angle": 22.5, "axis": "x", "origin": [8, 17.90503, -3.18077]},
			"faces": {
				"north": {"uv": [12.25, 9.5, 12.3125, 10.125], "texture": "#0"},
				"east": {"uv": [4.125, 10.375, 4.5625, 11], "texture": "#0"},
				"south": {"uv": [9.75, 12.25, 9.8125, 12.875], "texture": "#0"},
				"west": {"uv": [10.75, 1.5, 11.1875, 2.125], "texture": "#0"},
				"up": {"uv": [3.3125, 12.8125, 3.25, 12.375], "texture": "#0"},
				"down": {"uv": [3.4375, 12.375, 3.375, 12.8125], "texture": "#0"}
			}
		},
		{
			"from": [7.742, 16.85272, 3.60964],
			"to": [8.258, 21.36872, 8.12564],
			"shade": false,
			"rotation": {"angle": 45, "axis": "x", "origin": [8, 18.73572, 12.24264]},
			"faces": {
				"north": {"uv": [12.375, 0.75, 12.4375, 1.3125], "texture": "#0"},
				"east": {"uv": [9.625, 6.25, 10.1875, 6.8125], "texture": "#0"},
				"south": {"uv": [2.25, 12.375, 2.3125, 12.9375], "texture": "#0"},
				"west": {"uv": [10.125, 1.75, 10.6875, 2.3125], "texture": "#0"},
				"up": {"uv": [12.4375, 2.8125, 12.375, 2.25], "texture": "#0"},
				"down": {"uv": [2.4375, 12.375, 2.375, 12.9375], "texture": "#0"}
			}
		},
		{
			"from": [8, 7.51125, -8.88154],
			"to": [8, 29, 6.86846],
			"shade": false,
			"rotation": {"angle": 0, "axis": "y", "origin": [8, 19.51125, 0.49346]},
			"faces": {
				"north": {"uv": [0, 0, 0, 2.6875], "texture": "#0"},
				"east": {"uv": [6, 0, 4, 2.6875], "texture": "#0"},
				"south": {"uv": [0, 0, 0, 2.6875], "texture": "#0"},
				"west": {"uv": [4, 0, 6, 2.6875], "texture": "#0"},
				"up": {"uv": [0, 2, 0, 0], "texture": "#0"},
				"down": {"uv": [0, 0, 0, 2], "texture": "#0"}
			}
		},
		{
			"from": [8, 7.51125, 9.13154],
			"to": [8, 29, 24.88154],
			"shade": false,
			"rotation": {"angle": 0, "axis": "y", "origin": [8, 19.51125, 15.50654]},
			"faces": {
				"north": {"uv": [0, 0, 0, 2.6875], "texture": "#0"},
				"east": {"uv": [4, 0, 6, 2.6875], "texture": "#0"},
				"south": {"uv": [0, 0, 0, 2.6875], "texture": "#0"},
				"west": {"uv": [6, 0, 4, 2.6875], "texture": "#0"},
				"up": {"uv": [0, 0, 0, 2], "texture": "#0"},
				"down": {"uv": [0, 2, 0, 0], "texture": "#0"}
			}
		},
		{
			"from": [7.75, 15.40503, 18.05577],
			"to": [8.25, 20.40503, 21.30577],
			"shade": false,
			"rotation": {"angle": -22.5, "axis": "x", "origin": [8, 17.90503, 19.18077]},
			"faces": {
				"north": {"uv": [9.8125, 12.25, 9.75, 12.875], "texture": "#0"},
				"east": {"uv": [4.5625, 10.375, 4.125, 11], "texture": "#0"},
				"south": {"uv": [12.3125, 9.5, 12.25, 10.125], "texture": "#0"},
				"west": {"uv": [11.1875, 1.5, 10.75, 2.125], "texture": "#0"},
				"up": {"uv": [3.3125, 12.375, 3.25, 12.8125], "texture": "#0"},
				"down": {"uv": [3.4375, 12.8125, 3.375, 12.375], "texture": "#0"}
			}
		},
		{
			"from": [7.742, 16.97571, 11.76646],
			"to": [8.258, 21.49171, 19.28246],
			"shade": false,
			"rotation": {"angle": 22.5, "axis": "x", "origin": [8, 18.96123, 18.58521]},
			"faces": {
				"north": {"uv": [2.6875, 12.375, 2.625, 12.9375], "texture": "#0"},
				"east": {"uv": [0.9375, 8.75, 0, 9.3125], "texture": "#0"},
				"south": {"uv": [2.5625, 12.375, 2.5, 12.9375], "texture": "#0"},
				"west": {"uv": [9.8125, 1, 8.875, 1.5625], "texture": "#0"},
				"up": {"uv": [6.0625, 12.125, 6, 13.0625], "texture": "#0"},
				"down": {"uv": [6.1875, 13.0625, 6.125, 12.125], "texture": "#0"}
			}
		},
		{
			"from": [8, 23.52164, 4.625],
			"to": [8, 30.01039, 11.375],
			"shade": false,
			"rotation": {"angle": 0, "axis": "y", "origin": [8, 26.76601, 8]},
			"faces": {
				"north": {"uv": [0, 0, 0, 0.8125], "texture": "#0"},
				"east": {"uv": [8.3125, 3.5, 7.5, 4.3125], "texture": "#0"},
				"south": {"uv": [0, 0, 0, 0.8125], "texture": "#0"},
				"west": {"uv": [7.5, 3.5, 8.3125, 4.3125], "texture": "#0"},
				"up": {"uv": [0, 0.875, 0, 0], "texture": "#0"},
				"down": {"uv": [0, 0, 0, 0.875], "texture": "#0"}
			}
		},
		{
			"from": [7.95, 13.07209, 11.84776],
			"to": [7.95, 19.57209, 14.84776],
			"shade": false,
			"rotation": {"angle": -22.5, "axis": "y", "origin": [7.95, 16.32209, 13.34776]},
			"faces": {
				"north": {"uv": [0, 0, 0, 0.8125], "texture": "#0"},
				"east": {"uv": [4.125, 10.375, 3.75, 11.1875], "texture": "#0"},
				"south": {"uv": [0, 0, 0, 0.8125], "texture": "#0"},
				"west": {"uv": [3.75, 10.375, 4.125, 11.1875], "texture": "#0"},
				"up": {"uv": [0, 0, 0, 0.375], "rotation": 180, "texture": "#0"},
				"down": {"uv": [0, 0.375, 0, 0], "rotation": 180, "texture": "#0"}
			}
		},
		{
			"from": [8.55, 14.32209, 4.65224],
			"to": [8.55, 20.82209, 7.65224],
			"shade": false,
			"rotation": {"angle": 22.5, "axis": "y", "origin": [8.55, 17.57209, 6.15224]},
			"faces": {
				"north": {"uv": [0, 0, 0, 0.8125], "texture": "#0"},
				"east": {"uv": [3.75, 10.375, 4.125, 11.1875], "texture": "#0"},
				"south": {"uv": [0, 0, 0, 0.8125], "texture": "#0"},
				"west": {"uv": [4.125, 10.375, 3.75, 11.1875], "texture": "#0"},
				"up": {"uv": [0, 0, 0, 0.375], "texture": "#0"},
				"down": {"uv": [0, 0.375, 0, 0], "texture": "#0"}
			}
		},
		{
			"from": [7.45, 12.82209, 1.65224],
			"to": [7.45, 19.32209, 4.65224],
			"shade": false,
			"rotation": {"angle": -22.5, "axis": "y", "origin": [7.45, 16.07209, 3.15224]},
			"faces": {
				"north": {"uv": [0, 0, 0, 0.8125], "texture": "#0"},
				"east": {"uv": [3.75, 10.375, 4.125, 11.1875], "texture": "#0"},
				"south": {"uv": [0, 0, 0, 0.8125], "texture": "#0"},
				"west": {"uv": [4.125, 10.375, 3.75, 11.1875], "texture": "#0"},
				"up": {"uv": [0, 0, 0, 0.375], "texture": "#0"},
				"down": {"uv": [0, 0.375, 0, 0], "texture": "#0"}
			}
		},
		{
			"from": [6.45, 2.32209, 4.65224],
			"to": [9.45, 8.82209, 4.65224],
			"shade": false,
			"rotation": {"angle": -22.5, "axis": "y", "origin": [7.95, 5.57209, 4.65224]},
			"faces": {
				"north": {"uv": [3.75, 10.375, 4.125, 11.1875], "texture": "#0"},
				"east": {"uv": [0, 0, 0, 0.8125], "texture": "#0"},
				"south": {"uv": [4.125, 10.375, 3.75, 11.1875], "texture": "#0"},
				"west": {"uv": [0, 0, 0, 0.8125], "texture": "#0"},
				"up": {"uv": [0, 0, 0, 0.375], "rotation": 270, "texture": "#0"},
				"down": {"uv": [0, 0.375, 0, 0], "rotation": 90, "texture": "#0"}
			}
		},
		{
			"from": [7.95, 3.32209, 9.84776],
			"to": [7.95, 9.82209, 12.84776],
			"shade": false,
			"rotation": {"angle": 22.5, "axis": "y", "origin": [7.95, 6.57209, 11.34776]},
			"faces": {
				"north": {"uv": [0, 0, 0, 0.8125], "texture": "#0"},
				"east": {"uv": [4.125, 10.375, 3.75, 11.1875], "texture": "#0"},
				"south": {"uv": [0, 0, 0, 0.8125], "texture": "#0"},
				"west": {"uv": [3.75, 10.375, 4.125, 11.1875], "texture": "#0"},
				"up": {"uv": [0, 0.375, 0, 0], "texture": "#0"},
				"down": {"uv": [0, 0, 0, 0.375], "texture": "#0"}
			}
		},
		{
			"from": [9.75, 19.48309, 6.11919],
			"to": [10, 20.28309, 6.91919],
			"shade": false,
			"rotation": {"angle": -22.5, "axis": "x", "origin": [9.875, 19.88309, 6.51919]},
			"faces": {
				"north": {"uv": [15.875, 0, 15.8125, 0.1875], "texture": "#0"},
				"east": {"uv": [16, 0, 15.8125, 0.1875], "texture": "#0"},
				"south": {"uv": [16, 0, 15.9375, 0.1875], "texture": "#0"},
				"west": {"uv": [15.8125, 0, 16, 0.1875], "texture": "#0"},
				"up": {"uv": [16, 0.1875, 15.9375, 0], "texture": "#0"},
				"down": {"uv": [15.875, 0, 15.8125, 0.1875], "texture": "#0"}
			}
		},
		{
			"from": [9.75, 19.88309, 7.51919],
			"to": [10, 21.38309, 9.01919],
			"shade": false,
			"rotation": {"angle": 0, "axis": "y", "origin": [9.875, 20.63309, 8.26919]},
			"faces": {
				"north": {"uv": [15.875, 0, 15.8125, 0.1875], "texture": "#0"},
				"east": {"uv": [16, 0, 15.8125, 0.1875], "texture": "#0"},
				"south": {"uv": [16, 0, 15.9375, 0.1875], "texture": "#0"},
				"west": {"uv": [15.8125, 0, 16, 0.1875], "texture": "#0"},
				"up": {"uv": [16, 0.1875, 15.9375, 0], "texture": "#0"},
				"down": {"uv": [15.875, 0, 15.8125, 0.1875], "texture": "#0"}
			}
		},
		{
			"from": [9.25, 20.48309, 12.86919],
			"to": [9.5, 21.28309, 13.66919],
			"shade": false,
			"rotation": {"angle": 45, "axis": "x", "origin": [9.375, 20.88309, 13.26919]},
			"faces": {
				"north": {"uv": [15.875, 0, 15.8125, 0.1875], "texture": "#0"},
				"east": {"uv": [16, 0, 15.8125, 0.1875], "texture": "#0"},
				"south": {"uv": [16, 0, 15.9375, 0.1875], "texture": "#0"},
				"west": {"uv": [15.8125, 0, 16, 0.1875], "texture": "#0"},
				"up": {"uv": [16, 0.1875, 15.9375, 0], "texture": "#0"},
				"down": {"uv": [15.875, 0, 15.8125, 0.1875], "texture": "#0"}
			}
		},
		{
			"from": [9.25, 8.88309, 3.51919],
			"to": [9.5, 10.38309, 5.01919],
			"shade": false,
			"rotation": {"angle": -22.5, "axis": "x", "origin": [9.375, 9.63309, 4.26919]},
			"faces": {
				"north": {"uv": [15.875, 0, 15.8125, 0.1875], "texture": "#0"},
				"east": {"uv": [16, 0, 15.8125, 0.1875], "texture": "#0"},
				"south": {"uv": [16, 0, 15.9375, 0.1875], "texture": "#0"},
				"west": {"uv": [15.8125, 0, 16, 0.1875], "texture": "#0"},
				"up": {"uv": [16, 0.1875, 15.9375, 0], "texture": "#0"},
				"down": {"uv": [15.875, 0, 15.8125, 0.1875], "texture": "#0"}
			}
		},
		{
			"from": [9.75, 8.98309, 6.11919],
			"to": [10, 9.78309, 6.91919],
			"shade": false,
			"rotation": {"angle": 22.5, "axis": "x", "origin": [9.875, 9.38309, 6.51919]},
			"faces": {
				"north": {"uv": [15.875, 0, 15.8125, 0.1875], "texture": "#0"},
				"east": {"uv": [16, 0, 15.8125, 0.1875], "texture": "#0"},
				"south": {"uv": [16, 0, 15.9375, 0.1875], "texture": "#0"},
				"west": {"uv": [15.8125, 0, 16, 0.1875], "texture": "#0"},
				"up": {"uv": [16, 0.1875, 15.9375, 0], "texture": "#0"},
				"down": {"uv": [15.875, 0, 15.8125, 0.1875], "texture": "#0"}
			}
		},
		{
			"from": [9.75, 10.88309, 8.51919],
			"to": [10, 12.38309, 10.01919],
			"shade": false,
			"rotation": {"angle": 22.5, "axis": "x", "origin": [9.875, 11.63309, 9.26919]},
			"faces": {
				"north": {"uv": [15.875, 0, 15.8125, 0.1875], "texture": "#0"},
				"east": {"uv": [16, 0, 15.8125, 0.1875], "texture": "#0"},
				"south": {"uv": [16, 0, 15.9375, 0.1875], "texture": "#0"},
				"west": {"uv": [15.8125, 0, 16, 0.1875], "texture": "#0"},
				"up": {"uv": [16, 0.1875, 15.9375, 0], "texture": "#0"},
				"down": {"uv": [15.875, 0, 15.8125, 0.1875], "texture": "#0"}
			}
		},
		{
			"from": [9.25, 9.73309, 10.86919],
			"to": [9.5, 10.53309, 11.66919],
			"shade": false,
			"rotation": {"angle": -22.5, "axis": "x", "origin": [9.375, 10.13309, 11.26919]},
			"faces": {
				"north": {"uv": [15.875, 0, 15.8125, 0.1875], "texture": "#0"},
				"east": {"uv": [16, 0, 15.8125, 0.1875], "texture": "#0"},
				"south": {"uv": [16, 0, 15.9375, 0.1875], "texture": "#0"},
				"west": {"uv": [15.8125, 0, 16, 0.1875], "texture": "#0"},
				"up": {"uv": [16, 0.1875, 15.9375, 0], "texture": "#0"},
				"down": {"uv": [15.875, 0, 15.8125, 0.1875], "texture": "#0"}
			}
		},
		{
			"from": [9.25, 10.23309, 11.86919],
			"to": [9.5, 11.03309, 12.66919],
			"shade": false,
			"rotation": {"angle": 0, "axis": "y", "origin": [9.375, 10.63309, 12.26919]},
			"faces": {
				"north": {"uv": [15.875, 0, 15.8125, 0.1875], "texture": "#0"},
				"east": {"uv": [16, 0, 15.8125, 0.1875], "texture": "#0"},
				"south": {"uv": [16, 0, 15.9375, 0.1875], "texture": "#0"},
				"west": {"uv": [15.8125, 0, 16, 0.1875], "texture": "#0"},
				"up": {"uv": [16, 0.1875, 15.9375, 0], "texture": "#0"},
				"down": {"uv": [15.875, 0, 15.8125, 0.1875], "texture": "#0"}
			}
		},
		{
			"from": [6.5, 8.88309, 3.51919],
			"to": [6.75, 10.38309, 5.01919],
			"shade": false,
			"rotation": {"angle": -22.5, "axis": "x", "origin": [6.625, 9.63309, 4.26919]},
			"faces": {
				"north": {"uv": [15.8125, 0, 15.875, 0.1875], "texture": "#0"},
				"east": {"uv": [16, 0, 15.8125, 0.1875], "texture": "#0"},
				"south": {"uv": [15.9375, 0, 16, 0.1875], "texture": "#0"},
				"west": {"uv": [15.8125, 0, 16, 0.1875], "texture": "#0"},
				"up": {"uv": [15.9375, 0.1875, 16, 0], "texture": "#0"},
				"down": {"uv": [15.8125, 0, 15.875, 0.1875], "texture": "#0"}
			}
		},
		{
			"from": [6, 19.88309, 7.51919],
			"to": [6.25, 21.38309, 9.01919],
			"shade": false,
			"rotation": {"angle": 0, "axis": "y", "origin": [6.125, 20.63309, 8.26919]},
			"faces": {
				"north": {"uv": [15.8125, 0, 15.875, 0.1875], "texture": "#0"},
				"east": {"uv": [16, 0, 15.8125, 0.1875], "texture": "#0"},
				"south": {"uv": [15.9375, 0, 16, 0.1875], "texture": "#0"},
				"west": {"uv": [15.8125, 0, 16, 0.1875], "texture": "#0"},
				"up": {"uv": [15.9375, 0.1875, 16, 0], "texture": "#0"},
				"down": {"uv": [15.8125, 0, 15.875, 0.1875], "texture": "#0"}
			}
		},
		{
			"from": [6.5, 20.48309, 12.86919],
			"to": [6.75, 21.28309, 13.66919],
			"shade": false,
			"rotation": {"angle": 45, "axis": "x", "origin": [6.625, 20.88309, 13.26919]},
			"faces": {
				"north": {"uv": [15.8125, 0, 15.875, 0.1875], "texture": "#0"},
				"east": {"uv": [16, 0, 15.8125, 0.1875], "texture": "#0"},
				"south": {"uv": [15.9375, 0, 16, 0.1875], "texture": "#0"},
				"west": {"uv": [15.8125, 0, 16, 0.1875], "texture": "#0"},
				"up": {"uv": [15.9375, 0.1875, 16, 0], "texture": "#0"},
				"down": {"uv": [15.8125, 0, 15.875, 0.1875], "texture": "#0"}
			}
		},
		{
			"from": [6, 19.48309, 6.11919],
			"to": [6.25, 20.28309, 6.91919],
			"shade": false,
			"rotation": {"angle": -22.5, "axis": "x", "origin": [6.125, 19.88309, 6.51919]},
			"faces": {
				"north": {"uv": [15.8125, 0, 15.875, 0.1875], "texture": "#0"},
				"east": {"uv": [16, 0, 15.8125, 0.1875], "texture": "#0"},
				"south": {"uv": [15.9375, 0, 16, 0.1875], "texture": "#0"},
				"west": {"uv": [15.8125, 0, 16, 0.1875], "texture": "#0"},
				"up": {"uv": [15.9375, 0.1875, 16, 0], "texture": "#0"},
				"down": {"uv": [15.8125, 0, 15.875, 0.1875], "texture": "#0"}
			}
		},
		{
			"from": [6, 8.98309, 6.11919],
			"to": [6.25, 9.78309, 6.91919],
			"shade": false,
			"rotation": {"angle": 22.5, "axis": "x", "origin": [6.125, 9.38309, 6.51919]},
			"faces": {
				"north": {"uv": [15.8125, 0, 15.875, 0.1875], "texture": "#0"},
				"east": {"uv": [16, 0, 15.8125, 0.1875], "texture": "#0"},
				"south": {"uv": [15.9375, 0, 16, 0.1875], "texture": "#0"},
				"west": {"uv": [15.8125, 0, 16, 0.1875], "texture": "#0"},
				"up": {"uv": [15.9375, 0.1875, 16, 0], "texture": "#0"},
				"down": {"uv": [15.8125, 0, 15.875, 0.1875], "texture": "#0"}
			}
		},
		{
			"from": [6.5, 9.73309, 10.86919],
			"to": [6.75, 10.53309, 11.66919],
			"shade": false,
			"rotation": {"angle": -22.5, "axis": "x", "origin": [6.625, 10.13309, 11.26919]},
			"faces": {
				"north": {"uv": [15.8125, 0, 15.875, 0.1875], "texture": "#0"},
				"east": {"uv": [16, 0, 15.8125, 0.1875], "texture": "#0"},
				"south": {"uv": [15.9375, 0, 16, 0.1875], "texture": "#0"},
				"west": {"uv": [15.8125, 0, 16, 0.1875], "texture": "#0"},
				"up": {"uv": [15.9375, 0.1875, 16, 0], "texture": "#0"},
				"down": {"uv": [15.8125, 0, 15.875, 0.1875], "texture": "#0"}
			}
		},
		{
			"from": [6.5, 10.23309, 11.86919],
			"to": [6.75, 11.03309, 12.66919],
			"shade": false,
			"rotation": {"angle": 0, "axis": "y", "origin": [6.625, 10.63309, 12.26919]},
			"faces": {
				"north": {"uv": [15.8125, 0, 15.875, 0.1875], "texture": "#0"},
				"east": {"uv": [16, 0, 15.8125, 0.1875], "texture": "#0"},
				"south": {"uv": [15.9375, 0, 16, 0.1875], "texture": "#0"},
				"west": {"uv": [15.8125, 0, 16, 0.1875], "texture": "#0"},
				"up": {"uv": [15.9375, 0.1875, 16, 0], "texture": "#0"},
				"down": {"uv": [15.8125, 0, 15.875, 0.1875], "texture": "#0"}
			}
		},
		{
			"from": [6, 10.88309, 8.51919],
			"to": [6.25, 12.38309, 10.01919],
			"shade": false,
			"rotation": {"angle": 22.5, "axis": "x", "origin": [6.125, 11.63309, 9.26919]},
			"faces": {
				"north": {"uv": [15.8125, 0, 15.875, 0.1875], "texture": "#0"},
				"east": {"uv": [16, 0, 15.8125, 0.1875], "texture": "#0"},
				"south": {"uv": [15.9375, 0, 16, 0.1875], "texture": "#0"},
				"west": {"uv": [15.8125, 0, 16, 0.1875], "texture": "#0"},
				"up": {"uv": [15.9375, 0.1875, 16, 0], "texture": "#0"},
				"down": {"uv": [15.8125, 0, 15.875, 0.1875], "texture": "#0"}
			}
		},
		{
			"from": [6.742, 5.43753, 6.45447],
			"to": [9.258, 8.45353, 8.97047],
			"shade": false,
			"rotation": {"angle": 0, "axis": "y", "origin": [8, 6.94553, 7.71247]},
			"faces": {
				"north": {"uv": [11.8125, 11.625, 11.5, 12], "texture": "#0"},
				"east": {"uv": [11.4375, 11.625, 11.125, 12], "texture": "#0"},
				"south": {"uv": [11.9375, 10.875, 11.625, 11.25], "texture": "#0"},
				"west": {"uv": [0.3125, 11.75, 0, 12.125], "texture": "#0"},
				"up": {"uv": [6.9375, 11.875, 6.625, 12.1875], "texture": "#0"},
				"down": {"uv": [9.3125, 12.1875, 9, 11.875], "texture": "#0"}
			}
		},
		{
			"from": [6.75, 3.03806, 6.94134],
			"to": [9.25, 6.03806, 9.44134],
			"shade": false,
			"rotation": {"angle": -22.5, "axis": "x", "origin": [8, 4.53806, 8.19134]},
			"faces": {
				"north": {"uv": [11.9375, 8.25, 11.625, 8.625], "texture": "#0"},
				"east": {"uv": [11.9375, 7.875, 11.625, 8.25], "texture": "#0"},
				"south": {"uv": [10.0625, 10.5, 9.75, 10.875], "texture": "#0"},
				"west": {"uv": [11.0625, 11.625, 10.75, 12], "texture": "#0"},
				"up": {"uv": [12.1875, 0.5, 11.875, 0.8125], "texture": "#0"},
				"down": {"uv": [12.1875, 2.3125, 11.875, 2], "texture": "#0"}
			}
		},
		{
			"from": [6.25, 1.03806, 6.44134],
			"to": [9.75, 3.03806, 9.94134],
			"shade": false,
			"rotation": {"angle": -22.5, "axis": "x", "origin": [8, 4.53806, 8.19134]},
			"faces": {
				"north": {"uv": [7.6875, 11.75, 7.25, 12], "texture": "#0"},
				"east": {"uv": [12.1875, 7, 11.75, 7.25], "texture": "#0"},
				"south": {"uv": [12.1875, 6.75, 11.75, 7], "texture": "#0"},
				"west": {"uv": [8.1875, 11.75, 7.75, 12], "texture": "#0"},
				"up": {"uv": [11.6875, 8.625, 11.25, 9.0625], "texture": "#0"},
				"down": {"uv": [11.6875, 9.5625, 11.25, 9.125], "texture": "#0"}
			}
		},
		{
			"from": [7.25, 0.60675, 9.31402],
			"to": [8.75, 2.10675, 12.81402],
			"shade": false,
			"rotation": {"angle": 0, "axis": "y", "origin": [8, -0.92884, 10.5714]},
			"faces": {
				"north": {"uv": [12.4375, 7, 12.25, 7.1875], "texture": "#0"},
				"east": {"uv": [12.4375, 8.375, 12, 8.5625], "texture": "#0"},
				"south": {"uv": [12.4375, 6.75, 12.25, 6.9375], "texture": "#0"},
				"west": {"uv": [10.5625, 12, 10.125, 12.1875], "texture": "#0"},
				"up": {"uv": [10.0625, 1, 9.875, 1.4375], "texture": "#0"},
				"down": {"uv": [3.6875, 10.9375, 3.5, 10.5], "texture": "#0"}
			}
		},
		{
			"from": [7.25, -2.89325, 11.31402],
			"to": [8.75, 0.60675, 12.81402],
			"shade": false,
			"rotation": {"angle": 0, "axis": "y", "origin": [8, -0.92884, 10.5714]},
			"faces": {
				"north": {"uv": [11.1875, 12, 11, 12.4375], "texture": "#0"},
				"east": {"uv": [10.9375, 12, 10.75, 12.4375], "texture": "#0"},
				"south": {"uv": [8.5625, 12, 8.375, 12.4375], "texture": "#0"},
				"west": {"uv": [11.4375, 12, 11.25, 12.4375], "texture": "#0"},
				"up": {"uv": [10.0625, 12.25, 9.875, 12.4375], "texture": "#0"},
				"down": {"uv": [10.3125, 12.4375, 10.125, 12.25], "texture": "#0"}
			}
		},
		{
			"from": [7.242, 0.59875, 8.32078],
			"to": [8.758, 2.11475, 11.83678],
			"shade": false,
			"rotation": {"angle": -45, "axis": "x", "origin": [8, -0.92884, 10.5714]},
			"faces": {
				"north": {"uv": [12.4375, 2, 12.25, 2.1875], "texture": "#0"},
				"east": {"uv": [12.4375, 5.375, 12, 5.5625], "texture": "#0"},
				"south": {"uv": [12.4375, 0.5, 12.25, 0.6875], "texture": "#0"},
				"west": {"uv": [12.4375, 8.125, 12, 8.3125], "texture": "#0"},
				"up": {"uv": [7.6875, 9, 7.5, 9.4375], "texture": "#0"},
				"down": {"uv": [3.9375, 10.1875, 3.75, 9.75], "texture": "#0"}
			}
		},
		{
			"from": [7.25, -2.89325, 8.32878],
			"to": [8.75, 0.60675, 9.82878],
			"shade": false,
			"rotation": {"angle": -45, "axis": "x", "origin": [8, -0.92884, 10.5714]},
			"faces": {
				"north": {"uv": [12.1875, 12, 12, 12.4375], "texture": "#0"},
				"east": {"uv": [11.9375, 12, 11.75, 12.4375], "texture": "#0"},
				"south": {"uv": [11.6875, 12, 11.5, 12.4375], "texture": "#0"},
				"west": {"uv": [0.1875, 12.125, 0, 12.5625], "texture": "#0"},
				"up": {"uv": [12.4375, 10.125, 12.25, 10.3125], "texture": "#0"},
				"down": {"uv": [10.5625, 12.4375, 10.375, 12.25], "texture": "#0"}
			}
		},
		{
			"from": [7.242, -3.60993, 9.25856],
			"to": [8.758, -2.09393, 11.89956],
			"shade": false,
			"rotation": {"angle": -22.5, "axis": "x", "origin": [8, -0.92884, 10.5714]},
			"faces": {
				"north": {"uv": [12.4375, 10.625, 12.25, 10.8125], "texture": "#0"},
				"east": {"uv": [12.4375, 4.5, 12.125, 4.6875], "texture": "#0"},
				"south": {"uv": [12.4375, 10.375, 12.25, 10.5625], "texture": "#0"},
				"west": {"uv": [12.4375, 4.75, 12.125, 4.9375], "texture": "#0"},
				"up": {"uv": [4.8125, 12.125, 4.625, 12.4375], "texture": "#0"},
				"down": {"uv": [5.9375, 12.4375, 5.75, 12.125], "texture": "#0"}
			}
		},
		{
			"from": [7.85, 2.14731, -0.97096],
			"to": [7.85, 10.89731, 5.02904],
			"shade": false,
			"rotation": {"angle": -22.5, "axis": "x", "origin": [7.85, 7.78114, 3.55614]},
			"faces": {
				"north": {"uv": [0, 0.6875, 0, 0], "texture": "#0"},
				"east": {"uv": [4, 10.3125, 4.625, 9.625], "texture": "#0"},
				"south": {"uv": [0, 0.6875, 0, 0], "texture": "#0"},
				"west": {"uv": [4.625, 10.3125, 4, 9.625], "texture": "#0"},
				"up": {"uv": [0, 0, 0, 0.625], "texture": "#0"},
				"down": {"uv": [0, 0.625, 0, 0], "texture": "#0"}
			}
		},
		{
			"from": [6.75, 7.91498, 3.20824],
			"to": [9.25, 11.16498, 6.95824],
			"shade": false,
			"rotation": {"angle": -22.5, "axis": "x", "origin": [8, 8.28114, 3.55614]},
			"faces": {
				"north": {"uv": [11.8125, 0, 11.375, 0.4375], "texture": "#0"},
				"east": {"uv": [11.625, 4.125, 11.125, 4.5625], "texture": "#0"},
				"south": {"uv": [11.6875, 9.625, 11.25, 10.0625], "texture": "#0"},
				"west": {"uv": [5, 11.125, 4.5, 11.5625], "texture": "#0"},
				"up": {"uv": [11.5625, 4.625, 11.125, 5.125], "texture": "#0"},
				"down": {"uv": [5.4375, 11.625, 5, 11.125], "texture": "#0"}
			}
		},
		{
			"from": [8.15, 2.14731, 10.97096],
			"to": [8.15, 10.89731, 16.97096],
			"shade": false,
			"rotation": {"angle": 22.5, "axis": "x", "origin": [8.15, 7.78114, 12.44386]},
			"faces": {
				"north": {"uv": [0, 0.6875, 0, 0], "texture": "#0"},
				"east": {"uv": [4.625, 10.3125, 4, 9.625], "texture": "#0"},
				"south": {"uv": [0, 0.6875, 0, 0], "texture": "#0"},
				"west": {"uv": [4, 10.3125, 4.625, 9.625], "texture": "#0"},
				"up": {"uv": [0, 0.625, 0, 0], "texture": "#0"},
				"down": {"uv": [0, 0, 0, 0.625], "texture": "#0"}
			}
		},
		{
			"from": [7.85, 2.14731, 10.97096],
			"to": [7.85, 10.89731, 16.97096],
			"shade": false,
			"rotation": {"angle": 22.5, "axis": "x", "origin": [7.85, 7.78114, 12.44386]},
			"faces": {
				"north": {"uv": [0, 0.6875, 0, 0], "texture": "#0"},
				"east": {"uv": [4.625, 10.3125, 4, 9.625], "texture": "#0"},
				"south": {"uv": [0, 0.6875, 0, 0], "texture": "#0"},
				"west": {"uv": [4, 10.3125, 4.625, 9.625], "texture": "#0"},
				"up": {"uv": [0, 0.625, 0, 0], "texture": "#0"},
				"down": {"uv": [0, 0, 0, 0.625], "texture": "#0"}
			}
		},
		{
			"from": [6.75, 7.91498, 9.04176],
			"to": [9.25, 11.16498, 12.79176],
			"shade": false,
			"rotation": {"angle": 22.5, "axis": "x", "origin": [8, 8.28114, 12.44386]},
			"faces": {
				"north": {"uv": [11.25, 9.625, 11.6875, 10.0625], "texture": "#0"},
				"east": {"uv": [11.125, 4.125, 11.625, 4.5625], "texture": "#0"},
				"south": {"uv": [11.375, 0, 11.8125, 0.4375], "texture": "#0"},
				"west": {"uv": [4.5, 11.125, 5, 11.5625], "texture": "#0"},
				"up": {"uv": [11.5625, 5.125, 11.125, 4.625], "texture": "#0"},
				"down": {"uv": [5.4375, 11.125, 5, 11.625], "texture": "#0"}
			}
		},
		{
			"from": [6.25, 18.77164, 4.5],
			"to": [9.75, 23.52164, 11.5],
			"shade": false,
			"rotation": {"angle": 0, "axis": "y", "origin": [8, 20.52164, 8]},
			"faces": {
				"north": {"uv": [10.25, 10.875, 10.6875, 11.4375], "texture": "#0"},
				"east": {"uv": [9.125, 8.375, 10, 8.9375], "texture": "#0"},
				"south": {"uv": [10.875, 10.25, 11.3125, 10.8125], "texture": "#0"},
				"west": {"uv": [9.125, 9, 10, 9.5625], "texture": "#0"},
				"up": {"uv": [9.5625, 10.5, 9.125, 9.625], "texture": "#0"},
				"down": {"uv": [10.0625, 9.625, 9.625, 10.5], "texture": "#0"}
			}
		},
		{
			"from": [6.742, 17.81749, 9.80144],
			"to": [9.258, 21.58349, 13.81744],
			"shade": false,
			"rotation": {"angle": 22.5, "axis": "x", "origin": [7.925, 19.31403, 14.27562]},
			"faces": {
				"north": {"uv": [3.375, 12.125, 3.6875, 11.625], "texture": "#0"},
				"east": {"uv": [2.125, 11.25, 2.625, 10.75], "texture": "#0"},
				"south": {"uv": [4.125, 12.125, 4.4375, 11.625], "texture": "#0"},
				"west": {"uv": [10.75, 4.125, 11.25, 3.625], "texture": "#0"},
				"up": {"uv": [4.8125, 12.125, 4.5, 11.625], "texture": "#0"},
				"down": {"uv": [11.9375, 4.125, 11.625, 4.625], "texture": "#0"}
			}
		},
		{
			"from": [6.742, 17.81749, 2.18256],
			"to": [9.258, 21.58349, 6.19856],
			"shade": false,
			"rotation": {"angle": -22.5, "axis": "x", "origin": [7.925, 19.31403, 1.72438]},
			"faces": {
				"north": {"uv": [4.4375, 12.125, 4.125, 11.625], "texture": "#0"},
				"east": {"uv": [2.625, 11.25, 2.125, 10.75], "texture": "#0"},
				"south": {"uv": [3.6875, 12.125, 3.375, 11.625], "texture": "#0"},
				"west": {"uv": [11.25, 4.125, 10.75, 3.625], "texture": "#0"},
				"up": {"uv": [4.8125, 11.625, 4.5, 12.125], "texture": "#0"},
				"down": {"uv": [11.9375, 4.625, 11.625, 4.125], "texture": "#0"}
			}
		},
		{
			"from": [8.15, 2.14731, -0.97096],
			"to": [8.15, 10.89731, 5.02904],
			"shade": false,
			"rotation": {"angle": -22.5, "axis": "x", "origin": [8.15, 7.78114, 3.55614]},
			"faces": {
				"north": {"uv": [0, 0.6875, 0, 0], "texture": "#0"},
				"east": {"uv": [4, 10.3125, 4.625, 9.625], "texture": "#0"},
				"south": {"uv": [0, 0.6875, 0, 0], "texture": "#0"},
				"west": {"uv": [4.625, 10.3125, 4, 9.625], "texture": "#0"},
				"up": {"uv": [0, 0, 0, 0.625], "texture": "#0"},
				"down": {"uv": [0, 0.625, 0, 0], "texture": "#0"}
			}
		},
		{
			"from": [6.25, 8.47836, 5.5],
			"to": [9.75, 12.72836, 10.5],
			"shade": false,
			"rotation": {"angle": 0, "axis": "y", "origin": [8, 10.97836, 8]},
			"faces": {
				"north": {"uv": [5.75, 10.875, 6.1875, 11.4375], "texture": "#0"},
				"east": {"uv": [4, 9, 4.875, 9.5625], "texture": "#0"},
				"south": {"uv": [9.75, 10.875, 10.1875, 11.4375], "texture": "#0"},
				"west": {"uv": [6.625, 9, 7.5, 9.5625], "texture": "#0"},
				"up": {"uv": [7.1875, 10.5, 6.75, 9.625], "texture": "#0"},
				"down": {"uv": [7.6875, 9.625, 7.25, 10.5], "texture": "#0"}
			}
		},
		{
			"from": [6.75, 11.73806, 7.05866],
			"to": [9.25, 14.73806, 9.55866],
			"shade": false,
			"rotation": {"angle": 22.5, "axis": "x", "origin": [8, 13.23806, 8.30866]},
			"faces": {
				"north": {"uv": [9.75, 10.5, 10.0625, 10.875], "texture": "#0"},
				"east": {"uv": [11.625, 7.875, 11.9375, 8.25], "texture": "#0"},
				"south": {"uv": [11.625, 8.25, 11.9375, 8.625], "texture": "#0"},
				"west": {"uv": [10.75, 11.625, 11.0625, 12], "texture": "#0"},
				"up": {"uv": [12.1875, 0.8125, 11.875, 0.5], "texture": "#0"},
				"down": {"uv": [12.1875, 2, 11.875, 2.3125], "texture": "#0"}
			}
		},
		{
			"from": [6.742, 14.13753, 7.52953],
			"to": [9.258, 17.15353, 10.04553],
			"shade": false,
			"rotation": {"angle": 0, "axis": "y", "origin": [8, 15.64553, 8.78753]},
			"faces": {
				"north": {"uv": [11.625, 10.875, 11.9375, 11.25], "texture": "#0"},
				"east": {"uv": [11.125, 11.625, 11.4375, 12], "texture": "#0"},
				"south": {"uv": [11.5, 11.625, 11.8125, 12], "texture": "#0"},
				"west": {"uv": [0, 11.75, 0.3125, 12.125], "texture": "#0"},
				"up": {"uv": [6.9375, 12.1875, 6.625, 11.875], "texture": "#0"},
				"down": {"uv": [9.3125, 11.875, 9, 12.1875], "texture": "#0"}
			}
		},
		{
			"from": [6.75, 16.55299, 7.05866],
			"to": [9.25, 19.55299, 9.55866],
			"shade": false,
			"rotation": {"angle": -22.5, "axis": "x", "origin": [8, 18.05299, 8.30866]},
			"faces": {
				"north": {"uv": [0.375, 11.75, 0.6875, 12.125], "texture": "#0"},
				"east": {"uv": [11.75, 1, 12.0625, 1.375], "texture": "#0"},
				"south": {"uv": [1.25, 11.75, 1.5625, 12.125], "texture": "#0"},
				"west": {"uv": [11.75, 1.375, 12.0625, 1.75], "texture": "#0"},
				"up": {"uv": [10.0625, 12.1875, 9.75, 11.875], "texture": "#0"},
				"down": {"uv": [12.1875, 11.25, 11.875, 11.5625], "texture": "#0"}
			}
		},
		{
			"name": "ef",
			"from": [5.75, 2, 2],
			"to": [5.75, 10, 7],
			"rotation": {"angle": -22.5, "axis": "y", "origin": [5.75, 6, 4.5]},
			"faces": {
				"north": {"uv": [0, 0, 0, 11], "texture": "#1"},
				"east": {"uv": [6, 6.5, 0, 16], "texture": "#1"},
				"south": {"uv": [0, 0, 0, 11], "texture": "#1"},
				"west": {"uv": [0, 6.5, 6, 16], "texture": "#1"},
				"up": {"uv": [0, 0, 0, 9], "texture": "#1"},
				"down": {"uv": [0, 0, 0, 9], "texture": "#1"}
			}
		},
		{
			"name": "ef",
			"from": [10.25, 18, 2],
			"to": [10.25, 26, 7],
			"rotation": {"angle": 22.5, "axis": "y", "origin": [10.25, 22, 4.5]},
			"faces": {
				"north": {"uv": [0, 0, 0, 11], "texture": "#1"},
				"east": {"uv": [6, 6.5, 0, 16], "texture": "#1"},
				"south": {"uv": [0, 0, 0, 11], "texture": "#1"},
				"west": {"uv": [0, 6.5, 6, 16], "texture": "#1"},
				"up": {"uv": [0, 0, 0, 9], "texture": "#1"},
				"down": {"uv": [0, 0, 0, 9], "texture": "#1"}
			}
		},
		{
			"name": "ef",
			"from": [10, 10, 12],
			"to": [10, 18, 17],
			"rotation": {"angle": -45, "axis": "y", "origin": [10, 14, 14.5]},
			"faces": {
				"north": {"uv": [0, 0, 0, 11], "texture": "#1"},
				"east": {"uv": [10, 6.5, 16, 16], "texture": "#1"},
				"south": {"uv": [0, 0, 0, 11], "texture": "#1"},
				"west": {"uv": [16, 6.5, 10, 16], "texture": "#1"},
				"up": {"uv": [0, 9, 0, 0], "texture": "#1"},
				"down": {"uv": [0, 9, 0, 0], "texture": "#1"}
			}
		}
	],
	"gui_light": "front",
	"display": {
		"thirdperson_righthand": {
			"translation": [0, 0, 2.5],
			"scale": [0.7, 0.7, 0.7]
		},
		"thirdperson_lefthand": {
			"translation": [0, 0, 2.5],
			"scale": [0.7, 0.7, 0.7]
		},
		"firstperson_righthand": {
			"rotation": [6.86, 5.55, 0.1],
			"translation": [14.75, -0.75, -17],
			"scale": [1.34, 1.34, 1.34]
		},
		"firstperson_lefthand": {
			"rotation": [6.86, 5.55, 0.1],
			"translation": [14.75, -0.75, -17],
			"scale": [1.34, 1.34, 1.34]
		},
		"ground": {
			"rotation": [45, 0, 0],
			"translation": [0, 2.25, 0],
			"scale": [0.39, 0.39, 0.39]
		},
		"gui": {
			"rotation": [90, 33, -90],
			"translation": [-2.75, -2.5, 0],
			"scale": [0.55, 0.55, 0.55]
		},
		"head": {
			"scale": [0, 0, 0]
		},
		"fixed": {
			"rotation": [0, -90, 0],
			"translation": [-0.25, -5.5, -1.75]
		}
	},
	"groups": [
		{
			"name": "swashbuckler_pickaxe",
			"origin": [8.25, 27.38266, 16.93582],
			"color": 0,
			"nbt": "{}",
			"shade": false,
			"children": [
				0,
				1,
				2,
				3,
				4,
				5,
				6,
				7,
				8,
				9,
				10,
				11,
				12,
				13,
				14,
				15,
				16,
				17,
				18,
				19,
				20,
				21,
				22,
				23,
				24,
				25,
				26,
				27,
				28,
				29,
				30,
				31,
				32,
				33,
				34,
				35,
				36,
				37,
				38,
				39,
				40,
				41,
				42,
				43,
				44,
				45,
				46,
				47,
				48,
				49,
				50
			]
		},
		51,
		52,
		53
	]
}