{"textures":{"0":"item/meg/frog_permafrost"},"elements":[{"from":[4.8625,-0.14787006,7.554079],"to":[11.8625,8.85213,14.554079],"faces":{"east":{"uv":[11.125,1.0,12.0,2.125],"tintindex":0,"rotation":0,"texture":"#0"},"south":{"uv":[3.125,11.25,4.0,12.375],"tintindex":0,"rotation":0,"texture":"#0"},"north":{"uv":[10.875,6.5,11.75,7.625],"tintindex":0,"rotation":0,"texture":"#0"},"west":{"uv":[4.125,11.25,5.0,12.375],"tintindex":0,"rotation":0,"texture":"#0"},"up":{"uv":[12.75,7.375,11.875,6.5],"tintindex":0,"rotation":0,"texture":"#0"},"down":{"uv":[13.125,9.625,12.25,10.5],"tintindex":0,"rotation":0,"texture":"#0"}},"rotation":{"origin":[8.8625,-0.64787006,10.054079],"angle":-22.5,"axis":"x"}}]}