{
	"credit": "Made with Blockbench",
	"textures": {
		"0": "item/easter/easter_16_set",
		"1": "item/easter/ef_easter16_long",
		"particle": "item/easter/easter_16_set"
	},
	"elements": [
		{
			"from": [5.592, 10.812, 3.012],
			"to": [10.408, 12.748, 12.988],
			"rotation": {"angle": 0, "axis": "y", "origin": [8, 8, 8]},
			"faces": {
				"north": {"uv": [8.25, 6, 8.875, 6.25], "texture": "#0"},
				"east": {"uv": [7, 2.625, 8.25, 2.875], "texture": "#0"},
				"south": {"uv": [8.25, 6.25, 8.875, 6.5], "texture": "#0"},
				"west": {"uv": [7, 6, 8.25, 6.25], "texture": "#0"},
				"up": {"uv": [2.375, 6.25, 1.75, 5], "texture": "#0"},
				"down": {"uv": [6.25, 0, 5.625, 1.25], "texture": "#0"}
			}
		},
		{
			"from": [5.594, 10.24936, -1.02791],
			"to": [10.406, 11.58136, 3.54409],
			"rotation": {"angle": -22.5, "axis": "x", "origin": [8, 11.09536, 1.55809]},
			"faces": {
				"north": {"uv": [6.25, 1.125, 6.875, 1.25], "texture": "#0"},
				"east": {"uv": [7, 6.5, 7.625, 6.625], "texture": "#0"},
				"south": {"uv": [7.75, 0.375, 8.375, 0.5], "texture": "#0"},
				"west": {"uv": [9.125, 2.5, 9.75, 2.625], "texture": "#0"},
				"up": {"uv": [6.875, 1.125, 6.25, 0.5], "texture": "#0"},
				"down": {"uv": [1.875, 6.25, 1.25, 6.875], "texture": "#0"}
			}
		},
		{
			"from": [5.6, 7.81261, -4.43472],
			"to": [10.4, 8.77261, 0.12528],
			"rotation": {"angle": -45, "axis": "x", "origin": [8, 8.47261, -2.15472]},
			"faces": {
				"north": {"uv": [9.125, 4.875, 9.75, 5], "texture": "#0"},
				"east": {"uv": [9.125, 6.875, 9.75, 7], "texture": "#0"},
				"south": {"uv": [9.125, 7.5, 9.75, 7.625], "texture": "#0"},
				"west": {"uv": [9.25, 1.5, 9.875, 1.625], "texture": "#0"},
				"up": {"uv": [6.125, 7.125, 5.5, 6.5], "texture": "#0"},
				"down": {"uv": [0.625, 6.625, 0, 7.25], "texture": "#0"}
			}
		},
		{
			"from": [5.6, 7.81261, 15.87472],
			"to": [10.4, 8.77261, 20.43472],
			"rotation": {"angle": 45, "axis": "x", "origin": [8, 8.47261, 18.15472]},
			"faces": {
				"north": {"uv": [9.75, 7.5, 9.125, 7.625], "texture": "#0"},
				"east": {"uv": [9.75, 6.875, 9.125, 7], "texture": "#0"},
				"south": {"uv": [9.75, 4.875, 9.125, 5], "texture": "#0"},
				"west": {"uv": [9.875, 1.5, 9.25, 1.625], "texture": "#0"},
				"up": {"uv": [6.125, 6.5, 5.5, 7.125], "texture": "#0"},
				"down": {"uv": [0.625, 7.25, 0, 6.625], "texture": "#0"}
			}
		},
		{
			"from": [5.594, 10.24936, 12.45591],
			"to": [10.406, 11.58136, 17.02791],
			"rotation": {"angle": 22.5, "axis": "x", "origin": [8, 11.09536, 14.44191]},
			"faces": {
				"north": {"uv": [8.375, 0.375, 7.75, 0.5], "texture": "#0"},
				"east": {"uv": [7.625, 6.5, 7, 6.625], "texture": "#0"},
				"south": {"uv": [6.875, 1.125, 6.25, 1.25], "texture": "#0"},
				"west": {"uv": [9.75, 2.5, 9.125, 2.625], "texture": "#0"},
				"up": {"uv": [6.875, 0.5, 6.25, 1.125], "texture": "#0"},
				"down": {"uv": [1.875, 6.875, 1.25, 6.25], "texture": "#0"}
			}
		},
		{
			"from": [6.61298, -6.68241, 20.98124],
			"to": [9.37298, -3.92241, 23.74124],
			"rotation": {"angle": 45, "axis": "x", "origin": [8, 9.39435, 8.81]},
			"faces": {
				"north": {"uv": [1.625, 8.5, 2, 8.875], "texture": "#0"},
				"east": {"uv": [2, 8.5, 2.375, 8.875], "texture": "#0"},
				"south": {"uv": [2.625, 8.5, 3, 8.875], "texture": "#0"},
				"west": {"uv": [3, 8.5, 3.375, 8.875], "texture": "#0"},
				"up": {"uv": [6.25, 8.875, 5.875, 8.5], "texture": "#0"},
				"down": {"uv": [6.625, 8.5, 6.25, 8.875], "texture": "#0"}
			}
		},
		{
			"from": [6.61098, -10.582, 6.04639],
			"to": [9.37498, -8.358, 9.95039],
			"rotation": {"angle": 0, "axis": "y", "origin": [8, 9.39435, 8.81]},
			"faces": {
				"north": {"uv": [9, 1.75, 9.375, 2], "texture": "#0"},
				"east": {"uv": [1.25, 6, 1.75, 6.25], "texture": "#0"},
				"south": {"uv": [9, 2, 9.375, 2.25], "texture": "#0"},
				"west": {"uv": [8.625, 0.625, 9.125, 0.875], "texture": "#0"},
				"up": {"uv": [0.5, 8.25, 0.125, 7.75], "texture": "#0"},
				"down": {"uv": [2.25, 7.75, 1.875, 8.25], "texture": "#0"}
			}
		},
		{
			"from": [7.18779, -7.96, 6.85228],
			"to": [9.94779, -6.76, 9.61228],
			"rotation": {"angle": 45, "axis": "y", "origin": [8, 9.39435, 8.81]},
			"faces": {
				"north": {"uv": [9.375, 6.75, 9.75, 6.875], "texture": "#0"},
				"east": {"uv": [9.375, 7.375, 9.75, 7.5], "texture": "#0"},
				"south": {"uv": [9.5, 1, 9.875, 1.125], "texture": "#0"},
				"west": {"uv": [9.5, 4.125, 9.875, 4.25], "texture": "#0"},
				"up": {"uv": [9, 4.25, 8.625, 3.875], "texture": "#0"},
				"down": {"uv": [4.625, 8.625, 4.25, 9], "texture": "#0"}
			}
		},
		{
			"from": [7.21065, -7.15, 7.19],
			"to": [8.77065, 10.85, 8.75],
			"rotation": {"angle": 0, "axis": "y", "origin": [6.79065, -3.55, 6.77]},
			"faces": {
				"north": {"uv": [5, 5.625, 4.75, 7.875], "texture": "#0"},
				"east": {"uv": [5.25, 5.625, 5, 7.875], "texture": "#0"},
				"south": {"uv": [5.25, 5.625, 5.5, 7.875], "texture": "#0"},
				"west": {"uv": [1, 6, 1.25, 8.25], "texture": "#0"},
				"up": {"uv": [9.75, 3.875, 9.5, 3.625], "texture": "#0"},
				"down": {"uv": [9.75, 3.875, 9.5, 4.125], "texture": "#0"}
			}
		},
		{
			"from": [6.61065, 3.55, 6.59],
			"to": [9.37065, 7.75, 9.35],
			"rotation": {"angle": 45, "axis": "y", "origin": [7.99065, 11.45, 7.97]},
			"faces": {
				"north": {"uv": [1.25, 7.875, 1.625, 8.375], "texture": "#0"},
				"east": {"uv": [8, 5.25, 8.375, 5.75], "texture": "#0"},
				"south": {"uv": [8.375, 5.25, 8, 5.75], "texture": "#0"},
				"west": {"uv": [8, 5.25, 8.375, 5.75], "texture": "#0"},
				"up": {"uv": [8.625, 4.625, 9, 5], "texture": "#0"},
				"down": {"uv": [9, 4.625, 8.625, 5], "texture": "#0"}
			}
		},
		{
			"from": [7.18779, 8.51, 6.85228],
			"to": [9.94779, 9.71, 9.61228],
			"rotation": {"angle": 45, "axis": "y", "origin": [8, 17.80565, 8.81]},
			"faces": {
				"north": {"uv": [9.375, 6.875, 9.75, 6.75], "texture": "#0"},
				"east": {"uv": [9.375, 7.5, 9.75, 7.375], "texture": "#0"},
				"south": {"uv": [9.5, 1.125, 9.875, 1], "texture": "#0"},
				"west": {"uv": [9.5, 4.25, 9.875, 4.125], "texture": "#0"},
				"up": {"uv": [4.625, 9, 4.25, 8.625], "texture": "#0"},
				"down": {"uv": [9, 3.875, 8.625, 4.25], "texture": "#0"}
			}
		},
		{
			"from": [7.41235, 10.15, 8.23228],
			"to": [10.23235, 13.4, 11.05228],
			"rotation": {"angle": -45, "axis": "y", "origin": [8, 20.59435, 8.81]},
			"faces": {
				"north": {"uv": [9, 2.25, 9.375, 2.5], "texture": "#0"},
				"east": {"uv": [9, 2.625, 9.375, 2.875], "texture": "#0"},
				"south": {"uv": [5.125, 9, 5.5, 9.25], "texture": "#0"},
				"west": {"uv": [9, 5.25, 9.375, 5.5], "texture": "#0"},
				"up": {"uv": [8.875, 6.875, 8.5, 6.5], "texture": "#0"},
				"down": {"uv": [8.875, 6.875, 8.5, 7.25], "texture": "#0"}
			}
		},
		{
			"from": [4.62214, 10.15, 5.42221],
			"to": [7.44214, 13.4, 8.24221],
			"rotation": {"angle": -45, "axis": "y", "origin": [8, 20.59435, 8.81]},
			"faces": {
				"north": {"uv": [7.5, 9, 7.875, 9.25], "texture": "#0"},
				"east": {"uv": [7.875, 9, 8.25, 9.25], "texture": "#0"},
				"south": {"uv": [9, 7.875, 9.375, 8.125], "texture": "#0"},
				"west": {"uv": [8.25, 9, 8.625, 9.25], "texture": "#0"},
				"up": {"uv": [9, 0.625, 8.625, 0.25], "texture": "#0"},
				"down": {"uv": [1, 8.625, 0.625, 9], "texture": "#0"}
			}
		},
		{
			"from": [6.01098, 10.148, 6.018],
			"to": [9.97498, 13.402, 9.982],
			"rotation": {"angle": 0, "axis": "y", "origin": [8, 20.59435, 8.81]},
			"faces": {
				"north": {"uv": [8.625, 5.625, 9.125, 5.875], "texture": "#0"},
				"east": {"uv": [8.75, 1.5, 9.25, 1.75], "texture": "#0"},
				"south": {"uv": [8.75, 7.625, 9.25, 7.875], "texture": "#0"},
				"west": {"uv": [8.875, 2.875, 9.375, 3.125], "texture": "#0"},
				"up": {"uv": [7.625, 6, 7.125, 5.5], "texture": "#0"},
				"down": {"uv": [7.625, 6.875, 7.125, 7.375], "texture": "#0"}
			}
		},
		{
			"from": [7.18779, 13.69, 6.85228],
			"to": [9.94779, 14.89, 9.61228],
			"rotation": {"angle": 45, "axis": "y", "origin": [8, 0.89435, 8.81]},
			"faces": {
				"north": {"uv": [9.375, 6.75, 9.75, 6.875], "texture": "#0"},
				"east": {"uv": [9.375, 7.375, 9.75, 7.5], "texture": "#0"},
				"south": {"uv": [9.5, 1, 9.875, 1.125], "texture": "#0"},
				"west": {"uv": [9.5, 4.125, 9.875, 4.25], "texture": "#0"},
				"up": {"uv": [9, 4.25, 8.625, 3.875], "texture": "#0"},
				"down": {"uv": [4.625, 8.625, 4.25, 9], "texture": "#0"}
			}
		},
		{
			"from": [7.2, 14.68988, 8.39502],
			"to": [8.8, 17.64988, 9.39502],
			"rotation": {"angle": 45, "axis": "x", "origin": [8, 15.63934, 8.24902]},
			"faces": {
				"north": {"uv": [3.375, 8.875, 3.625, 9.375], "texture": "#0"},
				"east": {"uv": [9.25, 1.75, 9.75, 1.625], "rotation": 90, "texture": "#0"},
				"south": {"uv": [3.125, 9.375, 3.375, 8.875], "rotation": 180, "texture": "#0"},
				"west": {"uv": [5.375, 9.375, 5.875, 9.25], "rotation": 270, "texture": "#0"},
				"up": {"uv": [6.625, 4.75, 6.875, 4.625], "texture": "#0"},
				"down": {"uv": [6.125, 6.625, 6.375, 6.5], "rotation": 180, "texture": "#0"}
			}
		},
		{
			"from": [7.3, 14.60363, 7.70968],
			"to": [8.7, 17.56363, 8.70968],
			"rotation": {"angle": 0, "axis": "y", "origin": [8, 15.63934, 8.24902]},
			"faces": {
				"north": {"uv": [3.375, 8.875, 3.625, 9.375], "texture": "#0"},
				"east": {"uv": [9.25, 1.75, 9.75, 1.625], "rotation": 90, "texture": "#0"},
				"south": {"uv": [3.125, 9.375, 3.375, 8.875], "rotation": 180, "texture": "#0"},
				"west": {"uv": [5.375, 9.375, 5.875, 9.25], "rotation": 270, "texture": "#0"},
				"up": {"uv": [6.625, 4.75, 6.875, 4.625], "texture": "#0"},
				"down": {"uv": [6.125, 6.625, 6.375, 6.5], "rotation": 180, "texture": "#0"}
			}
		},
		{
			"from": [7.1, 14.71724, 6.81039],
			"to": [8.9, 17.37724, 7.81039],
			"rotation": {"angle": -22.5, "axis": "x", "origin": [8, 15.63934, 8.24902]},
			"faces": {
				"north": {"uv": [3.375, 8.875, 3.625, 9.375], "texture": "#0"},
				"east": {"uv": [9.25, 1.75, 9.75, 1.625], "rotation": 90, "texture": "#0"},
				"south": {"uv": [3.125, 9.375, 3.375, 8.875], "rotation": 180, "texture": "#0"},
				"west": {"uv": [5.375, 9.375, 5.875, 9.25], "rotation": 270, "texture": "#0"},
				"up": {"uv": [6.625, 4.75, 6.875, 4.625], "texture": "#0"},
				"down": {"uv": [6.125, 6.625, 6.375, 6.5], "rotation": 180, "texture": "#0"}
			}
		},
		{
			"name": "stoke",
			"from": [8.92652, 13.67548, 11.37233],
			"to": [4.62126, 9.7054, 7.06707],
			"rotation": {"angle": 45, "axis": "y", "origin": [8, 11.69044, 8]},
			"faces": {
				"north": {"uv": [7.625, 5.125, 7.75, 5.25], "rotation": 270, "texture": "#0"},
				"east": {"uv": [7.625, 5.125, 7.75, 5.25], "rotation": 90, "texture": "#0"},
				"up": {"uv": [7.625, 5.125, 7.75, 5.25], "texture": "#0"},
				"down": {"uv": [7.625, 5.125, 7.75, 5.25], "rotation": 180, "texture": "#0"}
			}
		},
		{
			"name": "stoke",
			"from": [11.37874, 13.67548, 8.93293],
			"to": [7.07348, 9.7054, 4.62767],
			"rotation": {"angle": 45, "axis": "y", "origin": [8, 11.69044, 8]},
			"faces": {
				"south": {"uv": [7.625, 5.25, 7.75, 5.125], "rotation": 90, "texture": "#0"},
				"west": {"uv": [7.625, 5.25, 7.75, 5.125], "rotation": 90, "texture": "#0"},
				"up": {"uv": [7.75, 5.125, 7.625, 5.25], "texture": "#0"},
				"down": {"uv": [7.75, 5.125, 7.625, 5.25], "rotation": 180, "texture": "#0"}
			}
		},
		{
			"name": "stoke",
			"from": [11.03067, 13.67548, 9.71631],
			"to": [4.96026, 9.7054, 6.27055],
			"rotation": {"angle": 0, "axis": "y", "origin": [8, 11.69044, 8]},
			"faces": {
				"east": {"uv": [7.625, 5.125, 7.75, 5.25], "rotation": 90, "texture": "#0"},
				"west": {"uv": [7.625, 5.125, 7.75, 5.25], "rotation": 270, "texture": "#0"},
				"up": {"uv": [7.625, 5.125, 7.75, 5.25], "texture": "#0"},
				"down": {"uv": [7.625, 5.125, 7.75, 5.25], "rotation": 180, "texture": "#0"}
			}
		},
		{
			"name": "stoke",
			"from": [9.78701, -7.92744, 10.52934],
			"to": [6.21299, -10.79891, 5.47066],
			"rotation": {"angle": 0, "axis": "y", "origin": [7.99773, 1.74508, 8.86144]},
			"faces": {
				"north": {"uv": [7.625, 5.125, 7.75, 5.25], "texture": "#0"},
				"east": {"uv": [7.625, 5.125, 7.75, 5.25], "texture": "#0"},
				"south": {"uv": [7.625, 5.125, 7.75, 5.25], "texture": "#0"},
				"west": {"uv": [7.625, 5.125, 7.75, 5.25], "texture": "#0"},
				"down": {"uv": [7.625, 5.125, 7.75, 5.25], "texture": "#0"}
			}
		},
		{
			"name": "stoke",
			"from": [9.78701, -9.0272, 13.16743],
			"to": [6.21299, -12.61492, 9.57971],
			"rotation": {"angle": 45, "axis": "x", "origin": [8, -6.7432, 9.70031]},
			"faces": {
				"north": {"uv": [7.625, 5.125, 7.75, 5.25], "texture": "#0"},
				"east": {"uv": [7.625, 5.125, 7.75, 5.25], "texture": "#0"},
				"west": {"uv": [7.625, 5.125, 7.75, 5.25], "texture": "#0"},
				"up": {"uv": [7.625, 5.125, 7.75, 5.25], "texture": "#0"}
			}
		},
		{
			"name": "ef",
			"from": [12.65981, -15.55, 0.07319],
			"to": [12.65981, 10.05, 6.07319],
			"rotation": {"angle": 22.5, "axis": "y", "origin": [-1.12454, 6.6, 8]},
			"faces": {
				"north": {"uv": [0, 0, 0, 4], "texture": "#missing"},
				"east": {"uv": [3.6875, 0, 0.25, 16], "texture": "#1"},
				"south": {"uv": [0, 0, 0, 4], "texture": "#missing"},
				"west": {"uv": [0.25, 0, 3.6875, 16], "texture": "#1"},
				"up": {"uv": [0, 0, 0, 1.1875], "texture": "#missing"},
				"down": {"uv": [0, 0, 0, 1.1875], "texture": "#missing"}
			}
		},
		{
			"name": "ef",
			"from": [9.0465, -15.4, 12.62358],
			"to": [9.0465, 10.2, 18.62358],
			"rotation": {"angle": -22.5, "axis": "y", "origin": [9.0465, 0.4, 15.62358]},
			"faces": {
				"north": {"uv": [0, 0, 0, 4], "texture": "#missing"},
				"east": {"uv": [8.25, 0, 11.6875, 16], "texture": "#1"},
				"south": {"uv": [0, 0, 0, 4], "texture": "#missing"},
				"west": {"uv": [11.6875, 0, 8.25, 16], "texture": "#1"},
				"up": {"uv": [0, 1.1875, 0, 0], "texture": "#missing"},
				"down": {"uv": [0, 1.1875, 0, 0], "texture": "#missing"}
			}
		},
		{
			"name": "ef",
			"from": [8.4588, -12.6, -0.2285],
			"to": [8.4588, 13, 5.7715],
			"rotation": {"angle": -22.5, "axis": "y", "origin": [7.4588, 10.2, 1.7715]},
			"faces": {
				"north": {"uv": [0, 0, 0, 4], "texture": "#missing"},
				"east": {"uv": [7.6875, 0, 4.25, 16], "texture": "#1"},
				"south": {"uv": [0, 0, 0, 4], "texture": "#missing"},
				"west": {"uv": [4.25, 0, 7.6875, 16], "texture": "#1"},
				"up": {"uv": [0, 1.1875, 0, 0], "rotation": 180, "texture": "#missing"},
				"down": {"uv": [0, 1.1875, 0, 0], "rotation": 180, "texture": "#missing"}
			}
		},
		{
			"name": "ef",
			"from": [10.62737, -10, 10.1733],
			"to": [10.62737, 15.6, 16.1733],
			"rotation": {"angle": 22.5, "axis": "y", "origin": [7.87737, 10.8, 13.1733]},
			"faces": {
				"north": {"uv": [0, 0, 0, 4], "texture": "#missing"},
				"east": {"uv": [12.25, 0, 15.6875, 16], "texture": "#1"},
				"south": {"uv": [0, 0, 0, 4], "texture": "#missing"},
				"west": {"uv": [15.6875, 0, 12.25, 16], "texture": "#1"},
				"up": {"uv": [0, 0, 0, 1.1875], "rotation": 180, "texture": "#missing"},
				"down": {"uv": [0, 0, 0, 1.1875], "rotation": 180, "texture": "#missing"}
			}
		}
	],
	"gui_light": "front",
	"display": {
		"thirdperson_righthand": {
			"translation": [0, 8, 2],
			"scale": [0.8, 0.8, 0.8]
		},
		"thirdperson_lefthand": {
			"translation": [0, 8, 2],
			"scale": [0.8, 0.8, 0.8]
		},
		"firstperson_righthand": {
			"rotation": [9.53, 0.54, -0.71],
			"translation": [18.5, 13, -20],
			"scale": [1.44, 1.44, 1.44]
		},
		"firstperson_lefthand": {
			"rotation": [9.53, 0.54, -0.71],
			"translation": [18.5, 13, -20],
			"scale": [1.44, 1.44, 1.44]
		},
		"ground": {
			"rotation": [45, 0, 0],
			"translation": [0, 2.5, 0.5],
			"scale": [0.3, 0.3, 0.3]
		},
		"gui": {
			"rotation": [83.92, 45, -85.7],
			"translation": [2.25, 2.25, 0],
			"scale": [0.64, 0.64, 0.64]
		},
		"head": {
			"translation": [0, 6.5, 0],
			"scale": [0, 0, 0]
		},
		"fixed": {
			"rotation": [0, -90, 0],
			"translation": [-0.25, 5.25, -0.75],
			"scale": [0.71, 0.71, 0.71]
		}
	},
	"groups": [
		{
			"name": "pickaxe_easter",
			"origin": [8, 8, 8],
			"color": 0,
			"nbt": "{}",
			"children": [0, 1, 2, 3, 4, 5, 6, 7, 8, 9, 10, 11, 12, 13, 14, 15, 16, 17, 18, 19, 20, 21, 22, 23, 24, 25, 26]
		}
	]
}