{
	"credit": "by w11shes",
	"texture_size": [8, 8],
	"textures": {
		"0": "item/dragon/dragonborn_pickaxe",
		"1": "item/dragon/dragonborn_particle",
		"particle": "item/dragon/dragonborn_pickaxe"
	},
	"elements": [
		{
			"from": [5.5, 23.7, 5.5],
			"to": [10.5, 28.7, 10.5],
			"rotation": {"angle": 0, "axis": "y", "origin": [0, 12.7, 0.5]},
			"faces": {
				"north": {"uv": [3.5, 3, 6, 5.5], "texture": "#0"},
				"east": {"uv": [5.5, 0, 8, 2.5], "texture": "#0"},
				"south": {"uv": [3.5, 3, 6, 5.5], "texture": "#0"},
				"west": {"uv": [3.5, 5.5, 6, 8], "texture": "#0"}
			}
		},
		{
			"from": [5.5, 23.7, 6.5],
			"to": [10.5, 28.7, 9.5],
			"rotation": {"angle": 0, "axis": "y", "origin": [0, 12.7, -0.5]},
			"faces": {
				"north": {"uv": [10.5, 1.5, 13, 4], "texture": "#0"},
				"south": {"uv": [10.5, 1.5, 13, 4], "texture": "#0"}
			}
		},
		{
			"from": [10.5, 28.7, 10.5],
			"to": [5.5, 23.7, 5.5],
			"rotation": {"angle": 0, "axis": "y", "origin": [11, 34.7, 3.5]},
			"faces": {
				"north": {"uv": [3.5, 5.5, 6, 3], "texture": "#0"},
				"east": {"uv": [3.5, 8, 6, 5.5], "texture": "#0"},
				"south": {"uv": [3.5, 5.5, 6, 3], "texture": "#0"},
				"west": {"uv": [5.5, 2.5, 8, 0], "texture": "#0"}
			}
		},
		{
			"from": [6.32843, 21.7, 5.48],
			"to": [9.86396, 25.23553, 10.52],
			"rotation": {"angle": -45, "axis": "z", "origin": [8.32843, 23.7, 8.5]},
			"faces": {
				"north": {"uv": [8, 0, 10, 2], "texture": "#0"},
				"east": {"uv": [6, 2.5, 8.5, 4.5], "texture": "#0"},
				"south": {"uv": [10, 0, 8, 2], "texture": "#0"},
				"down": {"uv": [8, 4.5, 6, 7], "texture": "#0"}
			}
		},
		{
			"from": [6.32843, 21.7, 6.48],
			"to": [9.86396, 25.23553, 9.52],
			"rotation": {"angle": -45, "axis": "z", "origin": [8.32843, 23.7, 7.5]},
			"faces": {
				"north": {"uv": [10, 6, 12, 8], "texture": "#0"},
				"south": {"uv": [12, 6, 10, 8], "texture": "#0"}
			}
		},
		{
			"from": [8.20707, 29.2355, 10.52],
			"to": [4.67157, 25.7, 5.48],
			"rotation": {"angle": -45, "axis": "z", "origin": [2.67157, 23.7, -7.54]},
			"faces": {
				"north": {"uv": [10, 2, 8, 0], "texture": "#0"},
				"south": {"uv": [8, 2, 10, 0], "texture": "#0"},
				"west": {"uv": [6, 4.5, 8.5, 2.5], "texture": "#0"},
				"up": {"uv": [6, 4.5, 8, 7], "texture": "#0"}
			}
		},
		{
			"from": [6.32843, 27.16447, 5.48],
			"to": [9.86396, 30.7, 10.52],
			"rotation": {"angle": 45, "axis": "z", "origin": [8.32843, 28.7, 8.52]},
			"faces": {
				"north": {"uv": [3.5, 8, 5.5, 10], "texture": "#0"},
				"east": {"uv": [0, 7, 2.5, 9], "texture": "#0"},
				"south": {"uv": [5.5, 8, 3.5, 10], "texture": "#0"},
				"up": {"uv": [8, 9.5, 6, 7], "texture": "#0"}
			}
		},
		{
			"from": [6.32843, 27.16447, 6.48],
			"to": [9.86396, 30.7, 9.52],
			"rotation": {"angle": 45, "axis": "z", "origin": [8.32843, 28.7, 7.52]},
			"faces": {
				"north": {"uv": [10, 4, 12, 6], "texture": "#0"},
				"south": {"uv": [12, 4, 10, 6], "texture": "#0"}
			}
		},
		{
			"from": [13.20705, 28.77106, 10.52],
			"to": [9.67155, 25.23556, 5.48],
			"rotation": {"angle": 45, "axis": "z", "origin": [7.67155, 23.70002, -5.56]},
			"faces": {
				"north": {"uv": [5.5, 10, 3.5, 8], "texture": "#0"},
				"south": {"uv": [3.5, 10, 5.5, 8], "texture": "#0"},
				"west": {"uv": [0, 9, 2.5, 7], "texture": "#0"},
				"down": {"uv": [6, 9.5, 8, 7], "texture": "#0"}
			}
		},
		{
			"from": [6.5, 17.7, 6.5],
			"to": [9.5, 22.7, 9.5],
			"rotation": {"angle": 0, "axis": "y", "origin": [8, 19.7, 8]},
			"faces": {
				"north": {"uv": [5.5, 9.5, 7, 12], "texture": "#0"},
				"east": {"uv": [5.5, 9.5, 7, 12], "texture": "#0"},
				"south": {"uv": [5.5, 9.5, 7, 12], "texture": "#0"},
				"west": {"uv": [5.5, 9.5, 7, 12], "texture": "#0"},
				"down": {"uv": [11.5, 0, 10, 1.5], "texture": "#0"}
			}
		},
		{
			"from": [7, 8.7, 7],
			"to": [9, 17.7, 9],
			"rotation": {"angle": -45, "axis": "y", "origin": [8, 13, 8]},
			"faces": {
				"north": {"uv": [2.5, 7, 3.5, 11.5], "texture": "#0"},
				"east": {"uv": [3.5, 7, 2.5, 11.5], "texture": "#0"},
				"south": {"uv": [2.5, 7, 3.5, 11.5], "texture": "#0"},
				"west": {"uv": [3.5, 7, 2.5, 11.5], "texture": "#0"}
			}
		},
		{
			"from": [6, 5.5, 6],
			"to": [10, 9.5, 10],
			"rotation": {"angle": -45, "axis": "z", "origin": [8, 7.5, 8]},
			"faces": {
				"north": {"uv": [8, 4.5, 10, 6.5], "texture": "#0"},
				"east": {"uv": [8, 6.5, 10, 8.5], "texture": "#0"},
				"south": {"uv": [10, 4.5, 8, 6.5], "texture": "#0"},
				"west": {"uv": [8.5, 2, 10.5, 4], "texture": "#0"},
				"up": {"uv": [10, 10.5, 8, 8.5], "texture": "#0"},
				"down": {"uv": [2, 9, 0, 11], "texture": "#0"}
			}
		},
		{
			"from": [5.5, 2.2, 7.5],
			"to": [10.5, 7.2, 8.5],
			"rotation": {"angle": 0, "axis": "y", "origin": [0, 8, 0]},
			"faces": {
				"north": {"uv": [0, 3, 2.5, 5.5], "texture": "#0"},
				"east": {"uv": [0, 3, 0.5, 5.5], "texture": "#0"},
				"south": {"uv": [2.5, 3, 0, 5.5], "texture": "#0"},
				"west": {"uv": [2, 3, 2.5, 5.5], "texture": "#0"},
				"down": {"uv": [2.5, 5, 0, 5.5], "texture": "#0"}
			}
		},
		{
			"from": [3.5, -0.8, 8],
			"to": [10.5, 7.2, 8.05],
			"rotation": {"angle": 0, "axis": "y", "origin": [0, 8, 0]},
			"faces": {
				"north": {"uv": [0, 3, 3.5, 7], "texture": "#0"},
				"south": {"uv": [3.5, 3, 0, 7], "texture": "#0"}
			}
		},
		{
			"from": [-5.5, 21.7, 8],
			"to": [5.5, 27.7, 8.05],
			"rotation": {"angle": 0, "axis": "y", "origin": [0, 8.2, 0]},
			"faces": {
				"north": {"uv": [0, 0, 5.5, 3], "texture": "#0"},
				"south": {"uv": [5.5, 0, 0, 3], "texture": "#0"}
			}
		},
		{
			"from": [-2.5, 23.7, 7.5],
			"to": [5.5, 27.7, 8.5],
			"rotation": {"angle": 0, "axis": "y", "origin": [0, 8.2, 0]},
			"faces": {
				"north": {"uv": [0, 0, 4, 2], "texture": "#0"},
				"south": {"uv": [4, 0, 0, 2], "texture": "#0"},
				"west": {"uv": [3.5, 0, 4, 2], "texture": "#0"},
				"up": {"uv": [4, 0, 0, 0.5], "texture": "#0"},
				"down": {"uv": [4, 1.5, 0, 2], "texture": "#0"}
			}
		},
		{
			"from": [10.5, 23.7, 7.5],
			"to": [18.5, 27.7, 8.5],
			"rotation": {"angle": 0, "axis": "y", "origin": [16, 8.2, 0]},
			"faces": {
				"north": {"uv": [4, 0, 0, 2], "texture": "#0"},
				"east": {"uv": [4, 0, 3.5, 2], "texture": "#0"},
				"south": {"uv": [0, 0, 4, 2], "texture": "#0"},
				"up": {"uv": [0, 0, 4, 0.5], "texture": "#0"},
				"down": {"uv": [0, 1.5, 4, 2], "texture": "#0"}
			}
		},
		{
			"from": [10.5, 21.7, 8],
			"to": [21.5, 27.7, 8.05],
			"rotation": {"angle": 0, "axis": "y", "origin": [16, 8.2, 0]},
			"faces": {
				"north": {"uv": [5.5, 0, 0, 3], "texture": "#0"},
				"south": {"uv": [0, 0, 5.5, 3], "texture": "#0"}
			}
		},
		{
			"from": [5.55, 22.95, 3.45],
			"to": [6.15, 23.55, 4.05],
			"shade": false,
			"rotation": {"angle": 0, "axis": "y", "origin": [0, 11, 0]},
			"faces": {
				"north": {"uv": [0, 14, 2, 16], "texture": "#1"},
				"east": {"uv": [0, 14, 2, 16], "texture": "#1"},
				"south": {"uv": [0, 14, 2, 16], "texture": "#1"},
				"west": {"uv": [0, 14, 2, 16], "texture": "#1"},
				"up": {"uv": [0, 14, 2, 16], "texture": "#1"},
				"down": {"uv": [0, 14, 2, 16], "texture": "#1"}
			}
		},
		{
			"from": [6.4, 23.8, 4.3],
			"to": [5.3, 22.7, 3.2],
			"shade": false,
			"rotation": {"angle": 0, "axis": "y", "origin": [0, 11, 0]},
			"faces": {
				"north": {"uv": [2, 14, 4, 16], "texture": "#1"},
				"east": {"uv": [2, 14, 4, 16], "texture": "#1"},
				"south": {"uv": [2, 14, 4, 16], "texture": "#1"},
				"west": {"uv": [2, 14, 4, 16], "texture": "#1"},
				"up": {"uv": [2, 14, 4, 16], "texture": "#1"},
				"down": {"uv": [2, 14, 4, 16], "texture": "#1"}
			}
		},
		{
			"from": [9.56436, 20.34384, 3.4],
			"to": [10.26436, 21.04384, 4.1],
			"shade": false,
			"rotation": {"angle": 22.5, "axis": "z", "origin": [0, 11, 0]},
			"faces": {
				"north": {"uv": [0, 12, 2, 14], "texture": "#1"},
				"east": {"uv": [0, 12, 2, 14], "texture": "#1"},
				"south": {"uv": [0, 12, 2, 14], "texture": "#1"},
				"west": {"uv": [0, 12, 2, 14], "texture": "#1"},
				"up": {"uv": [0, 12, 2, 14], "texture": "#1"},
				"down": {"uv": [0, 12, 2, 14], "texture": "#1"}
			}
		},
		{
			"from": [10.56436, 21.34384, 4.4],
			"to": [9.26436, 20.04384, 3.1],
			"shade": false,
			"rotation": {"angle": 22.5, "axis": "z", "origin": [0, 11, 0]},
			"faces": {
				"north": {"uv": [2, 12, 4, 14], "texture": "#1"},
				"east": {"uv": [2, 12, 4, 14], "texture": "#1"},
				"south": {"uv": [2, 12, 4, 14], "texture": "#1"},
				"west": {"uv": [2, 12, 4, 14], "texture": "#1"},
				"up": {"uv": [2, 12, 4, 14], "texture": "#1"},
				"down": {"uv": [2, 12, 4, 14], "texture": "#1"}
			}
		},
		{
			"from": [12.65219, 16.51041, 3.25],
			"to": [13.65219, 17.51041, 4.25],
			"shade": false,
			"rotation": {"angle": 45, "axis": "z", "origin": [0, 11, 0]},
			"faces": {
				"north": {"uv": [0, 10, 2, 12], "texture": "#1"},
				"east": {"uv": [0, 10, 2, 12], "texture": "#1"},
				"south": {"uv": [0, 10, 2, 12], "texture": "#1"},
				"west": {"uv": [0, 10, 2, 12], "texture": "#1"},
				"up": {"uv": [0, 10, 2, 12], "texture": "#1"},
				"down": {"uv": [0, 10, 2, 12], "texture": "#1"}
			}
		},
		{
			"from": [13.90219, 17.76041, 4.5],
			"to": [12.40219, 16.26041, 3],
			"shade": false,
			"rotation": {"angle": 45, "axis": "z", "origin": [0, 11, 0]},
			"faces": {
				"north": {"uv": [2, 10, 4, 12], "texture": "#1"},
				"east": {"uv": [2, 10, 4, 12], "texture": "#1"},
				"south": {"uv": [2, 10, 4, 12], "texture": "#1"},
				"west": {"uv": [2, 10, 4, 12], "texture": "#1"},
				"up": {"uv": [2, 10, 4, 12], "texture": "#1"},
				"down": {"uv": [2, 10, 4, 12], "texture": "#1"}
			}
		},
		{
			"from": [-0.73332, 25.82744, 3.25],
			"to": [0.26668, 26.82744, 4.25],
			"shade": false,
			"rotation": {"angle": -22.5, "axis": "z", "origin": [0, 11, 0]},
			"faces": {
				"north": {"uv": [0, 8, 2, 10], "rotation": 90, "texture": "#1"},
				"east": {"uv": [0, 8, 2, 10], "rotation": 270, "texture": "#1"},
				"south": {"uv": [0, 8, 2, 10], "rotation": 270, "texture": "#1"},
				"west": {"uv": [0, 8, 2, 10], "rotation": 270, "texture": "#1"},
				"up": {"uv": [0, 8, 2, 10], "rotation": 270, "texture": "#1"},
				"down": {"uv": [0, 8, 2, 10], "rotation": 270, "texture": "#1"}
			}
		},
		{
			"from": [0.51668, 27.07744, 4.5],
			"to": [-0.98332, 25.57744, 3],
			"shade": false,
			"rotation": {"angle": -22.5, "axis": "z", "origin": [0, 11, 0]},
			"faces": {
				"north": {"uv": [2, 8, 4, 10], "rotation": 90, "texture": "#1"},
				"east": {"uv": [2, 8, 4, 10], "rotation": 270, "texture": "#1"},
				"south": {"uv": [2, 8, 4, 10], "rotation": 270, "texture": "#1"},
				"west": {"uv": [2, 8, 4, 10], "rotation": 270, "texture": "#1"},
				"up": {"uv": [2, 8, 4, 10], "rotation": 270, "texture": "#1"},
				"down": {"uv": [2, 8, 4, 10], "rotation": 270, "texture": "#1"}
			}
		},
		{
			"from": [5.65, 25.35, 3.25],
			"to": [6.65, 26.35, 4.25],
			"shade": false,
			"rotation": {"angle": 0, "axis": "y", "origin": [0, 11, 0]},
			"faces": {
				"north": {"uv": [0, 6, 2, 8], "texture": "#1"},
				"east": {"uv": [0, 6, 2, 8], "texture": "#1"},
				"south": {"uv": [0, 6, 2, 8], "texture": "#1"},
				"west": {"uv": [0, 6, 2, 8], "texture": "#1"},
				"up": {"uv": [0, 6, 2, 8], "texture": "#1"},
				"down": {"uv": [0, 6, 2, 8], "texture": "#1"}
			}
		},
		{
			"from": [6.9, 26.6, 4.5],
			"to": [5.4, 25.1, 3],
			"shade": false,
			"rotation": {"angle": 0, "axis": "y", "origin": [0, 11, 0]},
			"faces": {
				"north": {"uv": [2, 6, 4, 8], "texture": "#1"},
				"east": {"uv": [2, 6, 4, 8], "texture": "#1"},
				"south": {"uv": [2, 6, 4, 8], "texture": "#1"},
				"west": {"uv": [2, 6, 4, 8], "texture": "#1"},
				"up": {"uv": [2, 6, 4, 8], "texture": "#1"},
				"down": {"uv": [2, 6, 4, 8], "texture": "#1"}
			}
		},
		{
			"from": [-0.84191, 27.38568, 3.4],
			"to": [-0.14191, 28.08568, 4.1],
			"shade": false,
			"rotation": {"angle": -22.5, "axis": "z", "origin": [0, 11, 0]},
			"faces": {
				"north": {"uv": [0, 4, 2, 6], "texture": "#1"},
				"east": {"uv": [0, 4, 2, 6], "texture": "#1"},
				"south": {"uv": [0, 4, 2, 6], "texture": "#1"},
				"west": {"uv": [0, 4, 2, 6], "texture": "#1"},
				"up": {"uv": [0, 4, 2, 6], "texture": "#1"},
				"down": {"uv": [0, 4, 2, 6], "texture": "#1"}
			}
		},
		{
			"from": [0.15809, 28.38568, 4.4],
			"to": [-1.14191, 27.08568, 3.1],
			"shade": false,
			"rotation": {"angle": -22.5, "axis": "z", "origin": [0, 11, 0]},
			"faces": {
				"north": {"uv": [2, 4, 4, 6], "texture": "#1"},
				"east": {"uv": [2, 4, 4, 6], "texture": "#1"},
				"south": {"uv": [2, 4, 4, 6], "texture": "#1"},
				"west": {"uv": [2, 4, 4, 6], "texture": "#1"},
				"up": {"uv": [2, 4, 4, 6], "texture": "#1"},
				"down": {"uv": [2, 4, 4, 6], "texture": "#1"}
			}
		},
		{
			"from": [5.4, 26.95, 3.45],
			"to": [6, 27.55, 4.05],
			"shade": false,
			"rotation": {"angle": 0, "axis": "y", "origin": [0, 11, 0]},
			"faces": {
				"north": {"uv": [0, 2, 2, 4], "texture": "#1"},
				"east": {"uv": [0, 2, 2, 4], "texture": "#1"},
				"south": {"uv": [0, 2, 2, 4], "texture": "#1"},
				"west": {"uv": [0, 2, 2, 4], "texture": "#1"},
				"up": {"uv": [0, 2, 2, 4], "texture": "#1"},
				"down": {"uv": [0, 2, 2, 4], "texture": "#1"}
			}
		},
		{
			"from": [6.25, 27.8, 4.3],
			"to": [5.15, 26.7, 3.2],
			"shade": false,
			"rotation": {"angle": 0, "axis": "y", "origin": [0, 11, 0]},
			"faces": {
				"north": {"uv": [2, 2, 4, 4], "texture": "#1"},
				"east": {"uv": [2, 2, 4, 4], "texture": "#1"},
				"south": {"uv": [2, 2, 4, 4], "texture": "#1"},
				"west": {"uv": [2, 2, 4, 4], "texture": "#1"},
				"up": {"uv": [2, 2, 4, 4], "texture": "#1"},
				"down": {"uv": [2, 2, 4, 4], "texture": "#1"}
			}
		},
		{
			"from": [9.85, 25.95, 3.45],
			"to": [10.45, 26.55, 4.05],
			"shade": false,
			"rotation": {"angle": 0, "axis": "y", "origin": [0, 12, 0]},
			"faces": {
				"north": {"uv": [6, 14, 4, 16], "texture": "#1"},
				"east": {"uv": [6, 14, 4, 16], "texture": "#1"},
				"south": {"uv": [6, 14, 4, 16], "texture": "#1"},
				"west": {"uv": [6, 14, 4, 16], "texture": "#1"},
				"up": {"uv": [6, 14, 4, 16], "texture": "#1"},
				"down": {"uv": [6, 14, 4, 16], "texture": "#1"}
			}
		},
		{
			"from": [10.7, 26.8, 4.3],
			"to": [9.6, 25.7, 3.2],
			"shade": false,
			"rotation": {"angle": 0, "axis": "y", "origin": [0, 12, 0]},
			"faces": {
				"north": {"uv": [8, 14, 6, 16], "texture": "#1"},
				"east": {"uv": [8, 14, 6, 16], "texture": "#1"},
				"south": {"uv": [8, 14, 6, 16], "texture": "#1"},
				"west": {"uv": [8, 14, 6, 16], "texture": "#1"},
				"up": {"uv": [8, 14, 6, 16], "texture": "#1"},
				"down": {"uv": [8, 14, 6, 16], "texture": "#1"}
			}
		},
		{
			"from": [3.75235, 29.31453, 3.4],
			"to": [4.45235, 30.01453, 4.1],
			"shade": false,
			"rotation": {"angle": -22.5, "axis": "z", "origin": [0, 12, 0]},
			"faces": {
				"north": {"uv": [6, 12, 4, 14], "texture": "#1"},
				"east": {"uv": [6, 12, 4, 14], "texture": "#1"},
				"south": {"uv": [6, 12, 4, 14], "texture": "#1"},
				"west": {"uv": [6, 12, 4, 14], "texture": "#1"},
				"up": {"uv": [6, 12, 4, 14], "texture": "#1"},
				"down": {"uv": [6, 12, 4, 14], "texture": "#1"}
			}
		},
		{
			"from": [4.75235, 30.31453, 4.4],
			"to": [3.45235, 29.01453, 3.1],
			"shade": false,
			"rotation": {"angle": -22.5, "axis": "z", "origin": [0, 12, 0]},
			"faces": {
				"north": {"uv": [8, 12, 6, 14], "texture": "#1"},
				"east": {"uv": [8, 12, 6, 14], "texture": "#1"},
				"south": {"uv": [8, 12, 6, 14], "texture": "#1"},
				"west": {"uv": [8, 12, 6, 14], "texture": "#1"},
				"up": {"uv": [8, 12, 6, 14], "texture": "#1"},
				"down": {"uv": [8, 12, 6, 14], "texture": "#1"}
			}
		},
		{
			"from": [-3.75269, 30.23833, 3.25],
			"to": [-2.75269, 31.23833, 4.25],
			"shade": false,
			"rotation": {"angle": -45, "axis": "z", "origin": [0, 12, 0]},
			"faces": {
				"north": {"uv": [6, 10, 4, 12], "texture": "#1"},
				"east": {"uv": [6, 10, 4, 12], "texture": "#1"},
				"south": {"uv": [6, 10, 4, 12], "texture": "#1"},
				"west": {"uv": [6, 10, 4, 12], "texture": "#1"},
				"up": {"uv": [6, 10, 4, 12], "texture": "#1"},
				"down": {"uv": [6, 10, 4, 12], "texture": "#1"}
			}
		},
		{
			"from": [-2.50269, 31.48833, 4.5],
			"to": [-4.00269, 29.98833, 3],
			"shade": false,
			"rotation": {"angle": -45, "axis": "z", "origin": [0, 12, 0]},
			"faces": {
				"north": {"uv": [8, 10, 6, 12], "texture": "#1"},
				"east": {"uv": [8, 10, 6, 12], "texture": "#1"},
				"south": {"uv": [8, 10, 6, 12], "texture": "#1"},
				"west": {"uv": [8, 10, 6, 12], "texture": "#1"},
				"up": {"uv": [8, 10, 6, 12], "texture": "#1"},
				"down": {"uv": [8, 10, 6, 12], "texture": "#1"}
			}
		},
		{
			"from": [15.28076, 22.55227, 3.25],
			"to": [16.28076, 23.55227, 4.25],
			"shade": false,
			"rotation": {"angle": 22.5, "axis": "z", "origin": [0, 12, 0]},
			"faces": {
				"north": {"uv": [4, 10, 6, 8], "rotation": 90, "texture": "#1"},
				"east": {"uv": [4, 10, 6, 8], "rotation": 270, "texture": "#1"},
				"south": {"uv": [4, 10, 6, 8], "rotation": 270, "texture": "#1"},
				"west": {"uv": [4, 10, 6, 8], "rotation": 270, "texture": "#1"},
				"up": {"uv": [4, 10, 6, 8], "rotation": 270, "texture": "#1"},
				"down": {"uv": [4, 10, 6, 8], "rotation": 270, "texture": "#1"}
			}
		},
		{
			"from": [16.53076, 23.80227, 4.5],
			"to": [15.03076, 22.30227, 3],
			"shade": false,
			"rotation": {"angle": 22.5, "axis": "z", "origin": [0, 12, 0]},
			"faces": {
				"north": {"uv": [6, 10, 8, 8], "rotation": 90, "texture": "#1"},
				"east": {"uv": [6, 10, 8, 8], "rotation": 270, "texture": "#1"},
				"south": {"uv": [6, 10, 8, 8], "rotation": 270, "texture": "#1"},
				"west": {"uv": [6, 10, 8, 8], "rotation": 270, "texture": "#1"},
				"up": {"uv": [6, 10, 8, 8], "rotation": 270, "texture": "#1"},
				"down": {"uv": [6, 10, 8, 8], "rotation": 270, "texture": "#1"}
			}
		},
		{
			"from": [9.35, 28.35, 3.25],
			"to": [10.35, 29.35, 4.25],
			"shade": false,
			"rotation": {"angle": 0, "axis": "y", "origin": [0, 12, 0]},
			"faces": {
				"north": {"uv": [6, 6, 4, 8], "texture": "#1"},
				"east": {"uv": [6, 6, 4, 8], "texture": "#1"},
				"south": {"uv": [6, 6, 4, 8], "texture": "#1"},
				"west": {"uv": [6, 6, 4, 8], "texture": "#1"},
				"up": {"uv": [6, 6, 4, 8], "texture": "#1"},
				"down": {"uv": [6, 6, 4, 8], "texture": "#1"}
			}
		},
		{
			"from": [10.6, 29.6, 4.5],
			"to": [9.1, 28.1, 3],
			"shade": false,
			"rotation": {"angle": 0, "axis": "y", "origin": [0, 12, 0]},
			"faces": {
				"north": {"uv": [8, 6, 6, 8], "texture": "#1"},
				"east": {"uv": [8, 6, 6, 8], "texture": "#1"},
				"south": {"uv": [8, 6, 6, 8], "texture": "#1"},
				"west": {"uv": [8, 6, 6, 8], "texture": "#1"},
				"up": {"uv": [8, 6, 6, 8], "texture": "#1"},
				"down": {"uv": [8, 6, 6, 8], "texture": "#1"}
			}
		},
		{
			"from": [15.68935, 24.11051, 3.4],
			"to": [16.38935, 24.81051, 4.1],
			"shade": false,
			"rotation": {"angle": 22.5, "axis": "z", "origin": [0, 12, 0]},
			"faces": {
				"north": {"uv": [6, 4, 4, 6], "texture": "#1"},
				"east": {"uv": [6, 4, 4, 6], "texture": "#1"},
				"south": {"uv": [6, 4, 4, 6], "texture": "#1"},
				"west": {"uv": [6, 4, 4, 6], "texture": "#1"},
				"up": {"uv": [6, 4, 4, 6], "texture": "#1"},
				"down": {"uv": [6, 4, 4, 6], "texture": "#1"}
			}
		},
		{
			"from": [16.68935, 25.11051, 4.4],
			"to": [15.38935, 23.81051, 3.1],
			"shade": false,
			"rotation": {"angle": 22.5, "axis": "z", "origin": [0, 12, 0]},
			"faces": {
				"north": {"uv": [8, 4, 6, 6], "texture": "#1"},
				"east": {"uv": [8, 4, 6, 6], "texture": "#1"},
				"south": {"uv": [8, 4, 6, 6], "texture": "#1"},
				"west": {"uv": [8, 4, 6, 6], "texture": "#1"},
				"up": {"uv": [8, 4, 6, 6], "texture": "#1"},
				"down": {"uv": [8, 4, 6, 6], "texture": "#1"}
			}
		},
		{
			"from": [10, 29.95, 3.45],
			"to": [10.6, 30.55, 4.05],
			"shade": false,
			"rotation": {"angle": 0, "axis": "y", "origin": [0, 12, 0]},
			"faces": {
				"north": {"uv": [6, 2, 4, 4], "texture": "#1"},
				"east": {"uv": [6, 2, 4, 4], "texture": "#1"},
				"south": {"uv": [6, 2, 4, 4], "texture": "#1"},
				"west": {"uv": [6, 2, 4, 4], "texture": "#1"},
				"up": {"uv": [6, 2, 4, 4], "texture": "#1"},
				"down": {"uv": [6, 2, 4, 4], "texture": "#1"}
			}
		},
		{
			"from": [10.85, 30.8, 4.3],
			"to": [9.75, 29.7, 3.2],
			"shade": false,
			"rotation": {"angle": 0, "axis": "y", "origin": [0, 12, 0]},
			"faces": {
				"north": {"uv": [8, 2, 6, 4], "texture": "#1"},
				"east": {"uv": [8, 2, 6, 4], "texture": "#1"},
				"south": {"uv": [8, 2, 6, 4], "texture": "#1"},
				"west": {"uv": [8, 2, 6, 4], "texture": "#1"},
				"up": {"uv": [8, 2, 6, 4], "texture": "#1"},
				"down": {"uv": [8, 2, 6, 4], "texture": "#1"}
			}
		},
		{
			"from": [9.85, 25.95, 11.95],
			"to": [10.45, 26.55, 12.55],
			"shade": false,
			"rotation": {"angle": 0, "axis": "y", "origin": [0, 12, 0.5]},
			"faces": {
				"north": {"uv": [14, 14, 12, 16], "texture": "#1"},
				"east": {"uv": [14, 14, 12, 16], "texture": "#1"},
				"south": {"uv": [14, 14, 12, 16], "texture": "#1"},
				"west": {"uv": [14, 14, 12, 16], "texture": "#1"},
				"up": {"uv": [14, 14, 12, 16], "texture": "#1"},
				"down": {"uv": [14, 14, 12, 16], "texture": "#1"}
			}
		},
		{
			"from": [10.7, 26.8, 12.8],
			"to": [9.6, 25.7, 11.7],
			"shade": false,
			"rotation": {"angle": 0, "axis": "y", "origin": [0, 12, 0.5]},
			"faces": {
				"north": {"uv": [16, 14, 14, 16], "texture": "#1"},
				"east": {"uv": [16, 14, 14, 16], "texture": "#1"},
				"south": {"uv": [16, 14, 14, 16], "texture": "#1"},
				"west": {"uv": [16, 14, 14, 16], "texture": "#1"},
				"up": {"uv": [16, 14, 14, 16], "texture": "#1"},
				"down": {"uv": [16, 14, 14, 16], "texture": "#1"}
			}
		},
		{
			"from": [3.75235, 29.31453, 11.9],
			"to": [4.45235, 30.01453, 12.6],
			"shade": false,
			"rotation": {"angle": -22.5, "axis": "z", "origin": [0, 12, 0.5]},
			"faces": {
				"north": {"uv": [14, 12, 12, 14], "texture": "#1"},
				"east": {"uv": [14, 12, 12, 14], "texture": "#1"},
				"south": {"uv": [14, 12, 12, 14], "texture": "#1"},
				"west": {"uv": [14, 12, 12, 14], "texture": "#1"},
				"up": {"uv": [14, 12, 12, 14], "texture": "#1"},
				"down": {"uv": [14, 12, 12, 14], "texture": "#1"}
			}
		},
		{
			"from": [4.75235, 30.31453, 12.9],
			"to": [3.45235, 29.01453, 11.6],
			"shade": false,
			"rotation": {"angle": -22.5, "axis": "z", "origin": [0, 12, 0.5]},
			"faces": {
				"north": {"uv": [16, 12, 14, 14], "texture": "#1"},
				"east": {"uv": [16, 12, 14, 14], "texture": "#1"},
				"south": {"uv": [16, 12, 14, 14], "texture": "#1"},
				"west": {"uv": [16, 12, 14, 14], "texture": "#1"},
				"up": {"uv": [16, 12, 14, 14], "texture": "#1"},
				"down": {"uv": [16, 12, 14, 14], "texture": "#1"}
			}
		},
		{
			"from": [-3.75269, 30.23833, 11.75],
			"to": [-2.75269, 31.23833, 12.75],
			"shade": false,
			"rotation": {"angle": -45, "axis": "z", "origin": [0, 12, 0.5]},
			"faces": {
				"north": {"uv": [14, 10, 12, 12], "texture": "#1"},
				"east": {"uv": [14, 10, 12, 12], "texture": "#1"},
				"south": {"uv": [14, 10, 12, 12], "texture": "#1"},
				"west": {"uv": [14, 10, 12, 12], "texture": "#1"},
				"up": {"uv": [14, 10, 12, 12], "texture": "#1"},
				"down": {"uv": [14, 10, 12, 12], "texture": "#1"}
			}
		},
		{
			"from": [-2.50269, 31.48833, 13],
			"to": [-4.00269, 29.98833, 11.5],
			"shade": false,
			"rotation": {"angle": -45, "axis": "z", "origin": [0, 12, 0.5]},
			"faces": {
				"north": {"uv": [16, 10, 14, 12], "texture": "#1"},
				"east": {"uv": [16, 10, 14, 12], "texture": "#1"},
				"south": {"uv": [16, 10, 14, 12], "texture": "#1"},
				"west": {"uv": [16, 10, 14, 12], "texture": "#1"},
				"up": {"uv": [16, 10, 14, 12], "texture": "#1"},
				"down": {"uv": [16, 10, 14, 12], "texture": "#1"}
			}
		},
		{
			"from": [15.28076, 22.55227, 11.75],
			"to": [16.28076, 23.55227, 12.75],
			"shade": false,
			"rotation": {"angle": 22.5, "axis": "z", "origin": [0, 12, 0.5]},
			"faces": {
				"north": {"uv": [12, 10, 14, 8], "rotation": 90, "texture": "#1"},
				"east": {"uv": [12, 10, 14, 8], "rotation": 270, "texture": "#1"},
				"south": {"uv": [12, 10, 14, 8], "rotation": 270, "texture": "#1"},
				"west": {"uv": [12, 10, 14, 8], "rotation": 270, "texture": "#1"},
				"up": {"uv": [12, 10, 14, 8], "rotation": 270, "texture": "#1"},
				"down": {"uv": [12, 10, 14, 8], "rotation": 270, "texture": "#1"}
			}
		},
		{
			"from": [16.53076, 23.80227, 13],
			"to": [15.03076, 22.30227, 11.5],
			"shade": false,
			"rotation": {"angle": 22.5, "axis": "z", "origin": [0, 12, 0.5]},
			"faces": {
				"north": {"uv": [14, 10, 16, 8], "rotation": 90, "texture": "#1"},
				"east": {"uv": [14, 10, 16, 8], "rotation": 270, "texture": "#1"},
				"south": {"uv": [14, 10, 16, 8], "rotation": 270, "texture": "#1"},
				"west": {"uv": [14, 10, 16, 8], "rotation": 270, "texture": "#1"},
				"up": {"uv": [14, 10, 16, 8], "rotation": 270, "texture": "#1"},
				"down": {"uv": [14, 10, 16, 8], "rotation": 270, "texture": "#1"}
			}
		},
		{
			"from": [9.35, 28.35, 11.75],
			"to": [10.35, 29.35, 12.75],
			"shade": false,
			"rotation": {"angle": 0, "axis": "y", "origin": [0, 12, 0.5]},
			"faces": {
				"north": {"uv": [14, 6, 12, 8], "texture": "#1"},
				"east": {"uv": [14, 6, 12, 8], "texture": "#1"},
				"south": {"uv": [14, 6, 12, 8], "texture": "#1"},
				"west": {"uv": [14, 6, 12, 8], "texture": "#1"},
				"up": {"uv": [14, 6, 12, 8], "texture": "#1"},
				"down": {"uv": [14, 6, 12, 8], "texture": "#1"}
			}
		},
		{
			"from": [10.6, 29.6, 13],
			"to": [9.1, 28.1, 11.5],
			"shade": false,
			"rotation": {"angle": 0, "axis": "y", "origin": [0, 12, 0.5]},
			"faces": {
				"north": {"uv": [16, 6, 14, 8], "texture": "#1"},
				"east": {"uv": [16, 6, 14, 8], "texture": "#1"},
				"south": {"uv": [16, 6, 14, 8], "texture": "#1"},
				"west": {"uv": [16, 6, 14, 8], "texture": "#1"},
				"up": {"uv": [16, 6, 14, 8], "texture": "#1"},
				"down": {"uv": [16, 6, 14, 8], "texture": "#1"}
			}
		},
		{
			"from": [15.68935, 24.11051, 11.9],
			"to": [16.38935, 24.81051, 12.6],
			"shade": false,
			"rotation": {"angle": 22.5, "axis": "z", "origin": [0, 12, 0.5]},
			"faces": {
				"north": {"uv": [14, 4, 12, 6], "texture": "#1"},
				"east": {"uv": [14, 4, 12, 6], "texture": "#1"},
				"south": {"uv": [14, 4, 12, 6], "texture": "#1"},
				"west": {"uv": [14, 4, 12, 6], "texture": "#1"},
				"up": {"uv": [14, 4, 12, 6], "texture": "#1"},
				"down": {"uv": [14, 4, 12, 6], "texture": "#1"}
			}
		},
		{
			"from": [16.68935, 25.11051, 12.9],
			"to": [15.38935, 23.81051, 11.6],
			"shade": false,
			"rotation": {"angle": 22.5, "axis": "z", "origin": [0, 12, 0.5]},
			"faces": {
				"north": {"uv": [16, 4, 14, 6], "texture": "#1"},
				"east": {"uv": [16, 4, 14, 6], "texture": "#1"},
				"south": {"uv": [16, 4, 14, 6], "texture": "#1"},
				"west": {"uv": [16, 4, 14, 6], "texture": "#1"},
				"up": {"uv": [16, 4, 14, 6], "texture": "#1"},
				"down": {"uv": [16, 4, 14, 6], "texture": "#1"}
			}
		},
		{
			"from": [10, 29.95, 11.95],
			"to": [10.6, 30.55, 12.55],
			"shade": false,
			"rotation": {"angle": 0, "axis": "y", "origin": [0, 12, 0.5]},
			"faces": {
				"north": {"uv": [14, 2, 12, 4], "texture": "#1"},
				"east": {"uv": [14, 2, 12, 4], "texture": "#1"},
				"south": {"uv": [14, 2, 12, 4], "texture": "#1"},
				"west": {"uv": [14, 2, 12, 4], "texture": "#1"},
				"up": {"uv": [14, 2, 12, 4], "texture": "#1"},
				"down": {"uv": [14, 2, 12, 4], "texture": "#1"}
			}
		},
		{
			"from": [10.85, 30.8, 12.8],
			"to": [9.75, 29.7, 11.7],
			"shade": false,
			"rotation": {"angle": 0, "axis": "y", "origin": [0, 12, 0.5]},
			"faces": {
				"north": {"uv": [16, 2, 14, 4], "texture": "#1"},
				"east": {"uv": [16, 2, 14, 4], "texture": "#1"},
				"south": {"uv": [16, 2, 14, 4], "texture": "#1"},
				"west": {"uv": [16, 2, 14, 4], "texture": "#1"},
				"up": {"uv": [16, 2, 14, 4], "texture": "#1"},
				"down": {"uv": [16, 2, 14, 4], "texture": "#1"}
			}
		},
		{
			"from": [5.55, 22.95, 11.95],
			"to": [6.15, 23.55, 12.55],
			"shade": false,
			"rotation": {"angle": 0, "axis": "y", "origin": [0, 11, 0.5]},
			"faces": {
				"north": {"uv": [8, 14, 10, 16], "texture": "#1"},
				"east": {"uv": [8, 14, 10, 16], "texture": "#1"},
				"south": {"uv": [8, 14, 10, 16], "texture": "#1"},
				"west": {"uv": [8, 14, 10, 16], "texture": "#1"},
				"up": {"uv": [8, 14, 10, 16], "texture": "#1"},
				"down": {"uv": [8, 14, 10, 16], "texture": "#1"}
			}
		},
		{
			"from": [6.4, 23.8, 12.8],
			"to": [5.3, 22.7, 11.7],
			"shade": false,
			"rotation": {"angle": 0, "axis": "y", "origin": [0, 11, 0.5]},
			"faces": {
				"north": {"uv": [10, 14, 12, 16], "texture": "#1"},
				"east": {"uv": [10, 14, 12, 16], "texture": "#1"},
				"south": {"uv": [10, 14, 12, 16], "texture": "#1"},
				"west": {"uv": [10, 14, 12, 16], "texture": "#1"},
				"up": {"uv": [10, 14, 12, 16], "texture": "#1"},
				"down": {"uv": [10, 14, 12, 16], "texture": "#1"}
			}
		},
		{
			"from": [9.56436, 20.34384, 11.9],
			"to": [10.26436, 21.04384, 12.6],
			"shade": false,
			"rotation": {"angle": 22.5, "axis": "z", "origin": [0, 11, 0.5]},
			"faces": {
				"north": {"uv": [8, 12, 10, 14], "texture": "#1"},
				"east": {"uv": [8, 12, 10, 14], "texture": "#1"},
				"south": {"uv": [8, 12, 10, 14], "texture": "#1"},
				"west": {"uv": [8, 12, 10, 14], "texture": "#1"},
				"up": {"uv": [8, 12, 10, 14], "texture": "#1"},
				"down": {"uv": [8, 12, 10, 14], "texture": "#1"}
			}
		},
		{
			"from": [10.56436, 21.34384, 12.9],
			"to": [9.26436, 20.04384, 11.6],
			"shade": false,
			"rotation": {"angle": 22.5, "axis": "z", "origin": [0, 11, 0.5]},
			"faces": {
				"north": {"uv": [10, 12, 12, 14], "texture": "#1"},
				"east": {"uv": [10, 12, 12, 14], "texture": "#1"},
				"south": {"uv": [10, 12, 12, 14], "texture": "#1"},
				"west": {"uv": [10, 12, 12, 14], "texture": "#1"},
				"up": {"uv": [10, 12, 12, 14], "texture": "#1"},
				"down": {"uv": [10, 12, 12, 14], "texture": "#1"}
			}
		},
		{
			"from": [12.65219, 16.51041, 11.75],
			"to": [13.65219, 17.51041, 12.75],
			"shade": false,
			"rotation": {"angle": 45, "axis": "z", "origin": [0, 11, 0.5]},
			"faces": {
				"north": {"uv": [8, 10, 10, 12], "texture": "#1"},
				"east": {"uv": [8, 10, 10, 12], "texture": "#1"},
				"south": {"uv": [8, 10, 10, 12], "texture": "#1"},
				"west": {"uv": [8, 10, 10, 12], "texture": "#1"},
				"up": {"uv": [8, 10, 10, 12], "texture": "#1"},
				"down": {"uv": [8, 10, 10, 12], "texture": "#1"}
			}
		},
		{
			"from": [13.90219, 17.76041, 13],
			"to": [12.40219, 16.26041, 11.5],
			"shade": false,
			"rotation": {"angle": 45, "axis": "z", "origin": [0, 11, 0.5]},
			"faces": {
				"north": {"uv": [10, 10, 12, 12], "texture": "#1"},
				"east": {"uv": [10, 10, 12, 12], "texture": "#1"},
				"south": {"uv": [10, 10, 12, 12], "texture": "#1"},
				"west": {"uv": [10, 10, 12, 12], "texture": "#1"},
				"up": {"uv": [10, 10, 12, 12], "texture": "#1"},
				"down": {"uv": [10, 10, 12, 12], "texture": "#1"}
			}
		},
		{
			"from": [-0.73332, 25.82744, 11.75],
			"to": [0.26668, 26.82744, 12.75],
			"shade": false,
			"rotation": {"angle": -22.5, "axis": "z", "origin": [0, 11, 0.5]},
			"faces": {
				"north": {"uv": [8, 8, 10, 10], "rotation": 90, "texture": "#1"},
				"east": {"uv": [8, 8, 10, 10], "rotation": 270, "texture": "#1"},
				"south": {"uv": [8, 8, 10, 10], "rotation": 270, "texture": "#1"},
				"west": {"uv": [8, 8, 10, 10], "rotation": 270, "texture": "#1"},
				"up": {"uv": [8, 8, 10, 10], "rotation": 270, "texture": "#1"},
				"down": {"uv": [8, 8, 10, 10], "rotation": 270, "texture": "#1"}
			}
		},
		{
			"from": [0.51668, 27.07744, 13],
			"to": [-0.98332, 25.57744, 11.5],
			"shade": false,
			"rotation": {"angle": -22.5, "axis": "z", "origin": [0, 11, 0.5]},
			"faces": {
				"north": {"uv": [10, 8, 12, 10], "rotation": 90, "texture": "#1"},
				"east": {"uv": [10, 8, 12, 10], "rotation": 270, "texture": "#1"},
				"south": {"uv": [10, 8, 12, 10], "rotation": 270, "texture": "#1"},
				"west": {"uv": [10, 8, 12, 10], "rotation": 270, "texture": "#1"},
				"up": {"uv": [10, 8, 12, 10], "rotation": 270, "texture": "#1"},
				"down": {"uv": [10, 8, 12, 10], "rotation": 270, "texture": "#1"}
			}
		},
		{
			"from": [5.65, 25.35, 11.75],
			"to": [6.65, 26.35, 12.75],
			"shade": false,
			"rotation": {"angle": 0, "axis": "y", "origin": [0, 11, 0.5]},
			"faces": {
				"north": {"uv": [8, 6, 10, 8], "texture": "#1"},
				"east": {"uv": [8, 6, 10, 8], "texture": "#1"},
				"south": {"uv": [8, 6, 10, 8], "texture": "#1"},
				"west": {"uv": [8, 6, 10, 8], "texture": "#1"},
				"up": {"uv": [8, 6, 10, 8], "texture": "#1"},
				"down": {"uv": [8, 6, 10, 8], "texture": "#1"}
			}
		},
		{
			"from": [6.9, 26.6, 13],
			"to": [5.4, 25.1, 11.5],
			"shade": false,
			"rotation": {"angle": 0, "axis": "y", "origin": [0, 11, 0.5]},
			"faces": {
				"north": {"uv": [10, 6, 12, 8], "texture": "#1"},
				"east": {"uv": [10, 6, 12, 8], "texture": "#1"},
				"south": {"uv": [10, 6, 12, 8], "texture": "#1"},
				"west": {"uv": [10, 6, 12, 8], "texture": "#1"},
				"up": {"uv": [10, 6, 12, 8], "texture": "#1"},
				"down": {"uv": [10, 6, 12, 8], "texture": "#1"}
			}
		},
		{
			"from": [-0.84191, 27.38568, 11.9],
			"to": [-0.14191, 28.08568, 12.6],
			"shade": false,
			"rotation": {"angle": -22.5, "axis": "z", "origin": [0, 11, 0.5]},
			"faces": {
				"north": {"uv": [8, 4, 10, 6], "texture": "#1"},
				"east": {"uv": [8, 4, 10, 6], "texture": "#1"},
				"south": {"uv": [8, 4, 10, 6], "texture": "#1"},
				"west": {"uv": [8, 4, 10, 6], "texture": "#1"},
				"up": {"uv": [8, 4, 10, 6], "texture": "#1"},
				"down": {"uv": [8, 4, 10, 6], "texture": "#1"}
			}
		},
		{
			"from": [0.15809, 28.38568, 12.9],
			"to": [-1.14191, 27.08568, 11.6],
			"shade": false,
			"rotation": {"angle": -22.5, "axis": "z", "origin": [0, 11, 0.5]},
			"faces": {
				"north": {"uv": [10, 4, 12, 6], "texture": "#1"},
				"east": {"uv": [10, 4, 12, 6], "texture": "#1"},
				"south": {"uv": [10, 4, 12, 6], "texture": "#1"},
				"west": {"uv": [10, 4, 12, 6], "texture": "#1"},
				"up": {"uv": [10, 4, 12, 6], "texture": "#1"},
				"down": {"uv": [10, 4, 12, 6], "texture": "#1"}
			}
		},
		{
			"from": [5.4, 26.95, 11.95],
			"to": [6, 27.55, 12.55],
			"shade": false,
			"rotation": {"angle": 0, "axis": "y", "origin": [0, 11, 0.5]},
			"faces": {
				"north": {"uv": [8, 2, 10, 4], "texture": "#1"},
				"east": {"uv": [8, 2, 10, 4], "texture": "#1"},
				"south": {"uv": [8, 2, 10, 4], "texture": "#1"},
				"west": {"uv": [8, 2, 10, 4], "texture": "#1"},
				"up": {"uv": [8, 2, 10, 4], "texture": "#1"},
				"down": {"uv": [8, 2, 10, 4], "texture": "#1"}
			}
		},
		{
			"from": [6.25, 27.8, 12.8],
			"to": [5.15, 26.7, 11.7],
			"shade": false,
			"rotation": {"angle": 0, "axis": "y", "origin": [0, 11, 0.5]},
			"faces": {
				"north": {"uv": [10, 2, 12, 4], "texture": "#1"},
				"east": {"uv": [10, 2, 12, 4], "texture": "#1"},
				"south": {"uv": [10, 2, 12, 4], "texture": "#1"},
				"west": {"uv": [10, 2, 12, 4], "texture": "#1"},
				"up": {"uv": [10, 2, 12, 4], "texture": "#1"},
				"down": {"uv": [10, 2, 12, 4], "texture": "#1"}
			}
		}
	],
	"groups": [
		0,
		1,
		2,
		3,
		4,
		5,
		6,
		7,
		8,
		9,
		10,
		11,
		12,
		13,
		14,
		15,
		16,
		17,
		{
			"name": "particles",
			"origin": [8, 8, 8],
			"color": 0,
			"children": [
				{
					"name": "particles1",
					"origin": [0, 0, 0],
					"color": 0,
					"children": [
						{
							"name": "particle1",
							"origin": [0, 0, 0],
							"color": 0,
							"children": [18, 19]
						},
						{
							"name": "particle2",
							"origin": [0, 0, 0],
							"color": 0,
							"children": [20, 21]
						},
						{
							"name": "particle3",
							"origin": [0, 0, 0],
							"color": 0,
							"children": [22, 23]
						},
						{
							"name": "particle4",
							"origin": [0, 0, 0],
							"color": 0,
							"children": [24, 25]
						},
						{
							"name": "particle5",
							"origin": [0, 0, 0],
							"color": 0,
							"children": [26, 27]
						},
						{
							"name": "particle6",
							"origin": [0, 0, 0],
							"color": 0,
							"children": [28, 29]
						},
						{
							"name": "particle7",
							"origin": [0, 0, 0],
							"color": 0,
							"children": [30, 31]
						}
					]
				},
				{
					"name": "particles2",
					"origin": [0, 0, 0],
					"color": 0,
					"children": [
						{
							"name": "particle1",
							"origin": [0, 0, 0],
							"color": 0,
							"children": [32, 33]
						},
						{
							"name": "particle2",
							"origin": [0, 0, 0],
							"color": 0,
							"children": [34, 35]
						},
						{
							"name": "particle3",
							"origin": [0, 0, 0],
							"color": 0,
							"children": [36, 37]
						},
						{
							"name": "particle4",
							"origin": [0, 0, 0],
							"color": 0,
							"children": [38, 39]
						},
						{
							"name": "particle5",
							"origin": [0, 0, 0],
							"color": 0,
							"children": [40, 41]
						},
						{
							"name": "particle6",
							"origin": [0, 0, 0],
							"color": 0,
							"children": [42, 43]
						},
						{
							"name": "particle7",
							"origin": [0, 0, 0],
							"color": 0,
							"children": [44, 45]
						}
					]
				},
				{
					"name": "particles3",
					"origin": [0, 0, 0],
					"color": 0,
					"children": [
						{
							"name": "particle1",
							"origin": [0, 0, 0],
							"color": 0,
							"children": [46, 47]
						},
						{
							"name": "particle2",
							"origin": [0, 0, 0],
							"color": 0,
							"children": [48, 49]
						},
						{
							"name": "particle3",
							"origin": [0, 0, 0],
							"color": 0,
							"children": [50, 51]
						},
						{
							"name": "particle4",
							"origin": [0, 0, 0],
							"color": 0,
							"children": [52, 53]
						},
						{
							"name": "particle5",
							"origin": [0, 0, 0],
							"color": 0,
							"children": [54, 55]
						},
						{
							"name": "particle6",
							"origin": [0, 0, 0],
							"color": 0,
							"children": [56, 57]
						},
						{
							"name": "particle7",
							"origin": [0, 0, 0],
							"color": 0,
							"children": [58, 59]
						}
					]
				},
				{
					"name": "particles4",
					"origin": [0, 0, 0],
					"color": 0,
					"children": [
						{
							"name": "particle1",
							"origin": [0, 0, 0],
							"color": 0,
							"children": [60, 61]
						},
						{
							"name": "particle2",
							"origin": [0, 0, 0],
							"color": 0,
							"children": [62, 63]
						},
						{
							"name": "particle3",
							"origin": [0, 0, 0],
							"color": 0,
							"children": [64, 65]
						},
						{
							"name": "particle4",
							"origin": [0, 0, 0],
							"color": 0,
							"children": [66, 67]
						},
						{
							"name": "particle5",
							"origin": [0, 0, 0],
							"color": 0,
							"children": [68, 69]
						},
						{
							"name": "particle6",
							"origin": [0, 0, 0],
							"color": 0,
							"children": [70, 71]
						},
						{
							"name": "particle7",
							"origin": [0, 0, 0],
							"color": 0,
							"children": [72, 73]
						}
					]
				}
			]
		}
	]
}