{
	"credit": "Made with Blockbench",
	"texture_size": [32, 32],
	"textures": {
		"0": "item/starwarrior/lightsaber_red",
		"particle": "item/starwarrior/lightsaber_red"
	},
	"elements": [
		{
			"from": [7, -1, 7],
			"to": [9, 3, 9],
			"rotation": {"angle": 0, "axis": "y", "origin": [7, 0, 7]},
			"faces": {
				"north": {"uv": [3, 4.5, 4, 6.5], "texture": "#0"},
				"east": {"uv": [3, 4.5, 4, 6.5], "texture": "#0"},
				"south": {"uv": [3, 4.5, 4, 6.5], "texture": "#0"},
				"west": {"uv": [3, 4.5, 4, 6.5], "texture": "#0"},
				"up": {"uv": [9, 1, 8, 0], "texture": "#0"},
				"down": {"uv": [9, 1, 8, 2], "texture": "#0"}
			}
		},
		{
			"from": [7.25, 2.8, 7.25],
			"to": [8.75, 8, 8.75],
			"rotation": {"angle": 0, "axis": "y", "origin": [7, 0, 7]},
			"faces": {
				"north": {"uv": [6, 0, 6.75, 2.5], "texture": "#0"},
				"east": {"uv": [6, 0, 6.75, 2.5], "texture": "#0"},
				"south": {"uv": [6, 0, 6.75, 2.5], "texture": "#0"},
				"west": {"uv": [6, 0, 6.75, 2.5], "texture": "#0"},
				"up": {"uv": [8.75, 5.75, 8, 5], "texture": "#0"},
				"down": {"uv": [6.75, 8, 6, 8.75], "texture": "#0"}
			}
		},
		{
			"from": [7, 4, 7],
			"to": [9, 5, 9],
			"rotation": {"angle": 0, "axis": "y", "origin": [7, 0, 7]},
			"faces": {
				"north": {"uv": [8, 8, 9, 8.5], "texture": "#0"},
				"east": {"uv": [8, 8, 9, 8.5], "texture": "#0"},
				"south": {"uv": [8, 8, 9, 8.5], "texture": "#0"},
				"west": {"uv": [8, 8, 9, 8.5], "texture": "#0"},
				"up": {"uv": [9, 3, 8, 2], "texture": "#0"},
				"down": {"uv": [4, 8, 3, 9], "texture": "#0"}
			}
		},
		{
			"from": [7, 7.8, 7],
			"to": [9, 11, 9],
			"rotation": {"angle": 0, "axis": "y", "origin": [7, 0, 7]},
			"faces": {
				"north": {"uv": [6, 5, 7, 6.5], "texture": "#0"},
				"east": {"uv": [6, 5, 7, 6.5], "texture": "#0"},
				"south": {"uv": [6, 5, 7, 6.5], "texture": "#0"},
				"west": {"uv": [6, 5, 7, 6.5], "texture": "#0"},
				"up": {"uv": [9, 4, 8, 3], "texture": "#0"},
				"down": {"uv": [9, 4, 8, 5], "texture": "#0"}
			}
		},
		{
			"from": [7.6, 11, 7.6],
			"to": [8.4, 31.5, 8.4],
			"rotation": {"angle": 0, "axis": "y", "origin": [7, 0, 7]},
			"faces": {
				"north": {"uv": [7, 1.5, 7.25, 7.25], "texture": "#0"},
				"east": {"uv": [7.5, 1.5, 7.75, 7.25], "texture": "#0"},
				"south": {"uv": [7, 7.5, 7.25, 13.25], "texture": "#0"},
				"west": {"uv": [7.5, 7.5, 7.75, 13.25], "texture": "#0"},
				"up": {"uv": [1.75, 9.25, 1.5, 9], "texture": "#0"},
				"down": {"uv": [9.25, 1.5, 9, 1.75], "texture": "#0"}
			}
		},
		{
			"from": [8.76725, 32, 8.76725],
			"to": [7.23275, 11, 7.23275],
			"rotation": {"angle": 0, "axis": "y", "origin": [7.8295, 0, 7.8295]},
			"faces": {
				"north": {"uv": [4, 0, 4.5, 6], "texture": "#0"},
				"east": {"uv": [4, 0, 4.5, 6], "texture": "#0"},
				"south": {"uv": [4, 0, 4.5, 6], "texture": "#0"},
				"west": {"uv": [4, 0, 4.5, 6], "texture": "#0"},
				"down": {"uv": [9.5, 0.5, 9, 1], "texture": "#0"}
			}
		}
	],
	"gui_light": "front",
	"display": {
		"thirdperson_righthand": {
			"translation": [0, 1, 1.5]
		},
		"thirdperson_lefthand": {
			"translation": [0, 1, 1.5]
		},
		"firstperson_righthand": {
			"rotation": [0.5, -3.77, -3],
			"translation": [2.5, 2.25, -0.25],
			"scale": [0.6, 0.6, 0.6]
		},
		"firstperson_lefthand": {
			"rotation": [0.5, -3.77, -3],
			"translation": [2.5, 2.25, -0.25],
			"scale": [0.6, 0.6, 0.6]
		},
		"ground": {
			"rotation": [45, 0, 0],
			"translation": [0, 0.5, 0],
			"scale": [0.47, 0.47, 0.47]
		},
		"gui": {
			"rotation": [0, 0, 45],
			"translation": [3.25, -3.25, 0],
			"scale": [0.63, 0.63, 0.63]
		},
		"head": {
			"scale": [0, 0, 0]
		},
		"fixed": {
			"translation": [0, -6.5, -2.5]
		}
	}
}