{"textures":{"0":"modelengine:entity/dragon_nether"},"elements":[{"from":[6.0,5.898649,7.41008],"to":[10.0,9.898649,17.41008],"faces":{"east":{"uv":[8.5625,0.375,9.1875,0.625],"tintindex":0,"rotation":0,"texture":"#0"},"south":{"uv":[9.5,5.9375,9.75,6.1875],"tintindex":0,"rotation":0,"texture":"#0"},"north":{"uv":[9.5,5.625,9.75,5.875],"tintindex":0,"rotation":0,"texture":"#0"},"west":{"uv":[8.625,8.3125,9.25,8.5625],"tintindex":0,"rotation":0,"texture":"#0"},"up":{"uv":[6.8125,9.125,6.5625,8.5],"tintindex":0,"rotation":0,"texture":"#0"},"down":{"uv":[8.875,8.625,8.625,9.25],"tintindex":0,"rotation":0,"texture":"#0"}}},{"from":[8.0,9.898649,7.41008],"to":[8.0,13.898648,17.41008],"faces":{"east":{"uv":[9.3125,7.625,8.6875,7.875],"tintindex":0,"rotation":0,"texture":"#0"},"west":{"uv":[8.6875,7.625,9.3125,7.875],"tintindex":0,"rotation":0,"texture":"#0"}}}]}