{
	"credit": "Made with Blockbench",
	"textures": {
		"0": "item/samurai/samurai_atlas",
		"1": "item/samurai/samurai_ef_long",
		"particle": "item/samurai/samurai_atlas"
	},
	"elements": [
		{
			"from": [3.125, -5.96872, 6.75],
			"to": [12.875, 9.78128, 8.25],
			"shade": false,
			"rotation": {"angle": 0, "axis": "y", "origin": [8, 2.65628, 9]},
			"faces": {
				"north": {"uv": [2.75, 4.875, 4, 6.875], "texture": "#0"},
				"east": {"uv": [3.625, 8.125, 3.875, 10.125], "texture": "#0"},
				"south": {"uv": [4, 4.875, 5.25, 6.875], "texture": "#0"},
				"west": {"uv": [3.875, 8.125, 4.125, 10.125], "texture": "#0"},
				"up": {"uv": [9.75, 8.375, 8.5, 8.125], "texture": "#0"},
				"down": {"uv": [9.875, 3.75, 8.625, 4], "texture": "#0"}
			}
		},
		{
			"from": [5.47832, 2.44778, 6.07982],
			"to": [10.83668, 3.71114, 6.78418],
			"shade": false,
			"rotation": {"angle": -45, "axis": "z", "origin": [8, 5.28446, 6.932]},
			"faces": {
				"north": {"uv": [9.2875, 1, 10, 1.25], "texture": "#0"},
				"east": {"uv": [10.25, 8.375, 10.5, 8.625], "texture": "#0"},
				"south": {"uv": [10, 1, 9.2875, 1.25], "texture": "#0"},
				"west": {"uv": [8.5, 10.25, 8.75, 10.5], "texture": "#0"},
				"up": {"uv": [9.5, 6.75, 9.25, 6], "rotation": 90, "texture": "#0"},
				"down": {"uv": [9.5, 6.75, 9.25, 7.4625], "rotation": 270, "texture": "#0"}
			}
		},
		{
			"from": [9.26, 3.70946, 6.0815],
			"to": [10.52, 7.80446, 6.7825],
			"shade": false,
			"rotation": {"angle": 45, "axis": "z", "origin": [8, 5.28446, 6.932]},
			"faces": {
				"north": {"uv": [9.75, 4.5, 10, 5.125], "texture": "#0"},
				"east": {"uv": [2, 9.75, 2.25, 10.375], "texture": "#0"},
				"south": {"uv": [2.25, 9.75, 2.5, 10.375], "texture": "#0"},
				"west": {"uv": [3, 9.75, 3.25, 10.375], "texture": "#0"},
				"up": {"uv": [10.5, 8.875, 10.25, 8.625], "rotation": 90, "texture": "#0"},
				"down": {"uv": [9, 10.25, 8.75, 10.5], "rotation": 270, "texture": "#0"}
			}
		},
		{
			"from": [5.47832, 3.70778, 6.07982],
			"to": [6.74168, 7.80614, 6.78418],
			"shade": false,
			"rotation": {"angle": -45, "axis": "z", "origin": [8, 5.28446, 6.932]},
			"faces": {
				"north": {"uv": [1.75, 9.7875, 2, 10.375], "texture": "#0"},
				"east": {"uv": [0.5, 9.75, 0.75, 10.375], "texture": "#0"},
				"south": {"uv": [2, 9.7875, 1.75, 10.375], "texture": "#0"},
				"west": {"uv": [1.5, 9.7875, 1.75, 10.375], "texture": "#0"},
				"up": {"uv": [10.5, 8, 10.25, 7.75], "rotation": 90, "texture": "#0"},
				"down": {"uv": [8.5, 10.25, 8.25, 10.5], "rotation": 270, "texture": "#0"}
			}
		},
		{
			"from": [7.181, 4.15046, 6.1235],
			"to": [9.134, 6.10346, 6.7405],
			"shade": false,
			"rotation": {"angle": -45, "axis": "z", "origin": [8, 5.28446, 6.932]},
			"faces": {
				"north": {"uv": [10.25, 6.5, 10.5, 6.75], "texture": "#0"},
				"east": {"uv": [10.25, 5.75, 10.5, 6], "texture": "#0"},
				"south": {"uv": [10.25, 6, 10.5, 6.25], "texture": "#0"},
				"west": {"uv": [10.25, 6.25, 10.5, 6.5], "texture": "#0"},
				"up": {"uv": [6.875, 10.5, 6.625, 10.25], "rotation": 90, "texture": "#0"},
				"down": {"uv": [10.5, 7.125, 10.25, 7.375], "rotation": 270, "texture": "#0"}
			}
		},
		{
			"from": [5.165, 2.44946, 6.0815],
			"to": [10.52, 3.70946, 6.7825],
			"shade": false,
			"rotation": {"angle": 45, "axis": "z", "origin": [8, 5.28446, 6.932]},
			"faces": {
				"north": {"uv": [9.25, 1.5, 10, 1.75], "texture": "#0"},
				"east": {"uv": [10.25, 8.875, 10.5, 9.125], "texture": "#0"},
				"south": {"uv": [9.25, 1.25, 10, 1.5], "texture": "#0"},
				"west": {"uv": [10.25, 9.125, 10.5, 9.375], "texture": "#0"},
				"up": {"uv": [7.875, 10, 7.625, 9.25], "rotation": 90, "texture": "#0"},
				"down": {"uv": [8.125, 9.25, 7.875, 10], "rotation": 270, "texture": "#0"}
			}
		},
		{
			"from": [3.94715, 6.19442, 0.34054],
			"to": [5.44715, 9.19442, 3.34054],
			"shade": false,
			"rotation": {"angle": 45, "axis": "x", "origin": [9.44715, 2.65628, 9]},
			"faces": {
				"north": {"uv": [3.875, 10.125, 4.125, 10.5], "texture": "#0"},
				"east": {"uv": [9.5, 3.375, 9.875, 3.75], "texture": "#0"},
				"south": {"uv": [9.625, 10.125, 9.875, 10.5], "texture": "#0"},
				"west": {"uv": [9.625, 7.125, 10, 7.5], "texture": "#0"},
				"up": {"uv": [10.125, 10.5, 9.875, 10.125], "texture": "#0"},
				"down": {"uv": [10.375, 9.875, 10.125, 10.25], "texture": "#0"}
			}
		},
		{
			"from": [10.55285, 6.19442, 0.34054],
			"to": [12.05285, 9.19442, 3.34054],
			"shade": false,
			"rotation": {"angle": 45, "axis": "x", "origin": [6.55285, 2.65628, 9]},
			"faces": {
				"north": {"uv": [4.125, 10.125, 3.875, 10.5], "texture": "#0"},
				"east": {"uv": [10, 7.125, 9.625, 7.5], "texture": "#0"},
				"south": {"uv": [9.875, 10.125, 9.625, 10.5], "texture": "#0"},
				"west": {"uv": [9.875, 3.375, 9.5, 3.75], "texture": "#0"},
				"up": {"uv": [9.875, 10.5, 10.125, 10.125], "texture": "#0"},
				"down": {"uv": [10.125, 9.875, 10.375, 10.25], "texture": "#0"}
			}
		},
		{
			"from": [-2.875, -5.96872, 7.5],
			"to": [18.875, 15.78128, 7.5],
			"shade": false,
			"rotation": {"angle": 0, "axis": "y", "origin": [8, 2.65628, 9]},
			"faces": {
				"north": {"uv": [0, 0, 2.75, 2.75], "texture": "#0"},
				"east": {"uv": [0, 0, 0, 2.75], "texture": "#0"},
				"south": {"uv": [2.75, 0, 0, 2.75], "texture": "#0"},
				"west": {"uv": [0, 0, 0, 2.75], "texture": "#0"},
				"up": {"uv": [2.75, 0, 0, 0], "texture": "#0"},
				"down": {"uv": [2.75, 0, 0, 0], "texture": "#0"}
			}
		},
		{
			"from": [6.8, -0.34372, 8.25],
			"to": [9.2, 4.15628, 12.75],
			"shade": false,
			"rotation": {"angle": 0, "axis": "y", "origin": [8, 2.65628, 9]},
			"faces": {
				"north": {"uv": [8.25, 9.625, 8.5, 10.25], "texture": "#0"},
				"east": {"uv": [4.75, 8.375, 5.375, 9], "texture": "#0"},
				"south": {"uv": [8.5, 9.625, 8.75, 10.25], "texture": "#0"},
				"west": {"uv": [8.25, 8.375, 8.875, 9], "texture": "#0"},
				"up": {"uv": [9, 10.25, 8.75, 9.625], "texture": "#0"},
				"down": {"uv": [10, 0, 9.75, 0.625], "texture": "#0"}
			}
		},
		{
			"from": [4.6565, 9.77528, 6.744],
			"to": [11.3435, 12.44978, 8.256],
			"shade": false,
			"rotation": {"angle": 0, "axis": "y", "origin": [8, 2.65628, 9]},
			"faces": {
				"north": {"uv": [8.5, 7.75, 9.375, 8.125], "texture": "#0"},
				"east": {"uv": [3.375, 10.125, 3.625, 10.5], "texture": "#0"},
				"south": {"uv": [8.625, 3.375, 9.5, 3.75], "texture": "#0"},
				"west": {"uv": [3.625, 10.125, 3.875, 10.5], "texture": "#0"},
				"up": {"uv": [6, 3.25, 5.125, 3], "texture": "#0"},
				"down": {"uv": [9.625, 2, 8.75, 2.25], "texture": "#0"}
			}
		},
		{
			"from": [15.40178, 3.44778, 6.746],
			"to": [17.28478, 7.20578, 8.254],
			"shade": false,
			"rotation": {"angle": 45, "axis": "z", "origin": [8, 2.65628, 9]},
			"faces": {
				"north": {"uv": [4.25, 9.875, 4.5, 10.375], "texture": "#0"},
				"east": {"uv": [6.875, 9.875, 7.125, 10.375], "texture": "#0"},
				"south": {"uv": [10, 0, 10.25, 0.5], "texture": "#0"},
				"west": {"uv": [10, 0.75, 10.25, 1.25], "texture": "#0"},
				"up": {"uv": [10.5, 4.125, 10.25, 3.875], "texture": "#0"},
				"down": {"uv": [10.5, 4.5, 10.25, 4.75], "texture": "#0"}
			}
		},
		{
			"from": [-1.28478, 3.44778, 6.746],
			"to": [0.59822, 7.20578, 8.254],
			"shade": false,
			"rotation": {"angle": -45, "axis": "z", "origin": [8, 2.65628, 9]},
			"faces": {
				"north": {"uv": [10, 1.25, 10.25, 1.75], "texture": "#0"},
				"east": {"uv": [10, 2.125, 10.25, 2.625], "texture": "#0"},
				"south": {"uv": [10, 2.625, 10.25, 3.125], "texture": "#0"},
				"west": {"uv": [10, 4.5, 10.25, 5], "texture": "#0"},
				"up": {"uv": [5, 10.5, 4.75, 10.25], "texture": "#0"},
				"down": {"uv": [10.5, 4.75, 10.25, 5], "texture": "#0"}
			}
		},
		{
			"from": [-2.33716, -7.69116, 6.744],
			"to": [6.14984, 0.79584, 8.256],
			"shade": false,
			"rotation": {"angle": 45, "axis": "z", "origin": [8, 2.65628, 9]},
			"faces": {
				"north": {"uv": [1.625, 7.125, 2.625, 8.125], "texture": "#0"},
				"east": {"uv": [7.125, 8.75, 7.375, 9.75], "texture": "#0"},
				"south": {"uv": [7.125, 3.375, 8.125, 4.375], "texture": "#0"},
				"west": {"uv": [7.375, 8.75, 7.625, 9.75], "texture": "#0"},
				"up": {"uv": [9.625, 4.25, 8.625, 4], "texture": "#0"},
				"down": {"uv": [9.75, 1.75, 8.75, 2], "texture": "#0"}
			}
		},
		{
			"from": [10.37868, 8.7884, 7.21588],
			"to": [7.37868, 5.7884, 5.72412],
			"shade": false,
			"rotation": {"angle": -45, "axis": "z", "origin": [5.87868, 7.2884, 8]},
			"faces": {
				"north": {"uv": [10.75, 3.625, 10.625, 3.5], "texture": "#0"},
				"east": {"uv": [10.75, 3.625, 10.625, 3.5], "texture": "#0"},
				"south": {"uv": [10.75, 3.625, 10.625, 3.5], "texture": "#0"},
				"west": {"uv": [10.75, 3.625, 10.625, 3.5], "texture": "#0"},
				"up": {"uv": [10.75, 3.625, 10.625, 3.5], "rotation": 90, "texture": "#0"},
				"down": {"uv": [10.75, 3.625, 10.625, 3.5], "rotation": 270, "texture": "#0"}
			}
		},
		{
			"name": "ef",
			"from": [-0.89946, -12, 3.23629],
			"to": [10.60054, 1, 3.23629],
			"shade": false,
			"rotation": {"angle": 22.5, "axis": "y", "origin": [9.85054, -4.5, 7.73629]},
			"faces": {
				"north": {"uv": [15, 0, 8.25, 6.5], "texture": "#1"},
				"east": {"uv": [0, 0, 0, 2.25], "texture": "#missing"},
				"south": {"uv": [8.25, 0, 15, 6.5], "texture": "#1"},
				"west": {"uv": [0, 0, 0, 2.25], "texture": "#missing"},
				"up": {"uv": [2.25, 0, 0, 0], "texture": "#missing"},
				"down": {"uv": [2.25, 0, 0, 0], "texture": "#missing"}
			}
		},
		{
			"name": "ef",
			"from": [-2.80609, 4, 5.51472],
			"to": [8.69391, 17, 5.51472],
			"shade": false,
			"rotation": {"angle": 22.5, "axis": "y", "origin": [2.94391, 13.5, 5.51472]},
			"faces": {
				"north": {"uv": [7, 1, 0.25, 7.5], "texture": "#1"},
				"east": {"uv": [0, 0, 0, 2.25], "texture": "#missing"},
				"south": {"uv": [0.25, 1, 7, 7.5], "texture": "#1"},
				"west": {"uv": [0, 0, 0, 2.25], "texture": "#missing"},
				"up": {"uv": [2.25, 0, 0, 0], "texture": "#missing"},
				"down": {"uv": [2.25, 0, 0, 0], "texture": "#missing"}
			}
		},
		{
			"name": "ef",
			"from": [6.45863, -2, 3.90685],
			"to": [19.95863, 11, 3.90685],
			"shade": false,
			"rotation": {"angle": -22.5, "axis": "y", "origin": [10.45863, -2, 5.65685]},
			"faces": {
				"north": {"uv": [0.75, 9.5, 7.5, 16], "texture": "#1"},
				"east": {"uv": [0, 0, 0, 2.25], "texture": "#missing"},
				"south": {"uv": [7.5, 9.5, 0.75, 16], "texture": "#1"},
				"west": {"uv": [0, 0, 0, 2.25], "texture": "#missing"},
				"up": {"uv": [0, 0, 2.25, 0], "texture": "#missing"},
				"down": {"uv": [0, 0, 2.25, 0], "texture": "#missing"}
			}
		}
	],
	"gui_light": "front",
	"display": {
		"thirdperson_righthand": {
			"rotation": [0, -90, 0],
			"translation": [2.5, 4, 2.75]
		},
		"thirdperson_lefthand": {
			"rotation": [0, -90, 0],
			"translation": [2.5, 4, 2.75]
		},
		"firstperson_righthand": {
			"rotation": [0, -1.75, 0],
			"translation": [10.5, 1.5, -9.75],
			"scale": [1.2, 1.2, 1.2]
		},
		"firstperson_lefthand": {
			"rotation": [0, -1.75, 0],
			"translation": [10.5, 1.5, -9.75],
			"scale": [1.2, 1.2, 1.2]
		},
		"ground": {
			"rotation": [0, 0, 45],
			"translation": [-0.75, 2.5, 0],
			"scale": [0.4, 0.4, 0.4]
		},
		"gui": {
			"rotation": [180, 0, -135],
			"translation": [1.75, 1.75, 0],
			"scale": [0.62, 0.62, 0.62]
		},
		"head": {
			"translation": [0, 6.5, 0],
			"scale": [0, 0, 0]
		},
		"fixed": {
			"translation": [0, 5, -0.75],
			"scale": [0.75, 0.75, 0.75]
		}
	},
	"groups": [
		{
			"name": "samurai_shield",
			"origin": [5.10571, -3.51256, 7.5],
			"color": 0,
			"nbt": "{}",
			"shade": false,
			"children": [0, 1, 2, 3, 4, 5, 6, 7, 8, 9, 10, 11, 12, 13, 14, 15, 16, 17]
		}
	]
}