{
	"credit": "Made with Blockbench",
	"textures": {
		"0": "item/samurai/samurai_atlas",
		"1": "item/samurai/samurai_ef_long",
		"particle": "item/samurai/samurai_atlas"
	},
	"elements": [
		{
			"from": [7.3875, -2.34962, 6.27984],
			"to": [8.5125, 12.40038, 7.90484],
			"rotation": {"angle": 0, "axis": "y", "origin": [7.95, -1.66895, 8.92047]},
			"faces": {
				"north": {"uv": [1.25, 8.75, 1.375, 10.625], "texture": "#0"},
				"east": {"uv": [8.25, 0.75, 8.5, 2.625], "texture": "#0"},
				"south": {"uv": [8.125, 8.75, 8.25, 10.625], "texture": "#0"},
				"west": {"uv": [0, 8.375, 0.25, 10.25], "texture": "#0"},
				"up": {"uv": [10.625, 4.75, 10.5, 4.5], "texture": "#0"},
				"down": {"uv": [4.875, 10.5, 4.75, 10.75], "texture": "#0"}
			}
		},
		{
			"from": [8.5, -3.66126, 1.86875],
			"to": [8.5, 2.24499, 12.33125],
			"rotation": {"angle": -22.5, "axis": "x", "origin": [8, 0.04186, 7.1]},
			"faces": {
				"north": {"uv": [0, 0, 0, 0.875], "texture": "#0"},
				"east": {"uv": [5.25, 6.375, 6.75, 7.25], "texture": "#0"},
				"south": {"uv": [0, 0, 0, 0.875], "texture": "#0"},
				"west": {"uv": [6.625, 0, 8.125, 0.875], "texture": "#0"},
				"up": {"uv": [0, 1.5, 0, 0], "texture": "#0"},
				"down": {"uv": [0, 0, 0, 1.5], "texture": "#0"}
			}
		},
		{
			"from": [8, -2.91126, 1.86875],
			"to": [8, 2.99499, 12.33125],
			"rotation": {"angle": 0, "axis": "y", "origin": [8, 0.04186, 7.1]},
			"faces": {
				"north": {"uv": [0, 0, 0, 0.875], "texture": "#0"},
				"east": {"uv": [5.25, 6.375, 6.75, 7.25], "texture": "#0"},
				"south": {"uv": [0, 0, 0, 0.875], "texture": "#0"},
				"west": {"uv": [6.625, 0, 8.125, 0.875], "texture": "#0"},
				"up": {"uv": [0, 1.5, 0, 0], "texture": "#0"},
				"down": {"uv": [0, 0, 0, 1.5], "texture": "#0"}
			}
		},
		{
			"from": [6.39688, -1.23501, 5.525],
			"to": [9.60313, 0.45249, 8.675],
			"rotation": {"angle": -45, "axis": "y", "origin": [8, -0.1747, 7.1]},
			"faces": {
				"north": {"uv": [6.625, 2.75, 7.125, 3], "texture": "#0"},
				"east": {"uv": [9.75, 1.75, 10.25, 2], "texture": "#0"},
				"south": {"uv": [9.875, 6.875, 10.375, 7.125], "texture": "#0"},
				"west": {"uv": [9.625, 9.875, 10.125, 10.125], "texture": "#0"},
				"up": {"uv": [9.25, 1.25, 8.75, 0.75], "texture": "#0"},
				"down": {"uv": [9.25, 1.25, 8.75, 1.75], "texture": "#0"}
			}
		},
		{
			"from": [7.73125, -7.47462, 11.87359],
			"to": [8.16875, 5.02538, 12.31109],
			"rotation": {"angle": 0, "axis": "y", "origin": [7.95, -7.22462, 12.09234]},
			"faces": {
				"north": {"uv": [5.125, 9, 5.25, 10.625], "texture": "#0"},
				"east": {"uv": [5.25, 9, 5.375, 10.625], "texture": "#0"},
				"south": {"uv": [9, 9, 9.125, 10.625], "texture": "#0"},
				"west": {"uv": [4.125, 9.125, 4.25, 10.75], "texture": "#0"},
				"up": {"uv": [10.625, 2, 10.5, 1.875], "texture": "#0"},
				"down": {"uv": [10.625, 3.5, 10.5, 3.625], "texture": "#0"}
			}
		},
		{
			"from": [7.3855, -7.85774, 6.07754],
			"to": [8.5145, 0.70876, 7.70654],
			"rotation": {"angle": -45, "axis": "x", "origin": [7.95, -1.66895, 8.92047]},
			"faces": {
				"north": {"uv": [3.25, 9.75, 3.375, 10.875], "texture": "#0"},
				"east": {"uv": [6.625, 8.5, 6.875, 9.625], "texture": "#0"},
				"south": {"uv": [9.125, 9.75, 9.25, 10.875], "texture": "#0"},
				"west": {"uv": [0.25, 8.75, 0.5, 9.875], "texture": "#0"},
				"up": {"uv": [10.625, 5, 10.5, 4.75], "texture": "#0"},
				"down": {"uv": [5, 10.5, 4.875, 10.75], "texture": "#0"}
			}
		},
		{
			"from": [7.3875, -8.47511, 8.66468],
			"to": [8.5125, -7.85011, 10.16468],
			"rotation": {"angle": -22.5, "axis": "x", "origin": [7.95, -1.66895, 8.92047]},
			"faces": {
				"north": {"uv": [10.375, 3.75, 10.5, 3.875], "texture": "#0"},
				"east": {"uv": [8.25, 2.625, 8.5, 2.75], "texture": "#0"},
				"south": {"uv": [10.375, 4.125, 10.5, 4.25], "texture": "#0"},
				"west": {"uv": [10.5, 0.5, 10.75, 0.625], "texture": "#0"},
				"up": {"uv": [10.625, 5.25, 10.5, 5], "texture": "#0"},
				"down": {"uv": [10.625, 5.25, 10.5, 5.5], "texture": "#0"}
			}
		},
		{
			"from": [7.95, -10.8105, 9.82207],
			"to": [7.95, -3.373, 14.57207],
			"rotation": {"angle": -22.5, "axis": "x", "origin": [7.95, -7.59175, 12.44707]},
			"faces": {
				"north": {"uv": [0, 0, 0, 1], "texture": "#0"},
				"east": {"uv": [8, 5, 8.625, 6], "texture": "#0"},
				"south": {"uv": [0, 0, 0, 1], "texture": "#0"},
				"west": {"uv": [8, 6, 8.625, 7], "texture": "#0"},
				"up": {"uv": [0, 0.625, 0, 0], "texture": "#0"},
				"down": {"uv": [0, 0, 0, 0.625], "texture": "#0"}
			}
		},
		{
			"from": [7.95, 13.373, 9.82207],
			"to": [7.95, 20.8105, 14.57207],
			"rotation": {"angle": 22.5, "axis": "x", "origin": [7.95, 17.59175, 12.44707]},
			"faces": {
				"north": {"uv": [0, 1, 0, 0], "texture": "#0"},
				"east": {"uv": [8, 6, 8.625, 5], "texture": "#0"},
				"south": {"uv": [0, 1, 0, 0], "texture": "#0"},
				"west": {"uv": [8, 7, 8.625, 6], "texture": "#0"},
				"up": {"uv": [0, 0.625, 0, 0], "texture": "#0"},
				"down": {"uv": [0, 0, 0, 0.625], "texture": "#0"}
			}
		},
		{
			"from": [7.73125, 4.97462, 11.87359],
			"to": [8.16875, 17.47462, 12.31109],
			"rotation": {"angle": 0, "axis": "y", "origin": [7.95, 17.22462, 12.09234]},
			"faces": {
				"north": {"uv": [5.125, 10.625, 5.25, 9], "texture": "#0"},
				"east": {"uv": [5.25, 10.625, 5.375, 9], "texture": "#0"},
				"south": {"uv": [9, 10.625, 9.125, 9], "texture": "#0"},
				"west": {"uv": [4.125, 10.75, 4.25, 9.125], "texture": "#0"},
				"up": {"uv": [10.625, 3.625, 10.5, 3.5], "texture": "#0"},
				"down": {"uv": [10.625, 1.875, 10.5, 2], "texture": "#0"}
			}
		},
		{
			"from": [7.3875, 17.85011, 8.66468],
			"to": [8.5125, 18.47511, 10.16468],
			"rotation": {"angle": 22.5, "axis": "x", "origin": [7.95, 11.66895, 8.92047]},
			"faces": {
				"north": {"uv": [10.375, 3.875, 10.5, 3.75], "texture": "#0"},
				"east": {"uv": [8.25, 2.75, 8.5, 2.625], "texture": "#0"},
				"south": {"uv": [10.375, 4.25, 10.5, 4.125], "texture": "#0"},
				"west": {"uv": [10.5, 0.625, 10.75, 0.5], "texture": "#0"},
				"up": {"uv": [10.625, 5.5, 10.5, 5.25], "texture": "#0"},
				"down": {"uv": [10.625, 5, 10.5, 5.25], "texture": "#0"}
			}
		},
		{
			"from": [7.3855, 9.29124, 6.07754],
			"to": [8.5145, 17.85774, 7.70654],
			"rotation": {"angle": 45, "axis": "x", "origin": [7.95, 11.66895, 8.92047]},
			"faces": {
				"north": {"uv": [3.25, 10.875, 3.375, 9.75], "texture": "#0"},
				"east": {"uv": [6.625, 9.625, 6.875, 8.5], "texture": "#0"},
				"south": {"uv": [9.125, 10.875, 9.25, 9.75], "texture": "#0"},
				"west": {"uv": [0.25, 9.875, 0.5, 8.75], "texture": "#0"},
				"up": {"uv": [5, 10.75, 4.875, 10.5], "texture": "#0"},
				"down": {"uv": [10.625, 4.75, 10.5, 5], "texture": "#0"}
			}
		},
		{
			"from": [6.39688, 9.54751, 5.525],
			"to": [9.60313, 11.23501, 8.675],
			"rotation": {"angle": -45, "axis": "y", "origin": [8, 10.1747, 7.1]},
			"faces": {
				"north": {"uv": [6.625, 3, 7.125, 2.75], "texture": "#0"},
				"east": {"uv": [9.75, 2, 10.25, 1.75], "texture": "#0"},
				"south": {"uv": [9.875, 7.125, 10.375, 6.875], "texture": "#0"},
				"west": {"uv": [9.625, 10.125, 10.125, 9.875], "texture": "#0"},
				"up": {"uv": [9.25, 1.75, 8.75, 1.25], "texture": "#0"},
				"down": {"uv": [9.25, 0.75, 8.75, 1.25], "texture": "#0"}
			}
		},
		{
			"from": [8.5, 7.75501, 1.86875],
			"to": [8.5, 13.66126, 12.33125],
			"rotation": {"angle": 22.5, "axis": "x", "origin": [8, 9.95814, 7.1]},
			"faces": {
				"north": {"uv": [0, 0.875, 0, 0], "texture": "#0"},
				"east": {"uv": [5.25, 7.25, 6.75, 6.375], "texture": "#0"},
				"south": {"uv": [0, 0.875, 0, 0], "texture": "#0"},
				"west": {"uv": [6.625, 0.875, 8.125, 0], "texture": "#0"},
				"up": {"uv": [0, 1.5, 0, 0], "texture": "#0"},
				"down": {"uv": [0, 0, 0, 1.5], "texture": "#0"}
			}
		},
		{
			"from": [8, 7.00501, 1.86875],
			"to": [8, 12.91126, 12.33125],
			"rotation": {"angle": 0, "axis": "y", "origin": [8, 9.95814, 7.1]},
			"faces": {
				"north": {"uv": [0, 0.875, 0, 0], "texture": "#0"},
				"east": {"uv": [5.25, 7.25, 6.75, 6.375], "texture": "#0"},
				"south": {"uv": [0, 0.875, 0, 0], "texture": "#0"},
				"west": {"uv": [6.625, 0.875, 8.125, 0], "texture": "#0"},
				"up": {"uv": [0, 1.5, 0, 0], "texture": "#0"},
				"down": {"uv": [0, 0, 0, 1.5], "texture": "#0"}
			}
		},
		{
			"from": [7.1495, 2.52658, 4.74816],
			"to": [8.8505, 3.78658, 10.10316],
			"rotation": {"angle": 45, "axis": "x", "origin": [7.85825, 5.54774, 7.082]},
			"faces": {
				"north": {"uv": [10.25, 8.875, 10.5, 9.125], "texture": "#0"},
				"east": {"uv": [9.25, 1.25, 10, 1.5], "texture": "#0"},
				"south": {"uv": [10.25, 9.125, 10.5, 9.375], "texture": "#0"},
				"west": {"uv": [9.25, 1.5, 10, 1.75], "texture": "#0"},
				"up": {"uv": [7.875, 10, 7.625, 9.25], "texture": "#0"},
				"down": {"uv": [8.125, 9.25, 7.875, 10], "texture": "#0"}
			}
		},
		{
			"from": [7.1915, 4.22758, 5.76184],
			"to": [8.8085, 6.18058, 7.71484],
			"rotation": {"angle": -45, "axis": "x", "origin": [7.85825, 5.54774, 7.082]},
			"faces": {
				"north": {"uv": [10.25, 5.75, 10.5, 6], "texture": "#0"},
				"east": {"uv": [10.25, 6, 10.5, 6.25], "texture": "#0"},
				"south": {"uv": [10.25, 6.25, 10.5, 6.5], "texture": "#0"},
				"west": {"uv": [10.25, 6.5, 10.5, 6.75], "texture": "#0"},
				"up": {"uv": [6.875, 10.5, 6.625, 10.25], "texture": "#0"},
				"down": {"uv": [10.5, 7.125, 10.25, 7.375], "texture": "#0"}
			}
		},
		{
			"from": [7.1495, 3.78658, 4.74816],
			"to": [8.8505, 7.88158, 6.00816],
			"rotation": {"angle": 45, "axis": "x", "origin": [7.85825, 5.54774, 7.082]},
			"faces": {
				"north": {"uv": [2, 9.75, 2.25, 10.375], "texture": "#0"},
				"east": {"uv": [2.25, 9.75, 2.5, 10.375], "texture": "#0"},
				"south": {"uv": [3, 9.75, 3.25, 10.375], "texture": "#0"},
				"west": {"uv": [9.75, 4.5, 10, 5.125], "texture": "#0"},
				"up": {"uv": [10.5, 8.875, 10.25, 8.625], "texture": "#0"},
				"down": {"uv": [9, 10.25, 8.75, 10.5], "texture": "#0"}
			}
		},
		{
			"from": [7.14782, 3.7849, 8.15416],
			"to": [8.85218, 7.88326, 9.41752],
			"rotation": {"angle": -45, "axis": "x", "origin": [7.85825, 5.54774, 7.082]},
			"faces": {
				"north": {"uv": [0.5, 9.75, 0.75, 10.375], "texture": "#0"},
				"east": {"uv": [2, 9.7875, 1.75, 10.375], "texture": "#0"},
				"south": {"uv": [1.5, 9.7875, 1.75, 10.375], "texture": "#0"},
				"west": {"uv": [1.75, 9.7875, 2, 10.375], "texture": "#0"},
				"up": {"uv": [10.5, 8, 10.25, 7.75], "texture": "#0"},
				"down": {"uv": [8.5, 10.25, 8.25, 10.5], "texture": "#0"}
			}
		},
		{
			"from": [7.14782, 2.5249, 4.05916],
			"to": [8.85218, 3.78826, 9.41752],
			"rotation": {"angle": -45, "axis": "x", "origin": [7.85825, 5.54774, 7.082]},
			"faces": {
				"north": {"uv": [10.25, 8.375, 10.5, 8.625], "texture": "#0"},
				"east": {"uv": [10, 1, 9.2875, 1.25], "texture": "#0"},
				"south": {"uv": [8.5, 10.25, 8.75, 10.5], "texture": "#0"},
				"west": {"uv": [9.2875, 1, 10, 1.25], "texture": "#0"},
				"up": {"uv": [9.5, 6.75, 9.25, 6], "texture": "#0"},
				"down": {"uv": [9.5, 6.75, 9.25, 7.4625], "texture": "#0"}
			}
		},
		{
			"from": [9.17, 8.35572, 8.49706],
			"to": [6.83, 5.95572, 6.09706],
			"rotation": {"angle": -45, "axis": "x", "origin": [8, 5.83072, 9.69706]},
			"faces": {
				"north": {"uv": [10.75, 3.625, 10.625, 3.5], "texture": "#0"},
				"east": {"uv": [10.75, 3.625, 10.625, 3.5], "texture": "#0"},
				"south": {"uv": [10.75, 3.625, 10.625, 3.5], "texture": "#0"},
				"west": {"uv": [10.75, 3.625, 10.625, 3.5], "texture": "#0"},
				"up": {"uv": [10.75, 3.625, 10.625, 3.5], "texture": "#0"},
				"down": {"uv": [10.75, 3.625, 10.625, 3.5], "texture": "#0"}
			}
		},
		{
			"name": "ef",
			"from": [7.76371, -9, 1.51494],
			"to": [7.76371, 4, 13.01494],
			"rotation": {"angle": -22.5, "axis": "y", "origin": [7.26371, -3.5, 6.26494]},
			"faces": {
				"north": {"uv": [0, 0, 0, 2.25], "texture": "#missing"},
				"east": {"uv": [8.25, 0, 15, 6.5], "texture": "#1"},
				"south": {"uv": [0, 0, 0, 2.25], "texture": "#missing"},
				"west": {"uv": [15, 0, 8.25, 6.5], "texture": "#1"},
				"up": {"uv": [2.25, 0, 0, 0], "rotation": 270, "texture": "#missing"},
				"down": {"uv": [2.25, 0, 0, 0], "rotation": 90, "texture": "#missing"}
			}
		},
		{
			"name": "ef",
			"from": [6.65685, 8, 4.59315],
			"to": [6.65685, 21, 16.09315],
			"rotation": {"angle": 45, "axis": "y", "origin": [6.65685, 14.5, 10.34315]},
			"faces": {
				"north": {"uv": [0, 0, 0, 2.25], "texture": "#missing"},
				"east": {"uv": [0.25, 1, 7, 7.5], "texture": "#1"},
				"south": {"uv": [0, 0, 0, 2.25], "texture": "#missing"},
				"west": {"uv": [7, 1, 0.25, 7.5], "texture": "#1"},
				"up": {"uv": [2.25, 0, 0, 0], "rotation": 270, "texture": "#missing"},
				"down": {"uv": [2.25, 0, 0, 0], "rotation": 90, "texture": "#missing"}
			}
		},
		{
			"name": "ef",
			"from": [9.34315, 1, -0.84315],
			"to": [9.34315, 14, 12.65685],
			"rotation": {"angle": 22.5, "axis": "y", "origin": [9.34315, -1, 5.65685]},
			"faces": {
				"north": {"uv": [0, 0, 0, 2.25], "texture": "#missing"},
				"east": {"uv": [7.5, 9.5, 0.75, 16], "texture": "#1"},
				"south": {"uv": [0, 0, 0, 2.25], "texture": "#missing"},
				"west": {"uv": [0.75, 9.5, 7.5, 16], "texture": "#1"},
				"up": {"uv": [0, 0, 2.25, 0], "rotation": 270, "texture": "#missing"},
				"down": {"uv": [0, 0, 2.25, 0], "rotation": 90, "texture": "#missing"}
			}
		}
	],
	"gui_light": "front",
	"display": {
		"thirdperson_righthand": {
			"translation": [0, 1, 0.5]
		},
		"thirdperson_lefthand": {
			"translation": [0, 1, 0.5]
		},
		"firstperson_righthand": {
			"rotation": [-1, 0, 0],
			"translation": [2.5, 9, 0],
			"scale": [0.47, 0.47, 0.47]
		},
		"firstperson_lefthand": {
			"rotation": [-1, 0, 0],
			"translation": [2.5, 9, 0],
			"scale": [0.47, 0.47, 0.47]
		},
		"ground": {
			"rotation": [45, 0, 0],
			"translation": [0, 2.5, 0],
			"scale": [0.4, 0.4, 0.4]
		},
		"gui": {
			"rotation": [83.92, 45, -85.7],
			"translation": [0, 2.75, 0],
			"scale": [0.59, 0.59, 0.59]
		},
		"head": {
			"translation": [0, 6.5, 0],
			"scale": [0, 0, 0]
		},
		"fixed": {
			"rotation": [0, -90, 0],
			"translation": [0, 3, -0.75],
			"scale": [0.8, 0.8, 0.8]
		}
	},
	"groups": [
		{
			"name": "samurai_bow",
			"origin": [8.2, -5.10151, 11.63063],
			"color": 0,
			"nbt": "{}",
			"children": [0, 1, 2, 3, 4, 5, 6, 7, 8, 9, 10, 11, 12, 13, 14, 15, 16, 17, 18, 19, 20, 21, 22, 23]
		}
	]
}