
{
	"credit": "Made with Blockbench",
	"texture_size": [64, 64],
	"textures": {
		"1": "item/crown/crown_n_7_long"
	},
	"elements": [
		{
			"from": [0.998, -0.002, -0.002],
			"to": [15.002, 3.002, 2.002],
			"shade": false,
			"rotation": {"angle": 0, "axis": "y", "origin": [7, 3, 0]},
			"faces": {
				"north": {"uv": [0, 3, 3.5, 3.75], "texture": "#1"},
				"east": {"uv": [6.5, 2, 7, 2.75], "texture": "#1"},
				"south": {"uv": [3.5, 3, 7, 3.75], "texture": "#1"},
				"west": {"uv": [5.75, 6.5, 6.25, 7.25], "texture": "#1"},
				"up": {"uv": [7.5, 0.5, 4, 0], "texture": "#1"},
				"down": {"uv": [7.5, 0.5, 4, 1], "texture": "#1"}
			}
		},
		{
			"from": [4.242, 1.242, 0.242],
			"to": [6.758, 6.508, 1.508],
			"shade": false,
			"rotation": {"angle": 45, "axis": "z", "origin": [5.375, 3.25, 1]},
			"faces": {
				"north": {"uv": [6.25, 5.75, 6.875, 7.125], "texture": "#1"},
				"east": {"uv": [3.5, 8.75, 3.875, 10.125], "texture": "#1"},
				"south": {"uv": [5, 6.5, 5.625, 7.875], "texture": "#1"},
				"west": {"uv": [4, 8.75, 4.375, 10.125], "texture": "#1"},
				"up": {"uv": [5.625, 10.875, 5, 10.5], "texture": "#1"},
				"down": {"uv": [7.375, 10.5, 6.75, 10.875], "texture": "#1"}
			}
		},
		{
			"from": [0.39045, 5.02433, 0.244],
			"to": [3.90245, 8.03633, 1.506],
			"shade": false,
			"rotation": {"angle": -22.5, "axis": "z", "origin": [1.77145, 6.28033, 1]},
			"faces": {
				"north": {"uv": [7.25, 4.75, 8.125, 5.5], "texture": "#1"},
				"east": {"uv": [10, 8.75, 10.375, 9.5], "texture": "#1"},
				"south": {"uv": [7.5, 1.25, 8.375, 2], "texture": "#1"},
				"west": {"uv": [10.25, 0, 10.625, 0.75], "texture": "#1"},
				"up": {"uv": [10.625, 1.125, 9.75, 0.75], "texture": "#1"},
				"down": {"uv": [10.625, 1.25, 9.75, 1.625], "texture": "#1"}
			}
		},
		{
			"from": [0.5743, 6.64113, 0.248],
			"to": [2.9783, 10.89513, 1.502],
			"shade": false,
			"rotation": {"angle": 22.5, "axis": "z", "origin": [1.7263, 9.14313, 1]},
			"faces": {
				"north": {"uv": [7.25, 3.5, 7.875, 4.625], "texture": "#1"},
				"east": {"uv": [0.5, 9.25, 0.875, 10.375], "texture": "#1"},
				"south": {"uv": [5.75, 7.25, 6.375, 8.375], "texture": "#1"},
				"west": {"uv": [1, 9.25, 1.375, 10.375], "texture": "#1"},
				"up": {"uv": [8.125, 10.875, 7.5, 10.5], "texture": "#1"},
				"down": {"uv": [11.125, 8.75, 10.5, 9.125], "texture": "#1"}
			}
		},
		{
			"from": [-0.63386, 6.57927, 1.23555],
			"to": [0.62014, 10.53327, 3.48955],
			"shade": false,
			"rotation": {"angle": -22.5, "axis": "x", "origin": [0.11814, 8.95627, 1.98755]},
			"faces": {
				"north": {"uv": [6.75, 9.5, 7.125, 10.5], "texture": "#1"},
				"east": {"uv": [6.25, 8.5, 6.875, 9.5], "texture": "#1"},
				"south": {"uv": [9.5, 6.75, 9.875, 7.75], "texture": "#1"},
				"west": {"uv": [7, 8.5, 7.625, 9.5], "texture": "#1"},
				"up": {"uv": [10.875, 10.375, 10.5, 9.75], "texture": "#1"},
				"down": {"uv": [10.875, 10.5, 10.5, 11.125], "texture": "#1"}
			}
		},
		{
			"from": [-0.63786, 4.86179, 0.93543],
			"to": [0.62414, 7.87379, 4.44743],
			"shade": false,
			"rotation": {"angle": 22.5, "axis": "x", "origin": [0.11814, 6.36779, 2.69143]},
			"faces": {
				"north": {"uv": [10.25, 1.75, 10.625, 2.5], "texture": "#1"},
				"east": {"uv": [7.75, 2, 8.625, 2.75], "texture": "#1"},
				"south": {"uv": [10.25, 2.5, 10.625, 3.25], "texture": "#1"},
				"west": {"uv": [7.75, 2.75, 8.625, 3.5], "texture": "#1"},
				"up": {"uv": [10.125, 2.625, 9.75, 1.75], "texture": "#1"},
				"down": {"uv": [2.375, 9.75, 2, 10.625], "texture": "#1"}
			}
		},
		{
			"from": [-0.63986, 2.13357, 2.15965],
			"to": [0.62614, 6.64957, 5.67565],
			"shade": false,
			"rotation": {"angle": -22.5, "axis": "x", "origin": [0.11814, 4.89157, 4.16765]},
			"faces": {
				"north": {"uv": [9, 6.5, 9.375, 7.625], "texture": "#1"},
				"east": {"uv": [2, 6.25, 2.875, 7.375], "texture": "#1"},
				"south": {"uv": [0, 9.25, 0.375, 10.375], "texture": "#1"},
				"west": {"uv": [3, 6.25, 3.875, 7.375], "texture": "#1"},
				"up": {"uv": [2.875, 10.625, 2.5, 9.75], "texture": "#1"},
				"down": {"uv": [10.125, 2.75, 9.75, 3.625], "texture": "#1"}
			}
		},
		{
			"from": [-0.63386, 3.82927, 12.51045],
			"to": [0.62014, 7.78327, 14.76445],
			"shade": false,
			"rotation": {"angle": 22.5, "axis": "x", "origin": [0.11814, 6.20627, 14.01245]},
			"faces": {
				"north": {"uv": [7.25, 9.5, 7.625, 10.5], "texture": "#1"},
				"east": {"uv": [7.75, 8.5, 8.375, 9.5], "texture": "#1"},
				"south": {"uv": [7.75, 9.5, 8.125, 10.5], "texture": "#1"},
				"west": {"uv": [8.5, 8.5, 9.125, 9.5], "texture": "#1"},
				"up": {"uv": [11.125, 4.375, 10.75, 3.75], "texture": "#1"},
				"down": {"uv": [11.125, 4.5, 10.75, 5.125], "texture": "#1"}
			}
		},
		{
			"from": [0.5743, 3.89113, 14.498],
			"to": [2.9783, 8.14513, 15.752],
			"shade": false,
			"rotation": {"angle": 22.5, "axis": "z", "origin": [1.7263, 6.39313, 15]},
			"faces": {
				"north": {"uv": [6.5, 7.25, 7.125, 8.375], "texture": "#1"},
				"east": {"uv": [1.5, 9.25, 1.875, 10.375], "texture": "#1"},
				"south": {"uv": [7.25, 7.25, 7.875, 8.375], "texture": "#1"},
				"west": {"uv": [9.25, 3.5, 9.625, 4.625], "texture": "#1"},
				"up": {"uv": [11.375, 2.875, 10.75, 2.5], "texture": "#1"},
				"down": {"uv": [3.375, 10.75, 2.75, 11.125], "texture": "#1"}
			}
		},
		{
			"from": [-0.63386, 1.3553, 9.36314],
			"to": [0.62014, 3.6093, 10.86714],
			"shade": false,
			"rotation": {"angle": 45, "axis": "x", "origin": [-0.00686, 1.8573, 11.11514]},
			"faces": {
				"north": {"uv": [10.75, 1, 11.125, 1.625], "texture": "#1"},
				"east": {"uv": [1.75, 10.75, 2.125, 11.375], "texture": "#1"},
				"south": {"uv": [10.75, 1.75, 11.125, 2.375], "texture": "#1"},
				"west": {"uv": [2.25, 10.75, 2.625, 11.375], "texture": "#1"},
				"up": {"uv": [3.125, 11.625, 2.75, 11.25], "texture": "#1"},
				"down": {"uv": [11.625, 3.75, 11.25, 4.125], "texture": "#1"}
			}
		},
		{
			"from": [-0.63986, 2.10979, 11.55057],
			"to": [0.62614, 5.12579, 15.06657],
			"shade": false,
			"rotation": {"angle": -22.5, "axis": "x", "origin": [0.11814, 3.61779, 13.30857]},
			"faces": {
				"north": {"uv": [4.5, 10.25, 4.875, 11], "texture": "#1"},
				"east": {"uv": [8, 3.5, 8.875, 4.25], "texture": "#1"},
				"south": {"uv": [10.25, 4.75, 10.625, 5.5], "texture": "#1"},
				"west": {"uv": [4.25, 8, 5.125, 8.75], "texture": "#1"},
				"up": {"uv": [3.375, 10.625, 3, 9.75], "texture": "#1"},
				"down": {"uv": [10.125, 4.75, 9.75, 5.625], "texture": "#1"}
			}
		},
		{
			"from": [0.38845, 2.27233, 14.492],
			"to": [3.90445, 5.28833, 15.758],
			"shade": false,
			"rotation": {"angle": -22.5, "axis": "z", "origin": [1.77145, 3.53033, 15]},
			"faces": {
				"north": {"uv": [7.75, 5.5, 8.625, 6.25], "texture": "#1"},
				"east": {"uv": [3.5, 10.25, 3.875, 11], "texture": "#1"},
				"south": {"uv": [7.75, 6.25, 8.625, 7], "texture": "#1"},
				"west": {"uv": [4, 10.25, 4.375, 11], "texture": "#1"},
				"up": {"uv": [10.625, 4.125, 9.75, 3.75], "texture": "#1"},
				"down": {"uv": [10.625, 4.25, 9.75, 4.625], "texture": "#1"}
			}
		},
		{
			"from": [3.39645, 2.28033, 14.5],
			"to": [7.89645, 6.28033, 15.55],
			"shade": false,
			"rotation": {"angle": -22.5, "axis": "z", "origin": [5.77145, 3.53033, 15]},
			"faces": {
				"north": {"uv": [4, 2, 5.125, 3], "texture": "#1"},
				"east": {"uv": [7, 3.5, 7.25, 4.5], "texture": "#1"},
				"south": {"uv": [5, 4.5, 6.125, 5.5], "texture": "#1"},
				"west": {"uv": [0, 10.5, 0.25, 11.5], "texture": "#1"},
				"up": {"uv": [11.125, 9.75, 10, 9.5], "texture": "#1"},
				"down": {"uv": [11.375, 3.25, 10.25, 3.5], "texture": "#1"}
			}
		},
		{
			"from": [3.89872, 2.01691, 14.498],
			"to": [6.40272, 4.02091, 15.752],
			"shade": false,
			"rotation": {"angle": 45, "axis": "z", "origin": [5.02572, 1.76891, 15]},
			"faces": {
				"north": {"uv": [4.25, 7.5, 4.875, 8], "texture": "#1"},
				"east": {"uv": [5.25, 8, 5.625, 8.5], "texture": "#1"},
				"south": {"uv": [10, 6.25, 10.625, 6.75], "texture": "#1"},
				"west": {"uv": [8.25, 5, 8.625, 5.5], "texture": "#1"},
				"up": {"uv": [11.375, 0.375, 10.75, 0], "texture": "#1"},
				"down": {"uv": [11.375, 0.5, 10.75, 0.875], "texture": "#1"}
			}
		},
		{
			"from": [-1.006, -0.002, -0.002],
			"to": [0.998, 3.002, 16.002],
			"shade": false,
			"rotation": {"angle": 0, "axis": "y", "origin": [-0.51258, 1.5, 8]},
			"faces": {
				"north": {"uv": [9.5, 6, 10, 6.75], "texture": "#1"},
				"east": {"uv": [0, 0, 4, 0.75], "texture": "#1"},
				"south": {"uv": [6.25, 9.5, 6.75, 10.25], "texture": "#1"},
				"west": {"uv": [0, 0.75, 4, 1.5], "texture": "#1"},
				"up": {"uv": [0.5, 8.5, 0, 4.5], "texture": "#1"},
				"down": {"uv": [1, 4.5, 0.5, 8.5], "texture": "#1"}
			}
		},
		{
			"from": [15.002, -0.002, -0.002],
			"to": [17.006, 3.002, 16.002],
			"shade": false,
			"rotation": {"angle": 0, "axis": "y", "origin": [16.51258, 1.5, 8]},
			"faces": {
				"north": {"uv": [10, 6, 9.5, 6.75], "texture": "#1"},
				"east": {"uv": [4, 0.75, 0, 1.5], "texture": "#1"},
				"south": {"uv": [6.75, 9.5, 6.25, 10.25], "texture": "#1"},
				"west": {"uv": [4, 0, 0, 0.75], "texture": "#1"},
				"up": {"uv": [0, 8.5, 0.5, 4.5], "texture": "#1"},
				"down": {"uv": [0.5, 4.5, 1, 8.5], "texture": "#1"}
			}
		},
		{
			"from": [5.55703, 2.02108, 14.8],
			"to": [8.55703, 8.52108, 15.85],
			"shade": false,
			"rotation": {"angle": 22.5, "axis": "z", "origin": [6.55703, 4.27108, 15.325]},
			"faces": {
				"north": {"uv": [2, 4.5, 2.75, 6.125], "texture": "#1"},
				"east": {"uv": [6, 9.25, 6.25, 10.875], "texture": "#1"},
				"south": {"uv": [2.75, 4.5, 3.5, 6.125], "texture": "#1"},
				"west": {"uv": [9.25, 9, 9.5, 10.625], "texture": "#1"},
				"up": {"uv": [11.25, 9.5, 10.5, 9.25], "texture": "#1"},
				"down": {"uv": [11.5, 3, 10.75, 3.25], "texture": "#1"}
			}
		},
		{
			"from": [7.44097, 2.01908, 14.798],
			"to": [10.44497, 8.52308, 15.852],
			"shade": false,
			"rotation": {"angle": -22.5, "axis": "z", "origin": [9.44297, 4.27108, 15.325]},
			"faces": {
				"north": {"uv": [2.75, 4.5, 2, 6.125], "texture": "#1"},
				"east": {"uv": [9.5, 9, 9.25, 10.625], "texture": "#1"},
				"south": {"uv": [3.5, 4.5, 2.75, 6.125], "texture": "#1"},
				"west": {"uv": [6.25, 9.25, 6, 10.875], "texture": "#1"},
				"up": {"uv": [10.5, 9.5, 11.25, 9.25], "texture": "#1"},
				"down": {"uv": [10.75, 3, 11.5, 3.25], "texture": "#1"}
			}
		},
		{
			"from": [9.59728, 2.01691, 14.498],
			"to": [12.10128, 4.02091, 15.752],
			"shade": false,
			"rotation": {"angle": -45, "axis": "z", "origin": [10.97428, 1.76891, 15]},
			"faces": {
				"north": {"uv": [4.875, 7.5, 4.25, 8], "texture": "#1"},
				"east": {"uv": [8.625, 5, 8.25, 5.5], "texture": "#1"},
				"south": {"uv": [10.625, 6.25, 10, 6.75], "texture": "#1"},
				"west": {"uv": [5.625, 8, 5.25, 8.5], "texture": "#1"},
				"up": {"uv": [10.75, 0.375, 11.375, 0], "texture": "#1"},
				"down": {"uv": [10.75, 0.5, 11.375, 0.875], "texture": "#1"}
			}
		},
		{
			"from": [8.10355, 2.28033, 14.5],
			"to": [12.60355, 6.28033, 15.55],
			"shade": false,
			"rotation": {"angle": 22.5, "axis": "z", "origin": [10.22855, 3.53033, 15]},
			"faces": {
				"north": {"uv": [5.125, 2, 4, 3], "texture": "#1"},
				"east": {"uv": [0.25, 10.5, 0, 11.5], "texture": "#1"},
				"south": {"uv": [6.125, 4.5, 5, 5.5], "texture": "#1"},
				"west": {"uv": [7.25, 3.5, 7, 4.5], "texture": "#1"},
				"up": {"uv": [10, 9.75, 11.125, 9.5], "texture": "#1"},
				"down": {"uv": [10.25, 3.25, 11.375, 3.5], "texture": "#1"}
			}
		},
		{
			"from": [13.0217, 3.89113, 14.498],
			"to": [15.4257, 8.14513, 15.752],
			"shade": false,
			"rotation": {"angle": -22.5, "axis": "z", "origin": [14.2737, 6.39313, 15]},
			"faces": {
				"north": {"uv": [7.125, 7.25, 6.5, 8.375], "texture": "#1"},
				"east": {"uv": [9.625, 3.5, 9.25, 4.625], "texture": "#1"},
				"south": {"uv": [7.875, 7.25, 7.25, 8.375], "texture": "#1"},
				"west": {"uv": [1.875, 9.25, 1.5, 10.375], "texture": "#1"},
				"up": {"uv": [10.75, 2.875, 11.375, 2.5], "texture": "#1"},
				"down": {"uv": [2.75, 10.75, 3.375, 11.125], "texture": "#1"}
			}
		},
		{
			"from": [12.09555, 2.27233, 14.492],
			"to": [15.61155, 5.28833, 15.758],
			"shade": false,
			"rotation": {"angle": 22.5, "axis": "z", "origin": [14.22855, 3.53033, 15]},
			"faces": {
				"north": {"uv": [8.625, 5.5, 7.75, 6.25], "texture": "#1"},
				"east": {"uv": [4.375, 10.25, 4, 11], "texture": "#1"},
				"south": {"uv": [8.625, 6.25, 7.75, 7], "texture": "#1"},
				"west": {"uv": [3.875, 10.25, 3.5, 11], "texture": "#1"},
				"up": {"uv": [9.75, 4.125, 10.625, 3.75], "texture": "#1"},
				"down": {"uv": [9.75, 4.25, 10.625, 4.625], "texture": "#1"}
			}
		},
		{
			"from": [15.37986, 3.82927, 12.51045],
			"to": [16.63386, 7.78327, 14.76445],
			"shade": false,
			"rotation": {"angle": 22.5, "axis": "x", "origin": [15.88186, 6.20627, 14.01245]},
			"faces": {
				"north": {"uv": [7.625, 9.5, 7.25, 10.5], "texture": "#1"},
				"east": {"uv": [9.125, 8.5, 8.5, 9.5], "texture": "#1"},
				"south": {"uv": [8.125, 9.5, 7.75, 10.5], "texture": "#1"},
				"west": {"uv": [8.375, 8.5, 7.75, 9.5], "texture": "#1"},
				"up": {"uv": [10.75, 4.375, 11.125, 3.75], "texture": "#1"},
				"down": {"uv": [10.75, 4.5, 11.125, 5.125], "texture": "#1"}
			}
		},
		{
			"from": [15.37986, 1.3553, 9.36314],
			"to": [16.63386, 3.6093, 10.86714],
			"shade": false,
			"rotation": {"angle": 45, "axis": "x", "origin": [16.00686, 1.8573, 11.11514]},
			"faces": {
				"north": {"uv": [11.125, 1, 10.75, 1.625], "texture": "#1"},
				"east": {"uv": [2.625, 10.75, 2.25, 11.375], "texture": "#1"},
				"south": {"uv": [11.125, 1.75, 10.75, 2.375], "texture": "#1"},
				"west": {"uv": [2.125, 10.75, 1.75, 11.375], "texture": "#1"},
				"up": {"uv": [2.75, 11.625, 3.125, 11.25], "texture": "#1"},
				"down": {"uv": [11.25, 3.75, 11.625, 4.125], "texture": "#1"}
			}
		},
		{
			"from": [15.37386, 2.10979, 11.55057],
			"to": [16.63986, 5.12579, 15.06657],
			"shade": false,
			"rotation": {"angle": -22.5, "axis": "x", "origin": [15.88186, 3.61779, 13.30857]},
			"faces": {
				"north": {"uv": [4.875, 10.25, 4.5, 11], "texture": "#1"},
				"east": {"uv": [5.125, 8, 4.25, 8.75], "texture": "#1"},
				"south": {"uv": [10.625, 4.75, 10.25, 5.5], "texture": "#1"},
				"west": {"uv": [8.875, 3.5, 8, 4.25], "texture": "#1"},
				"up": {"uv": [3, 10.625, 3.375, 9.75], "texture": "#1"},
				"down": {"uv": [9.75, 4.75, 10.125, 5.625], "texture": "#1"}
			}
		},
		{
			"from": [15.37986, 6.57927, 1.23555],
			"to": [16.63386, 10.53327, 3.48955],
			"shade": false,
			"rotation": {"angle": -22.5, "axis": "x", "origin": [15.88186, 8.95627, 1.98755]},
			"faces": {
				"north": {"uv": [7.125, 9.5, 6.75, 10.5], "texture": "#1"},
				"east": {"uv": [7.625, 8.5, 7, 9.5], "texture": "#1"},
				"south": {"uv": [9.875, 6.75, 9.5, 7.75], "texture": "#1"},
				"west": {"uv": [6.875, 8.5, 6.25, 9.5], "texture": "#1"},
				"up": {"uv": [10.5, 10.375, 10.875, 9.75], "texture": "#1"},
				"down": {"uv": [10.5, 10.5, 10.875, 11.125], "texture": "#1"}
			}
		},
		{
			"from": [15.37586, 4.86179, 0.93543],
			"to": [16.63786, 7.87379, 4.44743],
			"shade": false,
			"rotation": {"angle": 22.5, "axis": "x", "origin": [15.88186, 6.36779, 2.69143]},
			"faces": {
				"north": {"uv": [10.625, 1.75, 10.25, 2.5], "texture": "#1"},
				"east": {"uv": [8.625, 2.75, 7.75, 3.5], "texture": "#1"},
				"south": {"uv": [10.625, 2.5, 10.25, 3.25], "texture": "#1"},
				"west": {"uv": [8.625, 2, 7.75, 2.75], "texture": "#1"},
				"up": {"uv": [9.75, 2.625, 10.125, 1.75], "texture": "#1"},
				"down": {"uv": [2, 9.75, 2.375, 10.625], "texture": "#1"}
			}
		},
		{
			"from": [15.37386, 2.13357, 2.15965],
			"to": [16.63986, 6.64957, 5.67565],
			"shade": false,
			"rotation": {"angle": -22.5, "axis": "x", "origin": [15.88186, 4.89157, 4.16765]},
			"faces": {
				"north": {"uv": [9.375, 6.5, 9, 7.625], "texture": "#1"},
				"east": {"uv": [3.875, 6.25, 3, 7.375], "texture": "#1"},
				"south": {"uv": [0.375, 9.25, 0, 10.375], "texture": "#1"},
				"west": {"uv": [2.875, 6.25, 2, 7.375], "texture": "#1"},
				"up": {"uv": [2.5, 10.625, 2.875, 9.75], "texture": "#1"},
				"down": {"uv": [9.75, 2.75, 10.125, 3.625], "texture": "#1"}
			}
		},
		{
			"from": [13.0217, 6.64113, 0.248],
			"to": [15.4257, 10.89513, 1.502],
			"shade": false,
			"rotation": {"angle": -22.5, "axis": "z", "origin": [14.2737, 9.14313, 1]},
			"faces": {
				"north": {"uv": [7.875, 3.5, 7.25, 4.625], "texture": "#1"},
				"east": {"uv": [1.375, 9.25, 1, 10.375], "texture": "#1"},
				"south": {"uv": [6.375, 7.25, 5.75, 8.375], "texture": "#1"},
				"west": {"uv": [0.875, 9.25, 0.5, 10.375], "texture": "#1"},
				"up": {"uv": [7.5, 10.875, 8.125, 10.5], "texture": "#1"},
				"down": {"uv": [10.5, 8.75, 11.125, 9.125], "texture": "#1"}
			}
		},
		{
			"from": [12.09755, 5.02433, 0.244],
			"to": [15.60955, 8.03633, 1.506],
			"shade": false,
			"rotation": {"angle": 22.5, "axis": "z", "origin": [14.22855, 6.28033, 1]},
			"faces": {
				"north": {"uv": [8.125, 4.75, 7.25, 5.5], "texture": "#1"},
				"east": {"uv": [10.625, 0, 10.25, 0.75], "texture": "#1"},
				"south": {"uv": [8.375, 1.25, 7.5, 2], "texture": "#1"},
				"west": {"uv": [10.375, 8.75, 10, 9.5], "texture": "#1"},
				"up": {"uv": [9.75, 1.125, 10.625, 0.75], "texture": "#1"},
				"down": {"uv": [9.75, 1.25, 10.625, 1.625], "texture": "#1"}
			}
		},
		{
			"from": [9.242, 1.242, 0.242],
			"to": [11.758, 6.508, 1.508],
			"shade": false,
			"rotation": {"angle": -45, "axis": "z", "origin": [10.625, 3.25, 1]},
			"faces": {
				"north": {"uv": [6.875, 5.75, 6.25, 7.125], "texture": "#1"},
				"east": {"uv": [4.375, 8.75, 4, 10.125], "texture": "#1"},
				"south": {"uv": [5.625, 6.5, 5, 7.875], "texture": "#1"},
				"west": {"uv": [3.875, 8.75, 3.5, 10.125], "texture": "#1"},
				"up": {"uv": [5, 10.875, 5.625, 10.5], "texture": "#1"},
				"down": {"uv": [6.75, 10.5, 7.375, 10.875], "texture": "#1"}
			}
		},
		{
			"from": [0.998, -0.002, 13.998],
			"to": [15.002, 3.002, 16.002],
			"shade": false,
			"rotation": {"angle": 0, "axis": "y", "origin": [9, 3, 16]},
			"faces": {
				"north": {"uv": [0, 3.75, 3.5, 4.5], "texture": "#1"},
				"east": {"uv": [9.5, 9, 10, 9.75], "texture": "#1"},
				"south": {"uv": [3.5, 3.75, 7, 4.5], "texture": "#1"},
				"west": {"uv": [9.75, 0, 10.25, 0.75], "texture": "#1"},
				"up": {"uv": [7.5, 1.5, 4, 1], "texture": "#1"},
				"down": {"uv": [7.5, 1.5, 4, 2], "texture": "#1"}
			}
		},
		{
			"name": "heart",
			"from": [8.36, 9.2, 0.59438],
			"to": [9.8, 9.92, 1.41437],
			"shade": false,
			"rotation": {"angle": 0, "axis": "y", "origin": [8, 6.99258, 0.99563]},
			"faces": {
				"north": {"uv": [11.25, 4.25, 11.625, 4.375], "texture": "#1"},
				"east": {"uv": [11.25, 4.25, 11.625, 4.375], "texture": "#1"},
				"south": {"uv": [11.25, 4.25, 11.625, 4.375], "texture": "#1"},
				"west": {"uv": [11.25, 4.25, 11.625, 4.375], "texture": "#1"},
				"up": {"uv": [6.875, 3, 6.5, 2.75], "texture": "#1"}
			}
		},
		{
			"name": "heart",
			"from": [6.2, 9.2, 0.59438],
			"to": [7.64, 9.92, 1.41437],
			"shade": false,
			"rotation": {"angle": 0, "axis": "y", "origin": [8, 6.99258, 0.99563]},
			"faces": {
				"north": {"uv": [11.25, 4.5, 11.625, 4.625], "texture": "#1"},
				"east": {"uv": [11.25, 4.5, 11.625, 4.625], "texture": "#1"},
				"south": {"uv": [11.25, 4.5, 11.625, 4.625], "texture": "#1"},
				"west": {"uv": [11.25, 4.5, 11.625, 4.625], "texture": "#1"},
				"up": {"uv": [7.625, 5.75, 7.25, 5.5], "texture": "#1"}
			}
		},
		{
			"name": "heart",
			"from": [7.64, 8.48, 0.59438],
			"to": [8.36, 9.2, 1.41437],
			"shade": false,
			"rotation": {"angle": 0, "axis": "y", "origin": [8, 6.99258, 0.99563]},
			"faces": {
				"north": {"uv": [11.25, 4.5, 11.625, 4.625], "texture": "#1"},
				"south": {"uv": [11.25, 4.5, 11.625, 4.625], "texture": "#1"},
				"up": {"uv": [7.625, 5.75, 7.25, 5.5], "texture": "#1"}
			}
		},
		{
			"name": "heart",
			"from": [6.2, 8.48, 0.59438],
			"to": [7.64, 9.2, 1.41437],
			"shade": false,
			"rotation": {"angle": 0, "axis": "y", "origin": [8, 6.99258, 0.99563]},
			"faces": {
				"north": {"uv": [11.25, 4.75, 11.625, 4.875], "texture": "#1"},
				"south": {"uv": [11.25, 4.75, 11.625, 4.875], "texture": "#1"}
			}
		},
		{
			"name": "heart",
			"from": [8.36, 8.48, 0.59438],
			"to": [9.8, 9.2, 1.41437],
			"shade": false,
			"rotation": {"angle": 0, "axis": "y", "origin": [8, 6.99258, 0.99563]},
			"faces": {
				"north": {"uv": [11.25, 5, 11.625, 5.125], "texture": "#1"},
				"south": {"uv": [11.25, 5, 11.625, 5.125], "texture": "#1"}
			}
		},
		{
			"name": "heart",
			"from": [9.8, 8.48, 0.59438],
			"to": [10.52, 9.2, 1.41437],
			"shade": false,
			"rotation": {"angle": 0, "axis": "y", "origin": [8, 6.99258, 0.99563]},
			"faces": {
				"north": {"uv": [11.25, 4.25, 11.625, 4.375], "texture": "#1"},
				"east": {"uv": [11.25, 4.25, 11.625, 4.375], "texture": "#1"},
				"south": {"uv": [11.25, 4.25, 11.625, 4.375], "texture": "#1"},
				"up": {"uv": [6.875, 3, 6.5, 2.75], "texture": "#1"}
			}
		},
		{
			"name": "heart",
			"from": [10.52, 6.32, 0.59438],
			"to": [11.24, 8.48, 1.41437],
			"shade": false,
			"rotation": {"angle": 0, "axis": "y", "origin": [8, 6.99258, 0.99563]},
			"faces": {
				"north": {"uv": [11.25, 4.25, 11.625, 4.375], "texture": "#1"},
				"east": {"uv": [11.25, 4.25, 11.625, 4.375], "texture": "#1"},
				"south": {"uv": [11.25, 4.25, 11.625, 4.375], "texture": "#1"},
				"up": {"uv": [6.875, 3, 6.5, 2.75], "texture": "#1"},
				"down": {"uv": [7.875, 7, 7.75, 7.25], "texture": "#1"}
			}
		},
		{
			"name": "heart",
			"from": [5.48, 7.04, 0.59438],
			"to": [10.52, 8.48, 1.41437],
			"shade": false,
			"rotation": {"angle": 0, "axis": "y", "origin": [8, 6.99258, 0.99563]},
			"faces": {
				"north": {"uv": [11.25, 4.75, 11.625, 4.875], "texture": "#1"},
				"south": {"uv": [11.25, 4.75, 11.625, 4.875], "texture": "#1"}
			}
		},
		{
			"name": "heart",
			"from": [4.76, 6.32, 0.59438],
			"to": [5.48, 8.48, 1.41437],
			"shade": false,
			"rotation": {"angle": 0, "axis": "y", "origin": [8, 6.99258, 0.99563]},
			"faces": {
				"north": {"uv": [8.5, 1.5, 8.625, 2], "texture": "#1"},
				"south": {"uv": [8.5, 1.5, 8.625, 2], "texture": "#1"},
				"west": {"uv": [8.5, 1.5, 8.625, 2], "texture": "#1"},
				"up": {"uv": [9.375, 6.25, 9.25, 6], "texture": "#1"},
				"down": {"uv": [9.375, 6.25, 9.25, 6.5], "texture": "#1"}
			}
		},
		{
			"name": "heart",
			"from": [5.48, 6.32, 0.59438],
			"to": [6.2, 7.04, 1.41437],
			"shade": false,
			"rotation": {"angle": 0, "axis": "y", "origin": [8, 6.99258, 0.99563]},
			"faces": {
				"north": {"uv": [1.75, 10.5, 1.875, 10.625], "texture": "#1"},
				"south": {"uv": [1.75, 10.5, 1.875, 10.625], "texture": "#1"}
			}
		},
		{
			"name": "heart",
			"from": [6.2, 6.32, 0.59438],
			"to": [9.8, 7.04, 1.41437],
			"shade": false,
			"rotation": {"angle": 0, "axis": "y", "origin": [8, 6.99258, 0.99563]},
			"faces": {
				"north": {"uv": [11.25, 4.75, 11.625, 4.875], "texture": "#1"},
				"south": {"uv": [11.25, 4.75, 11.625, 4.875], "texture": "#1"}
			}
		},
		{
			"name": "heart",
			"from": [9.8, 6.32, 0.59438],
			"to": [10.52, 7.04, 1.41437],
			"shade": false,
			"rotation": {"angle": 0, "axis": "y", "origin": [8, 6.99258, 0.99563]},
			"faces": {
				"north": {"uv": [5.75, 10.5, 5.875, 10.625], "texture": "#1"},
				"south": {"uv": [5.75, 10.5, 5.875, 10.625], "texture": "#1"}
			}
		},
		{
			"name": "heart",
			"from": [9.8, 5.6, 0.59438],
			"to": [10.52, 6.32, 1.41437],
			"shade": false,
			"rotation": {"angle": 0, "axis": "y", "origin": [8, 6.99258, 0.99563]},
			"faces": {
				"north": {"uv": [11.25, 4.25, 11.625, 4.375], "texture": "#1"},
				"east": {"uv": [11.25, 4.25, 11.625, 4.375], "texture": "#1"},
				"south": {"uv": [11.25, 4.25, 11.625, 4.375], "texture": "#1"},
				"down": {"uv": [7.875, 7, 7.75, 7.25], "texture": "#1"}
			}
		},
		{
			"name": "heart",
			"from": [9.08, 5.6, 0.59438],
			"to": [9.8, 6.32, 1.41437],
			"shade": false,
			"rotation": {"angle": 0, "axis": "y", "origin": [8, 6.99258, 0.99563]},
			"faces": {
				"north": {"uv": [5.75, 10.5, 5.875, 10.625], "texture": "#1"},
				"south": {"uv": [5.75, 10.5, 5.875, 10.625], "texture": "#1"}
			}
		},
		{
			"name": "heart",
			"from": [9.08, 4.88, 0.59438],
			"to": [9.8, 5.6, 1.41437],
			"shade": false,
			"rotation": {"angle": 0, "axis": "y", "origin": [8, 6.99258, 0.99563]},
			"faces": {
				"north": {"uv": [11.25, 4.25, 11.625, 4.375], "texture": "#1"},
				"east": {"uv": [11.25, 4.25, 11.625, 4.375], "texture": "#1"},
				"south": {"uv": [11.25, 4.25, 11.625, 4.375], "texture": "#1"},
				"down": {"uv": [7.875, 7, 7.75, 7.25], "texture": "#1"}
			}
		},
		{
			"name": "heart",
			"from": [6.92, 5.6, 0.59438],
			"to": [9.08, 6.32, 1.41437],
			"shade": false,
			"rotation": {"angle": 0, "axis": "y", "origin": [8, 6.99258, 0.99563]},
			"faces": {
				"north": {"uv": [11.25, 4.75, 11.625, 4.875], "texture": "#1"},
				"south": {"uv": [11.25, 4.75, 11.625, 4.875], "texture": "#1"}
			}
		},
		{
			"name": "heart",
			"from": [8.36, 4.88, 0.59438],
			"to": [9.08, 5.6, 1.41437],
			"shade": false,
			"rotation": {"angle": 0, "axis": "y", "origin": [8, 6.99258, 0.99563]},
			"faces": {
				"north": {"uv": [5.75, 10.5, 5.875, 10.625], "texture": "#1"},
				"south": {"uv": [5.75, 10.5, 5.875, 10.625], "texture": "#1"}
			}
		},
		{
			"name": "heart",
			"from": [7.64, 4.88, 0.59438],
			"to": [8.36, 5.6, 1.41437],
			"shade": false,
			"rotation": {"angle": 0, "axis": "y", "origin": [8, 6.99258, 0.99563]},
			"faces": {
				"north": {"uv": [11.25, 4.75, 11.625, 4.875], "texture": "#1"},
				"south": {"uv": [11.25, 4.75, 11.625, 4.875], "texture": "#1"}
			}
		},
		{
			"name": "heart",
			"from": [8.36, 4.16, 0.59438],
			"to": [9.08, 4.88, 1.41437],
			"shade": false,
			"rotation": {"angle": 0, "axis": "y", "origin": [8, 6.99258, 0.99563]},
			"faces": {
				"north": {"uv": [11.25, 4.25, 11.625, 4.375], "texture": "#1"},
				"east": {"uv": [11.25, 4.25, 11.625, 4.375], "texture": "#1"},
				"south": {"uv": [11.25, 4.25, 11.625, 4.375], "texture": "#1"},
				"down": {"uv": [7.875, 7, 7.75, 7.25], "texture": "#1"}
			}
		},
		{
			"name": "heart",
			"from": [7.64, 4.16, 0.59438],
			"to": [8.36, 4.88, 1.41437],
			"shade": false,
			"rotation": {"angle": 0, "axis": "y", "origin": [8, 6.99258, 0.99563]},
			"faces": {
				"north": {"uv": [1.75, 10.5, 1.875, 10.625], "texture": "#1"},
				"south": {"uv": [1.75, 10.5, 1.875, 10.625], "texture": "#1"}
			}
		},
		{
			"name": "heart",
			"from": [7.64, 3.44, 0.59438],
			"to": [8.36, 4.16, 1.41437],
			"shade": false,
			"rotation": {"angle": 0, "axis": "y", "origin": [8, 6.99258, 0.99563]},
			"faces": {
				"north": {"uv": [11.25, 4.5, 11.625, 4.625], "texture": "#1"},
				"east": {"uv": [11.25, 4.5, 11.625, 4.625], "texture": "#1"},
				"south": {"uv": [11.25, 4.5, 11.625, 4.625], "texture": "#1"},
				"west": {"uv": [11.25, 4.5, 11.625, 4.625], "texture": "#1"},
				"down": {"uv": [9.875, 5.75, 9.75, 6], "texture": "#1"}
			}
		},
		{
			"name": "heart",
			"from": [6.92, 4.16, 0.59438],
			"to": [7.64, 4.88, 1.41437],
			"shade": false,
			"rotation": {"angle": 0, "axis": "y", "origin": [8, 6.99258, 0.99563]},
			"faces": {
				"north": {"uv": [11.25, 4.5, 11.625, 4.625], "texture": "#1"},
				"south": {"uv": [11.25, 4.5, 11.625, 4.625], "texture": "#1"},
				"west": {"uv": [11.25, 4.5, 11.625, 4.625], "texture": "#1"},
				"down": {"uv": [9.875, 5.75, 9.75, 6], "texture": "#1"}
			}
		},
		{
			"name": "heart",
			"from": [6.92, 4.88, 0.59438],
			"to": [7.64, 5.6, 1.41437],
			"shade": false,
			"rotation": {"angle": 0, "axis": "y", "origin": [8, 6.99258, 0.99563]},
			"faces": {
				"north": {"uv": [1.75, 10.5, 1.875, 10.625], "texture": "#1"},
				"south": {"uv": [1.75, 10.5, 1.875, 10.625], "texture": "#1"}
			}
		},
		{
			"name": "heart",
			"from": [6.2, 4.88, 0.59438],
			"to": [6.92, 5.6, 1.41437],
			"shade": false,
			"rotation": {"angle": 0, "axis": "y", "origin": [8, 6.99258, 0.99563]},
			"faces": {
				"north": {"uv": [11.25, 4.5, 11.625, 4.625], "texture": "#1"},
				"south": {"uv": [11.25, 4.5, 11.625, 4.625], "texture": "#1"},
				"west": {"uv": [11.25, 4.5, 11.625, 4.625], "texture": "#1"},
				"down": {"uv": [9.875, 5.75, 9.75, 6], "texture": "#1"}
			}
		},
		{
			"name": "heart",
			"from": [5.48, 5.6, 0.59438],
			"to": [6.2, 6.32, 1.41437],
			"shade": false,
			"rotation": {"angle": 0, "axis": "y", "origin": [8, 6.99258, 0.99563]},
			"faces": {
				"north": {"uv": [11.25, 4.5, 11.625, 4.625], "texture": "#1"},
				"south": {"uv": [11.25, 4.5, 11.625, 4.625], "texture": "#1"},
				"west": {"uv": [11.25, 4.5, 11.625, 4.625], "texture": "#1"},
				"down": {"uv": [9.875, 5.75, 9.75, 6], "texture": "#1"}
			}
		},
		{
			"name": "heart",
			"from": [6.2, 5.6, 0.59438],
			"to": [6.92, 6.32, 1.41437],
			"shade": false,
			"rotation": {"angle": 0, "axis": "y", "origin": [8, 6.99258, 0.99563]},
			"faces": {
				"north": {"uv": [1.75, 10.5, 1.875, 10.625], "texture": "#1"},
				"south": {"uv": [1.75, 10.5, 1.875, 10.625], "texture": "#1"}
			}
		},
		{
			"name": "heart",
			"from": [6.44051, 6.62254, 0.26438],
			"to": [7.09051, 7.83504, 0.75187],
			"shade": false,
			"rotation": {"angle": 0, "axis": "y", "origin": [8, 6.90379, 0.99563]},
			"faces": {
				"north": {"uv": [9.75, 8.75, 9.875, 9], "texture": "#1"},
				"east": {"uv": [9.75, 8.75, 9.875, 9], "texture": "#1"},
				"south": {"uv": [9.75, 8.75, 9.875, 9], "texture": "#1"},
				"west": {"uv": [9.75, 8.75, 9.875, 9], "texture": "#1"},
				"up": {"uv": [5.125, 9.125, 5, 8.75], "texture": "#1"},
				"down": {"uv": [8.875, 6.5, 8.75, 6.875], "texture": "#1"}
			}
		},
		{
			"name": "heart",
			"from": [7.09051, 5.97254, 0.26438],
			"to": [7.74051, 7.18504, 0.75187],
			"shade": false,
			"rotation": {"angle": 0, "axis": "y", "origin": [8, 6.90379, 0.99563]},
			"faces": {
				"north": {"uv": [9.75, 8.75, 9.875, 9], "texture": "#1"},
				"east": {"uv": [9.75, 8.75, 9.875, 9], "texture": "#1"},
				"south": {"uv": [9.75, 8.75, 9.875, 9], "texture": "#1"},
				"west": {"uv": [9.75, 8.75, 9.875, 9], "texture": "#1"},
				"up": {"uv": [5.125, 9.125, 5, 8.75], "texture": "#1"},
				"down": {"uv": [8.875, 6.5, 8.75, 6.875], "texture": "#1"}
			}
		},
		{
			"name": "heart",
			"from": [8.25949, 5.97254, 0.26438],
			"to": [8.90949, 7.18504, 0.75187],
			"shade": false,
			"rotation": {"angle": 0, "axis": "y", "origin": [8, 6.90379, 0.99563]},
			"faces": {
				"north": {"uv": [9.75, 8.75, 9.875, 9], "texture": "#1"},
				"east": {"uv": [9.75, 8.75, 9.875, 9], "texture": "#1"},
				"south": {"uv": [9.75, 8.75, 9.875, 9], "texture": "#1"},
				"west": {"uv": [9.75, 8.75, 9.875, 9], "texture": "#1"},
				"up": {"uv": [5.125, 9.125, 5, 8.75], "texture": "#1"},
				"down": {"uv": [8.875, 6.5, 8.75, 6.875], "texture": "#1"}
			}
		},
		{
			"name": "heart",
			"from": [8.90949, 6.62254, 0.26438],
			"to": [9.55949, 7.83504, 0.75187],
			"shade": false,
			"rotation": {"angle": 0, "axis": "y", "origin": [8, 6.90379, 0.99563]},
			"faces": {
				"north": {"uv": [9.75, 8.75, 9.875, 9], "texture": "#1"},
				"east": {"uv": [9.75, 8.75, 9.875, 9], "texture": "#1"},
				"south": {"uv": [9.75, 8.75, 9.875, 9], "texture": "#1"},
				"west": {"uv": [9.75, 8.75, 9.875, 9], "texture": "#1"},
				"up": {"uv": [5.125, 9.125, 5, 8.75], "texture": "#1"},
				"down": {"uv": [8.875, 6.5, 8.75, 6.875], "texture": "#1"}
			}
		},
		{
			"name": "heart",
			"from": [5.48, 8.48, 0.59438],
			"to": [6.2, 9.2, 1.41437],
			"shade": false,
			"rotation": {"angle": 0, "axis": "y", "origin": [8, 6.99258, 0.99563]},
			"faces": {
				"north": {"uv": [11.25, 4.5, 11.625, 4.625], "texture": "#1"},
				"south": {"uv": [11.25, 4.5, 11.625, 4.625], "texture": "#1"},
				"west": {"uv": [11.25, 4.5, 11.625, 4.625], "texture": "#1"},
				"up": {"uv": [7.625, 5.75, 7.25, 5.5], "texture": "#1"}
			}
		},
		{
			"name": "ef",
			"from": [-2, 9.75, -2],
			"to": [18, 9.75, 18],
			"shade": false,
			"rotation": {"angle": -45, "axis": "x", "origin": [8, 9.75, 8]},
			"faces": {
				"north": {"uv": [0, 0, 4, 0], "texture": "#missing"},
				"east": {"uv": [0, 0, 4, 0], "texture": "#missing"},
				"south": {"uv": [0, 0, 4, 0], "texture": "#missing"},
				"west": {"uv": [0, 0, 4, 0], "texture": "#missing"},
				"up": {"uv": [12, 12, 16, 16], "texture": "#1"},
				"down": {"uv": [12, 16, 16, 12], "texture": "#1"}
			}
		},
		{
			"name": "ef",
			"from": [-2, 9.75, -2],
			"to": [18, 9.75, 18],
			"shade": false,
			"rotation": {"angle": 22.5, "axis": "x", "origin": [8, 9.75, 8]},
			"faces": {
				"north": {"uv": [0, 0, 4, 0], "texture": "#missing"},
				"east": {"uv": [0, 0, 4, 0], "texture": "#missing"},
				"south": {"uv": [0, 0, 4, 0], "texture": "#missing"},
				"west": {"uv": [0, 0, 4, 0], "texture": "#missing"},
				"up": {"uv": [12, 12, 16, 16], "texture": "#1"},
				"down": {"uv": [12, 16, 16, 12], "texture": "#1"}
			}
		},
		{
			"name": "ef",
			"from": [9.4, 7.3, 10.8],
			"to": [13.6, 15.7, 10.8],
			"shade": false,
			"rotation": {"angle": -45, "axis": "y", "origin": [11.5, 11.5, 10.8]},
			"faces": {
				"north": {"uv": [12.625, 9.875, 13.625, 12], "texture": "#1"},
				"east": {"uv": [0, 0, 0, 2], "texture": "#missing"},
				"south": {"uv": [13.625, 9.875, 12.625, 12], "texture": "#1"},
				"west": {"uv": [0, 0, 0, 2], "texture": "#missing"},
				"up": {"uv": [0, 0, 1.5, 0], "texture": "#missing"},
				"down": {"uv": [0, 0, 1.5, 0], "texture": "#missing"}
			}
		},
		{
			"name": "ef",
			"from": [3.65, 8.35, 6.05],
			"to": [7.85, 16.75, 6.05],
			"shade": false,
			"rotation": {"angle": -22.5, "axis": "y", "origin": [5.75, 12.55, 6.05]},
			"faces": {
				"north": {"uv": [13.625, 9.875, 12.625, 12], "texture": "#1"},
				"east": {"uv": [0, 0, 0, 2], "texture": "#missing"},
				"south": {"uv": [12.625, 9.875, 13.625, 12], "texture": "#1"},
				"west": {"uv": [0, 0, 0, 2], "texture": "#missing"},
				"up": {"uv": [1.5, 0, 0, 0], "texture": "#missing"},
				"down": {"uv": [1.5, 0, 0, 0], "texture": "#missing"}
			}
		},
		{
			"name": "ef",
			"from": [3.8, 11.15, 10.3],
			"to": [8, 19.55, 10.3],
			"shade": false,
			"rotation": {"angle": 45, "axis": "y", "origin": [5.9, 15.35, 10.3]},
			"faces": {
				"north": {"uv": [13.625, 9.875, 12.625, 12], "texture": "#1"},
				"east": {"uv": [0, 0, 0, 2], "texture": "#missing"},
				"south": {"uv": [12.625, 9.875, 13.625, 12], "texture": "#1"},
				"west": {"uv": [0, 0, 0, 2], "texture": "#missing"},
				"up": {"uv": [1.5, 0, 0, 0], "texture": "#missing"},
				"down": {"uv": [1.5, 0, 0, 0], "texture": "#missing"}
			}
		},
		{
			"name": "ef",
			"from": [10.5, 10.1, 3.4],
			"to": [10.5, 18.5, 7.6],
			"shade": false,
			"rotation": {"angle": -45, "axis": "y", "origin": [10.5, 14.3, 5.5]},
			"faces": {
				"north": {"uv": [0, 0, 0, 2], "texture": "#missing"},
				"east": {"uv": [13.625, 9.875, 12.625, 12], "texture": "#1"},
				"south": {"uv": [0, 0, 0, 2], "texture": "#missing"},
				"west": {"uv": [12.625, 9.875, 13.625, 12], "texture": "#1"},
				"up": {"uv": [0, 0, 1.5, 0], "rotation": 270, "texture": "#missing"},
				"down": {"uv": [0, 0, 1.5, 0], "rotation": 90, "texture": "#missing"}
			}
		},
		{
			"from": [2, 3, 1],
			"to": [14, 17.25, 1],
			"rotation": {"angle": 0, "axis": "y", "origin": [8, 10, 1]},
			"faces": {
				"north": {"uv": [14.125, 9.5, 15.875, 12], "texture": "#1"},
				"east": {"uv": [0, 0, 0, 2.5], "texture": "#missing"},
				"south": {"uv": [15.875, 9.5, 14.125, 12], "texture": "#1"},
				"west": {"uv": [0, 0, 0, 2.5], "texture": "#missing"},
				"up": {"uv": [0, 0, 2, 0], "texture": "#missing"},
				"down": {"uv": [0, 0, 2, 0], "texture": "#missing"}
			}
		},
		{
			"name": "ef1",
			"from": [-0.25, -7, -1.75],
			"to": [-0.25, 0, 4.25],
			"rotation": {"angle": -22.5, "axis": "y", "origin": [-0.25, -3.5, 1.25]},
			"faces": {
				"north": {"uv": [0, 1.75, 0, 0], "texture": "#missing"},
				"east": {"uv": [15.5, 2, 14.5, 1], "texture": "#1"},
				"south": {"uv": [0, 1.75, 0, 0], "texture": "#missing"},
				"west": {"uv": [14.5, 2, 15.5, 1], "texture": "#1"},
				"up": {"uv": [0, 1.5, 0, 0], "texture": "#missing"},
				"down": {"uv": [0, 1.5, 0, 0], "texture": "#missing"}
			}
		},
		{
			"name": "ef1",
			"from": [16.25, -7, -1.75],
			"to": [16.25, 0, 4.25],
			"rotation": {"angle": 22.5, "axis": "y", "origin": [16.25, -3.5, 1.25]},
			"faces": {
				"north": {"uv": [0, 1.75, 0, 0], "texture": "#missing"},
				"east": {"uv": [15.5, 4, 14.5, 3], "texture": "#1"},
				"south": {"uv": [0, 1.75, 0, 0], "texture": "#missing"},
				"west": {"uv": [14.5, 4, 15.5, 3], "texture": "#1"},
				"up": {"uv": [0, 1.5, 0, 0], "texture": "#missing"},
				"down": {"uv": [0, 1.5, 0, 0], "texture": "#missing"}
			}
		},
		{
			"name": "ef1",
			"from": [-0.25, -7, 11.75],
			"to": [-0.25, 0, 17.75],
			"rotation": {"angle": 22.5, "axis": "y", "origin": [-0.25, -3.5, 14.75]},
			"faces": {
				"north": {"uv": [0, 1.75, 0, 0], "texture": "#missing"},
				"east": {"uv": [14.625, 6, 15.625, 5], "texture": "#1"},
				"south": {"uv": [0, 1.75, 0, 0], "texture": "#missing"},
				"west": {"uv": [15.625, 6, 14.625, 5], "texture": "#1"},
				"up": {"uv": [0, 0, 0, 1.5], "texture": "#missing"},
				"down": {"uv": [0, 0, 0, 1.5], "texture": "#missing"}
			}
		},
		{
			"name": "ef1",
			"from": [16.25, -7, 11.75],
			"to": [16.25, 0, 17.75],
			"rotation": {"angle": -22.5, "axis": "y", "origin": [16.25, -3.5, 14.75]},
			"faces": {
				"north": {"uv": [0, 1.75, 0, 0], "texture": "#missing"},
				"east": {"uv": [14.5, 2, 15.5, 1], "texture": "#1"},
				"south": {"uv": [0, 1.75, 0, 0], "texture": "#missing"},
				"west": {"uv": [15.5, 2, 14.5, 1], "texture": "#1"},
				"up": {"uv": [0, 0, 0, 1.5], "texture": "#missing"},
				"down": {"uv": [0, 0, 0, 1.5], "texture": "#missing"}
			}
		}
	],
	"gui_light": "front",
	"display": {
		"thirdperson_righthand": {
			"rotation": [142.3, 41.34, -159.98],
			"translation": [0, 1.25, 0],
			"scale": [0.18, 0.18, 0.18]
		},
		"thirdperson_lefthand": {
			"rotation": [142.3, 41.34, -159.98],
			"translation": [0, 1.25, 0],
			"scale": [0.18, 0.18, 0.18]
		},
		"firstperson_righthand": {
			"rotation": [168.06, 45.67, -176.11],
			"translation": [0.25, 4.5, 1],
			"scale": [0.3, 0.3, 0.3]
		},
		"firstperson_lefthand": {
			"rotation": [168.06, 45.67, -176.11],
			"translation": [0.25, 4.5, 1],
			"scale": [0.3, 0.3, 0.3]
		},
		"ground": {
			"translation": [0, 1.5, 0],
			"scale": [0.25, 0.25, 0.25]
		},
		"gui": {
			"rotation": [-160, 25, -180],
			"translation": [-0.25, 1.75, 0],
			"scale": [0.62, 0.62, 0.62]
		},
		"head": {
			"rotation": [1.75, 0, 0],
			"translation": [0, 10, 0],
			"scale": [0.89, 0.89, 0.89]
		},
		"fixed": {
			"translation": [0, 0.75, -2.5],
			"scale": [0.6, 0.6, 0.6]
		}
	},
	"groups": [
		0,
		1,
		2,
		3,
		4,
		5,
		6,
		7,
		8,
		9,
		10,
		11,
		12,
		13,
		14,
		15,
		16,
		17,
		18,
		19,
		20,
		21,
		22,
		23,
		24,
		25,
		26,
		27,
		28,
		29,
		30,
		31,
		{
			"name": "heart",
			"origin": [10.16, 9.35, 44.14438],
			"color": 0,
			"shade": false,
			"children": [32, 33, 34, 35, 36, 37, 38, 39, 40, 41, 42, 43, 44, 45, 46, 47, 48, 49, 50, 51, 52, 53, 54, 55, 56, 57, 58, 59, 60, 61, 62]
		},
		63,
		64,
		65,
		66,
		67,
		68,
		69,
		70,
		71,
		72,
		73
	]
}