{
	"credit": "Made with Blockbench",
	"texture_size": [64, 64],
	"textures": {
		"2": "item/crown/crown_n_1_long",
		"particle": "item/crown/crown_n_1_long"
	},
	"elements": [
		{
			"from": [1.998, -0.002, -6.002],
			"to": [14.002, 1.002, -4.998],
			"shade": false,
			"rotation": {"angle": 0, "axis": "y", "origin": [7, 0, -6]},
			"faces": {
				"north": {"uv": [9, 6.5, 12, 6.75], "texture": "#2"},
				"east": {"uv": [10.5, 11.5, 10.75, 11.75], "texture": "#2"},
				"south": {"uv": [9, 8.25, 12, 8.5], "texture": "#2"},
				"west": {"uv": [11.25, 11.75, 11.5, 12], "texture": "#2"},
				"up": {"uv": [12, 8.75, 9, 8.5], "texture": "#2"},
				"down": {"uv": [12, 8.75, 9, 9], "texture": "#2"}
			}
		},
		{
			"from": [-6.48728, -0.002, 2.48328],
			"to": [-5.48328, 1.002, 14.48728],
			"shade": false,
			"rotation": {"angle": 0, "axis": "y", "origin": [-5.98528, 0.5, 8.48528]},
			"faces": {
				"north": {"uv": [12, 0, 12.25, 0.25], "texture": "#2"},
				"east": {"uv": [3, 9.75, 6, 10], "texture": "#2"},
				"south": {"uv": [12, 0.25, 12.25, 0.5], "texture": "#2"},
				"west": {"uv": [9.25, 9.75, 12.25, 10], "texture": "#2"},
				"up": {"uv": [0.25, 13, 0, 10], "texture": "#2"},
				"down": {"uv": [0.5, 10, 0.25, 13], "texture": "#2"}
			}
		},
		{
			"from": [-7.88909, 0, -1.90381],
			"to": [4.11091, 1, -0.90381],
			"shade": false,
			"rotation": {"angle": 45, "axis": "y", "origin": [-1.88909, 0.5, -1.40381]},
			"faces": {
				"north": {"uv": [9.25, 9, 12.25, 9.25], "texture": "#2"},
				"east": {"uv": [11.5, 11.75, 11.75, 12], "texture": "#2"},
				"south": {"uv": [9.25, 9.25, 12.25, 9.5], "texture": "#2"},
				"west": {"uv": [11.75, 11.75, 12, 12], "texture": "#2"},
				"up": {"uv": [12.25, 9.75, 9.25, 9.5], "texture": "#2"},
				"down": {"uv": [3, 9.75, 0, 10], "texture": "#2"}
			}
		},
		{
			"from": [1.998, -0.002, 21.96856],
			"to": [14.002, 1.002, 22.97256],
			"shade": false,
			"rotation": {"angle": 0, "axis": "y", "origin": [7, 0, 22.97056]},
			"faces": {
				"north": {"uv": [10, 3.5, 13, 3.75], "texture": "#2"},
				"east": {"uv": [0.75, 12, 1, 12.25], "texture": "#2"},
				"south": {"uv": [10, 3.75, 13, 4], "texture": "#2"},
				"west": {"uv": [12, 0.75, 12.25, 1], "texture": "#2"},
				"up": {"uv": [13, 4.25, 10, 4], "texture": "#2"},
				"down": {"uv": [13, 4.25, 10, 4.5], "texture": "#2"}
			}
		},
		{
			"from": [-7.88909, 0, 17.87437],
			"to": [4.11091, 1, 18.87437],
			"shade": false,
			"rotation": {"angle": -45, "axis": "y", "origin": [-1.88909, 0.5, 18.37437]},
			"faces": {
				"north": {"uv": [0.5, 10, 3.5, 10.25], "texture": "#2"},
				"east": {"uv": [0.5, 12, 0.75, 12.25], "texture": "#2"},
				"south": {"uv": [10, 3, 13, 3.25], "texture": "#2"},
				"west": {"uv": [12, 0.5, 12.25, 0.75], "texture": "#2"},
				"up": {"uv": [13, 3.5, 10, 3.25], "texture": "#2"},
				"down": {"uv": [6.5, 10, 3.5, 10.25], "texture": "#2"}
			}
		},
		{
			"from": [1.998, 3.998, -6.002],
			"to": [14.002, 5.002, -4.998],
			"shade": false,
			"rotation": {"angle": 0, "axis": "y", "origin": [7, 4, -6]},
			"faces": {
				"north": {"uv": [10, 4.5, 13, 4.75], "texture": "#2"},
				"east": {"uv": [1, 12, 1.25, 12.25], "texture": "#2"},
				"south": {"uv": [10, 4.75, 13, 5], "texture": "#2"},
				"west": {"uv": [12, 1, 12.25, 1.25], "texture": "#2"},
				"up": {"uv": [13, 5.25, 10, 5], "texture": "#2"},
				"down": {"uv": [13, 5.25, 10, 5.5], "texture": "#2"}
			}
		},
		{
			"from": [6.498, 4.998, -5.977],
			"to": [9.502, 8.002, -5.023],
			"shade": false,
			"rotation": {"angle": -45, "axis": "z", "origin": [8, 6.5, -5.5]},
			"faces": {
				"north": {"uv": [6.5, 10.25, 7.25, 11], "texture": "#2"},
				"east": {"uv": [9, 10.25, 9.25, 11], "texture": "#2"},
				"south": {"uv": [7.25, 10.25, 8, 11], "texture": "#2"},
				"west": {"uv": [9.25, 10.25, 9.5, 11], "texture": "#2"},
				"up": {"uv": [2.25, 10.75, 1.5, 10.5], "texture": "#2"},
				"down": {"uv": [3, 10.5, 2.25, 10.75], "texture": "#2"}
			}
		},
		{
			"from": [6.61713, 7.88109, -5.958],
			"to": [7.63313, 10.14709, -5.042],
			"shade": false,
			"rotation": {"angle": 22.5, "axis": "z", "origin": [7.12513, 9.38909, -5.5]},
			"faces": {
				"north": {"uv": [2.25, 10.75, 2.5, 11.375], "texture": "#2"},
				"east": {"uv": [2.5, 10.75, 2.75, 11.375], "texture": "#2"},
				"south": {"uv": [2.75, 10.75, 3, 11.375], "texture": "#2"},
				"west": {"uv": [3, 10.75, 3.25, 11.375], "texture": "#2"},
				"up": {"uv": [12.25, 2.5, 12, 2.25], "texture": "#2"},
				"down": {"uv": [2.75, 12, 2.5, 12.25], "texture": "#2"}
			}
		},
		{
			"from": [4.13563, 7.28463, -5.958],
			"to": [7.15163, 8.30063, -5.042],
			"shade": false,
			"rotation": {"angle": -45, "axis": "z", "origin": [6.01863, 7.79263, -5.5]},
			"faces": {
				"north": {"uv": [3, 10.5, 3.75, 10.75], "texture": "#2"},
				"east": {"uv": [4.25, 12, 4.5, 12.25], "texture": "#2"},
				"south": {"uv": [3.75, 10.5, 4.5, 10.75], "texture": "#2"},
				"west": {"uv": [4.5, 12, 4.75, 12.25], "texture": "#2"},
				"up": {"uv": [5.25, 10.75, 4.5, 10.5], "texture": "#2"},
				"down": {"uv": [6, 10.5, 5.25, 10.75], "texture": "#2"}
			}
		},
		{
			"from": [3.53836, 8.66684, -5.856],
			"to": [5.05036, 9.47884, -5.144],
			"shade": false,
			"rotation": {"angle": 0, "axis": "y", "origin": [3.54436, 9.07284, -5.5]},
			"faces": {
				"north": {"uv": [1, 11.75, 1.375, 12], "texture": "#2"},
				"east": {"uv": [2.5, 12.25, 2.625, 12.5], "texture": "#2"},
				"south": {"uv": [4.75, 11.75, 5.125, 12], "texture": "#2"},
				"west": {"uv": [2.75, 12.25, 2.875, 12.5], "texture": "#2"},
				"up": {"uv": [9.125, 12.125, 8.75, 12], "texture": "#2"},
				"down": {"uv": [10.375, 12, 10, 12.125], "texture": "#2"}
			}
		},
		{
			"from": [4.03636, 5.66484, -5.858],
			"to": [7.55236, 6.48084, -5.142],
			"shade": false,
			"rotation": {"angle": -22.5, "axis": "z", "origin": [6.04436, 6.07284, -5.5]},
			"faces": {
				"north": {"uv": [10, 10.25, 10.875, 10.5], "texture": "#2"},
				"east": {"uv": [3.25, 12.25, 3.375, 12.5], "texture": "#2"},
				"south": {"uv": [0.5, 10.5, 1.375, 10.75], "texture": "#2"},
				"west": {"uv": [3.5, 12.25, 3.625, 12.5], "texture": "#2"},
				"up": {"uv": [7.625, 11.625, 6.75, 11.5], "texture": "#2"},
				"down": {"uv": [12.125, 11.5, 11.25, 11.625], "texture": "#2"}
			}
		},
		{
			"from": [3.05167, 6.14519, -5.856],
			"to": [4.56367, 6.95719, -5.144],
			"shade": false,
			"rotation": {"angle": 22.5, "axis": "z", "origin": [3.80767, 6.55119, -5.5]},
			"faces": {
				"north": {"uv": [7, 11.75, 7.375, 12], "texture": "#2"},
				"east": {"uv": [3.75, 12.25, 3.875, 12.5], "texture": "#2"},
				"south": {"uv": [7.5, 11.75, 7.875, 12], "texture": "#2"},
				"west": {"uv": [4, 12.25, 4.125, 12.5], "texture": "#2"},
				"up": {"uv": [11.375, 12.125, 11, 12], "texture": "#2"},
				"down": {"uv": [12.375, 11, 12, 11.125], "texture": "#2"}
			}
		},
		{
			"from": [0.97184, 6.14719, -5.854],
			"to": [3.47984, 6.95519, -5.146],
			"shade": false,
			"rotation": {"angle": -22.5, "axis": "z", "origin": [2.72584, 6.55119, -5.5]},
			"faces": {
				"north": {"uv": [3.25, 11, 3.875, 11.25], "texture": "#2"},
				"east": {"uv": [4.25, 12.25, 4.375, 12.5], "texture": "#2"},
				"south": {"uv": [4, 11, 4.625, 11.25], "texture": "#2"},
				"west": {"uv": [4.5, 12.25, 4.625, 12.5], "texture": "#2"},
				"up": {"uv": [11.125, 11.875, 10.5, 11.75], "texture": "#2"},
				"down": {"uv": [12.375, 10.5, 11.75, 10.625], "texture": "#2"}
			}
		},
		{
			"from": [0.44364, 6.90879, -5.852],
			"to": [1.24764, 9.16279, -5.148],
			"shade": false,
			"rotation": {"angle": 22.5, "axis": "z", "origin": [0.84564, 8.16079, -5.5]},
			"faces": {
				"north": {"uv": [0.75, 11, 1, 11.625], "texture": "#2"},
				"east": {"uv": [1.5, 11.75, 1.625, 12.375], "texture": "#2"},
				"south": {"uv": [1, 11, 1.25, 11.625], "texture": "#2"},
				"west": {"uv": [5.75, 11.75, 5.875, 12.375], "texture": "#2"},
				"up": {"uv": [5, 12.375, 4.75, 12.25], "texture": "#2"},
				"down": {"uv": [5.25, 12.25, 5, 12.375], "texture": "#2"}
			}
		},
		{
			"from": [-0.51734, 6.84205, -5.752],
			"to": [0.98666, 7.44605, -5.248],
			"shade": false,
			"rotation": {"angle": 0, "axis": "y", "origin": [-0.63125, 7.3215, -5.5]},
			"faces": {
				"north": {"uv": [12, 11.25, 12.375, 11.375], "texture": "#2"},
				"east": {"uv": [8.75, 12.25, 8.875, 12.375], "texture": "#2"},
				"south": {"uv": [11.5, 12, 11.875, 12.125], "texture": "#2"},
				"west": {"uv": [12.25, 8.75, 12.375, 8.875], "texture": "#2"},
				"up": {"uv": [12.375, 11.875, 12, 11.75], "texture": "#2"},
				"down": {"uv": [12.375, 12, 12, 12.125], "texture": "#2"}
			}
		},
		{
			"from": [-0.74128, 7.25749, -5.75],
			"to": [-0.14128, 8.50749, -5.25],
			"shade": false,
			"rotation": {"angle": 45, "axis": "z", "origin": [-0.13125, 7.3215, -5.5]},
			"faces": {
				"north": {"uv": [5.25, 12.25, 5.375, 12.5], "texture": "#2"},
				"east": {"uv": [5.5, 12.25, 5.625, 12.5], "texture": "#2"},
				"south": {"uv": [6, 12.25, 6.125, 12.5], "texture": "#2"},
				"west": {"uv": [6.25, 12.25, 6.375, 12.5], "texture": "#2"},
				"up": {"uv": [12.375, 8.375, 12.25, 8.25], "texture": "#2"},
				"down": {"uv": [12.375, 8.5, 12.25, 8.625], "texture": "#2"}
			}
		},
		{
			"from": [2.29087, 9.08284, -5.854],
			"to": [4.04887, 9.89084, -5.146],
			"shade": false,
			"rotation": {"angle": -45, "axis": "z", "origin": [3.29487, 9.48684, -5.5]},
			"faces": {
				"north": {"uv": [5.25, 11.75, 5.625, 12], "texture": "#2"},
				"east": {"uv": [12.25, 2.75, 12.375, 3], "texture": "#2"},
				"south": {"uv": [6.5, 11.75, 6.875, 12], "texture": "#2"},
				"west": {"uv": [3, 12.25, 3.125, 12.5], "texture": "#2"},
				"up": {"uv": [10.875, 12.125, 10.5, 12], "texture": "#2"},
				"down": {"uv": [12.375, 10.75, 12, 10.875], "texture": "#2"}
			}
		},
		{
			"from": [-6.33537, 6.27651, 3.02267],
			"to": [-5.62737, 7.08451, 4.78067],
			"shade": false,
			"rotation": {"angle": 22.5, "axis": "x", "origin": [-5.98137, 6.31651, 5.33866]},
			"faces": {
				"north": {"uv": [6.75, 12.25, 6.875, 12.5], "texture": "#2"},
				"east": {"uv": [8, 11.75, 8.375, 12], "texture": "#2"},
				"south": {"uv": [7, 12.25, 7.125, 12.5], "texture": "#2"},
				"west": {"uv": [9, 11.75, 9.375, 12], "texture": "#2"},
				"up": {"uv": [0.625, 12.625, 0.5, 12.25], "texture": "#2"},
				"down": {"uv": [12.375, 0.5, 12.25, 0.875], "texture": "#2"}
			}
		},
		{
			"from": [-6.33737, 5.74613, 4.67633],
			"to": [-5.62537, 7.25813, 5.48833],
			"shade": false,
			"rotation": {"angle": -22.5, "axis": "x", "origin": [-5.98137, 6.31651, 5.33866]},
			"faces": {
				"north": {"uv": [9.25, 12, 9.375, 12.375], "texture": "#2"},
				"east": {"uv": [3, 11.5, 3.25, 11.875], "texture": "#2"},
				"south": {"uv": [12.25, 0, 12.375, 0.375], "texture": "#2"},
				"west": {"uv": [8.75, 11.5, 9, 11.875], "texture": "#2"},
				"up": {"uv": [6.625, 12.5, 6.5, 12.25], "texture": "#2"},
				"down": {"uv": [12.375, 6.5, 12.25, 6.75], "texture": "#2"}
			}
		},
		{
			"from": [-6.30837, 6.38791, 4.97881],
			"to": [-5.65437, 8.64191, 5.78281],
			"shade": false,
			"rotation": {"angle": 22.5, "axis": "x", "origin": [-5.98137, 7.13991, 5.38081]},
			"faces": {
				"north": {"uv": [8.5, 11.75, 8.625, 12.375], "texture": "#2"},
				"east": {"uv": [6, 11.25, 6.25, 11.875], "texture": "#2"},
				"south": {"uv": [11.75, 10.75, 11.875, 11.375], "texture": "#2"},
				"west": {"uv": [6.25, 11.25, 6.5, 11.875], "texture": "#2"},
				"up": {"uv": [7.875, 12.5, 7.75, 12.25], "texture": "#2"},
				"down": {"uv": [8.125, 12.25, 8, 12.5], "texture": "#2"}
			}
		},
		{
			"from": [-6.43937, 5.44451, 5.26764],
			"to": [-5.52337, 6.46051, 8.28364],
			"shade": false,
			"rotation": {"angle": 22.5, "axis": "x", "origin": [-5.98137, 6.31651, 5.33866]},
			"faces": {
				"north": {"uv": [7.75, 12, 8, 12.25], "texture": "#2"},
				"east": {"uv": [10, 10.5, 10.75, 10.75], "texture": "#2"},
				"south": {"uv": [8, 12, 8.25, 12.25], "texture": "#2"},
				"west": {"uv": [0.5, 10.75, 1.25, 11], "texture": "#2"},
				"up": {"uv": [6.25, 11.25, 6, 10.5], "texture": "#2"},
				"down": {"uv": [6.5, 10.5, 6.25, 11.25], "texture": "#2"}
			}
		},
		{
			"from": [-6.33737, 6.26163, 11.50244],
			"to": [-5.62537, 7.07363, 13.01444],
			"shade": false,
			"rotation": {"angle": 0, "axis": "y", "origin": [-5.98137, 6.16011, 11.52889]},
			"faces": {
				"north": {"uv": [7.25, 12.25, 7.375, 12.5], "texture": "#2"},
				"east": {"uv": [10, 11.75, 10.375, 12], "texture": "#2"},
				"south": {"uv": [7.5, 12.25, 7.625, 12.5], "texture": "#2"},
				"west": {"uv": [11.75, 10.25, 12.125, 10.5], "texture": "#2"},
				"up": {"uv": [0.875, 12.625, 0.75, 12.25], "texture": "#2"},
				"down": {"uv": [1.125, 12.25, 1, 12.625], "texture": "#2"}
			}
		},
		{
			"from": [-6.43937, 3.77736, 10.86389],
			"to": [-5.52337, 6.79336, 11.87989],
			"shade": false,
			"rotation": {"angle": 45, "axis": "x", "origin": [-5.98137, 6.16011, 11.52889]},
			"faces": {
				"north": {"uv": [1.25, 10.75, 1.5, 11.5], "texture": "#2"},
				"east": {"uv": [1.5, 10.75, 1.75, 11.5], "texture": "#2"},
				"south": {"uv": [1.75, 10.75, 2, 11.5], "texture": "#2"},
				"west": {"uv": [2, 10.75, 2.25, 11.5], "texture": "#2"},
				"up": {"uv": [8.5, 12.25, 8.25, 12], "texture": "#2"},
				"down": {"uv": [12.25, 8.25, 12, 8.5], "texture": "#2"}
			}
		},
		{
			"from": [-0.70713, 7.58484, -5.502],
			"to": [4.04687, 11.38884, -5.498],
			"shade": false,
			"rotation": {"angle": -45, "axis": "z", "origin": [3.29487, 9.48684, -5.5]},
			"faces": {
				"north": {"uv": [9, 5.5, 10.125, 6.5], "texture": "#2"},
				"east": {"uv": [0, 0, 0, 1], "texture": "#2"},
				"south": {"uv": [10.125, 5.5, 9, 6.5], "texture": "#2"},
				"west": {"uv": [0, 0, 0, 1], "texture": "#2"},
				"up": {"uv": [1.125, 0, 0, 0], "texture": "#2"},
				"down": {"uv": [1.125, 0, 0, 0], "texture": "#2"}
			}
		},
		{
			"from": [-3.00618, 6.50889, -5.402],
			"to": [0.79782, 11.26289, -5.398],
			"shade": false,
			"rotation": {"angle": 22.5, "axis": "z", "origin": [-1.10418, 8.88589, -5.4]},
			"faces": {
				"north": {"uv": [9, 3, 10, 4.25], "texture": "#2"},
				"east": {"uv": [0, 0, 0, 1.25], "texture": "#2"},
				"south": {"uv": [10, 3, 9, 4.25], "texture": "#2"},
				"west": {"uv": [0, 0, 0, 1.25], "texture": "#2"},
				"up": {"uv": [1, 0, 0, 0], "texture": "#2"},
				"down": {"uv": [1, 0, 0, 0], "texture": "#2"}
			}
		},
		{
			"from": [4.9273, 9.68961, -5.956],
			"to": [7.1893, 10.70161, -5.044],
			"shade": false,
			"rotation": {"angle": -22.5, "axis": "z", "origin": [6.1833, 10.19561, -5.5]},
			"faces": {
				"north": {"uv": [3.25, 10.75, 3.875, 11], "texture": "#2"},
				"east": {"uv": [12, 2.5, 12.25, 2.75], "texture": "#2"},
				"south": {"uv": [4, 10.75, 4.625, 11], "texture": "#2"},
				"west": {"uv": [2.75, 12, 3, 12.25], "texture": "#2"},
				"up": {"uv": [5.375, 11, 4.75, 10.75], "texture": "#2"},
				"down": {"uv": [8.625, 10.75, 8, 11], "texture": "#2"}
			}
		},
		{
			"from": [4.363, 10.31526, -5.954],
			"to": [5.371, 12.57326, -5.046],
			"shade": false,
			"rotation": {"angle": 22.5, "axis": "z", "origin": [4.867, 11.44426, -5.5]},
			"faces": {
				"north": {"uv": [5.5, 10.75, 5.75, 11.375], "texture": "#2"},
				"east": {"uv": [5.75, 10.75, 6, 11.375], "texture": "#2"},
				"south": {"uv": [8.75, 10.75, 9, 11.375], "texture": "#2"},
				"west": {"uv": [10, 10.75, 10.25, 11.375], "texture": "#2"},
				"up": {"uv": [12.25, 3, 12, 2.75], "texture": "#2"},
				"down": {"uv": [3.25, 12, 3, 12.25], "texture": "#2"}
			}
		},
		{
			"from": [4.365, 12.01547, -5.952],
			"to": [5.369, 14.26947, -5.048],
			"shade": false,
			"rotation": {"angle": -22.5, "axis": "z", "origin": [4.867, 13.14247, -5.5]},
			"faces": {
				"north": {"uv": [10.25, 10.75, 10.5, 11.375], "texture": "#2"},
				"east": {"uv": [10.5, 10.75, 10.75, 11.375], "texture": "#2"},
				"south": {"uv": [10.75, 10.5, 11, 11.125], "texture": "#2"},
				"west": {"uv": [0.5, 11, 0.75, 11.625], "texture": "#2"},
				"up": {"uv": [3.5, 12.25, 3.25, 12], "texture": "#2"},
				"down": {"uv": [3.75, 12, 3.5, 12.25], "texture": "#2"}
			}
		},
		{
			"from": [4.94282, 13.84329, -5.975],
			"to": [6.19282, 14.84329, -5.025],
			"shade": false,
			"rotation": {"angle": 22.5, "axis": "z", "origin": [6.06782, 14.34329, -5.5]},
			"faces": {
				"north": {"uv": [5.5, 11.5, 5.875, 11.75], "texture": "#2"},
				"east": {"uv": [3.75, 12, 4, 12.25], "texture": "#2"},
				"south": {"uv": [7.75, 11.5, 8.125, 11.75], "texture": "#2"},
				"west": {"uv": [4, 12, 4.25, 12.25], "texture": "#2"},
				"up": {"uv": [10.375, 11.75, 10, 11.5], "texture": "#2"},
				"down": {"uv": [0.875, 11.75, 0.5, 12], "texture": "#2"}
			}
		},
		{
			"from": [-6.475, 9.73354, 9.65316],
			"to": [-5.525, 10.73354, 11.65316],
			"shade": false,
			"rotation": {"angle": 22.5, "axis": "x", "origin": [-6, 9.90861, 11.56263]},
			"faces": {
				"north": {"uv": [6.75, 12, 7, 12.25], "texture": "#2"},
				"east": {"uv": [11.25, 11.25, 11.75, 11.5], "texture": "#2"},
				"south": {"uv": [7, 12, 7.25, 12.25], "texture": "#2"},
				"west": {"uv": [1.25, 11.5, 1.75, 11.75], "texture": "#2"},
				"up": {"uv": [11, 11.75, 10.75, 11.25], "texture": "#2"},
				"down": {"uv": [2, 11.5, 1.75, 12], "texture": "#2"}
			}
		},
		{
			"from": [-6.477, 10.05485, 8.12749],
			"to": [-5.523, 11.05885, 10.38149],
			"shade": false,
			"rotation": {"angle": -22.5, "axis": "x", "origin": [-6, 10.55685, 9.37949]},
			"faces": {
				"north": {"uv": [7.25, 12, 7.5, 12.25], "texture": "#2"},
				"east": {"uv": [6.75, 11.25, 7.375, 11.5], "texture": "#2"},
				"south": {"uv": [7.5, 12, 7.75, 12.25], "texture": "#2"},
				"west": {"uv": [7.5, 11.25, 8.125, 11.5], "texture": "#2"},
				"up": {"uv": [4.5, 11.875, 4.25, 11.25], "texture": "#2"},
				"down": {"uv": [4.75, 11.25, 4.5, 11.875], "texture": "#2"}
			}
		},
		{
			"from": [-6.475, 7.65901, 8.33901],
			"to": [-5.525, 9.40901, 10.08901],
			"shade": false,
			"rotation": {"angle": -45, "axis": "x", "origin": [-6, 8.15901, 9.21401]},
			"faces": {
				"north": {"uv": [2, 11.5, 2.25, 12], "texture": "#2"},
				"east": {"uv": [8, 10.25, 8.5, 10.75], "texture": "#2"},
				"south": {"uv": [2.25, 11.5, 2.5, 12], "texture": "#2"},
				"west": {"uv": [8.5, 10.25, 9, 10.75], "texture": "#2"},
				"up": {"uv": [2.75, 12, 2.5, 11.5], "texture": "#2"},
				"down": {"uv": [3, 11.5, 2.75, 12], "texture": "#2"}
			}
		},
		{
			"from": [-6.475, 7.89918, 3.92384],
			"to": [-5.525, 8.94918, 4.97384],
			"shade": false,
			"rotation": {"angle": 22.5, "axis": "x", "origin": [-6, 8.42418, 4.44884]},
			"faces": {
				"north": {"uv": [2.75, 12, 2.5, 11.5], "rotation": 180, "texture": "#2"},
				"east": {"uv": [8, 10.25, 8.5, 10.75], "rotation": 90, "texture": "#2"},
				"south": {"uv": [3, 11.5, 2.75, 12], "texture": "#2"},
				"west": {"uv": [8.5, 10.25, 9, 10.75], "rotation": 270, "texture": "#2"},
				"up": {"uv": [2.25, 11.5, 2.5, 12], "texture": "#2"},
				"down": {"uv": [2, 11.5, 2.25, 12], "rotation": 180, "texture": "#2"}
			}
		},
		{
			"from": [-1.225, 6.39918, -3.32616],
			"to": [-0.275, 7.94918, -1.77616],
			"shade": false,
			"rotation": {"angle": -45, "axis": "y", "origin": [-0.75, 7.17418, -2.55116]},
			"faces": {
				"north": {"uv": [2.75, 12, 2.5, 11.5], "rotation": 180, "texture": "#2"},
				"east": {"uv": [8, 10.25, 8.5, 10.75], "rotation": 90, "texture": "#2"},
				"south": {"uv": [3, 11.5, 2.75, 12], "texture": "#2"},
				"west": {"uv": [8.5, 10.25, 9, 10.75], "rotation": 270, "texture": "#2"},
				"up": {"uv": [2.25, 11.5, 2.5, 12], "texture": "#2"},
				"down": {"uv": [2, 11.5, 2.25, 12], "rotation": 180, "texture": "#2"}
			}
		},
		{
			"from": [1.275, 5.89918, 21.72616],
			"to": [2.825, 7.44918, 22.67616],
			"shade": false,
			"rotation": {"angle": -22.5, "axis": "y", "origin": [2.05, 6.67418, 22.20116]},
			"faces": {
				"north": {"uv": [8, 10.75, 8.5, 10.25], "rotation": 90, "texture": "#2"},
				"east": {"uv": [2.5, 12, 2.75, 11.5], "rotation": 180, "texture": "#2"},
				"south": {"uv": [8.5, 10.75, 9, 10.25], "rotation": 270, "texture": "#2"},
				"west": {"uv": [2.75, 11.5, 3, 12], "texture": "#2"},
				"up": {"uv": [2.25, 12, 2.5, 11.5], "rotation": 270, "texture": "#2"},
				"down": {"uv": [2, 12, 2.25, 11.5], "rotation": 270, "texture": "#2"}
			}
		},
		{
			"from": [13.175, 5.89918, 21.72616],
			"to": [14.725, 7.44918, 22.67616],
			"shade": false,
			"rotation": {"angle": 22.5, "axis": "y", "origin": [13.95, 6.67418, 22.20116]},
			"faces": {
				"north": {"uv": [8, 10.25, 8.5, 10.75], "rotation": 90, "texture": "#2"},
				"east": {"uv": [3, 11.5, 2.75, 12], "texture": "#2"},
				"south": {"uv": [8.5, 10.25, 9, 10.75], "rotation": 270, "texture": "#2"},
				"west": {"uv": [2.75, 12, 2.5, 11.5], "rotation": 180, "texture": "#2"},
				"up": {"uv": [2.25, 11.5, 2.5, 12], "rotation": 270, "texture": "#2"},
				"down": {"uv": [2, 11.5, 2.25, 12], "rotation": 270, "texture": "#2"}
			}
		},
		{
			"from": [16.275, 6.39918, -3.32616],
			"to": [17.225, 7.94918, -1.77616],
			"shade": false,
			"rotation": {"angle": 45, "axis": "y", "origin": [16.75, 7.17418, -2.55116]},
			"faces": {
				"north": {"uv": [2.5, 12, 2.75, 11.5], "rotation": 180, "texture": "#2"},
				"east": {"uv": [8.5, 10.75, 9, 10.25], "rotation": 270, "texture": "#2"},
				"south": {"uv": [2.75, 11.5, 3, 12], "texture": "#2"},
				"west": {"uv": [8, 10.75, 8.5, 10.25], "rotation": 90, "texture": "#2"},
				"up": {"uv": [2.5, 11.5, 2.25, 12], "texture": "#2"},
				"down": {"uv": [2.25, 11.5, 2, 12], "rotation": 180, "texture": "#2"}
			}
		},
		{
			"from": [21.525, 7.89918, 3.92384],
			"to": [22.475, 8.94918, 4.97384],
			"shade": false,
			"rotation": {"angle": 22.5, "axis": "x", "origin": [22, 8.42418, 4.44884]},
			"faces": {
				"north": {"uv": [2.5, 12, 2.75, 11.5], "rotation": 180, "texture": "#2"},
				"east": {"uv": [9, 10.25, 8.5, 10.75], "rotation": 90, "texture": "#2"},
				"south": {"uv": [2.75, 11.5, 3, 12], "texture": "#2"},
				"west": {"uv": [8.5, 10.25, 8, 10.75], "rotation": 270, "texture": "#2"},
				"up": {"uv": [2.5, 11.5, 2.25, 12], "texture": "#2"},
				"down": {"uv": [2.25, 11.5, 2, 12], "rotation": 180, "texture": "#2"}
			}
		},
		{
			"from": [-6.452, 8.17391, 11.20879],
			"to": [-5.548, 10.42791, 12.21279],
			"shade": false,
			"rotation": {"angle": -22.5, "axis": "x", "origin": [-6, 9.90861, 11.56263]},
			"faces": {
				"north": {"uv": [3.25, 11.25, 3.5, 11.875], "texture": "#2"},
				"east": {"uv": [3.5, 11.25, 3.75, 11.875], "texture": "#2"},
				"south": {"uv": [3.75, 11.25, 4, 11.875], "texture": "#2"},
				"west": {"uv": [4, 11.25, 4.25, 11.875], "texture": "#2"},
				"up": {"uv": [6.75, 12.25, 6.5, 12], "texture": "#2"},
				"down": {"uv": [12.25, 6.5, 12, 6.75], "texture": "#2"}
			}
		},
		{
			"from": [-6.454, 7.26658, 12.20745],
			"to": [-5.546, 9.52458, 13.21545],
			"shade": false,
			"rotation": {"angle": 45, "axis": "x", "origin": [-6, 9.50499, 11.85204]},
			"faces": {
				"north": {"uv": [9, 11, 9.25, 11.625], "texture": "#2"},
				"east": {"uv": [9.25, 11, 9.5, 11.625], "texture": "#2"},
				"south": {"uv": [11, 10.25, 11.25, 10.875], "texture": "#2"},
				"west": {"uv": [11, 11, 11.25, 11.625], "texture": "#2"},
				"up": {"uv": [6.25, 12.25, 6, 12], "texture": "#2"},
				"down": {"uv": [6.5, 12, 6.25, 12.25], "texture": "#2"}
			}
		},
		{
			"from": [-6.456, 6.5905, 8.35091],
			"to": [-5.544, 7.6025, 10.61291],
			"shade": false,
			"rotation": {"angle": -22.5, "axis": "x", "origin": [-6, 8.34729, 10]},
			"faces": {
				"north": {"uv": [5.25, 12, 5.5, 12.25], "texture": "#2"},
				"east": {"uv": [6.75, 11, 7.375, 11.25], "texture": "#2"},
				"south": {"uv": [5.5, 12, 5.75, 12.25], "texture": "#2"},
				"west": {"uv": [7.5, 11, 8.125, 11.25], "texture": "#2"},
				"up": {"uv": [8.5, 11.625, 8.25, 11], "texture": "#2"},
				"down": {"uv": [8.75, 11, 8.5, 11.625], "texture": "#2"}
			}
		},
		{
			"from": [-6.458, 4.39456, 9.36022],
			"to": [-5.542, 6.66056, 10.37622],
			"shade": false,
			"rotation": {"angle": 22.5, "axis": "x", "origin": [-6, 8.34729, 10]},
			"faces": {
				"north": {"uv": [4.75, 11, 5, 11.625], "texture": "#2"},
				"east": {"uv": [5, 11, 5.25, 11.625], "texture": "#2"},
				"south": {"uv": [5.25, 11, 5.5, 11.625], "texture": "#2"},
				"west": {"uv": [6.5, 11, 6.75, 11.625], "texture": "#2"},
				"up": {"uv": [5, 12.25, 4.75, 12], "texture": "#2"},
				"down": {"uv": [5.25, 12, 5, 12.25], "texture": "#2"}
			}
		},
		{
			"from": [21.62537, 6.26163, 11.50244],
			"to": [22.33737, 7.07363, 13.01444],
			"shade": false,
			"rotation": {"angle": 0, "axis": "y", "origin": [21.98137, 6.16011, 11.52889]},
			"faces": {
				"north": {"uv": [7.375, 12.25, 7.25, 12.5], "texture": "#2"},
				"east": {"uv": [12.125, 10.25, 11.75, 10.5], "texture": "#2"},
				"south": {"uv": [7.625, 12.25, 7.5, 12.5], "texture": "#2"},
				"west": {"uv": [10.375, 11.75, 10, 12], "texture": "#2"},
				"up": {"uv": [0.75, 12.625, 0.875, 12.25], "texture": "#2"},
				"down": {"uv": [1, 12.25, 1.125, 12.625], "texture": "#2"}
			}
		},
		{
			"from": [21.52337, 3.77736, 10.86389],
			"to": [22.43937, 6.79336, 11.87989],
			"shade": false,
			"rotation": {"angle": 45, "axis": "x", "origin": [21.98137, 6.16011, 11.52889]},
			"faces": {
				"north": {"uv": [1.5, 10.75, 1.25, 11.5], "texture": "#2"},
				"east": {"uv": [2.25, 10.75, 2, 11.5], "texture": "#2"},
				"south": {"uv": [2, 10.75, 1.75, 11.5], "texture": "#2"},
				"west": {"uv": [1.75, 10.75, 1.5, 11.5], "texture": "#2"},
				"up": {"uv": [8.25, 12.25, 8.5, 12], "texture": "#2"},
				"down": {"uv": [12, 8.25, 12.25, 8.5], "texture": "#2"}
			}
		},
		{
			"from": [21.546, 7.26658, 12.20745],
			"to": [22.454, 9.52458, 13.21545],
			"shade": false,
			"rotation": {"angle": 45, "axis": "x", "origin": [22, 9.50499, 11.85204]},
			"faces": {
				"north": {"uv": [9.25, 11, 9, 11.625], "texture": "#2"},
				"east": {"uv": [11.25, 11, 11, 11.625], "texture": "#2"},
				"south": {"uv": [11.25, 10.25, 11, 10.875], "texture": "#2"},
				"west": {"uv": [9.5, 11, 9.25, 11.625], "texture": "#2"},
				"up": {"uv": [6, 12.25, 6.25, 12], "texture": "#2"},
				"down": {"uv": [6.25, 12, 6.5, 12.25], "texture": "#2"}
			}
		},
		{
			"from": [21.548, 8.17391, 11.20879],
			"to": [22.452, 10.42791, 12.21279],
			"shade": false,
			"rotation": {"angle": -22.5, "axis": "x", "origin": [22, 9.90861, 11.56263]},
			"faces": {
				"north": {"uv": [3.5, 11.25, 3.25, 11.875], "texture": "#2"},
				"east": {"uv": [4.25, 11.25, 4, 11.875], "texture": "#2"},
				"south": {"uv": [4, 11.25, 3.75, 11.875], "texture": "#2"},
				"west": {"uv": [3.75, 11.25, 3.5, 11.875], "texture": "#2"},
				"up": {"uv": [6.5, 12.25, 6.75, 12], "texture": "#2"},
				"down": {"uv": [12, 6.5, 12.25, 6.75], "texture": "#2"}
			}
		},
		{
			"from": [21.525, 9.73354, 9.65316],
			"to": [22.475, 10.73354, 11.65316],
			"shade": false,
			"rotation": {"angle": 22.5, "axis": "x", "origin": [22, 9.90861, 11.56263]},
			"faces": {
				"north": {"uv": [7, 12, 6.75, 12.25], "texture": "#2"},
				"east": {"uv": [1.75, 11.5, 1.25, 11.75], "texture": "#2"},
				"south": {"uv": [7.25, 12, 7, 12.25], "texture": "#2"},
				"west": {"uv": [11.75, 11.25, 11.25, 11.5], "texture": "#2"},
				"up": {"uv": [10.75, 11.75, 11, 11.25], "texture": "#2"},
				"down": {"uv": [1.75, 11.5, 2, 12], "texture": "#2"}
			}
		},
		{
			"from": [21.523, 10.05485, 8.12749],
			"to": [22.477, 11.05885, 10.38149],
			"shade": false,
			"rotation": {"angle": -22.5, "axis": "x", "origin": [22, 10.55685, 9.37949]},
			"faces": {
				"north": {"uv": [7.5, 12, 7.25, 12.25], "texture": "#2"},
				"east": {"uv": [8.125, 11.25, 7.5, 11.5], "texture": "#2"},
				"south": {"uv": [7.75, 12, 7.5, 12.25], "texture": "#2"},
				"west": {"uv": [7.375, 11.25, 6.75, 11.5], "texture": "#2"},
				"up": {"uv": [4.25, 11.875, 4.5, 11.25], "texture": "#2"},
				"down": {"uv": [4.5, 11.25, 4.75, 11.875], "texture": "#2"}
			}
		},
		{
			"from": [21.525, 7.65901, 8.33901],
			"to": [22.475, 9.40901, 10.08901],
			"shade": false,
			"rotation": {"angle": -45, "axis": "x", "origin": [22, 8.15901, 9.21401]},
			"faces": {
				"north": {"uv": [2.25, 11.5, 2, 12], "texture": "#2"},
				"east": {"uv": [9, 10.25, 8.5, 10.75], "texture": "#2"},
				"south": {"uv": [2.5, 11.5, 2.25, 12], "texture": "#2"},
				"west": {"uv": [8.5, 10.25, 8, 10.75], "texture": "#2"},
				"up": {"uv": [2.5, 12, 2.75, 11.5], "texture": "#2"},
				"down": {"uv": [2.75, 11.5, 3, 12], "texture": "#2"}
			}
		},
		{
			"from": [21.544, 6.5905, 8.35091],
			"to": [22.456, 7.6025, 10.61291],
			"shade": false,
			"rotation": {"angle": -22.5, "axis": "x", "origin": [22, 8.34729, 10]},
			"faces": {
				"north": {"uv": [5.5, 12, 5.25, 12.25], "texture": "#2"},
				"east": {"uv": [8.125, 11, 7.5, 11.25], "texture": "#2"},
				"south": {"uv": [5.75, 12, 5.5, 12.25], "texture": "#2"},
				"west": {"uv": [7.375, 11, 6.75, 11.25], "texture": "#2"},
				"up": {"uv": [8.25, 11.625, 8.5, 11], "texture": "#2"},
				"down": {"uv": [8.5, 11, 8.75, 11.625], "texture": "#2"}
			}
		},
		{
			"from": [21.542, 4.39456, 9.36022],
			"to": [22.458, 6.66056, 10.37622],
			"shade": false,
			"rotation": {"angle": 22.5, "axis": "x", "origin": [22, 8.34729, 10]},
			"faces": {
				"north": {"uv": [5, 11, 4.75, 11.625], "texture": "#2"},
				"east": {"uv": [6.75, 11, 6.5, 11.625], "texture": "#2"},
				"south": {"uv": [5.5, 11, 5.25, 11.625], "texture": "#2"},
				"west": {"uv": [5.25, 11, 5, 11.625], "texture": "#2"},
				"up": {"uv": [4.75, 12.25, 5, 12], "texture": "#2"},
				"down": {"uv": [5, 12, 5.25, 12.25], "texture": "#2"}
			}
		},
		{
			"from": [21.52337, 5.44451, 5.26764],
			"to": [22.43937, 6.46051, 8.28364],
			"shade": false,
			"rotation": {"angle": 22.5, "axis": "x", "origin": [21.98137, 6.31651, 5.33866]},
			"faces": {
				"north": {"uv": [8, 12, 7.75, 12.25], "texture": "#2"},
				"east": {"uv": [1.25, 10.75, 0.5, 11], "texture": "#2"},
				"south": {"uv": [8.25, 12, 8, 12.25], "texture": "#2"},
				"west": {"uv": [10.75, 10.5, 10, 10.75], "texture": "#2"},
				"up": {"uv": [6, 11.25, 6.25, 10.5], "texture": "#2"},
				"down": {"uv": [6.25, 10.5, 6.5, 11.25], "texture": "#2"}
			}
		},
		{
			"from": [21.65437, 6.38791, 4.97881],
			"to": [22.30837, 8.64191, 5.78281],
			"shade": false,
			"rotation": {"angle": 22.5, "axis": "x", "origin": [21.98137, 7.13991, 5.38081]},
			"faces": {
				"north": {"uv": [8.625, 11.75, 8.5, 12.375], "texture": "#2"},
				"east": {"uv": [6.5, 11.25, 6.25, 11.875], "texture": "#2"},
				"south": {"uv": [11.875, 10.75, 11.75, 11.375], "texture": "#2"},
				"west": {"uv": [6.25, 11.25, 6, 11.875], "texture": "#2"},
				"up": {"uv": [7.75, 12.5, 7.875, 12.25], "texture": "#2"},
				"down": {"uv": [8, 12.25, 8.125, 12.5], "texture": "#2"}
			}
		},
		{
			"from": [21.62537, 5.74613, 4.67633],
			"to": [22.33737, 7.25813, 5.48833],
			"shade": false,
			"rotation": {"angle": -22.5, "axis": "x", "origin": [21.98137, 6.31651, 5.33866]},
			"faces": {
				"north": {"uv": [9.375, 12, 9.25, 12.375], "texture": "#2"},
				"east": {"uv": [9, 11.5, 8.75, 11.875], "texture": "#2"},
				"south": {"uv": [12.375, 0, 12.25, 0.375], "texture": "#2"},
				"west": {"uv": [3.25, 11.5, 3, 11.875], "texture": "#2"},
				"up": {"uv": [6.5, 12.5, 6.625, 12.25], "texture": "#2"},
				"down": {"uv": [12.25, 6.5, 12.375, 6.75], "texture": "#2"}
			}
		},
		{
			"from": [21.62737, 6.27651, 3.02267],
			"to": [22.33537, 7.08451, 4.78067],
			"shade": false,
			"rotation": {"angle": 22.5, "axis": "x", "origin": [21.98137, 6.31651, 5.33866]},
			"faces": {
				"north": {"uv": [6.875, 12.25, 6.75, 12.5], "texture": "#2"},
				"east": {"uv": [9.375, 11.75, 9, 12], "texture": "#2"},
				"south": {"uv": [7.125, 12.25, 7, 12.5], "texture": "#2"},
				"west": {"uv": [8.375, 11.75, 8, 12], "texture": "#2"},
				"up": {"uv": [0.5, 12.625, 0.625, 12.25], "texture": "#2"},
				"down": {"uv": [12.25, 0.5, 12.375, 0.875], "texture": "#2"}
			}
		},
		{
			"from": [3.69082, 13.09129, -5.702],
			"to": [6.94482, 17.09529, -5.698],
			"shade": false,
			"rotation": {"angle": 22.5, "axis": "z", "origin": [5.81782, 13.59329, -5.7]},
			"faces": {
				"north": {"uv": [7.25, 9, 8.125, 10], "texture": "#2"},
				"east": {"uv": [0, 0, 0, 1], "texture": "#2"},
				"south": {"uv": [8.125, 9, 7.25, 10], "texture": "#2"},
				"west": {"uv": [0, 0, 0, 1], "texture": "#2"},
				"up": {"uv": [0.875, 0, 0, 0], "texture": "#2"},
				"down": {"uv": [0.875, 0, 0, 0], "texture": "#2"}
			}
		},
		{
			"from": [16.14128, 7.25749, -5.75],
			"to": [16.74128, 8.50749, -5.25],
			"shade": false,
			"rotation": {"angle": -45, "axis": "z", "origin": [16.13125, 7.3215, -5.5]},
			"faces": {
				"north": {"uv": [5.375, 12.25, 5.25, 12.5], "texture": "#2"},
				"east": {"uv": [6.375, 12.25, 6.25, 12.5], "texture": "#2"},
				"south": {"uv": [6.125, 12.25, 6, 12.5], "texture": "#2"},
				"west": {"uv": [5.625, 12.25, 5.5, 12.5], "texture": "#2"},
				"up": {"uv": [12.25, 8.375, 12.375, 8.25], "texture": "#2"},
				"down": {"uv": [12.25, 8.5, 12.375, 8.625], "texture": "#2"}
			}
		},
		{
			"from": [15.01334, 6.84205, -5.752],
			"to": [16.51734, 7.44605, -5.248],
			"shade": false,
			"rotation": {"angle": 0, "axis": "y", "origin": [16.63125, 7.3215, -5.5]},
			"faces": {
				"north": {"uv": [12.375, 11.25, 12, 11.375], "texture": "#2"},
				"east": {"uv": [12.375, 8.75, 12.25, 8.875], "texture": "#2"},
				"south": {"uv": [11.875, 12, 11.5, 12.125], "texture": "#2"},
				"west": {"uv": [8.875, 12.25, 8.75, 12.375], "texture": "#2"},
				"up": {"uv": [12, 11.875, 12.375, 11.75], "texture": "#2"},
				"down": {"uv": [12, 12, 12.375, 12.125], "texture": "#2"}
			}
		},
		{
			"from": [15.20218, 6.50889, -5.402],
			"to": [19.00618, 11.26289, -5.398],
			"shade": false,
			"rotation": {"angle": -22.5, "axis": "z", "origin": [17.10418, 8.88589, -5.4]},
			"faces": {
				"north": {"uv": [10, 3, 9, 4.25], "texture": "#2"},
				"east": {"uv": [0, 0, 0, 1.25], "texture": "#2"},
				"south": {"uv": [9, 3, 10, 4.25], "texture": "#2"},
				"west": {"uv": [0, 0, 0, 1.25], "texture": "#2"},
				"up": {"uv": [0, 0, 1, 0], "texture": "#2"},
				"down": {"uv": [0, 0, 1, 0], "texture": "#2"}
			}
		},
		{
			"from": [14.75236, 6.90879, -5.852],
			"to": [15.55636, 9.16279, -5.148],
			"shade": false,
			"rotation": {"angle": -22.5, "axis": "z", "origin": [15.15436, 8.16079, -5.5]},
			"faces": {
				"north": {"uv": [1, 11, 0.75, 11.625], "texture": "#2"},
				"east": {"uv": [5.875, 11.75, 5.75, 12.375], "texture": "#2"},
				"south": {"uv": [1.25, 11, 1, 11.625], "texture": "#2"},
				"west": {"uv": [1.625, 11.75, 1.5, 12.375], "texture": "#2"},
				"up": {"uv": [4.75, 12.375, 5, 12.25], "texture": "#2"},
				"down": {"uv": [5, 12.25, 5.25, 12.375], "texture": "#2"}
			}
		},
		{
			"from": [12.52016, 6.14719, -5.854],
			"to": [15.02816, 6.95519, -5.146],
			"shade": false,
			"rotation": {"angle": 22.5, "axis": "z", "origin": [13.27416, 6.55119, -5.5]},
			"faces": {
				"north": {"uv": [3.875, 11, 3.25, 11.25], "texture": "#2"},
				"east": {"uv": [4.625, 12.25, 4.5, 12.5], "texture": "#2"},
				"south": {"uv": [4.625, 11, 4, 11.25], "texture": "#2"},
				"west": {"uv": [4.375, 12.25, 4.25, 12.5], "texture": "#2"},
				"up": {"uv": [10.5, 11.875, 11.125, 11.75], "texture": "#2"},
				"down": {"uv": [11.75, 10.5, 12.375, 10.625], "texture": "#2"}
			}
		},
		{
			"from": [11.43633, 6.14519, -5.856],
			"to": [12.94833, 6.95719, -5.144],
			"shade": false,
			"rotation": {"angle": -22.5, "axis": "z", "origin": [12.19233, 6.55119, -5.5]},
			"faces": {
				"north": {"uv": [7.375, 11.75, 7, 12], "texture": "#2"},
				"east": {"uv": [4.125, 12.25, 4, 12.5], "texture": "#2"},
				"south": {"uv": [7.875, 11.75, 7.5, 12], "texture": "#2"},
				"west": {"uv": [3.875, 12.25, 3.75, 12.5], "texture": "#2"},
				"up": {"uv": [11, 12.125, 11.375, 12], "texture": "#2"},
				"down": {"uv": [12, 11, 12.375, 11.125], "texture": "#2"}
			}
		},
		{
			"from": [8.44764, 5.66484, -5.858],
			"to": [11.96364, 6.48084, -5.142],
			"shade": false,
			"rotation": {"angle": 22.5, "axis": "z", "origin": [9.95564, 6.07284, -5.5]},
			"faces": {
				"north": {"uv": [10.875, 10.25, 10, 10.5], "texture": "#2"},
				"east": {"uv": [3.625, 12.25, 3.5, 12.5], "texture": "#2"},
				"south": {"uv": [1.375, 10.5, 0.5, 10.75], "texture": "#2"},
				"west": {"uv": [3.375, 12.25, 3.25, 12.5], "texture": "#2"},
				"up": {"uv": [6.75, 11.625, 7.625, 11.5], "texture": "#2"},
				"down": {"uv": [11.25, 11.5, 12.125, 11.625], "texture": "#2"}
			}
		},
		{
			"from": [11.95313, 7.58484, -5.502],
			"to": [16.70713, 11.38884, -5.498],
			"shade": false,
			"rotation": {"angle": 45, "axis": "z", "origin": [12.70513, 9.48684, -5.5]},
			"faces": {
				"north": {"uv": [10.125, 5.5, 9, 6.5], "texture": "#2"},
				"east": {"uv": [0, 0, 0, 1], "texture": "#2"},
				"south": {"uv": [9, 5.5, 10.125, 6.5], "texture": "#2"},
				"west": {"uv": [0, 0, 0, 1], "texture": "#2"},
				"up": {"uv": [0, 0, 1.125, 0], "texture": "#2"},
				"down": {"uv": [0, 0, 1.125, 0], "texture": "#2"}
			}
		},
		{
			"from": [11.95113, 9.08284, -5.854],
			"to": [13.70913, 9.89084, -5.146],
			"shade": false,
			"rotation": {"angle": 45, "axis": "z", "origin": [12.70513, 9.48684, -5.5]},
			"faces": {
				"north": {"uv": [5.625, 11.75, 5.25, 12], "texture": "#2"},
				"east": {"uv": [3.125, 12.25, 3, 12.5], "texture": "#2"},
				"south": {"uv": [6.875, 11.75, 6.5, 12], "texture": "#2"},
				"west": {"uv": [12.375, 2.75, 12.25, 3], "texture": "#2"},
				"up": {"uv": [10.5, 12.125, 10.875, 12], "texture": "#2"},
				"down": {"uv": [12, 10.75, 12.375, 10.875], "texture": "#2"}
			}
		},
		{
			"from": [10.94964, 8.66684, -5.856],
			"to": [12.46164, 9.47884, -5.144],
			"shade": false,
			"rotation": {"angle": 0, "axis": "y", "origin": [12.45564, 9.07284, -5.5]},
			"faces": {
				"north": {"uv": [1.375, 11.75, 1, 12], "texture": "#2"},
				"east": {"uv": [2.875, 12.25, 2.75, 12.5], "texture": "#2"},
				"south": {"uv": [5.125, 11.75, 4.75, 12], "texture": "#2"},
				"west": {"uv": [2.625, 12.25, 2.5, 12.5], "texture": "#2"},
				"up": {"uv": [8.75, 12.125, 9.125, 12], "texture": "#2"},
				"down": {"uv": [10, 12, 10.375, 12.125], "texture": "#2"}
			}
		},
		{
			"from": [8.84837, 7.28463, -5.958],
			"to": [11.86437, 8.30063, -5.042],
			"shade": false,
			"rotation": {"angle": 45, "axis": "z", "origin": [9.98137, 7.79263, -5.5]},
			"faces": {
				"north": {"uv": [3.75, 10.5, 3, 10.75], "texture": "#2"},
				"east": {"uv": [4.75, 12, 4.5, 12.25], "texture": "#2"},
				"south": {"uv": [4.5, 10.5, 3.75, 10.75], "texture": "#2"},
				"west": {"uv": [4.5, 12, 4.25, 12.25], "texture": "#2"},
				"up": {"uv": [4.5, 10.75, 5.25, 10.5], "texture": "#2"},
				"down": {"uv": [5.25, 10.5, 6, 10.75], "texture": "#2"}
			}
		},
		{
			"from": [9.05518, 13.09129, -5.702],
			"to": [12.30918, 17.09529, -5.698],
			"shade": false,
			"rotation": {"angle": -22.5, "axis": "z", "origin": [10.18218, 13.59329, -5.7]},
			"faces": {
				"north": {"uv": [8.125, 9, 7.25, 10], "texture": "#2"},
				"east": {"uv": [0, 0, 0, 1], "texture": "#2"},
				"south": {"uv": [7.25, 9, 8.125, 10], "texture": "#2"},
				"west": {"uv": [0, 0, 0, 1], "texture": "#2"},
				"up": {"uv": [0, 0, 0.875, 0], "texture": "#2"},
				"down": {"uv": [0, 0, 0.875, 0], "texture": "#2"}
			}
		},
		{
			"from": [9.80718, 13.84329, -5.975],
			"to": [11.05718, 14.84329, -5.025],
			"shade": false,
			"rotation": {"angle": -22.5, "axis": "z", "origin": [9.93218, 14.34329, -5.5]},
			"faces": {
				"north": {"uv": [5.875, 11.5, 5.5, 11.75], "texture": "#2"},
				"east": {"uv": [4.25, 12, 4, 12.25], "texture": "#2"},
				"south": {"uv": [8.125, 11.5, 7.75, 11.75], "texture": "#2"},
				"west": {"uv": [4, 12, 3.75, 12.25], "texture": "#2"},
				"up": {"uv": [10, 11.75, 10.375, 11.5], "texture": "#2"},
				"down": {"uv": [0.5, 11.75, 0.875, 12], "texture": "#2"}
			}
		},
		{
			"from": [10.631, 12.01547, -5.952],
			"to": [11.635, 14.26947, -5.048],
			"shade": false,
			"rotation": {"angle": 22.5, "axis": "z", "origin": [11.133, 13.14247, -5.5]},
			"faces": {
				"north": {"uv": [10.5, 10.75, 10.25, 11.375], "texture": "#2"},
				"east": {"uv": [0.75, 11, 0.5, 11.625], "texture": "#2"},
				"south": {"uv": [11, 10.5, 10.75, 11.125], "texture": "#2"},
				"west": {"uv": [10.75, 10.75, 10.5, 11.375], "texture": "#2"},
				"up": {"uv": [3.25, 12.25, 3.5, 12], "texture": "#2"},
				"down": {"uv": [3.5, 12, 3.75, 12.25], "texture": "#2"}
			}
		},
		{
			"from": [10.629, 10.31526, -5.954],
			"to": [11.637, 12.57326, -5.046],
			"shade": false,
			"rotation": {"angle": -22.5, "axis": "z", "origin": [11.133, 11.44426, -5.5]},
			"faces": {
				"north": {"uv": [5.75, 10.75, 5.5, 11.375], "texture": "#2"},
				"east": {"uv": [10.25, 10.75, 10, 11.375], "texture": "#2"},
				"south": {"uv": [9, 10.75, 8.75, 11.375], "texture": "#2"},
				"west": {"uv": [6, 10.75, 5.75, 11.375], "texture": "#2"},
				"up": {"uv": [12, 3, 12.25, 2.75], "texture": "#2"},
				"down": {"uv": [3, 12, 3.25, 12.25], "texture": "#2"}
			}
		},
		{
			"from": [8.8107, 9.68961, -5.956],
			"to": [11.0727, 10.70161, -5.044],
			"shade": false,
			"rotation": {"angle": 22.5, "axis": "z", "origin": [9.8167, 10.19561, -5.5]},
			"faces": {
				"north": {"uv": [3.875, 10.75, 3.25, 11], "texture": "#2"},
				"east": {"uv": [3, 12, 2.75, 12.25], "texture": "#2"},
				"south": {"uv": [4.625, 10.75, 4, 11], "texture": "#2"},
				"west": {"uv": [12.25, 2.5, 12, 2.75], "texture": "#2"},
				"up": {"uv": [4.75, 11, 5.375, 10.75], "texture": "#2"},
				"down": {"uv": [8, 10.75, 8.625, 11], "texture": "#2"}
			}
		},
		{
			"from": [8.36687, 7.88109, -5.958],
			"to": [9.38287, 10.14709, -5.042],
			"shade": false,
			"rotation": {"angle": -22.5, "axis": "z", "origin": [8.87487, 9.38909, -5.5]},
			"faces": {
				"north": {"uv": [2.5, 10.75, 2.25, 11.375], "texture": "#2"},
				"east": {"uv": [3.25, 10.75, 3, 11.375], "texture": "#2"},
				"south": {"uv": [3, 10.75, 2.75, 11.375], "texture": "#2"},
				"west": {"uv": [2.75, 10.75, 2.5, 11.375], "texture": "#2"},
				"up": {"uv": [12, 2.5, 12.25, 2.25], "texture": "#2"},
				"down": {"uv": [2.5, 12, 2.75, 12.25], "texture": "#2"}
			}
		},
		{
			"from": [4.373, 14.38577, -5.452],
			"to": [11.627, 20.53977, -5.448],
			"shade": false,
			"rotation": {"angle": 0, "axis": "y", "origin": [8, 17.53777, -5.45]},
			"faces": {
				"north": {"uv": [3, 6.75, 4.875, 8.25], "texture": "#2"},
				"east": {"uv": [0, 0, 0, 1.5], "texture": "#2"},
				"south": {"uv": [4.875, 6.75, 3, 8.25], "texture": "#2"},
				"west": {"uv": [0, 0, 0, 1.5], "texture": "#2"},
				"up": {"uv": [1.875, 0, 0, 0], "texture": "#2"},
				"down": {"uv": [1.875, 0, 0, 0], "texture": "#2"}
			}
		},
		{
			"from": [2.198, 0.998, -5.51916],
			"to": [13.802, 4.002, -5.51516],
			"shade": false,
			"rotation": {"angle": 0, "axis": "y", "origin": [7, 4, -6.01716]},
			"faces": {
				"north": {"uv": [7, 6.75, 9.875, 7.5], "texture": "#2"},
				"east": {"uv": [0, 0, 0, 0.75], "texture": "#2"},
				"south": {"uv": [9.875, 6.75, 7, 7.5], "texture": "#2"},
				"west": {"uv": [0, 0, 0, 0.75], "texture": "#2"},
				"up": {"uv": [2.875, 0, 0, 0], "texture": "#2"},
				"down": {"uv": [2.875, 0, 0, 0], "texture": "#2"}
			}
		},
		{
			"from": [-7.88909, 4, -1.90381],
			"to": [4.11091, 5, -0.90381],
			"shade": false,
			"rotation": {"angle": 45, "axis": "y", "origin": [-1.88909, 4.5, -1.40381]},
			"faces": {
				"north": {"uv": [6.5, 10, 9.5, 10.25], "texture": "#2"},
				"east": {"uv": [1.25, 12, 1.5, 12.25], "texture": "#2"},
				"south": {"uv": [10, 6.75, 13, 7], "texture": "#2"},
				"west": {"uv": [12, 1.25, 12.25, 1.5], "texture": "#2"},
				"up": {"uv": [13, 7.25, 10, 7], "texture": "#2"},
				"down": {"uv": [13, 7.25, 10, 7.5], "texture": "#2"}
			}
		},
		{
			"from": [-7.68606, 0.998, -1.41794],
			"to": [3.91394, 3.998, -1.41794],
			"shade": false,
			"rotation": {"angle": 45, "axis": "y", "origin": [-1.88606, 4.498, -1.41794]},
			"faces": {
				"north": {"uv": [3, 8.25, 5.875, 9], "texture": "#2"},
				"east": {"uv": [0, 0, 0, 0.75], "texture": "#2"},
				"south": {"uv": [5.875, 8.25, 3, 9], "texture": "#2"},
				"west": {"uv": [0, 0, 0, 0.75], "texture": "#2"},
				"up": {"uv": [2.875, 0, 0, 0], "texture": "#2"},
				"down": {"uv": [2.875, 0, 0, 0], "texture": "#2"}
			}
		},
		{
			"from": [2.198, 0.998, 22.48572],
			"to": [13.802, 4.002, 22.48972],
			"shade": false,
			"rotation": {"angle": 0, "axis": "y", "origin": [7, 4, 22.98772]},
			"faces": {
				"north": {"uv": [5.875, 9, 3, 9.75], "texture": "#2"},
				"east": {"uv": [0, 0, 0, 0.75], "texture": "#2"},
				"south": {"uv": [3, 9, 5.875, 9.75], "texture": "#2"},
				"west": {"uv": [0, 0, 0, 0.75], "texture": "#2"},
				"up": {"uv": [2.875, 0, 0, 0], "texture": "#2"},
				"down": {"uv": [2.875, 0, 0, 0], "texture": "#2"}
			}
		},
		{
			"from": [-7.68535, 0.998, 18.38779],
			"to": [3.91465, 3.998, 18.38779],
			"shade": false,
			"rotation": {"angle": -45, "axis": "y", "origin": [-1.88535, 4.498, 18.38779]},
			"faces": {
				"north": {"uv": [11.875, 1.5, 9, 2.25], "texture": "#2"},
				"east": {"uv": [0, 0, 0, 0.75], "texture": "#2"},
				"south": {"uv": [9, 1.5, 11.875, 2.25], "texture": "#2"},
				"west": {"uv": [0, 0, 0, 0.75], "texture": "#2"},
				"up": {"uv": [2.875, 0, 0, 0], "texture": "#2"},
				"down": {"uv": [2.875, 0, 0, 0], "texture": "#2"}
			}
		},
		{
			"from": [-6.48728, 3.998, 2.48328],
			"to": [-5.48328, 5.002, 14.48728],
			"shade": false,
			"rotation": {"angle": 0, "axis": "y", "origin": [-5.98528, 4.5, 8.48528]},
			"faces": {
				"north": {"uv": [12, 1.5, 12.25, 1.75], "texture": "#2"},
				"east": {"uv": [10, 7.5, 13, 7.75], "texture": "#2"},
				"south": {"uv": [1.75, 12, 2, 12.25], "texture": "#2"},
				"west": {"uv": [10, 7.75, 13, 8], "texture": "#2"},
				"up": {"uv": [9.75, 13, 9.5, 10], "texture": "#2"},
				"down": {"uv": [10, 10, 9.75, 13], "texture": "#2"}
			}
		},
		{
			"from": [-5.98728, 0.998, 2.68328],
			"to": [-5.98328, 4.002, 14.28728],
			"shade": false,
			"rotation": {"angle": 0, "axis": "y", "origin": [-5.98528, 4.5, 8.48528]},
			"faces": {
				"north": {"uv": [0, 0, 0, 0.75], "texture": "#2"},
				"east": {"uv": [11.875, 0, 9, 0.75], "texture": "#2"},
				"south": {"uv": [0, 0, 0, 0.75], "texture": "#2"},
				"west": {"uv": [9, 0, 11.875, 0.75], "texture": "#2"},
				"up": {"uv": [0, 2.875, 0, 0], "texture": "#2"},
				"down": {"uv": [0, 0, 0, 2.875], "texture": "#2"}
			}
		},
		{
			"from": [2.198, 4.998, 22.48572],
			"to": [13.802, 14.002, 22.48972],
			"shade": false,
			"rotation": {"angle": 0, "axis": "y", "origin": [7, 8, 22.98772]},
			"faces": {
				"north": {"uv": [2.875, 6.75, 0, 9], "texture": "#2"},
				"east": {"uv": [0, 0, 0, 2.25], "texture": "#2"},
				"south": {"uv": [0, 6.75, 2.875, 9], "texture": "#2"},
				"west": {"uv": [0, 0, 0, 2.25], "texture": "#2"},
				"up": {"uv": [2.875, 0, 0, 0], "texture": "#2"},
				"down": {"uv": [2.875, 0, 0, 0], "texture": "#2"}
			}
		},
		{
			"from": [-7.68535, 4.998, 18.38779],
			"to": [3.91465, 13.998, 18.38779],
			"shade": false,
			"rotation": {"angle": -45, "axis": "y", "origin": [-1.88535, 8.498, 18.38779]},
			"faces": {
				"north": {"uv": [8.875, 2.25, 6, 4.5], "texture": "#2"},
				"east": {"uv": [0, 0, 0, 2.25], "texture": "#2"},
				"south": {"uv": [6, 2.25, 8.875, 4.5], "texture": "#2"},
				"west": {"uv": [0, 0, 0, 2.25], "texture": "#2"},
				"up": {"uv": [2.875, 0, 0, 0], "texture": "#2"},
				"down": {"uv": [2.875, 0, 0, 0], "texture": "#2"}
			}
		},
		{
			"from": [-5.98728, 4.998, 2.68328],
			"to": [-5.98328, 14.002, 14.28728],
			"shade": false,
			"rotation": {"angle": 0, "axis": "y", "origin": [-5.98528, 8.5, 8.48528]},
			"faces": {
				"north": {"uv": [0, 0, 0, 2.25], "texture": "#2"},
				"east": {"uv": [5.875, 4.5, 3, 6.75], "texture": "#2"},
				"south": {"uv": [0, 0, 0, 2.25], "texture": "#2"},
				"west": {"uv": [3, 4.5, 5.875, 6.75], "texture": "#2"},
				"up": {"uv": [0, 2.875, 0, 0], "texture": "#2"},
				"down": {"uv": [0, 0, 0, 2.875], "texture": "#2"}
			}
		},
		{
			"from": [-7.68606, 4.998, -1.41794],
			"to": [3.91394, 13.998, -1.41794],
			"shade": false,
			"rotation": {"angle": 45, "axis": "y", "origin": [-1.88606, 8.498, -1.41794]},
			"faces": {
				"north": {"uv": [3, 0, 5.875, 2.25], "texture": "#2"},
				"east": {"uv": [0, 0, 0, 2.25], "texture": "#2"},
				"south": {"uv": [5.875, 0, 3, 2.25], "texture": "#2"},
				"west": {"uv": [0, 0, 0, 2.25], "texture": "#2"},
				"up": {"uv": [2.875, 0, 0, 0], "texture": "#2"},
				"down": {"uv": [2.875, 0, 0, 0], "texture": "#2"}
			}
		},
		{
			"from": [12.08606, 4.998, -1.41794],
			"to": [23.68606, 13.998, -1.41794],
			"shade": false,
			"rotation": {"angle": -45, "axis": "y", "origin": [17.88606, 8.498, -1.41794]},
			"faces": {
				"north": {"uv": [5.875, 0, 3, 2.25], "texture": "#2"},
				"east": {"uv": [0, 0, 0, 2.25], "texture": "#2"},
				"south": {"uv": [3, 0, 5.875, 2.25], "texture": "#2"},
				"west": {"uv": [0, 0, 0, 2.25], "texture": "#2"},
				"up": {"uv": [0, 0, 2.875, 0], "texture": "#2"},
				"down": {"uv": [0, 0, 2.875, 0], "texture": "#2"}
			}
		},
		{
			"from": [21.98328, 4.998, 2.68328],
			"to": [21.98728, 14.002, 14.28728],
			"shade": false,
			"rotation": {"angle": 0, "axis": "y", "origin": [21.98528, 8.5, 8.48528]},
			"faces": {
				"north": {"uv": [0, 0, 0, 2.25], "texture": "#2"},
				"east": {"uv": [5.875, 4.5, 3, 6.75], "texture": "#2"},
				"south": {"uv": [0, 0, 0, 2.25], "texture": "#2"},
				"west": {"uv": [3, 4.5, 5.875, 6.75], "texture": "#2"},
				"up": {"uv": [0, 2.875, 0, 0], "texture": "#2"},
				"down": {"uv": [0, 0, 0, 2.875], "texture": "#2"}
			}
		},
		{
			"from": [12.08535, 4.998, 18.38779],
			"to": [23.68535, 13.998, 18.38779],
			"shade": false,
			"rotation": {"angle": 45, "axis": "y", "origin": [17.88535, 8.498, 18.38779]},
			"faces": {
				"north": {"uv": [6, 2.25, 8.875, 4.5], "texture": "#2"},
				"east": {"uv": [0, 0, 0, 2.25], "texture": "#2"},
				"south": {"uv": [8.875, 2.25, 6, 4.5], "texture": "#2"},
				"west": {"uv": [0, 0, 0, 2.25], "texture": "#2"},
				"up": {"uv": [0, 0, 2.875, 0], "texture": "#2"},
				"down": {"uv": [0, 0, 2.875, 0], "texture": "#2"}
			}
		},
		{
			"from": [2.198, 4.998, -5.51916],
			"to": [13.802, 14.002, -5.51516],
			"shade": false,
			"rotation": {"angle": 0, "axis": "y", "origin": [7, 8, -6.01716]},
			"faces": {
				"north": {"uv": [0, 0, 2.875, 2.25], "texture": "#2"},
				"east": {"uv": [0, 0, 0, 2.25], "texture": "#2"},
				"south": {"uv": [2.875, 0, 0, 2.25], "texture": "#2"},
				"west": {"uv": [0, 0, 0, 2.25], "texture": "#2"},
				"up": {"uv": [2.875, 0, 0, 0], "texture": "#2"},
				"down": {"uv": [2.875, 0, 0, 0], "texture": "#2"}
			}
		},
		{
			"from": [-7.88909, 4, 17.87437],
			"to": [4.11091, 5, 18.87437],
			"shade": false,
			"rotation": {"angle": -45, "axis": "y", "origin": [-1.88909, 4.5, 18.37437]},
			"faces": {
				"north": {"uv": [10, 8, 13, 8.25], "texture": "#2"},
				"east": {"uv": [12, 1.75, 12.25, 2], "texture": "#2"},
				"south": {"uv": [10, 10, 13, 10.25], "texture": "#2"},
				"west": {"uv": [2, 12, 2.25, 12.25], "texture": "#2"},
				"up": {"uv": [3.5, 10.5, 0.5, 10.25], "texture": "#2"},
				"down": {"uv": [6.5, 10.25, 3.5, 10.5], "texture": "#2"}
			}
		},
		{
			"from": [12.08535, 0.998, 18.38779],
			"to": [23.68535, 3.998, 18.38779],
			"shade": false,
			"rotation": {"angle": 45, "axis": "y", "origin": [17.88535, 4.498, 18.38779]},
			"faces": {
				"north": {"uv": [9, 1.5, 11.875, 2.25], "texture": "#2"},
				"east": {"uv": [0, 0, 0, 0.75], "texture": "#2"},
				"south": {"uv": [11.875, 1.5, 9, 2.25], "texture": "#2"},
				"west": {"uv": [0, 0, 0, 0.75], "texture": "#2"},
				"up": {"uv": [0, 0, 2.875, 0], "texture": "#2"},
				"down": {"uv": [0, 0, 2.875, 0], "texture": "#2"}
			}
		},
		{
			"from": [11.88909, 0, 17.87437],
			"to": [23.88909, 1, 18.87437],
			"shade": false,
			"rotation": {"angle": 45, "axis": "y", "origin": [17.88909, 0.5, 18.37437]},
			"faces": {
				"north": {"uv": [3.5, 10, 0.5, 10.25], "texture": "#2"},
				"east": {"uv": [12.25, 0.5, 12, 0.75], "texture": "#2"},
				"south": {"uv": [13, 3, 10, 3.25], "texture": "#2"},
				"west": {"uv": [0.75, 12, 0.5, 12.25], "texture": "#2"},
				"up": {"uv": [10, 3.5, 13, 3.25], "texture": "#2"},
				"down": {"uv": [3.5, 10, 6.5, 10.25], "texture": "#2"}
			}
		},
		{
			"from": [11.88909, 4, 17.87437],
			"to": [23.88909, 5, 18.87437],
			"shade": false,
			"rotation": {"angle": 45, "axis": "y", "origin": [17.88909, 4.5, 18.37437]},
			"faces": {
				"north": {"uv": [13, 8, 10, 8.25], "texture": "#2"},
				"east": {"uv": [2.25, 12, 2, 12.25], "texture": "#2"},
				"south": {"uv": [13, 10, 10, 10.25], "texture": "#2"},
				"west": {"uv": [12.25, 1.75, 12, 2], "texture": "#2"},
				"up": {"uv": [0.5, 10.5, 3.5, 10.25], "texture": "#2"},
				"down": {"uv": [3.5, 10.25, 6.5, 10.5], "texture": "#2"}
			}
		},
		{
			"from": [21.48328, -0.002, 2.48328],
			"to": [22.48728, 1.002, 14.48728],
			"shade": false,
			"rotation": {"angle": 0, "axis": "y", "origin": [21.98528, 0.5, 8.48528]},
			"faces": {
				"north": {"uv": [12.25, 0, 12, 0.25], "texture": "#2"},
				"east": {"uv": [12.25, 9.75, 9.25, 10], "texture": "#2"},
				"south": {"uv": [12.25, 0.25, 12, 0.5], "texture": "#2"},
				"west": {"uv": [6, 9.75, 3, 10], "texture": "#2"},
				"up": {"uv": [0, 13, 0.25, 10], "texture": "#2"},
				"down": {"uv": [0.25, 10, 0.5, 13], "texture": "#2"}
			}
		},
		{
			"from": [21.98328, 0.998, 2.68328],
			"to": [21.98728, 4.002, 14.28728],
			"shade": false,
			"rotation": {"angle": 0, "axis": "y", "origin": [21.98528, 4.5, 8.48528]},
			"faces": {
				"north": {"uv": [0, 0, 0, 0.75], "texture": "#2"},
				"east": {"uv": [11.875, 0, 9, 0.75], "texture": "#2"},
				"south": {"uv": [0, 0, 0, 0.75], "texture": "#2"},
				"west": {"uv": [9, 0, 11.875, 0.75], "texture": "#2"},
				"up": {"uv": [0, 2.875, 0, 0], "texture": "#2"},
				"down": {"uv": [0, 0, 0, 2.875], "texture": "#2"}
			}
		},
		{
			"from": [21.48328, 3.998, 2.48328],
			"to": [22.48728, 5.002, 14.48728],
			"shade": false,
			"rotation": {"angle": 0, "axis": "y", "origin": [21.98528, 4.5, 8.48528]},
			"faces": {
				"north": {"uv": [12.25, 1.5, 12, 1.75], "texture": "#2"},
				"east": {"uv": [13, 7.75, 10, 8], "texture": "#2"},
				"south": {"uv": [2, 12, 1.75, 12.25], "texture": "#2"},
				"west": {"uv": [13, 7.5, 10, 7.75], "texture": "#2"},
				"up": {"uv": [9.5, 13, 9.75, 10], "texture": "#2"},
				"down": {"uv": [9.75, 10, 10, 13], "texture": "#2"}
			}
		},
		{
			"from": [11.88909, 0, -1.90381],
			"to": [23.88909, 1, -0.90381],
			"shade": false,
			"rotation": {"angle": -45, "axis": "y", "origin": [17.88909, 0.5, -1.40381]},
			"faces": {
				"north": {"uv": [12.25, 9, 9.25, 9.25], "texture": "#2"},
				"east": {"uv": [12, 11.75, 11.75, 12], "texture": "#2"},
				"south": {"uv": [12.25, 9.25, 9.25, 9.5], "texture": "#2"},
				"west": {"uv": [11.75, 11.75, 11.5, 12], "texture": "#2"},
				"up": {"uv": [9.25, 9.75, 12.25, 9.5], "texture": "#2"},
				"down": {"uv": [0, 9.75, 3, 10], "texture": "#2"}
			}
		},
		{
			"from": [12.08606, 0.998, -1.41794],
			"to": [23.68606, 3.998, -1.41794],
			"shade": false,
			"rotation": {"angle": -45, "axis": "y", "origin": [17.88606, 4.498, -1.41794]},
			"faces": {
				"north": {"uv": [5.875, 8.25, 3, 9], "texture": "#2"},
				"east": {"uv": [0, 0, 0, 0.75], "texture": "#2"},
				"south": {"uv": [3, 8.25, 5.875, 9], "texture": "#2"},
				"west": {"uv": [0, 0, 0, 0.75], "texture": "#2"},
				"up": {"uv": [0, 0, 2.875, 0], "texture": "#2"},
				"down": {"uv": [0, 0, 2.875, 0], "texture": "#2"}
			}
		},
		{
			"from": [11.88909, 4, -1.90381],
			"to": [23.88909, 5, -0.90381],
			"shade": false,
			"rotation": {"angle": -45, "axis": "y", "origin": [17.88909, 4.5, -1.40381]},
			"faces": {
				"north": {"uv": [9.5, 10, 6.5, 10.25], "texture": "#2"},
				"east": {"uv": [12.25, 1.25, 12, 1.5], "texture": "#2"},
				"south": {"uv": [13, 6.75, 10, 7], "texture": "#2"},
				"west": {"uv": [1.5, 12, 1.25, 12.25], "texture": "#2"},
				"up": {"uv": [10, 7.25, 13, 7], "texture": "#2"},
				"down": {"uv": [10, 7.25, 13, 7.5], "texture": "#2"}
			}
		},
		{
			"from": [1.998, 3.998, 21.96856],
			"to": [14.002, 5.002, 22.97256],
			"shade": false,
			"rotation": {"angle": 0, "axis": "y", "origin": [7, 4, 22.97056]},
			"faces": {
				"north": {"uv": [10.25, 5.5, 13.25, 5.75], "texture": "#2"},
				"east": {"uv": [12, 2, 12.25, 2.25], "texture": "#2"},
				"south": {"uv": [10.25, 5.75, 13.25, 6], "texture": "#2"},
				"west": {"uv": [2.25, 12, 2.5, 12.25], "texture": "#2"},
				"up": {"uv": [13.25, 6.25, 10.25, 6], "texture": "#2"},
				"down": {"uv": [13.25, 6.25, 10.25, 6.5], "texture": "#2"}
			}
		},
		{
			"name": "heart",
			"from": [8.324, 15.015, -6.31506],
			"to": [9.62, 15.663, -4.67706],
			"shade": false,
			"rotation": {"angle": 0, "axis": "y", "origin": [8, 12.747, -5.5]},
			"faces": {
				"north": {"uv": [12.25, 1, 12.625, 1.125], "texture": "#2"},
				"east": {"uv": [12.25, 1, 12.625, 1.125], "texture": "#2"},
				"south": {"uv": [12.25, 1, 12.625, 1.125], "texture": "#2"},
				"west": {"uv": [12.25, 1, 12.625, 1.125], "texture": "#2"},
				"up": {"uv": [11.625, 10.625, 11.25, 10.25], "texture": "#2"}
			}
		},
		{
			"name": "heart",
			"from": [6.38, 15.015, -6.31506],
			"to": [7.676, 15.663, -4.67706],
			"shade": false,
			"rotation": {"angle": 0, "axis": "y", "origin": [8, 12.747, -5.5]},
			"faces": {
				"north": {"uv": [12.25, 1.25, 12.625, 1.375], "texture": "#2"},
				"east": {"uv": [12.25, 1.25, 12.625, 1.375], "texture": "#2"},
				"south": {"uv": [12.25, 1.25, 12.625, 1.375], "texture": "#2"},
				"west": {"uv": [12.25, 1.25, 12.625, 1.375], "texture": "#2"},
				"up": {"uv": [11.625, 11.125, 11.25, 10.75], "texture": "#2"}
			}
		},
		{
			"name": "heart",
			"from": [7.676, 14.367, -6.31506],
			"to": [8.324, 15.015, -4.67706],
			"shade": false,
			"rotation": {"angle": 0, "axis": "y", "origin": [8, 12.747, -5.5]},
			"faces": {
				"north": {"uv": [12.25, 1.25, 12.625, 1.375], "texture": "#2"},
				"south": {"uv": [12.25, 1.25, 12.625, 1.375], "texture": "#2"},
				"up": {"uv": [11.625, 11.125, 11.25, 10.75], "texture": "#2"}
			}
		},
		{
			"name": "heart",
			"from": [6.38, 14.367, -6.31506],
			"to": [7.676, 15.015, -4.67706],
			"shade": false,
			"rotation": {"angle": 0, "axis": "y", "origin": [8, 12.747, -5.5]},
			"faces": {
				"north": {"uv": [12.25, 1.5, 12.625, 1.625], "texture": "#2"},
				"south": {"uv": [12.25, 1.5, 12.625, 1.625], "texture": "#2"}
			}
		},
		{
			"name": "heart",
			"from": [8.324, 14.367, -6.31506],
			"to": [9.62, 15.015, -4.67706],
			"shade": false,
			"rotation": {"angle": 0, "axis": "y", "origin": [8, 12.747, -5.5]},
			"faces": {
				"north": {"uv": [1.75, 12.25, 2.125, 12.375], "texture": "#2"},
				"south": {"uv": [1.75, 12.25, 2.125, 12.375], "texture": "#2"}
			}
		},
		{
			"name": "heart",
			"from": [9.62, 14.367, -6.31506],
			"to": [10.268, 15.015, -4.67706],
			"shade": false,
			"rotation": {"angle": 0, "axis": "y", "origin": [8, 12.747, -5.5]},
			"faces": {
				"north": {"uv": [12.25, 1, 12.625, 1.125], "texture": "#2"},
				"east": {"uv": [12.25, 1, 12.625, 1.125], "texture": "#2"},
				"south": {"uv": [12.25, 1, 12.625, 1.125], "texture": "#2"},
				"up": {"uv": [11.625, 10.625, 11.25, 10.25], "texture": "#2"}
			}
		},
		{
			"name": "heart",
			"from": [10.268, 12.423, -6.31506],
			"to": [10.916, 14.367, -4.67706],
			"shade": false,
			"rotation": {"angle": 0, "axis": "y", "origin": [8, 12.747, -5.5]},
			"faces": {
				"north": {"uv": [12.25, 1, 12.625, 1.125], "texture": "#2"},
				"east": {"uv": [12.25, 1, 12.625, 1.125], "texture": "#2"},
				"south": {"uv": [12.25, 1, 12.625, 1.125], "texture": "#2"},
				"up": {"uv": [11.625, 10.625, 11.25, 10.25], "texture": "#2"},
				"down": {"uv": [1.375, 12.25, 1.25, 12.625], "texture": "#2"}
			}
		},
		{
			"name": "heart",
			"from": [5.732, 13.071, -6.31506],
			"to": [10.268, 14.367, -4.67706],
			"shade": false,
			"rotation": {"angle": 0, "axis": "y", "origin": [8, 12.747, -5.5]},
			"faces": {
				"north": {"uv": [12.25, 1.5, 12.625, 1.625], "texture": "#2"},
				"south": {"uv": [12.25, 1.5, 12.625, 1.625], "texture": "#2"}
			}
		},
		{
			"name": "heart",
			"from": [5.084, 12.423, -6.31506],
			"to": [5.732, 14.367, -4.67706],
			"shade": false,
			"rotation": {"angle": 0, "axis": "y", "origin": [8, 12.747, -5.5]},
			"faces": {
				"north": {"uv": [12, 8.5, 12.125, 9], "texture": "#2"},
				"south": {"uv": [12, 8.5, 12.125, 9], "texture": "#2"},
				"west": {"uv": [12, 8.5, 12.125, 9], "texture": "#2"},
				"up": {"uv": [12.375, 2.125, 12.25, 1.75], "texture": "#2"},
				"down": {"uv": [2.375, 12.25, 2.25, 12.625], "texture": "#2"}
			}
		},
		{
			"name": "heart",
			"from": [5.732, 12.423, -6.31506],
			"to": [6.38, 13.071, -4.67706],
			"shade": false,
			"rotation": {"angle": 0, "axis": "y", "origin": [8, 12.747, -5.5]},
			"faces": {
				"north": {"uv": [9, 12.25, 9.125, 12.375], "texture": "#2"},
				"south": {"uv": [9, 12.25, 9.125, 12.375], "texture": "#2"}
			}
		},
		{
			"name": "heart",
			"from": [6.38, 12.423, -6.31506],
			"to": [9.62, 13.071, -4.67706],
			"shade": false,
			"rotation": {"angle": 0, "axis": "y", "origin": [8, 12.747, -5.5]},
			"faces": {
				"north": {"uv": [12.25, 1.5, 12.625, 1.625], "texture": "#2"},
				"south": {"uv": [12.25, 1.5, 12.625, 1.625], "texture": "#2"}
			}
		},
		{
			"name": "heart",
			"from": [9.62, 12.423, -6.31506],
			"to": [10.268, 13.071, -4.67706],
			"shade": false,
			"rotation": {"angle": 0, "axis": "y", "origin": [8, 12.747, -5.5]},
			"faces": {
				"north": {"uv": [12.25, 9, 12.375, 9.125], "texture": "#2"},
				"south": {"uv": [12.25, 9, 12.375, 9.125], "texture": "#2"}
			}
		},
		{
			"name": "heart",
			"from": [9.62, 11.775, -6.31506],
			"to": [10.268, 12.423, -4.67706],
			"shade": false,
			"rotation": {"angle": 0, "axis": "y", "origin": [8, 12.747, -5.5]},
			"faces": {
				"north": {"uv": [12.25, 1, 12.625, 1.125], "texture": "#2"},
				"east": {"uv": [12.25, 1, 12.625, 1.125], "texture": "#2"},
				"south": {"uv": [12.25, 1, 12.625, 1.125], "texture": "#2"},
				"down": {"uv": [1.375, 12.25, 1.25, 12.625], "texture": "#2"}
			}
		},
		{
			"name": "heart",
			"from": [8.972, 11.775, -6.31506],
			"to": [9.62, 12.423, -4.67706],
			"shade": false,
			"rotation": {"angle": 0, "axis": "y", "origin": [8, 12.747, -5.5]},
			"faces": {
				"north": {"uv": [12.25, 9, 12.375, 9.125], "texture": "#2"},
				"south": {"uv": [12.25, 9, 12.375, 9.125], "texture": "#2"}
			}
		},
		{
			"name": "heart",
			"from": [8.972, 11.127, -6.31506],
			"to": [9.62, 11.775, -4.67706],
			"shade": false,
			"rotation": {"angle": 0, "axis": "y", "origin": [8, 12.747, -5.5]},
			"faces": {
				"north": {"uv": [12.25, 1, 12.625, 1.125], "texture": "#2"},
				"east": {"uv": [12.25, 1, 12.625, 1.125], "texture": "#2"},
				"south": {"uv": [12.25, 1, 12.625, 1.125], "texture": "#2"},
				"down": {"uv": [1.375, 12.25, 1.25, 12.625], "texture": "#2"}
			}
		},
		{
			"name": "heart",
			"from": [7.028, 11.775, -6.31506],
			"to": [8.972, 12.423, -4.67706],
			"shade": false,
			"rotation": {"angle": 0, "axis": "y", "origin": [8, 12.747, -5.5]},
			"faces": {
				"north": {"uv": [12.25, 1.5, 12.625, 1.625], "texture": "#2"},
				"south": {"uv": [12.25, 1.5, 12.625, 1.625], "texture": "#2"}
			}
		},
		{
			"name": "heart",
			"from": [8.324, 11.127, -6.31506],
			"to": [8.972, 11.775, -4.67706],
			"shade": false,
			"rotation": {"angle": 0, "axis": "y", "origin": [8, 12.747, -5.5]},
			"faces": {
				"north": {"uv": [12.25, 9, 12.375, 9.125], "texture": "#2"},
				"south": {"uv": [12.25, 9, 12.375, 9.125], "texture": "#2"}
			}
		},
		{
			"name": "heart",
			"from": [7.676, 11.127, -6.31506],
			"to": [8.324, 11.775, -4.67706],
			"shade": false,
			"rotation": {"angle": 0, "axis": "y", "origin": [8, 12.747, -5.5]},
			"faces": {
				"north": {"uv": [12.25, 1.5, 12.625, 1.625], "texture": "#2"},
				"south": {"uv": [12.25, 1.5, 12.625, 1.625], "texture": "#2"}
			}
		},
		{
			"name": "heart",
			"from": [8.324, 10.479, -6.31506],
			"to": [8.972, 11.127, -4.67706],
			"shade": false,
			"rotation": {"angle": 0, "axis": "y", "origin": [8, 12.747, -5.5]},
			"faces": {
				"north": {"uv": [12.25, 1, 12.625, 1.125], "texture": "#2"},
				"east": {"uv": [12.25, 1, 12.625, 1.125], "texture": "#2"},
				"south": {"uv": [12.25, 1, 12.625, 1.125], "texture": "#2"},
				"down": {"uv": [1.375, 12.25, 1.25, 12.625], "texture": "#2"}
			}
		},
		{
			"name": "heart",
			"from": [7.676, 10.479, -6.31506],
			"to": [8.324, 11.127, -4.67706],
			"shade": false,
			"rotation": {"angle": 0, "axis": "y", "origin": [8, 12.747, -5.5]},
			"faces": {
				"north": {"uv": [9, 12.25, 9.125, 12.375], "texture": "#2"},
				"south": {"uv": [9, 12.25, 9.125, 12.375], "texture": "#2"}
			}
		},
		{
			"name": "heart",
			"from": [7.676, 9.831, -6.31506],
			"to": [8.324, 10.479, -4.67706],
			"shade": false,
			"rotation": {"angle": 0, "axis": "y", "origin": [8, 12.747, -5.5]},
			"faces": {
				"north": {"uv": [12.25, 1.25, 12.625, 1.375], "texture": "#2"},
				"east": {"uv": [12.25, 1.25, 12.625, 1.375], "texture": "#2"},
				"south": {"uv": [12.25, 1.25, 12.625, 1.375], "texture": "#2"},
				"west": {"uv": [12.25, 1.25, 12.625, 1.375], "texture": "#2"},
				"down": {"uv": [12.375, 2.25, 12.25, 2.625], "texture": "#2"}
			}
		},
		{
			"name": "heart",
			"from": [7.028, 10.479, -6.31506],
			"to": [7.676, 11.127, -4.67706],
			"shade": false,
			"rotation": {"angle": 0, "axis": "y", "origin": [8, 12.747, -5.5]},
			"faces": {
				"north": {"uv": [12.25, 1.25, 12.625, 1.375], "texture": "#2"},
				"south": {"uv": [12.25, 1.25, 12.625, 1.375], "texture": "#2"},
				"west": {"uv": [12.25, 1.25, 12.625, 1.375], "texture": "#2"},
				"down": {"uv": [12.375, 2.25, 12.25, 2.625], "texture": "#2"}
			}
		},
		{
			"name": "heart",
			"from": [7.028, 11.127, -6.31506],
			"to": [7.676, 11.775, -4.67706],
			"shade": false,
			"rotation": {"angle": 0, "axis": "y", "origin": [8, 12.747, -5.5]},
			"faces": {
				"north": {"uv": [9, 12.25, 9.125, 12.375], "texture": "#2"},
				"south": {"uv": [9, 12.25, 9.125, 12.375], "texture": "#2"}
			}
		},
		{
			"name": "heart",
			"from": [6.38, 11.127, -6.31506],
			"to": [7.028, 11.775, -4.67706],
			"shade": false,
			"rotation": {"angle": 0, "axis": "y", "origin": [8, 12.747, -5.5]},
			"faces": {
				"north": {"uv": [12.25, 1.25, 12.625, 1.375], "texture": "#2"},
				"south": {"uv": [12.25, 1.25, 12.625, 1.375], "texture": "#2"},
				"west": {"uv": [12.25, 1.25, 12.625, 1.375], "texture": "#2"},
				"down": {"uv": [12.375, 2.25, 12.25, 2.625], "texture": "#2"}
			}
		},
		{
			"name": "heart",
			"from": [5.732, 11.775, -6.31506],
			"to": [6.38, 12.423, -4.67706],
			"shade": false,
			"rotation": {"angle": 0, "axis": "y", "origin": [8, 12.747, -5.5]},
			"faces": {
				"north": {"uv": [12.25, 1.25, 12.625, 1.375], "texture": "#2"},
				"south": {"uv": [12.25, 1.25, 12.625, 1.375], "texture": "#2"},
				"west": {"uv": [12.25, 1.25, 12.625, 1.375], "texture": "#2"},
				"down": {"uv": [12.375, 2.25, 12.25, 2.625], "texture": "#2"}
			}
		},
		{
			"name": "heart",
			"from": [6.38, 11.775, -6.31506],
			"to": [7.028, 12.423, -4.67706],
			"shade": false,
			"rotation": {"angle": 0, "axis": "y", "origin": [8, 12.747, -5.5]},
			"faces": {
				"north": {"uv": [9, 12.25, 9.125, 12.375], "texture": "#2"},
				"south": {"uv": [9, 12.25, 9.125, 12.375], "texture": "#2"}
			}
		},
		{
			"name": "heart",
			"from": [6.59646, 12.69529, -6.61206],
			"to": [7.18146, 13.78654, -4.69581],
			"shade": false,
			"rotation": {"angle": 0, "axis": "y", "origin": [8, 12.747, -5.5]},
			"faces": {
				"north": {"uv": [8.25, 12.25, 8.375, 12.5], "texture": "#2"},
				"east": {"uv": [8.25, 12.25, 8.375, 12.5], "texture": "#2"},
				"south": {"uv": [8.25, 12.25, 8.375, 12.5], "texture": "#2"},
				"west": {"uv": [8.25, 12.25, 8.375, 12.5], "texture": "#2"},
				"up": {"uv": [8.375, 12.5, 8.25, 12.25], "texture": "#2"},
				"down": {"uv": [8.375, 12.25, 8.25, 12.5], "texture": "#2"}
			}
		},
		{
			"name": "heart",
			"from": [7.18146, 12.11029, -6.61206],
			"to": [7.76646, 13.20154, -4.69581],
			"shade": false,
			"rotation": {"angle": 0, "axis": "y", "origin": [8, 12.747, -5.5]},
			"faces": {
				"north": {"uv": [8.25, 12.25, 8.375, 12.5], "texture": "#2"},
				"east": {"uv": [8.25, 12.25, 8.375, 12.5], "texture": "#2"},
				"south": {"uv": [8.25, 12.25, 8.375, 12.5], "texture": "#2"},
				"west": {"uv": [8.25, 12.25, 8.375, 12.5], "texture": "#2"},
				"up": {"uv": [8.375, 12.5, 8.25, 12.25], "texture": "#2"},
				"down": {"uv": [8.375, 12.25, 8.25, 12.5], "texture": "#2"}
			}
		},
		{
			"name": "heart",
			"from": [8.23354, 12.11029, -6.61206],
			"to": [8.81854, 13.20154, -4.69581],
			"shade": false,
			"rotation": {"angle": 0, "axis": "y", "origin": [8, 12.747, -5.5]},
			"faces": {
				"north": {"uv": [8.25, 12.25, 8.375, 12.5], "texture": "#2"},
				"east": {"uv": [8.25, 12.25, 8.375, 12.5], "texture": "#2"},
				"south": {"uv": [8.25, 12.25, 8.375, 12.5], "texture": "#2"},
				"west": {"uv": [8.25, 12.25, 8.375, 12.5], "texture": "#2"},
				"up": {"uv": [8.375, 12.5, 8.25, 12.25], "texture": "#2"},
				"down": {"uv": [8.375, 12.25, 8.25, 12.5], "texture": "#2"}
			}
		},
		{
			"name": "heart",
			"from": [8.81854, 12.69529, -6.61206],
			"to": [9.40354, 13.78654, -4.69581],
			"shade": false,
			"rotation": {"angle": 0, "axis": "y", "origin": [8, 12.747, -5.5]},
			"faces": {
				"north": {"uv": [8.25, 12.25, 8.375, 12.5], "texture": "#2"},
				"east": {"uv": [8.25, 12.25, 8.375, 12.5], "texture": "#2"},
				"south": {"uv": [8.25, 12.25, 8.375, 12.5], "texture": "#2"},
				"west": {"uv": [8.25, 12.25, 8.375, 12.5], "texture": "#2"},
				"up": {"uv": [8.375, 12.5, 8.25, 12.25], "texture": "#2"},
				"down": {"uv": [8.375, 12.25, 8.25, 12.5], "texture": "#2"}
			}
		},
		{
			"name": "heart",
			"from": [5.732, 14.367, -6.31506],
			"to": [6.38, 15.015, -4.67706],
			"shade": false,
			"rotation": {"angle": 0, "axis": "y", "origin": [8, 12.747, -5.5]},
			"faces": {
				"north": {"uv": [12.25, 1.25, 12.625, 1.375], "texture": "#2"},
				"south": {"uv": [12.25, 1.25, 12.625, 1.375], "texture": "#2"},
				"west": {"uv": [12.25, 1.25, 12.625, 1.375], "texture": "#2"},
				"up": {"uv": [11.625, 11.125, 11.25, 10.75], "texture": "#2"}
			}
		},
		{
			"name": "ef",
			"from": [-1.25, 6.5, -7.5],
			"to": [1.25, 10, -7.5],
			"shade": false,
			"rotation": {"angle": 22.5, "axis": "y", "origin": [0, 8.25, -7.5]},
			"faces": {
				"north": {"uv": [0.375, 13.875, 1.75, 15.875], "texture": "#2"},
				"east": {"uv": [0, 0, 0, 1.75], "texture": "#missing"},
				"south": {"uv": [1.75, 13.875, 0.375, 15.875], "texture": "#2"},
				"west": {"uv": [0, 0, 0, 1.75], "texture": "#missing"},
				"up": {"uv": [0, 0, 1.25, 0], "texture": "#missing"},
				"down": {"uv": [0, 0, 1.25, 0], "texture": "#missing"}
			}
		},
		{
			"name": "ef",
			"from": [14.75, -1, 23.5],
			"to": [17.25, 2.5, 23.5],
			"shade": false,
			"rotation": {"angle": 22.5, "axis": "y", "origin": [16, 0.75, 23.5]},
			"faces": {
				"north": {"uv": [1.75, 13.875, 0.375, 15.875], "texture": "#2"},
				"east": {"uv": [0, 0, 0, 1.75], "texture": "#missing"},
				"south": {"uv": [0.375, 13.875, 1.75, 15.875], "texture": "#2"},
				"west": {"uv": [0, 0, 0, 1.75], "texture": "#missing"},
				"up": {"uv": [1.25, 0, 0, 0], "texture": "#missing"},
				"down": {"uv": [1.25, 0, 0, 0], "texture": "#missing"}
			}
		},
		{
			"name": "ef",
			"from": [-9.25, -1.5, 0.5],
			"to": [-6.75, 2, 0.5],
			"shade": false,
			"rotation": {"angle": 45, "axis": "y", "origin": [-8, 0.25, 0.5]},
			"faces": {
				"north": {"uv": [0.375, 13.875, 1.75, 15.875], "texture": "#2"},
				"east": {"uv": [0, 0, 0, 1.75], "texture": "#missing"},
				"south": {"uv": [1.75, 13.875, 0.375, 15.875], "texture": "#2"},
				"west": {"uv": [0, 0, 0, 1.75], "texture": "#missing"},
				"up": {"uv": [0, 0, 1.25, 0], "texture": "#missing"},
				"down": {"uv": [0, 0, 1.25, 0], "texture": "#missing"}
			}
		},
		{
			"name": "ef",
			"from": [17, 1.75, -6],
			"to": [19, 5.25, -6],
			"shade": false,
			"rotation": {"angle": -45, "axis": "y", "origin": [18, 3.5, -6]},
			"faces": {
				"north": {"uv": [2.25, 13.875, 3.625, 15.875], "texture": "#2"},
				"east": {"uv": [0, 0, 0, 1.75], "texture": "#missing"},
				"south": {"uv": [3.625, 13.875, 2.25, 15.875], "texture": "#2"},
				"west": {"uv": [0, 0, 0, 1.75], "texture": "#missing"},
				"up": {"uv": [0, 0, 1.25, 0], "texture": "#missing"},
				"down": {"uv": [0, 0, 1.25, 0], "texture": "#missing"}
			}
		},
		{
			"name": "ef",
			"from": [25.25, 6.75, 7],
			"to": [25.25, 10.25, 9],
			"shade": false,
			"rotation": {"angle": 0, "axis": "y", "origin": [25.25, 8.5, 8]},
			"faces": {
				"north": {"uv": [0, 0, 0, 1.75], "texture": "#missing"},
				"east": {"uv": [2.25, 13.875, 3.625, 15.875], "texture": "#2"},
				"south": {"uv": [0, 0, 0, 1.75], "texture": "#missing"},
				"west": {"uv": [3.625, 13.875, 2.25, 15.875], "texture": "#2"},
				"up": {"uv": [0, 0, 1.25, 0], "rotation": 90, "texture": "#missing"},
				"down": {"uv": [0, 0, 1.25, 0], "rotation": 270, "texture": "#missing"}
			}
		},
		{
			"name": "ef",
			"from": [-5.25, 2.25, 20],
			"to": [-3.75, 4.75, 20],
			"shade": false,
			"rotation": {"angle": -45, "axis": "y", "origin": [-4.5, 3.5, 20]},
			"faces": {
				"north": {"uv": [4.25, 13.875, 5.625, 15.875], "texture": "#2"},
				"east": {"uv": [0, 0, 0, 1.75], "texture": "#missing"},
				"south": {"uv": [5.625, 13.875, 4.25, 15.875], "texture": "#2"},
				"west": {"uv": [0, 0, 0, 1.75], "texture": "#missing"},
				"up": {"uv": [0, 0, 1.25, 0], "texture": "#missing"},
				"down": {"uv": [0, 0, 1.25, 0], "texture": "#missing"}
			}
		},
		{
			"name": "ef2",
			"from": [-1.25, 8.75, -2.75],
			"to": [-0.25, 15.25, -2.75],
			"shade": false,
			"rotation": {"angle": 22.5, "axis": "y", "origin": [-0.75, 12, -2.75]},
			"faces": {
				"north": {"uv": [9.125, 13.625, 9.625, 16], "texture": "#2"},
				"east": {"uv": [0, 0, 0, 2.5], "texture": "#missing"},
				"south": {"uv": [9.625, 13.625, 9.125, 16], "texture": "#2"},
				"west": {"uv": [0, 0, 0, 2.5], "texture": "#missing"},
				"up": {"uv": [0, 0, 1, 0], "texture": "#missing"},
				"down": {"uv": [0, 0, 1, 0], "texture": "#missing"}
			}
		},
		{
			"name": "ef2",
			"from": [22.5, 7.5, 3.75],
			"to": [22.5, 14, 4.75],
			"shade": false,
			"rotation": {"angle": 45, "axis": "y", "origin": [22.5, 10.75, 4.25]},
			"faces": {
				"north": {"uv": [0, 0, 0, 2.5], "texture": "#missing"},
				"east": {"uv": [9.125, 13.625, 9.625, 16], "texture": "#2"},
				"south": {"uv": [0, 0, 0, 2.5], "texture": "#missing"},
				"west": {"uv": [9.625, 13.625, 9.125, 16], "texture": "#2"},
				"up": {"uv": [0, 0, 1, 0], "rotation": 90, "texture": "#missing"},
				"down": {"uv": [0, 0, 1, 0], "rotation": 270, "texture": "#missing"}
			}
		},
		{
			"name": "ef2",
			"from": [13.5, 7.5, 22.5],
			"to": [14.5, 14, 22.5],
			"shade": false,
			"rotation": {"angle": 22.5, "axis": "y", "origin": [14, 10.75, 22.5]},
			"faces": {
				"north": {"uv": [9.125, 13.625, 9.625, 16], "texture": "#2"},
				"east": {"uv": [0, 0, 0, 2.5], "texture": "#missing"},
				"south": {"uv": [9.625, 13.625, 9.125, 16], "texture": "#2"},
				"west": {"uv": [0, 0, 0, 2.5], "texture": "#missing"},
				"up": {"uv": [0, 0, 1, 0], "texture": "#missing"},
				"down": {"uv": [0, 0, 1, 0], "texture": "#missing"}
			}
		},
		{
			"name": "ef2",
			"from": [-6, 8.25, 4],
			"to": [-6, 14.75, 5],
			"shade": false,
			"rotation": {"angle": -22.5, "axis": "y", "origin": [-6, 11.5, 4.5]},
			"faces": {
				"north": {"uv": [0, 0, 0, 2.5], "texture": "#missing"},
				"east": {"uv": [10.125, 13.625, 10.625, 16], "texture": "#2"},
				"south": {"uv": [0, 0, 0, 2.5], "texture": "#missing"},
				"west": {"uv": [10.625, 13.625, 10.125, 16], "texture": "#2"},
				"up": {"uv": [0, 0, 1, 0], "rotation": 90, "texture": "#missing"},
				"down": {"uv": [0, 0, 1, 0], "rotation": 270, "texture": "#missing"}
			}
		},
		{
			"name": "ef2",
			"from": [21.75, 10.5, 8.5],
			"to": [21.75, 17, 9.5],
			"shade": false,
			"rotation": {"angle": -22.5, "axis": "y", "origin": [21.75, 13.75, 9]},
			"faces": {
				"north": {"uv": [0, 0, 0, 2.5], "texture": "#missing"},
				"east": {"uv": [10.125, 13.625, 10.625, 16], "texture": "#2"},
				"south": {"uv": [0, 0, 0, 2.5], "texture": "#missing"},
				"west": {"uv": [10.625, 13.625, 10.125, 16], "texture": "#2"},
				"up": {"uv": [1, 0, 0, 0], "rotation": 270, "texture": "#missing"},
				"down": {"uv": [1, 0, 0, 0], "rotation": 90, "texture": "#missing"}
			}
		},
		{
			"name": "ef2",
			"from": [-6, 10.5, 8.25],
			"to": [-6, 17, 9.25],
			"shade": false,
			"rotation": {"angle": 0, "axis": "y", "origin": [-6, 13.75, 8.75]},
			"faces": {
				"north": {"uv": [0, 0, 0, 2.5], "texture": "#missing"},
				"east": {"uv": [13.25, 13.625, 12.75, 16], "texture": "#2"},
				"south": {"uv": [0, 0, 0, 2.5], "texture": "#missing"},
				"west": {"uv": [12.75, 13.625, 13.25, 16], "texture": "#2"},
				"up": {"uv": [0, 0, 1, 0], "rotation": 270, "texture": "#missing"},
				"down": {"uv": [0, 0, 1, 0], "rotation": 90, "texture": "#missing"}
			}
		},
		{
			"name": "ef2",
			"from": [16.75, 8, -2.75],
			"to": [16.75, 14.5, -1.75],
			"shade": false,
			"rotation": {"angle": 0, "axis": "y", "origin": [16.75, 11.25, -2.25]},
			"faces": {
				"north": {"uv": [0, 0, 0, 2.5], "texture": "#missing"},
				"east": {"uv": [13.25, 13.625, 12.75, 16], "texture": "#2"},
				"south": {"uv": [0, 0, 0, 2.5], "texture": "#missing"},
				"west": {"uv": [12.75, 13.625, 13.25, 16], "texture": "#2"},
				"up": {"uv": [0, 0, 1, 0], "rotation": 270, "texture": "#missing"},
				"down": {"uv": [0, 0, 1, 0], "rotation": 90, "texture": "#missing"}
			}
		},
		{
			"name": "ef2",
			"from": [1.45, 8, 22.7],
			"to": [2.45, 14.5, 22.7],
			"shade": false,
			"rotation": {"angle": -22.5, "axis": "y", "origin": [1.95, 11.25, 22.7]},
			"faces": {
				"north": {"uv": [12.75, 13.625, 13.25, 16], "texture": "#2"},
				"east": {"uv": [0, 0, 0, 2.5], "texture": "#missing"},
				"south": {"uv": [13.25, 13.625, 12.75, 16], "texture": "#2"},
				"west": {"uv": [0, 0, 0, 2.5], "texture": "#missing"},
				"up": {"uv": [1, 0, 0, 0], "rotation": 180, "texture": "#missing"},
				"down": {"uv": [1, 0, 0, 0], "rotation": 180, "texture": "#missing"}
			}
		}
	],
	"gui_light": "front",
	"display": {
		"thirdperson_righthand": {
			"rotation": [142.3, 41.34, -159.98],
			"translation": [0, 1.25, 0],
			"scale": [0.18, 0.18, 0.18]
		},
		"thirdperson_lefthand": {
			"rotation": [142.3, 41.34, -159.98],
			"translation": [0, 1.25, 0],
			"scale": [0.18, 0.18, 0.18]
		},
		"firstperson_righthand": {
			"rotation": [168.06, 45.67, -176.11],
			"translation": [4, 2, -3.25],
			"scale": [0.3, 0.3, 0.3]
		},
		"firstperson_lefthand": {
			"rotation": [168.06, 45.67, -176.11],
			"translation": [4, 2, -3.25],
			"scale": [0.3, 0.3, 0.3]
		},
		"ground": {
			"translation": [0, 1.5, 0],
			"scale": [0.2, 0.2, 0.2]
		},
		"gui": {
			"rotation": [-160, 25, -180],
			"translation": [-0.25, 0.25, 0],
			"scale": [0.48, 0.48, 0.48]
		},
		"head": {
			"rotation": [2, 0, 0],
			"translation": [0, 8.75, -0.5],
			"scale": [0.65, 0.65, 0.65]
		},
		"fixed": {
			"translation": [0, -1.5, -2.5],
			"scale": [0.48, 0.48, 0.48]
		}
	},
	"groups": [
		0,
		1,
		2,
		3,
		4,
		5,
		6,
		7,
		8,
		9,
		10,
		11,
		12,
		13,
		14,
		15,
		16,
		17,
		18,
		19,
		20,
		21,
		22,
		23,
		24,
		25,
		26,
		27,
		28,
		29,
		30,
		31,
		32,
		33,
		34,
		35,
		36,
		37,
		38,
		39,
		40,
		41,
		42,
		43,
		44,
		45,
		46,
		47,
		48,
		49,
		50,
		51,
		52,
		53,
		54,
		55,
		56,
		57,
		58,
		59,
		60,
		61,
		62,
		63,
		64,
		65,
		66,
		67,
		68,
		69,
		70,
		71,
		72,
		73,
		74,
		75,
		76,
		77,
		78,
		79,
		80,
		81,
		82,
		83,
		84,
		85,
		86,
		87,
		88,
		89,
		90,
		91,
		92,
		93,
		94,
		95,
		96,
		97,
		98,
		99,
		{
			"name": "heart",
			"origin": [9.944, 9.35, 52.67994],
			"color": 0,
			"shade": false,
			"children": [100, 101, 102, 103, 104, 105, 106, 107, 108, 109, 110, 111, 112, 113, 114, 115, 116, 117, 118, 119, 120, 121, 122, 123, 124, 125, 126, 127, 128, 129, 130]
		},
		131,
		132,
		133,
		134,
		135,
		136,
		137,
		138,
		139,
		140,
		141,
		142,
		143,
		144
	]
}