{
  "parent": "item/generated",
  "textures": {
    "layer0": "item/bow"
  },
  "display": {
    "thirdperson_righthand": {
      "rotation": [
        -80,
        260,
        -40
      ],
      "translation": [
        -1,
        -2,
        2.5
      ],
      "scale": [
        0.9,
        0.9,
        0.9
      ]
    },
    "thirdperson_lefthand": {
      "rotation": [
        -80,
        -280,
        40
      ],
      "translation": [
        -1,
        -2,
        2.5
      ],
      "scale": [
        0.9,
        0.9,
        0.9
      ]
    },
    "firstperson_righthand": {
      "rotation": [
        0,
        -90,
        25
      ],
      "translation": [
        1.13,
        3.2,
        1.13
      ],
      "scale": [
        0.68,
        0.68,
        0.68
      ]
    },
    "firstperson_lefthand": {
      "rotation": [
        0,
        90,
        -25
      ],
      "translation": [
        1.13,
        3.2,
        1.13
      ],
      "scale": [
        0.68,
        0.68,
        0.68
      ]
    }
  },
  "overrides": [
    {
      "predicate": {
        "custom_model_data": 1
      },
      "model": "heartandbloodtheme/heartbow"
    },
    {
      "predicate": {
        "pulling": 1,
        "custom_model_data": 1
      },
      "model": "heartandbloodtheme/heartbow_pulling_0"
    },
    {
      "predicate": {
        "pulling": 1,
        "pull": 0.45,
        "custom_model_data": 1
      },
      "model": "heartandbloodtheme/heartbow_pulling_1"
    },
    {
      "predicate": {
        "pulling": 1,
        "pull": 0.9,
        "custom_model_data": 1
      },
      "model": "heartandbloodtheme/heartbow_pulling_2"
    },
    {
      "predicate": {
        "custom_model_data": 2
      },
      "model": "lightiningtheme/lightbow"
    },
    {
      "predicate": {
        "pulling": 1,
        "custom_model_data": 2
      },
      "model": "lightiningtheme/lightbow_pulling_0"
    },
    {
      "predicate": {
        "pulling": 1,
        "pull": 0.45,
        "custom_model_data": 2
      },
      "model": "lightiningtheme/lightbow_pulling_1"
    },
    {
      "predicate": {
        "pulling": 1,
        "pull": 0.9,
        "custom_model_data": 2
      },
      "model": "lightiningtheme/lightbow_pulling_2"
    }
  ]
}