{
  "parent": "minecraft:item/handheld",
  "textures": {
    "layer0": "minecraft:item/netherite_shovel"
  },
  "overrides": [
    {
      "predicate": {
        "damage": 0
      },
      "model": "item/netherite_shovel"
    },
    {
      "predicate": {
        "custom_model_data": 1
      },
      "model": "heartandbloodtheme/heartshovel"
    },
    {
      "predicate": {
        "custom_model_data": 2
      },
      "model": "lightiningtheme/lightshovel"
    },
    {
      "predicate": {
        "custom_model_data": 3
      },
      "model": "christmas/noparticles/christmas_shovel"
    },
    {
      "predicate": {
        "custom_model_data": 4
      },
      "model": "christmas/christmas_shovel"
    },
    {
      "predicate": {
        "custom_model_data": 5
      },
      "model": "void/noparticles/void_shovel"
    },
    {
      "predicate": {
        "custom_model_data": 6
      },
      "model": "void/void_shovel"
    },
    {
      "predicate": {
        "custom_model_data": 7
      },
      "model": "magma/noparticles/magma_shovel"
    },
    {
      "predicate": {
        "custom_model_data": 8
      },
      "model": "magma/magma_shovel"
    },
    {
      "predicate": {
        "custom_model_data": 9
      },
      "model": "chinese/noparticles/chinese_dragon_shovel"
    },
    {
      "predicate": {
        "custom_model_data": 10
      },
      "model": "chinese/chinese_dragon_shovel"
    },
    {
      "predicate": {
        "custom_model_data": 11
      },
      "model": "valentine/noparticles/valentine_shovel"
    },
    {
      "predicate": {
        "custom_model_data": 12
      },
      "model": "valentine/valentine_shovel"
    },
    {
      "predicate": {
        "custom_model_data": 13
      },
      "model": "dragon/dragonborn_shovel"
    },
    {
      "predicate": {
        "custom_model_data": 14
      },
      "model": "patrick/shovel"
    },
    {
      "predicate": {
        "custom_model_data": 16
      },
      "model": "firework/firework_shovel"
    },
    {
      "predicate": {
        "custom_model_data": 17
      },
      "model": "easter/shovel_easter"
    },
    {
      "predicate": {
        "custom_model_data": 18
      },
      "model": "samurai/shovel_samurai"
    },
    {
      "predicate": {
        "custom_model_data": 19
      },
      "model": "pirate/shovel_pirate"
    },
    {
      "predicate": {
        "custom_model_data": 20
      },
      "model": "heart/shovel_heart_penguin"
    },
    {
      "predicate": {
        "custom_model_data": 21
      },
      "model": "purplelightning/shovel_purple_lightning"
    },
    {
      "predicate": {
        "custom_model_data": 22
      },
      "model": "vampire/shovel_vampire_penguin"
    },
    {
      "predicate": {
        "custom_model_data": 23
      },
      "model": "ancient/ancient_shovel_penguin"
    },
    {
      "predicate": {
        "custom_model_data": 24
      },
      "model": "fire/fire_shovel"
    },
    {
      "predicate": {
        "custom_model_data": 25
      },
      "model": "lightning/lightning_shovel"
    }
  ]
}