{
	"credit": "Made with Blockbench",
	"texture_size": [32, 32],
	"textures": {
		"0": "item/heartandbloodtheme/heartbow_4",
		"particle": "item/heartandbloodtheme/heartbow_4"
	},
	"elements": [
		{
			"from": [7.25, 1.18477, 9.9879],
			"to": [9.25, 3.18477, 11.9879],
			"rotation": {"angle": -45, "axis": "x", "origin": [8.25, 3.10977, 11.3629]},
			"faces": {
				"north": {"uv": [8, 0, 9, 1], "texture": "#0"},
				"east": {"uv": [8, 2, 9, 3], "texture": "#0"},
				"south": {"uv": [8, 3, 9, 4], "texture": "#0"},
				"west": {"uv": [5, 8, 6, 9], "texture": "#0"},
				"up": {"uv": [9, 7.5, 8, 6.5], "texture": "#0"},
				"down": {"uv": [9, 7.5, 8, 8.5], "texture": "#0"}
			}
		},
		{
			"from": [7.25, 1.18477, 11.9879],
			"to": [9.25, 3.18477, 12.9879],
			"rotation": {"angle": -45, "axis": "x", "origin": [8.25, 3.10977, 11.3629]},
			"faces": {
				"north": {"uv": [8.5, 1, 9.5, 2], "texture": "#0"},
				"east": {"uv": [7, 5, 7.5, 6], "texture": "#0"},
				"south": {"uv": [3, 8.5, 4, 9.5], "texture": "#0"},
				"west": {"uv": [11.5, 1, 12, 2], "texture": "#0"},
				"up": {"uv": [3, 12, 2, 11.5], "texture": "#0"},
				"down": {"uv": [12.5, 2, 11.5, 2.5], "texture": "#0"}
			}
		},
		{
			"from": [7.25, 0.18477, 9.9879],
			"to": [9.25, 1.18477, 11.9879],
			"rotation": {"angle": -45, "axis": "x", "origin": [8.25, 3.10977, 11.3629]},
			"faces": {
				"north": {"uv": [11.5, 2.5, 12.5, 3], "texture": "#0"},
				"east": {"uv": [3, 11.5, 4, 12], "texture": "#0"},
				"south": {"uv": [11.5, 3, 12.5, 3.5], "texture": "#0"},
				"west": {"uv": [11.5, 3.5, 12.5, 4], "texture": "#0"},
				"up": {"uv": [5, 9.5, 4, 8.5], "texture": "#0"},
				"down": {"uv": [9.5, 4, 8.5, 5], "texture": "#0"}
			}
		},
		{
			"from": [7.25, 12.72607, 10.75676],
			"to": [9.25, 14.72607, 12.75676],
			"rotation": {"angle": 45, "axis": "x", "origin": [8.25, 13.80107, 11.53176]},
			"faces": {
				"north": {"uv": [8.5, 5, 9.5, 6], "texture": "#0"},
				"east": {"uv": [6, 8.5, 7, 9.5], "texture": "#0"},
				"south": {"uv": [7, 8.5, 8, 9.5], "texture": "#0"},
				"west": {"uv": [8, 8.5, 9, 9.5], "texture": "#0"},
				"up": {"uv": [1, 10, 0, 9], "texture": "#0"},
				"down": {"uv": [10, 0, 9, 1], "texture": "#0"}
			}
		},
		{
			"from": [7.25, 14.72607, 10.75676],
			"to": [9.25, 15.72607, 12.75676],
			"rotation": {"angle": 45, "axis": "x", "origin": [8.25, 13.80107, 11.53176]},
			"faces": {
				"north": {"uv": [4, 11.5, 5, 12], "texture": "#0"},
				"east": {"uv": [11.5, 4, 12.5, 4.5], "texture": "#0"},
				"south": {"uv": [11.5, 4.5, 12.5, 5], "texture": "#0"},
				"west": {"uv": [5, 11.5, 6, 12], "texture": "#0"},
				"up": {"uv": [2, 10, 1, 9], "texture": "#0"},
				"down": {"uv": [3, 9, 2, 10], "texture": "#0"}
			}
		},
		{
			"from": [7.25, 12.72607, 12.75676],
			"to": [9.25, 14.72607, 13.75676],
			"rotation": {"angle": 45, "axis": "x", "origin": [8.25, 13.80107, 11.53176]},
			"faces": {
				"north": {"uv": [9, 2, 10, 3], "texture": "#0"},
				"east": {"uv": [11.5, 5, 12, 6], "texture": "#0"},
				"south": {"uv": [9, 3, 10, 4], "texture": "#0"},
				"west": {"uv": [6, 11.5, 6.5, 12.5], "texture": "#0"},
				"up": {"uv": [7.5, 12, 6.5, 11.5], "texture": "#0"},
				"down": {"uv": [8.5, 11.5, 7.5, 12], "texture": "#0"}
			}
		},
		{
			"from": [7.5, 1.47112, 8.50067],
			"to": [9, 2.97112, 11.25067],
			"rotation": {"angle": 0, "axis": "y", "origin": [8.25, 2.22112, 10.37567]},
			"faces": {
				"north": {"uv": [10.5, 5, 11.25, 5.75], "texture": "#0"},
				"east": {"uv": [6, 6, 7.5, 6.75], "texture": "#0"},
				"south": {"uv": [6, 10.5, 6.75, 11.25], "texture": "#0"},
				"west": {"uv": [6.5, 0, 8, 0.75], "texture": "#0"},
				"up": {"uv": [3.75, 8.5, 3, 7], "texture": "#0"},
				"down": {"uv": [4.75, 7, 4, 8.5], "texture": "#0"}
			}
		},
		{
			"from": [7.5, -0.92888, 4.95067],
			"to": [9, 0.57112, 8.45067],
			"rotation": {"angle": 45, "axis": "x", "origin": [8.125, 0.17112, 11.30067]},
			"faces": {
				"north": {"uv": [7, 10.5, 7.75, 11.25], "texture": "#0"},
				"east": {"uv": [3, 1, 4.75, 1.75], "texture": "#0"},
				"south": {"uv": [8, 10.5, 8.75, 11.25], "texture": "#0"},
				"west": {"uv": [3, 2, 4.75, 2.75], "texture": "#0"},
				"up": {"uv": [3.75, 4.75, 3, 3], "texture": "#0"},
				"down": {"uv": [4.75, 3, 4, 4.75], "texture": "#0"}
			}
		},
		{
			"from": [7.5, -0.07888, 8.60067],
			"to": [9, -0.07888, 10.60067],
			"rotation": {"angle": 45, "axis": "x", "origin": [8.125, 0.92112, 10.45067]},
			"faces": {
				"north": {"uv": [0, 0, 0.75, 0], "texture": "#0"},
				"east": {"uv": [0, 0, 1, 0], "texture": "#0"},
				"south": {"uv": [0, 0, 0.75, 0], "texture": "#0"},
				"west": {"uv": [0, 0, 1, 0], "texture": "#0"},
				"up": {"uv": [11.25, 2, 10.5, 1], "texture": "#0"},
				"down": {"uv": [3.75, 10.5, 3, 11.5], "texture": "#0"}
			}
		},
		{
			"from": [7.5, 4.86176, 3.62989],
			"to": [9, 6.36176, 6.87989],
			"rotation": {"angle": 22.5, "axis": "x", "origin": [8.25, 5.01176, 3.50489]},
			"faces": {
				"north": {"uv": [10.5, 10, 11.25, 10.75], "texture": "#0"},
				"east": {"uv": [1, 4.5, 2.75, 5.25], "texture": "#0"},
				"south": {"uv": [0, 11, 0.75, 11.75], "texture": "#0"},
				"west": {"uv": [5, 1, 6.75, 1.75], "texture": "#0"},
				"up": {"uv": [5.75, 3.75, 5, 2], "texture": "#0"},
				"down": {"uv": [3.75, 5, 3, 6.75], "texture": "#0"}
			}
		},
		{
			"from": [7.5, 9.9484, 7.53067],
			"to": [9, 13.4484, 9.03067],
			"rotation": {"angle": 45, "axis": "x", "origin": [8.125, 12.99578, 9.10847]},
			"faces": {
				"north": {"uv": [4, 5, 4.75, 6.75], "texture": "#0"},
				"east": {"uv": [5, 4, 5.75, 5.75], "texture": "#0"},
				"south": {"uv": [1, 5.5, 1.75, 7.25], "texture": "#0"},
				"west": {"uv": [2, 5.5, 2.75, 7.25], "texture": "#0"},
				"up": {"uv": [11.75, 0.75, 11, 0], "texture": "#0"},
				"down": {"uv": [1.75, 11, 1, 11.75], "texture": "#0"}
			}
		},
		{
			"from": [7.5, 13.4484, 7.53067],
			"to": [9, 15.4484, 7.53067],
			"rotation": {"angle": 45, "axis": "x", "origin": [8.125, 12.99578, 9.10847]},
			"faces": {
				"north": {"uv": [4, 10.5, 4.75, 11.5], "texture": "#0"},
				"east": {"uv": [0, 0, 0, 1], "texture": "#0"},
				"south": {"uv": [10.5, 4, 11.25, 5], "texture": "#0"},
				"west": {"uv": [0, 0, 0, 1], "texture": "#0"},
				"up": {"uv": [0.75, 0, 0, 0], "texture": "#0"},
				"down": {"uv": [0.75, 0, 0, 0], "texture": "#0"}
			}
		},
		{
			"from": [7.5, 12.8815, 8.35946],
			"to": [9, 14.3815, 11.10946],
			"rotation": {"angle": 0, "axis": "y", "origin": [8.25, 13.9815, 10.75946]},
			"faces": {
				"north": {"uv": [11, 6, 11.75, 6.75], "texture": "#0"},
				"east": {"uv": [7, 1, 8.5, 1.75], "texture": "#0"},
				"south": {"uv": [11, 7, 11.75, 7.75], "texture": "#0"},
				"west": {"uv": [7, 4, 8.5, 4.75], "texture": "#0"},
				"up": {"uv": [6.75, 8.5, 6, 7], "texture": "#0"},
				"down": {"uv": [7.75, 7, 7, 8.5], "texture": "#0"}
			}
		},
		{
			"from": [7.5, 9.60731, 3.21853],
			"to": [9, 11.10731, 6.46853],
			"rotation": {"angle": -22.5, "axis": "x", "origin": [8.25, 11.35731, 3.59353]},
			"faces": {
				"north": {"uv": [11, 8, 11.75, 8.75], "texture": "#0"},
				"east": {"uv": [6, 2, 7.75, 2.75], "texture": "#0"},
				"south": {"uv": [9, 11, 9.75, 11.75], "texture": "#0"},
				"west": {"uv": [6, 3, 7.75, 3.75], "texture": "#0"},
				"up": {"uv": [6.75, 5.75, 6, 4], "texture": "#0"},
				"down": {"uv": [5.75, 6, 5, 7.75], "texture": "#0"}
			}
		},
		{
			"from": [7.5, 6.60336, 2.58974],
			"to": [9, 9.60336, 4.08974],
			"rotation": {"angle": 0, "axis": "y", "origin": [8.125, 4.45336, 3.83974]},
			"faces": {
				"north": {"uv": [0, 7.5, 0.75, 9], "texture": "#0"},
				"east": {"uv": [1, 7.5, 1.75, 9], "texture": "#0"},
				"south": {"uv": [2, 7.5, 2.75, 9], "texture": "#0"},
				"west": {"uv": [7.5, 5, 8.25, 6.5], "texture": "#0"},
				"up": {"uv": [10.75, 11.75, 10, 11], "texture": "#0"},
				"down": {"uv": [11.75, 11, 11, 11.75], "texture": "#0"}
			}
		},
		{
			"from": [7.25, 5.06291, 2.42536],
			"to": [9.25, 7.06291, 4.42536],
			"rotation": {"angle": 45, "axis": "x", "origin": [8.25, 6.06291, 3.42536]},
			"faces": {
				"north": {"uv": [5, 9, 6, 10], "texture": "#0"},
				"east": {"uv": [9, 6, 10, 7], "texture": "#0"},
				"south": {"uv": [9, 7, 10, 8], "texture": "#0"},
				"west": {"uv": [9, 8, 10, 9], "texture": "#0"},
				"up": {"uv": [10, 10, 9, 9], "texture": "#0"},
				"down": {"uv": [10.5, 1, 9.5, 2], "texture": "#0"}
			}
		},
		{
			"from": [7.25, 5.02755, 4.41072],
			"to": [9.25, 5.02755, 6.41072],
			"rotation": {"angle": 45, "axis": "x", "origin": [8.125, 6.02755, 3.46072]},
			"faces": {
				"north": {"uv": [0, 0, 1, 0], "texture": "#0"},
				"east": {"uv": [0, 0, 1, 0], "texture": "#0"},
				"south": {"uv": [0, 0, 1, 0], "texture": "#0"},
				"west": {"uv": [0, 0, 1, 0], "texture": "#0"},
				"up": {"uv": [4, 10.5, 3, 9.5], "texture": "#0"},
				"down": {"uv": [5, 9.5, 4, 10.5], "texture": "#0"}
			}
		},
		{
			"from": [7.25, 8.79367, 2.35465],
			"to": [9.25, 10.79367, 4.35465],
			"rotation": {"angle": 45, "axis": "x", "origin": [8.25, 9.79367, 3.35465]},
			"faces": {
				"north": {"uv": [9.5, 4, 10.5, 5], "texture": "#0"},
				"east": {"uv": [9.5, 5, 10.5, 6], "texture": "#0"},
				"south": {"uv": [6, 9.5, 7, 10.5], "texture": "#0"},
				"west": {"uv": [7, 9.5, 8, 10.5], "texture": "#0"},
				"up": {"uv": [9, 10.5, 8, 9.5], "texture": "#0"},
				"down": {"uv": [1, 10, 0, 11], "texture": "#0"}
			}
		},
		{
			"from": [7.25, 10.79367, 2.35465],
			"to": [9.25, 12.79367, 2.35465],
			"rotation": {"angle": 45, "axis": "x", "origin": [8.25, 9.79367, 3.35465]},
			"faces": {
				"north": {"uv": [10, 0, 11, 1], "texture": "#0"},
				"east": {"uv": [0, 0, 0, 1], "texture": "#0"},
				"south": {"uv": [1, 10, 2, 11], "texture": "#0"},
				"west": {"uv": [0, 0, 0, 1], "texture": "#0"},
				"up": {"uv": [1, 0, 0, 0], "texture": "#0"},
				"down": {"uv": [1, 0, 0, 0], "texture": "#0"}
			}
		},
		{
			"from": [7.9, 7.71606, 0.67505],
			"to": [8.4, 8.21606, 13.67505],
			"rotation": {"angle": 0, "axis": "y", "origin": [8.175, 10.89106, 0.87505]},
			"faces": {
				"north": {"uv": [7.5, 6.5, 7.75, 6.75], "texture": "#0"},
				"east": {"uv": [0, 0, 6.5, 0.25], "texture": "#0"},
				"south": {"uv": [8.5, 6, 8.75, 6.25], "texture": "#0"},
				"west": {"uv": [0, 0.5, 6.5, 0.75], "texture": "#0"},
				"up": {"uv": [0.25, 7.5, 0, 1], "texture": "#0"},
				"down": {"uv": [0.75, 1, 0.5, 7.5], "texture": "#0"}
			}
		},
		{
			"from": [6.9, 7.96606, 0.17505],
			"to": [9.4, 7.96606, 1.67505],
			"rotation": {"angle": 0, "axis": "y", "origin": [8.175, 10.89106, 0.87505]},
			"faces": {
				"north": {"uv": [0, 0, 1.25, 0], "texture": "#0"},
				"east": {"uv": [0, 0, 0.75, 0], "texture": "#0"},
				"south": {"uv": [0, 0, 1.25, 0], "texture": "#0"},
				"west": {"uv": [0, 0, 0.75, 0], "texture": "#0"},
				"up": {"uv": [11.25, 2.75, 10, 2], "texture": "#0"},
				"down": {"uv": [11.25, 3, 10, 3.75], "texture": "#0"}
			}
		},
		{
			"from": [8.15, 6.71606, 0.17505],
			"to": [8.15, 9.21606, 1.67505],
			"rotation": {"angle": 0, "axis": "y", "origin": [8.175, 10.89106, 0.87505]},
			"faces": {
				"north": {"uv": [0, 0, 0, 1.25], "texture": "#0"},
				"east": {"uv": [2, 10, 2.75, 11.25], "texture": "#0"},
				"south": {"uv": [0, 0, 0, 1.25], "texture": "#0"},
				"west": {"uv": [5, 10, 5.75, 11.25], "texture": "#0"},
				"up": {"uv": [0, 0.75, 0, 0], "texture": "#0"},
				"down": {"uv": [0, 0, 0, 0.75], "texture": "#0"}
			}
		},
		{
			"from": [8.15, 6.71606, 12.67505],
			"to": [8.15, 9.21606, 14.17505],
			"rotation": {"angle": 0, "axis": "y", "origin": [8.175, 10.89106, 0.87505]},
			"faces": {
				"north": {"uv": [0, 0, 0, 1.25], "texture": "#0"},
				"east": {"uv": [10, 6, 10.75, 7.25], "texture": "#0"},
				"south": {"uv": [0, 0, 0, 1.25], "texture": "#0"},
				"west": {"uv": [10, 7.5, 10.75, 8.75], "texture": "#0"},
				"up": {"uv": [0, 0.75, 0, 0], "texture": "#0"},
				"down": {"uv": [0, 0, 0, 0.75], "texture": "#0"}
			}
		},
		{
			"from": [6.9, 7.96606, 12.67505],
			"to": [9.4, 7.96606, 14.17505],
			"rotation": {"angle": 0, "axis": "y", "origin": [8.175, 10.89106, 0.87505]},
			"faces": {
				"north": {"uv": [0, 0, 1.25, 0], "texture": "#0"},
				"east": {"uv": [0, 0, 0.75, 0], "texture": "#0"},
				"south": {"uv": [0, 0, 1.25, 0], "texture": "#0"},
				"west": {"uv": [0, 0, 0.75, 0], "texture": "#0"},
				"up": {"uv": [10.25, 10.75, 9, 10], "texture": "#0"},
				"down": {"uv": [11.25, 9, 10, 9.75], "texture": "#0"}
			}
		},
		{
			"from": [8.15, 1.44829, 11.14562],
			"to": [8.15, 7.94829, 12.14562],
			"rotation": {"angle": 0, "axis": "y", "origin": [8.00795, 7.81947, 3.7993]},
			"faces": {
				"north": {"uv": [0, 0, 0, 3.25], "texture": "#0"},
				"east": {"uv": [1, 1, 1.5, 4.25], "texture": "#0"},
				"south": {"uv": [0, 0, 0, 3.25], "texture": "#0"},
				"west": {"uv": [1.5, 1, 2, 4.25], "texture": "#0"},
				"up": {"uv": [0, 0.5, 0, 0], "texture": "#0"},
				"down": {"uv": [0, 0, 0, 0.5], "texture": "#0"}
			}
		},
		{
			"from": [8.15, 7.94829, 11.14562],
			"to": [8.15, 14.19829, 12.14562],
			"rotation": {"angle": 0, "axis": "y", "origin": [8.00795, 7.81947, 3.7993]},
			"faces": {
				"north": {"uv": [0, 0, 0, 3.25], "texture": "#0"},
				"east": {"uv": [2, 1, 2.5, 4.25], "texture": "#0"},
				"south": {"uv": [0, 0, 0, 3.25], "texture": "#0"},
				"west": {"uv": [2.5, 1, 3, 4.25], "texture": "#0"},
				"up": {"uv": [0, 0.5, 0, 0], "texture": "#0"},
				"down": {"uv": [0, 0, 0, 0.5], "texture": "#0"}
			}
		}
	],
	"display": {
		"thirdperson_righthand": {
			"translation": [0, -1.75, 4.5],
			"scale": [1.2, 1.2, 1.2]
		},
		"thirdperson_lefthand": {
			"translation": [0, -1.75, 4.5],
			"scale": [1.2, 1.2, 1.2]
		},
		"firstperson_righthand": {
			"translation": [0, 4, 0]
		},
		"firstperson_lefthand": {
			"translation": [0, 4, 0]
		},
		"ground": {
			"translation": [0, 5, 0]
		},
		"gui": {
			"rotation": [105, -45, 90],
			"translation": [1.25, 1.5, 0]
		},
		"fixed": {
			"rotation": [90, 45, -90]
		}
	},
	"groups": [
		{
			"name": "heartbow",
			"origin": [8, 7.10971, 4.21707],
			"color": 0,
			"children": [0, 1, 2, 3, 4, 5, 6, 7, 8, 9, 10, 11, 12, 13, 14, 15, 16, 17, 18, 19, 20, 21, 22, 23, 24, 25]
		}
	]
}