{
  "sources": [
    {
      "type": "single",
      "resource": "chinese:dragonnetheritearmor/chestplateicon"
    },
    {
      "type": "single",
      "resource": "chinese:dragondiamondarmor/bootsicon"
    },
    {
      "type": "single",
      "resource": "chinese:dragonironarmor/helmeticon"
    },
    {
      "type": "single",
      "resource": "chinese:dragondiamondarmor/helmeticon"
    },
    {
      "type": "single",
      "resource": "chinese:dragonironarmor/leggingsicon"
    },
    {
      "type": "single",
      "resource": "chinese:dragongoldarmor/chestplateicon"
    },
    {
      "type": "single",
      "resource": "chinese:dragongoldarmor/helmeticon"
    },
    {
      "type": "single",
      "resource": "chinese:dragongoldarmor/leggingsicon"
    },
    {
      "type": "single",
      "resource": "chinese:dragondiamondarmor/chestplateicon"
    },
    {
      "type": "single",
      "resource": "chinese:dragongoldarmor/bootsicon"
    },
    {
      "type": "single",
      "resource": "chinese:dragondiamondarmor/leggingsicon"
    },
    {
      "type": "single",
      "resource": "chinese:dragonnetheritearmor/leggingsicon"
    },
    {
      "type": "single",
      "resource": "chinese:dragonironarmor/bootsicon"
    },
    {
      "type": "single",
      "resource": "chinese:dragonnetheritearmor/helmeticon"
    },
    {
      "type": "single",
      "resource": "chinese:dragonironarmor/chestplateicon"
    },
    {
      "type": "single",
      "resource": "chinese:dragonnetheritearmor/bootsicon"
    },
    {
      "type": "single",
      "resource": "magma:magmagoldarmor/helmeticon"
    },
    {
      "type": "single",
      "resource": "magma:magmaironarmor/helmeticon"
    },
    {
      "type": "single",
      "resource": "magma:magmadiamondarmor/helmeticon"
    },
    {
      "type": "single",
      "resource": "magma:magmanetheritearmor/helmeticon"
    },
    {
      "type": "single",
      "resource": "magma:magmaironarmor/chestplateicon"
    },
    {
      "type": "single",
      "resource": "magma:magmadiamondarmor/chestplateicon"
    },
    {
      "type": "single",
      "resource": "magma:magmanetheritearmor/chestplateicon"
    },
    {
      "type": "single",
      "resource": "magma:magmagoldarmor/chestplateicon"
    },
    {
      "type": "single",
      "resource": "magma:magmagoldarmor/leggingsicon"
    },
    {
      "type": "single",
      "resource": "magma:magmaironarmor/leggingsicon"
    },
    {
      "type": "single",
      "resource": "magma:magmadiamondarmor/leggingsicon"
    },
    {
      "type": "single",
      "resource": "magma:magmanetheritearmor/leggingsicon"
    },
    {
      "type": "single",
      "resource": "magma:magmanetheritearmor/bootsicon"
    },
    {
      "type": "single",
      "resource": "magma:magmaironarmor/bootsicon"
    },
    {
      "type": "single",
      "resource": "magma:magmadiamondarmor/bootsicon"
    },
    {
      "type": "single",
      "resource": "magma:magmagoldarmor/bootsicon"
    },
    {
      "type": "single",
      "resource": "valentine:valentinediamondarmor/bootsicon"
    },

    {
      "type": "single",
      "resource": "valentine:valentinediamondarmor/leggingsicon"
    },

    {
      "type": "single",
      "resource": "valentine:valentinediamondarmor/chestplateicon"
    },

    {
      "type": "single",
      "resource": "valentine:valentinediamondarmor/helmeticon"
    },

    {
      "type": "single",
      "resource": "valentine:valentineironarmor/helmeticon"
    },

    {
      "type": "single",
      "resource": "valentine:valentineironarmor/chestplateicon"
    },

    {
      "type": "single",
      "resource": "valentine:valentineironarmor/leggingsicon"
    },

    {
      "type": "single",
      "resource": "valentine:valentineironarmor/bootsicon"
    },

    {
      "type": "single",
      "resource": "valentine:valentinegoldarmor/leggingsicon"
    },

    {
      "type": "single",
      "resource": "valentine:valentinegoldarmor/bootsicon"
    },

    {
      "type": "single",
      "resource": "valentine:valentinegoldarmor/chestplateicon"
    },

    {
      "type": "single",
      "resource": "valentine:valentinegoldarmor/helmeticon"
    },

    {
      "type": "single",
      "resource": "valentine:valentinenetheritearmor/leggingsicon"
    },

    {
      "type": "single",
      "resource": "valentine:valentinenetheritearmor/bootsicon"
    },

    {
      "type": "single",
      "resource": "valentine:valentinenetheritearmor/chestplateicon"
    },

    {
      "type": "single",
      "resource": "valentine:valentinenetheritearmor/helmeticon"
    },


    {
      "type": "single",
      "resource": "firework:fireworkdiamondarmor/bootsicon"
    },
    {
      "type": "single",
      "resource": "firework:fireworkdiamondarmor/leggingsicon"
    },
    {
      "type": "single",
      "resource": "firework:fireworkdiamondarmor/chestplateicon"
    },
    {
      "type": "single",
      "resource": "firework:fireworkdiamondarmor/helmeticon"
    },
    {
      "type": "single",
      "resource": "firework:fireworknetheritearmor/bootsicon"
    },
    {
      "type": "single",
      "resource": "firework:fireworknetheritearmor/leggingsicon"
    },
    {
      "type": "single",
      "resource": "firework:fireworknetheritearmor/chestplateicon"
    },
    {
      "type": "single",
      "resource": "firework:fireworknetheritearmor/helmeticon"
    },
    {
      "type": "single",
      "resource": "firework:fireworkgoldarmor/bootsicon"
    },
    {
      "type": "single",
      "resource": "firework:fireworkgoldarmor/leggingsicon"
    },
    {
      "type": "single",
      "resource": "firework:fireworkgoldarmor/chestplateicon"
    },
    {
      "type": "single",
      "resource": "firework:fireworkgoldarmor/helmeticon"
    },
    {
      "type": "single",
      "resource": "firework:fireworkironarmor/bootsicon"
    },
    {
      "type": "single",
      "resource": "firework:fireworkironarmor/leggingsicon"
    },
    {
      "type": "single",
      "resource": "firework:fireworkironarmor/chestplateicon"
    },
    {
      "type": "single",
      "resource": "firework:fireworkironarmor/helmeticon"
    },

    {
      "type": "single",
      "resource": "easter:easterdiamondarmor/bootsicon"
    },
    {
      "type": "single",
      "resource": "easter:easterdiamondarmor/chestplateicon"
    },
    {
      "type": "single",
      "resource": "easter:easterdiamondarmor/helmeticon"
    },
    {
      "type": "single",
      "resource": "easter:easterdiamondarmor/leggingsicon"
    },
    {
      "type": "single",
      "resource": "easter:eastergoldarmor/bootsicon"
    },
    {
      "type": "single",
      "resource": "easter:eastergoldarmor/chestplateicon"
    },
    {
      "type": "single",
      "resource": "easter:eastergoldarmor/leggingsicon"
    },
    {
      "type": "single",
      "resource": "easter:eastergoldarmor/helmeticon"
    },
    {
      "type": "single",
      "resource": "easter:easterironarmor/bootsicon"
    },
    {
      "type": "single",
      "resource": "easter:easterironarmor/chestplateicon"
    },
    {
      "type": "single",
      "resource": "easter:easterironarmor/helmeticon"
    },
    {
      "type": "single",
      "resource": "easter:easterironarmor/leggingsicon"
    },
    {
      "type": "single",
      "resource": "easter:easternetheritearmor/bootsicon"
    },
    {
      "type": "single",
      "resource": "easter:easternetheritearmor/chestplateicon"
    },
    {
      "type": "single",
      "resource": "easter:easternetheritearmor/helmeticon"
    },
    {
      "type": "single",
      "resource": "easter:easternetheritearmor/leggingsicon"
    },
    {
      "type": "single",
      "resource": "samurai:samuraigoldarmor/bootsicon"
    },
    {
      "type": "single",
      "resource": "samurai:samuraigoldarmor/chestplateicon"
    },
    {
      "type": "single",
      "resource": "samurai:samuraigoldarmor/helmeticon"
    },
    {
      "type": "single",
      "resource": "samurai:samuraigoldarmor/leggingsicon"
    },
    {
      "type": "single",
      "resource": "samurai:samuraidiamondarmor/bootsicon"
    },
    {
      "type": "single",
      "resource": "samurai:samuraidiamondarmor/chestplateicon"
    },
    {
      "type": "single",
      "resource": "samurai:samuraidiamondarmor/helmeticon"
    },
    {
      "type": "single",
      "resource": "samurai:samuraidiamondarmor/leggingsicon"
    },
    {
      "type": "single",
      "resource": "samurai:samuraiironarmor/bootsicon"
    },
    {
      "type": "single",
      "resource": "samurai:samuraiironarmor/chestplateicon"
    },
    {
      "type": "single",
      "resource": "samurai:samuraiironarmor/helmeticon"
    },
    {
      "type": "single",
      "resource": "samurai:samuraiironarmor/leggingsicon"
    },
    {
      "type": "single",
      "resource": "samurai:samurainetheritearmor/bootsicon"
    },
    {
      "type": "single",
      "resource": "samurai:samurainetheritearmor/chestplateicon"
    },
    {
      "type": "single",
      "resource": "samurai:samurainetheritearmor/helmeticon"
    },
    {
      "type": "single",
      "resource": "samurai:samurainetheritearmor/leggingsicon"
    }
  ]
}