{
	"format_version": "1.21.6",
	"credit": "Made with Blockbench",
	"texture_size": [64, 64],
	"textures": {
		"6": "item/galactic/pickaxe/galactic_pickaxe_red",
		"particle": "item/galactic/pickaxe/galactic_pickaxe_red"
	},
	"elements": [
		{
			"name": "blade",
			"from": [7.65, -3.98452, 7],
			"to": [8.35, 3, 9],
			"rotation": {"angle": 0, "axis": "y", "origin": [7.6375, -9.08452, 7.71299]},
			"faces": {
				"north": {"uv": [2.25, 6.75, 2.4375, 8.5], "texture": "#6"},
				"east": {"uv": [1, 4.5, 1.5, 6.25], "texture": "#6"},
				"south": {"uv": [2.5, 6.75, 2.6875, 8.5], "texture": "#6"},
				"west": {"uv": [1.5, 4.5, 2, 6.25], "texture": "#6"},
				"up": {"uv": [8.9375, 7.5, 8.75, 7], "texture": "#6"},
				"down": {"uv": [8.9375, 7.5, 8.75, 8], "texture": "#6"}
			}
		},
		{
			"name": "blade",
			"from": [7.65, 3, 7],
			"to": [8.35, 15.9, 9],
			"rotation": {"angle": 0, "axis": "y", "origin": [7.6375, 15.08452, 7.71299]},
			"faces": {
				"north": {"uv": [3, 5.75, 3.1875, 9], "texture": "#6"},
				"east": {"uv": [0, 4, 0.5, 7.25], "texture": "#6"},
				"south": {"uv": [3.25, 5.75, 3.4375, 9], "texture": "#6"},
				"west": {"uv": [0.5, 4, 1, 7.25], "texture": "#6"},
				"up": {"uv": [8.9375, 3.75, 8.75, 3.25], "texture": "#6"},
				"down": {"uv": [8.9375, 4.75, 8.75, 5.25], "texture": "#6"}
			}
		},
		{
			"name": "blade",
			"from": [7.7, 15.52256, 7.34215],
			"to": [8.3, 20.80708, 9.34215],
			"rotation": {"angle": -22.5, "axis": "x", "origin": [7.6625, 15.08452, 7.73711]},
			"faces": {
				"north": {"uv": [6.5, 8, 6.625, 9.3125], "texture": "#6"},
				"east": {"uv": [2, 4.5, 2.5, 5.8125], "texture": "#6"},
				"south": {"uv": [6.75, 8, 6.875, 9.3125], "texture": "#6"},
				"west": {"uv": [2.5, 4.5, 3, 5.8125], "texture": "#6"},
				"up": {"uv": [9.375, 9.5, 9.25, 9], "texture": "#6"},
				"down": {"uv": [0.125, 9.5, 0, 10], "texture": "#6"}
			}
		},
		{
			"name": "blade",
			"from": [7.75, 15.74223, 6.6624],
			"to": [8.25, 18.04223, 8.6624],
			"rotation": {"angle": 22.5, "axis": "x", "origin": [7.6625, 15.08452, 7.73711]},
			"faces": {
				"north": {"uv": [9.25, 2, 9.375, 2.5625], "texture": "#6"},
				"east": {"uv": [7, 6.75, 7.5, 7.3125], "texture": "#6"},
				"south": {"uv": [2.75, 9.25, 2.875, 9.8125], "texture": "#6"},
				"west": {"uv": [0, 7.25, 0.5, 7.8125], "texture": "#6"},
				"up": {"uv": [9.625, 0.5, 9.5, 0], "texture": "#6"},
				"down": {"uv": [0.375, 9.5, 0.25, 10], "texture": "#6"}
			}
		},
		{
			"name": "blade",
			"from": [7.7695, 17.02727, 7.38987],
			"to": [8.2305, 19.25827, 9.32987],
			"rotation": {"angle": -22.5, "axis": "x", "origin": [7.6, 18.14277, 8.35987]},
			"faces": {
				"north": {"uv": [4.25, 9.25, 4.375, 9.8125], "texture": "#6"},
				"east": {"uv": [0.5, 7.25, 1, 7.8125], "texture": "#6"},
				"south": {"uv": [9.25, 4.25, 9.375, 4.8125], "texture": "#6"},
				"west": {"uv": [4.5, 7.25, 5, 7.8125], "texture": "#6"},
				"up": {"uv": [9.625, 1, 9.5, 0.5], "texture": "#6"},
				"down": {"uv": [9.625, 1, 9.5, 1.5], "texture": "#6"}
			}
		},
		{
			"name": "blade",
			"from": [7.75, 20.82238, -2.82089],
			"to": [8.25, 21.83787, -0.80839],
			"rotation": {"angle": -22.5, "axis": "x", "origin": [7.7125, 15.09983, 7.77407]},
			"faces": {
				"north": {"uv": [9.75, 7.75, 9.875, 8], "texture": "#6"},
				"east": {"uv": [8, 7.5, 8.5, 7.75], "texture": "#6"},
				"south": {"uv": [9.75, 8, 9.875, 8.25], "texture": "#6"},
				"west": {"uv": [8.25, 3.75, 8.75, 4], "texture": "#6"},
				"up": {"uv": [9.625, 2.5, 9.5, 2], "texture": "#6"},
				"down": {"uv": [2.625, 9.5, 2.5, 10], "texture": "#6"}
			}
		},
		{
			"name": "blade",
			"from": [7.8, 16.38956, 0.81455],
			"to": [8.2, 18.38956, 6.09907],
			"rotation": {"angle": 45, "axis": "x", "origin": [7.6625, 16.78452, 7.73711]},
			"faces": {
				"north": {"uv": [9.5, 2.5, 9.625, 3], "texture": "#6"},
				"east": {"uv": [3, 4.5, 4.3125, 5], "texture": "#6"},
				"south": {"uv": [3, 9.5, 3.125, 10], "texture": "#6"},
				"west": {"uv": [4.5, 4.5, 5.8125, 5], "texture": "#6"},
				"up": {"uv": [7.625, 9.3125, 7.5, 8], "texture": "#6"},
				"down": {"uv": [7.875, 8, 7.75, 9.3125], "texture": "#6"}
			}
		},
		{
			"name": "blade",
			"from": [7.85, 18.99045, 0.64458],
			"to": [8.15, 20.19045, 5.9291],
			"rotation": {"angle": 22.5, "axis": "x", "origin": [7.6, 19.99045, 4.48684]},
			"faces": {
				"north": {"uv": [10, 9.5, 10.0625, 9.8125], "texture": "#6"},
				"east": {"uv": [6.5, 2, 7.8125, 2.3125], "texture": "#6"},
				"south": {"uv": [9.75, 10, 9.8125, 10.3125], "texture": "#6"},
				"west": {"uv": [6.5, 2.5, 7.8125, 2.8125], "texture": "#6"},
				"up": {"uv": [2.0625, 10.3125, 2, 9], "texture": "#6"},
				"down": {"uv": [2.3125, 9, 2.25, 10.3125], "texture": "#6"}
			}
		},
		{
			"name": "blade",
			"from": [7.9, 18.99045, 2.14458],
			"to": [8.1, 20.19045, 4.9291],
			"rotation": {"angle": 0, "axis": "y", "origin": [7.65, 19.99045, 3.48684]},
			"faces": {
				"north": {"uv": [10, 10, 10.0625, 10.3125], "texture": "#6"},
				"east": {"uv": [0, 8, 0.6875, 8.3125], "texture": "#6"},
				"south": {"uv": [0, 10.25, 0.0625, 10.5625], "texture": "#6"},
				"west": {"uv": [8, 2.25, 8.6875, 2.5625], "texture": "#6"},
				"up": {"uv": [9.8125, 2.6875, 9.75, 2], "texture": "#6"},
				"down": {"uv": [9.8125, 2.75, 9.75, 3.4375], "texture": "#6"}
			}
		},
		{
			"name": "blade",
			"from": [7.7, 25.7861, -3.2953],
			"to": [8.3, 26.80158, -2.82024],
			"rotation": {"angle": -45, "axis": "x", "origin": [7.6625, 19.86354, 7.79966]},
			"faces": {
				"north": {"uv": [9.75, 8.5, 9.875, 8.75], "texture": "#6"},
				"east": {"uv": [9.75, 8.75, 9.875, 9], "texture": "#6"},
				"south": {"uv": [9.75, 9, 9.875, 9.25], "texture": "#6"},
				"west": {"uv": [9.25, 9.75, 9.375, 10], "texture": "#6"},
				"up": {"uv": [10.375, 2.125, 10.25, 2], "texture": "#6"},
				"down": {"uv": [10.375, 2.25, 10.25, 2.375], "texture": "#6"}
			}
		},
		{
			"name": "blade",
			"from": [7.7, 24.83048, 0.96556],
			"to": [8.3, 25.34596, 8.30146],
			"rotation": {"angle": -22.5, "axis": "x", "origin": [7.6625, 18.40792, 11.06051]},
			"faces": {
				"north": {"uv": [10.25, 2.5, 10.375, 2.625], "texture": "#6"},
				"east": {"uv": [7.75, 1.5, 9.5625, 1.625], "texture": "#6"},
				"south": {"uv": [10.25, 2.75, 10.375, 2.875], "texture": "#6"},
				"west": {"uv": [7.75, 1.75, 9.5625, 1.875], "texture": "#6"},
				"up": {"uv": [7.375, 9.3125, 7.25, 7.5], "texture": "#6"},
				"down": {"uv": [1.625, 7.75, 1.5, 9.5625], "texture": "#6"}
			}
		},
		{
			"name": "blade",
			"from": [7.75, 26.02642, 10.28034],
			"to": [8.25, 26.94191, 11.43103],
			"rotation": {"angle": -45, "axis": "x", "origin": [7.6125, 19.60387, 13.2753]},
			"faces": {
				"north": {"uv": [9.75, 9.25, 9.875, 9.5], "texture": "#6"},
				"east": {"uv": [8.75, 6, 9.0625, 6.25], "texture": "#6"},
				"south": {"uv": [9.5, 9.75, 9.625, 10], "texture": "#6"},
				"west": {"uv": [9, 3.25, 9.3125, 3.5], "texture": "#6"},
				"up": {"uv": [4.125, 10.0625, 4, 9.75], "texture": "#6"},
				"down": {"uv": [9.875, 4.25, 9.75, 4.5625], "texture": "#6"}
			}
		},
		{
			"name": "blade",
			"from": [7.71937, 20.1997, -1.49198],
			"to": [8.28063, 21.85202, 6.66366],
			"rotation": {"angle": -22.5, "axis": "x", "origin": [7.65, 20.97586, 2.58584]},
			"faces": {
				"north": {"uv": [9.5, 7.75, 9.625, 8.1875], "texture": "#6"},
				"east": {"uv": [1, 4, 3.0625, 4.4375], "texture": "#6"},
				"south": {"uv": [8, 9.5, 8.125, 9.9375], "texture": "#6"},
				"west": {"uv": [3.25, 4, 5.3125, 4.4375], "texture": "#6"},
				"up": {"uv": [5.625, 9.0625, 5.5, 7], "texture": "#6"},
				"down": {"uv": [3.625, 7.5, 3.5, 9.5625], "texture": "#6"}
			}
		},
		{
			"name": "blade",
			"from": [7.7, 20.80708, 1.15465],
			"to": [8.3, 21.72256, 9.34215],
			"rotation": {"angle": -22.5, "axis": "x", "origin": [7.6625, 15.08452, 7.73711]},
			"faces": {
				"north": {"uv": [9.75, 9.5, 9.875, 9.75], "texture": "#6"},
				"east": {"uv": [6, 4.75, 8.0625, 5], "texture": "#6"},
				"south": {"uv": [9.75, 9.75, 9.875, 10], "texture": "#6"},
				"west": {"uv": [6, 5, 8.0625, 5.25], "texture": "#6"},
				"up": {"uv": [3.875, 9.5625, 3.75, 7.5], "texture": "#6"},
				"down": {"uv": [4.125, 7.5, 4, 9.5625], "texture": "#6"}
			}
		},
		{
			"name": "blade",
			"from": [7.719, 17.41346, -2.7413],
			"to": [8.281, 19.29463, -0.7813],
			"rotation": {"angle": -22.5, "axis": "x", "origin": [7.65, 18.25405, -1.7613]},
			"faces": {
				"north": {"uv": [9.5, 3, 9.625, 3.5], "texture": "#6"},
				"east": {"uv": [5.5, 4, 6, 4.5], "texture": "#6"},
				"south": {"uv": [9.5, 4.25, 9.625, 4.75], "texture": "#6"},
				"west": {"uv": [6.5, 7.5, 7, 8], "texture": "#6"},
				"up": {"uv": [9.625, 5.25, 9.5, 4.75], "texture": "#6"},
				"down": {"uv": [9.625, 5.25, 9.5, 5.75], "texture": "#6"}
			}
		},
		{
			"name": "blade",
			"from": [7.7, 24.83048, 10.30146],
			"to": [8.3, 25.34596, 11.66556],
			"rotation": {"angle": -22.5, "axis": "x", "origin": [7.6625, 18.40792, 11.06051]},
			"faces": {
				"north": {"uv": [10.25, 3, 10.375, 3.125], "texture": "#6"},
				"east": {"uv": [4.5, 9.75, 4.8125, 9.875], "texture": "#6"},
				"south": {"uv": [10.25, 3.25, 10.375, 3.375], "texture": "#6"},
				"west": {"uv": [9.75, 4.75, 10.0625, 4.875], "texture": "#6"},
				"up": {"uv": [5.125, 10.0625, 5, 9.75], "texture": "#6"},
				"down": {"uv": [9.875, 5, 9.75, 5.3125], "texture": "#6"}
			}
		},
		{
			"name": "blade",
			"from": [7.7, 24.33048, 8.30146],
			"to": [8.3, 25.34596, 10.30146],
			"rotation": {"angle": -22.5, "axis": "x", "origin": [7.6625, 18.40792, 11.06051]},
			"faces": {
				"north": {"uv": [0, 10, 0.125, 10.25], "texture": "#6"},
				"east": {"uv": [8.5, 3, 9, 3.25], "texture": "#6"},
				"south": {"uv": [10, 0, 10.125, 0.25], "texture": "#6"},
				"west": {"uv": [8.5, 6.25, 9, 6.5], "texture": "#6"},
				"up": {"uv": [9.625, 6.25, 9.5, 5.75], "texture": "#6"},
				"down": {"uv": [6.125, 9.5, 6, 10], "texture": "#6"}
			}
		},
		{
			"name": "blade",
			"from": [7.75, 26.02642, 11.43103],
			"to": [8.25, 26.54191, 13.88034],
			"rotation": {"angle": -45, "axis": "x", "origin": [7.6125, 19.60387, 13.2753]},
			"faces": {
				"north": {"uv": [10.25, 3.5, 10.375, 3.625], "texture": "#6"},
				"east": {"uv": [9, 3.5, 9.625, 3.625], "texture": "#6"},
				"south": {"uv": [10.25, 3.75, 10.375, 3.875], "texture": "#6"},
				"west": {"uv": [9, 4, 9.625, 4.125], "texture": "#6"},
				"up": {"uv": [3.375, 9.625, 3.25, 9], "texture": "#6"},
				"down": {"uv": [9.125, 4.25, 9, 4.875], "texture": "#6"}
			}
		},
		{
			"name": "blade",
			"from": [7.7, 25.9861, -2.82024],
			"to": [8.3, 26.80158, 2.4047],
			"rotation": {"angle": -45, "axis": "x", "origin": [7.6625, 19.86354, 7.79966]},
			"faces": {
				"north": {"uv": [4.25, 10, 4.375, 10.1875], "texture": "#6"},
				"east": {"uv": [7.5, 4.5, 8.8125, 4.6875], "texture": "#6"},
				"south": {"uv": [10, 4.25, 10.125, 4.4375], "texture": "#6"},
				"west": {"uv": [7.5, 6.75, 8.8125, 6.9375], "texture": "#6"},
				"up": {"uv": [8.125, 9.3125, 8, 8], "texture": "#6"},
				"down": {"uv": [8.375, 0, 8.25, 1.3125], "texture": "#6"}
			}
		},
		{
			"name": "blade",
			"from": [7.9, 21.3379, 7.20597],
			"to": [8.1, 24.12242, 8.10597],
			"rotation": {"angle": 0, "axis": "y", "origin": [7.64375, 22.08529, 7.18171]},
			"faces": {
				"north": {"uv": [3.25, 9.75, 3.3125, 10.4375], "texture": "#6"},
				"east": {"uv": [4.75, 8, 5, 8.6875], "texture": "#6"},
				"south": {"uv": [3.5, 9.75, 3.5625, 10.4375], "texture": "#6"},
				"west": {"uv": [5.75, 8, 6, 8.6875], "texture": "#6"},
				"up": {"uv": [4.0625, 10.5, 4, 10.25], "texture": "#6"},
				"down": {"uv": [10.3125, 4, 10.25, 4.25], "texture": "#6"}
			}
		},
		{
			"name": "blade",
			"from": [7.7875, 20.27958, 5.38658],
			"to": [8.1875, 22.27958, 8.5711],
			"rotation": {"angle": 45, "axis": "x", "origin": [7.64375, 22.18529, 7.38171]},
			"faces": {
				"north": {"uv": [6.25, 9.5, 6.375, 10], "texture": "#6"},
				"east": {"uv": [6.5, 5.25, 7.3125, 5.75], "texture": "#6"},
				"south": {"uv": [9.5, 6.25, 9.625, 6.75], "texture": "#6"},
				"west": {"uv": [6.5, 5.75, 7.3125, 6.25], "texture": "#6"},
				"up": {"uv": [4.625, 9.5625, 4.5, 8.75], "texture": "#6"},
				"down": {"uv": [4.875, 8.75, 4.75, 9.5625], "texture": "#6"}
			}
		},
		{
			"name": "blade",
			"from": [7.85, 18.49011, 6.57036],
			"to": [8.15, 24.07463, 7.97036],
			"rotation": {"angle": -22.5, "axis": "x", "origin": [7.64375, 22.18529, 7.3571]},
			"faces": {
				"north": {"uv": [1.25, 9, 1.3125, 10.375], "texture": "#6"},
				"east": {"uv": [4.5, 5.75, 4.875, 7.125], "texture": "#6"},
				"south": {"uv": [1.75, 9, 1.8125, 10.375], "texture": "#6"},
				"west": {"uv": [6, 5.25, 6.375, 6.625], "texture": "#6"},
				"up": {"uv": [4.5625, 10.375, 4.5, 10], "texture": "#6"},
				"down": {"uv": [4.8125, 10, 4.75, 10.375], "texture": "#6"}
			}
		},
		{
			"name": "blade",
			"from": [7.7745, 20.48619, 6.74086],
			"to": [8.2255, 21.64619, 12.08091],
			"rotation": {"angle": -22.5, "axis": "x", "origin": [7.65, 21.51619, 9.41088]},
			"faces": {
				"north": {"uv": [5.25, 9.75, 5.375, 10.0625], "texture": "#6"},
				"east": {"uv": [6.5, 3, 7.8125, 3.3125], "texture": "#6"},
				"south": {"uv": [5.5, 9.75, 5.625, 10.0625], "texture": "#6"},
				"west": {"uv": [6.5, 3.5, 7.8125, 3.8125], "texture": "#6"},
				"up": {"uv": [8.375, 6.0625, 8.25, 4.75], "texture": "#6"},
				"down": {"uv": [8.375, 8, 8.25, 9.3125], "texture": "#6"}
			}
		},
		{
			"name": "blade",
			"from": [7.909, 18.23316, 8.94186],
			"to": [8.091, 21.05999, 9.92186],
			"rotation": {"angle": 22.5, "axis": "x", "origin": [7.65, 19.64657, 9.43186]},
			"faces": {
				"north": {"uv": [9.75, 3.5, 9.8125, 4.1875], "texture": "#6"},
				"east": {"uv": [6, 8, 6.25, 8.6875], "texture": "#6"},
				"south": {"uv": [3.75, 9.75, 3.8125, 10.4375], "texture": "#6"},
				"west": {"uv": [6.25, 8, 6.5, 8.6875], "texture": "#6"},
				"up": {"uv": [4.3125, 10.5, 4.25, 10.25], "texture": "#6"},
				"down": {"uv": [10.3125, 4.25, 10.25, 4.5], "texture": "#6"}
			}
		},
		{
			"name": "blade",
			"from": [7.83, 18.40287, 8.9846],
			"to": [8.17, 22.13077, 9.9206],
			"rotation": {"angle": 45, "axis": "x", "origin": [7.65, 20.26682, 9.4526]},
			"faces": {
				"north": {"uv": [7.5, 9.5, 7.5625, 10.4375], "texture": "#6"},
				"east": {"uv": [4.25, 7.5, 4.5, 8.4375], "texture": "#6"},
				"south": {"uv": [7.75, 9.5, 7.8125, 10.4375], "texture": "#6"},
				"west": {"uv": [7, 7.5, 7.25, 8.4375], "texture": "#6"},
				"up": {"uv": [10.3125, 4.75, 10.25, 4.5], "texture": "#6"},
				"down": {"uv": [10.3125, 4.75, 10.25, 5], "texture": "#6"}
			}
		},
		{
			"name": "blade",
			"from": [7.845, 20.05707, 9.94538],
			"to": [8.155, 20.76407, 15.58574],
			"rotation": {"angle": 22.5, "axis": "x", "origin": [7.65, 20.41057, 12.76556]},
			"faces": {
				"north": {"uv": [10.5, 0.25, 10.5625, 0.4375], "texture": "#6"},
				"east": {"uv": [7.5, 4, 8.9375, 4.1875], "texture": "#6"},
				"south": {"uv": [0.5, 10.5, 0.5625, 10.6875], "texture": "#6"},
				"west": {"uv": [7.5, 4.25, 8.9375, 4.4375], "texture": "#6"},
				"up": {"uv": [0.8125, 10.4375, 0.75, 9], "texture": "#6"},
				"down": {"uv": [1.0625, 9, 1, 10.4375], "texture": "#6"}
			}
		},
		{
			"name": "blade",
			"from": [7.9, 19.80208, 9.80448],
			"to": [8.1, 21.40208, 14.58899],
			"rotation": {"angle": 0, "axis": "y", "origin": [7.65, 20.61696, 14.0921]},
			"faces": {
				"north": {"uv": [10, 5, 10.0625, 5.375], "texture": "#6"},
				"east": {"uv": [6.5, 0, 7.6875, 0.375], "texture": "#6"},
				"south": {"uv": [10, 5.5, 10.0625, 5.875], "texture": "#6"},
				"west": {"uv": [6.5, 0.5, 7.6875, 0.875], "texture": "#6"},
				"up": {"uv": [9.0625, 7.4375, 9, 6.25], "texture": "#6"},
				"down": {"uv": [9.0625, 7.5, 9, 8.6875], "texture": "#6"}
			}
		},
		{
			"name": "blade",
			"from": [7.85995, 19.03758, 15.21249],
			"to": [8.14005, 19.91967, 15.78538],
			"rotation": {"angle": 0, "axis": "y", "origin": [7.65, 19.47863, 15.49894]},
			"faces": {
				"north": {"uv": [5, 10.25, 5.0625, 10.5], "texture": "#6"},
				"east": {"uv": [0.25, 10, 0.375, 10.25], "texture": "#6"},
				"south": {"uv": [10.25, 5, 10.3125, 5.25], "texture": "#6"},
				"west": {"uv": [10, 0.25, 10.125, 0.5], "texture": "#6"},
				"up": {"uv": [2.0625, 10.625, 2, 10.5], "texture": "#6"},
				"down": {"uv": [10.5625, 2, 10.5, 2.125], "texture": "#6"}
			}
		},
		{
			"name": "blade",
			"from": [7.855, 19.67831, 14.25246],
			"to": [8.145, 20.56931, 15.52413],
			"rotation": {"angle": -22.5, "axis": "x", "origin": [7.65, 20.46518, 15.03831]},
			"faces": {
				"north": {"uv": [5.25, 10.25, 5.3125, 10.5], "texture": "#6"},
				"east": {"uv": [9, 5, 9.3125, 5.25], "texture": "#6"},
				"south": {"uv": [10.25, 5.25, 10.3125, 5.5], "texture": "#6"},
				"west": {"uv": [9, 5.25, 9.3125, 5.5], "texture": "#6"},
				"up": {"uv": [10.3125, 0.3125, 10.25, 0], "texture": "#6"},
				"down": {"uv": [0.3125, 10.25, 0.25, 10.5625], "texture": "#6"}
			}
		},
		{
			"name": "blade",
			"from": [7.84005, 20.04876, 13.76965],
			"to": [8.15995, 20.96667, 15.3857],
			"rotation": {"angle": -45, "axis": "x", "origin": [7.65, 20.50771, 14.57768]},
			"faces": {
				"north": {"uv": [5.5, 10.25, 5.5625, 10.5], "texture": "#6"},
				"east": {"uv": [8.5, 6.5, 8.875, 6.75], "texture": "#6"},
				"south": {"uv": [10.25, 5.5, 10.3125, 5.75], "texture": "#6"},
				"west": {"uv": [8.75, 3.75, 9.125, 4], "texture": "#6"},
				"up": {"uv": [6.0625, 10.375, 6, 10], "texture": "#6"},
				"down": {"uv": [10.0625, 6, 10, 6.375], "texture": "#6"}
			}
		},
		{
			"name": "blade",
			"from": [7.855, 20.86631, 14.76561],
			"to": [8.145, 21.75731, 15.34429],
			"rotation": {"angle": -22.5, "axis": "x", "origin": [7.65, 20.46518, 15.03831]},
			"faces": {
				"north": {"uv": [10.25, 5.75, 10.3125, 6], "texture": "#6"},
				"east": {"uv": [10, 0.5, 10.125, 0.75], "texture": "#6"},
				"south": {"uv": [10.25, 6, 10.3125, 6.25], "texture": "#6"},
				"west": {"uv": [10, 0.75, 10.125, 1], "texture": "#6"},
				"up": {"uv": [2.3125, 10.625, 2.25, 10.5], "texture": "#6"},
				"down": {"uv": [10.5625, 2.25, 10.5, 2.375], "texture": "#6"}
			}
		},
		{
			"name": "blade",
			"from": [7.855, 21.00623, 14.44036],
			"to": [8.145, 21.89723, 15.01903],
			"rotation": {"angle": 0, "axis": "y", "origin": [7.65, 20.46518, 15.03831]},
			"faces": {
				"north": {"uv": [10.25, 6.25, 10.3125, 6.5], "texture": "#6"},
				"east": {"uv": [10, 1, 10.125, 1.25], "texture": "#6"},
				"south": {"uv": [10.25, 6.5, 10.3125, 6.75], "texture": "#6"},
				"west": {"uv": [10, 1.25, 10.125, 1.5], "texture": "#6"},
				"up": {"uv": [2.5625, 10.625, 2.5, 10.5], "texture": "#6"},
				"down": {"uv": [10.5625, 2.5, 10.5, 2.625], "texture": "#6"}
			}
		},
		{
			"name": "blade",
			"from": [7.85, 20.3686, 10.44857],
			"to": [8.15, 22.7686, 14.43309],
			"rotation": {"angle": 22.5, "axis": "x", "origin": [7.65, 20.41696, 14.0921]},
			"faces": {
				"north": {"uv": [9.75, 5.5, 9.8125, 6.125], "texture": "#6"},
				"east": {"uv": [3, 5, 4, 5.625], "texture": "#6"},
				"south": {"uv": [5.75, 9.75, 5.8125, 10.375], "texture": "#6"},
				"west": {"uv": [4, 5, 5, 5.625], "texture": "#6"},
				"up": {"uv": [6.5625, 10.5, 6.5, 9.5], "texture": "#6"},
				"down": {"uv": [6.8125, 9.5, 6.75, 10.5], "texture": "#6"}
			}
		},
		{
			"name": "blade",
			"from": [7.84, 21.84573, 15.24849],
			"to": [8.16, 22.44193, 16.87849],
			"rotation": {"angle": 0, "axis": "y", "origin": [7.65, 22.14874, 16.23877]},
			"faces": {
				"north": {"uv": [2.75, 10.5, 2.8125, 10.625], "texture": "#6"},
				"east": {"uv": [9.25, 3.75, 9.6875, 3.875], "texture": "#6"},
				"south": {"uv": [10.5, 2.75, 10.5625, 2.875], "texture": "#6"},
				"west": {"uv": [9.5, 8.25, 9.9375, 8.375], "texture": "#6"},
				"up": {"uv": [2.5625, 10.4375, 2.5, 10], "texture": "#6"},
				"down": {"uv": [2.8125, 10, 2.75, 10.4375], "texture": "#6"}
			}
		},
		{
			"name": "blade",
			"from": [7.8502, 22.00465, 16.73865],
			"to": [8.1498, 22.58893, 17.63829],
			"rotation": {"angle": -22.5, "axis": "x", "origin": [7.65, 22.29679, 17.18847]},
			"faces": {
				"north": {"uv": [3, 10.5, 3.0625, 10.625], "texture": "#6"},
				"east": {"uv": [1.5, 10, 1.75, 10.125], "texture": "#6"},
				"south": {"uv": [10.5, 3, 10.5625, 3.125], "texture": "#6"},
				"west": {"uv": [10, 1.5, 10.25, 1.625], "texture": "#6"},
				"up": {"uv": [10.3125, 7, 10.25, 6.75], "texture": "#6"},
				"down": {"uv": [10.3125, 7, 10.25, 7.25], "texture": "#6"}
			}
		},
		{
			"name": "blade",
			"from": [7.86, 22.6518, 16.12837],
			"to": [8.14, 23.81263, 17.01037],
			"rotation": {"angle": 45, "axis": "x", "origin": [7.65, 22.75252, 15.92752]},
			"faces": {
				"north": {"uv": [10.25, 0.5, 10.3125, 0.8125], "texture": "#6"},
				"east": {"uv": [6, 9, 6.25, 9.3125], "texture": "#6"},
				"south": {"uv": [10.25, 1, 10.3125, 1.3125], "texture": "#6"},
				"west": {"uv": [6.25, 9, 6.5, 9.3125], "texture": "#6"},
				"up": {"uv": [10.3125, 7.5, 10.25, 7.25], "texture": "#6"},
				"down": {"uv": [10.3125, 7.5, 10.25, 7.75], "texture": "#6"}
			}
		},
		{
			"name": "blade",
			"from": [7.8502, 22.01961, 15.66479],
			"to": [8.1498, 23.6035, 16.56443],
			"rotation": {"angle": 22.5, "axis": "x", "origin": [7.65, 22.81155, 16.11461]},
			"faces": {
				"north": {"uv": [6.25, 10, 6.3125, 10.375], "texture": "#6"},
				"east": {"uv": [5, 8.75, 5.25, 9.125], "texture": "#6"},
				"south": {"uv": [10, 6.5, 10.0625, 6.875], "texture": "#6"},
				"west": {"uv": [5.25, 8.75, 5.5, 9.125], "texture": "#6"},
				"up": {"uv": [10.3125, 8, 10.25, 7.75], "texture": "#6"},
				"down": {"uv": [10.3125, 8, 10.25, 8.25], "texture": "#6"}
			}
		},
		{
			"name": "blade",
			"from": [7.86, 22.04177, 14.25245],
			"to": [8.14, 23.69259, 16.01645],
			"rotation": {"angle": 0, "axis": "y", "origin": [7.65, 22.75252, 15.92752]},
			"faces": {
				"north": {"uv": [10, 2.75, 10.0625, 3.1875], "texture": "#6"},
				"east": {"uv": [1.75, 8, 2.1875, 8.4375], "texture": "#6"},
				"south": {"uv": [3, 10, 3.0625, 10.4375], "texture": "#6"},
				"west": {"uv": [8, 2.75, 8.4375, 3.1875], "texture": "#6"},
				"up": {"uv": [10.0625, 3.6875, 10, 3.25], "texture": "#6"},
				"down": {"uv": [10.0625, 3.75, 10, 4.1875], "texture": "#6"}
			}
		},
		{
			"name": "blade",
			"from": [7.85995, 23.54335, 13.66329],
			"to": [8.14005, 25.91549, 16.00633],
			"rotation": {"angle": 45, "axis": "x", "origin": [7.65, 25.22942, 14.98481]},
			"faces": {
				"north": {"uv": [9.75, 6.25, 9.8125, 6.8125], "texture": "#6"},
				"east": {"uv": [6.75, 4, 7.3125, 4.5625], "texture": "#6"},
				"south": {"uv": [7, 9.75, 7.0625, 10.3125], "texture": "#6"},
				"west": {"uv": [1, 7, 1.5625, 7.5625], "texture": "#6"},
				"up": {"uv": [9.8125, 7.5625, 9.75, 7], "texture": "#6"},
				"down": {"uv": [8.5625, 9.75, 8.5, 10.3125], "texture": "#6"}
			}
		},
		{
			"name": "blade",
			"from": [7.855, 24.73784, 15.69411],
			"to": [8.145, 26.10851, 17.57511],
			"rotation": {"angle": -22.5, "axis": "x", "origin": [7.65, 24.94571, 15.96687]},
			"faces": {
				"north": {"uv": [1.5, 10.25, 1.5625, 10.5625], "texture": "#6"},
				"east": {"uv": [1, 8.5, 1.5, 8.8125], "texture": "#6"},
				"south": {"uv": [10.25, 1.5, 10.3125, 1.8125], "texture": "#6"},
				"west": {"uv": [8.5, 1, 9, 1.3125], "texture": "#6"},
				"up": {"uv": [10.0625, 2.25, 10, 1.75], "texture": "#6"},
				"down": {"uv": [10.0625, 2.25, 10, 2.75], "texture": "#6"}
			}
		},
		{
			"name": "blade",
			"from": [7.85, 25.84473, 13.74725],
			"to": [8.15, 26.62925, 18.44725],
			"rotation": {"angle": 0, "axis": "y", "origin": [7.65, 23.92861, 12.64093]},
			"faces": {
				"north": {"uv": [10.5, 0.5, 10.5625, 0.6875], "texture": "#6"},
				"east": {"uv": [7.5, 7.75, 8.6875, 7.9375], "texture": "#6"},
				"south": {"uv": [0.75, 10.5, 0.8125, 10.6875], "texture": "#6"},
				"west": {"uv": [8, 2, 9.1875, 2.1875], "texture": "#6"},
				"up": {"uv": [8.8125, 10.1875, 8.75, 9], "texture": "#6"},
				"down": {"uv": [9.0625, 8.75, 9, 9.9375], "texture": "#6"}
			}
		},
		{
			"name": "blade",
			"from": [7.845, 25.90331, 18.16055],
			"to": [8.155, 26.51131, 18.65091],
			"rotation": {"angle": 45, "axis": "x", "origin": [7.65, 26.20731, 18.45573]},
			"faces": {
				"north": {"uv": [3.25, 10.5, 3.3125, 10.625], "texture": "#6"},
				"east": {"uv": [10.25, 8.25, 10.375, 8.375], "texture": "#6"},
				"south": {"uv": [10.5, 3.25, 10.5625, 3.375], "texture": "#6"},
				"west": {"uv": [10.25, 8.5, 10.375, 8.625], "texture": "#6"},
				"up": {"uv": [3.5625, 10.625, 3.5, 10.5], "texture": "#6"},
				"down": {"uv": [10.5625, 3.5, 10.5, 3.625], "texture": "#6"}
			}
		},
		{
			"name": "blade",
			"from": [7.855, 24.73784, 17.57511],
			"to": [8.145, 25.41551, 18.56611],
			"rotation": {"angle": -22.5, "axis": "x", "origin": [7.65, 24.94571, 15.96687]},
			"faces": {
				"north": {"uv": [10.5, 0.75, 10.5625, 0.9375], "texture": "#6"},
				"east": {"uv": [8.5, 2.75, 8.75, 2.9375], "texture": "#6"},
				"south": {"uv": [1, 10.5, 1.0625, 10.6875], "texture": "#6"},
				"west": {"uv": [9, 5.5, 9.25, 5.6875], "texture": "#6"},
				"up": {"uv": [8.8125, 10.5, 8.75, 10.25], "texture": "#6"},
				"down": {"uv": [10.3125, 8.75, 10.25, 9], "texture": "#6"}
			}
		},
		{
			"name": "blade",
			"from": [7.844, 22.68092, 11.59706],
			"to": [8.156, 26.73692, 12.47086],
			"rotation": {"angle": 45, "axis": "x", "origin": [8, 24.70892, 12.03396]},
			"faces": {
				"north": {"uv": [9.5, 6.75, 9.5625, 7.75], "texture": "#6"},
				"east": {"uv": [2.75, 7.75, 2.9375, 8.75], "texture": "#6"},
				"south": {"uv": [7.25, 9.5, 7.3125, 10.5], "texture": "#6"},
				"west": {"uv": [0.75, 8, 0.9375, 9], "texture": "#6"},
				"up": {"uv": [10.5625, 1.1875, 10.5, 1], "texture": "#6"},
				"down": {"uv": [1.3125, 10.5, 1.25, 10.6875], "texture": "#6"}
			}
		},
		{
			"name": "blade",
			"from": [7.865, 21.57178, 6.9451],
			"to": [8.135, 23.10877, 11.6981],
			"rotation": {"angle": -22.5, "axis": "x", "origin": [7.65, 22.34027, 9.3216]},
			"faces": {
				"north": {"uv": [10, 7, 10.0625, 7.375], "texture": "#6"},
				"east": {"uv": [6.5, 1, 7.6875, 1.375], "texture": "#6"},
				"south": {"uv": [10, 7.5, 10.0625, 7.875], "texture": "#6"},
				"west": {"uv": [6.5, 1.5, 7.6875, 1.875], "texture": "#6"},
				"up": {"uv": [9.3125, 1.1875, 9.25, 0], "texture": "#6"},
				"down": {"uv": [0.5625, 9.25, 0.5, 10.4375], "texture": "#6"}
			}
		},
		{
			"name": "blade",
			"from": [7.95, 22.4216, 7.93039],
			"to": [8.05, 23.00611, 8.53039],
			"rotation": {"angle": 22.5, "axis": "x", "origin": [7.65, 22.71386, 8.23039]},
			"faces": {
				"north": {"uv": [3.75, 10.5, 3.8125, 10.625], "texture": "#6"},
				"east": {"uv": [10.25, 9, 10.375, 9.125], "texture": "#6"},
				"south": {"uv": [10.5, 3.75, 10.5625, 3.875], "texture": "#6"},
				"west": {"uv": [10.25, 9.25, 10.375, 9.375], "texture": "#6"},
				"up": {"uv": [4.0625, 10.625, 4, 10.5], "texture": "#6"},
				"down": {"uv": [10.5625, 4, 10.5, 4.125], "texture": "#6"}
			}
		},
		{
			"name": "blade",
			"from": [7.855, 22.45461, 12.33126],
			"to": [8.145, 23.94061, 15.49493],
			"rotation": {"angle": 22.5, "axis": "x", "origin": [7.65, 24.99243, 15.82271]},
			"faces": {
				"north": {"uv": [8, 10, 8.0625, 10.375], "texture": "#6"},
				"east": {"uv": [3.5, 7, 4.3125, 7.375], "texture": "#6"},
				"south": {"uv": [10, 8, 10.0625, 8.375], "texture": "#6"},
				"west": {"uv": [7, 6.25, 7.8125, 6.625], "texture": "#6"},
				"up": {"uv": [8.3125, 10.3125, 8.25, 9.5], "texture": "#6"},
				"down": {"uv": [9.5625, 8.5, 9.5, 9.3125], "texture": "#6"}
			}
		},
		{
			"name": "blade",
			"from": [7.9, 18.67758, 10.50597],
			"to": [8.1, 20.0621, 11.50597],
			"rotation": {"angle": 45, "axis": "x", "origin": [7.64375, 21.02361, 10.63474]},
			"faces": {
				"north": {"uv": [10, 8.5, 10.0625, 8.875], "texture": "#6"},
				"east": {"uv": [8.75, 5.25, 9, 5.625], "texture": "#6"},
				"south": {"uv": [9, 10, 9.0625, 10.375], "texture": "#6"},
				"west": {"uv": [5.75, 8.75, 6, 9.125], "texture": "#6"},
				"up": {"uv": [9.5625, 10.5, 9.5, 10.25], "texture": "#6"},
				"down": {"uv": [10.3125, 9.5, 10.25, 9.75], "texture": "#6"}
			}
		},
		{
			"name": "blade",
			"from": [7.891, 19.53777, 9.94282],
			"to": [8.109, 20.55777, 11.35503],
			"rotation": {"angle": -22.5, "axis": "x", "origin": [7.65, 20.04777, 10.64892]},
			"faces": {
				"north": {"uv": [10.25, 9.75, 10.3125, 10], "texture": "#6"},
				"east": {"uv": [8.75, 5.75, 9.125, 6], "texture": "#6"},
				"south": {"uv": [10.25, 10, 10.3125, 10.25], "texture": "#6"},
				"west": {"uv": [6, 8.75, 6.375, 9], "texture": "#6"},
				"up": {"uv": [10.0625, 9.375, 10, 9], "texture": "#6"},
				"down": {"uv": [9.3125, 10, 9.25, 10.375], "texture": "#6"}
			}
		},
		{
			"name": "blade",
			"from": [7.8451, 21.35439, 14.7368],
			"to": [8.1549, 21.94068, 15.45179],
			"rotation": {"angle": -22.5, "axis": "x", "origin": [7.65, 21.64754, 14.1044]},
			"faces": {
				"north": {"uv": [4.25, 10.5, 4.3125, 10.625], "texture": "#6"},
				"east": {"uv": [10, 4.5, 10.1875, 4.625], "texture": "#6"},
				"south": {"uv": [10.5, 4.25, 10.5625, 4.375], "texture": "#6"},
				"west": {"uv": [9.5, 10, 9.6875, 10.125], "texture": "#6"},
				"up": {"uv": [10.5625, 1.4375, 10.5, 1.25], "texture": "#6"},
				"down": {"uv": [10.5625, 1.5, 10.5, 1.6875], "texture": "#6"}
			}
		},
		{
			"name": "blade",
			"from": [7.8747, 25.59604, 13.29479],
			"to": [8.1253, 26.53193, 13.96021],
			"rotation": {"angle": -22.5, "axis": "x", "origin": [7.65, 26.06399, 13.6275]},
			"faces": {
				"north": {"uv": [10.25, 10.25, 10.3125, 10.5], "texture": "#6"},
				"east": {"uv": [9.25, 1.25, 9.4375, 1.5], "texture": "#6"},
				"south": {"uv": [10.5, 0, 10.5625, 0.25], "texture": "#6"},
				"west": {"uv": [9.25, 9.5, 9.4375, 9.75], "texture": "#6"},
				"up": {"uv": [1.8125, 10.6875, 1.75, 10.5], "texture": "#6"},
				"down": {"uv": [10.5625, 1.75, 10.5, 1.9375], "texture": "#6"}
			}
		},
		{
			"name": "blade",
			"from": [8, 16, 13.72461],
			"to": [8, 32, 26.72461],
			"rotation": {"angle": 0, "axis": "y", "origin": [7, 25, 13.72461]},
			"faces": {
				"north": {"uv": [0, 0, 0, 4], "texture": "#6"},
				"east": {"uv": [0, 0, 3.25, 4], "texture": "#6"},
				"south": {"uv": [0, 0, 0, 4], "texture": "#6"},
				"west": {"uv": [3.25, 0, 6.5, 4], "texture": "#6"},
				"up": {"uv": [0, 3.25, 0, 0], "texture": "#6"},
				"down": {"uv": [0, 0, 0, 3.25], "texture": "#6"}
			}
		},
		{
			"name": "handle",
			"from": [7.49443, -6.93892, 7.06108],
			"to": [8.50558, -2.2443, 8.93893],
			"rotation": {"angle": 0, "axis": "y", "origin": [8, -6, 8]},
			"faces": {
				"north": {"uv": [6, 6.75, 6.25, 7.9375], "texture": "#6"},
				"east": {"uv": [3.5, 5.75, 4, 6.9375], "texture": "#6"},
				"south": {"uv": [6.25, 6.75, 6.5, 7.9375], "texture": "#6"},
				"west": {"uv": [4, 5.75, 4.5, 6.9375], "texture": "#6"},
				"up": {"uv": [2, 6.75, 1.75, 6.25], "texture": "#6"},
				"down": {"uv": [3, 8.75, 2.75, 9.25], "texture": "#6"}
			}
		},
		{
			"name": "handle",
			"from": [8.5778, -6.43373, 9.52331],
			"to": [7.4222, -9.48036, 6.47669],
			"rotation": {"angle": -45, "axis": "x", "origin": [6.8444, -7.95704, 8]},
			"faces": {
				"north": {"uv": [7.5, 7, 7.8125, 7.75], "texture": "#6"},
				"east": {"uv": [2, 6, 2.75, 6.75], "texture": "#6"},
				"south": {"uv": [7.75, 0, 8.0625, 0.75], "texture": "#6"},
				"west": {"uv": [6, 4, 6.75, 4.75], "texture": "#6"},
				"up": {"uv": [8.0625, 1.5, 7.75, 0.75], "texture": "#6"},
				"down": {"uv": [1.3125, 7.75, 1, 8.5], "texture": "#6"}
			}
		},
		{
			"name": "handle",
			"from": [8.5778, -2.126, 9.04484],
			"to": [7.4222, -7.0347, 6.95516],
			"rotation": {"angle": 0, "axis": "y", "origin": [6.8444, -4.6179, 8]},
			"faces": {
				"north": {"uv": [6.5, 6.25, 6.8125, 7.5], "texture": "#6"},
				"east": {"uv": [5, 5, 5.5, 6.25], "texture": "#6"},
				"south": {"uv": [1.75, 6.75, 2.0625, 8], "texture": "#6"},
				"west": {"uv": [5.5, 5, 6, 6.25], "texture": "#6"},
				"up": {"uv": [2.0625, 9, 1.75, 8.5], "texture": "#6"},
				"down": {"uv": [2.5625, 8.5, 2.25, 9], "texture": "#6"}
			}
		},
		{
			"name": "handle",
			"from": [7.58832, 3.61987, 7.59161],
			"to": [8.41168, 5.13664, 9.40839],
			"rotation": {"angle": -45, "axis": "x", "origin": [8, 5.02826, 8]},
			"faces": {
				"north": {"uv": [9.25, 2.75, 9.4375, 3.125], "texture": "#6"},
				"east": {"uv": [8, 6.25, 8.4375, 6.625], "texture": "#6"},
				"south": {"uv": [5, 9.25, 5.1875, 9.625], "texture": "#6"},
				"west": {"uv": [8, 7, 8.4375, 7.375], "texture": "#6"},
				"up": {"uv": [9.1875, 0.9375, 9, 0.5], "texture": "#6"},
				"down": {"uv": [9.1875, 1, 9, 1.4375], "texture": "#6"}
			}
		},
		{
			"name": "handle",
			"from": [7.58832, -2.68013, 6.69161],
			"to": [8.41168, -1.16336, 9.40839],
			"rotation": {"angle": -45, "axis": "x", "origin": [8, -1.27174, 8]},
			"faces": {
				"north": {"uv": [9.25, 6, 9.4375, 6.375], "texture": "#6"},
				"east": {"uv": [7.5, 5.25, 8.1875, 5.625], "texture": "#6"},
				"south": {"uv": [9.25, 6.5, 9.4375, 6.875], "texture": "#6"},
				"west": {"uv": [7.5, 5.75, 8.1875, 6.125], "texture": "#6"},
				"up": {"uv": [8.6875, 8.6875, 8.5, 8], "texture": "#6"},
				"down": {"uv": [8.9375, 2.25, 8.75, 2.9375], "texture": "#6"}
			}
		},
		{
			"name": "handle",
			"from": [7.59243, 3.70012, 8.62197],
			"to": [8.40757, 5.30073, 9.72758],
			"rotation": {"angle": 22.5, "axis": "x", "origin": [8, 4.50042, 9.17477]},
			"faces": {
				"north": {"uv": [7, 9.25, 7.1875, 9.625], "texture": "#6"},
				"east": {"uv": [8.75, 8, 9, 8.375], "texture": "#6"},
				"south": {"uv": [9.25, 7, 9.4375, 7.375], "texture": "#6"},
				"west": {"uv": [8.5, 8.75, 8.75, 9.125], "texture": "#6"},
				"up": {"uv": [9.6875, 9.75, 9.5, 9.5], "texture": "#6"},
				"down": {"uv": [9.9375, 0, 9.75, 0.25], "texture": "#6"}
			}
		},
		{
			"name": "handle",
			"from": [7.59243, 1.60012, 8.62197],
			"to": [8.40757, 3.20073, 9.72758],
			"rotation": {"angle": 22.5, "axis": "x", "origin": [8, 2.40042, 9.17477]},
			"faces": {
				"north": {"uv": [9.25, 7.5, 9.4375, 7.875], "texture": "#6"},
				"east": {"uv": [8.75, 8.5, 9, 8.875], "texture": "#6"},
				"south": {"uv": [9.25, 8, 9.4375, 8.375], "texture": "#6"},
				"west": {"uv": [0, 9, 0.25, 9.375], "texture": "#6"},
				"up": {"uv": [9.9375, 0.5, 9.75, 0.25], "texture": "#6"},
				"down": {"uv": [9.9375, 0.5, 9.75, 0.75], "texture": "#6"}
			}
		},
		{
			"name": "handle",
			"from": [7.59243, -0.49988, 8.62197],
			"to": [8.40757, 1.10073, 9.72758],
			"rotation": {"angle": 22.5, "axis": "x", "origin": [8, 0.30042, 9.17477]},
			"faces": {
				"north": {"uv": [8.5, 9.25, 8.6875, 9.625], "texture": "#6"},
				"east": {"uv": [9, 0, 9.25, 0.375], "texture": "#6"},
				"south": {"uv": [9.25, 8.5, 9.4375, 8.875], "texture": "#6"},
				"west": {"uv": [0.25, 9, 0.5, 9.375], "texture": "#6"},
				"up": {"uv": [9.9375, 1, 9.75, 0.75], "texture": "#6"},
				"down": {"uv": [9.9375, 1, 9.75, 1.25], "texture": "#6"}
			}
		},
		{
			"name": "handle",
			"from": [7.59655, -1.47948, 7.64975],
			"to": [8.40345, 4.79496, 9.13619],
			"rotation": {"angle": 0, "axis": "y", "origin": [8, 3.75774, 8.39297]},
			"faces": {
				"north": {"uv": [5, 7, 5.1875, 8.5625], "texture": "#6"},
				"east": {"uv": [2.75, 6, 3, 7.5625], "texture": "#6"},
				"south": {"uv": [5.25, 7, 5.4375, 8.5625], "texture": "#6"},
				"west": {"uv": [5.75, 6.25, 6, 7.8125], "texture": "#6"},
				"up": {"uv": [9.9375, 1.75, 9.75, 1.5], "texture": "#6"},
				"down": {"uv": [9.9375, 1.75, 9.75, 2], "texture": "#6"}
			}
		},
		{
			"name": "handle",
			"from": [7.58832, -9.38013, 6.59161],
			"to": [8.41168, -6.56335, 9.40839],
			"rotation": {"angle": -45, "axis": "x", "origin": [8, -7.97174, 8]},
			"faces": {
				"north": {"uv": [8.5, 4.75, 8.6875, 5.4375], "texture": "#6"},
				"east": {"uv": [1, 6.25, 1.6875, 6.9375], "texture": "#6"},
				"south": {"uv": [8.5, 5.5, 8.6875, 6.1875], "texture": "#6"},
				"west": {"uv": [5, 6.25, 5.6875, 6.9375], "texture": "#6"},
				"up": {"uv": [7.1875, 9.1875, 7, 8.5], "texture": "#6"},
				"down": {"uv": [8.6875, 7, 8.5, 7.6875], "texture": "#6"}
			}
		},
		{
			"name": "handle",
			"from": [7.58832, 1.51987, 7.59161],
			"to": [8.41168, 3.03664, 9.40839],
			"rotation": {"angle": -45, "axis": "x", "origin": [8, 2.92826, 8]},
			"faces": {
				"north": {"uv": [9.25, 2.75, 9.4375, 3.125], "texture": "#6"},
				"east": {"uv": [8, 6.25, 8.4375, 6.625], "texture": "#6"},
				"south": {"uv": [5, 9.25, 5.1875, 9.625], "texture": "#6"},
				"west": {"uv": [8, 7, 8.4375, 7.375], "texture": "#6"},
				"up": {"uv": [9.1875, 0.9375, 9, 0.5], "texture": "#6"},
				"down": {"uv": [9.1875, 1, 9, 1.4375], "texture": "#6"}
			}
		},
		{
			"name": "handle",
			"from": [7.59243, -3.99988, 8.62197],
			"to": [8.40757, -0.99927, 9.72758],
			"rotation": {"angle": 22.5, "axis": "x", "origin": [8, -1.79958, 9.17477]},
			"faces": {
				"north": {"uv": [0.5, 8.5, 0.6875, 9.25], "texture": "#6"},
				"east": {"uv": [8, 3.25, 8.25, 4], "texture": "#6"},
				"south": {"uv": [4.25, 8.5, 4.4375, 9.25], "texture": "#6"},
				"west": {"uv": [4.5, 8, 4.75, 8.75], "texture": "#6"},
				"up": {"uv": [9.9375, 1.5, 9.75, 1.25], "texture": "#6"},
				"down": {"uv": [1.6875, 9.75, 1.5, 10], "texture": "#6"}
			}
		},
		{
			"name": "handle",
			"from": [7.58832, -0.58013, 7.59161],
			"to": [8.41168, 0.93664, 9.40839],
			"rotation": {"angle": -45, "axis": "x", "origin": [8, 0.82826, 8]},
			"faces": {
				"north": {"uv": [9.25, 2.75, 9.4375, 3.125], "texture": "#6"},
				"east": {"uv": [8, 6.25, 8.4375, 6.625], "texture": "#6"},
				"south": {"uv": [5, 9.25, 5.1875, 9.625], "texture": "#6"},
				"west": {"uv": [8, 7, 8.4375, 7.375], "texture": "#6"},
				"up": {"uv": [9.1875, 0.9375, 9, 0.5], "texture": "#6"},
				"down": {"uv": [9.1875, 1, 9, 1.4375], "texture": "#6"}
			}
		}
	],
	"display": {
		"thirdperson_righthand": {
			"translation": [0, 4, 1.75],
			"scale": [1.56445, 1, 1]
		},
		"thirdperson_lefthand": {
			"translation": [0, 4, 1.75],
			"scale": [1.8645, 1, 1]
		},
		"firstperson_righthand": {
			"rotation": [15.16, 22.32, 1.99],
			"translation": [0.75, -1, 0],
			"scale": [0.4, 0.43, 0.43]
		},
		"firstperson_lefthand": {
			"rotation": [15.16, -22.32, 1.99],
			"translation": [0.75, -1, 0],
			"scale": [0.4, 0.43, 0.43]
		},
		"gui": {
			"rotation": [0, 90, 0],
			"translation": [0, -0.5, 0],
			"scale": [1, 0.42, 0.42]
		},
		"fixed": {
			"rotation": [0, 90, 0],
			"translation": [0, -0.75, 0],
			"scale": [1, 0.46, 0.46]
		}
	},
	"groups": [
		{
			"name": "root",
			"origin": [8, 0.82826, 8],
			"color": 0,
			"children": [
				{
					"name": "Blade",
					"origin": [7.6375, -9.08452, 7.71299],
					"color": 0,
					"children": [
						0,
						1,
						2,
						3,
						4,
						5,
						6,
						7,
						8,
						9,
						10,
						11,
						12,
						13,
						14,
						15,
						16,
						17,
						18,
						19,
						20,
						21,
						22,
						23,
						24,
						25,
						26,
						27,
						28,
						29,
						30,
						31,
						32,
						33,
						34,
						35,
						36,
						37,
						38,
						39,
						40,
						41,
						42,
						43,
						44,
						45,
						46,
						47,
						48,
						49,
						50,
						51
					]
				},
				{
					"name": "Handle",
					"origin": [8, -6, 8],
					"color": 0,
					"children": [52, 53, 54, 55, 56, 57, 58, 59, 60, 61, 62, 63, 64]
				}
			]
		}
	]
}