{
  "display": {
      "firstperson_lefthand": {
          "rotation": [
              0,
              180,
              5
          ],
          "scale": [
              1.25,
              1.25,
              1.25
          ],
          "translation": [
              10,
              0,
              -10
          ]
      },
      "firstperson_righthand": {
          "rotation": [
              0,
              180,
              5
          ],
          "scale": [
              1.25,
              1.25,
              1.25
          ],
          "translation": [
              -10,
              2,
              -10
          ]
      },
      "fixed": {
          "rotation": [
              0,
              180,
              0
          ],
          "scale": [
              0.5,
              0.5,
              0.5
          ],
          "translation": [
              -2,
              4,
              -5
          ]
      },
      "ground": {
          "rotation": [
              0,
              0,
              0
          ],
          "scale": [
              0.25,
              0.25,
              0.25
          ],
          "translation": [
              4,
              4,
              2
          ]
      },
      "gui": {
          "rotation": [
              15,
              -25,
              -5
          ],
          "scale": [
              0.65,
              0.65,
              0.65
          ],
          "translation": [
              2,
              3,
              0
          ]
      },
      "thirdperson_lefthand": {
          "rotation": [
              0,
              90,
              0
          ],
          "scale": [
              1,
              1,
              1
          ],
          "translation": [
              10,
              6,
              12
          ]
      },
      "thirdperson_righthand": {
          "rotation": [
              0,
              90,
              0
          ],
          "scale": [
              1,
              1,
              1
          ],
          "translation": [
              10,
              6,
              -4
          ]
      }
  },
  "gui_light": "front",
  "overrides": [
      {
          "model": "item/shield_blocking",
          "predicate": {
              "blocking": 1
          }
      },

      {
          "model": "heartandbloodtheme/heartshield",
          "predicate": {
              "custom_model_data": 1
          }
      },
      {
          "model": "heartandbloodtheme/heartshield_block",
          "predicate": {
              "blocking": 1,
              "custom_model_data": 1
          }
      },

      {
          "model": "lightiningtheme/lightshield",
          "predicate": {
              "custom_model_data": 2
          }
      },
      {
          "model": "lightiningtheme/lightshield_block",
          "predicate": {
              "blocking": 1,
              "custom_model_data": 2
          }
      },

      {
          "model": "christmas/noparticles/christmas_shield",
          "predicate": {
              "custom_model_data": 3
          }
      },
      {
          "model": "christmas/noparticles/christmas_shield_blocking",
          "predicate": {
              "blocking": 1,
              "custom_model_data": 3
          }
      },

      {
          "model": "christmas/christmas_shield",
          "predicate": {
              "custom_model_data": 4
          }
      },
      {
          "model": "christmas/christmas_shield_blocking",
          "predicate": {
              "blocking": 1,
              "custom_model_data": 4
          }
      },

      {
          "model": "void/noparticles/void_shield",
          "predicate": {
              "custom_model_data": 5
          }
      },
      {
          "model": "void/noparticles/void_shield_blocking",
          "predicate": {
              "blocking": 1,
              "custom_model_data": 5
          }
      },

      {
          "model": "void/void_shield",
          "predicate": {
              "custom_model_data": 6
          }
      },
      {
          "model": "void/void_shield_blocking",
          "predicate": {
              "blocking": 1,
              "custom_model_data": 6
          }
      },

      {
          "model": "magma/noparticles/magma_shield",
          "predicate": {
              "custom_model_data": 7
          }
      },
      {
          "model": "magma/noparticles/magma_shield_blocking",
          "predicate": {
              "blocking": 1,
              "custom_model_data": 7
          }
      },

      {
          "model": "magma/magma_shield",
          "predicate": {
              "custom_model_data": 8
          }
      },
      {
          "model": "magma/magma_shield_blocking",
          "predicate": {
              "blocking": 1,
              "custom_model_data": 8
          }
      },

      {
          "model": "chinese/noparticles/chinese_dragon_shield",
          "predicate": {
              "custom_model_data": 9
          }
      },
      {
          "model": "chinese/noparticles/chinese_dragon_shield_blocking",
          "predicate": {
              "blocking": 1,
              "custom_model_data": 9
          }
      },

      {
          "model": "chinese/chinese_dragon_shield",
          "predicate": {
              "custom_model_data": 10
          }
      },
      {
          "model": "chinese/chinese_dragon_shield_blocking",
          "predicate": {
              "blocking": 1,
              "custom_model_data": 10
          }
      },


      {
          "model": "valentine/noparticles/valentine_shield",
          "predicate": {
              "custom_model_data": 11
          }
      },
      {
          "model": "valentine/noparticles/valentine_shield_blocking",
          "predicate": {
              "blocking": 1,
              "custom_model_data": 11
          }
      },

      {
          "model": "valentine/valentine_shield",
          "predicate": {
              "custom_model_data": 12
          }
      },
      {
          "model": "valentine/valentine_shield_blocking",
          "predicate": {
              "blocking": 1,
              "custom_model_data": 12
          }
      },

      {
          "model": "dragon/dragonborn_shield",
          "predicate": {
              "custom_model_data": 13
          }
      },
      {
          "model": "dragon/dragonborn_shield_blocking",
          "predicate": {
              "blocking": 1,
              "custom_model_data": 13
          }
      },

      {
          "predicate": {
              "custom_model_data": 14
          },
          "model": "patrick/shield"
      },
      {
          "predicate": {
              "blocking": 1,
              "custom_model_data": 14
          },
          "model": "patrick/shield_blocking"
      },

      {
          "predicate": {
              "custom_model_data": 15
          },
          "model": "stpatrick/shield"
      },
      {
          "predicate": {
              "blocking": 1,
              "custom_model_data": 15
          },
          "model": "stpatrick/shield_blocking"
      },

      {
          "predicate": {
              "custom_model_data": 16
          },
          "model": "firework/firework_shield"
      },
      {
          "predicate": {
              "blocking": 1,
              "custom_model_data": 16
          },
          "model": "firework/firework_shield_blocking"
      },
      {
          "predicate": {
              "custom_model_data": 17
          },
          "model": "easter/shield_easter"
      },
      {
          "predicate": {
              "blocking": 1,
              "custom_model_data": 17
          },
          "model": "easter/shield_easter_blocking"
      },
      {
          "predicate": {
              "custom_model_data": 18
          },
          "model": "samurai/shield_samurai"
      },
      {
          "predicate": {
              "blocking": 1,
              "custom_model_data": 18
          },
          "model": "samurai/shield_samurai_blocking"
      },
      {
          "predicate": {
              "custom_model_data": 19
          },
          "model": "pirate/shield_pirate"
      },
      {
          "predicate": {
              "blocking": 1,
              "custom_model_data": 19
          },
          "model": "pirate/shield_pirate_blocking"
      },

      {
          "predicate": {
              "custom_model_data": 20
          },
          "model": "heart/shield_heart_penguin"
      },
      {
          "predicate": {
              "blocking": 1,
              "custom_model_data": 20
          },
          "model": "heart/shield_heart_penguin_blocking"
      },

      {
          "predicate": {
              "custom_model_data": 21
          },
          "model": "purplelightning/shield_purple_lightning"
      },
      {
          "predicate": {
              "blocking": 1,
              "custom_model_data": 21
          },
          "model": "purplelightning/shield_purple_lightning_blocking"
      },

      {
          "predicate": {
              "custom_model_data": 22
          },
          "model": "vampire/ancient_shield_penguin"
      },
      {
          "predicate": {
              "blocking": 1,
              "custom_model_data": 22
          },
          "model": "vampire/ancient_shield_penguin_blocking"
      },

      {
          "predicate": {
              "custom_model_data": 23
          },
          "model": "fire/fire_shield"
      },
      {
          "predicate": {
              "blocking": 1,
              "custom_model_data": 23
          },
          "model": "fire/fire_shield_blocking"
      }
  ],
  "parent": "builtin/entity",
  "textures": {
      "particle": "block/dark_oak_planks"
  }
}