{
	"credit": "Made with Blockbench",
	"texture_size": [32, 32],
	"textures": {
		"0": "item/lightning/lightning_bow",
		"1": "item/lightning/lightning_ef_long",
		"particle": "item/lightning/lightning_bow"
	},
	"elements": [
		{
			"from": [7.25, 1.85, 7.25],
			"to": [8.75, 6, 8.75],
			"shade": false,
			"rotation": {"angle": 0, "axis": "y", "origin": [7, 0, 7]},
			"faces": {
				"north": {"uv": [9, 5.5, 9.75, 7.5], "texture": "#0"},
				"east": {"uv": [0, 9.5, 0.75, 11.5], "texture": "#0"},
				"south": {"uv": [9.5, 0, 10.25, 2], "texture": "#0"},
				"west": {"uv": [1, 9.5, 1.75, 11.5], "texture": "#0"},
				"up": {"uv": [12.25, 2.25, 11.5, 1.5], "texture": "#0"},
				"down": {"uv": [2.75, 11.5, 2, 12.25], "texture": "#0"}
			}
		},
		{
			"from": [-8.75, 4.35, 5.5],
			"to": [3.75, 4.35, 8.5],
			"shade": false,
			"rotation": {"angle": 0, "axis": "y", "origin": [-2.5, 4.35, 7]},
			"faces": {
				"north": {"uv": [2.75, 11.5, 2, 12.25], "rotation": 180, "texture": "#0"},
				"east": {"uv": [0, 9.5, 0.75, 11.5], "rotation": 270, "texture": "#0"},
				"south": {"uv": [12.25, 2.25, 11.5, 1.5], "texture": "#0"},
				"west": {"uv": [1, 9.5, 1.75, 11.5], "rotation": 90, "texture": "#0"},
				"up": {"uv": [0, 14.5, 6.25, 16], "rotation": 180, "texture": "#0"},
				"down": {"uv": [6.25, 14.5, 0, 16], "texture": "#0"}
			}
		},
		{
			"from": [-8.75, 2.85, 7],
			"to": [3.75, 5.85, 7],
			"shade": false,
			"rotation": {"angle": 0, "axis": "y", "origin": [-2.5, 4.35, 7]},
			"faces": {
				"north": {"uv": [0, 14.5, 6.25, 16], "texture": "#0"},
				"east": {"uv": [0, 9.5, 0.75, 11.5], "texture": "#0"},
				"south": {"uv": [6.25, 14.5, 0, 16], "texture": "#0"},
				"west": {"uv": [1, 9.5, 1.75, 11.5], "texture": "#0"},
				"up": {"uv": [12.25, 2.25, 11.5, 1.5], "texture": "#0"},
				"down": {"uv": [2.75, 11.5, 2, 12.25], "texture": "#0"}
			}
		},
		{
			"from": [7, 0, 7],
			"to": [9, 2, 9],
			"shade": false,
			"rotation": {"angle": 0, "axis": "y", "origin": [7, 8, 7]},
			"faces": {
				"north": {"uv": [6.5, 10.5, 7.5, 9.5], "texture": "#0"},
				"east": {"uv": [7.5, 10.5, 8.5, 9.5], "texture": "#0"},
				"south": {"uv": [9.5, 8.5, 10.5, 7.5], "texture": "#0"},
				"west": {"uv": [8.5, 10.5, 9.5, 9.5], "texture": "#0"},
				"up": {"uv": [10.5, 10.5, 9.5, 9.5], "texture": "#0"},
				"down": {"uv": [10.5, 8.5, 9.5, 9.5], "texture": "#0"}
			}
		},
		{
			"from": [0, -6, 8],
			"to": [1, 8.2, 8],
			"shade": false,
			"rotation": {"angle": 45, "axis": "z", "origin": [1, -6, 8]},
			"faces": {
				"north": {"uv": [13, 16, 13.5, 11], "texture": "#0"},
				"east": {"uv": [7.5, 10.5, 8.5, 9.5], "texture": "#0"},
				"south": {"uv": [13.5, 16, 13, 11], "texture": "#0"},
				"west": {"uv": [8.5, 10.5, 9.5, 9.5], "texture": "#0"},
				"up": {"uv": [10.5, 10.5, 9.5, 9.5], "texture": "#0"},
				"down": {"uv": [10.5, 8.5, 9.5, 9.5], "texture": "#0"}
			}
		},
		{
			"from": [7, -6, 7.01],
			"to": [9, 0, 8.985],
			"shade": false,
			"rotation": {"angle": -22.5, "axis": "z", "origin": [9, 0, 7.025]},
			"faces": {
				"north": {"uv": [13.25, 3, 14.25, 0], "texture": "#0"},
				"east": {"uv": [14.25, 3, 15.25, 0], "texture": "#0"},
				"south": {"uv": [13.25, 3, 14.25, 0], "texture": "#0"},
				"west": {"uv": [13, 9, 14, 6], "texture": "#0"},
				"up": {"uv": [12.75, 4, 13.75, 3], "texture": "#0"},
				"down": {"uv": [12.75, 4, 13.75, 3], "texture": "#0"}
			}
		},
		{
			"from": [9, -6, 7.9975],
			"to": [13, -2.5, 7.9975],
			"shade": false,
			"rotation": {"angle": -22.5, "axis": "z", "origin": [9, 0, 7.025]},
			"faces": {
				"north": {"uv": [14.25, 16, 16, 14], "rotation": 90, "texture": "#0"},
				"east": {"uv": [14.25, 3, 15.25, 0], "texture": "#0"},
				"south": {"uv": [14.25, 14, 16, 16], "rotation": 90, "texture": "#0"},
				"west": {"uv": [13, 9, 14, 6], "texture": "#0"},
				"up": {"uv": [12.75, 4, 13.75, 3], "texture": "#0"},
				"down": {"uv": [12.75, 4, 13.75, 3], "texture": "#0"}
			}
		},
		{
			"from": [9.2961, -11.54328, 7],
			"to": [11.2961, -5.54328, 9],
			"shade": false,
			"rotation": {"angle": -45, "axis": "z", "origin": [9, 0, 7]},
			"faces": {
				"north": {"uv": [13.75, 6, 14.75, 3], "texture": "#0"},
				"east": {"uv": [14.75, 6, 15.75, 3], "texture": "#0"},
				"south": {"uv": [13.75, 6, 14.75, 3], "texture": "#0"},
				"west": {"uv": [14.25, 9, 15.25, 6], "texture": "#0"},
				"up": {"uv": [12.75, 5, 13.75, 4], "texture": "#0"},
				"down": {"uv": [12.75, 5, 13.75, 4], "texture": "#0"}
			}
		},
		{
			"from": [8.942, -0.158, 7.492],
			"to": [9.958, 1.458, 8.508],
			"shade": false,
			"rotation": {"angle": 0, "axis": "y", "origin": [8.95, 7.95, 7]},
			"faces": {
				"north": {"uv": [0.5, 12.75, 0, 12], "texture": "#0"},
				"east": {"uv": [2, 12.75, 1.5, 12], "texture": "#0"},
				"south": {"uv": [1.5, 12.75, 1, 12], "texture": "#0"},
				"west": {"uv": [1, 12.75, 0.5, 12], "texture": "#0"},
				"up": {"uv": [12, 8.5, 12.5, 8], "texture": "#0"},
				"down": {"uv": [8, 12, 8.5, 12.5], "texture": "#0"}
			}
		},
		{
			"from": [9.86041, -0.40219, 7.494],
			"to": [10.47241, 1.35981, 8.506],
			"shade": false,
			"rotation": {"angle": 22.5, "axis": "z", "origin": [9.96641, 0.10381, 8]},
			"faces": {
				"north": {"uv": [12.25, 9.5, 12, 8.5], "texture": "#0"},
				"east": {"uv": [9, 12.5, 8.5, 11.5], "texture": "#0"},
				"south": {"uv": [12.25, 10.5, 12, 9.5], "texture": "#0"},
				"west": {"uv": [12, 5, 11.5, 4], "texture": "#0"},
				"up": {"uv": [5.5, 13, 5.75, 12.5], "texture": "#0"},
				"down": {"uv": [12.5, 5, 12.75, 5.5], "texture": "#0"}
			}
		},
		{
			"from": [9.46327, -1.91662, 7.0536],
			"to": [11.46327, -0.15412, 8.8161],
			"shade": false,
			"rotation": {"angle": 45, "axis": "x", "origin": [10.21327, -1.00412, 8.2286]},
			"faces": {
				"north": {"uv": [11, 4, 10, 3], "texture": "#0"},
				"east": {"uv": [11.5, 1, 10.5, 0], "texture": "#0"},
				"south": {"uv": [11, 7.5, 10, 6.5], "texture": "#0"},
				"west": {"uv": [11, 6.5, 10, 5.5], "texture": "#0"},
				"up": {"uv": [2, 11.5, 3, 10.5], "texture": "#0"},
				"down": {"uv": [10.5, 1, 11.5, 2], "texture": "#0"}
			}
		},
		{
			"from": [8.29856, -2.058, 6.742],
			"to": [9.81456, 0.458, 9.258],
			"shade": false,
			"rotation": {"angle": 22.5, "axis": "z", "origin": [9.30656, -0.55, 8]},
			"faces": {
				"north": {"uv": [4.75, 11.75, 4, 10.5], "texture": "#0"},
				"east": {"uv": [9.25, 9.25, 8, 8], "texture": "#0"},
				"south": {"uv": [11.25, 5.25, 10.5, 4], "texture": "#0"},
				"west": {"uv": [7.75, 9.25, 6.5, 8], "texture": "#0"},
				"up": {"uv": [7.5, 11.75, 8.25, 10.5], "texture": "#0"},
				"down": {"uv": [6.5, 10.5, 7.25, 11.75], "texture": "#0"}
			}
		},
		{
			"from": [8.95727, -2.3245, 6.744],
			"to": [11.46927, -0.8125, 9.256],
			"shade": false,
			"rotation": {"angle": 0, "axis": "y", "origin": [10.21327, -1.5685, 8]},
			"faces": {
				"north": {"uv": [11.75, 8.25, 10.5, 7.5], "texture": "#0"},
				"east": {"uv": [11.75, 10.25, 10.5, 9.5], "texture": "#0"},
				"south": {"uv": [11.75, 9.25, 10.5, 8.5], "texture": "#0"},
				"west": {"uv": [9.75, 11.25, 8.5, 10.5], "texture": "#0"},
				"up": {"uv": [9, 5.25, 10.25, 4], "texture": "#0"},
				"down": {"uv": [3, 9, 4.25, 10.25], "texture": "#0"}
			}
		},
		{
			"from": [10.46327, -2.98289, 7.0536],
			"to": [11.46327, -1.22039, 8.8161],
			"shade": false,
			"rotation": {"angle": -45, "axis": "x", "origin": [10.21327, -2.13289, 8.2286]},
			"faces": {
				"north": {"uv": [5, 10, 4.5, 9], "texture": "#0"},
				"east": {"uv": [4, 11.5, 3, 10.5], "texture": "#0"},
				"south": {"uv": [6.5, 12, 6, 11], "texture": "#0"},
				"west": {"uv": [11.5, 3, 10.5, 2], "texture": "#0"},
				"up": {"uv": [3.5, 12.5, 4, 11.5], "texture": "#0"},
				"down": {"uv": [3, 11.5, 3.5, 12.5], "texture": "#0"}
			}
		},
		{
			"from": [4.942, -7.158, 7.492],
			"to": [5.958, -5.542, 8.508],
			"shade": false,
			"rotation": {"angle": 0, "axis": "y", "origin": [4.95, 0.95, 7]},
			"faces": {
				"north": {"uv": [0.5, 12.75, 0, 12], "texture": "#0"},
				"east": {"uv": [2, 12.75, 1.5, 12], "texture": "#0"},
				"south": {"uv": [1.5, 12.75, 1, 12], "texture": "#0"},
				"west": {"uv": [1, 12.75, 0.5, 12], "texture": "#0"},
				"up": {"uv": [12, 8.5, 12.5, 8], "texture": "#0"},
				"down": {"uv": [8, 12, 8.5, 12.5], "texture": "#0"}
			}
		},
		{
			"from": [5.86041, -7.40219, 7.494],
			"to": [6.47241, -5.64019, 8.506],
			"shade": false,
			"rotation": {"angle": 22.5, "axis": "z", "origin": [5.96641, -6.89619, 8]},
			"faces": {
				"north": {"uv": [12.25, 9.5, 12, 8.5], "texture": "#0"},
				"east": {"uv": [9, 12.5, 8.5, 11.5], "texture": "#0"},
				"south": {"uv": [12.25, 10.5, 12, 9.5], "texture": "#0"},
				"west": {"uv": [12, 5, 11.5, 4], "texture": "#0"},
				"up": {"uv": [5.5, 13, 5.75, 12.5], "texture": "#0"},
				"down": {"uv": [12.5, 5, 12.75, 5.5], "texture": "#0"}
			}
		},
		{
			"from": [5.46327, -8.91662, 7.0536],
			"to": [7.46327, -7.15412, 8.8161],
			"shade": false,
			"rotation": {"angle": 45, "axis": "x", "origin": [6.21327, -8.00412, 8.2286]},
			"faces": {
				"north": {"uv": [11, 4, 10, 3], "texture": "#0"},
				"east": {"uv": [11.5, 1, 10.5, 0], "texture": "#0"},
				"south": {"uv": [11, 7.5, 10, 6.5], "texture": "#0"},
				"west": {"uv": [11, 6.5, 10, 5.5], "texture": "#0"},
				"up": {"uv": [2, 11.5, 3, 10.5], "texture": "#0"},
				"down": {"uv": [10.5, 1, 11.5, 2], "texture": "#0"}
			}
		},
		{
			"from": [4.29856, -9.058, 6.742],
			"to": [5.81456, -6.542, 9.258],
			"shade": false,
			"rotation": {"angle": 22.5, "axis": "z", "origin": [5.30656, -7.55, 8]},
			"faces": {
				"north": {"uv": [4.75, 11.75, 4, 10.5], "texture": "#0"},
				"east": {"uv": [9.25, 9.25, 8, 8], "texture": "#0"},
				"south": {"uv": [11.25, 5.25, 10.5, 4], "texture": "#0"},
				"west": {"uv": [7.75, 9.25, 6.5, 8], "texture": "#0"},
				"up": {"uv": [7.5, 11.75, 8.25, 10.5], "texture": "#0"},
				"down": {"uv": [6.5, 10.5, 7.25, 11.75], "texture": "#0"}
			}
		},
		{
			"from": [4.95727, -9.3245, 6.744],
			"to": [7.46927, -7.8125, 9.256],
			"shade": false,
			"rotation": {"angle": 0, "axis": "y", "origin": [6.21327, -8.5685, 8]},
			"faces": {
				"north": {"uv": [11.75, 8.25, 10.5, 7.5], "texture": "#0"},
				"east": {"uv": [11.75, 10.25, 10.5, 9.5], "texture": "#0"},
				"south": {"uv": [11.75, 9.25, 10.5, 8.5], "texture": "#0"},
				"west": {"uv": [9.75, 11.25, 8.5, 10.5], "texture": "#0"},
				"up": {"uv": [9, 5.25, 10.25, 4], "texture": "#0"},
				"down": {"uv": [3, 9, 4.25, 10.25], "texture": "#0"}
			}
		},
		{
			"from": [6.46327, -9.98289, 7.0536],
			"to": [7.46327, -8.22039, 8.8161],
			"shade": false,
			"rotation": {"angle": -45, "axis": "x", "origin": [6.21327, -9.13289, 8.2286]},
			"faces": {
				"north": {"uv": [5, 10, 4.5, 9], "texture": "#0"},
				"east": {"uv": [4, 11.5, 3, 10.5], "texture": "#0"},
				"south": {"uv": [6.5, 12, 6, 11], "texture": "#0"},
				"west": {"uv": [11.5, 3, 10.5, 2], "texture": "#0"},
				"up": {"uv": [3.5, 12.5, 4, 11.5], "texture": "#0"},
				"down": {"uv": [3, 11.5, 3.5, 12.5], "texture": "#0"}
			}
		},
		{
			"from": [0.73939, -8.21941, 7.5996],
			"to": [2.14019, -6.79361, 8.4004],
			"shade": false,
			"rotation": {"angle": 0, "axis": "y", "origin": [1.60711, -9.14289, 8]},
			"faces": {
				"north": {"uv": [12.25, 5.5, 11, 6.25], "rotation": 90, "texture": "#0"},
				"south": {"uv": [12.25, 6.5, 11, 7.25], "rotation": 270, "texture": "#0"},
				"west": {"uv": [11.5, 1.5, 12.75, 1], "rotation": 270, "texture": "#0"},
				"down": {"uv": [12.5, 4, 12, 4.75], "rotation": 270, "texture": "#0"}
			}
		},
		{
			"from": [-1.67501, -8.80903, 7.6],
			"to": [0.04999, -8.05903, 8.4],
			"shade": false,
			"rotation": {"angle": -45, "axis": "z", "origin": [1.60711, -9.14289, 8]},
			"faces": {
				"north": {"uv": [3.25, 12.5, 3, 13.25], "rotation": 90, "texture": "#0"},
				"south": {"uv": [12.75, 3, 12.5, 3.75], "rotation": 270, "texture": "#0"},
				"down": {"uv": [5, 12, 4.5, 12.75], "rotation": 270, "texture": "#0"}
			}
		},
		{
			"from": [-0.25384, -6.79547, 7.5998],
			"to": [1.47156, -6.04507, 8.4002],
			"shade": false,
			"rotation": {"angle": 0, "axis": "y", "origin": [1.60711, -9.14289, 8]},
			"faces": {
				"north": {"uv": [3.75, 12.5, 3.5, 13.25], "rotation": 90, "texture": "#0"},
				"south": {"uv": [12.75, 4, 12.5, 4.75], "rotation": 270, "texture": "#0"},
				"up": {"uv": [5.5, 12, 5, 12.75], "rotation": 270, "texture": "#0"}
			}
		},
		{
			"from": [0.65963, -5.98277, 7.5994],
			"to": [1.07333, -5.56907, 8.4006],
			"shade": false,
			"rotation": {"angle": 22.5, "axis": "z", "origin": [1.60711, -9.14289, 8]},
			"faces": {
				"north": {"uv": [12.75, 10, 12.5, 10.25], "rotation": 90, "texture": "#0"},
				"south": {"uv": [10.75, 12.5, 10.5, 12.75], "rotation": 270, "texture": "#0"},
				"west": {"uv": [6, 13, 6.25, 12.5], "rotation": 270, "texture": "#0"},
				"up": {"uv": [13, 5.5, 12.5, 5.75], "rotation": 270, "texture": "#0"}
			}
		},
		{
			"from": [-0.68218, -8.06089, 7.5994],
			"to": [0.71902, -5.63469, 8.4006],
			"shade": false,
			"rotation": {"angle": -45, "axis": "z", "origin": [1.60711, -9.14289, 8]},
			"faces": {
				"north": {"uv": [11.25, 10.5, 10, 11.25], "rotation": 90, "texture": "#0"},
				"south": {"uv": [12.25, 3, 11, 3.75], "rotation": 270, "texture": "#0"},
				"west": {"uv": [11.5, 1, 12.75, 0.5], "rotation": 270, "texture": "#0"},
				"up": {"uv": [4.5, 12, 4, 12.75], "rotation": 270, "texture": "#0"}
			}
		},
		{
			"from": [2.25783, -9.01061, 7.5996],
			"to": [4.68363, -7.60981, 8.4004],
			"shade": false,
			"rotation": {"angle": 22.5, "axis": "z", "origin": [4.60711, -8.14289, 8]},
			"faces": {
				"north": {"uv": [11, 6.25, 12.25, 5.5], "texture": "#0"},
				"east": {"uv": [12, 4.75, 12.5, 4], "texture": "#0"},
				"south": {"uv": [11, 7.25, 12.25, 6.5], "texture": "#0"},
				"down": {"uv": [12.75, 1, 11.5, 1.5], "texture": "#0"}
			}
		},
		{
			"from": [3.52324, -11.42501, 7.6],
			"to": [4.27324, -9.70001, 8.4],
			"shade": false,
			"rotation": {"angle": -22.5, "axis": "z", "origin": [4.60711, -8.14289, 8]},
			"faces": {
				"north": {"uv": [3, 13.25, 3.25, 12.5], "texture": "#0"},
				"east": {"uv": [4.5, 12.75, 5, 12], "texture": "#0"},
				"south": {"uv": [12.5, 3.75, 12.75, 3], "texture": "#0"}
			}
		},
		{
			"from": [1.50928, -10.00384, 7.5998],
			"to": [2.25968, -8.27844, 8.4002],
			"shade": false,
			"rotation": {"angle": 22.5, "axis": "z", "origin": [4.60711, -8.14289, 8]},
			"faces": {
				"north": {"uv": [3.5, 13.25, 3.75, 12.5], "texture": "#0"},
				"south": {"uv": [12.5, 4.75, 12.75, 4], "texture": "#0"},
				"west": {"uv": [5, 12.75, 5.5, 12], "texture": "#0"}
			}
		},
		{
			"from": [1.03328, -9.09037, 7.5994],
			"to": [1.44698, -8.67667, 8.4006],
			"shade": false,
			"rotation": {"angle": 45, "axis": "z", "origin": [4.60711, -8.14289, 8]},
			"faces": {
				"north": {"uv": [12.5, 10.25, 12.75, 10], "texture": "#0"},
				"south": {"uv": [10.5, 12.75, 10.75, 12.5], "texture": "#0"},
				"west": {"uv": [12.5, 5.75, 13, 5.5], "texture": "#0"},
				"down": {"uv": [6.25, 12.5, 6, 13], "texture": "#0"}
			}
		},
		{
			"from": [1.0989, -10.43218, 7.5994],
			"to": [3.5251, -9.03098, 8.4006],
			"shade": false,
			"rotation": {"angle": -22.5, "axis": "z", "origin": [4.60711, -8.14289, 8]},
			"faces": {
				"north": {"uv": [10, 11.25, 11.25, 10.5], "texture": "#0"},
				"south": {"uv": [11, 3.75, 12.25, 3], "texture": "#0"},
				"west": {"uv": [4, 12.75, 4.5, 12], "texture": "#0"},
				"down": {"uv": [12.75, 0.5, 11.5, 1], "texture": "#0"}
			}
		},
		{
			"from": [0.5, -10, 6.75],
			"to": [3.5, -7, 9.25],
			"shade": false,
			"rotation": {"angle": 45, "axis": "z", "origin": [2, -8.5, 8]},
			"faces": {
				"north": {"uv": [5, 1.5, 6.5, 0], "texture": "#0"},
				"east": {"uv": [0, 9.5, 1.25, 8], "texture": "#0"},
				"south": {"uv": [5, 3, 6.5, 1.5], "texture": "#0"},
				"west": {"uv": [8, 1.5, 9.25, 0], "texture": "#0"},
				"up": {"uv": [9.5, 2.75, 8, 1.5], "texture": "#0"},
				"down": {"uv": [3, 8, 1.5, 9.25], "texture": "#0"}
			}
		},
		{
			"from": [1, -9.5, 6.25],
			"to": [3, -7.5, 9.75],
			"shade": false,
			"rotation": {"angle": 45, "axis": "z", "origin": [2, -8.5, 8]},
			"faces": {
				"north": {"uv": [2, 10.5, 3, 9.5], "texture": "#0"},
				"east": {"uv": [3, 9, 4.75, 8], "texture": "#0"},
				"south": {"uv": [9.5, 3, 10.5, 2], "texture": "#0"},
				"west": {"uv": [8, 4, 9.75, 3], "texture": "#0"},
				"up": {"uv": [9, 7.75, 8, 6], "texture": "#0"},
				"down": {"uv": [9, 4, 8, 5.75], "texture": "#0"}
			}
		},
		{
			"from": [7, 6, 7],
			"to": [9, 8, 9],
			"shade": false,
			"rotation": {"angle": 0, "axis": "y", "origin": [7, 0, 7]},
			"faces": {
				"north": {"uv": [6.5, 9.5, 7.5, 10.5], "texture": "#0"},
				"east": {"uv": [7.5, 9.5, 8.5, 10.5], "texture": "#0"},
				"south": {"uv": [9.5, 7.5, 10.5, 8.5], "texture": "#0"},
				"west": {"uv": [8.5, 9.5, 9.5, 10.5], "texture": "#0"},
				"up": {"uv": [10.5, 9.5, 9.5, 8.5], "texture": "#0"},
				"down": {"uv": [10.5, 9.5, 9.5, 10.5], "texture": "#0"}
			}
		},
		{
			"from": [0, -0.7, 8],
			"to": [1, 14, 8],
			"shade": false,
			"rotation": {"angle": -45, "axis": "z", "origin": [1, 14, 8]},
			"faces": {
				"north": {"uv": [13, 11, 13.5, 16], "texture": "#0"},
				"east": {"uv": [7.5, 9.5, 8.5, 10.5], "texture": "#0"},
				"south": {"uv": [13.5, 11, 13, 16], "texture": "#0"},
				"west": {"uv": [8.5, 9.5, 9.5, 10.5], "texture": "#0"},
				"up": {"uv": [10.5, 9.5, 9.5, 8.5], "texture": "#0"},
				"down": {"uv": [10.5, 9.5, 9.5, 10.5], "texture": "#0"}
			}
		},
		{
			"from": [7, 8, 7.01],
			"to": [9, 14, 8.985],
			"shade": false,
			"rotation": {"angle": 22.5, "axis": "z", "origin": [9, 8, 7.025]},
			"faces": {
				"north": {"uv": [13.25, 0, 14.25, 3], "texture": "#0"},
				"east": {"uv": [14.25, 0, 15.25, 3], "texture": "#0"},
				"south": {"uv": [13.25, 0, 14.25, 3], "texture": "#0"},
				"west": {"uv": [13, 6, 14, 9], "texture": "#0"},
				"up": {"uv": [12.75, 3, 13.75, 4], "texture": "#0"},
				"down": {"uv": [12.75, 3, 13.75, 4], "texture": "#0"}
			}
		},
		{
			"from": [9, 10.5, 7.9975],
			"to": [13, 14, 7.9975],
			"shade": false,
			"rotation": {"angle": 22.5, "axis": "z", "origin": [9, 8, 7.025]},
			"faces": {
				"north": {"uv": [16, 16, 14.25, 14], "rotation": 90, "texture": "#0"},
				"east": {"uv": [14.25, 0, 15.25, 3], "texture": "#0"},
				"south": {"uv": [16, 14, 14.25, 16], "rotation": 90, "texture": "#0"},
				"west": {"uv": [13, 6, 14, 9], "texture": "#0"},
				"up": {"uv": [12.75, 3, 13.75, 4], "texture": "#0"},
				"down": {"uv": [12.75, 3, 13.75, 4], "texture": "#0"}
			}
		},
		{
			"from": [9.2961, 13.54328, 7],
			"to": [11.2961, 19.54328, 9],
			"shade": false,
			"rotation": {"angle": 45, "axis": "z", "origin": [9, 8, 7]},
			"faces": {
				"north": {"uv": [13.75, 3, 14.75, 6], "texture": "#0"},
				"east": {"uv": [14.75, 3, 15.75, 6], "texture": "#0"},
				"south": {"uv": [13.75, 3, 14.75, 6], "texture": "#0"},
				"west": {"uv": [14.25, 6, 15.25, 9], "texture": "#0"},
				"up": {"uv": [12.75, 4, 13.75, 5], "texture": "#0"},
				"down": {"uv": [12.75, 4, 13.75, 5], "texture": "#0"}
			}
		},
		{
			"from": [8.942, 6.542, 7.492],
			"to": [9.958, 8.158, 8.508],
			"shade": false,
			"rotation": {"angle": 0, "axis": "y", "origin": [8.95, 0.05, 7]},
			"faces": {
				"north": {"uv": [0.5, 12, 0, 12.75], "texture": "#0"},
				"east": {"uv": [2, 12, 1.5, 12.75], "texture": "#0"},
				"south": {"uv": [1.5, 12, 1, 12.75], "texture": "#0"},
				"west": {"uv": [1, 12, 0.5, 12.75], "texture": "#0"},
				"up": {"uv": [8, 12.5, 8.5, 12], "texture": "#0"},
				"down": {"uv": [12, 8, 12.5, 8.5], "texture": "#0"}
			}
		},
		{
			"from": [9.86041, 6.64019, 7.494],
			"to": [10.47241, 8.40219, 8.506],
			"shade": false,
			"rotation": {"angle": -22.5, "axis": "z", "origin": [9.96641, 7.89619, 8]},
			"faces": {
				"north": {"uv": [12.25, 8.5, 12, 9.5], "texture": "#0"},
				"east": {"uv": [9, 11.5, 8.5, 12.5], "texture": "#0"},
				"south": {"uv": [12.25, 9.5, 12, 10.5], "texture": "#0"},
				"west": {"uv": [12, 4, 11.5, 5], "texture": "#0"},
				"up": {"uv": [12.5, 5.5, 12.75, 5], "texture": "#0"},
				"down": {"uv": [5.5, 12.5, 5.75, 13], "texture": "#0"}
			}
		},
		{
			"from": [9.46327, 8.15412, 7.0536],
			"to": [11.46327, 9.91662, 8.8161],
			"shade": false,
			"rotation": {"angle": -45, "axis": "x", "origin": [10.21327, 9.00412, 8.2286]},
			"faces": {
				"north": {"uv": [11, 3, 10, 4], "texture": "#0"},
				"east": {"uv": [11.5, 0, 10.5, 1], "texture": "#0"},
				"south": {"uv": [11, 6.5, 10, 7.5], "texture": "#0"},
				"west": {"uv": [11, 5.5, 10, 6.5], "texture": "#0"},
				"up": {"uv": [10.5, 2, 11.5, 1], "texture": "#0"},
				"down": {"uv": [2, 10.5, 3, 11.5], "texture": "#0"}
			}
		},
		{
			"from": [8.29856, 7.542, 6.742],
			"to": [9.81456, 10.058, 9.258],
			"shade": false,
			"rotation": {"angle": -22.5, "axis": "z", "origin": [9.30656, 8.55, 8]},
			"faces": {
				"north": {"uv": [4.75, 10.5, 4, 11.75], "texture": "#0"},
				"east": {"uv": [9.25, 8, 8, 9.25], "texture": "#0"},
				"south": {"uv": [11.25, 4, 10.5, 5.25], "texture": "#0"},
				"west": {"uv": [7.75, 8, 6.5, 9.25], "texture": "#0"},
				"up": {"uv": [6.5, 11.75, 7.25, 10.5], "texture": "#0"},
				"down": {"uv": [7.5, 10.5, 8.25, 11.75], "texture": "#0"}
			}
		},
		{
			"from": [8.95727, 8.8125, 6.744],
			"to": [11.46927, 10.3245, 9.256],
			"shade": false,
			"rotation": {"angle": 0, "axis": "y", "origin": [10.21327, 9.5685, 8]},
			"faces": {
				"north": {"uv": [11.75, 7.5, 10.5, 8.25], "texture": "#0"},
				"east": {"uv": [11.75, 9.5, 10.5, 10.25], "texture": "#0"},
				"south": {"uv": [11.75, 8.5, 10.5, 9.25], "texture": "#0"},
				"west": {"uv": [9.75, 10.5, 8.5, 11.25], "texture": "#0"},
				"up": {"uv": [3, 10.25, 4.25, 9], "texture": "#0"},
				"down": {"uv": [9, 4, 10.25, 5.25], "texture": "#0"}
			}
		},
		{
			"from": [10.46327, 9.22039, 7.0536],
			"to": [11.46327, 10.98289, 8.8161],
			"shade": false,
			"rotation": {"angle": 45, "axis": "x", "origin": [10.21327, 10.13289, 8.2286]},
			"faces": {
				"north": {"uv": [5, 9, 4.5, 10], "texture": "#0"},
				"east": {"uv": [4, 10.5, 3, 11.5], "texture": "#0"},
				"south": {"uv": [6.5, 11, 6, 12], "texture": "#0"},
				"west": {"uv": [11.5, 2, 10.5, 3], "texture": "#0"},
				"up": {"uv": [3, 12.5, 3.5, 11.5], "texture": "#0"},
				"down": {"uv": [3.5, 11.5, 4, 12.5], "texture": "#0"}
			}
		},
		{
			"from": [4.942, 13.542, 7.492],
			"to": [5.958, 15.158, 8.508],
			"shade": false,
			"rotation": {"angle": 0, "axis": "y", "origin": [4.95, 7.05, 7]},
			"faces": {
				"north": {"uv": [0.5, 12, 0, 12.75], "texture": "#0"},
				"east": {"uv": [2, 12, 1.5, 12.75], "texture": "#0"},
				"south": {"uv": [1.5, 12, 1, 12.75], "texture": "#0"},
				"west": {"uv": [1, 12, 0.5, 12.75], "texture": "#0"},
				"up": {"uv": [8, 12.5, 8.5, 12], "texture": "#0"},
				"down": {"uv": [12, 8, 12.5, 8.5], "texture": "#0"}
			}
		},
		{
			"from": [5.86041, 13.64019, 7.494],
			"to": [6.47241, 15.40219, 8.506],
			"shade": false,
			"rotation": {"angle": -22.5, "axis": "z", "origin": [5.96641, 14.89619, 8]},
			"faces": {
				"north": {"uv": [12.25, 8.5, 12, 9.5], "texture": "#0"},
				"east": {"uv": [9, 11.5, 8.5, 12.5], "texture": "#0"},
				"south": {"uv": [12.25, 9.5, 12, 10.5], "texture": "#0"},
				"west": {"uv": [12, 4, 11.5, 5], "texture": "#0"},
				"up": {"uv": [12.5, 5.5, 12.75, 5], "texture": "#0"},
				"down": {"uv": [5.5, 12.5, 5.75, 13], "texture": "#0"}
			}
		},
		{
			"from": [5.46327, 15.15412, 7.0536],
			"to": [7.46327, 16.91662, 8.8161],
			"shade": false,
			"rotation": {"angle": -45, "axis": "x", "origin": [6.21327, 16.00412, 8.2286]},
			"faces": {
				"north": {"uv": [11, 3, 10, 4], "texture": "#0"},
				"east": {"uv": [11.5, 0, 10.5, 1], "texture": "#0"},
				"south": {"uv": [11, 6.5, 10, 7.5], "texture": "#0"},
				"west": {"uv": [11, 5.5, 10, 6.5], "texture": "#0"},
				"up": {"uv": [10.5, 2, 11.5, 1], "texture": "#0"},
				"down": {"uv": [2, 10.5, 3, 11.5], "texture": "#0"}
			}
		},
		{
			"from": [4.29856, 14.542, 6.742],
			"to": [5.81456, 17.058, 9.258],
			"shade": false,
			"rotation": {"angle": -22.5, "axis": "z", "origin": [5.30656, 15.55, 8]},
			"faces": {
				"north": {"uv": [4.75, 10.5, 4, 11.75], "texture": "#0"},
				"east": {"uv": [9.25, 8, 8, 9.25], "texture": "#0"},
				"south": {"uv": [11.25, 4, 10.5, 5.25], "texture": "#0"},
				"west": {"uv": [7.75, 8, 6.5, 9.25], "texture": "#0"},
				"up": {"uv": [6.5, 11.75, 7.25, 10.5], "texture": "#0"},
				"down": {"uv": [7.5, 10.5, 8.25, 11.75], "texture": "#0"}
			}
		},
		{
			"from": [4.95727, 15.8125, 6.744],
			"to": [7.46927, 17.3245, 9.256],
			"shade": false,
			"rotation": {"angle": 0, "axis": "y", "origin": [6.21327, 16.5685, 8]},
			"faces": {
				"north": {"uv": [11.75, 7.5, 10.5, 8.25], "texture": "#0"},
				"east": {"uv": [11.75, 9.5, 10.5, 10.25], "texture": "#0"},
				"south": {"uv": [11.75, 8.5, 10.5, 9.25], "texture": "#0"},
				"west": {"uv": [9.75, 10.5, 8.5, 11.25], "texture": "#0"},
				"up": {"uv": [3, 10.25, 4.25, 9], "texture": "#0"},
				"down": {"uv": [9, 4, 10.25, 5.25], "texture": "#0"}
			}
		},
		{
			"from": [6.46327, 16.22039, 7.0536],
			"to": [7.46327, 17.98289, 8.8161],
			"shade": false,
			"rotation": {"angle": 45, "axis": "x", "origin": [6.21327, 17.13289, 8.2286]},
			"faces": {
				"north": {"uv": [5, 9, 4.5, 10], "texture": "#0"},
				"east": {"uv": [4, 10.5, 3, 11.5], "texture": "#0"},
				"south": {"uv": [6.5, 11, 6, 12], "texture": "#0"},
				"west": {"uv": [11.5, 2, 10.5, 3], "texture": "#0"},
				"up": {"uv": [3, 12.5, 3.5, 11.5], "texture": "#0"},
				"down": {"uv": [3.5, 11.5, 4, 12.5], "texture": "#0"}
			}
		},
		{
			"from": [0.73939, 14.79361, 7.5996],
			"to": [2.14019, 16.21941, 8.4004],
			"shade": false,
			"rotation": {"angle": 0, "axis": "y", "origin": [1.60711, 17.14289, 8]},
			"faces": {
				"north": {"uv": [11, 5.5, 12.25, 6.25], "rotation": 90, "texture": "#0"},
				"south": {"uv": [11, 6.5, 12.25, 7.25], "rotation": 270, "texture": "#0"},
				"west": {"uv": [12.75, 1.5, 11.5, 1], "rotation": 270, "texture": "#0"},
				"up": {"uv": [12, 4, 12.5, 4.75], "rotation": 270, "texture": "#0"}
			}
		},
		{
			"from": [-1.67501, 16.05903, 7.6],
			"to": [0.04999, 16.80903, 8.4],
			"shade": false,
			"rotation": {"angle": 45, "axis": "z", "origin": [1.60711, 17.14289, 8]},
			"faces": {
				"north": {"uv": [3, 12.5, 3.25, 13.25], "rotation": 90, "texture": "#0"},
				"south": {"uv": [12.5, 3, 12.75, 3.75], "rotation": 270, "texture": "#0"},
				"up": {"uv": [4.5, 12, 5, 12.75], "rotation": 270, "texture": "#0"}
			}
		},
		{
			"from": [-0.25384, 14.04507, 7.5998],
			"to": [1.47156, 14.79547, 8.4002],
			"shade": false,
			"rotation": {"angle": 0, "axis": "y", "origin": [1.60711, 17.14289, 8]},
			"faces": {
				"north": {"uv": [3.5, 12.5, 3.75, 13.25], "rotation": 90, "texture": "#0"},
				"south": {"uv": [12.5, 4, 12.75, 4.75], "rotation": 270, "texture": "#0"},
				"down": {"uv": [5, 12, 5.5, 12.75], "rotation": 270, "texture": "#0"}
			}
		},
		{
			"from": [0.65963, 13.56907, 7.5994],
			"to": [1.07333, 13.98277, 8.4006],
			"shade": false,
			"rotation": {"angle": -22.5, "axis": "z", "origin": [1.60711, 17.14289, 8]},
			"faces": {
				"north": {"uv": [12.5, 10, 12.75, 10.25], "rotation": 90, "texture": "#0"},
				"south": {"uv": [10.5, 12.5, 10.75, 12.75], "rotation": 270, "texture": "#0"},
				"west": {"uv": [6.25, 13, 6, 12.5], "rotation": 270, "texture": "#0"},
				"down": {"uv": [12.5, 5.5, 13, 5.75], "rotation": 270, "texture": "#0"}
			}
		},
		{
			"from": [-0.68218, 13.63469, 7.5994],
			"to": [0.71902, 16.06089, 8.4006],
			"shade": false,
			"rotation": {"angle": 45, "axis": "z", "origin": [1.60711, 17.14289, 8]},
			"faces": {
				"north": {"uv": [10, 10.5, 11.25, 11.25], "rotation": 90, "texture": "#0"},
				"south": {"uv": [11, 3, 12.25, 3.75], "rotation": 270, "texture": "#0"},
				"west": {"uv": [12.75, 1, 11.5, 0.5], "rotation": 270, "texture": "#0"},
				"down": {"uv": [4, 12, 4.5, 12.75], "rotation": 270, "texture": "#0"}
			}
		},
		{
			"from": [2.25783, 15.60981, 7.5996],
			"to": [4.68363, 17.01061, 8.4004],
			"shade": false,
			"rotation": {"angle": -22.5, "axis": "z", "origin": [4.60711, 16.14289, 8]},
			"faces": {
				"north": {"uv": [11, 5.5, 12.25, 6.25], "texture": "#0"},
				"east": {"uv": [12, 4, 12.5, 4.75], "texture": "#0"},
				"south": {"uv": [11, 6.5, 12.25, 7.25], "texture": "#0"},
				"up": {"uv": [12.75, 1.5, 11.5, 1], "texture": "#0"}
			}
		},
		{
			"from": [3.52324, 17.70001, 7.6],
			"to": [4.27324, 19.42501, 8.4],
			"shade": false,
			"rotation": {"angle": 22.5, "axis": "z", "origin": [4.60711, 16.14289, 8]},
			"faces": {
				"north": {"uv": [3, 12.5, 3.25, 13.25], "texture": "#0"},
				"east": {"uv": [4.5, 12, 5, 12.75], "texture": "#0"},
				"south": {"uv": [12.5, 3, 12.75, 3.75], "texture": "#0"}
			}
		},
		{
			"from": [1.50928, 16.27844, 7.5998],
			"to": [2.25968, 18.00384, 8.4002],
			"shade": false,
			"rotation": {"angle": -22.5, "axis": "z", "origin": [4.60711, 16.14289, 8]},
			"faces": {
				"north": {"uv": [3.5, 12.5, 3.75, 13.25], "texture": "#0"},
				"south": {"uv": [12.5, 4, 12.75, 4.75], "texture": "#0"},
				"west": {"uv": [5, 12, 5.5, 12.75], "texture": "#0"}
			}
		},
		{
			"from": [1.03328, 16.67667, 7.5994],
			"to": [1.44698, 17.09037, 8.4006],
			"shade": false,
			"rotation": {"angle": -45, "axis": "z", "origin": [4.60711, 16.14289, 8]},
			"faces": {
				"north": {"uv": [12.5, 10, 12.75, 10.25], "texture": "#0"},
				"south": {"uv": [10.5, 12.5, 10.75, 12.75], "texture": "#0"},
				"west": {"uv": [12.5, 5.5, 13, 5.75], "texture": "#0"},
				"up": {"uv": [6.25, 13, 6, 12.5], "texture": "#0"}
			}
		},
		{
			"from": [1.0989, 17.03098, 7.5994],
			"to": [3.5251, 18.43218, 8.4006],
			"shade": false,
			"rotation": {"angle": 22.5, "axis": "z", "origin": [4.60711, 16.14289, 8]},
			"faces": {
				"north": {"uv": [10, 10.5, 11.25, 11.25], "texture": "#0"},
				"south": {"uv": [11, 3, 12.25, 3.75], "texture": "#0"},
				"west": {"uv": [4, 12, 4.5, 12.75], "texture": "#0"},
				"up": {"uv": [12.75, 1, 11.5, 0.5], "texture": "#0"}
			}
		},
		{
			"from": [0.5, 15, 6.75],
			"to": [3.5, 18, 9.25],
			"shade": false,
			"rotation": {"angle": -45, "axis": "z", "origin": [2, 16.5, 8]},
			"faces": {
				"north": {"uv": [5, 0, 6.5, 1.5], "texture": "#0"},
				"east": {"uv": [0, 8, 1.25, 9.5], "texture": "#0"},
				"south": {"uv": [5, 1.5, 6.5, 3], "texture": "#0"},
				"west": {"uv": [8, 0, 9.25, 1.5], "texture": "#0"},
				"up": {"uv": [3, 9.25, 1.5, 8], "texture": "#0"},
				"down": {"uv": [9.5, 1.5, 8, 2.75], "texture": "#0"}
			}
		},
		{
			"from": [1, 15.5, 6.25],
			"to": [3, 17.5, 9.75],
			"shade": false,
			"rotation": {"angle": -45, "axis": "z", "origin": [2, 16.5, 8]},
			"faces": {
				"north": {"uv": [2, 9.5, 3, 10.5], "texture": "#0"},
				"east": {"uv": [3, 8, 4.75, 9], "texture": "#0"},
				"south": {"uv": [9.5, 2, 10.5, 3], "texture": "#0"},
				"west": {"uv": [8, 3, 9.75, 4], "texture": "#0"},
				"up": {"uv": [9, 5.75, 8, 4], "texture": "#0"},
				"down": {"uv": [9, 6, 8, 7.75], "texture": "#0"}
			}
		},
		{
			"name": "ef",
			"from": [-1, -11.5, 8],
			"to": [9, -1.5, 8],
			"shade": false,
			"rotation": {"angle": -22.5, "axis": "y", "origin": [4, -6.5, 8]},
			"faces": {
				"north": {"uv": [16, 8, 8.25, 16], "texture": "#1"},
				"east": {"uv": [0, 0, 0, 5], "texture": "#missing"},
				"south": {"uv": [8.25, 8, 16, 16], "texture": "#1"},
				"west": {"uv": [0, 0, 0, 5], "texture": "#missing"},
				"up": {"uv": [0, 0, 5, 0], "rotation": 180, "texture": "#missing"},
				"down": {"uv": [0, 0, 5, 0], "rotation": 180, "texture": "#missing"}
			}
		},
		{
			"name": "ef",
			"from": [3.75, 9, 8],
			"to": [11.75, 17, 8],
			"shade": false,
			"rotation": {"angle": 45, "axis": "y", "origin": [7.75, 13, 8]},
			"faces": {
				"north": {"uv": [0.5, 0.75, 7, 7.25], "texture": "#1"},
				"east": {"uv": [0, 0, 0, 5], "texture": "#missing"},
				"south": {"uv": [7, 0.75, 0.5, 7.25], "texture": "#1"},
				"west": {"uv": [0, 0, 0, 5], "texture": "#missing"},
				"up": {"uv": [0, 0, 5, 0], "texture": "#missing"},
				"down": {"uv": [0, 0, 5, 0], "texture": "#missing"}
			}
		},
		{
			"name": "ef",
			"from": [-2.25, 12.25, 8],
			"to": [7.75, 22.25, 8],
			"shade": false,
			"rotation": {"angle": -22.5, "axis": "y", "origin": [2.75, 17.25, 8]},
			"faces": {
				"north": {"uv": [15.5, 0.75, 8.25, 7.25], "texture": "#1"},
				"east": {"uv": [0, 0, 0, 5], "texture": "#missing"},
				"south": {"uv": [15.5, 0.75, 8.25, 7.25], "texture": "#1"},
				"west": {"uv": [0, 0, 0, 5], "texture": "#missing"},
				"up": {"uv": [0, 0, 5, 0], "texture": "#missing"},
				"down": {"uv": [0, 0, 5, 0], "texture": "#missing"}
			}
		},
		{
			"name": "ef",
			"from": [3.5, -0.5, 8],
			"to": [13.5, 9.5, 8],
			"shade": false,
			"rotation": {"angle": 22.5, "axis": "y", "origin": [8.5, 4.5, 8]},
			"faces": {
				"north": {"uv": [1, 9.25, 7.5, 15.75], "texture": "#1"},
				"east": {"uv": [0, 0, 0, 5], "texture": "#missing"},
				"south": {"uv": [7.5, 9.25, 1, 15.75], "texture": "#1"},
				"west": {"uv": [0, 0, 0, 5], "texture": "#missing"},
				"up": {"uv": [0, 0, 5, 0], "texture": "#missing"},
				"down": {"uv": [0, 0, 5, 0], "texture": "#missing"}
			}
		}
	],
	"gui_light": "front",
	"display": {
		"thirdperson_righthand": {
			"rotation": [0, 109, 0],
			"translation": [0, 2.25, 1.75]
		},
		"thirdperson_lefthand": {
			"rotation": [0, -70, 0],
			"translation": [0, 2.25, 1.75]
		},
		"firstperson_righthand": {
			"rotation": [0, 75, 0],
			"translation": [4.5, 0.75, -5.25],
			"scale": [0.9, 0.9, 0.9]
		},
		"firstperson_lefthand": {
			"rotation": [0, -99, 0],
			"translation": [3.75, 0.75, -5.25],
			"scale": [0.9, 0.9, 0.9]
		},
		"ground": {
			"rotation": [0, 0, 45],
			"translation": [0, 6.5, 0],
			"scale": [0.4, 0.4, 0.4]
		},
		"gui": {
			"rotation": [180, 0, -135],
			"translation": [0, 3.75, 0],
			"scale": [0.7, 0.7, 0.7]
		},
		"head": {
			"scale": [0, 0, 0]
		},
		"fixed": {
			"translation": [1.5, 2.75, 0],
			"scale": [0.67, 0.67, 0.67]
		}
	},
	"groups": [
		0,
		{
			"name": "arrow",
			"origin": [5.5, 4.35, 6],
			"color": 0,
			"children": [1, 2]
		},
		{
			"name": "arc",
			"origin": [10.21327, 10.13289, 8.2286],
			"color": 0,
			"children": [
				3,
				4,
				{
					"name": "group",
					"origin": [9, 14, 7],
					"color": 0,
					"children": [5, 6, 7]
				},
				8,
				9,
				10,
				11,
				12,
				13,
				{
					"name": "group",
					"origin": [10.21327, 10.13289, 8.2286],
					"color": 0,
					"children": [14, 15, 16, 17, 18, 19]
				},
				{
					"name": "group",
					"origin": [7.14289, 21.14289, 8],
					"color": 0,
					"children": [20, 21, 22, 23, 24]
				},
				{
					"name": "group",
					"origin": [7.14289, 21.14289, 8],
					"color": 0,
					"children": [25, 26, 27, 28, 29]
				},
				{
					"name": "group",
					"origin": [8, 1.04784, 8],
					"color": 0,
					"children": [30, 31]
				}
			]
		},
		{
			"name": "arc",
			"origin": [10.21327, 10.13289, 8.2286],
			"color": 0,
			"children": [
				32,
				33,
				{
					"name": "group",
					"origin": [9, 14, 7],
					"color": 0,
					"children": [34, 35, 36]
				},
				37,
				38,
				39,
				40,
				41,
				42,
				{
					"name": "group",
					"origin": [10.21327, 10.13289, 8.2286],
					"color": 0,
					"children": [43, 44, 45, 46, 47, 48]
				},
				{
					"name": "group",
					"origin": [7.14289, 21.14289, 8],
					"color": 0,
					"children": [49, 50, 51, 52, 53]
				},
				{
					"name": "group",
					"origin": [7.14289, 21.14289, 8],
					"color": 0,
					"children": [54, 55, 56, 57, 58]
				},
				{
					"name": "group",
					"origin": [8, 1.04784, 8],
					"color": 0,
					"children": [59, 60]
				}
			]
		},
		{
			"name": "group",
			"origin": [8.5, 14.5, 8],
			"color": 0,
			"children": [61, 62, 63, 64]
		}
	]
}