{
  "model": {
    "property": "minecraft:custom_model_data",
    "type": "minecraft:range_dispatch",
    "fallback": {
      "base": "minecraft:item/template_skull",
      "model": {
        "type": "minecraft:player_head"
      },
      "type": "minecraft:special"
    },
    "entries": [
      {
        "threshold": 1,
        "model": {
          "type": "minecraft:model",
          "model": "item/flat_head"
        }
      },
      {
        "threshold": 2,
        "model": {
          "type": "minecraft:model",
          "model": "misc/large_head"
        }
      }
    ]
  }
}
