{
	"credit": "Made with Blockbench",
	"textures": {
		"1": "item/magma/magma_ef_long",
		"2": "item/magma/magma_atlas"
	},
	"elements": [
		{
			"from": [5.492, 14.742, 7.742],
			"to": [10.508, 20.258, 8.258],
			"rotation": {"angle": 0, "axis": "y", "origin": [8, 17.25, 8]},
			"faces": {
				"north": {"uv": [9, 0.625, 9.625, 1.375], "texture": "#2"},
				"east": {"uv": [5.375, 0.875, 5.5, 1.625], "texture": "#2"},
				"south": {"uv": [9, 2, 9.625, 2.75], "texture": "#2"},
				"west": {"uv": [3, 6.25, 3.125, 7], "texture": "#2"},
				"up": {"uv": [9.625, 1.5, 9, 1.375], "texture": "#2"},
				"down": {"uv": [11.875, 5.75, 11.25, 5.875], "texture": "#2"}
			}
		},
		{
			"from": [8, 20.5, 7.75],
			"to": [10.5, 22, 8.25],
			"rotation": {"angle": -45, "axis": "z", "origin": [8, 19.5, 8]},
			"faces": {
				"north": {"uv": [11.25, 1.125, 11.625, 1.375], "texture": "#2"},
				"east": {"uv": [12.25, 6.5, 12.375, 6.75], "texture": "#2"},
				"south": {"uv": [11.25, 3, 11.625, 3.25], "texture": "#2"},
				"west": {"uv": [12.25, 6.75, 12.375, 7], "texture": "#2"},
				"up": {"uv": [12.375, 5.625, 12, 5.5], "texture": "#2"},
				"down": {"uv": [7.5, 12, 7.125, 12.125], "texture": "#2"}
			}
		},
		{
			"from": [7.50103, 19.9952, 7.748],
			"to": [10.00503, 22.0992, 8.252],
			"rotation": {"angle": -22.5, "axis": "z", "origin": [8.75303, 21.0472, 8]},
			"faces": {
				"north": {"uv": [10.125, 11.75, 10.375, 12], "texture": "#2"},
				"east": {"uv": [4.875, 12.25, 5, 12.5], "texture": "#2"},
				"south": {"uv": [10.375, 11.75, 10.625, 12], "texture": "#2"},
				"west": {"uv": [12.25, 5.875, 12.375, 6.125], "texture": "#2"},
				"up": {"uv": [12.5, 6.25, 12.25, 6.125], "texture": "#2"},
				"down": {"uv": [6.75, 12.25, 6.5, 12.375], "texture": "#2"}
			}
		},
		{
			"from": [5.5, 20.5, 7.75],
			"to": [8, 22, 8.25],
			"rotation": {"angle": 45, "axis": "z", "origin": [8, 19.5, 8]},
			"faces": {
				"north": {"uv": [11.25, 3.5, 11.625, 3.75], "texture": "#2"},
				"east": {"uv": [8.25, 12.25, 8.375, 12.5], "texture": "#2"},
				"south": {"uv": [4.375, 11.25, 4.75, 11.5], "texture": "#2"},
				"west": {"uv": [8.625, 12.25, 8.75, 12.5], "texture": "#2"},
				"up": {"uv": [12.375, 7.625, 12, 7.5], "texture": "#2"},
				"down": {"uv": [12.375, 7.625, 12, 7.75], "texture": "#2"}
			}
		},
		{
			"from": [5.99297, 19.9932, 7.746],
			"to": [8.50097, 22.1012, 8.254],
			"rotation": {"angle": 22.5, "axis": "z", "origin": [7.24697, 21.0472, 8]},
			"faces": {
				"north": {"uv": [3.125, 11.25, 3.5, 11.5], "texture": "#2"},
				"east": {"uv": [12.25, 7.75, 12.375, 8], "texture": "#2"},
				"south": {"uv": [11.25, 3.25, 11.625, 3.5], "texture": "#2"},
				"west": {"uv": [8.125, 12.25, 8.25, 12.5], "texture": "#2"},
				"up": {"uv": [12.375, 7.5, 12, 7.375], "texture": "#2"},
				"down": {"uv": [7.875, 12, 7.5, 12.125], "texture": "#2"}
			}
		},
		{
			"from": [5.02513, 14.71447, 7.75],
			"to": [5.97513, 17.21447, 8.25],
			"rotation": {"angle": -22.5, "axis": "z", "origin": [5.52513, 15.96447, 8]},
			"faces": {
				"north": {"uv": [6.75, 12, 6.875, 12.375], "texture": "#2"},
				"east": {"uv": [6.875, 12, 7, 12.375], "texture": "#2"},
				"south": {"uv": [7, 12, 7.125, 12.375], "texture": "#2"},
				"west": {"uv": [12, 7, 12.125, 7.375], "texture": "#2"},
				"up": {"uv": [12.5, 10.125, 12.375, 10], "texture": "#2"},
				"down": {"uv": [12.5, 10.125, 12.375, 10.25], "texture": "#2"}
			}
		},
		{
			"from": [10.07487, 14.81447, 7.75],
			"to": [10.97487, 17.21447, 8.25],
			"rotation": {"angle": 22.5, "axis": "z", "origin": [10.47487, 15.96447, 8]},
			"faces": {
				"north": {"uv": [12.25, 9, 12.375, 9.25], "texture": "#2"},
				"east": {"uv": [9.125, 12.25, 9.25, 12.5], "texture": "#2"},
				"south": {"uv": [9.25, 12.25, 9.375, 12.5], "texture": "#2"},
				"west": {"uv": [12.25, 9.25, 12.375, 9.5], "texture": "#2"},
				"up": {"uv": [11.25, 12.5, 11.125, 12.375], "texture": "#2"},
				"down": {"uv": [11.375, 12.375, 11.25, 12.5], "texture": "#2"}
			}
		},
		{
			"from": [11.62012, 14.35467, 7.7],
			"to": [13.57012, 15.17967, 8.3],
			"rotation": {"angle": -45, "axis": "z", "origin": [12.62012, 14.67967, 8]},
			"faces": {
				"north": {"uv": [12.375, 1.125, 12.125, 1.25], "texture": "#2"},
				"east": {"uv": [12.5, 5.125, 12.375, 5.25], "texture": "#2"},
				"south": {"uv": [1.5, 12.125, 1.25, 12.25], "texture": "#2"},
				"west": {"uv": [12.5, 5, 12.375, 5.125], "texture": "#2"},
				"up": {"uv": [12.125, 1.375, 12.375, 1.25], "texture": "#2"},
				"down": {"uv": [1.5, 12.125, 1.75, 12.25], "texture": "#2"}
			}
		},
		{
			"from": [10.43734, 14.41111, 7.494],
			"to": [12.44934, 15.92311, 8.506],
			"rotation": {"angle": 0, "axis": "y", "origin": [9.44334, 14.76711, 8]},
			"faces": {
				"north": {"uv": [11.75, 7.5, 11.5, 7.75], "texture": "#2"},
				"east": {"uv": [12.25, 0.25, 12.125, 0.5], "texture": "#2"},
				"south": {"uv": [11.75, 8.125, 11.5, 8.375], "texture": "#2"},
				"west": {"uv": [0.375, 12.125, 0.25, 12.375], "texture": "#2"},
				"up": {"uv": [0.75, 12.25, 1, 12.125], "texture": "#2"},
				"down": {"uv": [1, 12.125, 1.25, 12.25], "texture": "#2"}
			}
		},
		{
			"from": [7.93534, 13.75911, 7.492],
			"to": [10.95134, 15.77511, 8.508],
			"rotation": {"angle": 22.5, "axis": "z", "origin": [9.44334, 14.76711, 8]},
			"faces": {
				"north": {"uv": [11.5, 9.25, 11.125, 9.5], "texture": "#2"},
				"east": {"uv": [12.25, 0, 12.125, 0.25], "texture": "#2"},
				"south": {"uv": [11.5, 9.5, 11.125, 9.75], "texture": "#2"},
				"west": {"uv": [8.375, 11, 8.25, 11.25], "texture": "#2"},
				"up": {"uv": [3.375, 4.5, 3.75, 4.375], "texture": "#2"},
				"down": {"uv": [8.875, 5.375, 9.25, 5.5], "texture": "#2"}
			}
		},
		{
			"from": [2.42988, 14.35467, 7.7],
			"to": [4.37988, 15.17967, 8.3],
			"rotation": {"angle": 45, "axis": "z", "origin": [3.37988, 14.67967, 8]},
			"faces": {
				"north": {"uv": [12.125, 1.125, 12.375, 1.25], "texture": "#2"},
				"east": {"uv": [12.375, 5, 12.5, 5.125], "texture": "#2"},
				"south": {"uv": [1.25, 12.125, 1.5, 12.25], "texture": "#2"},
				"west": {"uv": [12.375, 5.125, 12.5, 5.25], "texture": "#2"},
				"up": {"uv": [12.375, 1.375, 12.125, 1.25], "texture": "#2"},
				"down": {"uv": [1.75, 12.125, 1.5, 12.25], "texture": "#2"}
			}
		},
		{
			"from": [3.55066, 14.41111, 7.494],
			"to": [5.56266, 15.92311, 8.506],
			"rotation": {"angle": 0, "axis": "y", "origin": [6.55666, 14.76711, 8]},
			"faces": {
				"north": {"uv": [11.5, 7.5, 11.75, 7.75], "texture": "#2"},
				"east": {"uv": [0.25, 12.125, 0.375, 12.375], "texture": "#2"},
				"south": {"uv": [11.5, 8.125, 11.75, 8.375], "texture": "#2"},
				"west": {"uv": [12.125, 0.25, 12.25, 0.5], "texture": "#2"},
				"up": {"uv": [1, 12.25, 0.75, 12.125], "texture": "#2"},
				"down": {"uv": [1.25, 12.125, 1, 12.25], "texture": "#2"}
			}
		},
		{
			"from": [6.39289, 14.85, 7],
			"to": [7.54289, 16, 9],
			"rotation": {"angle": -45, "axis": "z", "origin": [7.29289, 14.1, 8]},
			"faces": {
				"north": {"uv": [4.5, 11.5, 4.75, 11.75], "texture": "#2"},
				"east": {"uv": [5.125, 11.5, 5.375, 11.75], "texture": "#2"},
				"south": {"uv": [11.5, 5.375, 11.75, 5.625], "texture": "#2"},
				"west": {"uv": [11.5, 5.875, 11.75, 6.125], "texture": "#2"},
				"up": {"uv": [7, 11.75, 6.75, 11.5], "texture": "#2"},
				"down": {"uv": [11.75, 7, 11.5, 7.25], "texture": "#2"}
			}
		},
		{
			"from": [5.04866, 13.75911, 7.492],
			"to": [8.06466, 15.77511, 8.508],
			"rotation": {"angle": -22.5, "axis": "z", "origin": [6.55666, 14.76711, 8]},
			"faces": {
				"north": {"uv": [11.125, 9.25, 11.5, 9.5], "texture": "#2"},
				"east": {"uv": [8.25, 11, 8.375, 11.25], "texture": "#2"},
				"south": {"uv": [11.125, 9.5, 11.5, 9.75], "texture": "#2"},
				"west": {"uv": [12.125, 0, 12.25, 0.25], "texture": "#2"},
				"up": {"uv": [3.75, 4.5, 3.375, 4.375], "texture": "#2"},
				"down": {"uv": [9.25, 5.375, 8.875, 5.5], "texture": "#2"}
			}
		},
		{
			"from": [6.5, 13.83744, 7.25],
			"to": [9.5, 16.83744, 8.75],
			"rotation": {"angle": -45, "axis": "z", "origin": [8, 15.33744, 8]},
			"faces": {
				"north": {"uv": [4.25, 5.875, 4.625, 6.25], "texture": "#2"},
				"east": {"uv": [8.875, 11.125, 9.125, 11.5], "texture": "#2"},
				"south": {"uv": [1, 7.125, 1.375, 7.5], "texture": "#2"},
				"west": {"uv": [11.125, 8.875, 11.375, 9.25], "texture": "#2"},
				"up": {"uv": [11.5, 5.625, 11.125, 5.375], "texture": "#2"},
				"down": {"uv": [11.5, 7, 11.125, 7.25], "texture": "#2"}
			}
		},
		{
			"from": [7.54289, 13.35, 7],
			"to": [9.04289, 14.85, 9],
			"rotation": {"angle": -45, "axis": "z", "origin": [7.29289, 14.1, 8]},
			"faces": {
				"north": {"uv": [4.5, 11.5, 4.75, 11.75], "texture": "#2"},
				"east": {"uv": [5.125, 11.5, 5.375, 11.75], "texture": "#2"},
				"south": {"uv": [11.5, 5.375, 11.75, 5.625], "texture": "#2"},
				"west": {"uv": [11.5, 5.875, 11.75, 6.125], "texture": "#2"},
				"up": {"uv": [7, 11.75, 6.75, 11.5], "texture": "#2"},
				"down": {"uv": [11.75, 7, 11.5, 7.25], "texture": "#2"}
			}
		},
		{
			"from": [7.25, 11.6, 7.25],
			"to": [8.75, 12.6, 8.75],
			"rotation": {"angle": 0, "axis": "y", "origin": [7, 8.1, 7]},
			"faces": {
				"north": {"uv": [2.125, 12.125, 2.375, 12.25], "texture": "#2"},
				"east": {"uv": [12.125, 2.125, 12.375, 2.25], "texture": "#2"},
				"south": {"uv": [12.125, 2.25, 12.375, 2.375], "texture": "#2"},
				"west": {"uv": [2.375, 12.125, 2.625, 12.25], "texture": "#2"},
				"up": {"uv": [11.75, 9.75, 11.5, 9.5], "texture": "#2"},
				"down": {"uv": [11.75, 9.75, 11.5, 10], "texture": "#2"}
			}
		},
		{
			"from": [6.5, -2.9, 7.5],
			"to": [7.5, -1.65, 8.5],
			"rotation": {"angle": 0, "axis": "y", "origin": [8, -2.525, 8]},
			"faces": {
				"north": {"uv": [11.625, 8.375, 11.75, 8.5], "texture": "#2"},
				"east": {"uv": [9.375, 11.625, 9.5, 11.75], "texture": "#2"},
				"south": {"uv": [10.125, 11.625, 10.25, 11.75], "texture": "#2"},
				"west": {"uv": [11.625, 11.375, 11.75, 11.5], "texture": "#2"},
				"up": {"uv": [11.875, 0.375, 11.75, 0.25], "texture": "#2"},
				"down": {"uv": [2.5, 11.75, 2.375, 11.875], "texture": "#2"}
			}
		},
		{
			"from": [6.7895, -3.36939, 7.494],
			"to": [7.8015, -2.35739, 8.506],
			"rotation": {"angle": 45, "axis": "z", "origin": [7.2955, -2.98839, 8]},
			"faces": {
				"north": {"uv": [11.125, 11, 11.25, 11.125], "texture": "#2"},
				"east": {"uv": [11.5, 10.875, 11.625, 11], "texture": "#2"},
				"south": {"uv": [11.625, 2.625, 11.75, 2.75], "texture": "#2"},
				"west": {"uv": [11.625, 4.25, 11.75, 4.375], "texture": "#2"},
				"up": {"uv": [11.75, 6.25, 11.625, 6.125], "texture": "#2"},
				"down": {"uv": [11.75, 7.75, 11.625, 7.875], "texture": "#2"}
			}
		},
		{
			"from": [7.192, -3.61511, 7.492],
			"to": [8.808, -2.59911, 8.508],
			"rotation": {"angle": 0, "axis": "y", "origin": [8, -3.10711, 8]},
			"faces": {
				"north": {"uv": [2, 9.5, 2.25, 9.625], "texture": "#2"},
				"east": {"uv": [6.75, 10.875, 6.875, 11], "texture": "#2"},
				"south": {"uv": [2.875, 9.625, 3.125, 9.75], "texture": "#2"},
				"west": {"uv": [4.375, 11.125, 4.5, 11.25], "texture": "#2"},
				"up": {"uv": [12.125, 12.125, 11.875, 12], "texture": "#2"},
				"down": {"uv": [0.25, 12.125, 0, 12.25], "texture": "#2"}
			}
		},
		{
			"from": [8.1985, -3.36939, 7.494],
			"to": [9.2105, -2.35739, 8.506],
			"rotation": {"angle": -45, "axis": "z", "origin": [8.7045, -2.98839, 8]},
			"faces": {
				"north": {"uv": [11.25, 11, 11.125, 11.125], "texture": "#2"},
				"east": {"uv": [11.75, 4.25, 11.625, 4.375], "texture": "#2"},
				"south": {"uv": [11.75, 2.625, 11.625, 2.75], "texture": "#2"},
				"west": {"uv": [11.625, 10.875, 11.5, 11], "texture": "#2"},
				"up": {"uv": [11.625, 6.25, 11.75, 6.125], "texture": "#2"},
				"down": {"uv": [11.625, 7.75, 11.75, 7.875], "texture": "#2"}
			}
		},
		{
			"from": [7, -2.9, 7],
			"to": [9, -0.9, 9],
			"rotation": {"angle": 0, "axis": "y", "origin": [7, -0.9, 7]},
			"faces": {
				"north": {"uv": [7.25, 1.5, 7.5, 1.75], "texture": "#2"},
				"east": {"uv": [11.5, 0.625, 11.75, 0.875], "texture": "#2"},
				"south": {"uv": [11.5, 0.875, 11.75, 1.125], "texture": "#2"},
				"west": {"uv": [11.5, 2, 11.75, 2.25], "texture": "#2"},
				"up": {"uv": [11.75, 2.5, 11.5, 2.25], "texture": "#2"},
				"down": {"uv": [11.75, 4.375, 11.5, 4.625], "texture": "#2"}
			}
		},
		{
			"from": [7.5, -0.9, 7.5],
			"to": [8.5, 14.1, 8.5],
			"rotation": {"angle": 0, "axis": "y", "origin": [7, 9.1, 7]},
			"faces": {
				"north": {"uv": [3.125, 6.25, 3.25, 8.125], "texture": "#2"},
				"east": {"uv": [2.5, 10, 2.625, 11.875], "texture": "#2"},
				"south": {"uv": [2.625, 10, 2.75, 11.875], "texture": "#2"},
				"west": {"uv": [2.75, 10, 2.875, 11.875], "texture": "#2"},
				"up": {"uv": [5.375, 12.5, 5.25, 12.375], "texture": "#2"},
				"down": {"uv": [12.5, 5.25, 12.375, 5.375], "texture": "#2"}
			}
		},
		{
			"from": [8.5, -2.9, 7.5],
			"to": [9.5, -1.65, 8.5],
			"rotation": {"angle": 0, "axis": "y", "origin": [8, -2.525, 8]},
			"faces": {
				"north": {"uv": [11.75, 8.375, 11.625, 8.5], "texture": "#2"},
				"east": {"uv": [11.75, 11.375, 11.625, 11.5], "texture": "#2"},
				"south": {"uv": [10.25, 11.625, 10.125, 11.75], "texture": "#2"},
				"west": {"uv": [9.5, 11.625, 9.375, 11.75], "texture": "#2"},
				"up": {"uv": [11.75, 0.375, 11.875, 0.25], "texture": "#2"},
				"down": {"uv": [2.375, 11.75, 2.5, 11.875], "texture": "#2"}
			}
		},
		{
			"name": "ef",
			"from": [5.5, -3, 8],
			"to": [12, 32, 8],
			"rotation": {"angle": 0, "axis": "y", "origin": [8.75, 15.5, 8]},
			"faces": {
				"north": {"uv": [12.75, 5.25, 15, 16], "texture": "#1"},
				"east": {"uv": [0, 0, 0, 2.875], "texture": "#missing"},
				"south": {"uv": [15, 5.25, 12.75, 16], "texture": "#1"},
				"west": {"uv": [0, 0, 0, 2.875], "texture": "#missing"},
				"up": {"uv": [0, 0, 0.75, 0], "texture": "#missing"},
				"down": {"uv": [0, 0, 0.75, 0], "texture": "#missing"}
			}
		},
		{
			"name": "ef",
			"from": [8.40254, 8, 8.58053],
			"to": [13.40254, 25, 8.58053],
			"rotation": {"angle": 22.5, "axis": "y", "origin": [11.90254, 14.5, 8.83053]},
			"faces": {
				"north": {"uv": [7, 5.25, 9.25, 16], "texture": "#1"},
				"east": {"uv": [0, 0, 0, 2.875], "texture": "#missing"},
				"south": {"uv": [9.25, 5.25, 7, 16], "texture": "#1"},
				"west": {"uv": [0, 0, 0, 2.875], "texture": "#missing"},
				"up": {"uv": [0, 0, 0.75, 0], "texture": "#missing"},
				"down": {"uv": [0, 0, 0.75, 0], "texture": "#missing"}
			}
		},
		{
			"name": "ef",
			"from": [2.40402, 12, 6.11746],
			"to": [6.90402, 29, 6.11746],
			"rotation": {"angle": 22.5, "axis": "y", "origin": [7.65402, 18.5, 7.71746]},
			"faces": {
				"north": {"uv": [3, 5.25, 0.75, 16], "texture": "#1"},
				"east": {"uv": [0, 0, 0, 2.875], "texture": "#missing"},
				"south": {"uv": [0.75, 5.25, 3, 16], "texture": "#1"},
				"west": {"uv": [0, 0, 0, 2.875], "texture": "#missing"},
				"up": {"uv": [0.75, 0, 0, 0], "texture": "#missing"},
				"down": {"uv": [0.75, 0, 0, 0], "texture": "#missing"}
			}
		},
		{
			"from": [4.592, 14.742, 7.892],
			"to": [11.408, 21.008, 8.108],
			"rotation": {"angle": 0, "axis": "y", "origin": [7, 0, 7]},
			"faces": {
				"north": {"uv": [4.25, 7.875, 5.125, 8.625], "texture": "#2"},
				"east": {"uv": [1.75, 11.125, 1.875, 11.875], "texture": "#2"},
				"south": {"uv": [5.125, 7.875, 6, 8.625], "texture": "#2"},
				"west": {"uv": [9.125, 11.125, 9.25, 11.875], "texture": "#2"},
				"up": {"uv": [12, 5.125, 11.125, 5], "texture": "#2"},
				"down": {"uv": [12, 5.125, 11.125, 5.25], "texture": "#2"}
			}
		},
		{
			"from": [8.13632, 20.59492, 7.894],
			"to": [10.59832, 22.60692, 8.106],
			"rotation": {"angle": 22.5, "axis": "z", "origin": [10.04232, 22.82592, 8]},
			"faces": {
				"north": {"uv": [11.875, 4.75, 12.125, 5], "texture": "#2"},
				"east": {"uv": [3.375, 12.375, 3.5, 12.625], "texture": "#2"},
				"south": {"uv": [4.875, 11.875, 5.125, 12.125], "texture": "#2"},
				"west": {"uv": [12.375, 3.375, 12.5, 3.625], "texture": "#2"},
				"up": {"uv": [3.75, 12.5, 3.5, 12.375], "texture": "#2"},
				"down": {"uv": [12.625, 3.625, 12.375, 3.75], "texture": "#2"}
			}
		},
		{
			"from": [5.40368, 20.59692, 7.896],
			"to": [7.86168, 22.60492, 8.104],
			"rotation": {"angle": -22.5, "axis": "z", "origin": [5.95768, 22.82592, 8]},
			"faces": {
				"north": {"uv": [11.875, 5.625, 12.125, 5.875], "texture": "#2"},
				"east": {"uv": [4.625, 12.375, 4.75, 12.625], "texture": "#2"},
				"south": {"uv": [5.75, 11.875, 6, 12.125], "texture": "#2"},
				"west": {"uv": [12.375, 4.625, 12.5, 4.875], "texture": "#2"},
				"up": {"uv": [12.625, 5, 12.375, 4.875], "texture": "#2"},
				"down": {"uv": [5.25, 12.375, 5, 12.5], "texture": "#2"}
			}
		},
		{
			"from": [7.51657, 21.6274, 7.898],
			"to": [10.34557, 23.2814, 8.102],
			"rotation": {"angle": -22.5, "axis": "z", "origin": [9.31857, 22.3794, 8]},
			"faces": {
				"north": {"uv": [11.375, 8.875, 11.75, 9.125], "texture": "#2"},
				"east": {"uv": [3.75, 12.375, 3.875, 12.625], "texture": "#2"},
				"south": {"uv": [9.875, 11.375, 10.25, 11.625], "texture": "#2"},
				"west": {"uv": [12.375, 3.75, 12.5, 4], "texture": "#2"},
				"up": {"uv": [9.875, 12.125, 9.5, 12], "texture": "#2"},
				"down": {"uv": [12.375, 9.625, 12, 9.75], "texture": "#2"}
			}
		},
		{
			"from": [5.65643, 21.6294, 7.9],
			"to": [8.48143, 23.2794, 8.1],
			"rotation": {"angle": 22.5, "axis": "z", "origin": [6.68143, 22.3794, 8]},
			"faces": {
				"north": {"uv": [11.375, 10, 11.75, 10.25], "texture": "#2"},
				"east": {"uv": [3.875, 12.375, 4, 12.625], "texture": "#2"},
				"south": {"uv": [11.5, 0, 11.875, 0.25], "texture": "#2"},
				"west": {"uv": [4, 12.375, 4.125, 12.625], "texture": "#2"},
				"up": {"uv": [12.375, 9.875, 12, 9.75], "texture": "#2"},
				"down": {"uv": [12.375, 9.875, 12, 10], "texture": "#2"}
			}
		},
		{
			"from": [6.25, 20.4, 7.9],
			"to": [8.25, 22.4, 8.1],
			"rotation": {"angle": 45, "axis": "z", "origin": [8, 17.4, 8]},
			"faces": {
				"north": {"uv": [11.875, 2.75, 12.125, 3], "texture": "#2"},
				"east": {"uv": [3.125, 12.375, 3.25, 12.625], "texture": "#2"},
				"south": {"uv": [11.875, 3, 12.125, 3.25], "texture": "#2"},
				"west": {"uv": [3.25, 12.375, 3.375, 12.625], "texture": "#2"},
				"up": {"uv": [12.625, 2.75, 12.375, 2.625], "texture": "#2"},
				"down": {"uv": [12.625, 3.25, 12.375, 3.375], "texture": "#2"}
			}
		},
		{
			"from": [4.15171, 14.76955, 7.9],
			"to": [5.00171, 16.76955, 8.1],
			"rotation": {"angle": -22.5, "axis": "z", "origin": [4.75171, 15.76955, 8]},
			"faces": {
				"north": {"uv": [12.375, 4, 12.5, 4.25], "texture": "#2"},
				"east": {"uv": [4.125, 12.375, 4.25, 12.625], "texture": "#2"},
				"south": {"uv": [12.375, 4.25, 12.5, 4.5], "texture": "#2"},
				"west": {"uv": [4.5, 12.375, 4.625, 12.625], "texture": "#2"},
				"up": {"uv": [2.875, 12.625, 2.75, 12.5], "texture": "#2"},
				"down": {"uv": [12.625, 2.75, 12.5, 2.875], "texture": "#2"}
			}
		},
		{
			"from": [7.75, 20.4, 7.9],
			"to": [9.75, 22.4, 8.1],
			"rotation": {"angle": -45, "axis": "z", "origin": [8, 17.4, 8]},
			"faces": {
				"north": {"uv": [12.125, 2.75, 11.875, 3], "texture": "#2"},
				"east": {"uv": [3.375, 12.375, 3.25, 12.625], "texture": "#2"},
				"south": {"uv": [12.125, 3, 11.875, 3.25], "texture": "#2"},
				"west": {"uv": [3.25, 12.375, 3.125, 12.625], "texture": "#2"},
				"up": {"uv": [12.375, 2.75, 12.625, 2.625], "texture": "#2"},
				"down": {"uv": [12.375, 3.25, 12.625, 3.375], "texture": "#2"}
			}
		},
		{
			"from": [10.99829, 14.76955, 7.9],
			"to": [11.84829, 16.76955, 8.1],
			"rotation": {"angle": 22.5, "axis": "z", "origin": [11.24829, 15.76955, 8]},
			"faces": {
				"north": {"uv": [12.5, 4, 12.375, 4.25], "texture": "#2"},
				"east": {"uv": [4.625, 12.375, 4.5, 12.625], "texture": "#2"},
				"south": {"uv": [12.5, 4.25, 12.375, 4.5], "texture": "#2"},
				"west": {"uv": [4.25, 12.375, 4.125, 12.625], "texture": "#2"},
				"up": {"uv": [2.75, 12.625, 2.875, 12.5], "texture": "#2"},
				"down": {"uv": [12.5, 2.75, 12.625, 2.875], "texture": "#2"}
			}
		}
	],
	"gui_light": "front",
	"display": {
		"thirdperson_righthand": {
			"rotation": [0, 90, 0],
			"translation": [0, 3.5, 2]
		},
		"thirdperson_lefthand": {
			"rotation": [0, 90, 0],
			"translation": [0, 3.5, 2]
		},
		"firstperson_righthand": {
			"rotation": [-78.61, -84.83, -86.42],
			"translation": [0.5, 3.5, -0.5],
			"scale": [0.72, 0.72, 0.72]
		},
		"firstperson_lefthand": {
			"rotation": [-78.61, -84.83, -86.42],
			"translation": [0.5, 3.5, -0.5],
			"scale": [0.72, 0.72, 0.72]
		},
		"ground": {
			"rotation": [0, 0, 45],
			"translation": [0, 4.25, 0],
			"scale": [0.4, 0.4, 0.4]
		},
		"gui": {
			"rotation": [-180, 0, -135],
			"translation": [-1.25, -1.5, 0],
			"scale": [0.7, 0.7, 0.7]
		},
		"head": {
			"translation": [0, 1.5, 0],
			"scale": [0, 0, 0]
		},
		"fixed": {
			"translation": [0, 0, -1.25]
		}
	},
	"groups": [
		{
			"name": "magma_shovel",
			"origin": [5.52513, 18.46447, 8],
			"color": 0,
			"children": [0, 1, 2, 3, 4, 5, 6, 7, 8, 9, 10, 11, 12, 13, 14, 15, 16, 17, 18, 19, 20, 21, 22, 23, 24, 25, 26, 27, 28, 29, 30, 31, 32, 33, 34, 35]
		}
	]
}