{
  "parent": "minecraft:item/handheld",
  "textures": {
    "layer0": "minecraft:item/netherite_axe"
  },
  "overrides": [
    {
      "predicate": {
        "damage": 0
      },
      "model": "item/netherite_axe"
    },
    {
      "predicate": {
        "custom_model_data": 1
      },
      "model": "heartandbloodtheme/heartaxe"
    },
    {
      "predicate": {
        "custom_model_data": 2
      },
      "model": "lightiningtheme/lightaxe"
    },
    {
      "predicate": {
        "custom_model_data": 3
      },
      "model": "christmas/noparticles/christmas_axe"
    },
    {
      "predicate": {
        "custom_model_data": 4
      },
      "model": "christmas/christmas_axe"
    },
    {
      "predicate": {
        "custom_model_data": 5
      },
      "model": "void/noparticles/void_axe"
    },
    {
      "predicate": {
        "custom_model_data": 6
      },
      "model": "void/void_axe"
    }
  ]
}