{
	"credit": "Made with Blockbench",
	"textures": {
		"1": "item/magma/magma_ef_long",
		"2": "item/magma/magma_atlas"
	},
	"elements": [
		{
			"from": [7.192, -7.71511, 7.492],
			"to": [8.808, -6.69911, 8.508],
			"rotation": {"angle": 0, "axis": "y", "origin": [8, -7.20711, 8]},
			"faces": {
				"north": {"uv": [2, 9.5, 2.25, 9.625], "texture": "#2"},
				"east": {"uv": [6.75, 10.875, 6.875, 11], "texture": "#2"},
				"south": {"uv": [2.875, 9.625, 3.125, 9.75], "texture": "#2"},
				"west": {"uv": [4.375, 11.125, 4.5, 11.25], "texture": "#2"},
				"up": {"uv": [12.125, 12.125, 11.875, 12], "texture": "#2"},
				"down": {"uv": [0.25, 12.125, 0, 12.25], "texture": "#2"}
			}
		},
		{
			"from": [7.5, -5, 7.5],
			"to": [8.5, 0, 8.5],
			"rotation": {"angle": 0, "axis": "y", "origin": [7, -5, 7]},
			"faces": {
				"north": {"uv": [3.25, 5.25, 3.375, 5.875], "texture": "#2"},
				"east": {"uv": [8.375, 11.375, 8.5, 12], "texture": "#2"},
				"south": {"uv": [8.5, 11.375, 8.625, 12], "texture": "#2"},
				"west": {"uv": [2, 11.5, 2.125, 12.125], "texture": "#2"},
				"up": {"uv": [9, 0.5, 8.875, 0.375], "texture": "#2"},
				"down": {"uv": [9, 2, 8.875, 2.125], "texture": "#2"}
			}
		},
		{
			"from": [7.25, -1.5, 7.25],
			"to": [8.75, -0.5, 8.75],
			"rotation": {"angle": 0, "axis": "y", "origin": [7, -5, 7]},
			"faces": {
				"north": {"uv": [2.125, 12.125, 2.375, 12.25], "texture": "#2"},
				"east": {"uv": [12.125, 2.125, 12.375, 2.25], "texture": "#2"},
				"south": {"uv": [12.125, 2.25, 12.375, 2.375], "texture": "#2"},
				"west": {"uv": [2.375, 12.125, 2.625, 12.25], "texture": "#2"},
				"up": {"uv": [11.75, 9.75, 11.5, 9.5], "texture": "#2"},
				"down": {"uv": [11.75, 9.75, 11.5, 10], "texture": "#2"}
			}
		},
		{
			"from": [6.748, 2.998, 7.748],
			"to": [9.252, 20.002, 8.252],
			"rotation": {"angle": 0, "axis": "y", "origin": [7, -3, 7]},
			"faces": {
				"north": {"uv": [2.375, 7.5, 2.75, 9.625], "texture": "#2"},
				"east": {"uv": [5.75, 9.75, 5.875, 11.875], "texture": "#2"},
				"south": {"uv": [2.75, 7.5, 3.125, 9.625], "texture": "#2"},
				"west": {"uv": [0.625, 9.875, 0.75, 12], "texture": "#2"},
				"up": {"uv": [9.25, 7.125, 8.875, 7], "texture": "#2"},
				"down": {"uv": [12.25, 10.875, 11.875, 11], "texture": "#2"}
			}
		},
		{
			"from": [7.125, 19.125, 7.75],
			"to": [8.875, 20.875, 8.25],
			"rotation": {"angle": 45, "axis": "z", "origin": [8, 20, 8]},
			"faces": {
				"north": {"uv": [8.875, 11.5, 9.125, 11.75], "texture": "#2"},
				"east": {"uv": [12.125, 1.5, 12.25, 1.75], "texture": "#2"},
				"south": {"uv": [11.5, 9.25, 11.75, 9.5], "texture": "#2"},
				"west": {"uv": [12.125, 1.75, 12.25, 2], "texture": "#2"},
				"up": {"uv": [2.125, 12.25, 1.875, 12.125], "texture": "#2"},
				"down": {"uv": [12.375, 2, 12.125, 2.125], "texture": "#2"}
			}
		},
		{
			"from": [7, -7, 7],
			"to": [9, -5, 9],
			"rotation": {"angle": 0, "axis": "y", "origin": [7, -5, 7]},
			"faces": {
				"north": {"uv": [7.25, 1.5, 7.5, 1.75], "texture": "#2"},
				"east": {"uv": [11.5, 0.625, 11.75, 0.875], "texture": "#2"},
				"south": {"uv": [11.5, 0.875, 11.75, 1.125], "texture": "#2"},
				"west": {"uv": [11.5, 2, 11.75, 2.25], "texture": "#2"},
				"up": {"uv": [11.75, 2.5, 11.5, 2.25], "texture": "#2"},
				"down": {"uv": [11.75, 4.375, 11.5, 4.625], "texture": "#2"}
			}
		},
		{
			"from": [7.54289, 0.25, 7],
			"to": [9.04289, 1.75, 9],
			"rotation": {"angle": -45, "axis": "z", "origin": [7.29289, 1, 8]},
			"faces": {
				"north": {"uv": [4.5, 11.5, 4.75, 11.75], "texture": "#2"},
				"east": {"uv": [5.125, 11.5, 5.375, 11.75], "texture": "#2"},
				"south": {"uv": [11.5, 5.375, 11.75, 5.625], "texture": "#2"},
				"west": {"uv": [11.5, 5.875, 11.75, 6.125], "texture": "#2"},
				"up": {"uv": [7, 11.75, 6.75, 11.5], "texture": "#2"},
				"down": {"uv": [11.75, 7, 11.5, 7.25], "texture": "#2"}
			}
		},
		{
			"from": [6.39289, 1.75, 7],
			"to": [7.54289, 2.9, 9],
			"rotation": {"angle": -45, "axis": "z", "origin": [7.29289, 1, 8]},
			"faces": {
				"north": {"uv": [4.5, 11.5, 4.75, 11.75], "texture": "#2"},
				"east": {"uv": [5.125, 11.5, 5.375, 11.75], "texture": "#2"},
				"south": {"uv": [11.5, 5.375, 11.75, 5.625], "texture": "#2"},
				"west": {"uv": [11.5, 5.875, 11.75, 6.125], "texture": "#2"},
				"up": {"uv": [7, 11.75, 6.75, 11.5], "texture": "#2"},
				"down": {"uv": [11.75, 7, 11.5, 7.25], "texture": "#2"}
			}
		},
		{
			"from": [3.90546, 4.75, 7.5],
			"to": [5.05546, 5.9, 8.5],
			"rotation": {"angle": -45, "axis": "z", "origin": [6.05546, 1, 8]},
			"faces": {
				"north": {"uv": [4.5, 11.5, 4.75, 11.75], "texture": "#2"},
				"east": {"uv": [5.125, 11.5, 5.375, 11.75], "texture": "#2"},
				"south": {"uv": [11.5, 5.375, 11.75, 5.625], "texture": "#2"},
				"west": {"uv": [11.5, 5.875, 11.75, 6.125], "texture": "#2"},
				"up": {"uv": [7, 11.75, 6.75, 11.5], "texture": "#2"},
				"down": {"uv": [11.75, 7, 11.5, 7.25], "texture": "#2"}
			}
		},
		{
			"from": [6.5, 0.73744, 7.25],
			"to": [9.5, 3.73744, 8.75],
			"rotation": {"angle": -45, "axis": "z", "origin": [8, 2.23744, 8]},
			"faces": {
				"north": {"uv": [4.25, 5.875, 4.625, 6.25], "texture": "#2"},
				"east": {"uv": [8.875, 11.125, 9.125, 11.5], "texture": "#2"},
				"south": {"uv": [1, 7.125, 1.375, 7.5], "texture": "#2"},
				"west": {"uv": [11.125, 8.875, 11.375, 9.25], "texture": "#2"},
				"up": {"uv": [11.5, 5.625, 11.125, 5.375], "texture": "#2"},
				"down": {"uv": [11.5, 7, 11.125, 7.25], "texture": "#2"}
			}
		},
		{
			"from": [5.04866, 0.65911, 7.492],
			"to": [8.06466, 2.67511, 8.508],
			"rotation": {"angle": -22.5, "axis": "z", "origin": [6.55666, 1.66711, 8]},
			"faces": {
				"north": {"uv": [11.125, 9.25, 11.5, 9.5], "texture": "#2"},
				"east": {"uv": [8.25, 11, 8.375, 11.25], "texture": "#2"},
				"south": {"uv": [11.125, 9.5, 11.5, 9.75], "texture": "#2"},
				"west": {"uv": [12.125, 0, 12.25, 0.25], "texture": "#2"},
				"up": {"uv": [3.75, 4.5, 3.375, 4.375], "texture": "#2"},
				"down": {"uv": [9.25, 5.375, 8.875, 5.5], "texture": "#2"}
			}
		},
		{
			"from": [3.55066, 1.31111, 7.494],
			"to": [5.56266, 2.82311, 8.506],
			"rotation": {"angle": 0, "axis": "y", "origin": [6.55666, 1.66711, 8]},
			"faces": {
				"north": {"uv": [11.5, 7.5, 11.75, 7.75], "texture": "#2"},
				"east": {"uv": [0.25, 12.125, 0.375, 12.375], "texture": "#2"},
				"south": {"uv": [11.5, 8.125, 11.75, 8.375], "texture": "#2"},
				"west": {"uv": [12.125, 0.25, 12.25, 0.5], "texture": "#2"},
				"up": {"uv": [1, 12.25, 0.75, 12.125], "texture": "#2"},
				"down": {"uv": [1.25, 12.125, 1, 12.25], "texture": "#2"}
			}
		},
		{
			"from": [2.42988, 1.25467, 7.7],
			"to": [4.37988, 2.07967, 8.3],
			"rotation": {"angle": 45, "axis": "z", "origin": [3.37988, 1.57967, 8]},
			"faces": {
				"north": {"uv": [12.125, 1.125, 12.375, 1.25], "texture": "#2"},
				"east": {"uv": [12.375, 5, 12.5, 5.125], "texture": "#2"},
				"south": {"uv": [1.25, 12.125, 1.5, 12.25], "texture": "#2"},
				"west": {"uv": [12.375, 5.125, 12.5, 5.25], "texture": "#2"},
				"up": {"uv": [12.375, 1.375, 12.125, 1.25], "texture": "#2"},
				"down": {"uv": [1.75, 12.125, 1.5, 12.25], "texture": "#2"}
			}
		},
		{
			"from": [11.62012, 1.25467, 7.7],
			"to": [13.57012, 2.07967, 8.3],
			"rotation": {"angle": -45, "axis": "z", "origin": [12.62012, 1.57967, 8]},
			"faces": {
				"north": {"uv": [12.375, 1.125, 12.125, 1.25], "texture": "#2"},
				"east": {"uv": [12.5, 5.125, 12.375, 5.25], "texture": "#2"},
				"south": {"uv": [1.5, 12.125, 1.25, 12.25], "texture": "#2"},
				"west": {"uv": [12.5, 5, 12.375, 5.125], "texture": "#2"},
				"up": {"uv": [12.125, 1.375, 12.375, 1.25], "texture": "#2"},
				"down": {"uv": [1.5, 12.125, 1.75, 12.25], "texture": "#2"}
			}
		},
		{
			"from": [10.43734, 1.31111, 7.494],
			"to": [12.44934, 2.82311, 8.506],
			"rotation": {"angle": 0, "axis": "y", "origin": [9.44334, 1.66711, 8]},
			"faces": {
				"north": {"uv": [11.75, 7.5, 11.5, 7.75], "texture": "#2"},
				"east": {"uv": [12.25, 0.25, 12.125, 0.5], "texture": "#2"},
				"south": {"uv": [11.75, 8.125, 11.5, 8.375], "texture": "#2"},
				"west": {"uv": [0.375, 12.125, 0.25, 12.375], "texture": "#2"},
				"up": {"uv": [0.75, 12.25, 1, 12.125], "texture": "#2"},
				"down": {"uv": [1, 12.125, 1.25, 12.25], "texture": "#2"}
			}
		},
		{
			"from": [7.93534, 0.65911, 7.492],
			"to": [10.95134, 2.67511, 8.508],
			"rotation": {"angle": 22.5, "axis": "z", "origin": [9.44334, 1.66711, 8]},
			"faces": {
				"north": {"uv": [11.5, 9.25, 11.125, 9.5], "texture": "#2"},
				"east": {"uv": [12.25, 0, 12.125, 0.25], "texture": "#2"},
				"south": {"uv": [11.5, 9.5, 11.125, 9.75], "texture": "#2"},
				"west": {"uv": [8.375, 11, 8.25, 11.25], "texture": "#2"},
				"up": {"uv": [3.375, 4.5, 3.75, 4.375], "texture": "#2"},
				"down": {"uv": [8.875, 5.375, 9.25, 5.5], "texture": "#2"}
			}
		},
		{
			"from": [6.5, -7, 7.5],
			"to": [7.5, -5.75, 8.5],
			"rotation": {"angle": 0, "axis": "y", "origin": [8, -6.625, 8]},
			"faces": {
				"north": {"uv": [11.625, 8.375, 11.75, 8.5], "texture": "#2"},
				"east": {"uv": [9.375, 11.625, 9.5, 11.75], "texture": "#2"},
				"south": {"uv": [10.125, 11.625, 10.25, 11.75], "texture": "#2"},
				"west": {"uv": [11.625, 11.375, 11.75, 11.5], "texture": "#2"},
				"up": {"uv": [11.875, 0.375, 11.75, 0.25], "texture": "#2"},
				"down": {"uv": [2.5, 11.75, 2.375, 11.875], "texture": "#2"}
			}
		},
		{
			"from": [6.7895, -7.46939, 7.494],
			"to": [7.8015, -6.45739, 8.506],
			"rotation": {"angle": 45, "axis": "z", "origin": [7.2955, -7.08839, 8]},
			"faces": {
				"north": {"uv": [11.125, 11, 11.25, 11.125], "texture": "#2"},
				"east": {"uv": [11.5, 10.875, 11.625, 11], "texture": "#2"},
				"south": {"uv": [11.625, 2.625, 11.75, 2.75], "texture": "#2"},
				"west": {"uv": [11.625, 4.25, 11.75, 4.375], "texture": "#2"},
				"up": {"uv": [11.75, 6.25, 11.625, 6.125], "texture": "#2"},
				"down": {"uv": [11.75, 7.75, 11.625, 7.875], "texture": "#2"}
			}
		},
		{
			"from": [8.5, -7, 7.5],
			"to": [9.5, -5.75, 8.5],
			"rotation": {"angle": 0, "axis": "y", "origin": [8, -6.625, 8]},
			"faces": {
				"north": {"uv": [11.75, 8.375, 11.625, 8.5], "texture": "#2"},
				"east": {"uv": [11.75, 11.375, 11.625, 11.5], "texture": "#2"},
				"south": {"uv": [10.25, 11.625, 10.125, 11.75], "texture": "#2"},
				"west": {"uv": [9.5, 11.625, 9.375, 11.75], "texture": "#2"},
				"up": {"uv": [11.75, 0.375, 11.875, 0.25], "texture": "#2"},
				"down": {"uv": [2.375, 11.75, 2.5, 11.875], "texture": "#2"}
			}
		},
		{
			"from": [8.1985, -7.46939, 7.494],
			"to": [9.2105, -6.45739, 8.506],
			"rotation": {"angle": -45, "axis": "z", "origin": [8.7045, -7.08839, 8]},
			"faces": {
				"north": {"uv": [11.25, 11, 11.125, 11.125], "texture": "#2"},
				"east": {"uv": [11.75, 4.25, 11.625, 4.375], "texture": "#2"},
				"south": {"uv": [11.75, 2.625, 11.625, 2.75], "texture": "#2"},
				"west": {"uv": [11.625, 10.875, 11.5, 11], "texture": "#2"},
				"up": {"uv": [11.625, 6.25, 11.75, 6.125], "texture": "#2"},
				"down": {"uv": [11.625, 7.75, 11.75, 7.875], "texture": "#2"}
			}
		},
		{
			"from": [5.848, 2.348, 7.898],
			"to": [10.152, 20.352, 8.102],
			"rotation": {"angle": 0, "axis": "y", "origin": [7, 0.1, 7]},
			"faces": {
				"north": {"uv": [3.25, 5.875, 3.75, 8.125], "texture": "#2"},
				"east": {"uv": [3.875, 9.75, 4, 12], "texture": "#2"},
				"south": {"uv": [3.75, 5.875, 3.25, 8.125], "texture": "#2"},
				"west": {"uv": [4, 9.75, 4.125, 12], "texture": "#2"},
				"up": {"uv": [7.625, 12, 7.125, 11.875], "texture": "#2"},
				"down": {"uv": [8.125, 11.875, 7.625, 12], "texture": "#2"}
			}
		},
		{
			"from": [1.45415, 16.23029, 7.9],
			"to": [4.50415, 19.28029, 8.1],
			"rotation": {"angle": 45, "axis": "z", "origin": [2.35415, 25.10529, 8]},
			"faces": {
				"north": {"uv": [10.875, 3, 11.25, 3.375], "texture": "#2"},
				"east": {"uv": [11.375, 12, 11.5, 12.375], "texture": "#2"},
				"south": {"uv": [11.25, 3, 10.875, 3.375], "texture": "#2"},
				"west": {"uv": [12, 11.375, 12.125, 11.75], "texture": "#2"},
				"up": {"uv": [11.875, 12.125, 11.5, 12], "texture": "#2"},
				"down": {"uv": [12.375, 11.75, 12, 11.875], "texture": "#2"}
			}
		},
		{
			"name": "ef",
			"from": [5.25, 2, 8],
			"to": [12.25, 32, 8],
			"rotation": {"angle": 0, "axis": "y", "origin": [8, 23.5, 8]},
			"faces": {
				"north": {"uv": [12.75, 5.25, 15, 16], "texture": "#1"},
				"east": {"uv": [0, 0, 0, 2.875], "texture": "#missing"},
				"south": {"uv": [15, 5.25, 12.75, 16], "texture": "#1"},
				"west": {"uv": [0, 0, 0, 2.875], "texture": "#missing"},
				"up": {"uv": [0, 0, 0.75, 0], "texture": "#missing"},
				"down": {"uv": [0, 0, 0.75, 0], "texture": "#missing"}
			}
		},
		{
			"name": "ef",
			"from": [3.55835, 6, 8.51351],
			"to": [8.55835, 23, 8.51351],
			"rotation": {"angle": -22.5, "axis": "y", "origin": [6.05835, 14.5, 8.51351]},
			"faces": {
				"north": {"uv": [9.25, 5.25, 7, 16], "texture": "#1"},
				"east": {"uv": [0, 0, 0, 2.875], "texture": "#missing"},
				"south": {"uv": [7, 5.25, 9.25, 16], "texture": "#1"},
				"west": {"uv": [0, 0, 0, 2.875], "texture": "#missing"},
				"up": {"uv": [0.75, 0, 0, 0], "texture": "#missing"},
				"down": {"uv": [0.75, 0, 0, 0], "texture": "#missing"}
			}
		},
		{
			"name": "ef",
			"from": [7.84598, 3, 7.46746],
			"to": [12.34598, 20, 7.46746],
			"rotation": {"angle": -22.5, "axis": "y", "origin": [9.84598, 16.5, 7.71746]},
			"faces": {
				"north": {"uv": [0.75, 5.25, 3, 16], "texture": "#1"},
				"east": {"uv": [0, 0, 0, 2.875], "texture": "#missing"},
				"south": {"uv": [3, 5.25, 0.75, 16], "texture": "#1"},
				"west": {"uv": [0, 0, 0, 2.875], "texture": "#missing"},
				"up": {"uv": [0, 0, 0.75, 0], "texture": "#missing"},
				"down": {"uv": [0, 0, 0.75, 0], "texture": "#missing"}
			}
		}
	],
	"gui_light": "front",
	"display": {
		"thirdperson_righthand": {
			"rotation": [0, 90, 0],
			"translation": [0, 8.5, 2]
		},
		"thirdperson_lefthand": {
			"rotation": [0, 90, 0],
			"translation": [0, 8.5, 2]
		},
		"firstperson_righthand": {
			"rotation": [-78.61, -84.83, -86.42],
			"translation": [1.5, 4.75, 0],
			"scale": [0.68, 0.68, 0.68]
		},
		"firstperson_lefthand": {
			"rotation": [-78.61, -84.83, -86.42],
			"translation": [1.5, 4.75, 0],
			"scale": [0.68, 0.68, 0.68]
		},
		"ground": {
			"rotation": [0, 0, 45],
			"translation": [0, 4.25, 0],
			"scale": [0.4, 0.4, 0.4]
		},
		"gui": {
			"rotation": [-180, 0, -135],
			"translation": [0.25, 0.25, 0],
			"scale": [0.7, 0.7, 0.7]
		},
		"head": {
			"translation": [0, 1.5, 0],
			"scale": [0, 0, 0]
		},
		"fixed": {
			"translation": [0, 0, -0.75]
		}
	},
	"groups": [
		{
			"name": "magma_sword",
			"origin": [7.2955, -2.08839, 8],
			"color": 0,
			"children": [0, 1, 2, 3, 4, 5, 6, 7, 8, 9, 10, 11, 12, 13, 14, 15, 16, 17, 18, 19, 20, 21, 22, 23, 24]
		}
	]
}