{
	"credit": "Made with Blockbench",
	"textures": {
		"0": "item/magma/magma_atlas",
		"1": "item/magma/magma_ef_long",
		"particle": "item/magma/magma_atlas"
	},
	"elements": [
		{
			"from": [5.7387, 4.08108, 6.894],
			"to": [13.4507, 11.79308, 7.956],
			"rotation": {"angle": 45, "axis": "z", "origin": [4.79527, 7.66983, 8.2125]},
			"faces": {
				"north": {"uv": [7.5, 7.5, 8.5, 8.5], "texture": "#0"},
				"east": {"uv": [2.75, 10, 2.875, 11], "texture": "#0"},
				"south": {"uv": [5, 7.75, 6, 8.75], "texture": "#0"},
				"west": {"uv": [5.375, 10.125, 5.5, 11.125], "texture": "#0"},
				"up": {"uv": [11.125, 8.75, 10.125, 8.625], "texture": "#0"},
				"down": {"uv": [10.5, 10.125, 9.5, 10.25], "texture": "#0"}
			}
		},
		{
			"from": [1.86555, 0.47005, 6.898],
			"to": [6.20955, 9.22405, 7.952],
			"rotation": {"angle": 22.5, "axis": "z", "origin": [4.79527, 7.66983, 8.2125]},
			"faces": {
				"north": {"uv": [6.75, 7.75, 7.25, 8.875], "texture": "#0"},
				"east": {"uv": [0.375, 9.875, 0.5, 11], "texture": "#0"},
				"south": {"uv": [3.375, 7.875, 3.875, 9], "texture": "#0"},
				"west": {"uv": [0.5, 9.875, 0.625, 11], "texture": "#0"},
				"up": {"uv": [7.25, 9, 6.75, 8.875], "texture": "#0"},
				"down": {"uv": [3.875, 9, 3.375, 9.125], "texture": "#0"}
			}
		},
		{
			"from": [9.65, 4.55, 5.92],
			"to": [10.35, 6.3, 6.83],
			"rotation": {"angle": 0, "axis": "y", "origin": [8, 6.425, 6.375]},
			"faces": {
				"north": {"uv": [4.5, 11.25, 4.375, 11.5], "texture": "#0"},
				"east": {"uv": [11.375, 5.25, 11.25, 5.5], "texture": "#0"},
				"south": {"uv": [11.375, 5, 11.25, 5.25], "texture": "#0"},
				"west": {"uv": [11.375, 4.75, 11.25, 5], "texture": "#0"},
				"up": {"uv": [9.5, 11.5, 9.625, 11.375], "texture": "#0"},
				"down": {"uv": [11.375, 9.5, 11.5, 9.625], "texture": "#0"}
			}
		},
		{
			"from": [9.79245, 0.47205, 6.9],
			"to": [14.13245, 9.22205, 7.95],
			"rotation": {"angle": -22.5, "axis": "z", "origin": [11.20473, 7.66983, 8.2125]},
			"faces": {
				"north": {"uv": [7.25, 7.75, 6.75, 8.875], "texture": "#0"},
				"east": {"uv": [0.625, 9.875, 0.5, 11], "texture": "#0"},
				"south": {"uv": [3.875, 7.875, 3.375, 9], "texture": "#0"},
				"west": {"uv": [0.5, 9.875, 0.375, 11], "texture": "#0"},
				"up": {"uv": [6.75, 9, 7.25, 8.875], "texture": "#0"},
				"down": {"uv": [3.375, 9, 3.875, 9.125], "texture": "#0"}
			}
		},
		{
			"from": [2.91355, -2.33195, 7.106],
			"to": [4.11155, 0.47605, 7.814],
			"rotation": {"angle": 22.5, "axis": "z", "origin": [4.79527, 7.66983, 8.2125]},
			"faces": {
				"north": {"uv": [2.625, 11.125, 2.75, 11.5], "texture": "#0"},
				"east": {"uv": [11.125, 3.625, 11.25, 4], "texture": "#0"},
				"south": {"uv": [11.125, 4, 11.25, 4.375], "texture": "#0"},
				"west": {"uv": [4.5, 11.125, 4.625, 11.5], "texture": "#0"},
				"up": {"uv": [9.375, 11.5, 9.25, 11.375], "texture": "#0"},
				"down": {"uv": [11.5, 9.25, 11.375, 9.375], "texture": "#0"}
			}
		},
		{
			"from": [0.40707, 4.87667, 7.104],
			"to": [1.95907, 6.42867, 7.816],
			"rotation": {"angle": 22.5, "axis": "z", "origin": [4.79527, 7.66983, 8.2125]},
			"faces": {
				"north": {"uv": [10.75, 9.25, 11, 9.5], "texture": "#0"},
				"east": {"uv": [5.5, 11.25, 5.625, 11.5], "texture": "#0"},
				"south": {"uv": [9.5, 10.75, 9.75, 11], "texture": "#0"},
				"west": {"uv": [11.25, 5.5, 11.375, 5.75], "texture": "#0"},
				"up": {"uv": [5.875, 11.375, 5.625, 11.25], "texture": "#0"},
				"down": {"uv": [11.5, 5.875, 11.25, 6], "texture": "#0"}
			}
		},
		{
			"from": [0.73245, 5.67475, 7.104],
			"to": [2.63445, 7.92675, 7.816],
			"rotation": {"angle": 0, "axis": "y", "origin": [4.79527, 7.66983, 8.2125]},
			"faces": {
				"north": {"uv": [10.75, 10.625, 11, 10.875], "texture": "#0"},
				"east": {"uv": [11.25, 6.875, 11.375, 7.125], "texture": "#0"},
				"south": {"uv": [10.875, 0.5, 11.125, 0.75], "texture": "#0"},
				"west": {"uv": [11.25, 7.125, 11.375, 7.375], "texture": "#0"},
				"up": {"uv": [11.5, 6.75, 11.25, 6.625], "texture": "#0"},
				"down": {"uv": [11.5, 7.375, 11.25, 7.5], "texture": "#0"}
			}
		},
		{
			"from": [1.09464, 7.38035, 7.104],
			"to": [4.39664, 11.03235, 7.816],
			"rotation": {"angle": -22.5, "axis": "z", "origin": [4.79527, 7.66983, 8.2125]},
			"faces": {
				"north": {"uv": [5.125, 9.625, 5.5, 10.125], "texture": "#0"},
				"east": {"uv": [0.625, 10.875, 0.75, 11.375], "texture": "#0"},
				"south": {"uv": [9.75, 4.5, 10.125, 5], "texture": "#0"},
				"west": {"uv": [0.75, 10.875, 0.875, 11.375], "texture": "#0"},
				"up": {"uv": [11.5, 2.375, 11.125, 2.25], "texture": "#0"},
				"down": {"uv": [11.5, 2.375, 11.125, 2.5], "texture": "#0"}
			}
		},
		{
			"from": [1.26939, 8.81781, 7.106],
			"to": [2.64239, 12.74581, 7.814],
			"rotation": {"angle": 0, "axis": "y", "origin": [4.79527, 7.66983, 8.2125]},
			"faces": {
				"north": {"uv": [10.875, 0.75, 11, 1.25], "texture": "#0"},
				"east": {"uv": [10.875, 1.75, 11, 2.25], "texture": "#0"},
				"south": {"uv": [3.5, 10.875, 3.625, 11.375], "texture": "#0"},
				"west": {"uv": [3.625, 10.875, 3.75, 11.375], "texture": "#0"},
				"up": {"uv": [9.75, 11.5, 9.625, 11.375], "texture": "#0"},
				"down": {"uv": [11.5, 9.625, 11.375, 9.75], "texture": "#0"}
			}
		},
		{
			"from": [-0.39948, 11.00796, 7.11],
			"to": [0.82552, 12.47796, 7.81],
			"rotation": {"angle": -22.5, "axis": "z", "origin": [4.79527, 7.66983, 8.2125]},
			"faces": {
				"north": {"uv": [9.75, 11.375, 9.875, 11.5], "texture": "#0"},
				"east": {"uv": [11.375, 9.75, 11.5, 9.875], "texture": "#0"},
				"south": {"uv": [9.875, 11.375, 10, 11.5], "texture": "#0"},
				"west": {"uv": [11.375, 9.875, 11.5, 10], "texture": "#0"},
				"up": {"uv": [10.125, 11.5, 10, 11.375], "texture": "#0"},
				"down": {"uv": [11.5, 10, 11.375, 10.125], "texture": "#0"}
			}
		},
		{
			"from": [0.59819, 3.6797, 7.11],
			"to": [3.18819, 5.2897, 7.81],
			"rotation": {"angle": -45, "axis": "z", "origin": [4.79527, 7.66983, 8.2125]},
			"faces": {
				"north": {"uv": [3.75, 10.5, 4.125, 10.75], "texture": "#0"},
				"east": {"uv": [7.625, 11.25, 7.75, 11.5], "texture": "#0"},
				"south": {"uv": [4.125, 10.5, 4.5, 10.75], "texture": "#0"},
				"west": {"uv": [7.75, 11.25, 7.875, 11.5], "texture": "#0"},
				"up": {"uv": [11.5, 0.625, 11.125, 0.5], "texture": "#0"},
				"down": {"uv": [11.5, 0.625, 11.125, 0.75], "texture": "#0"}
			}
		},
		{
			"from": [2.19741, 2.21927, 7.11],
			"to": [3.73741, 3.75927, 7.81],
			"rotation": {"angle": -22.5, "axis": "z", "origin": [4.79527, 7.66983, 8.2125]},
			"faces": {
				"north": {"uv": [9.75, 10.75, 10, 11], "texture": "#0"},
				"east": {"uv": [6, 11.25, 6.125, 11.5], "texture": "#0"},
				"south": {"uv": [10, 10.75, 10.25, 11], "texture": "#0"},
				"west": {"uv": [11.25, 6, 11.375, 6.25], "texture": "#0"},
				"up": {"uv": [6.375, 11.375, 6.125, 11.25], "texture": "#0"},
				"down": {"uv": [11.5, 6.5, 11.25, 6.625], "texture": "#0"}
			}
		},
		{
			"from": [10.36473, 12.17194, 7.102],
			"to": [11.92073, 13.72794, 7.818],
			"rotation": {"angle": 45, "axis": "z", "origin": [4.79527, 7.66983, 8.2125]},
			"faces": {
				"north": {"uv": [10.875, 1.25, 11.125, 1.5], "texture": "#0"},
				"east": {"uv": [11.25, 8, 11.375, 8.25], "texture": "#0"},
				"south": {"uv": [10.875, 2.25, 11.125, 2.5], "texture": "#0"},
				"west": {"uv": [11.25, 8.25, 11.375, 8.5], "texture": "#0"},
				"up": {"uv": [8.75, 11.375, 8.5, 11.25], "texture": "#0"},
				"down": {"uv": [11.5, 8.5, 11.25, 8.625], "texture": "#0"}
			}
		},
		{
			"from": [4.78, 13.11949, 7.11],
			"to": [6.32, 15.70949, 7.81],
			"rotation": {"angle": 0, "axis": "y", "origin": [4.79527, 7.66983, 8.2125]},
			"faces": {
				"north": {"uv": [0.625, 10.5, 0.875, 10.875], "texture": "#0"},
				"east": {"uv": [5.25, 11.125, 5.375, 11.5], "texture": "#0"},
				"south": {"uv": [4.5, 10.5, 4.75, 10.875], "texture": "#0"},
				"west": {"uv": [5.375, 11.125, 5.5, 11.5], "texture": "#0"},
				"up": {"uv": [11.5, 7.625, 11.25, 7.5], "texture": "#0"},
				"down": {"uv": [8.125, 11.25, 7.875, 11.375], "texture": "#0"}
			}
		},
		{
			"from": [12.26259, 2.21927, 7.11],
			"to": [13.80259, 3.75927, 7.81],
			"rotation": {"angle": 22.5, "axis": "z", "origin": [11.20473, 7.66983, 8.2125]},
			"faces": {
				"north": {"uv": [10, 10.75, 9.75, 11], "texture": "#0"},
				"east": {"uv": [11.375, 6, 11.25, 6.25], "texture": "#0"},
				"south": {"uv": [10.25, 10.75, 10, 11], "texture": "#0"},
				"west": {"uv": [6.125, 11.25, 6, 11.5], "texture": "#0"},
				"up": {"uv": [6.125, 11.375, 6.375, 11.25], "texture": "#0"},
				"down": {"uv": [11.25, 6.5, 11.5, 6.625], "texture": "#0"}
			}
		},
		{
			"from": [14.04093, 4.87667, 7.104],
			"to": [15.59293, 6.42867, 7.816],
			"rotation": {"angle": -22.5, "axis": "z", "origin": [11.20473, 7.66983, 8.2125]},
			"faces": {
				"north": {"uv": [11, 9.25, 10.75, 9.5], "texture": "#0"},
				"east": {"uv": [11.375, 5.5, 11.25, 5.75], "texture": "#0"},
				"south": {"uv": [9.75, 10.75, 9.5, 11], "texture": "#0"},
				"west": {"uv": [5.625, 11.25, 5.5, 11.5], "texture": "#0"},
				"up": {"uv": [5.625, 11.375, 5.875, 11.25], "texture": "#0"},
				"down": {"uv": [11.25, 5.875, 11.5, 6], "texture": "#0"}
			}
		},
		{
			"from": [12.81181, 3.6797, 7.11],
			"to": [15.40181, 5.2897, 7.81],
			"rotation": {"angle": 45, "axis": "z", "origin": [11.20473, 7.66983, 8.2125]},
			"faces": {
				"north": {"uv": [4.125, 10.5, 3.75, 10.75], "texture": "#0"},
				"east": {"uv": [7.875, 11.25, 7.75, 11.5], "texture": "#0"},
				"south": {"uv": [4.5, 10.5, 4.125, 10.75], "texture": "#0"},
				"west": {"uv": [7.75, 11.25, 7.625, 11.5], "texture": "#0"},
				"up": {"uv": [11.125, 0.625, 11.5, 0.5], "texture": "#0"},
				"down": {"uv": [11.125, 0.625, 11.5, 0.75], "texture": "#0"}
			}
		},
		{
			"from": [13.36555, 5.67475, 7.104],
			"to": [15.26755, 7.92675, 7.816],
			"rotation": {"angle": 0, "axis": "y", "origin": [11.20473, 7.66983, 8.2125]},
			"faces": {
				"north": {"uv": [11, 10.625, 10.75, 10.875], "texture": "#0"},
				"east": {"uv": [11.375, 7.125, 11.25, 7.375], "texture": "#0"},
				"south": {"uv": [11.125, 0.5, 10.875, 0.75], "texture": "#0"},
				"west": {"uv": [11.375, 6.875, 11.25, 7.125], "texture": "#0"},
				"up": {"uv": [11.25, 6.75, 11.5, 6.625], "texture": "#0"},
				"down": {"uv": [11.25, 7.375, 11.5, 7.5], "texture": "#0"}
			}
		},
		{
			"from": [4.07927, 12.17194, 7.102],
			"to": [5.63527, 13.72794, 7.818],
			"rotation": {"angle": -45, "axis": "z", "origin": [11.20473, 7.66983, 8.2125]},
			"faces": {
				"north": {"uv": [11.125, 1.25, 10.875, 1.5], "texture": "#0"},
				"east": {"uv": [11.375, 8.25, 11.25, 8.5], "texture": "#0"},
				"south": {"uv": [11.125, 2.25, 10.875, 2.5], "texture": "#0"},
				"west": {"uv": [11.375, 8, 11.25, 8.25], "texture": "#0"},
				"up": {"uv": [8.5, 11.375, 8.75, 11.25], "texture": "#0"},
				"down": {"uv": [11.25, 8.5, 11.5, 8.625], "texture": "#0"}
			}
		},
		{
			"from": [9.68, 13.11949, 7.11],
			"to": [11.22, 15.70949, 7.81],
			"rotation": {"angle": 0, "axis": "y", "origin": [11.20473, 7.66983, 8.2125]},
			"faces": {
				"north": {"uv": [0.875, 10.5, 0.625, 10.875], "texture": "#0"},
				"east": {"uv": [5.5, 11.125, 5.375, 11.5], "texture": "#0"},
				"south": {"uv": [4.75, 10.5, 4.5, 10.875], "texture": "#0"},
				"west": {"uv": [5.375, 11.125, 5.25, 11.5], "texture": "#0"},
				"up": {"uv": [11.25, 7.625, 11.5, 7.5], "texture": "#0"},
				"down": {"uv": [7.875, 11.25, 8.125, 11.375], "texture": "#0"}
			}
		},
		{
			"from": [15.17448, 11.00796, 7.11],
			"to": [16.39948, 12.47796, 7.81],
			"rotation": {"angle": 22.5, "axis": "z", "origin": [11.20473, 7.66983, 8.2125]},
			"faces": {
				"north": {"uv": [9.875, 11.375, 9.75, 11.5], "texture": "#0"},
				"east": {"uv": [11.5, 9.875, 11.375, 10], "texture": "#0"},
				"south": {"uv": [10, 11.375, 9.875, 11.5], "texture": "#0"},
				"west": {"uv": [11.5, 9.75, 11.375, 9.875], "texture": "#0"},
				"up": {"uv": [10, 11.5, 10.125, 11.375], "texture": "#0"},
				"down": {"uv": [11.375, 10, 11.5, 10.125], "texture": "#0"}
			}
		},
		{
			"from": [13.35761, 8.81781, 7.106],
			"to": [14.73061, 12.74581, 7.814],
			"rotation": {"angle": 0, "axis": "y", "origin": [11.20473, 7.66983, 8.2125]},
			"faces": {
				"north": {"uv": [11, 0.75, 10.875, 1.25], "texture": "#0"},
				"east": {"uv": [3.75, 10.875, 3.625, 11.375], "texture": "#0"},
				"south": {"uv": [3.625, 10.875, 3.5, 11.375], "texture": "#0"},
				"west": {"uv": [11, 1.75, 10.875, 2.25], "texture": "#0"},
				"up": {"uv": [9.625, 11.5, 9.75, 11.375], "texture": "#0"},
				"down": {"uv": [11.375, 9.625, 11.5, 9.75], "texture": "#0"}
			}
		},
		{
			"from": [11.60336, 7.38035, 7.104],
			"to": [14.90536, 11.03235, 7.816],
			"rotation": {"angle": 22.5, "axis": "z", "origin": [11.20473, 7.66983, 8.2125]},
			"faces": {
				"north": {"uv": [5.5, 9.625, 5.125, 10.125], "texture": "#0"},
				"east": {"uv": [0.875, 10.875, 0.75, 11.375], "texture": "#0"},
				"south": {"uv": [10.125, 4.5, 9.75, 5], "texture": "#0"},
				"west": {"uv": [0.75, 10.875, 0.625, 11.375], "texture": "#0"},
				"up": {"uv": [11.125, 2.375, 11.5, 2.25], "texture": "#0"},
				"down": {"uv": [11.125, 2.375, 11.5, 2.5], "texture": "#0"}
			}
		},
		{
			"from": [13.38408, 11.72646, 7.102],
			"to": [14.94008, 13.28246, 7.818],
			"rotation": {"angle": 45, "axis": "z", "origin": [4.79527, 7.66983, 8.2125]},
			"faces": {
				"north": {"uv": [10.875, 4.125, 11.125, 4.375], "texture": "#0"},
				"east": {"uv": [11.25, 9.25, 11.375, 9.5], "texture": "#0"},
				"south": {"uv": [4.5, 10.875, 4.75, 11.125], "texture": "#0"},
				"west": {"uv": [11.25, 9.5, 11.375, 9.75], "texture": "#0"},
				"up": {"uv": [10, 11.375, 9.75, 11.25], "texture": "#0"},
				"down": {"uv": [10.25, 11.25, 10, 11.375], "texture": "#0"}
			}
		},
		{
			"from": [7.23, 15.63949, 7.11],
			"to": [8.77, 17.52949, 7.81],
			"rotation": {"angle": 0, "axis": "y", "origin": [4.79527, 7.66983, 8.2125]},
			"faces": {
				"north": {"uv": [10.875, 3.625, 11.125, 3.875], "texture": "#0"},
				"east": {"uv": [8.75, 11.25, 8.875, 11.5], "texture": "#0"},
				"south": {"uv": [10.875, 3.875, 11.125, 4.125], "texture": "#0"},
				"west": {"uv": [8.875, 11.25, 9, 11.5], "texture": "#0"},
				"up": {"uv": [11.5, 8.75, 11.25, 8.625], "texture": "#0"},
				"down": {"uv": [9.25, 11.25, 9, 11.375], "texture": "#0"}
			}
		},
		{
			"from": [6.915, -1.84935, 7.11],
			"to": [9.085, 1.19565, 7.81],
			"rotation": {"angle": 0, "axis": "y", "origin": [4.79527, 7.66983, 8.2125]},
			"faces": {
				"north": {"uv": [7.625, 10.375, 7.875, 10.75], "texture": "#0"},
				"east": {"uv": [5, 11.125, 5.125, 11.5], "texture": "#0"},
				"south": {"uv": [9.25, 10.375, 9.5, 10.75], "texture": "#0"},
				"west": {"uv": [5.125, 11.125, 5.25, 11.5], "texture": "#0"},
				"up": {"uv": [4.25, 11.375, 4, 11.25], "texture": "#0"},
				"down": {"uv": [11.5, 4.125, 11.25, 4.25], "texture": "#0"}
			}
		},
		{
			"from": [-0.92236, -2.59747, 7.102],
			"to": [0.84364, -0.79647, 7.818],
			"rotation": {"angle": 45, "axis": "z", "origin": [4.79527, 7.66983, 8.2125]},
			"faces": {
				"north": {"uv": [10.75, 9, 11, 9.25], "texture": "#0"},
				"east": {"uv": [4.25, 11.25, 4.375, 11.5], "texture": "#0"},
				"south": {"uv": [9.25, 10.75, 9.5, 11], "texture": "#0"},
				"west": {"uv": [11.25, 4.25, 11.375, 4.5], "texture": "#0"},
				"up": {"uv": [11.5, 4.625, 11.25, 4.5], "texture": "#0"},
				"down": {"uv": [11.5, 4.625, 11.25, 4.75], "texture": "#0"}
			}
		},
		{
			"from": [11.40056, 0.12085, 7.106],
			"to": [12.59856, 2.92885, 7.814],
			"rotation": {"angle": -22.5, "axis": "z", "origin": [4.79527, 7.66983, 8.2125]},
			"faces": {
				"north": {"uv": [4.625, 11.125, 4.75, 11.5], "texture": "#0"},
				"east": {"uv": [4.75, 11.125, 4.875, 11.5], "texture": "#0"},
				"south": {"uv": [4.875, 11.125, 5, 11.5], "texture": "#0"},
				"west": {"uv": [11.125, 4.875, 11.25, 5.25], "texture": "#0"},
				"up": {"uv": [9.5, 11.5, 9.375, 11.375], "texture": "#0"},
				"down": {"uv": [11.5, 9.375, 11.375, 9.5], "texture": "#0"}
			}
		},
		{
			"from": [5.65, 4.55, 5.92],
			"to": [6.35, 6.3, 6.83],
			"rotation": {"angle": 0, "axis": "y", "origin": [8, 6.425, 6.375]},
			"faces": {
				"north": {"uv": [4.375, 11.25, 4.5, 11.5], "texture": "#0"},
				"east": {"uv": [11.25, 4.75, 11.375, 5], "texture": "#0"},
				"south": {"uv": [11.25, 5, 11.375, 5.25], "texture": "#0"},
				"west": {"uv": [11.25, 5.25, 11.375, 5.5], "texture": "#0"},
				"up": {"uv": [9.625, 11.5, 9.5, 11.375], "texture": "#0"},
				"down": {"uv": [11.5, 9.5, 11.375, 9.625], "texture": "#0"}
			}
		},
		{
			"from": [1.574, 2.092, 6.508],
			"to": [2.246, 4.332, 7.068],
			"rotation": {"angle": 0, "axis": "y", "origin": [4.79527, 7.66983, 8.2125]},
			"faces": {
				"north": {"uv": [11.25, 10.25, 11.375, 10.5], "texture": "#0"},
				"east": {"uv": [10.375, 11.25, 10.5, 11.5], "texture": "#0"},
				"south": {"uv": [10.5, 11.25, 10.625, 11.5], "texture": "#0"},
				"west": {"uv": [10.625, 11.25, 10.75, 11.5], "texture": "#0"},
				"up": {"uv": [10.25, 11.5, 10.125, 11.375], "texture": "#0"},
				"down": {"uv": [11.5, 10.125, 11.375, 10.25], "texture": "#0"}
			}
		},
		{
			"from": [1.574, 2.092, 7.908],
			"to": [2.246, 4.332, 8.468],
			"rotation": {"angle": 0, "axis": "y", "origin": [4.79527, 7.66983, 8.2125]},
			"faces": {
				"north": {"uv": [10.75, 11.25, 10.875, 11.5], "texture": "#0"},
				"east": {"uv": [11, 11.25, 11.125, 11.5], "texture": "#0"},
				"south": {"uv": [11.125, 11.25, 11.25, 11.5], "texture": "#0"},
				"west": {"uv": [11.25, 11.25, 11.375, 11.5], "texture": "#0"},
				"up": {"uv": [10.375, 11.5, 10.25, 11.375], "texture": "#0"},
				"down": {"uv": [11.5, 10.25, 11.375, 10.375], "texture": "#0"}
			}
		},
		{
			"from": [1.574, 3.772, 7.068],
			"to": [2.246, 4.332, 7.908],
			"rotation": {"angle": 0, "axis": "y", "origin": [4.79527, 7.66983, 8.2125]},
			"faces": {
				"north": {"uv": [11.375, 10.375, 11.5, 10.5], "texture": "#0"},
				"east": {"uv": [11.375, 10.625, 11.5, 10.75], "texture": "#0"},
				"south": {"uv": [11.375, 10.75, 11.5, 10.875], "texture": "#0"},
				"west": {"uv": [10.875, 11.375, 11, 11.5], "texture": "#0"},
				"up": {"uv": [11.5, 11, 11.375, 10.875], "texture": "#0"},
				"down": {"uv": [11.5, 11, 11.375, 11.125], "texture": "#0"}
			}
		},
		{
			"from": [1.574, 2.092, 7.068],
			"to": [2.246, 2.652, 7.908],
			"rotation": {"angle": 0, "axis": "y", "origin": [4.79527, 7.66983, 8.2125]},
			"faces": {
				"north": {"uv": [11.375, 11.125, 11.5, 11.25], "texture": "#0"},
				"east": {"uv": [11.375, 11.25, 11.5, 11.375], "texture": "#0"},
				"south": {"uv": [11.375, 11.375, 11.5, 11.5], "texture": "#0"},
				"west": {"uv": [11.5, 0, 11.625, 0.125], "texture": "#0"},
				"up": {"uv": [11.625, 0.25, 11.5, 0.125], "texture": "#0"},
				"down": {"uv": [0.375, 11.5, 0.25, 11.625], "texture": "#0"}
			}
		},
		{
			"from": [0.93, 0.842, 7.152],
			"to": [1.49, 3.082, 7.824],
			"rotation": {"angle": 0, "axis": "y", "origin": [1.91, 3.212, 7.488]},
			"faces": {
				"north": {"uv": [11.25, 11.25, 11.375, 11.5], "texture": "#0"},
				"east": {"uv": [10.75, 11.25, 10.875, 11.5], "texture": "#0"},
				"south": {"uv": [11, 11.25, 11.125, 11.5], "texture": "#0"},
				"west": {"uv": [11.125, 11.25, 11.25, 11.5], "texture": "#0"},
				"up": {"uv": [10.375, 11.5, 10.25, 11.375], "rotation": 90, "texture": "#0"},
				"down": {"uv": [11.5, 10.25, 11.375, 10.375], "rotation": 270, "texture": "#0"}
			}
		},
		{
			"from": [1.49, 0.842, 7.152],
			"to": [2.33, 1.402, 7.824],
			"rotation": {"angle": 0, "axis": "y", "origin": [1.91, 3.212, 7.488]},
			"faces": {
				"north": {"uv": [11.5, 0, 11.625, 0.125], "texture": "#0"},
				"east": {"uv": [11.375, 11.125, 11.5, 11.25], "texture": "#0"},
				"south": {"uv": [11.375, 11.25, 11.5, 11.375], "texture": "#0"},
				"west": {"uv": [11.375, 11.375, 11.5, 11.5], "texture": "#0"},
				"up": {"uv": [11.625, 0.25, 11.5, 0.125], "rotation": 90, "texture": "#0"},
				"down": {"uv": [0.375, 11.5, 0.25, 11.625], "rotation": 270, "texture": "#0"}
			}
		},
		{
			"from": [2.33, 0.842, 7.152],
			"to": [2.89, 3.082, 7.824],
			"rotation": {"angle": 0, "axis": "y", "origin": [1.91, 3.212, 7.488]},
			"faces": {
				"north": {"uv": [10.625, 11.25, 10.75, 11.5], "texture": "#0"},
				"east": {"uv": [11.25, 10.25, 11.375, 10.5], "texture": "#0"},
				"south": {"uv": [10.375, 11.25, 10.5, 11.5], "texture": "#0"},
				"west": {"uv": [10.5, 11.25, 10.625, 11.5], "texture": "#0"},
				"up": {"uv": [10.25, 11.5, 10.125, 11.375], "rotation": 90, "texture": "#0"},
				"down": {"uv": [11.5, 10.125, 11.375, 10.25], "rotation": 270, "texture": "#0"}
			}
		},
		{
			"from": [1.49, 2.522, 7.152],
			"to": [2.33, 3.082, 7.824],
			"rotation": {"angle": 0, "axis": "y", "origin": [1.91, 3.212, 7.488]},
			"faces": {
				"north": {"uv": [10.875, 11.375, 11, 11.5], "texture": "#0"},
				"east": {"uv": [11.375, 10.375, 11.5, 10.5], "texture": "#0"},
				"south": {"uv": [11.375, 10.625, 11.5, 10.75], "texture": "#0"},
				"west": {"uv": [11.375, 10.75, 11.5, 10.875], "texture": "#0"},
				"up": {"uv": [11.5, 11, 11.375, 10.875], "rotation": 90, "texture": "#0"},
				"down": {"uv": [11.5, 11, 11.375, 11.125], "rotation": 270, "texture": "#0"}
			}
		},
		{
			"from": [1.35, 0.002, 6.928],
			"to": [2.47, 0.842, 8.048],
			"rotation": {"angle": -45, "axis": "y", "origin": [1.91, 0.422, 7.488]},
			"faces": {
				"north": {"uv": [0.375, 11.5, 0.5, 11.625], "texture": "#0"},
				"east": {"uv": [11.5, 0.375, 11.625, 0.5], "texture": "#0"},
				"south": {"uv": [0.5, 11.5, 0.625, 11.625], "texture": "#0"},
				"west": {"uv": [11.5, 0.25, 11.625, 0.375], "texture": "#0"},
				"up": {"uv": [11.625, 0.625, 11.5, 0.5], "rotation": 270, "texture": "#0"},
				"down": {"uv": [11.625, 0.625, 11.5, 0.75], "rotation": 90, "texture": "#0"}
			}
		},
		{
			"from": [-3.13497, 2.56997, 7.208],
			"to": [-1.45497, 4.24997, 7.768],
			"rotation": {"angle": 45, "axis": "z", "origin": [4.79527, 6.41983, 8.2125]},
			"faces": {
				"north": {"uv": [4.75, 10.875, 5, 11.125], "texture": "#0"},
				"east": {"uv": [0, 11.375, 0.125, 11.625], "texture": "#0"},
				"south": {"uv": [5, 10.875, 5.25, 11.125], "texture": "#0"},
				"west": {"uv": [11.375, 0, 11.5, 0.25], "texture": "#0"},
				"up": {"uv": [11.5, 10.625, 11.25, 10.5], "texture": "#0"},
				"down": {"uv": [0.625, 11.375, 0.375, 11.5], "texture": "#0"}
			}
		},
		{
			"from": [13.754, 3.772, 7.068],
			"to": [14.426, 4.332, 7.908],
			"rotation": {"angle": 0, "axis": "y", "origin": [11.20473, 7.66983, 8.2125]},
			"faces": {
				"north": {"uv": [11.5, 10.375, 11.375, 10.5], "texture": "#0"},
				"east": {"uv": [11, 11.375, 10.875, 11.5], "texture": "#0"},
				"south": {"uv": [11.5, 10.75, 11.375, 10.875], "texture": "#0"},
				"west": {"uv": [11.5, 10.625, 11.375, 10.75], "texture": "#0"},
				"up": {"uv": [11.375, 11, 11.5, 10.875], "texture": "#0"},
				"down": {"uv": [11.375, 11, 11.5, 11.125], "texture": "#0"}
			}
		},
		{
			"from": [17.45497, 2.56997, 7.208],
			"to": [19.13497, 4.24997, 7.768],
			"rotation": {"angle": -45, "axis": "z", "origin": [11.20473, 6.41983, 8.2125]},
			"faces": {
				"north": {"uv": [5, 10.875, 4.75, 11.125], "texture": "#0"},
				"east": {"uv": [11.5, 0, 11.375, 0.25], "texture": "#0"},
				"south": {"uv": [5.25, 10.875, 5, 11.125], "texture": "#0"},
				"west": {"uv": [0.125, 11.375, 0, 11.625], "texture": "#0"},
				"up": {"uv": [11.25, 10.625, 11.5, 10.5], "texture": "#0"},
				"down": {"uv": [0.375, 11.375, 0.625, 11.5], "texture": "#0"}
			}
		},
		{
			"from": [13.53, 0.002, 6.928],
			"to": [14.65, 0.842, 8.048],
			"rotation": {"angle": 45, "axis": "y", "origin": [14.09, 0.422, 7.488]},
			"faces": {
				"north": {"uv": [0.5, 11.5, 0.375, 11.625], "texture": "#0"},
				"east": {"uv": [11.625, 0.25, 11.5, 0.375], "texture": "#0"},
				"south": {"uv": [0.625, 11.5, 0.5, 11.625], "texture": "#0"},
				"west": {"uv": [11.625, 0.375, 11.5, 0.5], "texture": "#0"},
				"up": {"uv": [11.625, 0.5, 11.5, 0.625], "rotation": 270, "texture": "#0"},
				"down": {"uv": [11.625, 0.75, 11.5, 0.625], "rotation": 90, "texture": "#0"}
			}
		},
		{
			"from": [13.67, 0.842, 7.152],
			"to": [14.51, 1.402, 7.824],
			"rotation": {"angle": 0, "axis": "y", "origin": [14.09, 3.212, 7.488]},
			"faces": {
				"north": {"uv": [11.625, 0, 11.5, 0.125], "texture": "#0"},
				"east": {"uv": [11.5, 11.375, 11.375, 11.5], "texture": "#0"},
				"south": {"uv": [11.5, 11.25, 11.375, 11.375], "texture": "#0"},
				"west": {"uv": [11.5, 11.125, 11.375, 11.25], "texture": "#0"},
				"up": {"uv": [11.625, 0.125, 11.5, 0.25], "rotation": 90, "texture": "#0"},
				"down": {"uv": [0.375, 11.625, 0.25, 11.5], "rotation": 270, "texture": "#0"}
			}
		},
		{
			"from": [13.11, 0.842, 7.152],
			"to": [13.67, 3.082, 7.824],
			"rotation": {"angle": 0, "axis": "y", "origin": [14.09, 3.212, 7.488]},
			"faces": {
				"north": {"uv": [10.75, 11.25, 10.625, 11.5], "texture": "#0"},
				"east": {"uv": [10.625, 11.25, 10.5, 11.5], "texture": "#0"},
				"south": {"uv": [10.5, 11.25, 10.375, 11.5], "texture": "#0"},
				"west": {"uv": [11.375, 10.25, 11.25, 10.5], "texture": "#0"},
				"up": {"uv": [10.25, 11.375, 10.125, 11.5], "rotation": 90, "texture": "#0"},
				"down": {"uv": [11.5, 10.25, 11.375, 10.125], "rotation": 270, "texture": "#0"}
			}
		},
		{
			"from": [13.67, 2.522, 7.152],
			"to": [14.51, 3.082, 7.824],
			"rotation": {"angle": 0, "axis": "y", "origin": [14.09, 3.212, 7.488]},
			"faces": {
				"north": {"uv": [11, 11.375, 10.875, 11.5], "texture": "#0"},
				"east": {"uv": [11.5, 10.75, 11.375, 10.875], "texture": "#0"},
				"south": {"uv": [11.5, 10.625, 11.375, 10.75], "texture": "#0"},
				"west": {"uv": [11.5, 10.375, 11.375, 10.5], "texture": "#0"},
				"up": {"uv": [11.5, 10.875, 11.375, 11], "rotation": 90, "texture": "#0"},
				"down": {"uv": [11.5, 11.125, 11.375, 11], "rotation": 270, "texture": "#0"}
			}
		},
		{
			"from": [14.51, 0.842, 7.152],
			"to": [15.07, 3.082, 7.824],
			"rotation": {"angle": 0, "axis": "y", "origin": [14.09, 3.212, 7.488]},
			"faces": {
				"north": {"uv": [11.375, 11.25, 11.25, 11.5], "texture": "#0"},
				"east": {"uv": [11.25, 11.25, 11.125, 11.5], "texture": "#0"},
				"south": {"uv": [11.125, 11.25, 11, 11.5], "texture": "#0"},
				"west": {"uv": [10.875, 11.25, 10.75, 11.5], "texture": "#0"},
				"up": {"uv": [10.375, 11.375, 10.25, 11.5], "rotation": 90, "texture": "#0"},
				"down": {"uv": [11.5, 10.375, 11.375, 10.25], "rotation": 270, "texture": "#0"}
			}
		},
		{
			"from": [13.754, 2.092, 6.508],
			"to": [14.426, 4.332, 7.068],
			"rotation": {"angle": 0, "axis": "y", "origin": [11.20473, 7.66983, 8.2125]},
			"faces": {
				"north": {"uv": [11.375, 10.25, 11.25, 10.5], "texture": "#0"},
				"east": {"uv": [10.75, 11.25, 10.625, 11.5], "texture": "#0"},
				"south": {"uv": [10.625, 11.25, 10.5, 11.5], "texture": "#0"},
				"west": {"uv": [10.5, 11.25, 10.375, 11.5], "texture": "#0"},
				"up": {"uv": [10.125, 11.5, 10.25, 11.375], "texture": "#0"},
				"down": {"uv": [11.375, 10.125, 11.5, 10.25], "texture": "#0"}
			}
		},
		{
			"from": [7.3, 8, 7.6],
			"to": [8.7, 9.4, 10.75],
			"rotation": {"angle": 0, "axis": "y", "origin": [4.79527, 7.66983, 8.2125]},
			"faces": {
				"north": {"uv": [11.5, 0.75, 11.625, 0.875], "texture": "#0"},
				"east": {"uv": [5.5, 11.125, 5.875, 11.25], "texture": "#0"},
				"south": {"uv": [0.875, 11.5, 1, 11.625], "texture": "#0"},
				"west": {"uv": [11.125, 5.75, 11.5, 5.875], "texture": "#0"},
				"up": {"uv": [6, 11.5, 5.875, 11.125], "texture": "#0"},
				"down": {"uv": [11.25, 5.875, 11.125, 6.25], "texture": "#0"}
			}
		},
		{
			"from": [7.3, 3.8, 7.6],
			"to": [8.7, 5.2, 10.75],
			"rotation": {"angle": 0, "axis": "y", "origin": [4.79527, 7.66983, 8.2125]},
			"faces": {
				"north": {"uv": [11.5, 0.875, 11.625, 1], "texture": "#0"},
				"east": {"uv": [6, 11.125, 6.375, 11.25], "texture": "#0"},
				"south": {"uv": [1, 11.5, 1.125, 11.625], "texture": "#0"},
				"west": {"uv": [11.125, 6.25, 11.5, 6.375], "texture": "#0"},
				"up": {"uv": [6.5, 11.5, 6.375, 11.125], "texture": "#0"},
				"down": {"uv": [6.75, 11.125, 6.625, 11.5], "texture": "#0"}
			}
		},
		{
			"from": [7.3, 5.2, 9.35],
			"to": [8.7, 8, 10.75],
			"rotation": {"angle": 0, "axis": "y", "origin": [4.79527, 7.66983, 8.2125]},
			"faces": {
				"north": {"uv": [6.75, 11.125, 6.875, 11.5], "texture": "#0"},
				"east": {"uv": [6.875, 11.125, 7, 11.5], "texture": "#0"},
				"south": {"uv": [11.125, 6.875, 11.25, 7.25], "texture": "#0"},
				"west": {"uv": [7.125, 11.125, 7.25, 11.5], "texture": "#0"},
				"up": {"uv": [1.25, 11.625, 1.125, 11.5], "texture": "#0"},
				"down": {"uv": [1.375, 11.5, 1.25, 11.625], "texture": "#0"}
			}
		},
		{
			"from": [7.18934, 4.75, 5.925],
			"to": [9.68934, 7.25, 7.925],
			"rotation": {"angle": -45, "axis": "z", "origin": [6.93934, 6, 6.95]},
			"faces": {
				"north": {"uv": [5.875, 10.625, 6.125, 10.875], "texture": "#0"},
				"east": {"uv": [6.125, 10.625, 6.375, 10.875], "texture": "#0"},
				"south": {"uv": [6.375, 10.625, 6.625, 10.875], "texture": "#0"},
				"west": {"uv": [7.125, 10.625, 7.375, 10.875], "texture": "#0"},
				"up": {"uv": [7.625, 10.875, 7.375, 10.625], "texture": "#0"},
				"down": {"uv": [8.5, 10.625, 8.25, 10.875], "texture": "#0"}
			}
		},
		{
			"from": [7.5, 6.91421, 5.875],
			"to": [8.5, 7.91421, 7.875],
			"rotation": {"angle": -45, "axis": "z", "origin": [8, 7.41421, 6.95]},
			"faces": {
				"north": {"uv": [5.875, 10.625, 6.125, 10.875], "texture": "#0"},
				"east": {"uv": [6.125, 10.625, 6.375, 10.875], "texture": "#0"},
				"south": {"uv": [6.375, 10.625, 6.625, 10.875], "texture": "#0"},
				"west": {"uv": [7.125, 10.625, 7.375, 10.875], "texture": "#0"},
				"up": {"uv": [7.625, 10.875, 7.375, 10.625], "texture": "#0"},
				"down": {"uv": [8.5, 10.625, 8.25, 10.875], "texture": "#0"}
			}
		},
		{
			"from": [6.5, 5.73744, 6.2],
			"to": [9.5, 8.73744, 7.7],
			"rotation": {"angle": -45, "axis": "z", "origin": [8, 7.23744, 6.95]},
			"faces": {
				"north": {"uv": [0, 9.875, 0.375, 10.25], "texture": "#0"},
				"east": {"uv": [2.375, 10.25, 2.625, 10.625], "texture": "#0"},
				"south": {"uv": [1.125, 10, 1.5, 10.375], "texture": "#0"},
				"west": {"uv": [1.125, 10.375, 1.375, 10.75], "texture": "#0"},
				"up": {"uv": [3.75, 10.625, 3.375, 10.375], "texture": "#0"},
				"down": {"uv": [5.125, 10.375, 4.75, 10.625], "texture": "#0"}
			}
		},
		{
			"from": [5.04866, 5.65911, 6.442],
			"to": [8.06466, 7.67511, 7.458],
			"rotation": {"angle": -22.5, "axis": "z", "origin": [6.55666, 6.66711, 6.95]},
			"faces": {
				"north": {"uv": [10.5, 1, 10.875, 1.25], "texture": "#0"},
				"east": {"uv": [11.125, 9.25, 11.25, 9.5], "texture": "#0"},
				"south": {"uv": [10.5, 1.25, 10.875, 1.5], "texture": "#0"},
				"west": {"uv": [9.5, 11.125, 9.625, 11.375], "texture": "#0"},
				"up": {"uv": [5, 9.125, 4.625, 9], "texture": "#0"},
				"down": {"uv": [10.5, 10, 10.125, 10.125], "texture": "#0"}
			}
		},
		{
			"from": [3.55066, 6.31111, 6.444],
			"to": [5.56266, 7.82311, 7.456],
			"rotation": {"angle": 0, "axis": "y", "origin": [6.55666, 6.66711, 6.95]},
			"faces": {
				"north": {"uv": [8.5, 10.625, 8.75, 10.875], "texture": "#0"},
				"east": {"uv": [11.125, 9.5, 11.25, 9.75], "texture": "#0"},
				"south": {"uv": [8.75, 10.625, 9, 10.875], "texture": "#0"},
				"west": {"uv": [9.625, 11.125, 9.75, 11.375], "texture": "#0"},
				"up": {"uv": [10, 11.25, 9.75, 11.125], "texture": "#0"},
				"down": {"uv": [11.375, 9.75, 11.125, 9.875], "texture": "#0"}
			}
		},
		{
			"from": [2.42988, 6.25467, 6.65],
			"to": [4.37988, 7.07967, 7.25],
			"rotation": {"angle": 45, "axis": "z", "origin": [3.37988, 6.57967, 6.95]},
			"faces": {
				"north": {"uv": [11.125, 9.875, 11.375, 10], "texture": "#0"},
				"east": {"uv": [6.5, 11.375, 6.625, 11.5], "texture": "#0"},
				"south": {"uv": [10, 11.125, 10.25, 11.25], "texture": "#0"},
				"west": {"uv": [11.375, 6.75, 11.5, 6.875], "texture": "#0"},
				"up": {"uv": [11.375, 10.125, 11.125, 10], "texture": "#0"},
				"down": {"uv": [11.375, 10.125, 11.125, 10.25], "texture": "#0"}
			}
		},
		{
			"from": [7.93534, 5.65911, 6.442],
			"to": [10.95134, 7.67511, 7.458],
			"rotation": {"angle": 22.5, "axis": "z", "origin": [9.44334, 6.66711, 6.95]},
			"faces": {
				"north": {"uv": [10.875, 1, 10.5, 1.25], "texture": "#0"},
				"east": {"uv": [9.625, 11.125, 9.5, 11.375], "texture": "#0"},
				"south": {"uv": [10.875, 1.25, 10.5, 1.5], "texture": "#0"},
				"west": {"uv": [11.25, 9.25, 11.125, 9.5], "texture": "#0"},
				"up": {"uv": [4.625, 9.125, 5, 9], "texture": "#0"},
				"down": {"uv": [10.125, 10, 10.5, 10.125], "texture": "#0"}
			}
		},
		{
			"from": [10.43734, 6.31111, 6.444],
			"to": [12.44934, 7.82311, 7.456],
			"rotation": {"angle": 0, "axis": "y", "origin": [9.44334, 6.66711, 6.95]},
			"faces": {
				"north": {"uv": [8.75, 10.625, 8.5, 10.875], "texture": "#0"},
				"east": {"uv": [9.75, 11.125, 9.625, 11.375], "texture": "#0"},
				"south": {"uv": [9, 10.625, 8.75, 10.875], "texture": "#0"},
				"west": {"uv": [11.25, 9.5, 11.125, 9.75], "texture": "#0"},
				"up": {"uv": [9.75, 11.25, 10, 11.125], "texture": "#0"},
				"down": {"uv": [11.125, 9.75, 11.375, 9.875], "texture": "#0"}
			}
		},
		{
			"from": [11.62012, 6.25467, 6.65],
			"to": [13.57012, 7.07967, 7.25],
			"rotation": {"angle": -45, "axis": "z", "origin": [12.62012, 6.57967, 6.95]},
			"faces": {
				"north": {"uv": [11.375, 9.875, 11.125, 10], "texture": "#0"},
				"east": {"uv": [11.5, 6.75, 11.375, 6.875], "texture": "#0"},
				"south": {"uv": [10.25, 11.125, 10, 11.25], "texture": "#0"},
				"west": {"uv": [6.625, 11.375, 6.5, 11.5], "texture": "#0"},
				"up": {"uv": [11.125, 10.125, 11.375, 10], "texture": "#0"},
				"down": {"uv": [11.125, 10.125, 11.375, 10.25], "texture": "#0"}
			}
		},
		{
			"name": "ef",
			"from": [12.73757, 7, 4.73066],
			"to": [15.73757, 20, 4.73066],
			"rotation": {"angle": -22.5, "axis": "y", "origin": [8.05787, 14, 8]},
			"faces": {
				"north": {"uv": [0.75, 5.25, 3, 16], "texture": "#1"},
				"east": {"uv": [0, 0, 0, 2.875], "texture": "#missing"},
				"south": {"uv": [3, 5.25, 0.75, 16], "texture": "#1"},
				"west": {"uv": [0, 0, 0, 2.875], "texture": "#missing"},
				"up": {"uv": [0, 0, 0.75, 0], "texture": "#missing"},
				"down": {"uv": [0, 0, 0.75, 0], "texture": "#missing"}
			}
		},
		{
			"name": "ef",
			"from": [5.5, -1, 6.25],
			"to": [12, 30, 6.25],
			"rotation": {"angle": 0, "axis": "y", "origin": [8.75, 14.5, 6.25]},
			"faces": {
				"north": {"uv": [12.75, 5.25, 15, 16], "texture": "#1"},
				"east": {"uv": [0, 0, 0, 2.875], "texture": "#missing"},
				"south": {"uv": [15, 5.25, 12.75, 16], "texture": "#1"},
				"west": {"uv": [0, 0, 0, 2.875], "texture": "#missing"},
				"up": {"uv": [0, 0, 0.75, 0], "texture": "#missing"},
				"down": {"uv": [0, 0, 0.75, 0], "texture": "#missing"}
			}
		},
		{
			"name": "ef",
			"from": [-0.55488, 6, 4.56905],
			"to": [4.44512, 23, 4.56905],
			"rotation": {"angle": 22.5, "axis": "y", "origin": [8.05787, 14, 8]},
			"faces": {
				"north": {"uv": [9.25, 5.25, 7, 16], "texture": "#1"},
				"east": {"uv": [0, 0, 0, 2.875], "texture": "#missing"},
				"south": {"uv": [7, 5.25, 9.25, 16], "texture": "#1"},
				"west": {"uv": [0, 0, 0, 2.875], "texture": "#missing"},
				"up": {"uv": [0.75, 0, 0, 0], "texture": "#missing"},
				"down": {"uv": [0.75, 0, 0, 0], "texture": "#missing"}
			}
		},
		{
			"name": "ef",
			"from": [0.19512, 7, 11.43095],
			"to": [3.69512, 20, 11.43095],
			"rotation": {"angle": -22.5, "axis": "y", "origin": [8.05787, 14, 8]},
			"faces": {
				"north": {"uv": [9.25, 5.25, 7, 16], "texture": "#1"},
				"east": {"uv": [0, 0, 0, 2.875], "texture": "#missing"},
				"south": {"uv": [7, 5.25, 9.25, 16], "texture": "#1"},
				"west": {"uv": [0, 0, 0, 2.875], "texture": "#missing"},
				"up": {"uv": [0.75, 0, 0, 0], "texture": "#missing"},
				"down": {"uv": [0.75, 0, 0, 0], "texture": "#missing"}
			}
		},
		{
			"name": "ef",
			"from": [11.98757, 6, 11.26934],
			"to": [16.48757, 23, 11.26934],
			"rotation": {"angle": 22.5, "axis": "y", "origin": [8.05787, 14, 8]},
			"faces": {
				"north": {"uv": [0.75, 5.25, 3, 16], "texture": "#1"},
				"east": {"uv": [0, 0, 0, 2.875], "texture": "#missing"},
				"south": {"uv": [3, 5.25, 0.75, 16], "texture": "#1"},
				"west": {"uv": [0, 0, 0, 2.875], "texture": "#missing"},
				"up": {"uv": [0, 0, 0.75, 0], "texture": "#missing"},
				"down": {"uv": [0, 0, 0.75, 0], "texture": "#missing"}
			}
		}
	],
	"gui_light": "front",
	"display": {
		"thirdperson_righthand": {
			"rotation": [0, -90, 0],
			"translation": [1.5, -0.25, 1.5],
			"scale": [1.2, 1.2, 1.2]
		},
		"thirdperson_lefthand": {
			"rotation": [0, -90, 0],
			"translation": [1.5, -0.25, 1.5],
			"scale": [1.2, 1.2, 1.2]
		},
		"firstperson_righthand": {
			"rotation": [13.46, -11.42, 6.56],
			"translation": [2, 1.25, 0],
			"scale": [0.8, 0.8, 0.8]
		},
		"firstperson_lefthand": {
			"rotation": [13.46, -11.42, 6.56],
			"translation": [2, 1.25, 0],
			"scale": [0.8, 0.8, 0.8]
		},
		"ground": {
			"rotation": [0, 0, 45],
			"translation": [0, 1, 0],
			"scale": [0.4, 0.4, 0.4]
		},
		"gui": {
			"rotation": [180, 0, -135],
			"translation": [1.25, 1.25, -1.25],
			"scale": [0.8, 0.8, 0.8]
		},
		"head": {
			"scale": [0, 0, 0]
		},
		"fixed": {
			"translation": [0, 0, -1.25]
		}
	},
	"groups": [
		{
			"name": "magma_shield",
			"origin": [8, 6.25, 9],
			"color": 0,
			"children": [
				0,
				1,
				2,
				3,
				4,
				5,
				6,
				7,
				8,
				9,
				10,
				11,
				12,
				13,
				14,
				15,
				16,
				17,
				18,
				19,
				20,
				21,
				22,
				23,
				24,
				25,
				26,
				27,
				28,
				29,
				30,
				31,
				32,
				33,
				34,
				35,
				36,
				37,
				38,
				39,
				40,
				41,
				42,
				43,
				44,
				45,
				46,
				47,
				48,
				49,
				50,
				51,
				52,
				53,
				54,
				55,
				56,
				57,
				58,
				59,
				60,
				61,
				62,
				63
			]
		}
	]
}