{
	"credit": "Made with Blockbench",
	"textures": {
		"1": "item/fire/fire_ef_long",
		"2": "item/fire/fire_fishing_rod",
		"particle": "item/fire/fire_fishing_rod"
	},
	"elements": [
		{
			"from": [7.5, -3, 7.5],
			"to": [8.5, 3, 8.5],
			"shade": false,
			"rotation": {"angle": 0, "axis": "y", "origin": [7.99972, 2.375, 8]},
			"faces": {
				"north": {"uv": [7.5, 0, 8, 3], "texture": "#2"},
				"east": {"uv": [8, 0, 7.5, 3], "texture": "#2"},
				"south": {"uv": [7.5, 0, 8, 3], "texture": "#2"},
				"west": {"uv": [8, 0, 7.5, 3], "texture": "#2"}
			}
		},
		{
			"from": [9, 3.25, 7],
			"to": [12, 6.25, 9],
			"shade": false,
			"rotation": {"angle": -45, "axis": "z", "origin": [10.5, 4.75, 8]},
			"faces": {
				"north": {"uv": [6, 0, 7.5, 1.5], "texture": "#2"},
				"east": {"uv": [3, 7.5, 4, 9], "texture": "#2"},
				"south": {"uv": [6, 1.5, 7.5, 3], "texture": "#2"},
				"west": {"uv": [7.5, 3, 8.5, 4.5], "texture": "#2"},
				"up": {"uv": [5.5, 8.5, 4, 7.5], "texture": "#2"},
				"down": {"uv": [9, 4.5, 7.5, 5.5], "texture": "#2"}
			}
		},
		{
			"from": [12, 4.4, 6.75],
			"to": [12.75, 5.1, 9.25],
			"shade": false,
			"rotation": {"angle": 0, "axis": "y", "origin": [14.25, 4.75, 8]},
			"faces": {
				"north": {"uv": [8.5, 13, 9, 13.25], "texture": "#2"},
				"east": {"uv": [8, 11.5, 9.25, 11.75], "texture": "#2"},
				"south": {"uv": [13, 8.5, 13.5, 8.75], "texture": "#2"},
				"west": {"uv": [9.5, 11.5, 10.75, 11.75], "texture": "#2"},
				"up": {"uv": [11, 2.25, 10.5, 1], "texture": "#2"},
				"down": {"uv": [4, 10.5, 3.5, 11.75], "texture": "#2"}
			}
		},
		{
			"from": [10.15, 2.5, 6.75],
			"to": [10.85, 3.25, 9.25],
			"shade": false,
			"rotation": {"angle": 0, "axis": "y", "origin": [10.5, 4.75, 8]},
			"faces": {
				"north": {"uv": [9.5, 13, 9.75, 13.5], "texture": "#2"},
				"east": {"uv": [7, 10.5, 8.25, 11], "texture": "#2"},
				"south": {"uv": [13, 9.5, 13.25, 10], "texture": "#2"},
				"west": {"uv": [8.5, 10.5, 9.75, 11], "texture": "#2"},
				"up": {"uv": [0.25, 13.25, 0, 12], "texture": "#2"},
				"down": {"uv": [0.75, 12, 0.5, 13.25], "texture": "#2"}
			}
		},
		{
			"from": [10.15, 6.25, 6.75],
			"to": [10.85, 7, 9.25],
			"shade": false,
			"rotation": {"angle": 0, "axis": "y", "origin": [10.5, 4.75, 8]},
			"faces": {
				"north": {"uv": [9, 13, 9.25, 13.5], "texture": "#2"},
				"east": {"uv": [10.5, 2.5, 11.75, 3], "texture": "#2"},
				"south": {"uv": [13, 9, 13.25, 9.5], "texture": "#2"},
				"west": {"uv": [5.5, 10.5, 6.75, 11], "texture": "#2"},
				"up": {"uv": [11.25, 12.75, 11, 11.5], "texture": "#2"},
				"down": {"uv": [11.75, 11, 11.5, 12.25], "texture": "#2"}
			}
		},
		{
			"from": [9.5, 3.75, 6.5],
			"to": [11.5, 5.75, 9.5],
			"shade": false,
			"rotation": {"angle": -45, "axis": "z", "origin": [10.5, 4.75, 8]},
			"faces": {
				"north": {"uv": [8, 9.5, 9, 10.5], "rotation": 270, "texture": "#2"},
				"east": {"uv": [9, 7, 8, 5.5], "rotation": 90, "texture": "#2"},
				"south": {"uv": [9, 9.5, 10, 10.5], "rotation": 90, "texture": "#2"},
				"west": {"uv": [9, 7, 8, 8.5], "rotation": 90, "texture": "#2"},
				"up": {"uv": [8, 1, 9.5, 2], "rotation": 90, "texture": "#2"},
				"down": {"uv": [8, 0, 9.5, 1], "rotation": 90, "texture": "#2"}
			}
		},
		{
			"from": [7.517, 5.742, 7.592],
			"to": [8.483, 11.508, 8.408],
			"shade": false,
			"rotation": {"angle": 0, "axis": "y", "origin": [8, 8.375, 8]},
			"faces": {
				"north": {"uv": [5.5, 7.5, 6, 10.5], "texture": "#2"},
				"east": {"uv": [7.5, 5.5, 8, 8.5], "texture": "#2"},
				"south": {"uv": [6, 7.5, 6.5, 10.5], "texture": "#2"},
				"west": {"uv": [6.5, 7.5, 7, 10.5], "texture": "#2"},
				"up": {"uv": [10, 3.5, 9.5, 3], "texture": "#2"},
				"down": {"uv": [1.5, 10, 1, 10.5], "texture": "#2"}
			}
		},
		{
			"from": [7.717, 11.508, 7.692],
			"to": [8.283, 16.274, 8.308],
			"shade": false,
			"rotation": {"angle": 0, "axis": "y", "origin": [8, 14.141, 8]},
			"faces": {
				"north": {"uv": [5, 8.5, 5.25, 11], "texture": "#2"},
				"east": {"uv": [2, 10.5, 2.25, 13], "texture": "#2"},
				"south": {"uv": [2.5, 10.5, 2.75, 13], "texture": "#2"},
				"west": {"uv": [3, 10.5, 3.25, 13], "texture": "#2"},
				"up": {"uv": [10.25, 13.25, 10, 13], "texture": "#2"},
				"down": {"uv": [13.25, 10, 13, 10.25], "texture": "#2"}
			}
		},
		{
			"from": [7.792, 16.258, 7.792],
			"to": [8.208, 20.274, 8.208],
			"shade": false,
			"rotation": {"angle": 0, "axis": "y", "origin": [8, 14.141, 8]},
			"faces": {
				"north": {"uv": [11, 5, 11.25, 7], "texture": "#2"},
				"east": {"uv": [6, 11, 6.25, 13], "texture": "#2"},
				"south": {"uv": [6.5, 11, 6.75, 13], "texture": "#2"},
				"west": {"uv": [7, 11, 7.25, 13], "texture": "#2"},
				"up": {"uv": [10.75, 13.25, 10.5, 13], "texture": "#2"},
				"down": {"uv": [13.25, 10.5, 13, 10.75], "texture": "#2"}
			}
		},
		{
			"from": [7.267, 6.842, 7.342],
			"to": [8.733, 7.608, 8.658],
			"shade": false,
			"rotation": {"angle": 0, "axis": "y", "origin": [8, 6.975, 8]},
			"faces": {
				"north": {"uv": [11, 7, 11.75, 7.5], "texture": "#2"},
				"east": {"uv": [7.5, 11, 8.25, 11.5], "texture": "#2"},
				"south": {"uv": [11, 7.5, 11.75, 8], "texture": "#2"},
				"west": {"uv": [11, 8, 11.75, 8.5], "texture": "#2"},
				"up": {"uv": [0.75, 11.75, 0, 11], "texture": "#2"},
				"down": {"uv": [11.75, 1, 11, 1.75], "texture": "#2"}
			}
		},
		{
			"from": [7.267, 10.342, 7.342],
			"to": [8.733, 11.108, 8.658],
			"shade": false,
			"rotation": {"angle": 0, "axis": "y", "origin": [8, 10.475, 8]},
			"faces": {
				"north": {"uv": [8.5, 11, 9.25, 11.5], "texture": "#2"},
				"east": {"uv": [11, 8.5, 11.75, 9], "texture": "#2"},
				"south": {"uv": [11, 9, 11.75, 9.5], "texture": "#2"},
				"west": {"uv": [9.5, 11, 10.25, 11.5], "texture": "#2"},
				"up": {"uv": [11.75, 3.75, 11, 3], "texture": "#2"},
				"down": {"uv": [4.75, 11, 4, 11.75], "texture": "#2"}
			}
		},
		{
			"from": [7.517, 14.342, 7.542],
			"to": [8.483, 15.108, 8.458],
			"shade": false,
			"rotation": {"angle": 0, "axis": "y", "origin": [8, 14.475, 8]},
			"faces": {
				"north": {"uv": [12, 4.5, 12.5, 5], "texture": "#2"},
				"east": {"uv": [5, 12, 5.5, 12.5], "texture": "#2"},
				"south": {"uv": [5.5, 12, 6, 12.5], "texture": "#2"},
				"west": {"uv": [12, 6, 12.5, 6.5], "texture": "#2"},
				"up": {"uv": [12.5, 7, 12, 6.5], "texture": "#2"},
				"down": {"uv": [12.5, 7, 12, 7.5], "texture": "#2"}
			}
		},
		{
			"from": [7.617, 17.842, 7.642],
			"to": [8.383, 18.608, 8.358],
			"shade": false,
			"rotation": {"angle": 0, "axis": "y", "origin": [8, 17.975, 8]},
			"faces": {
				"north": {"uv": [12, 7.5, 12.5, 8], "texture": "#2"},
				"east": {"uv": [13, 7, 13.25, 7.5], "texture": "#2"},
				"south": {"uv": [8, 12, 8.5, 12.5], "texture": "#2"},
				"west": {"uv": [13, 7.5, 13.25, 8], "texture": "#2"},
				"up": {"uv": [8.5, 13.25, 8, 13], "texture": "#2"},
				"down": {"uv": [13.5, 8, 13, 8.25], "texture": "#2"}
			}
		},
		{
			"from": [8.967, 6.842, 7.492],
			"to": [9.733, 7.608, 8.258],
			"shade": false,
			"rotation": {"angle": 45, "axis": "y", "origin": [9.35, 7.225, 8]},
			"faces": {
				"north": {"uv": [12, 8, 12.5, 8.5], "texture": "#2"},
				"east": {"uv": [8.5, 12, 9, 12.5], "texture": "#2"},
				"south": {"uv": [12, 8.5, 12.5, 9], "texture": "#2"},
				"west": {"uv": [9, 12, 9.5, 12.5], "texture": "#2"},
				"up": {"uv": [12.5, 9.5, 12, 9], "texture": "#2"},
				"down": {"uv": [10, 12, 9.5, 12.5], "texture": "#2"}
			}
		},
		{
			"from": [8.967, 10.342, 7.492],
			"to": [9.733, 11.108, 8.258],
			"shade": false,
			"rotation": {"angle": 45, "axis": "y", "origin": [9.35, 10.725, 8]},
			"faces": {
				"north": {"uv": [12, 9.5, 12.5, 10], "texture": "#2"},
				"east": {"uv": [10, 12, 10.5, 12.5], "texture": "#2"},
				"south": {"uv": [12, 10, 12.5, 10.5], "texture": "#2"},
				"west": {"uv": [10.5, 12, 11, 12.5], "texture": "#2"},
				"up": {"uv": [12.5, 11, 12, 10.5], "texture": "#2"},
				"down": {"uv": [12.5, 11, 12, 11.5], "texture": "#2"}
			}
		},
		{
			"from": [8.717, 14.342, 7.492],
			"to": [9.483, 15.108, 8.258],
			"shade": false,
			"rotation": {"angle": 45, "axis": "y", "origin": [9.05, 16.475, 8]},
			"faces": {
				"north": {"uv": [12, 11.5, 12.5, 12], "texture": "#2"},
				"east": {"uv": [12, 12, 12.5, 12.5], "texture": "#2"},
				"south": {"uv": [12.5, 0, 13, 0.5], "texture": "#2"},
				"west": {"uv": [12.5, 0.5, 13, 1], "texture": "#2"},
				"up": {"uv": [1.5, 13, 1, 12.5], "texture": "#2"},
				"down": {"uv": [2, 12.5, 1.5, 13], "texture": "#2"}
			}
		},
		{
			"from": [8.617, 17.842, 7.492],
			"to": [9.383, 18.608, 8.258],
			"shade": false,
			"rotation": {"angle": 45, "axis": "y", "origin": [9.05, 16.475, 8]},
			"faces": {
				"north": {"uv": [3.5, 12.5, 4, 13], "texture": "#2"},
				"east": {"uv": [4, 12.5, 4.5, 13], "texture": "#2"},
				"south": {"uv": [4.5, 12.5, 5, 13], "texture": "#2"},
				"west": {"uv": [12.5, 4.5, 13, 5], "texture": "#2"},
				"up": {"uv": [5.5, 13, 5, 12.5], "texture": "#2"},
				"down": {"uv": [13, 5, 12.5, 5.5], "texture": "#2"}
			}
		},
		{
			"from": [6.75, 1, 6.75],
			"to": [9.25, 2, 9.25],
			"shade": false,
			"rotation": {"angle": 0, "axis": "y", "origin": [8, 1.5, 8]},
			"faces": {
				"up": {"uv": [7.25, 7.25, 6, 6], "texture": "#2"},
				"down": {"uv": [1.25, 7.5, 0, 8.75], "texture": "#2"}
			}
		},
		{
			"from": [6.46695, 1.01802, 6.75],
			"to": [6.66695, 1.55902, 9.25],
			"shade": false,
			"rotation": {"angle": -22.5, "axis": "z", "origin": [7.71695, 1.06802, 8]},
			"faces": {
				"north": {"uv": [11, 13, 11.25, 13.25], "texture": "#2"},
				"south": {"uv": [13, 11, 13.25, 11.25], "texture": "#2"},
				"west": {"uv": [12, 1, 13.25, 1.25], "texture": "#2"}
			}
		},
		{
			"from": [6.64472, 1.01724, 6.748],
			"to": [6.84872, 1.56224, 9.252],
			"shade": false,
			"rotation": {"angle": 22.5, "axis": "z", "origin": [6.74672, 1.26924, 8]},
			"faces": {
				"north": {"uv": [11.5, 13, 11.75, 13.25], "texture": "#2"},
				"south": {"uv": [13, 11.5, 13.25, 11.75], "texture": "#2"},
				"west": {"uv": [12, 1.5, 13.25, 1.75], "texture": "#2"}
			}
		},
		{
			"from": [9.15128, 1.01724, 6.748],
			"to": [9.35528, 1.56224, 9.252],
			"shade": false,
			"rotation": {"angle": -22.5, "axis": "z", "origin": [9.25328, 1.26924, 8]},
			"faces": {
				"north": {"uv": [13, 12.5, 13.25, 12.75], "texture": "#2"},
				"east": {"uv": [12, 2.5, 13.25, 2.75], "texture": "#2"},
				"south": {"uv": [13, 13, 13.25, 13.25], "texture": "#2"}
			}
		},
		{
			"from": [9.33305, 1.01802, 6.75],
			"to": [9.53305, 1.55902, 9.25],
			"shade": false,
			"rotation": {"angle": 22.5, "axis": "z", "origin": [8.28305, 1.06802, 8]},
			"faces": {
				"north": {"uv": [12, 13, 12.25, 13.25], "texture": "#2"},
				"east": {"uv": [12, 2, 13.25, 2.25], "texture": "#2"},
				"south": {"uv": [12.5, 13, 12.75, 13.25], "texture": "#2"}
			}
		},
		{
			"from": [6.748, 1.01724, 6.64472],
			"to": [9.252, 1.56224, 6.84872],
			"shade": false,
			"rotation": {"angle": -22.5, "axis": "x", "origin": [8, 1.26924, 6.74672]},
			"faces": {
				"north": {"uv": [12, 4, 13.25, 4.25], "texture": "#2"},
				"east": {"uv": [2, 13.5, 2.25, 13.75], "texture": "#2"},
				"west": {"uv": [13.5, 2, 13.75, 2.25], "texture": "#2"}
			}
		},
		{
			"from": [6.75, 1.01802, 6.46695],
			"to": [9.25, 1.55902, 6.66695],
			"shade": false,
			"rotation": {"angle": 22.5, "axis": "x", "origin": [8, 1.06802, 7.71695]},
			"faces": {
				"north": {"uv": [12, 3.5, 13.25, 3.75], "texture": "#2"},
				"east": {"uv": [1.5, 13.5, 1.75, 13.75], "texture": "#2"},
				"west": {"uv": [13.5, 1.5, 13.75, 1.75], "texture": "#2"}
			}
		},
		{
			"from": [6.748, 1.01724, 9.15128],
			"to": [9.252, 1.56224, 9.35528],
			"shade": false,
			"rotation": {"angle": 22.5, "axis": "x", "origin": [8, 1.26924, 9.25328]},
			"faces": {
				"east": {"uv": [1, 13.5, 1.25, 13.75], "texture": "#2"},
				"south": {"uv": [3.5, 12, 4.75, 12.25], "texture": "#2"},
				"west": {"uv": [13.5, 1, 13.75, 1.25], "texture": "#2"}
			}
		},
		{
			"from": [6.75, 1.01802, 9.33305],
			"to": [9.25, 1.55902, 9.53305],
			"shade": false,
			"rotation": {"angle": -22.5, "axis": "x", "origin": [8, 1.06802, 8.28305]},
			"faces": {
				"east": {"uv": [0, 13.5, 0.25, 13.75], "texture": "#2"},
				"south": {"uv": [12, 3, 13.25, 3.25], "texture": "#2"},
				"west": {"uv": [0.5, 13.5, 0.75, 13.75], "texture": "#2"}
			}
		},
		{
			"from": [7.53033, 2.17678, 7.5],
			"to": [8.53033, 3.17678, 8.5],
			"shade": false,
			"rotation": {"angle": 45, "axis": "z", "origin": [8.03033, 1.92678, 8]},
			"faces": {
				"north": {"uv": [5.5, 12.5, 6, 13], "texture": "#2"},
				"south": {"uv": [12.5, 5.5, 13, 6], "texture": "#2"},
				"west": {"uv": [12.5, 6, 13, 6.5], "texture": "#2"},
				"up": {"uv": [13, 7, 12.5, 6.5], "texture": "#2"}
			}
		},
		{
			"from": [7.46967, 2.17678, 7.5],
			"to": [8.46967, 3.17678, 8.5],
			"shade": false,
			"rotation": {"angle": -45, "axis": "z", "origin": [7.96967, 1.92678, 8]},
			"faces": {
				"north": {"uv": [12.5, 7, 13, 7.5], "texture": "#2"},
				"east": {"uv": [7.5, 12.5, 8, 13], "texture": "#2"},
				"south": {"uv": [12.5, 7.5, 13, 8], "texture": "#2"},
				"up": {"uv": [8.5, 13, 8, 12.5], "texture": "#2"}
			}
		},
		{
			"from": [7.5, 2.31066, 7.14645],
			"to": [8.5, 3.31066, 8.14645],
			"shade": false,
			"rotation": {"angle": -45, "axis": "x", "origin": [8, 2.45711, 8]},
			"faces": {
				"north": {"uv": [12.5, 9, 13, 9.5], "texture": "#2"},
				"east": {"uv": [9.5, 12.5, 10, 13], "texture": "#2"},
				"west": {"uv": [12.5, 9.5, 13, 10], "texture": "#2"},
				"up": {"uv": [10.5, 13, 10, 12.5], "texture": "#2"}
			}
		},
		{
			"from": [7.5, 2.31066, 7.85355],
			"to": [8.5, 3.31066, 8.85355],
			"shade": false,
			"rotation": {"angle": 45, "axis": "x", "origin": [8, 2.45711, 8]},
			"faces": {
				"east": {"uv": [12.5, 8, 13, 8.5], "texture": "#2"},
				"south": {"uv": [8.5, 12.5, 9, 13], "texture": "#2"},
				"west": {"uv": [12.5, 8.5, 13, 9], "texture": "#2"},
				"up": {"uv": [9.5, 13, 9, 12.5], "texture": "#2"}
			}
		},
		{
			"from": [7.61332, -2.754, 7.246],
			"to": [8.87132, -1.996, 8.754],
			"shade": false,
			"rotation": {"angle": -22.5, "axis": "z", "origin": [7.61732, -3, 8]},
			"faces": {
				"north": {"uv": [11, 9.5, 11.75, 10], "texture": "#2"},
				"east": {"uv": [11, 10, 11.75, 10.5], "texture": "#2"},
				"south": {"uv": [10.5, 11, 11.25, 11.5], "texture": "#2"},
				"west": {"uv": [11, 10.5, 11.75, 11], "texture": "#2"},
				"up": {"uv": [11.75, 4.75, 11, 4], "texture": "#2"},
				"down": {"uv": [5.75, 11, 5, 11.75], "texture": "#2"}
			}
		},
		{
			"from": [7.55273, -3.92861, 7.242],
			"to": [8.79373, -2.68761, 8.758],
			"shade": false,
			"rotation": {"angle": -45, "axis": "z", "origin": [8.16073, -3.07061, 8]},
			"faces": {
				"north": {"uv": [12.5, 10.5, 13, 11], "texture": "#2"},
				"east": {"uv": [11.5, 5, 12.25, 5.5], "texture": "#2"},
				"south": {"uv": [12.5, 11, 13, 11.5], "texture": "#2"},
				"west": {"uv": [11.5, 5.5, 12.25, 6], "texture": "#2"},
				"up": {"uv": [12, 6.75, 11.5, 6], "texture": "#2"},
				"down": {"uv": [8, 11.5, 7.5, 12.25], "texture": "#2"}
			}
		},
		{
			"from": [7.1, -5.39654, 8],
			"to": [8.9, -3.17154, 8],
			"shade": false,
			"rotation": {"angle": 0, "axis": "y", "origin": [8, -4.03404, 8]},
			"faces": {
				"north": {"uv": [0, 10, 1, 11], "texture": "#2"},
				"east": {"uv": [0, 0, 0, 1], "texture": "#2"},
				"south": {"uv": [10, 3, 11, 4], "texture": "#2"},
				"west": {"uv": [0, 0, 0, 1], "texture": "#2"},
				"up": {"uv": [1, 0, 0, 0], "texture": "#2"},
				"down": {"uv": [1, 0, 0, 0], "texture": "#2"}
			}
		},
		{
			"from": [7.81073, -3.42061, 7],
			"to": [8.53573, -2.69561, 9],
			"shade": false,
			"rotation": {"angle": -45, "axis": "z", "origin": [8.16073, -2.82061, 8]},
			"faces": {
				"north": {"uv": [11.5, 12.5, 12, 13], "texture": "#2"},
				"east": {"uv": [9, 8, 10, 8.5], "texture": "#2"},
				"south": {"uv": [12.5, 11.5, 13, 12], "texture": "#2"},
				"west": {"uv": [11, 2, 12, 2.5], "texture": "#2"},
				"up": {"uv": [7.5, 8.5, 7, 7.5], "texture": "#2"},
				"down": {"uv": [8.5, 2, 8, 3], "texture": "#2"}
			}
		},
		{
			"from": [6.9734, -2.9854, 7.244],
			"to": [8.2354, -2.2234, 8.756],
			"shade": false,
			"rotation": {"angle": 22.5, "axis": "z", "origin": [7.7294, -2.7294, 8]},
			"faces": {
				"north": {"uv": [12.5, 10, 13, 10.5], "texture": "#2"},
				"east": {"uv": [11.5, 0, 12.25, 0.5], "texture": "#2"},
				"south": {"uv": [10.5, 12.5, 11, 13], "texture": "#2"},
				"west": {"uv": [11.5, 0.5, 12.25, 1], "texture": "#2"},
				"up": {"uv": [1.5, 12.25, 1, 11.5], "texture": "#2"},
				"down": {"uv": [2, 11.5, 1.5, 12.25], "texture": "#2"}
			}
		},
		{
			"from": [6.492, 3.492, 6.992],
			"to": [9.508, 6.458, 9.008],
			"shade": false,
			"rotation": {"angle": 0, "axis": "y", "origin": [7, 3, 7]},
			"faces": {
				"north": {"uv": [6, 3, 7.5, 4.5], "texture": "#2"},
				"east": {"uv": [8.5, 2, 9.5, 3.5], "texture": "#2"},
				"south": {"uv": [6, 4.5, 7.5, 6], "texture": "#2"},
				"west": {"uv": [4, 8.5, 5, 10], "texture": "#2"},
				"up": {"uv": [10, 4.5, 8.5, 3.5], "texture": "#2"},
				"down": {"uv": [8.5, 8.5, 7, 9.5], "texture": "#2"}
			}
		},
		{
			"from": [7.23501, 6.59629, 6.996],
			"to": [8.85801, 7.17929, 9.004],
			"shade": false,
			"rotation": {"angle": -22.5, "axis": "z", "origin": [7.36401, 5.20029, 8]},
			"faces": {
				"north": {"uv": [13, 4.5, 13.75, 4.75], "texture": "#2"},
				"east": {"uv": [12, 12.5, 13, 12.75], "texture": "#2"},
				"south": {"uv": [5, 13, 5.75, 13.25], "texture": "#2"},
				"west": {"uv": [12.5, 12, 13.5, 12.25], "texture": "#2"},
				"up": {"uv": [10.75, 6, 10, 5], "texture": "#2"},
				"down": {"uv": [10.75, 6, 10, 7], "texture": "#2"}
			}
		},
		{
			"from": [7.14522, 6.60412, 7],
			"to": [8.76022, 7.17912, 9],
			"shade": false,
			"rotation": {"angle": 22.5, "axis": "z", "origin": [8.64522, 5.20412, 8]},
			"faces": {
				"north": {"uv": [13, 5, 13.75, 5.25], "texture": "#2"},
				"east": {"uv": [13, 0, 14, 0.25], "texture": "#2"},
				"south": {"uv": [13, 5.5, 13.75, 5.75], "texture": "#2"},
				"west": {"uv": [13, 0.5, 14, 0.75], "texture": "#2"},
				"up": {"uv": [10.75, 8, 10, 7], "texture": "#2"},
				"down": {"uv": [10.75, 8, 10, 9], "texture": "#2"}
			}
		},
		{
			"from": [7.14522, 2.77088, 7],
			"to": [8.76022, 3.34588, 9],
			"shade": false,
			"rotation": {"angle": -22.5, "axis": "z", "origin": [8.64522, 4.74588, 8]},
			"faces": {
				"north": {"uv": [13, 6.5, 13.75, 6.75], "texture": "#2"},
				"east": {"uv": [3, 13, 4, 13.25], "texture": "#2"},
				"south": {"uv": [7, 13, 7.75, 13.25], "texture": "#2"},
				"west": {"uv": [4, 13, 5, 13.25], "texture": "#2"},
				"up": {"uv": [11.25, 1, 10.5, 0], "texture": "#2"},
				"down": {"uv": [1.75, 10.5, 1, 11.5], "texture": "#2"}
			}
		},
		{
			"from": [7.23301, 2.76871, 6.994],
			"to": [8.86001, 3.35571, 9.006],
			"shade": false,
			"rotation": {"angle": 22.5, "axis": "z", "origin": [7.36401, 4.74971, 8]},
			"faces": {
				"north": {"uv": [6, 13, 6.75, 13.25], "texture": "#2"},
				"east": {"uv": [1, 13, 2, 13.25], "texture": "#2"},
				"south": {"uv": [13, 6, 13.75, 6.25], "texture": "#2"},
				"west": {"uv": [2, 13, 3, 13.25], "texture": "#2"},
				"up": {"uv": [10.75, 10, 10, 9], "texture": "#2"},
				"down": {"uv": [10.75, 10, 10, 11], "texture": "#2"}
			}
		},
		{
			"from": [6.992, 3.942, 6.492],
			"to": [9.008, 5.958, 9.508],
			"shade": false,
			"rotation": {"angle": 45, "axis": "z", "origin": [8, 4.95, 8]},
			"faces": {
				"north": {"uv": [4, 10, 5, 11], "texture": "#2"},
				"east": {"uv": [8.5, 8.5, 10, 9.5], "texture": "#2"},
				"south": {"uv": [10, 4, 11, 5], "texture": "#2"},
				"west": {"uv": [0, 9, 1.5, 10], "texture": "#2"},
				"up": {"uv": [4, 10.5, 3, 9], "texture": "#2"},
				"down": {"uv": [10, 4.5, 9, 6], "texture": "#2"}
			}
		},
		{
			"name": "ef",
			"from": [5.5, 5, 8],
			"to": [12, 21, 8],
			"shade": false,
			"rotation": {"angle": 0, "axis": "y", "origin": [6.75, -4, 8]},
			"faces": {
				"north": {"uv": [0.75, 7, 7.75, 16], "texture": "#1"},
				"east": {"uv": [0, 0, 0, 9], "texture": "#1"},
				"south": {"uv": [0.75, 7, 7.75, 16], "texture": "#1"},
				"west": {"uv": [0, 0, 0, 9], "texture": "#1"},
				"up": {"uv": [0, 0, 5, 0], "texture": "#1"},
				"down": {"uv": [0, 0, 5, 0], "texture": "#1"}
			}
		},
		{
			"name": "1",
			"from": [6.35, 2.5, 6.6],
			"to": [6.65, 2.8, 6.9],
			"shade": false,
			"rotation": {"angle": 0, "axis": "y", "origin": [6.5, 3.7, 6.75]},
			"faces": {
				"north": {"uv": [15.75, 15.75, 16, 16], "texture": "#1"},
				"east": {"uv": [15.75, 15.75, 16, 16], "texture": "#1"},
				"south": {"uv": [15.75, 15.75, 16, 16], "texture": "#1"},
				"west": {"uv": [15.75, 15.75, 16, 16], "texture": "#1"},
				"up": {"uv": [15.75, 15.75, 16, 16], "texture": "#1"},
				"down": {"uv": [15.75, 15.75, 16, 16], "texture": "#1"}
			}
		},
		{
			"name": "2",
			"from": [6.275, 2.88209, 6.23799],
			"to": [6.725, 3.33209, 6.68799],
			"shade": false,
			"rotation": {"angle": -22.5, "axis": "x", "origin": [6.5, 3.8, 6.75]},
			"faces": {
				"north": {"uv": [15.5, 15.75, 15.75, 16], "texture": "#1"},
				"east": {"uv": [15.5, 15.75, 15.75, 16], "texture": "#1"},
				"south": {"uv": [15.5, 15.75, 15.75, 16], "texture": "#1"},
				"west": {"uv": [15.5, 15.75, 15.75, 16], "texture": "#1"},
				"up": {"uv": [15.5, 15.75, 15.75, 16], "texture": "#1"},
				"down": {"uv": [15.5, 15.75, 15.75, 16], "texture": "#1"}
			}
		},
		{
			"name": "3",
			"from": [5.96716, 3.41716, 6.5],
			"to": [6.46716, 3.91716, 7],
			"shade": false,
			"rotation": {"angle": 45, "axis": "z", "origin": [6.5, 3.95, 6.75]},
			"faces": {
				"north": {"uv": [15.25, 15.75, 15.5, 16], "texture": "#1"},
				"east": {"uv": [15.25, 15.75, 15.5, 16], "texture": "#1"},
				"south": {"uv": [15.25, 15.75, 15.5, 16], "texture": "#1"},
				"west": {"uv": [15.25, 15.75, 15.5, 16], "texture": "#1"},
				"up": {"uv": [15.25, 15.75, 15.5, 16], "texture": "#1"},
				"down": {"uv": [15.25, 15.75, 15.5, 16], "texture": "#1"}
			}
		},
		{
			"name": "4",
			"from": [6.25, 3.91142, 6.5574],
			"to": [6.75, 4.41142, 7.0574],
			"shade": false,
			"rotation": {"angle": 22.5, "axis": "x", "origin": [6.5, 4.3, 6.75]},
			"faces": {
				"north": {"uv": [15, 15.75, 15.25, 16], "texture": "#1"},
				"east": {"uv": [15, 15.75, 15.25, 16], "texture": "#1"},
				"south": {"uv": [15, 15.75, 15.25, 16], "texture": "#1"},
				"west": {"uv": [15, 15.75, 15.25, 16], "texture": "#1"},
				"up": {"uv": [15, 15.75, 15.25, 16], "texture": "#1"},
				"down": {"uv": [15, 15.75, 15.25, 16], "texture": "#1"}
			}
		},
		{
			"name": "5",
			"from": [6.25, 4.45, 6.5],
			"to": [6.75, 4.95, 7],
			"shade": false,
			"rotation": {"angle": 0, "axis": "y", "origin": [6.5, 4.65, 6.75]},
			"faces": {
				"north": {"uv": [14.75, 15.75, 15, 16], "texture": "#1"},
				"east": {"uv": [14.75, 15.75, 15, 16], "texture": "#1"},
				"south": {"uv": [14.75, 15.75, 15, 16], "texture": "#1"},
				"west": {"uv": [14.75, 15.75, 15, 16], "texture": "#1"},
				"up": {"uv": [14.75, 15.75, 15, 16], "texture": "#1"},
				"down": {"uv": [14.75, 15.75, 15, 16], "texture": "#1"}
			}
		},
		{
			"name": "6",
			"from": [6.25, 5.02336, 6.36606],
			"to": [6.75, 5.52336, 6.86606],
			"shade": false,
			"rotation": {"angle": 22.5, "axis": "x", "origin": [6.5, 4.95, 6.75]},
			"faces": {
				"north": {"uv": [14.5, 15.75, 14.75, 16], "texture": "#1"},
				"east": {"uv": [14.5, 15.75, 14.75, 16], "texture": "#1"},
				"south": {"uv": [14.5, 15.75, 14.75, 16], "texture": "#1"},
				"west": {"uv": [14.5, 15.75, 14.75, 16], "texture": "#1"},
				"up": {"uv": [14.5, 15.75, 14.75, 16], "texture": "#1"},
				"down": {"uv": [14.5, 15.75, 14.75, 16], "texture": "#1"}
			}
		},
		{
			"name": "7",
			"from": [6.75962, 5.35962, 6.525],
			"to": [7.15962, 5.75962, 6.975],
			"shade": false,
			"rotation": {"angle": 45, "axis": "z", "origin": [6.5, 5.1, 6.75]},
			"faces": {
				"north": {"uv": [14.25, 15.75, 14.5, 16], "texture": "#1"},
				"east": {"uv": [14.25, 15.75, 14.5, 16], "texture": "#1"},
				"south": {"uv": [14.25, 15.75, 14.5, 16], "texture": "#1"},
				"west": {"uv": [14.25, 15.75, 14.5, 16], "texture": "#1"},
				"up": {"uv": [14.25, 15.75, 14.5, 16], "texture": "#1"},
				"down": {"uv": [14.25, 15.75, 14.5, 16], "texture": "#1"}
			}
		},
		{
			"name": "8",
			"from": [6.25, 5.84507, 6.09818],
			"to": [6.75, 6.34507, 6.59818],
			"shade": false,
			"rotation": {"angle": 22.5, "axis": "x", "origin": [6.5, 5.125, 6.75]},
			"faces": {
				"north": {"uv": [14, 15.75, 14.25, 16], "texture": "#1"},
				"east": {"uv": [14, 15.75, 14.25, 16], "texture": "#1"},
				"south": {"uv": [14, 15.75, 14.25, 16], "texture": "#1"},
				"west": {"uv": [14, 15.75, 14.25, 16], "texture": "#1"},
				"up": {"uv": [14, 15.75, 14.25, 16], "texture": "#1"},
				"down": {"uv": [14, 15.75, 14.25, 16], "texture": "#1"}
			}
		},
		{
			"name": "9",
			"from": [6.25, 6.25, 6.5],
			"to": [6.75, 6.75, 7],
			"shade": false,
			"rotation": {"angle": -22.5, "axis": "y", "origin": [6.5, 6.5, 6.75]},
			"faces": {
				"north": {"uv": [13.75, 15.75, 14, 16], "texture": "#1"},
				"east": {"uv": [13.75, 15.75, 14, 16], "texture": "#1"},
				"south": {"uv": [13.75, 15.75, 14, 16], "texture": "#1"},
				"west": {"uv": [13.75, 15.75, 14, 16], "texture": "#1"},
				"up": {"uv": [13.75, 15.75, 14, 16], "texture": "#1"},
				"down": {"uv": [13.75, 15.75, 14, 16], "texture": "#1"}
			}
		},
		{
			"name": "10",
			"from": [6.25, 6.7, 6.5],
			"to": [6.75, 7.2, 7],
			"shade": false,
			"rotation": {"angle": 45, "axis": "z", "origin": [6.5, 6.95, 6.75]},
			"faces": {
				"north": {"uv": [13.5, 15.75, 13.75, 16], "texture": "#1"},
				"east": {"uv": [13.5, 15.75, 13.75, 16], "texture": "#1"},
				"south": {"uv": [13.5, 15.75, 13.75, 16], "texture": "#1"},
				"west": {"uv": [13.5, 15.75, 13.75, 16], "texture": "#1"},
				"up": {"uv": [13.5, 15.75, 13.75, 16], "texture": "#1"},
				"down": {"uv": [13.5, 15.75, 13.75, 16], "texture": "#1"}
			}
		},
		{
			"name": "11",
			"from": [6.25, 7.1, 6.5],
			"to": [6.75, 7.6, 7],
			"shade": false,
			"rotation": {"angle": 22.5, "axis": "z", "origin": [6.5, 7.35, 6.75]},
			"faces": {
				"north": {"uv": [13.25, 15.75, 13.5, 16], "texture": "#1"},
				"east": {"uv": [13.25, 15.75, 13.5, 16], "texture": "#1"},
				"south": {"uv": [13.25, 15.75, 13.5, 16], "texture": "#1"},
				"west": {"uv": [13.25, 15.75, 13.5, 16], "texture": "#1"},
				"up": {"uv": [13.25, 15.75, 13.5, 16], "texture": "#1"},
				"down": {"uv": [13.25, 15.75, 13.5, 16], "texture": "#1"}
			}
		},
		{
			"name": "12",
			"from": [6.3, 7.6, 6.55],
			"to": [6.7, 8, 6.95],
			"shade": false,
			"rotation": {"angle": -45, "axis": "x", "origin": [6.5, 7.8, 6.75]},
			"faces": {
				"north": {"uv": [13, 15.75, 13.25, 16], "texture": "#1"},
				"east": {"uv": [13, 15.75, 13.25, 16], "texture": "#1"},
				"south": {"uv": [13, 15.75, 13.25, 16], "texture": "#1"},
				"west": {"uv": [13, 15.75, 13.25, 16], "texture": "#1"},
				"up": {"uv": [13, 15.75, 13.25, 16], "texture": "#1"},
				"down": {"uv": [13, 15.75, 13.25, 16], "texture": "#1"}
			}
		},
		{
			"name": "1",
			"from": [11.35, 6.5, 9.1],
			"to": [11.65, 6.8, 9.4],
			"shade": false,
			"rotation": {"angle": 0, "axis": "y", "origin": [11.5, 7.7, 9.25]},
			"faces": {
				"north": {"uv": [15.75, 15.5, 16, 15.75], "texture": "#1"},
				"east": {"uv": [15.75, 15.5, 16, 15.75], "texture": "#1"},
				"south": {"uv": [15.75, 15.5, 16, 15.75], "texture": "#1"},
				"west": {"uv": [15.75, 15.5, 16, 15.75], "texture": "#1"},
				"up": {"uv": [16, 15.75, 15.75, 15.5], "texture": "#1"},
				"down": {"uv": [16, 15.75, 15.75, 15.5], "texture": "#1"}
			}
		},
		{
			"name": "2",
			"from": [11.275, 6.88209, 9.31201],
			"to": [11.725, 7.33209, 9.76201],
			"shade": false,
			"rotation": {"angle": 22.5, "axis": "x", "origin": [11.5, 7.8, 9.25]},
			"faces": {
				"north": {"uv": [15.5, 15.5, 15.75, 15.75], "texture": "#1"},
				"east": {"uv": [15.5, 15.5, 15.75, 15.75], "texture": "#1"},
				"south": {"uv": [15.5, 15.5, 15.75, 15.75], "texture": "#1"},
				"west": {"uv": [15.5, 15.5, 15.75, 15.75], "texture": "#1"},
				"up": {"uv": [15.75, 15.75, 15.5, 15.5], "texture": "#1"},
				"down": {"uv": [15.75, 15.75, 15.5, 15.5], "texture": "#1"}
			}
		},
		{
			"name": "3",
			"from": [11.53284, 7.41716, 9],
			"to": [12.03284, 7.91716, 9.5],
			"shade": false,
			"rotation": {"angle": -45, "axis": "z", "origin": [11.5, 7.95, 9.25]},
			"faces": {
				"north": {"uv": [15.25, 15.5, 15.5, 15.75], "texture": "#1"},
				"east": {"uv": [15.25, 15.5, 15.5, 15.75], "texture": "#1"},
				"south": {"uv": [15.25, 15.5, 15.5, 15.75], "texture": "#1"},
				"west": {"uv": [15.25, 15.5, 15.5, 15.75], "texture": "#1"},
				"up": {"uv": [15.5, 15.75, 15.25, 15.5], "texture": "#1"},
				"down": {"uv": [15.5, 15.75, 15.25, 15.5], "texture": "#1"}
			}
		},
		{
			"name": "4",
			"from": [11.25, 7.91142, 8.9426],
			"to": [11.75, 8.41142, 9.4426],
			"shade": false,
			"rotation": {"angle": -22.5, "axis": "x", "origin": [11.5, 8.3, 9.25]},
			"faces": {
				"north": {"uv": [15, 15.5, 15.25, 15.75], "texture": "#1"},
				"east": {"uv": [15, 15.5, 15.25, 15.75], "texture": "#1"},
				"south": {"uv": [15, 15.5, 15.25, 15.75], "texture": "#1"},
				"west": {"uv": [15, 15.5, 15.25, 15.75], "texture": "#1"},
				"up": {"uv": [15.25, 15.75, 15, 15.5], "texture": "#1"},
				"down": {"uv": [15.25, 15.75, 15, 15.5], "texture": "#1"}
			}
		},
		{
			"name": "5",
			"from": [11.25, 8.45, 9],
			"to": [11.75, 8.95, 9.5],
			"shade": false,
			"rotation": {"angle": 0, "axis": "y", "origin": [11.5, 8.65, 9.25]},
			"faces": {
				"north": {"uv": [14.75, 15.5, 15, 15.75], "texture": "#1"},
				"east": {"uv": [14.75, 15.5, 15, 15.75], "texture": "#1"},
				"south": {"uv": [14.75, 15.5, 15, 15.75], "texture": "#1"},
				"west": {"uv": [14.75, 15.5, 15, 15.75], "texture": "#1"},
				"up": {"uv": [15, 15.75, 14.75, 15.5], "texture": "#1"},
				"down": {"uv": [15, 15.75, 14.75, 15.5], "texture": "#1"}
			}
		},
		{
			"name": "6",
			"from": [11.25, 9.02336, 9.13394],
			"to": [11.75, 9.52336, 9.63394],
			"shade": false,
			"rotation": {"angle": -22.5, "axis": "x", "origin": [11.5, 8.95, 9.25]},
			"faces": {
				"north": {"uv": [14.5, 15.5, 14.75, 15.75], "texture": "#1"},
				"east": {"uv": [14.5, 15.5, 14.75, 15.75], "texture": "#1"},
				"south": {"uv": [14.5, 15.5, 14.75, 15.75], "texture": "#1"},
				"west": {"uv": [14.5, 15.5, 14.75, 15.75], "texture": "#1"},
				"up": {"uv": [14.75, 15.75, 14.5, 15.5], "texture": "#1"},
				"down": {"uv": [14.75, 15.75, 14.5, 15.5], "texture": "#1"}
			}
		},
		{
			"name": "7",
			"from": [10.84038, 9.35962, 9.025],
			"to": [11.24038, 9.75962, 9.475],
			"shade": false,
			"rotation": {"angle": -45, "axis": "z", "origin": [11.5, 9.1, 9.25]},
			"faces": {
				"north": {"uv": [14.25, 15.5, 14.5, 15.75], "texture": "#1"},
				"east": {"uv": [14.25, 15.5, 14.5, 15.75], "texture": "#1"},
				"south": {"uv": [14.25, 15.5, 14.5, 15.75], "texture": "#1"},
				"west": {"uv": [14.25, 15.5, 14.5, 15.75], "texture": "#1"},
				"up": {"uv": [14.5, 15.75, 14.25, 15.5], "texture": "#1"},
				"down": {"uv": [14.5, 15.75, 14.25, 15.5], "texture": "#1"}
			}
		},
		{
			"name": "8",
			"from": [11.25, 9.84507, 9.40182],
			"to": [11.75, 10.34507, 9.90182],
			"shade": false,
			"rotation": {"angle": -22.5, "axis": "x", "origin": [11.5, 9.125, 9.25]},
			"faces": {
				"north": {"uv": [14, 15.5, 14.25, 15.75], "texture": "#1"},
				"east": {"uv": [14, 15.5, 14.25, 15.75], "texture": "#1"},
				"south": {"uv": [14, 15.5, 14.25, 15.75], "texture": "#1"},
				"west": {"uv": [14, 15.5, 14.25, 15.75], "texture": "#1"},
				"up": {"uv": [14.25, 15.75, 14, 15.5], "texture": "#1"},
				"down": {"uv": [14.25, 15.75, 14, 15.5], "texture": "#1"}
			}
		},
		{
			"name": "9",
			"from": [11.25, 10.25, 9],
			"to": [11.75, 10.75, 9.5],
			"shade": false,
			"rotation": {"angle": -22.5, "axis": "y", "origin": [11.5, 10.5, 9.25]},
			"faces": {
				"north": {"uv": [13.75, 15.5, 14, 15.75], "texture": "#1"},
				"east": {"uv": [13.75, 15.5, 14, 15.75], "texture": "#1"},
				"south": {"uv": [13.75, 15.5, 14, 15.75], "texture": "#1"},
				"west": {"uv": [13.75, 15.5, 14, 15.75], "texture": "#1"},
				"up": {"uv": [14, 15.75, 13.75, 15.5], "texture": "#1"},
				"down": {"uv": [14, 15.75, 13.75, 15.5], "texture": "#1"}
			}
		},
		{
			"name": "10",
			"from": [11.25, 10.7, 9],
			"to": [11.75, 11.2, 9.5],
			"shade": false,
			"rotation": {"angle": -45, "axis": "z", "origin": [11.5, 10.95, 9.25]},
			"faces": {
				"north": {"uv": [13.5, 15.5, 13.75, 15.75], "texture": "#1"},
				"east": {"uv": [13.5, 15.5, 13.75, 15.75], "texture": "#1"},
				"south": {"uv": [13.5, 15.5, 13.75, 15.75], "texture": "#1"},
				"west": {"uv": [13.5, 15.5, 13.75, 15.75], "texture": "#1"},
				"up": {"uv": [13.75, 15.75, 13.5, 15.5], "texture": "#1"},
				"down": {"uv": [13.75, 15.75, 13.5, 15.5], "texture": "#1"}
			}
		},
		{
			"name": "11",
			"from": [11.25, 11.1, 9],
			"to": [11.75, 11.6, 9.5],
			"shade": false,
			"rotation": {"angle": -22.5, "axis": "z", "origin": [11.5, 11.35, 9.25]},
			"faces": {
				"north": {"uv": [13.25, 15.5, 13.5, 15.75], "texture": "#1"},
				"east": {"uv": [13.25, 15.5, 13.5, 15.75], "texture": "#1"},
				"south": {"uv": [13.25, 15.5, 13.5, 15.75], "texture": "#1"},
				"west": {"uv": [13.25, 15.5, 13.5, 15.75], "texture": "#1"},
				"up": {"uv": [13.5, 15.75, 13.25, 15.5], "texture": "#1"},
				"down": {"uv": [13.5, 15.75, 13.25, 15.5], "texture": "#1"}
			}
		},
		{
			"name": "12",
			"from": [11.3, 11.6, 9.05],
			"to": [11.7, 12, 9.45],
			"shade": false,
			"rotation": {"angle": 45, "axis": "x", "origin": [11.5, 11.8, 9.25]},
			"faces": {
				"north": {"uv": [13, 15.5, 13.25, 15.75], "texture": "#1"},
				"east": {"uv": [13, 15.5, 13.25, 15.75], "texture": "#1"},
				"south": {"uv": [13, 15.5, 13.25, 15.75], "texture": "#1"},
				"west": {"uv": [13, 15.5, 13.25, 15.75], "texture": "#1"},
				"up": {"uv": [13.25, 15.75, 13, 15.5], "texture": "#1"},
				"down": {"uv": [13.25, 15.75, 13, 15.5], "texture": "#1"}
			}
		},
		{
			"name": "1",
			"from": [6.35, 13.25, 8.1],
			"to": [6.65, 13.55, 8.4],
			"shade": false,
			"rotation": {"angle": 0, "axis": "y", "origin": [6.5, 14.45, 8.25]},
			"faces": {
				"north": {"uv": [15.75, 15.25, 16, 15.5], "texture": "#1"},
				"east": {"uv": [15.75, 15.25, 16, 15.5], "texture": "#1"},
				"south": {"uv": [15.75, 15.25, 16, 15.5], "texture": "#1"},
				"west": {"uv": [15.75, 15.25, 16, 15.5], "texture": "#1"},
				"up": {"uv": [16, 15.5, 15.75, 15.25], "texture": "#1"},
				"down": {"uv": [16, 15.5, 15.75, 15.25], "texture": "#1"}
			}
		},
		{
			"name": "2",
			"from": [6.275, 13.63209, 8.31201],
			"to": [6.725, 14.08209, 8.76201],
			"shade": false,
			"rotation": {"angle": 22.5, "axis": "x", "origin": [6.5, 14.55, 8.25]},
			"faces": {
				"north": {"uv": [15.5, 15.25, 15.75, 15.5], "texture": "#1"},
				"east": {"uv": [15.5, 15.25, 15.75, 15.5], "texture": "#1"},
				"south": {"uv": [15.5, 15.25, 15.75, 15.5], "texture": "#1"},
				"west": {"uv": [15.5, 15.25, 15.75, 15.5], "texture": "#1"},
				"up": {"uv": [15.75, 15.5, 15.5, 15.25], "texture": "#1"},
				"down": {"uv": [15.75, 15.5, 15.5, 15.25], "texture": "#1"}
			}
		},
		{
			"name": "3",
			"from": [6.53284, 14.16716, 8],
			"to": [7.03284, 14.66716, 8.5],
			"shade": false,
			"rotation": {"angle": -45, "axis": "z", "origin": [6.5, 14.7, 8.25]},
			"faces": {
				"north": {"uv": [15.25, 15.25, 15.5, 15.5], "texture": "#1"},
				"east": {"uv": [15.25, 15.25, 15.5, 15.5], "texture": "#1"},
				"south": {"uv": [15.25, 15.25, 15.5, 15.5], "texture": "#1"},
				"west": {"uv": [15.25, 15.25, 15.5, 15.5], "texture": "#1"},
				"up": {"uv": [15.5, 15.5, 15.25, 15.25], "texture": "#1"},
				"down": {"uv": [15.5, 15.5, 15.25, 15.25], "texture": "#1"}
			}
		},
		{
			"name": "4",
			"from": [6.25, 14.66142, 7.9426],
			"to": [6.75, 15.16142, 8.4426],
			"shade": false,
			"rotation": {"angle": -22.5, "axis": "x", "origin": [6.5, 15.05, 8.25]},
			"faces": {
				"north": {"uv": [15, 15.25, 15.25, 15.5], "texture": "#1"},
				"east": {"uv": [15, 15.25, 15.25, 15.5], "texture": "#1"},
				"south": {"uv": [15, 15.25, 15.25, 15.5], "texture": "#1"},
				"west": {"uv": [15, 15.25, 15.25, 15.5], "texture": "#1"},
				"up": {"uv": [15.25, 15.5, 15, 15.25], "texture": "#1"},
				"down": {"uv": [15.25, 15.5, 15, 15.25], "texture": "#1"}
			}
		},
		{
			"name": "5",
			"from": [6.25, 15.2, 8],
			"to": [6.75, 15.7, 8.5],
			"shade": false,
			"rotation": {"angle": 0, "axis": "y", "origin": [6.5, 15.4, 8.25]},
			"faces": {
				"north": {"uv": [14.75, 15.25, 15, 15.5], "texture": "#1"},
				"east": {"uv": [14.75, 15.25, 15, 15.5], "texture": "#1"},
				"south": {"uv": [14.75, 15.25, 15, 15.5], "texture": "#1"},
				"west": {"uv": [14.75, 15.25, 15, 15.5], "texture": "#1"},
				"up": {"uv": [15, 15.5, 14.75, 15.25], "texture": "#1"},
				"down": {"uv": [15, 15.5, 14.75, 15.25], "texture": "#1"}
			}
		},
		{
			"name": "6",
			"from": [6.25, 15.77336, 8.13394],
			"to": [6.75, 16.27336, 8.63394],
			"shade": false,
			"rotation": {"angle": -22.5, "axis": "x", "origin": [6.5, 15.7, 8.25]},
			"faces": {
				"north": {"uv": [14.5, 15.25, 14.75, 15.5], "texture": "#1"},
				"east": {"uv": [14.5, 15.25, 14.75, 15.5], "texture": "#1"},
				"south": {"uv": [14.5, 15.25, 14.75, 15.5], "texture": "#1"},
				"west": {"uv": [14.5, 15.25, 14.75, 15.5], "texture": "#1"},
				"up": {"uv": [14.75, 15.5, 14.5, 15.25], "texture": "#1"},
				"down": {"uv": [14.75, 15.5, 14.5, 15.25], "texture": "#1"}
			}
		},
		{
			"name": "7",
			"from": [5.84038, 16.10962, 8.025],
			"to": [6.24038, 16.50962, 8.475],
			"shade": false,
			"rotation": {"angle": -45, "axis": "z", "origin": [6.5, 15.85, 8.25]},
			"faces": {
				"north": {"uv": [14.25, 15.25, 14.5, 15.5], "texture": "#1"},
				"east": {"uv": [14.25, 15.25, 14.5, 15.5], "texture": "#1"},
				"south": {"uv": [14.25, 15.25, 14.5, 15.5], "texture": "#1"},
				"west": {"uv": [14.25, 15.25, 14.5, 15.5], "texture": "#1"},
				"up": {"uv": [14.5, 15.5, 14.25, 15.25], "texture": "#1"},
				"down": {"uv": [14.5, 15.5, 14.25, 15.25], "texture": "#1"}
			}
		},
		{
			"name": "8",
			"from": [6.25, 16.59507, 8.40182],
			"to": [6.75, 17.09507, 8.90182],
			"shade": false,
			"rotation": {"angle": -22.5, "axis": "x", "origin": [6.5, 15.875, 8.25]},
			"faces": {
				"north": {"uv": [14, 15.25, 14.25, 15.5], "texture": "#1"},
				"east": {"uv": [14, 15.25, 14.25, 15.5], "texture": "#1"},
				"south": {"uv": [14, 15.25, 14.25, 15.5], "texture": "#1"},
				"west": {"uv": [14, 15.25, 14.25, 15.5], "texture": "#1"},
				"up": {"uv": [14.25, 15.5, 14, 15.25], "texture": "#1"},
				"down": {"uv": [14.25, 15.5, 14, 15.25], "texture": "#1"}
			}
		},
		{
			"name": "9",
			"from": [6.25, 17, 8],
			"to": [6.75, 17.5, 8.5],
			"shade": false,
			"rotation": {"angle": -22.5, "axis": "y", "origin": [6.5, 17.25, 8.25]},
			"faces": {
				"north": {"uv": [13.75, 15.25, 14, 15.5], "texture": "#1"},
				"east": {"uv": [13.75, 15.25, 14, 15.5], "texture": "#1"},
				"south": {"uv": [13.75, 15.25, 14, 15.5], "texture": "#1"},
				"west": {"uv": [13.75, 15.25, 14, 15.5], "texture": "#1"},
				"up": {"uv": [14, 15.5, 13.75, 15.25], "texture": "#1"},
				"down": {"uv": [14, 15.5, 13.75, 15.25], "texture": "#1"}
			}
		},
		{
			"name": "10",
			"from": [6.25, 17.45, 8],
			"to": [6.75, 17.95, 8.5],
			"shade": false,
			"rotation": {"angle": -45, "axis": "z", "origin": [6.5, 17.7, 8.25]},
			"faces": {
				"north": {"uv": [13.5, 15.25, 13.75, 15.5], "texture": "#1"},
				"east": {"uv": [13.5, 15.25, 13.75, 15.5], "texture": "#1"},
				"south": {"uv": [13.5, 15.25, 13.75, 15.5], "texture": "#1"},
				"west": {"uv": [13.5, 15.25, 13.75, 15.5], "texture": "#1"},
				"up": {"uv": [13.75, 15.5, 13.5, 15.25], "texture": "#1"},
				"down": {"uv": [13.75, 15.5, 13.5, 15.25], "texture": "#1"}
			}
		},
		{
			"name": "11",
			"from": [6.25, 17.85, 8],
			"to": [6.75, 18.35, 8.5],
			"shade": false,
			"rotation": {"angle": -22.5, "axis": "z", "origin": [6.5, 18.1, 8.25]},
			"faces": {
				"north": {"uv": [13.25, 15.25, 13.5, 15.5], "texture": "#1"},
				"east": {"uv": [13.25, 15.25, 13.5, 15.5], "texture": "#1"},
				"south": {"uv": [13.25, 15.25, 13.5, 15.5], "texture": "#1"},
				"west": {"uv": [13.25, 15.25, 13.5, 15.5], "texture": "#1"},
				"up": {"uv": [13.5, 15.5, 13.25, 15.25], "texture": "#1"},
				"down": {"uv": [13.5, 15.5, 13.25, 15.25], "texture": "#1"}
			}
		},
		{
			"name": "12",
			"from": [6.3, 18.35, 8.05],
			"to": [6.7, 18.75, 8.45],
			"shade": false,
			"rotation": {"angle": 45, "axis": "x", "origin": [6.5, 18.55, 8.25]},
			"faces": {
				"north": {"uv": [13, 15.25, 13.25, 15.5], "texture": "#1"},
				"east": {"uv": [13, 15.25, 13.25, 15.5], "texture": "#1"},
				"south": {"uv": [13, 15.25, 13.25, 15.5], "texture": "#1"},
				"west": {"uv": [13, 15.25, 13.25, 15.5], "texture": "#1"},
				"up": {"uv": [13.25, 15.5, 13, 15.25], "texture": "#1"},
				"down": {"uv": [13.25, 15.5, 13, 15.25], "texture": "#1"}
			}
		}
	],
	"gui_light": "front",
	"display": {
		"thirdperson_righthand": {
			"rotation": [0, 90, 0],
			"translation": [0, 6.5, 2]
		},
		"thirdperson_lefthand": {
			"rotation": [0, -90, 0],
			"translation": [0, 6.5, 2]
		},
		"firstperson_righthand": {
			"rotation": [-176.93, 69.31, 106.38],
			"translation": [-4.5, 4.25, 5.75]
		},
		"firstperson_lefthand": {
			"rotation": [4.95, -72.6, 75.77],
			"translation": [-5.5, 4, 4.25]
		},
		"ground": {
			"rotation": [0, 0, 45],
			"translation": [0, -1, 0],
			"scale": [0.3, 0.3, 0.3]
		},
		"gui": {
			"rotation": [-180, 0, -135],
			"translation": [0.25, 0, 0],
			"scale": [0.81, 0.81, 0.81]
		},
		"head": {
			"scale": [0, 0, 0]
		},
		"fixed": {
			"translation": [0, 0.25, 0]
		}
	},
	"groups": [
		0,
		1,
		2,
		3,
		4,
		5,
		6,
		7,
		8,
		9,
		10,
		11,
		12,
		13,
		14,
		15,
		16,
		17,
		18,
		19,
		20,
		21,
		22,
		23,
		24,
		25,
		26,
		27,
		28,
		29,
		30,
		31,
		32,
		33,
		34,
		35,
		36,
		37,
		38,
		39,
		40,
		{
			"name": "all_ef",
			"origin": [8, 8, 8],
			"color": 0,
			"shade": false,
			"children": [
				41,
				{
					"name": "efy",
					"origin": [-2, 2.9, 5],
					"color": 0,
					"shade": false,
					"children": [42, 43, 44, 45, 46, 47, 48, 49, 50, 51, 52, 53]
				},
				{
					"name": "efy",
					"origin": [-2, 2.9, 5],
					"color": 0,
					"shade": false,
					"children": [54, 55, 56, 57, 58, 59, 60, 61, 62, 63, 64, 65]
				},
				{
					"name": "efy",
					"origin": [-2, 2.9, 5],
					"color": 0,
					"shade": false,
					"children": [66, 67, 68, 69, 70, 71, 72, 73, 74, 75, 76, 77]
				}
			]
		}
	]
}