{
  "parent": "minecraft:block/pumpkin",
  "overrides": [
    {
      "predicate": {
        "damage": 0
      },
      "model": "item/pumpkin"
    },
    {
      "predicate": {
        "custom_model_data": 1
      },
      "model": "chinese/diamondhelmet"
    },
    {
      "predicate": {
        "custom_model_data": 2
      },
      "model": "chinese/goldhelmet"
    },
    {
      "predicate": {
        "custom_model_data": 3
      },
      "model": "chinese/ironhelmet"
    },
    {
      "predicate": {
        "custom_model_data": 4
      },
      "model": "chinese/netheritehelmet"
    },

    {
      "predicate": {
        "custom_model_data": 5
      },
      "model": "magma/diamondhelmet"
    },
    {
      "predicate": {
        "custom_model_data": 6
      },
      "model": "magma/goldhelmet"
    },
    {
      "predicate": {
        "custom_model_data": 7
      },
      "model": "magma/ironhelmet"
    },
    {
      "predicate": {
        "custom_model_data": 8
      },
      "model": "magma/netheritehelmet"
    },


    {
      "predicate": {
        "custom_model_data": 9
      },
      "model": "valentine/diamondhelmet"
    },
    {
      "predicate": {
        "custom_model_data": 10
      },
      "model": "valentine/goldhelmet"
    },
    {
      "predicate": {
        "custom_model_data": 11
      },
      "model": "valentine/ironhelmet"
    },
    {
      "predicate": {
        "custom_model_data": 12
      },
      "model": "valentine/netheritehelmet"
    },


    {
      "predicate": {
        "custom_model_data": 13
      },
      "model": "firework/diamondhelmet"
    },
    {
      "predicate": {
        "custom_model_data": 14
      },
      "model": "firework/goldhelmet"
    },
    {
      "predicate": {
        "custom_model_data": 15
      },
      "model": "firework/ironhelmet"
    },
    {
      "predicate": {
        "custom_model_data": 16
      },
      "model": "firework/netheritehelmet"
    },


    {
      "predicate": {
        "custom_model_data": 17
      },
      "model": "easter/diamondhelmet"
    },
    {
      "predicate": {
        "custom_model_data": 18
      },
      "model": "easter/goldhelmet"
    },
    {
      "predicate": {
        "custom_model_data": 19
      },
      "model": "easter/ironhelmet"
    },
    {
      "predicate": {
        "custom_model_data": 20
      },
      "model": "easter/netheritehelmet"
    },

    {
      "predicate": {
        "custom_model_data": 21
      },
      "model": "samurai/diamondhelmet"
    },
    {
      "predicate": {
        "custom_model_data": 22
      },
      "model": "samurai/goldhelmet"
    },
    {
      "predicate": {
        "custom_model_data": 23
      },
      "model": "samurai/ironhelmet"
    },
    {
      "predicate": {
        "custom_model_data": 24
      },
      "model": "samurai/netheritehelmet"
    },
    {
      "predicate": {
        "custom_model_data": 25
      },
      "model": "crown/crown"
    },
    {
      "predicate": {
        "custom_model_data": 26
      },
      "model": "crown/crown_n_1"
    },
    {
      "predicate": {
        "custom_model_data": 27
      },
      "model": "crown/crown_n_2"
    },
    {
      "predicate": {
        "custom_model_data": 28
      },
      "model": "crown/crown_n_3"
    },
    {
      "predicate": {
        "custom_model_data": 29
      },
      "model": "crown/crown_n_4"
    },
    {
      "predicate": {
        "custom_model_data": 30
      },
      "model": "crown/crown_n_5"
    },
    {
      "predicate": {
        "custom_model_data": 31
      },
      "model": "crown/crown_n_6"
    },
    {
      "predicate": {
        "custom_model_data": 32
      },
      "model": "crown/crown_n_7"
    }
  ]
}