{
	"credit": "Made with Blockbench",
	"texture_size": [64, 64],
	"textures": {
		"1": "item/ancient/ancient_axe_penguin",
		"2": "item/ancient/ef_ancient_long",
		"particle": "item/ancient/ef_ancient_long"
	},
	"elements": [
		{
			"from": [5.25, 12, 5.25],
			"to": [10.75, 14, 10.75],
			"shade": false,
			"rotation": {"angle": 0, "axis": "y", "origin": [7, 12, 7]},
			"faces": {
				"north": {"uv": [8.75, 9.25, 10.25, 9.75], "texture": "#1"},
				"east": {"uv": [9.5, 1, 11, 1.5], "texture": "#1"},
				"south": {"uv": [9.5, 1.5, 11, 2], "texture": "#1"},
				"west": {"uv": [9.5, 2, 11, 2.5], "texture": "#1"},
				"up": {"uv": [1.5, 7, 0, 5.5], "texture": "#1"},
				"down": {"uv": [7, 0, 5.5, 1.5], "texture": "#1"}
			}
		},
		{
			"from": [7, -9, 7],
			"to": [9, 11, 9],
			"shade": false,
			"rotation": {"angle": 0, "axis": "y", "origin": [7, -10, 7]},
			"faces": {
				"north": {"uv": [3.5, 4, 4, 9], "texture": "#1"},
				"east": {"uv": [4, 4, 4.5, 9], "texture": "#1"},
				"south": {"uv": [4.5, 4, 5, 9], "texture": "#1"},
				"west": {"uv": [5, 4, 5.5, 9], "texture": "#1"},
				"up": {"uv": [2.5, 9.25, 2, 8.75], "texture": "#1"},
				"down": {"uv": [7.5, 11.25, 7, 11.75], "texture": "#1"}
			}
		},
		{
			"from": [6.25, 21.25, 6.5],
			"to": [9.75, 24, 9.5],
			"shade": false,
			"rotation": {"angle": 22.5, "axis": "z", "origin": [8, 22.25, 8]},
			"faces": {
				"north": {"uv": [0, 9.25, 1, 10], "texture": "#1"},
				"east": {"uv": [1, 9.75, 1.75, 10.5], "texture": "#1"},
				"south": {"uv": [2, 9.25, 3, 10], "texture": "#1"},
				"west": {"uv": [9.75, 6.75, 10.5, 7.5], "texture": "#1"},
				"up": {"uv": [10.5, 3.25, 9.5, 2.5], "texture": "#1"},
				"down": {"uv": [10.5, 3.25, 9.5, 4], "texture": "#1"}
			}
		},
		{
			"from": [6.25, -10, 6.25],
			"to": [9.75, -9, 9.75],
			"shade": false,
			"rotation": {"angle": 0, "axis": "y", "origin": [7, -10, 7]},
			"faces": {
				"north": {"uv": [11.25, 9.25, 12.25, 9.5], "texture": "#1"},
				"east": {"uv": [11.25, 9.5, 12.25, 9.75], "texture": "#1"},
				"south": {"uv": [11.25, 10, 12.25, 10.25], "texture": "#1"},
				"west": {"uv": [11.25, 10.25, 12.25, 10.5], "texture": "#1"},
				"up": {"uv": [8.75, 8.75, 7.75, 7.75], "texture": "#1"},
				"down": {"uv": [1, 8.25, 0, 9.25], "texture": "#1"}
			}
		},
		{
			"from": [6.25, 8, 6.25],
			"to": [9.75, 10, 9.75],
			"shade": false,
			"rotation": {"angle": 0, "axis": "y", "origin": [7, 9, 7]},
			"faces": {
				"north": {"uv": [9.75, 7.5, 10.75, 8], "texture": "#1"},
				"east": {"uv": [7.75, 9.75, 8.75, 10.25], "texture": "#1"},
				"south": {"uv": [9.75, 8, 10.75, 8.5], "texture": "#1"},
				"west": {"uv": [9.75, 8.5, 10.75, 9], "texture": "#1"},
				"up": {"uv": [9.75, 8, 8.75, 7], "texture": "#1"},
				"down": {"uv": [8.75, 8.75, 7.75, 9.75], "texture": "#1"}
			}
		},
		{
			"from": [5.5, 20, 5.75],
			"to": [10.5, 22, 10.25],
			"shade": false,
			"rotation": {"angle": 0, "axis": "y", "origin": [7, 21, 7]},
			"faces": {
				"north": {"uv": [9.5, 4, 10.75, 4.5], "texture": "#1"},
				"east": {"uv": [4.25, 9.5, 5.5, 10], "texture": "#1"},
				"south": {"uv": [9.5, 4.5, 10.75, 5], "texture": "#1"},
				"west": {"uv": [9.5, 5, 10.75, 5.5], "texture": "#1"},
				"up": {"uv": [8.5, 3.5, 7.25, 2.25], "texture": "#1"},
				"down": {"uv": [8.5, 3.5, 7.25, 4.75], "texture": "#1"}
			}
		},
		{
			"from": [6.25, 5, 6.25],
			"to": [9.75, 6, 9.75],
			"shade": false,
			"rotation": {"angle": 0, "axis": "y", "origin": [7, 5, 7]},
			"faces": {
				"north": {"uv": [11.5, 2, 12.5, 2.25], "texture": "#1"},
				"east": {"uv": [11.5, 4, 12.5, 4.25], "texture": "#1"},
				"south": {"uv": [11.5, 4.25, 12.5, 4.5], "texture": "#1"},
				"west": {"uv": [4.5, 11.5, 5.5, 11.75], "texture": "#1"},
				"up": {"uv": [9.5, 6, 8.5, 5], "texture": "#1"},
				"down": {"uv": [9.5, 6, 8.5, 7], "texture": "#1"}
			}
		},
		{
			"from": [6.25, -2, 6.25],
			"to": [9.75, -1, 9.75],
			"shade": false,
			"rotation": {"angle": 0, "axis": "y", "origin": [7, -2, 7]},
			"faces": {
				"north": {"uv": [11.5, 4.5, 12.5, 4.75], "texture": "#1"},
				"east": {"uv": [11.5, 4.75, 12.5, 5], "texture": "#1"},
				"south": {"uv": [11.5, 5, 12.5, 5.25], "texture": "#1"},
				"west": {"uv": [11.5, 5.25, 12.5, 5.5], "texture": "#1"},
				"up": {"uv": [9.75, 1, 8.75, 0], "texture": "#1"},
				"down": {"uv": [2, 8.75, 1, 9.75], "texture": "#1"}
			}
		},
		{
			"from": [6.75, -11, 6.75],
			"to": [9.25, -10, 9.25],
			"shade": false,
			"rotation": {"angle": 0, "axis": "y", "origin": [7, -10, 7]},
			"faces": {
				"north": {"uv": [12.25, 5.5, 13, 5.75], "texture": "#1"},
				"east": {"uv": [12.25, 5.75, 13, 6], "texture": "#1"},
				"south": {"uv": [6, 12.25, 6.75, 12.5], "texture": "#1"},
				"west": {"uv": [12.25, 6, 13, 6.25], "texture": "#1"},
				"up": {"uv": [7.75, 10.25, 7, 9.5], "texture": "#1"},
				"down": {"uv": [10.5, 0, 9.75, 0.75], "texture": "#1"}
			}
		},
		{
			"from": [6.25, -12, 6.25],
			"to": [9.75, -11, 9.75],
			"shade": false,
			"rotation": {"angle": 0, "axis": "y", "origin": [7, -12, 7]},
			"faces": {
				"north": {"uv": [11.25, 10.5, 12.25, 10.75], "texture": "#1"},
				"east": {"uv": [11.25, 10.75, 12.25, 11], "texture": "#1"},
				"south": {"uv": [11.25, 11, 12.25, 11.25], "texture": "#1"},
				"west": {"uv": [11.25, 11.25, 12.25, 11.5], "texture": "#1"},
				"up": {"uv": [9.5, 2, 8.5, 1], "texture": "#1"},
				"down": {"uv": [9.5, 2, 8.5, 3], "texture": "#1"}
			}
		},
		{
			"from": [5.75, -15.5, 5.75],
			"to": [10.25, -12, 10.25],
			"shade": false,
			"rotation": {"angle": 0, "axis": "y", "origin": [7, -13, 7]},
			"faces": {
				"north": {"uv": [7.25, 4.75, 8.5, 5.75], "texture": "#1"},
				"east": {"uv": [8.5, 4.75, 7.25, 5.75], "texture": "#1"},
				"south": {"uv": [7.25, 4.75, 8.5, 5.75], "texture": "#1"},
				"west": {"uv": [8.5, 4.75, 7.25, 5.75], "texture": "#1"},
				"up": {"uv": [1.25, 8.25, 0, 7], "texture": "#1"},
				"down": {"uv": [8.5, 1, 7.25, 2.25], "texture": "#1"}
			}
		},
		{
			"from": [1.242, 13.992, 7.492],
			"to": [14.758, 19.508, 8.508],
			"shade": false,
			"rotation": {"angle": 0, "axis": "z", "origin": [8, 17.75, 8]},
			"faces": {
				"north": {"uv": [0, 0, 3.5, 1.5], "texture": "#1"},
				"east": {"uv": [5.25, 10, 5.5, 11.5], "texture": "#1"},
				"south": {"uv": [0, 1.5, 3.5, 3], "texture": "#1"},
				"west": {"uv": [8.5, 10.25, 8.75, 11.75], "texture": "#1"},
				"up": {"uv": [12.25, 9.25, 8.75, 9], "texture": "#1"},
				"down": {"uv": [7.75, 9.25, 4.25, 9.5], "texture": "#1"}
			}
		},
		{
			"from": [15.609, 14.39519, 6.61626],
			"to": [16.359, 16.39519, 7.21626],
			"shade": false,
			"rotation": {"angle": 22.5, "axis": "z", "origin": [15.984, 15.39519, 6.91626]},
			"faces": {
				"north": {"uv": [1, 12.5, 1.25, 13], "texture": "#1"},
				"east": {"uv": [1.25, 12.5, 1.5, 13], "texture": "#1"},
				"south": {"uv": [3, 12.5, 3.25, 13], "texture": "#1"},
				"west": {"uv": [3.25, 12.5, 3.5, 13], "texture": "#1"},
				"up": {"uv": [12.75, 8, 12.5, 7.75], "texture": "#1"},
				"down": {"uv": [8.25, 12.5, 8, 12.75], "texture": "#1"}
			}
		},
		{
			"from": [15.75406, 15.39599, 6.61626],
			"to": [18.25406, 16.14599, 7.21626],
			"shade": false,
			"rotation": {"angle": 22.5, "axis": "z", "origin": [13.94263, 16.40043, 6.91626]},
			"faces": {
				"north": {"uv": [12.25, 9.5, 13, 9.75], "texture": "#1"},
				"east": {"uv": [7.75, 12, 8, 12.25], "texture": "#1"},
				"south": {"uv": [12.25, 9.75, 13, 10], "texture": "#1"},
				"west": {"uv": [7.75, 12.5, 8, 12.75], "texture": "#1"},
				"up": {"uv": [13, 10.25, 12.25, 10], "texture": "#1"},
				"down": {"uv": [11, 12.25, 10.25, 12.5], "texture": "#1"}
			}
		},
		{
			"from": [12.7619, 18.11546, 6.61626],
			"to": [15.5119, 18.86546, 7.21626],
			"shade": false,
			"rotation": {"angle": 45, "axis": "z", "origin": [14.0119, 18.49046, 6.91626]},
			"faces": {
				"north": {"uv": [12.25, 10.25, 13, 10.5], "texture": "#1"},
				"east": {"uv": [12.5, 8, 12.75, 8.25], "texture": "#1"},
				"south": {"uv": [12.25, 10.5, 13, 10.75], "texture": "#1"},
				"west": {"uv": [8.25, 12.5, 8.5, 12.75], "texture": "#1"},
				"up": {"uv": [13, 11, 12.25, 10.75], "texture": "#1"},
				"down": {"uv": [11.75, 12.25, 11, 12.5], "texture": "#1"}
			}
		},
		{
			"from": [12.14263, 16.50761, 6.36626],
			"to": [15.89263, 17.60761, 7.46626],
			"shade": false,
			"rotation": {"angle": -22.5, "axis": "z", "origin": [13.94263, 16.40043, 6.91626]},
			"faces": {
				"north": {"uv": [11.5, 8, 12.5, 8.25], "texture": "#1"},
				"east": {"uv": [9.5, 11.5, 9.75, 11.75], "texture": "#1"},
				"south": {"uv": [11.5, 8.25, 12.5, 8.5], "texture": "#1"},
				"west": {"uv": [1.5, 12, 1.75, 12.25], "texture": "#1"},
				"up": {"uv": [12.5, 8.75, 11.5, 8.5], "texture": "#1"},
				"down": {"uv": [12.25, 11.5, 11.25, 11.75], "texture": "#1"}
			}
		},
		{
			"from": [0.20513, 16.69224, 6.36626],
			"to": [2.95513, 17.79224, 7.46626],
			"shade": false,
			"rotation": {"angle": 22.5, "axis": "z", "origin": [1.15513, 16.58506, 6.91626]},
			"faces": {
				"north": {"uv": [12.25, 11.75, 13, 12], "texture": "#1"},
				"east": {"uv": [12.5, 8.5, 12.75, 8.75], "texture": "#1"},
				"south": {"uv": [12.25, 12, 13, 12.25], "texture": "#1"},
				"west": {"uv": [8.75, 12.5, 9, 12.75], "texture": "#1"},
				"up": {"uv": [13.25, 0.25, 12.5, 0], "texture": "#1"},
				"down": {"uv": [13.25, 0.25, 12.5, 0.5], "texture": "#1"}
			}
		},
		{
			"from": [8.27344, 17.42683, 6.36626],
			"to": [13.52344, 18.52683, 7.46626],
			"shade": false,
			"rotation": {"angle": 22.5, "axis": "z", "origin": [13.94263, 16.40043, 6.91626]},
			"faces": {
				"north": {"uv": [4.25, 9, 5.5, 9.25], "texture": "#1"},
				"east": {"uv": [9.5, 6.75, 9.75, 7], "texture": "#1"},
				"south": {"uv": [10.75, 8.75, 12, 9], "texture": "#1"},
				"west": {"uv": [10.5, 7.25, 10.75, 7.5], "texture": "#1"},
				"up": {"uv": [12.25, 3.5, 11, 3.25], "texture": "#1"},
				"down": {"uv": [12.25, 9.75, 11, 10], "texture": "#1"}
			}
		},
		{
			"from": [1.72656, 18.37683, 6.36626],
			"to": [4.97656, 19.47683, 7.46626],
			"shade": false,
			"rotation": {"angle": -22.5, "axis": "z", "origin": [-0.69263, 17.35043, 6.91626]},
			"faces": {
				"north": {"uv": [12.25, 11, 13, 11.25], "texture": "#1"},
				"east": {"uv": [12.5, 8.25, 12.75, 8.5], "texture": "#1"},
				"south": {"uv": [12.25, 11.25, 13, 11.5], "texture": "#1"},
				"west": {"uv": [8.5, 12.5, 8.75, 12.75], "texture": "#1"},
				"up": {"uv": [13, 11.75, 12.25, 11.5], "texture": "#1"},
				"down": {"uv": [12.5, 12.25, 11.75, 12.5], "texture": "#1"}
			}
		},
		{
			"from": [14.742, 11.992, 7.492],
			"to": [21.758, 21.508, 8.508],
			"shade": false,
			"rotation": {"angle": 0, "axis": "y", "origin": [8, 17.75, 8]},
			"faces": {
				"north": {"uv": [0, 3, 1.61875, 5.5], "texture": "#1"},
				"east": {"uv": [3.25, 5.5, 3.5, 8], "texture": "#1"},
				"south": {"uv": [1.61875, 3, 0, 5.5], "texture": "#1"},
				"west": {"uv": [3, 9.25, 3.25, 11.75], "texture": "#1"},
				"up": {"uv": [1.61875, 5.25, 0, 5.5], "texture": "#1"},
				"down": {"uv": [1.61875, 3, 0, 3.25], "texture": "#1"}
			}
		},
		{
			"from": [13.19268, 9.19496, 7.519],
			"to": [20.20468, 13.70696, 8.481],
			"shade": false,
			"rotation": {"angle": -22.5, "axis": "z", "origin": [16.69868, 8.95096, 8]},
			"faces": {
				"north": {"uv": [1.5, 5.5, 3.25, 6.75], "texture": "#1"},
				"east": {"uv": [7.75, 10.75, 8, 12], "texture": "#1"},
				"south": {"uv": [5.5, 1.5, 7.25, 2.75], "texture": "#1"},
				"west": {"uv": [0.75, 11, 1, 12.25], "texture": "#1"},
				"up": {"uv": [12.25, 3.75, 10.5, 3.5], "texture": "#1"},
				"down": {"uv": [12.25, 3.75, 10.5, 4], "texture": "#1"}
			}
		},
		{
			"from": [12.98306, 12.80438, 7.5],
			"to": [15.80806, 14.30438, 8.5],
			"shade": false,
			"rotation": {"angle": -45, "axis": "z", "origin": [14.30806, 13.67938, 8]},
			"faces": {
				"north": {"uv": [4.5, 10.5, 5.25, 11], "texture": "#1"},
				"east": {"uv": [7, 1, 7.25, 1.5], "texture": "#1"},
				"south": {"uv": [10.5, 10, 11.25, 10.5], "texture": "#1"},
				"west": {"uv": [1, 8.25, 1.25, 8.75], "texture": "#1"},
				"up": {"uv": [13, 7, 12.25, 6.75], "texture": "#1"},
				"down": {"uv": [13, 7, 12.25, 7.25], "texture": "#1"}
			}
		},
		{
			"from": [12.95806, 6.47243, 7.546],
			"to": [19.46606, 10.98043, 8.454],
			"shade": false,
			"rotation": {"angle": -45, "axis": "z", "origin": [15.96206, 8.72643, 8]},
			"faces": {
				"north": {"uv": [1.5, 6.75, 3.25, 7.75], "texture": "#1"},
				"east": {"uv": [3.25, 8, 3.5, 9], "texture": "#1"},
				"south": {"uv": [7, 0, 8.75, 1], "texture": "#1"},
				"west": {"uv": [7.5, 11.25, 7.75, 12.25], "texture": "#1"},
				"up": {"uv": [12.25, 5.75, 10.5, 5.5], "texture": "#1"},
				"down": {"uv": [12.25, 5.75, 10.5, 6], "texture": "#1"}
			}
		},
		{
			"from": [13.27349, 3.55213, 7.575],
			"to": [15.77349, 9.55213, 8.425],
			"shade": false,
			"rotation": {"angle": 22.5, "axis": "z", "origin": [13.52349, 6.80213, 8]},
			"faces": {
				"north": {"uv": [2.5, 7.75, 3.25, 9.20625], "texture": "#1"},
				"east": {"uv": [1.5, 10.5, 1.75, 12], "texture": "#1"},
				"south": {"uv": [3.25, 7.75, 2.5, 9.20625], "texture": "#1"},
				"west": {"uv": [4.25, 10.5, 4.5, 12], "texture": "#1"},
				"up": {"uv": [13, 6.5, 12.25, 6.25], "texture": "#1"},
				"down": {"uv": [7.5, 12.25, 6.75, 12.5], "texture": "#1"}
			}
		},
		{
			"from": [12.95806, 22.51957, 7.546],
			"to": [19.46606, 27.02757, 8.454],
			"shade": false,
			"rotation": {"angle": 45, "axis": "z", "origin": [15.96206, 24.77357, 8]},
			"faces": {
				"north": {"uv": [5.5, 5.25, 7.25, 6.5], "texture": "#1"},
				"east": {"uv": [10.75, 11, 11, 12.25], "texture": "#1"},
				"south": {"uv": [5.5, 6.5, 7.25, 7.75], "texture": "#1"},
				"west": {"uv": [11, 11, 11.25, 12.25], "texture": "#1"},
				"up": {"uv": [12.25, 7, 10.5, 6.75], "texture": "#1"},
				"down": {"uv": [12.25, 7, 10.5, 7.25], "texture": "#1"}
			}
		},
		{
			"from": [13.27349, 23.94787, 7.575],
			"to": [15.77349, 29.94787, 8.425],
			"shade": false,
			"rotation": {"angle": -22.5, "axis": "z", "origin": [13.52349, 26.69787, 8]},
			"faces": {
				"north": {"uv": [6.24375, 7.79375, 7, 9.25], "texture": "#1"},
				"east": {"uv": [5.5, 10.75, 5.75, 12.25], "texture": "#1"},
				"south": {"uv": [7, 7.79375, 6.24375, 9.25], "texture": "#1"},
				"west": {"uv": [5.75, 10.75, 6, 12.25], "texture": "#1"},
				"up": {"uv": [13, 9.25, 12.25, 9], "texture": "#1"},
				"down": {"uv": [13, 9.25, 12.25, 9.5], "texture": "#1"}
			}
		},
		{
			"from": [13.19268, 19.79304, 7.519],
			"to": [20.20468, 24.30504, 8.481],
			"shade": false,
			"rotation": {"angle": 22.5, "axis": "z", "origin": [16.69868, 24.54904, 8]},
			"faces": {
				"north": {"uv": [5.5, 2.75, 7.25, 4], "texture": "#1"},
				"east": {"uv": [10.25, 11, 10.5, 12.25], "texture": "#1"},
				"south": {"uv": [5.5, 4, 7.25, 5.25], "texture": "#1"},
				"west": {"uv": [10.5, 11, 10.75, 12.25], "texture": "#1"},
				"up": {"uv": [12.25, 6.25, 10.5, 6], "texture": "#1"},
				"down": {"uv": [12.25, 6.25, 10.5, 6.5], "texture": "#1"}
			}
		},
		{
			"from": [12.98306, 19.19562, 7.5],
			"to": [15.80806, 20.69562, 8.5],
			"shade": false,
			"rotation": {"angle": 45, "axis": "z", "origin": [14.30806, 19.82062, 8]},
			"faces": {
				"north": {"uv": [10.5, 10.5, 11.25, 11], "texture": "#1"},
				"east": {"uv": [0, 12.5, 0.25, 13], "texture": "#1"},
				"south": {"uv": [10.75, 4, 11.5, 4.5], "texture": "#1"},
				"west": {"uv": [0.25, 12.5, 0.5, 13], "texture": "#1"},
				"up": {"uv": [8.25, 12.5, 7.5, 12.25], "texture": "#1"},
				"down": {"uv": [9, 12.25, 8.25, 12.5], "texture": "#1"}
			}
		},
		{
			"from": [-2.5, 13.1967, 7.5],
			"to": [5, 20.6967, 8.5],
			"shade": false,
			"rotation": {"angle": -45, "axis": "z", "origin": [1.25, 16.9467, 8]},
			"faces": {
				"north": {"uv": [3.5, 0, 5.5, 2], "texture": "#1"},
				"east": {"uv": [1.75, 9.75, 2, 11.75], "texture": "#1"},
				"south": {"uv": [3.5, 2, 5.5, 4], "texture": "#1"},
				"west": {"uv": [8.75, 9.75, 9, 11.75], "texture": "#1"},
				"up": {"uv": [11.75, 1, 9.75, 0.75], "texture": "#1"},
				"down": {"uv": [11, 9.75, 9, 10], "texture": "#1"}
			}
		},
		{
			"from": [6.25, 11, 6.25],
			"to": [9.75, 12, 9.75],
			"shade": false,
			"rotation": {"angle": 0, "axis": "y", "origin": [7, 11, 7]},
			"faces": {
				"north": {"uv": [11.5, 0, 12.5, 0.25], "texture": "#1"},
				"east": {"uv": [11.5, 0.25, 12.5, 0.5], "texture": "#1"},
				"south": {"uv": [11.5, 1.5, 12.5, 1.75], "texture": "#1"},
				"west": {"uv": [11.5, 1.75, 12.5, 2], "texture": "#1"},
				"up": {"uv": [9.5, 4, 8.5, 3], "texture": "#1"},
				"down": {"uv": [9.5, 4, 8.5, 5], "texture": "#1"}
			}
		},
		{
			"from": [6.25, 19, 6.25],
			"to": [9.75, 20, 9.75],
			"shade": false,
			"rotation": {"angle": 0, "axis": "y", "origin": [7, 19, 7]},
			"faces": {
				"north": {"uv": [6, 11.5, 7, 11.75], "texture": "#1"},
				"east": {"uv": [11.5, 7.25, 12.5, 7.5], "texture": "#1"},
				"south": {"uv": [11.5, 7.5, 12.5, 7.75], "texture": "#1"},
				"west": {"uv": [11.5, 7.75, 12.5, 8], "texture": "#1"},
				"up": {"uv": [9.75, 9, 8.75, 8], "texture": "#1"},
				"down": {"uv": [4.25, 9, 3.25, 10], "texture": "#1"}
			}
		},
		{
			"from": [5.95594, 5.644, 5.68534],
			"to": [7.46794, 7.156, 8.69734],
			"shade": false,
			"rotation": {"angle": -22.5, "axis": "y", "origin": [6.96194, 6.4, 7.19134]},
			"faces": {
				"north": {"uv": [8, 11.25, 8.5, 11.75], "texture": "#1"},
				"east": {"uv": [10.75, 4.5, 11.5, 5], "texture": "#1"},
				"south": {"uv": [0, 11.5, 0.5, 12], "texture": "#1"},
				"west": {"uv": [10.75, 5, 11.5, 5.5], "texture": "#1"},
				"up": {"uv": [6.5, 11.5, 6, 10.75], "texture": "#1"},
				"down": {"uv": [7, 10.75, 6.5, 11.5], "texture": "#1"}
			}
		},
		{
			"from": [6.60409, 5.642, 5.41484],
			"to": [9.02009, 7.158, 6.93084],
			"shade": false,
			"rotation": {"angle": 0, "axis": "y", "origin": [7.61209, 6.4, 6.42284]},
			"faces": {
				"north": {"uv": [1, 11.5, 1.5, 12], "texture": "#1"},
				"east": {"uv": [9, 11.5, 9.5, 12], "texture": "#1"},
				"south": {"uv": [11.75, 0.75, 12.25, 1.25], "texture": "#1"},
				"west": {"uv": [1.75, 11.75, 2.25, 12.25], "texture": "#1"},
				"up": {"uv": [2.75, 12.25, 2.25, 11.75], "texture": "#1"},
				"down": {"uv": [12.25, 2.25, 11.75, 2.75], "texture": "#1"}
			}
		},
		{
			"from": [9.01209, 5.55642, 6.65015],
			"to": [10.51209, 10.80642, 8.15015],
			"shade": false,
			"rotation": {"angle": 45, "axis": "x", "origin": [9.51209, 7.05642, 7.40015]},
			"faces": {
				"north": {"uv": [5.5, 9.5, 6, 10.75], "texture": "#1"},
				"east": {"uv": [9.5, 5.5, 10, 6.75], "texture": "#1"},
				"south": {"uv": [6, 9.5, 6.5, 10.75], "texture": "#1"},
				"west": {"uv": [6.5, 9.5, 7, 10.75], "texture": "#1"},
				"up": {"uv": [3.25, 12.25, 2.75, 11.75], "texture": "#1"},
				"down": {"uv": [12.25, 2.75, 11.75, 3.25], "texture": "#1"}
			}
		},
		{
			"from": [6.01209, 9.30642, 6.65015],
			"to": [9.01209, 10.80642, 8.15015],
			"shade": false,
			"rotation": {"angle": 45, "axis": "x", "origin": [9.51209, 7.05642, 7.40015]},
			"faces": {
				"north": {"uv": [7, 10.75, 7.75, 11.25], "texture": "#1"},
				"east": {"uv": [3.25, 11.75, 3.75, 12.25], "texture": "#1"},
				"south": {"uv": [10.75, 7.25, 11.5, 7.75], "texture": "#1"},
				"west": {"uv": [3.75, 11.75, 4.25, 12.25], "texture": "#1"},
				"up": {"uv": [11.5, 8.25, 10.75, 7.75], "texture": "#1"},
				"down": {"uv": [11.5, 8.25, 10.75, 8.75], "texture": "#1"}
			}
		},
		{
			"from": [6.01209, 9.37228, 6.93048],
			"to": [7.51209, 11.62228, 8.43048],
			"shade": false,
			"rotation": {"angle": -45, "axis": "x", "origin": [6.51209, 11.12228, 7.93048]},
			"faces": {
				"north": {"uv": [4.5, 11.75, 5, 12.25], "texture": "#1"},
				"east": {"uv": [5, 11.75, 5.5, 12.25], "texture": "#1"},
				"south": {"uv": [6, 11.75, 6.5, 12.25], "texture": "#1"},
				"west": {"uv": [6.5, 11.75, 7, 12.25], "texture": "#1"},
				"up": {"uv": [7.5, 12.25, 7, 11.75], "texture": "#1"},
				"down": {"uv": [8.5, 11.75, 8, 12.25], "texture": "#1"}
			}
		},
		{
			"from": [6.37825, 5.65, 7.40158],
			"to": [7.87825, 7.15, 9.90158],
			"shade": false,
			"rotation": {"angle": 45, "axis": "y", "origin": [6.87825, 6.4, 8.90158]},
			"faces": {
				"north": {"uv": [8.5, 11.75, 9, 12.25], "texture": "#1"},
				"east": {"uv": [0, 11, 0.75, 11.5], "texture": "#1"},
				"south": {"uv": [9.5, 11.75, 10, 12.25], "texture": "#1"},
				"west": {"uv": [11, 1, 11.75, 1.5], "texture": "#1"},
				"up": {"uv": [11.5, 2.25, 11, 1.5], "texture": "#1"},
				"down": {"uv": [2.5, 11, 2, 11.75], "texture": "#1"}
			}
		},
		{
			"from": [6.00409, 10.32139, 5.42248],
			"to": [7.52009, 11.83739, 7.93848],
			"shade": false,
			"rotation": {"angle": 0, "axis": "y", "origin": [6.51209, 11.32939, 6.68048]},
			"faces": {
				"north": {"uv": [11.25, 11.75, 11.75, 12.25], "texture": "#1"},
				"east": {"uv": [11, 2.25, 11.75, 2.75], "texture": "#1"},
				"south": {"uv": [11.75, 11.75, 12.25, 12.25], "texture": "#1"},
				"west": {"uv": [11, 2.75, 11.75, 3.25], "texture": "#1"},
				"up": {"uv": [3, 11.75, 2.5, 11], "texture": "#1"},
				"down": {"uv": [3.75, 11, 3.25, 11.75], "texture": "#1"}
			}
		},
		{
			"from": [6.01209, 11.19182, 4.15015],
			"to": [7.51209, 12.56682, 6.47515],
			"shade": false,
			"rotation": {"angle": 45, "axis": "x", "origin": [6.51209, 12.06682, 4.90015]},
			"faces": {
				"north": {"uv": [12.5, 2, 13, 2.25], "texture": "#1"},
				"east": {"uv": [3.5, 12.5, 4, 12.75], "texture": "#1"},
				"south": {"uv": [12.5, 4, 13, 4.25], "texture": "#1"},
				"west": {"uv": [12.5, 4.25, 13, 4.5], "texture": "#1"},
				"up": {"uv": [0.5, 12.5, 0, 12], "texture": "#1"},
				"down": {"uv": [1.5, 12, 1, 12.5], "texture": "#1"}
			}
		},
		{
			"from": [6.01209, 11.97844, 3.7511],
			"to": [10.01209, 13.47844, 5.2511],
			"shade": false,
			"rotation": {"angle": 0, "axis": "y", "origin": [8.01209, 12.67844, 4.7511]},
			"faces": {
				"north": {"uv": [11.75, 1.25, 12.75, 1.5], "texture": "#1"},
				"east": {"uv": [12.5, 4.5, 13, 4.75], "texture": "#1"},
				"south": {"uv": [11.75, 6.5, 12.75, 6.75], "texture": "#1"},
				"west": {"uv": [12.5, 4.75, 13, 5], "texture": "#1"},
				"up": {"uv": [1, 10.5, 0, 10], "texture": "#1"},
				"down": {"uv": [3, 10, 2, 10.5], "texture": "#1"}
			}
		},
		{
			"from": [8.51209, 13.47844, 3.7511],
			"to": [10.01209, 15.57844, 5.2511],
			"shade": false,
			"rotation": {"angle": 0, "axis": "y", "origin": [8.01209, 13.67844, 4.2511]},
			"faces": {
				"north": {"uv": [9, 12, 9.5, 12.5], "texture": "#1"},
				"east": {"uv": [0.5, 12.25, 1, 12.75], "texture": "#1"},
				"south": {"uv": [12.25, 0.5, 12.75, 1], "texture": "#1"},
				"west": {"uv": [1.5, 12.25, 2, 12.75], "texture": "#1"},
				"up": {"uv": [2.5, 12.75, 2, 12.25], "texture": "#1"},
				"down": {"uv": [12.75, 2.25, 12.25, 2.75], "texture": "#1"}
			}
		},
		{
			"from": [8.51209, 14.07844, 5.2511],
			"to": [10.01209, 15.57844, 7.7511],
			"shade": false,
			"rotation": {"angle": 0, "axis": "y", "origin": [9.51209, 15.07844, 6.6261]},
			"faces": {
				"north": {"uv": [2.5, 12.25, 3, 12.75], "texture": "#1"},
				"east": {"uv": [4.5, 11, 5.25, 11.5], "texture": "#1"},
				"south": {"uv": [12.25, 2.75, 12.75, 3.25], "texture": "#1"},
				"west": {"uv": [9, 11, 9.75, 11.5], "texture": "#1"},
				"up": {"uv": [4.25, 11.75, 3.75, 11], "texture": "#1"},
				"down": {"uv": [10.25, 11, 9.75, 11.75], "texture": "#1"}
			}
		},
		{
			"from": [5.03906, 14.53606, 5.96626],
			"to": [9.28906, 16.03606, 7.46626],
			"shade": false,
			"rotation": {"angle": -22.5, "axis": "z", "origin": [8.16406, 15.53606, 6.96626]},
			"faces": {
				"north": {"uv": [12, 8.75, 13, 9], "texture": "#1"},
				"east": {"uv": [9, 12.5, 9.25, 12.75], "texture": "#1"},
				"south": {"uv": [12.25, 1, 13.25, 1.25], "texture": "#1"},
				"west": {"uv": [9.25, 12.5, 9.5, 12.75], "texture": "#1"},
				"up": {"uv": [4, 12.5, 3, 12.25], "texture": "#1"},
				"down": {"uv": [13.25, 3.25, 12.25, 3.5], "texture": "#1"}
			}
		},
		{
			"from": [4.02396, 15.93332, 5.96626],
			"to": [5.52396, 19.68332, 7.46626],
			"shade": false,
			"rotation": {"angle": 22.5, "axis": "z", "origin": [4.77396, 18.05832, 6.71626]},
			"faces": {
				"north": {"uv": [3.25, 10, 3.75, 11], "texture": "#1"},
				"east": {"uv": [10, 11.75, 10.25, 12.75], "texture": "#1"},
				"south": {"uv": [3.75, 10, 4.25, 11], "texture": "#1"},
				"west": {"uv": [4.25, 12, 4.5, 13], "texture": "#1"},
				"up": {"uv": [13, 5.25, 12.5, 5], "texture": "#1"},
				"down": {"uv": [13, 5.25, 12.5, 5.5], "texture": "#1"}
			}
		},
		{
			"from": [3.23991, 21.47005, 8.27931],
			"to": [4.33991, 22.57005, 10.77931],
			"shade": false,
			"rotation": {"angle": -45, "axis": "x", "origin": [3.78991, 22.44143, 10.82036]},
			"faces": {
				"north": {"uv": [10.25, 12.5, 10.5, 12.75], "texture": "#1"},
				"east": {"uv": [12.5, 1.5, 13.25, 1.75], "texture": "#1"},
				"south": {"uv": [10.5, 12.5, 10.75, 12.75], "texture": "#1"},
				"west": {"uv": [12.5, 1.75, 13.25, 2], "texture": "#1"},
				"up": {"uv": [1.5, 7.75, 1.25, 7], "texture": "#1"},
				"down": {"uv": [8.75, 7, 8.5, 7.75], "texture": "#1"}
			}
		},
		{
			"from": [3.48991, 22.48782, 11.48641],
			"to": [4.08991, 23.23782, 12.73641],
			"shade": false,
			"rotation": {"angle": -45, "axis": "x", "origin": [3.78991, 22.44143, 10.82036]},
			"faces": {
				"north": {"uv": [10.75, 12.5, 11, 12.75], "texture": "#1"},
				"east": {"uv": [11, 12.5, 11.25, 12.75], "texture": "#1"},
				"south": {"uv": [11.25, 12.5, 11.5, 12.75], "texture": "#1"},
				"west": {"uv": [11.5, 12.5, 11.75, 12.75], "texture": "#1"},
				"up": {"uv": [12, 12.75, 11.75, 12.5], "texture": "#1"},
				"down": {"uv": [12.25, 12.5, 12, 12.75], "texture": "#1"}
			}
		},
		{
			"from": [3.48991, 21.72553, 10.7282],
			"to": [4.08991, 23.47553, 11.4782],
			"shade": false,
			"rotation": {"angle": 0, "axis": "x", "origin": [3.78991, 22.44143, 10.82036]},
			"faces": {
				"north": {"uv": [6, 12.5, 6.25, 13], "texture": "#1"},
				"east": {"uv": [6.25, 12.5, 6.5, 13], "texture": "#1"},
				"south": {"uv": [6.5, 12.5, 6.75, 13], "texture": "#1"},
				"west": {"uv": [6.75, 12.5, 7, 13], "texture": "#1"},
				"up": {"uv": [12.5, 12.75, 12.25, 12.5], "texture": "#1"},
				"down": {"uv": [12.75, 12.25, 12.5, 12.5], "texture": "#1"}
			}
		},
		{
			"from": [3.16491, 23.23151, 13.26158],
			"to": [6.91491, 25.03151, 13.26158],
			"shade": false,
			"rotation": {"angle": -45, "axis": "y", "origin": [5.03991, 24.13151, 13.26158]},
			"faces": {
				"north": {"uv": [16, 1.75, 14.5, 2.5], "texture": "#1"},
				"south": {"uv": [14.5, 1.75, 16, 2.5], "texture": "#1"}
			}
		},
		{
			"from": [3.63581, 19.05038, 7.33765],
			"to": [4.73581, 21.55038, 8.43765],
			"shade": false,
			"rotation": {"angle": 22.5, "axis": "x", "origin": [4.18581, 21.59143, 7.46626]},
			"faces": {
				"north": {"uv": [0.5, 11.5, 0.75, 12.25], "texture": "#1"},
				"east": {"uv": [4, 12.25, 4.25, 13], "texture": "#1"},
				"south": {"uv": [9.5, 12.25, 9.75, 13], "texture": "#1"},
				"west": {"uv": [9.75, 12.25, 10, 13], "texture": "#1"},
				"up": {"uv": [12.75, 12.75, 12.5, 12.5], "texture": "#1"},
				"down": {"uv": [0.75, 12.75, 0.5, 13], "texture": "#1"}
			}
		},
		{
			"from": [3.88581, 20.49517, 6.4222],
			"to": [4.48581, 22.24517, 7.1722],
			"shade": false,
			"rotation": {"angle": -45, "axis": "x", "origin": [4.18581, 21.89606, 6.63115]},
			"faces": {
				"north": {"uv": [7, 12.5, 7.25, 13], "texture": "#1"},
				"east": {"uv": [7.25, 12.5, 7.5, 13], "texture": "#1"},
				"south": {"uv": [12.5, 7.25, 12.75, 7.75], "texture": "#1"},
				"west": {"uv": [7.5, 12.5, 7.75, 13], "texture": "#1"},
				"up": {"uv": [13, 0.75, 12.75, 0.5], "texture": "#1"},
				"down": {"uv": [1, 12.75, 0.75, 13], "texture": "#1"}
			}
		},
		{
			"from": [3.88581, 21.7755, 5.51687],
			"to": [4.48581, 22.5255, 6.76687],
			"shade": false,
			"rotation": {"angle": 0, "axis": "x", "origin": [4.18581, 21.89606, 6.63115]},
			"faces": {
				"north": {"uv": [12.75, 0.75, 13, 1], "texture": "#1"},
				"east": {"uv": [12.75, 1.25, 13, 1.5], "texture": "#1"},
				"south": {"uv": [1.5, 12.75, 1.75, 13], "texture": "#1"},
				"west": {"uv": [1.75, 12.75, 2, 13], "texture": "#1"},
				"up": {"uv": [2.25, 13, 2, 12.75], "texture": "#1"},
				"down": {"uv": [2.5, 12.75, 2.25, 13], "texture": "#1"}
			}
		},
		{
			"from": [5.98791, 9.93775, 9.87256],
			"to": [7.48791, 13.46275, 11.37256],
			"shade": false,
			"rotation": {"angle": 45, "axis": "x", "origin": [6.73791, 11.91275, 10.62256]},
			"faces": {
				"north": {"uv": [10, 5.5, 10.5, 6.5], "texture": "#1"},
				"east": {"uv": [9, 10, 9.5, 11], "texture": "#1"},
				"south": {"uv": [9.5, 10, 10, 11], "texture": "#1"},
				"west": {"uv": [10, 10, 10.5, 11], "texture": "#1"},
				"up": {"uv": [12.75, 4, 12.25, 3.5], "texture": "#1"},
				"down": {"uv": [5, 12.25, 4.5, 12.75], "texture": "#1"}
			}
		},
		{
			"from": [4.14459, 22.63151, 2.50874],
			"to": [4.14459, 24.43151, 6.25874],
			"shade": false,
			"rotation": {"angle": 45, "axis": "x", "origin": [4.14459, 23.53151, 4.38374]},
			"faces": {
				"east": {"uv": [14.5, 1.75, 16, 2.5], "texture": "#1"},
				"west": {"uv": [16, 1.75, 14.5, 2.5], "texture": "#1"}
			}
		},
		{
			"from": [3.53991, 23.50651, 12.11158],
			"to": [3.53991, 27.25651, 13.91158],
			"shade": false,
			"rotation": {"angle": 45, "axis": "x", "origin": [3.53991, 25.38151, 13.01158]},
			"faces": {
				"east": {"uv": [15.75, 0, 15, 1.5], "texture": "#1"},
				"west": {"uv": [15, 0, 15.75, 1.5], "texture": "#1"}
			}
		},
		{
			"from": [1.26959, 23.43151, 4.98374],
			"to": [5.01959, 23.43151, 6.78374],
			"shade": false,
			"rotation": {"angle": -45, "axis": "z", "origin": [3.14459, 23.43151, 5.88374]},
			"faces": {
				"up": {"uv": [16, 1.75, 14.5, 2.5], "texture": "#1"},
				"down": {"uv": [16, 2.5, 14.5, 1.75], "texture": "#1"}
			}
		},
		{
			"from": [9.74459, 14.05651, 4.96626],
			"to": [11.54459, 17.80651, 4.96626],
			"shade": false,
			"rotation": {"angle": -45, "axis": "z", "origin": [10.64459, 15.93151, 4.96626]},
			"faces": {
				"north": {"uv": [15.75, 0, 15, 1.5], "texture": "#1"},
				"south": {"uv": [15, 0, 15.75, 1.5], "texture": "#1"}
			}
		},
		{
			"from": [10.89459, 14.03151, 1.79126],
			"to": [10.89459, 15.83151, 5.54126],
			"shade": false,
			"rotation": {"angle": -45, "axis": "y", "origin": [10.89459, 14.93151, 3.66626]},
			"faces": {
				"east": {"uv": [14.5, 1.75, 16, 2.5], "texture": "#1"},
				"west": {"uv": [16, 1.75, 14.5, 2.5], "texture": "#1"}
			}
		},
		{
			"from": [16.14459, 12.05651, 6.96626],
			"to": [17.64459, 14.80651, 6.96626],
			"shade": false,
			"rotation": {"angle": 22.5, "axis": "z", "origin": [16.89459, 12.93151, 6.96626]},
			"faces": {
				"north": {"uv": [16, 1.75, 14.5, 2.5], "rotation": 270, "texture": "#1"},
				"south": {"uv": [14.5, 1.75, 16, 2.5], "rotation": 90, "texture": "#1"}
			}
		},
		{
			"from": [18.49459, 16.80651, 6.96626],
			"to": [19.79459, 19.55651, 6.96626],
			"shade": false,
			"rotation": {"angle": -45, "axis": "z", "origin": [19.14459, 18.68151, 6.96626]},
			"faces": {
				"north": {"uv": [15.75, 0, 15, 1.5], "texture": "#1"},
				"south": {"uv": [15, 0, 15.75, 1.5], "texture": "#1"}
			}
		},
		{
			"from": [14.69104, 19.20296, 6.96626],
			"to": [15.99104, 21.95296, 6.96626],
			"shade": false,
			"rotation": {"angle": -22.5, "axis": "z", "origin": [15.34104, 20.57796, 6.96626]},
			"faces": {
				"north": {"uv": [15.75, 0, 15, 1.5], "texture": "#1"},
				"south": {"uv": [15, 0, 15.75, 1.5], "texture": "#1"}
			}
		},
		{
			"from": [15.96604, 14.17796, 6.46626],
			"to": [18.71604, 15.47796, 6.46626],
			"shade": false,
			"rotation": {"angle": 22.5, "axis": "y", "origin": [17.34104, 14.82796, 6.46626]},
			"faces": {
				"north": {"uv": [15.75, 0, 15, 1.5], "rotation": 270, "texture": "#1"},
				"south": {"uv": [15, 0, 15.75, 1.5], "rotation": 90, "texture": "#1"}
			}
		},
		{
			"from": [-1.29459, 16.79349, 6.96626],
			"to": [0.20541, 19.54349, 6.96626],
			"shade": false,
			"rotation": {"angle": 22.5, "axis": "z", "origin": [-0.54459, 18.66849, 6.96626]},
			"faces": {
				"north": {"uv": [14.5, 2.5, 16, 1.75], "rotation": 270, "texture": "#1"},
				"south": {"uv": [16, 2.5, 14.5, 1.75], "rotation": 90, "texture": "#1"}
			}
		},
		{
			"from": [-2.36604, 16.12204, 6.46626],
			"to": [0.38396, 17.42204, 6.46626],
			"shade": false,
			"rotation": {"angle": -22.5, "axis": "y", "origin": [-0.99104, 16.77204, 6.46626]},
			"faces": {
				"north": {"uv": [15, 1.5, 15.75, 0], "rotation": 270, "texture": "#1"},
				"south": {"uv": [15.75, 1.5, 15, 0], "rotation": 90, "texture": "#1"}
			}
		},
		{
			"from": [2.34385, -13.81694, 7.91099],
			"to": [6.46885, -11.86694, 7.91099],
			"shade": false,
			"rotation": {"angle": -22.5, "axis": "y", "origin": [4.99179, -11.76606, 8.07439]},
			"faces": {
				"north": {"uv": [15, 1.5, 15.75, 0], "rotation": 270, "texture": "#1"},
				"south": {"uv": [15.75, 1.5, 15, 0], "rotation": 90, "texture": "#1"}
			}
		},
		{
			"from": [3.84513, -12.75268, 8.44939],
			"to": [6.09513, -8.62768, 8.44939],
			"shade": false,
			"rotation": {"angle": 45, "axis": "z", "origin": [4.97013, -10.69018, 8.44939]},
			"faces": {
				"north": {"uv": [14.5, 2.5, 16, 1.75], "rotation": 270, "texture": "#1"},
				"south": {"uv": [16, 2.5, 14.5, 1.75], "rotation": 90, "texture": "#1"}
			}
		},
		{
			"from": [-2.36604, 16.12204, 9.53374],
			"to": [0.38396, 17.42204, 9.53374],
			"shade": false,
			"rotation": {"angle": 22.5, "axis": "y", "origin": [-0.99104, 16.77204, 9.53374]},
			"faces": {
				"north": {"uv": [15.75, 0, 15, 1.5], "rotation": 90, "texture": "#1"},
				"south": {"uv": [15, 0, 15.75, 1.5], "rotation": 270, "texture": "#1"}
			}
		},
		{
			"from": [-1.29459, 16.79349, 9.03374],
			"to": [0.20541, 19.54349, 9.03374],
			"shade": false,
			"rotation": {"angle": 22.5, "axis": "z", "origin": [-0.54459, 18.66849, 9.03374]},
			"faces": {
				"north": {"uv": [16, 1.75, 14.5, 2.5], "rotation": 90, "texture": "#1"},
				"south": {"uv": [14.5, 1.75, 16, 2.5], "rotation": 270, "texture": "#1"}
			}
		},
		{
			"from": [0.20513, 16.69224, 8.53374],
			"to": [2.95513, 17.79224, 9.63374],
			"shade": false,
			"rotation": {"angle": 22.5, "axis": "z", "origin": [1.15513, 16.58506, 9.08374]},
			"faces": {
				"north": {"uv": [13, 12, 12.25, 12.25], "texture": "#1"},
				"east": {"uv": [12.75, 8.5, 12.5, 8.75], "texture": "#1"},
				"south": {"uv": [13, 11.75, 12.25, 12], "texture": "#1"},
				"west": {"uv": [9, 12.5, 8.75, 12.75], "texture": "#1"},
				"up": {"uv": [13.25, 0, 12.5, 0.25], "texture": "#1"},
				"down": {"uv": [13.25, 0.5, 12.5, 0.25], "texture": "#1"}
			}
		},
		{
			"from": [1.72656, 18.37683, 8.53374],
			"to": [4.97656, 19.47683, 9.63374],
			"shade": false,
			"rotation": {"angle": -22.5, "axis": "z", "origin": [-0.69263, 17.35043, 9.08374]},
			"faces": {
				"north": {"uv": [13, 11.25, 12.25, 11.5], "texture": "#1"},
				"east": {"uv": [12.75, 8.25, 12.5, 8.5], "texture": "#1"},
				"south": {"uv": [13, 11, 12.25, 11.25], "texture": "#1"},
				"west": {"uv": [8.75, 12.5, 8.5, 12.75], "texture": "#1"},
				"up": {"uv": [13, 11.5, 12.25, 11.75], "texture": "#1"},
				"down": {"uv": [12.5, 12.5, 11.75, 12.25], "texture": "#1"}
			}
		},
		{
			"from": [14.69104, 19.20296, 9.03374],
			"to": [15.99104, 21.95296, 9.03374],
			"shade": false,
			"rotation": {"angle": -22.5, "axis": "z", "origin": [15.34104, 20.57796, 9.03374]},
			"faces": {
				"north": {"uv": [15.75, 0, 15, 1.5], "texture": "#1"},
				"south": {"uv": [15, 0, 15.75, 1.5], "texture": "#1"}
			}
		},
		{
			"from": [18.49459, 16.80651, 9.03374],
			"to": [19.79459, 19.55651, 9.03374],
			"shade": false,
			"rotation": {"angle": -45, "axis": "z", "origin": [19.14459, 18.68151, 9.03374]},
			"faces": {
				"north": {"uv": [15.75, 0, 15, 1.5], "texture": "#1"},
				"south": {"uv": [15, 0, 15.75, 1.5], "texture": "#1"}
			}
		},
		{
			"from": [16.14459, 12.05651, 9.03374],
			"to": [17.64459, 14.80651, 9.03374],
			"shade": false,
			"rotation": {"angle": 22.5, "axis": "z", "origin": [16.89459, 12.93151, 9.03374]},
			"faces": {
				"north": {"uv": [14.5, 2.5, 16, 1.75], "rotation": 90, "texture": "#1"},
				"south": {"uv": [16, 2.5, 14.5, 1.75], "rotation": 270, "texture": "#1"}
			}
		},
		{
			"from": [15.96604, 14.17796, 9.53374],
			"to": [18.71604, 15.47796, 9.53374],
			"shade": false,
			"rotation": {"angle": -22.5, "axis": "y", "origin": [17.34104, 14.82796, 9.53374]},
			"faces": {
				"north": {"uv": [15, 1.5, 15.75, 0], "rotation": 90, "texture": "#1"},
				"south": {"uv": [15.75, 1.5, 15, 0], "rotation": 270, "texture": "#1"}
			}
		},
		{
			"from": [10.89459, 14.03151, 10.45874],
			"to": [10.89459, 15.83151, 14.20874],
			"shade": false,
			"rotation": {"angle": 45, "axis": "y", "origin": [10.89459, 14.93151, 12.33374]},
			"faces": {
				"east": {"uv": [16, 1.75, 14.5, 2.5], "texture": "#1"},
				"west": {"uv": [14.5, 1.75, 16, 2.5], "texture": "#1"}
			}
		},
		{
			"from": [9.74459, 14.05651, 11.03374],
			"to": [11.54459, 17.80651, 11.03374],
			"shade": false,
			"rotation": {"angle": -45, "axis": "z", "origin": [10.64459, 15.93151, 11.03374]},
			"faces": {
				"north": {"uv": [15.75, 0, 15, 1.5], "texture": "#1"},
				"south": {"uv": [15, 0, 15.75, 1.5], "texture": "#1"}
			}
		},
		{
			"from": [15.609, 14.39519, 8.78374],
			"to": [16.359, 16.39519, 9.38374],
			"shade": false,
			"rotation": {"angle": 22.5, "axis": "z", "origin": [15.984, 15.39519, 9.08374]},
			"faces": {
				"north": {"uv": [3.25, 12.5, 3, 13], "texture": "#1"},
				"east": {"uv": [1.5, 12.5, 1.25, 13], "texture": "#1"},
				"south": {"uv": [1.25, 12.5, 1, 13], "texture": "#1"},
				"west": {"uv": [3.5, 12.5, 3.25, 13], "texture": "#1"},
				"up": {"uv": [12.75, 7.75, 12.5, 8], "texture": "#1"},
				"down": {"uv": [8.25, 12.75, 8, 12.5], "texture": "#1"}
			}
		},
		{
			"from": [12.14263, 16.50761, 8.53374],
			"to": [15.89263, 17.60761, 9.63374],
			"shade": false,
			"rotation": {"angle": -22.5, "axis": "z", "origin": [13.94263, 16.40043, 9.08374]},
			"faces": {
				"north": {"uv": [12.5, 8.25, 11.5, 8.5], "texture": "#1"},
				"east": {"uv": [9.75, 11.5, 9.5, 11.75], "texture": "#1"},
				"south": {"uv": [12.5, 8, 11.5, 8.25], "texture": "#1"},
				"west": {"uv": [1.75, 12, 1.5, 12.25], "texture": "#1"},
				"up": {"uv": [12.5, 8.5, 11.5, 8.75], "texture": "#1"},
				"down": {"uv": [12.25, 11.75, 11.25, 11.5], "texture": "#1"}
			}
		},
		{
			"from": [15.75406, 15.39599, 8.78374],
			"to": [18.25406, 16.14599, 9.38374],
			"shade": false,
			"rotation": {"angle": 22.5, "axis": "z", "origin": [13.94263, 16.40043, 9.08374]},
			"faces": {
				"north": {"uv": [13, 9.75, 12.25, 10], "texture": "#1"},
				"east": {"uv": [8, 12, 7.75, 12.25], "texture": "#1"},
				"south": {"uv": [13, 9.5, 12.25, 9.75], "texture": "#1"},
				"west": {"uv": [8, 12.5, 7.75, 12.75], "texture": "#1"},
				"up": {"uv": [13, 10, 12.25, 10.25], "texture": "#1"},
				"down": {"uv": [11, 12.5, 10.25, 12.25], "texture": "#1"}
			}
		},
		{
			"from": [12.7619, 18.11546, 8.78374],
			"to": [15.5119, 18.86546, 9.38374],
			"shade": false,
			"rotation": {"angle": 45, "axis": "z", "origin": [14.0119, 18.49046, 9.08374]},
			"faces": {
				"north": {"uv": [13, 10.5, 12.25, 10.75], "texture": "#1"},
				"east": {"uv": [12.75, 8, 12.5, 8.25], "texture": "#1"},
				"south": {"uv": [13, 10.25, 12.25, 10.5], "texture": "#1"},
				"west": {"uv": [8.5, 12.5, 8.25, 12.75], "texture": "#1"},
				"up": {"uv": [13, 10.75, 12.25, 11], "texture": "#1"},
				"down": {"uv": [11.75, 12.5, 11, 12.25], "texture": "#1"}
			}
		},
		{
			"from": [8.27344, 17.42683, 8.53374],
			"to": [13.52344, 18.52683, 9.63374],
			"shade": false,
			"rotation": {"angle": 22.5, "axis": "z", "origin": [13.94263, 16.40043, 9.08374]},
			"faces": {
				"north": {"uv": [12, 8.75, 10.75, 9], "texture": "#1"},
				"east": {"uv": [9.75, 6.75, 9.5, 7], "texture": "#1"},
				"south": {"uv": [5.5, 9, 4.25, 9.25], "texture": "#1"},
				"west": {"uv": [10.75, 7.25, 10.5, 7.5], "texture": "#1"},
				"up": {"uv": [12.25, 3.25, 11, 3.5], "texture": "#1"},
				"down": {"uv": [12.25, 10, 11, 9.75], "texture": "#1"}
			}
		},
		{
			"from": [5.03906, 14.53606, 8.53374],
			"to": [9.28906, 16.03606, 10.03374],
			"shade": false,
			"rotation": {"angle": -22.5, "axis": "z", "origin": [8.16406, 15.53606, 9.03374]},
			"faces": {
				"north": {"uv": [13.25, 1, 12.25, 1.25], "texture": "#1"},
				"east": {"uv": [9.25, 12.5, 9, 12.75], "texture": "#1"},
				"south": {"uv": [13, 8.75, 12, 9], "texture": "#1"},
				"west": {"uv": [9.5, 12.5, 9.25, 12.75], "texture": "#1"},
				"up": {"uv": [4, 12.25, 3, 12.5], "texture": "#1"},
				"down": {"uv": [13.25, 3.5, 12.25, 3.25], "texture": "#1"}
			}
		},
		{
			"from": [8.51209, 14.07844, 8.2489],
			"to": [10.01209, 15.57844, 10.7489],
			"shade": false,
			"rotation": {"angle": 0, "axis": "y", "origin": [9.51209, 15.07844, 9.3739]},
			"faces": {
				"north": {"uv": [12.75, 2.75, 12.25, 3.25], "texture": "#1"},
				"east": {"uv": [5.25, 11, 4.5, 11.5], "texture": "#1"},
				"south": {"uv": [3, 12.25, 2.5, 12.75], "texture": "#1"},
				"west": {"uv": [9.75, 11, 9, 11.5], "texture": "#1"},
				"up": {"uv": [4.25, 11, 3.75, 11.75], "texture": "#1"},
				"down": {"uv": [10.25, 11.75, 9.75, 11], "texture": "#1"}
			}
		},
		{
			"from": [8.51209, 13.47844, 10.7489],
			"to": [10.01209, 15.57844, 12.2489],
			"shade": false,
			"rotation": {"angle": 0, "axis": "y", "origin": [8.01209, 13.67844, 11.7489]},
			"faces": {
				"north": {"uv": [12.75, 0.5, 12.25, 1], "texture": "#1"},
				"east": {"uv": [1, 12.25, 0.5, 12.75], "texture": "#1"},
				"south": {"uv": [9.5, 12, 9, 12.5], "texture": "#1"},
				"west": {"uv": [2, 12.25, 1.5, 12.75], "texture": "#1"},
				"up": {"uv": [2.5, 12.25, 2, 12.75], "texture": "#1"},
				"down": {"uv": [12.75, 2.75, 12.25, 2.25], "texture": "#1"}
			}
		},
		{
			"from": [6.01209, 11.97844, 10.7489],
			"to": [10.01209, 13.47844, 12.2489],
			"shade": false,
			"rotation": {"angle": 0, "axis": "y", "origin": [8.01209, 12.67844, 11.2489]},
			"faces": {
				"north": {"uv": [12.75, 6.5, 11.75, 6.75], "texture": "#1"},
				"east": {"uv": [13, 4.5, 12.5, 4.75], "texture": "#1"},
				"south": {"uv": [12.75, 1.25, 11.75, 1.5], "texture": "#1"},
				"west": {"uv": [13, 4.75, 12.5, 5], "texture": "#1"},
				"up": {"uv": [1, 10, 0, 10.5], "texture": "#1"},
				"down": {"uv": [3, 10.5, 2, 10], "texture": "#1"}
			}
		},
		{
			"from": [4.02396, 19.68332, 5.96626],
			"to": [5.52396, 21.18332, 9.96626],
			"shade": false,
			"rotation": {"angle": 22.5, "axis": "z", "origin": [4.77396, 18.05832, 6.71626]},
			"faces": {
				"north": {"uv": [5, 12.25, 5.5, 12.75], "texture": "#1"},
				"east": {"uv": [10.5, 0, 11.5, 0.5], "texture": "#1"},
				"south": {"uv": [5.5, 12.25, 6, 12.75], "texture": "#1"},
				"west": {"uv": [2, 10.5, 3, 11], "texture": "#1"},
				"up": {"uv": [1.5, 11.5, 1, 10.5], "texture": "#1"},
				"down": {"uv": [11, 2.5, 10.5, 3.5], "texture": "#1"}
			}
		},
		{
			"name": "ef",
			"from": [9.5, 15, 10.5],
			"to": [14.5, 28, 10.5],
			"shade": false,
			"rotation": {"angle": -22.5, "axis": "y", "origin": [12, 21.5, 10.5]},
			"faces": {
				"north": {"uv": [12.5, 9, 15.25, 16], "texture": "#2"},
				"south": {"uv": [15.25, 9, 12.5, 16], "texture": "#2"}
			}
		},
		{
			"name": "ef",
			"from": [2, 17, 6],
			"to": [7, 32, 6],
			"shade": false,
			"rotation": {"angle": -22.5, "axis": "y", "origin": [4.5, 24.5, 6]},
			"faces": {
				"north": {"uv": [11.25, 9, 8.5, 16], "texture": "#2"},
				"south": {"uv": [8.5, 9, 11.25, 16], "texture": "#2"}
			}
		},
		{
			"name": "ef",
			"from": [-3, 13.5, 9],
			"to": [3, 26.5, 9],
			"shade": false,
			"rotation": {"angle": 22.5, "axis": "y", "origin": [0.5, 24.5, 9]},
			"faces": {
				"north": {"uv": [7.25, 8.75, 4.5, 15.75], "texture": "#2"},
				"south": {"uv": [4.5, 8.75, 7.25, 15.75], "texture": "#2"}
			}
		},
		{
			"name": "ef",
			"from": [13, 13.5, 7],
			"to": [19, 26.5, 7],
			"shade": false,
			"rotation": {"angle": 22.5, "axis": "y", "origin": [15.5, 24.5, 7]},
			"faces": {
				"north": {"uv": [4.5, 8.75, 7.25, 15.75], "texture": "#2"},
				"south": {"uv": [7.25, 8.75, 4.5, 15.75], "texture": "#2"}
			}
		},
		{
			"name": "efc1",
			"from": [6.52997, -11.26, 4.45129],
			"to": [9.46997, 22, 4.45129],
			"shade": false,
			"rotation": {"angle": 45, "axis": "y", "origin": [7.9999, 5.37, 7.99994]},
			"faces": {
				"north": {"uv": [0, 0, 1, 7.75], "texture": "#2"},
				"south": {"uv": [1, 0, 0, 7.75], "texture": "#2"}
			}
		},
		{
			"name": "efc1",
			"from": [6.53027, -11.26, 11.54878],
			"to": [9.47027, 22, 11.54878],
			"shade": false,
			"rotation": {"angle": 45, "axis": "y", "origin": [7.9999, 5.37, 7.99994]},
			"faces": {
				"north": {"uv": [5, 0, 4, 7.75], "texture": "#2"},
				"south": {"uv": [4, 0, 5, 7.75], "texture": "#2"}
			}
		},
		{
			"name": "efc1",
			"from": [4.45135, -11.26, 6.52976],
			"to": [4.45135, 22, 9.46976],
			"shade": false,
			"rotation": {"angle": 0, "axis": "y", "origin": [7.9999, 5.37, 7.99994]},
			"faces": {
				"east": {"uv": [2, 0, 1, 7.75], "texture": "#2"},
				"west": {"uv": [1, 0, 2, 7.75], "texture": "#2"}
			}
		},
		{
			"name": "efc1",
			"from": [6.52982, -11.26, 11.54824],
			"to": [9.46982, 22, 11.54824],
			"shade": false,
			"rotation": {"angle": 0, "axis": "y", "origin": [7.9999, 5.37, 7.99994]},
			"faces": {
				"north": {"uv": [4, 0, 3, 7.75], "texture": "#2"},
				"south": {"uv": [3, 0, 4, 7.75], "texture": "#2"}
			}
		},
		{
			"name": "efc1",
			"from": [4.4515, -11.26, 6.52976],
			"to": [4.4515, 22, 9.46976],
			"shade": false,
			"rotation": {"angle": 45, "axis": "y", "origin": [7.9999, 5.37, 7.99994]},
			"faces": {
				"east": {"uv": [3, 0, 2, 7.75], "texture": "#2"},
				"west": {"uv": [2, 0, 3, 7.75], "texture": "#2"}
			}
		},
		{
			"name": "efc1",
			"from": [11.5483, -11.26, 6.52976],
			"to": [11.5483, 22, 9.46976],
			"shade": false,
			"rotation": {"angle": 0, "axis": "y", "origin": [7.9999, 5.37, 7.99994]},
			"faces": {
				"east": {"uv": [5, 0, 6, 7.75], "texture": "#2"},
				"west": {"uv": [6, 0, 5, 7.75], "texture": "#2"}
			}
		},
		{
			"name": "efc1",
			"from": [11.54844, -11.26, 6.52976],
			"to": [11.54844, 22, 9.46976],
			"shade": false,
			"rotation": {"angle": 45, "axis": "y", "origin": [7.9999, 5.37, 7.99994]},
			"faces": {
				"east": {"uv": [6, 0, 7, 7.75], "texture": "#2"},
				"west": {"uv": [7, 0, 6, 7.75], "texture": "#2"}
			}
		},
		{
			"name": "efc1",
			"from": [6.52982, -11.26, 4.45129],
			"to": [9.46982, 22, 4.45129],
			"shade": false,
			"rotation": {"angle": 0, "axis": "y", "origin": [7.9999, 5.37, 7.99994]},
			"faces": {
				"north": {"uv": [7, 0, 7.75, 7.75], "texture": "#2"},
				"south": {"uv": [7.75, 0, 7, 7.75], "texture": "#2"}
			}
		}
	],
	"gui_light": "front",
	"display": {
		"thirdperson_righthand": {
			"rotation": [0, 90, 0],
			"translation": [0, 5, 2.5],
			"scale": [0.7, 0.7, 0.7]
		},
		"thirdperson_lefthand": {
			"rotation": [0, -90, 0],
			"translation": [0, 5, 2.5],
			"scale": [0.7, 0.7, 0.7]
		},
		"firstperson_righthand": {
			"rotation": [123.48, 81.38, -121.41],
			"translation": [19.5, -5, -19]
		},
		"firstperson_lefthand": {
			"rotation": [-57.02, -79, -55.88],
			"translation": [19.5, -5, -19]
		},
		"ground": {
			"rotation": [0, 0, 45],
			"translation": [0, 4.5, 0],
			"scale": [0.3, 0.3, 0.3]
		},
		"gui": {
			"rotation": [-180, 0, -135],
			"translation": [0.25, 0.25, 0],
			"scale": [0.45, 0.45, 0.45]
		},
		"head": {
			"scale": [0, 0, 0]
		},
		"fixed": {
			"scale": [0.45, 0.45, 0.45]
		}
	},
	"groups": [
		{
			"name": "group",
			"origin": [7, 19, 7],
			"color": 0,
			"shade": false,
			"children": [
				0,
				1,
				2,
				3,
				4,
				5,
				6,
				7,
				8,
				9,
				10,
				11,
				12,
				13,
				14,
				15,
				16,
				17,
				18,
				19,
				20,
				21,
				22,
				23,
				24,
				25,
				26,
				27,
				28,
				29,
				30,
				{
					"name": "group",
					"origin": [4.77396, 3.40832, 6.71626],
					"color": 0,
					"shade": false,
					"children": [
						31,
						32,
						33,
						34,
						35,
						36,
						37,
						38,
						39,
						40,
						41,
						42,
						43,
						44,
						45,
						46,
						47,
						48,
						49,
						50,
						51,
						52,
						53,
						54,
						55,
						56,
						57,
						58,
						59,
						60,
						61,
						62,
						63,
						64,
						65,
						66,
						67,
						68,
						69,
						70,
						71,
						72,
						73,
						74,
						75,
						76,
						77,
						78,
						79,
						80,
						81,
						82,
						83,
						84
					]
				}
			]
		},
		85,
		86,
		87,
		88,
		89,
		90,
		91,
		92,
		93,
		94,
		95,
		96
	]
}