{
	"credit": "Made with Blockbench",
	"texture_size": [64, 64],
	"textures": {
		"1": "item/ancient/ef_ancient_long",
		"2": "item/ancient/ancient_shovel_penguin",
		"particle": "item/ancient/ancient_shovel_penguin"
	},
	"elements": [
		{
			"from": [3.242, 13.992, 7.492],
			"to": [12.758, 22.508, 8.508],
			"shade": false,
			"rotation": {"angle": 0, "axis": "y", "origin": [8, 17.75, 8]},
			"faces": {
				"north": {"uv": [0, 0, 2.5, 2.25], "texture": "#2"},
				"east": {"uv": [2, 7, 2.25, 9.25], "texture": "#2"},
				"south": {"uv": [0, 2.25, 2.5, 4.5], "texture": "#2"},
				"west": {"uv": [2.25, 7, 2.5, 9.25], "texture": "#2"},
				"up": {"uv": [9.25, 2.75, 6.75, 2.5], "texture": "#2"},
				"down": {"uv": [9.25, 2.75, 6.75, 3], "texture": "#2"}
			}
		},
		{
			"from": [4.25, 22.5, 7.525],
			"to": [11.75, 25.75, 8.475],
			"shade": false,
			"rotation": {"angle": 0, "axis": "y", "origin": [8, 17.75, 8]},
			"faces": {
				"north": {"uv": [4.5, 4, 6.5, 4.75], "texture": "#2"},
				"east": {"uv": [6.5, 9.5, 6.75, 10.25], "texture": "#2"},
				"south": {"uv": [4.5, 4.75, 6.5, 5.5], "texture": "#2"},
				"west": {"uv": [6.75, 9.5, 7, 10.25], "texture": "#2"},
				"up": {"uv": [8.75, 3.25, 6.75, 3], "texture": "#2"},
				"down": {"uv": [8.75, 3.25, 6.75, 3.5], "texture": "#2"}
			}
		},
		{
			"from": [4.50883, 20.35274, 7.494],
			"to": [6.24583, 22.36474, 8.506],
			"shade": false,
			"rotation": {"angle": -22.5, "axis": "z", "origin": [9.26483, 24.60874, 8]},
			"faces": {
				"north": {"uv": [4, 5, 4.5, 5.5], "texture": "#2"},
				"east": {"uv": [3.75, 7, 4, 7.5], "texture": "#2"},
				"south": {"uv": [4.25, 8.5, 4.75, 9], "texture": "#2"},
				"west": {"uv": [3.5, 8, 3.75, 8.5], "texture": "#2"},
				"up": {"uv": [7.5, 1, 7, 0.75], "texture": "#2"},
				"down": {"uv": [1.5, 8.75, 1, 9], "texture": "#2"}
			}
		},
		{
			"from": [4.20591, 22.81343, 7.496],
			"to": [5.81391, 25.82143, 8.504],
			"shade": false,
			"rotation": {"angle": -45, "axis": "z", "origin": [5.95991, 23.81743, 8]},
			"faces": {
				"north": {"uv": [7.75, 0, 8.25, 0.75], "texture": "#2"},
				"east": {"uv": [5.5, 9.5, 5.75, 10.25], "texture": "#2"},
				"south": {"uv": [2.5, 7.75, 3, 8.5], "texture": "#2"},
				"west": {"uv": [5.75, 9.5, 6, 10.25], "texture": "#2"},
				"up": {"uv": [10.25, 6, 9.75, 5.75], "texture": "#2"},
				"down": {"uv": [10.25, 6, 9.75, 6.25], "texture": "#2"}
			}
		},
		{
			"from": [9.75417, 20.35274, 7.494],
			"to": [11.49117, 22.36474, 8.506],
			"shade": false,
			"rotation": {"angle": 22.5, "axis": "z", "origin": [6.73517, 24.60874, 8]},
			"faces": {
				"north": {"uv": [4.75, 8.5, 5.25, 9], "texture": "#2"},
				"east": {"uv": [2.25, 9.75, 2.5, 10.25], "texture": "#2"},
				"south": {"uv": [5.25, 8.5, 5.75, 9], "texture": "#2"},
				"west": {"uv": [9.75, 7.25, 10, 7.75], "texture": "#2"},
				"up": {"uv": [8, 10, 7.5, 9.75], "texture": "#2"},
				"down": {"uv": [10.25, 7.75, 9.75, 8], "texture": "#2"}
			}
		},
		{
			"from": [10.18609, 22.81343, 7.496],
			"to": [11.79409, 25.82143, 8.504],
			"shade": false,
			"rotation": {"angle": 45, "axis": "z", "origin": [10.04009, 23.81743, 8]},
			"faces": {
				"north": {"uv": [7.75, 7, 8.25, 7.75], "texture": "#2"},
				"east": {"uv": [6, 9.5, 6.25, 10.25], "texture": "#2"},
				"south": {"uv": [7.75, 7.75, 8.25, 8.5], "texture": "#2"},
				"west": {"uv": [6.25, 9.5, 6.5, 10.25], "texture": "#2"},
				"up": {"uv": [10.25, 6.5, 9.75, 6.25], "texture": "#2"},
				"down": {"uv": [10.25, 7, 9.75, 7.25], "texture": "#2"}
			}
		},
		{
			"from": [7.67102, 25.59819, 7.498],
			"to": [9.70002, 27.10219, 8.502],
			"shade": false,
			"rotation": {"angle": -22.5, "axis": "z", "origin": [8.19802, 26.35019, 8]},
			"faces": {
				"north": {"uv": [6.75, 8.5, 7.25, 9], "texture": "#2"},
				"east": {"uv": [8, 9.75, 8.25, 10.25], "texture": "#2"},
				"south": {"uv": [7.25, 8.5, 7.75, 9], "texture": "#2"},
				"west": {"uv": [9.75, 8, 10, 8.5], "texture": "#2"},
				"up": {"uv": [8.75, 10, 8.25, 9.75], "texture": "#2"},
				"down": {"uv": [10.25, 8.5, 9.75, 8.75], "texture": "#2"}
			}
		},
		{
			"from": [6.30198, 25.60019, 7.5],
			"to": [8.32698, 27.10019, 8.5],
			"shade": false,
			"rotation": {"angle": 22.5, "axis": "z", "origin": [7.80198, 26.35019, 8]},
			"faces": {
				"north": {"uv": [7.75, 8.5, 8.25, 9], "texture": "#2"},
				"east": {"uv": [8.75, 9.75, 9, 10.25], "texture": "#2"},
				"south": {"uv": [8.25, 8.5, 8.75, 9], "texture": "#2"},
				"west": {"uv": [9, 9.75, 9.25, 10.25], "texture": "#2"},
				"up": {"uv": [10.25, 9, 9.75, 8.75], "texture": "#2"},
				"down": {"uv": [9.75, 9.75, 9.25, 10], "texture": "#2"}
			}
		},
		{
			"from": [6.992, 13.992, 6.742],
			"to": [9.008, 18.008, 9.258],
			"shade": false,
			"rotation": {"angle": 0, "axis": "y", "origin": [7, 14, 7]},
			"faces": {
				"north": {"uv": [3.25, 7, 3.75, 8], "texture": "#2"},
				"east": {"uv": [6.5, 4.5, 7.25, 5.5], "texture": "#2"},
				"south": {"uv": [7, 5.5, 7.5, 6.5], "texture": "#2"},
				"west": {"uv": [5, 6.5, 5.75, 7.5], "texture": "#2"},
				"up": {"uv": [3.5, 8.75, 3, 8], "texture": "#2"},
				"down": {"uv": [8.5, 3.5, 8, 4.25], "texture": "#2"}
			}
		},
		{
			"from": [6.46863, 16.70711, 6.75],
			"to": [7.86863, 18.10711, 9.25],
			"shade": false,
			"rotation": {"angle": 45, "axis": "z", "origin": [6.86863, 18.70711, 8]},
			"faces": {
				"north": {"uv": [3, 7.75, 3.25, 8], "texture": "#2"},
				"east": {"uv": [7.5, 1.25, 8.25, 1.5], "texture": "#2"},
				"south": {"uv": [8, 4.25, 8.25, 4.5], "texture": "#2"},
				"west": {"uv": [9.5, 1, 10.25, 1.25], "texture": "#2"},
				"up": {"uv": [7.25, 10.25, 7, 9.5], "texture": "#2"},
				"down": {"uv": [7.5, 9.5, 7.25, 10.25], "texture": "#2"}
			}
		},
		{
			"from": [7, -9, 7],
			"to": [9, 11, 9],
			"shade": false,
			"rotation": {"angle": 0, "axis": "y", "origin": [7, -10, 7]},
			"faces": {
				"north": {"uv": [2.5, 0, 3, 5], "texture": "#2"},
				"east": {"uv": [3, 0, 3.5, 5], "texture": "#2"},
				"south": {"uv": [3.5, 0, 4, 5], "texture": "#2"},
				"west": {"uv": [4, 0, 4.5, 5], "texture": "#2"},
				"up": {"uv": [0.5, 9.25, 0, 8.75], "texture": "#2"},
				"down": {"uv": [1, 8.75, 0.5, 9.25], "texture": "#2"}
			}
		},
		{
			"from": [6.25, -10, 6.25],
			"to": [9.75, -9, 9.75],
			"shade": false,
			"rotation": {"angle": 0, "axis": "y", "origin": [7, -10, 7]},
			"faces": {
				"north": {"uv": [8.25, 2.25, 9.25, 2.5], "texture": "#2"},
				"east": {"uv": [8.5, 1, 9.5, 1.25], "texture": "#2"},
				"south": {"uv": [8.75, 3, 9.75, 3.25], "texture": "#2"},
				"west": {"uv": [8.75, 3.25, 9.75, 3.5], "texture": "#2"},
				"up": {"uv": [5, 6.5, 4, 5.5], "texture": "#2"},
				"down": {"uv": [6, 5.5, 5, 6.5], "texture": "#2"}
			}
		},
		{
			"from": [6.75, -11, 6.75],
			"to": [9.25, -10, 9.25],
			"shade": false,
			"rotation": {"angle": 0, "axis": "y", "origin": [7, -10, 7]},
			"faces": {
				"north": {"uv": [9.5, 6.5, 10.25, 6.75], "texture": "#2"},
				"east": {"uv": [9.5, 6.75, 10.25, 7], "texture": "#2"},
				"south": {"uv": [7.5, 9.5, 8.25, 9.75], "texture": "#2"},
				"west": {"uv": [8.25, 9.5, 9, 9.75], "texture": "#2"},
				"up": {"uv": [7.75, 0.75, 7, 0], "texture": "#2"},
				"down": {"uv": [3.25, 7, 2.5, 7.75], "texture": "#2"}
			}
		},
		{
			"from": [6.25, -12, 6.25],
			"to": [9.75, -11, 9.75],
			"shade": false,
			"rotation": {"angle": 0, "axis": "y", "origin": [7, -12, 7]},
			"faces": {
				"north": {"uv": [8.75, 4.25, 9.75, 4.5], "texture": "#2"},
				"east": {"uv": [8.75, 4.5, 9.75, 4.75], "texture": "#2"},
				"south": {"uv": [8.75, 4.75, 9.75, 5], "texture": "#2"},
				"west": {"uv": [8.75, 5.5, 9.75, 5.75], "texture": "#2"},
				"up": {"uv": [6.75, 2.5, 5.75, 1.5], "texture": "#2"},
				"down": {"uv": [6.75, 2.5, 5.75, 3.5], "texture": "#2"}
			}
		},
		{
			"from": [5.75, -15.5, 5.75],
			"to": [10.25, -12, 10.25],
			"shade": false,
			"rotation": {"angle": 0, "axis": "y", "origin": [7, -13, 7]},
			"faces": {
				"north": {"uv": [1.5, 5, 2.75, 6], "texture": "#2"},
				"east": {"uv": [2.75, 5, 4, 6], "texture": "#2"},
				"south": {"uv": [1.5, 5, 2.75, 6], "texture": "#2"},
				"west": {"uv": [2.75, 5, 4, 6], "texture": "#2"},
				"up": {"uv": [5.75, 2.75, 4.5, 1.5], "texture": "#2"},
				"down": {"uv": [5.75, 2.75, 4.5, 4], "texture": "#2"}
			}
		},
		{
			"from": [6.25, 11, 6.25],
			"to": [9.75, 12, 9.75],
			"shade": false,
			"rotation": {"angle": 0, "axis": "y", "origin": [7, 11, 7]},
			"faces": {
				"north": {"uv": [5.75, 8.75, 6.75, 9], "texture": "#2"},
				"east": {"uv": [8.75, 5.75, 9.75, 6], "texture": "#2"},
				"south": {"uv": [8.75, 6, 9.75, 6.25], "texture": "#2"},
				"west": {"uv": [8.75, 6.25, 9.75, 6.5], "texture": "#2"},
				"up": {"uv": [1, 7, 0, 6], "texture": "#2"},
				"down": {"uv": [7, 0, 6, 1], "texture": "#2"}
			}
		},
		{
			"from": [5.25, 12, 5.25],
			"to": [10.75, 14, 10.75],
			"shade": false,
			"rotation": {"angle": 0, "axis": "y", "origin": [7, 12, 7]},
			"faces": {
				"north": {"uv": [6, 1, 7.5, 1.5], "texture": "#2"},
				"east": {"uv": [5.75, 6.5, 7.25, 7], "texture": "#2"},
				"south": {"uv": [6.75, 1.5, 8.25, 2], "texture": "#2"},
				"west": {"uv": [6.75, 2, 8.25, 2.5], "texture": "#2"},
				"up": {"uv": [1.5, 6, 0, 4.5], "texture": "#2"},
				"down": {"uv": [6, 0, 4.5, 1.5], "texture": "#2"}
			}
		},
		{
			"from": [6.25, 5, 6.25],
			"to": [9.75, 6, 9.75],
			"shade": false,
			"rotation": {"angle": 0, "axis": "y", "origin": [7, 5, 7]},
			"faces": {
				"north": {"uv": [8.75, 7, 9.75, 7.25], "texture": "#2"},
				"east": {"uv": [8.75, 7.25, 9.75, 7.5], "texture": "#2"},
				"south": {"uv": [8.75, 7.5, 9.75, 7.75], "texture": "#2"},
				"west": {"uv": [8.75, 7.75, 9.75, 8], "texture": "#2"},
				"up": {"uv": [2, 7, 1, 6], "texture": "#2"},
				"down": {"uv": [3, 6, 2, 7], "texture": "#2"}
			}
		},
		{
			"from": [6.25, -2, 6.25],
			"to": [9.75, -1, 9.75],
			"shade": false,
			"rotation": {"angle": 0, "axis": "y", "origin": [7, -2, 7]},
			"faces": {
				"north": {"uv": [8.75, 8, 9.75, 8.25], "texture": "#2"},
				"east": {"uv": [8.75, 8.25, 9.75, 8.5], "texture": "#2"},
				"south": {"uv": [8.75, 8.5, 9.75, 8.75], "texture": "#2"},
				"west": {"uv": [8.75, 8.75, 9.75, 9], "texture": "#2"},
				"up": {"uv": [4, 7, 3, 6], "texture": "#2"},
				"down": {"uv": [7, 5.5, 6, 6.5], "texture": "#2"}
			}
		},
		{
			"from": [6.25, 8, 6.25],
			"to": [9.75, 10, 9.75],
			"shade": false,
			"rotation": {"angle": 0, "axis": "y", "origin": [7, 9, 7]},
			"faces": {
				"north": {"uv": [1.5, 4.5, 2.5, 5], "texture": "#2"},
				"east": {"uv": [5.75, 7, 6.75, 7.5], "texture": "#2"},
				"south": {"uv": [6.75, 7, 7.75, 7.5], "texture": "#2"},
				"west": {"uv": [7.25, 4.5, 8.25, 5], "texture": "#2"},
				"up": {"uv": [7.5, 4.5, 6.5, 3.5], "texture": "#2"},
				"down": {"uv": [5, 6.5, 4, 7.5], "texture": "#2"}
			}
		},
		{
			"from": [1.4881, 17.61546, 6.61626],
			"to": [4.2381, 18.36546, 7.21626],
			"shade": false,
			"rotation": {"angle": -45, "axis": "z", "origin": [2.9881, 17.99046, 6.91626]},
			"faces": {
				"north": {"uv": [9, 9.5, 9.75, 9.75], "texture": "#2"},
				"east": {"uv": [1, 10, 1.25, 10.25], "texture": "#2"},
				"south": {"uv": [9.5, 9, 10.25, 9.25], "texture": "#2"},
				"west": {"uv": [1.25, 10, 1.5, 10.25], "texture": "#2"},
				"up": {"uv": [10.25, 9.5, 9.5, 9.25], "texture": "#2"},
				"down": {"uv": [0.75, 9.75, 0, 10], "texture": "#2"}
			}
		},
		{
			"from": [2.72656, 17.87683, 6.36626],
			"to": [5.97656, 18.97683, 7.46626],
			"shade": false,
			"rotation": {"angle": -22.5, "axis": "z", "origin": [0.30737, 16.85043, 6.91626]},
			"faces": {
				"north": {"uv": [9.75, 0.5, 10.5, 0.75], "texture": "#2"},
				"east": {"uv": [10, 1.25, 10.25, 1.5], "texture": "#2"},
				"south": {"uv": [0.75, 9.75, 1.5, 10], "texture": "#2"},
				"west": {"uv": [1.5, 10, 1.75, 10.25], "texture": "#2"},
				"up": {"uv": [10.5, 1, 9.75, 0.75], "texture": "#2"},
				"down": {"uv": [2.25, 9.75, 1.5, 10], "texture": "#2"}
			}
		},
		{
			"from": [1.20513, 16.19224, 6.36626],
			"to": [3.95513, 17.29224, 7.46626],
			"shade": false,
			"rotation": {"angle": 22.5, "axis": "z", "origin": [2.15513, 16.08506, 6.91626]},
			"faces": {
				"north": {"uv": [9.75, 2, 10.5, 2.25], "texture": "#2"},
				"east": {"uv": [10, 1.5, 10.25, 1.75], "texture": "#2"},
				"south": {"uv": [9.75, 2.25, 10.5, 2.5], "texture": "#2"},
				"west": {"uv": [1.75, 10, 2, 10.25], "texture": "#2"},
				"up": {"uv": [10.5, 2.75, 9.75, 2.5], "texture": "#2"},
				"down": {"uv": [10.5, 2.75, 9.75, 3], "texture": "#2"}
			}
		},
		{
			"from": [5.95594, 5.644, 5.68534],
			"to": [7.46794, 7.156, 8.69734],
			"shade": false,
			"rotation": {"angle": -22.5, "axis": "y", "origin": [6.96194, 6.4, 7.19134]},
			"faces": {
				"north": {"uv": [3, 8.75, 3.5, 9.25], "texture": "#2"},
				"east": {"uv": [5.75, 3.5, 6.5, 4], "texture": "#2"},
				"south": {"uv": [9, 1.5, 9.5, 2], "texture": "#2"},
				"west": {"uv": [8, 5.5, 8.75, 6], "texture": "#2"},
				"up": {"uv": [6.25, 8.75, 5.75, 8], "texture": "#2"},
				"down": {"uv": [6.75, 8, 6.25, 8.75], "texture": "#2"}
			}
		},
		{
			"from": [6.60409, 5.642, 5.41484],
			"to": [9.02009, 7.158, 6.93084],
			"shade": false,
			"rotation": {"angle": 0, "axis": "y", "origin": [7.61209, 6.4, 6.42284]},
			"faces": {
				"north": {"uv": [3.5, 9, 4, 9.5], "texture": "#2"},
				"east": {"uv": [9, 3.5, 9.5, 4], "texture": "#2"},
				"south": {"uv": [4, 9, 4.5, 9.5], "texture": "#2"},
				"west": {"uv": [4.5, 9, 5, 9.5], "texture": "#2"},
				"up": {"uv": [5.5, 9.5, 5, 9], "texture": "#2"},
				"down": {"uv": [9.5, 5, 9, 5.5], "texture": "#2"}
			}
		},
		{
			"from": [9.01209, 5.55642, 6.65015],
			"to": [10.51209, 10.80642, 8.15015],
			"shade": false,
			"rotation": {"angle": 45, "axis": "x", "origin": [9.51209, 7.05642, 7.40015]},
			"faces": {
				"north": {"uv": [0, 7, 0.5, 8.25], "texture": "#2"},
				"east": {"uv": [0.5, 7, 1, 8.25], "texture": "#2"},
				"south": {"uv": [1, 7, 1.5, 8.25], "texture": "#2"},
				"west": {"uv": [1.5, 7, 2, 8.25], "texture": "#2"},
				"up": {"uv": [6, 9.5, 5.5, 9], "texture": "#2"},
				"down": {"uv": [6.5, 9, 6, 9.5], "texture": "#2"}
			}
		},
		{
			"from": [6.01209, 9.30642, 6.65015],
			"to": [9.01209, 10.80642, 8.15015],
			"shade": false,
			"rotation": {"angle": 45, "axis": "x", "origin": [9.51209, 7.05642, 7.40015]},
			"faces": {
				"north": {"uv": [8, 6, 8.75, 6.5], "texture": "#2"},
				"east": {"uv": [6.5, 9, 7, 9.5], "texture": "#2"},
				"south": {"uv": [0, 8.25, 0.75, 8.75], "texture": "#2"},
				"west": {"uv": [9, 6.5, 9.5, 7], "texture": "#2"},
				"up": {"uv": [9, 0.5, 8.25, 0], "texture": "#2"},
				"down": {"uv": [1.5, 8.25, 0.75, 8.75], "texture": "#2"}
			}
		},
		{
			"from": [6.01209, 9.37228, 6.93048],
			"to": [7.51209, 11.62228, 8.43048],
			"shade": false,
			"rotation": {"angle": -45, "axis": "x", "origin": [6.51209, 11.12228, 7.93048]},
			"faces": {
				"north": {"uv": [7, 9, 7.5, 9.5], "texture": "#2"},
				"east": {"uv": [7.5, 9, 8, 9.5], "texture": "#2"},
				"south": {"uv": [8, 9, 8.5, 9.5], "texture": "#2"},
				"west": {"uv": [8.5, 9, 9, 9.5], "texture": "#2"},
				"up": {"uv": [9.5, 9.5, 9, 9], "texture": "#2"},
				"down": {"uv": [0.5, 9.25, 0, 9.75], "texture": "#2"}
			}
		},
		{
			"from": [6.37825, 5.65, 7.40158],
			"to": [7.87825, 7.15, 9.90158],
			"shade": false,
			"rotation": {"angle": 45, "axis": "y", "origin": [6.87825, 6.4, 8.90158]},
			"faces": {
				"north": {"uv": [0.5, 9.25, 1, 9.75], "texture": "#2"},
				"east": {"uv": [8.25, 1.25, 9, 1.75], "texture": "#2"},
				"south": {"uv": [9.25, 0.5, 9.75, 1], "texture": "#2"},
				"west": {"uv": [8.25, 1.75, 9, 2.25], "texture": "#2"},
				"up": {"uv": [2, 9, 1.5, 8.25], "texture": "#2"},
				"down": {"uv": [8.75, 4.25, 8.25, 5], "texture": "#2"}
			}
		},
		{
			"from": [6.00409, 10.32139, 5.42248],
			"to": [7.52009, 11.83739, 7.93848],
			"shade": false,
			"rotation": {"angle": 0, "axis": "y", "origin": [6.51209, 11.32939, 6.68048]},
			"faces": {
				"north": {"uv": [1, 9.25, 1.5, 9.75], "texture": "#2"},
				"east": {"uv": [8.25, 5, 9, 5.5], "texture": "#2"},
				"south": {"uv": [1.5, 9.25, 2, 9.75], "texture": "#2"},
				"west": {"uv": [8.25, 6.5, 9, 7], "texture": "#2"},
				"up": {"uv": [8.75, 7.75, 8.25, 7], "texture": "#2"},
				"down": {"uv": [8.75, 7.75, 8.25, 8.5], "texture": "#2"}
			}
		},
		{
			"from": [6.01209, 11.19182, 4.15015],
			"to": [7.51209, 12.56682, 6.47515],
			"shade": false,
			"rotation": {"angle": 45, "axis": "x", "origin": [6.51209, 12.06682, 4.90015]},
			"faces": {
				"north": {"uv": [9.75, 9.5, 10.25, 9.75], "texture": "#2"},
				"east": {"uv": [9.75, 9.75, 10.25, 10], "texture": "#2"},
				"south": {"uv": [0, 10, 0.5, 10.25], "texture": "#2"},
				"west": {"uv": [10, 0, 10.5, 0.25], "texture": "#2"},
				"up": {"uv": [2.5, 9.75, 2, 9.25], "texture": "#2"},
				"down": {"uv": [9.75, 2, 9.25, 2.5], "texture": "#2"}
			}
		},
		{
			"from": [6.01209, 11.97844, 3.7511],
			"to": [10.01209, 13.47844, 5.2511],
			"shade": false,
			"rotation": {"angle": 0, "axis": "y", "origin": [8.01209, 12.67844, 4.7511]},
			"faces": {
				"north": {"uv": [9, 4, 10, 4.25], "texture": "#2"},
				"east": {"uv": [10, 0.25, 10.5, 0.5], "texture": "#2"},
				"south": {"uv": [2.5, 9.25, 3.5, 9.5], "texture": "#2"},
				"west": {"uv": [0.5, 10, 1, 10.25], "texture": "#2"},
				"up": {"uv": [8.25, 5.5, 7.25, 5], "texture": "#2"},
				"down": {"uv": [8.25, 6.5, 7.25, 7], "texture": "#2"}
			}
		},
		{
			"from": [8.51209, 13.47844, 3.7511],
			"to": [10.01209, 15.57844, 5.2511],
			"shade": false,
			"rotation": {"angle": 0, "axis": "y", "origin": [8.01209, 13.67844, 4.2511]},
			"faces": {
				"north": {"uv": [9.25, 2.5, 9.75, 3], "texture": "#2"},
				"east": {"uv": [9.5, 1.5, 10, 2], "texture": "#2"},
				"south": {"uv": [2.5, 9.5, 3, 10], "texture": "#2"},
				"west": {"uv": [3, 9.5, 3.5, 10], "texture": "#2"},
				"up": {"uv": [4, 10, 3.5, 9.5], "texture": "#2"},
				"down": {"uv": [10, 3.5, 9.5, 4], "texture": "#2"}
			}
		},
		{
			"from": [8.51209, 14.07844, 5.2511],
			"to": [10.01209, 15.57844, 7.7511],
			"shade": false,
			"rotation": {"angle": 0, "axis": "y", "origin": [9.51209, 15.07844, 6.6261]},
			"faces": {
				"north": {"uv": [4, 9.5, 4.5, 10], "texture": "#2"},
				"east": {"uv": [8.5, 0.5, 9.25, 1], "texture": "#2"},
				"south": {"uv": [4.5, 9.5, 5, 10], "texture": "#2"},
				"west": {"uv": [3.5, 8.5, 4.25, 9], "texture": "#2"},
				"up": {"uv": [3, 9.25, 2.5, 8.5], "texture": "#2"},
				"down": {"uv": [9, 3.5, 8.5, 4.25], "texture": "#2"}
			}
		},
		{
			"from": [6.03906, 14.53606, 5.96626],
			"to": [9.28906, 16.03606, 7.46626],
			"shade": false,
			"rotation": {"angle": -22.5, "axis": "z", "origin": [8.16406, 15.53606, 6.96626]},
			"faces": {
				"north": {"uv": [9.75, 3, 10.5, 3.25], "texture": "#2"},
				"east": {"uv": [10, 1.75, 10.25, 2], "texture": "#2"},
				"south": {"uv": [9.75, 3.25, 10.5, 3.5], "texture": "#2"},
				"west": {"uv": [2, 10, 2.25, 10.25], "texture": "#2"},
				"up": {"uv": [10.5, 4.5, 9.75, 4.25], "texture": "#2"},
				"down": {"uv": [10.5, 4.5, 9.75, 4.75], "texture": "#2"}
			}
		},
		{
			"from": [5.98791, 9.93775, 9.87256],
			"to": [7.48791, 13.46275, 11.37256],
			"shade": false,
			"rotation": {"angle": 45, "axis": "x", "origin": [6.73791, 11.91275, 10.62256]},
			"faces": {
				"north": {"uv": [7.5, 3.5, 8, 4.5], "texture": "#2"},
				"east": {"uv": [3.75, 7.5, 4.25, 8.5], "texture": "#2"},
				"south": {"uv": [4.25, 7.5, 4.75, 8.5], "texture": "#2"},
				"west": {"uv": [4.75, 7.5, 5.25, 8.5], "texture": "#2"},
				"up": {"uv": [5.5, 10, 5, 9.5], "texture": "#2"},
				"down": {"uv": [10, 5, 9.5, 5.5], "texture": "#2"}
			}
		},
		{
			"from": [9.74459, 14.05651, 4.96626],
			"to": [11.54459, 17.80651, 4.96626],
			"shade": false,
			"rotation": {"angle": -45, "axis": "z", "origin": [10.64459, 15.93151, 4.96626]},
			"faces": {
				"north": {"uv": [15.75, 0, 15, 1.5], "texture": "#2"},
				"south": {"uv": [15, 0, 15.75, 1.5], "texture": "#2"}
			}
		},
		{
			"from": [10.89459, 14.03151, 1.79126],
			"to": [10.89459, 15.83151, 5.54126],
			"shade": false,
			"rotation": {"angle": -45, "axis": "y", "origin": [10.89459, 14.93151, 3.66626]},
			"faces": {
				"east": {"uv": [14.5, 1.75, 16, 2.5], "texture": "#2"},
				"west": {"uv": [16, 1.75, 14.5, 2.5], "texture": "#2"}
			}
		},
		{
			"from": [0.75896, 18.70296, 6.96626],
			"to": [2.55896, 21.70296, 6.96626],
			"shade": false,
			"rotation": {"angle": 22.5, "axis": "z", "origin": [1.65896, 20.07796, 6.96626]},
			"faces": {
				"north": {"uv": [15, 0, 15.75, 1.5], "texture": "#2"},
				"south": {"uv": [15.75, 0, 15, 1.5], "texture": "#2"}
			}
		},
		{
			"from": [-1.22825, 14.45655, 6.96626],
			"to": [2.02175, 16.45655, 6.96626],
			"shade": false,
			"rotation": {"angle": 45, "axis": "z", "origin": [0.64675, 15.45655, 6.96626]},
			"faces": {
				"north": {"uv": [14.5, 1.75, 16, 2.5], "texture": "#2"},
				"south": {"uv": [16, 1.75, 14.5, 2.5], "texture": "#2"}
			}
		},
		{
			"from": [6.01209, 11.97844, 10.7489],
			"to": [10.01209, 13.47844, 12.2489],
			"shade": false,
			"rotation": {"angle": 0, "axis": "y", "origin": [8.01209, 12.67844, 11.2489]},
			"faces": {
				"north": {"uv": [3.5, 9.25, 2.5, 9.5], "texture": "#2"},
				"east": {"uv": [10.5, 0.25, 10, 0.5], "texture": "#2"},
				"south": {"uv": [10, 4, 9, 4.25], "texture": "#2"},
				"west": {"uv": [1, 10, 0.5, 10.25], "texture": "#2"},
				"up": {"uv": [8.25, 5, 7.25, 5.5], "texture": "#2"},
				"down": {"uv": [8.25, 7, 7.25, 6.5], "texture": "#2"}
			}
		},
		{
			"from": [4.45541, 12.30651, 11.03374],
			"to": [6.25541, 16.05651, 11.03374],
			"shade": false,
			"rotation": {"angle": 45, "axis": "z", "origin": [5.35541, 14.18151, 11.03374]},
			"faces": {
				"north": {"uv": [15, 0, 15.75, 1.5], "texture": "#2"},
				"south": {"uv": [15.75, 0, 15, 1.5], "texture": "#2"}
			}
		},
		{
			"from": [5.10541, 12.28151, 10.45874],
			"to": [5.10541, 14.08151, 14.20874],
			"shade": false,
			"rotation": {"angle": -45, "axis": "y", "origin": [5.10541, 13.18151, 12.33374]},
			"faces": {
				"east": {"uv": [16, 1.75, 14.5, 2.5], "texture": "#2"},
				"west": {"uv": [14.5, 1.75, 16, 2.5], "texture": "#2"}
			}
		},
		{
			"from": [8.51209, 14.07844, 8.2489],
			"to": [10.01209, 15.57844, 10.7489],
			"shade": false,
			"rotation": {"angle": 0, "axis": "y", "origin": [9.51209, 15.07844, 9.3739]},
			"faces": {
				"north": {"uv": [5, 9.5, 4.5, 10], "texture": "#2"},
				"east": {"uv": [9.25, 0.5, 8.5, 1], "texture": "#2"},
				"south": {"uv": [4.5, 9.5, 4, 10], "texture": "#2"},
				"west": {"uv": [4.25, 8.5, 3.5, 9], "texture": "#2"},
				"up": {"uv": [3, 8.5, 2.5, 9.25], "texture": "#2"},
				"down": {"uv": [9, 4.25, 8.5, 3.5], "texture": "#2"}
			}
		},
		{
			"from": [8.51209, 13.47844, 10.7489],
			"to": [10.01209, 15.57844, 12.2489],
			"shade": false,
			"rotation": {"angle": 0, "axis": "y", "origin": [8.01209, 13.67844, 11.7489]},
			"faces": {
				"north": {"uv": [3, 9.5, 2.5, 10], "texture": "#2"},
				"east": {"uv": [10, 1.5, 9.5, 2], "texture": "#2"},
				"south": {"uv": [9.75, 2.5, 9.25, 3], "texture": "#2"},
				"west": {"uv": [3.5, 9.5, 3, 10], "texture": "#2"},
				"up": {"uv": [4, 9.5, 3.5, 10], "texture": "#2"},
				"down": {"uv": [10, 4, 9.5, 3.5], "texture": "#2"}
			}
		},
		{
			"from": [13.97825, 13.75655, 9.03374],
			"to": [17.22825, 15.75655, 9.03374],
			"shade": false,
			"rotation": {"angle": -45, "axis": "z", "origin": [15.35325, 14.75655, 9.03374]},
			"faces": {
				"north": {"uv": [16, 1.75, 14.5, 2.5], "texture": "#2"},
				"south": {"uv": [14.5, 1.75, 16, 2.5], "texture": "#2"}
			}
		},
		{
			"from": [13.44104, 18.00296, 9.03374],
			"to": [15.24104, 21.00296, 9.03374],
			"shade": false,
			"rotation": {"angle": -22.5, "axis": "z", "origin": [14.34104, 19.37796, 9.03374]},
			"faces": {
				"north": {"uv": [15.75, 0, 15, 1.5], "texture": "#2"},
				"south": {"uv": [15, 0, 15.75, 1.5], "texture": "#2"}
			}
		},
		{
			"from": [12.04487, 15.49224, 8.53374],
			"to": [14.79487, 16.59224, 9.63374],
			"shade": false,
			"rotation": {"angle": -22.5, "axis": "z", "origin": [13.84487, 15.38506, 9.08374]},
			"faces": {
				"north": {"uv": [9.75, 2.25, 10.5, 2.5], "texture": "#2"},
				"east": {"uv": [1.75, 10, 2, 10.25], "texture": "#2"},
				"south": {"uv": [9.75, 2, 10.5, 2.25], "texture": "#2"},
				"west": {"uv": [10, 1.5, 10.25, 1.75], "texture": "#2"},
				"up": {"uv": [9.75, 2.5, 10.5, 2.75], "texture": "#2"},
				"down": {"uv": [9.75, 3, 10.5, 2.75], "texture": "#2"}
			}
		},
		{
			"from": [11.7619, 16.91546, 8.78374],
			"to": [14.5119, 17.66546, 9.38374],
			"shade": false,
			"rotation": {"angle": 45, "axis": "z", "origin": [13.0119, 17.29046, 9.08374]},
			"faces": {
				"north": {"uv": [9.5, 9, 10.25, 9.25], "texture": "#2"},
				"east": {"uv": [1.25, 10, 1.5, 10.25], "texture": "#2"},
				"south": {"uv": [9, 9.5, 9.75, 9.75], "texture": "#2"},
				"west": {"uv": [1, 10, 1.25, 10.25], "texture": "#2"},
				"up": {"uv": [9.5, 9.25, 10.25, 9.5], "texture": "#2"},
				"down": {"uv": [0, 10, 0.75, 9.75], "texture": "#2"}
			}
		},
		{
			"from": [12.02344, 17.87683, 8.53374],
			"to": [13.27344, 18.97683, 9.63374],
			"shade": false,
			"rotation": {"angle": 22.5, "axis": "z", "origin": [17.69263, 16.85043, 9.08374]},
			"faces": {
				"north": {"uv": [0.75, 9.75, 1.5, 10], "texture": "#2"},
				"east": {"uv": [1.5, 10, 1.75, 10.25], "texture": "#2"},
				"south": {"uv": [9.75, 0.5, 10.5, 0.75], "texture": "#2"},
				"west": {"uv": [10, 1.25, 10.25, 1.5], "texture": "#2"},
				"up": {"uv": [9.75, 0.75, 10.5, 1], "texture": "#2"},
				"down": {"uv": [1.5, 10, 2.25, 9.75], "texture": "#2"}
			}
		},
		{
			"from": [8.71094, 14.53606, 8.53374],
			"to": [11.96094, 16.03606, 10.03374],
			"shade": false,
			"rotation": {"angle": 22.5, "axis": "z", "origin": [9.83594, 15.53606, 9.03374]},
			"faces": {
				"north": {"uv": [9.75, 3.25, 10.5, 3.5], "texture": "#2"},
				"east": {"uv": [2, 10, 2.25, 10.25], "texture": "#2"},
				"south": {"uv": [9.75, 3, 10.5, 3.25], "texture": "#2"},
				"west": {"uv": [10, 1.75, 10.25, 2], "texture": "#2"},
				"up": {"uv": [9.75, 4.25, 10.5, 4.5], "texture": "#2"},
				"down": {"uv": [9.75, 4.75, 10.5, 4.5], "texture": "#2"}
			}
		},
		{
			"from": [3.84513, -12.75268, 8.44939],
			"to": [6.09513, -8.62768, 8.44939],
			"shade": false,
			"rotation": {"angle": 45, "axis": "z", "origin": [4.97013, -10.69018, 8.44939]},
			"faces": {
				"north": {"uv": [15, 0, 15.75, 1.5], "texture": "#2"},
				"south": {"uv": [15.75, 0, 15, 1.5], "texture": "#2"}
			}
		},
		{
			"from": [2.34385, -13.81694, 7.91099],
			"to": [6.46885, -11.86694, 7.91099],
			"shade": false,
			"rotation": {"angle": -22.5, "axis": "y", "origin": [4.99179, -11.76606, 8.07439]},
			"faces": {
				"north": {"uv": [14.5, 1.75, 16, 2.5], "texture": "#2"},
				"south": {"uv": [16, 1.75, 14.5, 2.5], "texture": "#2"}
			}
		},
		{
			"name": "efc1",
			"from": [6.52982, -11.26, 4.45129],
			"to": [9.46982, 22, 4.45129],
			"shade": false,
			"rotation": {"angle": 0, "axis": "y", "origin": [7.9999, 5.37, 7.99994]},
			"faces": {
				"north": {"uv": [7, 0, 7.75, 7.75], "texture": "#1"},
				"south": {"uv": [7.75, 0, 7, 7.75], "texture": "#1"}
			}
		},
		{
			"name": "ef",
			"from": [7.5, 15, 10.5],
			"to": [12.5, 28, 10.5],
			"shade": false,
			"rotation": {"angle": -22.5, "axis": "y", "origin": [10, 21.5, 10.5]},
			"faces": {
				"north": {"uv": [12.5, 9, 15.25, 16], "texture": "#1"},
				"south": {"uv": [15.25, 9, 12.5, 16], "texture": "#1"}
			}
		},
		{
			"name": "ef",
			"from": [3, 9, 6],
			"to": [8, 24, 6],
			"shade": false,
			"rotation": {"angle": -22.5, "axis": "y", "origin": [5.5, 16.5, 6]},
			"faces": {
				"north": {"uv": [11.25, 9, 8.5, 16], "texture": "#1"},
				"south": {"uv": [8.5, 9, 11.25, 16], "texture": "#1"}
			}
		},
		{
			"name": "ef",
			"from": [-2, 13.5, 9],
			"to": [4, 26.5, 9],
			"shade": false,
			"rotation": {"angle": 22.5, "axis": "y", "origin": [1.5, 24.5, 9]},
			"faces": {
				"north": {"uv": [7.25, 8.75, 4.5, 15.75], "texture": "#1"},
				"south": {"uv": [4.5, 8.75, 7.25, 15.75], "texture": "#1"}
			}
		},
		{
			"name": "ef",
			"from": [12, 13.5, 7],
			"to": [18, 26.5, 7],
			"shade": false,
			"rotation": {"angle": 22.5, "axis": "y", "origin": [14.5, 24.5, 7]},
			"faces": {
				"north": {"uv": [4.5, 8.75, 7.25, 15.75], "texture": "#1"},
				"south": {"uv": [7.25, 8.75, 4.5, 15.75], "texture": "#1"}
			}
		},
		{
			"name": "efc1",
			"from": [6.52997, -11.26, 4.45129],
			"to": [9.46997, 22, 4.45129],
			"shade": false,
			"rotation": {"angle": 45, "axis": "y", "origin": [7.9999, 5.37, 7.99994]},
			"faces": {
				"north": {"uv": [0, 0, 1, 7.75], "texture": "#1"},
				"south": {"uv": [1, 0, 0, 7.75], "texture": "#1"}
			}
		},
		{
			"name": "efc1",
			"from": [6.53027, -11.26, 11.54878],
			"to": [9.47027, 22, 11.54878],
			"shade": false,
			"rotation": {"angle": 45, "axis": "y", "origin": [7.9999, 5.37, 7.99994]},
			"faces": {
				"north": {"uv": [5, 0, 4, 7.75], "texture": "#1"},
				"south": {"uv": [4, 0, 5, 7.75], "texture": "#1"}
			}
		},
		{
			"name": "efc1",
			"from": [4.45135, -11.26, 6.52976],
			"to": [4.45135, 22, 9.46976],
			"shade": false,
			"rotation": {"angle": 0, "axis": "y", "origin": [7.9999, 5.37, 7.99994]},
			"faces": {
				"east": {"uv": [2, 0, 1, 7.75], "texture": "#1"},
				"west": {"uv": [1, 0, 2, 7.75], "texture": "#1"}
			}
		},
		{
			"name": "efc1",
			"from": [6.52982, -11.26, 11.54824],
			"to": [9.46982, 22, 11.54824],
			"shade": false,
			"rotation": {"angle": 0, "axis": "y", "origin": [7.9999, 5.37, 7.99994]},
			"faces": {
				"north": {"uv": [4, 0, 3, 7.75], "texture": "#1"},
				"south": {"uv": [3, 0, 4, 7.75], "texture": "#1"}
			}
		},
		{
			"name": "efc1",
			"from": [4.4515, -11.26, 6.52976],
			"to": [4.4515, 22, 9.46976],
			"shade": false,
			"rotation": {"angle": 45, "axis": "y", "origin": [7.9999, 5.37, 7.99994]},
			"faces": {
				"east": {"uv": [3, 0, 2, 7.75], "texture": "#1"},
				"west": {"uv": [2, 0, 3, 7.75], "texture": "#1"}
			}
		},
		{
			"name": "efc1",
			"from": [11.5483, -11.26, 6.52976],
			"to": [11.5483, 22, 9.46976],
			"shade": false,
			"rotation": {"angle": 0, "axis": "y", "origin": [7.9999, 5.37, 7.99994]},
			"faces": {
				"east": {"uv": [5, 0, 6, 7.75], "texture": "#1"},
				"west": {"uv": [6, 0, 5, 7.75], "texture": "#1"}
			}
		},
		{
			"name": "efc1",
			"from": [11.54844, -11.26, 6.52976],
			"to": [11.54844, 22, 9.46976],
			"shade": false,
			"rotation": {"angle": 45, "axis": "y", "origin": [7.9999, 5.37, 7.99994]},
			"faces": {
				"east": {"uv": [6, 0, 7, 7.75], "texture": "#1"},
				"west": {"uv": [7, 0, 6, 7.75], "texture": "#1"}
			}
		}
	],
	"gui_light": "front",
	"display": {
		"thirdperson_righthand": {
			"rotation": [0, 90, 0],
			"translation": [0, 6.5, 2.5],
			"scale": [0.7, 0.7, 0.7]
		},
		"thirdperson_lefthand": {
			"rotation": [0, 90, 0],
			"translation": [0, 6.5, 2.5],
			"scale": [0.7, 0.7, 0.7]
		},
		"firstperson_righthand": {
			"rotation": [31.82, 76.29, -28.7],
			"translation": [19.5, -1.75, -18]
		},
		"firstperson_lefthand": {
			"rotation": [-148.9, -79.54, -152.06],
			"translation": [19.5, -1.75, -18]
		},
		"ground": {
			"rotation": [0, 0, 45],
			"translation": [0, 4.5, 0],
			"scale": [0.3, 0.3, 0.3]
		},
		"gui": {
			"rotation": [-180, 0, -135],
			"translation": [0.75, 0.75, 0],
			"scale": [0.49, 0.49, 0.49]
		},
		"head": {
			"scale": [0, 0, 0]
		},
		"fixed": {
			"translation": [0, 1.25, 0],
			"scale": [0.45, 0.45, 0.45]
		}
	},
	"groups": [
		0,
		1,
		2,
		3,
		4,
		5,
		6,
		7,
		8,
		9,
		{
			"name": "group",
			"origin": [4.99179, -11.76606, 8.07439],
			"color": 0,
			"children": [10, 11, 12, 13, 14, 15, 16, 17, 18, 19, 20, 21, 22, 23, 24, 25, 26, 27, 28, 29, 30, 31, 32, 33, 34, 35, 36, 37, 38, 39, 40, 41, 42, 43, 44, 45, 46, 47, 48, 49, 50, 51, 52]
		},
		53,
		54,
		55,
		56,
		57,
		58,
		59,
		60,
		61,
		62,
		63,
		64
	]
}