{
	"credit": "Made with Blockbench",
	"parent": "axe",
	"texture_size": [64, 64],
	"textures": {
		"5": "item/ghoul/axe/ghoul_axe_blue",
		"particle": "item/ghoul/axe/ghoul_axe_blue"
	},
	"elements": [
		{
			"from": [7.02, 4.97578, 9.75168],
			"to": [8.98, 8.11978, 10.81168],
			"rotation": {"angle": 0, "axis": "y", "origin": [7.95, 7.44778, 10.78168]},
			"faces": {
				"north": {"uv": [4.008, 0.008, 4.492, 0.8125], "texture": "#5"},
				"east": {"uv": [3.008, 5.508, 3.242, 6.3125], "texture": "#5"},
				"south": {"uv": [4.258, 1.008, 4.742, 1.8125], "texture": "#5"},
				"west": {"uv": [2.508, 6.008, 2.742, 6.8125], "texture": "#5"},
				"up": {"uv": [7.492, 2.242, 7.008, 2.008], "texture": "#5"},
				"down": {"uv": [7.492, 3.258, 7.008, 3.492], "texture": "#5"}
			}
		},
		{
			"from": [7.12, 0.97578, 9.35168],
			"to": [8.88, 4.11978, 10.41168],
			"rotation": {"angle": 0, "axis": "y", "origin": [8.05, 3.44778, 10.38168]},
			"faces": {
				"north": {"uv": [4.508, 2.008, 4.9375, 2.8125], "texture": "#5"},
				"east": {"uv": [2.758, 6.008, 2.992, 6.8125], "texture": "#5"},
				"south": {"uv": [4.258, 4.508, 4.6875, 5.3125], "texture": "#5"},
				"west": {"uv": [3.258, 6.008, 3.492, 6.8125], "texture": "#5"},
				"up": {"uv": [6.9375, 7.742, 6.508, 7.508], "texture": "#5"},
				"down": {"uv": [0.4375, 7.758, 0.008, 7.992], "texture": "#5"}
			}
		},
		{
			"from": [7.07, 1.79909, 10.59996],
			"to": [8.93, 6.07017, 11.75996],
			"rotation": {"angle": 22.5, "axis": "x", "origin": [7.9, 7.27109, 11.72996]},
			"faces": {
				"north": {"uv": [3.758, 2.508, 4.1875, 3.5625], "texture": "#5"},
				"east": {"uv": [4.758, 3.008, 5.0625, 4.0625], "texture": "#5"},
				"south": {"uv": [3.758, 3.758, 4.1875, 4.8125], "texture": "#5"},
				"west": {"uv": [3.258, 4.758, 3.5625, 5.8125], "texture": "#5"},
				"up": {"uv": [2.4375, 7.3125, 2.008, 7.008], "texture": "#5"},
				"down": {"uv": [2.9375, 7.008, 2.508, 7.3125], "texture": "#5"}
			}
		},
		{
			"from": [7.07, 6.07017, 10.59996],
			"to": [8.93, 7.94309, 11.75996],
			"rotation": {"angle": 22.5, "axis": "x", "origin": [7.9, 7.27109, 11.72996]},
			"faces": {
				"north": {"uv": [6.258, 0.008, 6.6875, 0.4375], "texture": "#5"},
				"east": {"uv": [3.758, 7.008, 4.0625, 7.4375], "texture": "#5"},
				"south": {"uv": [0.508, 6.258, 0.9375, 6.6875], "texture": "#5"},
				"west": {"uv": [4.258, 7.008, 4.5625, 7.4375], "texture": "#5"},
				"up": {"uv": [7.1875, 7.3125, 6.758, 7.008], "texture": "#5"},
				"down": {"uv": [7.6875, 0.258, 7.258, 0.5625], "texture": "#5"}
			}
		},
		{
			"from": [7.07, 7.04721, 13.41429],
			"to": [8.93, 8.92013, 14.37429],
			"rotation": {"angle": -22.5, "axis": "x", "origin": [7.9, 8.24813, 14.34429]},
			"faces": {
				"north": {"uv": [6.258, 0.508, 6.6875, 0.9375], "texture": "#5"},
				"east": {"uv": [1.258, 7.508, 1.492, 7.9375], "texture": "#5"},
				"south": {"uv": [1.008, 6.258, 1.4375, 6.6875], "texture": "#5"},
				"west": {"uv": [7.008, 7.508, 7.242, 7.9375], "texture": "#5"},
				"up": {"uv": [8.1875, 0.492, 7.758, 0.258], "texture": "#5"},
				"down": {"uv": [0.9375, 7.758, 0.508, 7.992], "texture": "#5"}
			}
		},
		{
			"from": [7.12, 6.51769, 14.65217],
			"to": [8.88, 7.3906, 15.41217],
			"rotation": {"angle": -45, "axis": "x", "origin": [8.05, 6.45414, 14.83217]},
			"faces": {
				"north": {"uv": [7.758, 6.508, 8.1875, 6.6875], "texture": "#5"},
				"east": {"uv": [8.508, 6.258, 8.6875, 6.4375], "texture": "#5"},
				"south": {"uv": [7.758, 6.758, 8.1875, 6.9375], "texture": "#5"},
				"west": {"uv": [6.508, 8.508, 6.6875, 8.6875], "texture": "#5"},
				"up": {"uv": [8.1875, 7.1875, 7.758, 7.008], "texture": "#5"},
				"down": {"uv": [7.6875, 7.758, 7.258, 7.9375], "texture": "#5"}
			}
		},
		{
			"from": [7.17, 6.47778, 14.56585],
			"to": [8.83, 7.03778, 15.43876],
			"rotation": {"angle": 22.5, "axis": "x", "origin": [8.1, 6.45778, 15.00231]},
			"faces": {
				"north": {"uv": [8.258, 7.008, 8.6875, 7.125], "texture": "#5"},
				"east": {"uv": [8.758, 1.258, 8.9375, 1.375], "texture": "#5"},
				"south": {"uv": [8.508, 0.008, 8.9375, 0.125], "texture": "#5"},
				"west": {"uv": [1.508, 8.758, 1.6875, 8.875], "texture": "#5"},
				"up": {"uv": [6.6875, 7.9375, 6.258, 7.758], "texture": "#5"},
				"down": {"uv": [8.1875, 6.258, 7.758, 6.4375], "texture": "#5"}
			}
		},
		{
			"from": [7.22, 6.5549, 15.18358],
			"to": [8.78, 6.9149, 16.0565],
			"rotation": {"angle": 0, "axis": "y", "origin": [8.15, 6.3349, 15.62004]},
			"faces": {
				"north": {"uv": [0.508, 8.758, 0.875, 8.8125], "texture": "#5"},
				"east": {"uv": [6.508, 8.758, 6.6875, 8.8125], "texture": "#5"},
				"south": {"uv": [1.008, 8.758, 1.375, 8.8125], "texture": "#5"},
				"west": {"uv": [8.758, 6.508, 8.9375, 6.5625], "texture": "#5"},
				"up": {"uv": [8.375, 5.6875, 8.008, 5.508], "texture": "#5"},
				"down": {"uv": [7.375, 8.008, 7.008, 8.1875], "texture": "#5"}
			}
		},
		{
			"from": [7.12, 6.04721, 11.31429],
			"to": [8.88, 7.92013, 12.27429],
			"rotation": {"angle": -22.5, "axis": "x", "origin": [7.85, 7.24813, 12.24429]},
			"faces": {
				"north": {"uv": [6.258, 1.008, 6.6875, 1.4375], "texture": "#5"},
				"east": {"uv": [7.758, 1.008, 7.992, 1.4375], "texture": "#5"},
				"south": {"uv": [6.258, 2.258, 6.6875, 2.6875], "texture": "#5"},
				"west": {"uv": [1.508, 7.758, 1.742, 8.1875], "texture": "#5"},
				"up": {"uv": [8.1875, 1.742, 7.758, 1.508], "texture": "#5"},
				"down": {"uv": [8.1875, 1.758, 7.758, 1.992], "texture": "#5"}
			}
		},
		{
			"from": [7.17, 5.51769, 12.55217],
			"to": [8.83, 6.3906, 13.31217],
			"rotation": {"angle": -45, "axis": "x", "origin": [8, 5.45414, 12.73217]},
			"faces": {
				"north": {"uv": [8.008, 0.008, 8.4375, 0.1875], "texture": "#5"},
				"east": {"uv": [7.258, 8.508, 7.4375, 8.6875], "texture": "#5"},
				"south": {"uv": [8.008, 0.508, 8.4375, 0.6875], "texture": "#5"},
				"west": {"uv": [8.508, 7.258, 8.6875, 7.4375], "texture": "#5"},
				"up": {"uv": [8.4375, 0.9375, 8.008, 0.758], "texture": "#5"},
				"down": {"uv": [8.4375, 1.008, 8.008, 1.1875], "texture": "#5"}
			}
		},
		{
			"from": [7.22, 5.47778, 12.46585],
			"to": [8.78, 6.03778, 13.33876],
			"rotation": {"angle": 22.5, "axis": "x", "origin": [8.05, 5.45778, 12.90231]},
			"faces": {
				"north": {"uv": [8.508, 3.008, 8.875, 3.125], "texture": "#5"},
				"east": {"uv": [8.758, 4.508, 8.9375, 4.625], "texture": "#5"},
				"south": {"uv": [8.508, 3.258, 8.875, 3.375], "texture": "#5"},
				"west": {"uv": [4.758, 8.758, 4.9375, 8.875], "texture": "#5"},
				"up": {"uv": [2.375, 8.4375, 2.008, 8.258], "texture": "#5"},
				"down": {"uv": [8.625, 2.258, 8.258, 2.4375], "texture": "#5"}
			}
		},
		{
			"from": [7.27, 5.5549, 13.08358],
			"to": [8.73, 5.9149, 13.9565],
			"rotation": {"angle": 0, "axis": "y", "origin": [8.1, 5.3349, 13.52004]},
			"faces": {
				"north": {"uv": [8.758, 4.008, 9.125, 4.0625], "texture": "#5"},
				"east": {"uv": [6.758, 8.758, 6.9375, 8.8125], "texture": "#5"},
				"south": {"uv": [8.758, 4.258, 9.125, 4.3125], "texture": "#5"},
				"west": {"uv": [8.758, 6.758, 8.9375, 6.8125], "texture": "#5"},
				"up": {"uv": [8.625, 1.6875, 8.258, 1.508], "texture": "#5"},
				"down": {"uv": [8.625, 1.758, 8.258, 1.9375], "texture": "#5"}
			}
		},
		{
			"from": [7.17, -9.02374, 5.32214],
			"to": [8.83, -8.15082, 6.08214],
			"rotation": {"angle": -45, "axis": "x", "origin": [8, -8.15799, 5.97996]},
			"faces": {
				"north": {"uv": [8.008, 1.258, 8.4375, 1.4375], "texture": "#5"},
				"east": {"uv": [7.508, 8.508, 7.6875, 8.6875], "texture": "#5"},
				"south": {"uv": [2.008, 8.008, 2.4375, 8.1875], "texture": "#5"},
				"west": {"uv": [8.508, 7.508, 8.6875, 7.6875], "texture": "#5"},
				"up": {"uv": [8.4375, 2.1875, 8.008, 2.008], "texture": "#5"},
				"down": {"uv": [2.9375, 8.008, 2.508, 8.1875], "texture": "#5"}
			}
		},
		{
			"from": [7.22, -8.55618, 5.59992],
			"to": [8.78, -7.68327, 6.15992],
			"rotation": {"angle": -22.5, "axis": "x", "origin": [8, -8.15799, 5.97996]},
			"faces": {
				"north": {"uv": [2.508, 8.258, 2.875, 8.4375], "texture": "#5"},
				"east": {"uv": [8.758, 4.758, 8.875, 4.9375], "texture": "#5"},
				"south": {"uv": [8.258, 2.508, 8.625, 2.6875], "texture": "#5"},
				"west": {"uv": [5.008, 8.758, 5.125, 8.9375], "texture": "#5"},
				"up": {"uv": [3.875, 8.625, 3.508, 8.508], "texture": "#5"},
				"down": {"uv": [4.375, 8.508, 4.008, 8.625], "texture": "#5"}
			}
		},
		{
			"from": [7.27, -8.09445, 5.69285],
			"to": [8.73, -7.22153, 6.05285],
			"rotation": {"angle": 0, "axis": "y", "origin": [8, -8.15799, 5.97996]},
			"faces": {
				"north": {"uv": [3.008, 8.258, 3.375, 8.4375], "texture": "#5"},
				"east": {"uv": [7.008, 8.758, 7.0625, 8.9375], "texture": "#5"},
				"south": {"uv": [3.508, 8.258, 3.875, 8.4375], "texture": "#5"},
				"west": {"uv": [8.758, 7.008, 8.8125, 7.1875], "texture": "#5"},
				"up": {"uv": [9.125, 5.0625, 8.758, 5.008], "texture": "#5"},
				"down": {"uv": [5.625, 8.758, 5.258, 8.8125], "texture": "#5"}
			}
		},
		{
			"from": [7.17, 0.35691, 10.59996],
			"to": [8.83, 3.50091, 11.75996],
			"rotation": {"angle": -22.5, "axis": "x", "origin": [8, -1.97109, 11.72996]},
			"faces": {
				"north": {"uv": [0.508, 4.758, 0.9375, 5.5625], "texture": "#5"},
				"east": {"uv": [5.258, 2.758, 5.5625, 3.5625], "texture": "#5"},
				"south": {"uv": [4.758, 0.758, 5.1875, 1.5625], "texture": "#5"},
				"west": {"uv": [5.258, 3.758, 5.5625, 4.5625], "texture": "#5"},
				"up": {"uv": [7.4375, 3.0625, 7.008, 2.758], "texture": "#5"},
				"down": {"uv": [3.6875, 7.008, 3.258, 7.3125], "texture": "#5"}
			}
		},
		{
			"from": [7.27, -2.54309, 8.59996],
			"to": [8.73, 2.60091, 8.95996],
			"rotation": {"angle": 0, "axis": "y", "origin": [7.9, -2.87109, 9.72996]},
			"faces": {
				"north": {"uv": [3.258, 3.258, 3.625, 4.5625], "texture": "#5"},
				"east": {"uv": [7.758, 7.758, 7.8125, 9.0625], "texture": "#5"},
				"south": {"uv": [0.008, 3.508, 0.375, 4.8125], "texture": "#5"},
				"west": {"uv": [0.008, 8.008, 0.0625, 9.3125], "texture": "#5"},
				"up": {"uv": [2.625, 8.8125, 2.258, 8.758], "texture": "#5"},
				"down": {"uv": [9.125, 2.258, 8.758, 2.3125], "texture": "#5"}
			}
		},
		{
			"from": [7.32, -10.75809, 8.50169],
			"to": [8.68, -9.73618, 11.34569],
			"rotation": {"angle": 22.5, "axis": "x", "origin": [8.05, -3.97809, 10.67369]},
			"faces": {
				"north": {"uv": [8.008, 2.758, 8.3125, 2.992], "texture": "#5"},
				"east": {"uv": [0.008, 6.758, 0.6875, 6.992], "texture": "#5"},
				"south": {"uv": [8.008, 3.008, 8.3125, 3.242], "texture": "#5"},
				"west": {"uv": [6.758, 0.008, 7.4375, 0.242], "texture": "#5"},
				"up": {"uv": [6.0625, 4.6875, 5.758, 4.008], "texture": "#5"},
				"down": {"uv": [6.0625, 4.758, 5.758, 5.4375], "texture": "#5"}
			}
		},
		{
			"from": [7.32, -9.73618, 9.50169],
			"to": [8.68, -7.06864, 11.34569],
			"rotation": {"angle": 22.5, "axis": "x", "origin": [8.05, -3.97809, 10.67369]},
			"faces": {
				"north": {"uv": [5.258, 5.758, 5.5625, 6.4375], "texture": "#5"},
				"east": {"uv": [2.008, 5.008, 2.4375, 5.6875], "texture": "#5"},
				"south": {"uv": [5.758, 5.508, 6.0625, 6.1875], "texture": "#5"},
				"west": {"uv": [5.008, 2.008, 5.4375, 2.6875], "texture": "#5"},
				"up": {"uv": [1.0625, 7.6875, 0.758, 7.258], "texture": "#5"},
				"down": {"uv": [7.5625, 0.758, 7.258, 1.1875], "texture": "#5"}
			}
		},
		{
			"from": [7.22, -3.30109, 9.46784],
			"to": [8.78, 0.46945, 10.61184],
			"rotation": {"angle": 22.5, "axis": "x", "origin": [8.15, -0.31055, 10.03984]},
			"faces": {
				"north": {"uv": [1.008, 4.758, 1.375, 5.6875], "texture": "#5"},
				"east": {"uv": [3.758, 5.008, 4.0625, 5.9375], "texture": "#5"},
				"south": {"uv": [1.508, 4.758, 1.875, 5.6875], "texture": "#5"},
				"west": {"uv": [4.758, 5.008, 5.0625, 5.9375], "texture": "#5"},
				"up": {"uv": [5.875, 7.5625, 5.508, 7.258], "texture": "#5"},
				"down": {"uv": [7.625, 5.758, 7.258, 6.0625], "texture": "#5"}
			}
		},
		{
			"from": [7.27, -7.09055, 8.36784],
			"to": [8.73, -4.50109, 10.11184],
			"rotation": {"angle": 0, "axis": "y", "origin": [8, -2.31055, 9.53984]},
			"faces": {
				"north": {"uv": [1.508, 5.758, 1.875, 6.375], "texture": "#5"},
				"east": {"uv": [5.258, 0.258, 5.6875, 0.875], "texture": "#5"},
				"south": {"uv": [2.008, 5.758, 2.375, 6.375], "texture": "#5"},
				"west": {"uv": [5.258, 1.008, 5.6875, 1.625], "texture": "#5"},
				"up": {"uv": [7.125, 4.9375, 6.758, 4.508], "texture": "#5"},
				"down": {"uv": [7.125, 5.008, 6.758, 5.4375], "texture": "#5"}
			}
		},
		{
			"from": [7.27, -4.50109, 8.36784],
			"to": [8.73, -2.81164, 10.11184],
			"rotation": {"angle": 0, "axis": "y", "origin": [8, -2.31055, 9.53984]},
			"faces": {
				"north": {"uv": [6.758, 5.508, 7.125, 5.9375], "texture": "#5"},
				"east": {"uv": [4.508, 6.008, 4.9375, 6.4375], "texture": "#5"},
				"south": {"uv": [5.758, 6.758, 6.125, 7.1875], "texture": "#5"},
				"west": {"uv": [0.008, 6.258, 0.4375, 6.6875], "texture": "#5"},
				"up": {"uv": [7.125, 6.4375, 6.758, 6.008], "texture": "#5"},
				"down": {"uv": [7.125, 6.508, 6.758, 6.9375], "texture": "#5"}
			}
		},
		{
			"from": [7.27, -2.81164, 8.96784],
			"to": [8.73, -1.53055, 10.11184],
			"rotation": {"angle": 0, "axis": "y", "origin": [8, -2.31055, 9.53984]},
			"faces": {
				"north": {"uv": [6.008, 7.258, 6.375, 7.5625], "texture": "#5"},
				"east": {"uv": [7.758, 2.258, 8.0625, 2.5625], "texture": "#5"},
				"south": {"uv": [7.258, 6.258, 7.625, 6.5625], "texture": "#5"},
				"west": {"uv": [3.758, 7.758, 4.0625, 8.0625], "texture": "#5"},
				"up": {"uv": [7.625, 7.0625, 7.258, 6.758], "texture": "#5"},
				"down": {"uv": [7.625, 7.258, 7.258, 7.5625], "texture": "#5"}
			}
		},
		{
			"from": [7, 7.84361, 9.77163],
			"to": [9, 9.84361, 11.77163],
			"rotation": {"angle": -45, "axis": "x", "origin": [8, 7.44361, 10.77163]},
			"faces": {
				"north": {"uv": [5.258, 4.758, 5.742, 5.242], "texture": "#5"},
				"east": {"uv": [5.258, 5.258, 5.742, 5.742], "texture": "#5"},
				"south": {"uv": [5.508, 2.008, 5.992, 2.492], "texture": "#5"},
				"west": {"uv": [2.508, 5.508, 2.992, 5.992], "texture": "#5"},
				"up": {"uv": [4.742, 5.992, 4.258, 5.508], "texture": "#5"},
				"down": {"uv": [0.492, 5.758, 0.008, 6.242], "texture": "#5"}
			}
		},
		{
			"from": [7.05, 8.11527, 10.80798],
			"to": [8.95, 9.11527, 13.80798],
			"rotation": {"angle": 22.5, "axis": "x", "origin": [7.95, 8.11527, 13.30798]},
			"faces": {
				"north": {"uv": [7.258, 1.258, 7.742, 1.492], "texture": "#5"},
				"east": {"uv": [6.258, 1.508, 6.992, 1.742], "texture": "#5"},
				"south": {"uv": [7.258, 1.508, 7.742, 1.742], "texture": "#5"},
				"west": {"uv": [6.258, 2.758, 6.992, 2.992], "texture": "#5"},
				"up": {"uv": [4.742, 4.492, 4.258, 3.758], "texture": "#5"},
				"down": {"uv": [4.992, 0.008, 4.508, 0.742], "texture": "#5"}
			}
		},
		{
			"from": [7.15, 8.8867, 12.44813],
			"to": [8.85, 10.3867, 13.54813],
			"rotation": {"angle": -22.5, "axis": "x", "origin": [8.15, 10.3867, 13.94813]},
			"faces": {
				"north": {"uv": [6.758, 0.258, 7.1875, 0.625], "texture": "#5"},
				"east": {"uv": [1.758, 7.758, 1.992, 8.125], "texture": "#5"},
				"south": {"uv": [0.758, 6.758, 1.1875, 7.125], "texture": "#5"},
				"west": {"uv": [3.008, 7.758, 3.242, 8.125], "texture": "#5"},
				"up": {"uv": [7.9375, 0.242, 7.508, 0.008], "texture": "#5"},
				"down": {"uv": [7.9375, 2.008, 7.508, 2.242], "texture": "#5"}
			}
		},
		{
			"from": [7.37, 0.81769, 5.05217],
			"to": [8.63, 1.6906, 6.61217],
			"rotation": {"angle": -45, "axis": "x", "origin": [8, 0.75414, 5.33217]},
			"faces": {
				"north": {"uv": [8.258, 5.008, 8.5625, 5.1875], "texture": "#5"},
				"east": {"uv": [8.008, 7.258, 8.375, 7.4375], "texture": "#5"},
				"south": {"uv": [5.508, 8.258, 5.8125, 8.4375], "texture": "#5"},
				"west": {"uv": [8.008, 7.508, 8.375, 7.6875], "texture": "#5"},
				"up": {"uv": [2.3125, 7.875, 2.008, 7.508], "texture": "#5"},
				"down": {"uv": [2.8125, 7.508, 2.508, 7.875], "texture": "#5"}
			}
		},
		{
			"from": [7.47, 0.57778, 5.06585],
			"to": [8.53, 1.83778, 5.93876],
			"rotation": {"angle": 22.5, "axis": "x", "origin": [8, 0.75778, 5.50231]},
			"faces": {
				"north": {"uv": [0.758, 8.008, 0.992, 8.3125], "texture": "#5"},
				"east": {"uv": [8.258, 4.508, 8.4375, 4.8125], "texture": "#5"},
				"south": {"uv": [1.258, 8.008, 1.492, 8.3125], "texture": "#5"},
				"west": {"uv": [4.758, 8.258, 4.9375, 8.5625], "texture": "#5"},
				"up": {"uv": [8.742, 1.4375, 8.508, 1.258], "texture": "#5"},
				"down": {"uv": [1.992, 8.508, 1.758, 8.6875], "texture": "#5"}
			}
		},
		{
			"from": [7.52, 0.5549, 5.68358],
			"to": [8.48, 1.1149, 7.6565],
			"rotation": {"angle": 0, "axis": "y", "origin": [8.05, 0.6349, 6.12004]},
			"faces": {
				"north": {"uv": [8.508, 7.758, 8.742, 7.875], "texture": "#5"},
				"east": {"uv": [8.258, 3.508, 8.742, 3.625], "texture": "#5"},
				"south": {"uv": [8.508, 8.008, 8.742, 8.125], "texture": "#5"},
				"west": {"uv": [8.258, 3.758, 8.742, 3.875], "texture": "#5"},
				"up": {"uv": [7.492, 4.742, 7.258, 4.258], "texture": "#5"},
				"down": {"uv": [7.492, 4.758, 7.258, 5.242], "texture": "#5"}
			}
		},
		{
			"from": [7.57, 1.1549, 5.68358],
			"to": [8.43, 1.7149, 7.5565],
			"rotation": {"angle": 22.5, "axis": "x", "origin": [8, 1.2349, 6.12004]},
			"faces": {
				"north": {"uv": [8.758, 1.758, 8.9375, 1.875], "texture": "#5"},
				"east": {"uv": [0.258, 8.508, 0.6875, 8.625], "texture": "#5"},
				"south": {"uv": [2.008, 8.758, 2.1875, 8.875], "texture": "#5"},
				"west": {"uv": [8.508, 0.508, 8.9375, 0.625], "texture": "#5"},
				"up": {"uv": [6.9375, 8.1875, 6.758, 7.758], "texture": "#5"},
				"down": {"uv": [7.9375, 7.258, 7.758, 7.6875], "texture": "#5"}
			}
		},
		{
			"from": [7.15, 8.74359, 9.78252],
			"to": [8.85, 10.64359, 11.68252],
			"rotation": {"angle": -22.5, "axis": "x", "origin": [8.15, 10.24359, 11.78252]},
			"faces": {
				"north": {"uv": [5.758, 1.258, 6.1875, 1.742], "texture": "#5"},
				"east": {"uv": [5.758, 0.758, 6.242, 1.242], "texture": "#5"},
				"south": {"uv": [5.758, 2.508, 6.1875, 2.992], "texture": "#5"},
				"west": {"uv": [1.008, 5.758, 1.492, 6.242], "texture": "#5"},
				"up": {"uv": [6.1875, 3.492, 5.758, 3.008], "texture": "#5"},
				"down": {"uv": [6.1875, 3.508, 5.758, 3.992], "texture": "#5"}
			}
		},
		{
			"from": [7.15, 10.22358, 11.35432],
			"to": [8.85, 11.22358, 12.75432],
			"rotation": {"angle": -45, "axis": "x", "origin": [8.15, 11.22358, 13.15432]},
			"faces": {
				"north": {"uv": [7.508, 4.508, 7.9375, 4.742], "texture": "#5"},
				"east": {"uv": [7.758, 3.508, 8.125, 3.742], "texture": "#5"},
				"south": {"uv": [4.758, 7.508, 5.1875, 7.742], "texture": "#5"},
				"west": {"uv": [4.258, 7.758, 4.625, 7.992], "texture": "#5"},
				"up": {"uv": [7.1875, 1.125, 6.758, 0.758], "texture": "#5"},
				"down": {"uv": [7.1875, 2.258, 6.758, 2.625], "texture": "#5"}
			}
		},
		{
			"from": [7.1, 9.79297, 12.10067],
			"to": [8.9, 11.29297, 13.10067],
			"rotation": {"angle": 22.5, "axis": "x", "origin": [8.1, 11.69297, 12.10067]},
			"faces": {
				"north": {"uv": [6.758, 3.508, 7.1875, 3.875], "texture": "#5"},
				"east": {"uv": [4.758, 7.758, 4.992, 8.125], "texture": "#5"},
				"south": {"uv": [6.758, 4.008, 7.1875, 4.375], "texture": "#5"},
				"west": {"uv": [5.008, 7.758, 5.242, 8.125], "texture": "#5"},
				"up": {"uv": [7.9375, 4.992, 7.508, 4.758], "texture": "#5"},
				"down": {"uv": [7.9375, 5.008, 7.508, 5.242], "texture": "#5"}
			}
		},
		{
			"from": [7.2, 10.59953, 5.55947],
			"to": [8.8, 11.59953, 7.55947],
			"rotation": {"angle": 22.5, "axis": "x", "origin": [8.1, 11.99953, 6.55947]},
			"faces": {
				"north": {"uv": [5.258, 7.758, 5.625, 7.992], "texture": "#5"},
				"east": {"uv": [7.258, 2.508, 7.742, 2.742], "texture": "#5"},
				"south": {"uv": [5.758, 7.758, 6.125, 7.992], "texture": "#5"},
				"west": {"uv": [7.258, 3.508, 7.742, 3.742], "texture": "#5"},
				"up": {"uv": [6.625, 3.992, 6.258, 3.508], "texture": "#5"},
				"down": {"uv": [6.625, 4.008, 6.258, 4.492], "texture": "#5"}
			}
		},
		{
			"from": [7.3, 7.38584, 4.38268],
			"to": [8.7, 12.38584, 6.38268],
			"rotation": {"angle": 45, "axis": "x", "origin": [8, 12.78584, 5.38268]},
			"faces": {
				"north": {"uv": [3.508, 0.008, 3.875, 1.242], "texture": "#5"},
				"east": {"uv": [0.008, 2.258, 0.492, 3.492], "texture": "#5"},
				"south": {"uv": [0.508, 3.508, 0.875, 4.742], "texture": "#5"},
				"west": {"uv": [2.258, 0.008, 2.742, 1.242], "texture": "#5"},
				"up": {"uv": [6.625, 4.992, 6.258, 4.508], "texture": "#5"},
				"down": {"uv": [6.625, 5.008, 6.258, 5.492], "texture": "#5"}
			}
		},
		{
			"from": [7.3, 2.32406, 5.15918],
			"to": [8.7, 4.32406, 6.15918],
			"rotation": {"angle": 22.5, "axis": "x", "origin": [8, 3.32406, 6.55918]},
			"faces": {
				"north": {"uv": [6.258, 6.008, 6.625, 6.492], "texture": "#5"},
				"east": {"uv": [3.008, 7.258, 3.242, 7.742], "texture": "#5"},
				"south": {"uv": [1.508, 6.508, 1.875, 6.992], "texture": "#5"},
				"west": {"uv": [7.258, 3.758, 7.492, 4.242], "texture": "#5"},
				"up": {"uv": [8.125, 5.992, 7.758, 5.758], "texture": "#5"},
				"down": {"uv": [8.125, 6.008, 7.758, 6.242], "texture": "#5"}
			}
		},
		{
			"from": [7.7, 1.48245, 5.45918],
			"to": [8.3, 2.78245, 6.15918],
			"rotation": {"angle": -22.5, "axis": "x", "origin": [8.1, 1.78245, 6.55918]},
			"faces": {
				"north": {"uv": [4.508, 8.508, 4.625, 8.8125], "texture": "#5"},
				"east": {"uv": [5.008, 8.258, 5.1875, 8.5625], "texture": "#5"},
				"south": {"uv": [8.508, 4.508, 8.625, 4.8125], "texture": "#5"},
				"west": {"uv": [8.258, 5.758, 8.4375, 6.0625], "texture": "#5"},
				"up": {"uv": [8.875, 1.6875, 8.758, 1.508], "texture": "#5"},
				"down": {"uv": [1.875, 8.758, 1.758, 8.9375], "texture": "#5"}
			}
		},
		{
			"from": [7.52, 12.6851, 5.48358],
			"to": [8.48, 13.2451, 7.4565],
			"rotation": {"angle": 22.5, "axis": "x", "origin": [7.95, 12.47315, 5.8011]},
			"faces": {
				"north": {"uv": [0.258, 8.758, 0.492, 8.875], "texture": "#5"},
				"east": {"uv": [8.258, 4.008, 8.742, 4.125], "texture": "#5"},
				"south": {"uv": [8.758, 0.258, 8.992, 0.375], "texture": "#5"},
				"west": {"uv": [8.258, 4.258, 8.742, 4.375], "texture": "#5"},
				"up": {"uv": [5.492, 7.742, 5.258, 7.258], "texture": "#5"},
				"down": {"uv": [7.492, 5.258, 7.258, 5.742], "texture": "#5"}
			}
		},
		{
			"from": [7.47, 12.10979, 5.12159],
			"to": [8.53, 13.36979, 5.9945],
			"rotation": {"angle": 0, "axis": "y", "origin": [7.95, 12.47315, 5.8011]},
			"faces": {
				"north": {"uv": [6.008, 8.008, 6.242, 8.3125], "texture": "#5"},
				"east": {"uv": [8.008, 8.258, 8.1875, 8.5625], "texture": "#5"},
				"south": {"uv": [6.258, 8.008, 6.492, 8.3125], "texture": "#5"},
				"west": {"uv": [8.258, 8.258, 8.4375, 8.5625], "texture": "#5"},
				"up": {"uv": [2.742, 8.6875, 2.508, 8.508], "texture": "#5"},
				"down": {"uv": [2.992, 8.508, 2.758, 8.6875], "texture": "#5"}
			}
		},
		{
			"from": [7.37, 12.07112, 4.7966],
			"to": [8.63, 13.63112, 5.66952],
			"rotation": {"angle": -22.5, "axis": "x", "origin": [7.95, 12.47315, 5.8011]},
			"faces": {
				"north": {"uv": [7.508, 2.758, 7.8125, 3.125], "texture": "#5"},
				"east": {"uv": [6.508, 8.008, 6.6875, 8.375], "texture": "#5"},
				"south": {"uv": [3.258, 7.508, 3.5625, 7.875], "texture": "#5"},
				"west": {"uv": [7.508, 8.008, 7.6875, 8.375], "texture": "#5"},
				"up": {"uv": [8.5625, 6.9375, 8.258, 6.758], "texture": "#5"},
				"down": {"uv": [7.3125, 8.258, 7.008, 8.4375], "texture": "#5"}
			}
		},
		{
			"from": [7.6, 11.2658, 5.39105],
			"to": [8.2, 12.5658, 6.09105],
			"rotation": {"angle": 45, "axis": "x", "origin": [7.95, 12.47315, 5.8011]},
			"faces": {
				"north": {"uv": [8.508, 5.508, 8.625, 5.8125], "texture": "#5"},
				"east": {"uv": [8.258, 6.258, 8.4375, 6.5625], "texture": "#5"},
				"south": {"uv": [5.758, 8.508, 5.875, 8.8125], "texture": "#5"},
				"west": {"uv": [6.758, 8.258, 6.9375, 8.5625], "texture": "#5"},
				"up": {"uv": [8.875, 3.6875, 8.758, 3.508], "texture": "#5"},
				"down": {"uv": [3.875, 8.758, 3.758, 8.9375], "texture": "#5"}
			}
		},
		{
			"from": [7.57, 12.03258, 5.50971],
			"to": [8.43, 12.59258, 7.38263],
			"rotation": {"angle": 0, "axis": "y", "origin": [7.95, 12.47315, 5.8011]},
			"faces": {
				"north": {"uv": [3.258, 8.758, 3.4375, 8.875], "texture": "#5"},
				"east": {"uv": [8.508, 1.008, 8.9375, 1.125], "texture": "#5"},
				"south": {"uv": [3.508, 8.758, 3.6875, 8.875], "texture": "#5"},
				"west": {"uv": [1.258, 8.508, 1.6875, 8.625], "texture": "#5"},
				"up": {"uv": [0.4375, 8.4375, 0.258, 8.008], "texture": "#5"},
				"down": {"uv": [0.6875, 8.008, 0.508, 8.4375], "texture": "#5"}
			}
		},
		{
			"from": [7.3, 1.9633, 4.38268],
			"to": [8.7, 6.9633, 6.38268],
			"rotation": {"angle": -45, "axis": "x", "origin": [8, 1.5633, 5.38268]},
			"faces": {
				"north": {"uv": [3.758, 1.258, 4.125, 2.492], "texture": "#5"},
				"east": {"uv": [2.258, 1.258, 2.742, 2.492], "texture": "#5"},
				"south": {"uv": [2.008, 3.758, 2.375, 4.992], "texture": "#5"},
				"west": {"uv": [2.258, 2.508, 2.742, 3.742], "texture": "#5"},
				"up": {"uv": [2.375, 6.992, 2.008, 6.508], "texture": "#5"},
				"down": {"uv": [4.875, 6.508, 4.508, 6.992], "texture": "#5"}
			}
		},
		{
			"from": [7.25, 4.67457, 0.8572],
			"to": [8.75, 9.67457, 2.8572],
			"rotation": {"angle": 0, "axis": "y", "origin": [8.05, 10.07457, 1.8572]},
			"faces": {
				"north": {"uv": [1.008, 3.508, 1.375, 4.742], "texture": "#5"},
				"east": {"uv": [0.508, 2.258, 0.992, 3.492], "texture": "#5"},
				"south": {"uv": [1.508, 3.508, 1.875, 4.742], "texture": "#5"},
				"west": {"uv": [1.008, 2.258, 1.492, 3.492], "texture": "#5"},
				"up": {"uv": [6.625, 5.992, 6.258, 5.508], "texture": "#5"},
				"down": {"uv": [6.125, 6.258, 5.758, 6.742], "texture": "#5"}
			}
		},
		{
			"from": [7.15, 10.32342, 6.9476],
			"to": [8.85, 11.32342, 11.9476],
			"rotation": {"angle": 0, "axis": "y", "origin": [8.15, 11.72342, 10.9476]},
			"faces": {
				"north": {"uv": [7.508, 5.258, 7.9375, 5.492], "texture": "#5"},
				"east": {"uv": [4.758, 1.758, 5.992, 1.992], "texture": "#5"},
				"south": {"uv": [7.508, 5.508, 7.9375, 5.742], "texture": "#5"},
				"west": {"uv": [5.008, 0.008, 6.242, 0.242], "texture": "#5"},
				"up": {"uv": [3.1875, 3.242, 2.758, 2.008], "texture": "#5"},
				"down": {"uv": [3.6875, 2.008, 3.258, 3.242], "texture": "#5"}
			}
		},
		{
			"from": [7.45, 10.32342, 5.3476],
			"to": [8.55, 11.32342, 8.5476],
			"rotation": {"angle": -22.5, "axis": "x", "origin": [8.15, 11.72342, 8.9476]},
			"faces": {
				"north": {"uv": [4.508, 0.758, 4.742, 0.992], "texture": "#5"},
				"east": {"uv": [6.008, 1.758, 6.8125, 1.992], "texture": "#5"},
				"south": {"uv": [5.008, 2.758, 5.242, 2.992], "texture": "#5"},
				"west": {"uv": [6.008, 2.008, 6.8125, 2.242], "texture": "#5"},
				"up": {"uv": [3.742, 6.8125, 3.508, 6.008], "texture": "#5"},
				"down": {"uv": [3.992, 6.008, 3.758, 6.8125], "texture": "#5"}
			}
		},
		{
			"from": [7.45, 11.12342, 3.3476],
			"to": [8.55, 11.72342, 5.1476],
			"rotation": {"angle": -22.5, "axis": "x", "origin": [8.15, 12.52342, 6.2476]},
			"faces": {
				"north": {"uv": [8.508, 8.258, 8.742, 8.375], "texture": "#5"},
				"east": {"uv": [0.758, 8.508, 1.1875, 8.625], "texture": "#5"},
				"south": {"uv": [8.508, 8.508, 8.742, 8.625], "texture": "#5"},
				"west": {"uv": [8.508, 0.758, 8.9375, 0.875], "texture": "#5"},
				"up": {"uv": [7.992, 0.9375, 7.758, 0.508], "texture": "#5"},
				"down": {"uv": [1.242, 7.758, 1.008, 8.1875], "texture": "#5"}
			}
		},
		{
			"from": [7.45, 9.14189, 4.1747],
			"to": [8.55, 10.14189, 5.3747],
			"rotation": {"angle": -45, "axis": "x", "origin": [8.15, 10.54189, 5.7747]},
			"faces": {
				"north": {"uv": [5.508, 2.508, 5.742, 2.742], "texture": "#5"},
				"east": {"uv": [3.258, 8.008, 3.5625, 8.242], "texture": "#5"},
				"south": {"uv": [6.008, 2.258, 6.242, 2.492], "texture": "#5"},
				"west": {"uv": [8.008, 3.258, 8.3125, 3.492], "texture": "#5"},
				"up": {"uv": [8.242, 4.0625, 8.008, 3.758], "texture": "#5"},
				"down": {"uv": [4.492, 8.008, 4.258, 8.3125], "texture": "#5"}
			}
		},
		{
			"from": [7.45, 7.78201, 4.6585],
			"to": [8.55, 8.98201, 5.6585],
			"rotation": {"angle": 22.5, "axis": "x", "origin": [8, 8.38201, 5.1585]},
			"faces": {
				"north": {"uv": [8.008, 4.258, 8.242, 4.5625], "texture": "#5"},
				"east": {"uv": [4.508, 8.008, 4.742, 8.3125], "texture": "#5"},
				"south": {"uv": [8.008, 4.758, 8.242, 5.0625], "texture": "#5"},
				"west": {"uv": [5.258, 8.008, 5.492, 8.3125], "texture": "#5"},
				"up": {"uv": [6.992, 1.492, 6.758, 1.258], "texture": "#5"},
				"down": {"uv": [6.742, 7.258, 6.508, 7.492], "texture": "#5"}
			}
		},
		{
			"from": [7.45, 3.91799, 4.6585],
			"to": [8.55, 6.11799, 5.6585],
			"rotation": {"angle": -22.5, "axis": "x", "origin": [8, 5.51799, 5.1585]},
			"faces": {
				"north": {"uv": [0.008, 7.008, 0.242, 7.5625], "texture": "#5"},
				"east": {"uv": [0.258, 7.008, 0.492, 7.5625], "texture": "#5"},
				"south": {"uv": [0.508, 7.008, 0.742, 7.5625], "texture": "#5"},
				"west": {"uv": [7.008, 1.258, 7.242, 1.8125], "texture": "#5"},
				"up": {"uv": [1.242, 8.492, 1.008, 8.258], "texture": "#5"},
				"down": {"uv": [4.242, 8.258, 4.008, 8.492], "texture": "#5"}
			}
		},
		{
			"from": [7.4, 5.81902, 4.46695],
			"to": [8.6, 8.01902, 5.46695],
			"rotation": {"angle": 0, "axis": "y", "origin": [7.95, 7.41902, 4.96695]},
			"faces": {
				"north": {"uv": [5.258, 6.508, 5.5625, 7.0625], "texture": "#5"},
				"east": {"uv": [1.258, 6.758, 1.492, 7.3125], "texture": "#5"},
				"south": {"uv": [6.258, 6.508, 6.5625, 7.0625], "texture": "#5"},
				"west": {"uv": [5.008, 6.758, 5.242, 7.3125], "texture": "#5"},
				"up": {"uv": [8.3125, 5.492, 8.008, 5.258], "texture": "#5"},
				"down": {"uv": [5.8125, 8.008, 5.508, 8.242], "texture": "#5"}
			}
		},
		{
			"from": [7.05, 6.66276, 8.01524],
			"to": [8.95, 8.66276, 9.01524],
			"rotation": {"angle": 22.5, "axis": "x", "origin": [7.95, 7.66276, 7.61524]},
			"faces": {
				"north": {"uv": [5.758, 0.258, 6.242, 0.742], "texture": "#5"},
				"east": {"uv": [5.008, 0.258, 5.242, 0.742], "texture": "#5"},
				"south": {"uv": [0.508, 5.758, 0.992, 6.242], "texture": "#5"},
				"west": {"uv": [4.758, 7.008, 4.992, 7.492], "texture": "#5"},
				"up": {"uv": [7.742, 1.992, 7.258, 1.758], "texture": "#5"},
				"down": {"uv": [7.742, 2.258, 7.258, 2.492], "texture": "#5"}
			}
		},
		{
			"from": [7.1, 5.5858, 7.6021],
			"to": [8.9, 6.5858, 8.6021],
			"rotation": {"angle": 0, "axis": "y", "origin": [7.9, 5.5858, 7.2021]},
			"faces": {
				"north": {"uv": [7.508, 3.758, 7.9375, 3.992], "texture": "#5"},
				"east": {"uv": [2.008, 3.508, 2.242, 3.742], "texture": "#5"},
				"south": {"uv": [7.508, 4.008, 7.9375, 4.242], "texture": "#5"},
				"west": {"uv": [4.008, 1.008, 4.242, 1.242], "texture": "#5"},
				"up": {"uv": [4.6875, 7.742, 4.258, 7.508], "texture": "#5"},
				"down": {"uv": [7.9375, 4.258, 7.508, 4.492], "texture": "#5"}
			}
		},
		{
			"from": [7.15, 4.50885, 6.01524],
			"to": [8.85, 5.50885, 9.01524],
			"rotation": {"angle": -22.5, "axis": "x", "origin": [7.85, 4.50885, 7.61524]},
			"faces": {
				"north": {"uv": [7.508, 3.258, 7.9375, 3.492], "texture": "#5"},
				"east": {"uv": [6.258, 3.008, 6.992, 3.242], "texture": "#5"},
				"south": {"uv": [3.758, 7.508, 4.1875, 7.742], "texture": "#5"},
				"west": {"uv": [6.258, 3.258, 6.992, 3.492], "texture": "#5"},
				"up": {"uv": [5.1875, 4.992, 4.758, 4.258], "texture": "#5"},
				"down": {"uv": [0.4375, 5.008, 0.008, 5.742], "texture": "#5"}
			}
		},
		{
			"from": [7.29, 8.04948, 7.43187],
			"to": [8.71, 8.40448, 7.85787],
			"rotation": {"angle": 0, "axis": "y", "origin": [8, 8.6, 7.88749]},
			"faces": {
				"north": {"uv": [0.508, 0.008, 0.992, 0.125], "texture": "#5"},
				"east": {"uv": [0.15, 0.008, 0.3, 0.125], "texture": "#5"},
				"south": {"uv": [0.508, 0.008, 0.992, 0.125], "texture": "#5"},
				"west": {"uv": [0.15, 0.008, 0.3, 0.125], "texture": "#5"},
				"up": {"uv": [0.008, 0.15, 0.492, 0.3], "texture": "#5"},
				"down": {"uv": [0.008, 0.15, 0.492, 0.3], "texture": "#5"}
			}
		},
		{
			"from": [7.29, 8.07977, 7.25587],
			"to": [8.71, 8.26574, 7.89487],
			"rotation": {"angle": -22.5, "axis": "x", "origin": [8, 8.6, 7.88749]},
			"faces": {
				"north": {"uv": [0.508, 0.008, 0.992, 0.06549], "texture": "#5"},
				"east": {"uv": [0.258, 0.008, 0.45, 0.06549], "texture": "#5"},
				"south": {"uv": [0.508, 0.008, 0.992, 0.06549], "texture": "#5"},
				"west": {"uv": [0.258, 0.008, 0.45, 0.06549], "texture": "#5"},
				"up": {"uv": [0.008, 0.258, 0.492, 0.45], "texture": "#5"},
				"down": {"uv": [0.008, 0.258, 0.492, 0.45], "texture": "#5"}
			}
		},
		{
			"from": [7.29, 8.79552, 7.43187],
			"to": [8.71, 9.15052, 7.85787],
			"rotation": {"angle": 45, "axis": "x", "origin": [8, 8.6, 7.88749]},
			"faces": {
				"north": {"uv": [0.508, 0.125, 0.992, 0.242], "texture": "#5"},
				"east": {"uv": [0.15, 0.125, 0.3, 0.242], "texture": "#5"},
				"south": {"uv": [0.508, 0.125, 0.992, 0.242], "texture": "#5"},
				"west": {"uv": [0.15, 0.125, 0.3, 0.242], "texture": "#5"},
				"up": {"uv": [0.008, 0.3, 0.492, 0.45], "texture": "#5"},
				"down": {"uv": [0.008, 0.3, 0.492, 0.45], "texture": "#5"}
			}
		},
		{
			"from": [7.29, 8.59262, 8.22175],
			"to": [8.71, 9.23162, 8.40773],
			"rotation": {"angle": -22.5, "axis": "x", "origin": [8, 8.6, 7.88749]},
			"faces": {
				"north": {"uv": [0.008, 0.45, 0.492, 0.675], "rotation": 180, "texture": "#5"},
				"east": {"uv": [0.258, 0.06549, 0.45, 0.13097], "rotation": 270, "texture": "#5"},
				"south": {"uv": [0.008, 0.45, 0.492, 0.675], "texture": "#5"},
				"west": {"uv": [0.258, 0.06549, 0.45, 0.13097], "rotation": 90, "texture": "#5"},
				"up": {"uv": [0.508, 0.06549, 0.992, 0.13097], "rotation": 180, "texture": "#5"},
				"down": {"uv": [0.508, 0.06549, 0.992, 0.13097], "texture": "#5"}
			}
		},
		{
			"from": [7.29, 7.245, 6.54137],
			"to": [8.71, 7.955, 7.25137],
			"rotation": {"angle": 0, "axis": "y", "origin": [8, 7.6, 6.88749]},
			"faces": {
				"north": {"uv": [8.008, 7.758, 8.375, 7.9375], "texture": "#5"},
				"east": {"uv": [8.508, 6.508, 8.6875, 6.6875], "texture": "#5"},
				"south": {"uv": [8.008, 8.008, 8.375, 8.1875], "texture": "#5"},
				"west": {"uv": [7.008, 8.508, 7.1875, 8.6875], "texture": "#5"},
				"up": {"uv": [8.625, 0.4375, 8.258, 0.258], "texture": "#5"},
				"down": {"uv": [1.875, 8.258, 1.508, 8.4375], "texture": "#5"}
			}
		},
		{
			"from": [7.3184, 7.81609, 6.87963],
			"to": [8.6816, 8.42953, 7.05817],
			"rotation": {"angle": -45, "axis": "x", "origin": [8, 8.12281, 6.9689]},
			"faces": {
				"north": {"uv": [5.258, 8.508, 5.5625, 8.625], "texture": "#5"},
				"east": {"uv": [7.508, 8.758, 7.5625, 8.875], "texture": "#5"},
				"south": {"uv": [8.508, 5.258, 8.8125, 5.375], "texture": "#5"},
				"west": {"uv": [8.758, 7.508, 8.8125, 7.625], "texture": "#5"},
				"up": {"uv": [9.0625, 5.5625, 8.758, 5.508], "texture": "#5"},
				"down": {"uv": [9.0625, 5.758, 8.758, 5.8125], "texture": "#5"}
			}
		},
		{
			"from": [7.2971, 7.86175, 6.59522],
			"to": [8.7029, 8.2132, 7.01696],
			"rotation": {"angle": 22.5, "axis": "x", "origin": [8, 8.03748, 6.80609]},
			"faces": {
				"north": {"uv": [8.758, 2.508, 9.125, 2.5625], "texture": "#5"},
				"east": {"uv": [7.258, 8.758, 7.375, 8.8125], "texture": "#5"},
				"south": {"uv": [2.758, 8.758, 3.125, 8.8125], "texture": "#5"},
				"west": {"uv": [8.758, 7.258, 8.875, 7.3125], "texture": "#5"},
				"up": {"uv": [2.375, 8.625, 2.008, 8.508], "texture": "#5"},
				"down": {"uv": [8.875, 2.008, 8.508, 2.125], "texture": "#5"}
			}
		},
		{
			"from": [7.2971, 6.9868, 6.59522],
			"to": [8.7029, 7.33825, 7.01696],
			"rotation": {"angle": -22.5, "axis": "x", "origin": [8, 7.16252, 6.80609]},
			"faces": {
				"north": {"uv": [8.758, 3.758, 9.125, 3.8125], "texture": "#5"},
				"east": {"uv": [8.758, 8.008, 8.875, 8.0625], "texture": "#5"},
				"south": {"uv": [4.008, 8.758, 4.375, 8.8125], "texture": "#5"},
				"west": {"uv": [8.258, 8.758, 8.375, 8.8125], "texture": "#5"},
				"up": {"uv": [8.875, 2.875, 8.508, 2.758], "texture": "#5"},
				"down": {"uv": [3.375, 8.508, 3.008, 8.625], "texture": "#5"}
			}
		},
		{
			"from": [7.3184, 6.77047, 6.87963],
			"to": [8.6816, 7.38391, 7.05817],
			"rotation": {"angle": 45, "axis": "x", "origin": [8, 7.07719, 6.9689]},
			"faces": {
				"north": {"uv": [6.008, 8.508, 6.3125, 8.625], "texture": "#5"},
				"east": {"uv": [8.758, 7.758, 8.8125, 7.875], "texture": "#5"},
				"south": {"uv": [8.508, 6.008, 8.8125, 6.125], "texture": "#5"},
				"west": {"uv": [8.008, 8.758, 8.0625, 8.875], "texture": "#5"},
				"up": {"uv": [6.3125, 8.8125, 6.008, 8.758], "texture": "#5"},
				"down": {"uv": [9.0625, 6.258, 8.758, 6.3125], "texture": "#5"}
			}
		},
		{
			"from": [7.5, 2.7, 2.8],
			"to": [8.5, 11, 5.8],
			"rotation": {"angle": 0, "axis": "y", "origin": [7, 9, 9]},
			"faces": {
				"north": {"uv": [2.758, 3.258, 2.992, 5.3125], "texture": "#5"},
				"east": {"uv": [0.008, 0.008, 0.742, 2.0625], "texture": "#5"},
				"south": {"uv": [3.008, 3.258, 3.242, 5.3125], "texture": "#5"},
				"west": {"uv": [0.758, 0.008, 1.492, 2.0625], "texture": "#5"},
				"up": {"uv": [3.742, 1.992, 3.508, 1.258], "texture": "#5"},
				"down": {"uv": [4.742, 3.008, 4.508, 3.742], "texture": "#5"}
			}
		},
		{
			"from": [7.5, 4.7, 5.8],
			"to": [8.5, 11, 8.1],
			"rotation": {"angle": 0, "axis": "y", "origin": [7, 9, 9]},
			"faces": {
				"north": {"uv": [2.508, 3.758, 2.742, 5.3125], "texture": "#5"},
				"east": {"uv": [1.508, 0.008, 2.0625, 1.5625], "texture": "#5"},
				"south": {"uv": [4.258, 2.008, 4.492, 3.5625], "texture": "#5"},
				"west": {"uv": [1.508, 1.758, 2.0625, 3.3125], "texture": "#5"},
				"up": {"uv": [1.742, 7.5625, 1.508, 7.008], "texture": "#5"},
				"down": {"uv": [1.992, 7.008, 1.758, 7.5625], "texture": "#5"}
			}
		},
		{
			"from": [7.5, 7.8, 8.1],
			"to": [8.5, 11, 11],
			"rotation": {"angle": 0, "axis": "y", "origin": [7, 9, 9]},
			"faces": {
				"north": {"uv": [4.008, 6.008, 4.242, 6.8125], "texture": "#5"},
				"east": {"uv": [2.758, 0.008, 3.492, 0.8125], "texture": "#5"},
				"south": {"uv": [4.258, 6.008, 4.492, 6.8125], "texture": "#5"},
				"west": {"uv": [2.758, 1.008, 3.492, 1.8125], "texture": "#5"},
				"up": {"uv": [5.242, 6.742, 5.008, 6.008], "texture": "#5"},
				"down": {"uv": [3.242, 6.508, 3.008, 7.242], "texture": "#5"}
			}
		}
	],
	"gui_light": "front",
	"display": {
		"thirdperson_righthand": {
			"translation": [0, 11, 0],
			"scale": [0.65, 1, 1]
		},
		"thirdperson_lefthand": {
			"translation": [0, 11, 0],
			"scale": [0.65, 1, 1]
		},
		"firstperson_righthand": {
			"rotation": [0, -11, -9],
			"translation": [2.25, 11.5, 0],
			"scale": [0.38, 0.88, 0.88]
		},
		"firstperson_lefthand": {
			"rotation": [0, -11, -9],
			"translation": [2.25, 11.5, 0],
			"scale": [0.38, 0.88, 0.88]
		},
		"ground": {
			"rotation": [15, 0, 0],
			"translation": [0, 10.5, 0],
			"scale": [0.41, 0.67, 0.67]
		},
		"gui": {
			"rotation": [-90, -45, -90],
			"translation": [2.75, 3.25, 0],
			"scale": [0.78, 0.78, 0.78]
		},
		"fixed": {
			"rotation": [-90, 45, 90],
			"translation": [-3.5, 3.75, 0.5],
			"scale": [0.61, 0.93, 0.93]
		}
	},
	"groups": [
		{
			"name": "axe",
			"origin": [7, 9, 9],
			"color": 0,
			"children": [
				0,
				1,
				2,
				3,
				4,
				5,
				6,
				7,
				8,
				9,
				10,
				11,
				12,
				13,
				14,
				15,
				16,
				17,
				18,
				19,
				20,
				21,
				22,
				23,
				24,
				25,
				26,
				27,
				28,
				29,
				30,
				31,
				32,
				33,
				34,
				35,
				36,
				37,
				38,
				39,
				40,
				41,
				42,
				43,
				44,
				45,
				46,
				47,
				48,
				49,
				50,
				51,
				52,
				53,
				54,
				55,
				56,
				57,
				58,
				59,
				60,
				61,
				62,
				63,
				64,
				65
			]
		}
	]
}