{
    "model": {
        "type": "range_dispatch",
        "property": "custom_model_data",
        "fallback": {
            "type": "minecraft:condition",
            "property": "minecraft:using_item",
            "on_false": {
                "type": "minecraft:model",
                "model": "minecraft:item/bow"
            },
            "on_true": {
                "type": "minecraft:range_dispatch",
                "property": "minecraft:use_duration",
                "scale": 0.05,
                "fallback": {
                    "type": "minecraft:model",
                    "model": "minecraft:item/bow_pulling_0"
                },
                "entries": [
                    {
                        "threshold": 0.65,
                        "model": {
                            "type": "minecraft:model",
                            "model": "minecraft:item/bow_pulling_1"
                        }
                    },
                    {
                        "threshold": 0.9,
                        "model": {
                            "type": "minecraft:model",
                            "model": "minecraft:item/bow_pulling_2"
                        }
                    }
                ]
            }
        },
        "entries": [
            {
                "threshold": 1,
                "model": {
                    "type": "minecraft:condition",
                    "property": "minecraft:using_item",
                    "on_false": {
                        "type": "minecraft:model",
                        "model": "heartandbloodtheme/heartbow"
                    },
                    "on_true": {
                        "type": "minecraft:range_dispatch",
                        "property": "minecraft:use_duration",
                        "scale": 0.05,
                        "fallback": {
                            "type": "minecraft:model",
                            "model": "heartandbloodtheme/heartbow"
                        },
                        "entries": [
                            {
                                "threshold": 0.0,
                                "model": {
                                    "type": "minecraft:model",
                                    "model": "heartandbloodtheme/heartbow_pulling_0"
                                }
                            },
                            {
                                "threshold": 0.45,
                                "model": {
                                    "type": "minecraft:model",
                                    "model": "heartandbloodtheme/heartbow_pulling_1"
                                }
                            },
                            {
                                "threshold": 0.9,
                                "model": {
                                    "type": "minecraft:model",
                                    "model": "heartandbloodtheme/heartbow_pulling_2"
                                }
                            }
                        ]
                    }
                }
            },
            {
                "threshold": 2,
                "model": {
                    "type": "minecraft:condition",
                    "property": "minecraft:using_item",
                    "on_false": {
                        "type": "minecraft:model",
                        "model": "lightiningtheme/lightbow"
                    },
                    "on_true": {
                        "type": "minecraft:range_dispatch",
                        "property": "minecraft:use_duration",
                        "scale": 0.05,
                        "fallback": {
                            "type": "minecraft:model",
                            "model": "lightiningtheme/lightbow"
                        },
                        "entries": [
                            {
                                "threshold": 0.0,
                                "model": {
                                    "type": "minecraft:model",
                                    "model": "lightiningtheme/lightbow_pulling_0"
                                }
                            },
                            {
                                "threshold": 0.45,
                                "model": {
                                    "type": "minecraft:model",
                                    "model": "lightiningtheme/lightbow_pulling_1"
                                }
                            },
                            {
                                "threshold": 0.9,
                                "model": {
                                    "type": "minecraft:model",
                                    "model": "lightiningtheme/lightbow_pulling_2"
                                }
                            }
                        ]
                    }
                }
            },
            {
                "threshold": 3,
                "model": {
                    "type": "minecraft:condition",
                    "property": "minecraft:using_item",
                    "on_false": {
                        "type": "minecraft:model",
                        "model": "christmas/noparticles/christmas_bow"
                    },
                    "on_true": {
                        "type": "minecraft:range_dispatch",
                        "property": "minecraft:use_duration",
                        "scale": 0.05,
                        "fallback": {
                            "type": "minecraft:model",
                            "model": "christmas/noparticles/christmas_bow"
                        },
                        "entries": [
                            {
                                "threshold": 0.0,
                                "model": {
                                    "type": "minecraft:model",
                                    "model": "christmas/noparticles/christmas_bow_0"
                                }
                            },
                            {
                                "threshold": 0.45,
                                "model": {
                                    "type": "minecraft:model",
                                    "model": "christmas/noparticles/christmas_bow_1"
                                }
                            },
                            {
                                "threshold": 0.9,
                                "model": {
                                    "type": "minecraft:model",
                                    "model": "christmas/noparticles/christmas_bow_2"
                                }
                            }
                        ]
                    }
                }
            },
            {
                "threshold": 4,
                "model": {
                    "type": "minecraft:condition",
                    "property": "minecraft:using_item",
                    "on_false": {
                        "type": "minecraft:model",
                        "model": "christmas/christmas_bow"
                    },
                    "on_true": {
                        "type": "minecraft:range_dispatch",
                        "property": "minecraft:use_duration",
                        "scale": 0.05,
                        "fallback": {
                            "type": "minecraft:model",
                            "model": "christmas/christmas_bow"
                        },
                        "entries": [
                            {
                                "threshold": 0.0,
                                "model": {
                                    "type": "minecraft:model",
                                    "model": "christmas/christmas_bow_0"
                                }
                            },
                            {
                                "threshold": 0.45,
                                "model": {
                                    "type": "minecraft:model",
                                    "model": "christmas/christmas_bow_1"
                                }
                            },
                            {
                                "threshold": 0.9,
                                "model": {
                                    "type": "minecraft:model",
                                    "model": "christmas/christmas_bow_2"
                                }
                            }
                        ]
                    }
                }
            },
            {
                "threshold": 5,
                "model": {
                    "type": "minecraft:condition",
                    "property": "minecraft:using_item",
                    "on_false": {
                        "type": "minecraft:model",
                        "model": "void/noparticles/void_bow"
                    },
                    "on_true": {
                        "type": "minecraft:range_dispatch",
                        "property": "minecraft:use_duration",
                        "scale": 0.05,
                        "fallback": {
                            "type": "minecraft:model",
                            "model": "void/noparticles/void_bow"
                        },
                        "entries": [
                            {
                                "threshold": 0.0,
                                "model": {
                                    "type": "minecraft:model",
                                    "model": "void/noparticles/void_bow_0"
                                }
                            },
                            {
                                "threshold": 0.45,
                                "model": {
                                    "type": "minecraft:model",
                                    "model": "void/noparticles/void_bow_1"
                                }
                            },
                            {
                                "threshold": 0.9,
                                "model": {
                                    "type": "minecraft:model",
                                    "model": "void/noparticles/void_bow_2"
                                }
                            }
                        ]
                    }
                }
            },
            {
                "threshold": 6,
                "model": {
                    "type": "minecraft:condition",
                    "property": "minecraft:using_item",
                    "on_false": {
                        "type": "minecraft:model",
                        "model": "void/void_bow"
                    },
                    "on_true": {
                        "type": "minecraft:range_dispatch",
                        "property": "minecraft:use_duration",
                        "scale": 0.05,
                        "fallback": {
                            "type": "minecraft:model",
                            "model": "void/void_bow"
                        },
                        "entries": [
                            {
                                "threshold": 0.0,
                                "model": {
                                    "type": "minecraft:model",
                                    "model": "void/void_bow_0"
                                }
                            },
                            {
                                "threshold": 0.45,
                                "model": {
                                    "type": "minecraft:model",
                                    "model": "void/void_bow_1"
                                }
                            },
                            {
                                "threshold": 0.9,
                                "model": {
                                    "type": "minecraft:model",
                                    "model": "void/void_bow_2"
                                }
                            }
                        ]
                    }
                }
            },
            {
                "threshold": 7,
                "model": {
                    "type": "minecraft:condition",
                    "property": "minecraft:using_item",
                    "on_false": {
                        "type": "minecraft:model",
                        "model": "magma/noparticles/magma_bow"
                    },
                    "on_true": {
                        "type": "minecraft:range_dispatch",
                        "property": "minecraft:use_duration",
                        "scale": 0.05,
                        "fallback": {
                            "type": "minecraft:model",
                            "model": "magma/noparticles/magma_bow"
                        },
                        "entries": [
                            {
                                "threshold": 0.0,
                                "model": {
                                    "type": "minecraft:model",
                                    "model": "magma/noparticles/magma_bow_0"
                                }
                            },
                            {
                                "threshold": 0.45,
                                "model": {
                                    "type": "minecraft:model",
                                    "model": "magma/noparticles/magma_bow_1"
                                }
                            },
                            {
                                "threshold": 0.9,
                                "model": {
                                    "type": "minecraft:model",
                                    "model": "magma/noparticles/magma_bow_2"
                                }
                            }
                        ]
                    }
                }
            },
            {
                "threshold": 8,
                "model": {
                    "type": "minecraft:condition",
                    "property": "minecraft:using_item",
                    "on_false": {
                        "type": "minecraft:model",
                        "model": "magma/magma_bow"
                    },
                    "on_true": {
                        "type": "minecraft:range_dispatch",
                        "property": "minecraft:use_duration",
                        "scale": 0.05,
                        "fallback": {
                            "type": "minecraft:model",
                            "model": "magma/magma_bow"
                        },
                        "entries": [
                            {
                                "threshold": 0.0,
                                "model": {
                                    "type": "minecraft:model",
                                    "model": "magma/magma_bow_0"
                                }
                            },
                            {
                                "threshold": 0.45,
                                "model": {
                                    "type": "minecraft:model",
                                    "model": "magma/magma_bow_1"
                                }
                            },
                            {
                                "threshold": 0.9,
                                "model": {
                                    "type": "minecraft:model",
                                    "model": "magma/magma_bow_2"
                                }
                            }
                        ]
                    }
                }
            },
            {
                "threshold": 9,
                "model": {
                    "type": "minecraft:condition",
                    "property": "minecraft:using_item",
                    "on_false": {
                        "type": "minecraft:model",
                        "model": "chinese/noparticles/chinese_dragon_bow"
                    },
                    "on_true": {
                        "type": "minecraft:range_dispatch",
                        "property": "minecraft:use_duration",
                        "scale": 0.05,
                        "fallback": {
                            "type": "minecraft:model",
                            "model": "chinese/noparticles/chinese_dragon_bow"
                        },
                        "entries": [
                            {
                                "threshold": 0.0,
                                "model": {
                                    "type": "minecraft:model",
                                    "model": "chinese/noparticles/chinese_dragon_bow_0"
                                }
                            },
                            {
                                "threshold": 0.45,
                                "model": {
                                    "type": "minecraft:model",
                                    "model": "chinese/noparticles/chinese_dragon_bow_1"
                                }
                            },
                            {
                                "threshold": 0.9,
                                "model": {
                                    "type": "minecraft:model",
                                    "model": "chinese/noparticles/chinese_dragon_bow_2"
                                }
                            }
                        ]
                    }
                }
            },
            {
                "threshold": 10,
                "model": {
                    "type": "minecraft:condition",
                    "property": "minecraft:using_item",
                    "on_false": {
                        "type": "minecraft:model",
                        "model": "chinese/chinese_dragon_bow"
                    },
                    "on_true": {
                        "type": "minecraft:range_dispatch",
                        "property": "minecraft:use_duration",
                        "scale": 0.05,
                        "fallback": {
                            "type": "minecraft:model",
                            "model": "chinese/chinese_dragon_bow"
                        },
                        "entries": [
                            {
                                "threshold": 0.0,
                                "model": {
                                    "type": "minecraft:model",
                                    "model": "chinese/chinese_dragon_bow_0"
                                }
                            },
                            {
                                "threshold": 0.45,
                                "model": {
                                    "type": "minecraft:model",
                                    "model": "chinese/chinese_dragon_bow_1"
                                }
                            },
                            {
                                "threshold": 0.9,
                                "model": {
                                    "type": "minecraft:model",
                                    "model": "chinese/chinese_dragon_bow_2"
                                }
                            }
                        ]
                    }
                }
            },
            {
                "threshold": 11,
                "model": {
                    "type": "minecraft:condition",
                    "property": "minecraft:using_item",
                    "on_false": {
                        "type": "minecraft:model",
                        "model": "valentine/noparticles/valentine_bow"
                    },
                    "on_true": {
                        "type": "minecraft:range_dispatch",
                        "property": "minecraft:use_duration",
                        "scale": 0.05,
                        "fallback": {
                            "type": "minecraft:model",
                            "model": "valentine/noparticles/valentine_bow"
                        },
                        "entries": [
                            {
                                "threshold": 0.0,
                                "model": {
                                    "type": "minecraft:model",
                                    "model": "valentine/noparticles/valentine_bow_0"
                                }
                            },
                            {
                                "threshold": 0.45,
                                "model": {
                                    "type": "minecraft:model",
                                    "model": "valentine/noparticles/valentine_bow_1"
                                }
                            },
                            {
                                "threshold": 0.9,
                                "model": {
                                    "type": "minecraft:model",
                                    "model": "valentine/noparticles/valentine_bow_2"
                                }
                            }
                        ]
                    }
                }
            },
            {
                "threshold": 12,
                "model": {
                    "type": "minecraft:condition",
                    "property": "minecraft:using_item",
                    "on_false": {
                        "type": "minecraft:model",
                        "model": "valentine/valentine_bow"
                    },
                    "on_true": {
                        "type": "minecraft:range_dispatch",
                        "property": "minecraft:use_duration",
                        "scale": 0.05,
                        "fallback": {
                            "type": "minecraft:model",
                            "model": "valentine/valentine_bow"
                        },
                        "entries": [
                            {
                                "threshold": 0.0,
                                "model": {
                                    "type": "minecraft:model",
                                    "model": "valentine/valentine_bow_0"
                                }
                            },
                            {
                                "threshold": 0.45,
                                "model": {
                                    "type": "minecraft:model",
                                    "model": "valentine/valentine_bow_1"
                                }
                            },
                            {
                                "threshold": 0.9,
                                "model": {
                                    "type": "minecraft:model",
                                    "model": "valentine/valentine_bow_2"
                                }
                            }
                        ]
                    }
                }
            },
            {
                "threshold": 13,
                "model": {
                    "type": "minecraft:condition",
                    "property": "minecraft:using_item",
                    "on_false": {
                        "type": "minecraft:model",
                        "model": "dragon/dragonborn_bow"
                    },
                    "on_true": {
                        "type": "minecraft:range_dispatch",
                        "property": "minecraft:use_duration",
                        "scale": 0.05,
                        "fallback": {
                            "type": "minecraft:model",
                            "model": "dragon/dragonborn_bow"
                        },
                        "entries": [
                            {
                                "threshold": 0.0,
                                "model": {
                                    "type": "minecraft:model",
                                    "model": "dragon/dragonborn_bow_pulling_0"
                                }
                            },
                            {
                                "threshold": 0.45,
                                "model": {
                                    "type": "minecraft:model",
                                    "model": "dragon/dragonborn_bow_pulling_1"
                                }
                            },
                            {
                                "threshold": 0.9,
                                "model": {
                                    "type": "minecraft:model",
                                    "model": "dragon/dragonborn_bow_pulling_2"
                                }
                            }
                        ]
                    }
                }
            },
            {
                "threshold": 14,
                "model": {
                    "type": "minecraft:condition",
                    "property": "minecraft:using_item",
                    "on_false": {
                        "type": "minecraft:model",
                        "model": "patrick/bow"
                    },
                    "on_true": {
                        "type": "minecraft:range_dispatch",
                        "property": "minecraft:use_duration",
                        "scale": 0.05,
                        "fallback": {
                            "type": "minecraft:model",
                            "model": "patrick/bow"
                        },
                        "entries": [
                            {
                                "threshold": 0.0,
                                "model": {
                                    "type": "minecraft:model",
                                    "model": "patrick/bow_0"
                                }
                            },
                            {
                                "threshold": 0.45,
                                "model": {
                                    "type": "minecraft:model",
                                    "model": "patrick/bow_1"
                                }
                            },
                            {
                                "threshold": 0.9,
                                "model": {
                                    "type": "minecraft:model",
                                    "model": "patrick/bow_2"
                                }
                            }
                        ]
                    }
                }
            },
            {
                "threshold": 15,
                "model": {
                    "type": "minecraft:condition",
                    "property": "minecraft:using_item",
                    "on_false": {
                        "type": "minecraft:model",
                        "model": "stpatrick/bow"
                    },
                    "on_true": {
                        "type": "minecraft:range_dispatch",
                        "property": "minecraft:use_duration",
                        "scale": 0.05,
                        "fallback": {
                            "type": "minecraft:model",
                            "model": "stpatrick/bow"
                        },
                        "entries": [
                            {
                                "threshold": 0.0,
                                "model": {
                                    "type": "minecraft:model",
                                    "model": "stpatrick/bow_0"
                                }
                            },
                            {
                                "threshold": 0.45,
                                "model": {
                                    "type": "minecraft:model",
                                    "model": "stpatrick/bow_1"
                                }
                            },
                            {
                                "threshold": 0.9,
                                "model": {
                                    "type": "minecraft:model",
                                    "model": "stpatrick/bow_2"
                                }
                            }
                        ]
                    }
                }
            },
            {
                "threshold": 16,
                "model": {
                    "type": "minecraft:condition",
                    "property": "minecraft:using_item",
                    "on_false": {
                        "type": "minecraft:model",
                        "model": "firework/firework_bow"
                    },
                    "on_true": {
                        "type": "minecraft:range_dispatch",
                        "property": "minecraft:use_duration",
                        "scale": 0.05,
                        "fallback": {
                            "type": "minecraft:model",
                            "model": "firework/firework_bow"
                        },
                        "entries": [
                            {
                                "threshold": 0.0,
                                "model": {
                                    "type": "minecraft:model",
                                    "model": "firework/firework_bow_0"
                                }
                            },
                            {
                                "threshold": 0.45,
                                "model": {
                                    "type": "minecraft:model",
                                    "model": "firework/firework_bow_1"
                                }
                            },
                            {
                                "threshold": 0.9,
                                "model": {
                                    "type": "minecraft:model",
                                    "model": "firework/firework_bow_2"
                                }
                            }
                        ]
                    }
                }
            },
            {
                "threshold": 17,
                "model": {
                    "type": "minecraft:condition",
                    "property": "minecraft:using_item",
                    "on_false": {
                        "type": "minecraft:model",
                        "model": "easter/bow_easter"
                    },
                    "on_true": {
                        "type": "minecraft:range_dispatch",
                        "property": "minecraft:use_duration",
                        "scale": 0.05,
                        "fallback": {
                            "type": "minecraft:model",
                            "model": "easter/bow_easter"
                        },
                        "entries": [
                            {
                                "threshold": 0.0,
                                "model": {
                                    "type": "minecraft:model",
                                    "model": "easter/bow_easter_0"
                                }
                            },
                            {
                                "threshold": 0.45,
                                "model": {
                                    "type": "minecraft:model",
                                    "model": "easter/bow_easter_1"
                                }
                            },
                            {
                                "threshold": 0.9,
                                "model": {
                                    "type": "minecraft:model",
                                    "model": "easter/bow_easter_2"
                                }
                            }
                        ]
                    }
                }
            },
            {
                "threshold": 18,
                "model": {
                    "type": "minecraft:condition",
                    "property": "minecraft:using_item",
                    "on_false": {
                        "type": "minecraft:model",
                        "model": "samurai/bow_samurai"
                    },
                    "on_true": {
                        "type": "minecraft:range_dispatch",
                        "property": "minecraft:use_duration",
                        "scale": 0.05,
                        "fallback": {
                            "type": "minecraft:model",
                            "model": "samurai/bow_samurai"
                        },
                        "entries": [
                            {
                                "threshold": 0.0,
                                "model": {
                                    "type": "minecraft:model",
                                    "model": "samurai/bow_samurai_0"
                                }
                            },
                            {
                                "threshold": 0.45,
                                "model": {
                                    "type": "minecraft:model",
                                    "model": "samurai/bow_samurai_1"
                                }
                            },
                            {
                                "threshold": 0.9,
                                "model": {
                                    "type": "minecraft:model",
                                    "model": "samurai/bow_samurai_2"
                                }
                            }
                        ]
                    }
                }
            },
            {
                "threshold": 19,
                "model": {
                    "type": "minecraft:condition",
                    "property": "minecraft:using_item",
                    "on_false": {
                        "type": "minecraft:model",
                        "model": "pirate/bow_pirate"
                    },
                    "on_true": {
                        "type": "minecraft:range_dispatch",
                        "property": "minecraft:use_duration",
                        "scale": 0.05,
                        "fallback": {
                            "type": "minecraft:model",
                            "model": "pirate/bow_pirate"
                        },
                        "entries": [
                            {
                                "threshold": 0.0,
                                "model": {
                                    "type": "minecraft:model",
                                    "model": "pirate/bow_pirate_0"
                                }
                            },
                            {
                                "threshold": 0.45,
                                "model": {
                                    "type": "minecraft:model",
                                    "model": "pirate/bow_pirate_1"
                                }
                            },
                            {
                                "threshold": 0.9,
                                "model": {
                                    "type": "minecraft:model",
                                    "model": "pirate/bow_pirate_2"
                                }
                            }
                        ]
                    }
                }
            },
            {
                "threshold": 20,
                "model": {
                    "type": "minecraft:condition",
                    "property": "minecraft:using_item",
                    "on_false": {
                        "type": "minecraft:model",
                        "model": "heart/bow_heart_penguin"
                    },
                    "on_true": {
                        "type": "minecraft:range_dispatch",
                        "property": "minecraft:use_duration",
                        "scale": 0.05,
                        "fallback": {
                            "type": "minecraft:model",
                            "model": "heart/bow_heart_penguin"
                        },
                        "entries": [
                            {
                                "threshold": 0.0,
                                "model": {
                                    "type": "minecraft:model",
                                    "model": "heart/bow_heart_penguin_0"
                                }
                            },
                            {
                                "threshold": 0.45,
                                "model": {
                                    "type": "minecraft:model",
                                    "model": "heart/bow_heart_penguin_1"
                                }
                            },
                            {
                                "threshold": 0.9,
                                "model": {
                                    "type": "minecraft:model",
                                    "model": "heart/bow_heart_penguin_2"
                                }
                            }
                        ]
                    }
                }
            },
            {
                "threshold": 21,
                "model": {
                    "type": "minecraft:condition",
                    "property": "minecraft:using_item",
                    "on_false": {
                        "type": "minecraft:model",
                        "model": "purplelightning/bow_purple_lightning"
                    },
                    "on_true": {
                        "type": "minecraft:range_dispatch",
                        "property": "minecraft:use_duration",
                        "scale": 0.05,
                        "fallback": {
                            "type": "minecraft:model",
                            "model": "purplelightning/bow_purple_lightning"
                        },
                        "entries": [
                            {
                                "threshold": 0.0,
                                "model": {
                                    "type": "minecraft:model",
                                    "model": "purplelightning/bow_purple_lightning_0"
                                }
                            },
                            {
                                "threshold": 0.45,
                                "model": {
                                    "type": "minecraft:model",
                                    "model": "purplelightning/bow_purple_lightning_1"
                                }
                            },
                            {
                                "threshold": 0.9,
                                "model": {
                                    "type": "minecraft:model",
                                    "model": "purplelightning/bow_purple_lightning_2"
                                }
                            }
                        ]
                    }
                }
            },
            {
                "threshold": 22,
                "model": {
                    "type": "minecraft:condition",
                    "property": "minecraft:using_item",
                    "on_false": {
                        "type": "minecraft:model",
                        "model": "vampire/bow_vampire_penguin"
                    },
                    "on_true": {
                        "type": "minecraft:range_dispatch",
                        "property": "minecraft:use_duration",
                        "scale": 0.05,
                        "fallback": {
                            "type": "minecraft:model",
                            "model": "vampire/bow_vampire_penguin"
                        },
                        "entries": [
                            {
                                "threshold": 0.0,
                                "model": {
                                    "type": "minecraft:model",
                                    "model": "vampire/bow_vampire_penguin_0"
                                }
                            },
                            {
                                "threshold": 0.45,
                                "model": {
                                    "type": "minecraft:model",
                                    "model": "vampire/bow_vampire_penguin_1"
                                }
                            },
                            {
                                "threshold": 0.9,
                                "model": {
                                    "type": "minecraft:model",
                                    "model": "vampire/bow_vampire_penguin_2"
                                }
                            }
                        ]
                    }
                }
            },
            {
                "threshold": 23,
                "model": {
                    "type": "minecraft:condition",
                    "property": "minecraft:using_item",
                    "on_false": {
                        "type": "minecraft:model",
                        "model": "ancient/ancient_bow_penguin"
                    },
                    "on_true": {
                        "type": "minecraft:range_dispatch",
                        "property": "minecraft:use_duration",
                        "scale": 0.05,
                        "fallback": {
                            "type": "minecraft:model",
                            "model": "ancient/ancient_bow_penguin"
                        },
                        "entries": [
                            {
                                "threshold": 0.0,
                                "model": {
                                    "type": "minecraft:model",
                                    "model": "ancient/ancient_bow_penguin_0"
                                }
                            },
                            {
                                "threshold": 0.45,
                                "model": {
                                    "type": "minecraft:model",
                                    "model": "ancient/ancient_bow_penguin_1"
                                }
                            },
                            {
                                "threshold": 0.9,
                                "model": {
                                    "type": "minecraft:model",
                                    "model": "ancient/ancient_bow_penguin_2"
                                }
                            }
                        ]
                    }
                }
            },
            {
                "threshold": 24,
                "model": {
                    "type": "minecraft:condition",
                    "property": "minecraft:using_item",
                    "on_false": {
                        "type": "minecraft:model",
                        "model": "fire/fire_bow_0"
                    },
                    "on_true": {
                        "type": "minecraft:range_dispatch",
                        "property": "minecraft:use_duration",
                        "scale": 0.05,
                        "fallback": {
                            "type": "minecraft:model",
                            "model": "fire/fire_bow_0"
                        },
                        "entries": [
                            {
                                "threshold": 0.0,
                                "model": {
                                    "type": "minecraft:model",
                                    "model": "fire/fire_bow_1"
                                }
                            },
                            {
                                "threshold": 0.45,
                                "model": {
                                    "type": "minecraft:model",
                                    "model": "fire/fire_bow_2"
                                }
                            },
                            {
                                "threshold": 0.9,
                                "model": {
                                    "type": "minecraft:model",
                                    "model": "fire/fire_bow_3"
                                }
                            }
                        ]
                    }
                }
            },
            {
                "threshold": 25,
                "model": {
                    "type": "minecraft:condition",
                    "property": "minecraft:using_item",
                    "on_false": {
                        "type": "minecraft:model",
                        "model": "lightning/lightning_bow_0"
                    },
                    "on_true": {
                        "type": "minecraft:range_dispatch",
                        "property": "minecraft:use_duration",
                        "scale": 0.05,
                        "fallback": {
                            "type": "minecraft:model",
                            "model": "lightning/lightning_bow_0"
                        },
                        "entries": [
                            {
                                "threshold": 0.0,
                                "model": {
                                    "type": "minecraft:model",
                                    "model": "lightning/lightning_bow_1"
                                }
                            },
                            {
                                "threshold": 0.45,
                                "model": {
                                    "type": "minecraft:model",
                                    "model": "lightning/lightning_bow_2"
                                }
                            },
                            {
                                "threshold": 0.9,
                                "model": {
                                    "type": "minecraft:model",
                                    "model": "lightning/lightning_bow_3"
                                }
                            }
                        ]
                    }
                }
            },
            {
                "threshold": 26,
                "model": {
                    "type": "minecraft:condition",
                    "property": "minecraft:using_item",
                    "on_false": {
                        "type": "minecraft:model",
                        "model": "ghoul_set/ghoul_bow/ghoul_bow_blue"
                    },
                    "on_true": {
                        "type": "minecraft:range_dispatch",
                        "property": "minecraft:use_duration",
                        "scale": 0.05,
                        "fallback": {
                            "type": "minecraft:model",
                            "model": "ghoul_set/ghoul_bow/ghoul_bow_blue"
                        },
                        "entries": [
                            {
                                "threshold": 0.0,
                                "model": {
                                    "type": "minecraft:model",
                                    "model": "ghoul_set/ghoul_bow/ghoul_bow_blue"
                                }
                            },
                            {
                                "threshold": 0.45,
                                "model": {
                                    "type": "minecraft:model",
                                    "model": "ghoul_set/ghoul_bow/ghoul_bow_blue_charged"
                                }
                            },
                            {
                                "threshold": 0.9,
                                "model": {
                                    "type": "minecraft:model",
                                    "model": "ghoul_set/ghoul_bow/ghoul_bow_blue_charged"
                                }
                            }
                        ]
                    }
                }
            },
            {
                "threshold": 27,
                "model": {
                    "type": "minecraft:condition",
                    "property": "minecraft:using_item",
                    "on_false": {
                        "type": "minecraft:model",
                        "model": "ghoul_set/ghoul_bow/ghoul_bow_green"
                    },
                    "on_true": {
                        "type": "minecraft:range_dispatch",
                        "property": "minecraft:use_duration",
                        "scale": 0.05,
                        "fallback": {
                            "type": "minecraft:model",
                            "model": "ghoul_set/ghoul_bow/ghoul_bow_green"
                        },
                        "entries": [
                            {
                                "threshold": 0.0,
                                "model": {
                                    "type": "minecraft:model",
                                    "model": "ghoul_set/ghoul_bow/ghoul_bow_green"
                                }
                            },
                            {
                                "threshold": 0.45,
                                "model": {
                                    "type": "minecraft:model",
                                    "model": "ghoul_set/ghoul_bow/ghoul_bow_green_charged"
                                }
                            },
                            {
                                "threshold": 0.9,
                                "model": {
                                    "type": "minecraft:model",
                                    "model": "ghoul_set/ghoul_bow/ghoul_bow_green_charged"
                                }
                            }
                        ]
                    }
                }
            },
            {
                "threshold": 28,
                "model": {
                    "type": "minecraft:condition",
                    "property": "minecraft:using_item",
                    "on_false": {
                        "type": "minecraft:model",
                        "model": "ghoul_set/ghoul_bow/ghoul_bow_purple"
                    },
                    "on_true": {
                        "type": "minecraft:range_dispatch",
                        "property": "minecraft:use_duration",
                        "scale": 0.05,
                        "fallback": {
                            "type": "minecraft:model",
                            "model": "ghoul_set/ghoul_bow/ghoul_bow_purple"
                        },
                        "entries": [
                            {
                                "threshold": 0.0,
                                "model": {
                                    "type": "minecraft:model",
                                    "model": "ghoul_set/ghoul_bow/ghoul_bow_purple"
                                }
                            },
                            {
                                "threshold": 0.45,
                                "model": {
                                    "type": "minecraft:model",
                                    "model": "ghoul_set/ghoul_bow/ghoul_bow_purple_charged"
                                }
                            },
                            {
                                "threshold": 0.9,
                                "model": {
                                    "type": "minecraft:model",
                                    "model": "ghoul_set/ghoul_bow/ghoul_bow_purple_charged"
                                }
                            }
                        ]
                    }
                }
            },
            {
                "threshold": 29,
                "model": {
                    "type": "minecraft:condition",
                    "property": "minecraft:using_item",
                    "on_false": {
                        "type": "minecraft:model",
                        "model": "ghoul_set/ghoul_bow/ghoul_bow_red"
                    },
                    "on_true": {
                        "type": "minecraft:range_dispatch",
                        "property": "minecraft:use_duration",
                        "scale": 0.05,
                        "fallback": {
                            "type": "minecraft:model",
                            "model": "ghoul_set/ghoul_bow/ghoul_bow_red"
                        },
                        "entries": [
                            {
                                "threshold": 0.0,
                                "model": {
                                    "type": "minecraft:model",
                                    "model": "ghoul_set/ghoul_bow/ghoul_bow_red"
                                }
                            },
                            {
                                "threshold": 0.45,
                                "model": {
                                    "type": "minecraft:model",
                                    "model": "ghoul_set/ghoul_bow/ghoul_bow_red_charged"
                                }
                            },
                            {
                                "threshold": 0.9,
                                "model": {
                                    "type": "minecraft:model",
                                    "model": "ghoul_set/ghoul_bow/ghoul_bow_red_charged"
                                }
                            }
                        ]
                    }
                }
            },
            {
                "threshold": 30,
                "model": {
                    "type": "minecraft:condition",
                    "property": "minecraft:using_item",
                    "on_false": {
                        "type": "minecraft:model",
                        "model": "ghoul_set/ghoul_bow/ghoul_bow_yellow"
                    },
                    "on_true": {
                        "type": "minecraft:range_dispatch",
                        "property": "minecraft:use_duration",
                        "scale": 0.05,
                        "fallback": {
                            "type": "minecraft:model",
                            "model": "ghoul_set/ghoul_bow/ghoul_bow_yellow"
                        },
                        "entries": [
                            {
                                "threshold": 0.0,
                                "model": {
                                    "type": "minecraft:model",
                                    "model": "ghoul_set/ghoul_bow/ghoul_bow_yellow"
                                }
                            },
                            {
                                "threshold": 0.45,
                                "model": {
                                    "type": "minecraft:model",
                                    "model": "ghoul_set/ghoul_bow/ghoul_bow_yellow_charged"
                                }
                            },
                            {
                                "threshold": 0.9,
                                "model": {
                                    "type": "minecraft:model",
                                    "model": "ghoul_set/ghoul_bow/ghoul_bow_yellow_charged"
                                }
                            }
                        ]
                    }
                }
            }
        ]
    },
    "display": {
        "thirdperson_righthand": {
            "rotation": [
                -80,
                260,
                -40
            ],
            "translation": [
                -1,
                -2,
                2.5
            ],
            "scale": [
                0.9,
                0.9,
                0.9
            ]
        },
        "thirdperson_lefthand": {
            "rotation": [
                -80,
                -280,
                40
            ],
            "translation": [
                -1,
                -2,
                2.5
            ],
            "scale": [
                0.9,
                0.9,
                0.9
            ]
        },
        "firstperson_righthand": {
            "rotation": [
                0,
                -90,
                25
            ],
            "translation": [
                1.13,
                3.2,
                1.13
            ],
            "scale": [
                0.68,
                0.68,
                0.68
            ]
        },
        "firstperson_lefthand": {
            "rotation": [
                0,
                90,
                -25
            ],
            "translation": [
                1.13,
                3.2,
                1.13
            ],
            "scale": [
                0.68,
                0.68,
                0.68
            ]
        }
    }
}