{
    "model": {
        "type": "range_dispatch",
        "property": "custom_model_data",
        "fallback": {
            "type": "minecraft:select",
            "property": "minecraft:local_time",
            "pattern": "MM-dd",
            "cases": [
                {
                    "model": {
                        "type": "minecraft:special",
                        "base": "minecraft:item/chest",
                        "model": {
                            "type": "minecraft:chest",
                            "texture": "minecraft:christmas"
                        }
                    },
                    "when": [
                        "12-24",
                        "12-25",
                        "12-26"
                    ]
                }
            ],
            "fallback": {
                "type": "minecraft:special",
                "base": "item/chest",
                "model": {
                    "type": "minecraft:chest",
                    "texture": "minecraft:normal"
                }
            }
        },
        "entries": [
            {
                "threshold": 1,
                "model": {
                    "type": "minecraft:model",
                    "model": "christmas/christmas_chest"
                }
            },
            {
                "threshold": 2,
                "model": {
                    "type": "minecraft:model",
                    "model": "void/void_chest"
                }
            },
            {
                "threshold": 3,
                "model": {
                    "type": "minecraft:model",
                    "model": "magma/magma_chest"
                }
            },
            {
                "threshold": 4,
                "model": {
                    "type": "minecraft:model",
                    "model": "chinese/chinese_dragon_chest"
                }
            },
            {
                "threshold": 5,
                "model": {
                    "type": "minecraft:model",
                    "model": "valentine/valentine_chest"
                }
            },
            {
                "threshold": 6,
                "model": {
                    "type": "minecraft:model",
                    "model": "dragon/dragonborn_chest"
                }
            },
            {
                "threshold": 7,
                "model": {
                    "type": "minecraft:model",
                    "model": "patrick/chest"
                }
            },
            {
                "threshold": 8,
                "model": {
                    "type": "minecraft:model",
                    "model": "stpatrick/chest"
                }
            },
            {
                "threshold": 9,
                "model": {
                    "type": "minecraft:model",
                    "model": "firework/firework_chest"
                }
            },
            {
                "threshold": 10,
                "model": {
                    "type": "minecraft:model",
                    "model": "drill/drill_gold"
                }
            },
            {
                "threshold": 11,
                "model": {
                    "type": "minecraft:model",
                    "model": "drill/drill_iron"
                }
            },
            {
                "threshold": 12,
                "model": {
                    "type": "minecraft:model",
                    "model": "drill/drill_diamond"
                }
            },
            {
                "threshold": 13,
                "model": {
                    "type": "minecraft:model",
                    "model": "drill/drill_netherite"
                }
            },
            {
                "threshold": 14,
                "model": {
                    "type": "minecraft:model",
                    "model": "cannon/tnt_cannon"
                }
            },
            {
                "threshold": 15,
                "model": {
                    "type": "minecraft:model",
                    "model": "drill/up/drill_gold_up"
                }
            },
            {
                "threshold": 16,
                "model": {
                    "type": "minecraft:model",
                    "model": "drill/up/drill_iron_up"
                }
            },
            {
                "threshold": 17,
                "model": {
                    "type": "minecraft:model",
                    "model": "drill/up/drill_diamond_up"
                }
            },
            {
                "threshold": 18,
                "model": {
                    "type": "minecraft:model",
                    "model": "drill/up/drill_netherite_up"
                }
            },
            {
                "threshold": 19,
                "model": {
                    "type": "minecraft:model",
                    "model": "drill/down/drill_gold_down"
                }
            },
            {
                "threshold": 20,
                "model": {
                    "type": "minecraft:model",
                    "model": "drill/down/drill_iron_down"
                }
            },
            {
                "threshold": 21,
                "model": {
                    "type": "minecraft:model",
                    "model": "drill/down/drill_diamond_down"
                }
            },
            {
                "threshold": 22,
                "model": {
                    "type": "minecraft:model",
                    "model": "drill/down/drill_netherite_down"
                }
            },
            {
                "threshold": 23,
                "model": {
                    "type": "minecraft:model",
                    "model": "landmine/landmine"
                }
            },
            {
                "threshold": 24,
                "model": {
                    "type": "minecraft:model",
                    "model": "raidtnt/raid_tnt"
                }
            },
            {
                "threshold": 25,
                "model": {
                    "type": "minecraft:model",
                    "model": "kolordpillars/kl_totem_blue"
                }
            },
            {
                "threshold": 26,
                "model": {
                    "type": "minecraft:model",
                    "model": "kolordpillars/kl_totem_green"
                }
            },
            {
                "threshold": 27,
                "model": {
                    "type": "minecraft:model",
                    "model": "kolordpillars/kl_totem_purple"
                }
            },
            {
                "threshold": 28,
                "model": {
                    "type": "minecraft:model",
                    "model": "kolordpillars/kl_totem_red"
                }
            }
        ]
    },
    "display": {
        "gui": {
            "rotation": [
                30,
                45,
                0
            ],
            "translation": [
                0,
                0,
                0
            ],
            "scale": [
                0.625,
                0.625,
                0.625
            ]
        },
        "ground": {
            "rotation": [
                0,
                0,
                0
            ],
            "translation": [
                0,
                3,
                0
            ],
            "scale": [
                0.25,
                0.25,
                0.25
            ]
        },
        "head": {
            "rotation": [
                0,
                180,
                0
            ],
            "translation": [
                0,
                0,
                0
            ],
            "scale": [
                1,
                1,
                1
            ]
        },
        "fixed": {
            "rotation": [
                0,
                180,
                0
            ],
            "translation": [
                0,
                0,
                0
            ],
            "scale": [
                0.5,
                0.5,
                0.5
            ]
        },
        "thirdperson_righthand": {
            "rotation": [
                75,
                315,
                0
            ],
            "translation": [
                0,
                2.5,
                0
            ],
            "scale": [
                0.375,
                0.375,
                0.375
            ]
        },
        "firstperson_righthand": {
            "rotation": [
                0,
                315,
                0
            ],
            "translation": [
                0,
                0,
                0
            ],
            "scale": [
                0.4,
                0.4,
                0.4
            ]
        }
    }
}