{
    "model": {
        "type": "range_dispatch",
        "property": "custom_model_data",
        "fallback": {
            "type": "model",
            "model": "minecraft:item/diamond_shovel"
        },
        "entries": [
            {
                "threshold": 1,
                "model": {
                    "type": "model",
                    "model": "heartandbloodtheme/heartshovel"
                }
            },
            {
                "threshold": 2,
                "model": {
                    "type": "model",
                    "model": "lightiningtheme/lightshovel"
                }
            },
            {
                "threshold": 3,
                "model": {
                    "type": "model",
                    "model": "christmas/noparticles/christmas_shovel"
                }
            },
            {
                "threshold": 4,
                "model": {
                    "type": "model",
                    "model": "christmas/christmas_shovel"
                }
            },
            {
                "threshold": 5,
                "model": {
                    "type": "model",
                    "model": "void/noparticles/void_shovel"
                }
            },
            {
                "threshold": 6,
                "model": {
                    "type": "model",
                    "model": "void/void_shovel"
                }
            },
            {
                "threshold": 7,
                "model": {
                    "type": "model",
                    "model": "magma/noparticles/magma_shovel"
                }
            },
            {
                "threshold": 8,
                "model": {
                    "type": "model",
                    "model": "magma/magma_shovel"
                }
            },
            {
                "threshold": 9,
                "model": {
                    "type": "model",
                    "model": "chinese/noparticles/chinese_dragon_shovel"
                }
            },
            {
                "threshold": 10,
                "model": {
                    "type": "model",
                    "model": "chinese/chinese_dragon_shovel"
                }
            },
            {
                "threshold": 11,
                "model": {
                    "type": "model",
                    "model": "valentine/noparticles/valentine_shovel"
                }
            },
            {
                "threshold": 12,
                "model": {
                    "type": "model",
                    "model": "valentine/valentine_shovel"
                }
            },
            {
                "threshold": 13,
                "model": {
                    "type": "model",
                    "model": "dragon/dragonborn_shovel"
                }
            },
            {
                "threshold": 14,
                "model": {
                    "type": "model",
                    "model": "patrick/shovel"
                }
            },
            {
                "threshold": 16,
                "model": {
                    "type": "model",
                    "model": "firework/firework_shovel"
                }
            },
            {
                "threshold": 17,
                "model": {
                    "type": "model",
                    "model": "easter/shovel_easter"
                }
            },
            {
                "threshold": 18,
                "model": {
                    "type": "model",
                    "model": "samurai/shovel_samurai"
                }
            },
            {
                "threshold": 19,
                "model": {
                    "type": "model",
                    "model": "pirate/shovel_pirate"
                }
            },
            {
                "threshold": 20,
                "model": {
                    "type": "model",
                    "model": "heart/shovel_heart_penguin"
                }
            },
            {
                "threshold": 21,
                "model": {
                    "type": "model",
                    "model": "purplelightning/shovel_purple_lightning"
                }
            },
            {
                "threshold": 22,
                "model": {
                    "type": "model",
                    "model": "vampire/shovel_vampire_penguin"
                }
            },
            {
                "threshold": 23,
                "model": {
                    "type": "model",
                    "model": "ancient/ancient_shovel_penguin"
                }
            },
            {
                "threshold": 24,
                "model": {
                    "type": "model",
                    "model": "fire/fire_shovel"
                }
            },
            {
                "threshold": 25,
                "model": {
                    "type": "model",
                    "model": "lightning/lightning_shovel"
                }
            }
        ]
    }
}