{
    "model": {
        "type": "range_dispatch",
        "property": "custom_model_data",
        "fallback": {
            "type": "model",
            "model": "minecraft:item/diamond_sword"
        },
        "entries": [
            {
                "threshold": 1,
                "model": {
                    "type": "model",
                    "model": "heartandbloodtheme/heartsword"
                }
            },
            {
                "threshold": 2,
                "model": {
                    "type": "model",
                    "model": "lightiningtheme/lightsword"
                }
            },
            {
                "threshold": 3,
                "model": {
                    "type": "model",
                    "model": "christmas/noparticles/christmas_sword"
                }
            },
            {
                "threshold": 4,
                "model": {
                    "type": "model",
                    "model": "christmas/christmas_sword"
                }
            },
            {
                "threshold": 5,
                "model": {
                    "type": "model",
                    "model": "void/noparticles/void_sword"
                }
            },
            {
                "threshold": 6,
                "model": {
                    "type": "model",
                    "model": "void/void_sword"
                }
            },
            {
                "threshold": 7,
                "model": {
                    "type": "model",
                    "model": "magma/noparticles/magma_sword"
                }
            },
            {
                "threshold": 8,
                "model": {
                    "type": "model",
                    "model": "magma/magma_sword"
                }
            },
            {
                "threshold": 9,
                "model": {
                    "type": "model",
                    "model": "chinese/noparticles/chinese_dragon_sword"
                }
            },
            {
                "threshold": 10,
                "model": {
                    "type": "model",
                    "model": "chinese/chinese_dragon_sword"
                }
            },
            {
                "threshold": 11,
                "model": {
                    "type": "model",
                    "model": "valentine/noparticles/valentine_sword"
                }
            },
            {
                "threshold": 12,
                "model": {
                    "type": "model",
                    "model": "valentine/valentine_sword"
                }
            },
            {
                "threshold": 13,
                "model": {
                    "type": "model",
                    "model": "dragon/dragonborn_sword"
                }
            },
            {
                "threshold": 14,
                "model": {
                    "type": "model",
                    "model": "patrick/sword"
                }
            },
            {
                "threshold": 15,
                "model": {
                    "type": "model",
                    "model": "stpatrick/sword"
                }
            },
            {
                "threshold": 16,
                "model": {
                    "type": "model",
                    "model": "firework/firework_sword"
                }
            },
            {
                "threshold": 17,
                "model": {
                    "type": "model",
                    "model": "easter/sword_easter"
                }
            },
            {
                "threshold": 18,
                "model": {
                    "type": "model",
                    "model": "samurai/sword_samurai"
                }
            },
            {
                "threshold": 19,
                "model": {
                    "type": "model",
                    "model": "lightsaber/lightsaber"
                }
            },
            {
                "threshold": 20,
                "model": {
                    "type": "model",
                    "model": "lightsaber/light_sabergreen"
                }
            },
            {
                "threshold": 21,
                "model": {
                    "type": "model",
                    "model": "lightsaber/light_saberpurple"
                }
            },
            {
                "threshold": 22,
                "model": {
                    "type": "model",
                    "model": "lightsaber/light_saberred"
                }
            },
            {
                "threshold": 23,
                "model": {
                    "type": "model",
                    "model": "pirate/sword_pirate"
                }
            },
            {
                "threshold": 24,
                "model": {
                    "type": "model",
                    "model": "heart/sword_heart_penguin"
                }
            },
            {
                "threshold": 25,
                "model": {
                    "type": "model",
                    "model": "purplelightning/sword_purple_lightning"
                }
            },
            {
                "threshold": 26,
                "model": {
                    "type": "model",
                    "model": "vampire/sword_vampire_penguin"
                }
            },
            {
                "threshold": 27,
                "model": {
                    "type": "model",
                    "model": "ancient/ancient_sword_penguin"
                }
            },
            {
                "threshold": 28,
                "model": {
                    "type": "model",
                    "model": "fire/fire_sword"
                }
            },
            {
                "threshold": 29,
                "model": {
                    "type": "model",
                    "model": "lightning/lightning_sword"
                }
            },


            {
                "threshold": 30,
                "model": {
                    "type": "model",
                    "model": "ghoul_set/ghoul_sword/ghoul_sword_blue"
                }
            },
            {
                "threshold": 31,
                "model": {
                    "type": "model",
                    "model": "ghoul_set/ghoul_sword/ghoul_sword_green"
                }
            },
            {
                "threshold": 32,
                "model": {
                    "type": "model",
                    "model": "ghoul_set/ghoul_sword/ghoul_sword_purple"
                }
            },
            {
                "threshold": 33,
                "model": {
                    "type": "model",
                    "model": "ghoul_set/ghoul_sword/ghoul_sword_red"
                }
            },
            {
                "threshold": 34,
                "model": {
                    "type": "model",
                    "model": "ghoul_set/ghoul_sword/ghoul_sword_yellow"
                }
            }
        ]
    }
}