{
    "model": {
        "type": "range_dispatch",
        "property": "custom_model_data",
        "fallback": {
            "type": "minecraft:condition",
            "property": "minecraft:fishing_rod/cast",
            "on_false": {
                "type": "minecraft:model",
                "model": "minecraft:item/fishing_rod"
            },
            "on_true": {
                "type": "minecraft:model",
                "model": "minecraft:item/fishing_rod"
            }
        },
        "entries": [
            {
                "threshold": 1,
                "model": {
                    "type": "minecraft:condition",
                    "property": "minecraft:fishing_rod/cast",
                    "on_false": {
                        "type": "minecraft:model",
                        "model": "patrick/fishing_rod"
                    },
                    "on_true": {
                        "type": "minecraft:model",
                        "model": "patrick/fishing_rod_cast"
                    }
                }
            },
            {
                "threshold": 2,
                "model": {
                    "type": "minecraft:condition",
                    "property": "minecraft:fishing_rod/cast",
                    "on_false": {
                        "type": "minecraft:model",
                        "model": "stpatrick/fishing_rod"
                    },
                    "on_true": {
                        "type": "minecraft:model",
                        "model": "stpatrick/fishing_rod_cast"
                    }
                }
            },
            {
                "threshold": 3,
                "model": {
                    "type": "minecraft:condition",
                    "property": "minecraft:fishing_rod/cast",
                    "on_false": {
                        "type": "minecraft:model",
                        "model": "fire/fire_fishing_rod"
                    },
                    "on_true": {
                        "type": "minecraft:model",
                        "model": "fire/fire_fishing_rod_cast"
                    }
                }
            },
            {
                "threshold": 4,
                "model": {
                    "type": "minecraft:condition",
                    "property": "minecraft:fishing_rod/cast",
                    "on_false": {
                        "type": "minecraft:model",
                        "model": "lightning/lightning_fishing_rod"
                    },
                    "on_true": {
                        "type": "minecraft:model",
                        "model": "lightning/lightning_fishing_rod_cast"
                    }
                }
            }
        ]
    }
}