{
    "model": {
        "type": "range_dispatch",
        "property": "custom_model_data",
        "fallback": {
            "type": "model",
            "model": "item/leather_leggings"
        },
        "entries": [
            {
                "threshold": 1,
                "model": {
                    "type": "model",
                    "model": "chinese:ia_auto_gen/dragondiamondarmor_leggings"
                }
            },
            {
                "threshold": 2,
                "model": {
                    "type": "model",
                    "model": "chinese:ia_auto_gen/dragongoldarmor_leggings"
                }
            },
            {
                "threshold": 3,
                "model": {
                    "type": "model",
                    "model": "chinese:ia_auto_gen/dragonironarmor_leggings"
                }
            },
            {
                "threshold": 4,
                "model": {
                    "type": "model",
                    "model": "chinese:ia_auto_gen/dragonnetheritearmor_leggings"
                }
            },
            {
                "threshold": 5,
                "model": {
                    "type": "model",
                    "model": "magma:ia_auto_gen/magmadiamondarmor_leggings"
                }
            },
            {
                "threshold": 6,
                "model": {
                    "type": "model",
                    "model": "magma:ia_auto_gen/magmagoldarmor_leggings"
                }
            },
            {
                "threshold": 7,
                "model": {
                    "type": "model",
                    "model": "magma:ia_auto_gen/magmaironarmor_leggings"
                }
            },
            {
                "threshold": 8,
                "model": {
                    "type": "model",
                    "model": "magma:ia_auto_gen/magmanetheritearmor_leggings"
                }
            },
            {
                "threshold": 9,
                "model": {
                    "type": "model",
                    "model": "valentine:ia_auto_gen/valentinediamondarmor_leggings"
                }
            },
            {
                "threshold": 10,
                "model": {
                    "type": "model",
                    "model": "valentine:ia_auto_gen/valentinegoldarmor_leggings"
                }
            },
            {
                "threshold": 11,
                "model": {
                    "type": "model",
                    "model": "valentine:ia_auto_gen/valentineironarmor_leggings"
                }
            },
            {
                "threshold": 12,
                "model": {
                    "type": "model",
                    "model": "valentine:ia_auto_gen/valentinenetheritearmor_leggings"
                }
            },
            {
                "threshold": 13,
                "model": {
                    "type": "model",
                    "model": "firework:ia_auto_gen/fireworkdiamondarmor_leggings"
                }
            },
            {
                "threshold": 14,
                "model": {
                    "type": "model",
                    "model": "firework:ia_auto_gen/fireworkgoldarmor_leggings"
                }
            },
            {
                "threshold": 15,
                "model": {
                    "type": "model",
                    "model": "firework:ia_auto_gen/fireworkironarmor_leggings"
                }
            },
            {
                "threshold": 16,
                "model": {
                    "type": "model",
                    "model": "firework:ia_auto_gen/fireworknetheritearmor_leggings"
                }
            },
            {
                "threshold": 17,
                "model": {
                    "type": "model",
                    "model": "easter:ia_auto_gen/easterdiamondarmor_leggings"
                }
            },
            {
                "threshold": 18,
                "model": {
                    "type": "model",
                    "model": "easter:ia_auto_gen/eastergoldarmor_leggings"
                }
            },
            {
                "threshold": 19,
                "model": {
                    "type": "model",
                    "model": "easter:ia_auto_gen/easterironarmor_leggings"
                }
            },
            {
                "threshold": 20,
                "model": {
                    "type": "model",
                    "model": "easter:ia_auto_gen/easternetheritearmor_leggings"
                }
            },
            {
                "threshold": 21,
                "model": {
                    "type": "model",
                    "model": "samurai:ia_auto_gen/samuraidiamondarmor_leggings"
                }
            },
            {
                "threshold": 22,
                "model": {
                    "type": "model",
                    "model": "samurai:ia_auto_gen/samuraigoldarmor_leggings"
                }
            },
            {
                "threshold": 23,
                "model": {
                    "type": "model",
                    "model": "samurai:ia_auto_gen/samuraiironarmor_leggings"
                }
            },
            {
                "threshold": 24,
                "model": {
                    "type": "model",
                    "model": "samurai:ia_auto_gen/samurainetheritearmor_leggings"
                }
            },
            {
                "threshold": 25,
                "model": {
                    "type": "model",
                    "model": "starwar:ia_auto_gen/starwardiamondarmor_leggings"
                }
            },
            {
                "threshold": 26,
                "model": {
                    "type": "model",
                    "model": "starwar:ia_auto_gen/starwargoldarmor_leggings"
                }
            },
            {
                "threshold": 27,
                "model": {
                    "type": "model",
                    "model": "starwar:ia_auto_gen/starwarironarmor_leggings"
                }
            },
            {
                "threshold": 28,
                "model": {
                    "type": "model",
                    "model": "starwar:ia_auto_gen/starwarnetheritearmor_leggings"
                }
            },
            {
                "threshold": 29,
                "model": {
                    "type": "model",
                    "model": "pirate:ia_auto_gen/piratediamondarmor_leggings"
                }
            },
            {
                "threshold": 30,
                "model": {
                    "type": "model",
                    "model": "pirate:ia_auto_gen/pirategoldarmor_leggings"
                }
            },
            {
                "threshold": 31,
                "model": {
                    "type": "model",
                    "model": "pirate:ia_auto_gen/pirateironarmor_leggings"
                }
            },
            {
                "threshold": 32,
                "model": {
                    "type": "model",
                    "model": "pirate:ia_auto_gen/piratenetheritearmor_leggings"
                }
            }
        ]
    }
}