{
    "model": {
        "type": "range_dispatch",
        "property": "custom_model_data",
        "fallback": {
            "type": "model",
            "model": "item/leather_boots"
        },
        "entries": [
            {
                "threshold": 1,
                "model": {
                    "type": "model",
                    "model": "chinese:ia_auto_gen/dragondiamondarmor_boots"
                }
            },
            {
                "threshold": 2,
                "model": {
                    "type": "model",
                    "model": "chinese:ia_auto_gen/dragongoldarmor_boots"
                }
            },
            {
                "threshold": 3,
                "model": {
                    "type": "model",
                    "model": "chinese:ia_auto_gen/dragonironarmor_boots"
                }
            },
            {
                "threshold": 4,
                "model": {
                    "type": "model",
                    "model": "chinese:ia_auto_gen/dragonnetheritearmor_boots"
                }
            },
            {
                "threshold": 5,
                "model": {
                    "type": "model",
                    "model": "magma:ia_auto_gen/magmadiamondarmor_boots"
                }
            },
            {
                "threshold": 6,
                "model": {
                    "type": "model",
                    "model": "magma:ia_auto_gen/magmagoldarmor_boots"
                }
            },
            {
                "threshold": 7,
                "model": {
                    "type": "model",
                    "model": "magma:ia_auto_gen/magmaironarmor_boots"
                }
            },
            {
                "threshold": 8,
                "model": {
                    "type": "model",
                    "model": "magma:ia_auto_gen/magmanetheritearmor_boots"
                }
            },
            {
                "threshold": 9,
                "model": {
                    "type": "model",
                    "model": "valentine:ia_auto_gen/valentinediamondarmor_boots"
                }
            },
            {
                "threshold": 10,
                "model": {
                    "type": "model",
                    "model": "valentine:ia_auto_gen/valentinegoldarmor_boots"
                }
            },
            {
                "threshold": 11,
                "model": {
                    "type": "model",
                    "model": "valentine:ia_auto_gen/valentineironarmor_boots"
                }
            },
            {
                "threshold": 12,
                "model": {
                    "type": "model",
                    "model": "valentine:ia_auto_gen/valentinenetheritearmor_boots"
                }
            },
            {
                "threshold": 13,
                "model": {
                    "type": "model",
                    "model": "firework:ia_auto_gen/fireworkdiamondarmor_boots"
                }
            },
            {
                "threshold": 14,
                "model": {
                    "type": "model",
                    "model": "firework:ia_auto_gen/fireworkgoldarmor_boots"
                }
            },
            {
                "threshold": 15,
                "model": {
                    "type": "model",
                    "model": "firework:ia_auto_gen/fireworkironarmor_boots"
                }
            },
            {
                "threshold": 16,
                "model": {
                    "type": "model",
                    "model": "easter:ia_auto_gen/easterdiamondarmor_boots"
                }
            },
            {
                "threshold": 17,
                "model": {
                    "type": "model",
                    "model": "easter:ia_auto_gen/eastergoldarmor_boots"
                }
            },
            {
                "threshold": 18,
                "model": {
                    "type": "model",
                    "model": "easter:ia_auto_gen/easterironarmor_boots"
                }
            },
            {
                "threshold": 19,
                "model": {
                    "type": "model",
                    "model": "easter:ia_auto_gen/easternetheritearmor_boots"
                }
            },
            {
                "threshold": 20,
                "model": {
                    "type": "model",
                    "model": "samurai:ia_auto_gen/samuraidiamondarmor_boots"
                }
            },
            {
                "threshold": 21,
                "model": {
                    "type": "model",
                    "model": "samurai:ia_auto_gen/samuraigoldarmor_boots"
                }
            },
            {
                "threshold": 23,
                "model": {
                    "type": "model",
                    "model": "samurai:ia_auto_gen/samuraiironarmor_boots"
                }
            },
            {
                "threshold": 24,
                "model": {
                    "type": "model",
                    "model": "samurai:ia_auto_gen/samurainetheritearmor_boots"
                }
            },
            {
                "threshold": 25,
                "model": {
                    "type": "model",
                    "model": "starwar:ia_auto_gen/starwardiamondarmor_boots"
                }
            },
            {
                "threshold": 26,
                "model": {
                    "type": "model",
                    "model": "starwar:ia_auto_gen/starwargoldarmor_boots"
                }
            },
            {
                "threshold": 27,
                "model": {
                    "type": "model",
                    "model": "starwar:ia_auto_gen/starwarironarmor_boots"
                }
            },
            {
                "threshold": 28,
                "model": {
                    "type": "model",
                    "model": "starwar:ia_auto_gen/starwarnetheritearmor_boots"
                }
            },
            {
                "threshold": 29,
                "model": {
                    "type": "model",
                    "model": "pirate:ia_auto_gen/piratediamondarmor_boots"
                }
            },
            {
                "threshold": 30,
                "model": {
                    "type": "model",
                    "model": "pirate:ia_auto_gen/pirategoldarmor_boots"
                }
            },
            {
                "threshold": 31,
                "model": {
                    "type": "model",
                    "model": "pirate:ia_auto_gen/pirateironarmor_boots"
                }
            },
            {
                "threshold": 32,
                "model": {
                    "type": "model",
                    "model": "pirate:ia_auto_gen/piratenetheritearmor_boots"
                }
            }
        ]
    }
}