{
    "model": {
        "type": "range_dispatch",
        "property": "custom_model_data",
        "fallback": {
            "type": "model",
            "model": "minecraft:item/netherite_pickaxe"
        },
        "entries": [
            {
                "threshold": 1,
                "model": {
                    "type": "model",
                    "model": "heartandbloodtheme/heartpickaxe"
                }
            },
            {
                "threshold": 2,
                "model": {
                    "type": "model",
                    "model": "lightiningtheme/lightpickaxe"
                }
            },
            {
                "threshold": 3,
                "model": {
                    "type": "model",
                    "model": "christmas/noparticles/christmas_pickaxe"
                }
            },
            {
                "threshold": 4,
                "model": {
                    "type": "model",
                    "model": "christmas/christmas_pickaxe"
                }
            },
            {
                "threshold": 5,
                "model": {
                    "type": "model",
                    "model": "void/noparticles/void_pickaxe"
                }
            },
            {
                "threshold": 6,
                "model": {
                    "type": "model",
                    "model": "void/void_pickaxe"
                }
            },
            {
                "threshold": 7,
                "model": {
                    "type": "model",
                    "model": "magma/noparticles/magma_pickaxe"
                }
            },
            {
                "threshold": 8,
                "model": {
                    "type": "model",
                    "model": "magma/magma_pickaxe"
                }
            },
            {
                "threshold": 9,
                "model": {
                    "type": "model",
                    "model": "chinese/noparticles/chinese_dragon_pickaxe"
                }
            },
            {
                "threshold": 10,
                "model": {
                    "type": "model",
                    "model": "chinese/chinese_dragon_pickaxe"
                }
            },
            {
                "threshold": 11,
                "model": {
                    "type": "model",
                    "model": "valentine/noparticles/valentine_pickaxe"
                }
            },
            {
                "threshold": 12,
                "model": {
                    "type": "model",
                    "model": "valentine/valentine_pickaxe"
                }
            },
            {
                "threshold": 13,
                "model": {
                    "type": "model",
                    "model": "dragon/dragonborn_pickaxe"
                }
            },
            {
                "threshold": 14,
                "model": {
                    "type": "model",
                    "model": "patrick/pickaxe"
                }
            },
            {
                "threshold": 15,
                "model": {
                    "type": "model",
                    "model": "stpatrick/pickaxe"
                }
            },
            {
                "threshold": 16,
                "model": {
                    "type": "model",
                    "model": "firework/firework_pickaxe"
                }
            },
            {
                "threshold": 17,
                "model": {
                    "type": "model",
                    "model": "easter/pickaxe_easter"
                }
            },
            {
                "threshold": 18,
                "model": {
                    "type": "model",
                    "model": "samurai/pickaxe_samurai"
                }
            },
            {
                "threshold": 19,
                "model": {
                    "type": "model",
                    "model": "pirate/pickaxe_pirate"
                }
            },
            {
                "threshold": 20,
                "model": {
                    "type": "model",
                    "model": "heart/pickaxe_heart_penguin"
                }
            },
            {
                "threshold": 21,
                "model": {
                    "type": "model",
                    "model": "purplelightning/pickaxe_purple_lightning"
                }
            },
            {
                "threshold": 22,
                "model": {
                    "type": "model",
                    "model": "vampire/pickaxe_vampire_penguin"
                }
            },
            {
                "threshold": 23,
                "model": {
                    "type": "model",
                    "model": "ancient/ancient_pickaxe_penguin"
                }
            },
            {
                "threshold": 24,
                "model": {
                    "type": "model",
                    "model": "fire/fire_pickaxe"
                }
            },
            {
                "threshold": 25,
                "model": {
                    "type": "model",
                    "model": "lightning/lightning_pickaxe"
                }
            },


            {
                "threshold": 26,
                "model": {
                    "type": "model",
                    "model": "ghoul_set/ghoul_pickaxe/ghoul_pickaxe_blue"
                }
            },
            {
                "threshold": 27,
                "model": {
                    "type": "model",
                    "model": "ghoul_set/ghoul_pickaxe/ghoul_pickaxe_green"
                }
            },
            {
                "threshold": 28,
                "model": {
                    "type": "model",
                    "model": "ghoul_set/ghoul_pickaxe/ghoul_pickaxe_purple"
                }
            },
            {
                "threshold": 29,
                "model": {
                    "type": "model",
                    "model": "ghoul_set/ghoul_pickaxe/ghoul_pickaxe_red"
                }
            },
            {
                "threshold": 30,
                "model": {
                    "type": "model",
                    "model": "ghoul_set/ghoul_pickaxe/ghoul_pickaxe_yellow"
                }
            }
        ]
    }
}