{
    "model": {
        "type": "range_dispatch",
        "property": "custom_model_data",
        "fallback": {
            "type": "model",
            "model": "minecraft:item/netherite_axe"
        },
        "entries": [
            {
                "threshold": 1,
                "model": {
                    "type": "model",
                    "model": "heartandbloodtheme/heartaxe"
                }
            },
            {
                "threshold": 2,
                "model": {
                    "type": "model",
                    "model": "lightiningtheme/lightaxe"
                }
            },
            {
                "threshold": 3,
                "model": {
                    "type": "model",
                    "model": "christmas/noparticles/christmas_axe"
                }
            },
            {
                "threshold": 4,
                "model": {
                    "type": "model",
                    "model": "christmas/christmas_axe"
                }
            },
            {
                "threshold": 5,
                "model": {
                    "type": "model",
                    "model": "void/noparticles/void_axe"
                }
            },
            {
                "threshold": 6,
                "model": {
                    "type": "model",
                    "model": "void/void_axe"
                }
            },
            {
                "threshold": 7,
                "model": {
                    "type": "model",
                    "model": "magma/noparticles/magma_axe"
                }
            },
            {
                "threshold": 8,
                "model": {
                    "type": "model",
                    "model": "magma/magma_axe"
                }
            },
            {
                "threshold": 9,
                "model": {
                    "type": "model",
                    "model": "chinese/noparticles/chinese_dragon_axe"
                }
            },
            {
                "threshold": 10,
                "model": {
                    "type": "model",
                    "model": "chinese/chinese_dragon_axe"
                }
            },
            {
                "threshold": 11,
                "model": {
                    "type": "model",
                    "model": "valentine/noparticles/valentine_axe"
                }
            },
            {
                "threshold": 12,
                "model": {
                    "type": "model",
                    "model": "valentine/valentine_axe"
                }
            },
            {
                "threshold": 13,
                "model": {
                    "type": "model",
                    "model": "dragon/dragonborn_axe"
                }
            },
            {
                "threshold": 14,
                "model": {
                    "type": "model",
                    "model": "patrick/axe"
                }
            },
            {
                "threshold": 15,
                "model": {
                    "type": "model",
                    "model": "stpatrick/axe"
                }
            },
            {
                "threshold": 16,
                "model": {
                    "type": "model",
                    "model": "firework/firework_axe"
                }
            },
            {
                "threshold": 17,
                "model": {
                    "type": "model",
                    "model": "easter/axe_easter"
                }
            },
            {
                "threshold": 18,
                "model": {
                    "type": "model",
                    "model": "samurai/axe_samurai"
                }
            },
            {
                "threshold": 19,
                "model": {
                    "type": "model",
                    "model": "pirate/axe_pirate"
                }
            },
            {
                "threshold": 20,
                "model": {
                    "type": "model",
                    "model": "heart/axe_heart_penguin"
                }
            },
            {
                "threshold": 21,
                "model": {
                    "type": "model",
                    "model": "purplelightning/axe_purple_lightning"
                }
            },
            {
                "threshold": 22,
                "model": {
                    "type": "model",
                    "model": "vampire/axe_vampire_penguin"
                }
            },
            {
                "threshold": 23,
                "model": {
                    "type": "model",
                    "model": "ancient/ancient_axe_penguin"
                }
            },
            {
                "threshold": 24,
                "model": {
                    "type": "model",
                    "model": "fire/fire_axe"
                }
            },
            {
                "threshold": 25,
                "model": {
                    "type": "model",
                    "model": "lightning/lightning_axe"
                }
            },


            {
                "threshold": 26,
                "model": {
                    "type": "model",
                    "model": "ghoul_set/ghoul_axe/ghoul_axe_blue"
                }
            },
            {
                "threshold": 27,
                "model": {
                    "type": "model",
                    "model": "ghoul_set/ghoul_axe/ghoul_axe_green"
                }
            },
            {
                "threshold": 28,
                "model": {
                    "type": "model",
                    "model": "ghoul_set/ghoul_axe/ghoul_axe_purple"
                }
            },
            {
                "threshold": 29,
                "model": {
                    "type": "model",
                    "model": "ghoul_set/ghoul_axe/ghoul_axe_red"
                }
            },
            {
                "threshold": 30,
                "model": {
                    "type": "model",
                    "model": "ghoul_set/ghoul_axe/ghoul_axe_yellow"
                }
            }
        ]
    }
}