{
    "model": {
        "type": "range_dispatch",
        "property": "custom_model_data",
        "fallback": {
            "type": "model",
            "model": "minecraft:item/paper"
        },
        "entries": [
            {
                "threshold": 1,
                "model": {
                    "type": "model",
                    "model": "emojis/emoji-bruh"
                }
            },
            {
                "threshold": 2,
                "model": {
                    "type": "model",
                    "model": "emojis/emoji-cat"
                }
            },
            {
                "threshold": 3,
                "model": {
                    "type": "model",
                    "model": "emojis/emoji-cheems"
                }
            },
            {
                "threshold": 4,
                "model": {
                    "type": "model",
                    "model": "emojis/emoji-cheems_dorime"
                }
            },
            {
                "threshold": 5,
                "model": {
                    "type": "model",
                    "model": "emojis/emoji-doge"
                }
            },
            {
                "threshold": 6,
                "model": {
                    "type": "model",
                    "model": "emojis/emoji-flush"
                }
            },
            {
                "threshold": 7,
                "model": {
                    "type": "model",
                    "model": "emojis/emoji-kekw"
                }
            },
            {
                "threshold": 8,
                "model": {
                    "type": "model",
                    "model": "emojis/emoji-laugh"
                }
            },
            {
                "threshold": 9,
                "model": {
                    "type": "model",
                    "model": "emojis/emoji-mrincredible"
                }
            },
            {
                "threshold": 10,
                "model": {
                    "type": "model",
                    "model": "emojis/emoji-mrincredible_2"
                }
            },
            {
                "threshold": 11,
                "model": {
                    "type": "model",
                    "model": "emojis/emoji-noot_noot"
                }
            },
            {
                "threshold": 12,
                "model": {
                    "type": "model",
                    "model": "emojis/emoji-not_stonks"
                }
            },
            {
                "threshold": 13,
                "model": {
                    "type": "model",
                    "model": "emojis/emoji-oh_god"
                }
            },
            {
                "threshold": 14,
                "model": {
                    "type": "model",
                    "model": "emojis/emoji-patrickpraying"
                }
            },
            {
                "threshold": 15,
                "model": {
                    "type": "model",
                    "model": "emojis/emoji-patrik"
                }
            },
            {
                "threshold": 16,
                "model": {
                    "type": "model",
                    "model": "emojis/emoji-pop_cat"
                }
            },
            {
                "threshold": 17,
                "model": {
                    "type": "model",
                    "model": "emojis/emoji-squidward_asleep"
                }
            },
            {
                "threshold": 18,
                "model": {
                    "type": "model",
                    "model": "emojis/emoji-squidward_awake"
                }
            },
            {
                "threshold": 19,
                "model": {
                    "type": "model",
                    "model": "emojis/emoji-stonks"
                }
            },
            {
                "threshold": 20,
                "model": {
                    "type": "model",
                    "model": "emojis/emoji-uno_reverse"
                }
            },
            {
                "threshold": 21,
                "model": {
                    "type": "model",
                    "model": "emojis/emoji-meme_emoji_1"
                }
            },
            {
                "threshold": 22,
                "model": {
                    "type": "model",
                    "model": "emojis/emoji-meme_emoji_10"
                }
            },
            {
                "threshold": 23,
                "model": {
                    "type": "model",
                    "model": "emojis/emoji-meme_emoji_11"
                }
            },
            {
                "threshold": 24,
                "model": {
                    "type": "model",
                    "model": "emojis/emoji-meme_emoji_12"
                }
            },
            {
                "threshold": 25,
                "model": {
                    "type": "model",
                    "model": "emojis/emoji-meme_emoji_13"
                }
            },
            {
                "threshold": 26,
                "model": {
                    "type": "model",
                    "model": "emojis/emoji-meme_emoji_14"
                }
            },
            {
                "threshold": 27,
                "model": {
                    "type": "model",
                    "model": "emojis/emoji-meme_emoji_15"
                }
            },
            {
                "threshold": 28,
                "model": {
                    "type": "model",
                    "model": "emojis/emoji-meme_emoji_2"
                }
            },
            {
                "threshold": 29,
                "model": {
                    "type": "model",
                    "model": "emojis/emoji-meme_emoji_3"
                }
            },
            {
                "threshold": 30,
                "model": {
                    "type": "model",
                    "model": "emojis/emoji-meme_emoji_4"
                }
            },
            {
                "threshold": 31,
                "model": {
                    "type": "model",
                    "model": "emojis/emoji-meme_emoji_5"
                }
            },
            {
                "threshold": 32,
                "model": {
                    "type": "model",
                    "model": "emojis/emoji-meme_emoji_6"
                }
            },
            {
                "threshold": 33,
                "model": {
                    "type": "model",
                    "model": "emojis/emoji-meme_emoji_7"
                }
            },
            {
                "threshold": 34,
                "model": {
                    "type": "model",
                    "model": "emojis/emoji-meme_emoji_8"
                }
            },
            {
                "threshold": 35,
                "model": {
                    "type": "model",
                    "model": "emojis/emoji-meme_emoji_9"
                }
            },
            {
                "threshold": 36,
                "model": {
                    "type": "model",
                    "model": "emojis/emoji-flushedzoomed"
                }
            },
            {
                "threshold": 39,
                "model": {
                    "type": "model",
                    "model": "emojis/emoji-madge"
                }
            },
            {
                "threshold": 38,
                "model": {
                    "type": "model",
                    "model": "emojis/emoji-pepefrog"
                }
            },
            {
                "threshold": 37,
                "model": {
                    "type": "model",
                    "model": "emojis/emoji-youtried"
                }
            },
            {
                "threshold": 40,
                "model": {
                    "type": "model",
                    "model": "emojis/emoji-boar"
                }
            },
            {
                "threshold": 1000,
                "model": {
                    "type": "model",
                    "model": "emojis/pets-enderwyvern"
                }
            },
            {
                "threshold": 1001,
                "model": {
                    "type": "model",
                    "model": "emojis/pets-firedragon"
                }
            },
            {
                "threshold": 1002,
                "model": {
                    "type": "model",
                    "model": "emojis/pets-kitsune"
                }
            },
            {
                "threshold": 1003,
                "model": {
                    "type": "model",
                    "model": "emojis/pets-panda"
                }
            },
            {
                "threshold": 1004,
                "model": {
                    "type": "model",
                    "model": "emojis/pets-pegasus"
                }
            },
            {
                "threshold": 1005,
                "model": {
                    "type": "model",
                    "model": "emojis/pets-phoenix"
                }
            },
            {
                "threshold": 1006,
                "model": {
                    "type": "model",
                    "model": "emojis/pets-royalgolem"
                }
            },
            {
                "threshold": 1007,
                "model": {
                    "type": "model",
                    "model": "emojis/pets-spiritmanticore"
                }
            },
            {
                "threshold": 1008,
                "model": {
                    "type": "model",
                    "model": "emojis/pets-unicorn"
                }
            },
            {
                "threshold": 1009,
                "model": {
                    "type": "model",
                    "model": "emojis/pets-weird"
                }
            },
            {
                "threshold": 1010,
                "model": {
                    "type": "model",
                    "model": "emojis/pets-capybara"
                }
            },
            {
                "threshold": 1011,
                "model": {
                    "type": "model",
                    "model": "emojis/pets-dragon"
                }
            },
            {
                "threshold": 1012,
                "model": {
                    "type": "model",
                    "model": "emojis/pets-turtle"
                }
            },
            {
                "threshold": 10000,
                "model": {
                    "type": "model",
                    "model": "emojis/emoji-empty"
                }
            },
            {
                "threshold": 10001,
                "model": {
                    "type": "model",
                    "model": "emojis/emoji-green"
                }
            },
            {
                "threshold": 10002,
                "model": {
                    "type": "model",
                    "model": "emojis/emoji-gray"
                }
            },
            {
                "threshold": 10003,
                "model": {
                    "type": "model",
                    "model": "emojis/emoji-plus"
                }
            },
            {
                "threshold": 10004,
                "model": {
                    "type": "model",
                    "model": "emojis/emoji-offhand"
                }
            },
            {
                "threshold": 10005,
                "model": {
                    "type": "model",
                    "model": "emojis/emoji-wrenchsword"
                }
            },
            {
                "threshold": 10006,
                "model": {
                    "type": "model",
                    "model": "emojis/emoji-previousnone"
                }
            },
            {
                "threshold": 10007,
                "model": {
                    "type": "model",
                    "model": "emojis/emoji-previous"
                }
            },
            {
                "threshold": 10008,
                "model": {
                    "type": "model",
                    "model": "emojis/emoji-nextnone"
                }
            },
            {
                "threshold": 10009,
                "model": {
                    "type": "model",
                    "model": "emojis/emoji-next"
                }
            }
        ]
    }
}