{
    "model": {
        "type": "range_dispatch",
        "property": "custom_model_data",
        "fallback": {
            "type": "model",
            "model": "minecraft:block/pumpkin"
        },
        "entries": [
            {
                "threshold": 1,
                "model": {
                    "type": "model",
                    "model": "chinese/diamondhelmet"
                }
            },
            {
                "threshold": 2,
                "model": {
                    "type": "model",
                    "model": "chinese/goldhelmet"
                }
            },
            {
                "threshold": 3,
                "model": {
                    "type": "model",
                    "model": "chinese/ironhelmet"
                }
            },
            {
                "threshold": 4,
                "model": {
                    "type": "model",
                    "model": "chinese/netheritehelmet"
                }
            },
            {
                "threshold": 5,
                "model": {
                    "type": "model",
                    "model": "magma/diamondhelmet"
                }
            },
            {
                "threshold": 6,
                "model": {
                    "type": "model",
                    "model": "magma/goldhelmet"
                }
            },
            {
                "threshold": 7,
                "model": {
                    "type": "model",
                    "model": "magma/ironhelmet"
                }
            },
            {
                "threshold": 8,
                "model": {
                    "type": "model",
                    "model": "magma/netheritehelmet"
                }
            },
            {
                "threshold": 9,
                "model": {
                    "type": "model",
                    "model": "valentine/diamondhelmet"
                }
            },
            {
                "threshold": 10,
                "model": {
                    "type": "model",
                    "model": "valentine/goldhelmet"
                }
            },
            {
                "threshold": 11,
                "model": {
                    "type": "model",
                    "model": "valentine/ironhelmet"
                }
            },
            {
                "threshold": 12,
                "model": {
                    "type": "model",
                    "model": "valentine/netheritehelmet"
                }
            },
            {
                "threshold": 13,
                "model": {
                    "type": "model",
                    "model": "firework/diamondhelmet"
                }
            },
            {
                "threshold": 14,
                "model": {
                    "type": "model",
                    "model": "firework/goldhelmet"
                }
            },
            {
                "threshold": 15,
                "model": {
                    "type": "model",
                    "model": "firework/ironhelmet"
                }
            },
            {
                "threshold": 16,
                "model": {
                    "type": "model",
                    "model": "firework/netheritehelmet"
                }
            },
            {
                "threshold": 17,
                "model": {
                    "type": "model",
                    "model": "easter/diamondhelmet"
                }
            },
            {
                "threshold": 18,
                "model": {
                    "type": "model",
                    "model": "easter/goldhelmet"
                }
            },
            {
                "threshold": 19,
                "model": {
                    "type": "model",
                    "model": "easter/ironhelmet"
                }
            },
            {
                "threshold": 20,
                "model": {
                    "type": "model",
                    "model": "easter/netheritehelmet"
                }
            },
            {
                "threshold": 21,
                "model": {
                    "type": "model",
                    "model": "samurai/diamondhelmet"
                }
            },
            {
                "threshold": 22,
                "model": {
                    "type": "model",
                    "model": "samurai/goldhelmet"
                }
            },
            {
                "threshold": 23,
                "model": {
                    "type": "model",
                    "model": "samurai/ironhelmet"
                }
            },
            {
                "threshold": 24,
                "model": {
                    "type": "model",
                    "model": "samurai/netheritehelmet"
                }
            },
            {
                "threshold": 25,
                "model": {
                    "type": "model",
                    "model": "crown/crown"
                }
            },
            {
                "threshold": 26,
                "model": {
                    "type": "model",
                    "model": "crown/crown_n_1"
                }
            },
            {
                "threshold": 27,
                "model": {
                    "type": "model",
                    "model": "crown/crown_n_2"
                }
            },
            {
                "threshold": 28,
                "model": {
                    "type": "model",
                    "model": "crown/crown_n_3"
                }
            },
            {
                "threshold": 29,
                "model": {
                    "type": "model",
                    "model": "crown/crown_n_4"
                }
            },
            {
                "threshold": 30,
                "model": {
                    "type": "model",
                    "model": "crown/crown_n_5"
                }
            },
            {
                "threshold": 31,
                "model": {
                    "type": "model",
                    "model": "crown/crown_n_6"
                }
            },
            {
                "threshold": 32,
                "model": {
                    "type": "model",
                    "model": "crown/crown_n_7"
                }
            }
        ]
    }
}