{
    "model": {
        "type": "range_dispatch",
        "property": "custom_model_data",
        "fallback": {
            "type": "minecraft:condition",
            "property": "minecraft:using_item",
            "on_false": {
                "type": "minecraft:special",
                "base": "minecraft:item/shield",
                "model": {
                    "type": "minecraft:shield"
                }
            },
            "on_true": {
                "type": "minecraft:special",
                "base": "minecraft:item/shield_blocking",
                "model": {
                    "type": "minecraft:shield"
                }
            }
        },
        "entries": [
            {
                "threshold": 1,
                "model": {
                    "type": "minecraft:condition",
                    "property": "minecraft:using_item",
                    "on_false": {
                        "type": "minecraft:model",
                        "model": "heartandbloodtheme/heartshield"
                    },
                    "on_true": {
                        "type": "minecraft:model",
                        "model": "heartandbloodtheme/heartshield_block"
                    }
                }
            },
            {
                "threshold": 2,
                "model": {
                    "type": "minecraft:condition",
                    "property": "minecraft:using_item",
                    "on_false": {
                        "type": "minecraft:model",
                        "model": "lightiningtheme/lightshield"
                    },
                    "on_true": {
                        "type": "minecraft:model",
                        "model": "lightiningtheme/lightshield_block"
                    }
                }
            },
            {
                "threshold": 3,
                "model": {
                    "type": "minecraft:condition",
                    "property": "minecraft:using_item",
                    "on_false": {
                        "type": "minecraft:model",
                        "model": "christmas/noparticles/christmas_shield"
                    },
                    "on_true": {
                        "type": "minecraft:model",
                        "model": "christmas/noparticles/christmas_shield_blocking"
                    }
                }
            },
            {
                "threshold": 4,
                "model": {
                    "type": "minecraft:condition",
                    "property": "minecraft:using_item",
                    "on_false": {
                        "type": "minecraft:model",
                        "model": "christmas/christmas_shield"
                    },
                    "on_true": {
                        "type": "minecraft:model",
                        "model": "christmas/christmas_shield_blocking"
                    }
                }
            },
            {
                "threshold": 5,
                "model": {
                    "type": "minecraft:condition",
                    "property": "minecraft:using_item",
                    "on_false": {
                        "type": "minecraft:model",
                        "model": "void/noparticles/void_shield"
                    },
                    "on_true": {
                        "type": "minecraft:model",
                        "model": "void/noparticles/void_shield_blocking"
                    }
                }
            },
            {
                "threshold": 6,
                "model": {
                    "type": "minecraft:condition",
                    "property": "minecraft:using_item",
                    "on_false": {
                        "type": "minecraft:model",
                        "model": "void/void_shield"
                    },
                    "on_true": {
                        "type": "minecraft:model",
                        "model": "void/void_shield_blocking"
                    }
                }
            },
            {
                "threshold": 7,
                "model": {
                    "type": "minecraft:condition",
                    "property": "minecraft:using_item",
                    "on_false": {
                        "type": "minecraft:model",
                        "model": "magma/noparticles/magma_shield"
                    },
                    "on_true": {
                        "type": "minecraft:model",
                        "model": "magma/noparticles/magma_shield_blocking"
                    }
                }
            },
            {
                "threshold": 8,
                "model": {
                    "type": "minecraft:condition",
                    "property": "minecraft:using_item",
                    "on_false": {
                        "type": "minecraft:model",
                        "model": "magma/magma_shield"
                    },
                    "on_true": {
                        "type": "minecraft:model",
                        "model": "magma/magma_shield_blocking"
                    }
                }
            },
            {
                "threshold": 9,
                "model": {
                    "type": "minecraft:condition",
                    "property": "minecraft:using_item",
                    "on_false": {
                        "type": "minecraft:model",
                        "model": "chinese/noparticles/chinese_dragon_shield"
                    },
                    "on_true": {
                        "type": "minecraft:model",
                        "model": "chinese/noparticles/chinese_dragon_shield_blocking"
                    }
                }
            },
            {
                "threshold": 10,
                "model": {
                    "type": "minecraft:condition",
                    "property": "minecraft:using_item",
                    "on_false": {
                        "type": "minecraft:model",
                        "model": "chinese/chinese_dragon_shield"
                    },
                    "on_true": {
                        "type": "minecraft:model",
                        "model": "chinese/chinese_dragon_shield_blocking"
                    }
                }
            },
            {
                "threshold": 11,
                "model": {
                    "type": "minecraft:condition",
                    "property": "minecraft:using_item",
                    "on_false": {
                        "type": "minecraft:model",
                        "model": "valentine/noparticles/valentine_shield"
                    },
                    "on_true": {
                        "type": "minecraft:model",
                        "model": "valentine/noparticles/valentine_shield_blocking"
                    }
                }
            },
            {
                "threshold": 12,
                "model": {
                    "type": "minecraft:condition",
                    "property": "minecraft:using_item",
                    "on_false": {
                        "type": "minecraft:model",
                        "model": "valentine/valentine_shield"
                    },
                    "on_true": {
                        "type": "minecraft:model",
                        "model": "valentine/valentine_shield_blocking"
                    }
                }
            },
            {
                "threshold": 13,
                "model": {
                    "type": "minecraft:condition",
                    "property": "minecraft:using_item",
                    "on_false": {
                        "type": "minecraft:model",
                        "model": "dragon/dragonborn_shield"
                    },
                    "on_true": {
                        "type": "minecraft:model",
                        "model": "dragon/dragonborn_shield_blocking"
                    }
                }
            },
            {
                "threshold": 14,
                "model": {
                    "type": "minecraft:condition",
                    "property": "minecraft:using_item",
                    "on_false": {
                        "type": "minecraft:model",
                        "model": "patrick/shield"
                    },
                    "on_true": {
                        "type": "minecraft:model",
                        "model": "patrick/shield_blocking"
                    }
                }
            },
            {
                "threshold": 15,
                "model": {
                    "type": "minecraft:condition",
                    "property": "minecraft:using_item",
                    "on_false": {
                        "type": "minecraft:model",
                        "model": "stpatrick/shield"
                    },
                    "on_true": {
                        "type": "minecraft:model",
                        "model": "stpatrick/shield_blocking"
                    }
                }
            },
            {
                "threshold": 16,
                "model": {
                    "type": "minecraft:condition",
                    "property": "minecraft:using_item",
                    "on_false": {
                        "type": "minecraft:model",
                        "model": "firework/firework_shield"
                    },
                    "on_true": {
                        "type": "minecraft:model",
                        "model": "firework/firework_shield_blocking"
                    }
                }
            },
            {
                "threshold": 17,
                "model": {
                    "type": "minecraft:condition",
                    "property": "minecraft:using_item",
                    "on_false": {
                        "type": "minecraft:model",
                        "model": "easter/shield_easter"
                    },
                    "on_true": {
                        "type": "minecraft:model",
                        "model": "easter/shield_easter_blocking"
                    }
                }
            },
            {
                "threshold": 18,
                "model": {
                    "type": "minecraft:condition",
                    "property": "minecraft:using_item",
                    "on_false": {
                        "type": "minecraft:model",
                        "model": "samurai/shield_samurai"
                    },
                    "on_true": {
                        "type": "minecraft:model",
                        "model": "samurai/shield_samurai_blocking"
                    }
                }
            },
            {
                "threshold": 19,
                "model": {
                    "type": "minecraft:condition",
                    "property": "minecraft:using_item",
                    "on_false": {
                        "type": "minecraft:model",
                        "model": "pirate/shield_pirate"
                    },
                    "on_true": {
                        "type": "minecraft:model",
                        "model": "pirate/shield_pirate_blocking"
                    }
                }
            },
            {
                "threshold": 20,
                "model": {
                    "type": "minecraft:condition",
                    "property": "minecraft:using_item",
                    "on_false": {
                        "type": "minecraft:model",
                        "model": "heart/shield_heart_penguin"
                    },
                    "on_true": {
                        "type": "minecraft:model",
                        "model": "heart/shield_heart_penguin_blocking"
                    }
                }
            },
            {
                "threshold": 21,
                "model": {
                    "type": "minecraft:condition",
                    "property": "minecraft:using_item",
                    "on_false": {
                        "type": "minecraft:model",
                        "model": "purplelightning/shield_purple_lightning"
                    },
                    "on_true": {
                        "type": "minecraft:model",
                        "model": "purplelightning/shield_purple_lightning_blocking"
                    }
                }
            },
            {
                "threshold": 22,
                "model": {
                    "type": "minecraft:condition",
                    "property": "minecraft:using_item",
                    "on_false": {
                        "type": "minecraft:model",
                        "model": "vampire/ancient_shield_penguin"
                    },
                    "on_true": {
                        "type": "minecraft:model",
                        "model": "vampire/ancient_shield_penguin_blocking"
                    }
                }
            },
            {
                "threshold": 23,
                "model": {
                    "type": "minecraft:condition",
                    "property": "minecraft:using_item",
                    "on_false": {
                        "type": "minecraft:model",
                        "model": "fire/fire_shield"
                    },
                    "on_true": {
                        "type": "minecraft:model",
                        "model": "fire/fire_shield_blocking"
                    }
                }
            },
            {
                "threshold": 24,
                "model": {
                    "type": "minecraft:condition",
                    "property": "minecraft:using_item",
                    "on_false": {
                        "type": "minecraft:model",
                        "model": "lightning/lightning_shield"
                    },
                    "on_true": {
                        "type": "minecraft:model",
                        "model": "lightning/lightning_shield_1"
                    }
                }
            }
        ]
    },
    "display": {
        "firstperson_lefthand": {
            "rotation": [
                0,
                180,
                5
            ],
            "scale": [
                1.25,
                1.25,
                1.25
            ],
            "translation": [
                10,
                0,
                -10
            ]
        },
        "firstperson_righthand": {
            "rotation": [
                0,
                180,
                5
            ],
            "scale": [
                1.25,
                1.25,
                1.25
            ],
            "translation": [
                -10,
                2,
                -10
            ]
        },
        "fixed": {
            "rotation": [
                0,
                180,
                0
            ],
            "scale": [
                0.5,
                0.5,
                0.5
            ],
            "translation": [
                -2,
                4,
                -5
            ]
        },
        "ground": {
            "rotation": [
                0,
                0,
                0
            ],
            "scale": [
                0.25,
                0.25,
                0.25
            ],
            "translation": [
                4,
                4,
                2
            ]
        },
        "gui": {
            "rotation": [
                15,
                -25,
                -5
            ],
            "scale": [
                0.65,
                0.65,
                0.65
            ],
            "translation": [
                2,
                3,
                0
            ]
        },
        "thirdperson_lefthand": {
            "rotation": [
                0,
                90,
                0
            ],
            "scale": [
                1,
                1,
                1
            ],
            "translation": [
                10,
                6,
                12
            ]
        },
        "thirdperson_righthand": {
            "rotation": [
                0,
                90,
                0
            ],
            "scale": [
                1,
                1,
                1
            ],
            "translation": [
                10,
                6,
                -4
            ]
        }
    }
}