{"textures":{"2":"modelengine:entity/azriel"},"elements":[{"from":[-2.5,4.5,3.5],"to":[18.5,13.5,13.5],"faces":{"east":{"uv":[9.5,7.6875,8.875,8.25],"tintindex":0,"rotation":0,"texture":"#2"},"south":{"uv":[7.25,5.8125,8.5625,6.375],"tintindex":0,"rotation":0,"texture":"#2"},"north":{"uv":[7.25,5.25,8.5625,5.8125],"tintindex":0,"rotation":0,"texture":"#2"},"west":{"uv":[8.875,7.6875,9.5,8.25],"tintindex":0,"rotation":0,"texture":"#2"},"up":{"uv":[8.3125,4.625,7.0,4.0],"tintindex":0,"rotation":0,"texture":"#2"},"down":{"uv":[8.3125,4.625,7.0,5.25],"tintindex":0,"rotation":0,"texture":"#2"}}},{"from":[0.5,-8.130901,1.5897331],"to":[15.5,6.8691025,10.589733],"faces":{"east":{"uv":[8.4375,6.375,7.875,7.3125],"tintindex":0,"rotation":0,"texture":"#2"},"south":{"uv":[6.75,2.0,7.6875,2.9375],"tintindex":0,"rotation":0,"texture":"#2"},"north":{"uv":[6.75,1.0625,7.6875,2.0],"tintindex":0,"rotation":0,"texture":"#2"},"west":{"uv":[7.875,6.375,8.4375,7.3125],"tintindex":0,"rotation":0,"texture":"#2"},"up":{"uv":[8.875,7.875,7.9375,7.3125],"tintindex":0,"rotation":0,"texture":"#2"},"down":{"uv":[8.875,7.875,7.9375,8.4375],"tintindex":0,"rotation":0,"texture":"#2"}},"rotation":{"origin":[8.0,-1.6309013,6.089733],"angle":22.5,"axis":"x"}}]}