{
	"credit": "Made with Blockbench",
	"texture_size": [32, 32],
	"textures": {
		"0": "item/crown/crown",
		"particle": "item/crown/crown"
	},
	"elements": [
		{
			"from": [3.242, 6.742, 3.242],
			"to": [12.758, 9.008, 4.008],
			"rotation": {"angle": 0, "axis": "y", "origin": [7, 7, 2]},
			"faces": {
				"north": {"uv": [0, 0, 4.75, 1.25], "texture": "#0"},
				"east": {"uv": [2, 6, 2.5, 7.25], "texture": "#0"},
				"south": {"uv": [0, 1.5, 4.75, 2.75], "texture": "#0"},
				"west": {"uv": [2.5, 6, 3, 7.25], "texture": "#0"},
				"up": {"uv": [9.75, 3.5, 5, 3], "texture": "#0"},
				"down": {"uv": [9.75, 3.5, 5, 4], "texture": "#0"}
			}
		},
		{
			"from": [7.048, 8.998, 3.248],
			"to": [8.952, 11.002, 4.002],
			"rotation": {"angle": 0, "axis": "y", "origin": [7, 7, 2]},
			"faces": {
				"north": {"uv": [0, 6, 1, 7], "texture": "#0"},
				"south": {"uv": [1, 6, 2, 7], "texture": "#0"}
			}
		},
		{
			"from": [9.244, 9.494, 3.244],
			"to": [11.756, 10.506, 4.006],
			"rotation": {"angle": -22.5, "axis": "z", "origin": [8, 9.5, 3.625]},
			"faces": {
				"north": {"uv": [6, 5, 7.25, 5.5], "texture": "#0"},
				"south": {"uv": [6, 5.5, 7.25, 6], "texture": "#0"},
				"up": {"uv": [7.25, 6.5, 6, 6], "texture": "#0"}
			}
		},
		{
			"from": [8.49704, 8.95123, 3.246],
			"to": [9.50504, 11.63423, 4.004],
			"rotation": {"angle": 22.5, "axis": "z", "origin": [9.00104, 10.20523, 3.625]},
			"faces": {
				"north": {"uv": [4, 6, 4.5, 7.25], "texture": "#0"},
				"east": {"uv": [4.5, 6, 5, 7.25], "texture": "#0"},
				"south": {"uv": [1.5, 7, 2, 8.25], "texture": "#0"}
			}
		},
		{
			"from": [6.81835, 10.9678, 3.25],
			"to": [8.11835, 12.2678, 4],
			"rotation": {"angle": 45, "axis": "z", "origin": [7.61835, 12.3053, 3.625]},
			"faces": {
				"north": {"uv": [7.5, 6.5, 8.25, 7.25], "texture": "#0"},
				"east": {"uv": [1.5, 8.5, 2, 9.25], "texture": "#0"},
				"south": {"uv": [7.5, 7.5, 8.25, 8.25], "texture": "#0"},
				"up": {"uv": [9.75, 1.5, 9, 1], "texture": "#0"}
			}
		},
		{
			"from": [6.49496, 8.95123, 3.246],
			"to": [7.50296, 11.63423, 4.004],
			"rotation": {"angle": -22.5, "axis": "z", "origin": [6.99896, 10.20523, 3.625]},
			"faces": {
				"north": {"uv": [0, 7.5, 0.5, 8.75], "texture": "#0"},
				"south": {"uv": [0.5, 7.5, 1, 8.75], "texture": "#0"},
				"west": {"uv": [1, 7.5, 1.5, 8.75], "texture": "#0"}
			}
		},
		{
			"from": [4.244, 9.494, 3.244],
			"to": [6.756, 10.506, 4.006],
			"rotation": {"angle": 22.5, "axis": "z", "origin": [8, 9.5, 3.625]},
			"faces": {
				"north": {"uv": [6, 6.5, 7.25, 7], "texture": "#0"},
				"south": {"uv": [0, 7, 1.25, 7.5], "texture": "#0"},
				"up": {"uv": [7.25, 7.5, 6, 7], "texture": "#0"}
			}
		},
		{
			"from": [5.78753, 5.25, 3.25],
			"to": [8.28753, 6.25, 4],
			"rotation": {"angle": -22.5, "axis": "z", "origin": [9.53753, 6.25, 3.625]},
			"faces": {
				"north": {"uv": [7.5, 5.5, 8.75, 6], "texture": "#0"},
				"south": {"uv": [6, 7.5, 7.25, 8], "texture": "#0"},
				"down": {"uv": [8.75, 6, 7.5, 6.5], "texture": "#0"}
			}
		},
		{
			"from": [7.71047, 5.248, 3.248],
			"to": [10.21447, 6.252, 4.002],
			"rotation": {"angle": 22.5, "axis": "z", "origin": [6.46247, 6.25, 3.625]},
			"faces": {
				"north": {"uv": [2, 7.5, 3.25, 8], "texture": "#0"},
				"south": {"uv": [3.5, 7.5, 4.75, 8], "texture": "#0"},
				"down": {"uv": [8.75, 5, 7.5, 5.5], "texture": "#0"}
			}
		},
		{
			"from": [3.25, 8.25508, 4.37222],
			"to": [4, 9.73008, 5.84722],
			"rotation": {"angle": -45, "axis": "x", "origin": [3.625, 8.99258, 5.10972]},
			"faces": {
				"east": {"uv": [2, 8, 2.75, 8.75], "texture": "#0"},
				"south": {"uv": [1, 9, 1.5, 9.75], "texture": "#0"},
				"west": {"uv": [3, 8, 3.75, 8.75], "texture": "#0"},
				"up": {"uv": [9.5, 2.25, 9, 1.5], "texture": "#0"}
			}
		},
		{
			"from": [3.25, 8.25508, 10.15278],
			"to": [4, 9.73008, 11.62778],
			"rotation": {"angle": 45, "axis": "x", "origin": [3.625, 8.99258, 10.89028]},
			"faces": {
				"north": {"uv": [3, 9, 3.5, 9.75], "texture": "#0"},
				"east": {"uv": [8.5, 6.5, 9.25, 7.25], "texture": "#0"},
				"west": {"uv": [7, 8.5, 7.75, 9.25], "texture": "#0"},
				"up": {"uv": [4, 9.75, 3.5, 9], "texture": "#0"}
			}
		},
		{
			"from": [3.25, 8.53023, 6.95178],
			"to": [4, 10.00523, 8.42678],
			"rotation": {"angle": -45, "axis": "x", "origin": [3.625, 9.50523, 8.17678]},
			"faces": {
				"east": {"uv": [4, 8, 4.75, 8.75], "texture": "#0"},
				"south": {"uv": [2, 9, 2.5, 9.75], "texture": "#0"},
				"west": {"uv": [6, 8, 6.75, 8.75], "texture": "#0"},
				"up": {"uv": [3, 9.75, 2.5, 9], "texture": "#0"}
			}
		},
		{
			"from": [5.21876, 10.29882, 12],
			"to": [6.69376, 11.77382, 12.75],
			"rotation": {"angle": 45, "axis": "z", "origin": [8, 8.99258, 12.375]},
			"faces": {
				"north": {"uv": [0, 9, 0.75, 9.75], "texture": "#0"},
				"east": {"uv": [4.5, 9, 5, 9.75], "texture": "#0"},
				"south": {"uv": [9, 0, 9.75, 0.75], "texture": "#0"},
				"up": {"uv": [5.75, 9.5, 5, 9], "texture": "#0"}
			}
		},
		{
			"from": [9.30624, 10.29882, 12],
			"to": [10.78124, 11.77382, 12.75],
			"rotation": {"angle": -45, "axis": "z", "origin": [8, 8.99258, 12.375]},
			"faces": {
				"north": {"uv": [0.75, 9, 0, 9.75], "texture": "#0"},
				"south": {"uv": [9.75, 0, 9, 0.75], "texture": "#0"},
				"west": {"uv": [5, 9, 4.5, 9.75], "texture": "#0"},
				"up": {"uv": [5, 9.5, 5.75, 9], "texture": "#0"}
			}
		},
		{
			"from": [7.2625, 8.25508, 12],
			"to": [8.7375, 9.73008, 12.75],
			"rotation": {"angle": -45, "axis": "z", "origin": [8, 8.99258, 12.375]},
			"faces": {
				"north": {"uv": [8.5, 7.5, 9.25, 8.25], "texture": "#0"},
				"south": {"uv": [8, 8.5, 8.75, 9.25], "texture": "#0"},
				"west": {"uv": [4, 9, 4.5, 9.75], "texture": "#0"},
				"up": {"uv": [9.75, 3, 9, 2.5], "texture": "#0"}
			}
		},
		{
			"from": [3.242, 6.742, 11.992],
			"to": [12.758, 9.008, 12.758],
			"rotation": {"angle": 0, "axis": "y", "origin": [7, 7, 14]},
			"faces": {
				"north": {"uv": [0, 3, 4.75, 4.25], "texture": "#0"},
				"east": {"uv": [3, 6, 3.5, 7.25], "texture": "#0"},
				"south": {"uv": [0, 4.5, 4.75, 5.75], "texture": "#0"},
				"west": {"uv": [3.5, 6, 4, 7.25], "texture": "#0"},
				"up": {"uv": [9.75, 4.5, 5, 4], "texture": "#0"},
				"down": {"uv": [9.75, 4.5, 5, 5], "texture": "#0"}
			}
		},
		{
			"from": [3.242, 6.742, 3.992],
			"to": [4.008, 9.008, 12.008],
			"rotation": {"angle": 0, "axis": "y", "origin": [8, 8, 8]},
			"faces": {
				"east": {"uv": [5, 0, 9, 1.25], "texture": "#0"},
				"west": {"uv": [5, 1.5, 9, 2.75], "texture": "#0"},
				"up": {"uv": [5.5, 9, 5, 5], "texture": "#0"},
				"down": {"uv": [6, 5, 5.5, 9], "texture": "#0"}
			}
		},
		{
			"from": [12, 8.25508, 10.15278],
			"to": [12.75, 9.73008, 11.62778],
			"rotation": {"angle": 45, "axis": "x", "origin": [12.375, 8.99258, 10.89028]},
			"faces": {
				"north": {"uv": [3.5, 9, 3, 9.75], "texture": "#0"},
				"east": {"uv": [7.75, 8.5, 7, 9.25], "texture": "#0"},
				"west": {"uv": [9.25, 6.5, 8.5, 7.25], "texture": "#0"},
				"up": {"uv": [3.5, 9.75, 4, 9], "texture": "#0"}
			}
		},
		{
			"from": [12, 8.53023, 6.95178],
			"to": [12.75, 10.00523, 8.42678],
			"rotation": {"angle": -45, "axis": "x", "origin": [12.375, 9.50523, 8.17678]},
			"faces": {
				"east": {"uv": [6.75, 8, 6, 8.75], "texture": "#0"},
				"south": {"uv": [2.5, 9, 2, 9.75], "texture": "#0"},
				"west": {"uv": [4.75, 8, 4, 8.75], "texture": "#0"},
				"up": {"uv": [2.5, 9.75, 3, 9], "texture": "#0"}
			}
		},
		{
			"from": [11.992, 6.742, 3.992],
			"to": [12.758, 9.008, 12.008],
			"rotation": {"angle": 0, "axis": "y", "origin": [8, 8, 8]},
			"faces": {
				"east": {"uv": [9, 1.5, 5, 2.75], "texture": "#0"},
				"west": {"uv": [9, 0, 5, 1.25], "texture": "#0"},
				"up": {"uv": [5, 9, 5.5, 5], "texture": "#0"},
				"down": {"uv": [5.5, 5, 6, 9], "texture": "#0"}
			}
		},
		{
			"from": [12, 8.25508, 4.37222],
			"to": [12.75, 9.73008, 5.84722],
			"rotation": {"angle": -45, "axis": "x", "origin": [12.375, 8.99258, 5.10972]},
			"faces": {
				"east": {"uv": [3.75, 8, 3, 8.75], "texture": "#0"},
				"south": {"uv": [1.5, 9, 1, 9.75], "texture": "#0"},
				"west": {"uv": [2.75, 8, 2, 8.75], "texture": "#0"},
				"up": {"uv": [9, 2.25, 9.5, 1.5], "texture": "#0"}
			}
		},
		{
			"name": "heart",
			"from": [7.8, 6.35, 2.825],
			"to": [8.2, 6.75, 3.225],
			"rotation": {"angle": 0, "axis": "y", "origin": [8, 6.55, 3.025]},
			"faces": {
				"north": {"uv": [9, 5.5, 9.25, 5.75], "texture": "#0"},
				"east": {"uv": [9, 5.5, 9.25, 5.75], "texture": "#0"},
				"south": {"uv": [9, 5.5, 9.25, 5.75], "texture": "#0"},
				"west": {"uv": [9, 5.5, 9.25, 5.75], "texture": "#0"},
				"down": {"uv": [9, 5.5, 9.25, 5.75], "texture": "#0"}
			}
		},
		{
			"name": "heart",
			"from": [7.4, 6.75, 2.825],
			"to": [7.8, 7.15, 3.225],
			"rotation": {"angle": 0, "axis": "y", "origin": [7.6, 6.95, 3.025]},
			"faces": {
				"north": {"uv": [9, 5.5, 9.25, 5.75], "texture": "#0"},
				"south": {"uv": [9, 5.5, 9.25, 5.75], "texture": "#0"},
				"west": {"uv": [9, 5.5, 9.25, 5.75], "texture": "#0"},
				"down": {"uv": [9, 5.5, 9.25, 5.75], "texture": "#0"}
			}
		},
		{
			"name": "heart",
			"from": [7, 7.15, 2.825],
			"to": [7.4, 7.55, 3.225],
			"rotation": {"angle": 0, "axis": "y", "origin": [7.2, 7.35, 3.025]},
			"faces": {
				"north": {"uv": [9, 5.5, 9.25, 5.75], "texture": "#0"},
				"south": {"uv": [9, 5.5, 9.25, 5.75], "texture": "#0"},
				"west": {"uv": [9, 5.5, 9.25, 5.75], "texture": "#0"},
				"down": {"uv": [9, 5.5, 9.25, 5.75], "texture": "#0"}
			}
		},
		{
			"name": "heart",
			"from": [6.6, 7.55, 2.825],
			"to": [7, 7.95, 3.225],
			"rotation": {"angle": 0, "axis": "y", "origin": [6.8, 7.75, 3.025]},
			"faces": {
				"north": {"uv": [9, 5.5, 9.25, 5.75], "texture": "#0"},
				"south": {"uv": [9, 5.5, 9.25, 5.75], "texture": "#0"},
				"west": {"uv": [9, 5.5, 9.25, 5.75], "texture": "#0"},
				"down": {"uv": [9, 5.5, 9.25, 5.75], "texture": "#0"}
			}
		},
		{
			"name": "heart",
			"from": [6.6, 9.15, 2.825],
			"to": [7, 9.55, 3.225],
			"rotation": {"angle": 0, "axis": "y", "origin": [6.8, 9.35, 3.025]},
			"faces": {
				"north": {"uv": [9, 5.5, 9.25, 5.75], "texture": "#0"},
				"south": {"uv": [9, 5.5, 9.25, 5.75], "texture": "#0"},
				"west": {"uv": [9, 5.5, 9.25, 5.75], "texture": "#0"},
				"up": {"uv": [9, 5.5, 9.25, 5.75], "texture": "#0"}
			}
		},
		{
			"name": "heart",
			"from": [7, 9.55, 2.825],
			"to": [7.8, 9.95, 3.225],
			"rotation": {"angle": 0, "axis": "y", "origin": [7.2, 9.75, 3.025]},
			"faces": {
				"north": {"uv": [9, 5.5, 9.25, 5.75], "texture": "#0"},
				"east": {"uv": [9, 5.5, 9.25, 5.75], "texture": "#0"},
				"south": {"uv": [9, 5.5, 9.25, 5.75], "texture": "#0"},
				"west": {"uv": [9, 5.5, 9.25, 5.75], "texture": "#0"},
				"up": {"uv": [9, 5.5, 9.25, 5.75], "texture": "#0"}
			}
		},
		{
			"name": "heart",
			"from": [7.8, 9.15, 2.825],
			"to": [8.2, 9.55, 3.225],
			"rotation": {"angle": 0, "axis": "y", "origin": [8, 9.35, 3.025]},
			"faces": {
				"north": {"uv": [9, 5.5, 9.25, 5.75], "texture": "#0"},
				"south": {"uv": [9, 5.5, 9.25, 5.75], "texture": "#0"},
				"up": {"uv": [9, 5.5, 9.25, 5.75], "texture": "#0"}
			}
		},
		{
			"name": "heart",
			"from": [6.6, 8.35, 2.825],
			"to": [9.4, 9.15, 3.225],
			"rotation": {"angle": 0, "axis": "y", "origin": [8, 9.35, 3.025]},
			"faces": {
				"north": {"uv": [9, 5, 9.25, 5.25], "texture": "#0"},
				"south": {"uv": [9, 5, 9.25, 5.25], "texture": "#0"}
			}
		},
		{
			"name": "heart",
			"from": [7, 7.95, 2.825],
			"to": [9, 8.35, 3.225],
			"rotation": {"angle": 0, "axis": "y", "origin": [8, 9.35, 3.025]},
			"faces": {
				"north": {"uv": [9, 5, 9.25, 5.25], "texture": "#0"},
				"south": {"uv": [9, 5, 9.25, 5.25], "texture": "#0"}
			}
		},
		{
			"name": "heart",
			"from": [7.4, 7.55, 2.825],
			"to": [8.6, 7.95, 3.225],
			"rotation": {"angle": 0, "axis": "y", "origin": [8, 9.35, 3.025]},
			"faces": {
				"north": {"uv": [9, 5, 9.25, 5.25], "texture": "#0"},
				"south": {"uv": [9, 5, 9.25, 5.25], "texture": "#0"}
			}
		},
		{
			"name": "heart",
			"from": [7.8, 7.15, 2.825],
			"to": [8.2, 7.55, 3.225],
			"rotation": {"angle": 0, "axis": "y", "origin": [8, 9.35, 3.025]},
			"faces": {
				"north": {"uv": [9, 5, 9.25, 5.25], "texture": "#0"},
				"south": {"uv": [9, 5, 9.25, 5.25], "texture": "#0"}
			}
		},
		{
			"name": "heart",
			"from": [7, 7.55, 2.825],
			"to": [7.4, 7.95, 3.225],
			"rotation": {"angle": 0, "axis": "y", "origin": [8.4, 8.95, 3.025]},
			"faces": {
				"north": {"uv": [7, 8, 7.25, 8.25], "texture": "#0"},
				"south": {"uv": [7, 8, 7.25, 8.25], "texture": "#0"}
			}
		},
		{
			"name": "heart",
			"from": [7.4, 7.15, 2.825],
			"to": [7.8, 7.55, 3.225],
			"rotation": {"angle": 0, "axis": "y", "origin": [8.8, 8.55, 3.025]},
			"faces": {
				"north": {"uv": [7, 8, 7.25, 8.25], "texture": "#0"},
				"south": {"uv": [7, 8, 7.25, 8.25], "texture": "#0"}
			}
		},
		{
			"name": "heart",
			"from": [7.8, 6.75, 2.825],
			"to": [8.2, 7.15, 3.225],
			"rotation": {"angle": 0, "axis": "y", "origin": [9.2, 8.15, 3.025]},
			"faces": {
				"north": {"uv": [7, 8, 7.25, 8.25], "texture": "#0"},
				"south": {"uv": [7, 8, 7.25, 8.25], "texture": "#0"}
			}
		},
		{
			"name": "heart",
			"from": [6.6, 7.95, 2.825],
			"to": [7, 8.35, 3.225],
			"rotation": {"angle": 0, "axis": "y", "origin": [8, 9.35, 3.025]},
			"faces": {
				"north": {"uv": [7, 8, 7.25, 8.25], "texture": "#0"},
				"south": {"uv": [7, 8, 7.25, 8.25], "texture": "#0"}
			}
		},
		{
			"name": "heart",
			"from": [7, 9.15, 2.825],
			"to": [7.8, 9.55, 3.225],
			"rotation": {"angle": 0, "axis": "y", "origin": [8, 9.35, 3.025]},
			"faces": {
				"north": {"uv": [9, 5, 9.25, 5.25], "texture": "#0"},
				"south": {"uv": [9, 5, 9.25, 5.25], "texture": "#0"}
			}
		},
		{
			"name": "heart",
			"from": [6.2, 7.95, 2.825],
			"to": [6.6, 9.15, 3.225],
			"rotation": {"angle": 0, "axis": "y", "origin": [6.4, 8.15, 3.025]},
			"faces": {
				"north": {"uv": [9, 5.5, 9.25, 5.75], "texture": "#0"},
				"south": {"uv": [9, 5.5, 9.25, 5.75], "texture": "#0"},
				"west": {"uv": [9, 5.5, 9.25, 5.75], "texture": "#0"},
				"up": {"uv": [9, 5.5, 9.25, 5.75], "texture": "#0"},
				"down": {"uv": [9, 5.5, 9.25, 5.75], "texture": "#0"}
			}
		},
		{
			"name": "heart",
			"from": [8.2, 6.75, 2.825],
			"to": [8.6, 7.15, 3.225],
			"rotation": {"angle": 0, "axis": "y", "origin": [8.4, 6.95, 3.025]},
			"faces": {
				"north": {"uv": [9.25, 5.5, 9, 5.75], "texture": "#0"},
				"east": {"uv": [9.25, 5.5, 9, 5.75], "texture": "#0"},
				"south": {"uv": [9.25, 5.5, 9, 5.75], "texture": "#0"},
				"down": {"uv": [9.25, 5.5, 9, 5.75], "texture": "#0"}
			}
		},
		{
			"name": "heart",
			"from": [8.2, 7.15, 2.825],
			"to": [8.6, 7.55, 3.225],
			"rotation": {"angle": 0, "axis": "y", "origin": [7.2, 8.55, 3.025]},
			"faces": {
				"north": {"uv": [7.25, 8, 7, 8.25], "texture": "#0"},
				"south": {"uv": [7.25, 8, 7, 8.25], "texture": "#0"}
			}
		},
		{
			"name": "heart",
			"from": [8.6, 7.15, 2.825],
			"to": [9, 7.55, 3.225],
			"rotation": {"angle": 0, "axis": "y", "origin": [8.8, 7.35, 3.025]},
			"faces": {
				"north": {"uv": [9.25, 5.5, 9, 5.75], "texture": "#0"},
				"east": {"uv": [9.25, 5.5, 9, 5.75], "texture": "#0"},
				"south": {"uv": [9.25, 5.5, 9, 5.75], "texture": "#0"},
				"down": {"uv": [9.25, 5.5, 9, 5.75], "texture": "#0"}
			}
		},
		{
			"name": "heart",
			"from": [8.6, 7.55, 2.825],
			"to": [9, 7.95, 3.225],
			"rotation": {"angle": 0, "axis": "y", "origin": [7.6, 8.95, 3.025]},
			"faces": {
				"north": {"uv": [7.25, 8, 7, 8.25], "texture": "#0"},
				"south": {"uv": [7.25, 8, 7, 8.25], "texture": "#0"}
			}
		},
		{
			"name": "heart",
			"from": [9, 7.55, 2.825],
			"to": [9.4, 7.95, 3.225],
			"rotation": {"angle": 0, "axis": "y", "origin": [9.2, 7.75, 3.025]},
			"faces": {
				"north": {"uv": [9.25, 5.5, 9, 5.75], "texture": "#0"},
				"east": {"uv": [9.25, 5.5, 9, 5.75], "texture": "#0"},
				"south": {"uv": [9.25, 5.5, 9, 5.75], "texture": "#0"},
				"down": {"uv": [9.25, 5.5, 9, 5.75], "texture": "#0"}
			}
		},
		{
			"name": "heart",
			"from": [9, 7.95, 2.825],
			"to": [9.4, 8.35, 3.225],
			"rotation": {"angle": 0, "axis": "y", "origin": [8, 9.35, 3.025]},
			"faces": {
				"north": {"uv": [7.25, 8, 7, 8.25], "texture": "#0"},
				"south": {"uv": [7.25, 8, 7, 8.25], "texture": "#0"}
			}
		},
		{
			"name": "heart",
			"from": [8.2, 9.15, 2.825],
			"to": [9, 9.55, 3.225],
			"rotation": {"angle": 0, "axis": "y", "origin": [8, 9.35, 3.025]},
			"faces": {
				"north": {"uv": [9.25, 5, 9, 5.25], "texture": "#0"},
				"south": {"uv": [9.25, 5, 9, 5.25], "texture": "#0"}
			}
		},
		{
			"name": "heart",
			"from": [9.4, 7.95, 2.825],
			"to": [9.8, 9.15, 3.225],
			"rotation": {"angle": 0, "axis": "y", "origin": [9.6, 8.15, 3.025]},
			"faces": {
				"north": {"uv": [9.25, 5.5, 9, 5.75], "texture": "#0"},
				"east": {"uv": [9.25, 5.5, 9, 5.75], "texture": "#0"},
				"south": {"uv": [9.25, 5.5, 9, 5.75], "texture": "#0"},
				"up": {"uv": [9.25, 5.5, 9, 5.75], "texture": "#0"},
				"down": {"uv": [9.25, 5.5, 9, 5.75], "texture": "#0"}
			}
		},
		{
			"name": "heart",
			"from": [9, 9.15, 2.825],
			"to": [9.4, 9.55, 3.225],
			"rotation": {"angle": 0, "axis": "y", "origin": [9.2, 9.35, 3.025]},
			"faces": {
				"north": {"uv": [9.25, 5.5, 9, 5.75], "texture": "#0"},
				"east": {"uv": [9.25, 5.5, 9, 5.75], "texture": "#0"},
				"south": {"uv": [9.25, 5.5, 9, 5.75], "texture": "#0"},
				"up": {"uv": [9.25, 5.5, 9, 5.75], "texture": "#0"}
			}
		},
		{
			"name": "heart",
			"from": [8.2, 9.55, 2.825],
			"to": [9, 9.95, 3.225],
			"rotation": {"angle": 0, "axis": "y", "origin": [8.8, 9.75, 3.025]},
			"faces": {
				"north": {"uv": [9.25, 5.5, 9, 5.75], "texture": "#0"},
				"east": {"uv": [9.25, 5.5, 9, 5.75], "texture": "#0"},
				"south": {"uv": [9.25, 5.5, 9, 5.75], "texture": "#0"},
				"west": {"uv": [9.25, 5.5, 9, 5.75], "texture": "#0"},
				"up": {"uv": [9.25, 5.5, 9, 5.75], "texture": "#0"}
			}
		},
		{
			"from": [8.3498, 8.8498, 2.6498],
			"to": [8.7002, 9.1502, 2.8252],
			"rotation": {"angle": 0, "axis": "y", "origin": [8.525, 9.025, 2.7375]},
			"faces": {
				"north": {"uv": [9, 5.25, 9.2375, 5.5], "texture": "#0"},
				"east": {"uv": [9, 5.25, 9.2375, 5.5], "texture": "#0"},
				"south": {"uv": [9, 5.25, 9.2375, 5.5], "texture": "#0"},
				"west": {"uv": [9, 5.25, 9.2375, 5.5], "texture": "#0"},
				"up": {"uv": [9, 5.25, 9.2375, 5.5], "texture": "#0"},
				"down": {"uv": [9, 5.25, 9.2375, 5.5], "texture": "#0"}
			}
		},
		{
			"from": [8.50607, 8.6818, 2.65],
			"to": [8.93107, 8.9818, 2.825],
			"rotation": {"angle": -45, "axis": "z", "origin": [8.80607, 8.8318, 2.7375]},
			"faces": {
				"north": {"uv": [9, 5.25, 9.2375, 5.5], "texture": "#0"},
				"east": {"uv": [9, 5.25, 9.2375, 5.5], "texture": "#0"},
				"south": {"uv": [9, 5.25, 9.2375, 5.5], "texture": "#0"},
				"west": {"uv": [9, 5.25, 9.2375, 5.5], "texture": "#0"},
				"up": {"uv": [9, 5.25, 9.2375, 5.5], "texture": "#0"},
				"down": {"uv": [9, 5.25, 9.2375, 5.5], "texture": "#0"}
			}
		},
		{
			"from": [8.09331, 8.74367, 2.65],
			"to": [8.51831, 9.04367, 2.825],
			"rotation": {"angle": 45, "axis": "z", "origin": [8.30581, 8.89367, 2.7375]},
			"faces": {
				"north": {"uv": [9, 5.25, 9.2375, 5.5], "texture": "#0"},
				"east": {"uv": [9, 5.25, 9.2375, 5.5], "texture": "#0"},
				"south": {"uv": [9, 5.25, 9.2375, 5.5], "texture": "#0"},
				"west": {"uv": [9, 5.25, 9.2375, 5.5], "texture": "#0"},
				"up": {"uv": [9, 5.25, 9.2375, 5.5], "texture": "#0"},
				"down": {"uv": [9, 5.25, 9.2375, 5.5], "texture": "#0"}
			}
		},
		{
			"from": [8.59367, 8.29331, 2.65],
			"to": [8.89367, 8.71831, 2.825],
			"rotation": {"angle": -45, "axis": "z", "origin": [8.74367, 8.50581, 2.7375]},
			"faces": {
				"north": {"uv": [9, 5.25, 9.2375, 5.5], "texture": "#0"},
				"east": {"uv": [9, 5.25, 9.2375, 5.5], "texture": "#0"},
				"south": {"uv": [9, 5.25, 9.2375, 5.5], "texture": "#0"},
				"west": {"uv": [9, 5.25, 9.2375, 5.5], "texture": "#0"},
				"up": {"uv": [9, 5.25, 9.2375, 5.5], "texture": "#0"},
				"down": {"uv": [9, 5.25, 9.2375, 5.5], "texture": "#0"}
			}
		},
		{
			"from": [8.20581, 8.08117, 2.65],
			"to": [8.50581, 8.50617, 2.825],
			"rotation": {"angle": -45, "axis": "z", "origin": [8.35581, 8.29367, 2.7375]},
			"faces": {
				"north": {"uv": [9, 5.25, 9.2375, 5.5], "texture": "#0"},
				"east": {"uv": [9, 5.25, 9.2375, 5.5], "texture": "#0"},
				"south": {"uv": [9, 5.25, 9.2375, 5.5], "texture": "#0"},
				"west": {"uv": [9, 5.25, 9.2375, 5.5], "texture": "#0"},
				"up": {"uv": [9, 5.25, 9.2375, 5.5], "texture": "#0"},
				"down": {"uv": [9, 5.25, 9.2375, 5.5], "texture": "#0"}
			}
		},
		{
			"from": [8.11768, 7.69445, 2.65],
			"to": [8.54268, 7.99445, 2.825],
			"rotation": {"angle": -45, "axis": "z", "origin": [8.41768, 7.84445, 2.7375]},
			"faces": {
				"north": {"uv": [9, 5.25, 9.2375, 5.5], "texture": "#0"},
				"east": {"uv": [9, 5.25, 9.2375, 5.5], "texture": "#0"},
				"south": {"uv": [9, 5.25, 9.2375, 5.5], "texture": "#0"},
				"west": {"uv": [9, 5.25, 9.2375, 5.5], "texture": "#0"},
				"up": {"uv": [9, 5.25, 9.2375, 5.5], "texture": "#0"},
				"down": {"uv": [9, 5.25, 9.2375, 5.5], "texture": "#0"}
			}
		},
		{
			"from": [8.3998, 7.6498, 2.6498],
			"to": [8.7502, 7.9502, 2.8252],
			"rotation": {"angle": 0, "axis": "y", "origin": [8.525, 7.825, 2.7375]},
			"faces": {
				"north": {"uv": [9, 5.25, 9.2375, 5.5], "texture": "#0"},
				"east": {"uv": [9, 5.25, 9.2375, 5.5], "texture": "#0"},
				"south": {"uv": [9, 5.25, 9.2375, 5.5], "texture": "#0"},
				"west": {"uv": [9, 5.25, 9.2375, 5.5], "texture": "#0"},
				"up": {"uv": [9, 5.25, 9.2375, 5.5], "texture": "#0"},
				"down": {"uv": [9, 5.25, 9.2375, 5.5], "texture": "#0"}
			}
		},
		{
			"from": [8.59268, 7.72981, 2.65],
			"to": [9.04268, 8.02981, 2.825],
			"rotation": {"angle": 45, "axis": "z", "origin": [8.76768, 7.87981, 2.7375]},
			"faces": {
				"north": {"uv": [9, 5.25, 9.2375, 5.5], "texture": "#0"},
				"east": {"uv": [9, 5.25, 9.2375, 5.5], "texture": "#0"},
				"south": {"uv": [9, 5.25, 9.2375, 5.5], "texture": "#0"},
				"west": {"uv": [9, 5.25, 9.2375, 5.5], "texture": "#0"},
				"up": {"uv": [9, 5.25, 9.2375, 5.5], "texture": "#0"},
				"down": {"uv": [9, 5.25, 9.2375, 5.5], "texture": "#0"}
			}
		},
		{
			"from": [6.95, 7.65, 2.65],
			"to": [7.85, 7.95, 2.825],
			"rotation": {"angle": 0, "axis": "y", "origin": [7.375, 7.825, 2.7375]},
			"faces": {
				"north": {"uv": [9, 5.25, 9.2375, 5.5], "texture": "#0"},
				"east": {"uv": [9, 5.25, 9.2375, 5.5], "texture": "#0"},
				"south": {"uv": [9, 5.25, 9.2375, 5.5], "texture": "#0"},
				"west": {"uv": [9, 5.25, 9.2375, 5.5], "texture": "#0"},
				"up": {"uv": [9, 5.25, 9.2375, 5.5], "texture": "#0"},
				"down": {"uv": [9, 5.25, 9.2375, 5.5], "texture": "#0"}
			}
		},
		{
			"from": [7.2498, 7.9498, 2.6498],
			"to": [7.5502, 9.1752, 2.8252],
			"rotation": {"angle": 0, "axis": "z", "origin": [7.4, 8.4, 2.7375]},
			"faces": {
				"north": {"uv": [9, 5.25, 9.2375, 5.5], "texture": "#0"},
				"east": {"uv": [9, 5.25, 9.2375, 5.5], "texture": "#0"},
				"south": {"uv": [9, 5.25, 9.2375, 5.5], "texture": "#0"},
				"west": {"uv": [9, 5.25, 9.2375, 5.5], "texture": "#0"},
				"up": {"uv": [9, 5.25, 9.2375, 5.5], "texture": "#0"},
				"down": {"uv": [9, 5.25, 9.2375, 5.5], "texture": "#0"}
			}
		},
		{
			"from": [7.46187, 8.6635, 2.65],
			"to": [7.76187, 9.1385, 2.825],
			"rotation": {"angle": 45, "axis": "z", "origin": [7.61187, 8.901, 2.7375]},
			"faces": {
				"north": {"uv": [9, 5.25, 9.2375, 5.5], "texture": "#0"},
				"east": {"uv": [9, 5.25, 9.2375, 5.5], "texture": "#0"},
				"south": {"uv": [9, 5.25, 9.2375, 5.5], "texture": "#0"},
				"west": {"uv": [9, 5.25, 9.2375, 5.5], "texture": "#0"},
				"up": {"uv": [9, 5.25, 9.2375, 5.5], "texture": "#0"},
				"down": {"uv": [9, 5.25, 9.2375, 5.5], "texture": "#0"}
			}
		},
		{
			"from": [8.3998, 8.2498, 2.6498],
			"to": [8.7002, 8.5502, 2.8252],
			"rotation": {"angle": 0, "axis": "z", "origin": [8.55, 8.4, 2.7375]},
			"faces": {
				"north": {"uv": [9, 5.25, 9.2375, 5.5], "texture": "#0"},
				"east": {"uv": [9, 5.25, 9.2375, 5.5], "texture": "#0"},
				"south": {"uv": [9, 5.25, 9.2375, 5.5], "texture": "#0"},
				"west": {"uv": [9, 5.25, 9.2375, 5.5], "texture": "#0"},
				"up": {"uv": [9, 5.25, 9.2375, 5.5], "texture": "#0"},
				"down": {"uv": [9, 5.25, 9.2375, 5.5], "texture": "#0"}
			}
		},
		{
			"from": [8.6998, 8.5498, 2.6498],
			"to": [9.0002, 8.8502, 2.8252],
			"rotation": {"angle": 0, "axis": "z", "origin": [8.85, 8.4, 2.7375]},
			"faces": {
				"north": {"uv": [9, 5.25, 9.2375, 5.5], "texture": "#0"},
				"east": {"uv": [9, 5.25, 9.2375, 5.5], "texture": "#0"},
				"south": {"uv": [9, 5.25, 9.2375, 5.5], "texture": "#0"},
				"west": {"uv": [9, 5.25, 9.2375, 5.5], "texture": "#0"},
				"up": {"uv": [9, 5.25, 9.2375, 5.5], "texture": "#0"},
				"down": {"uv": [9, 5.25, 9.2375, 5.5], "texture": "#0"}
			}
		},
		{
			"from": [8.0998, 7.9498, 2.6498],
			"to": [8.4002, 8.2502, 2.8252],
			"rotation": {"angle": 0, "axis": "y", "origin": [8.25, 7.8, 2.7375]},
			"faces": {
				"north": {"uv": [9, 5.25, 9.2375, 5.5], "texture": "#0"},
				"east": {"uv": [9, 5.25, 9.2375, 5.5], "texture": "#0"},
				"south": {"uv": [9, 5.25, 9.2375, 5.5], "texture": "#0"},
				"west": {"uv": [9, 5.25, 9.2375, 5.5], "texture": "#0"},
				"up": {"uv": [9, 5.25, 9.2375, 5.5], "texture": "#0"},
				"down": {"uv": [9, 5.25, 9.2375, 5.5], "texture": "#0"}
			}
		}
	],
	"gui_light": "front",
	"display": {
		"thirdperson_righthand": {
			"rotation": [132.7, 24.11, -169.32],
			"scale": [0.54, 0.54, 0.54]
		},
		"thirdperson_lefthand": {
			"rotation": [132.7, 24.11, -169.32],
			"scale": [0.54, 0.54, 0.54]
		},
		"firstperson_righthand": {
			"rotation": [-180, 31.5, -180],
			"translation": [-0.5, 3.75, 0],
			"scale": [0.7, 0.7, 0.7]
		},
		"firstperson_lefthand": {
			"rotation": [-180, 31.5, -180],
			"translation": [-0.5, 3.75, 0],
			"scale": [0.7, 0.7, 0.7]
		},
		"ground": {
			"translation": [0, -2.5, 0],
			"scale": [0.69, 0.69, 0.69]
		},
		"gui": {
			"rotation": [-180, 0, -180],
			"translation": [0, -1.5, 0],
			"scale": [1.63, 1.63, 1.63]
		},
		"head": {
			"translation": [0, 3.5, 0],
			"scale": [1.6, 1.6, 1.6]
		},
		"fixed": {
			"scale": [1.99, 1.99, 1.99]
		}
	}
}