{"textures":{"0":"modelengine:entity/chest_heart_penguin"},"elements":[{"from":[12.992,9.824029,12.848186],"to":[16.008,11.84003,15.864186],"faces":{"east":{"uv":[13.0,11.75,13.75,12.25],"tintindex":0,"rotation":0,"texture":"#0"},"south":{"uv":[2.5,11.0,3.25,11.5],"tintindex":0,"rotation":0,"texture":"#0"},"north":{"uv":[13.0,10.75,13.75,11.25],"tintindex":0,"rotation":0,"texture":"#0"},"west":{"uv":[9.5,13.0,10.25,13.5],"tintindex":0,"rotation":0,"texture":"#0"},"up":{"uv":[1.75,12.25,2.5,13.0],"tintindex":0,"rotation":0,"texture":"#0"},"down":{"uv":[4.0,13.0,4.75,12.25],"tintindex":0,"rotation":0,"texture":"#0"}}},{"from":[4.873696,3.858405,0.6981859],"to":[8.123695,7.008405,0.6981859],"faces":{"south":{"uv":[4.75,8.75,5.625,9.5],"tintindex":0,"rotation":0,"texture":"#0"},"north":{"uv":[5.625,8.75,4.75,9.5],"tintindex":0,"rotation":0,"texture":"#0"}},"rotation":{"origin":[6.498696,5.233405,0.6981859],"angle":22.5,"axis":"y"}},{"from":[-0.4773903,3.9320269,0.8561859],"to":[0.47760963,6.237027,3.856186],"faces":{"south":{"uv":[5.75,8.75,6.0,9.375],"tintindex":0,"rotation":0,"texture":"#0"},"north":{"uv":[8.25,1.75,8.5,2.375],"tintindex":0,"rotation":0,"texture":"#0"},"west":{"uv":[11.75,12.5,12.5,13.125],"tintindex":0,"rotation":0,"texture":"#0"},"down":{"uv":[13.25,6.25,12.5,6.5],"tintindex":0,"rotation":90,"texture":"#0"}},"rotation":{"origin":[1.0967255E-4,5.084527,2.356186],"angle":-22.5,"axis":"z"}},{"from":[2.992,9.824029,1.3481859],"to":[13.008,11.84003,2.3641858],"faces":{"south":{"uv":[0.0,11.0,2.5,11.5],"tintindex":0,"rotation":0,"texture":"#0"},"north":{"uv":[10.5,10.75,13.0,11.25],"tintindex":0,"rotation":0,"texture":"#0"},"up":{"uv":[14.25,11.5,11.75,11.25],"tintindex":0,"rotation":0,"texture":"#0"},"down":{"uv":[14.25,11.5,11.75,11.75],"tintindex":0,"rotation":0,"texture":"#0"}}},{"from":[-0.5,9.082029,0.3561859],"to":[3.5,9.832029,4.356186],"faces":{"east":{"uv":[5.75,11.5,6.75,11.75],"tintindex":0,"rotation":0,"texture":"#0"},"south":{"uv":[13.5,6.0,14.5,6.25],"tintindex":0,"rotation":0,"texture":"#0"},"north":{"uv":[10.75,1.5,11.75,1.75],"tintindex":0,"rotation":0,"texture":"#0"},"west":{"uv":[13.75,2.5,14.75,2.75],"tintindex":0,"rotation":0,"texture":"#0"},"up":{"uv":[7.25,2.75,6.25,1.75],"tintindex":0,"rotation":0,"texture":"#0"},"down":{"uv":[8.25,1.75,7.25,2.75],"tintindex":0,"rotation":0,"texture":"#0"}}},{"from":[13.0,3.8320293,3.606186],"to":[15.0,5.3320293,13.106186],"faces":{"east":{"uv":[4.25,11.0,6.75,11.375],"tintindex":0,"rotation":0,"texture":"#0"},"south":{"uv":[13.75,10.75,14.25,11.125],"tintindex":0,"rotation":0,"texture":"#0"},"north":{"uv":[13.75,11.75,14.25,12.125],"tintindex":0,"rotation":0,"texture":"#0"},"west":{"uv":[11.0,4.75,13.5,5.125],"tintindex":0,"rotation":0,"texture":"#0"},"up":{"uv":[13.25,7.0,10.75,6.5],"tintindex":0,"rotation":90,"texture":"#0"},"down":{"uv":[10.5,10.75,8.0,11.25],"tintindex":0,"rotation":270,"texture":"#0"}}},{"from":[1.5,4.8320293,1.8561859],"to":[14.5,11.832029,14.856186],"faces":{"east":{"uv":[6.25,0.0,9.5,1.75],"tintindex":0,"rotation":0,"texture":"#0"},"south":{"uv":[6.0,7.75,9.25,9.5],"tintindex":0,"rotation":0,"texture":"#0"},"north":{"uv":[6.0,6.0,9.25,7.75],"tintindex":0,"rotation":0,"texture":"#0"},"west":{"uv":[8.5,1.75,11.75,3.5],"tintindex":0,"rotation":0,"texture":"#0"},"up":{"uv":[5.25,6.0,2.0,2.75],"tintindex":0,"rotation":0,"texture":"#0"},"down":{"uv":[8.5,2.75,5.25,6.0],"tintindex":0,"rotation":0,"texture":"#0"}}},{"from":[13.0,3.5276022,15.390396],"to":[16.0,5.8326025,16.345396],"faces":{"east":{"uv":[5.75,8.75,6.0,9.375],"tintindex":0,"rotation":0,"texture":"#0"},"south":{"uv":[11.75,12.5,12.5,13.125],"tintindex":0,"rotation":0,"texture":"#0"},"west":{"uv":[8.25,1.75,8.5,2.375],"tintindex":0,"rotation":0,"texture":"#0"},"down":{"uv":[12.5,6.5,13.25,6.25],"tintindex":0,"rotation":0,"texture":"#0"}},"rotation":{"origin":[14.5,4.852602,14.845396],"angle":-22.5,"axis":"x"}},{"from":[15.52239,3.9320269,12.856186],"to":[16.47739,6.237027,15.856186],"faces":{"east":{"uv":[11.75,12.5,12.5,13.125],"tintindex":0,"rotation":0,"texture":"#0"},"south":{"uv":[8.25,1.75,8.5,2.375],"tintindex":0,"rotation":0,"texture":"#0"},"north":{"uv":[5.75,8.75,6.0,9.375],"tintindex":0,"rotation":0,"texture":"#0"},"down":{"uv":[12.5,6.5,13.25,6.25],"tintindex":0,"rotation":90,"texture":"#0"}},"rotation":{"origin":[15.99989,5.084527,14.356186],"angle":22.5,"axis":"z"}},{"from":[1.0,3.8320293,3.606186],"to":[3.0,5.3320293,13.106186],"faces":{"east":{"uv":[13.5,4.75,11.0,5.125],"tintindex":0,"rotation":0,"texture":"#0"},"south":{"uv":[14.25,10.75,13.75,11.125],"tintindex":0,"rotation":0,"texture":"#0"},"north":{"uv":[14.25,11.75,13.75,12.125],"tintindex":0,"rotation":0,"texture":"#0"},"west":{"uv":[6.75,11.0,4.25,11.375],"tintindex":0,"rotation":0,"texture":"#0"},"up":{"uv":[13.25,6.5,10.75,7.0],"tintindex":0,"rotation":90,"texture":"#0"},"down":{"uv":[10.5,11.25,8.0,10.75],"tintindex":0,"rotation":270,"texture":"#0"}}},{"from":[13.75,10.332029,0.5561857],"to":[15.25,11.832029,0.8561859],"faces":{"east":{"uv":[7.625,14.5,7.5,14.875],"tintindex":0,"rotation":0,"texture":"#0"},"south":{"uv":[14.625,3.75,14.25,4.125],"tintindex":0,"rotation":0,"texture":"#0"},"north":{"uv":[3.875,14.25,3.5,14.625],"tintindex":0,"rotation":0,"texture":"#0"},"west":{"uv":[14.625,7.25,14.5,7.625],"tintindex":0,"rotation":0,"texture":"#0"},"up":{"uv":[7.75,14.625,8.125,14.5],"tintindex":0,"rotation":0,"texture":"#0"},"down":{"uv":[8.25,14.5,8.625,14.625],"tintindex":0,"rotation":0,"texture":"#0"}}},{"from":[-0.008,9.824029,12.848186],"to":[3.008,11.84003,15.864186],"faces":{"east":{"uv":[10.25,13.0,9.5,13.5],"tintindex":0,"rotation":0,"texture":"#0"},"south":{"uv":[3.25,11.0,2.5,11.5],"tintindex":0,"rotation":0,"texture":"#0"},"north":{"uv":[13.75,10.75,13.0,11.25],"tintindex":0,"rotation":0,"texture":"#0"},"west":{"uv":[13.75,11.75,13.0,12.25],"tintindex":0,"rotation":0,"texture":"#0"},"up":{"uv":[2.5,12.25,1.75,13.0],"tintindex":0,"rotation":0,"texture":"#0"},"down":{"uv":[4.75,13.0,4.0,12.25],"tintindex":0,"rotation":0,"texture":"#0"}}},{"from":[13.992,9.824029,3.848186],"to":[15.008,11.84003,12.864186],"faces":{"east":{"uv":[10.5,10.75,13.0,11.25],"tintindex":0,"rotation":0,"texture":"#0"},"west":{"uv":[0.0,11.0,2.5,11.5],"tintindex":0,"rotation":0,"texture":"#0"},"up":{"uv":[14.25,11.5,11.75,11.25],"tintindex":0,"rotation":90,"texture":"#0"},"down":{"uv":[14.25,11.5,11.75,11.75],"tintindex":0,"rotation":270,"texture":"#0"}}},{"from":[0.992,9.824029,3.848186],"to":[2.008,11.84003,12.864186],"faces":{"east":{"uv":[2.5,11.0,0.0,11.5],"tintindex":0,"rotation":0,"texture":"#0"},"west":{"uv":[13.0,10.75,10.5,11.25],"tintindex":0,"rotation":0,"texture":"#0"},"up":{"uv":[14.25,11.25,11.75,11.5],"tintindex":0,"rotation":90,"texture":"#0"},"down":{"uv":[14.25,11.75,11.75,11.5],"tintindex":0,"rotation":270,"texture":"#0"}}},{"from":[-0.3000002,10.332029,1.6561861],"to":[0.0,11.832029,3.156186],"faces":{"east":{"uv":[14.25,3.75,14.625,4.125],"tintindex":0,"rotation":0,"texture":"#0"},"south":{"uv":[7.5,14.5,7.625,14.875],"tintindex":0,"rotation":0,"texture":"#0"},"north":{"uv":[14.5,7.25,14.625,7.625],"tintindex":0,"rotation":0,"texture":"#0"},"west":{"uv":[3.5,14.25,3.875,14.625],"tintindex":0,"rotation":0,"texture":"#0"},"up":{"uv":[8.125,14.625,7.75,14.5],"tintindex":0,"rotation":270,"texture":"#0"},"down":{"uv":[8.625,14.5,8.25,14.625],"tintindex":0,"rotation":90,"texture":"#0"}}},{"from":[12.5,9.082029,12.356186],"to":[16.5,9.832029,16.356186],"faces":{"east":{"uv":[13.75,2.5,14.75,2.75],"tintindex":0,"rotation":0,"texture":"#0"},"south":{"uv":[10.75,1.5,11.75,1.75],"tintindex":0,"rotation":0,"texture":"#0"},"north":{"uv":[13.5,6.0,14.5,6.25],"tintindex":0,"rotation":0,"texture":"#0"},"west":{"uv":[5.75,11.5,6.75,11.75],"tintindex":0,"rotation":0,"texture":"#0"},"up":{"uv":[6.25,1.75,7.25,2.75],"tintindex":0,"rotation":0,"texture":"#0"},"down":{"uv":[7.25,2.75,8.25,1.75],"tintindex":0,"rotation":0,"texture":"#0"}}},{"from":[0.5,6.3320293,13.356186],"to":[2.5,9.832029,15.356186],"faces":{"east":{"uv":[13.25,8.25,12.75,9.125],"tintindex":0,"rotation":0,"texture":"#0"},"south":{"uv":[8.75,12.5,8.25,13.375],"tintindex":0,"rotation":0,"texture":"#0"},"north":{"uv":[13.25,9.25,12.75,10.125],"tintindex":0,"rotation":0,"texture":"#0"},"west":{"uv":[0.5,13.0,0.0,13.875],"tintindex":0,"rotation":0,"texture":"#0"}}},{"from":[13.5,6.3320293,13.356186],"to":[15.5,9.832029,15.356186],"faces":{"east":{"uv":[0.0,13.0,0.5,13.875],"tintindex":0,"rotation":0,"texture":"#0"},"south":{"uv":[8.25,12.5,8.75,13.375],"tintindex":0,"rotation":0,"texture":"#0"},"north":{"uv":[12.75,9.25,13.25,10.125],"tintindex":0,"rotation":0,"texture":"#0"},"west":{"uv":[12.75,8.25,13.25,9.125],"tintindex":0,"rotation":0,"texture":"#0"}}},{"from":[3.0,3.8320293,13.356186],"to":[13.0,5.3320293,15.356186],"faces":{"east":{"uv":[14.25,10.75,13.75,11.125],"tintindex":0,"rotation":0,"texture":"#0"},"south":{"uv":[6.75,11.0,4.25,11.375],"tintindex":0,"rotation":0,"texture":"#0"},"north":{"uv":[13.5,4.75,11.0,5.125],"tintindex":0,"rotation":0,"texture":"#0"},"west":{"uv":[14.25,11.75,13.75,12.125],"tintindex":0,"rotation":0,"texture":"#0"},"up":{"uv":[13.25,6.5,10.75,7.0],"tintindex":0,"rotation":0,"texture":"#0"},"down":{"uv":[10.5,11.25,8.0,10.75],"tintindex":0,"rotation":0,"texture":"#0"}}},{"from":[-0.4773903,3.9320269,12.856186],"to":[0.47760963,6.237027,15.856186],"faces":{"south":{"uv":[8.5,1.75,8.25,2.375],"tintindex":0,"rotation":0,"texture":"#0"},"north":{"uv":[6.0,8.75,5.75,9.375],"tintindex":0,"rotation":0,"texture":"#0"},"west":{"uv":[12.5,12.5,11.75,13.125],"tintindex":0,"rotation":0,"texture":"#0"},"down":{"uv":[12.5,6.25,13.25,6.5],"tintindex":0,"rotation":90,"texture":"#0"}},"rotation":{"origin":[1.0967255E-4,5.084527,14.356186],"angle":-22.5,"axis":"z"}},{"from":[0.0,3.5276022,0.3669753],"to":[3.0,5.8326025,1.3219752],"faces":{"east":{"uv":[8.25,1.75,8.5,2.375],"tintindex":0,"rotation":0,"texture":"#0"},"north":{"uv":[11.75,12.5,12.5,13.125],"tintindex":0,"rotation":0,"texture":"#0"},"west":{"uv":[5.75,8.75,6.0,9.375],"tintindex":0,"rotation":0,"texture":"#0"},"down":{"uv":[13.25,6.25,12.5,6.5],"tintindex":0,"rotation":0,"texture":"#0"}},"rotation":{"origin":[1.5,4.852602,1.8669753],"angle":22.5,"axis":"x"}},{"from":[0.75,10.332029,0.5561857],"to":[2.25,11.832029,0.8561859],"faces":{"east":{"uv":[14.5,7.25,14.625,7.625],"tintindex":0,"rotation":0,"texture":"#0"},"south":{"uv":[14.25,3.75,14.625,4.125],"tintindex":0,"rotation":0,"texture":"#0"},"north":{"uv":[3.5,14.25,3.875,14.625],"tintindex":0,"rotation":0,"texture":"#0"},"west":{"uv":[7.5,14.5,7.625,14.875],"tintindex":0,"rotation":0,"texture":"#0"},"up":{"uv":[8.125,14.625,7.75,14.5],"tintindex":0,"rotation":0,"texture":"#0"},"down":{"uv":[8.625,14.5,8.25,14.625],"tintindex":0,"rotation":0,"texture":"#0"}}},{"from":[0.5,6.3320293,1.3561859],"to":[2.5,9.832029,3.356186],"faces":{"east":{"uv":[12.75,8.25,13.25,9.125],"tintindex":0,"rotation":0,"texture":"#0"},"south":{"uv":[12.75,9.25,13.25,10.125],"tintindex":0,"rotation":0,"texture":"#0"},"north":{"uv":[8.25,12.5,8.75,13.375],"tintindex":0,"rotation":0,"texture":"#0"},"west":{"uv":[0.0,13.0,0.5,13.875],"tintindex":0,"rotation":0,"texture":"#0"}}},{"from":[7.876304,3.858405,0.6981859],"to":[11.126305,7.008405,0.6981859],"faces":{"south":{"uv":[5.625,8.75,4.75,9.5],"tintindex":0,"rotation":0,"texture":"#0"},"north":{"uv":[4.75,8.75,5.625,9.5],"tintindex":0,"rotation":0,"texture":"#0"}},"rotation":{"origin":[9.501305,5.233405,0.6981859],"angle":-22.5,"axis":"y"}},{"from":[2.992,9.824029,14.348186],"to":[13.008,11.84003,15.364186],"faces":{"south":{"uv":[13.0,10.75,10.5,11.25],"tintindex":0,"rotation":0,"texture":"#0"},"north":{"uv":[2.5,11.0,0.0,11.5],"tintindex":0,"rotation":0,"texture":"#0"},"up":{"uv":[14.25,11.25,11.75,11.5],"tintindex":0,"rotation":0,"texture":"#0"},"down":{"uv":[14.25,11.75,11.75,11.5],"tintindex":0,"rotation":0,"texture":"#0"}}},{"from":[12.992,9.824029,0.8481859],"to":[16.008,11.84003,3.8641858],"faces":{"east":{"uv":[13.75,11.75,13.0,12.25],"tintindex":0,"rotation":0,"texture":"#0"},"south":{"uv":[13.75,10.75,13.0,11.25],"tintindex":0,"rotation":0,"texture":"#0"},"north":{"uv":[3.25,11.0,2.5,11.5],"tintindex":0,"rotation":0,"texture":"#0"},"west":{"uv":[10.25,13.0,9.5,13.5],"tintindex":0,"rotation":0,"texture":"#0"},"up":{"uv":[1.75,13.0,2.5,12.25],"tintindex":0,"rotation":0,"texture":"#0"},"down":{"uv":[4.0,12.25,4.75,13.0],"tintindex":0,"rotation":0,"texture":"#0"}}},{"from":[16.0,10.332029,1.6561861],"to":[16.3,11.832029,3.156186],"faces":{"east":{"uv":[3.875,14.25,3.5,14.625],"tintindex":0,"rotation":0,"texture":"#0"},"south":{"uv":[7.625,14.5,7.5,14.875],"tintindex":0,"rotation":0,"texture":"#0"},"north":{"uv":[14.625,7.25,14.5,7.625],"tintindex":0,"rotation":0,"texture":"#0"},"west":{"uv":[14.625,3.75,14.25,4.125],"tintindex":0,"rotation":0,"texture":"#0"},"up":{"uv":[8.125,14.5,7.75,14.625],"tintindex":0,"rotation":270,"texture":"#0"},"down":{"uv":[8.625,14.625,8.25,14.5],"tintindex":0,"rotation":90,"texture":"#0"}}},{"from":[12.992,3.8240294,0.8481859],"to":[16.008,6.3400292,3.8641858],"faces":{"south":{"uv":[11.75,12.5,11.0,13.125],"tintindex":0,"rotation":0,"texture":"#0"},"west":{"uv":[11.0,12.5,10.25,13.125],"tintindex":0,"rotation":0,"texture":"#0"},"up":{"uv":[8.5,6.0,9.25,5.25],"tintindex":0,"rotation":0,"texture":"#0"},"down":{"uv":[1.0,12.25,1.75,13.0],"tintindex":0,"rotation":0,"texture":"#0"}}},{"from":[-0.008,3.8240294,0.8481859],"to":[3.008,6.3400292,3.8641858],"faces":{"east":{"uv":[10.25,12.5,11.0,13.125],"tintindex":0,"rotation":0,"texture":"#0"},"south":{"uv":[11.0,12.5,11.75,13.125],"tintindex":0,"rotation":0,"texture":"#0"},"up":{"uv":[9.25,6.0,8.5,5.25],"tintindex":0,"rotation":0,"texture":"#0"},"down":{"uv":[1.75,12.25,1.0,13.0],"tintindex":0,"rotation":0,"texture":"#0"}}},{"from":[13.0,3.5276022,0.3669753],"to":[16.0,5.8326025,1.3219752],"faces":{"east":{"uv":[6.0,8.75,5.75,9.375],"tintindex":0,"rotation":0,"texture":"#0"},"north":{"uv":[12.5,12.5,11.75,13.125],"tintindex":0,"rotation":0,"texture":"#0"},"west":{"uv":[8.5,1.75,8.25,2.375],"tintindex":0,"rotation":0,"texture":"#0"},"down":{"uv":[12.5,6.25,13.25,6.5],"tintindex":0,"rotation":0,"texture":"#0"}},"rotation":{"origin":[14.5,4.852602,1.8669753],"angle":22.5,"axis":"x"}},{"from":[-0.5,9.082029,12.356186],"to":[3.5,9.832029,16.356186],"faces":{"east":{"uv":[6.75,11.5,5.75,11.75],"tintindex":0,"rotation":0,"texture":"#0"},"south":{"uv":[11.75,1.5,10.75,1.75],"tintindex":0,"rotation":0,"texture":"#0"},"north":{"uv":[14.5,6.0,13.5,6.25],"tintindex":0,"rotation":0,"texture":"#0"},"west":{"uv":[14.75,2.5,13.75,2.75],"tintindex":0,"rotation":0,"texture":"#0"},"up":{"uv":[7.25,1.75,6.25,2.75],"tintindex":0,"rotation":0,"texture":"#0"},"down":{"uv":[8.25,2.75,7.25,1.75],"tintindex":0,"rotation":0,"texture":"#0"}}},{"from":[12.992,3.8240294,12.848186],"to":[16.008,6.3400292,15.864186],"faces":{"north":{"uv":[11.0,12.5,11.75,13.125],"tintindex":0,"rotation":0,"texture":"#0"},"west":{"uv":[10.25,12.5,11.0,13.125],"tintindex":0,"rotation":0,"texture":"#0"},"up":{"uv":[8.5,5.25,9.25,6.0],"tintindex":0,"rotation":0,"texture":"#0"},"down":{"uv":[1.0,13.0,1.75,12.25],"tintindex":0,"rotation":0,"texture":"#0"}}},{"from":[-0.008,3.8240294,12.848186],"to":[3.008,6.3400292,15.864186],"faces":{"east":{"uv":[11.0,12.5,10.25,13.125],"tintindex":0,"rotation":0,"texture":"#0"},"north":{"uv":[11.75,12.5,11.0,13.125],"tintindex":0,"rotation":0,"texture":"#0"},"up":{"uv":[9.25,5.25,8.5,6.0],"tintindex":0,"rotation":0,"texture":"#0"},"down":{"uv":[1.75,13.0,1.0,12.25],"tintindex":0,"rotation":0,"texture":"#0"}}},{"from":[3.0,3.8320293,1.3561859],"to":[13.0,5.3320293,3.356186],"faces":{"east":{"uv":[13.75,10.75,14.25,11.125],"tintindex":0,"rotation":0,"texture":"#0"},"south":{"uv":[11.0,4.75,13.5,5.125],"tintindex":0,"rotation":0,"texture":"#0"},"north":{"uv":[4.25,11.0,6.75,11.375],"tintindex":0,"rotation":0,"texture":"#0"},"west":{"uv":[13.75,11.75,14.25,12.125],"tintindex":0,"rotation":0,"texture":"#0"},"up":{"uv":[13.25,7.0,10.75,6.5],"tintindex":0,"rotation":0,"texture":"#0"},"down":{"uv":[10.5,10.75,8.0,11.25],"tintindex":0,"rotation":0,"texture":"#0"}}},{"from":[15.52239,3.9320269,0.8561859],"to":[16.47739,6.237027,3.856186],"faces":{"east":{"uv":[12.5,12.5,11.75,13.125],"tintindex":0,"rotation":0,"texture":"#0"},"south":{"uv":[6.0,8.75,5.75,9.375],"tintindex":0,"rotation":0,"texture":"#0"},"north":{"uv":[8.5,1.75,8.25,2.375],"tintindex":0,"rotation":0,"texture":"#0"},"down":{"uv":[13.25,6.5,12.5,6.25],"tintindex":0,"rotation":90,"texture":"#0"}},"rotation":{"origin":[15.99989,5.084527,2.356186],"angle":22.5,"axis":"z"}},{"from":[13.75,10.332029,15.856186],"to":[15.25,11.832029,16.156185],"faces":{"east":{"uv":[7.5,14.5,7.625,14.875],"tintindex":0,"rotation":0,"texture":"#0"},"south":{"uv":[3.5,14.25,3.875,14.625],"tintindex":0,"rotation":0,"texture":"#0"},"north":{"uv":[14.25,3.75,14.625,4.125],"tintindex":0,"rotation":0,"texture":"#0"},"west":{"uv":[14.5,7.25,14.625,7.625],"tintindex":0,"rotation":0,"texture":"#0"},"up":{"uv":[7.75,14.5,8.125,14.625],"tintindex":0,"rotation":0,"texture":"#0"},"down":{"uv":[8.25,14.625,8.625,14.5],"tintindex":0,"rotation":0,"texture":"#0"}}},{"from":[-0.008,9.824029,0.8481859],"to":[3.008,11.84003,3.8641858],"faces":{"east":{"uv":[9.5,13.0,10.25,13.5],"tintindex":0,"rotation":0,"texture":"#0"},"south":{"uv":[13.0,10.75,13.75,11.25],"tintindex":0,"rotation":0,"texture":"#0"},"north":{"uv":[2.5,11.0,3.25,11.5],"tintindex":0,"rotation":0,"texture":"#0"},"west":{"uv":[13.0,11.75,13.75,12.25],"tintindex":0,"rotation":0,"texture":"#0"},"up":{"uv":[2.5,13.0,1.75,12.25],"tintindex":0,"rotation":0,"texture":"#0"},"down":{"uv":[4.75,12.25,4.0,13.0],"tintindex":0,"rotation":0,"texture":"#0"}}},{"from":[-0.3000002,10.332029,13.556186],"to":[0.0,11.832029,15.056186],"faces":{"east":{"uv":[14.625,3.75,14.25,4.125],"tintindex":0,"rotation":0,"texture":"#0"},"south":{"uv":[14.625,7.25,14.5,7.625],"tintindex":0,"rotation":0,"texture":"#0"},"north":{"uv":[7.625,14.5,7.5,14.875],"tintindex":0,"rotation":0,"texture":"#0"},"west":{"uv":[3.875,14.25,3.5,14.625],"tintindex":0,"rotation":0,"texture":"#0"},"up":{"uv":[7.75,14.625,8.125,14.5],"tintindex":0,"rotation":270,"texture":"#0"},"down":{"uv":[8.25,14.5,8.625,14.625],"tintindex":0,"rotation":90,"texture":"#0"}}},{"from":[0.0,3.5276022,15.390396],"to":[3.0,5.8326025,16.345396],"faces":{"east":{"uv":[8.5,1.75,8.25,2.375],"tintindex":0,"rotation":0,"texture":"#0"},"south":{"uv":[12.5,12.5,11.75,13.125],"tintindex":0,"rotation":0,"texture":"#0"},"west":{"uv":[6.0,8.75,5.75,9.375],"tintindex":0,"rotation":0,"texture":"#0"},"down":{"uv":[13.25,6.5,12.5,6.25],"tintindex":0,"rotation":0,"texture":"#0"}},"rotation":{"origin":[1.5,4.852602,14.845396],"angle":-22.5,"axis":"x"}},{"from":[16.0,10.332029,13.556186],"to":[16.3,11.832029,15.056186],"faces":{"east":{"uv":[3.5,14.25,3.875,14.625],"tintindex":0,"rotation":0,"texture":"#0"},"south":{"uv":[14.5,7.25,14.625,7.625],"tintindex":0,"rotation":0,"texture":"#0"},"north":{"uv":[7.5,14.5,7.625,14.875],"tintindex":0,"rotation":0,"texture":"#0"},"west":{"uv":[14.25,3.75,14.625,4.125],"tintindex":0,"rotation":0,"texture":"#0"},"up":{"uv":[7.75,14.5,8.125,14.625],"tintindex":0,"rotation":270,"texture":"#0"},"down":{"uv":[8.25,14.625,8.625,14.5],"tintindex":0,"rotation":90,"texture":"#0"}}},{"from":[12.5,9.082029,0.3561859],"to":[16.5,9.832029,4.356186],"faces":{"east":{"uv":[14.75,2.5,13.75,2.75],"tintindex":0,"rotation":0,"texture":"#0"},"south":{"uv":[14.5,6.0,13.5,6.25],"tintindex":0,"rotation":0,"texture":"#0"},"north":{"uv":[11.75,1.5,10.75,1.75],"tintindex":0,"rotation":0,"texture":"#0"},"west":{"uv":[6.75,11.5,5.75,11.75],"tintindex":0,"rotation":0,"texture":"#0"},"up":{"uv":[6.25,2.75,7.25,1.75],"tintindex":0,"rotation":0,"texture":"#0"},"down":{"uv":[7.25,1.75,8.25,2.75],"tintindex":0,"rotation":0,"texture":"#0"}}},{"from":[13.5,6.3320293,1.3561859],"to":[15.5,9.832029,3.356186],"faces":{"east":{"uv":[0.5,13.0,0.0,13.875],"tintindex":0,"rotation":0,"texture":"#0"},"south":{"uv":[13.25,9.25,12.75,10.125],"tintindex":0,"rotation":0,"texture":"#0"},"north":{"uv":[8.75,12.5,8.25,13.375],"tintindex":0,"rotation":0,"texture":"#0"},"west":{"uv":[13.25,8.25,12.75,9.125],"tintindex":0,"rotation":0,"texture":"#0"}}},{"from":[0.75,10.332029,15.856186],"to":[2.25,11.832029,16.156185],"faces":{"east":{"uv":[14.625,7.25,14.5,7.625],"tintindex":0,"rotation":0,"texture":"#0"},"south":{"uv":[3.875,14.25,3.5,14.625],"tintindex":0,"rotation":0,"texture":"#0"},"north":{"uv":[14.625,3.75,14.25,4.125],"tintindex":0,"rotation":0,"texture":"#0"},"west":{"uv":[7.625,14.5,7.5,14.875],"tintindex":0,"rotation":0,"texture":"#0"},"up":{"uv":[8.125,14.5,7.75,14.625],"tintindex":0,"rotation":0,"texture":"#0"},"down":{"uv":[8.625,14.625,8.25,14.5],"tintindex":0,"rotation":0,"texture":"#0"}}}]}