{"textures":{"0":"modelengine:entity/chest_heart_penguin"},"elements":[{"from":[7.001874,7.3947654,7.908354],"to":[7.3618736,7.754765,8.268353],"faces":{"south":{"uv":[14.75,2.75,14.875,2.875],"tintindex":0,"rotation":0,"texture":"#0"},"north":{"uv":[14.75,2.75,14.875,2.875],"tintindex":0,"rotation":0,"texture":"#0"}}},{"from":[9.161874,7.754765,7.908354],"to":[9.521873,8.834765,8.268353],"faces":{"east":{"uv":[14.75,3.0,14.875,3.125],"tintindex":0,"rotation":0,"texture":"#0"},"south":{"uv":[14.75,3.0,14.875,3.125],"tintindex":0,"rotation":0,"texture":"#0"},"north":{"uv":[14.75,3.0,14.875,3.125],"tintindex":0,"rotation":0,"texture":"#0"},"up":{"uv":[14.875,3.125,14.75,3.0],"tintindex":0,"rotation":0,"texture":"#0"},"down":{"uv":[14.875,3.0,14.75,3.125],"tintindex":0,"rotation":0,"texture":"#0"}}},{"from":[8.441874,7.0347652,7.908354],"to":[8.801874,7.3947654,8.268353],"faces":{"east":{"uv":[14.75,3.0,14.875,3.125],"tintindex":0,"rotation":0,"texture":"#0"},"south":{"uv":[14.75,3.0,14.875,3.125],"tintindex":0,"rotation":0,"texture":"#0"},"north":{"uv":[14.75,3.0,14.875,3.125],"tintindex":0,"rotation":0,"texture":"#0"},"down":{"uv":[14.875,3.0,14.75,3.125],"tintindex":0,"rotation":0,"texture":"#0"}}},{"from":[8.801874,7.754765,7.908354],"to":[9.161874,8.114765,8.268353],"faces":{"south":{"uv":[14.75,3.25,14.875,3.375],"tintindex":0,"rotation":0,"texture":"#0"},"north":{"uv":[14.75,3.25,14.875,3.375],"tintindex":0,"rotation":0,"texture":"#0"}}},{"from":[7.7218738,7.0347652,7.908354],"to":[8.081874,7.3947654,8.268353],"faces":{"south":{"uv":[13.75,2.75,14.75,3.0],"tintindex":0,"rotation":0,"texture":"#0"},"north":{"uv":[13.75,2.75,14.75,3.0],"tintindex":0,"rotation":0,"texture":"#0"}}},{"from":[7.3618736,6.674765,7.908354],"to":[7.7218738,7.0347652,8.268353],"faces":{"south":{"uv":[14.75,2.5,14.875,2.625],"tintindex":0,"rotation":0,"texture":"#0"},"north":{"uv":[14.75,2.5,14.875,2.625],"tintindex":0,"rotation":0,"texture":"#0"},"west":{"uv":[14.75,2.5,14.875,2.625],"tintindex":0,"rotation":0,"texture":"#0"},"down":{"uv":[14.875,2.5,14.75,2.625],"tintindex":0,"rotation":0,"texture":"#0"}}},{"from":[8.081874,9.194765,7.908354],"to":[8.801874,9.554766,8.268353],"faces":{"east":{"uv":[14.75,3.0,14.875,3.125],"tintindex":0,"rotation":0,"texture":"#0"},"south":{"uv":[14.75,3.0,14.875,3.125],"tintindex":0,"rotation":0,"texture":"#0"},"north":{"uv":[14.75,3.0,14.875,3.125],"tintindex":0,"rotation":0,"texture":"#0"},"west":{"uv":[14.75,3.0,14.875,3.125],"tintindex":0,"rotation":0,"texture":"#0"},"up":{"uv":[14.875,3.125,14.75,3.0],"tintindex":0,"rotation":0,"texture":"#0"}}},{"from":[8.081874,7.0347652,7.908354],"to":[8.441874,7.3947654,8.268353],"faces":{"south":{"uv":[14.75,3.25,14.875,3.375],"tintindex":0,"rotation":0,"texture":"#0"},"north":{"uv":[14.75,3.25,14.875,3.375],"tintindex":0,"rotation":0,"texture":"#0"}}},{"from":[7.39256,7.7158985,7.7647285],"to":[7.75656,8.394898,8.411729],"faces":{"east":{"uv":[3.625,14.75,3.5,14.875],"tintindex":0,"rotation":270,"texture":"#0"},"south":{"uv":[3.5,14.875,3.625,14.75],"tintindex":0,"rotation":270,"texture":"#0"},"north":{"uv":[3.5,14.875,3.625,14.75],"tintindex":0,"rotation":90,"texture":"#0"},"west":{"uv":[3.625,14.875,3.5,14.75],"tintindex":0,"rotation":270,"texture":"#0"},"up":{"uv":[3.5,14.875,3.625,14.75],"tintindex":0,"rotation":270,"texture":"#0"},"down":{"uv":[3.5,14.875,3.625,14.75],"tintindex":0,"rotation":270,"texture":"#0"}}},{"from":[8.441874,7.3947654,7.908354],"to":[8.801874,7.754765,8.268353],"faces":{"south":{"uv":[14.75,3.25,14.875,3.375],"tintindex":0,"rotation":0,"texture":"#0"},"north":{"uv":[14.75,3.25,14.875,3.375],"tintindex":0,"rotation":0,"texture":"#0"}}},{"from":[7.001874,8.834765,7.908354],"to":[7.7218738,9.194765,8.268353],"faces":{"south":{"uv":[13.75,2.75,14.75,3.0],"tintindex":0,"rotation":0,"texture":"#0"},"north":{"uv":[13.75,2.75,14.75,3.0],"tintindex":0,"rotation":0,"texture":"#0"}}},{"from":[7.7218738,6.674765,7.908354],"to":[8.081874,7.0347652,8.268353],"faces":{"south":{"uv":[14.75,2.75,14.875,2.875],"tintindex":0,"rotation":0,"texture":"#0"},"north":{"uv":[14.75,2.75,14.875,2.875],"tintindex":0,"rotation":0,"texture":"#0"}}},{"from":[8.081874,6.674765,7.908354],"to":[8.441874,7.0347652,8.268353],"faces":{"east":{"uv":[14.75,3.0,14.875,3.125],"tintindex":0,"rotation":0,"texture":"#0"},"south":{"uv":[14.75,3.0,14.875,3.125],"tintindex":0,"rotation":0,"texture":"#0"},"north":{"uv":[14.75,3.0,14.875,3.125],"tintindex":0,"rotation":0,"texture":"#0"},"down":{"uv":[14.875,3.0,14.75,3.125],"tintindex":0,"rotation":0,"texture":"#0"}}},{"from":[6.641874,7.754765,7.908354],"to":[7.001874,8.114765,8.268353],"faces":{"south":{"uv":[14.75,2.75,14.875,2.875],"tintindex":0,"rotation":0,"texture":"#0"},"north":{"uv":[14.75,2.75,14.875,2.875],"tintindex":0,"rotation":0,"texture":"#0"}}},{"from":[7.7218738,6.314765,7.908354],"to":[8.081874,6.674765,8.268353],"faces":{"east":{"uv":[14.75,2.5,14.875,2.625],"tintindex":0,"rotation":0,"texture":"#0"},"south":{"uv":[14.75,2.5,14.875,2.625],"tintindex":0,"rotation":0,"texture":"#0"},"north":{"uv":[14.75,2.5,14.875,2.625],"tintindex":0,"rotation":0,"texture":"#0"},"west":{"uv":[14.75,2.5,14.875,2.625],"tintindex":0,"rotation":0,"texture":"#0"},"down":{"uv":[14.875,2.5,14.75,2.625],"tintindex":0,"rotation":0,"texture":"#0"}}},{"from":[8.801874,7.3947654,7.908354],"to":[9.161874,7.754765,8.268353],"faces":{"east":{"uv":[14.75,3.0,14.875,3.125],"tintindex":0,"rotation":0,"texture":"#0"},"south":{"uv":[14.75,3.0,14.875,3.125],"tintindex":0,"rotation":0,"texture":"#0"},"north":{"uv":[14.75,3.0,14.875,3.125],"tintindex":0,"rotation":0,"texture":"#0"},"down":{"uv":[14.875,3.0,14.75,3.125],"tintindex":0,"rotation":0,"texture":"#0"}}},{"from":[7.001874,7.754765,7.908354],"to":[8.801874,8.114765,8.268353],"faces":{"south":{"uv":[13.75,2.75,14.75,3.0],"tintindex":0,"rotation":0,"texture":"#0"},"north":{"uv":[13.75,2.75,14.75,3.0],"tintindex":0,"rotation":0,"texture":"#0"}}},{"from":[7.7218738,8.834765,7.908354],"to":[8.081874,9.194765,8.268353],"faces":{"south":{"uv":[14.75,2.5,14.875,2.625],"tintindex":0,"rotation":0,"texture":"#0"},"north":{"uv":[14.75,2.5,14.875,2.625],"tintindex":0,"rotation":0,"texture":"#0"},"up":{"uv":[14.875,2.625,14.75,2.5],"tintindex":0,"rotation":0,"texture":"#0"}}},{"from":[7.001874,7.0347652,7.908354],"to":[7.3618736,7.3947654,8.268353],"faces":{"south":{"uv":[14.75,2.5,14.875,2.625],"tintindex":0,"rotation":0,"texture":"#0"},"north":{"uv":[14.75,2.5,14.875,2.625],"tintindex":0,"rotation":0,"texture":"#0"},"west":{"uv":[14.75,2.5,14.875,2.625],"tintindex":0,"rotation":0,"texture":"#0"},"down":{"uv":[14.875,2.5,14.75,2.625],"tintindex":0,"rotation":0,"texture":"#0"}}},{"from":[8.411188,8.079899,7.7647285],"to":[8.7751875,8.758898,8.411729],"faces":{"east":{"uv":[3.625,14.75,3.5,14.875],"tintindex":0,"rotation":270,"texture":"#0"},"south":{"uv":[3.5,14.75,3.625,14.875],"tintindex":0,"rotation":270,"texture":"#0"},"north":{"uv":[3.5,14.75,3.625,14.875],"tintindex":0,"rotation":90,"texture":"#0"},"west":{"uv":[3.625,14.875,3.5,14.75],"tintindex":0,"rotation":270,"texture":"#0"},"up":{"uv":[3.5,14.75,3.625,14.875],"tintindex":0,"rotation":270,"texture":"#0"},"down":{"uv":[3.5,14.75,3.625,14.875],"tintindex":0,"rotation":270,"texture":"#0"}}},{"from":[8.047188,7.7158985,7.7647285],"to":[8.411188,8.394898,8.411729],"faces":{"east":{"uv":[3.625,14.75,3.5,14.875],"tintindex":0,"rotation":270,"texture":"#0"},"south":{"uv":[3.5,14.75,3.625,14.875],"tintindex":0,"rotation":270,"texture":"#0"},"north":{"uv":[3.5,14.75,3.625,14.875],"tintindex":0,"rotation":90,"texture":"#0"},"west":{"uv":[3.625,14.875,3.5,14.75],"tintindex":0,"rotation":270,"texture":"#0"},"up":{"uv":[3.5,14.75,3.625,14.875],"tintindex":0,"rotation":270,"texture":"#0"},"down":{"uv":[3.5,14.75,3.625,14.875],"tintindex":0,"rotation":270,"texture":"#0"}}},{"from":[7.3618736,7.0347652,7.908354],"to":[7.7218738,7.3947654,8.268353],"faces":{"south":{"uv":[14.75,2.75,14.875,2.875],"tintindex":0,"rotation":0,"texture":"#0"},"north":{"uv":[14.75,2.75,14.875,2.875],"tintindex":0,"rotation":0,"texture":"#0"}}},{"from":[7.0285597,8.079899,7.7647285],"to":[7.39256,8.758898,8.411729],"faces":{"east":{"uv":[3.625,14.75,3.5,14.875],"tintindex":0,"rotation":270,"texture":"#0"},"south":{"uv":[3.5,14.875,3.625,14.75],"tintindex":0,"rotation":270,"texture":"#0"},"north":{"uv":[3.5,14.875,3.625,14.75],"tintindex":0,"rotation":90,"texture":"#0"},"west":{"uv":[3.625,14.875,3.5,14.75],"tintindex":0,"rotation":270,"texture":"#0"},"up":{"uv":[3.5,14.875,3.625,14.75],"tintindex":0,"rotation":270,"texture":"#0"},"down":{"uv":[3.5,14.875,3.625,14.75],"tintindex":0,"rotation":270,"texture":"#0"}}},{"from":[6.641874,8.114765,7.908354],"to":[9.161874,8.834765,8.268353],"faces":{"south":{"uv":[13.75,2.75,14.75,3.0],"tintindex":0,"rotation":0,"texture":"#0"},"north":{"uv":[13.75,2.75,14.75,3.0],"tintindex":0,"rotation":0,"texture":"#0"}}},{"from":[8.081874,8.834765,7.908354],"to":[8.801874,9.194765,8.268353],"faces":{"south":{"uv":[13.25,14.5,13.5,14.625],"tintindex":0,"rotation":0,"texture":"#0"},"north":{"uv":[13.25,14.5,13.5,14.625],"tintindex":0,"rotation":0,"texture":"#0"}}},{"from":[6.2818737,7.754765,7.908354],"to":[6.641874,8.834765,8.268353],"faces":{"south":{"uv":[14.875,3.0,14.75,3.125],"tintindex":0,"rotation":0,"texture":"#0"},"north":{"uv":[14.875,3.0,14.75,3.125],"tintindex":0,"rotation":0,"texture":"#0"},"west":{"uv":[14.875,3.0,14.75,3.125],"tintindex":0,"rotation":0,"texture":"#0"},"up":{"uv":[14.75,3.125,14.875,3.0],"tintindex":0,"rotation":0,"texture":"#0"},"down":{"uv":[14.75,3.0,14.875,3.125],"tintindex":0,"rotation":0,"texture":"#0"}}},{"from":[7.3618736,7.3947654,7.908354],"to":[8.441874,7.754765,8.268353],"faces":{"south":{"uv":[13.75,2.75,14.75,3.0],"tintindex":0,"rotation":0,"texture":"#0"},"north":{"uv":[13.75,2.75,14.75,3.0],"tintindex":0,"rotation":0,"texture":"#0"}}},{"from":[7.001874,9.194765,7.908354],"to":[7.7218738,9.554766,8.268353],"faces":{"east":{"uv":[14.75,2.5,14.875,2.625],"tintindex":0,"rotation":0,"texture":"#0"},"south":{"uv":[14.75,2.5,14.875,2.625],"tintindex":0,"rotation":0,"texture":"#0"},"north":{"uv":[14.75,2.5,14.875,2.625],"tintindex":0,"rotation":0,"texture":"#0"},"west":{"uv":[14.75,2.5,14.875,2.625],"tintindex":0,"rotation":0,"texture":"#0"},"up":{"uv":[14.875,2.625,14.75,2.5],"tintindex":0,"rotation":0,"texture":"#0"}}},{"from":[8.801874,8.834765,7.908354],"to":[9.161874,9.194765,8.268353],"faces":{"east":{"uv":[14.75,3.0,14.875,3.125],"tintindex":0,"rotation":0,"texture":"#0"},"south":{"uv":[14.75,3.0,14.875,3.125],"tintindex":0,"rotation":0,"texture":"#0"},"north":{"uv":[14.75,3.0,14.875,3.125],"tintindex":0,"rotation":0,"texture":"#0"},"up":{"uv":[14.875,3.125,14.75,3.0],"tintindex":0,"rotation":0,"texture":"#0"}}},{"from":[6.641874,8.834765,7.908354],"to":[7.001874,9.194765,8.268353],"faces":{"south":{"uv":[14.75,2.5,14.875,2.625],"tintindex":0,"rotation":0,"texture":"#0"},"north":{"uv":[14.75,2.5,14.875,2.625],"tintindex":0,"rotation":0,"texture":"#0"},"west":{"uv":[14.75,2.5,14.875,2.625],"tintindex":0,"rotation":0,"texture":"#0"},"up":{"uv":[14.875,2.625,14.75,2.5],"tintindex":0,"rotation":0,"texture":"#0"}}},{"from":[6.641874,7.3947654,7.908354],"to":[7.001874,7.754765,8.268353],"faces":{"south":{"uv":[14.75,2.5,14.875,2.625],"tintindex":0,"rotation":0,"texture":"#0"},"north":{"uv":[14.75,2.5,14.875,2.625],"tintindex":0,"rotation":0,"texture":"#0"},"west":{"uv":[14.75,2.5,14.875,2.625],"tintindex":0,"rotation":0,"texture":"#0"},"down":{"uv":[14.875,2.5,14.75,2.625],"tintindex":0,"rotation":0,"texture":"#0"}}}]}