{"textures":{"0":"modelengine:entity/chest_heart_penguin"},"elements":[{"from":[7.41945,7.20085,6.3967857],"to":[8.57945,8.280849,6.7567854],"faces":{"east":{"uv":[14.75,3.125,14.875,3.0],"tintindex":0,"rotation":180,"texture":"#0"},"north":{"uv":[14.75,3.125,14.875,3.0],"tintindex":0,"rotation":180,"texture":"#0"},"west":{"uv":[14.75,3.125,14.875,3.0],"tintindex":0,"rotation":180,"texture":"#0"},"up":{"uv":[14.875,3.0,14.75,3.125],"tintindex":0,"rotation":270,"texture":"#0"},"down":{"uv":[14.875,3.125,14.75,3.0],"tintindex":0,"rotation":90,"texture":"#0"}}},{"from":[7.828825,5.0239463,6.5949297],"to":[8.178825,6.6489463,6.94493],"faces":{"east":{"uv":[8.875,14.25,8.75,15.125],"tintindex":0,"rotation":180,"texture":"#0"},"south":{"uv":[9.125,14.25,9.0,15.125],"tintindex":0,"rotation":180,"texture":"#0"},"north":{"uv":[14.375,13.25,14.25,14.125],"tintindex":0,"rotation":180,"texture":"#0"},"west":{"uv":[14.375,10.75,14.25,11.625],"tintindex":0,"rotation":180,"texture":"#0"}},"rotation":{"origin":[8.003824,7.5371385,8.016786],"angle":-22.5,"axis":"x"}},{"from":[7.41945,6.84085,6.7567854],"to":[8.57945,7.20085,7.1167855],"faces":{"east":{"uv":[14.75,3.125,14.875,3.0],"tintindex":0,"rotation":180,"texture":"#0"},"north":{"uv":[14.75,3.125,14.875,3.0],"tintindex":0,"rotation":180,"texture":"#0"},"west":{"uv":[14.75,3.125,14.875,3.0],"tintindex":0,"rotation":180,"texture":"#0"},"down":{"uv":[14.875,3.125,14.75,3.0],"tintindex":0,"rotation":90,"texture":"#0"}}},{"from":[7.824825,4.987666,8.086857],"to":[8.182825,5.8706656,8.544857],"faces":{"east":{"uv":[12.75,9.5,12.5,10.0],"tintindex":0,"rotation":180,"texture":"#0"},"south":{"uv":[6.375,14.5,6.25,15.0],"tintindex":0,"rotation":180,"texture":"#0"},"north":{"uv":[14.625,6.75,14.5,7.25],"tintindex":0,"rotation":180,"texture":"#0"},"west":{"uv":[14.5,8.5,14.25,9.0],"tintindex":0,"rotation":180,"texture":"#0"}},"rotation":{"origin":[8.003824,7.5371385,8.016786],"angle":-45.0,"axis":"x"}},{"from":[7.7063246,7.793725,9.0178585],"to":[8.296325,8.543725,9.287859],"faces":{"east":{"uv":[14.5,10.75,14.625,11.125],"tintindex":0,"rotation":180,"texture":"#0"},"west":{"uv":[11.0,14.5,11.125,14.875],"tintindex":0,"rotation":180,"texture":"#0"},"up":{"uv":[14.625,13.5,14.5,13.75],"tintindex":0,"rotation":270,"texture":"#0"}},"rotation":{"origin":[8.003824,7.5371385,8.016786],"angle":-45.0,"axis":"x"}},{"from":[7.41945,6.12085,7.4767857],"to":[8.57945,6.4808497,7.8367853],"faces":{"east":{"uv":[14.75,3.125,14.875,3.0],"tintindex":0,"rotation":180,"texture":"#0"},"north":{"uv":[14.75,3.125,14.875,3.0],"tintindex":0,"rotation":180,"texture":"#0"},"west":{"uv":[14.75,3.125,14.875,3.0],"tintindex":0,"rotation":180,"texture":"#0"},"down":{"uv":[14.875,3.125,14.75,3.0],"tintindex":0,"rotation":90,"texture":"#0"}}},{"from":[7.41945,6.84085,8.916785],"to":[8.57945,7.20085,9.276785],"faces":{"east":{"uv":[14.75,2.625,14.875,2.5],"tintindex":0,"rotation":180,"texture":"#0"},"south":{"uv":[14.75,2.625,14.875,2.5],"tintindex":0,"rotation":180,"texture":"#0"},"west":{"uv":[14.75,2.625,14.875,2.5],"tintindex":0,"rotation":180,"texture":"#0"},"down":{"uv":[14.875,2.625,14.75,2.5],"tintindex":0,"rotation":90,"texture":"#0"}}},{"from":[7.41945,8.280849,7.8367853],"to":[8.57945,8.64085,8.196785],"faces":{"east":{"uv":[14.75,2.625,14.875,2.5],"tintindex":0,"rotation":180,"texture":"#0"},"west":{"uv":[14.75,2.625,14.875,2.5],"tintindex":0,"rotation":180,"texture":"#0"},"up":{"uv":[14.875,2.5,14.75,2.625],"tintindex":0,"rotation":270,"texture":"#0"}}},{"from":[7.8538246,13.064211,6.376377],"to":[8.153825,13.5267105,7.001377],"faces":{"east":{"uv":[14.875,1.0,14.5,1.25],"tintindex":0,"rotation":180,"texture":"#0"},"north":{"uv":[13.625,14.5,13.5,14.75],"tintindex":0,"rotation":180,"texture":"#0"},"west":{"uv":[14.875,1.25,14.5,1.5],"tintindex":0,"rotation":180,"texture":"#0"},"up":{"uv":[14.5,10.5,14.875,10.625],"tintindex":0,"rotation":270,"texture":"#0"},"down":{"uv":[10.5,14.625,10.875,14.5],"tintindex":0,"rotation":90,"texture":"#0"}}},{"from":[7.8258247,4.179307,9.868618],"to":[8.181825,5.6853065,11.374617],"faces":{"east":{"uv":[2.5,12.5,3.25,13.25],"tintindex":0,"rotation":180,"texture":"#0"},"south":{"uv":[1.75,14.5,1.875,15.25],"tintindex":0,"rotation":180,"texture":"#0"},"north":{"uv":[0.25,14.5,0.375,15.25],"tintindex":0,"rotation":180,"texture":"#0"},"west":{"uv":[3.25,12.5,4.0,13.25],"tintindex":0,"rotation":180,"texture":"#0"},"up":{"uv":[2.75,14.5,2.0,14.625],"tintindex":0,"rotation":270,"texture":"#0"},"down":{"uv":[15.25,1.625,14.5,1.5],"tintindex":0,"rotation":90,"texture":"#0"}},"rotation":{"origin":[8.003824,7.5371385,8.016786],"angle":45.0,"axis":"x"}},{"from":[7.8038244,7.9158497,7.7667856],"to":[8.203825,11.91585,8.266786],"faces":{"east":{"uv":[7.75,12.5,8.0,14.5],"tintindex":0,"rotation":180,"texture":"#0"},"south":{"uv":[8.0,12.5,7.75,14.5],"tintindex":0,"rotation":180,"texture":"#0"},"north":{"uv":[8.0,12.5,7.75,14.5],"tintindex":0,"rotation":180,"texture":"#0"},"west":{"uv":[7.75,12.5,8.0,14.5],"tintindex":0,"rotation":180,"texture":"#0"}}},{"from":[7.41945,7.20085,7.1167855],"to":[8.57945,7.5608497,8.916785],"faces":{"east":{"uv":[13.75,3.0,14.75,2.75],"tintindex":0,"rotation":180,"texture":"#0"},"west":{"uv":[13.75,3.0,14.75,2.75],"tintindex":0,"rotation":180,"texture":"#0"}}},{"from":[7.41945,7.20085,6.7567854],"to":[8.57945,7.5608497,7.1167855],"faces":{"east":{"uv":[14.75,3.375,14.875,3.25],"tintindex":0,"rotation":180,"texture":"#0"},"west":{"uv":[14.75,3.375,14.875,3.25],"tintindex":0,"rotation":180,"texture":"#0"}}},{"from":[7.41945,6.84085,8.556786],"to":[8.57945,7.20085,8.916785],"faces":{"east":{"uv":[14.75,2.875,14.875,2.75],"tintindex":0,"rotation":180,"texture":"#0"},"west":{"uv":[14.75,2.875,14.875,2.75],"tintindex":0,"rotation":180,"texture":"#0"}}},{"from":[7.578825,8.4888115,8.968458],"to":[8.453825,8.888811,9.368458],"faces":{"east":{"uv":[6.0,14.5,6.25,14.75],"tintindex":0,"rotation":180,"texture":"#0"},"south":{"uv":[14.25,8.25,14.75,8.5],"tintindex":0,"rotation":180,"texture":"#0"},"north":{"uv":[8.25,14.25,8.75,14.5],"tintindex":0,"rotation":180,"texture":"#0"},"west":{"uv":[14.5,6.0,14.75,6.25],"tintindex":0,"rotation":180,"texture":"#0"},"up":{"uv":[4.25,11.75,4.0,12.25],"tintindex":0,"rotation":270,"texture":"#0"},"down":{"uv":[9.25,10.0,9.0,9.5],"tintindex":0,"rotation":90,"texture":"#0"}},"rotation":{"origin":[8.003824,7.5371385,8.016786],"angle":-45.0,"axis":"x"}},{"from":[7.41945,8.280849,8.916785],"to":[8.57945,8.64085,9.276785],"faces":{"east":{"uv":[14.75,2.625,14.875,2.5],"tintindex":0,"rotation":180,"texture":"#0"},"south":{"uv":[14.75,2.625,14.875,2.5],"tintindex":0,"rotation":180,"texture":"#0"},"west":{"uv":[14.75,2.625,14.875,2.5],"tintindex":0,"rotation":180,"texture":"#0"},"up":{"uv":[14.875,2.5,14.75,2.625],"tintindex":0,"rotation":270,"texture":"#0"}}},{"from":[7.8538246,13.195486,3.9687967],"to":[8.153825,13.657987,4.5937967],"faces":{"east":{"uv":[14.875,0.75,14.5,1.0],"tintindex":0,"rotation":180,"texture":"#0"},"north":{"uv":[14.625,13.25,14.5,13.5],"tintindex":0,"rotation":180,"texture":"#0"},"west":{"uv":[1.375,14.5,1.0,14.75],"tintindex":0,"rotation":180,"texture":"#0"},"up":{"uv":[14.5,10.25,14.875,10.375],"tintindex":0,"rotation":270,"texture":"#0"},"down":{"uv":[14.5,10.125,14.875,10.0],"tintindex":0,"rotation":90,"texture":"#0"}},"rotation":{"origin":[8.003824,7.5371385,8.016786],"angle":22.5,"axis":"x"}},{"from":[7.8538246,13.064211,9.032194],"to":[8.153825,13.5267105,9.657194],"faces":{"east":{"uv":[14.5,1.0,14.875,1.25],"tintindex":0,"rotation":180,"texture":"#0"},"south":{"uv":[13.5,14.5,13.625,14.75],"tintindex":0,"rotation":180,"texture":"#0"},"west":{"uv":[14.5,1.25,14.875,1.5],"tintindex":0,"rotation":180,"texture":"#0"},"up":{"uv":[14.875,10.5,14.5,10.625],"tintindex":0,"rotation":270,"texture":"#0"},"down":{"uv":[10.875,14.625,10.5,14.5],"tintindex":0,"rotation":90,"texture":"#0"}}},{"from":[7.9788246,11.939211,5.5792856],"to":[7.9788246,15.5267105,10.454286],"faces":{"east":{"uv":[8.5,3.5,11.0,5.25],"tintindex":0,"rotation":180,"texture":"#0"},"west":{"uv":[11.0,3.5,8.5,5.25],"tintindex":0,"rotation":180,"texture":"#0"}}},{"from":[7.6288247,11.428787,11.908497],"to":[8.378824,12.666287,13.145997],"faces":{"east":{"uv":[4.75,13.0,5.375,13.625],"tintindex":0,"rotation":180,"texture":"#0"},"south":{"uv":[13.25,13.75,13.625,14.375],"tintindex":0,"rotation":180,"texture":"#0"},"north":{"uv":[12.75,13.75,13.125,14.375],"tintindex":0,"rotation":180,"texture":"#0"},"west":{"uv":[8.75,13.0,9.375,13.625],"tintindex":0,"rotation":180,"texture":"#0"},"up":{"uv":[14.375,9.5,13.75,9.875],"tintindex":0,"rotation":270,"texture":"#0"}},"rotation":{"origin":[8.003824,7.5371385,8.016786],"angle":-45.0,"axis":"x"}},{"from":[7.6980247,8.71505,6.3859854],"to":[7.6980247,10.99165,9.647585],"faces":{"east":{"uv":[12.375,5.25,10.75,6.375],"tintindex":0,"rotation":180,"texture":"#0"},"west":{"uv":[10.75,5.25,12.375,6.375],"tintindex":0,"rotation":180,"texture":"#0"}}},{"from":[7.8258247,5.3547916,9.80928],"to":[8.181825,6.110791,10.190281],"faces":{"east":{"uv":[3.0,14.5,2.75,14.875],"tintindex":0,"rotation":180,"texture":"#0"},"south":{"uv":[11.375,14.5,11.25,14.875],"tintindex":0,"rotation":180,"texture":"#0"},"north":{"uv":[14.625,11.25,14.5,11.625],"tintindex":0,"rotation":180,"texture":"#0"},"west":{"uv":[3.25,14.5,3.0,14.875],"tintindex":0,"rotation":180,"texture":"#0"}}},{"from":[7.6730247,4.3400497,5.3859854],"to":[7.6730247,9.74165,10.647586],"faces":{"east":{"uv":[3.25,6.0,5.875,8.75],"tintindex":0,"rotation":180,"texture":"#0"},"west":{"uv":[5.875,6.0,3.25,8.75],"tintindex":0,"rotation":180,"texture":"#0"}}},{"from":[7.8278246,4.41809,9.612198],"to":[8.179825,4.9200897,9.951696],"faces":{"east":{"uv":[14.625,13.75,14.5,14.0],"tintindex":0,"rotation":180,"texture":"#0"},"south":{"uv":[14.625,14.0,14.5,14.25],"tintindex":0,"rotation":180,"texture":"#0"},"north":{"uv":[14.625,14.5,14.5,14.75],"tintindex":0,"rotation":180,"texture":"#0"},"west":{"uv":[14.625,14.25,14.5,14.5],"tintindex":0,"rotation":180,"texture":"#0"}}},{"from":[7.41945,5.76085,7.8367853],"to":[8.57945,6.12085,8.196785],"faces":{"east":{"uv":[14.75,2.625,14.875,2.5],"tintindex":0,"rotation":180,"texture":"#0"},"south":{"uv":[14.75,2.625,14.875,2.5],"tintindex":0,"rotation":180,"texture":"#0"},"north":{"uv":[14.75,2.625,14.875,2.5],"tintindex":0,"rotation":180,"texture":"#0"},"west":{"uv":[14.75,2.625,14.875,2.5],"tintindex":0,"rotation":180,"texture":"#0"},"down":{"uv":[14.875,2.625,14.75,2.5],"tintindex":0,"rotation":90,"texture":"#0"}}},{"from":[7.41945,7.20085,9.276785],"to":[8.57945,8.280849,9.6367855],"faces":{"east":{"uv":[14.875,3.125,14.75,3.0],"tintindex":0,"rotation":180,"texture":"#0"},"south":{"uv":[14.875,3.125,14.75,3.0],"tintindex":0,"rotation":180,"texture":"#0"},"west":{"uv":[14.875,3.125,14.75,3.0],"tintindex":0,"rotation":180,"texture":"#0"},"up":{"uv":[14.75,3.0,14.875,3.125],"tintindex":0,"rotation":270,"texture":"#0"},"down":{"uv":[14.75,3.125,14.875,3.0],"tintindex":0,"rotation":90,"texture":"#0"}}},{"from":[7.41945,7.20085,8.916785],"to":[8.57945,7.5608497,9.276785],"faces":{"east":{"uv":[14.75,2.875,14.875,2.75],"tintindex":0,"rotation":180,"texture":"#0"},"west":{"uv":[14.75,2.875,14.875,2.75],"tintindex":0,"rotation":180,"texture":"#0"}}},{"from":[7.41945,8.280849,6.7567854],"to":[8.57945,8.64085,7.1167855],"faces":{"east":{"uv":[14.75,3.125,14.875,3.0],"tintindex":0,"rotation":180,"texture":"#0"},"north":{"uv":[14.75,3.125,14.875,3.0],"tintindex":0,"rotation":180,"texture":"#0"},"west":{"uv":[14.75,3.125,14.875,3.0],"tintindex":0,"rotation":180,"texture":"#0"},"up":{"uv":[14.875,3.0,14.75,3.125],"tintindex":0,"rotation":270,"texture":"#0"}}},{"from":[7.41945,6.4808497,7.1167855],"to":[8.57945,6.84085,7.4767857],"faces":{"east":{"uv":[14.75,3.125,14.875,3.0],"tintindex":0,"rotation":180,"texture":"#0"},"north":{"uv":[14.75,3.125,14.875,3.0],"tintindex":0,"rotation":180,"texture":"#0"},"west":{"uv":[14.75,3.125,14.875,3.0],"tintindex":0,"rotation":180,"texture":"#0"},"down":{"uv":[14.875,3.125,14.75,3.0],"tintindex":0,"rotation":90,"texture":"#0"}}},{"from":[7.828825,5.0239463,9.088641],"to":[8.178825,6.6489463,9.438641],"faces":{"east":{"uv":[8.75,14.25,8.875,15.125],"tintindex":0,"rotation":180,"texture":"#0"},"south":{"uv":[14.25,13.25,14.375,14.125],"tintindex":0,"rotation":180,"texture":"#0"},"north":{"uv":[9.0,14.25,9.125,15.125],"tintindex":0,"rotation":180,"texture":"#0"},"west":{"uv":[14.25,10.75,14.375,11.625],"tintindex":0,"rotation":180,"texture":"#0"}},"rotation":{"origin":[8.003824,7.5371385,8.016786],"angle":22.5,"axis":"x"}},{"from":[7.41945,6.4808497,7.4767857],"to":[8.57945,6.84085,7.8367853],"faces":{"east":{"uv":[14.75,3.375,14.875,3.25],"tintindex":0,"rotation":180,"texture":"#0"},"west":{"uv":[14.75,3.375,14.875,3.25],"tintindex":0,"rotation":180,"texture":"#0"}}},{"from":[7.8278246,3.7898498,7.6407857],"to":[8.179825,6.4168496,8.392786],"faces":{"east":{"uv":[5.5,12.5,5.875,13.875],"tintindex":0,"rotation":180,"texture":"#0"},"south":{"uv":[3.25,14.0,3.375,15.375],"tintindex":0,"rotation":180,"texture":"#0"},"north":{"uv":[1.5,14.0,1.625,15.375],"tintindex":0,"rotation":180,"texture":"#0"},"west":{"uv":[6.0,12.5,6.375,13.875],"tintindex":0,"rotation":180,"texture":"#0"}}},{"from":[7.41945,6.84085,7.1167855],"to":[8.57945,7.20085,7.4767857],"faces":{"east":{"uv":[14.75,3.375,14.875,3.25],"tintindex":0,"rotation":180,"texture":"#0"},"west":{"uv":[14.75,3.375,14.875,3.25],"tintindex":0,"rotation":180,"texture":"#0"}}},{"from":[7.41945,6.4808497,7.8367853],"to":[8.57945,6.84085,8.196785],"faces":{"east":{"uv":[13.75,3.0,14.75,2.75],"tintindex":0,"rotation":180,"texture":"#0"},"west":{"uv":[13.75,3.0,14.75,2.75],"tintindex":0,"rotation":180,"texture":"#0"}}},{"from":[7.8268247,5.7272973,5.1755095],"to":[8.180824,6.3562975,5.54201],"faces":{"east":{"uv":[11.5,14.5,11.625,14.875],"tintindex":0,"rotation":180,"texture":"#0"},"south":{"uv":[12.0,14.5,12.125,14.875],"tintindex":0,"rotation":180,"texture":"#0"},"north":{"uv":[11.75,14.5,11.875,14.875],"tintindex":0,"rotation":180,"texture":"#0"},"west":{"uv":[14.5,11.75,14.625,12.125],"tintindex":0,"rotation":180,"texture":"#0"}},"rotation":{"origin":[8.003824,7.5371385,8.016786],"angle":-22.5,"axis":"x"}},{"from":[7.824825,4.987666,7.4887147],"to":[8.182825,5.8706656,7.9467144],"faces":{"east":{"uv":[12.5,9.5,12.75,10.0],"tintindex":0,"rotation":180,"texture":"#0"},"south":{"uv":[14.5,6.75,14.625,7.25],"tintindex":0,"rotation":180,"texture":"#0"},"north":{"uv":[6.25,14.5,6.375,15.0],"tintindex":0,"rotation":180,"texture":"#0"},"west":{"uv":[14.25,8.5,14.5,9.0],"tintindex":0,"rotation":180,"texture":"#0"}},"rotation":{"origin":[8.003824,7.5371385,8.016786],"angle":45.0,"axis":"x"}},{"from":[7.7027245,7.137986,9.066308],"to":[8.299925,8.345186,9.973507],"faces":{"east":{"uv":[7.0,13.5,7.5,14.125],"tintindex":0,"rotation":180,"texture":"#0"},"south":{"uv":[14.25,3.0,14.5,3.625],"tintindex":0,"rotation":180,"texture":"#0"},"west":{"uv":[13.5,7.0,14.0,7.625],"tintindex":0,"rotation":180,"texture":"#0"}}},{"from":[7.8278246,4.41809,6.081874],"to":[8.179825,4.9200897,6.421374],"faces":{"east":{"uv":[14.5,13.75,14.625,14.0],"tintindex":0,"rotation":180,"texture":"#0"},"south":{"uv":[14.5,14.5,14.625,14.75],"tintindex":0,"rotation":180,"texture":"#0"},"north":{"uv":[14.5,14.0,14.625,14.25],"tintindex":0,"rotation":180,"texture":"#0"},"west":{"uv":[14.5,14.25,14.625,14.5],"tintindex":0,"rotation":180,"texture":"#0"}}},{"from":[7.3788247,11.91585,7.3917856],"to":[8.628824,12.41585,8.641786],"faces":{"east":{"uv":[14.0,5.75,14.625,6.0],"tintindex":0,"rotation":180,"texture":"#0"},"south":{"uv":[14.25,2.25,14.875,2.5],"tintindex":0,"rotation":180,"texture":"#0"},"north":{"uv":[14.25,1.75,14.875,2.0],"tintindex":0,"rotation":180,"texture":"#0"},"west":{"uv":[14.25,2.0,14.875,2.25],"tintindex":0,"rotation":180,"texture":"#0"},"up":{"uv":[4.625,13.0,4.0,13.625],"tintindex":0,"rotation":270,"texture":"#0"},"down":{"uv":[2.375,13.625,1.75,13.0],"tintindex":0,"rotation":90,"texture":"#0"}}},{"from":[7.41945,7.5608497,6.7567854],"to":[8.57945,8.280849,9.276785],"faces":{"east":{"uv":[13.75,3.0,14.75,2.75],"tintindex":0,"rotation":180,"texture":"#0"},"west":{"uv":[13.75,3.0,14.75,2.75],"tintindex":0,"rotation":180,"texture":"#0"}}},{"from":[7.7538247,11.382143,2.5120091],"to":[8.253824,11.882143,3.0120091],"faces":{"east":{"uv":[8.5,2.5,8.25,2.75],"tintindex":0,"rotation":180,"texture":"#0"},"north":{"uv":[5.75,12.25,5.5,12.5],"tintindex":0,"rotation":180,"texture":"#0"},"west":{"uv":[3.25,11.5,3.0,11.75],"tintindex":0,"rotation":180,"texture":"#0"},"up":{"uv":[13.5,1.25,13.75,1.5],"tintindex":0,"rotation":270,"texture":"#0"},"down":{"uv":[13.0,12.5,13.25,12.25],"tintindex":0,"rotation":90,"texture":"#0"}},"rotation":{"origin":[8.003824,7.5371385,8.016786],"angle":45.0,"axis":"x"}},{"from":[7.41945,6.84085,7.4767857],"to":[8.57945,7.20085,8.556786],"faces":{"east":{"uv":[13.75,3.0,14.75,2.75],"tintindex":0,"rotation":180,"texture":"#0"},"west":{"uv":[13.75,3.0,14.75,2.75],"tintindex":0,"rotation":180,"texture":"#0"}}},{"from":[7.41945,6.4808497,8.556786],"to":[8.57945,6.84085,8.916785],"faces":{"east":{"uv":[14.75,2.625,14.875,2.5],"tintindex":0,"rotation":180,"texture":"#0"},"south":{"uv":[14.75,2.625,14.875,2.5],"tintindex":0,"rotation":180,"texture":"#0"},"west":{"uv":[14.75,2.625,14.875,2.5],"tintindex":0,"rotation":180,"texture":"#0"},"down":{"uv":[14.875,2.625,14.75,2.5],"tintindex":0,"rotation":90,"texture":"#0"}}},{"from":[7.8538246,13.195486,11.4397745],"to":[8.153825,13.657987,12.0647745],"faces":{"east":{"uv":[14.5,0.75,14.875,1.0],"tintindex":0,"rotation":180,"texture":"#0"},"south":{"uv":[14.5,13.25,14.625,13.5],"tintindex":0,"rotation":180,"texture":"#0"},"west":{"uv":[1.0,14.5,1.375,14.75],"tintindex":0,"rotation":180,"texture":"#0"},"up":{"uv":[14.875,10.25,14.5,10.375],"tintindex":0,"rotation":270,"texture":"#0"},"down":{"uv":[14.875,10.125,14.5,10.0],"tintindex":0,"rotation":90,"texture":"#0"}},"rotation":{"origin":[8.003824,7.5371385,8.016786],"angle":-22.5,"axis":"x"}},{"from":[7.7538247,12.182201,10.872011],"to":[8.253824,12.682201,11.247011],"faces":{"east":{"uv":[2.25,13.75,2.5,14.0],"tintindex":0,"rotation":180,"texture":"#0"},"south":{"uv":[9.25,13.75,9.5,14.0],"tintindex":0,"rotation":180,"texture":"#0"},"west":{"uv":[13.75,6.75,14.0,7.0],"tintindex":0,"rotation":180,"texture":"#0"},"up":{"uv":[6.0,14.5,5.75,14.75],"tintindex":0,"rotation":270,"texture":"#0"},"down":{"uv":[14.25,0.75,14.0,0.5],"tintindex":0,"rotation":90,"texture":"#0"}},"rotation":{"origin":[8.003824,7.5371385,8.016786],"angle":-22.5,"axis":"x"}},{"from":[8.234625,4.3400497,5.3859854],"to":[8.234625,9.74165,10.647586],"faces":{"east":{"uv":[3.25,6.0,5.875,8.75],"tintindex":0,"rotation":180,"texture":"#0"},"west":{"uv":[5.875,6.0,3.25,8.75],"tintindex":0,"rotation":180,"texture":"#0"}}},{"from":[7.41945,8.280849,8.196785],"to":[8.57945,8.64085,8.916785],"faces":{"east":{"uv":[13.75,3.0,14.75,2.75],"tintindex":0,"rotation":180,"texture":"#0"},"west":{"uv":[13.75,3.0,14.75,2.75],"tintindex":0,"rotation":180,"texture":"#0"}}},{"from":[8.209625,8.71505,6.3859854],"to":[8.209625,10.99165,9.647585],"faces":{"east":{"uv":[10.75,5.25,12.375,6.375],"tintindex":0,"rotation":180,"texture":"#0"},"west":{"uv":[12.375,5.25,10.75,6.375],"tintindex":0,"rotation":180,"texture":"#0"}}},{"from":[8.002825,-5.0841503,6.0157857],"to":[8.004825,6.4168496,10.017786],"faces":{"east":{"uv":[0.0,0.0,1.875,5.75],"tintindex":0,"rotation":180,"texture":"#0"},"west":{"uv":[1.875,0.0,0.0,5.75],"tintindex":0,"rotation":180,"texture":"#0"}}},{"from":[7.41945,8.280849,7.1167855],"to":[8.57945,8.64085,7.8367853],"faces":{"east":{"uv":[13.25,14.625,13.5,14.5],"tintindex":0,"rotation":180,"texture":"#0"},"west":{"uv":[13.25,14.625,13.5,14.5],"tintindex":0,"rotation":180,"texture":"#0"}}},{"from":[7.7538247,11.382143,13.021563],"to":[8.253824,11.882143,13.521563],"faces":{"east":{"uv":[8.25,2.5,8.5,2.75],"tintindex":0,"rotation":180,"texture":"#0"},"south":{"uv":[5.5,12.25,5.75,12.5],"tintindex":0,"rotation":180,"texture":"#0"},"west":{"uv":[3.0,11.5,3.25,11.75],"tintindex":0,"rotation":180,"texture":"#0"},"up":{"uv":[13.75,1.25,13.5,1.5],"tintindex":0,"rotation":270,"texture":"#0"},"down":{"uv":[13.25,12.5,13.0,12.25],"tintindex":0,"rotation":90,"texture":"#0"}},"rotation":{"origin":[8.003824,7.5371385,8.016786],"angle":-45.0,"axis":"x"}},{"from":[7.41945,6.12085,8.196785],"to":[8.57945,6.4808497,8.556786],"faces":{"east":{"uv":[14.75,2.625,14.875,2.5],"tintindex":0,"rotation":180,"texture":"#0"},"south":{"uv":[14.75,2.625,14.875,2.5],"tintindex":0,"rotation":180,"texture":"#0"},"west":{"uv":[14.75,2.625,14.875,2.5],"tintindex":0,"rotation":180,"texture":"#0"},"down":{"uv":[14.875,2.625,14.75,2.5],"tintindex":0,"rotation":90,"texture":"#0"}}},{"from":[7.7049246,6.7235026,6.0654893],"to":[8.297725,7.866303,6.9682894],"faces":{"east":{"uv":[14.0,5.25,13.5,5.875],"tintindex":0,"rotation":180,"texture":"#0"},"north":{"uv":[1.0,14.25,0.75,14.875],"tintindex":0,"rotation":180,"texture":"#0"},"west":{"uv":[7.0,13.5,6.5,14.125],"tintindex":0,"rotation":180,"texture":"#0"}},"rotation":{"origin":[8.003824,7.5371385,8.016786],"angle":45.0,"axis":"x"}},{"from":[7.705125,8.246487,8.202606],"to":[8.297524,9.148888,9.165007],"faces":{"east":{"uv":[13.75,8.25,14.25,8.75],"tintindex":0,"rotation":180,"texture":"#0"},"west":{"uv":[8.75,13.75,9.25,14.25],"tintindex":0,"rotation":180,"texture":"#0"},"up":{"uv":[3.0,12.25,2.5,12.5],"tintindex":0,"rotation":270,"texture":"#0"}}},{"from":[7.8268247,5.7272973,10.491562],"to":[8.180824,6.3562975,10.858062],"faces":{"east":{"uv":[11.625,14.5,11.5,14.875],"tintindex":0,"rotation":180,"texture":"#0"},"south":{"uv":[11.875,14.5,11.75,14.875],"tintindex":0,"rotation":180,"texture":"#0"},"north":{"uv":[12.125,14.5,12.0,14.875],"tintindex":0,"rotation":180,"texture":"#0"},"west":{"uv":[14.625,11.75,14.5,12.125],"tintindex":0,"rotation":180,"texture":"#0"}},"rotation":{"origin":[8.003824,7.5371385,8.016786],"angle":22.5,"axis":"x"}},{"from":[7.41945,6.4808497,8.196785],"to":[8.57945,6.84085,8.556786],"faces":{"east":{"uv":[14.75,2.875,14.875,2.75],"tintindex":0,"rotation":180,"texture":"#0"},"west":{"uv":[14.75,2.875,14.875,2.75],"tintindex":0,"rotation":180,"texture":"#0"}}},{"from":[7.7015247,5.8715744,6.3512216],"to":[8.301125,6.7811747,9.120821],"faces":{"east":{"uv":[11.75,3.0,13.125,3.5],"tintindex":0,"rotation":180,"texture":"#0"},"west":{"uv":[8.75,11.75,10.125,12.25],"tintindex":0,"rotation":180,"texture":"#0"},"down":{"uv":[1.375,6.0,0.0,5.75],"tintindex":0,"rotation":90,"texture":"#0"}},"rotation":{"origin":[8.003824,7.5371385,8.016786],"angle":-45.0,"axis":"x"}},{"from":[7.7039247,6.7225027,9.064281],"to":[8.298725,7.867303,9.969082],"faces":{"east":{"uv":[13.5,5.25,14.0,5.875],"tintindex":0,"rotation":180,"texture":"#0"},"south":{"uv":[0.75,14.25,1.0,14.875],"tintindex":0,"rotation":180,"texture":"#0"},"west":{"uv":[6.5,13.5,7.0,14.125],"tintindex":0,"rotation":180,"texture":"#0"}},"rotation":{"origin":[8.003824,7.5371385,8.016786],"angle":-45.0,"axis":"x"}},{"from":[7.7056246,8.246986,6.8690653],"to":[8.297025,9.148388,7.830465],"faces":{"east":{"uv":[14.25,8.25,13.75,8.75],"tintindex":0,"rotation":180,"texture":"#0"},"west":{"uv":[9.25,13.75,8.75,14.25],"tintindex":0,"rotation":180,"texture":"#0"},"up":{"uv":[2.5,12.25,3.0,12.5],"tintindex":0,"rotation":270,"texture":"#0"}}},{"from":[7.627825,12.414849,7.1407857],"to":[8.379825,13.91685,8.892786],"faces":{"east":{"uv":[12.0,3.5,12.875,4.25],"tintindex":0,"rotation":180,"texture":"#0"},"south":{"uv":[4.0,13.75,4.375,14.5],"tintindex":0,"rotation":180,"texture":"#0"},"north":{"uv":[13.75,1.75,14.125,2.5],"tintindex":0,"rotation":180,"texture":"#0"},"west":{"uv":[0.0,12.25,0.875,13.0],"tintindex":0,"rotation":180,"texture":"#0"},"down":{"uv":[14.125,3.375,13.25,3.0],"tintindex":0,"rotation":90,"texture":"#0"}}},{"from":[7.41945,8.64085,8.196785],"to":[8.57945,9.00085,8.916785],"faces":{"east":{"uv":[14.75,2.625,14.875,2.5],"tintindex":0,"rotation":180,"texture":"#0"},"south":{"uv":[14.75,2.625,14.875,2.5],"tintindex":0,"rotation":180,"texture":"#0"},"north":{"uv":[14.75,2.625,14.875,2.5],"tintindex":0,"rotation":180,"texture":"#0"},"west":{"uv":[14.75,2.625,14.875,2.5],"tintindex":0,"rotation":180,"texture":"#0"},"up":{"uv":[14.875,2.5,14.75,2.625],"tintindex":0,"rotation":270,"texture":"#0"}}},{"from":[7.7025247,5.872575,6.9137497],"to":[8.300125,6.7801743,9.681349],"faces":{"east":{"uv":[13.125,3.0,11.75,3.5],"tintindex":0,"rotation":180,"texture":"#0"},"west":{"uv":[10.125,11.75,8.75,12.25],"tintindex":0,"rotation":180,"texture":"#0"},"down":{"uv":[0.0,6.0,1.375,5.75],"tintindex":0,"rotation":90,"texture":"#0"}},"rotation":{"origin":[8.003824,7.5371385,8.016786],"angle":45.0,"axis":"x"}},{"from":[7.7063246,7.793725,6.745712],"to":[8.296325,8.543725,7.7157116],"faces":{"east":{"uv":[14.0,12.25,14.5,12.625],"tintindex":0,"rotation":180,"texture":"#0"},"west":{"uv":[14.0,12.75,14.5,13.125],"tintindex":0,"rotation":180,"texture":"#0"},"up":{"uv":[2.0,5.75,1.5,6.0],"tintindex":0,"rotation":270,"texture":"#0"}},"rotation":{"origin":[8.003824,7.5371385,8.016786],"angle":45.0,"axis":"x"}},{"from":[7.984625,5.2150497,3.8859859],"to":[7.984625,10.74165,12.147585],"faces":{"east":{"uv":[2.0,0.0,6.125,2.75],"tintindex":0,"rotation":180,"texture":"#0"},"west":{"uv":[6.125,0.0,2.0,2.75],"tintindex":0,"rotation":180,"texture":"#0"}}},{"from":[7.828825,3.7035117,8.755245],"to":[8.178825,4.2035117,9.092746],"faces":{"east":{"uv":[14.75,0.0,14.875,0.25],"tintindex":0,"rotation":180,"texture":"#0"},"south":{"uv":[1.0,14.75,1.125,15.0],"tintindex":0,"rotation":180,"texture":"#0"},"north":{"uv":[14.75,0.25,14.875,0.5],"tintindex":0,"rotation":180,"texture":"#0"},"west":{"uv":[14.75,0.5,14.875,0.75],"tintindex":0,"rotation":180,"texture":"#0"},"down":{"uv":[14.875,3.625,14.75,3.5],"tintindex":0,"rotation":90,"texture":"#0"}},"rotation":{"origin":[8.003824,7.5371385,8.016786],"angle":45.0,"axis":"x"}},{"from":[7.703725,7.1389856,6.061063],"to":[8.298924,8.344186,6.9662633],"faces":{"east":{"uv":[7.5,13.5,7.0,14.125],"tintindex":0,"rotation":180,"texture":"#0"},"north":{"uv":[14.5,3.0,14.25,3.625],"tintindex":0,"rotation":180,"texture":"#0"},"west":{"uv":[14.0,7.0,13.5,7.625],"tintindex":0,"rotation":180,"texture":"#0"}}},{"from":[7.41945,6.12085,7.8367853],"to":[8.57945,6.4808497,8.196785],"faces":{"east":{"uv":[14.75,2.875,14.875,2.75],"tintindex":0,"rotation":180,"texture":"#0"},"west":{"uv":[14.75,2.875,14.875,2.75],"tintindex":0,"rotation":180,"texture":"#0"}}},{"from":[7.41945,8.64085,7.1167855],"to":[8.57945,9.00085,7.8367853],"faces":{"east":{"uv":[14.75,3.125,14.875,3.0],"tintindex":0,"rotation":180,"texture":"#0"},"south":{"uv":[14.75,3.125,14.875,3.0],"tintindex":0,"rotation":180,"texture":"#0"},"north":{"uv":[14.75,3.125,14.875,3.0],"tintindex":0,"rotation":180,"texture":"#0"},"west":{"uv":[14.75,3.125,14.875,3.0],"tintindex":0,"rotation":180,"texture":"#0"},"up":{"uv":[14.875,3.0,14.75,3.125],"tintindex":0,"rotation":270,"texture":"#0"}}},{"from":[7.8258247,5.3547916,5.8432903],"to":[8.181825,6.110791,6.2242904],"faces":{"east":{"uv":[2.75,14.5,3.0,14.875],"tintindex":0,"rotation":180,"texture":"#0"},"south":{"uv":[14.5,11.25,14.625,11.625],"tintindex":0,"rotation":180,"texture":"#0"},"north":{"uv":[11.25,14.5,11.375,14.875],"tintindex":0,"rotation":180,"texture":"#0"},"west":{"uv":[3.0,14.5,3.25,14.875],"tintindex":0,"rotation":180,"texture":"#0"}}},{"from":[7.7538247,12.182201,4.7865605],"to":[8.253824,12.682201,5.1615605],"faces":{"east":{"uv":[2.5,13.75,2.25,14.0],"tintindex":0,"rotation":180,"texture":"#0"},"north":{"uv":[9.5,13.75,9.25,14.0],"tintindex":0,"rotation":180,"texture":"#0"},"west":{"uv":[14.0,6.75,13.75,7.0],"tintindex":0,"rotation":180,"texture":"#0"},"up":{"uv":[5.75,14.5,6.0,14.75],"tintindex":0,"rotation":270,"texture":"#0"},"down":{"uv":[14.0,0.75,14.25,0.5],"tintindex":0,"rotation":90,"texture":"#0"}},"rotation":{"origin":[8.003824,7.5371385,8.016786],"angle":22.5,"axis":"x"}}]}