{"textures":{"0":"modelengine:entity/chest_heart_penguin"},"elements":[{"from":[6.7567854,7.5608497,7.4205503],"to":[9.276785,8.280849,8.58055],"faces":{"south":{"uv":[13.75,3.0,14.75,2.75],"tintindex":0,"rotation":180,"texture":"#0"},"north":{"uv":[13.75,3.0,14.75,2.75],"tintindex":0,"rotation":180,"texture":"#0"}}},{"from":[7.3917856,11.91585,7.3711753],"to":[8.641786,12.41585,8.621176],"faces":{"east":{"uv":[14.25,2.25,14.875,2.5],"tintindex":0,"rotation":180,"texture":"#0"},"south":{"uv":[14.25,2.0,14.875,2.25],"tintindex":0,"rotation":180,"texture":"#0"},"north":{"uv":[14.0,5.75,14.625,6.0],"tintindex":0,"rotation":180,"texture":"#0"},"west":{"uv":[14.25,1.75,14.875,2.0],"tintindex":0,"rotation":180,"texture":"#0"},"up":{"uv":[4.625,13.0,4.0,13.625],"tintindex":0,"rotation":180,"texture":"#0"},"down":{"uv":[2.375,13.625,1.75,13.0],"tintindex":0,"rotation":180,"texture":"#0"}}},{"from":[4.78656,12.182201,7.7461753],"to":[5.16156,12.682201,8.246176],"faces":{"south":{"uv":[14.0,6.75,13.75,7.0],"tintindex":0,"rotation":180,"texture":"#0"},"north":{"uv":[2.5,13.75,2.25,14.0],"tintindex":0,"rotation":180,"texture":"#0"},"west":{"uv":[9.5,13.75,9.25,14.0],"tintindex":0,"rotation":180,"texture":"#0"},"up":{"uv":[5.75,14.5,6.0,14.75],"tintindex":0,"rotation":180,"texture":"#0"},"down":{"uv":[14.0,0.75,14.25,0.5],"tintindex":0,"rotation":180,"texture":"#0"}},"rotation":{"origin":[8.016786,7.5371385,7.9961753],"angle":-22.5,"axis":"z"}},{"from":[7.1167855,6.4808497,7.4205503],"to":[7.4767857,6.84085,8.58055],"faces":{"south":{"uv":[14.75,3.125,14.875,3.0],"tintindex":0,"rotation":180,"texture":"#0"},"north":{"uv":[14.75,3.125,14.875,3.0],"tintindex":0,"rotation":180,"texture":"#0"},"west":{"uv":[14.75,3.125,14.875,3.0],"tintindex":0,"rotation":180,"texture":"#0"},"down":{"uv":[14.875,3.125,14.75,3.0],"tintindex":0,"rotation":180,"texture":"#0"}}},{"from":[5.3859854,4.3400497,7.765375],"to":[10.647585,9.74165,7.765375],"faces":{"south":{"uv":[5.875,6.0,3.25,8.75],"tintindex":0,"rotation":180,"texture":"#0"},"north":{"uv":[3.25,6.0,5.875,8.75],"tintindex":0,"rotation":180,"texture":"#0"}}},{"from":[8.916785,7.20085,7.4205503],"to":[9.276785,7.5608497,8.58055],"faces":{"south":{"uv":[14.75,2.875,14.875,2.75],"tintindex":0,"rotation":180,"texture":"#0"},"north":{"uv":[14.75,2.875,14.875,2.75],"tintindex":0,"rotation":180,"texture":"#0"}}},{"from":[8.755245,3.7035117,7.8211756],"to":[9.092746,4.2035117,8.171175],"faces":{"east":{"uv":[1.0,14.75,1.125,15.0],"tintindex":0,"rotation":180,"texture":"#0"},"south":{"uv":[14.75,0.5,14.875,0.75],"tintindex":0,"rotation":180,"texture":"#0"},"north":{"uv":[14.75,0.0,14.875,0.25],"tintindex":0,"rotation":180,"texture":"#0"},"west":{"uv":[14.75,0.25,14.875,0.5],"tintindex":0,"rotation":180,"texture":"#0"},"down":{"uv":[14.875,3.625,14.75,3.5],"tintindex":0,"rotation":180,"texture":"#0"}},"rotation":{"origin":[8.016786,7.5371385,7.9961753],"angle":-45.0,"axis":"z"}},{"from":[8.202606,8.246487,7.7024755],"to":[9.165007,9.148888,8.294875],"faces":{"south":{"uv":[8.75,13.75,9.25,14.25],"tintindex":0,"rotation":180,"texture":"#0"},"north":{"uv":[13.75,8.25,14.25,8.75],"tintindex":0,"rotation":180,"texture":"#0"},"up":{"uv":[3.0,12.25,2.5,12.5],"tintindex":0,"rotation":180,"texture":"#0"}}},{"from":[5.8432903,5.3547916,7.8181753],"to":[6.224291,6.110791,8.174175],"faces":{"east":{"uv":[14.5,11.25,14.625,11.625],"tintindex":0,"rotation":180,"texture":"#0"},"south":{"uv":[3.0,14.5,3.25,14.875],"tintindex":0,"rotation":180,"texture":"#0"},"north":{"uv":[2.75,14.5,3.0,14.875],"tintindex":0,"rotation":180,"texture":"#0"},"west":{"uv":[11.25,14.5,11.375,14.875],"tintindex":0,"rotation":180,"texture":"#0"}}},{"from":[6.9137497,5.872575,7.699875],"to":[9.681349,6.7801743,8.297475],"faces":{"south":{"uv":[10.125,11.75,8.75,12.25],"tintindex":0,"rotation":180,"texture":"#0"},"north":{"uv":[13.125,3.0,11.75,3.5],"tintindex":0,"rotation":180,"texture":"#0"},"down":{"uv":[0.0,6.0,1.375,5.75],"tintindex":0,"rotation":180,"texture":"#0"}},"rotation":{"origin":[8.016786,7.5371385,7.9961753],"angle":-45.0,"axis":"z"}},{"from":[7.1407857,12.414849,7.6201754],"to":[8.892786,13.91685,8.372175],"faces":{"east":{"uv":[4.0,13.75,4.375,14.5],"tintindex":0,"rotation":180,"texture":"#0"},"south":{"uv":[0.0,12.25,0.875,13.0],"tintindex":0,"rotation":180,"texture":"#0"},"north":{"uv":[12.0,3.5,12.875,4.25],"tintindex":0,"rotation":180,"texture":"#0"},"west":{"uv":[13.75,1.75,14.125,2.5],"tintindex":0,"rotation":180,"texture":"#0"},"down":{"uv":[14.125,3.375,13.25,3.0],"tintindex":0,"rotation":180,"texture":"#0"}}},{"from":[6.8690653,8.246986,7.7029753],"to":[7.830465,9.148388,8.294375],"faces":{"south":{"uv":[9.25,13.75,8.75,14.25],"tintindex":0,"rotation":180,"texture":"#0"},"north":{"uv":[14.25,8.25,13.75,8.75],"tintindex":0,"rotation":180,"texture":"#0"},"up":{"uv":[2.5,12.25,3.0,12.5],"tintindex":0,"rotation":180,"texture":"#0"}}},{"from":[7.7667856,7.9158497,7.796175],"to":[8.266786,11.91585,8.196175],"faces":{"east":{"uv":[8.0,12.5,7.75,14.5],"tintindex":0,"rotation":180,"texture":"#0"},"south":{"uv":[7.75,12.5,8.0,14.5],"tintindex":0,"rotation":180,"texture":"#0"},"north":{"uv":[7.75,12.5,8.0,14.5],"tintindex":0,"rotation":180,"texture":"#0"},"west":{"uv":[8.0,12.5,7.75,14.5],"tintindex":0,"rotation":180,"texture":"#0"}}},{"from":[9.066308,7.137986,7.700075],"to":[9.973507,8.345186,8.297276],"faces":{"east":{"uv":[14.25,3.0,14.5,3.625],"tintindex":0,"rotation":180,"texture":"#0"},"south":{"uv":[13.5,7.0,14.0,7.625],"tintindex":0,"rotation":180,"texture":"#0"},"north":{"uv":[7.0,13.5,7.5,14.125],"tintindex":0,"rotation":180,"texture":"#0"}}},{"from":[7.1167855,6.84085,7.4205503],"to":[7.4767857,7.20085,8.58055],"faces":{"south":{"uv":[14.75,3.375,14.875,3.25],"tintindex":0,"rotation":180,"texture":"#0"},"north":{"uv":[14.75,3.375,14.875,3.25],"tintindex":0,"rotation":180,"texture":"#0"}}},{"from":[8.916785,8.280849,7.4205503],"to":[9.276785,8.64085,8.58055],"faces":{"east":{"uv":[14.75,2.625,14.875,2.5],"tintindex":0,"rotation":180,"texture":"#0"},"south":{"uv":[14.75,2.625,14.875,2.5],"tintindex":0,"rotation":180,"texture":"#0"},"north":{"uv":[14.75,2.625,14.875,2.5],"tintindex":0,"rotation":180,"texture":"#0"},"up":{"uv":[14.875,2.5,14.75,2.625],"tintindex":0,"rotation":180,"texture":"#0"}}},{"from":[9.032194,13.064211,7.846175],"to":[9.657194,13.5267105,8.146175],"faces":{"east":{"uv":[13.5,14.5,13.625,14.75],"tintindex":0,"rotation":180,"texture":"#0"},"south":{"uv":[14.5,1.25,14.875,1.5],"tintindex":0,"rotation":180,"texture":"#0"},"north":{"uv":[14.5,1.0,14.875,1.25],"tintindex":0,"rotation":180,"texture":"#0"},"up":{"uv":[14.875,10.5,14.5,10.625],"tintindex":0,"rotation":180,"texture":"#0"},"down":{"uv":[10.875,14.625,10.5,14.5],"tintindex":0,"rotation":180,"texture":"#0"}}},{"from":[8.556786,6.84085,7.4205503],"to":[8.916785,7.20085,8.58055],"faces":{"south":{"uv":[14.75,2.875,14.875,2.75],"tintindex":0,"rotation":180,"texture":"#0"},"north":{"uv":[14.75,2.875,14.875,2.75],"tintindex":0,"rotation":180,"texture":"#0"}}},{"from":[5.5792856,11.939211,8.021175],"to":[10.454286,15.5267105,8.021175],"faces":{"south":{"uv":[11.0,3.5,8.5,5.25],"tintindex":0,"rotation":180,"texture":"#0"},"north":{"uv":[8.5,3.5,11.0,5.25],"tintindex":0,"rotation":180,"texture":"#0"}}},{"from":[5.1755095,5.7272973,7.8191752],"to":[5.5420094,6.3562975,8.173176],"faces":{"east":{"uv":[12.0,14.5,12.125,14.875],"tintindex":0,"rotation":180,"texture":"#0"},"south":{"uv":[14.5,11.75,14.625,12.125],"tintindex":0,"rotation":180,"texture":"#0"},"north":{"uv":[11.5,14.5,11.625,14.875],"tintindex":0,"rotation":180,"texture":"#0"},"west":{"uv":[11.75,14.5,11.875,14.875],"tintindex":0,"rotation":180,"texture":"#0"}},"rotation":{"origin":[8.016786,7.5371385,7.9961753],"angle":22.5,"axis":"z"}},{"from":[9.017859,7.793725,7.7036753],"to":[9.287859,8.543725,8.293675],"faces":{"south":{"uv":[11.0,14.5,11.125,14.875],"tintindex":0,"rotation":180,"texture":"#0"},"north":{"uv":[14.5,10.75,14.625,11.125],"tintindex":0,"rotation":180,"texture":"#0"},"up":{"uv":[14.625,13.5,14.5,13.75],"tintindex":0,"rotation":180,"texture":"#0"}},"rotation":{"origin":[8.016786,7.5371385,7.9961753],"angle":45.0,"axis":"z"}},{"from":[8.196785,8.280849,7.4205503],"to":[8.916785,8.64085,8.58055],"faces":{"south":{"uv":[13.75,3.0,14.75,2.75],"tintindex":0,"rotation":180,"texture":"#0"},"north":{"uv":[13.75,3.0,14.75,2.75],"tintindex":0,"rotation":180,"texture":"#0"}}},{"from":[7.8367853,6.12085,7.4205503],"to":[8.196785,6.4808497,8.58055],"faces":{"south":{"uv":[14.75,2.875,14.875,2.75],"tintindex":0,"rotation":180,"texture":"#0"},"north":{"uv":[14.75,2.875,14.875,2.75],"tintindex":0,"rotation":180,"texture":"#0"}}},{"from":[5.3859854,4.3400497,8.326975],"to":[10.647585,9.74165,8.326975],"faces":{"south":{"uv":[5.875,6.0,3.25,8.75],"tintindex":0,"rotation":180,"texture":"#0"},"north":{"uv":[3.25,6.0,5.875,8.75],"tintindex":0,"rotation":180,"texture":"#0"}}},{"from":[6.7567854,7.20085,7.4205503],"to":[7.1167855,7.5608497,8.58055],"faces":{"south":{"uv":[14.75,3.375,14.875,3.25],"tintindex":0,"rotation":180,"texture":"#0"},"north":{"uv":[14.75,3.375,14.875,3.25],"tintindex":0,"rotation":180,"texture":"#0"}}},{"from":[7.8367853,5.76085,7.4205503],"to":[8.196785,6.12085,8.58055],"faces":{"east":{"uv":[14.75,2.625,14.875,2.5],"tintindex":0,"rotation":180,"texture":"#0"},"south":{"uv":[14.75,2.625,14.875,2.5],"tintindex":0,"rotation":180,"texture":"#0"},"north":{"uv":[14.75,2.625,14.875,2.5],"tintindex":0,"rotation":180,"texture":"#0"},"west":{"uv":[14.75,2.625,14.875,2.5],"tintindex":0,"rotation":180,"texture":"#0"},"down":{"uv":[14.875,2.625,14.75,2.5],"tintindex":0,"rotation":180,"texture":"#0"}}},{"from":[6.06549,6.7235026,7.7022753],"to":[6.9682894,7.866303,8.295075],"faces":{"south":{"uv":[7.0,13.5,6.5,14.125],"tintindex":0,"rotation":180,"texture":"#0"},"north":{"uv":[14.0,5.25,13.5,5.875],"tintindex":0,"rotation":180,"texture":"#0"},"west":{"uv":[1.0,14.25,0.75,14.875],"tintindex":0,"rotation":180,"texture":"#0"}},"rotation":{"origin":[8.016786,7.5371385,7.9961753],"angle":-45.0,"axis":"z"}},{"from":[6.3859854,8.71505,7.790375],"to":[9.647585,10.99165,7.790375],"faces":{"south":{"uv":[12.375,5.25,10.75,6.375],"tintindex":0,"rotation":180,"texture":"#0"},"north":{"uv":[10.75,5.25,12.375,6.375],"tintindex":0,"rotation":180,"texture":"#0"}}},{"from":[6.7567854,8.280849,7.4205503],"to":[7.1167855,8.64085,8.58055],"faces":{"south":{"uv":[14.75,3.125,14.875,3.0],"tintindex":0,"rotation":180,"texture":"#0"},"north":{"uv":[14.75,3.125,14.875,3.0],"tintindex":0,"rotation":180,"texture":"#0"},"west":{"uv":[14.75,3.125,14.875,3.0],"tintindex":0,"rotation":180,"texture":"#0"},"up":{"uv":[14.875,3.0,14.75,3.125],"tintindex":0,"rotation":180,"texture":"#0"}}},{"from":[7.1167855,7.20085,7.4205503],"to":[8.916785,7.5608497,8.58055],"faces":{"south":{"uv":[13.75,3.0,14.75,2.75],"tintindex":0,"rotation":180,"texture":"#0"},"north":{"uv":[13.75,3.0,14.75,2.75],"tintindex":0,"rotation":180,"texture":"#0"}}},{"from":[6.376377,13.064211,7.846175],"to":[7.001377,13.5267105,8.146175],"faces":{"south":{"uv":[14.875,1.25,14.5,1.5],"tintindex":0,"rotation":180,"texture":"#0"},"north":{"uv":[14.875,1.0,14.5,1.25],"tintindex":0,"rotation":180,"texture":"#0"},"west":{"uv":[13.625,14.5,13.5,14.75],"tintindex":0,"rotation":180,"texture":"#0"},"up":{"uv":[14.5,10.5,14.875,10.625],"tintindex":0,"rotation":180,"texture":"#0"},"down":{"uv":[10.5,14.625,10.875,14.5],"tintindex":0,"rotation":180,"texture":"#0"}}},{"from":[6.061063,7.1389856,7.701075],"to":[6.9662633,8.344186,8.296275],"faces":{"south":{"uv":[14.0,7.0,13.5,7.625],"tintindex":0,"rotation":180,"texture":"#0"},"north":{"uv":[7.5,13.5,7.0,14.125],"tintindex":0,"rotation":180,"texture":"#0"},"west":{"uv":[14.5,3.0,14.25,3.625],"tintindex":0,"rotation":180,"texture":"#0"}}},{"from":[6.0157857,-5.0841503,7.9951754],"to":[10.017786,6.4168496,7.997175],"faces":{"south":{"uv":[1.875,0.0,0.0,5.75],"tintindex":0,"rotation":180,"texture":"#0"},"north":{"uv":[0.0,0.0,1.875,5.75],"tintindex":0,"rotation":180,"texture":"#0"}}},{"from":[7.4887147,4.987666,7.8171754],"to":[7.9467144,5.8706656,8.175176],"faces":{"east":{"uv":[14.5,6.75,14.625,7.25],"tintindex":0,"rotation":180,"texture":"#0"},"south":{"uv":[14.25,8.5,14.5,9.0],"tintindex":0,"rotation":180,"texture":"#0"},"north":{"uv":[12.5,9.5,12.75,10.0],"tintindex":0,"rotation":180,"texture":"#0"},"west":{"uv":[6.25,14.5,6.375,15.0],"tintindex":0,"rotation":180,"texture":"#0"}},"rotation":{"origin":[8.016786,7.5371385,7.9961753],"angle":-45.0,"axis":"z"}},{"from":[2.5120091,11.382143,7.7461753],"to":[3.0120091,11.882143,8.246176],"faces":{"south":{"uv":[3.25,11.5,3.0,11.75],"tintindex":0,"rotation":180,"texture":"#0"},"north":{"uv":[8.5,2.5,8.25,2.75],"tintindex":0,"rotation":180,"texture":"#0"},"west":{"uv":[5.75,12.25,5.5,12.5],"tintindex":0,"rotation":180,"texture":"#0"},"up":{"uv":[13.5,1.25,13.75,1.5],"tintindex":0,"rotation":180,"texture":"#0"},"down":{"uv":[13.0,12.5,13.25,12.25],"tintindex":0,"rotation":180,"texture":"#0"}},"rotation":{"origin":[8.016786,7.5371385,7.9961753],"angle":-45.0,"axis":"z"}},{"from":[6.3967857,7.20085,7.4205503],"to":[6.7567854,8.280849,8.58055],"faces":{"south":{"uv":[14.75,3.125,14.875,3.0],"tintindex":0,"rotation":180,"texture":"#0"},"north":{"uv":[14.75,3.125,14.875,3.0],"tintindex":0,"rotation":180,"texture":"#0"},"west":{"uv":[14.75,3.125,14.875,3.0],"tintindex":0,"rotation":180,"texture":"#0"},"up":{"uv":[14.875,3.0,14.75,3.125],"tintindex":0,"rotation":180,"texture":"#0"},"down":{"uv":[14.875,3.125,14.75,3.0],"tintindex":0,"rotation":180,"texture":"#0"}}},{"from":[10.87201,12.182201,7.7461753],"to":[11.24701,12.682201,8.246176],"faces":{"east":{"uv":[9.25,13.75,9.5,14.0],"tintindex":0,"rotation":180,"texture":"#0"},"south":{"uv":[13.75,6.75,14.0,7.0],"tintindex":0,"rotation":180,"texture":"#0"},"north":{"uv":[2.25,13.75,2.5,14.0],"tintindex":0,"rotation":180,"texture":"#0"},"up":{"uv":[6.0,14.5,5.75,14.75],"tintindex":0,"rotation":180,"texture":"#0"},"down":{"uv":[14.25,0.75,14.0,0.5],"tintindex":0,"rotation":180,"texture":"#0"}},"rotation":{"origin":[8.016786,7.5371385,7.9961753],"angle":22.5,"axis":"z"}},{"from":[7.6407857,3.7898498,7.820175],"to":[8.392786,6.4168496,8.172175],"faces":{"east":{"uv":[3.25,14.0,3.375,15.375],"tintindex":0,"rotation":180,"texture":"#0"},"south":{"uv":[6.0,12.5,6.375,13.875],"tintindex":0,"rotation":180,"texture":"#0"},"north":{"uv":[5.5,12.5,5.875,13.875],"tintindex":0,"rotation":180,"texture":"#0"},"west":{"uv":[1.5,14.0,1.625,15.375],"tintindex":0,"rotation":180,"texture":"#0"}}},{"from":[6.7567854,6.84085,7.4205503],"to":[7.1167855,7.20085,8.58055],"faces":{"south":{"uv":[14.75,3.125,14.875,3.0],"tintindex":0,"rotation":180,"texture":"#0"},"north":{"uv":[14.75,3.125,14.875,3.0],"tintindex":0,"rotation":180,"texture":"#0"},"west":{"uv":[14.75,3.125,14.875,3.0],"tintindex":0,"rotation":180,"texture":"#0"},"down":{"uv":[14.875,3.125,14.75,3.0],"tintindex":0,"rotation":180,"texture":"#0"}}},{"from":[3.9687967,13.195486,7.846175],"to":[4.5937963,13.657987,8.146175],"faces":{"south":{"uv":[1.375,14.5,1.0,14.75],"tintindex":0,"rotation":180,"texture":"#0"},"north":{"uv":[14.875,0.75,14.5,1.0],"tintindex":0,"rotation":180,"texture":"#0"},"west":{"uv":[14.625,13.25,14.5,13.5],"tintindex":0,"rotation":180,"texture":"#0"},"up":{"uv":[14.5,10.25,14.875,10.375],"tintindex":0,"rotation":180,"texture":"#0"},"down":{"uv":[14.5,10.125,14.875,10.0],"tintindex":0,"rotation":180,"texture":"#0"}},"rotation":{"origin":[8.016786,7.5371385,7.9961753],"angle":-22.5,"axis":"z"}},{"from":[6.59493,5.0239463,7.8211756],"to":[6.94493,6.6489463,8.171175],"faces":{"east":{"uv":[9.125,14.25,9.0,15.125],"tintindex":0,"rotation":180,"texture":"#0"},"south":{"uv":[14.375,10.75,14.25,11.625],"tintindex":0,"rotation":180,"texture":"#0"},"north":{"uv":[8.875,14.25,8.75,15.125],"tintindex":0,"rotation":180,"texture":"#0"},"west":{"uv":[14.375,13.25,14.25,14.125],"tintindex":0,"rotation":180,"texture":"#0"}},"rotation":{"origin":[8.016786,7.5371385,7.9961753],"angle":22.5,"axis":"z"}},{"from":[8.086857,4.987666,7.8171754],"to":[8.544857,5.8706656,8.175176],"faces":{"east":{"uv":[6.375,14.5,6.25,15.0],"tintindex":0,"rotation":180,"texture":"#0"},"south":{"uv":[14.5,8.5,14.25,9.0],"tintindex":0,"rotation":180,"texture":"#0"},"north":{"uv":[12.75,9.5,12.5,10.0],"tintindex":0,"rotation":180,"texture":"#0"},"west":{"uv":[14.625,6.75,14.5,7.25],"tintindex":0,"rotation":180,"texture":"#0"}},"rotation":{"origin":[8.016786,7.5371385,7.9961753],"angle":45.0,"axis":"z"}},{"from":[7.8367853,6.4808497,7.4205503],"to":[8.196785,6.84085,8.58055],"faces":{"south":{"uv":[13.75,3.0,14.75,2.75],"tintindex":0,"rotation":180,"texture":"#0"},"north":{"uv":[13.75,3.0,14.75,2.75],"tintindex":0,"rotation":180,"texture":"#0"}}},{"from":[6.3512216,5.8715744,7.6988754],"to":[9.120821,6.7811747,8.298475],"faces":{"south":{"uv":[8.75,11.75,10.125,12.25],"tintindex":0,"rotation":180,"texture":"#0"},"north":{"uv":[11.75,3.0,13.125,3.5],"tintindex":0,"rotation":180,"texture":"#0"},"down":{"uv":[1.375,6.0,0.0,5.75],"tintindex":0,"rotation":180,"texture":"#0"}},"rotation":{"origin":[8.016786,7.5371385,7.9961753],"angle":45.0,"axis":"z"}},{"from":[8.556786,6.4808497,7.4205503],"to":[8.916785,6.84085,8.58055],"faces":{"east":{"uv":[14.75,2.625,14.875,2.5],"tintindex":0,"rotation":180,"texture":"#0"},"south":{"uv":[14.75,2.625,14.875,2.5],"tintindex":0,"rotation":180,"texture":"#0"},"north":{"uv":[14.75,2.625,14.875,2.5],"tintindex":0,"rotation":180,"texture":"#0"},"down":{"uv":[14.875,2.625,14.75,2.5],"tintindex":0,"rotation":180,"texture":"#0"}}},{"from":[6.745712,7.793725,7.7036753],"to":[7.7157116,8.543725,8.293675],"faces":{"south":{"uv":[14.0,12.75,14.5,13.125],"tintindex":0,"rotation":180,"texture":"#0"},"north":{"uv":[14.0,12.25,14.5,12.625],"tintindex":0,"rotation":180,"texture":"#0"},"up":{"uv":[2.0,5.75,1.5,6.0],"tintindex":0,"rotation":180,"texture":"#0"}},"rotation":{"origin":[8.016786,7.5371385,7.9961753],"angle":-45.0,"axis":"z"}},{"from":[7.1167855,8.280849,7.4205503],"to":[7.8367853,8.64085,8.58055],"faces":{"south":{"uv":[13.25,14.625,13.5,14.5],"tintindex":0,"rotation":180,"texture":"#0"},"north":{"uv":[13.25,14.625,13.5,14.5],"tintindex":0,"rotation":180,"texture":"#0"}}},{"from":[8.196785,6.12085,7.4205503],"to":[8.556786,6.4808497,8.58055],"faces":{"east":{"uv":[14.75,2.625,14.875,2.5],"tintindex":0,"rotation":180,"texture":"#0"},"south":{"uv":[14.75,2.625,14.875,2.5],"tintindex":0,"rotation":180,"texture":"#0"},"north":{"uv":[14.75,2.625,14.875,2.5],"tintindex":0,"rotation":180,"texture":"#0"},"down":{"uv":[14.875,2.625,14.75,2.5],"tintindex":0,"rotation":180,"texture":"#0"}}},{"from":[9.868618,4.179307,7.8181753],"to":[11.374617,5.6853065,8.174175],"faces":{"east":{"uv":[1.75,14.5,1.875,15.25],"tintindex":0,"rotation":180,"texture":"#0"},"south":{"uv":[3.25,12.5,4.0,13.25],"tintindex":0,"rotation":180,"texture":"#0"},"north":{"uv":[2.5,12.5,3.25,13.25],"tintindex":0,"rotation":180,"texture":"#0"},"west":{"uv":[0.25,14.5,0.375,15.25],"tintindex":0,"rotation":180,"texture":"#0"},"up":{"uv":[2.75,14.5,2.0,14.625],"tintindex":0,"rotation":180,"texture":"#0"},"down":{"uv":[15.25,1.625,14.5,1.5],"tintindex":0,"rotation":180,"texture":"#0"}},"rotation":{"origin":[8.016786,7.5371385,7.9961753],"angle":-45.0,"axis":"z"}},{"from":[8.196785,6.4808497,7.4205503],"to":[8.556786,6.84085,8.58055],"faces":{"south":{"uv":[14.75,2.875,14.875,2.75],"tintindex":0,"rotation":180,"texture":"#0"},"north":{"uv":[14.75,2.875,14.875,2.75],"tintindex":0,"rotation":180,"texture":"#0"}}},{"from":[11.4397745,13.195486,7.846175],"to":[12.064775,13.657987,8.146175],"faces":{"east":{"uv":[14.5,13.25,14.625,13.5],"tintindex":0,"rotation":180,"texture":"#0"},"south":{"uv":[1.0,14.5,1.375,14.75],"tintindex":0,"rotation":180,"texture":"#0"},"north":{"uv":[14.5,0.75,14.875,1.0],"tintindex":0,"rotation":180,"texture":"#0"},"up":{"uv":[14.875,10.25,14.5,10.375],"tintindex":0,"rotation":180,"texture":"#0"},"down":{"uv":[14.875,10.125,14.5,10.0],"tintindex":0,"rotation":180,"texture":"#0"}},"rotation":{"origin":[8.016786,7.5371385,7.9961753],"angle":22.5,"axis":"z"}},{"from":[9.612198,4.41809,7.820175],"to":[9.951696,4.9200897,8.172175],"faces":{"east":{"uv":[14.625,14.0,14.5,14.25],"tintindex":0,"rotation":180,"texture":"#0"},"south":{"uv":[14.625,14.25,14.5,14.5],"tintindex":0,"rotation":180,"texture":"#0"},"north":{"uv":[14.625,13.75,14.5,14.0],"tintindex":0,"rotation":180,"texture":"#0"},"west":{"uv":[14.625,14.5,14.5,14.75],"tintindex":0,"rotation":180,"texture":"#0"}}},{"from":[9.064281,6.7225027,7.701275],"to":[9.969082,7.867303,8.296076],"faces":{"east":{"uv":[0.75,14.25,1.0,14.875],"tintindex":0,"rotation":180,"texture":"#0"},"south":{"uv":[6.5,13.5,7.0,14.125],"tintindex":0,"rotation":180,"texture":"#0"},"north":{"uv":[13.5,5.25,14.0,5.875],"tintindex":0,"rotation":180,"texture":"#0"}},"rotation":{"origin":[8.016786,7.5371385,7.9961753],"angle":45.0,"axis":"z"}},{"from":[10.491562,5.7272973,7.8191752],"to":[10.858061,6.3562975,8.173176],"faces":{"east":{"uv":[11.875,14.5,11.75,14.875],"tintindex":0,"rotation":180,"texture":"#0"},"south":{"uv":[14.625,11.75,14.5,12.125],"tintindex":0,"rotation":180,"texture":"#0"},"north":{"uv":[11.625,14.5,11.5,14.875],"tintindex":0,"rotation":180,"texture":"#0"},"west":{"uv":[12.125,14.5,12.0,14.875],"tintindex":0,"rotation":180,"texture":"#0"}},"rotation":{"origin":[8.016786,7.5371385,7.9961753],"angle":-22.5,"axis":"z"}},{"from":[7.4767857,6.4808497,7.4205503],"to":[7.8367853,6.84085,8.58055],"faces":{"south":{"uv":[14.75,3.375,14.875,3.25],"tintindex":0,"rotation":180,"texture":"#0"},"north":{"uv":[14.75,3.375,14.875,3.25],"tintindex":0,"rotation":180,"texture":"#0"}}},{"from":[7.8367853,8.280849,7.4205503],"to":[8.196785,8.64085,8.58055],"faces":{"south":{"uv":[14.75,2.625,14.875,2.5],"tintindex":0,"rotation":180,"texture":"#0"},"north":{"uv":[14.75,2.625,14.875,2.5],"tintindex":0,"rotation":180,"texture":"#0"},"up":{"uv":[14.875,2.5,14.75,2.625],"tintindex":0,"rotation":180,"texture":"#0"}}},{"from":[9.276785,7.20085,7.4205503],"to":[9.6367855,8.280849,8.58055],"faces":{"east":{"uv":[14.875,3.125,14.75,3.0],"tintindex":0,"rotation":180,"texture":"#0"},"south":{"uv":[14.875,3.125,14.75,3.0],"tintindex":0,"rotation":180,"texture":"#0"},"north":{"uv":[14.875,3.125,14.75,3.0],"tintindex":0,"rotation":180,"texture":"#0"},"up":{"uv":[14.75,3.0,14.875,3.125],"tintindex":0,"rotation":180,"texture":"#0"},"down":{"uv":[14.75,3.125,14.875,3.0],"tintindex":0,"rotation":180,"texture":"#0"}}},{"from":[8.968458,8.4888115,7.546175],"to":[9.368458,8.888811,8.421175],"faces":{"east":{"uv":[14.25,8.25,14.75,8.5],"tintindex":0,"rotation":180,"texture":"#0"},"south":{"uv":[14.5,6.0,14.75,6.25],"tintindex":0,"rotation":180,"texture":"#0"},"north":{"uv":[6.0,14.5,6.25,14.75],"tintindex":0,"rotation":180,"texture":"#0"},"west":{"uv":[8.25,14.25,8.75,14.5],"tintindex":0,"rotation":180,"texture":"#0"},"up":{"uv":[4.25,11.75,4.0,12.25],"tintindex":0,"rotation":180,"texture":"#0"},"down":{"uv":[9.25,10.0,9.0,9.5],"tintindex":0,"rotation":180,"texture":"#0"}},"rotation":{"origin":[8.016786,7.5371385,7.9961753],"angle":45.0,"axis":"z"}},{"from":[8.196785,8.64085,7.4205503],"to":[8.916785,9.00085,8.58055],"faces":{"east":{"uv":[14.75,2.625,14.875,2.5],"tintindex":0,"rotation":180,"texture":"#0"},"south":{"uv":[14.75,2.625,14.875,2.5],"tintindex":0,"rotation":180,"texture":"#0"},"north":{"uv":[14.75,2.625,14.875,2.5],"tintindex":0,"rotation":180,"texture":"#0"},"west":{"uv":[14.75,2.625,14.875,2.5],"tintindex":0,"rotation":180,"texture":"#0"},"up":{"uv":[14.875,2.5,14.75,2.625],"tintindex":0,"rotation":180,"texture":"#0"}}},{"from":[13.021563,11.382143,7.7461753],"to":[13.521563,11.882143,8.246176],"faces":{"east":{"uv":[5.5,12.25,5.75,12.5],"tintindex":0,"rotation":180,"texture":"#0"},"south":{"uv":[3.0,11.5,3.25,11.75],"tintindex":0,"rotation":180,"texture":"#0"},"north":{"uv":[8.25,2.5,8.5,2.75],"tintindex":0,"rotation":180,"texture":"#0"},"up":{"uv":[13.75,1.25,13.5,1.5],"tintindex":0,"rotation":180,"texture":"#0"},"down":{"uv":[13.25,12.5,13.0,12.25],"tintindex":0,"rotation":180,"texture":"#0"}},"rotation":{"origin":[8.016786,7.5371385,7.9961753],"angle":45.0,"axis":"z"}},{"from":[6.3859854,8.71505,8.301975],"to":[9.647585,10.99165,8.301975],"faces":{"south":{"uv":[10.75,5.25,12.375,6.375],"tintindex":0,"rotation":180,"texture":"#0"},"north":{"uv":[12.375,5.25,10.75,6.375],"tintindex":0,"rotation":180,"texture":"#0"}}},{"from":[7.1167855,8.64085,7.4205503],"to":[7.8367853,9.00085,8.58055],"faces":{"east":{"uv":[14.75,3.125,14.875,3.0],"tintindex":0,"rotation":180,"texture":"#0"},"south":{"uv":[14.75,3.125,14.875,3.0],"tintindex":0,"rotation":180,"texture":"#0"},"north":{"uv":[14.75,3.125,14.875,3.0],"tintindex":0,"rotation":180,"texture":"#0"},"west":{"uv":[14.75,3.125,14.875,3.0],"tintindex":0,"rotation":180,"texture":"#0"},"up":{"uv":[14.875,3.0,14.75,3.125],"tintindex":0,"rotation":180,"texture":"#0"}}},{"from":[7.4767857,6.84085,7.4205503],"to":[8.556786,7.20085,8.58055],"faces":{"south":{"uv":[13.75,3.0,14.75,2.75],"tintindex":0,"rotation":180,"texture":"#0"},"north":{"uv":[13.75,3.0,14.75,2.75],"tintindex":0,"rotation":180,"texture":"#0"}}},{"from":[9.80928,5.3547916,7.8181753],"to":[10.190281,6.110791,8.174175],"faces":{"east":{"uv":[11.375,14.5,11.25,14.875],"tintindex":0,"rotation":180,"texture":"#0"},"south":{"uv":[3.25,14.5,3.0,14.875],"tintindex":0,"rotation":180,"texture":"#0"},"north":{"uv":[3.0,14.5,2.75,14.875],"tintindex":0,"rotation":180,"texture":"#0"},"west":{"uv":[14.625,11.25,14.5,11.625],"tintindex":0,"rotation":180,"texture":"#0"}}},{"from":[3.8859859,5.2150497,8.015375],"to":[12.147586,10.74165,8.015375],"faces":{"south":{"uv":[6.125,0.0,2.0,2.75],"tintindex":0,"rotation":180,"texture":"#0"},"north":{"uv":[2.0,0.0,6.125,2.75],"tintindex":0,"rotation":180,"texture":"#0"}}},{"from":[11.908497,11.428787,7.6211753],"to":[13.145997,12.666287,8.371176],"faces":{"east":{"uv":[13.25,13.75,13.625,14.375],"tintindex":0,"rotation":180,"texture":"#0"},"south":{"uv":[8.75,13.0,9.375,13.625],"tintindex":0,"rotation":180,"texture":"#0"},"north":{"uv":[4.75,13.0,5.375,13.625],"tintindex":0,"rotation":180,"texture":"#0"},"west":{"uv":[12.75,13.75,13.125,14.375],"tintindex":0,"rotation":180,"texture":"#0"},"up":{"uv":[14.375,9.5,13.75,9.875],"tintindex":0,"rotation":180,"texture":"#0"}},"rotation":{"origin":[8.016786,7.5371385,7.9961753],"angle":45.0,"axis":"z"}},{"from":[7.4767857,6.12085,7.4205503],"to":[7.8367853,6.4808497,8.58055],"faces":{"south":{"uv":[14.75,3.125,14.875,3.0],"tintindex":0,"rotation":180,"texture":"#0"},"north":{"uv":[14.75,3.125,14.875,3.0],"tintindex":0,"rotation":180,"texture":"#0"},"west":{"uv":[14.75,3.125,14.875,3.0],"tintindex":0,"rotation":180,"texture":"#0"},"down":{"uv":[14.875,3.125,14.75,3.0],"tintindex":0,"rotation":180,"texture":"#0"}}},{"from":[8.916785,6.84085,7.4205503],"to":[9.276785,7.20085,8.58055],"faces":{"east":{"uv":[14.75,2.625,14.875,2.5],"tintindex":0,"rotation":180,"texture":"#0"},"south":{"uv":[14.75,2.625,14.875,2.5],"tintindex":0,"rotation":180,"texture":"#0"},"north":{"uv":[14.75,2.625,14.875,2.5],"tintindex":0,"rotation":180,"texture":"#0"},"down":{"uv":[14.875,2.625,14.75,2.5],"tintindex":0,"rotation":180,"texture":"#0"}}},{"from":[6.081874,4.41809,7.820175],"to":[6.421374,4.9200897,8.172175],"faces":{"east":{"uv":[14.5,14.5,14.625,14.75],"tintindex":0,"rotation":180,"texture":"#0"},"south":{"uv":[14.5,14.25,14.625,14.5],"tintindex":0,"rotation":180,"texture":"#0"},"north":{"uv":[14.5,13.75,14.625,14.0],"tintindex":0,"rotation":180,"texture":"#0"},"west":{"uv":[14.5,14.0,14.625,14.25],"tintindex":0,"rotation":180,"texture":"#0"}}},{"from":[9.088641,5.0239463,7.8211756],"to":[9.438641,6.6489463,8.171175],"faces":{"east":{"uv":[14.25,13.25,14.375,14.125],"tintindex":0,"rotation":180,"texture":"#0"},"south":{"uv":[14.25,10.75,14.375,11.625],"tintindex":0,"rotation":180,"texture":"#0"},"north":{"uv":[8.75,14.25,8.875,15.125],"tintindex":0,"rotation":180,"texture":"#0"},"west":{"uv":[9.0,14.25,9.125,15.125],"tintindex":0,"rotation":180,"texture":"#0"}},"rotation":{"origin":[8.016786,7.5371385,7.9961753],"angle":-22.5,"axis":"z"}}]}