{
	"credit": "Made by Almond",
	"textures": {
		"0": "item/kolordpillars/kl_totem_green",
		"1": "item/kolordpillars/kl_totemtext_green",
		"particle": "item/kolordpillars/kl_totem_green"
	},
	"elements": [
		{
			"from": [4, 5, 7],
			"to": [11, 15, 9],
			"rotation": {"angle": 0, "axis": "y", "origin": [8, 1, 8]},
			"faces": {
				"north": {"uv": [0, 0, 3.5, 5], "texture": "#0"},
				"east": {"uv": [0, 5, 1, 10], "texture": "#0"},
				"south": {"uv": [3.5, 0, 7, 5], "texture": "#0"},
				"west": {"uv": [1, 5, 2, 10], "texture": "#0"},
				"up": {"uv": [5.5, 7.5, 2, 6.5], "texture": "#0"},
				"down": {"uv": [9, 6.5, 5.5, 7.5], "texture": "#0"}
			}
		},
		{
			"from": [11, 8, 7],
			"to": [12, 15, 9],
			"rotation": {"angle": 0, "axis": "y", "origin": [8, 1, 8]},
			"faces": {
				"north": {"uv": [3, 7.5, 3.5, 11], "texture": "#0"},
				"east": {"uv": [7, 0, 8, 3.5], "texture": "#0"},
				"south": {"uv": [3.5, 7.5, 4, 11], "texture": "#0"},
				"west": {"uv": [2, 7.5, 3, 11], "texture": "#0"},
				"up": {"uv": [7.5, 6.5, 7, 5.5], "texture": "#0"},
				"down": {"uv": [8, 5.5, 7.5, 6.5], "texture": "#0"}
			}
		},
		{
			"from": [6, 2, 7],
			"to": [11, 5, 9],
			"rotation": {"angle": 0, "axis": "y", "origin": [8, 1, 8]},
			"faces": {
				"north": {"uv": [2, 5, 4.5, 6.5], "texture": "#0"},
				"east": {"uv": [4, 7.5, 5, 9], "texture": "#0"},
				"south": {"uv": [4.5, 5, 7, 6.5], "texture": "#0"},
				"west": {"uv": [5, 7.5, 6, 9], "texture": "#0"},
				"up": {"uv": [9.5, 4.5, 7, 3.5], "texture": "#0"},
				"down": {"uv": [9.5, 4.5, 7, 5.5], "texture": "#0"}
			}
		},
		{
			"from": [4.998, 8.998, 8.998],
			"to": [11.002, 13.002, 9.002],
			"rotation": {"angle": 0, "axis": "y", "origin": [7, 0, 7]},
			"faces": {
				"north": {"uv": [6, 0, 0, 4], "texture": "#1"},
				"east": {"uv": [0, 0, 0, 4], "texture": "#1"},
				"south": {"uv": [0, 0, 6, 4], "texture": "#1"},
				"west": {"uv": [0, 0, 0, 4], "texture": "#1"},
				"up": {"uv": [6, 0, 0, 0], "texture": "#1"},
				"down": {"uv": [6, 0, 0, 0], "texture": "#1"}
			}
		}
	],
	"gui_light": "front",
	"display": {
		"thirdperson_righthand": {
			"translation": [-1, 1.5, 1],
			"scale": [0.5, 0.5, 0.5]
		},
		"thirdperson_lefthand": {
			"translation": [-1, 1.5, 1],
			"scale": [0.5, 0.5, 0.5]
		},
		"firstperson_righthand": {
			"rotation": [-6.5, -27.5, 0],
			"translation": [0.75, 1.75, -1.25]
		},
		"firstperson_lefthand": {
			"rotation": [-6.5, -27.5, 0],
			"translation": [0.75, 1.75, -1.25]
		},
		"ground": {
			"translation": [0, 2, 0],
			"scale": [0.5, 0.5, 0.5]
		},
		"gui": {
			"rotation": [30, 45, 0],
			"translation": [0, -1, 0]
		},
		"head": {
			"translation": [0, 0, 7.25]
		},
		"fixed": {
			"rotation": [0, 180, 0]
		}
	},
	"groups": [
		{
			"name": "group",
			"origin": [8, 8, 8],
			"color": 0,
			"children": [0, 1, 2, 3]
		}
	]
}