{
	"credit": "Made with Blockbench",
	"texture_size": [32, 32],
	"textures": {
		"0": "item/lightning/lightning_sword",
		"1": "item/lightning/lightning_ef_long",
		"particle": "item/lightning/lightning_sword"
	},
	"elements": [
		{
			"from": [7.25, 1.85, 7.25],
			"to": [8.75, 6, 8.75],
			"shade": false,
			"rotation": {"angle": 0, "axis": "y", "origin": [7, 0, 7]},
			"faces": {
				"north": {"uv": [9, 5.5, 9.75, 7.5], "texture": "#0"},
				"east": {"uv": [0, 9.5, 0.75, 11.5], "texture": "#0"},
				"south": {"uv": [9.5, 0, 10.25, 2], "texture": "#0"},
				"west": {"uv": [1, 9.5, 1.75, 11.5], "texture": "#0"},
				"up": {"uv": [12.25, 2.25, 11.5, 1.5], "texture": "#0"},
				"down": {"uv": [2.75, 11.5, 2, 12.25], "texture": "#0"}
			}
		},
		{
			"from": [7, 6, 7],
			"to": [9, 8, 9],
			"shade": false,
			"rotation": {"angle": 0, "axis": "y", "origin": [7, 0, 7]},
			"faces": {
				"north": {"uv": [6.5, 9.5, 7.5, 10.5], "texture": "#0"},
				"east": {"uv": [7.5, 9.5, 8.5, 10.5], "texture": "#0"},
				"south": {"uv": [9.5, 7.5, 10.5, 8.5], "texture": "#0"},
				"west": {"uv": [8.5, 9.5, 9.5, 10.5], "texture": "#0"},
				"up": {"uv": [10.5, 9.5, 9.5, 8.5], "texture": "#0"},
				"down": {"uv": [10.5, 9.5, 9.5, 10.5], "texture": "#0"}
			}
		},
		{
			"from": [6.042, 6.542, 7.492],
			"to": [7.058, 8.158, 8.508],
			"shade": false,
			"rotation": {"angle": 0, "axis": "y", "origin": [7.05, 0.05, 7]},
			"faces": {
				"north": {"uv": [0, 12, 0.5, 12.75], "texture": "#0"},
				"east": {"uv": [0.5, 12, 1, 12.75], "texture": "#0"},
				"south": {"uv": [1, 12, 1.5, 12.75], "texture": "#0"},
				"west": {"uv": [1.5, 12, 2, 12.75], "texture": "#0"},
				"up": {"uv": [8.5, 12.5, 8, 12], "texture": "#0"},
				"down": {"uv": [12.5, 8, 12, 8.5], "texture": "#0"}
			}
		},
		{
			"from": [5.52759, 6.64019, 7.494],
			"to": [6.13959, 8.40219, 8.506],
			"shade": false,
			"rotation": {"angle": 22.5, "axis": "z", "origin": [6.03359, 7.89619, 8]},
			"faces": {
				"north": {"uv": [12, 8.5, 12.25, 9.5], "texture": "#0"},
				"east": {"uv": [11.5, 4, 12, 5], "texture": "#0"},
				"south": {"uv": [12, 9.5, 12.25, 10.5], "texture": "#0"},
				"west": {"uv": [8.5, 11.5, 9, 12.5], "texture": "#0"},
				"up": {"uv": [12.75, 5.5, 12.5, 5], "texture": "#0"},
				"down": {"uv": [5.75, 12.5, 5.5, 13], "texture": "#0"}
			}
		},
		{
			"from": [6.2492, 7.8492, 7.5992],
			"to": [9.7508, 23.3508, 8.4008],
			"shade": false,
			"rotation": {"angle": 0, "axis": "y", "origin": [8.25, 8.85, 8]},
			"faces": {
				"north": {"uv": [0, 0, 1.75, 7.75], "texture": "#0"},
				"east": {"uv": [4, 0, 4.5, 7.75], "texture": "#0"},
				"south": {"uv": [2, 0, 3.75, 7.75], "texture": "#0"},
				"west": {"uv": [4.5, 0, 5, 7.75], "texture": "#0"},
				"up": {"uv": [1.75, 12, 0, 11.5], "texture": "#0"},
				"down": {"uv": [13.25, 0, 11.5, 0.5], "texture": "#0"}
			}
		},
		{
			"from": [6.47608, 7.7996, 8.71309],
			"to": [7.04228, 23.6508, 9.27929],
			"shade": false,
			"rotation": {"angle": 45, "axis": "y", "origin": [5.30168, 15.5502, 9.11369]},
			"faces": {
				"north": {"uv": [6, 3, 6.25, 11], "texture": "#0"},
				"west": {"uv": [6.5, 0, 6.75, 8], "texture": "#0"},
				"up": {"uv": [12.75, 10.75, 12.5, 10.5], "texture": "#0"},
				"down": {"uv": [11.25, 12.5, 11, 12.75], "texture": "#0"}
			}
		},
		{
			"from": [8.95772, 7.7996, 8.71309],
			"to": [9.52392, 23.6508, 9.27929],
			"shade": false,
			"rotation": {"angle": -45, "axis": "y", "origin": [10.69832, 15.5502, 9.11369]},
			"faces": {
				"north": {"uv": [7, 0, 7.25, 8], "texture": "#0"},
				"east": {"uv": [7.5, 0, 7.75, 8], "texture": "#0"},
				"up": {"uv": [12.25, 12.75, 12, 12.5], "texture": "#0"},
				"down": {"uv": [12.75, 12.5, 12.5, 12.75], "texture": "#0"}
			}
		},
		{
			"from": [7.7175, 8.1, 7.32033],
			"to": [8.2825, 25.8, 7.88533],
			"shade": false,
			"rotation": {"angle": 45, "axis": "y", "origin": [8, 15.775, 7.60283]},
			"faces": {
				"north": {"uv": [5, 3, 5.25, 11.75], "texture": "#0"},
				"east": {"uv": [5.5, 3, 5.75, 11.75], "texture": "#0"},
				"up": {"uv": [12.75, 11.25, 12.5, 11], "texture": "#0"},
				"down": {"uv": [11.75, 12.5, 11.5, 12.75], "texture": "#0"}
			}
		},
		{
			"from": [7.7175, 8.1, 8.11467],
			"to": [8.2825, 25.8, 8.67967],
			"shade": false,
			"rotation": {"angle": -45, "axis": "y", "origin": [8, 15.775, 8.39717]},
			"faces": {
				"east": {"uv": [5.75, 3, 5.5, 11.75], "texture": "#0"},
				"south": {"uv": [5.25, 3, 5, 11.75], "texture": "#0"},
				"up": {"uv": [12.75, 11, 12.5, 11.25], "texture": "#0"},
				"down": {"uv": [11.75, 12.75, 11.5, 12.5], "texture": "#0"}
			}
		},
		{
			"from": [6.14229, 22.99229, 7.5994],
			"to": [8.56849, 24.39349, 8.4006],
			"shade": false,
			"rotation": {"angle": 22.5, "axis": "z", "origin": [7.14289, 23.14289, 8]},
			"faces": {
				"north": {"uv": [10, 10.5, 11.25, 11.25], "texture": "#0"},
				"south": {"uv": [11, 3, 12.25, 3.75], "texture": "#0"},
				"west": {"uv": [4, 12, 4.5, 12.75], "texture": "#0"},
				"up": {"uv": [12.75, 1, 11.5, 0.5], "texture": "#0"}
			}
		},
		{
			"from": [7.43171, 22.99249, 7.5996],
			"to": [9.85751, 24.39329, 8.4004],
			"shade": false,
			"rotation": {"angle": -22.5, "axis": "z", "origin": [8.85711, 23.14289, 8]},
			"faces": {
				"north": {"uv": [11, 5.5, 12.25, 6.25], "texture": "#0"},
				"east": {"uv": [12, 4, 12.5, 4.75], "texture": "#0"},
				"south": {"uv": [11, 6.5, 12.25, 7.25], "texture": "#0"},
				"up": {"uv": [12.75, 1.5, 11.5, 1], "texture": "#0"}
			}
		},
		{
			"from": [8.31763, 24.52629, 7.6],
			"to": [9.06763, 26.25129, 8.4],
			"shade": false,
			"rotation": {"angle": 22.5, "axis": "z", "origin": [9.19263, 24.20129, 8]},
			"faces": {
				"north": {"uv": [3, 12.5, 3.25, 13.25], "texture": "#0"},
				"east": {"uv": [4.5, 12, 5, 12.75], "texture": "#0"},
				"south": {"uv": [12.5, 3, 12.75, 3.75], "texture": "#0"}
			}
		},
		{
			"from": [7.87858, 25.63431, 7.5994],
			"to": [8.29228, 26.04801, 8.4006],
			"shade": false,
			"rotation": {"angle": -45, "axis": "z", "origin": [8.29168, 26.04741, 7.6]},
			"faces": {
				"north": {"uv": [12.5, 10, 12.75, 10.25], "texture": "#0"},
				"south": {"uv": [10.5, 12.5, 10.75, 12.75], "texture": "#0"},
				"west": {"uv": [12.5, 5.5, 13, 5.75], "texture": "#0"},
				"up": {"uv": [6.25, 13, 6, 12.5], "texture": "#0"}
			}
		},
		{
			"from": [6.93217, 24.52609, 7.5998],
			"to": [7.68257, 26.25149, 8.4002],
			"shade": false,
			"rotation": {"angle": -22.5, "axis": "z", "origin": [6.80737, 24.20129, 8]},
			"faces": {
				"north": {"uv": [3.5, 12.5, 3.75, 13.25], "texture": "#0"},
				"south": {"uv": [12.5, 4, 12.75, 4.75], "texture": "#0"},
				"west": {"uv": [5, 12, 5.5, 12.75], "texture": "#0"}
			}
		},
		{
			"from": [6.18544, 7.542, 6.742],
			"to": [7.70144, 10.058, 9.258],
			"shade": false,
			"rotation": {"angle": 22.5, "axis": "z", "origin": [6.69344, 8.55, 8]},
			"faces": {
				"north": {"uv": [4, 10.5, 4.75, 11.75], "texture": "#0"},
				"east": {"uv": [6.5, 8, 7.75, 9.25], "texture": "#0"},
				"south": {"uv": [10.5, 4, 11.25, 5.25], "texture": "#0"},
				"west": {"uv": [8, 8, 9.25, 9.25], "texture": "#0"},
				"up": {"uv": [7.25, 11.75, 6.5, 10.5], "texture": "#0"},
				"down": {"uv": [8.25, 10.5, 7.5, 11.75], "texture": "#0"}
			}
		},
		{
			"from": [4.53073, 8.8125, 6.744],
			"to": [7.04273, 10.3245, 9.256],
			"shade": false,
			"rotation": {"angle": 0, "axis": "y", "origin": [5.78673, 9.5685, 8]},
			"faces": {
				"north": {"uv": [10.5, 7.5, 11.75, 8.25], "texture": "#0"},
				"east": {"uv": [8.5, 10.5, 9.75, 11.25], "texture": "#0"},
				"south": {"uv": [10.5, 8.5, 11.75, 9.25], "texture": "#0"},
				"west": {"uv": [10.5, 9.5, 11.75, 10.25], "texture": "#0"},
				"up": {"uv": [4.25, 10.25, 3, 9], "texture": "#0"},
				"down": {"uv": [10.25, 4, 9, 5.25], "texture": "#0"}
			}
		},
		{
			"from": [4.53673, 8.15412, 7.0536],
			"to": [6.53673, 9.91662, 8.8161],
			"shade": false,
			"rotation": {"angle": -45, "axis": "x", "origin": [5.78673, 9.00412, 8.2286]},
			"faces": {
				"north": {"uv": [10, 3, 11, 4], "texture": "#0"},
				"east": {"uv": [10, 5.5, 11, 6.5], "texture": "#0"},
				"south": {"uv": [10, 6.5, 11, 7.5], "texture": "#0"},
				"west": {"uv": [10.5, 0, 11.5, 1], "texture": "#0"},
				"up": {"uv": [11.5, 2, 10.5, 1], "texture": "#0"},
				"down": {"uv": [3, 10.5, 2, 11.5], "texture": "#0"}
			}
		},
		{
			"from": [4.53673, 9.22039, 7.0536],
			"to": [5.53673, 10.98289, 8.8161],
			"shade": false,
			"rotation": {"angle": 45, "axis": "x", "origin": [5.78673, 10.13289, 8.2286]},
			"faces": {
				"north": {"uv": [4.5, 9, 5, 10], "texture": "#0"},
				"east": {"uv": [10.5, 2, 11.5, 3], "texture": "#0"},
				"south": {"uv": [6, 11, 6.5, 12], "texture": "#0"},
				"west": {"uv": [3, 10.5, 4, 11.5], "texture": "#0"},
				"up": {"uv": [3.5, 12.5, 3, 11.5], "texture": "#0"},
				"down": {"uv": [4, 11.5, 3.5, 12.5], "texture": "#0"}
			}
		},
		{
			"from": [8.942, 6.542, 7.492],
			"to": [9.958, 8.158, 8.508],
			"shade": false,
			"rotation": {"angle": 0, "axis": "y", "origin": [8.95, 0.05, 7]},
			"faces": {
				"north": {"uv": [0.5, 12, 0, 12.75], "texture": "#0"},
				"east": {"uv": [2, 12, 1.5, 12.75], "texture": "#0"},
				"south": {"uv": [1.5, 12, 1, 12.75], "texture": "#0"},
				"west": {"uv": [1, 12, 0.5, 12.75], "texture": "#0"},
				"up": {"uv": [8, 12.5, 8.5, 12], "texture": "#0"},
				"down": {"uv": [12, 8, 12.5, 8.5], "texture": "#0"}
			}
		},
		{
			"from": [9.86041, 6.64019, 7.494],
			"to": [10.47241, 8.40219, 8.506],
			"shade": false,
			"rotation": {"angle": -22.5, "axis": "z", "origin": [9.96641, 7.89619, 8]},
			"faces": {
				"north": {"uv": [12.25, 8.5, 12, 9.5], "texture": "#0"},
				"east": {"uv": [9, 11.5, 8.5, 12.5], "texture": "#0"},
				"south": {"uv": [12.25, 9.5, 12, 10.5], "texture": "#0"},
				"west": {"uv": [12, 4, 11.5, 5], "texture": "#0"},
				"up": {"uv": [12.5, 5.5, 12.75, 5], "texture": "#0"},
				"down": {"uv": [5.5, 12.5, 5.75, 13], "texture": "#0"}
			}
		},
		{
			"from": [9.46327, 8.15412, 7.0536],
			"to": [11.46327, 9.91662, 8.8161],
			"shade": false,
			"rotation": {"angle": -45, "axis": "x", "origin": [10.21327, 9.00412, 8.2286]},
			"faces": {
				"north": {"uv": [11, 3, 10, 4], "texture": "#0"},
				"east": {"uv": [11.5, 0, 10.5, 1], "texture": "#0"},
				"south": {"uv": [11, 6.5, 10, 7.5], "texture": "#0"},
				"west": {"uv": [11, 5.5, 10, 6.5], "texture": "#0"},
				"up": {"uv": [10.5, 2, 11.5, 1], "texture": "#0"},
				"down": {"uv": [2, 10.5, 3, 11.5], "texture": "#0"}
			}
		},
		{
			"from": [10.46327, 9.22039, 7.0536],
			"to": [11.46327, 10.98289, 8.8161],
			"shade": false,
			"rotation": {"angle": 45, "axis": "x", "origin": [10.21327, 10.13289, 8.2286]},
			"faces": {
				"north": {"uv": [5, 9, 4.5, 10], "texture": "#0"},
				"east": {"uv": [4, 10.5, 3, 11.5], "texture": "#0"},
				"south": {"uv": [6.5, 11, 6, 12], "texture": "#0"},
				"west": {"uv": [11.5, 2, 10.5, 3], "texture": "#0"},
				"up": {"uv": [3, 12.5, 3.5, 11.5], "texture": "#0"},
				"down": {"uv": [3.5, 11.5, 4, 12.5], "texture": "#0"}
			}
		},
		{
			"from": [8.95727, 8.8125, 6.744],
			"to": [11.46927, 10.3245, 9.256],
			"shade": false,
			"rotation": {"angle": 0, "axis": "y", "origin": [10.21327, 9.5685, 8]},
			"faces": {
				"north": {"uv": [11.75, 7.5, 10.5, 8.25], "texture": "#0"},
				"east": {"uv": [11.75, 9.5, 10.5, 10.25], "texture": "#0"},
				"south": {"uv": [11.75, 8.5, 10.5, 9.25], "texture": "#0"},
				"west": {"uv": [9.75, 10.5, 8.5, 11.25], "texture": "#0"},
				"up": {"uv": [3, 10.25, 4.25, 9], "texture": "#0"},
				"down": {"uv": [9, 4, 10.25, 5.25], "texture": "#0"}
			}
		},
		{
			"from": [8.29856, 7.542, 6.742],
			"to": [9.81456, 10.058, 9.258],
			"shade": false,
			"rotation": {"angle": -22.5, "axis": "z", "origin": [9.30656, 8.55, 8]},
			"faces": {
				"north": {"uv": [4.75, 10.5, 4, 11.75], "texture": "#0"},
				"east": {"uv": [9.25, 8, 8, 9.25], "texture": "#0"},
				"south": {"uv": [11.25, 4, 10.5, 5.25], "texture": "#0"},
				"west": {"uv": [7.75, 8, 6.5, 9.25], "texture": "#0"},
				"up": {"uv": [6.5, 11.75, 7.25, 10.5], "texture": "#0"},
				"down": {"uv": [7.5, 10.5, 8.25, 11.75], "texture": "#0"}
			}
		},
		{
			"from": [4.90901, -0.34835, 7.25],
			"to": [5.65901, 0.40165, 8.75],
			"shade": false,
			"rotation": {"angle": 45, "axis": "z", "origin": [5.65901, 2.65165, 8]},
			"faces": {
				"north": {"uv": [9, 7.5, 9.5, 8], "texture": "#0"},
				"south": {"uv": [4.5, 10, 5, 10.5], "texture": "#0"},
				"west": {"uv": [11.5, 2.5, 12.25, 3], "texture": "#0"},
				"up": {"uv": [9.5, 12.25, 9, 11.5], "texture": "#0"}
			}
		},
		{
			"from": [7.14116, 1.09842, 7.25],
			"to": [7.34116, 1.44842, 8.75],
			"shade": false,
			"rotation": {"angle": 45, "axis": "z", "origin": [7.24116, 1.21092, 8]},
			"faces": {
				"north": {"uv": [12.5, 6, 12.75, 6.25], "texture": "#0"},
				"south": {"uv": [6.5, 12.5, 6.75, 12.75], "texture": "#0"},
				"west": {"uv": [10, 12, 10.75, 12.25], "texture": "#0"}
			}
		},
		{
			"from": [7.15076, 1.23648, 7.248],
			"to": [7.37976, 1.89048, 8.752],
			"shade": false,
			"rotation": {"angle": -22.5, "axis": "z", "origin": [7.25276, 1.65098, 8]},
			"faces": {
				"north": {"uv": [12.5, 6.5, 12.75, 6.75], "texture": "#0"},
				"south": {"uv": [7, 12.5, 7.25, 12.75], "texture": "#0"},
				"west": {"uv": [11, 12, 11.75, 12.25], "texture": "#0"}
			}
		},
		{
			"from": [10.34099, -0.34835, 7.25],
			"to": [11.09099, 0.40165, 8.75],
			"shade": false,
			"rotation": {"angle": -45, "axis": "z", "origin": [10.34099, 2.65165, 8]},
			"faces": {
				"north": {"uv": [5.5, 12, 6, 12.5], "texture": "#0"},
				"east": {"uv": [11.5, 5, 12.25, 5.5], "texture": "#0"},
				"south": {"uv": [6, 12, 6.5, 12.5], "texture": "#0"},
				"up": {"uv": [10, 12.25, 9.5, 11.5], "texture": "#0"}
			}
		},
		{
			"from": [8.65884, 1.09842, 7.25],
			"to": [8.85884, 1.44842, 8.75],
			"shade": false,
			"rotation": {"angle": -45, "axis": "z", "origin": [8.75884, 1.21092, 8]},
			"faces": {
				"north": {"uv": [12.5, 7.5, 12.75, 7.75], "texture": "#0"},
				"east": {"uv": [12, 12, 12.75, 12.25], "texture": "#0"},
				"south": {"uv": [8, 12.5, 8.25, 12.75], "texture": "#0"}
			}
		},
		{
			"from": [8.62024, 1.23648, 7.248],
			"to": [8.84924, 1.89048, 8.752],
			"shade": false,
			"rotation": {"angle": 22.5, "axis": "z", "origin": [8.74724, 1.65098, 8]},
			"faces": {
				"north": {"uv": [12.5, 7, 12.75, 7.25], "texture": "#0"},
				"east": {"uv": [12, 11.5, 12.75, 11.75], "texture": "#0"},
				"south": {"uv": [7.5, 12.5, 7.75, 12.75], "texture": "#0"}
			}
		},
		{
			"from": [7.25, 0.83724, 6.72873],
			"to": [8.75, 1.58724, 7.47873],
			"shade": false,
			"rotation": {"angle": -45, "axis": "x", "origin": [8, 1.04784, 8]},
			"faces": {
				"north": {"uv": [11, 11.5, 11.75, 12], "texture": "#0"},
				"east": {"uv": [7.5, 12, 8, 12.5], "texture": "#0"},
				"west": {"uv": [12, 7.5, 12.5, 8], "texture": "#0"},
				"up": {"uv": [12.25, 11.5, 11.5, 11], "texture": "#0"}
			}
		},
		{
			"from": [7.25, 1.58724, 7.47873],
			"to": [8.75, 1.93724, 7.67873],
			"shade": false,
			"rotation": {"angle": -45, "axis": "x", "origin": [8, 1.04784, 8]},
			"faces": {
				"north": {"uv": [12.5, 2.5, 13.25, 2.75], "texture": "#0"},
				"east": {"uv": [12.5, 9.5, 12.75, 9.75], "texture": "#0"},
				"west": {"uv": [10, 12.5, 10.25, 12.75], "texture": "#0"}
			}
		},
		{
			"from": [7.248, 0.90461, 6.97683],
			"to": [8.752, 1.55861, 7.20583],
			"shade": false,
			"rotation": {"angle": 22.5, "axis": "x", "origin": [8, 1.04784, 8]},
			"faces": {
				"north": {"uv": [12.5, 2, 13.25, 2.25], "texture": "#0"},
				"east": {"uv": [12.5, 9, 12.75, 9.25], "texture": "#0"},
				"west": {"uv": [9.5, 12.5, 9.75, 12.75], "texture": "#0"}
			}
		},
		{
			"from": [7.25, 0.83724, 8.52127],
			"to": [8.75, 1.58724, 9.27127],
			"shade": false,
			"rotation": {"angle": 45, "axis": "x", "origin": [8, 1.04784, 8]},
			"faces": {
				"east": {"uv": [6.5, 12, 7, 12.5], "texture": "#0"},
				"south": {"uv": [10, 11.5, 10.75, 12], "texture": "#0"},
				"west": {"uv": [7, 12, 7.5, 12.5], "texture": "#0"},
				"up": {"uv": [12.25, 11, 11.5, 10.5], "texture": "#0"}
			}
		},
		{
			"from": [7.25, 1.58724, 8.32127],
			"to": [8.75, 1.93724, 8.52127],
			"shade": false,
			"rotation": {"angle": 45, "axis": "x", "origin": [8, 1.04784, 8]},
			"faces": {
				"east": {"uv": [12.5, 8.5, 12.75, 8.75], "texture": "#0"},
				"south": {"uv": [2, 12.5, 2.75, 12.75], "texture": "#0"},
				"west": {"uv": [9, 12.5, 9.25, 12.75], "texture": "#0"}
			}
		},
		{
			"from": [7.248, 0.90461, 8.79417],
			"to": [8.752, 1.55861, 9.02317],
			"shade": false,
			"rotation": {"angle": -22.5, "axis": "x", "origin": [8, 1.04784, 8]},
			"faces": {
				"east": {"uv": [12.5, 8, 12.75, 8.25], "texture": "#0"},
				"south": {"uv": [12.5, 1.5, 13.25, 1.75], "texture": "#0"},
				"west": {"uv": [8.5, 12.5, 8.75, 12.75], "texture": "#0"}
			}
		},
		{
			"from": [6.5, -3, 6.75],
			"to": [9.5, 0, 9.25],
			"shade": false,
			"rotation": {"angle": 0, "axis": "y", "origin": [7, 0, 7]},
			"faces": {
				"north": {"uv": [5, 0, 6.5, 1.5], "texture": "#0"},
				"east": {"uv": [0, 8, 1.25, 9.5], "texture": "#0"},
				"south": {"uv": [5, 1.5, 6.5, 3], "texture": "#0"},
				"west": {"uv": [8, 0, 9.25, 1.5], "texture": "#0"},
				"up": {"uv": [3, 9.25, 1.5, 8], "texture": "#0"},
				"down": {"uv": [9.5, 1.5, 8, 2.75], "texture": "#0"}
			}
		},
		{
			"from": [7, -2.5, 6.25],
			"to": [9, -0.5, 9.75],
			"shade": false,
			"rotation": {"angle": 0, "axis": "y", "origin": [7, 0, 7]},
			"faces": {
				"north": {"uv": [2, 9.5, 3, 10.5], "texture": "#0"},
				"east": {"uv": [3, 8, 4.75, 9], "texture": "#0"},
				"south": {"uv": [9.5, 2, 10.5, 3], "texture": "#0"},
				"west": {"uv": [8, 3, 9.75, 4], "texture": "#0"},
				"up": {"uv": [9, 5.75, 8, 4], "texture": "#0"},
				"down": {"uv": [9, 6, 8, 7.75], "texture": "#0"}
			}
		},
		{
			"name": "ef",
			"from": [3.75, 19, 8],
			"to": [11.75, 27, 8],
			"shade": false,
			"rotation": {"angle": 45, "axis": "y", "origin": [7.75, 23, 8]},
			"faces": {
				"north": {"uv": [0.5, 0.75, 7, 7.25], "texture": "#1"},
				"east": {"uv": [0, 0, 0, 5], "texture": "#missing"},
				"south": {"uv": [7, 0.75, 0.5, 7.25], "texture": "#1"},
				"west": {"uv": [0, 0, 0, 5], "texture": "#missing"},
				"up": {"uv": [0, 0, 5, 0], "texture": "#missing"},
				"down": {"uv": [0, 0, 5, 0], "texture": "#missing"}
			}
		},
		{
			"name": "ef",
			"from": [2.75, 17.25, 8],
			"to": [12.75, 27.25, 8],
			"shade": false,
			"rotation": {"angle": -22.5, "axis": "y", "origin": [7.75, 22.25, 8]},
			"faces": {
				"north": {"uv": [15.5, 0.75, 8.25, 7.25], "texture": "#1"},
				"east": {"uv": [0, 0, 0, 5], "texture": "#missing"},
				"south": {"uv": [15.5, 0.75, 8.25, 7.25], "texture": "#1"},
				"west": {"uv": [0, 0, 0, 5], "texture": "#missing"},
				"up": {"uv": [0, 0, 5, 0], "texture": "#missing"},
				"down": {"uv": [0, 0, 5, 0], "texture": "#missing"}
			}
		},
		{
			"name": "ef",
			"from": [3.5, 9.5, 8],
			"to": [13.5, 19.5, 8],
			"shade": false,
			"rotation": {"angle": 22.5, "axis": "y", "origin": [8.5, 14.5, 8]},
			"faces": {
				"north": {"uv": [1, 9.25, 7.5, 15.75], "texture": "#1"},
				"east": {"uv": [0, 0, 0, 5], "texture": "#missing"},
				"south": {"uv": [7.5, 9.25, 1, 15.75], "texture": "#1"},
				"west": {"uv": [0, 0, 0, 5], "texture": "#missing"},
				"up": {"uv": [0, 0, 5, 0], "texture": "#missing"},
				"down": {"uv": [0, 0, 5, 0], "texture": "#missing"}
			}
		},
		{
			"name": "ef",
			"from": [3, 3.5, 8],
			"to": [13, 13.5, 8],
			"shade": false,
			"rotation": {"angle": -22.5, "axis": "y", "origin": [8, 8.5, 8]},
			"faces": {
				"north": {"uv": [16, 8, 8.25, 16], "texture": "#1"},
				"east": {"uv": [0, 0, 0, 5], "texture": "#missing"},
				"south": {"uv": [8.25, 8, 16, 16], "texture": "#1"},
				"west": {"uv": [0, 0, 0, 5], "texture": "#missing"},
				"up": {"uv": [0, 0, 5, 0], "rotation": 180, "texture": "#missing"},
				"down": {"uv": [0, 0, 5, 0], "rotation": 180, "texture": "#missing"}
			}
		}
	],
	"gui_light": "front",
	"display": {
		"thirdperson_righthand": {
			"rotation": [0, 90, 0],
			"translation": [0, 2.25, 1.75]
		},
		"thirdperson_lefthand": {
			"rotation": [0, 90, 0],
			"translation": [0, 2.25, 1.75]
		},
		"firstperson_righthand": {
			"rotation": [-99.89, -85.51, -108.95],
			"translation": [3, -4.5, -3.5]
		},
		"firstperson_lefthand": {
			"rotation": [-99.89, -85.51, -108.95],
			"translation": [3.5, -4.5, -3.75]
		},
		"ground": {
			"rotation": [0, 0, 45],
			"scale": [0.4, 0.4, 0.4]
		},
		"gui": {
			"rotation": [180, 0, -135],
			"translation": [-1.5, -1.75, 0],
			"scale": [0.7, 0.7, 0.7]
		},
		"head": {
			"scale": [0, 0, 0]
		},
		"fixed": {
			"translation": [0, -2.25, 0],
			"scale": [0.67, 0.67, 0.67]
		}
	}
}