{
    "model": {
        "type": "range_dispatch",
        "property": "custom_model_data",
        "fallback": {
            "type": "minecraft:condition",
            "property": "minecraft:using_item",
            "on_false": {
                "type": "minecraft:model",
                "model": "minecraft:item/bow"
            },
            "on_true": {
                "type": "minecraft:range_dispatch",
                "property": "minecraft:use_duration",
                "scale": 0.05,
                "fallback": {
                    "type": "minecraft:model",
                    "model": "minecraft:item/bow_pulling_0"
                },
                "entries": [
                    {
                        "threshold": 0.65,
                        "model": {
                            "type": "minecraft:model",
                            "model": "minecraft:item/bow_pulling_1"
                        }
                    },
                    {
                        "threshold": 0.9,
                        "model": {
                            "type": "minecraft:model",
                            "model": "minecraft:item/bow_pulling_2"
                        }
                    }
                ]
            }
        },
        "entries": [
            {
                "threshold": 1,
                "model": {
                    "type": "minecraft:condition",
                    "property": "minecraft:using_item",
                    "on_false": {
                        "type": "minecraft:model",
                        "model": "lifesteal/lifesteal_bow"
                    },
                    "on_true": {
                        "type": "minecraft:range_dispatch",
                        "property": "minecraft:use_duration",
                        "scale": 0.05,
                        "fallback": {
                            "type": "minecraft:model",
                            "model": "lifesteal/lifesteal_bow"
                        },
                        "entries": [
                            {
                                "threshold": 0.0,
                                "model": {
                                    "type": "minecraft:model",
                                    "model": "lifesteal/lifesteal_bow_0"
                                }
                            },
                            {
                                "threshold": 0.45,
                                "model": {
                                    "type": "minecraft:model",
                                    "model": "lifesteal/lifesteal_bow_1"
                                }
                            },
                            {
                                "threshold": 0.9,
                                "model": {
                                    "type": "minecraft:model",
                                    "model": "lifesteal/lifesteal_bow_2"
                                }
                            }
                        ]
                    }
                }
            },
            {
                "threshold": 2,
                "model": {
                    "type": "minecraft:condition",
                    "property": "minecraft:using_item",
                    "on_false": {
                        "type": "minecraft:model",
                        "model": "tempest/tempest_bow"
                    },
                    "on_true": {
                        "type": "minecraft:range_dispatch",
                        "property": "minecraft:use_duration",
                        "scale": 0.05,
                        "fallback": {
                            "type": "minecraft:model",
                            "model": "tempest/tempest_bow"
                        },
                        "entries": [
                            {
                                "threshold": 0.0,
                                "model": {
                                    "type": "minecraft:model",
                                    "model": "tempest/tempest_bow_0"
                                }
                            },
                            {
                                "threshold": 0.45,
                                "model": {
                                    "type": "minecraft:model",
                                    "model": "tempest/tempest_bow_1"
                                }
                            },
                            {
                                "threshold": 0.9,
                                "model": {
                                    "type": "minecraft:model",
                                    "model": "tempest/tempest_bow_2"
                                }
                            }
                        ]
                    }
                }
            },
            {
                "threshold": 3,
                "model": {
                    "type": "minecraft:condition",
                    "property": "minecraft:using_item",
                    "on_false": {
                        "type": "minecraft:model",
                        "model": "christmas/christmas_bow"
                    },
                    "on_true": {
                        "type": "minecraft:range_dispatch",
                        "property": "minecraft:use_duration",
                        "scale": 0.05,
                        "fallback": {
                            "type": "minecraft:model",
                            "model": "christmas/christmas_bow"
                        },
                        "entries": [
                            {
                                "threshold": 0.0,
                                "model": {
                                    "type": "minecraft:model",
                                    "model": "christmas/christmas_bow_0"
                                }
                            },
                            {
                                "threshold": 0.45,
                                "model": {
                                    "type": "minecraft:model",
                                    "model": "christmas/christmas_bow_1"
                                }
                            },
                            {
                                "threshold": 0.9,
                                "model": {
                                    "type": "minecraft:model",
                                    "model": "christmas/christmas_bow_2"
                                }
                            }
                        ]
                    }
                }
            },
            {
                "threshold": 4,
                "model": {
                    "type": "minecraft:condition",
                    "property": "minecraft:using_item",
                    "on_false": {
                        "type": "minecraft:model",
                        "model": "void/void_bow"
                    },
                    "on_true": {
                        "type": "minecraft:range_dispatch",
                        "property": "minecraft:use_duration",
                        "scale": 0.05,
                        "fallback": {
                            "type": "minecraft:model",
                            "model": "void/void_bow"
                        },
                        "entries": [
                            {
                                "threshold": 0.0,
                                "model": {
                                    "type": "minecraft:model",
                                    "model": "void/void_bow_0"
                                }
                            },
                            {
                                "threshold": 0.45,
                                "model": {
                                    "type": "minecraft:model",
                                    "model": "void/void_bow_1"
                                }
                            },
                            {
                                "threshold": 0.9,
                                "model": {
                                    "type": "minecraft:model",
                                    "model": "void/void_bow_2"
                                }
                            }
                        ]
                    }
                }
            },
            {
                "threshold": 5,
                "model": {
                    "type": "minecraft:condition",
                    "property": "minecraft:using_item",
                    "on_false": {
                        "type": "minecraft:model",
                        "model": "magma/magma_bow"
                    },
                    "on_true": {
                        "type": "minecraft:range_dispatch",
                        "property": "minecraft:use_duration",
                        "scale": 0.05,
                        "fallback": {
                            "type": "minecraft:model",
                            "model": "magma/magma_bow"
                        },
                        "entries": [
                            {
                                "threshold": 0.0,
                                "model": {
                                    "type": "minecraft:model",
                                    "model": "magma/magma_bow_0"
                                }
                            },
                            {
                                "threshold": 0.45,
                                "model": {
                                    "type": "minecraft:model",
                                    "model": "magma/magma_bow_1"
                                }
                            },
                            {
                                "threshold": 0.9,
                                "model": {
                                    "type": "minecraft:model",
                                    "model": "magma/magma_bow_2"
                                }
                            }
                        ]
                    }
                }
            },
            {
                "threshold": 6,
                "model": {
                    "type": "minecraft:condition",
                    "property": "minecraft:using_item",
                    "on_false": {
                        "type": "minecraft:model",
                        "model": "chinese/chinese_dragon_bow"
                    },
                    "on_true": {
                        "type": "minecraft:range_dispatch",
                        "property": "minecraft:use_duration",
                        "scale": 0.05,
                        "fallback": {
                            "type": "minecraft:model",
                            "model": "chinese/chinese_dragon_bow"
                        },
                        "entries": [
                            {
                                "threshold": 0.0,
                                "model": {
                                    "type": "minecraft:model",
                                    "model": "chinese/chinese_dragon_bow_0"
                                }
                            },
                            {
                                "threshold": 0.45,
                                "model": {
                                    "type": "minecraft:model",
                                    "model": "chinese/chinese_dragon_bow_1"
                                }
                            },
                            {
                                "threshold": 0.9,
                                "model": {
                                    "type": "minecraft:model",
                                    "model": "chinese/chinese_dragon_bow_2"
                                }
                            }
                        ]
                    }
                }
            },
            {
                "threshold": 7,
                "model": {
                    "type": "minecraft:condition",
                    "property": "minecraft:using_item",
                    "on_false": {
                        "type": "minecraft:model",
                        "model": "valentine/valentine_bow"
                    },
                    "on_true": {
                        "type": "minecraft:range_dispatch",
                        "property": "minecraft:use_duration",
                        "scale": 0.05,
                        "fallback": {
                            "type": "minecraft:model",
                            "model": "valentine/valentine_bow"
                        },
                        "entries": [
                            {
                                "threshold": 0.0,
                                "model": {
                                    "type": "minecraft:model",
                                    "model": "valentine/valentine_bow_0"
                                }
                            },
                            {
                                "threshold": 0.45,
                                "model": {
                                    "type": "minecraft:model",
                                    "model": "valentine/valentine_bow_1"
                                }
                            },
                            {
                                "threshold": 0.9,
                                "model": {
                                    "type": "minecraft:model",
                                    "model": "valentine/valentine_bow_2"
                                }
                            }
                        ]
                    }
                }
            },
            {
                "threshold": 8,
                "model": {
                    "type": "minecraft:condition",
                    "property": "minecraft:using_item",
                    "on_false": {
                        "type": "minecraft:model",
                        "model": "firework/firework_bow"
                    },
                    "on_true": {
                        "type": "minecraft:range_dispatch",
                        "property": "minecraft:use_duration",
                        "scale": 0.05,
                        "fallback": {
                            "type": "minecraft:model",
                            "model": "firework/firework_bow"
                        },
                        "entries": [
                            {
                                "threshold": 0.0,
                                "model": {
                                    "type": "minecraft:model",
                                    "model": "firework/firework_bow_0"
                                }
                            },
                            {
                                "threshold": 0.45,
                                "model": {
                                    "type": "minecraft:model",
                                    "model": "firework/firework_bow_1"
                                }
                            },
                            {
                                "threshold": 0.9,
                                "model": {
                                    "type": "minecraft:model",
                                    "model": "firework/firework_bow_2"
                                }
                            }
                        ]
                    }
                }
            },
            {
                "threshold": 9,
                "model": {
                    "type": "minecraft:condition",
                    "property": "minecraft:using_item",
                    "on_false": {
                        "type": "minecraft:model",
                        "model": "easter/easter_bow"
                    },
                    "on_true": {
                        "type": "minecraft:range_dispatch",
                        "property": "minecraft:use_duration",
                        "scale": 0.05,
                        "fallback": {
                            "type": "minecraft:model",
                            "model": "easter/easter_bow"
                        },
                        "entries": [
                            {
                                "threshold": 0.0,
                                "model": {
                                    "type": "minecraft:model",
                                    "model": "easter/easter_bow_0"
                                }
                            },
                            {
                                "threshold": 0.45,
                                "model": {
                                    "type": "minecraft:model",
                                    "model": "easter/easter_bow_1"
                                }
                            },
                            {
                                "threshold": 0.9,
                                "model": {
                                    "type": "minecraft:model",
                                    "model": "easter/easter_bow_2"
                                }
                            }
                        ]
                    }
                }
            },
            {
                "threshold": 10,
                "model": {
                    "type": "minecraft:condition",
                    "property": "minecraft:using_item",
                    "on_false": {
                        "type": "minecraft:model",
                        "model": "samurai/samurai_bow"
                    },
                    "on_true": {
                        "type": "minecraft:range_dispatch",
                        "property": "minecraft:use_duration",
                        "scale": 0.05,
                        "fallback": {
                            "type": "minecraft:model",
                            "model": "samurai/samurai_bow"
                        },
                        "entries": [
                            {
                                "threshold": 0.0,
                                "model": {
                                    "type": "minecraft:model",
                                    "model": "samurai/samurai_bow_0"
                                }
                            },
                            {
                                "threshold": 0.45,
                                "model": {
                                    "type": "minecraft:model",
                                    "model": "samurai/samurai_bow_1"
                                }
                            },
                            {
                                "threshold": 0.9,
                                "model": {
                                    "type": "minecraft:model",
                                    "model": "samurai/samurai_bow_2"
                                }
                            }
                        ]
                    }
                }
            },
            {
                "threshold": 11,
                "model": {
                    "type": "minecraft:condition",
                    "property": "minecraft:using_item",
                    "on_false": {
                        "type": "minecraft:model",
                        "model": "swashbuckler/swashbuckler_bow"
                    },
                    "on_true": {
                        "type": "minecraft:range_dispatch",
                        "property": "minecraft:use_duration",
                        "scale": 0.05,
                        "fallback": {
                            "type": "minecraft:model",
                            "model": "swashbuckler/swashbuckler_bow"
                        },
                        "entries": [
                            {
                                "threshold": 0.0,
                                "model": {
                                    "type": "minecraft:model",
                                    "model": "swashbuckler/swashbuckler_bow_0"
                                }
                            },
                            {
                                "threshold": 0.45,
                                "model": {
                                    "type": "minecraft:model",
                                    "model": "swashbuckler/swashbuckler_bow_1"
                                }
                            },
                            {
                                "threshold": 0.9,
                                "model": {
                                    "type": "minecraft:model",
                                    "model": "swashbuckler/swashbuckler_bow_2"
                                }
                            }
                        ]
                    }
                }
            },
            {
                "threshold": 12,
                "model": {
                    "type": "minecraft:condition",
                    "property": "minecraft:using_item",
                    "on_false": {
                        "type": "minecraft:model",
                        "model": "heart/heart_bow"
                    },
                    "on_true": {
                        "type": "minecraft:range_dispatch",
                        "property": "minecraft:use_duration",
                        "scale": 0.05,
                        "fallback": {
                            "type": "minecraft:model",
                            "model": "heart/heart_bow"
                        },
                        "entries": [
                            {
                                "threshold": 0.0,
                                "model": {
                                    "type": "minecraft:model",
                                    "model": "heart/heart_bow_0"
                                }
                            },
                            {
                                "threshold": 0.45,
                                "model": {
                                    "type": "minecraft:model",
                                    "model": "heart/heart_bow_1"
                                }
                            },
                            {
                                "threshold": 0.9,
                                "model": {
                                    "type": "minecraft:model",
                                    "model": "heart/heart_bow_2"
                                }
                            }
                        ]
                    }
                }
            },
            {
                "threshold": 13,
                "model": {
                    "type": "minecraft:condition",
                    "property": "minecraft:using_item",
                    "on_false": {
                        "type": "minecraft:model",
                        "model": "vampire/vampire_bow"
                    },
                    "on_true": {
                        "type": "minecraft:range_dispatch",
                        "property": "minecraft:use_duration",
                        "scale": 0.05,
                        "fallback": {
                            "type": "minecraft:model",
                            "model": "vampire/vampire_bow"
                        },
                        "entries": [
                            {
                                "threshold": 0.0,
                                "model": {
                                    "type": "minecraft:model",
                                    "model": "vampire/vampire_bow_0"
                                }
                            },
                            {
                                "threshold": 0.45,
                                "model": {
                                    "type": "minecraft:model",
                                    "model": "vampire/vampire_bow_1"
                                }
                            },
                            {
                                "threshold": 0.9,
                                "model": {
                                    "type": "minecraft:model",
                                    "model": "vampire/vampire_bow_2"
                                }
                            }
                        ]
                    }
                }
            },
            {
                "threshold": 14,
                "model": {
                    "type": "minecraft:condition",
                    "property": "minecraft:using_item",
                    "on_false": {
                        "type": "minecraft:model",
                        "model": "harvest/harvest_bow"
                    },
                    "on_true": {
                        "type": "minecraft:range_dispatch",
                        "property": "minecraft:use_duration",
                        "scale": 0.05,
                        "fallback": {
                            "type": "minecraft:model",
                            "model": "harvest/harvest_bow"
                        },
                        "entries": [
                            {
                                "threshold": 0.0,
                                "model": {
                                    "type": "minecraft:model",
                                    "model": "harvest/harvest_bow_0"
                                }
                            },
                            {
                                "threshold": 0.45,
                                "model": {
                                    "type": "minecraft:model",
                                    "model": "harvest/harvest_bow_1"
                                }
                            },
                            {
                                "threshold": 0.9,
                                "model": {
                                    "type": "minecraft:model",
                                    "model": "harvest/harvest_bow_2"
                                }
                            }
                        ]
                    }
                }
            },
            {
                "threshold": 15,
                "model": {
                    "type": "minecraft:condition",
                    "property": "minecraft:using_item",
                    "on_false": {
                        "type": "minecraft:model",
                        "model": "fire/fire_bow"
                    },
                    "on_true": {
                        "type": "minecraft:range_dispatch",
                        "property": "minecraft:use_duration",
                        "scale": 0.05,
                        "fallback": {
                            "type": "minecraft:model",
                            "model": "fire/fire_bow"
                        },
                        "entries": [
                            {
                                "threshold": 0.0,
                                "model": {
                                    "type": "minecraft:model",
                                    "model": "fire/fire_bow_0"
                                }
                            },
                            {
                                "threshold": 0.45,
                                "model": {
                                    "type": "minecraft:model",
                                    "model": "fire/fire_bow_1"
                                }
                            },
                            {
                                "threshold": 0.9,
                                "model": {
                                    "type": "minecraft:model",
                                    "model": "fire/fire_bow_2"
                                }
                            }
                        ]
                    }
                }
            },
            {
                "threshold": 16,
                "model": {
                    "type": "minecraft:condition",
                    "property": "minecraft:using_item",
                    "on_false": {
                        "type": "minecraft:model",
                        "model": "lightning/lightning_bow"
                    },
                    "on_true": {
                        "type": "minecraft:range_dispatch",
                        "property": "minecraft:use_duration",
                        "scale": 0.05,
                        "fallback": {
                            "type": "minecraft:model",
                            "model": "lightning/lightning_bow"
                        },
                        "entries": [
                            {
                                "threshold": 0.0,
                                "model": {
                                    "type": "minecraft:model",
                                    "model": "lightning/lightning_bow_0"
                                }
                            },
                            {
                                "threshold": 0.45,
                                "model": {
                                    "type": "minecraft:model",
                                    "model": "lightning/lightning_bow_1"
                                }
                            },
                            {
                                "threshold": 0.9,
                                "model": {
                                    "type": "minecraft:model",
                                    "model": "lightning/lightning_bow_2"
                                }
                            }
                        ]
                    }
                }
            },
            {
                "threshold": 17,
                "model": {
                    "type": "minecraft:condition",
                    "property": "minecraft:using_item",
                    "on_false": {
                        "type": "minecraft:model",
                        "model": "ghoul/bow/ghoul_bow_blue"
                    },
                    "on_true": {
                        "type": "minecraft:range_dispatch",
                        "property": "minecraft:use_duration",
                        "scale": 0.05,
                        "fallback": {
                            "type": "minecraft:model",
                            "model": "ghoul/bow/ghoul_bow_blue"
                        },
                        "entries": [
                            {
                                "threshold": 0.0,
                                "model": {
                                    "type": "minecraft:model",
                                    "model": "ghoul/bow/ghoul_bow_blue"
                                }
                            },
                            {
                                "threshold": 0.45,
                                "model": {
                                    "type": "minecraft:model",
                                    "model": "ghoul/bow/ghoul_bow_blue_charged"
                                }
                            },
                            {
                                "threshold": 0.9,
                                "model": {
                                    "type": "minecraft:model",
                                    "model": "ghoul/bow/ghoul_bow_blue_charged"
                                }
                            }
                        ]
                    }
                }
            },
            {
                "threshold": 18,
                "model": {
                    "type": "minecraft:condition",
                    "property": "minecraft:using_item",
                    "on_false": {
                        "type": "minecraft:model",
                        "model": "ghoul/bow/ghoul_bow_green"
                    },
                    "on_true": {
                        "type": "minecraft:range_dispatch",
                        "property": "minecraft:use_duration",
                        "scale": 0.05,
                        "fallback": {
                            "type": "minecraft:model",
                            "model": "ghoul/bow/ghoul_bow_green"
                        },
                        "entries": [
                            {
                                "threshold": 0.0,
                                "model": {
                                    "type": "minecraft:model",
                                    "model": "ghoul/bow/ghoul_bow_green"
                                }
                            },
                            {
                                "threshold": 0.45,
                                "model": {
                                    "type": "minecraft:model",
                                    "model": "ghoul/bow/ghoul_bow_green_charged"
                                }
                            },
                            {
                                "threshold": 0.9,
                                "model": {
                                    "type": "minecraft:model",
                                    "model": "ghoul/bow/ghoul_bow_green_charged"
                                }
                            }
                        ]
                    }
                }
            },
            {
                "threshold": 19,
                "model": {
                    "type": "minecraft:condition",
                    "property": "minecraft:using_item",
                    "on_false": {
                        "type": "minecraft:model",
                        "model": "ghoul/bow/ghoul_bow_purple"
                    },
                    "on_true": {
                        "type": "minecraft:range_dispatch",
                        "property": "minecraft:use_duration",
                        "scale": 0.05,
                        "fallback": {
                            "type": "minecraft:model",
                            "model": "ghoul/bow/ghoul_bow_purple"
                        },
                        "entries": [
                            {
                                "threshold": 0.0,
                                "model": {
                                    "type": "minecraft:model",
                                    "model": "ghoul/bow/ghoul_bow_purple"
                                }
                            },
                            {
                                "threshold": 0.45,
                                "model": {
                                    "type": "minecraft:model",
                                    "model": "ghoul/bow/ghoul_bow_purple_charged"
                                }
                            },
                            {
                                "threshold": 0.9,
                                "model": {
                                    "type": "minecraft:model",
                                    "model": "ghoul/bow/ghoul_bow_purple_charged"
                                }
                            }
                        ]
                    }
                }
            },
            {
                "threshold": 20,
                "model": {
                    "type": "minecraft:condition",
                    "property": "minecraft:using_item",
                    "on_false": {
                        "type": "minecraft:model",
                        "model": "ghoul/bow/ghoul_bow_red"
                    },
                    "on_true": {
                        "type": "minecraft:range_dispatch",
                        "property": "minecraft:use_duration",
                        "scale": 0.05,
                        "fallback": {
                            "type": "minecraft:model",
                            "model": "ghoul/bow/ghoul_bow_red"
                        },
                        "entries": [
                            {
                                "threshold": 0.0,
                                "model": {
                                    "type": "minecraft:model",
                                    "model": "ghoul/bow/ghoul_bow_red"
                                }
                            },
                            {
                                "threshold": 0.45,
                                "model": {
                                    "type": "minecraft:model",
                                    "model": "ghoul/bow/ghoul_bow_red_charged"
                                }
                            },
                            {
                                "threshold": 0.9,
                                "model": {
                                    "type": "minecraft:model",
                                    "model": "ghoul/bow/ghoul_bow_red_charged"
                                }
                            }
                        ]
                    }
                }
            },
            {
                "threshold": 21,
                "model": {
                    "type": "minecraft:condition",
                    "property": "minecraft:using_item",
                    "on_false": {
                        "type": "minecraft:model",
                        "model": "ghoul/bow/ghoul_bow_yellow"
                    },
                    "on_true": {
                        "type": "minecraft:range_dispatch",
                        "property": "minecraft:use_duration",
                        "scale": 0.05,
                        "fallback": {
                            "type": "minecraft:model",
                            "model": "ghoul/bow/ghoul_bow_yellow"
                        },
                        "entries": [
                            {
                                "threshold": 0.0,
                                "model": {
                                    "type": "minecraft:model",
                                    "model": "ghoul/bow/ghoul_bow_yellow"
                                }
                            },
                            {
                                "threshold": 0.45,
                                "model": {
                                    "type": "minecraft:model",
                                    "model": "ghoul/bow/ghoul_bow_yellow_charged"
                                }
                            },
                            {
                                "threshold": 0.9,
                                "model": {
                                    "type": "minecraft:model",
                                    "model": "ghoul/bow/ghoul_bow_yellow_charged"
                                }
                            }
                        ]
                    }
                }
            },
            {
                "threshold": 22,
                "model": {
                    "type": "minecraft:condition",
                    "property": "minecraft:using_item",
                    "on_false": {
                        "type": "minecraft:model",
                        "model": "galactic/bow/galactic_bow_blue"
                    },
                    "on_true": {
                        "type": "minecraft:range_dispatch",
                        "property": "minecraft:use_duration",
                        "scale": 0.05,
                        "fallback": {
                            "type": "minecraft:model",
                            "model": "galactic/bow/galactic_bow_blue"
                        },
                        "entries": [
                            {
                                "threshold": 0.0,
                                "model": {
                                    "type": "minecraft:model",
                                    "model": "galactic/bow/galactic_bow_blue"
                                }
                            },
                            {
                                "threshold": 0.45,
                                "model": {
                                    "type": "minecraft:model",
                                    "model": "galactic/bow/galactic_bow_blue_0"
                                }
                            },
                            {
                                "threshold": 0.9,
                                "model": {
                                    "type": "minecraft:model",
                                    "model": "galactic/bow/galactic_bow_blue_1"
                                }
                            }
                        ]
                    }
                }
            },
            {
                "threshold": 23,
                "model": {
                    "type": "minecraft:condition",
                    "property": "minecraft:using_item",
                    "on_false": {
                        "type": "minecraft:model",
                        "model": "galactic/bow/galactic_bow_green"
                    },
                    "on_true": {
                        "type": "minecraft:range_dispatch",
                        "property": "minecraft:use_duration",
                        "scale": 0.05,
                        "fallback": {
                            "type": "minecraft:model",
                            "model": "galactic/bow/galactic_bow_green"
                        },
                        "entries": [
                            {
                                "threshold": 0.0,
                                "model": {
                                    "type": "minecraft:model",
                                    "model": "galactic/bow/galactic_bow_green"
                                }
                            },
                            {
                                "threshold": 0.45,
                                "model": {
                                    "type": "minecraft:model",
                                    "model": "galactic/bow/galactic_bow_green_0"
                                }
                            },
                            {
                                "threshold": 0.9,
                                "model": {
                                    "type": "minecraft:model",
                                    "model": "galactic/bow/galactic_bow_green_1"
                                }
                            }
                        ]
                    }
                }
            },
            {
                "threshold": 24,
                "model": {
                    "type": "minecraft:condition",
                    "property": "minecraft:using_item",
                    "on_false": {
                        "type": "minecraft:model",
                        "model": "galactic/bow/galactic_bow_purple"
                    },
                    "on_true": {
                        "type": "minecraft:range_dispatch",
                        "property": "minecraft:use_duration",
                        "scale": 0.05,
                        "fallback": {
                            "type": "minecraft:model",
                            "model": "galactic/bow/galactic_bow_purple"
                        },
                        "entries": [
                            {
                                "threshold": 0.0,
                                "model": {
                                    "type": "minecraft:model",
                                    "model": "galactic/bow/galactic_bow_purple"
                                }
                            },
                            {
                                "threshold": 0.45,
                                "model": {
                                    "type": "minecraft:model",
                                    "model": "galactic/bow/galactic_bow_purple_0"
                                }
                            },
                            {
                                "threshold": 0.9,
                                "model": {
                                    "type": "minecraft:model",
                                    "model": "galactic/bow/galactic_bow_purple_1"
                                }
                            }
                        ]
                    }
                }
            },
            {
                "threshold": 25,
                "model": {
                    "type": "minecraft:condition",
                    "property": "minecraft:using_item",
                    "on_false": {
                        "type": "minecraft:model",
                        "model": "galactic/bow/galactic_bow_red"
                    },
                    "on_true": {
                        "type": "minecraft:range_dispatch",
                        "property": "minecraft:use_duration",
                        "scale": 0.05,
                        "fallback": {
                            "type": "minecraft:model",
                            "model": "galactic/bow/galactic_bow_red"
                        },
                        "entries": [
                            {
                                "threshold": 0.0,
                                "model": {
                                    "type": "minecraft:model",
                                    "model": "galactic/bow/galactic_bow_red"
                                }
                            },
                            {
                                "threshold": 0.45,
                                "model": {
                                    "type": "minecraft:model",
                                    "model": "galactic/bow/galactic_bow_red_0"
                                }
                            },
                            {
                                "threshold": 0.9,
                                "model": {
                                    "type": "minecraft:model",
                                    "model": "galactic/bow/galactic_bow_red_1"
                                }
                            }
                        ]
                    }
                }
            },
            {
                "threshold": 26,
                "model": {
                    "type": "minecraft:condition",
                    "property": "minecraft:using_item",
                    "on_false": {
                        "type": "minecraft:model",
                        "model": "galactic/bow/galactic_bow_gold"
                    },
                    "on_true": {
                        "type": "minecraft:range_dispatch",
                        "property": "minecraft:use_duration",
                        "scale": 0.05,
                        "fallback": {
                            "type": "minecraft:model",
                            "model": "galactic/bow/galactic_bow_gold"
                        },
                        "entries": [
                            {
                                "threshold": 0.0,
                                "model": {
                                    "type": "minecraft:model",
                                    "model": "galactic/bow/galactic_bow_gold"
                                }
                            },
                            {
                                "threshold": 0.45,
                                "model": {
                                    "type": "minecraft:model",
                                    "model": "galactic/bow/galactic_bow_gold_0"
                                }
                            },
                            {
                                "threshold": 0.9,
                                "model": {
                                    "type": "minecraft:model",
                                    "model": "galactic/bow/galactic_bow_gold_1"
                                }
                            }
                        ]
                    }
                }
            }
        ]
    },
    "display": {
        "thirdperson_righthand": {
            "rotation": [
                -80,
                260,
                -40
            ],
            "translation": [
                -1,
                -2,
                2.5
            ],
            "scale": [
                0.9,
                0.9,
                0.9
            ]
        },
        "thirdperson_lefthand": {
            "rotation": [
                -80,
                -280,
                40
            ],
            "translation": [
                -1,
                -2,
                2.5
            ],
            "scale": [
                0.9,
                0.9,
                0.9
            ]
        },
        "firstperson_righthand": {
            "rotation": [
                0,
                -90,
                25
            ],
            "translation": [
                1.13,
                3.2,
                1.13
            ],
            "scale": [
                0.68,
                0.68,
                0.68
            ]
        },
        "firstperson_lefthand": {
            "rotation": [
                0,
                90,
                -25
            ],
            "translation": [
                1.13,
                3.2,
                1.13
            ],
            "scale": [
                0.68,
                0.68,
                0.68
            ]
        }
    }
}