{
	"credit": "Made with Blockbench",
	"textures": {
		"0": "item/easter/easter_16_set",
		"1": "item/easter/ef_easter16_long",
		"particle": "item/easter/easter_16_set"
	},
	"elements": [
		{
			"from": [3.94517, -2.35247, 7.212],
			"to": [5.52117, 8.46353, 8.788],
			"rotation": {"angle": 45, "axis": "z", "origin": [4.73317, 3.05553, 8]},
			"faces": {
				"north": {"uv": [7.125, 1.25, 7.375, 2.6], "texture": "#0"},
				"east": {"uv": [2.75, 7.125, 3, 8.5], "texture": "#0"},
				"south": {"uv": [7.375, 1.25, 7.125, 2.6], "texture": "#0"},
				"west": {"uv": [3.25, 7.125, 3.5, 8.5], "texture": "#0"},
				"up": {"uv": [9.625, 3.125, 9.375, 2.875], "texture": "#0"},
				"down": {"uv": [3.375, 9.375, 3.125, 9.625], "texture": "#0"}
			}
		},
		{
			"from": [0.35725, 6.31636, 7.214],
			"to": [1.92925, 11.12836, 8.786],
			"rotation": {"angle": 0, "axis": "y", "origin": [1.14325, 11.72236, 8]},
			"faces": {
				"north": {"uv": [8.375, 3.125, 8.625, 3.75], "texture": "#0"},
				"east": {"uv": [8.375, 3.75, 8.625, 4.375], "texture": "#0"},
				"south": {"uv": [8.375, 4.375, 8.625, 5], "texture": "#0"},
				"west": {"uv": [4.75, 8.375, 5, 9], "texture": "#0"},
				"up": {"uv": [9.625, 3.375, 9.375, 3.125], "texture": "#0"},
				"down": {"uv": [3.625, 9.375, 3.375, 9.625], "texture": "#0"}
			}
		},
		{
			"from": [-2.70398, 10.20195, 7.22],
			"to": [1.79602, 11.76195, 8.78],
			"rotation": {"angle": 22.5, "axis": "z", "origin": [-0.45398, 10.98195, 8]},
			"faces": {
				"north": {"uv": [8.875, 5, 9.375, 5.25], "texture": "#0"},
				"east": {"uv": [3.625, 9.375, 3.875, 9.625], "texture": "#0"},
				"south": {"uv": [5.875, 8.875, 6.375, 9.125], "texture": "#0"},
				"west": {"uv": [4, 9.375, 4.25, 9.625], "texture": "#0"},
				"up": {"uv": [9.375, 6.25, 8.875, 6], "texture": "#0"},
				"down": {"uv": [9.375, 6.25, 8.875, 6.5], "texture": "#0"}
			}
		},
		{
			"from": [-2.69151, 15.40079, 7.22],
			"to": [3.00849, 16.96079, 8.78],
			"rotation": {"angle": 22.5, "axis": "z", "origin": [-0.44151, 16.18079, 8]},
			"faces": {
				"north": {"uv": [8, 7.375, 8.75, 7.625], "texture": "#0"},
				"east": {"uv": [9.375, 5.25, 9.625, 5.5], "texture": "#0"},
				"south": {"uv": [8, 7.625, 8.75, 7.875], "texture": "#0"},
				"west": {"uv": [5.375, 9.375, 5.625, 9.625], "texture": "#0"},
				"up": {"uv": [8.875, 3.125, 8.125, 2.875], "texture": "#0"},
				"down": {"uv": [8.875, 5, 8.125, 5.25], "texture": "#0"}
			}
		},
		{
			"from": [-2.82273, 10.81638, 7.216],
			"to": [-1.25473, 16.04438, 8.784],
			"rotation": {"angle": 0, "axis": "y", "origin": [-2.03873, 10.19038, 8]},
			"faces": {
				"north": {"uv": [5, 8.375, 5.25, 9], "texture": "#0"},
				"east": {"uv": [5.25, 8.375, 5.5, 9], "texture": "#0"},
				"south": {"uv": [8.375, 5.25, 8.625, 5.875], "texture": "#0"},
				"west": {"uv": [7.125, 8.375, 7.375, 9], "texture": "#0"},
				"up": {"uv": [9.625, 4.75, 9.375, 4.5], "texture": "#0"},
				"down": {"uv": [9.625, 5, 9.375, 5.25], "texture": "#0"}
			}
		},
		{
			"from": [2.62839, 16.85597, 7.214],
			"to": [4.20039, 19.86797, 8.786],
			"rotation": {"angle": -22.5, "axis": "z", "origin": [3.41439, 19.71197, 8]},
			"faces": {
				"north": {"uv": [9.125, 4.5, 9.375, 4.875], "texture": "#0"},
				"east": {"uv": [9.125, 5.5, 9.375, 5.875], "texture": "#0"},
				"south": {"uv": [5.875, 9.125, 6.125, 9.5], "texture": "#0"},
				"west": {"uv": [6.125, 9.125, 6.375, 9.5], "texture": "#0"},
				"up": {"uv": [9.625, 6, 9.375, 5.75], "texture": "#0"},
				"down": {"uv": [9.625, 6, 9.375, 6.25], "texture": "#0"}
			}
		},
		{
			"from": [2.92748, 19.21445, 7.212],
			"to": [8.64348, 20.79045, 8.788],
			"rotation": {"angle": 22.5, "axis": "z", "origin": [4.43548, 20.00245, 8]},
			"faces": {
				"north": {"uv": [7.5, 8.125, 8.25, 8.375], "texture": "#0"},
				"east": {"uv": [9.375, 5.5, 9.625, 5.75], "texture": "#0"},
				"south": {"uv": [1.625, 8.25, 2.375, 8.5], "texture": "#0"},
				"west": {"uv": [5.625, 9.375, 5.875, 9.625], "texture": "#0"},
				"up": {"uv": [9, 2.875, 8.25, 2.625], "texture": "#0"},
				"down": {"uv": [6.625, 8.25, 5.875, 8.5], "texture": "#0"}
			}
		},
		{
			"from": [10.48083, -2.35047, 7.214],
			"to": [12.05283, 8.46153, 8.786],
			"rotation": {"angle": -45, "axis": "z", "origin": [11.26683, 3.05553, 8]},
			"faces": {
				"north": {"uv": [7.375, 1.25, 7.125, 2.625], "texture": "#0"},
				"east": {"uv": [3.5, 7.125, 3.25, 8.5], "texture": "#0"},
				"south": {"uv": [3.25, 7.125, 3, 8.5], "texture": "#0"},
				"west": {"uv": [3, 7.125, 2.75, 8.5], "texture": "#0"},
				"up": {"uv": [9.375, 3.125, 9.625, 2.875], "texture": "#0"},
				"down": {"uv": [3.125, 9.375, 3.375, 9.625], "texture": "#0"}
			}
		},
		{
			"from": [14.07275, 6.31836, 7.216],
			"to": [15.64075, 11.12636, 8.784],
			"rotation": {"angle": 0, "axis": "y", "origin": [14.85675, 11.72236, 8]},
			"faces": {
				"north": {"uv": [8.625, 3.125, 8.375, 3.75], "texture": "#0"},
				"east": {"uv": [5, 8.375, 4.75, 9], "texture": "#0"},
				"south": {"uv": [8.625, 4.375, 8.375, 5], "texture": "#0"},
				"west": {"uv": [8.625, 3.75, 8.375, 4.375], "texture": "#0"},
				"up": {"uv": [9.375, 3.375, 9.625, 3.125], "texture": "#0"},
				"down": {"uv": [3.375, 9.375, 3.625, 9.625], "texture": "#0"}
			}
		},
		{
			"from": [14.20398, 10.20195, 7.22],
			"to": [18.70398, 11.76195, 8.78],
			"rotation": {"angle": -22.5, "axis": "z", "origin": [16.45398, 10.98195, 8]},
			"faces": {
				"north": {"uv": [9.375, 5, 8.875, 5.25], "texture": "#0"},
				"east": {"uv": [4.25, 9.375, 4, 9.625], "texture": "#0"},
				"south": {"uv": [6.375, 8.875, 5.875, 9.125], "texture": "#0"},
				"west": {"uv": [3.875, 9.375, 3.625, 9.625], "texture": "#0"},
				"up": {"uv": [8.875, 6.25, 9.375, 6], "texture": "#0"},
				"down": {"uv": [8.875, 6.25, 9.375, 6.5], "texture": "#0"}
			}
		},
		{
			"from": [17.25473, 10.81638, 7.216],
			"to": [18.82273, 16.04438, 8.784],
			"rotation": {"angle": 0, "axis": "y", "origin": [18.03873, 10.19038, 8]},
			"faces": {
				"north": {"uv": [5.25, 8.375, 5, 9], "texture": "#0"},
				"east": {"uv": [7.375, 8.375, 7.125, 9], "texture": "#0"},
				"south": {"uv": [8.625, 5.25, 8.375, 5.875], "texture": "#0"},
				"west": {"uv": [5.5, 8.375, 5.25, 9], "texture": "#0"},
				"up": {"uv": [9.375, 4.75, 9.625, 4.5], "texture": "#0"},
				"down": {"uv": [9.375, 5, 9.625, 5.25], "texture": "#0"}
			}
		},
		{
			"from": [12.99151, 15.40079, 7.22],
			"to": [18.69151, 16.96079, 8.78],
			"rotation": {"angle": -22.5, "axis": "z", "origin": [16.44151, 16.18079, 8]},
			"faces": {
				"north": {"uv": [8.75, 7.375, 8, 7.625], "texture": "#0"},
				"east": {"uv": [5.625, 9.375, 5.375, 9.625], "texture": "#0"},
				"south": {"uv": [8.75, 7.625, 8, 7.875], "texture": "#0"},
				"west": {"uv": [9.625, 5.25, 9.375, 5.5], "texture": "#0"},
				"up": {"uv": [8.125, 3.125, 8.875, 2.875], "texture": "#0"},
				"down": {"uv": [8.125, 5, 8.875, 5.25], "texture": "#0"}
			}
		},
		{
			"from": [11.80161, 16.85797, 7.216],
			"to": [13.36961, 19.86597, 8.784],
			"rotation": {"angle": 22.5, "axis": "z", "origin": [12.58561, 19.71197, 8]},
			"faces": {
				"north": {"uv": [9.375, 4.5, 9.125, 4.875], "texture": "#0"},
				"east": {"uv": [6.375, 9.125, 6.125, 9.5], "texture": "#0"},
				"south": {"uv": [6.125, 9.125, 5.875, 9.5], "texture": "#0"},
				"west": {"uv": [9.375, 5.5, 9.125, 5.875], "texture": "#0"},
				"up": {"uv": [9.375, 6, 9.625, 5.75], "texture": "#0"},
				"down": {"uv": [9.375, 6, 9.625, 6.25], "texture": "#0"}
			}
		},
		{
			"from": [7.35852, 19.21645, 7.214],
			"to": [13.07052, 20.78845, 8.786],
			"rotation": {"angle": -22.5, "axis": "z", "origin": [11.56452, 20.00245, 8]},
			"faces": {
				"north": {"uv": [8.25, 8.125, 7.5, 8.375], "texture": "#0"},
				"east": {"uv": [5.875, 9.375, 5.625, 9.625], "texture": "#0"},
				"south": {"uv": [2.375, 8.25, 1.625, 8.5], "texture": "#0"},
				"west": {"uv": [9.625, 5.5, 9.375, 5.75], "texture": "#0"},
				"up": {"uv": [8.25, 2.875, 9, 2.625], "texture": "#0"},
				"down": {"uv": [5.875, 8.25, 6.625, 8.5], "texture": "#0"}
			}
		},
		{
			"from": [-1.752, 0.80045, 7.818],
			"to": [17.752, 20.78445, 7.822],
			"rotation": {"angle": 0, "axis": "y", "origin": [6.65, 20.00245, 8]},
			"faces": {
				"north": {"uv": [0, 0, 2.5, 2.5], "texture": "#0"},
				"east": {"uv": [0, 0, 0, 2.5], "texture": "#0"},
				"south": {"uv": [2.5, 2.5, 0, 5], "texture": "#0"},
				"west": {"uv": [0, 0, 0, 2.5], "texture": "#0"},
				"up": {"uv": [2.5, 0, 0, 0], "texture": "#0"},
				"down": {"uv": [2.5, 0, 0, 0], "texture": "#0"}
			}
		},
		{
			"from": [6.74, 9.92236, 7.82],
			"to": [9.26, 14.72236, 12.38],
			"rotation": {"angle": 0, "axis": "y", "origin": [15.2, 11.72236, 8]},
			"faces": {
				"north": {"uv": [0.625, 7.625, 1, 8.25], "texture": "#0"},
				"east": {"uv": [4, 6.25, 4.625, 6.875], "texture": "#0"},
				"south": {"uv": [2.375, 7.625, 2.75, 8.25], "texture": "#0"},
				"west": {"uv": [6.375, 6, 7, 6.625], "texture": "#0"},
				"up": {"uv": [8, 5.875, 7.625, 5.25], "texture": "#0"},
				"down": {"uv": [8, 6.5, 7.625, 7.125], "texture": "#0"}
			}
		},
		{
			"from": [12.84298, 16.01, 6.62],
			"to": [14.04298, 18.77, 9.38],
			"rotation": {"angle": -45, "axis": "z", "origin": [13.74298, 17.49, 8]},
			"faces": {
				"north": {"uv": [9.375, 6.75, 9.75, 6.875], "rotation": 90, "texture": "#0"},
				"east": {"uv": [4.625, 8.625, 4.25, 9], "rotation": 270, "texture": "#0"},
				"south": {"uv": [9.5, 1, 9.875, 1.125], "rotation": 270, "texture": "#0"},
				"west": {"uv": [9, 4.25, 8.625, 3.875], "rotation": 270, "texture": "#0"},
				"up": {"uv": [9.375, 7.375, 9.75, 7.5], "rotation": 270, "texture": "#0"},
				"down": {"uv": [9.5, 4.125, 9.875, 4.25], "rotation": 270, "texture": "#0"}
			}
		},
		{
			"from": [1.95702, 16.01, 6.62],
			"to": [3.15702, 18.77, 9.38],
			"rotation": {"angle": 45, "axis": "z", "origin": [2.25702, 17.49, 8]},
			"faces": {
				"north": {"uv": [9.375, 6.875, 9.75, 6.75], "rotation": 90, "texture": "#0"},
				"east": {"uv": [9, 3.875, 8.625, 4.25], "rotation": 270, "texture": "#0"},
				"south": {"uv": [9.5, 1.125, 9.875, 1], "rotation": 270, "texture": "#0"},
				"west": {"uv": [4.625, 9, 4.25, 8.625], "rotation": 270, "texture": "#0"},
				"up": {"uv": [9.375, 7.5, 9.75, 7.375], "rotation": 270, "texture": "#0"},
				"down": {"uv": [9.5, 4.25, 9.875, 4.125], "rotation": 270, "texture": "#0"}
			}
		},
		{
			"from": [12.84298, 4.23, 6.62],
			"to": [14.04298, 6.99, 9.38],
			"rotation": {"angle": 45, "axis": "z", "origin": [13.74298, 5.51, 8]},
			"faces": {
				"north": {"uv": [9.75, 6.75, 9.375, 6.875], "rotation": 90, "texture": "#0"},
				"east": {"uv": [4.25, 8.625, 4.625, 9], "rotation": 270, "texture": "#0"},
				"south": {"uv": [9.875, 1, 9.5, 1.125], "rotation": 270, "texture": "#0"},
				"west": {"uv": [8.625, 4.25, 9, 3.875], "rotation": 270, "texture": "#0"},
				"up": {"uv": [9.875, 4.125, 9.5, 4.25], "rotation": 270, "texture": "#0"},
				"down": {"uv": [9.75, 7.375, 9.375, 7.5], "rotation": 270, "texture": "#0"}
			}
		},
		{
			"from": [1.95702, 4.23, 6.62],
			"to": [3.15702, 6.99, 9.38],
			"rotation": {"angle": -45, "axis": "z", "origin": [2.25702, 5.51, 8]},
			"faces": {
				"north": {"uv": [9.75, 6.875, 9.375, 6.75], "rotation": 90, "texture": "#0"},
				"east": {"uv": [8.625, 3.875, 9, 4.25], "rotation": 270, "texture": "#0"},
				"south": {"uv": [9.875, 1.125, 9.5, 1], "rotation": 270, "texture": "#0"},
				"west": {"uv": [4.25, 9, 4.625, 8.625], "rotation": 270, "texture": "#0"},
				"up": {"uv": [9.875, 4.25, 9.5, 4.125], "rotation": 270, "texture": "#0"},
				"down": {"uv": [9.75, 7.5, 9.375, 7.375], "rotation": 270, "texture": "#0"}
			}
		},
		{
			"name": "ef",
			"from": [-2.40085, -3.8, 2.71557],
			"to": [3.59915, 21.8, 2.71557],
			"rotation": {"angle": 22.5, "axis": "y", "origin": [8, 10.1, 7.64838]},
			"faces": {
				"north": {"uv": [3.6875, 0, 0.25, 16], "texture": "#1"},
				"east": {"uv": [0, 0, 0, 4], "texture": "#missing"},
				"south": {"uv": [0.25, 0, 3.6875, 16], "texture": "#1"},
				"west": {"uv": [0, 0, 0, 4], "texture": "#missing"},
				"up": {"uv": [0, 1.1875, 0, 0], "rotation": 90, "texture": "#missing"},
				"down": {"uv": [0, 1.1875, 0, 0], "rotation": 270, "texture": "#missing"}
			}
		},
		{
			"name": "ef",
			"from": [12.66055, -9.4, 3.34254],
			"to": [18.66055, 16.2, 3.34254],
			"rotation": {"angle": -22.5, "axis": "y", "origin": [8, 10.1, 7.64838]},
			"faces": {
				"north": {"uv": [8.25, 0, 11.6875, 16], "texture": "#1"},
				"east": {"uv": [0, 0, 0, 4], "texture": "#missing"},
				"south": {"uv": [11.6875, 0, 8.25, 16], "texture": "#1"},
				"west": {"uv": [0, 0, 0, 4], "texture": "#missing"},
				"up": {"uv": [0, 0, 0, 1.1875], "rotation": 90, "texture": "#missing"},
				"down": {"uv": [0, 0, 0, 1.1875], "rotation": 270, "texture": "#missing"}
			}
		},
		{
			"name": "ef",
			"from": [0.21646, 3.4, 12.24706],
			"to": [6.21646, 29, 12.24706],
			"rotation": {"angle": -22.5, "axis": "y", "origin": [8, 10.1, 8.39838]},
			"faces": {
				"north": {"uv": [7.6875, 0, 4.25, 16], "texture": "#1"},
				"east": {"uv": [0, 0, 0, 4], "texture": "#missing"},
				"south": {"uv": [4.25, 0, 7.6875, 16], "texture": "#1"},
				"west": {"uv": [0, 0, 0, 4], "texture": "#missing"},
				"up": {"uv": [0, 0, 0, 1.1875], "rotation": 270, "texture": "#missing"},
				"down": {"uv": [0, 0, 0, 1.1875], "rotation": 90, "texture": "#missing"}
			}
		},
		{
			"name": "ef",
			"from": [10.75035, 4, 12.16298],
			"to": [16.75035, 29.6, 12.16298],
			"rotation": {"angle": 22.5, "axis": "y", "origin": [8, 10.1, 8.39838]},
			"faces": {
				"north": {"uv": [12.25, 0, 15.6875, 16], "texture": "#1"},
				"east": {"uv": [0, 0, 0, 4], "texture": "#missing"},
				"south": {"uv": [15.6875, 0, 12.25, 16], "texture": "#1"},
				"west": {"uv": [0, 0, 0, 4], "texture": "#missing"},
				"up": {"uv": [0, 1.1875, 0, 0], "rotation": 270, "texture": "#missing"},
				"down": {"uv": [0, 1.1875, 0, 0], "rotation": 90, "texture": "#missing"}
			}
		}
	],
	"gui_light": "front",
	"display": {
		"thirdperson_righthand": {
			"translation": [0, -6.5, -2.25]
		},
		"thirdperson_lefthand": {
			"translation": [0, -6.5, -2.25]
		},
		"firstperson_righthand": {
			"rotation": [0.43, -1.75, 12.5],
			"translation": [-1, -7, -4],
			"scale": [1.2, 1.2, 1.2]
		},
		"firstperson_lefthand": {
			"rotation": [0.43, -1.75, 12.5],
			"translation": [-1, -7, -4],
			"scale": [1.2, 1.2, 1.2]
		},
		"ground": {
			"rotation": [0, 0, 45],
			"translation": [-0.75, 2.5, 0],
			"scale": [0.4, 0.4, 0.4]
		},
		"gui": {
			"rotation": [180, 0, -135],
			"translation": [-2.25, -2, 0],
			"scale": [0.7, 0.7, 0.7]
		},
		"head": {
			"translation": [0, 6.5, 0],
			"scale": [0, 0, 0]
		},
		"fixed": {
			"translation": [0, -1.75, -0.75],
			"scale": [0.75, 0.75, 0.75]
		}
	},
	"groups": [
		{
			"name": "shield_easter",
			"origin": [15.2, 11.72236, 8],
			"color": 0,
			"nbt": "{}",
			"children": [0, 1, 2, 3, 4, 5, 6, 7, 8, 9, 10, 11, 12, 13, 14, 15, 16, 17, 18, 19, 20, 21, 22, 23]
		}
	]
}