{
	"credit": "Made with Blockbench",
	"textures": {
		"0": "item/christmas/noparticles/christmas_all_tools",
		"particle": "item/christmas/noparticles/christmas_all_tools"
	},
	"elements": [
		{
			"from": [3.992, 17.992, 7.742],
			"to": [12.008, 22.758, 8.258],
			"rotation": {"angle": 0, "axis": "y", "origin": [8, 20.375, 8]},
			"faces": {
				"north": {"uv": [4.875, 4.75, 5.875, 5.375], "texture": "#0"},
				"east": {"uv": [2.75, 8.375, 2.875, 9], "texture": "#0"},
				"south": {"uv": [5.125, 0, 6.125, 0.625], "texture": "#0"},
				"west": {"uv": [2.875, 8.375, 3, 9], "texture": "#0"},
				"up": {"uv": [9, 6.875, 8, 6.75], "texture": "#0"},
				"down": {"uv": [9, 6.875, 8, 7], "texture": "#0"}
			}
		},
		{
			"from": [4.25, 14, 7.75],
			"to": [7.25, 15, 8.25],
			"rotation": {"angle": -22.5, "axis": "z", "origin": [8, 13.5, 8]},
			"faces": {
				"north": {"uv": [8.75, 7.25, 9.125, 7.375], "texture": "#0"},
				"east": {"uv": [9, 8.625, 9.125, 8.75], "texture": "#0"},
				"south": {"uv": [8.75, 7.375, 9.125, 7.5], "texture": "#0"},
				"west": {"uv": [9, 8.75, 9.125, 8.875], "texture": "#0"},
				"up": {"uv": [9.125, 7.625, 8.75, 7.5], "texture": "#0"},
				"down": {"uv": [9.125, 7.625, 8.75, 7.75], "texture": "#0"}
			}
		},
		{
			"from": [7.23635, 15.32611, 7.75],
			"to": [8.23635, 18.32611, 8.25],
			"rotation": {"angle": 22.5, "axis": "z", "origin": [7.38635, 15.82611, 8]},
			"faces": {
				"north": {"uv": [8.625, 8.75, 8.75, 9.125], "texture": "#0"},
				"east": {"uv": [8.75, 8.75, 8.875, 9.125], "texture": "#0"},
				"south": {"uv": [8.875, 0.5, 9, 0.875], "texture": "#0"},
				"west": {"uv": [8.875, 0.875, 9, 1.25], "texture": "#0"},
				"up": {"uv": [9.125, 9.125, 9, 9], "texture": "#0"},
				"down": {"uv": [9.25, 0.25, 9.125, 0.375], "texture": "#0"}
			}
		},
		{
			"from": [4.11071, 15.47016, 7.746],
			"to": [5.11871, 18.22816, 8.254],
			"rotation": {"angle": 22.5, "axis": "z", "origin": [4.61471, 16.97416, 8]},
			"faces": {
				"north": {"uv": [7.25, 8.75, 7.375, 9.125], "texture": "#0"},
				"east": {"uv": [7.375, 8.75, 7.5, 9.125], "texture": "#0"},
				"south": {"uv": [8.375, 8.75, 8.5, 9.125], "texture": "#0"},
				"west": {"uv": [8.5, 8.75, 8.625, 9.125], "texture": "#0"},
				"up": {"uv": [9, 9.125, 8.875, 9], "texture": "#0"},
				"down": {"uv": [9.125, 8.875, 9, 9], "texture": "#0"}
			}
		},
		{
			"from": [0.70736, 19.99405, 7.744],
			"to": [5.21936, 21.40605, 8.256],
			"rotation": {"angle": 22.5, "axis": "z", "origin": [1.21336, 19.02505, 8]},
			"faces": {
				"north": {"uv": [8.375, 1.75, 9, 1.875], "texture": "#0"},
				"east": {"uv": [8.25, 9, 8.375, 9.125], "texture": "#0"},
				"south": {"uv": [8.375, 1.875, 9, 2], "texture": "#0"},
				"west": {"uv": [9, 8.25, 9.125, 8.375], "texture": "#0"},
				"up": {"uv": [9, 2.125, 8.375, 2], "texture": "#0"},
				"down": {"uv": [9, 2.125, 8.375, 2.25], "texture": "#0"}
			}
		},
		{
			"from": [0.70736, 16.99405, 7.744],
			"to": [5.21936, 18.40605, 8.256],
			"rotation": {"angle": 22.5, "axis": "z", "origin": [1.21336, 19.02505, 8]},
			"faces": {
				"north": {"uv": [8.375, 3.125, 9, 3.25], "texture": "#0"},
				"east": {"uv": [9, 8.375, 9.125, 8.5], "texture": "#0"},
				"south": {"uv": [8.375, 3.25, 9, 3.375], "texture": "#0"},
				"west": {"uv": [9, 8.5, 9.125, 8.625], "texture": "#0"},
				"up": {"uv": [9, 3.75, 8.375, 3.625], "texture": "#0"},
				"down": {"uv": [9, 3.75, 8.375, 3.875], "texture": "#0"}
			}
		},
		{
			"from": [-2.32307, 16.12856, 7.746],
			"to": [2.18493, 20.13656, 8.254],
			"rotation": {"angle": 45, "axis": "z", "origin": [-0.06907, 17.75756, 8]},
			"faces": {
				"north": {"uv": [7, 6.25, 7.625, 6.75], "texture": "#0"},
				"east": {"uv": [6.75, 8.625, 6.875, 9.125], "texture": "#0"},
				"south": {"uv": [7, 6.75, 7.625, 7.25], "texture": "#0"},
				"west": {"uv": [7.625, 8.625, 7.75, 9.125], "texture": "#0"},
				"up": {"uv": [9, 3, 8.375, 2.875], "texture": "#0"},
				"down": {"uv": [9, 3, 8.375, 3.125], "texture": "#0"}
			}
		},
		{
			"from": [-3.33944, 14.99594, 7.75],
			"to": [-0.51444, 17.84594, 8.25],
			"rotation": {"angle": 0, "axis": "y", "origin": [-1.33944, 15.59594, 8]},
			"faces": {
				"north": {"uv": [7.625, 7.875, 8, 8.25], "texture": "#0"},
				"east": {"uv": [6.125, 8.75, 6.25, 9.125], "texture": "#0"},
				"south": {"uv": [0, 8, 0.375, 8.375], "texture": "#0"},
				"west": {"uv": [8.75, 6.125, 8.875, 6.5], "texture": "#0"},
				"up": {"uv": [9.125, 7.125, 8.75, 7], "texture": "#0"},
				"down": {"uv": [9.125, 7.125, 8.75, 7.25], "texture": "#0"}
			}
		},
		{
			"from": [13.81507, 16.12856, 7.746],
			"to": [18.32307, 20.13656, 8.254],
			"rotation": {"angle": -45, "axis": "z", "origin": [16.06907, 17.75756, 8]},
			"faces": {
				"north": {"uv": [7.625, 6.25, 7, 6.75], "texture": "#0"},
				"east": {"uv": [7.75, 8.625, 7.625, 9.125], "texture": "#0"},
				"south": {"uv": [7.625, 6.75, 7, 7.25], "texture": "#0"},
				"west": {"uv": [6.875, 8.625, 6.75, 9.125], "texture": "#0"},
				"up": {"uv": [8.375, 3, 9, 2.875], "texture": "#0"},
				"down": {"uv": [8.375, 3, 9, 3.125], "texture": "#0"}
			}
		},
		{
			"from": [16.51444, 14.99594, 7.75],
			"to": [19.33944, 17.84594, 8.25],
			"rotation": {"angle": 0, "axis": "y", "origin": [17.33944, 15.59594, 8]},
			"faces": {
				"north": {"uv": [8, 7.875, 7.625, 8.25], "texture": "#0"},
				"east": {"uv": [8.875, 6.125, 8.75, 6.5], "texture": "#0"},
				"south": {"uv": [0.375, 8, 0, 8.375], "texture": "#0"},
				"west": {"uv": [6.25, 8.75, 6.125, 9.125], "texture": "#0"},
				"up": {"uv": [8.75, 7.125, 9.125, 7], "texture": "#0"},
				"down": {"uv": [8.75, 7.125, 9.125, 7.25], "texture": "#0"}
			}
		},
		{
			"from": [10.88129, 15.47016, 7.746],
			"to": [11.88929, 18.22816, 8.254],
			"rotation": {"angle": -22.5, "axis": "z", "origin": [11.38529, 16.97416, 8]},
			"faces": {
				"north": {"uv": [7.375, 8.75, 7.25, 9.125], "texture": "#0"},
				"east": {"uv": [8.625, 8.75, 8.5, 9.125], "texture": "#0"},
				"south": {"uv": [8.5, 8.75, 8.375, 9.125], "texture": "#0"},
				"west": {"uv": [7.5, 8.75, 7.375, 9.125], "texture": "#0"},
				"up": {"uv": [8.875, 9.125, 9, 9], "texture": "#0"},
				"down": {"uv": [9, 8.875, 9.125, 9], "texture": "#0"}
			}
		},
		{
			"from": [8.75, 14, 7.75],
			"to": [11.75, 15, 8.25],
			"rotation": {"angle": 22.5, "axis": "z", "origin": [8, 13.5, 8]},
			"faces": {
				"north": {"uv": [9.125, 7.25, 8.75, 7.375], "texture": "#0"},
				"east": {"uv": [9.125, 8.75, 9, 8.875], "texture": "#0"},
				"south": {"uv": [9.125, 7.375, 8.75, 7.5], "texture": "#0"},
				"west": {"uv": [9.125, 8.625, 9, 8.75], "texture": "#0"},
				"up": {"uv": [8.75, 7.625, 9.125, 7.5], "texture": "#0"},
				"down": {"uv": [8.75, 7.625, 9.125, 7.75], "texture": "#0"}
			}
		},
		{
			"from": [7.76365, 15.32611, 7.75],
			"to": [8.76365, 18.32611, 8.25],
			"rotation": {"angle": -22.5, "axis": "z", "origin": [8.61365, 15.82611, 8]},
			"faces": {
				"north": {"uv": [8.75, 8.75, 8.625, 9.125], "texture": "#0"},
				"east": {"uv": [9, 0.875, 8.875, 1.25], "texture": "#0"},
				"south": {"uv": [9, 0.5, 8.875, 0.875], "texture": "#0"},
				"west": {"uv": [8.875, 8.75, 8.75, 9.125], "texture": "#0"},
				"up": {"uv": [9, 9.125, 9.125, 9], "texture": "#0"},
				"down": {"uv": [9.125, 0.25, 9.25, 0.375], "texture": "#0"}
			}
		},
		{
			"from": [10.78064, 19.99405, 7.744],
			"to": [15.29264, 21.40605, 8.256],
			"rotation": {"angle": -22.5, "axis": "z", "origin": [14.78664, 19.02505, 8]},
			"faces": {
				"north": {"uv": [9, 1.75, 8.375, 1.875], "texture": "#0"},
				"east": {"uv": [9.125, 8.25, 9, 8.375], "texture": "#0"},
				"south": {"uv": [9, 1.875, 8.375, 2], "texture": "#0"},
				"west": {"uv": [8.375, 9, 8.25, 9.125], "texture": "#0"},
				"up": {"uv": [8.375, 2.125, 9, 2], "texture": "#0"},
				"down": {"uv": [8.375, 2.125, 9, 2.25], "texture": "#0"}
			}
		},
		{
			"from": [10.78064, 16.99405, 7.744],
			"to": [15.29264, 18.40605, 8.256],
			"rotation": {"angle": -22.5, "axis": "z", "origin": [14.78664, 19.02505, 8]},
			"faces": {
				"north": {"uv": [9, 3.125, 8.375, 3.25], "texture": "#0"},
				"east": {"uv": [9.125, 8.5, 9, 8.625], "texture": "#0"},
				"south": {"uv": [9, 3.25, 8.375, 3.375], "texture": "#0"},
				"west": {"uv": [9.125, 8.375, 9, 8.5], "texture": "#0"},
				"up": {"uv": [8.375, 3.75, 9, 3.625], "texture": "#0"},
				"down": {"uv": [8.375, 3.75, 9, 3.875], "texture": "#0"}
			}
		},
		{
			"name": "christmas",
			"from": [-1, 15, 7.1],
			"to": [17, 25, 7.1],
			"rotation": {"angle": 0, "axis": "y", "origin": [8, 20, 7.1]},
			"faces": {
				"north": {"uv": [0, 0, 2.25, 1.25], "texture": "#0"},
				"east": {"uv": [0, 0, 0, 1.25], "texture": "#0"},
				"south": {"uv": [2.25, 0, 0, 1.25], "texture": "#0"},
				"west": {"uv": [0, 0, 0, 1.25], "texture": "#0"},
				"up": {"uv": [2.25, 0, 0, 0], "texture": "#0"},
				"down": {"uv": [2.25, 0, 0, 0], "texture": "#0"}
			}
		},
		{
			"name": "christmas",
			"from": [7.6, 21, 6.5],
			"to": [8.4, 21.75, 7.25],
			"rotation": {"angle": 22.5, "axis": "x", "origin": [8, 21.375, 6.875]},
			"faces": {
				"north": {"uv": [2.625, 9, 2.75, 9.125], "texture": "#0"},
				"east": {"uv": [2.75, 9, 2.875, 9.125], "texture": "#0"},
				"south": {"uv": [2.875, 9, 3, 9.125], "texture": "#0"},
				"west": {"uv": [9, 2.875, 9.125, 3], "texture": "#0"},
				"up": {"uv": [9.125, 3.125, 9, 3], "texture": "#0"},
				"down": {"uv": [9.125, 3.125, 9, 3.25], "texture": "#0"}
			}
		},
		{
			"name": "christmas",
			"from": [8, 20.25, 6.5],
			"to": [8.8, 21, 7.25],
			"rotation": {"angle": -22.5, "axis": "y", "origin": [8.4, 20.625, 6.875]},
			"faces": {
				"north": {"uv": [3.25, 9, 3.375, 9.125], "texture": "#0"},
				"east": {"uv": [9, 3.25, 9.125, 3.375], "texture": "#0"},
				"south": {"uv": [3.375, 9, 3.5, 9.125], "texture": "#0"},
				"west": {"uv": [9, 3.375, 9.125, 3.5], "texture": "#0"},
				"up": {"uv": [3.625, 9.125, 3.5, 9], "texture": "#0"},
				"down": {"uv": [3.75, 9, 3.625, 9.125], "texture": "#0"}
			}
		},
		{
			"name": "christmas",
			"from": [7.2, 20.25, 6.5],
			"to": [8, 21, 7.25],
			"rotation": {"angle": 22.5, "axis": "y", "origin": [7.6, 20.625, 6.875]},
			"faces": {
				"north": {"uv": [9, 3.625, 9.125, 3.75], "texture": "#0"},
				"east": {"uv": [3.75, 9, 3.875, 9.125], "texture": "#0"},
				"south": {"uv": [9, 3.75, 9.125, 3.875], "texture": "#0"},
				"west": {"uv": [9, 4, 9.125, 4.125], "texture": "#0"},
				"up": {"uv": [9.125, 4.5, 9, 4.375], "texture": "#0"},
				"down": {"uv": [9.125, 4.5, 9, 4.625], "texture": "#0"}
			}
		},
		{
			"name": "christmas",
			"from": [7.60355, 17.39645, 6.85],
			"to": [12.60355, 20.64645, 6.85],
			"rotation": {"angle": -45, "axis": "z", "origin": [10.10355, 19.02145, 6.85]},
			"faces": {
				"north": {"uv": [8.25, 2.5, 7.625, 2.875], "texture": "#0"},
				"east": {"uv": [0, 0, 0, 0.375], "texture": "#0"},
				"south": {"uv": [7.625, 2.5, 8.25, 2.875], "texture": "#0"},
				"west": {"uv": [0, 0, 0, 0.375], "texture": "#0"},
				"up": {"uv": [0, 0, 0.625, 0], "texture": "#0"},
				"down": {"uv": [0, 0, 0.625, 0], "texture": "#0"}
			}
		},
		{
			"name": "christmas",
			"from": [3.39645, 17.39645, 6.85],
			"to": [8.39645, 20.64645, 6.85],
			"rotation": {"angle": 45, "axis": "z", "origin": [5.89645, 19.02145, 6.85]},
			"faces": {
				"north": {"uv": [7.625, 2.5, 8.25, 2.875], "texture": "#0"},
				"east": {"uv": [0, 0, 0, 0.375], "texture": "#0"},
				"south": {"uv": [8.25, 2.5, 7.625, 2.875], "texture": "#0"},
				"west": {"uv": [0, 0, 0, 0.375], "texture": "#0"},
				"up": {"uv": [0.625, 0, 0, 0], "texture": "#0"},
				"down": {"uv": [0.625, 0, 0, 0], "texture": "#0"}
			}
		},
		{
			"name": "christmas",
			"from": [3.39645, 17.39645, 9.15],
			"to": [8.39645, 20.64645, 9.15],
			"rotation": {"angle": 45, "axis": "z", "origin": [5.89645, 19.02145, 9.15]},
			"faces": {
				"north": {"uv": [7.625, 2.5, 8.25, 2.875], "texture": "#0"},
				"east": {"uv": [0, 0, 0, 0.375], "texture": "#0"},
				"south": {"uv": [8.25, 2.5, 7.625, 2.875], "texture": "#0"},
				"west": {"uv": [0, 0, 0, 0.375], "texture": "#0"},
				"up": {"uv": [0.625, 0, 0, 0], "texture": "#0"},
				"down": {"uv": [0.625, 0, 0, 0], "texture": "#0"}
			}
		},
		{
			"name": "christmas",
			"from": [7.60355, 17.39645, 9.15],
			"to": [12.60355, 20.64645, 9.15],
			"rotation": {"angle": -45, "axis": "z", "origin": [10.10355, 19.02145, 9.15]},
			"faces": {
				"north": {"uv": [8.25, 2.5, 7.625, 2.875], "texture": "#0"},
				"east": {"uv": [0, 0, 0, 0.375], "texture": "#0"},
				"south": {"uv": [7.625, 2.5, 8.25, 2.875], "texture": "#0"},
				"west": {"uv": [0, 0, 0, 0.375], "texture": "#0"},
				"up": {"uv": [0, 0, 0.625, 0], "texture": "#0"},
				"down": {"uv": [0, 0, 0.625, 0], "texture": "#0"}
			}
		},
		{
			"name": "christmas",
			"from": [7.2, 20.25, 8.75],
			"to": [8, 21, 9.5],
			"rotation": {"angle": -22.5, "axis": "y", "origin": [7.6, 20.625, 9.125]},
			"faces": {
				"north": {"uv": [9.125, 3.75, 9, 3.875], "texture": "#0"},
				"east": {"uv": [3.875, 9, 3.75, 9.125], "texture": "#0"},
				"south": {"uv": [9.125, 3.625, 9, 3.75], "texture": "#0"},
				"west": {"uv": [9.125, 4, 9, 4.125], "texture": "#0"},
				"up": {"uv": [9.125, 4.375, 9, 4.5], "texture": "#0"},
				"down": {"uv": [9.125, 4.625, 9, 4.5], "texture": "#0"}
			}
		},
		{
			"name": "christmas",
			"from": [8, 20.25, 8.75],
			"to": [8.8, 21, 9.5],
			"rotation": {"angle": 22.5, "axis": "y", "origin": [8.4, 20.625, 9.125]},
			"faces": {
				"north": {"uv": [3.5, 9, 3.375, 9.125], "texture": "#0"},
				"east": {"uv": [9.125, 3.25, 9, 3.375], "texture": "#0"},
				"south": {"uv": [3.375, 9, 3.25, 9.125], "texture": "#0"},
				"west": {"uv": [9.125, 3.375, 9, 3.5], "texture": "#0"},
				"up": {"uv": [3.625, 9, 3.5, 9.125], "texture": "#0"},
				"down": {"uv": [3.75, 9.125, 3.625, 9], "texture": "#0"}
			}
		},
		{
			"name": "christmas",
			"from": [7.6, 21, 8.75],
			"to": [8.4, 21.75, 9.5],
			"rotation": {"angle": -22.5, "axis": "x", "origin": [8, 21.375, 9.125]},
			"faces": {
				"north": {"uv": [3, 9, 2.875, 9.125], "texture": "#0"},
				"east": {"uv": [2.875, 9, 2.75, 9.125], "texture": "#0"},
				"south": {"uv": [2.75, 9, 2.625, 9.125], "texture": "#0"},
				"west": {"uv": [9.125, 2.875, 9, 3], "texture": "#0"},
				"up": {"uv": [9.125, 3, 9, 3.125], "texture": "#0"},
				"down": {"uv": [9.125, 3.25, 9, 3.125], "texture": "#0"}
			}
		},
		{
			"name": "christmas",
			"from": [-1, 15, 8.9],
			"to": [17, 25, 8.9],
			"rotation": {"angle": 0, "axis": "y", "origin": [8, 20, 8.9]},
			"faces": {
				"north": {"uv": [0, 0, 2.25, 1.25], "texture": "#0"},
				"east": {"uv": [0, 0, 0, 1.25], "texture": "#0"},
				"south": {"uv": [2.25, 0, 0, 1.25], "texture": "#0"},
				"west": {"uv": [0, 0, 0, 1.25], "texture": "#0"},
				"up": {"uv": [2.25, 0, 0, 0], "texture": "#0"},
				"down": {"uv": [2.25, 0, 0, 0], "texture": "#0"}
			}
		},
		{
			"from": [7.5, 2, 7.5],
			"to": [8.5, 18, 8.5],
			"rotation": {"angle": 0, "axis": "y", "origin": [7, 0, 7]},
			"faces": {
				"north": {"uv": [2.125, 2.5, 2.25, 4.5], "texture": "#0"},
				"east": {"uv": [5.5, 7, 5.625, 9], "texture": "#0"},
				"south": {"uv": [5.625, 7, 5.75, 9], "texture": "#0"},
				"west": {"uv": [6.5, 7.125, 6.625, 9.125], "texture": "#0"},
				"up": {"uv": [7.125, 9.125, 7, 9], "texture": "#0"},
				"down": {"uv": [7.875, 9, 7.75, 9.125], "texture": "#0"}
			}
		},
		{
			"from": [7, 1, 7],
			"to": [9, 2, 9],
			"rotation": {"angle": 0, "axis": "y", "origin": [7, 0, 7]},
			"faces": {
				"north": {"uv": [8.875, 2.625, 9.125, 2.75], "texture": "#0"},
				"east": {"uv": [8.875, 2.75, 9.125, 2.875], "texture": "#0"},
				"south": {"uv": [8.875, 3.875, 9.125, 4], "texture": "#0"},
				"west": {"uv": [8.875, 4.75, 9.125, 4.875], "texture": "#0"},
				"up": {"uv": [7.875, 3.125, 7.625, 2.875], "texture": "#0"},
				"down": {"uv": [3.25, 8.375, 3, 8.625], "texture": "#0"}
			}
		},
		{
			"from": [7.2, -1, 7.2],
			"to": [8.8, 1, 8.8],
			"rotation": {"angle": 0, "axis": "y", "origin": [7, 0, 7]},
			"faces": {
				"north": {"uv": [8.375, 4.5, 8.625, 4.75], "texture": "#0"},
				"east": {"uv": [8.375, 4.75, 8.625, 5], "texture": "#0"},
				"south": {"uv": [8.375, 5, 8.625, 5.25], "texture": "#0"},
				"west": {"uv": [8.375, 5.25, 8.625, 5.5], "texture": "#0"},
				"up": {"uv": [8.625, 5.75, 8.375, 5.5], "texture": "#0"},
				"down": {"uv": [6, 8.375, 5.75, 8.625], "texture": "#0"}
			}
		},
		{
			"from": [7, -2, 7],
			"to": [9, -1, 9],
			"rotation": {"angle": 0, "axis": "y", "origin": [7, 0, 7]},
			"faces": {
				"north": {"uv": [8.875, 4.875, 9.125, 5], "texture": "#0"},
				"east": {"uv": [8.875, 5, 9.125, 5.125], "texture": "#0"},
				"south": {"uv": [8.875, 5.125, 9.125, 5.25], "texture": "#0"},
				"west": {"uv": [8.875, 5.25, 9.125, 5.375], "texture": "#0"},
				"up": {"uv": [8.625, 6, 8.375, 5.75], "texture": "#0"},
				"down": {"uv": [8.625, 6, 8.375, 6.25], "texture": "#0"}
			}
		},
		{
			"from": [5.07868, -3.8, 7.2],
			"to": [6.67868, -2.2, 8.8],
			"rotation": {"angle": 45, "axis": "z", "origin": [5.87868, 0, 8]},
			"faces": {
				"north": {"uv": [8.375, 6.25, 8.625, 6.5], "texture": "#0"},
				"east": {"uv": [8.375, 6.5, 8.625, 6.75], "texture": "#0"},
				"south": {"uv": [8.375, 8.25, 8.625, 8.5], "texture": "#0"},
				"west": {"uv": [3.25, 8.5, 3.5, 8.75], "texture": "#0"},
				"up": {"uv": [3.75, 8.75, 3.5, 8.5], "texture": "#0"},
				"down": {"uv": [8.75, 4.125, 8.5, 4.375], "texture": "#0"}
			}
		},
		{
			"from": [6.81707, 20.23661, 7.25],
			"to": [8.96707, 22.33661, 8.75],
			"rotation": {"angle": 45, "axis": "z", "origin": [7.46707, 21.61161, 8]},
			"faces": {
				"north": {"uv": [8.5, 7, 8.75, 7.25], "texture": "#0"},
				"east": {"uv": [7.25, 8.5, 7.5, 8.75], "texture": "#0"},
				"south": {"uv": [8.5, 7.25, 8.75, 7.5], "texture": "#0"},
				"west": {"uv": [8.5, 7.5, 8.75, 7.75], "texture": "#0"},
				"up": {"uv": [8.75, 8.25, 8.5, 8], "texture": "#0"},
				"down": {"uv": [8.625, 8.5, 8.375, 8.75], "texture": "#0"}
			}
		},
		{
			"from": [6.494, 18.944, 7.244],
			"to": [9.506, 21.706, 8.756],
			"rotation": {"angle": 0, "axis": "y", "origin": [7, 10.95, 7]},
			"faces": {
				"north": {"uv": [5.125, 7.875, 5.5, 8.25], "texture": "#0"},
				"east": {"uv": [8.125, 4.5, 8.375, 4.875], "texture": "#0"},
				"south": {"uv": [6, 7.875, 6.375, 8.25], "texture": "#0"},
				"west": {"uv": [7.25, 8.125, 7.5, 8.5], "texture": "#0"},
				"up": {"uv": [5.75, 4, 5.375, 3.75], "texture": "#0"},
				"down": {"uv": [8.625, 0.5, 8.25, 0.75], "texture": "#0"}
			}
		},
		{
			"from": [10.25, 20, 7.275],
			"to": [11.75, 21.5, 8.725],
			"rotation": {"angle": 45, "axis": "z", "origin": [11.25, 20.5, 8]},
			"faces": {
				"north": {"uv": [2.625, 8.625, 2.375, 8.875], "rotation": 180, "texture": "#0"},
				"east": {"uv": [6.125, 8.875, 6, 9.125], "rotation": 180, "texture": "#0"},
				"south": {"uv": [8.875, 2.5, 8.625, 2.75], "rotation": 180, "texture": "#0"},
				"west": {"uv": [9, 6.25, 8.875, 6.5], "rotation": 180, "texture": "#0"},
				"up": {"uv": [7.75, 8.875, 8, 9], "rotation": 180, "texture": "#0"},
				"down": {"uv": [6.875, 9, 7.125, 8.875], "rotation": 180, "texture": "#0"}
			}
		},
		{
			"from": [9.25, 19.25, 7.525],
			"to": [13.25, 21.75, 8.475],
			"rotation": {"angle": 0, "axis": "y", "origin": [11.25, 20.5, 8]},
			"faces": {
				"north": {"uv": [7.625, 6.375, 8, 5.875], "rotation": 90, "texture": "#0"},
				"east": {"uv": [6.875, 3.625, 6.5, 3.75], "rotation": 270, "texture": "#0"},
				"south": {"uv": [7.625, 6.875, 8, 6.375], "rotation": 270, "texture": "#0"},
				"west": {"uv": [7, 7.25, 6.625, 7.125], "rotation": 270, "texture": "#0"},
				"up": {"uv": [6.875, 4.75, 7, 4.25], "rotation": 270, "texture": "#0"},
				"down": {"uv": [3.75, 9, 3.875, 8.5], "rotation": 270, "texture": "#0"}
			}
		},
		{
			"from": [4.25, 20, 7.275],
			"to": [5.75, 21.5, 8.725],
			"rotation": {"angle": -45, "axis": "z", "origin": [4.75, 20.5, 8]},
			"faces": {
				"north": {"uv": [2.375, 8.625, 2.625, 8.875], "rotation": 180, "texture": "#0"},
				"east": {"uv": [8.875, 6.25, 9, 6.5], "rotation": 180, "texture": "#0"},
				"south": {"uv": [8.625, 2.5, 8.875, 2.75], "rotation": 180, "texture": "#0"},
				"west": {"uv": [6, 8.875, 6.125, 9.125], "rotation": 180, "texture": "#0"},
				"up": {"uv": [8, 8.875, 7.75, 9], "rotation": 180, "texture": "#0"},
				"down": {"uv": [7.125, 9, 6.875, 8.875], "rotation": 180, "texture": "#0"}
			}
		},
		{
			"from": [2.75, 19.25, 7.525],
			"to": [6.75, 21.75, 8.475],
			"rotation": {"angle": 0, "axis": "y", "origin": [4.75, 20.5, 8]},
			"faces": {
				"north": {"uv": [7.625, 5.875, 8, 6.375], "rotation": 90, "texture": "#0"},
				"east": {"uv": [7, 7.125, 6.625, 7.25], "rotation": 270, "texture": "#0"},
				"south": {"uv": [7.625, 6.375, 8, 6.875], "rotation": 270, "texture": "#0"},
				"west": {"uv": [6.875, 3.75, 6.5, 3.625], "rotation": 270, "texture": "#0"},
				"up": {"uv": [6.875, 4.25, 7, 4.75], "rotation": 270, "texture": "#0"},
				"down": {"uv": [3.75, 8.5, 3.875, 9], "rotation": 270, "texture": "#0"}
			}
		}
	],
	"gui_light": "front",
	"display": {
		"thirdperson_righthand": {
			"rotation": [0, 90, 0],
			"translation": [0, 1.5, 2.25]
		},
		"thirdperson_lefthand": {
			"rotation": [0, 90, 0],
			"translation": [0, 1.5, 2.25]
		},
		"firstperson_righthand": {
			"rotation": [-79.22, -85.45, -87.09],
			"translation": [-1.5, 1.5, 0],
			"scale": [0.57, 0.57, 0.57]
		},
		"firstperson_lefthand": {
			"rotation": [-79.22, -85.45, -87.09],
			"translation": [-1.5, 1.5, 0],
			"scale": [0.57, 0.57, 0.57]
		},
		"ground": {
			"rotation": [0, 0, 45],
			"scale": [0.4, 0.4, 0.4]
		},
		"gui": {
			"rotation": [0, 0, -45],
			"translation": [-2.25, -2.5, 0],
			"scale": [0.66, 0.66, 0.66]
		},
		"head": {
			"scale": [0, 0, 0]
		},
		"fixed": {
			"translation": [0, -4.5, -2.25],
			"scale": [0.8, 0.8, 0.8]
		}
	},
	"groups": [
		{
			"name": "pickaxe",
			"origin": [8, 8, 8],
			"color": 0,
			"nbt": "{}",
			"armAnimationEnabled": false,
			"children": [0, 1, 2, 3, 4, 5, 6, 7, 8, 9, 10, 11, 12, 13, 14, 15, 16, 17, 18, 19, 20, 21, 22, 23, 24, 25, 26, 27, 28, 29, 30, 31, 32, 33, 34, 35, 36, 37]
		}
	]
}