{
	"credit": "Made with Blockbench",
	"textures": {
		"0": "item/swashbuckler/swashbuckler_atlas",
		"1": "item/swashbuckler/swashbuckler_ef_long",
		"particle": "item/swashbuckler/swashbuckler_atlas"
	},
	"elements": [
		{
			"from": [4.16079, 6, 6.25],
			"to": [9.58579, 8, 9.75],
			"shade": false,
			"rotation": {"angle": -45, "axis": "z", "origin": [6.58579, 7, 8]},
			"faces": {
				"north": {"uv": [10, 5.75, 10.6875, 6], "texture": "#0"},
				"east": {"uv": [11.75, 9.125, 12.1875, 9.375], "texture": "#0"},
				"south": {"uv": [10.25, 3.125, 10.9375, 3.375], "texture": "#0"},
				"west": {"uv": [11.75, 9.375, 12.1875, 9.625], "texture": "#0"},
				"up": {"uv": [11.0625, 5.6875, 10.375, 5.25], "texture": "#0"},
				"down": {"uv": [11.0625, 7.75, 10.375, 8.1875], "texture": "#0"}
			}
		},
		{
			"from": [8.41421, 6, 6.25],
			"to": [13.83921, 8, 9.75],
			"shade": false,
			"rotation": {"angle": 45, "axis": "z", "origin": [9.41421, 7, 8]},
			"faces": {
				"north": {"uv": [6, 2.5, 6.6875, 2.75], "texture": "#0"},
				"east": {"uv": [11.75, 8.625, 12.1875, 8.875], "texture": "#0"},
				"south": {"uv": [8.875, 4.625, 9.5625, 4.875], "texture": "#0"},
				"west": {"uv": [11.75, 8.875, 12.1875, 9.125], "texture": "#0"},
				"up": {"uv": [11.0625, 4.6875, 10.375, 4.25], "texture": "#0"},
				"down": {"uv": [11.0625, 4.75, 10.375, 5.1875], "texture": "#0"}
			}
		},
		{
			"from": [3.2795, -2.008, 6.242],
			"to": [12.7205, 2.008, 9.758],
			"shade": false,
			"rotation": {"angle": 0, "axis": "y", "origin": [8, 0, 8]},
			"faces": {
				"north": {"uv": [8.375, 0, 9.5625, 0.5], "texture": "#0"},
				"east": {"uv": [11.125, 5.125, 11.5625, 5.625], "texture": "#0"},
				"south": {"uv": [8.375, 0.5, 9.5625, 1], "texture": "#0"},
				"west": {"uv": [11.125, 7.375, 11.5625, 7.875], "texture": "#0"},
				"up": {"uv": [10.0625, 2.0625, 8.875, 1.625], "texture": "#0"},
				"down": {"uv": [10.0625, 2.125, 8.875, 2.5625], "texture": "#0"}
			}
		},
		{
			"from": [15.36898, 4.65648, 6.242],
			"to": [19.38498, 14.09748, 9.758],
			"shade": false,
			"rotation": {"angle": 0, "axis": "y", "origin": [17.37698, 9.37698, 8]},
			"faces": {
				"north": {"uv": [4.875, 8.25, 5.375, 9.4375], "texture": "#0"},
				"east": {"uv": [1, 8.75, 1.4375, 9.9375], "texture": "#0"},
				"south": {"uv": [8.375, 3.625, 8.875, 4.8125], "texture": "#0"},
				"west": {"uv": [7.75, 8.875, 8.1875, 10.0625], "texture": "#0"},
				"up": {"uv": [1.75, 11.6875, 1.25, 11.25], "texture": "#0"},
				"down": {"uv": [11.75, 1.5, 11.25, 1.9375], "texture": "#0"}
			}
		},
		{
			"from": [6.492, 11.90648, 9.742],
			"to": [9.508, 13.34748, 14.758],
			"shade": false,
			"rotation": {"angle": 0, "axis": "y", "origin": [8, 12.62698, 12.25]},
			"faces": {
				"north": {"uv": [12, 10.875, 12.375, 11.0625], "texture": "#0"},
				"east": {"uv": [11.75, 1.75, 12.375, 1.9375], "texture": "#0"},
				"south": {"uv": [12.125, 1.375, 12.5, 1.5625], "texture": "#0"},
				"west": {"uv": [11.75, 3.875, 12.375, 4.0625], "texture": "#0"},
				"up": {"uv": [3, 11.625, 2.625, 11], "texture": "#0"},
				"down": {"uv": [3.375, 11, 3, 11.625], "texture": "#0"}
			}
		},
		{
			"from": [6.492, 5.33148, 14.758],
			"to": [9.508, 13.34748, 16.199],
			"shade": false,
			"rotation": {"angle": 0, "axis": "y", "origin": [8, 10.83948, 15.4785]},
			"faces": {
				"north": {"uv": [3.375, 6.125, 3.75, 7.125], "texture": "#0"},
				"east": {"uv": [8.625, 11.25, 8.8125, 12.25], "texture": "#0"},
				"south": {"uv": [2.375, 9.75, 2.75, 10.75], "texture": "#0"},
				"west": {"uv": [11.375, 2.5, 11.5625, 3.5], "texture": "#0"},
				"up": {"uv": [3.75, 12.3125, 3.375, 12.125], "texture": "#0"},
				"down": {"uv": [12.5, 3.5, 12.125, 3.6875], "texture": "#0"}
			}
		},
		{
			"from": [6.492, 5.35252, 9.742],
			"to": [9.508, 6.79352, 14.758],
			"shade": false,
			"rotation": {"angle": 0, "axis": "y", "origin": [8, 6.07302, 12.25]},
			"faces": {
				"north": {"uv": [2.625, 12.125, 3, 12.3125], "texture": "#0"},
				"east": {"uv": [11.75, 6.25, 12.375, 6.4375], "texture": "#0"},
				"south": {"uv": [3, 12.125, 3.375, 12.3125], "texture": "#0"},
				"west": {"uv": [11.75, 6.5, 12.375, 6.6875], "texture": "#0"},
				"up": {"uv": [3.75, 11.625, 3.375, 11], "texture": "#0"},
				"down": {"uv": [4.5, 11, 4.125, 11.625], "texture": "#0"}
			}
		},
		{
			"from": [9.91803, 0.74645, 6.25],
			"to": [19.34303, 4.74645, 9.75],
			"shade": false,
			"rotation": {"angle": 45, "axis": "z", "origin": [14.63053, 2.74645, 8]},
			"faces": {
				"north": {"uv": [8.375, 2.625, 9.5625, 3.125], "texture": "#0"},
				"east": {"uv": [11.125, 10.875, 11.5625, 11.375], "texture": "#0"},
				"south": {"uv": [8.375, 3.125, 9.5625, 3.625], "texture": "#0"},
				"west": {"uv": [11.25, 1, 11.6875, 1.5], "texture": "#0"},
				"up": {"uv": [10.0625, 4.0625, 8.875, 3.625], "texture": "#0"},
				"down": {"uv": [10.0625, 4.125, 8.875, 4.5625], "texture": "#0"}
			}
		},
		{
			"from": [9.91803, 14.00751, 6.25],
			"to": [19.34303, 18.00751, 9.75],
			"shade": false,
			"rotation": {"angle": -45, "axis": "z", "origin": [14.63053, 16.00751, 8]},
			"faces": {
				"north": {"uv": [8.375, 5.875, 9.5625, 6.375], "texture": "#0"},
				"east": {"uv": [11.25, 6.25, 11.6875, 6.75], "texture": "#0"},
				"south": {"uv": [8.375, 6.375, 9.5625, 6.875], "texture": "#0"},
				"west": {"uv": [11.25, 6.75, 11.6875, 7.25], "texture": "#0"},
				"up": {"uv": [10.1875, 7.8125, 9, 7.375], "texture": "#0"},
				"down": {"uv": [10.3125, 7.875, 9.125, 8.3125], "texture": "#0"}
			}
		},
		{
			"from": [-3.34303, 0.74645, 6.25],
			"to": [6.08197, 4.74645, 9.75],
			"shade": false,
			"rotation": {"angle": -45, "axis": "z", "origin": [1.36947, 2.74645, 8]},
			"faces": {
				"north": {"uv": [9.5625, 2.625, 8.375, 3.125], "texture": "#0"},
				"east": {"uv": [11.6875, 1, 11.25, 1.5], "texture": "#0"},
				"south": {"uv": [9.5625, 3.125, 8.375, 3.625], "texture": "#0"},
				"west": {"uv": [11.5625, 10.875, 11.125, 11.375], "texture": "#0"},
				"up": {"uv": [8.875, 4.0625, 10.0625, 3.625], "texture": "#0"},
				"down": {"uv": [8.875, 4.125, 10.0625, 4.5625], "texture": "#0"}
			}
		},
		{
			"from": [-3.38498, 4.65648, 6.242],
			"to": [0.63102, 14.09748, 9.758],
			"shade": false,
			"rotation": {"angle": 0, "axis": "y", "origin": [-1.37698, 9.37698, 8]},
			"faces": {
				"north": {"uv": [5.375, 8.25, 4.875, 9.4375], "texture": "#0"},
				"east": {"uv": [8.1875, 8.875, 7.75, 10.0625], "texture": "#0"},
				"south": {"uv": [8.875, 3.625, 8.375, 4.8125], "texture": "#0"},
				"west": {"uv": [1.4375, 8.75, 1, 9.9375], "texture": "#0"},
				"up": {"uv": [1.25, 11.6875, 1.75, 11.25], "texture": "#0"},
				"down": {"uv": [11.25, 1.5, 11.75, 1.9375], "texture": "#0"}
			}
		},
		{
			"from": [-3.34303, 14.00751, 6.25],
			"to": [6.08197, 18.00751, 9.75],
			"shade": false,
			"rotation": {"angle": 45, "axis": "z", "origin": [1.36947, 16.00751, 8]},
			"faces": {
				"north": {"uv": [9.5625, 5.875, 8.375, 6.375], "texture": "#0"},
				"east": {"uv": [11.6875, 6.75, 11.25, 7.25], "texture": "#0"},
				"south": {"uv": [9.5625, 6.375, 8.375, 6.875], "texture": "#0"},
				"west": {"uv": [11.6875, 6.25, 11.25, 6.75], "texture": "#0"},
				"up": {"uv": [9, 7.8125, 10.1875, 7.375], "texture": "#0"},
				"down": {"uv": [9.125, 7.875, 10.3125, 8.3125], "texture": "#0"}
			}
		},
		{
			"from": [3.2795, 16.74596, 6.242],
			"to": [12.7205, 20.76196, 9.758],
			"shade": false,
			"rotation": {"angle": 0, "axis": "y", "origin": [8, 18.75396, 8]},
			"faces": {
				"north": {"uv": [8.375, 4.875, 9.5625, 5.375], "texture": "#0"},
				"east": {"uv": [1.75, 11.25, 2.1875, 11.75], "texture": "#0"},
				"south": {"uv": [8.375, 5.375, 9.5625, 5.875], "texture": "#0"},
				"west": {"uv": [11.25, 3.625, 11.6875, 4.125], "texture": "#0"},
				"up": {"uv": [6.5625, 9.4375, 5.375, 9], "texture": "#0"},
				"down": {"uv": [10.1875, 6.875, 9, 7.3125], "texture": "#0"}
			}
		},
		{
			"from": [2.58579, 9.82843, 6.25],
			"to": [8.01079, 11.82843, 9.75],
			"shade": false,
			"rotation": {"angle": 45, "axis": "z", "origin": [5.58579, 10.82843, 8]},
			"faces": {
				"north": {"uv": [11.375, 10.125, 12.0625, 10.375], "texture": "#0"},
				"east": {"uv": [11.875, 0, 12.3125, 0.25], "texture": "#0"},
				"south": {"uv": [11.375, 10.375, 12.0625, 10.625], "texture": "#0"},
				"west": {"uv": [11.875, 0.25, 12.3125, 0.5], "texture": "#0"},
				"up": {"uv": [7.4375, 10.9375, 6.75, 10.5], "texture": "#0"},
				"down": {"uv": [11.1875, 8.25, 10.5, 8.6875], "texture": "#0"}
			}
		},
		{
			"from": [5.98921, 9.82843, 6.25],
			"to": [11.41421, 11.82843, 9.75],
			"shade": false,
			"rotation": {"angle": -45, "axis": "z", "origin": [10.41421, 10.82843, 8]},
			"faces": {
				"north": {"uv": [10.75, 5.75, 11.4375, 6], "texture": "#0"},
				"east": {"uv": [11.75, 9.625, 12.1875, 9.875], "texture": "#0"},
				"south": {"uv": [11.375, 6, 12.0625, 6.25], "texture": "#0"},
				"west": {"uv": [11.75, 9.875, 12.1875, 10.125], "texture": "#0"},
				"up": {"uv": [10.8125, 10.8125, 10.125, 10.375], "texture": "#0"},
				"down": {"uv": [3.4375, 10.5, 2.75, 10.9375], "texture": "#0"}
			}
		},
		{
			"from": [12.0375, 8.28935, 7],
			"to": [25.7125, 10.28935, 9],
			"shade": false,
			"rotation": {"angle": 0, "axis": "y", "origin": [8, 9.28935, 8]},
			"faces": {
				"north": {"uv": [4, 2.75, 5.6875, 3], "texture": "#0"},
				"east": {"uv": [7.5, 10.5, 7.75, 10.75], "texture": "#0"},
				"south": {"uv": [9.625, 0.75, 11.3125, 1], "texture": "#0"},
				"west": {"uv": [7.25, 11, 7.5, 11.25], "texture": "#0"},
				"up": {"uv": [11.3125, 3.625, 9.625, 3.375], "texture": "#0"},
				"down": {"uv": [11.3125, 6, 9.625, 6.25], "texture": "#0"}
			}
		},
		{
			"from": [19.1625, 8.28935, 7],
			"to": [24.8375, 10.28935, 9],
			"shade": false,
			"rotation": {"angle": -45, "axis": "z", "origin": [8, 9.28935, 8]},
			"faces": {
				"north": {"uv": [11.375, 10.625, 12.0625, 10.875], "texture": "#0"},
				"east": {"uv": [4.125, 12.125, 4.375, 12.375], "texture": "#0"},
				"south": {"uv": [11.125, 11.375, 11.8125, 11.625], "texture": "#0"},
				"west": {"uv": [4.375, 12.125, 4.625, 12.375], "texture": "#0"},
				"up": {"uv": [12.1875, 5.875, 11.5, 5.625], "texture": "#0"},
				"down": {"uv": [6.4375, 11.5, 5.75, 11.75], "texture": "#0"}
			}
		},
		{
			"from": [-8.8375, 8.28935, 7],
			"to": [-3.1625, 10.28935, 9],
			"shade": false,
			"rotation": {"angle": 45, "axis": "z", "origin": [8, 9.28935, 8]},
			"faces": {
				"north": {"uv": [12.0625, 10.625, 11.375, 10.875], "texture": "#0"},
				"east": {"uv": [4.625, 12.125, 4.375, 12.375], "texture": "#0"},
				"south": {"uv": [11.8125, 11.375, 11.125, 11.625], "texture": "#0"},
				"west": {"uv": [4.375, 12.125, 4.125, 12.375], "texture": "#0"},
				"up": {"uv": [11.5, 5.875, 12.1875, 5.625], "texture": "#0"},
				"down": {"uv": [5.75, 11.5, 6.4375, 11.75], "texture": "#0"}
			}
		},
		{
			"from": [-1.8375, 11.16015, 7],
			"to": [3.8375, 13.16015, 9],
			"shade": false,
			"rotation": {"angle": -45, "axis": "z", "origin": [8, 19.16015, 8]},
			"faces": {
				"north": {"uv": [12.0625, 10.875, 11.375, 10.625], "texture": "#0"},
				"east": {"uv": [4.625, 12.375, 4.375, 12.125], "texture": "#0"},
				"south": {"uv": [11.8125, 11.625, 11.125, 11.375], "texture": "#0"},
				"west": {"uv": [4.375, 12.375, 4.125, 12.125], "texture": "#0"},
				"up": {"uv": [5.75, 11.75, 6.4375, 11.5], "texture": "#0"},
				"down": {"uv": [11.5, 5.625, 12.1875, 5.875], "texture": "#0"}
			}
		},
		{
			"from": [12.1625, 11.16015, 7],
			"to": [17.8375, 13.16015, 9],
			"shade": false,
			"rotation": {"angle": 45, "axis": "z", "origin": [8, 19.16015, 8]},
			"faces": {
				"north": {"uv": [11.375, 10.875, 12.0625, 10.625], "texture": "#0"},
				"east": {"uv": [4.125, 12.375, 4.375, 12.125], "texture": "#0"},
				"south": {"uv": [11.125, 11.625, 11.8125, 11.375], "texture": "#0"},
				"west": {"uv": [4.375, 12.375, 4.625, 12.125], "texture": "#0"},
				"up": {"uv": [6.4375, 11.75, 5.75, 11.5], "texture": "#0"},
				"down": {"uv": [12.1875, 5.625, 11.5, 5.875], "texture": "#0"}
			}
		},
		{
			"from": [19.37698, 7.58948, 6.25],
			"to": [20.87698, 11.08948, 9.75],
			"shade": false,
			"rotation": {"angle": 0, "axis": "y", "origin": [1.66448, 9.33948, 8]},
			"faces": {
				"north": {"uv": [0.75, 12.125, 0.9375, 12.5625], "texture": "#0"},
				"east": {"uv": [11.375, 0.5, 11.8125, 0.9375], "texture": "#0"},
				"south": {"uv": [12.125, 0.875, 12.3125, 1.3125], "texture": "#0"},
				"west": {"uv": [11.375, 2, 11.8125, 2.4375], "texture": "#0"},
				"up": {"uv": [1.4375, 12.5625, 1.25, 12.125], "texture": "#0"},
				"down": {"uv": [1.6875, 12.125, 1.5, 12.5625], "texture": "#0"}
			}
		},
		{
			"from": [20.87698, 8.08948, 6.75],
			"to": [21.87698, 10.58948, 9.25],
			"shade": false,
			"rotation": {"angle": 0, "axis": "y", "origin": [1.66448, 9.33948, 8]},
			"faces": {
				"north": {"uv": [2.375, 9.25, 2.5, 9.5625], "texture": "#0"},
				"east": {"uv": [12, 7.375, 12.3125, 7.6875], "texture": "#0"},
				"south": {"uv": [10, 9.125, 10.125, 9.4375], "texture": "#0"},
				"west": {"uv": [7.625, 12, 7.9375, 12.3125], "texture": "#0"},
				"up": {"uv": [11.25, 8.1875, 11.125, 7.875], "texture": "#0"},
				"down": {"uv": [12.25, 5.875, 12.125, 6.1875], "texture": "#0"}
			}
		},
		{
			"from": [-9.7125, 8.28935, 7],
			"to": [3.9625, 10.28935, 9],
			"shade": false,
			"rotation": {"angle": 0, "axis": "y", "origin": [8, 9.28935, 8]},
			"faces": {
				"north": {"uv": [5.6875, 2.75, 4, 3], "texture": "#0"},
				"east": {"uv": [7.5, 11, 7.25, 11.25], "texture": "#0"},
				"south": {"uv": [11.3125, 0.75, 9.625, 1], "texture": "#0"},
				"west": {"uv": [7.75, 10.5, 7.5, 10.75], "texture": "#0"},
				"up": {"uv": [9.625, 3.625, 11.3125, 3.375], "texture": "#0"},
				"down": {"uv": [9.625, 6, 11.3125, 6.25], "texture": "#0"}
			}
		},
		{
			"from": [-5.87698, 8.08948, 6.75],
			"to": [-4.87698, 10.58948, 9.25],
			"shade": false,
			"rotation": {"angle": 0, "axis": "y", "origin": [14.33552, 9.33948, 8]},
			"faces": {
				"north": {"uv": [2.5, 9.25, 2.375, 9.5625], "texture": "#0"},
				"east": {"uv": [7.9375, 12, 7.625, 12.3125], "texture": "#0"},
				"south": {"uv": [10.125, 9.125, 10, 9.4375], "texture": "#0"},
				"west": {"uv": [12.3125, 7.375, 12, 7.6875], "texture": "#0"},
				"up": {"uv": [11.125, 8.1875, 11.25, 7.875], "texture": "#0"},
				"down": {"uv": [12.125, 5.875, 12.25, 6.1875], "texture": "#0"}
			}
		},
		{
			"from": [-4.87698, 7.58948, 6.25],
			"to": [-3.37698, 11.08948, 9.75],
			"shade": false,
			"rotation": {"angle": 0, "axis": "y", "origin": [14.33552, 9.33948, 8]},
			"faces": {
				"north": {"uv": [0.9375, 12.125, 0.75, 12.5625], "texture": "#0"},
				"east": {"uv": [11.8125, 2, 11.375, 2.4375], "texture": "#0"},
				"south": {"uv": [12.3125, 0.875, 12.125, 1.3125], "texture": "#0"},
				"west": {"uv": [11.8125, 0.5, 11.375, 0.9375], "texture": "#0"},
				"up": {"uv": [1.25, 12.5625, 1.4375, 12.125], "texture": "#0"},
				"down": {"uv": [1.5, 12.125, 1.6875, 12.5625], "texture": "#0"}
			}
		},
		{
			"from": [6.72493, 22.1914, 6.75],
			"to": [9.22493, 23.1914, 9.25],
			"shade": false,
			"rotation": {"angle": 0, "axis": "y", "origin": [8, 9.31441, 8]},
			"faces": {
				"north": {"uv": [2.375, 9.25, 2.5, 9.5625], "rotation": 90, "texture": "#0"},
				"east": {"uv": [12.25, 5.875, 12.125, 6.1875], "rotation": 270, "texture": "#0"},
				"south": {"uv": [10, 9.125, 10.125, 9.4375], "rotation": 270, "texture": "#0"},
				"west": {"uv": [11.25, 8.1875, 11.125, 7.875], "rotation": 270, "texture": "#0"},
				"up": {"uv": [12, 7.375, 12.3125, 7.6875], "rotation": 270, "texture": "#0"},
				"down": {"uv": [7.625, 12, 7.9375, 12.3125], "rotation": 270, "texture": "#0"}
			}
		},
		{
			"from": [6.22493, 20.6914, 6.25],
			"to": [9.72493, 22.1914, 9.75],
			"shade": false,
			"rotation": {"angle": 0, "axis": "y", "origin": [8, 9.31441, 8]},
			"faces": {
				"north": {"uv": [0.75, 12.125, 0.9375, 12.5625], "rotation": 90, "texture": "#0"},
				"east": {"uv": [1.6875, 12.125, 1.5, 12.5625], "rotation": 270, "texture": "#0"},
				"south": {"uv": [12.125, 0.875, 12.3125, 1.3125], "rotation": 270, "texture": "#0"},
				"west": {"uv": [1.4375, 12.5625, 1.25, 12.125], "rotation": 270, "texture": "#0"},
				"up": {"uv": [11.375, 0.5, 11.8125, 0.9375], "rotation": 270, "texture": "#0"},
				"down": {"uv": [11.375, 2, 11.8125, 2.4375], "rotation": 270, "texture": "#0"}
			}
		},
		{
			"from": [7.02507, 13.35191, 7],
			"to": [9.02507, 27.02691, 9],
			"shade": false,
			"rotation": {"angle": 0, "axis": "y", "origin": [8, 9.31441, 8]},
			"faces": {
				"north": {"uv": [4, 2.75, 5.6875, 3], "rotation": 90, "texture": "#0"},
				"east": {"uv": [11.3125, 6, 9.625, 6.25], "rotation": 270, "texture": "#0"},
				"south": {"uv": [9.625, 0.75, 11.3125, 1], "rotation": 270, "texture": "#0"},
				"west": {"uv": [11.3125, 3.625, 9.625, 3.375], "rotation": 270, "texture": "#0"},
				"up": {"uv": [7.5, 10.5, 7.75, 10.75], "rotation": 270, "texture": "#0"},
				"down": {"uv": [7.25, 11, 7.5, 11.25], "rotation": 270, "texture": "#0"}
			}
		},
		{
			"from": [6.72493, -4.56257, 6.75],
			"to": [9.22493, -3.56257, 9.25],
			"shade": false,
			"rotation": {"angle": 0, "axis": "y", "origin": [8, 9.31441, 8]},
			"faces": {
				"north": {"uv": [2.5, 9.25, 2.375, 9.5625], "rotation": 90, "texture": "#0"},
				"east": {"uv": [12.125, 5.875, 12.25, 6.1875], "rotation": 270, "texture": "#0"},
				"south": {"uv": [10.125, 9.125, 10, 9.4375], "rotation": 270, "texture": "#0"},
				"west": {"uv": [11.125, 8.1875, 11.25, 7.875], "rotation": 270, "texture": "#0"},
				"up": {"uv": [7.9375, 12, 7.625, 12.3125], "rotation": 270, "texture": "#0"},
				"down": {"uv": [12.3125, 7.375, 12, 7.6875], "rotation": 270, "texture": "#0"}
			}
		},
		{
			"from": [6.22493, -3.56257, 6.25],
			"to": [9.72493, -2.06257, 9.75],
			"shade": false,
			"rotation": {"angle": 0, "axis": "y", "origin": [8, 9.31441, 8]},
			"faces": {
				"north": {"uv": [0.9375, 12.125, 0.75, 12.5625], "rotation": 90, "texture": "#0"},
				"east": {"uv": [1.5, 12.125, 1.6875, 12.5625], "rotation": 270, "texture": "#0"},
				"south": {"uv": [12.3125, 0.875, 12.125, 1.3125], "rotation": 270, "texture": "#0"},
				"west": {"uv": [1.25, 12.5625, 1.4375, 12.125], "rotation": 270, "texture": "#0"},
				"up": {"uv": [11.8125, 2, 11.375, 2.4375], "rotation": 270, "texture": "#0"},
				"down": {"uv": [11.8125, 0.5, 11.375, 0.9375], "rotation": 270, "texture": "#0"}
			}
		},
		{
			"from": [6.72493, -4.56257, 6.75],
			"to": [9.22493, -3.56257, 9.25],
			"shade": false,
			"rotation": {"angle": 45, "axis": "z", "origin": [7.97493, 9.31441, 8]},
			"faces": {
				"north": {"uv": [2.5, 9.25, 2.375, 9.5625], "rotation": 90, "texture": "#0"},
				"east": {"uv": [12.125, 5.875, 12.25, 6.1875], "rotation": 270, "texture": "#0"},
				"south": {"uv": [10.125, 9.125, 10, 9.4375], "rotation": 270, "texture": "#0"},
				"west": {"uv": [11.125, 8.1875, 11.25, 7.875], "rotation": 270, "texture": "#0"},
				"up": {"uv": [7.9375, 12, 7.625, 12.3125], "rotation": 270, "texture": "#0"},
				"down": {"uv": [12.3125, 7.375, 12, 7.6875], "rotation": 270, "texture": "#0"}
			}
		},
		{
			"from": [6.72493, 22.1914, 6.75],
			"to": [9.22493, 23.1914, 9.25],
			"shade": false,
			"rotation": {"angle": 45, "axis": "z", "origin": [7.97493, 9.31441, 8]},
			"faces": {
				"north": {"uv": [2.375, 9.25, 2.5, 9.5625], "rotation": 90, "texture": "#0"},
				"east": {"uv": [12.25, 5.875, 12.125, 6.1875], "rotation": 270, "texture": "#0"},
				"south": {"uv": [10, 9.125, 10.125, 9.4375], "rotation": 270, "texture": "#0"},
				"west": {"uv": [11.25, 8.1875, 11.125, 7.875], "rotation": 270, "texture": "#0"},
				"up": {"uv": [12, 7.375, 12.3125, 7.6875], "rotation": 270, "texture": "#0"},
				"down": {"uv": [7.625, 12, 7.9375, 12.3125], "rotation": 270, "texture": "#0"}
			}
		},
		{
			"from": [6.72493, -4.56257, 6.75],
			"to": [9.22493, -3.56257, 9.25],
			"shade": false,
			"rotation": {"angle": -45, "axis": "z", "origin": [7.97493, 9.31441, 8]},
			"faces": {
				"north": {"uv": [2.5, 9.25, 2.375, 9.5625], "rotation": 90, "texture": "#0"},
				"east": {"uv": [12.125, 5.875, 12.25, 6.1875], "rotation": 270, "texture": "#0"},
				"south": {"uv": [10.125, 9.125, 10, 9.4375], "rotation": 270, "texture": "#0"},
				"west": {"uv": [11.125, 8.1875, 11.25, 7.875], "rotation": 270, "texture": "#0"},
				"up": {"uv": [7.9375, 12, 7.625, 12.3125], "rotation": 270, "texture": "#0"},
				"down": {"uv": [12.3125, 7.375, 12, 7.6875], "rotation": 270, "texture": "#0"}
			}
		},
		{
			"from": [6.72493, 22.1914, 6.75],
			"to": [9.22493, 23.1914, 9.25],
			"shade": false,
			"rotation": {"angle": -45, "axis": "z", "origin": [7.97493, 9.31441, 8]},
			"faces": {
				"north": {"uv": [2.375, 9.25, 2.5, 9.5625], "rotation": 90, "texture": "#0"},
				"east": {"uv": [12.25, 5.875, 12.125, 6.1875], "rotation": 270, "texture": "#0"},
				"south": {"uv": [10, 9.125, 10.125, 9.4375], "rotation": 270, "texture": "#0"},
				"west": {"uv": [11.25, 8.1875, 11.125, 7.875], "rotation": 270, "texture": "#0"},
				"up": {"uv": [12, 7.375, 12.3125, 7.6875], "rotation": 270, "texture": "#0"},
				"down": {"uv": [7.625, 12, 7.9375, 12.3125], "rotation": 270, "texture": "#0"}
			}
		},
		{
			"from": [7.02507, -8.39809, 7],
			"to": [9.02507, 5.27691, 9],
			"shade": false,
			"rotation": {"angle": 0, "axis": "y", "origin": [8, 9.31441, 8]},
			"faces": {
				"north": {"uv": [5.6875, 2.75, 4, 3], "rotation": 90, "texture": "#0"},
				"east": {"uv": [9.625, 6, 11.3125, 6.25], "rotation": 270, "texture": "#0"},
				"south": {"uv": [11.3125, 0.75, 9.625, 1], "rotation": 270, "texture": "#0"},
				"west": {"uv": [9.625, 3.625, 11.3125, 3.375], "rotation": 270, "texture": "#0"},
				"up": {"uv": [7.5, 11, 7.25, 11.25], "rotation": 270, "texture": "#0"},
				"down": {"uv": [7.75, 10.5, 7.5, 10.75], "rotation": 270, "texture": "#0"}
			}
		},
		{
			"name": "ef",
			"from": [16.74164, 0, 13.99215],
			"to": [21.74164, 8, 13.99215],
			"rotation": {"angle": -22.5, "axis": "y", "origin": [23, 12, 10]},
			"faces": {
				"north": {"uv": [6, 6.5, 0, 16], "texture": "#1"},
				"east": {"uv": [0, 0, 0, 11], "texture": "#1"},
				"south": {"uv": [0, 6.5, 6, 16], "texture": "#1"},
				"west": {"uv": [0, 0, 0, 11], "texture": "#1"},
				"up": {"uv": [0, 0, 0, 9], "rotation": 270, "texture": "#1"},
				"down": {"uv": [0, 0, 0, 9], "rotation": 90, "texture": "#1"}
			}
		},
		{
			"name": "ef",
			"from": [-4.25836, 18, 2.00785],
			"to": [0.74164, 26, 2.00785],
			"rotation": {"angle": 22.5, "axis": "y", "origin": [2, 14, 6]},
			"faces": {
				"north": {"uv": [6, 6.5, 0, 16], "texture": "#1"},
				"east": {"uv": [0, 0, 0, 11], "texture": "#1"},
				"south": {"uv": [0, 6.5, 6, 16], "texture": "#1"},
				"west": {"uv": [0, 0, 0, 11], "texture": "#1"},
				"up": {"uv": [0, 0, 0, 9], "rotation": 270, "texture": "#1"},
				"down": {"uv": [0, 0, 0, 9], "rotation": 90, "texture": "#1"}
			}
		},
		{
			"name": "ef",
			"from": [-4.25836, -4, 2.00785],
			"to": [0.74164, 4, 2.00785],
			"rotation": {"angle": 22.5, "axis": "y", "origin": [2, -8, 6]},
			"faces": {
				"north": {"uv": [6, 6.5, 0, 16], "texture": "#1"},
				"east": {"uv": [0, 0, 0, 11], "texture": "#1"},
				"south": {"uv": [0, 6.5, 6, 16], "texture": "#1"},
				"west": {"uv": [0, 0, 0, 11], "texture": "#1"},
				"up": {"uv": [0, 0, 0, 9], "rotation": 270, "texture": "#1"},
				"down": {"uv": [0, 0, 0, 9], "rotation": 90, "texture": "#1"}
			}
		},
		{
			"name": "ef",
			"from": [14.62132, 8, 2.05025],
			"to": [19.62132, 16, 2.05025],
			"rotation": {"angle": -45, "axis": "y", "origin": [15, 12, 7]},
			"faces": {
				"north": {"uv": [10, 6.5, 16, 16], "texture": "#1"},
				"east": {"uv": [0, 0, 0, 11], "texture": "#1"},
				"south": {"uv": [16, 6.5, 10, 16], "texture": "#1"},
				"west": {"uv": [0, 0, 0, 11], "texture": "#1"},
				"up": {"uv": [0, 9, 0, 0], "rotation": 270, "texture": "#1"},
				"down": {"uv": [0, 9, 0, 0], "rotation": 90, "texture": "#1"}
			}
		},
		{
			"name": "ef",
			"from": [-0.5, 12, 11],
			"to": [4.5, 20, 11],
			"rotation": {"angle": -22.5, "axis": "y", "origin": [2, 16, 11]},
			"faces": {
				"north": {"uv": [16, 6.5, 10, 16], "texture": "#1"},
				"east": {"uv": [0, 0, 0, 11], "texture": "#1"},
				"south": {"uv": [10, 6.5, 16, 16], "texture": "#1"},
				"west": {"uv": [0, 0, 0, 11], "texture": "#1"},
				"up": {"uv": [0, 0, 0, 9], "rotation": 270, "texture": "#1"},
				"down": {"uv": [0, 0, 0, 9], "rotation": 90, "texture": "#1"}
			}
		}
	],
	"gui_light": "front",
	"display": {
		"thirdperson_righthand": {
			"rotation": [0, -90, 0],
			"translation": [3.25, -3, 4],
			"scale": [0.7, 0.7, 0.7]
		},
		"thirdperson_lefthand": {
			"rotation": [0, -90, 0],
			"translation": [3.25, -3, 4],
			"scale": [0.7, 0.7, 0.7]
		},
		"firstperson_righthand": {
			"rotation": [6.85, -3.63, 1.21],
			"translation": [22.25, -12.75, -22.25],
			"scale": [1.28, 1.28, 1.28]
		},
		"firstperson_lefthand": {
			"rotation": [6.85, -3.63, 1.21],
			"translation": [22.25, -12.75, -22.25],
			"scale": [1.28, 1.28, 1.28]
		},
		"ground": {
			"translation": [0, 2.25, 0],
			"scale": [0.39, 0.39, 0.39]
		},
		"gui": {
			"rotation": [-180, 0, -180],
			"translation": [0, -0.5, 0],
			"scale": [0.44, 0.44, 0.44]
		},
		"head": {
			"scale": [0, 0, 0]
		},
		"fixed": {
			"translation": [-0.25, -1.75, -4.75]
		}
	},
	"groups": [
		{
			"name": "swashbuckler_shield",
			"origin": [14.33552, 9.33948, 8],
			"color": 0,
			"nbt": "{}",
			"shade": false,
			"children": [0, 1, 2, 3, 4, 5, 6, 7, 8, 9, 10, 11, 12, 13, 14, 15, 16, 17, 18, 19, 20, 21, 22, 23, 24, 25, 26, 27, 28, 29, 30, 31, 32, 33, 34]
		},
		35,
		36,
		37,
		38,
		39
	]
}