{
	"credit": "Made with Blockbench",
	"texture_size": [64, 64],
	"textures": {
		"0": "item/fire/fire_shield",
		"1": "item/fire/fire_ef_long",
		"particle": "item/fire/fire_shield"
	},
	"elements": [
		{
			"from": [7.5, 2, 7.5],
			"to": [8.5, 8, 8.5],
			"shade": false,
			"rotation": {"angle": 0, "axis": "y", "origin": [9, 5, 7]},
			"faces": {
				"north": {"uv": [4.25, 1.25, 4.5, 2.75], "texture": "#0"},
				"east": {"uv": [4.5, 1.25, 4.25, 2.75], "texture": "#0"},
				"south": {"uv": [4.25, 1.25, 4.5, 2.75], "texture": "#0"},
				"west": {"uv": [4.5, 1.25, 4.25, 2.75], "texture": "#0"}
			}
		},
		{
			"from": [7.5, -2, 7.5],
			"to": [8.5, 2, 8.5],
			"shade": false,
			"rotation": {"angle": 45, "axis": "x", "origin": [9, 2, 8.5]},
			"faces": {
				"north": {"uv": [4.25, 1.25, 4.5, 2.75], "texture": "#0"},
				"east": {"uv": [4.5, 1.25, 4.25, 2.75], "texture": "#0"},
				"south": {"uv": [4.25, 1.25, 4.5, 2.75], "texture": "#0"},
				"west": {"uv": [4.5, 1.25, 4.25, 2.75], "texture": "#0"}
			}
		},
		{
			"from": [6.9734, 2.0146, 7.244],
			"to": [8.2354, 2.7766, 8.756],
			"shade": false,
			"rotation": {"angle": 22.5, "axis": "z", "origin": [7.7294, 2.2706, 8]},
			"faces": {
				"north": {"uv": [5.5, 5, 5.75, 5.25], "texture": "#0"},
				"east": {"uv": [6.25, 5.5, 6.625, 5.75], "texture": "#0"},
				"south": {"uv": [6, 0.75, 6.25, 1], "texture": "#0"},
				"west": {"uv": [6.25, 5.75, 6.625, 6], "texture": "#0"},
				"up": {"uv": [1.75, 6.625, 1.5, 6.25], "texture": "#0"},
				"down": {"uv": [5.25, 6.25, 5, 6.625], "texture": "#0"}
			}
		},
		{
			"from": [7.61332, 2.246, 7.246],
			"to": [8.87132, 3.004, 8.754],
			"shade": false,
			"rotation": {"angle": -22.5, "axis": "z", "origin": [7.61732, 2, 8]},
			"faces": {
				"north": {"uv": [6.25, 1.75, 6.625, 2], "texture": "#0"},
				"east": {"uv": [6.25, 2, 6.625, 2.25], "texture": "#0"},
				"south": {"uv": [6.25, 5, 6.625, 5.25], "texture": "#0"},
				"west": {"uv": [6.25, 5.25, 6.625, 5.5], "texture": "#0"},
				"up": {"uv": [6.375, 2.875, 6, 2.5], "texture": "#0"},
				"down": {"uv": [6.375, 3, 6, 3.375], "texture": "#0"}
			}
		},
		{
			"from": [7.81073, 1.57939, 7],
			"to": [8.53573, 2.30439, 9],
			"shade": false,
			"rotation": {"angle": -45, "axis": "z", "origin": [8.16073, 2.17939, 8]},
			"faces": {
				"north": {"uv": [0, 15.75, 0.25, 16], "texture": "#0"},
				"east": {"uv": [0, 15.75, 0.125, 16], "texture": "#0"},
				"south": {"uv": [0.25, 15.75, 0, 16], "texture": "#0"},
				"west": {"uv": [0.125, 15.75, 0.25, 16], "texture": "#0"},
				"up": {"uv": [0.25, 15.75, 0, 15.875], "texture": "#0"},
				"down": {"uv": [0.25, 15.875, 0, 16], "texture": "#0"}
			}
		},
		{
			"from": [7.55273, 1.07139, 7.242],
			"to": [8.79373, 2.31239, 8.758],
			"shade": false,
			"rotation": {"angle": -45, "axis": "z", "origin": [8.16073, 1.92939, 8]},
			"faces": {
				"north": {"uv": [6.5, 4.75, 6.75, 5], "texture": "#0"},
				"east": {"uv": [6.25, 6, 6.625, 6.25], "texture": "#0"},
				"south": {"uv": [5.25, 6.5, 5.5, 6.75], "texture": "#0"},
				"west": {"uv": [6.25, 6.25, 6.625, 6.5], "texture": "#0"},
				"up": {"uv": [6.75, 0.375, 6.5, 0], "texture": "#0"},
				"down": {"uv": [6.75, 0.75, 6.5, 1.125], "texture": "#0"}
			}
		},
		{
			"from": [6.9734, -0.9854, 5.244],
			"to": [8.2354, -0.2234, 6.756],
			"shade": false,
			"rotation": {"angle": 22.5, "axis": "z", "origin": [7.7294, -0.7294, 6]},
			"faces": {
				"north": {"uv": [5.5, 5, 5.75, 5.25], "texture": "#0"},
				"east": {"uv": [6.25, 5.5, 6.625, 5.75], "texture": "#0"},
				"south": {"uv": [6, 0.75, 6.25, 1], "texture": "#0"},
				"west": {"uv": [6.25, 5.75, 6.625, 6], "texture": "#0"},
				"up": {"uv": [1.75, 6.625, 1.5, 6.25], "texture": "#0"},
				"down": {"uv": [5.25, 6.25, 5, 6.625], "texture": "#0"}
			}
		},
		{
			"from": [7.61332, -0.754, 5.246],
			"to": [8.87132, 0.004, 6.754],
			"shade": false,
			"rotation": {"angle": -22.5, "axis": "z", "origin": [7.61732, -1, 6]},
			"faces": {
				"north": {"uv": [6.25, 1.75, 6.625, 2], "texture": "#0"},
				"east": {"uv": [6.25, 2, 6.625, 2.25], "texture": "#0"},
				"south": {"uv": [6.25, 5, 6.625, 5.25], "texture": "#0"},
				"west": {"uv": [6.25, 5.25, 6.625, 5.5], "texture": "#0"},
				"up": {"uv": [6.375, 2.875, 6, 2.5], "texture": "#0"},
				"down": {"uv": [6.375, 3, 6, 3.375], "texture": "#0"}
			}
		},
		{
			"from": [7.81073, -1.42061, 5],
			"to": [8.53573, -0.69561, 7],
			"shade": false,
			"rotation": {"angle": -45, "axis": "z", "origin": [8.16073, -0.82061, 6]},
			"faces": {
				"north": {"uv": [0, 15.75, 0.25, 16], "texture": "#0"},
				"east": {"uv": [0, 15.75, 0.125, 16], "texture": "#0"},
				"south": {"uv": [0.25, 15.75, 0, 16], "texture": "#0"},
				"west": {"uv": [0.125, 15.75, 0.25, 16], "texture": "#0"},
				"up": {"uv": [0.25, 15.75, 0, 15.875], "texture": "#0"},
				"down": {"uv": [0.25, 15.875, 0, 16], "texture": "#0"}
			}
		},
		{
			"from": [7.55273, -1.92861, 5.242],
			"to": [8.79373, -0.68761, 6.758],
			"shade": false,
			"rotation": {"angle": -45, "axis": "z", "origin": [8.16073, -1.07061, 6]},
			"faces": {
				"north": {"uv": [6.5, 4.75, 6.75, 5], "texture": "#0"},
				"east": {"uv": [6.25, 6, 6.625, 6.25], "texture": "#0"},
				"south": {"uv": [5.25, 6.5, 5.5, 6.75], "texture": "#0"},
				"west": {"uv": [6.25, 6.25, 6.625, 6.5], "texture": "#0"},
				"up": {"uv": [6.75, 0.375, 6.5, 0], "texture": "#0"},
				"down": {"uv": [6.75, 0.75, 6.5, 1.125], "texture": "#0"}
			}
		},
		{
			"from": [6.9734, 7.2234, 7.244],
			"to": [8.2354, 7.9854, 8.756],
			"shade": false,
			"rotation": {"angle": -22.5, "axis": "z", "origin": [7.7294, 7.7294, 8]},
			"faces": {
				"north": {"uv": [5.5, 5.25, 5.75, 5], "texture": "#0"},
				"east": {"uv": [6.25, 5.75, 6.625, 5.5], "texture": "#0"},
				"south": {"uv": [6, 1, 6.25, 0.75], "texture": "#0"},
				"west": {"uv": [6.25, 6, 6.625, 5.75], "texture": "#0"},
				"up": {"uv": [5.25, 6.625, 5, 6.25], "texture": "#0"},
				"down": {"uv": [1.75, 6.25, 1.5, 6.625], "texture": "#0"}
			}
		},
		{
			"from": [7.61332, 6.996, 7.246],
			"to": [8.87132, 7.754, 8.754],
			"shade": false,
			"rotation": {"angle": 22.5, "axis": "z", "origin": [7.61732, 8, 8]},
			"faces": {
				"north": {"uv": [6.25, 2, 6.625, 1.75], "texture": "#0"},
				"east": {"uv": [6.25, 2.25, 6.625, 2], "texture": "#0"},
				"south": {"uv": [6.25, 5.25, 6.625, 5], "texture": "#0"},
				"west": {"uv": [6.25, 5.5, 6.625, 5.25], "texture": "#0"},
				"up": {"uv": [6.375, 3.375, 6, 3], "texture": "#0"},
				"down": {"uv": [6.375, 2.5, 6, 2.875], "texture": "#0"}
			}
		},
		{
			"from": [7.81073, 7.69561, 6],
			"to": [8.53573, 8.42061, 8],
			"shade": false,
			"rotation": {"angle": 45, "axis": "z", "origin": [8.16073, 7.82061, 7]},
			"faces": {
				"north": {"uv": [0, 16, 0.25, 15.75], "texture": "#0"},
				"east": {"uv": [0, 16, 0.125, 15.75], "texture": "#0"},
				"south": {"uv": [0.25, 16, 0, 15.75], "texture": "#0"},
				"west": {"uv": [0.125, 16, 0.25, 15.75], "texture": "#0"},
				"up": {"uv": [0.25, 16, 0, 15.875], "texture": "#0"},
				"down": {"uv": [0.25, 15.875, 0, 15.75], "texture": "#0"}
			}
		},
		{
			"from": [7.55273, 7.68761, 7.242],
			"to": [8.79373, 8.92861, 8.758],
			"shade": false,
			"rotation": {"angle": 45, "axis": "z", "origin": [8.16073, 8.07061, 8]},
			"faces": {
				"north": {"uv": [6.5, 5, 6.75, 4.75], "texture": "#0"},
				"east": {"uv": [6.25, 6.25, 6.625, 6], "texture": "#0"},
				"south": {"uv": [5.25, 6.75, 5.5, 6.5], "texture": "#0"},
				"west": {"uv": [6.25, 6.5, 6.625, 6.25], "texture": "#0"},
				"up": {"uv": [6.75, 1.125, 6.5, 0.75], "texture": "#0"},
				"down": {"uv": [6.75, 0, 6.5, 0.375], "texture": "#0"}
			}
		},
		{
			"from": [6.9734, -5.2354, 4.244],
			"to": [8.2354, -4.4734, 5.756],
			"shade": false,
			"rotation": {"angle": 22.5, "axis": "z", "origin": [7.7294, -4.9794, 5]},
			"faces": {
				"north": {"uv": [5.5, 5, 5.75, 5.25], "texture": "#0"},
				"east": {"uv": [6.25, 5.5, 6.625, 5.75], "texture": "#0"},
				"south": {"uv": [6, 0.75, 6.25, 1], "texture": "#0"},
				"west": {"uv": [6.25, 5.75, 6.625, 6], "texture": "#0"},
				"up": {"uv": [1.75, 6.625, 1.5, 6.25], "texture": "#0"},
				"down": {"uv": [5.25, 6.25, 5, 6.625], "texture": "#0"}
			}
		},
		{
			"from": [7.61332, -5.004, 4.246],
			"to": [8.87132, -4.246, 5.754],
			"shade": false,
			"rotation": {"angle": -22.5, "axis": "z", "origin": [7.61732, -5.25, 5]},
			"faces": {
				"north": {"uv": [6.25, 1.75, 6.625, 2], "texture": "#0"},
				"east": {"uv": [6.25, 2, 6.625, 2.25], "texture": "#0"},
				"south": {"uv": [6.25, 5, 6.625, 5.25], "texture": "#0"},
				"west": {"uv": [6.25, 5.25, 6.625, 5.5], "texture": "#0"},
				"up": {"uv": [6.375, 2.875, 6, 2.5], "texture": "#0"},
				"down": {"uv": [6.375, 3, 6, 3.375], "texture": "#0"}
			}
		},
		{
			"from": [7.81073, -5.67061, 4],
			"to": [8.53573, -4.94561, 6],
			"shade": false,
			"rotation": {"angle": -45, "axis": "z", "origin": [8.16073, -5.07061, 5]},
			"faces": {
				"north": {"uv": [0, 15.75, 0.25, 16], "texture": "#0"},
				"east": {"uv": [0, 15.75, 0.125, 16], "texture": "#0"},
				"south": {"uv": [0.25, 15.75, 0, 16], "texture": "#0"},
				"west": {"uv": [0.125, 15.75, 0.25, 16], "texture": "#0"},
				"up": {"uv": [0.25, 15.75, 0, 15.875], "texture": "#0"},
				"down": {"uv": [0.25, 15.875, 0, 16], "texture": "#0"}
			}
		},
		{
			"from": [7.55273, -6.17861, 4.242],
			"to": [8.79373, -4.93761, 5.758],
			"shade": false,
			"rotation": {"angle": -45, "axis": "z", "origin": [8.16073, -5.32061, 5]},
			"faces": {
				"north": {"uv": [6.5, 4.75, 6.75, 5], "texture": "#0"},
				"east": {"uv": [6.25, 6, 6.625, 6.25], "texture": "#0"},
				"south": {"uv": [5.25, 6.5, 5.5, 6.75], "texture": "#0"},
				"west": {"uv": [6.25, 6.25, 6.625, 6.5], "texture": "#0"},
				"up": {"uv": [6.75, 0.375, 6.5, 0], "texture": "#0"},
				"down": {"uv": [6.75, 0.75, 6.5, 1.125], "texture": "#0"}
			}
		},
		{
			"from": [7.1, -0.39654, 8],
			"to": [8.9, 1.82846, 8],
			"shade": false,
			"rotation": {"angle": 0, "axis": "y", "origin": [8, 0.96596, 8]},
			"faces": {
				"north": {"uv": [1.25, 5, 1.75, 5.5], "texture": "#0"},
				"east": {"uv": [0, 0, 0, 0.5], "texture": "#0"},
				"south": {"uv": [1.75, 5, 1.25, 5.5], "texture": "#0"},
				"west": {"uv": [0, 0, 0, 0.5], "texture": "#0"},
				"up": {"uv": [0.5, 0, 0, 0], "texture": "#0"},
				"down": {"uv": [0.5, 0, 0, 0], "texture": "#0"}
			}
		},
		{
			"from": [6.492, 7.492, 3.992],
			"to": [9.508, 10.458, 6.008],
			"shade": false,
			"rotation": {"angle": 0, "axis": "y", "origin": [7, 7, 4]},
			"faces": {
				"north": {"uv": [2, 1.5, 2.75, 2.25], "texture": "#0"},
				"east": {"uv": [3.5, 4.25, 4, 5], "texture": "#0"},
				"south": {"uv": [2, 2.25, 2.75, 3], "texture": "#0"},
				"west": {"uv": [4, 4.25, 4.5, 5], "texture": "#0"},
				"up": {"uv": [5.25, 1.75, 4.5, 1.25], "texture": "#0"},
				"down": {"uv": [5.25, 1.75, 4.5, 2.25], "texture": "#0"}
			}
		},
		{
			"from": [7.23501, 10.59629, 3.996],
			"to": [8.85801, 11.17929, 6.004],
			"shade": false,
			"rotation": {"angle": -22.5, "axis": "z", "origin": [7.36401, 9.20029, 5]},
			"faces": {
				"north": {"uv": [1.25, 7, 1.625, 7.125], "texture": "#0"},
				"east": {"uv": [6.75, 4, 7.25, 4.125], "texture": "#0"},
				"south": {"uv": [7, 2, 7.375, 2.125], "texture": "#0"},
				"west": {"uv": [6.75, 4.25, 7.25, 4.375], "texture": "#0"},
				"up": {"uv": [3.875, 6, 3.5, 5.5], "texture": "#0"},
				"down": {"uv": [5.875, 3.5, 5.5, 4], "texture": "#0"}
			}
		},
		{
			"from": [7.14522, 10.60412, 4],
			"to": [8.76022, 11.17912, 6],
			"shade": false,
			"rotation": {"angle": 22.5, "axis": "z", "origin": [8.64522, 9.20412, 5]},
			"faces": {
				"north": {"uv": [7, 2.25, 7.375, 2.375], "texture": "#0"},
				"east": {"uv": [6.75, 4.5, 7.25, 4.625], "texture": "#0"},
				"south": {"uv": [2.75, 7, 3.125, 7.125], "texture": "#0"},
				"west": {"uv": [6.75, 4.75, 7.25, 4.875], "texture": "#0"},
				"up": {"uv": [4.375, 6, 4, 5.5], "texture": "#0"},
				"down": {"uv": [5.875, 4, 5.5, 4.5], "texture": "#0"}
			}
		},
		{
			"from": [7.14522, 6.77088, 4],
			"to": [8.76022, 7.34588, 6],
			"shade": false,
			"rotation": {"angle": -22.5, "axis": "z", "origin": [8.64522, 8.74588, 5]},
			"faces": {
				"north": {"uv": [7, 3.25, 7.375, 3.375], "texture": "#0"},
				"east": {"uv": [6.75, 5.25, 7.25, 5.375], "texture": "#0"},
				"south": {"uv": [7, 3.5, 7.375, 3.625], "texture": "#0"},
				"west": {"uv": [5.5, 6.75, 6, 6.875], "texture": "#0"},
				"up": {"uv": [6.125, 0.5, 5.75, 0], "texture": "#0"},
				"down": {"uv": [6.125, 1, 5.75, 1.5], "texture": "#0"}
			}
		},
		{
			"from": [7.23301, 6.76871, 3.994],
			"to": [8.86001, 7.35571, 6.006],
			"shade": false,
			"rotation": {"angle": 22.5, "axis": "z", "origin": [7.36401, 8.74971, 5]},
			"faces": {
				"north": {"uv": [7, 3, 7.375, 3.125], "texture": "#0"},
				"east": {"uv": [5, 6.75, 5.5, 6.875], "texture": "#0"},
				"south": {"uv": [3.25, 7, 3.625, 7.125], "texture": "#0"},
				"west": {"uv": [6.75, 5, 7.25, 5.125], "texture": "#0"},
				"up": {"uv": [4.875, 6, 4.5, 5.5], "texture": "#0"},
				"down": {"uv": [5.875, 4.5, 5.5, 5], "texture": "#0"}
			}
		},
		{
			"from": [6.242, -2.958, 4.742],
			"to": [9.758, 8.558, 5.258],
			"shade": false,
			"rotation": {"angle": 0, "axis": "y", "origin": [7, 17, 4]},
			"faces": {
				"north": {"uv": [0, 4.125, 0.875, 0], "texture": "#0"},
				"east": {"uv": [2.75, 5.625, 2.875, 1.5], "texture": "#0"},
				"south": {"uv": [1, 4.125, 1.875, 0], "texture": "#0"},
				"west": {"uv": [3, 4.125, 3.125, 0], "texture": "#0"},
				"up": {"uv": [7.125, 1.625, 6.25, 1.5], "texture": "#0"},
				"down": {"uv": [7.125, 1.25, 6.25, 1.375], "texture": "#0"}
			}
		},
		{
			"from": [11.12782, 1.042, 4.16797],
			"to": [12.14382, 9.558, 4.68397],
			"shade": false,
			"rotation": {"angle": -22.5, "axis": "y", "origin": [9.75, 7, 4.75]},
			"faces": {
				"north": {"uv": [8.25, 2.125, 8.5, 0], "texture": "#0"},
				"east": {"uv": [8.125, 2.125, 8.25, 0], "texture": "#0"},
				"south": {"uv": [8.5, 2.125, 8.25, 0], "texture": "#0"},
				"west": {"uv": [8.125, 2.125, 8.25, 0], "texture": "#0"},
				"up": {"uv": [7, 1.25, 7.25, 1.125], "texture": "#0"},
				"down": {"uv": [7, 1.25, 7.25, 1.125], "texture": "#0"}
			}
		},
		{
			"from": [9.742, -1.958, 4.742],
			"to": [11.258, 9.558, 5.258],
			"shade": false,
			"rotation": {"angle": 0, "axis": "y", "origin": [9.75, 7, 4.75]},
			"faces": {
				"north": {"uv": [7.625, 2.875, 8, 0], "texture": "#0"},
				"east": {"uv": [7.5, 2.875, 7.625, 0], "texture": "#0"},
				"south": {"uv": [8, 2.875, 7.625, 0], "texture": "#0"},
				"west": {"uv": [7.5, 2.875, 7.625, 0], "texture": "#0"},
				"up": {"uv": [7.125, 0.75, 7.5, 0.625], "texture": "#0"},
				"down": {"uv": [7.125, 0.75, 7.5, 0.625], "texture": "#0"}
			}
		},
		{
			"from": [3.85618, 1.042, 4.16797],
			"to": [4.87218, 9.558, 4.68397],
			"shade": false,
			"rotation": {"angle": 22.5, "axis": "y", "origin": [6.25, 7, 4.75]},
			"faces": {
				"north": {"uv": [8.5, 2.125, 8.25, 0], "texture": "#0"},
				"east": {"uv": [8.25, 2.125, 8.125, 0], "texture": "#0"},
				"south": {"uv": [8.25, 2.125, 8.5, 0], "texture": "#0"},
				"west": {"uv": [8.25, 2.125, 8.125, 0], "texture": "#0"},
				"up": {"uv": [7.25, 1.25, 7, 1.125], "texture": "#0"},
				"down": {"uv": [7.25, 1.25, 7, 1.125], "texture": "#0"}
			}
		},
		{
			"from": [4.742, -1.958, 4.742],
			"to": [6.258, 9.558, 5.258],
			"shade": false,
			"rotation": {"angle": 0, "axis": "y", "origin": [6.25, 7, 4.75]},
			"faces": {
				"north": {"uv": [8, 2.875, 7.625, 0], "texture": "#0"},
				"east": {"uv": [7.625, 2.875, 7.5, 0], "texture": "#0"},
				"south": {"uv": [7.625, 2.875, 8, 0], "texture": "#0"},
				"west": {"uv": [7.625, 2.875, 7.5, 0], "texture": "#0"},
				"up": {"uv": [7.5, 0.75, 7.125, 0.625], "texture": "#0"},
				"down": {"uv": [7.5, 0.75, 7.125, 0.625], "texture": "#0"}
			}
		},
		{
			"from": [7.82547, -4.55736, 4.744],
			"to": [9.68747, -2.54536, 5.256],
			"shade": false,
			"rotation": {"angle": -22.5, "axis": "z", "origin": [8.80647, -3.55136, 5]},
			"faces": {
				"north": {"uv": [3.5, 5.5, 4, 5], "texture": "#0"},
				"east": {"uv": [6.75, 1.25, 6.875, 0.75], "texture": "#0"},
				"south": {"uv": [4, 5.5, 4.5, 5], "texture": "#0"},
				"west": {"uv": [1, 7.25, 1.125, 6.75], "texture": "#0"},
				"up": {"uv": [7.25, 1.875, 6.75, 1.75], "texture": "#0"},
				"down": {"uv": [1.75, 6.75, 1.25, 6.875], "texture": "#0"}
			}
		},
		{
			"from": [6.31453, -4.55536, 4.746],
			"to": [8.17253, -2.54736, 5.254],
			"shade": false,
			"rotation": {"angle": 22.5, "axis": "z", "origin": [7.19353, -3.55136, 5]},
			"faces": {
				"north": {"uv": [5, 5.25, 5.5, 4.75], "texture": "#0"},
				"east": {"uv": [1.75, 7.25, 1.875, 6.75], "texture": "#0"},
				"south": {"uv": [5.25, 0.5, 5.75, 0], "texture": "#0"},
				"west": {"uv": [6.75, 2.5, 6.875, 2], "texture": "#0"},
				"up": {"uv": [7.25, 2.875, 6.75, 2.75], "texture": "#0"},
				"down": {"uv": [7.25, 2.5, 6.75, 2.625], "texture": "#0"}
			}
		},
		{
			"from": [7.05126, -5.61918, 4.75],
			"to": [8.78626, -3.88418, 5.25],
			"shade": false,
			"rotation": {"angle": -45, "axis": "z", "origin": [7.87626, -4.88418, 5]},
			"faces": {
				"north": {"uv": [3.5, 6.375, 3.875, 6], "texture": "#0"},
				"east": {"uv": [6.75, 5.875, 6.875, 5.5], "texture": "#0"},
				"south": {"uv": [6, 3.875, 6.375, 3.5], "texture": "#0"},
				"west": {"uv": [6, 7.125, 6.125, 6.75], "texture": "#0"},
				"up": {"uv": [7.125, 6.375, 6.75, 6.25], "texture": "#0"},
				"down": {"uv": [7.125, 6, 6.75, 6.125], "texture": "#0"}
			}
		},
		{
			"from": [6.992, 7.942, 3.492],
			"to": [9.008, 9.958, 6.508],
			"shade": false,
			"rotation": {"angle": 45, "axis": "z", "origin": [8, 8.95, 5]},
			"faces": {
				"north": {"uv": [5, 2.75, 5.5, 3.25], "texture": "#0"},
				"east": {"uv": [4.5, 3.75, 5.25, 4.25], "texture": "#0"},
				"south": {"uv": [5, 3.25, 5.5, 3.75], "texture": "#0"},
				"west": {"uv": [4.5, 4.25, 5.25, 4.75], "texture": "#0"},
				"up": {"uv": [0.75, 5.5, 0.25, 4.75], "texture": "#0"},
				"down": {"uv": [1.25, 4.75, 0.75, 5.5], "texture": "#0"}
			}
		},
		{
			"from": [3.14415, 8.2625, 3.994],
			"to": [7.15615, 11.0245, 6.006],
			"shade": false,
			"rotation": {"angle": -22.5, "axis": "z", "origin": [6.15015, 9.7685, 5]},
			"faces": {
				"north": {"uv": [2, 0, 3, 0.75], "texture": "#0"},
				"east": {"uv": [4.5, 2.25, 5, 3], "texture": "#0"},
				"south": {"uv": [2, 0.75, 3, 1.5], "texture": "#0"},
				"west": {"uv": [4.5, 3, 5, 3.75], "texture": "#0"},
				"up": {"uv": [5.25, 0.5, 4.25, 0], "texture": "#0"},
				"down": {"uv": [1.25, 4.25, 0.25, 4.75], "texture": "#0"}
			}
		},
		{
			"from": [1.4091, 11.17976, 4.5],
			"to": [2.2741, 13.25476, 5.5],
			"shade": false,
			"rotation": {"angle": -22.5, "axis": "z", "origin": [2.4091, 12.05476, 5]},
			"faces": {
				"north": {"uv": [6, 5, 6.25, 5.5], "texture": "#0"},
				"east": {"uv": [5.25, 6, 5.5, 6.5], "texture": "#0"},
				"south": {"uv": [5.5, 6, 5.75, 6.5], "texture": "#0"},
				"west": {"uv": [6, 5.5, 6.25, 6], "texture": "#0"},
				"up": {"uv": [0.5, 7, 0.25, 6.75], "texture": "#0"},
				"down": {"uv": [0.75, 6.75, 0.5, 7], "texture": "#0"}
			}
		},
		{
			"from": [2.80336, 9.5314, 4],
			"to": [3.85686, 12.0714, 6],
			"shade": false,
			"rotation": {"angle": 0, "axis": "y", "origin": [3.41086, 11.0439, 4.5]},
			"faces": {
				"north": {"uv": [0.75, 6, 1, 6.625], "texture": "#0"},
				"east": {"uv": [4.5, 4.75, 5, 5.375], "texture": "#0"},
				"south": {"uv": [1, 6, 1.25, 6.625], "texture": "#0"},
				"west": {"uv": [5, 0.5, 5.5, 1.125], "texture": "#0"},
				"up": {"uv": [6.25, 6.5, 6, 6], "texture": "#0"},
				"down": {"uv": [6.5, 0, 6.25, 0.5], "texture": "#0"}
			}
		},
		{
			"from": [1.57598, 10.4047, 4.494],
			"to": [4.08798, 12.6667, 5.506],
			"shade": false,
			"rotation": {"angle": -45, "axis": "z", "origin": [2.83198, 11.5357, 5]},
			"faces": {
				"north": {"uv": [4.25, 0.5, 4.875, 1.125], "texture": "#0"},
				"east": {"uv": [5.75, 5, 6, 5.625], "texture": "#0"},
				"south": {"uv": [1.25, 4.25, 1.875, 4.875], "texture": "#0"},
				"west": {"uv": [5.75, 5.75, 6, 6.375], "texture": "#0"},
				"up": {"uv": [6.375, 2.5, 5.75, 2.25], "texture": "#0"},
				"down": {"uv": [6.625, 0.5, 6, 0.75], "texture": "#0"}
			}
		},
		{
			"from": [5.01615, 10.08007, 4.5],
			"to": [6.06615, 12.53007, 5.5],
			"shade": false,
			"rotation": {"angle": 45, "axis": "z", "origin": [5.19115, 10.95507, 5]},
			"faces": {
				"north": {"uv": [5.75, 1.5, 6, 2.125], "texture": "#0"},
				"east": {"uv": [2.75, 5.75, 3, 6.375], "texture": "#0"},
				"south": {"uv": [3, 5.75, 3.25, 6.375], "texture": "#0"},
				"west": {"uv": [3.25, 5.75, 3.5, 6.375], "texture": "#0"},
				"up": {"uv": [7, 0.75, 6.75, 0.5], "texture": "#0"},
				"down": {"uv": [1, 6.75, 0.75, 7], "texture": "#0"}
			}
		},
		{
			"from": [6.06615, 10.47505, 4.5],
			"to": [7.11615, 14.42505, 5.5],
			"shade": false,
			"rotation": {"angle": 22.5, "axis": "z", "origin": [6.59115, 11.45005, 5]},
			"faces": {
				"north": {"uv": [1.75, 5, 2, 6], "texture": "#0"},
				"east": {"uv": [5.25, 1.25, 5.5, 2.25], "texture": "#0"},
				"south": {"uv": [5.25, 3.75, 5.5, 4.75], "texture": "#0"},
				"west": {"uv": [5, 5.25, 5.25, 6.25], "texture": "#0"},
				"up": {"uv": [7, 3.25, 6.75, 3], "texture": "#0"},
				"down": {"uv": [7, 3.25, 6.75, 3.5], "texture": "#0"}
			}
		},
		{
			"from": [5.63164, 13.13541, 4.246],
			"to": [6.68964, 15.34341, 5.754],
			"shade": false,
			"rotation": {"angle": 45, "axis": "z", "origin": [6.16064, 13.98941, 5]},
			"faces": {
				"north": {"uv": [0.25, 6.25, 0.5, 6.75], "texture": "#0"},
				"east": {"uv": [5.5, 0.5, 5.875, 1], "texture": "#0"},
				"south": {"uv": [0.5, 6.25, 0.75, 6.75], "texture": "#0"},
				"west": {"uv": [0.75, 5.5, 1.125, 6], "texture": "#0"},
				"up": {"uv": [6.75, 2.625, 6.5, 2.25], "texture": "#0"},
				"down": {"uv": [3, 6.5, 2.75, 6.875], "texture": "#0"}
			}
		},
		{
			"from": [4.83527, 14.57324, 4.25],
			"to": [5.57727, 15.31524, 5.75],
			"shade": false,
			"rotation": {"angle": 0, "axis": "y", "origin": [5.06027, 14.19824, 5]},
			"faces": {
				"north": {"uv": [7, 7, 7.125, 7.125], "texture": "#0"},
				"east": {"uv": [0.25, 7, 0.625, 7.125], "texture": "#0"},
				"south": {"uv": [7.25, 0, 7.375, 0.125], "texture": "#0"},
				"west": {"uv": [7, 0.5, 7.375, 0.625], "texture": "#0"},
				"up": {"uv": [0.875, 7.375, 0.75, 7], "texture": "#0"},
				"down": {"uv": [7.125, 0.75, 7, 1.125], "texture": "#0"}
			}
		},
		{
			"from": [6.07691, 12.0536, 4.244],
			"to": [7.13891, 13.7656, 5.756],
			"shade": false,
			"rotation": {"angle": 0, "axis": "y", "origin": [6.60791, 12.6596, 5]},
			"faces": {
				"north": {"uv": [6.5, 2.75, 6.75, 3.125], "texture": "#0"},
				"east": {"uv": [4, 6, 4.375, 6.375], "texture": "#0"},
				"south": {"uv": [3, 6.5, 3.25, 6.875], "texture": "#0"},
				"west": {"uv": [6, 4, 6.375, 4.375], "texture": "#0"},
				"up": {"uv": [3.5, 6.875, 3.25, 6.5], "texture": "#0"},
				"down": {"uv": [6.75, 3.25, 6.5, 3.625], "texture": "#0"}
			}
		},
		{
			"from": [6.36023, 10.61721, 4.242],
			"to": [7.42623, 12.33321, 5.758],
			"shade": false,
			"rotation": {"angle": 22.5, "axis": "z", "origin": [6.89323, 11.47521, 5]},
			"faces": {
				"north": {"uv": [4.25, 6.5, 4.5, 6.875], "texture": "#0"},
				"east": {"uv": [4.5, 6, 4.875, 6.375], "texture": "#0"},
				"south": {"uv": [6.5, 4.25, 6.75, 4.625], "texture": "#0"},
				"west": {"uv": [6, 4.5, 6.375, 4.875], "texture": "#0"},
				"up": {"uv": [4.75, 6.875, 4.5, 6.5], "texture": "#0"},
				"down": {"uv": [5, 6.5, 4.75, 6.875], "texture": "#0"}
			}
		},
		{
			"from": [13.7259, 11.17976, 4.5],
			"to": [14.5909, 13.25476, 5.5],
			"shade": false,
			"rotation": {"angle": 22.5, "axis": "z", "origin": [13.5909, 12.05476, 5]},
			"faces": {
				"north": {"uv": [6.25, 5, 6, 5.5], "texture": "#0"},
				"east": {"uv": [6.25, 5.5, 6, 6], "texture": "#0"},
				"south": {"uv": [5.75, 6, 5.5, 6.5], "texture": "#0"},
				"west": {"uv": [5.5, 6, 5.25, 6.5], "texture": "#0"},
				"up": {"uv": [0.25, 7, 0.5, 6.75], "texture": "#0"},
				"down": {"uv": [0.5, 6.75, 0.75, 7], "texture": "#0"}
			}
		},
		{
			"from": [11.91202, 10.4047, 4.494],
			"to": [14.42402, 12.6667, 5.506],
			"shade": false,
			"rotation": {"angle": 45, "axis": "z", "origin": [13.16802, 11.5357, 5]},
			"faces": {
				"north": {"uv": [4.875, 0.5, 4.25, 1.125], "texture": "#0"},
				"east": {"uv": [6, 5.75, 5.75, 6.375], "texture": "#0"},
				"south": {"uv": [1.875, 4.25, 1.25, 4.875], "texture": "#0"},
				"west": {"uv": [6, 5, 5.75, 5.625], "texture": "#0"},
				"up": {"uv": [5.75, 2.5, 6.375, 2.25], "texture": "#0"},
				"down": {"uv": [6, 0.5, 6.625, 0.75], "texture": "#0"}
			}
		},
		{
			"from": [12.14314, 9.5314, 4],
			"to": [13.19664, 12.0714, 6],
			"shade": false,
			"rotation": {"angle": 0, "axis": "y", "origin": [12.58914, 11.0439, 4.5]},
			"faces": {
				"north": {"uv": [1, 6, 0.75, 6.625], "texture": "#0"},
				"east": {"uv": [5.5, 0.5, 5, 1.125], "texture": "#0"},
				"south": {"uv": [1.25, 6, 1, 6.625], "texture": "#0"},
				"west": {"uv": [5, 4.75, 4.5, 5.375], "texture": "#0"},
				"up": {"uv": [6, 6.5, 6.25, 6], "texture": "#0"},
				"down": {"uv": [6.25, 0, 6.5, 0.5], "texture": "#0"}
			}
		},
		{
			"from": [8.84385, 8.2625, 3.994],
			"to": [12.85585, 11.0245, 6.006],
			"shade": false,
			"rotation": {"angle": 22.5, "axis": "z", "origin": [9.84985, 9.7685, 5]},
			"faces": {
				"north": {"uv": [3, 0, 2, 0.75], "texture": "#0"},
				"east": {"uv": [5, 3, 4.5, 3.75], "texture": "#0"},
				"south": {"uv": [3, 0.75, 2, 1.5], "texture": "#0"},
				"west": {"uv": [5, 2.25, 4.5, 3], "texture": "#0"},
				"up": {"uv": [4.25, 0.5, 5.25, 0], "texture": "#0"},
				"down": {"uv": [0.25, 4.25, 1.25, 4.75], "texture": "#0"}
			}
		},
		{
			"from": [9.93385, 10.08007, 4.5],
			"to": [10.98385, 12.53007, 5.5],
			"shade": false,
			"rotation": {"angle": -45, "axis": "z", "origin": [10.80885, 10.95507, 5]},
			"faces": {
				"north": {"uv": [6, 1.5, 5.75, 2.125], "texture": "#0"},
				"east": {"uv": [3.5, 5.75, 3.25, 6.375], "texture": "#0"},
				"south": {"uv": [3.25, 5.75, 3, 6.375], "texture": "#0"},
				"west": {"uv": [3, 5.75, 2.75, 6.375], "texture": "#0"},
				"up": {"uv": [6.75, 0.75, 7, 0.5], "texture": "#0"},
				"down": {"uv": [0.75, 6.75, 1, 7], "texture": "#0"}
			}
		},
		{
			"from": [8.57377, 10.61721, 4.242],
			"to": [9.63977, 12.33321, 5.758],
			"shade": false,
			"rotation": {"angle": -22.5, "axis": "z", "origin": [9.10677, 11.47521, 5]},
			"faces": {
				"north": {"uv": [4.5, 6.5, 4.25, 6.875], "texture": "#0"},
				"east": {"uv": [6.375, 4.5, 6, 4.875], "texture": "#0"},
				"south": {"uv": [6.75, 4.25, 6.5, 4.625], "texture": "#0"},
				"west": {"uv": [4.875, 6, 4.5, 6.375], "texture": "#0"},
				"up": {"uv": [4.5, 6.875, 4.75, 6.5], "texture": "#0"},
				"down": {"uv": [4.75, 6.5, 5, 6.875], "texture": "#0"}
			}
		},
		{
			"from": [8.86109, 12.0536, 4.244],
			"to": [9.92309, 13.7656, 5.756],
			"shade": false,
			"rotation": {"angle": 0, "axis": "y", "origin": [9.39209, 12.6596, 5]},
			"faces": {
				"north": {"uv": [6.75, 2.75, 6.5, 3.125], "texture": "#0"},
				"east": {"uv": [6.375, 4, 6, 4.375], "texture": "#0"},
				"south": {"uv": [3.25, 6.5, 3, 6.875], "texture": "#0"},
				"west": {"uv": [4.375, 6, 4, 6.375], "texture": "#0"},
				"up": {"uv": [3.25, 6.875, 3.5, 6.5], "texture": "#0"},
				"down": {"uv": [6.5, 3.25, 6.75, 3.625], "texture": "#0"}
			}
		},
		{
			"from": [8.88385, 10.47505, 4.5],
			"to": [9.93385, 14.42505, 5.5],
			"shade": false,
			"rotation": {"angle": -22.5, "axis": "z", "origin": [9.40885, 11.45005, 5]},
			"faces": {
				"north": {"uv": [2, 5, 1.75, 6], "texture": "#0"},
				"east": {"uv": [5.25, 5.25, 5, 6.25], "texture": "#0"},
				"south": {"uv": [5.5, 3.75, 5.25, 4.75], "texture": "#0"},
				"west": {"uv": [5.5, 1.25, 5.25, 2.25], "texture": "#0"},
				"up": {"uv": [6.75, 3.25, 7, 3], "texture": "#0"},
				"down": {"uv": [6.75, 3.25, 7, 3.5], "texture": "#0"}
			}
		},
		{
			"from": [9.31036, 13.13541, 4.246],
			"to": [10.36836, 15.34341, 5.754],
			"shade": false,
			"rotation": {"angle": -45, "axis": "z", "origin": [9.83936, 13.98941, 5]},
			"faces": {
				"north": {"uv": [0.5, 6.25, 0.25, 6.75], "texture": "#0"},
				"east": {"uv": [1.125, 5.5, 0.75, 6], "texture": "#0"},
				"south": {"uv": [0.75, 6.25, 0.5, 6.75], "texture": "#0"},
				"west": {"uv": [5.875, 0.5, 5.5, 1], "texture": "#0"},
				"up": {"uv": [6.5, 2.625, 6.75, 2.25], "texture": "#0"},
				"down": {"uv": [2.75, 6.5, 3, 6.875], "texture": "#0"}
			}
		},
		{
			"from": [10.42273, 14.57324, 4.25],
			"to": [11.16473, 15.31524, 5.75],
			"shade": false,
			"rotation": {"angle": 0, "axis": "y", "origin": [10.93973, 14.19824, 5]},
			"faces": {
				"north": {"uv": [7.125, 7, 7, 7.125], "texture": "#0"},
				"east": {"uv": [7.375, 0.5, 7, 0.625], "texture": "#0"},
				"south": {"uv": [7.375, 0, 7.25, 0.125], "texture": "#0"},
				"west": {"uv": [0.625, 7, 0.25, 7.125], "texture": "#0"},
				"up": {"uv": [0.75, 7.375, 0.875, 7], "texture": "#0"},
				"down": {"uv": [7, 0.75, 7.125, 1.125], "texture": "#0"}
			}
		},
		{
			"from": [8.67265, -5.1751, 4.242],
			"to": [10.38865, -4.1091, 5.758],
			"shade": false,
			"rotation": {"angle": 45, "axis": "z", "origin": [8.60677, -5.02479, 5]},
			"faces": {
				"north": {"uv": [4.5, 6.5, 4.25, 6.875], "rotation": 270, "texture": "#0"},
				"east": {"uv": [4.5, 6.875, 4.75, 6.5], "rotation": 90, "texture": "#0"},
				"south": {"uv": [6.75, 4.25, 6.5, 4.625], "rotation": 90, "texture": "#0"},
				"west": {"uv": [4.75, 6.5, 5, 6.875], "rotation": 90, "texture": "#0"},
				"up": {"uv": [4.875, 6, 4.5, 6.375], "rotation": 90, "texture": "#0"},
				"down": {"uv": [6.375, 4.5, 6, 4.875], "rotation": 90, "texture": "#0"}
			}
		},
		{
			"from": [8.36109, -3.4464, 4.244],
			"to": [9.42309, -1.7344, 5.756],
			"shade": false,
			"rotation": {"angle": -22.5, "axis": "z", "origin": [8.60677, -5.02479, 5]},
			"faces": {
				"north": {"uv": [6.75, 2.75, 6.5, 3.125], "texture": "#0"},
				"east": {"uv": [6.375, 4, 6, 4.375], "texture": "#0"},
				"south": {"uv": [3.25, 6.5, 3, 6.875], "texture": "#0"},
				"west": {"uv": [4.375, 6, 4, 6.375], "texture": "#0"},
				"up": {"uv": [3.25, 6.875, 3.5, 6.5], "texture": "#0"},
				"down": {"uv": [6.5, 3.25, 6.75, 3.625], "texture": "#0"}
			}
		},
		{
			"from": [8.35909, -1.7484, 4.342],
			"to": [9.42509, 0.7676, 5.658],
			"shade": false,
			"rotation": {"angle": -22.5, "axis": "z", "origin": [8.60677, -5.02479, 5]},
			"faces": {
				"north": {"uv": [6.25, 1.5, 6, 2.125], "texture": "#0"},
				"east": {"uv": [0.625, 5.5, 0.25, 6.125], "texture": "#0"},
				"south": {"uv": [2, 6, 1.75, 6.625], "texture": "#0"},
				"west": {"uv": [5.625, 5.25, 5.25, 5.875], "texture": "#0"},
				"up": {"uv": [3.5, 6.875, 3.75, 6.5], "texture": "#0"},
				"down": {"uv": [3.75, 6.5, 4, 6.875], "texture": "#0"}
			}
		},
		{
			"from": [13.85313, -3.64576, 4.344],
			"to": [16.06513, -2.58376, 5.656],
			"shade": false,
			"rotation": {"angle": 45, "axis": "z", "origin": [8.60677, -5.02479, 5]},
			"faces": {
				"north": {"uv": [6.5, 0.75, 6.25, 1.25], "rotation": 270, "texture": "#0"},
				"east": {"uv": [6.5, 4.125, 6.75, 3.75], "rotation": 90, "texture": "#0"},
				"south": {"uv": [1.5, 6.25, 1.25, 6.75], "rotation": 90, "texture": "#0"},
				"west": {"uv": [4, 6.5, 4.25, 6.875], "rotation": 90, "texture": "#0"},
				"up": {"uv": [5.875, 2.5, 5.5, 3], "rotation": 90, "texture": "#0"},
				"down": {"uv": [5.875, 3, 5.5, 3.5], "rotation": 90, "texture": "#0"}
			}
		},
		{
			"from": [12.15456, 1.22465, 4.35],
			"to": [12.89656, 1.96665, 5.65],
			"shade": false,
			"rotation": {"angle": 0, "axis": "y", "origin": [8.60677, -5.02479, 5]},
			"faces": {
				"north": {"uv": [5.875, 7, 5.75, 7.125], "texture": "#0"},
				"east": {"uv": [7.125, 6.75, 6.75, 6.875], "texture": "#0"},
				"south": {"uv": [7.125, 5.75, 7, 5.875], "texture": "#0"},
				"west": {"uv": [7.125, 6.5, 6.75, 6.625], "texture": "#0"},
				"up": {"uv": [6.25, 7.125, 6.375, 6.75], "texture": "#0"},
				"down": {"uv": [7, 0, 7.125, 0.375], "texture": "#0"}
			}
		},
		{
			"from": [8.648, -5.45581, 4.5],
			"to": [12.598, -4.40581, 5.5],
			"shade": false,
			"rotation": {"angle": 45, "axis": "z", "origin": [8.60677, -5.02479, 5]},
			"faces": {
				"north": {"uv": [2, 5, 1.75, 6], "rotation": 270, "texture": "#0"},
				"east": {"uv": [6.75, 3.25, 7, 3], "rotation": 90, "texture": "#0"},
				"south": {"uv": [5.5, 3.75, 5.25, 4.75], "rotation": 90, "texture": "#0"},
				"west": {"uv": [6.75, 3.25, 7, 3.5], "rotation": 90, "texture": "#0"},
				"up": {"uv": [5.5, 1.25, 5.25, 2.25], "rotation": 90, "texture": "#0"},
				"down": {"uv": [5.25, 5.25, 5, 6.25], "rotation": 90, "texture": "#0"}
			}
		},
		{
			"from": [10.75571, -3.58689, 4.246],
			"to": [12.96371, -2.52889, 5.754],
			"shade": false,
			"rotation": {"angle": 22.5, "axis": "z", "origin": [8.60677, -5.02479, 5]},
			"faces": {
				"north": {"uv": [0.5, 6.25, 0.25, 6.75], "rotation": 270, "texture": "#0"},
				"east": {"uv": [6.5, 2.625, 6.75, 2.25], "rotation": 90, "texture": "#0"},
				"south": {"uv": [0.75, 6.25, 0.5, 6.75], "rotation": 90, "texture": "#0"},
				"west": {"uv": [2.75, 6.5, 3, 6.875], "rotation": 90, "texture": "#0"},
				"up": {"uv": [5.875, 0.5, 5.5, 1], "rotation": 90, "texture": "#0"},
				"down": {"uv": [1.125, 5.5, 0.75, 6], "rotation": 90, "texture": "#0"}
			}
		},
		{
			"from": [9.92273, -0.92676, 4.25],
			"to": [10.66473, -0.18476, 5.75],
			"shade": false,
			"rotation": {"angle": -22.5, "axis": "z", "origin": [8.60677, -5.02479, 5]},
			"faces": {
				"north": {"uv": [7.125, 7, 7, 7.125], "texture": "#0"},
				"east": {"uv": [7.375, 0.5, 7, 0.625], "texture": "#0"},
				"south": {"uv": [7.375, 0, 7.25, 0.125], "texture": "#0"},
				"west": {"uv": [0.625, 7, 0.25, 7.125], "texture": "#0"},
				"up": {"uv": [0.75, 7.375, 0.875, 7], "texture": "#0"},
				"down": {"uv": [7, 0.75, 7.125, 1.125], "texture": "#0"}
			}
		},
		{
			"from": [11.54543, -4.40047, 4.496],
			"to": [14.55343, -3.54247, 5.504],
			"shade": false,
			"rotation": {"angle": 45, "axis": "z", "origin": [8.60677, -5.02479, 5]},
			"faces": {
				"north": {"uv": [5.75, 1, 5.5, 1.75], "rotation": 270, "texture": "#0"},
				"east": {"uv": [6.75, 3.75, 7, 3.5], "rotation": 90, "texture": "#0"},
				"south": {"uv": [1.75, 5.5, 1.5, 6.25], "rotation": 90, "texture": "#0"},
				"west": {"uv": [6.75, 3.75, 7, 4], "rotation": 90, "texture": "#0"},
				"up": {"uv": [1.5, 5.5, 1.25, 6.25], "rotation": 90, "texture": "#0"},
				"down": {"uv": [5.75, 1.75, 5.5, 2.5], "rotation": 90, "texture": "#0"}
			}
		},
		{
			"from": [11.81458, -0.37841, 4.5],
			"to": [12.36458, 0.22159, 5.5],
			"shade": false,
			"rotation": {"angle": 0, "axis": "y", "origin": [8.60677, -5.02479, 5]},
			"faces": {
				"north": {"uv": [6.625, 7, 6.5, 7.125], "texture": "#0"},
				"east": {"uv": [7.25, 3.75, 7, 3.875], "texture": "#0"},
				"south": {"uv": [6.875, 7, 6.75, 7.125], "texture": "#0"},
				"west": {"uv": [4, 7, 3.75, 7.125], "texture": "#0"},
				"up": {"uv": [4, 7.25, 4.125, 7], "texture": "#0"},
				"down": {"uv": [4.25, 7, 4.375, 7.25], "texture": "#0"}
			}
		},
		{
			"from": [5.61135, -5.1751, 4.242],
			"to": [7.32735, -4.1091, 5.758],
			"shade": false,
			"rotation": {"angle": -45, "axis": "z", "origin": [7.39323, -5.02479, 5]},
			"faces": {
				"north": {"uv": [4.5, 6.875, 4.25, 6.5], "rotation": 270, "texture": "#0"},
				"east": {"uv": [4.75, 6.875, 5, 6.5], "rotation": 90, "texture": "#0"},
				"south": {"uv": [6.75, 4.625, 6.5, 4.25], "rotation": 90, "texture": "#0"},
				"west": {"uv": [4.5, 6.5, 4.75, 6.875], "rotation": 90, "texture": "#0"},
				"up": {"uv": [4.875, 6.375, 4.5, 6], "rotation": 90, "texture": "#0"},
				"down": {"uv": [6.375, 4.875, 6, 4.5], "rotation": 90, "texture": "#0"}
			}
		},
		{
			"from": [6.57691, -3.4464, 4.244],
			"to": [7.63891, -1.7344, 5.756],
			"shade": false,
			"rotation": {"angle": 22.5, "axis": "z", "origin": [7.39323, -5.02479, 5]},
			"faces": {
				"north": {"uv": [6.5, 2.75, 6.75, 3.125], "texture": "#0"},
				"east": {"uv": [4, 6, 4.375, 6.375], "texture": "#0"},
				"south": {"uv": [3, 6.5, 3.25, 6.875], "texture": "#0"},
				"west": {"uv": [6, 4, 6.375, 4.375], "texture": "#0"},
				"up": {"uv": [3.5, 6.875, 3.25, 6.5], "texture": "#0"},
				"down": {"uv": [6.75, 3.25, 6.5, 3.625], "texture": "#0"}
			}
		},
		{
			"from": [6.57491, -1.7484, 4.342],
			"to": [7.64091, 0.7676, 5.658],
			"shade": false,
			"rotation": {"angle": 22.5, "axis": "z", "origin": [7.39323, -5.02479, 5]},
			"faces": {
				"north": {"uv": [6, 1.5, 6.25, 2.125], "texture": "#0"},
				"east": {"uv": [5.25, 5.25, 5.625, 5.875], "texture": "#0"},
				"south": {"uv": [1.75, 6, 2, 6.625], "texture": "#0"},
				"west": {"uv": [0.25, 5.5, 0.625, 6.125], "texture": "#0"},
				"up": {"uv": [3.75, 6.875, 3.5, 6.5], "texture": "#0"},
				"down": {"uv": [4, 6.5, 3.75, 6.875], "texture": "#0"}
			}
		},
		{
			"from": [-0.06513, -3.64576, 4.344],
			"to": [2.14687, -2.58376, 5.656],
			"shade": false,
			"rotation": {"angle": -45, "axis": "z", "origin": [7.39323, -5.02479, 5]},
			"faces": {
				"north": {"uv": [6.5, 1.25, 6.25, 0.75], "rotation": 270, "texture": "#0"},
				"east": {"uv": [4, 6.875, 4.25, 6.5], "rotation": 90, "texture": "#0"},
				"south": {"uv": [1.5, 6.75, 1.25, 6.25], "rotation": 90, "texture": "#0"},
				"west": {"uv": [6.5, 3.75, 6.75, 4.125], "rotation": 90, "texture": "#0"},
				"up": {"uv": [5.875, 3, 5.5, 2.5], "rotation": 90, "texture": "#0"},
				"down": {"uv": [5.875, 3.5, 5.5, 3], "rotation": 90, "texture": "#0"}
			}
		},
		{
			"from": [3.10344, 1.22465, 4.35],
			"to": [3.84544, 1.96665, 5.65],
			"shade": false,
			"rotation": {"angle": 0, "axis": "y", "origin": [7.39323, -5.02479, 5]},
			"faces": {
				"north": {"uv": [5.75, 7, 5.875, 7.125], "texture": "#0"},
				"east": {"uv": [6.75, 6.5, 7.125, 6.625], "texture": "#0"},
				"south": {"uv": [7, 5.75, 7.125, 5.875], "texture": "#0"},
				"west": {"uv": [6.75, 6.75, 7.125, 6.875], "texture": "#0"},
				"up": {"uv": [6.375, 7.125, 6.25, 6.75], "texture": "#0"},
				"down": {"uv": [7.125, 0, 7, 0.375], "texture": "#0"}
			}
		},
		{
			"from": [3.402, -5.45581, 4.5],
			"to": [7.352, -4.40581, 5.5],
			"shade": false,
			"rotation": {"angle": -45, "axis": "z", "origin": [7.39323, -5.02479, 5]},
			"faces": {
				"north": {"uv": [2, 6, 1.75, 5], "rotation": 270, "texture": "#0"},
				"east": {"uv": [6.75, 3.5, 7, 3.25], "rotation": 90, "texture": "#0"},
				"south": {"uv": [5.5, 4.75, 5.25, 3.75], "rotation": 90, "texture": "#0"},
				"west": {"uv": [6.75, 3, 7, 3.25], "rotation": 90, "texture": "#0"},
				"up": {"uv": [5.5, 2.25, 5.25, 1.25], "rotation": 90, "texture": "#0"},
				"down": {"uv": [5.25, 6.25, 5, 5.25], "rotation": 90, "texture": "#0"}
			}
		},
		{
			"from": [3.03629, -3.58689, 4.246],
			"to": [5.24429, -2.52889, 5.754],
			"shade": false,
			"rotation": {"angle": -22.5, "axis": "z", "origin": [7.39323, -5.02479, 5]},
			"faces": {
				"north": {"uv": [0.5, 6.75, 0.25, 6.25], "rotation": 270, "texture": "#0"},
				"east": {"uv": [2.75, 6.875, 3, 6.5], "rotation": 90, "texture": "#0"},
				"south": {"uv": [0.75, 6.75, 0.5, 6.25], "rotation": 90, "texture": "#0"},
				"west": {"uv": [6.5, 2.25, 6.75, 2.625], "rotation": 90, "texture": "#0"},
				"up": {"uv": [5.875, 1, 5.5, 0.5], "rotation": 90, "texture": "#0"},
				"down": {"uv": [1.125, 6, 0.75, 5.5], "rotation": 90, "texture": "#0"}
			}
		},
		{
			"from": [5.33527, -0.92676, 4.25],
			"to": [6.07727, -0.18476, 5.75],
			"shade": false,
			"rotation": {"angle": 22.5, "axis": "z", "origin": [7.39323, -5.02479, 5]},
			"faces": {
				"north": {"uv": [7, 7, 7.125, 7.125], "texture": "#0"},
				"east": {"uv": [0.25, 7, 0.625, 7.125], "texture": "#0"},
				"south": {"uv": [7.25, 0, 7.375, 0.125], "texture": "#0"},
				"west": {"uv": [7, 0.5, 7.375, 0.625], "texture": "#0"},
				"up": {"uv": [0.875, 7.375, 0.75, 7], "texture": "#0"},
				"down": {"uv": [7.125, 0.75, 7, 1.125], "texture": "#0"}
			}
		},
		{
			"from": [1.44657, -4.40047, 4.496],
			"to": [4.45457, -3.54247, 5.504],
			"shade": false,
			"rotation": {"angle": -45, "axis": "z", "origin": [7.39323, -5.02479, 5]},
			"faces": {
				"north": {"uv": [5.75, 1.75, 5.5, 1], "rotation": 270, "texture": "#0"},
				"east": {"uv": [6.75, 4, 7, 3.75], "rotation": 90, "texture": "#0"},
				"south": {"uv": [1.75, 6.25, 1.5, 5.5], "rotation": 90, "texture": "#0"},
				"west": {"uv": [6.75, 3.5, 7, 3.75], "rotation": 90, "texture": "#0"},
				"up": {"uv": [1.5, 6.25, 1.25, 5.5], "rotation": 90, "texture": "#0"},
				"down": {"uv": [5.75, 2.5, 5.5, 1.75], "rotation": 90, "texture": "#0"}
			}
		},
		{
			"from": [3.63542, -0.37841, 4.5],
			"to": [4.18542, 0.22159, 5.5],
			"shade": false,
			"rotation": {"angle": 0, "axis": "y", "origin": [7.39323, -5.02479, 5]},
			"faces": {
				"north": {"uv": [6.5, 7, 6.625, 7.125], "texture": "#0"},
				"east": {"uv": [3.75, 7, 4, 7.125], "texture": "#0"},
				"south": {"uv": [6.75, 7, 6.875, 7.125], "texture": "#0"},
				"west": {"uv": [7, 3.75, 7.25, 3.875], "texture": "#0"},
				"up": {"uv": [4.125, 7.25, 4, 7], "texture": "#0"},
				"down": {"uv": [4.375, 7, 4.25, 7.25], "texture": "#0"}
			}
		},
		{
			"name": "ef",
			"from": [4, 2, 5],
			"to": [11.5, 27, 5],
			"shade": false,
			"rotation": {"angle": 0, "axis": "y", "origin": [6.75, 2, 5]},
			"faces": {
				"north": {"uv": [7.5, 6.75, 1.25, 16], "texture": "#1"},
				"east": {"uv": [0, 0, 0, 4.5], "texture": "#missing"},
				"south": {"uv": [7.5, 6.75, 1.25, 16], "texture": "#1"},
				"west": {"uv": [0, 0, 0, 4.5], "texture": "#missing"},
				"up": {"uv": [0, 0, 2.5, 0], "texture": "#missing"},
				"down": {"uv": [0, 0, 2.5, 0], "texture": "#missing"}
			}
		},
		{
			"name": "1",
			"from": [12.85, 1.5, 4.6],
			"to": [13.15, 1.8, 4.9],
			"shade": false,
			"rotation": {"angle": 0, "axis": "y", "origin": [13, 2.7, 4.75]},
			"faces": {
				"north": {"uv": [15.75, 15.75, 16, 16], "texture": "#1"},
				"east": {"uv": [15.75, 15.75, 16, 16], "texture": "#1"},
				"south": {"uv": [15.75, 15.75, 16, 16], "texture": "#1"},
				"west": {"uv": [15.75, 15.75, 16, 16], "texture": "#1"},
				"up": {"uv": [15.75, 15.75, 16, 16], "texture": "#1"},
				"down": {"uv": [15.75, 15.75, 16, 16], "texture": "#1"}
			}
		},
		{
			"name": "2",
			"from": [12.775, 1.88209, 4.23799],
			"to": [13.225, 2.33209, 4.68799],
			"shade": false,
			"rotation": {"angle": -22.5, "axis": "x", "origin": [13, 2.8, 4.75]},
			"faces": {
				"north": {"uv": [15.5, 15.75, 15.75, 16], "texture": "#1"},
				"east": {"uv": [15.5, 15.75, 15.75, 16], "texture": "#1"},
				"south": {"uv": [15.5, 15.75, 15.75, 16], "texture": "#1"},
				"west": {"uv": [15.5, 15.75, 15.75, 16], "texture": "#1"},
				"up": {"uv": [15.5, 15.75, 15.75, 16], "texture": "#1"},
				"down": {"uv": [15.5, 15.75, 15.75, 16], "texture": "#1"}
			}
		},
		{
			"name": "3",
			"from": [12.46716, 2.41716, 4.5],
			"to": [12.96716, 2.91716, 5],
			"shade": false,
			"rotation": {"angle": 45, "axis": "z", "origin": [13, 2.95, 4.75]},
			"faces": {
				"north": {"uv": [15.25, 15.75, 15.5, 16], "texture": "#1"},
				"east": {"uv": [15.25, 15.75, 15.5, 16], "texture": "#1"},
				"south": {"uv": [15.25, 15.75, 15.5, 16], "texture": "#1"},
				"west": {"uv": [15.25, 15.75, 15.5, 16], "texture": "#1"},
				"up": {"uv": [15.25, 15.75, 15.5, 16], "texture": "#1"},
				"down": {"uv": [15.25, 15.75, 15.5, 16], "texture": "#1"}
			}
		},
		{
			"name": "4",
			"from": [12.75, 2.91142, 4.5574],
			"to": [13.25, 3.41142, 5.0574],
			"shade": false,
			"rotation": {"angle": 22.5, "axis": "x", "origin": [13, 3.3, 4.75]},
			"faces": {
				"north": {"uv": [15, 15.75, 15.25, 16], "texture": "#1"},
				"east": {"uv": [15, 15.75, 15.25, 16], "texture": "#1"},
				"south": {"uv": [15, 15.75, 15.25, 16], "texture": "#1"},
				"west": {"uv": [15, 15.75, 15.25, 16], "texture": "#1"},
				"up": {"uv": [15, 15.75, 15.25, 16], "texture": "#1"},
				"down": {"uv": [15, 15.75, 15.25, 16], "texture": "#1"}
			}
		},
		{
			"name": "5",
			"from": [12.75, 3.45, 4.5],
			"to": [13.25, 3.95, 5],
			"shade": false,
			"rotation": {"angle": 0, "axis": "y", "origin": [13, 3.65, 4.75]},
			"faces": {
				"north": {"uv": [14.75, 15.75, 15, 16], "texture": "#1"},
				"east": {"uv": [14.75, 15.75, 15, 16], "texture": "#1"},
				"south": {"uv": [14.75, 15.75, 15, 16], "texture": "#1"},
				"west": {"uv": [14.75, 15.75, 15, 16], "texture": "#1"},
				"up": {"uv": [14.75, 15.75, 15, 16], "texture": "#1"},
				"down": {"uv": [14.75, 15.75, 15, 16], "texture": "#1"}
			}
		},
		{
			"name": "6",
			"from": [12.75, 4.02336, 4.36606],
			"to": [13.25, 4.52336, 4.86606],
			"shade": false,
			"rotation": {"angle": 22.5, "axis": "x", "origin": [13, 3.95, 4.75]},
			"faces": {
				"north": {"uv": [14.5, 15.75, 14.75, 16], "texture": "#1"},
				"east": {"uv": [14.5, 15.75, 14.75, 16], "texture": "#1"},
				"south": {"uv": [14.5, 15.75, 14.75, 16], "texture": "#1"},
				"west": {"uv": [14.5, 15.75, 14.75, 16], "texture": "#1"},
				"up": {"uv": [14.5, 15.75, 14.75, 16], "texture": "#1"},
				"down": {"uv": [14.5, 15.75, 14.75, 16], "texture": "#1"}
			}
		},
		{
			"name": "7",
			"from": [13.25962, 4.35962, 4.525],
			"to": [13.65962, 4.75962, 4.975],
			"shade": false,
			"rotation": {"angle": 45, "axis": "z", "origin": [13, 4.1, 4.75]},
			"faces": {
				"north": {"uv": [14.25, 15.75, 14.5, 16], "texture": "#1"},
				"east": {"uv": [14.25, 15.75, 14.5, 16], "texture": "#1"},
				"south": {"uv": [14.25, 15.75, 14.5, 16], "texture": "#1"},
				"west": {"uv": [14.25, 15.75, 14.5, 16], "texture": "#1"},
				"up": {"uv": [14.25, 15.75, 14.5, 16], "texture": "#1"},
				"down": {"uv": [14.25, 15.75, 14.5, 16], "texture": "#1"}
			}
		},
		{
			"name": "8",
			"from": [12.75, 4.84507, 4.09818],
			"to": [13.25, 5.34507, 4.59818],
			"shade": false,
			"rotation": {"angle": 22.5, "axis": "x", "origin": [13, 4.125, 4.75]},
			"faces": {
				"north": {"uv": [14, 15.75, 14.25, 16], "texture": "#1"},
				"east": {"uv": [14, 15.75, 14.25, 16], "texture": "#1"},
				"south": {"uv": [14, 15.75, 14.25, 16], "texture": "#1"},
				"west": {"uv": [14, 15.75, 14.25, 16], "texture": "#1"},
				"up": {"uv": [14, 15.75, 14.25, 16], "texture": "#1"},
				"down": {"uv": [14, 15.75, 14.25, 16], "texture": "#1"}
			}
		},
		{
			"name": "9",
			"from": [12.75, 5.25, 4.5],
			"to": [13.25, 5.75, 5],
			"shade": false,
			"rotation": {"angle": -22.5, "axis": "y", "origin": [13, 5.5, 4.75]},
			"faces": {
				"north": {"uv": [13.75, 15.75, 14, 16], "texture": "#1"},
				"east": {"uv": [13.75, 15.75, 14, 16], "texture": "#1"},
				"south": {"uv": [13.75, 15.75, 14, 16], "texture": "#1"},
				"west": {"uv": [13.75, 15.75, 14, 16], "texture": "#1"},
				"up": {"uv": [13.75, 15.75, 14, 16], "texture": "#1"},
				"down": {"uv": [13.75, 15.75, 14, 16], "texture": "#1"}
			}
		},
		{
			"name": "10",
			"from": [12.75, 5.7, 4.5],
			"to": [13.25, 6.2, 5],
			"shade": false,
			"rotation": {"angle": 45, "axis": "z", "origin": [13, 5.95, 4.75]},
			"faces": {
				"north": {"uv": [13.5, 15.75, 13.75, 16], "texture": "#1"},
				"east": {"uv": [13.5, 15.75, 13.75, 16], "texture": "#1"},
				"south": {"uv": [13.5, 15.75, 13.75, 16], "texture": "#1"},
				"west": {"uv": [13.5, 15.75, 13.75, 16], "texture": "#1"},
				"up": {"uv": [13.5, 15.75, 13.75, 16], "texture": "#1"},
				"down": {"uv": [13.5, 15.75, 13.75, 16], "texture": "#1"}
			}
		},
		{
			"name": "11",
			"from": [12.75, 6.1, 4.5],
			"to": [13.25, 6.6, 5],
			"shade": false,
			"rotation": {"angle": 22.5, "axis": "z", "origin": [13, 6.35, 4.75]},
			"faces": {
				"north": {"uv": [13.25, 15.75, 13.5, 16], "texture": "#1"},
				"east": {"uv": [13.25, 15.75, 13.5, 16], "texture": "#1"},
				"south": {"uv": [13.25, 15.75, 13.5, 16], "texture": "#1"},
				"west": {"uv": [13.25, 15.75, 13.5, 16], "texture": "#1"},
				"up": {"uv": [13.25, 15.75, 13.5, 16], "texture": "#1"},
				"down": {"uv": [13.25, 15.75, 13.5, 16], "texture": "#1"}
			}
		},
		{
			"name": "12",
			"from": [12.8, 6.6, 4.55],
			"to": [13.2, 7, 4.95],
			"shade": false,
			"rotation": {"angle": -45, "axis": "x", "origin": [13, 6.8, 4.75]},
			"faces": {
				"north": {"uv": [13, 15.75, 13.25, 16], "texture": "#1"},
				"east": {"uv": [13, 15.75, 13.25, 16], "texture": "#1"},
				"south": {"uv": [13, 15.75, 13.25, 16], "texture": "#1"},
				"west": {"uv": [13, 15.75, 13.25, 16], "texture": "#1"},
				"up": {"uv": [13, 15.75, 13.25, 16], "texture": "#1"},
				"down": {"uv": [13, 15.75, 13.25, 16], "texture": "#1"}
			}
		},
		{
			"name": "1",
			"from": [2.85, 3.5, 4.1],
			"to": [3.15, 3.8, 4.4],
			"shade": false,
			"rotation": {"angle": 0, "axis": "y", "origin": [3, 4.7, 4.25]},
			"faces": {
				"north": {"uv": [15.75, 15.5, 16, 15.75], "texture": "#1"},
				"east": {"uv": [15.75, 15.5, 16, 15.75], "texture": "#1"},
				"south": {"uv": [15.75, 15.5, 16, 15.75], "texture": "#1"},
				"west": {"uv": [15.75, 15.5, 16, 15.75], "texture": "#1"},
				"up": {"uv": [16, 15.75, 15.75, 15.5], "texture": "#1"},
				"down": {"uv": [16, 15.75, 15.75, 15.5], "texture": "#1"}
			}
		},
		{
			"name": "2",
			"from": [2.775, 3.88209, 4.31201],
			"to": [3.225, 4.33209, 4.76201],
			"shade": false,
			"rotation": {"angle": 22.5, "axis": "x", "origin": [3, 4.8, 4.25]},
			"faces": {
				"north": {"uv": [15.5, 15.5, 15.75, 15.75], "texture": "#1"},
				"east": {"uv": [15.5, 15.5, 15.75, 15.75], "texture": "#1"},
				"south": {"uv": [15.5, 15.5, 15.75, 15.75], "texture": "#1"},
				"west": {"uv": [15.5, 15.5, 15.75, 15.75], "texture": "#1"},
				"up": {"uv": [15.75, 15.75, 15.5, 15.5], "texture": "#1"},
				"down": {"uv": [15.75, 15.75, 15.5, 15.5], "texture": "#1"}
			}
		},
		{
			"name": "3",
			"from": [3.03284, 4.41716, 4],
			"to": [3.53284, 4.91716, 4.5],
			"shade": false,
			"rotation": {"angle": -45, "axis": "z", "origin": [3, 4.95, 4.25]},
			"faces": {
				"north": {"uv": [15.25, 15.5, 15.5, 15.75], "texture": "#1"},
				"east": {"uv": [15.25, 15.5, 15.5, 15.75], "texture": "#1"},
				"south": {"uv": [15.25, 15.5, 15.5, 15.75], "texture": "#1"},
				"west": {"uv": [15.25, 15.5, 15.5, 15.75], "texture": "#1"},
				"up": {"uv": [15.5, 15.75, 15.25, 15.5], "texture": "#1"},
				"down": {"uv": [15.5, 15.75, 15.25, 15.5], "texture": "#1"}
			}
		},
		{
			"name": "4",
			"from": [2.75, 4.91142, 3.9426],
			"to": [3.25, 5.41142, 4.4426],
			"shade": false,
			"rotation": {"angle": -22.5, "axis": "x", "origin": [3, 5.3, 4.25]},
			"faces": {
				"north": {"uv": [15, 15.5, 15.25, 15.75], "texture": "#1"},
				"east": {"uv": [15, 15.5, 15.25, 15.75], "texture": "#1"},
				"south": {"uv": [15, 15.5, 15.25, 15.75], "texture": "#1"},
				"west": {"uv": [15, 15.5, 15.25, 15.75], "texture": "#1"},
				"up": {"uv": [15.25, 15.75, 15, 15.5], "texture": "#1"},
				"down": {"uv": [15.25, 15.75, 15, 15.5], "texture": "#1"}
			}
		},
		{
			"name": "5",
			"from": [2.75, 5.45, 4],
			"to": [3.25, 5.95, 4.5],
			"shade": false,
			"rotation": {"angle": 0, "axis": "y", "origin": [3, 5.65, 4.25]},
			"faces": {
				"north": {"uv": [14.75, 15.5, 15, 15.75], "texture": "#1"},
				"east": {"uv": [14.75, 15.5, 15, 15.75], "texture": "#1"},
				"south": {"uv": [14.75, 15.5, 15, 15.75], "texture": "#1"},
				"west": {"uv": [14.75, 15.5, 15, 15.75], "texture": "#1"},
				"up": {"uv": [15, 15.75, 14.75, 15.5], "texture": "#1"},
				"down": {"uv": [15, 15.75, 14.75, 15.5], "texture": "#1"}
			}
		},
		{
			"name": "6",
			"from": [2.75, 6.02336, 4.13394],
			"to": [3.25, 6.52336, 4.63394],
			"shade": false,
			"rotation": {"angle": -22.5, "axis": "x", "origin": [3, 5.95, 4.25]},
			"faces": {
				"north": {"uv": [14.5, 15.5, 14.75, 15.75], "texture": "#1"},
				"east": {"uv": [14.5, 15.5, 14.75, 15.75], "texture": "#1"},
				"south": {"uv": [14.5, 15.5, 14.75, 15.75], "texture": "#1"},
				"west": {"uv": [14.5, 15.5, 14.75, 15.75], "texture": "#1"},
				"up": {"uv": [14.75, 15.75, 14.5, 15.5], "texture": "#1"},
				"down": {"uv": [14.75, 15.75, 14.5, 15.5], "texture": "#1"}
			}
		},
		{
			"name": "7",
			"from": [2.34038, 6.35962, 4.025],
			"to": [2.74038, 6.75962, 4.475],
			"shade": false,
			"rotation": {"angle": -45, "axis": "z", "origin": [3, 6.1, 4.25]},
			"faces": {
				"north": {"uv": [14.25, 15.5, 14.5, 15.75], "texture": "#1"},
				"east": {"uv": [14.25, 15.5, 14.5, 15.75], "texture": "#1"},
				"south": {"uv": [14.25, 15.5, 14.5, 15.75], "texture": "#1"},
				"west": {"uv": [14.25, 15.5, 14.5, 15.75], "texture": "#1"},
				"up": {"uv": [14.5, 15.75, 14.25, 15.5], "texture": "#1"},
				"down": {"uv": [14.5, 15.75, 14.25, 15.5], "texture": "#1"}
			}
		},
		{
			"name": "8",
			"from": [2.75, 6.84507, 4.40182],
			"to": [3.25, 7.34507, 4.90182],
			"shade": false,
			"rotation": {"angle": -22.5, "axis": "x", "origin": [3, 6.125, 4.25]},
			"faces": {
				"north": {"uv": [14, 15.5, 14.25, 15.75], "texture": "#1"},
				"east": {"uv": [14, 15.5, 14.25, 15.75], "texture": "#1"},
				"south": {"uv": [14, 15.5, 14.25, 15.75], "texture": "#1"},
				"west": {"uv": [14, 15.5, 14.25, 15.75], "texture": "#1"},
				"up": {"uv": [14.25, 15.75, 14, 15.5], "texture": "#1"},
				"down": {"uv": [14.25, 15.75, 14, 15.5], "texture": "#1"}
			}
		},
		{
			"name": "9",
			"from": [2.75, 7.25, 4],
			"to": [3.25, 7.75, 4.5],
			"shade": false,
			"rotation": {"angle": -22.5, "axis": "y", "origin": [3, 7.5, 4.25]},
			"faces": {
				"north": {"uv": [13.75, 15.5, 14, 15.75], "texture": "#1"},
				"east": {"uv": [13.75, 15.5, 14, 15.75], "texture": "#1"},
				"south": {"uv": [13.75, 15.5, 14, 15.75], "texture": "#1"},
				"west": {"uv": [13.75, 15.5, 14, 15.75], "texture": "#1"},
				"up": {"uv": [14, 15.75, 13.75, 15.5], "texture": "#1"},
				"down": {"uv": [14, 15.75, 13.75, 15.5], "texture": "#1"}
			}
		},
		{
			"name": "10",
			"from": [2.75, 7.7, 4],
			"to": [3.25, 8.2, 4.5],
			"shade": false,
			"rotation": {"angle": -45, "axis": "z", "origin": [3, 7.95, 4.25]},
			"faces": {
				"north": {"uv": [13.5, 15.5, 13.75, 15.75], "texture": "#1"},
				"east": {"uv": [13.5, 15.5, 13.75, 15.75], "texture": "#1"},
				"south": {"uv": [13.5, 15.5, 13.75, 15.75], "texture": "#1"},
				"west": {"uv": [13.5, 15.5, 13.75, 15.75], "texture": "#1"},
				"up": {"uv": [13.75, 15.75, 13.5, 15.5], "texture": "#1"},
				"down": {"uv": [13.75, 15.75, 13.5, 15.5], "texture": "#1"}
			}
		},
		{
			"name": "11",
			"from": [2.75, 8.1, 4],
			"to": [3.25, 8.6, 4.5],
			"shade": false,
			"rotation": {"angle": -22.5, "axis": "z", "origin": [3, 8.35, 4.25]},
			"faces": {
				"north": {"uv": [13.25, 15.5, 13.5, 15.75], "texture": "#1"},
				"east": {"uv": [13.25, 15.5, 13.5, 15.75], "texture": "#1"},
				"south": {"uv": [13.25, 15.5, 13.5, 15.75], "texture": "#1"},
				"west": {"uv": [13.25, 15.5, 13.5, 15.75], "texture": "#1"},
				"up": {"uv": [13.5, 15.75, 13.25, 15.5], "texture": "#1"},
				"down": {"uv": [13.5, 15.75, 13.25, 15.5], "texture": "#1"}
			}
		},
		{
			"name": "12",
			"from": [2.8, 8.6, 4.05],
			"to": [3.2, 9, 4.45],
			"shade": false,
			"rotation": {"angle": 45, "axis": "x", "origin": [3, 8.8, 4.25]},
			"faces": {
				"north": {"uv": [13, 15.5, 13.25, 15.75], "texture": "#1"},
				"east": {"uv": [13, 15.5, 13.25, 15.75], "texture": "#1"},
				"south": {"uv": [13, 15.5, 13.25, 15.75], "texture": "#1"},
				"west": {"uv": [13, 15.5, 13.25, 15.75], "texture": "#1"},
				"up": {"uv": [13.25, 15.75, 13, 15.5], "texture": "#1"},
				"down": {"uv": [13.25, 15.75, 13, 15.5], "texture": "#1"}
			}
		},
		{
			"name": "1",
			"from": [8.65, 11.5, 0.6],
			"to": [8.95, 11.8, 0.9],
			"shade": false,
			"rotation": {"angle": 0, "axis": "y", "origin": [8.8, 12.7, 0.75]},
			"faces": {
				"north": {"uv": [15.75, 15.25, 16, 15.5], "texture": "#1"},
				"east": {"uv": [15.75, 15.25, 16, 15.5], "texture": "#1"},
				"south": {"uv": [15.75, 15.25, 16, 15.5], "texture": "#1"},
				"west": {"uv": [15.75, 15.25, 16, 15.5], "texture": "#1"},
				"up": {"uv": [15.75, 15.25, 16, 15.5], "texture": "#1"},
				"down": {"uv": [15.75, 15.25, 16, 15.5], "texture": "#1"}
			}
		},
		{
			"name": "2",
			"from": [8.575, 11.88209, 0.23799],
			"to": [9.025, 12.33209, 0.68799],
			"shade": false,
			"rotation": {"angle": -22.5, "axis": "x", "origin": [8.8, 12.8, 0.75]},
			"faces": {
				"north": {"uv": [15.5, 15.25, 15.75, 15.5], "texture": "#1"},
				"east": {"uv": [15.5, 15.25, 15.75, 15.5], "texture": "#1"},
				"south": {"uv": [15.5, 15.25, 15.75, 15.5], "texture": "#1"},
				"west": {"uv": [15.5, 15.25, 15.75, 15.5], "texture": "#1"},
				"up": {"uv": [15.5, 15.25, 15.75, 15.5], "texture": "#1"},
				"down": {"uv": [15.5, 15.25, 15.75, 15.5], "texture": "#1"}
			}
		},
		{
			"name": "3",
			"from": [8.26716, 12.41716, 0.5],
			"to": [8.76716, 12.91716, 1],
			"shade": false,
			"rotation": {"angle": 45, "axis": "z", "origin": [8.8, 12.95, 0.75]},
			"faces": {
				"north": {"uv": [15.25, 15.25, 15.5, 15.5], "texture": "#1"},
				"east": {"uv": [15.25, 15.25, 15.5, 15.5], "texture": "#1"},
				"south": {"uv": [15.25, 15.25, 15.5, 15.5], "texture": "#1"},
				"west": {"uv": [15.25, 15.25, 15.5, 15.5], "texture": "#1"},
				"up": {"uv": [15.25, 15.25, 15.5, 15.5], "texture": "#1"},
				"down": {"uv": [15.25, 15.25, 15.5, 15.5], "texture": "#1"}
			}
		},
		{
			"name": "4",
			"from": [8.55, 12.91142, 0.5574],
			"to": [9.05, 13.41142, 1.0574],
			"shade": false,
			"rotation": {"angle": 22.5, "axis": "x", "origin": [8.8, 13.3, 0.75]},
			"faces": {
				"north": {"uv": [15, 15.25, 15.25, 15.5], "texture": "#1"},
				"east": {"uv": [15, 15.25, 15.25, 15.5], "texture": "#1"},
				"south": {"uv": [15, 15.25, 15.25, 15.5], "texture": "#1"},
				"west": {"uv": [15, 15.25, 15.25, 15.5], "texture": "#1"},
				"up": {"uv": [15, 15.25, 15.25, 15.5], "texture": "#1"},
				"down": {"uv": [15, 15.25, 15.25, 15.5], "texture": "#1"}
			}
		},
		{
			"name": "5",
			"from": [8.55, 13.45, 0.5],
			"to": [9.05, 13.95, 1],
			"shade": false,
			"rotation": {"angle": 0, "axis": "y", "origin": [8.8, 13.65, 0.75]},
			"faces": {
				"north": {"uv": [14.75, 15.25, 15, 15.5], "texture": "#1"},
				"east": {"uv": [14.75, 15.25, 15, 15.5], "texture": "#1"},
				"south": {"uv": [14.75, 15.25, 15, 15.5], "texture": "#1"},
				"west": {"uv": [14.75, 15.25, 15, 15.5], "texture": "#1"},
				"up": {"uv": [14.75, 15.25, 15, 15.5], "texture": "#1"},
				"down": {"uv": [14.75, 15.25, 15, 15.5], "texture": "#1"}
			}
		},
		{
			"name": "6",
			"from": [8.55, 14.02336, 0.36606],
			"to": [9.05, 14.52336, 0.86606],
			"shade": false,
			"rotation": {"angle": 22.5, "axis": "x", "origin": [8.8, 13.95, 0.75]},
			"faces": {
				"north": {"uv": [14.5, 15.25, 14.75, 15.5], "texture": "#1"},
				"east": {"uv": [14.5, 15.25, 14.75, 15.5], "texture": "#1"},
				"south": {"uv": [14.5, 15.25, 14.75, 15.5], "texture": "#1"},
				"west": {"uv": [14.5, 15.25, 14.75, 15.5], "texture": "#1"},
				"up": {"uv": [14.5, 15.25, 14.75, 15.5], "texture": "#1"},
				"down": {"uv": [14.5, 15.25, 14.75, 15.5], "texture": "#1"}
			}
		},
		{
			"name": "7",
			"from": [9.05962, 14.35962, 0.525],
			"to": [9.45962, 14.75962, 0.975],
			"shade": false,
			"rotation": {"angle": 45, "axis": "z", "origin": [8.8, 14.1, 0.75]},
			"faces": {
				"north": {"uv": [14.25, 15.25, 14.5, 15.5], "texture": "#1"},
				"east": {"uv": [14.25, 15.25, 14.5, 15.5], "texture": "#1"},
				"south": {"uv": [14.25, 15.25, 14.5, 15.5], "texture": "#1"},
				"west": {"uv": [14.25, 15.25, 14.5, 15.5], "texture": "#1"},
				"up": {"uv": [14.25, 15.25, 14.5, 15.5], "texture": "#1"},
				"down": {"uv": [14.25, 15.25, 14.5, 15.5], "texture": "#1"}
			}
		},
		{
			"name": "8",
			"from": [8.55, 14.84507, 0.09818],
			"to": [9.05, 15.34507, 0.59818],
			"shade": false,
			"rotation": {"angle": 22.5, "axis": "x", "origin": [8.8, 14.125, 0.75]},
			"faces": {
				"north": {"uv": [14, 15.25, 14.25, 15.5], "texture": "#1"},
				"east": {"uv": [14, 15.25, 14.25, 15.5], "texture": "#1"},
				"south": {"uv": [14, 15.25, 14.25, 15.5], "texture": "#1"},
				"west": {"uv": [14, 15.25, 14.25, 15.5], "texture": "#1"},
				"up": {"uv": [14, 15.25, 14.25, 15.5], "texture": "#1"},
				"down": {"uv": [14, 15.25, 14.25, 15.5], "texture": "#1"}
			}
		},
		{
			"name": "9",
			"from": [8.55, 15.25, 0.5],
			"to": [9.05, 15.75, 1],
			"shade": false,
			"rotation": {"angle": -22.5, "axis": "y", "origin": [8.8, 15.5, 0.75]},
			"faces": {
				"north": {"uv": [13.75, 15.25, 14, 15.5], "texture": "#1"},
				"east": {"uv": [13.75, 15.25, 14, 15.5], "texture": "#1"},
				"south": {"uv": [13.75, 15.25, 14, 15.5], "texture": "#1"},
				"west": {"uv": [13.75, 15.25, 14, 15.5], "texture": "#1"},
				"up": {"uv": [13.75, 15.25, 14, 15.5], "texture": "#1"},
				"down": {"uv": [13.75, 15.25, 14, 15.5], "texture": "#1"}
			}
		},
		{
			"name": "10",
			"from": [8.55, 15.7, 0.5],
			"to": [9.05, 16.2, 1],
			"shade": false,
			"rotation": {"angle": 45, "axis": "z", "origin": [8.8, 15.95, 0.75]},
			"faces": {
				"north": {"uv": [13.5, 15.25, 13.75, 15.5], "texture": "#1"},
				"east": {"uv": [13.5, 15.25, 13.75, 15.5], "texture": "#1"},
				"south": {"uv": [13.5, 15.25, 13.75, 15.5], "texture": "#1"},
				"west": {"uv": [13.5, 15.25, 13.75, 15.5], "texture": "#1"},
				"up": {"uv": [13.5, 15.25, 13.75, 15.5], "texture": "#1"},
				"down": {"uv": [13.5, 15.25, 13.75, 15.5], "texture": "#1"}
			}
		},
		{
			"name": "11",
			"from": [8.55, 16.1, 0.5],
			"to": [9.05, 16.6, 1],
			"shade": false,
			"rotation": {"angle": 22.5, "axis": "z", "origin": [8.8, 16.35, 0.75]},
			"faces": {
				"north": {"uv": [13.25, 15.25, 13.5, 15.5], "texture": "#1"},
				"east": {"uv": [13.25, 15.25, 13.5, 15.5], "texture": "#1"},
				"south": {"uv": [13.25, 15.25, 13.5, 15.5], "texture": "#1"},
				"west": {"uv": [13.25, 15.25, 13.5, 15.5], "texture": "#1"},
				"up": {"uv": [13.25, 15.25, 13.5, 15.5], "texture": "#1"},
				"down": {"uv": [13.25, 15.25, 13.5, 15.5], "texture": "#1"}
			}
		},
		{
			"name": "12",
			"from": [8.6, 16.6, 0.55],
			"to": [9, 17, 0.95],
			"shade": false,
			"rotation": {"angle": -45, "axis": "x", "origin": [8.8, 16.8, 0.75]},
			"faces": {
				"north": {"uv": [13, 15.25, 13.25, 15.5], "texture": "#1"},
				"east": {"uv": [13, 15.25, 13.25, 15.5], "texture": "#1"},
				"south": {"uv": [13, 15.25, 13.25, 15.5], "texture": "#1"},
				"west": {"uv": [13, 15.25, 13.25, 15.5], "texture": "#1"},
				"up": {"uv": [13, 15.25, 13.25, 15.5], "texture": "#1"},
				"down": {"uv": [13, 15.25, 13.25, 15.5], "texture": "#1"}
			}
		}
	],
	"gui_light": "front",
	"display": {
		"thirdperson_righthand": {
			"rotation": [45, -45, 0],
			"translation": [0, 1, 3.5]
		},
		"thirdperson_lefthand": {
			"rotation": [45, -45, 0],
			"translation": [0, 1, 3.5]
		},
		"firstperson_righthand": {
			"rotation": [10.52, -74, 10.9],
			"translation": [6.75, -1.25, -4.75]
		},
		"firstperson_lefthand": {
			"rotation": [10.52, -74, 10.9],
			"translation": [6.75, -1.25, -4.75]
		},
		"ground": {
			"rotation": [0, 0, 45],
			"translation": [0, -1, 0],
			"scale": [0.3, 0.3, 0.3]
		},
		"gui": {
			"rotation": [0, 0, -45],
			"translation": [-1, -1, 0],
			"scale": [0.68, 0.68, 0.68]
		},
		"head": {
			"scale": [0, 0, 0]
		},
		"fixed": {
			"translation": [0, -1.5, -0.75],
			"scale": [0.67, 0.67, 0.67]
		}
	},
	"groups": [
		{
			"name": "group",
			"origin": [8, -4.03404, 8],
			"color": 0,
			"children": [
				0,
				1,
				{
					"name": "group",
					"origin": [8.16073, 1.92939, 8],
					"color": 0,
					"children": [2, 3, 4, 5]
				},
				{
					"name": "group",
					"origin": [8.16073, 1.92939, 8],
					"color": 0,
					"children": [6, 7, 8, 9]
				},
				{
					"name": "group",
					"origin": [8.16073, 1.92939, 8],
					"color": 0,
					"children": [10, 11, 12, 13]
				},
				14,
				15,
				16,
				17,
				18
			]
		},
		19,
		20,
		21,
		22,
		23,
		{
			"name": "group",
			"origin": [5.35812, 1.05, 8.98995],
			"color": 0,
			"children": [
				24,
				{
					"name": "group",
					"origin": [10.5, 17, 3],
					"color": 0,
					"children": [25, 26]
				},
				{
					"name": "group",
					"origin": [10.5, 17, 3],
					"color": 0,
					"children": [27, 28]
				},
				29,
				30,
				31
			]
		},
		32,
		33,
		34,
		35,
		36,
		37,
		38,
		39,
		40,
		41,
		42,
		43,
		44,
		45,
		46,
		47,
		{
			"name": "group",
			"origin": [9.25198, 16.02458, 4],
			"color": 0,
			"children": [48, 49, 50, 51, 52]
		},
		{
			"name": "group",
			"origin": [9.25198, 16.02458, 4],
			"color": 0,
			"children": [53, 54, 55, 56, 57, 58, 59, 60, 61, 62]
		},
		{
			"name": "group",
			"origin": [9.25198, 16.02458, 4],
			"color": 0,
			"children": [63, 64, 65, 66, 67, 68, 69, 70, 71, 72]
		},
		{
			"name": "all_ef",
			"origin": [8, 8, 8],
			"color": 0,
			"shade": false,
			"children": [
				73,
				{
					"name": "efy",
					"origin": [-2, 2.9, 5],
					"color": 0,
					"shade": false,
					"children": [74, 75, 76, 77, 78, 79, 80, 81, 82, 83, 84, 85]
				},
				{
					"name": "efy",
					"origin": [-2, 2.9, 5],
					"color": 0,
					"shade": false,
					"children": [86, 87, 88, 89, 90, 91, 92, 93, 94, 95, 96, 97]
				},
				{
					"name": "efy",
					"origin": [-2, 2.9, 5],
					"color": 0,
					"shade": false,
					"children": [98, 99, 100, 101, 102, 103, 104, 105, 106, 107, 108, 109]
				}
			]
		}
	]
}