{"textures":{"0":"modelengine:entity/horse_glacial"},"elements":[{"from":[5.25,-2.0,6.125],"to":[9.25,8.0,10.125],"faces":{"east":{"uv":[5.5625,6.125,5.8125,6.75],"tintindex":0,"rotation":0,"texture":"#0"},"south":{"uv":[2.5625,6.1875,2.8125,6.8125],"tintindex":0,"rotation":0,"texture":"#0"},"north":{"uv":[5.25,6.125,5.5,6.75],"tintindex":0,"rotation":0,"texture":"#0"},"west":{"uv":[2.875,6.1875,3.125,6.8125],"tintindex":0,"rotation":0,"texture":"#0"},"up":{"uv":[7.25,7.0,7.0,6.75],"tintindex":0,"rotation":0,"texture":"#0"},"down":{"uv":[1.5,7.0625,1.25,7.3125],"tintindex":0,"rotation":0,"texture":"#0"}}},{"from":[7.25,-2.0,10.125],"to":[7.25,8.0,17.125],"faces":{"east":{"uv":[1.4375,5.1875,1.0,5.8125],"tintindex":0,"rotation":0,"texture":"#0"},"west":{"uv":[1.0,5.1875,1.4375,5.8125],"tintindex":0,"rotation":0,"texture":"#0"}}},{"from":[4.25,-4.0,5.125],"to":[10.25,-2.0,11.125],"faces":{"east":{"uv":[1.5625,7.1875,1.9375,7.3125],"tintindex":0,"rotation":0,"texture":"#0"},"south":{"uv":[7.1875,3.375,7.5625,3.5],"tintindex":0,"rotation":0,"texture":"#0"},"north":{"uv":[0.25,7.1875,0.625,7.3125],"tintindex":0,"rotation":0,"texture":"#0"},"west":{"uv":[7.1875,3.5625,7.5625,3.6875],"tintindex":0,"rotation":0,"texture":"#0"},"up":{"uv":[4.1875,6.875,3.8125,6.5],"tintindex":0,"rotation":0,"texture":"#0"},"down":{"uv":[6.875,3.8125,6.5,4.1875],"tintindex":0,"rotation":0,"texture":"#0"}}}]}