{
  "parent": "item/generated",
  "textures": {
    "layer0": "item/leather_chestplate",
    "layer1": "item/leather_chestplate_overlay"
  },
  "overrides": [
    {
      "predicate": {
        "custom_model_data": 1
      },
      "model": "chinese:ia_auto_gen/dragondiamondarmor_chestplate"
    },
    {
      "predicate": {
        "custom_model_data": 2
      },
      "model": "chinese:ia_auto_gen/dragongoldarmor_chestplate"
    },
    {
      "predicate": {
        "custom_model_data": 3
      },
      "model": "chinese:ia_auto_gen/dragonironarmor_chestplate"
    },
    {
      "predicate": {
        "custom_model_data": 4
      },
      "model": "chinese:ia_auto_gen/dragonnetheritearmor_chestplate"
    },
    {
      "predicate": {
        "custom_model_data": 5
      },
      "model": "magma:ia_auto_gen/magmadiamondarmor_chestplate"
    },
    {
      "predicate": {
        "custom_model_data": 6
      },
      "model": "magma:ia_auto_gen/magmagoldarmor_chestplate"
    },
    {
      "predicate": {
        "custom_model_data": 7
      },
      "model": "magma:ia_auto_gen/magmaironarmor_chestplate"
    },
    {
      "predicate": {
        "custom_model_data": 8
      },
      "model": "magma:ia_auto_gen/magmanetheritearmor_chestplate"
    },
    {
      "predicate": {
        "custom_model_data": 9
      },
      "model": "valentine:ia_auto_gen/valentinediamondarmor_chestplate"
    },
    {
      "predicate": {
        "custom_model_data": 10
      },
      "model": "valentine:ia_auto_gen/valentinegoldarmor_chestplate"
    },
    {
      "predicate": {
        "custom_model_data": 11
      },
      "model": "valentine:ia_auto_gen/valentineironarmor_chestplate"
    },
    {
      "predicate": {
        "custom_model_data": 12
      },
      "model": "valentine:ia_auto_gen/valentinenetheritearmor_chestplate"
    },
    {
      "predicate": {
        "custom_model_data": 13
      },
      "model": "firework:ia_auto_gen/fireworkdiamondarmor_chestplate"
    },
    {
      "predicate": {
        "custom_model_data": 14
      },
      "model": "firework:ia_auto_gen/fireworkgoldarmor_chestplate"
    },
    {
      "predicate": {
        "custom_model_data": 15
      },
      "model": "firework:ia_auto_gen/fireworkironarmor_chestplate"
    },
    {
      "predicate": {
        "custom_model_data": 16
      },
      "model": "firework:ia_auto_gen/fireworknetheritearmor_chestplate"
    },
    {
      "predicate": {
        "custom_model_data": 17
      },
      "model": "easter:ia_auto_gen/easterdiamondarmor_chestplate"
    },
    {
      "predicate": {
        "custom_model_data": 18
      },
      "model": "easter:ia_auto_gen/eastergoldarmor_chestplate"
    },
    {
      "predicate": {
        "custom_model_data": 19
      },
      "model": "easter:ia_auto_gen/easterironarmor_chestplate"
    },
    {
      "predicate": {
        "custom_model_data": 20
      },
      "model": "easter:ia_auto_gen/easternetheritearmor_chestplate"
    },
    {
      "predicate": {
        "custom_model_data": 21
      },
      "model": "samurai:ia_auto_gen/samuraidiamondarmor_chestplate"
    },
    {
      "predicate": {
        "custom_model_data": 22
      },
      "model": "samurai:ia_auto_gen/samuraigoldarmor_chestplate"
    },
    {
      "predicate": {
        "custom_model_data": 23
      },
      "model": "samurai:ia_auto_gen/samuraiironarmor_chestplate"
    },
    {
      "predicate": {
        "custom_model_data": 24
      },
      "model": "samurai:ia_auto_gen/samurainetheritearmor_chestplate"
    }
  ]
}