{
	"credit": "Made with Blockbench",
	"textures": {
		"2": "item/chinese/chinese_dragon_np"
	},
	"elements": [
		{
			"from": [7.67768, 12.60026, 4.63356],
			"to": [8.32168, 14.61349, 11.36644],
			"rotation": {"angle": 0, "axis": "y", "origin": [8.12848, 13.58373, 8]},
			"faces": {
				"north": {"uv": [10.125, 0.375, 10.25, 0.625], "texture": "#2"},
				"east": {"uv": [13.125, 7.125, 14, 7.375], "texture": "#2"},
				"south": {"uv": [10.875, 5.5, 11, 5.75], "texture": "#2"},
				"west": {"uv": [13.125, 9.75, 14, 10], "texture": "#2"},
				"up": {"uv": [13.875, 14.875, 13.75, 14], "texture": "#2"},
				"down": {"uv": [14, 14, 13.875, 14.875], "texture": "#2"}
			}
		},
		{
			"from": [7.59204, 14.59426, 2.82756],
			"to": [8.40804, 20.71949, 13.17244],
			"rotation": {"angle": 0, "axis": "y", "origin": [8.04884, 13.58373, 8]},
			"faces": {
				"north": {"uv": [10.375, 14.125, 10.5, 14.875], "texture": "#2"},
				"east": {"uv": [8.125, 1.25, 9.375, 2], "texture": "#2"},
				"south": {"uv": [14.125, 13.25, 14.25, 14], "texture": "#2"},
				"west": {"uv": [1.875, 8.25, 3.125, 9], "texture": "#2"},
				"up": {"uv": [2.625, 14.75, 2.5, 13.5], "texture": "#2"},
				"down": {"uv": [5.875, 13.5, 5.75, 14.75], "texture": "#2"}
			}
		},
		{
			"from": [7.5, -15.75, 6.25],
			"to": [8.5, -11.75, 9.75],
			"rotation": {"angle": 0, "axis": "y", "origin": [8, -13.75, 8]},
			"faces": {
				"north": {"uv": [11.5, 14.5, 11.625, 15], "texture": "#2"},
				"east": {"uv": [12.25, 12.25, 12.75, 12.75], "texture": "#2"},
				"south": {"uv": [11.625, 14.5, 11.75, 15], "texture": "#2"},
				"west": {"uv": [1.5, 12.375, 2, 12.875], "texture": "#2"},
				"up": {"uv": [11.875, 15, 11.75, 14.5], "texture": "#2"},
				"down": {"uv": [14.625, 11.75, 14.5, 12.25], "texture": "#2"}
			}
		},
		{
			"from": [6.75, -11.75, 6.75],
			"to": [9.25, -10.5, 9.25],
			"rotation": {"angle": -45, "axis": "y", "origin": [8, -11.125, 8]},
			"faces": {
				"north": {"uv": [15, 9, 15.375, 9.125], "texture": "#2"},
				"east": {"uv": [15, 9.125, 15.375, 9.25], "texture": "#2"},
				"south": {"uv": [15, 9.25, 15.375, 9.375], "texture": "#2"},
				"west": {"uv": [15, 9.375, 15.375, 9.5], "texture": "#2"},
				"up": {"uv": [1.375, 14.125, 1, 13.75], "texture": "#2"},
				"down": {"uv": [3.875, 13.75, 3.5, 14.125], "texture": "#2"}
			}
		},
		{
			"from": [7.25, -10.5, 7.25],
			"to": [8.75, 12, 8.75],
			"rotation": {"angle": 0, "axis": "y", "origin": [8, -8, 8]},
			"faces": {
				"north": {"uv": [2.375, 9, 2.625, 11.875], "texture": "#2"},
				"east": {"uv": [2.625, 9, 2.875, 11.875], "texture": "#2"},
				"south": {"uv": [2.875, 9, 3.125, 11.875], "texture": "#2"},
				"west": {"uv": [3.125, 9.125, 3.375, 12], "texture": "#2"},
				"up": {"uv": [14.75, 9.75, 14.5, 9.5], "texture": "#2"},
				"down": {"uv": [14.75, 10.25, 14.5, 10.5], "texture": "#2"}
			}
		},
		{
			"from": [6.75, 0.25, 6.75],
			"to": [9.25, 1.5, 9.25],
			"rotation": {"angle": 0, "axis": "y", "origin": [8, 10.875, 8]},
			"faces": {
				"north": {"uv": [8.125, 15, 8.5, 15.125], "texture": "#2"},
				"east": {"uv": [8.5, 15, 8.875, 15.125], "texture": "#2"},
				"south": {"uv": [8.875, 15, 9.25, 15.125], "texture": "#2"},
				"west": {"uv": [15, 8.875, 15.375, 9], "texture": "#2"},
				"up": {"uv": [0.625, 14.125, 0.25, 13.75], "texture": "#2"},
				"down": {"uv": [1, 13.75, 0.625, 14.125], "texture": "#2"}
			}
		},
		{
			"from": [7.59396, 19.33984, 2.41411],
			"to": [8.40596, 22.64094, 7.21521],
			"rotation": {"angle": 22.5, "axis": "x", "origin": [7.92036, 18.99039, 6.06466]},
			"faces": {
				"north": {"uv": [12.875, 10.875, 13, 11.25], "texture": "#2"},
				"east": {"uv": [12.75, 12.25, 13.375, 12.625], "texture": "#2"},
				"south": {"uv": [12.375, 14.875, 12.5, 15.25], "texture": "#2"},
				"west": {"uv": [12.875, 0.75, 13.5, 1.125], "texture": "#2"},
				"up": {"uv": [12.5, 14.875, 12.375, 14.25], "texture": "#2"},
				"down": {"uv": [12.625, 14.25, 12.5, 14.875], "texture": "#2"}
			}
		},
		{
			"from": [7.59596, 21.59633, 4.51628],
			"to": [8.40396, 24.89343, 8.76338],
			"rotation": {"angle": -22.5, "axis": "x", "origin": [7.92036, 23.24488, 7.16483]},
			"faces": {
				"north": {"uv": [5.875, 15.125, 6, 15.5], "texture": "#2"},
				"east": {"uv": [13.25, 10.25, 13.75, 10.625], "texture": "#2"},
				"south": {"uv": [6, 15.125, 6.125, 15.5], "texture": "#2"},
				"west": {"uv": [13.375, 10.625, 13.875, 11], "texture": "#2"},
				"up": {"uv": [11, 15.25, 10.875, 14.75], "texture": "#2"},
				"down": {"uv": [11.125, 14.75, 11, 15.25], "texture": "#2"}
			}
		},
		{
			"from": [7.59996, 21.60033, 7.24062],
			"to": [8.39996, 24.88943, 11.47972],
			"rotation": {"angle": 22.5, "axis": "x", "origin": [7.92036, 23.24488, 8.83517]},
			"faces": {
				"north": {"uv": [6.125, 15.125, 6.25, 15.5], "texture": "#2"},
				"east": {"uv": [13.875, 11.4125, 13.375, 11.75], "texture": "#2"},
				"south": {"uv": [15.125, 6.125, 15.25, 6.5], "texture": "#2"},
				"west": {"uv": [13.375, 11.4125, 13.875, 11.75], "texture": "#2"},
				"up": {"uv": [14.875, 12.125, 14.75, 11.625], "texture": "#2"},
				"down": {"uv": [12, 14.75, 11.875, 15.25], "texture": "#2"}
			}
		},
		{
			"from": [7.59796, 19.34384, 8.78879],
			"to": [8.40196, 22.63694, 13.58189],
			"rotation": {"angle": -22.5, "axis": "x", "origin": [7.92036, 18.99039, 9.93534]},
			"faces": {
				"north": {"uv": [5.625, 15.125, 5.75, 15.5], "texture": "#2"},
				"east": {"uv": [9.125, 13.125, 9.75, 13.5], "texture": "#2"},
				"south": {"uv": [15.125, 5.75, 15.25, 6.125], "texture": "#2"},
				"west": {"uv": [9.75, 13.125, 10.375, 13.5], "texture": "#2"},
				"up": {"uv": [3.875, 15, 3.75, 14.375], "texture": "#2"},
				"down": {"uv": [14.5, 5.875, 14.375, 6.5], "texture": "#2"}
			}
		},
		{
			"name": "dhead",
			"from": [4.00512, 3.94233, 5.65767],
			"to": [11.99488, 11.93209, 12.73543],
			"rotation": {"angle": 0, "axis": "y", "origin": [8, 9.80384, 10.867]},
			"faces": {
				"north": {"uv": [5.5, 5.625, 4.25, 6.875], "rotation": 180, "texture": "#2"},
				"east": {"uv": [6.75, 5.125, 8, 6.25], "rotation": 270, "texture": "#2"},
				"south": {"uv": [4.25, 6.875, 3, 5.625], "texture": "#2"},
				"west": {"uv": [1, 6.875, 2.25, 8], "rotation": 90, "texture": "#2"},
				"up": {"uv": [5.5, 6.375, 6.75, 7.5], "rotation": 180, "texture": "#2"},
				"down": {"uv": [6.75, 6.25, 8, 7.375], "texture": "#2"}
			}
		},
		{
			"name": "dhead",
			"from": [4.81152, 3.78213, 9.05852],
			"to": [11.18848, 5.15909, 12.32348],
			"rotation": {"angle": 22.5, "axis": "x", "origin": [8, 6.97061, 8.791]},
			"faces": {
				"north": {"uv": [13.75, 3.625, 12.75, 3.875], "rotation": 180, "texture": "#2"},
				"east": {"uv": [11.125, 14, 11.375, 14.5], "rotation": 270, "texture": "#2"},
				"south": {"uv": [13.75, 0.25, 12.75, 0], "texture": "#2"},
				"west": {"uv": [11.375, 14, 11.625, 14.5], "rotation": 90, "texture": "#2"},
				"up": {"uv": [9.75, 8.375, 10.75, 8.875], "rotation": 180, "texture": "#2"},
				"down": {"uv": [9.875, 8.875, 10.875, 9.375], "texture": "#2"}
			}
		},
		{
			"name": "dhead",
			"from": [4.03152, 3.1458, 6.51382],
			"to": [11.96848, 6.61076, 8.09078],
			"rotation": {"angle": -45, "axis": "x", "origin": [8, 4.97828, 9.0023]},
			"faces": {
				"north": {"uv": [9.125, 9.25, 7.875, 9.75], "rotation": 180, "texture": "#2"},
				"east": {"uv": [11.625, 14, 12.125, 14.25], "rotation": 270, "texture": "#2"},
				"south": {"uv": [10.25, 1.125, 9, 0.625], "texture": "#2"},
				"west": {"uv": [12.125, 14, 12.625, 14.25], "rotation": 90, "texture": "#2"},
				"up": {"uv": [11.625, 0.875, 12.875, 1.125], "rotation": 180, "texture": "#2"},
				"down": {"uv": [11.625, 1.125, 12.875, 1.375], "texture": "#2"}
			}
		},
		{
			"name": "dhead",
			"from": [4.81152, 3.20621, 6.13003],
			"to": [11.18848, 5.07117, 7.70699],
			"rotation": {"angle": -22.5, "axis": "x", "origin": [8, 3.33869, 8.71851]},
			"faces": {
				"north": {"uv": [13.25, 12.75, 12.25, 13], "rotation": 180, "texture": "#2"},
				"east": {"uv": [14.75, 9.375, 15, 9.625], "rotation": 270, "texture": "#2"},
				"south": {"uv": [12.25, 13, 11.25, 12.75], "texture": "#2"},
				"west": {"uv": [14.75, 10.25, 15, 10.5], "rotation": 90, "texture": "#2"},
				"up": {"uv": [12.75, 7.375, 13.75, 7.625], "rotation": 180, "texture": "#2"},
				"down": {"uv": [12.75, 7.625, 13.75, 7.875], "texture": "#2"}
			}
		},
		{
			"name": "dhead",
			"from": [5.00864, 8.8453, 7.1191],
			"to": [10.99136, 16.57226, 9.6119],
			"rotation": {"angle": 45, "axis": "x", "origin": [8, 11.55384, 8.867]},
			"faces": {
				"north": {"uv": [8.875, 5.75, 8, 7], "rotation": 180, "texture": "#2"},
				"east": {"uv": [10.25, 3.625, 11.5, 4], "rotation": 270, "texture": "#2"},
				"south": {"uv": [1.875, 9.25, 1, 8], "texture": "#2"},
				"west": {"uv": [10.625, 4, 11.875, 4.375], "rotation": 90, "texture": "#2"},
				"up": {"uv": [8.875, 7.875, 9.75, 8.25], "rotation": 180, "texture": "#2"},
				"down": {"uv": [11.375, 5.5, 12.25, 5.875], "texture": "#2"}
			}
		},
		{
			"name": "dhead",
			"from": [5.20864, 7.82087, 5.68722],
			"to": [10.79136, 15.79783, 7.07346],
			"rotation": {"angle": -45, "axis": "x", "origin": [8, 11.80935, 6.38034]},
			"faces": {
				"north": {"uv": [9, 0, 8.125, 1.25], "rotation": 180, "texture": "#2"},
				"east": {"uv": [11.625, 1.375, 12.875, 1.625], "rotation": 270, "texture": "#2"},
				"south": {"uv": [8.875, 8.25, 8, 7], "texture": "#2"},
				"west": {"uv": [4.25, 11.75, 5.5, 12], "rotation": 90, "texture": "#2"},
				"up": {"uv": [13.125, 10, 14, 10.25], "rotation": 180, "texture": "#2"},
				"down": {"uv": [13.125, 13, 14, 13.25], "texture": "#2"}
			}
		},
		{
			"name": "dhead",
			"from": [9.29568, 14.57802, 9.6119],
			"to": [10.1328, 16.57226, 10.60902],
			"rotation": {"angle": 45, "axis": "x", "origin": [8, 11.55384, 8.867]},
			"faces": {
				"north": {"uv": [9, 15.125, 8.875, 15.375], "rotation": 180, "texture": "#2"},
				"east": {"uv": [15.125, 4, 15.375, 4.125], "rotation": 270, "texture": "#2"},
				"south": {"uv": [15.25, 8.875, 15.125, 8.625], "texture": "#2"},
				"west": {"uv": [8.625, 15.125, 8.875, 15.25], "rotation": 90, "texture": "#2"},
				"up": {"uv": [15.125, 13.875, 15.25, 14], "rotation": 180, "texture": "#2"},
				"down": {"uv": [15.125, 14, 15.25, 14.125], "texture": "#2"}
			}
		},
		{
			"name": "dhead",
			"from": [5.8672, 14.57802, 9.6119],
			"to": [6.70432, 16.57226, 10.60902],
			"rotation": {"angle": 45, "axis": "x", "origin": [8, 11.55384, 8.867]},
			"faces": {
				"north": {"uv": [9.875, 15.125, 9.75, 15.375], "rotation": 180, "texture": "#2"},
				"east": {"uv": [9, 15.125, 9.25, 15.25], "rotation": 270, "texture": "#2"},
				"south": {"uv": [15.25, 9.875, 15.125, 9.625], "texture": "#2"},
				"west": {"uv": [9.5, 15.125, 9.75, 15.25], "rotation": 90, "texture": "#2"},
				"up": {"uv": [15.125, 14.125, 15.25, 14.25], "rotation": 180, "texture": "#2"},
				"down": {"uv": [15.125, 14.25, 15.25, 14.375], "texture": "#2"}
			}
		},
		{
			"name": "dhead",
			"from": [5.5072, 9.4409, 12.06549],
			"to": [6.50432, 11.82426, 14.05973],
			"rotation": {"angle": 22.5, "axis": "x", "origin": [8, 9.80384, 10.867]},
			"faces": {
				"north": {"uv": [6.75, 15.125, 6.625, 15.5], "rotation": 180, "texture": "#2"},
				"east": {"uv": [13.375, 14.125, 13.75, 14.375], "rotation": 270, "texture": "#2"},
				"south": {"uv": [15.25, 6.875, 15.125, 6.5], "texture": "#2"},
				"west": {"uv": [14.125, 14, 14.5, 14.25], "rotation": 90, "texture": "#2"},
				"up": {"uv": [9.875, 15.125, 10, 15.375], "rotation": 180, "texture": "#2"},
				"down": {"uv": [15.125, 9.875, 15.25, 10.125], "texture": "#2"}
			}
		},
		{
			"name": "dhead",
			"from": [5.1072, 7.73244, 13.23695],
			"to": [6.10432, 10.1158, 16.75119],
			"rotation": {"angle": 45, "axis": "x", "origin": [8, 9.80384, 10.867]},
			"faces": {
				"north": {"uv": [7, 15.125, 6.875, 15.5], "rotation": 180, "texture": "#2"},
				"east": {"uv": [5, 13.375, 5.375, 13.875], "rotation": 270, "texture": "#2"},
				"south": {"uv": [6.875, 15.5, 6.75, 15.125], "texture": "#2"},
				"west": {"uv": [13.375, 11.75, 13.75, 12.25], "rotation": 90, "texture": "#2"},
				"up": {"uv": [12, 14.75, 12.125, 15.25], "rotation": 180, "texture": "#2"},
				"down": {"uv": [12.125, 14.75, 12.25, 15.25], "texture": "#2"}
			}
		},
		{
			"name": "dhead",
			"from": [1.42343, 6.34562, 14.25861],
			"to": [3.55143, 7.99938, 15.36517],
			"rotation": {"angle": 45, "axis": "y", "origin": [3.01728, 7.17886, 14.54382]},
			"faces": {
				"north": {"uv": [14.625, 0.5, 14.25, 0.75], "rotation": 180, "texture": "#2"},
				"east": {"uv": [15.125, 10.125, 15.375, 10.25], "rotation": 270, "texture": "#2"},
				"south": {"uv": [14.625, 0.5, 14.25, 0.25], "texture": "#2"},
				"west": {"uv": [15.125, 10.625, 15.375, 10.75], "rotation": 90, "texture": "#2"},
				"up": {"uv": [15, 9.5, 15.375, 9.625], "rotation": 180, "texture": "#2"},
				"down": {"uv": [15, 10.25, 15.375, 10.375], "texture": "#2"}
			}
		},
		{
			"name": "dhead",
			"from": [2.42901, 6.35103, 13.21231],
			"to": [3.97576, 8.01938, 14.74691],
			"rotation": {"angle": 0, "axis": "y", "origin": [3.01728, 7.17886, 14.54382]},
			"faces": {
				"north": {"uv": [15, 14.125, 14.75, 14.375], "rotation": 180, "texture": "#2"},
				"east": {"uv": [14.75, 12.875, 15, 13.125], "rotation": 270, "texture": "#2"},
				"south": {"uv": [15, 14.125, 14.75, 13.875], "texture": "#2"},
				"west": {"uv": [14.75, 13.375, 15, 13.625], "rotation": 90, "texture": "#2"},
				"up": {"uv": [14.75, 12.625, 15, 12.875], "rotation": 180, "texture": "#2"},
				"down": {"uv": [14.75, 13.125, 15, 13.375], "texture": "#2"}
			}
		},
		{
			"name": "dhead",
			"from": [12.44857, 6.34562, 14.25861],
			"to": [14.57657, 7.99938, 15.36517],
			"rotation": {"angle": -45, "axis": "y", "origin": [12.98272, 7.17886, 14.54382]},
			"faces": {
				"north": {"uv": [14.625, 1, 14.25, 1.25], "rotation": 180, "texture": "#2"},
				"east": {"uv": [15.125, 10.75, 15.375, 10.875], "rotation": 270, "texture": "#2"},
				"south": {"uv": [14.625, 1, 14.25, 0.75], "texture": "#2"},
				"west": {"uv": [15.125, 10.875, 15.375, 11], "rotation": 90, "texture": "#2"},
				"up": {"uv": [15, 10.375, 15.375, 10.5], "rotation": 180, "texture": "#2"},
				"down": {"uv": [15, 12, 15.375, 12.125], "texture": "#2"}
			}
		},
		{
			"name": "dhead",
			"from": [12.02424, 6.35103, 13.21231],
			"to": [13.57099, 8.01938, 14.74691],
			"rotation": {"angle": 0, "axis": "y", "origin": [12.98272, 7.17886, 14.54382]},
			"faces": {
				"north": {"uv": [0.875, 14.875, 0.625, 15.125], "rotation": 180, "texture": "#2"},
				"east": {"uv": [14.5, 14.75, 14.75, 15], "rotation": 270, "texture": "#2"},
				"south": {"uv": [15.125, 0.75, 14.875, 0.5], "texture": "#2"},
				"west": {"uv": [14.875, 0.25, 15.125, 0.5], "rotation": 90, "texture": "#2"},
				"up": {"uv": [14.75, 14.375, 15, 14.625], "rotation": 180, "texture": "#2"},
				"down": {"uv": [14.75, 14.625, 15, 14.875], "texture": "#2"}
			}
		},
		{
			"name": "dhead",
			"from": [2.42972, 6.3486, 8.56509],
			"to": [4.88118, 8.02182, 10.1775],
			"rotation": {"angle": 45, "axis": "y", "origin": [8, 9.96384, 10.867]},
			"faces": {
				"north": {"uv": [14.625, 5.375, 14.25, 5.625], "rotation": 180, "texture": "#2"},
				"east": {"uv": [14.875, 0.75, 15.125, 1], "rotation": 270, "texture": "#2"},
				"south": {"uv": [5.375, 14.5, 5, 14.25], "texture": "#2"},
				"west": {"uv": [0.875, 14.875, 1.125, 15.125], "rotation": 90, "texture": "#2"},
				"up": {"uv": [14.25, 1.25, 14.625, 1.5], "rotation": 180, "texture": "#2"},
				"down": {"uv": [14.25, 4.25, 14.625, 4.5], "texture": "#2"}
			}
		},
		{
			"name": "dhead",
			"from": [4.12682, 4.79481, 12.68835],
			"to": [5.11178, 5.84057, 17.54688],
			"rotation": {"angle": 22.5, "axis": "x", "origin": [8, 9.80384, 10.867]},
			"faces": {
				"north": {"uv": [15.25, 14.5, 15.125, 14.625], "rotation": 180, "texture": "#2"},
				"east": {"uv": [6.625, 14.25, 6.75, 15], "rotation": 270, "texture": "#2"},
				"south": {"uv": [15.25, 14.5, 15.125, 14.375], "texture": "#2"},
				"west": {"uv": [6.875, 14.25, 7, 15], "rotation": 90, "texture": "#2"},
				"up": {"uv": [14.25, 5.875, 14.375, 6.625], "rotation": 180, "texture": "#2"},
				"down": {"uv": [6.75, 14.25, 6.875, 15], "texture": "#2"}
			}
		},
		{
			"name": "dhead",
			"from": [0.1585, 4.07033, 8.42345],
			"to": [5.0225, 5.11609, 9.40841],
			"rotation": {"angle": 45, "axis": "y", "origin": [8, 9.80384, 10.867]},
			"faces": {
				"north": {"uv": [12, 7.5, 11.25, 7.625], "rotation": 180, "texture": "#2"},
				"east": {"uv": [15.125, 14.625, 15.25, 14.75], "rotation": 270, "texture": "#2"},
				"south": {"uv": [10.375, 5.75, 9.625, 5.625], "texture": "#2"},
				"west": {"uv": [15.125, 14.75, 15.25, 14.875], "rotation": 90, "texture": "#2"},
				"up": {"uv": [7.25, 5, 8, 5.125], "rotation": 180, "texture": "#2"},
				"down": {"uv": [9.375, 1.875, 10.125, 2], "texture": "#2"}
			}
		},
		{
			"name": "dhead",
			"from": [1.80758, 4.86073, 14.3141],
			"to": [2.91414, 6.51449, 16.4421],
			"rotation": {"angle": -22.5, "axis": "y", "origin": [8, 9.80384, 10.867]},
			"faces": {
				"north": {"uv": [15.25, 11, 15.125, 11.25], "rotation": 180, "texture": "#2"},
				"east": {"uv": [1.75, 5.25, 2, 5.625], "rotation": 270, "texture": "#2"},
				"south": {"uv": [10.375, 15.375, 10.25, 15.125], "texture": "#2"},
				"west": {"uv": [5.25, 3.125, 5.5, 3.5], "rotation": 90, "texture": "#2"},
				"up": {"uv": [15.125, 6.875, 15.25, 7.25], "rotation": 180, "texture": "#2"},
				"down": {"uv": [15.125, 7.25, 15.25, 7.625], "texture": "#2"}
			}
		},
		{
			"name": "dhead",
			"from": [1.17653, 4.85343, 8.91847],
			"to": [3.31912, 6.52178, 10.46522],
			"rotation": {"angle": 22.5, "axis": "y", "origin": [8, 9.80384, 10.867]},
			"faces": {
				"north": {"uv": [14.625, 8.5, 14.25, 8.75], "rotation": 180, "texture": "#2"},
				"east": {"uv": [1.125, 14.875, 1.375, 15.125], "rotation": 270, "texture": "#2"},
				"south": {"uv": [8.25, 14.5, 7.875, 14.25], "texture": "#2"},
				"west": {"uv": [1.5, 14.875, 1.75, 15.125], "rotation": 90, "texture": "#2"},
				"up": {"uv": [14.25, 6.625, 14.625, 6.875], "rotation": 180, "texture": "#2"},
				"down": {"uv": [7.5, 14.25, 7.875, 14.5], "texture": "#2"}
			}
		},
		{
			"name": "dhead",
			"from": [2.91608, 4.851, 10.85789],
			"to": [4.15154, 6.52422, 12.47031],
			"rotation": {"angle": 0, "axis": "y", "origin": [8, 9.80384, 10.867]},
			"faces": {
				"north": {"uv": [15.125, 5.75, 14.875, 6], "rotation": 180, "texture": "#2"},
				"east": {"uv": [14.875, 4.75, 15.125, 5], "rotation": 270, "texture": "#2"},
				"south": {"uv": [15.125, 5.75, 14.875, 5.5], "texture": "#2"},
				"west": {"uv": [14.875, 5.25, 15.125, 5.5], "rotation": 90, "texture": "#2"},
				"up": {"uv": [14.875, 4.5, 15.125, 4.75], "rotation": 180, "texture": "#2"},
				"down": {"uv": [14.875, 5, 15.125, 5.25], "texture": "#2"}
			}
		},
		{
			"name": "dhead",
			"from": [9.89568, 7.73244, 13.23695],
			"to": [10.8928, 10.1158, 16.75119],
			"rotation": {"angle": 45, "axis": "x", "origin": [8, 9.80384, 10.867]},
			"faces": {
				"north": {"uv": [7.875, 15.125, 7.75, 15.5], "rotation": 180, "texture": "#2"},
				"east": {"uv": [13.375, 13.25, 13.75, 13.75], "rotation": 270, "texture": "#2"},
				"south": {"uv": [15.25, 8, 15.125, 7.625], "texture": "#2"},
				"west": {"uv": [13.5, 0.625, 13.875, 1.125], "rotation": 90, "texture": "#2"},
				"up": {"uv": [12.25, 14.75, 12.375, 15.25], "rotation": 180, "texture": "#2"},
				"down": {"uv": [1.75, 14.875, 1.875, 15.375], "texture": "#2"}
			}
		},
		{
			"name": "dhead",
			"from": [9.49568, 9.4409, 12.06549],
			"to": [10.4928, 11.82426, 14.05973],
			"rotation": {"angle": 22.5, "axis": "x", "origin": [8, 9.80384, 10.867]},
			"faces": {
				"north": {"uv": [8.125, 15.125, 8, 15.5], "rotation": 180, "texture": "#2"},
				"east": {"uv": [14.25, 8.75, 14.625, 9], "rotation": 270, "texture": "#2"},
				"south": {"uv": [8, 15.5, 7.875, 15.125], "texture": "#2"},
				"west": {"uv": [14.25, 9, 14.625, 9.25], "rotation": 90, "texture": "#2"},
				"up": {"uv": [15.125, 11.25, 15.25, 11.5], "rotation": 180, "texture": "#2"},
				"down": {"uv": [15.125, 11.5, 15.25, 11.75], "texture": "#2"}
			}
		},
		{
			"name": "dhead",
			"from": [10.88822, 4.79481, 12.68835],
			"to": [11.87318, 5.84057, 17.54688],
			"rotation": {"angle": 22.5, "axis": "x", "origin": [8, 9.80384, 10.867]},
			"faces": {
				"north": {"uv": [15.25, 15, 15.125, 15.125], "rotation": 180, "texture": "#2"},
				"east": {"uv": [9.125, 14.25, 9.25, 15], "rotation": 270, "texture": "#2"},
				"south": {"uv": [15.25, 15, 15.125, 14.875], "texture": "#2"},
				"west": {"uv": [9.375, 14.25, 9.5, 15], "rotation": 90, "texture": "#2"},
				"up": {"uv": [7, 14.25, 7.125, 15], "rotation": 180, "texture": "#2"},
				"down": {"uv": [9.25, 14.25, 9.375, 15], "texture": "#2"}
			}
		},
		{
			"name": "dhead",
			"from": [10.9775, 4.07033, 8.42345],
			"to": [15.8415, 5.11609, 9.40841],
			"rotation": {"angle": -45, "axis": "y", "origin": [8, 9.80384, 10.867]},
			"faces": {
				"north": {"uv": [14.875, 10.5, 14.125, 10.625], "rotation": 180, "texture": "#2"},
				"east": {"uv": [15.125, 15.125, 15.25, 15.25], "rotation": 270, "texture": "#2"},
				"south": {"uv": [14.875, 3.875, 14.125, 3.75], "texture": "#2"},
				"west": {"uv": [0, 15.25, 0.125, 15.375], "rotation": 90, "texture": "#2"},
				"up": {"uv": [4.25, 11.625, 5, 11.75], "rotation": 180, "texture": "#2"},
				"down": {"uv": [12.125, 0.75, 12.875, 0.875], "texture": "#2"}
			}
		},
		{
			"name": "dhead",
			"from": [13.08586, 4.86073, 14.3141],
			"to": [14.19242, 6.51449, 16.4421],
			"rotation": {"angle": 22.5, "axis": "y", "origin": [8, 9.80384, 10.867]},
			"faces": {
				"north": {"uv": [15.25, 12.125, 15.125, 12.375], "rotation": 180, "texture": "#2"},
				"east": {"uv": [9.5, 14.25, 9.75, 14.625], "rotation": 270, "texture": "#2"},
				"south": {"uv": [15.25, 12, 15.125, 11.75], "texture": "#2"},
				"west": {"uv": [9.75, 14.25, 10, 14.625], "rotation": 90, "texture": "#2"},
				"up": {"uv": [15.125, 8, 15.25, 8.375], "rotation": 180, "texture": "#2"},
				"down": {"uv": [8.125, 15.125, 8.25, 15.5], "texture": "#2"}
			}
		},
		{
			"name": "dhead",
			"from": [11.84846, 4.851, 10.85789],
			"to": [13.08392, 6.52422, 12.47031],
			"rotation": {"angle": 0, "axis": "y", "origin": [8, 9.80384, 10.867]},
			"faces": {
				"north": {"uv": [15.125, 7.625, 14.875, 7.875], "rotation": 180, "texture": "#2"},
				"east": {"uv": [14.875, 6.25, 15.125, 6.5], "rotation": 270, "texture": "#2"},
				"south": {"uv": [15.125, 7.625, 14.875, 7.375], "texture": "#2"},
				"west": {"uv": [14.875, 7.125, 15.125, 7.375], "rotation": 90, "texture": "#2"},
				"up": {"uv": [14.875, 6, 15.125, 6.25], "rotation": 180, "texture": "#2"},
				"down": {"uv": [14.875, 6.875, 15.125, 7.125], "texture": "#2"}
			}
		},
		{
			"name": "dhead",
			"from": [12.68088, 4.85343, 8.91847],
			"to": [14.82347, 6.52178, 10.46522],
			"rotation": {"angle": -22.5, "axis": "y", "origin": [8, 9.80384, 10.867]},
			"faces": {
				"north": {"uv": [14.625, 10.875, 14.25, 11.125], "rotation": 180, "texture": "#2"},
				"east": {"uv": [14.875, 7.875, 15.125, 8.125], "rotation": 270, "texture": "#2"},
				"south": {"uv": [14.625, 10.875, 14.25, 10.625], "texture": "#2"},
				"west": {"uv": [14.875, 8.125, 15.125, 8.375], "rotation": 90, "texture": "#2"},
				"up": {"uv": [14.25, 9.75, 14.625, 10], "rotation": 180, "texture": "#2"},
				"down": {"uv": [14.25, 10, 14.625, 10.25], "texture": "#2"}
			}
		},
		{
			"name": "dhead",
			"from": [11.11882, 6.3486, 8.56509],
			"to": [13.57028, 8.02182, 10.1775],
			"rotation": {"angle": -45, "axis": "y", "origin": [8, 9.96384, 10.867]},
			"faces": {
				"north": {"uv": [12.375, 14.25, 12, 14.5], "rotation": 180, "texture": "#2"},
				"east": {"uv": [14.875, 8.375, 15.125, 8.625], "rotation": 270, "texture": "#2"},
				"south": {"uv": [12, 14.5, 11.625, 14.25], "texture": "#2"},
				"west": {"uv": [14.875, 8.625, 15.125, 8.875], "rotation": 90, "texture": "#2"},
				"up": {"uv": [14.25, 11.125, 14.625, 11.375], "rotation": 180, "texture": "#2"},
				"down": {"uv": [14.25, 11.375, 14.625, 11.625], "texture": "#2"}
			}
		},
		{
			"name": "dhead",
			"from": [6.22386, 2.92647, 5.36007],
			"to": [7.13586, 6.87847, 8.40007],
			"rotation": {"angle": -45, "axis": "z", "origin": [8, 10.60384, 10.867]},
			"faces": {
				"north": {"uv": [8.625, 14.375, 8.5, 15], "rotation": 180, "texture": "#2"},
				"east": {"uv": [5.875, 11.75, 6.5, 12.25], "rotation": 270, "texture": "#2"},
				"south": {"uv": [8.5, 15, 8.375, 14.375], "texture": "#2"},
				"west": {"uv": [6.625, 11.75, 7.25, 12.25], "rotation": 90, "texture": "#2"},
				"up": {"uv": [2.25, 14.875, 2.375, 15.375], "rotation": 180, "texture": "#2"},
				"down": {"uv": [2.625, 14.875, 2.75, 15.375], "texture": "#2"}
			}
		},
		{
			"name": "dhead",
			"from": [3.77904, 4.52984, 6.96007],
			"to": [4.69104, 8.48184, 10.00007],
			"rotation": {"angle": -22.5, "axis": "z", "origin": [3.03504, 7.50584, 6.88007]},
			"faces": {
				"north": {"uv": [8.875, 14.375, 8.75, 15], "rotation": 180, "texture": "#2"},
				"east": {"uv": [7.25, 11.75, 7.875, 12.25], "rotation": 270, "texture": "#2"},
				"south": {"uv": [8.75, 15, 8.625, 14.375], "texture": "#2"},
				"west": {"uv": [11.75, 8, 12.375, 8.5], "rotation": 90, "texture": "#2"},
				"up": {"uv": [3.875, 14.875, 4, 15.375], "rotation": 180, "texture": "#2"},
				"down": {"uv": [7.375, 14.875, 7.5, 15.375], "texture": "#2"}
			}
		},
		{
			"name": "dhead",
			"from": [4.33904, 2.48984, 5.56007],
			"to": [5.25104, 6.44184, 8.60007],
			"rotation": {"angle": -22.5, "axis": "z", "origin": [3.03504, 6.70584, 6.88007]},
			"faces": {
				"north": {"uv": [9.125, 14.375, 9, 15], "rotation": 180, "texture": "#2"},
				"east": {"uv": [11.75, 9.125, 12.375, 9.625], "rotation": 270, "texture": "#2"},
				"south": {"uv": [9, 15, 8.875, 14.375], "texture": "#2"},
				"west": {"uv": [11.75, 10.25, 12.375, 10.75], "rotation": 90, "texture": "#2"},
				"up": {"uv": [14.875, 8.875, 15, 9.375], "rotation": 180, "texture": "#2"},
				"down": {"uv": [10, 14.875, 10.125, 15.375], "texture": "#2"}
			}
		},
		{
			"name": "dhead",
			"from": [10.74896, 2.48984, 5.56007],
			"to": [11.66096, 6.44184, 8.60007],
			"rotation": {"angle": 22.5, "axis": "z", "origin": [12.96496, 6.70584, 6.88007]},
			"faces": {
				"north": {"uv": [13.5, 14.375, 13.375, 15], "rotation": 180, "texture": "#2"},
				"east": {"uv": [11.75, 10.75, 12.375, 11.25], "rotation": 270, "texture": "#2"},
				"south": {"uv": [14.5, 13.625, 14.375, 13], "texture": "#2"},
				"west": {"uv": [11.25, 11.75, 11.875, 12.25], "rotation": 90, "texture": "#2"},
				"up": {"uv": [10.125, 14.875, 10.25, 15.375], "rotation": 180, "texture": "#2"},
				"down": {"uv": [10.375, 14.875, 10.5, 15.375], "texture": "#2"}
			}
		},
		{
			"name": "dhead",
			"from": [11.30896, 4.52984, 6.96007],
			"to": [12.22096, 8.48184, 10.00007],
			"rotation": {"angle": 22.5, "axis": "z", "origin": [12.96496, 7.50584, 6.88007]},
			"faces": {
				"north": {"uv": [13.75, 14.375, 13.625, 15], "rotation": 180, "texture": "#2"},
				"east": {"uv": [1.5, 11.875, 2.125, 12.375], "rotation": 270, "texture": "#2"},
				"south": {"uv": [13.625, 15, 13.5, 14.375], "texture": "#2"},
				"west": {"uv": [2.125, 11.875, 2.75, 12.375], "rotation": 90, "texture": "#2"},
				"up": {"uv": [10.5, 14.875, 10.625, 15.375], "rotation": 180, "texture": "#2"},
				"down": {"uv": [10.625, 14.875, 10.75, 15.375], "texture": "#2"}
			}
		},
		{
			"name": "dhead",
			"from": [8.86414, 2.92647, 5.36007],
			"to": [9.77614, 6.87847, 8.40007],
			"rotation": {"angle": 45, "axis": "z", "origin": [8, 10.60384, 10.867]},
			"faces": {
				"north": {"uv": [14.625, 1.625, 14.5, 2.25], "rotation": 180, "texture": "#2"},
				"east": {"uv": [11.875, 3.875, 12.5, 4.375], "rotation": 270, "texture": "#2"},
				"south": {"uv": [14.5, 14.875, 14.375, 14.25], "texture": "#2"},
				"west": {"uv": [11.875, 11.75, 12.5, 12.25], "rotation": 90, "texture": "#2"},
				"up": {"uv": [10.75, 14.875, 10.875, 15.375], "rotation": 180, "texture": "#2"},
				"down": {"uv": [14.875, 11.625, 15, 12.125], "texture": "#2"}
			}
		}
	],
	"gui_light": "front",
	"display": {
		"thirdperson_righthand": {
			"translation": [0, 8.25, 0.75],
			"scale": [0.7, 0.7, 0.7]
		},
		"thirdperson_lefthand": {
			"translation": [0, 8.25, 0.75],
			"scale": [0.7, 0.7, 0.7]
		},
		"firstperson_righthand": {
			"rotation": [10.48, 0.8, -4.3],
			"translation": [2.25, 6, -2.75],
			"scale": [0.47, 0.47, 0.47]
		},
		"firstperson_lefthand": {
			"rotation": [10.48, 0.8, -4.3],
			"translation": [2.25, 6, -2.75],
			"scale": [0.47, 0.47, 0.47]
		},
		"ground": {
			"rotation": [45, 0, 0],
			"translation": [0, 2, 0],
			"scale": [0.3, 0.3, 0.3]
		},
		"gui": {
			"rotation": [113.5, 45, -90.79],
			"translation": [0.75, 0.5, 0],
			"scale": [0.49, 0.49, 0.49]
		},
		"head": {
			"translation": [0, 11.25, -3.75],
			"scale": [0, 0, 0]
		},
		"fixed": {
			"rotation": [180, -90, 180],
			"translation": [0, 1.25, -2.25],
			"scale": [0.56, 0.56, 0.56]
		}
	},
	"groups": [
		{
			"name": "chinese_dragon_shovel",
			"origin": [8, 8, 8],
			"color": 0,
			"nbt": "{}",
			"children": [
				0,
				1,
				2,
				3,
				4,
				5,
				6,
				7,
				8,
				9,
				{
					"name": "chinese_dragon_helmet",
					"origin": [4.53189, 4.5192, 5.62143],
					"color": 0,
					"nbt": "{}",
					"children": [10, 11, 12, 13, 14, 15, 16, 17, 18, 19, 20, 21, 22, 23, 24, 25, 26, 27, 28, 29, 30, 31, 32, 33, 34, 35, 36, 37, 38, 39, 40, 41, 42, 43]
				}
			]
		}
	]
}