{
	"credit": "Made with Blockbench",
	"textures": {
		"2": "item/chinese/chinese_dragon_np"
	},
	"elements": [
		{
			"from": [7.598, 10.498, 1.748],
			"to": [8.402, 16.252, 14.252],
			"rotation": {"angle": 0, "axis": "y", "origin": [8, 18.375, 8]},
			"faces": {
				"north": {"uv": [0.625, 14.125, 0.75, 14.875], "texture": "#2"},
				"east": {"uv": [7.25, 4.25, 8.875, 5], "texture": "#2"},
				"south": {"uv": [0.75, 14.125, 0.875, 14.875], "texture": "#2"},
				"west": {"uv": [8, 5, 9.625, 5.75], "texture": "#2"},
				"up": {"uv": [11, 14.75, 10.875, 13.125], "texture": "#2"},
				"down": {"uv": [11.125, 13.125, 11, 14.75], "texture": "#2"}
			}
		},
		{
			"from": [7.594, 8.369, -6.481],
			"to": [8.406, 19.381, 1.781],
			"rotation": {"angle": 0, "axis": "y", "origin": [8, 13.875, -4.85]},
			"faces": {
				"north": {"uv": [1.375, 13.25, 1.5, 14.625], "texture": "#2"},
				"east": {"uv": [2.25, 6.875, 3.25, 8.25], "texture": "#2"},
				"south": {"uv": [1.5, 13.5, 1.625, 14.875], "texture": "#2"},
				"west": {"uv": [3.25, 6.875, 4.25, 8.25], "texture": "#2"},
				"up": {"uv": [4.125, 15, 4, 14], "texture": "#2"},
				"down": {"uv": [4.25, 14, 4.125, 15], "texture": "#2"}
			}
		},
		{
			"from": [7.592, 18.20839, -6.08413],
			"to": [8.408, 22.22439, 5.78187],
			"rotation": {"angle": 22.5, "axis": "x", "origin": [8, 19.81639, -3.35113]},
			"faces": {
				"north": {"uv": [14.5, 2.25, 14.625, 2.75], "texture": "#2"},
				"east": {"uv": [8.875, 4.5, 10.375, 5], "texture": "#2"},
				"south": {"uv": [14.5, 2.75, 14.625, 3.25], "texture": "#2"},
				"west": {"uv": [8.875, 5.75, 10.375, 6.25], "texture": "#2"},
				"up": {"uv": [0.125, 14.75, 0, 13.25], "texture": "#2"},
				"down": {"uv": [0.25, 13.25, 0.125, 14.75], "texture": "#2"}
			}
		},
		{
			"from": [7.596, 19.91844, -4.18966],
			"to": [8.404, 23.92644, 1.66834],
			"rotation": {"angle": 45, "axis": "x", "origin": [8, 22.42244, -0.76066]},
			"faces": {
				"north": {"uv": [7.625, 14.75, 7.75, 15.25], "texture": "#2"},
				"east": {"uv": [1, 6.375, 1.75, 6.875], "texture": "#2"},
				"south": {"uv": [14.75, 7.875, 14.875, 8.375], "texture": "#2"},
				"west": {"uv": [5, 11.25, 5.75, 11.75], "texture": "#2"},
				"up": {"uv": [2.375, 14.875, 2.25, 14.125], "texture": "#2"},
				"down": {"uv": [2.75, 14.125, 2.625, 14.875], "texture": "#2"}
			}
		},
		{
			"from": [7.598, 21.54096, -1.15673],
			"to": [8.402, 26.89496, 2.84727],
			"rotation": {"angle": -22.5, "axis": "x", "origin": [8, 23.96796, 0.84527]},
			"faces": {
				"north": {"uv": [2.75, 14.375, 2.875, 15], "texture": "#2"},
				"east": {"uv": [5, 6.875, 5.5, 7.5], "texture": "#2"},
				"south": {"uv": [2.875, 14.375, 3, 15], "texture": "#2"},
				"west": {"uv": [11.625, 0.25, 12.125, 0.875], "texture": "#2"},
				"up": {"uv": [14.875, 8.875, 14.75, 8.375], "texture": "#2"},
				"down": {"uv": [14.875, 8.875, 14.75, 9.375], "texture": "#2"}
			}
		},
		{
			"from": [7.6, 22.33568, 0.57368],
			"to": [8.4, 27.43568, 5.57368],
			"rotation": {"angle": 22.5, "axis": "x", "origin": [8, 24.88568, 4.07368]},
			"faces": {
				"north": {"uv": [14.375, 2.875, 14.5, 3.5], "texture": "#2"},
				"east": {"uv": [11.125, 9.125, 11.75, 9.75], "texture": "#2"},
				"south": {"uv": [3, 14.375, 3.125, 15], "texture": "#2"},
				"west": {"uv": [11.125, 10.625, 11.75, 11.25], "texture": "#2"},
				"up": {"uv": [3.625, 15, 3.5, 14.375], "texture": "#2"},
				"down": {"uv": [3.75, 14.375, 3.625, 15], "texture": "#2"}
			}
		},
		{
			"from": [7.6, 0.56432, 0.57368],
			"to": [8.4, 5.66432, 5.57368],
			"rotation": {"angle": -22.5, "axis": "x", "origin": [8, 3.11432, 4.07368]},
			"faces": {
				"north": {"uv": [14.375, 3.5, 14.5, 2.875], "texture": "#2"},
				"east": {"uv": [11.125, 9.75, 11.75, 9.125], "texture": "#2"},
				"south": {"uv": [3, 15, 3.125, 14.375], "texture": "#2"},
				"west": {"uv": [11.125, 11.25, 11.75, 10.625], "texture": "#2"},
				"up": {"uv": [3.75, 15, 3.625, 14.375], "texture": "#2"},
				"down": {"uv": [3.625, 14.375, 3.5, 15], "texture": "#2"}
			}
		},
		{
			"from": [7.598, 1.10504, -1.15673],
			"to": [8.402, 6.45904, 2.84727],
			"rotation": {"angle": 22.5, "axis": "x", "origin": [8, 4.03204, 0.84527]},
			"faces": {
				"north": {"uv": [2.75, 15, 2.875, 14.375], "texture": "#2"},
				"east": {"uv": [5, 7.5, 5.5, 6.875], "texture": "#2"},
				"south": {"uv": [2.875, 15, 3, 14.375], "texture": "#2"},
				"west": {"uv": [11.625, 0.875, 12.125, 0.25], "texture": "#2"},
				"up": {"uv": [14.875, 9.375, 14.75, 8.875], "texture": "#2"},
				"down": {"uv": [14.875, 8.375, 14.75, 8.875], "texture": "#2"}
			}
		},
		{
			"from": [7.596, 4.07356, -4.18966],
			"to": [8.404, 8.08156, 1.66834],
			"rotation": {"angle": -45, "axis": "x", "origin": [8, 5.57756, -0.76066]},
			"faces": {
				"north": {"uv": [7.625, 15.25, 7.75, 14.75], "texture": "#2"},
				"east": {"uv": [1, 6.875, 1.75, 6.375], "texture": "#2"},
				"south": {"uv": [14.75, 8.375, 14.875, 7.875], "texture": "#2"},
				"west": {"uv": [5, 11.75, 5.75, 11.25], "texture": "#2"},
				"up": {"uv": [2.75, 14.875, 2.625, 14.125], "texture": "#2"},
				"down": {"uv": [2.375, 14.125, 2.25, 14.875], "texture": "#2"}
			}
		},
		{
			"from": [7.592, 5.77561, -6.08413],
			"to": [8.408, 9.79161, 6.78187],
			"rotation": {"angle": -22.5, "axis": "x", "origin": [8, 8.18361, -3.35113]},
			"faces": {
				"north": {"uv": [14.5, 2.75, 14.625, 2.25], "texture": "#2"},
				"east": {"uv": [8.875, 5, 10.375, 4.5], "texture": "#2"},
				"south": {"uv": [14.5, 3.25, 14.625, 2.75], "texture": "#2"},
				"west": {"uv": [8.875, 6.25, 10.375, 5.75], "texture": "#2"},
				"up": {"uv": [0.25, 14.75, 0.125, 13.25], "texture": "#2"},
				"down": {"uv": [0.125, 13.25, 0, 14.75], "texture": "#2"}
			}
		},
		{
			"from": [7.6, 11.5, -9.1],
			"to": [8.4, 18.25, -2.35],
			"rotation": {"angle": 45, "axis": "x", "origin": [8, 13.375, -6.475]},
			"faces": {
				"north": {"uv": [10.125, 1.125, 10.25, 2], "texture": "#2"},
				"east": {"uv": [3.125, 8.25, 4, 9.125], "texture": "#2"},
				"south": {"uv": [7.375, 14, 7.5, 14.875], "texture": "#2"},
				"west": {"uv": [5, 8.5, 5.875, 9.375], "texture": "#2"},
				"up": {"uv": [12.75, 14.875, 12.625, 14], "texture": "#2"},
				"down": {"uv": [12.875, 14, 12.75, 14.875], "texture": "#2"}
			}
		},
		{
			"from": [7.6, 11.5, 12.35],
			"to": [8.4, 20.25, 21.1],
			"rotation": {"angle": -45, "axis": "x", "origin": [8, 13.375, 19.475]},
			"faces": {
				"north": {"uv": [10.25, 13.5, 10.375, 14.625], "texture": "#2"},
				"east": {"uv": [7, 0, 8.125, 1.125], "texture": "#2"},
				"south": {"uv": [4.75, 13.625, 4.875, 14.75], "texture": "#2"},
				"west": {"uv": [7, 1.125, 8.125, 2.25], "texture": "#2"},
				"up": {"uv": [5, 14.75, 4.875, 13.625], "texture": "#2"},
				"down": {"uv": [6.625, 13.625, 6.5, 14.75], "texture": "#2"}
			}
		},
		{
			"from": [7.25, -10.5, 7.25],
			"to": [8.75, 12, 8.75],
			"rotation": {"angle": 0, "axis": "y", "origin": [8, -8, 8]},
			"faces": {
				"north": {"uv": [4, 8.25, 4.25, 11.125], "texture": "#2"},
				"east": {"uv": [6.625, 8.875, 6.875, 11.75], "texture": "#2"},
				"south": {"uv": [6.875, 8.875, 7.125, 11.75], "texture": "#2"},
				"west": {"uv": [7.125, 8.875, 7.375, 11.75], "texture": "#2"},
				"up": {"uv": [11.125, 9.375, 10.875, 9.125], "texture": "#2"},
				"down": {"uv": [12.75, 2.625, 12.5, 2.875], "texture": "#2"}
			}
		},
		{
			"from": [6.75, 9.25, 6.75],
			"to": [9.25, 10.5, 9.25],
			"rotation": {"angle": 0, "axis": "y", "origin": [8, 10.875, 8]},
			"faces": {
				"north": {"uv": [13, 12.125, 13.375, 12.25], "texture": "#2"},
				"east": {"uv": [13.125, 0.625, 13.5, 0.75], "texture": "#2"},
				"south": {"uv": [13.75, 12.125, 14.125, 12.25], "texture": "#2"},
				"west": {"uv": [14.75, 3.375, 15.125, 3.5], "texture": "#2"},
				"up": {"uv": [3.875, 12.625, 3.5, 12.25], "texture": "#2"},
				"down": {"uv": [13.875, 1.125, 13.5, 1.5], "texture": "#2"}
			}
		},
		{
			"from": [6.75, -11.75, 6.75],
			"to": [9.25, -10.5, 9.25],
			"rotation": {"angle": -45, "axis": "y", "origin": [8, -11.125, 8]},
			"faces": {
				"north": {"uv": [14.75, 12.125, 15.125, 12.25], "texture": "#2"},
				"east": {"uv": [14.875, 3.75, 15.25, 3.875], "texture": "#2"},
				"south": {"uv": [14.875, 4.125, 15.25, 4.25], "texture": "#2"},
				"west": {"uv": [14.875, 10.5, 15.25, 10.625], "texture": "#2"},
				"up": {"uv": [11.625, 14, 11.25, 13.625], "texture": "#2"},
				"down": {"uv": [12, 13.625, 11.625, 14], "texture": "#2"}
			}
		},
		{
			"from": [7.5, -15.75, 6.25],
			"to": [8.5, -11.75, 9.75],
			"rotation": {"angle": 0, "axis": "y", "origin": [8, -13.75, 8]},
			"faces": {
				"north": {"uv": [14.5, 7.5, 14.625, 8], "texture": "#2"},
				"east": {"uv": [7.125, 12.25, 7.625, 12.75], "texture": "#2"},
				"south": {"uv": [7.75, 14.5, 7.875, 15], "texture": "#2"},
				"west": {"uv": [12.25, 7.5, 12.75, 8], "texture": "#2"},
				"up": {"uv": [8, 15, 7.875, 14.5], "texture": "#2"},
				"down": {"uv": [8.125, 14.5, 8, 15], "texture": "#2"}
			}
		},
		{
			"name": "dhead",
			"from": [4.00512, 12.17545, 4.79507],
			"to": [11.99488, 19.25321, 12.78483],
			"rotation": {"angle": 0, "axis": "y", "origin": [8, 17.38477, 6.92332]},
			"faces": {
				"north": {"uv": [5.5, 6.375, 6.75, 7.5], "texture": "#2"},
				"east": {"uv": [6.75, 5.125, 8, 6.25], "texture": "#2"},
				"south": {"uv": [6.75, 6.25, 8, 7.375], "texture": "#2"},
				"west": {"uv": [1, 6.875, 2.25, 8], "texture": "#2"},
				"up": {"uv": [4.25, 6.875, 3, 5.625], "texture": "#2"},
				"down": {"uv": [5.5, 5.625, 4.25, 6.875], "texture": "#2"}
			}
		},
		{
			"name": "dhead",
			"from": [4.81152, 15.5763, 11.56807],
			"to": [11.18848, 18.84126, 12.94503],
			"rotation": {"angle": 22.5, "axis": "x", "origin": [8, 15.30878, 9.75655]},
			"faces": {
				"north": {"uv": [9.75, 8.375, 10.75, 8.875], "texture": "#2"},
				"east": {"uv": [11.125, 14, 11.375, 14.5], "texture": "#2"},
				"south": {"uv": [9.875, 8.875, 10.875, 9.375], "texture": "#2"},
				"west": {"uv": [11.375, 14, 11.625, 14.5], "texture": "#2"},
				"up": {"uv": [13.75, 0.25, 12.75, 0], "texture": "#2"},
				"down": {"uv": [13.75, 3.625, 12.75, 3.875], "texture": "#2"}
			}
		},
		{
			"name": "dhead",
			"from": [4.03152, 13.0316, 10.11641],
			"to": [11.96848, 14.60856, 13.58137],
			"rotation": {"angle": -45, "axis": "x", "origin": [8, 15.52008, 11.74889]},
			"faces": {
				"north": {"uv": [11.625, 0.875, 12.875, 1.125], "texture": "#2"},
				"east": {"uv": [11.625, 14, 12.125, 14.25], "texture": "#2"},
				"south": {"uv": [11.625, 1.125, 12.875, 1.375], "texture": "#2"},
				"west": {"uv": [12.125, 14, 12.625, 14.25], "texture": "#2"},
				"up": {"uv": [10.25, 1.125, 9, 0.625], "texture": "#2"},
				"down": {"uv": [9.125, 9.25, 7.875, 9.75], "texture": "#2"}
			}
		},
		{
			"name": "dhead",
			"from": [4.81152, 12.64781, 11.65599],
			"to": [11.18848, 14.22477, 13.52095],
			"rotation": {"angle": -22.5, "axis": "x", "origin": [8, 15.23629, 13.38847]},
			"faces": {
				"north": {"uv": [12.75, 7.375, 13.75, 7.625], "texture": "#2"},
				"east": {"uv": [14.75, 9.375, 15, 9.625], "texture": "#2"},
				"south": {"uv": [12.75, 7.625, 13.75, 7.875], "texture": "#2"},
				"west": {"uv": [14.75, 10.25, 15, 10.5], "texture": "#2"},
				"up": {"uv": [12.25, 13, 11.25, 12.75], "texture": "#2"},
				"down": {"uv": [13.25, 12.75, 12.25, 13], "texture": "#2"}
			}
		},
		{
			"name": "dhead",
			"from": [5.00864, 13.63687, 0.1549],
			"to": [10.99136, 16.12967, 7.88186],
			"rotation": {"angle": 45, "axis": "x", "origin": [8, 15.38477, 5.17332]},
			"faces": {
				"north": {"uv": [8.875, 7.875, 9.75, 8.25], "texture": "#2"},
				"east": {"uv": [10.25, 3.625, 11.5, 4], "texture": "#2"},
				"south": {"uv": [11.375, 5.5, 12.25, 5.875], "texture": "#2"},
				"west": {"uv": [10.625, 4, 11.875, 4.375], "texture": "#2"},
				"up": {"uv": [1.875, 9.25, 1, 8], "texture": "#2"},
				"down": {"uv": [8.875, 5.75, 8, 7], "texture": "#2"}
			}
		},
		{
			"name": "dhead",
			"from": [5.20864, 12.20499, 0.92933],
			"to": [10.79136, 13.59123, 8.90629],
			"rotation": {"angle": -45, "axis": "x", "origin": [8, 12.89811, 4.91781]},
			"faces": {
				"north": {"uv": [13.125, 10, 14, 10.25], "texture": "#2"},
				"east": {"uv": [11.625, 1.375, 12.875, 1.625], "texture": "#2"},
				"south": {"uv": [13.125, 13, 14, 13.25], "texture": "#2"},
				"west": {"uv": [4.25, 11.75, 5.5, 12], "texture": "#2"},
				"up": {"uv": [8.875, 8.25, 8, 7], "texture": "#2"},
				"down": {"uv": [9, 0, 8.125, 1.25], "texture": "#2"}
			}
		},
		{
			"name": "dhead",
			"from": [9.29568, 16.12967, 0.1549],
			"to": [10.1328, 17.12679, 2.14914],
			"rotation": {"angle": 45, "axis": "x", "origin": [8, 15.38477, 5.17332]},
			"faces": {
				"north": {"uv": [15.125, 13.875, 15.25, 14], "texture": "#2"},
				"east": {"uv": [15.125, 4, 15.375, 4.125], "texture": "#2"},
				"south": {"uv": [15.125, 14, 15.25, 14.125], "texture": "#2"},
				"west": {"uv": [8.625, 15.125, 8.875, 15.25], "texture": "#2"},
				"up": {"uv": [15.25, 8.875, 15.125, 8.625], "texture": "#2"},
				"down": {"uv": [9, 15.125, 8.875, 15.375], "texture": "#2"}
			}
		},
		{
			"name": "dhead",
			"from": [5.8672, 16.12967, 0.1549],
			"to": [6.70432, 17.12679, 2.14914],
			"rotation": {"angle": 45, "axis": "x", "origin": [8, 15.38477, 5.17332]},
			"faces": {
				"north": {"uv": [15.125, 14.125, 15.25, 14.25], "texture": "#2"},
				"east": {"uv": [9, 15.125, 9.25, 15.25], "texture": "#2"},
				"south": {"uv": [15.125, 14.25, 15.25, 14.375], "texture": "#2"},
				"west": {"uv": [9.5, 15.125, 9.75, 15.25], "texture": "#2"},
				"up": {"uv": [15.25, 9.875, 15.125, 9.625], "texture": "#2"},
				"down": {"uv": [9.875, 15.125, 9.75, 15.375], "texture": "#2"}
			}
		},
		{
			"name": "dhead",
			"from": [5.5072, 18.58327, 4.90291],
			"to": [6.50432, 20.57751, 7.28627],
			"rotation": {"angle": 22.5, "axis": "x", "origin": [8, 17.38477, 6.92332]},
			"faces": {
				"north": {"uv": [9.875, 15.125, 10, 15.375], "texture": "#2"},
				"east": {"uv": [13.375, 14.125, 13.75, 14.375], "texture": "#2"},
				"south": {"uv": [15.125, 9.875, 15.25, 10.125], "texture": "#2"},
				"west": {"uv": [14.125, 14, 14.5, 14.25], "texture": "#2"},
				"up": {"uv": [15.25, 6.875, 15.125, 6.5], "texture": "#2"},
				"down": {"uv": [6.75, 15.125, 6.625, 15.5], "texture": "#2"}
			}
		},
		{
			"name": "dhead",
			"from": [5.1072, 19.75473, 6.61136],
			"to": [6.10432, 23.26897, 8.99472],
			"rotation": {"angle": 45, "axis": "x", "origin": [8, 17.38477, 6.92332]},
			"faces": {
				"north": {"uv": [12, 14.75, 12.125, 15.25], "texture": "#2"},
				"east": {"uv": [5, 13.375, 5.375, 13.875], "texture": "#2"},
				"south": {"uv": [12.125, 14.75, 12.25, 15.25], "texture": "#2"},
				"west": {"uv": [13.375, 11.75, 13.75, 12.25], "texture": "#2"},
				"up": {"uv": [6.875, 15.5, 6.75, 15.125], "texture": "#2"},
				"down": {"uv": [7, 15.125, 6.875, 15.5], "texture": "#2"}
			}
		},
		{
			"name": "dhead",
			"from": [1.42343, 20.77639, 8.72778],
			"to": [3.55143, 21.88295, 10.38154],
			"rotation": {"angle": -45, "axis": "z", "origin": [3.01728, 21.0616, 9.5483]},
			"faces": {
				"north": {"uv": [15, 9.5, 15.375, 9.625], "texture": "#2"},
				"east": {"uv": [15.125, 10.125, 15.375, 10.25], "texture": "#2"},
				"south": {"uv": [15, 10.25, 15.375, 10.375], "texture": "#2"},
				"west": {"uv": [15.125, 10.625, 15.375, 10.75], "texture": "#2"},
				"up": {"uv": [14.625, 0.5, 14.25, 0.25], "texture": "#2"},
				"down": {"uv": [14.625, 0.5, 14.25, 0.75], "texture": "#2"}
			}
		},
		{
			"name": "dhead",
			"from": [2.42901, 19.73009, 8.70778],
			"to": [3.97576, 21.26468, 10.37613],
			"rotation": {"angle": 0, "axis": "y", "origin": [3.01728, 21.0616, 9.5483]},
			"faces": {
				"north": {"uv": [14.75, 12.625, 15, 12.875], "texture": "#2"},
				"east": {"uv": [14.75, 12.875, 15, 13.125], "texture": "#2"},
				"south": {"uv": [14.75, 13.125, 15, 13.375], "texture": "#2"},
				"west": {"uv": [14.75, 13.375, 15, 13.625], "texture": "#2"},
				"up": {"uv": [15, 14.125, 14.75, 13.875], "texture": "#2"},
				"down": {"uv": [15, 14.125, 14.75, 14.375], "texture": "#2"}
			}
		},
		{
			"name": "dhead",
			"from": [12.44857, 20.77639, 8.72778],
			"to": [14.57657, 21.88295, 10.38154],
			"rotation": {"angle": 45, "axis": "z", "origin": [12.98272, 21.0616, 9.5483]},
			"faces": {
				"north": {"uv": [15, 10.375, 15.375, 10.5], "texture": "#2"},
				"east": {"uv": [15.125, 10.75, 15.375, 10.875], "texture": "#2"},
				"south": {"uv": [15, 12, 15.375, 12.125], "texture": "#2"},
				"west": {"uv": [15.125, 10.875, 15.375, 11], "texture": "#2"},
				"up": {"uv": [14.625, 1, 14.25, 0.75], "texture": "#2"},
				"down": {"uv": [14.625, 1, 14.25, 1.25], "texture": "#2"}
			}
		},
		{
			"name": "dhead",
			"from": [12.02424, 19.73009, 8.70778],
			"to": [13.57099, 21.26468, 10.37613],
			"rotation": {"angle": 0, "axis": "y", "origin": [12.98272, 21.0616, 9.5483]},
			"faces": {
				"north": {"uv": [14.75, 14.375, 15, 14.625], "texture": "#2"},
				"east": {"uv": [14.5, 14.75, 14.75, 15], "texture": "#2"},
				"south": {"uv": [14.75, 14.625, 15, 14.875], "texture": "#2"},
				"west": {"uv": [14.875, 0.25, 15.125, 0.5], "texture": "#2"},
				"up": {"uv": [15.125, 0.75, 14.875, 0.5], "texture": "#2"},
				"down": {"uv": [0.875, 14.875, 0.625, 15.125], "texture": "#2"}
			}
		},
		{
			"name": "dhead",
			"from": [2.42972, 15.08287, 8.70534],
			"to": [4.88118, 16.69528, 10.37856],
			"rotation": {"angle": -45, "axis": "z", "origin": [8, 17.38477, 6.76332]},
			"faces": {
				"north": {"uv": [14.25, 1.25, 14.625, 1.5], "texture": "#2"},
				"east": {"uv": [14.875, 0.75, 15.125, 1], "texture": "#2"},
				"south": {"uv": [14.25, 4.25, 14.625, 4.5], "texture": "#2"},
				"west": {"uv": [0.875, 14.875, 1.125, 15.125], "texture": "#2"},
				"up": {"uv": [5.375, 14.5, 5, 14.25], "texture": "#2"},
				"down": {"uv": [14.625, 5.375, 14.25, 5.625], "texture": "#2"}
			}
		},
		{
			"name": "dhead",
			"from": [4.12682, 19.20613, 10.88659],
			"to": [5.11178, 24.06465, 11.93235],
			"rotation": {"angle": 22.5, "axis": "x", "origin": [8, 17.38477, 6.92332]},
			"faces": {
				"north": {"uv": [14.25, 5.875, 14.375, 6.625], "texture": "#2"},
				"east": {"uv": [6.625, 14.25, 6.75, 15], "texture": "#2"},
				"south": {"uv": [6.75, 14.25, 6.875, 15], "texture": "#2"},
				"west": {"uv": [6.875, 14.25, 7, 15], "texture": "#2"},
				"up": {"uv": [15.25, 14.5, 15.125, 14.375], "texture": "#2"},
				"down": {"uv": [15.25, 14.5, 15.125, 14.625], "texture": "#2"}
			}
		},
		{
			"name": "dhead",
			"from": [0.1585, 14.94123, 11.61107],
			"to": [5.0225, 15.92619, 12.65683],
			"rotation": {"angle": -45, "axis": "z", "origin": [8, 17.38477, 6.92332]},
			"faces": {
				"north": {"uv": [7.25, 5, 8, 5.125], "texture": "#2"},
				"east": {"uv": [15.125, 14.625, 15.25, 14.75], "texture": "#2"},
				"south": {"uv": [9.375, 1.875, 10.125, 2], "texture": "#2"},
				"west": {"uv": [15.125, 14.75, 15.25, 14.875], "texture": "#2"},
				"up": {"uv": [10.375, 5.75, 9.625, 5.625], "texture": "#2"},
				"down": {"uv": [12, 7.5, 11.25, 7.625], "texture": "#2"}
			}
		},
		{
			"name": "dhead",
			"from": [1.80758, 20.83188, 10.21267],
			"to": [2.91414, 22.95988, 11.86643],
			"rotation": {"angle": 22.5, "axis": "z", "origin": [8, 17.38477, 6.92332]},
			"faces": {
				"north": {"uv": [15.125, 6.875, 15.25, 7.25], "texture": "#2"},
				"east": {"uv": [1.75, 5.25, 2, 5.625], "texture": "#2"},
				"south": {"uv": [15.125, 7.25, 15.25, 7.625], "texture": "#2"},
				"west": {"uv": [5.25, 3.125, 5.5, 3.5], "texture": "#2"},
				"up": {"uv": [10.375, 15.375, 10.25, 15.125], "texture": "#2"},
				"down": {"uv": [15.25, 11, 15.125, 11.25], "texture": "#2"}
			}
		},
		{
			"name": "dhead",
			"from": [1.17653, 15.43625, 10.20538],
			"to": [3.31912, 16.983, 11.87373],
			"rotation": {"angle": -22.5, "axis": "z", "origin": [8, 17.38477, 6.92332]},
			"faces": {
				"north": {"uv": [14.25, 6.625, 14.625, 6.875], "texture": "#2"},
				"east": {"uv": [1.125, 14.875, 1.375, 15.125], "texture": "#2"},
				"south": {"uv": [7.5, 14.25, 7.875, 14.5], "texture": "#2"},
				"west": {"uv": [1.5, 14.875, 1.75, 15.125], "texture": "#2"},
				"up": {"uv": [8.25, 14.5, 7.875, 14.25], "texture": "#2"},
				"down": {"uv": [14.625, 8.5, 14.25, 8.75], "texture": "#2"}
			}
		},
		{
			"name": "dhead",
			"from": [2.91608, 17.37567, 10.20294],
			"to": [4.15154, 18.98809, 11.87616],
			"rotation": {"angle": 0, "axis": "y", "origin": [8, 17.38477, 6.92332]},
			"faces": {
				"north": {"uv": [14.875, 4.5, 15.125, 4.75], "texture": "#2"},
				"east": {"uv": [14.875, 4.75, 15.125, 5], "texture": "#2"},
				"south": {"uv": [14.875, 5, 15.125, 5.25], "texture": "#2"},
				"west": {"uv": [14.875, 5.25, 15.125, 5.5], "texture": "#2"},
				"up": {"uv": [15.125, 5.75, 14.875, 5.5], "texture": "#2"},
				"down": {"uv": [15.125, 5.75, 14.875, 6], "texture": "#2"}
			}
		},
		{
			"name": "dhead",
			"from": [9.89568, 19.75473, 6.61136],
			"to": [10.8928, 23.26897, 8.99472],
			"rotation": {"angle": 45, "axis": "x", "origin": [8, 17.38477, 6.92332]},
			"faces": {
				"north": {"uv": [12.25, 14.75, 12.375, 15.25], "texture": "#2"},
				"east": {"uv": [13.375, 13.25, 13.75, 13.75], "texture": "#2"},
				"south": {"uv": [1.75, 14.875, 1.875, 15.375], "texture": "#2"},
				"west": {"uv": [13.5, 0.625, 13.875, 1.125], "texture": "#2"},
				"up": {"uv": [15.25, 8, 15.125, 7.625], "texture": "#2"},
				"down": {"uv": [7.875, 15.125, 7.75, 15.5], "texture": "#2"}
			}
		},
		{
			"name": "dhead",
			"from": [9.49568, 18.58327, 4.90291],
			"to": [10.4928, 20.57751, 7.28627],
			"rotation": {"angle": 22.5, "axis": "x", "origin": [8, 17.38477, 6.92332]},
			"faces": {
				"north": {"uv": [15.125, 11.25, 15.25, 11.5], "texture": "#2"},
				"east": {"uv": [14.25, 8.75, 14.625, 9], "texture": "#2"},
				"south": {"uv": [15.125, 11.5, 15.25, 11.75], "texture": "#2"},
				"west": {"uv": [14.25, 9, 14.625, 9.25], "texture": "#2"},
				"up": {"uv": [8, 15.5, 7.875, 15.125], "texture": "#2"},
				"down": {"uv": [8.125, 15.125, 8, 15.5], "texture": "#2"}
			}
		},
		{
			"name": "dhead",
			"from": [10.88822, 19.20613, 10.88659],
			"to": [11.87318, 24.06465, 11.93235],
			"rotation": {"angle": 22.5, "axis": "x", "origin": [8, 17.38477, 6.92332]},
			"faces": {
				"north": {"uv": [7, 14.25, 7.125, 15], "texture": "#2"},
				"east": {"uv": [9.125, 14.25, 9.25, 15], "texture": "#2"},
				"south": {"uv": [9.25, 14.25, 9.375, 15], "texture": "#2"},
				"west": {"uv": [9.375, 14.25, 9.5, 15], "texture": "#2"},
				"up": {"uv": [15.25, 15, 15.125, 14.875], "texture": "#2"},
				"down": {"uv": [15.25, 15, 15.125, 15.125], "texture": "#2"}
			}
		},
		{
			"name": "dhead",
			"from": [10.9775, 14.94123, 11.61107],
			"to": [15.8415, 15.92619, 12.65683],
			"rotation": {"angle": 45, "axis": "z", "origin": [8, 17.38477, 6.92332]},
			"faces": {
				"north": {"uv": [4.25, 11.625, 5, 11.75], "texture": "#2"},
				"east": {"uv": [15.125, 15.125, 15.25, 15.25], "texture": "#2"},
				"south": {"uv": [12.125, 0.75, 12.875, 0.875], "texture": "#2"},
				"west": {"uv": [0, 15.25, 0.125, 15.375], "texture": "#2"},
				"up": {"uv": [14.875, 3.875, 14.125, 3.75], "texture": "#2"},
				"down": {"uv": [14.875, 10.5, 14.125, 10.625], "texture": "#2"}
			}
		},
		{
			"name": "dhead",
			"from": [13.08586, 20.83188, 10.21267],
			"to": [14.19242, 22.95988, 11.86643],
			"rotation": {"angle": -22.5, "axis": "z", "origin": [8, 17.38477, 6.92332]},
			"faces": {
				"north": {"uv": [15.125, 8, 15.25, 8.375], "texture": "#2"},
				"east": {"uv": [9.5, 14.25, 9.75, 14.625], "texture": "#2"},
				"south": {"uv": [8.125, 15.125, 8.25, 15.5], "texture": "#2"},
				"west": {"uv": [9.75, 14.25, 10, 14.625], "texture": "#2"},
				"up": {"uv": [15.25, 12, 15.125, 11.75], "texture": "#2"},
				"down": {"uv": [15.25, 12.125, 15.125, 12.375], "texture": "#2"}
			}
		},
		{
			"name": "dhead",
			"from": [11.84846, 17.37567, 10.20294],
			"to": [13.08392, 18.98809, 11.87616],
			"rotation": {"angle": 0, "axis": "y", "origin": [8, 17.38477, 6.92332]},
			"faces": {
				"north": {"uv": [14.875, 6, 15.125, 6.25], "texture": "#2"},
				"east": {"uv": [14.875, 6.25, 15.125, 6.5], "texture": "#2"},
				"south": {"uv": [14.875, 6.875, 15.125, 7.125], "texture": "#2"},
				"west": {"uv": [14.875, 7.125, 15.125, 7.375], "texture": "#2"},
				"up": {"uv": [15.125, 7.625, 14.875, 7.375], "texture": "#2"},
				"down": {"uv": [15.125, 7.625, 14.875, 7.875], "texture": "#2"}
			}
		},
		{
			"name": "dhead",
			"from": [12.68088, 15.43625, 10.20538],
			"to": [14.82347, 16.983, 11.87373],
			"rotation": {"angle": 22.5, "axis": "z", "origin": [8, 17.38477, 6.92332]},
			"faces": {
				"north": {"uv": [14.25, 9.75, 14.625, 10], "texture": "#2"},
				"east": {"uv": [14.875, 7.875, 15.125, 8.125], "texture": "#2"},
				"south": {"uv": [14.25, 10, 14.625, 10.25], "texture": "#2"},
				"west": {"uv": [14.875, 8.125, 15.125, 8.375], "texture": "#2"},
				"up": {"uv": [14.625, 10.875, 14.25, 10.625], "texture": "#2"},
				"down": {"uv": [14.625, 10.875, 14.25, 11.125], "texture": "#2"}
			}
		},
		{
			"name": "dhead",
			"from": [11.11882, 15.08287, 8.70534],
			"to": [13.57028, 16.69528, 10.37856],
			"rotation": {"angle": 45, "axis": "z", "origin": [8, 17.38477, 6.76332]},
			"faces": {
				"north": {"uv": [14.25, 11.125, 14.625, 11.375], "texture": "#2"},
				"east": {"uv": [14.875, 8.375, 15.125, 8.625], "texture": "#2"},
				"south": {"uv": [14.25, 11.375, 14.625, 11.625], "texture": "#2"},
				"west": {"uv": [14.875, 8.625, 15.125, 8.875], "texture": "#2"},
				"up": {"uv": [12, 14.5, 11.625, 14.25], "texture": "#2"},
				"down": {"uv": [12.375, 14.25, 12, 14.5], "texture": "#2"}
			}
		},
		{
			"name": "dhead",
			"from": [6.22386, 11.87785, 9.84869],
			"to": [7.13586, 14.91785, 13.80069],
			"rotation": {"angle": -45, "axis": "y", "origin": [8, 17.38477, 6.12332]},
			"faces": {
				"north": {"uv": [2.25, 14.875, 2.375, 15.375], "texture": "#2"},
				"east": {"uv": [5.875, 11.75, 6.5, 12.25], "texture": "#2"},
				"south": {"uv": [2.625, 14.875, 2.75, 15.375], "texture": "#2"},
				"west": {"uv": [6.625, 11.75, 7.25, 12.25], "texture": "#2"},
				"up": {"uv": [8.5, 15, 8.375, 14.375], "texture": "#2"},
				"down": {"uv": [8.625, 14.375, 8.5, 15], "texture": "#2"}
			}
		},
		{
			"name": "dhead",
			"from": [3.77904, 13.47785, 8.24532],
			"to": [4.69104, 16.51785, 12.19732],
			"rotation": {"angle": -22.5, "axis": "y", "origin": [3.03504, 13.39785, 9.22132]},
			"faces": {
				"north": {"uv": [3.875, 14.875, 4, 15.375], "texture": "#2"},
				"east": {"uv": [7.25, 11.75, 7.875, 12.25], "texture": "#2"},
				"south": {"uv": [7.375, 14.875, 7.5, 15.375], "texture": "#2"},
				"west": {"uv": [11.75, 8, 12.375, 8.5], "texture": "#2"},
				"up": {"uv": [8.75, 15, 8.625, 14.375], "texture": "#2"},
				"down": {"uv": [8.875, 14.375, 8.75, 15], "texture": "#2"}
			}
		},
		{
			"name": "dhead",
			"from": [4.33904, 12.07785, 10.28532],
			"to": [5.25104, 15.11785, 14.23732],
			"rotation": {"angle": -22.5, "axis": "y", "origin": [3.03504, 13.39785, 10.02132]},
			"faces": {
				"north": {"uv": [14.875, 8.875, 15, 9.375], "texture": "#2"},
				"east": {"uv": [11.75, 9.125, 12.375, 9.625], "texture": "#2"},
				"south": {"uv": [10, 14.875, 10.125, 15.375], "texture": "#2"},
				"west": {"uv": [11.75, 10.25, 12.375, 10.75], "texture": "#2"},
				"up": {"uv": [9, 15, 8.875, 14.375], "texture": "#2"},
				"down": {"uv": [9.125, 14.375, 9, 15], "texture": "#2"}
			}
		},
		{
			"name": "dhead",
			"from": [10.74896, 12.07785, 10.28532],
			"to": [11.66096, 15.11785, 14.23732],
			"rotation": {"angle": 22.5, "axis": "y", "origin": [12.96496, 13.39785, 10.02132]},
			"faces": {
				"north": {"uv": [10.125, 14.875, 10.25, 15.375], "texture": "#2"},
				"east": {"uv": [11.75, 10.75, 12.375, 11.25], "texture": "#2"},
				"south": {"uv": [10.375, 14.875, 10.5, 15.375], "texture": "#2"},
				"west": {"uv": [11.25, 11.75, 11.875, 12.25], "texture": "#2"},
				"up": {"uv": [14.5, 13.625, 14.375, 13], "texture": "#2"},
				"down": {"uv": [13.5, 14.375, 13.375, 15], "texture": "#2"}
			}
		},
		{
			"name": "dhead",
			"from": [11.30896, 13.47785, 8.24532],
			"to": [12.22096, 16.51785, 12.19732],
			"rotation": {"angle": 22.5, "axis": "y", "origin": [12.96496, 13.39785, 9.22132]},
			"faces": {
				"north": {"uv": [10.5, 14.875, 10.625, 15.375], "texture": "#2"},
				"east": {"uv": [1.5, 11.875, 2.125, 12.375], "texture": "#2"},
				"south": {"uv": [10.625, 14.875, 10.75, 15.375], "texture": "#2"},
				"west": {"uv": [2.125, 11.875, 2.75, 12.375], "texture": "#2"},
				"up": {"uv": [13.625, 15, 13.5, 14.375], "texture": "#2"},
				"down": {"uv": [13.75, 14.375, 13.625, 15], "texture": "#2"}
			}
		},
		{
			"name": "dhead",
			"from": [8.86414, 11.87785, 9.84869],
			"to": [9.77614, 14.91785, 13.80069],
			"rotation": {"angle": 45, "axis": "y", "origin": [8, 17.38477, 6.12332]},
			"faces": {
				"north": {"uv": [10.75, 14.875, 10.875, 15.375], "texture": "#2"},
				"east": {"uv": [11.875, 3.875, 12.5, 4.375], "texture": "#2"},
				"south": {"uv": [14.875, 11.625, 15, 12.125], "texture": "#2"},
				"west": {"uv": [11.875, 11.75, 12.5, 12.25], "texture": "#2"},
				"up": {"uv": [14.5, 14.875, 14.375, 14.25], "texture": "#2"},
				"down": {"uv": [14.625, 1.625, 14.5, 2.25], "texture": "#2"}
			}
		}
	],
	"gui_light": "front",
	"display": {
		"thirdperson_righthand": {
			"translation": [0, 8.25, 0.75],
			"scale": [0.7, 0.7, 0.7]
		},
		"thirdperson_lefthand": {
			"translation": [0, 8.25, 0.75],
			"scale": [0.7, 0.7, 0.7]
		},
		"firstperson_righthand": {
			"rotation": [10.48, 0.8, -4.3],
			"translation": [2.25, 6, -2.75],
			"scale": [0.47, 0.47, 0.47]
		},
		"firstperson_lefthand": {
			"rotation": [10.48, 0.8, -4.3],
			"translation": [2.25, 6, -2.75],
			"scale": [0.47, 0.47, 0.47]
		},
		"ground": {
			"rotation": [45, 0, 0],
			"translation": [0, 2, 0],
			"scale": [0.3, 0.3, 0.3]
		},
		"gui": {
			"rotation": [113.5, 45, -90.79],
			"translation": [0.5, -0.5, 0],
			"scale": [0.44, 0.44, 0.44]
		},
		"head": {
			"translation": [0, 11.25, -3.75],
			"scale": [0, 0, 0]
		},
		"fixed": {
			"rotation": [180, -90, 180],
			"translation": [0, 1.25, -2.25],
			"scale": [0.56, 0.56, 0.56]
		}
	},
	"groups": [
		{
			"name": "chinese_dragon_axe",
			"origin": [8, -13.75, 8],
			"color": 0,
			"nbt": "{}",
			"children": [
				0,
				1,
				2,
				3,
				4,
				5,
				6,
				7,
				8,
				9,
				10,
				11,
				12,
				13,
				14,
				15,
				{
					"name": "chinese_dragon_helmet",
					"origin": [4.53189, 4.5192, 5.62143],
					"color": 0,
					"nbt": "{}",
					"children": [16, 17, 18, 19, 20, 21, 22, 23, 24, 25, 26, 27, 28, 29, 30, 31, 32, 33, 34, 35, 36, 37, 38, 39, 40, 41, 42, 43, 44, 45, 46, 47, 48, 49]
				}
			]
		}
	]
}