{
	"credit": "Made with Blockbench",
	"textures": {
		"1": "item/firework/firework_ef_long",
		"2": "item/firework/firework_set"
	},
	"elements": [
		{
			"from": [10.70142, 7.56525, 6.16993],
			"to": [15.57835, 10.00859, 7.39647],
			"rotation": {"angle": 22.5, "axis": "z", "origin": [9.061, 3.68469, 4.7368]},
			"faces": {
				"north": {"uv": [4.125, 4, 4.4375, 4.125], "texture": "#2"},
				"east": {"uv": [8.5625, 8.75, 8.625, 8.875], "texture": "#2"},
				"south": {"uv": [5.375, 2.25, 5.6875, 2.375], "texture": "#2"},
				"west": {"uv": [8.6875, 8.75, 8.75, 8.875], "texture": "#2"},
				"up": {"uv": [8.75, 2.625, 8.4375, 2.5625], "texture": "#2"},
				"down": {"uv": [8.75, 3.4375, 8.4375, 3.5], "texture": "#2"}
			}
		},
		{
			"from": [6.7752, -9.3203, 6.1668],
			"to": [9.2248, 10.1645, 7.3996],
			"rotation": {"angle": 0, "axis": "y", "origin": [9.17638, 3.68469, 4.7368]},
			"faces": {
				"north": {"uv": [5.375, 6.625, 5.5, 7.8125], "texture": "#2"},
				"east": {"uv": [6.1875, 7.5, 6.25, 8.6875], "texture": "#2"},
				"south": {"uv": [5.5, 6.625, 5.625, 7.8125], "texture": "#2"},
				"west": {"uv": [1.6875, 7.625, 1.75, 8.8125], "texture": "#2"},
				"up": {"uv": [8.875, 6.8125, 8.75, 6.75], "texture": "#2"},
				"down": {"uv": [8.875, 7.0625, 8.75, 7.125], "texture": "#2"}
			}
		},
		{
			"from": [6.66782, 7.7229, 8.6084],
			"to": [9.10142, 10.1565, 12.2588],
			"rotation": {"angle": 0, "axis": "y", "origin": [9.061, 3.68469, 4.7368]},
			"faces": {
				"north": {"uv": [8.5, 8.5, 8.625, 8.625], "texture": "#2"},
				"east": {"uv": [8.125, 2.6875, 8.375, 2.8125], "texture": "#2"},
				"south": {"uv": [8.5625, 0.625, 8.6875, 0.75], "texture": "#2"},
				"west": {"uv": [8.125, 3.3125, 8.375, 3.4375], "texture": "#2"},
				"up": {"uv": [4.1875, 8.375, 4.0625, 8.125], "texture": "#2"},
				"down": {"uv": [4.3125, 8.125, 4.1875, 8.375], "texture": "#2"}
			}
		},
		{
			"from": [6.66782, 0.4221, 8.6084],
			"to": [9.10142, 2.8557, 12.2588],
			"rotation": {"angle": 0, "axis": "y", "origin": [9.061, 3.68469, 4.7368]},
			"faces": {
				"north": {"uv": [8.5625, 0.75, 8.6875, 0.875], "texture": "#2"},
				"east": {"uv": [8.125, 3.8125, 8.375, 3.9375], "texture": "#2"},
				"south": {"uv": [8.5625, 0.875, 8.6875, 1], "texture": "#2"},
				"west": {"uv": [8.125, 4.125, 8.375, 4.25], "texture": "#2"},
				"up": {"uv": [4.4375, 8.375, 4.3125, 8.125], "texture": "#2"},
				"down": {"uv": [5.25, 8.125, 5.125, 8.375], "texture": "#2"}
			}
		},
		{
			"from": [6.66782, 0.4221, 12.2588],
			"to": [9.10142, 10.1565, 14.6924],
			"rotation": {"angle": 0, "axis": "y", "origin": [9.061, 3.68469, 4.7368]},
			"faces": {
				"north": {"uv": [3.6875, 7.5625, 3.8125, 8.1875], "texture": "#2"},
				"east": {"uv": [3.8125, 7.5625, 3.9375, 8.1875], "texture": "#2"},
				"south": {"uv": [1.4375, 7.625, 1.5625, 8.25], "texture": "#2"},
				"west": {"uv": [1.5625, 7.625, 1.6875, 8.25], "texture": "#2"},
				"up": {"uv": [8.6875, 2.25, 8.5625, 2.125], "texture": "#2"},
				"down": {"uv": [8.6875, 2.25, 8.5625, 2.375], "texture": "#2"}
			}
		},
		{
			"from": [10.01772, 5.06903, 6.1748],
			"to": [12.45132, 7.50263, 7.3916],
			"rotation": {"angle": -45, "axis": "z", "origin": [6.689, 3.68469, 4.7368]},
			"faces": {
				"north": {"uv": [8.625, 1.125, 8.75, 1.25], "texture": "#2"},
				"east": {"uv": [4.625, 8.8125, 4.6875, 8.9375], "texture": "#2"},
				"south": {"uv": [8.625, 1.3125, 8.75, 1.4375], "texture": "#2"},
				"west": {"uv": [8.8125, 4.875, 8.875, 5], "texture": "#2"},
				"up": {"uv": [8.9375, 5.0625, 8.8125, 5], "texture": "#2"},
				"down": {"uv": [5.25, 8.8125, 5.125, 8.875], "texture": "#2"}
			}
		},
		{
			"from": [10.2881, -4.22539, 6.1688],
			"to": [12.7337, 3.69581, 7.3976],
			"rotation": {"angle": -22.5, "axis": "z", "origin": [6.689, 3.68469, 4.7368]},
			"faces": {
				"north": {"uv": [3.9375, 6, 4.0625, 6.5], "texture": "#2"},
				"east": {"uv": [4.5625, 8.1875, 4.625, 8.6875], "texture": "#2"},
				"south": {"uv": [2.1875, 7.6875, 2.3125, 8.1875], "texture": "#2"},
				"west": {"uv": [6.625, 8.1875, 6.6875, 8.6875], "texture": "#2"},
				"up": {"uv": [4.4375, 8.875, 4.3125, 8.8125], "texture": "#2"},
				"down": {"uv": [4.5625, 8.8125, 4.4375, 8.875], "texture": "#2"}
			}
		},
		{
			"from": [3.2663, -4.22539, 6.1688],
			"to": [5.7119, 3.69581, 7.3976],
			"rotation": {"angle": 22.5, "axis": "z", "origin": [9.311, 3.68469, 4.7368]},
			"faces": {
				"north": {"uv": [4.0625, 6, 3.9375, 6.5], "texture": "#2"},
				"east": {"uv": [6.6875, 8.1875, 6.625, 8.6875], "texture": "#2"},
				"south": {"uv": [2.3125, 7.6875, 2.1875, 8.1875], "texture": "#2"},
				"west": {"uv": [4.625, 8.1875, 4.5625, 8.6875], "texture": "#2"},
				"up": {"uv": [4.3125, 8.875, 4.4375, 8.8125], "texture": "#2"},
				"down": {"uv": [4.4375, 8.8125, 4.5625, 8.875], "texture": "#2"}
			}
		},
		{
			"from": [3.54868, 5.06903, 6.1748],
			"to": [5.98228, 7.50263, 7.3916],
			"rotation": {"angle": 45, "axis": "z", "origin": [9.311, 3.68469, 4.7368]},
			"faces": {
				"north": {"uv": [8.75, 1.125, 8.625, 1.25], "texture": "#2"},
				"east": {"uv": [8.875, 4.875, 8.8125, 5], "texture": "#2"},
				"south": {"uv": [8.75, 1.3125, 8.625, 1.4375], "texture": "#2"},
				"west": {"uv": [4.6875, 8.8125, 4.625, 8.9375], "texture": "#2"},
				"up": {"uv": [8.8125, 5.0625, 8.9375, 5], "texture": "#2"},
				"down": {"uv": [5.125, 8.8125, 5.25, 8.875], "texture": "#2"}
			}
		},
		{
			"from": [3.86376, 9.94254, 6.542],
			"to": [6.87976, 13.45854, 6.958],
			"rotation": {"angle": 22.5, "axis": "z", "origin": [5.37472, 12.58838, 6.75]},
			"faces": {
				"north": {"uv": [3, 7.9375, 2.8125, 8.1875], "texture": "#2"},
				"east": {"uv": [5.3125, 8.625, 5.25, 8.875], "texture": "#2"},
				"south": {"uv": [3.1875, 7.9375, 3, 8.1875], "texture": "#2"},
				"west": {"uv": [5, 8.625, 4.9375, 8.875], "texture": "#2"},
				"up": {"uv": [8.75, 1.875, 8.9375, 1.8125], "texture": "#2"},
				"down": {"uv": [8.75, 1.875, 8.9375, 1.9375], "texture": "#2"}
			}
		},
		{
			"from": [3.69902, 12.14327, 6.55],
			"to": [5.79902, 14.29327, 6.95],
			"rotation": {"angle": -22.5, "axis": "z", "origin": [5.37472, 12.58838, 6.75]},
			"faces": {
				"north": {"uv": [8.75, 5.6875, 8.625, 5.8125], "texture": "#2"},
				"east": {"uv": [8.875, 7.9375, 8.8125, 8.0625], "texture": "#2"},
				"south": {"uv": [8.75, 6.0625, 8.625, 6.1875], "texture": "#2"},
				"west": {"uv": [8.875, 7.8125, 8.8125, 7.9375], "texture": "#2"},
				"up": {"uv": [8.8125, 8.125, 8.9375, 8.0625], "texture": "#2"},
				"down": {"uv": [8.8125, 8.125, 8.9375, 8.1875], "texture": "#2"}
			}
		},
		{
			"from": [0.42165, 7.56525, 6.16993],
			"to": [5.29858, 10.00859, 7.39647],
			"rotation": {"angle": -22.5, "axis": "z", "origin": [6.939, 3.68469, 4.7368]},
			"faces": {
				"north": {"uv": [4.4375, 4, 4.125, 4.125], "texture": "#2"},
				"east": {"uv": [8.75, 8.75, 8.6875, 8.875], "texture": "#2"},
				"south": {"uv": [5.6875, 2.25, 5.375, 2.375], "texture": "#2"},
				"west": {"uv": [8.625, 8.75, 8.5625, 8.875], "texture": "#2"},
				"up": {"uv": [8.4375, 2.625, 8.75, 2.5625], "texture": "#2"},
				"down": {"uv": [8.4375, 3.4375, 8.75, 3.5], "texture": "#2"}
			}
		},
		{
			"from": [-5.37362, 6.80662, 7.37659],
			"to": [4.3908, 16.57104, 8.62341],
			"rotation": {"angle": -45, "axis": "z", "origin": [9.17638, 3.68469, 4.7368]},
			"faces": {
				"north": {"uv": [5.9375, 6.0625, 6.5625, 6.6875], "texture": "#2"},
				"east": {"uv": [3.3125, 7.9375, 3.375, 8.5625], "texture": "#2"},
				"south": {"uv": [6.125, 0, 6.75, 0.625], "texture": "#2"},
				"west": {"uv": [5.75, 7.9375, 5.8125, 8.5625], "texture": "#2"},
				"up": {"uv": [8.5625, 6.125, 7.9375, 6.0625], "texture": "#2"},
				"down": {"uv": [8.5625, 6.125, 7.9375, 6.1875], "texture": "#2"}
			}
		},
		{
			"from": [7.91122, 3.29874, 7.38673],
			"to": [19.2372, 13.04287, 8.61327],
			"rotation": {"angle": 22.5, "axis": "z", "origin": [9.17638, 3.68469, 4.7368]},
			"faces": {
				"north": {"uv": [5.8125, 1.125, 6.5, 1.75], "texture": "#2"},
				"east": {"uv": [5.8125, 7.9375, 5.875, 8.5625], "texture": "#2"},
				"south": {"uv": [4.5625, 5.8125, 5.25, 6.4375], "texture": "#2"},
				"west": {"uv": [5.875, 7.9375, 5.9375, 8.5625], "texture": "#2"},
				"up": {"uv": [8.5, 6.5, 7.8125, 6.4375], "texture": "#2"},
				"down": {"uv": [8.5, 6.5, 7.8125, 6.5625], "texture": "#2"}
			}
		},
		{
			"from": [8.27412, -6.52435, 7.38146],
			"to": [16.56864, 10.53113, 8.61854],
			"rotation": {"angle": -22.5, "axis": "z", "origin": [9.17638, 3.68469, 4.7368]},
			"faces": {
				"north": {"uv": [3.0625, 4.9375, 3.5625, 6], "texture": "#2"},
				"east": {"uv": [6.875, 7.625, 6.9375, 8.6875], "texture": "#2"},
				"south": {"uv": [3.5625, 4.9375, 4.0625, 6], "texture": "#2"},
				"west": {"uv": [6.9375, 7.625, 7, 8.6875], "texture": "#2"},
				"up": {"uv": [8.5, 3.6875, 8, 3.625], "texture": "#2"},
				"down": {"uv": [8.5, 4.9375, 8, 5], "texture": "#2"}
			}
		},
		{
			"from": [-3.18879, -7.01682, 7.37808],
			"to": [2.55721, -1.27082, 8.62192],
			"rotation": {"angle": 45, "axis": "z", "origin": [9.17638, 3.68469, 4.7368]},
			"faces": {
				"north": {"uv": [3.75, 2.375, 4.125, 2.75], "texture": "#2"},
				"east": {"uv": [0.4375, 8.4375, 0.5, 8.8125], "texture": "#2"},
				"south": {"uv": [5.625, 6.6875, 6, 7.0625], "texture": "#2"},
				"west": {"uv": [1.9375, 8.4375, 2, 8.8125], "texture": "#2"},
				"up": {"uv": [6.875, 3.125, 6.5, 3.0625], "texture": "#2"},
				"down": {"uv": [7.125, 2.625, 6.75, 2.6875], "texture": "#2"}
			}
		},
		{
			"from": [-0.3794, -5.61385, 7.3916],
			"to": [7.89484, 11.42135, 8.6084],
			"rotation": {"angle": 22.5, "axis": "z", "origin": [9.17638, 3.68469, 4.7368]},
			"faces": {
				"north": {"uv": [5.125, 4.375, 5.625, 5.4375], "texture": "#2"},
				"east": {"uv": [7, 7.625, 7.0625, 8.6875], "texture": "#2"},
				"south": {"uv": [4.0625, 5.4375, 4.5625, 6.5], "texture": "#2"},
				"west": {"uv": [7.0625, 7.625, 7.125, 8.6875], "texture": "#2"},
				"up": {"uv": [8.5, 5.625, 8, 5.5625], "texture": "#2"},
				"down": {"uv": [8.5625, 2, 8.0625, 2.0625], "texture": "#2"}
			}
		},
		{
			"from": [-3.06148, 2.395, 7.38335],
			"to": [8.27125, 12.14589, 8.61665],
			"rotation": {"angle": -22.5, "axis": "z", "origin": [9.17638, 3.68469, 4.7368]},
			"faces": {
				"north": {"uv": [5.25, 5.8125, 5.9375, 6.4375], "texture": "#2"},
				"east": {"uv": [5.9375, 7.9375, 6, 8.5625], "texture": "#2"},
				"south": {"uv": [0, 5.875, 0.6875, 6.5], "texture": "#2"},
				"west": {"uv": [6, 7.9375, 6.0625, 8.5625], "texture": "#2"},
				"up": {"uv": [8.625, 1.1875, 7.9375, 1.125], "texture": "#2"},
				"down": {"uv": [8.625, 1.1875, 7.9375, 1.25], "texture": "#2"}
			}
		},
		{
			"from": [18.37066, -7.66436, 6.7832],
			"to": [19.83082, 0.95324, 9.2168],
			"rotation": {"angle": -45, "axis": "z", "origin": [6.939, 3.68469, 4.7368]},
			"faces": {
				"north": {"uv": [3.5625, 8, 3.625, 8.5625], "texture": "#2"},
				"east": {"uv": [6.4375, 7.625, 6.5625, 8.1875], "texture": "#2"},
				"south": {"uv": [3.625, 8, 3.6875, 8.5625], "texture": "#2"},
				"west": {"uv": [6.5625, 7.625, 6.6875, 8.1875], "texture": "#2"},
				"up": {"uv": [3.375, 8.9375, 3.3125, 8.8125], "texture": "#2"},
				"down": {"uv": [3.6875, 8.8125, 3.625, 8.9375], "texture": "#2"}
			}
		},
		{
			"from": [16.33804, -3.77832, 6.7772],
			"to": [17.8102, 11.80872, 9.2228],
			"rotation": {"angle": -22.5, "axis": "z", "origin": [6.939, 3.68469, 4.7368]},
			"faces": {
				"north": {"uv": [0.625, 6.5, 0.6875, 7.5], "texture": "#2"},
				"east": {"uv": [1.8125, 6.875, 1.9375, 7.875], "texture": "#2"},
				"south": {"uv": [7.125, 7.625, 7.1875, 8.625], "texture": "#2"},
				"west": {"uv": [0.3125, 7, 0.4375, 8], "texture": "#2"},
				"up": {"uv": [2.8125, 8.9375, 2.75, 8.8125], "texture": "#2"},
				"down": {"uv": [3.125, 8.8125, 3.0625, 8.9375], "texture": "#2"}
			}
		},
		{
			"from": [18.90201, 1.74214, 6.7832],
			"to": [20.36217, 12.44998, 9.2168],
			"rotation": {"angle": 22.5, "axis": "z", "origin": [6.939, 3.68469, 4.7368]},
			"faces": {
				"north": {"uv": [0.8125, 7.875, 0.875, 8.5625], "texture": "#2"},
				"east": {"uv": [1.4375, 5.5, 1.5625, 6.1875], "texture": "#2"},
				"south": {"uv": [3.5, 7.875, 3.5625, 8.5625], "texture": "#2"},
				"west": {"uv": [1.0625, 7.5, 1.1875, 8.1875], "texture": "#2"},
				"up": {"uv": [2.1875, 8.9375, 2.125, 8.8125], "texture": "#2"},
				"down": {"uv": [2.5625, 8.8125, 2.5, 8.9375], "texture": "#2"}
			}
		},
		{
			"from": [-7.25597, 17.98025, 6.7832],
			"to": [3.97775, 19.44041, 9.2168],
			"rotation": {"angle": -45, "axis": "z", "origin": [6.939, 3.68469, 4.7368]},
			"faces": {
				"north": {"uv": [7.9375, 1.6875, 8.625, 1.75], "texture": "#2"},
				"east": {"uv": [8.8125, 4.125, 8.9375, 4.1875], "texture": "#2"},
				"south": {"uv": [7.9375, 1.75, 8.625, 1.8125], "texture": "#2"},
				"west": {"uv": [4.1875, 8.8125, 4.3125, 8.875], "texture": "#2"},
				"up": {"uv": [5.375, 2.375, 4.6875, 2.25], "texture": "#2"},
				"down": {"uv": [8, 1.3125, 7.3125, 1.4375], "texture": "#2"}
			}
		},
		{
			"from": [20.01551, 4.83198, 7.38673],
			"to": [25.25749, 8.49211, 8.61327],
			"rotation": {"angle": 22.5, "axis": "z", "origin": [6.939, 3.68469, 4.7368]},
			"faces": {
				"north": {"uv": [7.5625, 0, 7.875, 0.25], "texture": "#2"},
				"east": {"uv": [1.125, 8.625, 1.1875, 8.875], "texture": "#2"},
				"south": {"uv": [7.5625, 1.8125, 7.875, 2.0625], "texture": "#2"},
				"west": {"uv": [1.1875, 8.625, 1.25, 8.875], "texture": "#2"},
				"up": {"uv": [8.75, 6.0625, 8.4375, 6], "texture": "#2"},
				"down": {"uv": [8.75, 6.5625, 8.4375, 6.625], "texture": "#2"}
			}
		},
		{
			"from": [21.28366, 2.83571, 7.38673],
			"to": [24.70043, 6.49584, 8.61327],
			"rotation": {"angle": 45, "axis": "z", "origin": [6.939, 3.68469, 4.7368]},
			"faces": {
				"north": {"uv": [7.875, 1.8125, 8.0625, 2.0625], "texture": "#2"},
				"east": {"uv": [0.75, 8.625, 0.8125, 8.875], "texture": "#2"},
				"south": {"uv": [5.125, 7.875, 5.3125, 8.125], "texture": "#2"},
				"west": {"uv": [1.0625, 8.625, 1.125, 8.875], "texture": "#2"},
				"up": {"uv": [8.875, 7.5, 8.6875, 7.4375], "texture": "#2"},
				"down": {"uv": [8.875, 7.6875, 8.6875, 7.75], "texture": "#2"}
			}
		},
		{
			"from": [11.228, 5.1294, 4.97494],
			"to": [13.26411, 9.19352, 5.99706],
			"rotation": {"angle": -22.5, "axis": "z", "origin": [8.55864, 13.04745, 3.98985]},
			"faces": {
				"north": {"uv": [2.3125, 8.25, 2.4375, 8.5], "texture": "#2"},
				"east": {"uv": [0.5, 8.625, 0.5625, 8.875], "texture": "#2"},
				"south": {"uv": [8.25, 2.4375, 8.375, 2.6875], "texture": "#2"},
				"west": {"uv": [0.5625, 8.625, 0.625, 8.875], "texture": "#2"},
				"up": {"uv": [4.1875, 8.875, 4.0625, 8.8125], "texture": "#2"},
				"down": {"uv": [8.9375, 4.0625, 8.8125, 4.125], "texture": "#2"}
			}
		},
		{
			"from": [7.12703, 6.99504, 4.979],
			"to": [9.15503, 11.05104, 5.993],
			"rotation": {"angle": 22.5, "axis": "z", "origin": [8.55864, 13.04745, 3.98985]},
			"faces": {
				"north": {"uv": [1.8125, 8.25, 1.9375, 8.5], "texture": "#2"},
				"east": {"uv": [0.3125, 8.625, 0.375, 8.875], "texture": "#2"},
				"south": {"uv": [8.25, 2.1875, 8.375, 2.4375], "texture": "#2"},
				"west": {"uv": [0.375, 8.625, 0.4375, 8.875], "texture": "#2"},
				"up": {"uv": [4.0625, 8.875, 3.9375, 8.8125], "texture": "#2"},
				"down": {"uv": [8.9375, 4, 8.8125, 4.0625], "texture": "#2"}
			}
		},
		{
			"from": [2.73589, 5.1294, 4.97494],
			"to": [4.772, 9.19352, 5.99706],
			"rotation": {"angle": 22.5, "axis": "z", "origin": [7.44136, 13.04745, 3.98985]},
			"faces": {
				"north": {"uv": [2.4375, 8.25, 2.3125, 8.5], "texture": "#2"},
				"east": {"uv": [0.625, 8.625, 0.5625, 8.875], "texture": "#2"},
				"south": {"uv": [8.375, 2.4375, 8.25, 2.6875], "texture": "#2"},
				"west": {"uv": [0.5625, 8.625, 0.5, 8.875], "texture": "#2"},
				"up": {"uv": [4.0625, 8.875, 4.1875, 8.8125], "texture": "#2"},
				"down": {"uv": [8.8125, 4.0625, 8.9375, 4.125], "texture": "#2"}
			}
		},
		{
			"from": [6.84497, 6.99504, 4.979],
			"to": [8.87297, 11.05104, 5.993],
			"rotation": {"angle": -22.5, "axis": "z", "origin": [7.44136, 13.04745, 3.98985]},
			"faces": {
				"north": {"uv": [1.9375, 8.25, 1.8125, 8.5], "texture": "#2"},
				"east": {"uv": [0.4375, 8.625, 0.375, 8.875], "texture": "#2"},
				"south": {"uv": [8.375, 2.1875, 8.25, 2.4375], "texture": "#2"},
				"west": {"uv": [0.375, 8.625, 0.3125, 8.875], "texture": "#2"},
				"up": {"uv": [3.9375, 8.875, 4.0625, 8.8125], "texture": "#2"},
				"down": {"uv": [8.8125, 4, 8.9375, 4.0625], "texture": "#2"}
			}
		},
		{
			"from": [7.95407, 3.98445, 5.95694],
			"to": [16.08818, 12.11856, 7.04306],
			"rotation": {"angle": -45, "axis": "z", "origin": [8.90491, 12.44745, 3.98985]},
			"faces": {
				"north": {"uv": [6.5625, 5.4375, 7.0625, 5.9375], "texture": "#2"},
				"east": {"uv": [2.0625, 8.1875, 2.125, 8.6875], "texture": "#2"},
				"south": {"uv": [6.5625, 5.9375, 7.0625, 6.4375], "texture": "#2"},
				"west": {"uv": [3.125, 8.1875, 3.1875, 8.6875], "texture": "#2"},
				"up": {"uv": [8.625, 2.875, 8.125, 2.8125], "texture": "#2"},
				"down": {"uv": [8.625, 5, 8.125, 5.0625], "texture": "#2"}
			}
		},
		{
			"from": [21.5384, 16.63659, 7.8],
			"to": [23.6384, 18.78659, 8.2],
			"rotation": {"angle": -22.5, "axis": "z", "origin": [21.43237, 16.55137, 8]},
			"faces": {
				"north": {"uv": [8.625, 5.1875, 8.75, 5.3125], "texture": "#2"},
				"east": {"uv": [8.8125, 7.1875, 8.875, 7.3125], "texture": "#2"},
				"south": {"uv": [8.625, 5.3125, 8.75, 5.4375], "texture": "#2"},
				"west": {"uv": [7.5, 8.8125, 7.5625, 8.9375], "texture": "#2"},
				"up": {"uv": [8.9375, 6.75, 8.8125, 6.6875], "texture": "#2"},
				"down": {"uv": [8.9375, 7.3125, 8.8125, 7.375], "texture": "#2"}
			}
		},
		{
			"from": [16.54253, 15.04641, 7.798],
			"to": [23.04653, 18.05041, 8.202],
			"rotation": {"angle": 22.5, "axis": "z", "origin": [21.43237, 16.55137, 8]},
			"faces": {
				"north": {"uv": [7.5, 1.4375, 7.9375, 1.625], "texture": "#2"},
				"east": {"uv": [1.5625, 8.75, 1.625, 8.9375], "texture": "#2"},
				"south": {"uv": [7.5, 1.625, 7.9375, 1.8125], "texture": "#2"},
				"west": {"uv": [1.625, 8.75, 1.6875, 8.9375], "texture": "#2"},
				"up": {"uv": [8.8125, 3.125, 8.375, 3.0625], "texture": "#2"},
				"down": {"uv": [8.8125, 3.125, 8.375, 3.1875], "texture": "#2"}
			}
		},
		{
			"from": [10.20098, 12.14327, 6.55],
			"to": [12.30098, 14.29327, 6.95],
			"rotation": {"angle": 22.5, "axis": "z", "origin": [10.62528, 12.58838, 6.75]},
			"faces": {
				"north": {"uv": [8.625, 5.6875, 8.75, 5.8125], "texture": "#2"},
				"east": {"uv": [8.8125, 7.8125, 8.875, 7.9375], "texture": "#2"},
				"south": {"uv": [8.625, 6.0625, 8.75, 6.1875], "texture": "#2"},
				"west": {"uv": [8.8125, 7.9375, 8.875, 8.0625], "texture": "#2"},
				"up": {"uv": [8.9375, 8.125, 8.8125, 8.0625], "texture": "#2"},
				"down": {"uv": [8.9375, 8.125, 8.8125, 8.1875], "texture": "#2"}
			}
		},
		{
			"from": [9.12024, 9.94254, 6.542],
			"to": [12.13624, 13.45854, 6.958],
			"rotation": {"angle": -22.5, "axis": "z", "origin": [10.62528, 12.58838, 6.75]},
			"faces": {
				"north": {"uv": [2.8125, 7.9375, 3, 8.1875], "texture": "#2"},
				"east": {"uv": [4.9375, 8.625, 5, 8.875], "texture": "#2"},
				"south": {"uv": [3, 7.9375, 3.1875, 8.1875], "texture": "#2"},
				"west": {"uv": [5.25, 8.625, 5.3125, 8.875], "texture": "#2"},
				"up": {"uv": [8.9375, 1.875, 8.75, 1.8125], "texture": "#2"},
				"down": {"uv": [8.9375, 1.875, 8.75, 1.9375], "texture": "#2"}
			}
		},
		{
			"from": [17.0384, 19.53659, 7.8],
			"to": [19.1384, 21.68659, 8.2],
			"rotation": {"angle": 22.5, "axis": "z", "origin": [16.93237, 19.45137, 8]},
			"faces": {
				"north": {"uv": [8.625, 5.4375, 8.75, 5.5625], "texture": "#2"},
				"east": {"uv": [8.8125, 7.5, 8.875, 7.625], "texture": "#2"},
				"south": {"uv": [8.625, 5.5625, 8.75, 5.6875], "texture": "#2"},
				"west": {"uv": [7.5625, 8.8125, 7.625, 8.9375], "texture": "#2"},
				"up": {"uv": [7.8125, 8.875, 7.6875, 8.8125], "texture": "#2"},
				"down": {"uv": [8.9375, 7.75, 8.8125, 7.8125], "texture": "#2"}
			}
		},
		{
			"from": [15.43333, 14.56153, 7.798],
			"to": [18.43733, 21.06553, 8.202],
			"rotation": {"angle": -22.5, "axis": "z", "origin": [16.93237, 19.45137, 8]},
			"faces": {
				"north": {"uv": [6, 7.5, 6.1875, 7.9375], "texture": "#2"},
				"east": {"uv": [5.125, 8.375, 5.1875, 8.8125], "texture": "#2"},
				"south": {"uv": [7.5, 6.5625, 7.6875, 7], "texture": "#2"},
				"west": {"uv": [5.1875, 8.375, 5.25, 8.8125], "texture": "#2"},
				"up": {"uv": [8.9375, 1.75, 8.75, 1.6875], "texture": "#2"},
				"down": {"uv": [8.9375, 1.75, 8.75, 1.8125], "texture": "#2"}
			}
		},
		{
			"from": [-3.83082, -7.66436, 6.7832],
			"to": [-2.37066, 0.95324, 9.2168],
			"rotation": {"angle": 45, "axis": "z", "origin": [9.061, 3.68469, 4.7368]},
			"faces": {
				"north": {"uv": [3.625, 8, 3.5625, 8.5625], "texture": "#2"},
				"east": {"uv": [6.6875, 7.625, 6.5625, 8.1875], "texture": "#2"},
				"south": {"uv": [3.6875, 8, 3.625, 8.5625], "texture": "#2"},
				"west": {"uv": [6.5625, 7.625, 6.4375, 8.1875], "texture": "#2"},
				"up": {"uv": [3.3125, 8.9375, 3.375, 8.8125], "texture": "#2"},
				"down": {"uv": [3.625, 8.8125, 3.6875, 8.9375], "texture": "#2"}
			}
		},
		{
			"from": [-1.8102, -3.77832, 6.7772],
			"to": [-0.33804, 11.80872, 9.2228],
			"rotation": {"angle": 22.5, "axis": "z", "origin": [9.061, 3.68469, 4.7368]},
			"faces": {
				"north": {"uv": [0.6875, 6.5, 0.625, 7.5], "texture": "#2"},
				"east": {"uv": [0.4375, 7, 0.3125, 8], "texture": "#2"},
				"south": {"uv": [7.1875, 7.625, 7.125, 8.625], "texture": "#2"},
				"west": {"uv": [1.9375, 6.875, 1.8125, 7.875], "texture": "#2"},
				"up": {"uv": [2.75, 8.9375, 2.8125, 8.8125], "texture": "#2"},
				"down": {"uv": [3.0625, 8.8125, 3.125, 8.9375], "texture": "#2"}
			}
		},
		{
			"from": [-4.36217, 1.74214, 6.7832],
			"to": [-2.90201, 12.44998, 9.2168],
			"rotation": {"angle": -22.5, "axis": "z", "origin": [9.061, 3.68469, 4.7368]},
			"faces": {
				"north": {"uv": [0.875, 7.875, 0.8125, 8.5625], "texture": "#2"},
				"east": {"uv": [1.1875, 7.5, 1.0625, 8.1875], "texture": "#2"},
				"south": {"uv": [3.5625, 7.875, 3.5, 8.5625], "texture": "#2"},
				"west": {"uv": [1.5625, 5.5, 1.4375, 6.1875], "texture": "#2"},
				"up": {"uv": [2.125, 8.9375, 2.1875, 8.8125], "texture": "#2"},
				"down": {"uv": [2.5, 8.8125, 2.5625, 8.9375], "texture": "#2"}
			}
		},
		{
			"from": [12.02225, 17.98025, 6.7832],
			"to": [23.25597, 19.44041, 9.2168],
			"rotation": {"angle": 45, "axis": "z", "origin": [9.061, 3.68469, 4.7368]},
			"faces": {
				"north": {"uv": [8.625, 1.6875, 7.9375, 1.75], "texture": "#2"},
				"east": {"uv": [4.3125, 8.8125, 4.1875, 8.875], "texture": "#2"},
				"south": {"uv": [8.625, 1.75, 7.9375, 1.8125], "texture": "#2"},
				"west": {"uv": [8.9375, 4.125, 8.8125, 4.1875], "texture": "#2"},
				"up": {"uv": [4.6875, 2.375, 5.375, 2.25], "texture": "#2"},
				"down": {"uv": [7.3125, 1.3125, 8, 1.4375], "texture": "#2"}
			}
		},
		{
			"from": [-9.25749, 4.83198, 7.38673],
			"to": [-4.01551, 8.49211, 8.61327],
			"rotation": {"angle": -22.5, "axis": "z", "origin": [9.061, 3.68469, 4.7368]},
			"faces": {
				"north": {"uv": [7.875, 0, 7.5625, 0.25], "texture": "#2"},
				"east": {"uv": [1.25, 8.625, 1.1875, 8.875], "texture": "#2"},
				"south": {"uv": [7.875, 1.8125, 7.5625, 2.0625], "texture": "#2"},
				"west": {"uv": [1.1875, 8.625, 1.125, 8.875], "texture": "#2"},
				"up": {"uv": [8.4375, 6.0625, 8.75, 6], "texture": "#2"},
				"down": {"uv": [8.4375, 6.5625, 8.75, 6.625], "texture": "#2"}
			}
		},
		{
			"from": [-8.70043, 2.83571, 7.38673],
			"to": [-5.28366, 6.49584, 8.61327],
			"rotation": {"angle": -45, "axis": "z", "origin": [9.061, 3.68469, 4.7368]},
			"faces": {
				"north": {"uv": [8.0625, 1.8125, 7.875, 2.0625], "texture": "#2"},
				"east": {"uv": [1.125, 8.625, 1.0625, 8.875], "texture": "#2"},
				"south": {"uv": [5.3125, 7.875, 5.125, 8.125], "texture": "#2"},
				"west": {"uv": [0.8125, 8.625, 0.75, 8.875], "texture": "#2"},
				"up": {"uv": [8.6875, 7.5, 8.875, 7.4375], "texture": "#2"},
				"down": {"uv": [8.6875, 7.6875, 8.875, 7.75], "texture": "#2"}
			}
		},
		{
			"from": [-2.43733, 14.56153, 7.798],
			"to": [0.56667, 21.06553, 8.202],
			"rotation": {"angle": 22.5, "axis": "z", "origin": [-0.93237, 19.45137, 8]},
			"faces": {
				"north": {"uv": [6.1875, 7.5, 6, 7.9375], "texture": "#2"},
				"east": {"uv": [5.25, 8.375, 5.1875, 8.8125], "texture": "#2"},
				"south": {"uv": [7.6875, 6.5625, 7.5, 7], "texture": "#2"},
				"west": {"uv": [5.1875, 8.375, 5.125, 8.8125], "texture": "#2"},
				"up": {"uv": [8.75, 1.75, 8.9375, 1.6875], "texture": "#2"},
				"down": {"uv": [8.75, 1.75, 8.9375, 1.8125], "texture": "#2"}
			}
		},
		{
			"from": [-3.1384, 19.53659, 7.8],
			"to": [-1.0384, 21.68659, 8.2],
			"rotation": {"angle": -22.5, "axis": "z", "origin": [-0.93237, 19.45137, 8]},
			"faces": {
				"north": {"uv": [8.75, 5.4375, 8.625, 5.5625], "texture": "#2"},
				"east": {"uv": [7.625, 8.8125, 7.5625, 8.9375], "texture": "#2"},
				"south": {"uv": [8.75, 5.5625, 8.625, 5.6875], "texture": "#2"},
				"west": {"uv": [8.875, 7.5, 8.8125, 7.625], "texture": "#2"},
				"up": {"uv": [7.6875, 8.875, 7.8125, 8.8125], "texture": "#2"},
				"down": {"uv": [8.8125, 7.75, 8.9375, 7.8125], "texture": "#2"}
			}
		},
		{
			"from": [-7.6384, 16.63659, 7.8],
			"to": [-5.5384, 18.78659, 8.2],
			"rotation": {"angle": 22.5, "axis": "z", "origin": [-5.43237, 16.55137, 8]},
			"faces": {
				"north": {"uv": [8.75, 5.1875, 8.625, 5.3125], "texture": "#2"},
				"east": {"uv": [7.5625, 8.8125, 7.5, 8.9375], "texture": "#2"},
				"south": {"uv": [8.75, 5.3125, 8.625, 5.4375], "texture": "#2"},
				"west": {"uv": [8.875, 7.1875, 8.8125, 7.3125], "texture": "#2"},
				"up": {"uv": [8.8125, 6.75, 8.9375, 6.6875], "texture": "#2"},
				"down": {"uv": [8.8125, 7.3125, 8.9375, 7.375], "texture": "#2"}
			}
		},
		{
			"from": [-7.04653, 15.04641, 7.798],
			"to": [-0.54253, 18.05041, 8.202],
			"rotation": {"angle": -22.5, "axis": "z", "origin": [-5.43237, 16.55137, 8]},
			"faces": {
				"north": {"uv": [7.9375, 1.4375, 7.5, 1.625], "texture": "#2"},
				"east": {"uv": [1.6875, 8.75, 1.625, 8.9375], "texture": "#2"},
				"south": {"uv": [7.9375, 1.625, 7.5, 1.8125], "texture": "#2"},
				"west": {"uv": [1.625, 8.75, 1.5625, 8.9375], "texture": "#2"},
				"up": {"uv": [8.375, 3.125, 8.8125, 3.0625], "texture": "#2"},
				"down": {"uv": [8.375, 3.125, 8.8125, 3.1875], "texture": "#2"}
			}
		},
		{
			"name": "ef",
			"from": [5.35754, 0, 13.98427],
			"to": [26.95754, 31.2, 13.98427],
			"rotation": {"angle": 22.5, "axis": "y", "origin": [8.65328, 9.7, 8.32992]},
			"faces": {
				"north": {"uv": [6.625, 0.625, 11.5, 7.9375], "texture": "#1"},
				"east": {"uv": [0, 0, 0, 1.5625], "texture": "#missing"},
				"south": {"uv": [11.5, 0.625, 6.625, 7.9375], "texture": "#1"},
				"west": {"uv": [0, 0, 0, 1.5625], "texture": "#missing"},
				"up": {"uv": [0, 0, 0.875, 0], "texture": "#missing"},
				"down": {"uv": [0, 0, 0.875, 0], "texture": "#missing"}
			}
		},
		{
			"name": "ef",
			"from": [4.01368, -9.6, 3.20674],
			"to": [20.81368, 15.6, 3.20674],
			"rotation": {"angle": -22.5, "axis": "y", "origin": [8.65328, 9.7, 8.32992]},
			"faces": {
				"north": {"uv": [5.375, 8.6875, 0.5, 16], "texture": "#1"},
				"east": {"uv": [0, 0, 0, 1.5625], "texture": "#missing"},
				"south": {"uv": [0.5, 8.6875, 5.375, 16], "texture": "#1"},
				"west": {"uv": [0, 0, 0, 1.5625], "texture": "#missing"},
				"up": {"uv": [0.875, 0, 0, 0], "texture": "#missing"},
				"down": {"uv": [0.875, 0, 0, 0], "texture": "#missing"}
			}
		},
		{
			"name": "ef",
			"from": [-3.96673, 3.8, 13.64349],
			"to": [12.83327, 29, 13.64349],
			"rotation": {"angle": -22.5, "axis": "y", "origin": [8.65328, 9.7, 8.32992]},
			"faces": {
				"north": {"uv": [0.5, 8.6875, 5.375, 16], "texture": "#1"},
				"east": {"uv": [0, 0, 0, 1.5625], "texture": "#missing"},
				"south": {"uv": [5.375, 8.6875, 0.5, 16], "texture": "#1"},
				"west": {"uv": [0, 0, 0, 1.5625], "texture": "#missing"},
				"up": {"uv": [0, 0, 0.875, 0], "texture": "#missing"},
				"down": {"uv": [0, 0, 0.875, 0], "texture": "#missing"}
			}
		},
		{
			"name": "ef",
			"from": [-9.60557, -9.8, 2.56596],
			"to": [11.99443, 21.4, 2.56596],
			"rotation": {"angle": 22.5, "axis": "y", "origin": [8.65328, 9.7, 8.32992]},
			"faces": {
				"north": {"uv": [5.625, 0.625, 0.75, 7.9375], "texture": "#1"},
				"east": {"uv": [0, 0, 0, 1.5625], "texture": "#missing"},
				"south": {"uv": [0.75, 0.625, 5.625, 7.9375], "texture": "#1"},
				"west": {"uv": [0, 0, 0, 1.5625], "texture": "#missing"},
				"up": {"uv": [0.875, 0, 0, 0], "texture": "#missing"},
				"down": {"uv": [0.875, 0, 0, 0], "texture": "#missing"}
			}
		}
	],
	"gui_light": "front",
	"display": {
		"thirdperson_righthand": {
			"translation": [0, -0.25, -2],
			"scale": [0.6, 0.6, 0.6]
		},
		"thirdperson_lefthand": {
			"translation": [0, -0.25, -2],
			"scale": [0.6, 0.6, 0.6]
		},
		"firstperson_righthand": {
			"rotation": [4.78, 2.79, 25.73],
			"translation": [-4, 2.25, 2.5],
			"scale": [0.47, 0.47, 0.47]
		},
		"firstperson_lefthand": {
			"rotation": [4.78, 2.79, 25.73],
			"translation": [-4, 2.25, 2.5],
			"scale": [0.47, 0.47, 0.47]
		},
		"ground": {
			"rotation": [0, 0, 45],
			"translation": [0, 4.25, 0],
			"scale": [0.3, 0.3, 0.3]
		},
		"gui": {
			"rotation": [-180, 0, -135],
			"translation": [0.5, 0.5, 0],
			"scale": [0.45, 0.45, 0.45]
		},
		"head": {
			"translation": [0, 1.5, 0],
			"scale": [0, 0, 0]
		},
		"fixed": {
			"translation": [0, 0, -1.25],
			"scale": [0.7, 0.7, 0.7]
		}
	},
	"groups": [
		{
			"name": "firework_shield",
			"origin": [5.90266, 6.98999, 8],
			"color": 0,
			"children": [
				0,
				1,
				2,
				3,
				4,
				5,
				6,
				7,
				8,
				9,
				10,
				11,
				12,
				13,
				14,
				15,
				16,
				17,
				18,
				19,
				20,
				21,
				22,
				23,
				24,
				25,
				26,
				27,
				28,
				29,
				30,
				31,
				32,
				33,
				34,
				35,
				36,
				37,
				38,
				39,
				40,
				41,
				42,
				43,
				44,
				45,
				46,
				47,
				48
			]
		}
	]
}