{
	"credit": "by w11shes",
	"texture_size": [8, 8],
	"textures": {
		"0": "item/dragon/dragonborn_helmet",
		"1": "item/dragon/dragonborn_particle",
		"particle": "item/dragon/dragonborn_helmet"
	},
	"elements": [
		{
			"from": [3, 0, 3],
			"to": [13, 12, 13],
			"faces": {
				"north": {"uv": [0, 5.25, 2.5, 8.25], "texture": "#0"},
				"east": {"uv": [7.5, 6, 5, 9], "texture": "#0"},
				"south": {"uv": [2.5, 6, 5, 9], "texture": "#0"},
				"west": {"uv": [5, 6, 7.5, 9], "texture": "#0"},
				"up": {"uv": [9, 2.5, 6.5, 0], "texture": "#0"}
			}
		},
		{
			"from": [13, 12, 13],
			"to": [3, 0, 3],
			"rotation": {"angle": 0, "axis": "y", "origin": [6, 0, -13]},
			"faces": {
				"north": {"uv": [2.5, 9, 5, 6], "texture": "#0"},
				"east": {"uv": [5, 9, 7.5, 6], "texture": "#0"},
				"south": {"uv": [0, 8.25, 2.5, 5.25], "texture": "#0"},
				"west": {"uv": [7.5, 9, 5, 6], "texture": "#0"},
				"down": {"uv": [6.5, 2.5, 9, 0], "texture": "#0"}
			}
		},
		{
			"from": [2, 8, 2],
			"to": [14, 11, 14],
			"faces": {
				"north": {"uv": [7.5, 5.75, 10.5, 6.5], "texture": "#0"},
				"east": {"uv": [7.5, 7.25, 10.5, 8], "texture": "#0"},
				"south": {"uv": [7.5, 6.5, 10.5, 7.25], "texture": "#0"},
				"west": {"uv": [7.5, 7.25, 10.5, 8], "texture": "#0"},
				"up": {"uv": [6.5, 3, 3.5, 0], "texture": "#0"},
				"down": {"uv": [6.5, 3, 3.5, 6], "texture": "#0"}
			}
		},
		{
			"from": [5.5, 8, 1],
			"to": [10.5, 14, 4],
			"rotation": {"angle": 0, "axis": "y", "origin": [0, 1, 0]},
			"faces": {
				"north": {"uv": [7.75, 3.75, 9, 5.25], "texture": "#0"},
				"east": {"uv": [0.75, 8.25, 1.5, 9.75], "texture": "#0"},
				"south": {"uv": [7.5, 8, 8.75, 9.5], "texture": "#0"},
				"west": {"uv": [1.5, 8.25, 2.25, 9.75], "texture": "#0"}
			}
		},
		{
			"from": [10.5, 14, 1.98],
			"to": [5.5, 8, 1],
			"rotation": {"angle": 0, "axis": "y", "origin": [11, 15, 2]},
			"faces": {
				"north": {"uv": [10, 1.5, 11.25, 0], "texture": "#0"},
				"east": {"uv": [1.5, 9.75, 1.75, 8.25], "texture": "#0"},
				"south": {"uv": [7.75, 5.25, 9, 3.75], "texture": "#0"},
				"west": {"uv": [1.25, 9.75, 1.5, 8.25], "texture": "#0"}
			}
		},
		{
			"from": [5.5, 14, 0.98],
			"to": [9.03553, 17.53553, 4.02],
			"rotation": {"angle": -45, "axis": "z", "origin": [5.5, 14, 2]},
			"faces": {
				"north": {"uv": [8.75, 8, 9.75, 9], "texture": "#0"},
				"south": {"uv": [9, 0, 10, 1], "texture": "#0"},
				"west": {"uv": [3.25, 9, 4, 10], "texture": "#0"},
				"up": {"uv": [3.5, 6, 2.5, 5.25], "texture": "#0"}
			}
		},
		{
			"from": [9.0355, 17.5355, 1.96],
			"to": [5.5, 14, 0.98],
			"rotation": {"angle": -45, "axis": "z", "origin": [5.5, 14, 26.96]},
			"faces": {
				"north": {"uv": [10, 2.5, 11, 1.5], "texture": "#0"},
				"east": {"uv": [3.25, 10, 3.5, 9], "texture": "#0"},
				"south": {"uv": [8.75, 9, 9.75, 8], "texture": "#0"},
				"down": {"uv": [2.5, 6, 3.5, 5.75], "texture": "#0"}
			}
		},
		{
			"from": [5.5, 4.46447, 0.98],
			"to": [9.03553, 8, 4.02],
			"rotation": {"angle": 45, "axis": "z", "origin": [5.5, 8, 2]},
			"faces": {
				"north": {"uv": [9, 1, 10, 2], "texture": "#0"},
				"south": {"uv": [2.25, 9, 3.25, 10], "texture": "#0"},
				"west": {"uv": [9, 3.75, 9.75, 4.75], "texture": "#0"},
				"down": {"uv": [5, 9, 4, 9.75], "texture": "#0"}
			}
		},
		{
			"from": [14.03548, 10.07106, 1.96],
			"to": [10.49998, 6.53556, 0.98],
			"rotation": {"angle": 45, "axis": "z", "origin": [10.49998, 3.00002, 21.96]},
			"faces": {
				"north": {"uv": [11.25, 1, 12.25, 0], "texture": "#0"},
				"east": {"uv": [9, 4.75, 9.25, 3.75], "texture": "#0"},
				"south": {"uv": [9, 2, 10, 1], "texture": "#0"},
				"up": {"uv": [4, 9.5, 5, 9.75], "texture": "#0"}
			}
		},
		{
			"from": [6.5, 11, 4],
			"to": [9.5, 13, 14],
			"faces": {
				"east": {"uv": [10.25, 5.25, 7.75, 5.75], "texture": "#0"},
				"south": {"uv": [9, 4.75, 9.75, 5.25], "texture": "#0"},
				"west": {"uv": [7.75, 5.25, 10.25, 5.75], "texture": "#0"},
				"up": {"uv": [0.75, 10.75, 0, 8.25], "texture": "#0"}
			}
		},
		{
			"from": [8, 13, 4],
			"to": [8.05, 18, 17],
			"faces": {
				"east": {"uv": [9.75, 2.5, 6.5, 3.75], "texture": "#0"},
				"west": {"uv": [6.5, 2.5, 9.75, 3.75], "texture": "#0"}
			}
		},
		{
			"from": [3, -4, -2],
			"to": [3.05, 4, 3],
			"rotation": {"angle": -45, "axis": "y", "origin": [3, 0, 3]},
			"faces": {
				"east": {"uv": [7.75, 3.75, 6.5, 5.75], "texture": "#0"},
				"west": {"uv": [6.5, 3.75, 7.75, 5.75], "texture": "#0"}
			}
		},
		{
			"from": [12.95, -4, -2],
			"to": [13, 4, 3],
			"rotation": {"angle": 45, "axis": "y", "origin": [13, 0, 3]},
			"faces": {
				"east": {"uv": [7.75, 3.75, 6.5, 5.75], "texture": "#0"},
				"west": {"uv": [6.5, 3.75, 7.75, 5.75], "texture": "#0"}
			}
		},
		{
			"from": [-7, 1, 7],
			"to": [7, 22, 7.05],
			"rotation": {"angle": 45, "axis": "y", "origin": [3, 1, 7]},
			"faces": {
				"north": {"uv": [0, 0, 3.5, 5.25], "texture": "#0"},
				"south": {"uv": [3.5, 0, 0, 5.25], "texture": "#0"}
			}
		},
		{
			"from": [9, 1, 7],
			"to": [23, 22, 7.05],
			"rotation": {"angle": -45, "axis": "y", "origin": [13, 1, 7]},
			"faces": {
				"north": {"uv": [3.5, 0, 0, 5.25], "texture": "#0"},
				"south": {"uv": [0, 0, 3.5, 5.25], "texture": "#0"}
			}
		},
		{
			"from": [9.35, 6.95, -0.55],
			"to": [9.95, 7.55, 0.05],
			"shade": false,
			"rotation": {"angle": 0, "axis": "y", "origin": [15.5, -5, 3.5]},
			"faces": {
				"north": {"uv": [0, 14, 2, 16], "texture": "#1"},
				"east": {"uv": [0, 14, 2, 16], "texture": "#1"},
				"south": {"uv": [0, 14, 2, 16], "texture": "#1"},
				"west": {"uv": [0, 14, 2, 16], "texture": "#1"},
				"up": {"uv": [0, 14, 2, 16], "rotation": 180, "texture": "#1"},
				"down": {"uv": [0, 14, 2, 16], "rotation": 180, "texture": "#1"}
			}
		},
		{
			"from": [10.2, 7.8, 0.3],
			"to": [9.1, 6.7, -0.8],
			"shade": false,
			"rotation": {"angle": 0, "axis": "y", "origin": [15.5, -5, 3.5]},
			"faces": {
				"north": {"uv": [2, 14, 4, 16], "texture": "#1"},
				"east": {"uv": [2, 14, 4, 16], "texture": "#1"},
				"south": {"uv": [2, 14, 4, 16], "texture": "#1"},
				"west": {"uv": [2, 14, 4, 16], "texture": "#1"},
				"up": {"uv": [2, 14, 4, 16], "rotation": 180, "texture": "#1"},
				"down": {"uv": [2, 14, 4, 16], "rotation": 180, "texture": "#1"}
			}
		},
		{
			"from": [5.23564, 4.34384, -0.6],
			"to": [5.93564, 5.04384, 0.1],
			"shade": false,
			"rotation": {"angle": -22.5, "axis": "z", "origin": [15.5, -5, 3.5]},
			"faces": {
				"north": {"uv": [0, 12, 2, 14], "texture": "#1"},
				"east": {"uv": [0, 12, 2, 14], "texture": "#1"},
				"south": {"uv": [0, 12, 2, 14], "texture": "#1"},
				"west": {"uv": [0, 12, 2, 14], "texture": "#1"},
				"up": {"uv": [0, 12, 2, 14], "rotation": 180, "texture": "#1"},
				"down": {"uv": [0, 12, 2, 14], "rotation": 180, "texture": "#1"}
			}
		},
		{
			"from": [6.23564, 5.34384, 0.4],
			"to": [4.93564, 4.04384, -0.9],
			"shade": false,
			"rotation": {"angle": -22.5, "axis": "z", "origin": [15.5, -5, 3.5]},
			"faces": {
				"north": {"uv": [2, 12, 4, 14], "texture": "#1"},
				"east": {"uv": [2, 12, 4, 14], "texture": "#1"},
				"south": {"uv": [2, 12, 4, 14], "texture": "#1"},
				"west": {"uv": [2, 12, 4, 14], "texture": "#1"},
				"up": {"uv": [2, 12, 4, 14], "rotation": 180, "texture": "#1"},
				"down": {"uv": [2, 12, 4, 14], "rotation": 180, "texture": "#1"}
			}
		},
		{
			"from": [1.84781, 0.51041, -0.75],
			"to": [2.84781, 1.51041, 0.25],
			"shade": false,
			"rotation": {"angle": -45, "axis": "z", "origin": [15.5, -5, 3.5]},
			"faces": {
				"north": {"uv": [0, 10, 2, 12], "texture": "#1"},
				"east": {"uv": [0, 10, 2, 12], "texture": "#1"},
				"south": {"uv": [0, 10, 2, 12], "texture": "#1"},
				"west": {"uv": [0, 10, 2, 12], "texture": "#1"},
				"up": {"uv": [0, 10, 2, 12], "rotation": 180, "texture": "#1"},
				"down": {"uv": [0, 10, 2, 12], "rotation": 180, "texture": "#1"}
			}
		},
		{
			"from": [3.09781, 1.76041, 0.5],
			"to": [1.59781, 0.26041, -1],
			"shade": false,
			"rotation": {"angle": -45, "axis": "z", "origin": [15.5, -5, 3.5]},
			"faces": {
				"north": {"uv": [2, 10, 4, 12], "texture": "#1"},
				"east": {"uv": [2, 10, 4, 12], "texture": "#1"},
				"south": {"uv": [2, 10, 4, 12], "texture": "#1"},
				"west": {"uv": [2, 10, 4, 12], "texture": "#1"},
				"up": {"uv": [2, 10, 4, 12], "rotation": 180, "texture": "#1"},
				"down": {"uv": [2, 10, 4, 12], "rotation": 180, "texture": "#1"}
			}
		},
		{
			"from": [15.23332, 9.82744, -0.75],
			"to": [16.23332, 10.82744, 0.25],
			"shade": false,
			"rotation": {"angle": 22.5, "axis": "z", "origin": [15.5, -5, 3.5]},
			"faces": {
				"north": {"uv": [0, 8, 2, 10], "rotation": 270, "texture": "#1"},
				"east": {"uv": [0, 8, 2, 10], "rotation": 270, "texture": "#1"},
				"south": {"uv": [0, 8, 2, 10], "rotation": 90, "texture": "#1"},
				"west": {"uv": [0, 8, 2, 10], "rotation": 270, "texture": "#1"},
				"up": {"uv": [0, 8, 2, 10], "rotation": 90, "texture": "#1"},
				"down": {"uv": [0, 8, 2, 10], "rotation": 90, "texture": "#1"}
			}
		},
		{
			"from": [16.48332, 11.07744, 0.5],
			"to": [14.98332, 9.57744, -1],
			"shade": false,
			"rotation": {"angle": 22.5, "axis": "z", "origin": [15.5, -5, 3.5]},
			"faces": {
				"north": {"uv": [2, 8, 4, 10], "rotation": 270, "texture": "#1"},
				"east": {"uv": [2, 8, 4, 10], "rotation": 270, "texture": "#1"},
				"south": {"uv": [2, 8, 4, 10], "rotation": 90, "texture": "#1"},
				"west": {"uv": [2, 8, 4, 10], "rotation": 270, "texture": "#1"},
				"up": {"uv": [2, 8, 4, 10], "rotation": 90, "texture": "#1"},
				"down": {"uv": [2, 8, 4, 10], "rotation": 90, "texture": "#1"}
			}
		},
		{
			"from": [8.85, 9.35, -0.75],
			"to": [9.85, 10.35, 0.25],
			"shade": false,
			"rotation": {"angle": 0, "axis": "y", "origin": [15.5, -5, 3.5]},
			"faces": {
				"north": {"uv": [0, 6, 2, 8], "texture": "#1"},
				"east": {"uv": [0, 6, 2, 8], "texture": "#1"},
				"south": {"uv": [0, 6, 2, 8], "texture": "#1"},
				"west": {"uv": [0, 6, 2, 8], "texture": "#1"},
				"up": {"uv": [0, 6, 2, 8], "rotation": 180, "texture": "#1"},
				"down": {"uv": [0, 6, 2, 8], "rotation": 180, "texture": "#1"}
			}
		},
		{
			"from": [10.1, 10.6, 0.5],
			"to": [8.6, 9.1, -1],
			"shade": false,
			"rotation": {"angle": 0, "axis": "y", "origin": [15.5, -5, 3.5]},
			"faces": {
				"north": {"uv": [2, 6, 4, 8], "texture": "#1"},
				"east": {"uv": [2, 6, 4, 8], "texture": "#1"},
				"south": {"uv": [2, 6, 4, 8], "texture": "#1"},
				"west": {"uv": [2, 6, 4, 8], "texture": "#1"},
				"up": {"uv": [2, 6, 4, 8], "rotation": 180, "texture": "#1"},
				"down": {"uv": [2, 6, 4, 8], "rotation": 180, "texture": "#1"}
			}
		},
		{
			"from": [15.64191, 11.38568, -0.6],
			"to": [16.34191, 12.08568, 0.1],
			"shade": false,
			"rotation": {"angle": 22.5, "axis": "z", "origin": [15.5, -5, 3.5]},
			"faces": {
				"north": {"uv": [0, 4, 2, 6], "texture": "#1"},
				"east": {"uv": [0, 4, 2, 6], "texture": "#1"},
				"south": {"uv": [0, 4, 2, 6], "texture": "#1"},
				"west": {"uv": [0, 4, 2, 6], "texture": "#1"},
				"up": {"uv": [0, 4, 2, 6], "rotation": 180, "texture": "#1"},
				"down": {"uv": [0, 4, 2, 6], "rotation": 180, "texture": "#1"}
			}
		},
		{
			"from": [16.64191, 12.38568, 0.4],
			"to": [15.34191, 11.08568, -0.9],
			"shade": false,
			"rotation": {"angle": 22.5, "axis": "z", "origin": [15.5, -5, 3.5]},
			"faces": {
				"north": {"uv": [2, 4, 4, 6], "texture": "#1"},
				"east": {"uv": [2, 4, 4, 6], "texture": "#1"},
				"south": {"uv": [2, 4, 4, 6], "texture": "#1"},
				"west": {"uv": [2, 4, 4, 6], "texture": "#1"},
				"up": {"uv": [2, 4, 4, 6], "rotation": 180, "texture": "#1"},
				"down": {"uv": [2, 4, 4, 6], "rotation": 180, "texture": "#1"}
			}
		},
		{
			"from": [9.5, 10.95, -0.55],
			"to": [10.1, 11.55, 0.05],
			"shade": false,
			"rotation": {"angle": 0, "axis": "y", "origin": [15.5, -5, 3.5]},
			"faces": {
				"north": {"uv": [0, 2, 2, 4], "texture": "#1"},
				"east": {"uv": [0, 2, 2, 4], "texture": "#1"},
				"south": {"uv": [0, 2, 2, 4], "texture": "#1"},
				"west": {"uv": [0, 2, 2, 4], "texture": "#1"},
				"up": {"uv": [0, 2, 2, 4], "rotation": 180, "texture": "#1"},
				"down": {"uv": [0, 2, 2, 4], "rotation": 180, "texture": "#1"}
			}
		},
		{
			"from": [10.35, 11.8, 0.3],
			"to": [9.25, 10.7, -0.8],
			"shade": false,
			"rotation": {"angle": 0, "axis": "y", "origin": [15.5, -5, 3.5]},
			"faces": {
				"north": {"uv": [2, 2, 4, 4], "texture": "#1"},
				"east": {"uv": [2, 2, 4, 4], "texture": "#1"},
				"south": {"uv": [2, 2, 4, 4], "texture": "#1"},
				"west": {"uv": [2, 2, 4, 4], "texture": "#1"},
				"up": {"uv": [2, 2, 4, 4], "rotation": 180, "texture": "#1"},
				"down": {"uv": [2, 2, 4, 4], "rotation": 180, "texture": "#1"}
			}
		},
		{
			"from": [5.05, 9.95, -0.55],
			"to": [5.65, 10.55, 0.05],
			"shade": false,
			"rotation": {"angle": 0, "axis": "y", "origin": [15.5, -4, 3.5]},
			"faces": {
				"north": {"uv": [6, 14, 4, 16], "texture": "#1"},
				"east": {"uv": [6, 14, 4, 16], "texture": "#1"},
				"south": {"uv": [6, 14, 4, 16], "texture": "#1"},
				"west": {"uv": [6, 14, 4, 16], "texture": "#1"},
				"up": {"uv": [6, 14, 4, 16], "rotation": 180, "texture": "#1"},
				"down": {"uv": [6, 14, 4, 16], "rotation": 180, "texture": "#1"}
			}
		},
		{
			"from": [5.9, 10.8, 0.3],
			"to": [4.8, 9.7, -0.8],
			"shade": false,
			"rotation": {"angle": 0, "axis": "y", "origin": [15.5, -4, 3.5]},
			"faces": {
				"north": {"uv": [8, 14, 6, 16], "texture": "#1"},
				"east": {"uv": [8, 14, 6, 16], "texture": "#1"},
				"south": {"uv": [8, 14, 6, 16], "texture": "#1"},
				"west": {"uv": [8, 14, 6, 16], "texture": "#1"},
				"up": {"uv": [8, 14, 6, 16], "rotation": 180, "texture": "#1"},
				"down": {"uv": [8, 14, 6, 16], "rotation": 180, "texture": "#1"}
			}
		},
		{
			"from": [11.04765, 13.31453, -0.6],
			"to": [11.74765, 14.01453, 0.1],
			"shade": false,
			"rotation": {"angle": 22.5, "axis": "z", "origin": [15.5, -4, 3.5]},
			"faces": {
				"north": {"uv": [6, 12, 4, 14], "texture": "#1"},
				"east": {"uv": [6, 12, 4, 14], "texture": "#1"},
				"south": {"uv": [6, 12, 4, 14], "texture": "#1"},
				"west": {"uv": [6, 12, 4, 14], "texture": "#1"},
				"up": {"uv": [6, 12, 4, 14], "rotation": 180, "texture": "#1"},
				"down": {"uv": [6, 12, 4, 14], "rotation": 180, "texture": "#1"}
			}
		},
		{
			"from": [12.04765, 14.31453, 0.4],
			"to": [10.74765, 13.01453, -0.9],
			"shade": false,
			"rotation": {"angle": 22.5, "axis": "z", "origin": [15.5, -4, 3.5]},
			"faces": {
				"north": {"uv": [8, 12, 6, 14], "texture": "#1"},
				"east": {"uv": [8, 12, 6, 14], "texture": "#1"},
				"south": {"uv": [8, 12, 6, 14], "texture": "#1"},
				"west": {"uv": [8, 12, 6, 14], "texture": "#1"},
				"up": {"uv": [8, 12, 6, 14], "rotation": 180, "texture": "#1"},
				"down": {"uv": [8, 12, 6, 14], "rotation": 180, "texture": "#1"}
			}
		},
		{
			"from": [18.25269, 14.23833, -0.75],
			"to": [19.25269, 15.23833, 0.25],
			"shade": false,
			"rotation": {"angle": 45, "axis": "z", "origin": [15.5, -4, 3.5]},
			"faces": {
				"north": {"uv": [6, 10, 4, 12], "texture": "#1"},
				"east": {"uv": [6, 10, 4, 12], "texture": "#1"},
				"south": {"uv": [6, 10, 4, 12], "texture": "#1"},
				"west": {"uv": [6, 10, 4, 12], "texture": "#1"},
				"up": {"uv": [6, 10, 4, 12], "rotation": 180, "texture": "#1"},
				"down": {"uv": [6, 10, 4, 12], "rotation": 180, "texture": "#1"}
			}
		},
		{
			"from": [19.50269, 15.48833, 0.5],
			"to": [18.00269, 13.98833, -1],
			"shade": false,
			"rotation": {"angle": 45, "axis": "z", "origin": [15.5, -4, 3.5]},
			"faces": {
				"north": {"uv": [8, 10, 6, 12], "texture": "#1"},
				"east": {"uv": [8, 10, 6, 12], "texture": "#1"},
				"south": {"uv": [8, 10, 6, 12], "texture": "#1"},
				"west": {"uv": [8, 10, 6, 12], "texture": "#1"},
				"up": {"uv": [8, 10, 6, 12], "rotation": 180, "texture": "#1"},
				"down": {"uv": [8, 10, 6, 12], "rotation": 180, "texture": "#1"}
			}
		},
		{
			"from": [-0.78076, 6.55227, -0.75],
			"to": [0.21924, 7.55227, 0.25],
			"shade": false,
			"rotation": {"angle": -22.5, "axis": "z", "origin": [15.5, -4, 3.5]},
			"faces": {
				"north": {"uv": [4, 10, 6, 8], "rotation": 270, "texture": "#1"},
				"east": {"uv": [4, 10, 6, 8], "rotation": 270, "texture": "#1"},
				"south": {"uv": [4, 10, 6, 8], "rotation": 90, "texture": "#1"},
				"west": {"uv": [4, 10, 6, 8], "rotation": 270, "texture": "#1"},
				"up": {"uv": [4, 10, 6, 8], "rotation": 90, "texture": "#1"},
				"down": {"uv": [4, 10, 6, 8], "rotation": 90, "texture": "#1"}
			}
		},
		{
			"from": [0.46924, 7.80227, 0.5],
			"to": [-1.03076, 6.30227, -1],
			"shade": false,
			"rotation": {"angle": -22.5, "axis": "z", "origin": [15.5, -4, 3.5]},
			"faces": {
				"north": {"uv": [6, 10, 8, 8], "rotation": 270, "texture": "#1"},
				"east": {"uv": [6, 10, 8, 8], "rotation": 270, "texture": "#1"},
				"south": {"uv": [6, 10, 8, 8], "rotation": 90, "texture": "#1"},
				"west": {"uv": [6, 10, 8, 8], "rotation": 270, "texture": "#1"},
				"up": {"uv": [6, 10, 8, 8], "rotation": 90, "texture": "#1"},
				"down": {"uv": [6, 10, 8, 8], "rotation": 90, "texture": "#1"}
			}
		},
		{
			"from": [5.15, 12.35, -0.75],
			"to": [6.15, 13.35, 0.25],
			"shade": false,
			"rotation": {"angle": 0, "axis": "y", "origin": [15.5, -4, 3.5]},
			"faces": {
				"north": {"uv": [6, 6, 4, 8], "texture": "#1"},
				"east": {"uv": [6, 6, 4, 8], "texture": "#1"},
				"south": {"uv": [6, 6, 4, 8], "texture": "#1"},
				"west": {"uv": [6, 6, 4, 8], "texture": "#1"},
				"up": {"uv": [6, 6, 4, 8], "rotation": 180, "texture": "#1"},
				"down": {"uv": [6, 6, 4, 8], "rotation": 180, "texture": "#1"}
			}
		},
		{
			"from": [6.4, 13.6, 0.5],
			"to": [4.9, 12.1, -1],
			"shade": false,
			"rotation": {"angle": 0, "axis": "y", "origin": [15.5, -4, 3.5]},
			"faces": {
				"north": {"uv": [8, 6, 6, 8], "texture": "#1"},
				"east": {"uv": [8, 6, 6, 8], "texture": "#1"},
				"south": {"uv": [8, 6, 6, 8], "texture": "#1"},
				"west": {"uv": [8, 6, 6, 8], "texture": "#1"},
				"up": {"uv": [8, 6, 6, 8], "rotation": 180, "texture": "#1"},
				"down": {"uv": [8, 6, 6, 8], "rotation": 180, "texture": "#1"}
			}
		},
		{
			"from": [-0.88935, 8.11051, -0.6],
			"to": [-0.18935, 8.81051, 0.1],
			"shade": false,
			"rotation": {"angle": -22.5, "axis": "z", "origin": [15.5, -4, 3.5]},
			"faces": {
				"north": {"uv": [6, 4, 4, 6], "texture": "#1"},
				"east": {"uv": [6, 4, 4, 6], "texture": "#1"},
				"south": {"uv": [6, 4, 4, 6], "texture": "#1"},
				"west": {"uv": [6, 4, 4, 6], "texture": "#1"},
				"up": {"uv": [6, 4, 4, 6], "rotation": 180, "texture": "#1"},
				"down": {"uv": [6, 4, 4, 6], "rotation": 180, "texture": "#1"}
			}
		},
		{
			"from": [0.11065, 9.11051, 0.4],
			"to": [-1.18935, 7.81051, -0.9],
			"shade": false,
			"rotation": {"angle": -22.5, "axis": "z", "origin": [15.5, -4, 3.5]},
			"faces": {
				"north": {"uv": [8, 4, 6, 6], "texture": "#1"},
				"east": {"uv": [8, 4, 6, 6], "texture": "#1"},
				"south": {"uv": [8, 4, 6, 6], "texture": "#1"},
				"west": {"uv": [8, 4, 6, 6], "texture": "#1"},
				"up": {"uv": [8, 4, 6, 6], "rotation": 180, "texture": "#1"},
				"down": {"uv": [8, 4, 6, 6], "rotation": 180, "texture": "#1"}
			}
		},
		{
			"from": [4.9, 13.95, -0.55],
			"to": [5.5, 14.55, 0.05],
			"shade": false,
			"rotation": {"angle": 0, "axis": "y", "origin": [15.5, -4, 3.5]},
			"faces": {
				"north": {"uv": [6, 2, 4, 4], "texture": "#1"},
				"east": {"uv": [6, 2, 4, 4], "texture": "#1"},
				"south": {"uv": [6, 2, 4, 4], "texture": "#1"},
				"west": {"uv": [6, 2, 4, 4], "texture": "#1"},
				"up": {"uv": [6, 2, 4, 4], "rotation": 180, "texture": "#1"},
				"down": {"uv": [6, 2, 4, 4], "rotation": 180, "texture": "#1"}
			}
		},
		{
			"from": [5.75, 14.8, 0.3],
			"to": [4.65, 13.7, -0.8],
			"shade": false,
			"rotation": {"angle": 0, "axis": "y", "origin": [15.5, -4, 3.5]},
			"faces": {
				"north": {"uv": [8, 2, 6, 4], "texture": "#1"},
				"east": {"uv": [8, 2, 6, 4], "texture": "#1"},
				"south": {"uv": [8, 2, 6, 4], "texture": "#1"},
				"west": {"uv": [8, 2, 6, 4], "texture": "#1"},
				"up": {"uv": [8, 2, 6, 4], "rotation": 180, "texture": "#1"},
				"down": {"uv": [8, 2, 6, 4], "rotation": 180, "texture": "#1"}
			}
		},
		{
			"from": [8.05, 13.95, -0.55],
			"to": [8.65, 14.55, 0.05],
			"shade": false,
			"rotation": {"angle": 0, "axis": "y", "origin": [18.5, 0, 11.5]},
			"faces": {
				"north": {"uv": [14, 14, 12, 16], "texture": "#1"},
				"east": {"uv": [14, 14, 12, 16], "texture": "#1"},
				"south": {"uv": [14, 14, 12, 16], "texture": "#1"},
				"west": {"uv": [14, 14, 12, 16], "texture": "#1"},
				"up": {"uv": [14, 14, 12, 16], "rotation": 180, "texture": "#1"},
				"down": {"uv": [14, 14, 12, 16], "rotation": 180, "texture": "#1"}
			}
		},
		{
			"from": [8.9, 14.8, 0.3],
			"to": [7.8, 13.7, -0.8],
			"shade": false,
			"rotation": {"angle": 0, "axis": "y", "origin": [18.5, 0, 11.5]},
			"faces": {
				"north": {"uv": [16, 14, 14, 16], "texture": "#1"},
				"east": {"uv": [16, 14, 14, 16], "texture": "#1"},
				"south": {"uv": [16, 14, 14, 16], "texture": "#1"},
				"west": {"uv": [16, 14, 14, 16], "texture": "#1"},
				"up": {"uv": [16, 14, 14, 16], "rotation": 180, "texture": "#1"},
				"down": {"uv": [16, 14, 14, 16], "rotation": 180, "texture": "#1"}
			}
		},
		{
			"from": [14.04765, 17.31453, -0.6],
			"to": [14.74765, 18.01453, 0.1],
			"shade": false,
			"rotation": {"angle": 22.5, "axis": "z", "origin": [18.5, 0, 11.5]},
			"faces": {
				"north": {"uv": [14, 12, 12, 14], "texture": "#1"},
				"east": {"uv": [14, 12, 12, 14], "texture": "#1"},
				"south": {"uv": [14, 12, 12, 14], "texture": "#1"},
				"west": {"uv": [14, 12, 12, 14], "texture": "#1"},
				"up": {"uv": [14, 12, 12, 14], "rotation": 180, "texture": "#1"},
				"down": {"uv": [14, 12, 12, 14], "rotation": 180, "texture": "#1"}
			}
		},
		{
			"from": [15.04765, 18.31453, 0.4],
			"to": [13.74765, 17.01453, -0.9],
			"shade": false,
			"rotation": {"angle": 22.5, "axis": "z", "origin": [18.5, 0, 11.5]},
			"faces": {
				"north": {"uv": [16, 12, 14, 14], "texture": "#1"},
				"east": {"uv": [16, 12, 14, 14], "texture": "#1"},
				"south": {"uv": [16, 12, 14, 14], "texture": "#1"},
				"west": {"uv": [16, 12, 14, 14], "texture": "#1"},
				"up": {"uv": [16, 12, 14, 14], "rotation": 180, "texture": "#1"},
				"down": {"uv": [16, 12, 14, 14], "rotation": 180, "texture": "#1"}
			}
		},
		{
			"from": [21.25269, 18.23833, -0.75],
			"to": [22.25269, 19.23833, 0.25],
			"shade": false,
			"rotation": {"angle": 45, "axis": "z", "origin": [18.5, 0, 11.5]},
			"faces": {
				"north": {"uv": [14, 10, 12, 12], "texture": "#1"},
				"east": {"uv": [14, 10, 12, 12], "texture": "#1"},
				"south": {"uv": [14, 10, 12, 12], "texture": "#1"},
				"west": {"uv": [14, 10, 12, 12], "texture": "#1"},
				"up": {"uv": [14, 10, 12, 12], "rotation": 180, "texture": "#1"},
				"down": {"uv": [14, 10, 12, 12], "rotation": 180, "texture": "#1"}
			}
		},
		{
			"from": [22.50269, 19.48833, 0.5],
			"to": [21.00269, 17.98833, -1],
			"shade": false,
			"rotation": {"angle": 45, "axis": "z", "origin": [18.5, 0, 11.5]},
			"faces": {
				"north": {"uv": [16, 10, 14, 12], "texture": "#1"},
				"east": {"uv": [16, 10, 14, 12], "texture": "#1"},
				"south": {"uv": [16, 10, 14, 12], "texture": "#1"},
				"west": {"uv": [16, 10, 14, 12], "texture": "#1"},
				"up": {"uv": [16, 10, 14, 12], "rotation": 180, "texture": "#1"},
				"down": {"uv": [16, 10, 14, 12], "rotation": 180, "texture": "#1"}
			}
		},
		{
			"from": [2.21924, 10.55227, -0.75],
			"to": [3.21924, 11.55227, 0.25],
			"shade": false,
			"rotation": {"angle": -22.5, "axis": "z", "origin": [18.5, 0, 11.5]},
			"faces": {
				"north": {"uv": [12, 10, 14, 8], "rotation": 270, "texture": "#1"},
				"east": {"uv": [12, 10, 14, 8], "rotation": 270, "texture": "#1"},
				"south": {"uv": [12, 10, 14, 8], "rotation": 90, "texture": "#1"},
				"west": {"uv": [12, 10, 14, 8], "rotation": 270, "texture": "#1"},
				"up": {"uv": [12, 10, 14, 8], "rotation": 90, "texture": "#1"},
				"down": {"uv": [12, 10, 14, 8], "rotation": 90, "texture": "#1"}
			}
		},
		{
			"from": [3.46924, 11.80227, 0.5],
			"to": [1.96924, 10.30227, -1],
			"shade": false,
			"rotation": {"angle": -22.5, "axis": "z", "origin": [18.5, 0, 11.5]},
			"faces": {
				"north": {"uv": [14, 10, 16, 8], "rotation": 270, "texture": "#1"},
				"east": {"uv": [14, 10, 16, 8], "rotation": 270, "texture": "#1"},
				"south": {"uv": [14, 10, 16, 8], "rotation": 90, "texture": "#1"},
				"west": {"uv": [14, 10, 16, 8], "rotation": 270, "texture": "#1"},
				"up": {"uv": [14, 10, 16, 8], "rotation": 90, "texture": "#1"},
				"down": {"uv": [14, 10, 16, 8], "rotation": 90, "texture": "#1"}
			}
		},
		{
			"from": [8.15, 16.35, -0.75],
			"to": [9.15, 17.35, 0.25],
			"shade": false,
			"rotation": {"angle": 0, "axis": "y", "origin": [18.5, 0, 11.5]},
			"faces": {
				"north": {"uv": [14, 6, 12, 8], "texture": "#1"},
				"east": {"uv": [14, 6, 12, 8], "texture": "#1"},
				"south": {"uv": [14, 6, 12, 8], "texture": "#1"},
				"west": {"uv": [14, 6, 12, 8], "texture": "#1"},
				"up": {"uv": [14, 6, 12, 8], "rotation": 180, "texture": "#1"},
				"down": {"uv": [14, 6, 12, 8], "rotation": 180, "texture": "#1"}
			}
		},
		{
			"from": [9.4, 17.6, 0.5],
			"to": [7.9, 16.1, -1],
			"shade": false,
			"rotation": {"angle": 0, "axis": "y", "origin": [18.5, 0, 11.5]},
			"faces": {
				"north": {"uv": [16, 6, 14, 8], "texture": "#1"},
				"east": {"uv": [16, 6, 14, 8], "texture": "#1"},
				"south": {"uv": [16, 6, 14, 8], "texture": "#1"},
				"west": {"uv": [16, 6, 14, 8], "texture": "#1"},
				"up": {"uv": [16, 6, 14, 8], "rotation": 180, "texture": "#1"},
				"down": {"uv": [16, 6, 14, 8], "rotation": 180, "texture": "#1"}
			}
		},
		{
			"from": [2.11065, 12.11051, -0.6],
			"to": [2.81065, 12.81051, 0.1],
			"shade": false,
			"rotation": {"angle": -22.5, "axis": "z", "origin": [18.5, 0, 11.5]},
			"faces": {
				"north": {"uv": [14, 4, 12, 6], "texture": "#1"},
				"east": {"uv": [14, 4, 12, 6], "texture": "#1"},
				"south": {"uv": [14, 4, 12, 6], "texture": "#1"},
				"west": {"uv": [14, 4, 12, 6], "texture": "#1"},
				"up": {"uv": [14, 4, 12, 6], "rotation": 180, "texture": "#1"},
				"down": {"uv": [14, 4, 12, 6], "rotation": 180, "texture": "#1"}
			}
		},
		{
			"from": [3.11065, 13.11051, 0.4],
			"to": [1.81065, 11.81051, -0.9],
			"shade": false,
			"rotation": {"angle": -22.5, "axis": "z", "origin": [18.5, 0, 11.5]},
			"faces": {
				"north": {"uv": [16, 4, 14, 6], "texture": "#1"},
				"east": {"uv": [16, 4, 14, 6], "texture": "#1"},
				"south": {"uv": [16, 4, 14, 6], "texture": "#1"},
				"west": {"uv": [16, 4, 14, 6], "texture": "#1"},
				"up": {"uv": [16, 4, 14, 6], "rotation": 180, "texture": "#1"},
				"down": {"uv": [16, 4, 14, 6], "rotation": 180, "texture": "#1"}
			}
		},
		{
			"from": [7.9, 17.95, -0.55],
			"to": [8.5, 18.55, 0.05],
			"shade": false,
			"rotation": {"angle": 0, "axis": "y", "origin": [18.5, 0, 11.5]},
			"faces": {
				"north": {"uv": [14, 2, 12, 4], "texture": "#1"},
				"east": {"uv": [14, 2, 12, 4], "texture": "#1"},
				"south": {"uv": [14, 2, 12, 4], "texture": "#1"},
				"west": {"uv": [14, 2, 12, 4], "texture": "#1"},
				"up": {"uv": [14, 2, 12, 4], "rotation": 180, "texture": "#1"},
				"down": {"uv": [14, 2, 12, 4], "rotation": 180, "texture": "#1"}
			}
		},
		{
			"from": [8.75, 18.8, 0.3],
			"to": [7.65, 17.7, -0.8],
			"shade": false,
			"rotation": {"angle": 0, "axis": "y", "origin": [18.5, 0, 11.5]},
			"faces": {
				"north": {"uv": [16, 2, 14, 4], "texture": "#1"},
				"east": {"uv": [16, 2, 14, 4], "texture": "#1"},
				"south": {"uv": [16, 2, 14, 4], "texture": "#1"},
				"west": {"uv": [16, 2, 14, 4], "texture": "#1"},
				"up": {"uv": [16, 2, 14, 4], "rotation": 180, "texture": "#1"},
				"down": {"uv": [16, 2, 14, 4], "rotation": 180, "texture": "#1"}
			}
		}
	],
	"groups": [
		0,
		1,
		2,
		3,
		4,
		5,
		6,
		7,
		8,
		9,
		10,
		11,
		12,
		13,
		14,
		{
			"name": "particles",
			"origin": [8, 8, 8],
			"color": 0,
			"children": [
				{
					"name": "particles1",
					"origin": [0, 0, 0],
					"color": 0,
					"children": [
						{
							"name": "particle1",
							"origin": [0, 0, 0],
							"color": 0,
							"children": [15, 16]
						},
						{
							"name": "particle2",
							"origin": [0, 0, 0],
							"color": 0,
							"children": [17, 18]
						},
						{
							"name": "particle3",
							"origin": [0, 0, 0],
							"color": 0,
							"children": [19, 20]
						},
						{
							"name": "particle4",
							"origin": [0, 0, 0],
							"color": 0,
							"children": [21, 22]
						},
						{
							"name": "particle5",
							"origin": [0, 0, 0],
							"color": 0,
							"children": [23, 24]
						},
						{
							"name": "particle6",
							"origin": [0, 0, 0],
							"color": 0,
							"children": [25, 26]
						},
						{
							"name": "particle7",
							"origin": [0, 0, 0],
							"color": 0,
							"children": [27, 28]
						}
					]
				},
				{
					"name": "particles2",
					"origin": [0, 0, 0],
					"color": 0,
					"children": [
						{
							"name": "particle1",
							"origin": [0, 0, 0],
							"color": 0,
							"children": [29, 30]
						},
						{
							"name": "particle2",
							"origin": [0, 0, 0],
							"color": 0,
							"children": [31, 32]
						},
						{
							"name": "particle3",
							"origin": [0, 0, 0],
							"color": 0,
							"children": [33, 34]
						},
						{
							"name": "particle4",
							"origin": [0, 0, 0],
							"color": 0,
							"children": [35, 36]
						},
						{
							"name": "particle5",
							"origin": [0, 0, 0],
							"color": 0,
							"children": [37, 38]
						},
						{
							"name": "particle6",
							"origin": [0, 0, 0],
							"color": 0,
							"children": [39, 40]
						},
						{
							"name": "particle7",
							"origin": [0, 0, 0],
							"color": 0,
							"children": [41, 42]
						}
					]
				},
				{
					"name": "particles3",
					"origin": [0, 0, 0],
					"color": 0,
					"children": [
						{
							"name": "particle1",
							"origin": [0, 0, 0],
							"color": 0,
							"children": [43, 44]
						},
						{
							"name": "particle2",
							"origin": [0, 0, 0],
							"color": 0,
							"children": [45, 46]
						},
						{
							"name": "particle3",
							"origin": [0, 0, 0],
							"color": 0,
							"children": [47, 48]
						},
						{
							"name": "particle4",
							"origin": [0, 0, 0],
							"color": 0,
							"children": [49, 50]
						},
						{
							"name": "particle5",
							"origin": [0, 0, 0],
							"color": 0,
							"children": [51, 52]
						},
						{
							"name": "particle6",
							"origin": [0, 0, 0],
							"color": 0,
							"children": [53, 54]
						},
						{
							"name": "particle7",
							"origin": [0, 0, 0],
							"color": 0,
							"children": [55, 56]
						}
					]
				}
			]
		}
	]
}