{
	"credit": "Made with Blockbench",
	"textures": {
		"1": "item/firework/firework_ef_long",
		"2": "item/firework/firework_set"
	},
	"elements": [
		{
			"from": [7.102, 7.95358, 4.52673],
			"to": [8.898, 13.19558, 6.88273],
			"rotation": {"angle": 22.5, "axis": "x", "origin": [7.60401, 9.67707, 8.45897]},
			"faces": {
				"north": {"uv": [6.25, 7.0625, 6.375, 7.375], "texture": "#2"},
				"east": {"uv": [3.1875, 7.9375, 3.3125, 8.25], "texture": "#2"},
				"south": {"uv": [7.9375, 4.4375, 8.0625, 4.75], "texture": "#2"},
				"west": {"uv": [5.625, 7.9375, 5.75, 8.25], "texture": "#2"},
				"up": {"uv": [8.625, 1.4375, 8.5, 1.3125], "texture": "#2"},
				"down": {"uv": [1.9375, 8.5, 1.8125, 8.625], "texture": "#2"}
			}
		},
		{
			"from": [6.47494, 4.69194, 5.25094],
			"to": [7.49706, 6.72805, 9.31505],
			"rotation": {"angle": -22.5, "axis": "x", "origin": [8, 3.55898, 8]},
			"faces": {
				"north": {"uv": [8.9375, 3.125, 8.8125, 3.1875], "rotation": 90, "texture": "#2"},
				"east": {"uv": [0.5, 8.25, 0.625, 8.5], "rotation": 270, "texture": "#2"},
				"south": {"uv": [8.9375, 3.125, 8.8125, 3.0625], "rotation": 90, "texture": "#2"},
				"west": {"uv": [8.25, 0.625, 8.375, 0.875], "rotation": 90, "texture": "#2"},
				"up": {"uv": [7.75, 8.5625, 7.8125, 8.8125], "rotation": 180, "texture": "#2"},
				"down": {"uv": [7.6875, 8.5625, 7.75, 8.8125], "texture": "#2"}
			}
		},
		{
			"from": [6.479, 4.696, 6.68901],
			"to": [7.493, 6.724, 10.74501],
			"rotation": {"angle": 22.5, "axis": "x", "origin": [8, 3.55898, 8]},
			"faces": {
				"north": {"uv": [8.9375, 2.75, 8.8125, 2.8125], "rotation": 90, "texture": "#2"},
				"east": {"uv": [8.25, 0, 8.375, 0.25], "rotation": 270, "texture": "#2"},
				"south": {"uv": [8.9375, 2.75, 8.8125, 2.6875], "rotation": 90, "texture": "#2"},
				"west": {"uv": [0.0625, 8.25, 0.1875, 8.5], "rotation": 90, "texture": "#2"},
				"up": {"uv": [7.5625, 8.5625, 7.625, 8.8125], "rotation": 180, "texture": "#2"},
				"down": {"uv": [7.5, 8.5625, 7.5625, 8.8125], "texture": "#2"}
			}
		},
		{
			"from": [6.47494, 0.3899, 5.25094],
			"to": [7.49706, 2.42601, 9.31505],
			"rotation": {"angle": 22.5, "axis": "x", "origin": [8, 3.55898, 8]},
			"faces": {
				"north": {"uv": [3.625, 8.8125, 3.5, 8.875], "rotation": 90, "texture": "#2"},
				"east": {"uv": [8.25, 1.4375, 8.375, 1.6875], "rotation": 270, "texture": "#2"},
				"south": {"uv": [8.9375, 3.5, 8.8125, 3.4375], "rotation": 90, "texture": "#2"},
				"west": {"uv": [1.5625, 8.25, 1.6875, 8.5], "rotation": 90, "texture": "#2"},
				"up": {"uv": [8.375, 8.5625, 8.4375, 8.8125], "rotation": 180, "texture": "#2"},
				"down": {"uv": [8.25, 8.5625, 8.3125, 8.8125], "texture": "#2"}
			}
		},
		{
			"from": [6.479, 0.39396, 6.68901],
			"to": [7.493, 2.42196, 10.74501],
			"rotation": {"angle": -22.5, "axis": "x", "origin": [8, 3.55898, 8]},
			"faces": {
				"north": {"uv": [8.9375, 3.375, 8.8125, 3.4375], "rotation": 90, "texture": "#2"},
				"east": {"uv": [8.25, 0.875, 8.375, 1.125], "rotation": 270, "texture": "#2"},
				"south": {"uv": [8.9375, 3.375, 8.8125, 3.3125], "rotation": 90, "texture": "#2"},
				"west": {"uv": [1.4375, 8.25, 1.5625, 8.5], "rotation": 90, "texture": "#2"},
				"up": {"uv": [8.1875, 8.5625, 8.25, 8.8125], "rotation": 180, "texture": "#2"},
				"down": {"uv": [8, 8.5625, 8.0625, 8.8125], "texture": "#2"}
			}
		},
		{
			"from": [8.50294, 4.69194, 5.25094],
			"to": [9.52506, 6.72805, 9.31505],
			"rotation": {"angle": -22.5, "axis": "x", "origin": [8, 3.55898, 8]},
			"faces": {
				"north": {"uv": [8.9375, 2.625, 8.8125, 2.6875], "rotation": 90, "texture": "#2"},
				"east": {"uv": [8.1875, 7.875, 8.3125, 8.125], "rotation": 270, "texture": "#2"},
				"south": {"uv": [2.75, 8.875, 2.625, 8.8125], "rotation": 90, "texture": "#2"},
				"west": {"uv": [8.1875, 8.125, 8.3125, 8.375], "rotation": 90, "texture": "#2"},
				"up": {"uv": [8.5625, 6.8125, 8.625, 7.0625], "rotation": 180, "texture": "#2"},
				"down": {"uv": [6.5625, 8.5625, 6.625, 8.8125], "texture": "#2"}
			}
		},
		{
			"from": [8.507, 4.696, 6.68901],
			"to": [9.521, 6.724, 10.74501],
			"rotation": {"angle": 22.5, "axis": "x", "origin": [8, 3.55898, 8]},
			"faces": {
				"north": {"uv": [8.9375, 2.5, 8.8125, 2.5625], "rotation": 90, "texture": "#2"},
				"east": {"uv": [7.4375, 8.1875, 7.5625, 8.4375], "rotation": 270, "texture": "#2"},
				"south": {"uv": [8.9375, 2.4375, 8.8125, 2.375], "rotation": 90, "texture": "#2"},
				"west": {"uv": [7.5625, 8.1875, 7.6875, 8.4375], "rotation": 90, "texture": "#2"},
				"up": {"uv": [6.5, 8.5625, 6.5625, 8.8125], "rotation": 180, "texture": "#2"},
				"down": {"uv": [6.125, 8.5625, 6.1875, 8.8125], "texture": "#2"}
			}
		},
		{
			"from": [8.50294, 0.3899, 5.25094],
			"to": [9.52506, 2.42601, 9.31505],
			"rotation": {"angle": 22.5, "axis": "x", "origin": [8, 3.55898, 8]},
			"faces": {
				"north": {"uv": [8.9375, 2.3125, 8.8125, 2.375], "rotation": 90, "texture": "#2"},
				"east": {"uv": [8.1875, 6.8125, 8.3125, 7.0625], "rotation": 270, "texture": "#2"},
				"south": {"uv": [8.9375, 2.3125, 8.8125, 2.25], "rotation": 90, "texture": "#2"},
				"west": {"uv": [7.3125, 8.1875, 7.4375, 8.4375], "rotation": 90, "texture": "#2"},
				"up": {"uv": [8.5625, 6.0625, 8.625, 6.3125], "rotation": 180, "texture": "#2"},
				"down": {"uv": [6.0625, 8.5625, 6.125, 8.8125], "texture": "#2"}
			}
		},
		{
			"from": [8.507, 0.39396, 6.68901],
			"to": [9.521, 2.42196, 10.74501],
			"rotation": {"angle": -22.5, "axis": "x", "origin": [8, 3.55898, 8]},
			"faces": {
				"north": {"uv": [8.9375, 2.1875, 8.8125, 2.25], "rotation": 90, "texture": "#2"},
				"east": {"uv": [6.5, 8.1875, 6.625, 8.4375], "rotation": 270, "texture": "#2"},
				"south": {"uv": [8.9375, 2.1875, 8.8125, 2.125], "rotation": 90, "texture": "#2"},
				"west": {"uv": [8.1875, 6.5625, 8.3125, 6.8125], "rotation": 90, "texture": "#2"},
				"up": {"uv": [6, 8.5625, 6.0625, 8.8125], "rotation": 180, "texture": "#2"},
				"down": {"uv": [5.9375, 8.5625, 6, 8.8125], "texture": "#2"}
			}
		},
		{
			"from": [7.45694, -0.89587, 3.54515],
			"to": [8.54306, 7.23824, 11.67926],
			"rotation": {"angle": 45, "axis": "x", "origin": [8, 3.55898, 8]},
			"faces": {
				"north": {"uv": [8.625, 0.4375, 8.125, 0.5], "rotation": 90, "texture": "#2"},
				"east": {"uv": [6.5, 1, 7, 1.5], "rotation": 270, "texture": "#2"},
				"south": {"uv": [8.5625, 4.375, 8.0625, 4.3125], "rotation": 90, "texture": "#2"},
				"west": {"uv": [3.9375, 6.5, 4.4375, 7], "rotation": 90, "texture": "#2"},
				"up": {"uv": [5.25, 8.125, 5.3125, 8.625], "rotation": 180, "texture": "#2"},
				"down": {"uv": [0.75, 8.125, 0.8125, 8.625], "texture": "#2"}
			}
		},
		{
			"from": [7.87988, 2.55426, 15.25819],
			"to": [8.12012, 17.7005, 15.49843],
			"rotation": {"angle": -22.5, "axis": "x", "origin": [8, 16.67738, 15.37831]},
			"faces": {
				"north": {"uv": [4.6875, 7.75, 4.75, 8.625], "texture": "#2"},
				"east": {"uv": [4.75, 7.75, 4.8125, 8.625], "texture": "#2"},
				"south": {"uv": [4.8125, 7.75, 4.875, 8.625], "texture": "#2"},
				"west": {"uv": [2.5625, 7.8125, 2.625, 8.6875], "texture": "#2"},
				"up": {"uv": [2.6875, 8.9375, 2.625, 8.875], "texture": "#2"},
				"down": {"uv": [2.75, 8.875, 2.6875, 8.9375], "texture": "#2"}
			}
		},
		{
			"name": "arrow",
			"from": [7.10688, 9.67579, 19.16492],
			"to": [8.89312, 12.80203, 22.29116],
			"rotation": {"angle": 45, "axis": "x", "origin": [7.60401, 9.67707, 10.45897]},
			"faces": {
				"north": {"uv": [8.375, 8.25, 8.5, 8.4375], "texture": "#2"},
				"east": {"uv": [8, 6.75, 8.1875, 6.9375], "texture": "#2"},
				"south": {"uv": [8.4375, 0.625, 8.5625, 0.8125], "texture": "#2"},
				"west": {"uv": [8, 6.9375, 8.1875, 7.125], "texture": "#2"},
				"up": {"uv": [8.5625, 1, 8.4375, 0.8125], "texture": "#2"},
				"down": {"uv": [1.1875, 8.4375, 1.0625, 8.625], "texture": "#2"}
			}
		},
		{
			"name": "arrow",
			"from": [3.19232, 4.70536, 2.668],
			"to": [3.97232, 5.48536, 17.02],
			"rotation": {"angle": 45, "axis": "z", "origin": [7.60401, 9.67707, 10.45897]},
			"faces": {
				"north": {"uv": [2.8125, 8.875, 2.875, 8.9375], "texture": "#2"},
				"east": {"uv": [7.5625, 2.0625, 8.4375, 2.125], "texture": "#2"},
				"south": {"uv": [8.875, 2.8125, 8.9375, 2.875], "texture": "#2"},
				"west": {"uv": [7.6875, 0.5, 8.5625, 0.5625], "texture": "#2"},
				"up": {"uv": [5.4375, 8.6875, 5.375, 7.8125], "texture": "#2"},
				"down": {"uv": [5.5, 7.8125, 5.4375, 8.6875], "texture": "#2"}
			}
		},
		{
			"name": "arrow",
			"from": [7.604, 5.64608, -0.64537],
			"to": [8.396, 7.60808, 0.92663],
			"rotation": {"angle": -22.5, "axis": "x", "origin": [7.60401, 9.67707, 10.45897]},
			"faces": {
				"north": {"uv": [6.4375, 8.75, 6.5, 8.875], "texture": "#2"},
				"east": {"uv": [8.5, 7.25, 8.625, 7.375], "texture": "#2"},
				"south": {"uv": [8.75, 6.625, 8.8125, 6.75], "texture": "#2"},
				"west": {"uv": [8.5, 7.5625, 8.625, 7.6875], "texture": "#2"},
				"up": {"uv": [6.75, 8.875, 6.6875, 8.75], "texture": "#2"},
				"down": {"uv": [6.8125, 8.75, 6.75, 8.875], "texture": "#2"}
			}
		},
		{
			"name": "arrow",
			"from": [7.608, -1.01874, 5.45535],
			"to": [8.392, 0.54526, 7.40935],
			"rotation": {"angle": 22.5, "axis": "x", "origin": [7.60401, 9.67707, 10.45897]},
			"faces": {
				"north": {"uv": [8.75, 7.5, 8.8125, 7.625], "texture": "#2"},
				"east": {"uv": [8.5, 8, 8.625, 8.125], "texture": "#2"},
				"south": {"uv": [8.75, 7.75, 8.8125, 7.875], "texture": "#2"},
				"west": {"uv": [8.5, 8.125, 8.625, 8.25], "texture": "#2"},
				"up": {"uv": [7.9375, 8.875, 7.875, 8.75], "texture": "#2"},
				"down": {"uv": [8.8125, 7.875, 8.75, 8], "texture": "#2"}
			}
		},
		{
			"name": "arrow",
			"from": [7.61, 1.53596, 3.57925],
			"to": [8.39, 4.01596, 4.35925],
			"rotation": {"angle": 45, "axis": "x", "origin": [8, 2.90096, 3.96925]},
			"faces": {
				"north": {"uv": [8.75, 8.125, 8.8125, 8.25], "texture": "#2"},
				"east": {"uv": [8.3125, 8.75, 8.375, 8.875], "texture": "#2"},
				"south": {"uv": [8.5, 8.75, 8.5625, 8.875], "texture": "#2"},
				"west": {"uv": [8.75, 8.5, 8.8125, 8.625], "texture": "#2"},
				"up": {"uv": [3, 8.9375, 2.9375, 8.875], "texture": "#2"},
				"down": {"uv": [8.9375, 2.9375, 8.875, 3], "texture": "#2"}
			}
		},
		{
			"name": "arrow",
			"from": [7.61, 3.68096, 2.60425],
			"to": [8.39, 4.46096, 4.83425],
			"rotation": {"angle": 45, "axis": "x", "origin": [8, 4.07096, 3.96925]},
			"faces": {
				"north": {"uv": [3.4375, 8.875, 3.5, 8.9375], "texture": "#2"},
				"east": {"uv": [8.8125, 0.1875, 8.9375, 0.25], "texture": "#2"},
				"south": {"uv": [3.5, 8.875, 3.5625, 8.9375], "texture": "#2"},
				"west": {"uv": [8.8125, 0.5, 8.9375, 0.5625], "texture": "#2"},
				"up": {"uv": [0.6875, 8.9375, 0.625, 8.8125], "texture": "#2"},
				"down": {"uv": [8.875, 0.625, 8.8125, 0.75], "texture": "#2"}
			}
		},
		{
			"name": "arrow",
			"from": [7.608, 7.69471, 1.01326],
			"to": [8.392, 9.25871, 2.96726],
			"rotation": {"angle": -22.5, "axis": "x", "origin": [7.60401, 9.67707, 10.45897]},
			"faces": {
				"north": {"uv": [7.9375, 8.75, 8, 8.875], "texture": "#2"},
				"east": {"uv": [8.5, 8.25, 8.625, 8.375], "texture": "#2"},
				"south": {"uv": [8.75, 8, 8.8125, 8.125], "texture": "#2"},
				"west": {"uv": [8.5, 8.375, 8.625, 8.5], "texture": "#2"},
				"up": {"uv": [8.125, 8.875, 8.0625, 8.75], "texture": "#2"},
				"down": {"uv": [8.1875, 8.75, 8.125, 8.875], "texture": "#2"}
			}
		},
		{
			"name": "arrow",
			"from": [7.602, 0.35411, 4.07049],
			"to": [8.398, 2.71011, 5.64649],
			"rotation": {"angle": 22.5, "axis": "x", "origin": [7.60401, 9.67707, 10.45897]},
			"faces": {
				"north": {"uv": [7.1875, 8.75, 7.25, 8.875], "texture": "#2"},
				"east": {"uv": [8.5, 7.75, 8.625, 7.875], "texture": "#2"},
				"south": {"uv": [8.75, 7.1875, 8.8125, 7.3125], "texture": "#2"},
				"west": {"uv": [8.5, 7.875, 8.625, 8], "texture": "#2"},
				"up": {"uv": [7.3125, 8.875, 7.25, 8.75], "texture": "#2"},
				"down": {"uv": [7.375, 8.75, 7.3125, 8.875], "texture": "#2"}
			}
		},
		{
			"name": "arrow",
			"from": [7.376, 2.96955, 14.68],
			"to": [8.624, 4.21755, 17.41],
			"rotation": {"angle": -45, "axis": "z", "origin": [8, 3.59355, 16.045]},
			"faces": {
				"north": {"uv": [2.875, 8.875, 2.9375, 8.9375], "texture": "#2"},
				"east": {"uv": [8.6875, 3.1875, 8.875, 3.25], "texture": "#2"},
				"south": {"uv": [8.875, 2.875, 8.9375, 2.9375], "texture": "#2"},
				"west": {"uv": [8.6875, 3.25, 8.875, 3.3125], "texture": "#2"},
				"up": {"uv": [6.25, 8.875, 6.1875, 8.6875], "texture": "#2"},
				"down": {"uv": [6.6875, 8.6875, 6.625, 8.875], "texture": "#2"}
			}
		},
		{
			"from": [7.4479, 16.71772, 15.073],
			"to": [8.5521, 17.82196, 16.05424],
			"rotation": {"angle": 0, "axis": "y", "origin": [8, 17.26984, 15.56362]},
			"faces": {
				"north": {"uv": [2.25, 8.875, 2.3125, 8.9375], "texture": "#2"},
				"east": {"uv": [2.3125, 8.875, 2.375, 8.9375], "texture": "#2"},
				"south": {"uv": [2.375, 8.875, 2.4375, 8.9375], "texture": "#2"},
				"west": {"uv": [8.875, 2.4375, 8.9375, 2.5], "texture": "#2"},
				"up": {"uv": [2.625, 8.9375, 2.5625, 8.875], "texture": "#2"},
				"down": {"uv": [8.9375, 2.5625, 8.875, 2.625], "texture": "#2"}
			}
		},
		{
			"from": [6.72, 15.26945, 13.9073],
			"to": [9.28, 19.16945, 15.0773],
			"rotation": {"angle": 0, "axis": "y", "origin": [7.60401, 9.67707, 8.45897]},
			"faces": {
				"north": {"uv": [7.8125, 4.75, 8, 5], "texture": "#2"},
				"east": {"uv": [1.625, 8.5, 1.6875, 8.75], "texture": "#2"},
				"south": {"uv": [7.8125, 7, 8, 7.25], "texture": "#2"},
				"west": {"uv": [5.3125, 8.5, 5.375, 8.75], "texture": "#2"},
				"up": {"uv": [8.875, 2.9375, 8.6875, 2.875], "texture": "#2"},
				"down": {"uv": [8.875, 2.9375, 8.6875, 3], "texture": "#2"}
			}
		},
		{
			"from": [6.87288, 15.52988, 11.98219],
			"to": [9.12712, 18.73412, 14.87443],
			"rotation": {"angle": 0, "axis": "y", "origin": [7.60401, 9.67707, 8.45897]},
			"faces": {
				"north": {"uv": [7.6875, 8.375, 7.8125, 8.5625], "texture": "#2"},
				"east": {"uv": [8, 5.875, 8.1875, 6.0625], "texture": "#2"},
				"south": {"uv": [8.375, 7.875, 8.5, 8.0625], "texture": "#2"},
				"west": {"uv": [6.25, 8, 6.4375, 8.1875], "texture": "#2"},
				"up": {"uv": [8.5, 8.25, 8.375, 8.0625], "texture": "#2"},
				"down": {"uv": [8.3125, 8.375, 8.1875, 8.5625], "texture": "#2"}
			}
		},
		{
			"from": [7.11, 13.93745, 11.40924],
			"to": [8.89, 16.27745, 15.30924],
			"rotation": {"angle": -22.5, "axis": "x", "origin": [7.60401, 9.67707, 8.45897]},
			"faces": {
				"north": {"uv": [8.5, 6.4375, 8.625, 6.5625], "texture": "#2"},
				"east": {"uv": [8, 7.125, 8.25, 7.25], "texture": "#2"},
				"south": {"uv": [8.5, 7.125, 8.625, 7.25], "texture": "#2"},
				"west": {"uv": [8.0625, 4, 8.3125, 4.125], "texture": "#2"},
				"up": {"uv": [8.25, 3.3125, 8.125, 3.0625], "texture": "#2"},
				"down": {"uv": [4.0625, 8.125, 3.9375, 8.375], "texture": "#2"}
			}
		},
		{
			"from": [7.104, 11.41262, 3.48403],
			"to": [8.896, 14.93462, 5.83603],
			"rotation": {"angle": 45, "axis": "x", "origin": [7.60401, 9.67707, 8.45897]},
			"faces": {
				"north": {"uv": [8.125, 0.875, 8.25, 1.125], "texture": "#2"},
				"east": {"uv": [8.125, 1.4375, 8.25, 1.6875], "texture": "#2"},
				"south": {"uv": [8.125, 2.1875, 8.25, 2.4375], "texture": "#2"},
				"west": {"uv": [8.125, 2.4375, 8.25, 2.6875], "texture": "#2"},
				"up": {"uv": [8.625, 5.5625, 8.5, 5.4375], "texture": "#2"},
				"down": {"uv": [8.625, 6.3125, 8.5, 6.4375], "texture": "#2"}
			}
		},
		{
			"from": [6.87288, 12.02719, 9.418],
			"to": [9.12712, 13.20343, 10.55524],
			"rotation": {"angle": 0, "axis": "y", "origin": [7.60401, 9.67707, 8.45897]},
			"faces": {
				"north": {"uv": [8.75, 6.3125, 8.875, 6.375], "texture": "#2"},
				"east": {"uv": [2.0625, 8.875, 2.125, 8.9375], "texture": "#2"},
				"south": {"uv": [8.75, 6.375, 8.875, 6.4375], "texture": "#2"},
				"west": {"uv": [2.1875, 8.875, 2.25, 8.9375], "texture": "#2"},
				"up": {"uv": [8.875, 6.5, 8.75, 6.4375], "texture": "#2"},
				"down": {"uv": [8.875, 6.5625, 8.75, 6.625], "texture": "#2"}
			}
		},
		{
			"from": [6.87088, 9.8462, 8.73639],
			"to": [9.12912, 11.49444, 11.63263],
			"rotation": {"angle": -45, "axis": "x", "origin": [7.60401, 9.67707, 8.45897]},
			"faces": {
				"north": {"uv": [8.5, 5.1875, 8.625, 5.3125], "texture": "#2"},
				"east": {"uv": [6.375, 6.6875, 6.5625, 6.8125], "texture": "#2"},
				"south": {"uv": [8.5, 5.3125, 8.625, 5.4375], "texture": "#2"},
				"west": {"uv": [8.375, 3.1875, 8.5625, 3.3125], "texture": "#2"},
				"up": {"uv": [1.5625, 6.375, 1.4375, 6.1875], "texture": "#2"},
				"down": {"uv": [2.75, 7.125, 2.625, 7.3125], "texture": "#2"}
			}
		},
		{
			"from": [5.99214, 9.62786, 6.33498],
			"to": [7.52838, 11.5841, 7.51122],
			"rotation": {"angle": 45, "axis": "x", "origin": [7.28125, 9.67707, 8.45897]},
			"faces": {
				"north": {"uv": [8.5, 3.625, 8.625, 3.75], "texture": "#2"},
				"east": {"uv": [2.3125, 7.6875, 2.375, 7.8125], "texture": "#2"},
				"south": {"uv": [4.875, 8.5, 5, 8.625], "texture": "#2"},
				"west": {"uv": [6.25, 8.75, 6.3125, 8.875], "texture": "#2"},
				"up": {"uv": [8.875, 6.3125, 8.75, 6.25], "texture": "#2"},
				"down": {"uv": [6.4375, 8.75, 6.3125, 8.8125], "texture": "#2"}
			}
		},
		{
			"from": [5.99526, 9.19415, 6.9267],
			"to": [7.52526, 11.14415, 8.0967],
			"rotation": {"angle": 0, "axis": "y", "origin": [7.28125, 9.67707, 8.45897]},
			"faces": {
				"north": {"uv": [3.1875, 8.5, 3.3125, 8.625], "texture": "#2"},
				"east": {"uv": [2.9375, 7.3125, 3, 7.4375], "texture": "#2"},
				"south": {"uv": [3.375, 8.5, 3.5, 8.625], "texture": "#2"},
				"west": {"uv": [7.4375, 6.5625, 7.5, 6.6875], "texture": "#2"},
				"up": {"uv": [8.875, 6.125, 8.75, 6.0625], "texture": "#2"},
				"down": {"uv": [8.875, 6.125, 8.75, 6.1875], "texture": "#2"}
			}
		},
		{
			"from": [8.47474, 9.19415, 6.9267],
			"to": [10.00474, 11.14415, 8.0967],
			"rotation": {"angle": 0, "axis": "y", "origin": [8.71875, 9.67707, 8.45897]},
			"faces": {
				"north": {"uv": [8.5625, 4.75, 8.6875, 4.875], "texture": "#2"},
				"east": {"uv": [1.3125, 8.8125, 1.375, 8.9375], "texture": "#2"},
				"south": {"uv": [8.625, 0.25, 8.75, 0.375], "texture": "#2"},
				"west": {"uv": [1.6875, 8.8125, 1.75, 8.9375], "texture": "#2"},
				"up": {"uv": [8.9375, 3.875, 8.8125, 3.8125], "texture": "#2"},
				"down": {"uv": [8.9375, 3.875, 8.8125, 3.9375], "texture": "#2"}
			}
		},
		{
			"from": [8.47162, 9.62786, 6.33498],
			"to": [10.00786, 11.5841, 7.51122],
			"rotation": {"angle": 45, "axis": "x", "origin": [8.71875, 9.67707, 8.45897]},
			"faces": {
				"north": {"uv": [8.5625, 3.1875, 8.6875, 3.3125], "texture": "#2"},
				"east": {"uv": [0.6875, 8.8125, 0.75, 8.9375], "texture": "#2"},
				"south": {"uv": [8.5625, 4, 8.6875, 4.125], "texture": "#2"},
				"west": {"uv": [0.8125, 8.8125, 0.875, 8.9375], "texture": "#2"},
				"up": {"uv": [8.9375, 3.8125, 8.8125, 3.75], "texture": "#2"},
				"down": {"uv": [3.9375, 8.8125, 3.8125, 8.875], "texture": "#2"}
			}
		},
		{
			"from": [6.876, 5.99761, 10.63135],
			"to": [9.124, 6.85561, 11.48935],
			"rotation": {"angle": 45, "axis": "x", "origin": [7.60401, 9.67707, 8.45897]},
			"faces": {
				"north": {"uv": [8.75, 5.75, 8.875, 5.8125], "texture": "#2"},
				"east": {"uv": [8.875, 0.6875, 8.9375, 0.75], "texture": "#2"},
				"south": {"uv": [8.75, 5.875, 8.875, 5.9375], "texture": "#2"},
				"west": {"uv": [8.875, 1.9375, 8.9375, 2], "texture": "#2"},
				"up": {"uv": [8.875, 6, 8.75, 5.9375], "texture": "#2"},
				"down": {"uv": [8.875, 6, 8.75, 6.0625], "texture": "#2"}
			}
		},
		{
			"from": [6.87288, 5.53607, 7.37288],
			"to": [9.12712, 11.15831, 8.62712],
			"rotation": {"angle": 0, "axis": "y", "origin": [7.60401, 9.67707, 8.45897]},
			"faces": {
				"north": {"uv": [7.5625, 7.8125, 7.6875, 8.1875], "texture": "#2"},
				"east": {"uv": [6.75, 8.375, 6.8125, 8.75], "texture": "#2"},
				"south": {"uv": [0.5, 7.875, 0.625, 8.25], "texture": "#2"},
				"west": {"uv": [8.375, 7.0625, 8.4375, 7.4375], "texture": "#2"},
				"up": {"uv": [8.875, 5.6875, 8.75, 5.625], "texture": "#2"},
				"down": {"uv": [8.875, 5.6875, 8.75, 5.75], "texture": "#2"}
			}
		},
		{
			"from": [7.4479, -10.82196, 15.073],
			"to": [8.5521, -9.71772, 16.05424],
			"rotation": {"angle": 0, "axis": "y", "origin": [8, -10.26984, 15.56362]},
			"faces": {
				"north": {"uv": [2.25, 8.9375, 2.3125, 8.875], "texture": "#2"},
				"east": {"uv": [2.3125, 8.9375, 2.375, 8.875], "texture": "#2"},
				"south": {"uv": [2.375, 8.9375, 2.4375, 8.875], "texture": "#2"},
				"west": {"uv": [8.875, 2.5, 8.9375, 2.4375], "texture": "#2"},
				"up": {"uv": [8.9375, 2.625, 8.875, 2.5625], "texture": "#2"},
				"down": {"uv": [2.625, 8.875, 2.5625, 8.9375], "texture": "#2"}
			}
		},
		{
			"from": [6.72, -12.16945, 13.9073],
			"to": [9.28, -8.26945, 15.0773],
			"rotation": {"angle": 0, "axis": "y", "origin": [7.60401, -2.67707, 8.45897]},
			"faces": {
				"north": {"uv": [7.8125, 5, 8, 4.75], "texture": "#2"},
				"east": {"uv": [1.625, 8.75, 1.6875, 8.5], "texture": "#2"},
				"south": {"uv": [7.8125, 7.25, 8, 7], "texture": "#2"},
				"west": {"uv": [5.3125, 8.75, 5.375, 8.5], "texture": "#2"},
				"up": {"uv": [8.875, 3, 8.6875, 2.9375], "texture": "#2"},
				"down": {"uv": [8.875, 2.875, 8.6875, 2.9375], "texture": "#2"}
			}
		},
		{
			"from": [6.87288, -11.73412, 11.98219],
			"to": [9.12712, -8.52988, 14.87443],
			"rotation": {"angle": 0, "axis": "y", "origin": [7.60401, -2.67707, 8.45897]},
			"faces": {
				"north": {"uv": [7.6875, 8.5625, 7.8125, 8.375], "texture": "#2"},
				"east": {"uv": [8, 6.0625, 8.1875, 5.875], "texture": "#2"},
				"south": {"uv": [8.375, 8.0625, 8.5, 7.875], "texture": "#2"},
				"west": {"uv": [6.25, 8.1875, 6.4375, 8], "texture": "#2"},
				"up": {"uv": [8.3125, 8.5625, 8.1875, 8.375], "texture": "#2"},
				"down": {"uv": [8.5, 8.0625, 8.375, 8.25], "texture": "#2"}
			}
		},
		{
			"from": [7.11, -9.27745, 11.40924],
			"to": [8.89, -6.93745, 15.30924],
			"rotation": {"angle": 22.5, "axis": "x", "origin": [7.60401, -2.67707, 8.45897]},
			"faces": {
				"north": {"uv": [8.5, 6.5625, 8.625, 6.4375], "texture": "#2"},
				"east": {"uv": [8, 7.25, 8.25, 7.125], "texture": "#2"},
				"south": {"uv": [8.5, 7.25, 8.625, 7.125], "texture": "#2"},
				"west": {"uv": [8.0625, 4.125, 8.3125, 4], "texture": "#2"},
				"up": {"uv": [4.0625, 8.375, 3.9375, 8.125], "texture": "#2"},
				"down": {"uv": [8.25, 3.0625, 8.125, 3.3125], "texture": "#2"}
			}
		},
		{
			"from": [7.104, -7.93462, 3.48403],
			"to": [8.896, -4.41262, 5.83603],
			"rotation": {"angle": -45, "axis": "x", "origin": [7.60401, -2.67707, 8.45897]},
			"faces": {
				"north": {"uv": [8.125, 1.125, 8.25, 0.875], "texture": "#2"},
				"east": {"uv": [8.125, 1.6875, 8.25, 1.4375], "texture": "#2"},
				"south": {"uv": [8.125, 2.4375, 8.25, 2.1875], "texture": "#2"},
				"west": {"uv": [8.125, 2.6875, 8.25, 2.4375], "texture": "#2"},
				"up": {"uv": [8.625, 6.4375, 8.5, 6.3125], "texture": "#2"},
				"down": {"uv": [8.625, 5.4375, 8.5, 5.5625], "texture": "#2"}
			}
		},
		{
			"from": [7.102, -6.19558, 4.52673],
			"to": [8.898, -0.95358, 6.88273],
			"rotation": {"angle": -22.5, "axis": "x", "origin": [7.60401, -2.67707, 8.45897]},
			"faces": {
				"north": {"uv": [6.25, 7.375, 6.375, 7.0625], "texture": "#2"},
				"east": {"uv": [3.1875, 8.25, 3.3125, 7.9375], "texture": "#2"},
				"south": {"uv": [7.9375, 4.75, 8.0625, 4.4375], "texture": "#2"},
				"west": {"uv": [5.625, 8.25, 5.75, 7.9375], "texture": "#2"},
				"up": {"uv": [1.9375, 8.625, 1.8125, 8.5], "texture": "#2"},
				"down": {"uv": [8.625, 1.3125, 8.5, 1.4375], "texture": "#2"}
			}
		},
		{
			"from": [5.99526, -4.14415, 6.9267],
			"to": [7.52526, -2.19415, 8.0967],
			"rotation": {"angle": 0, "axis": "y", "origin": [7.28125, -2.67707, 8.45897]},
			"faces": {
				"north": {"uv": [3.1875, 8.625, 3.3125, 8.5], "texture": "#2"},
				"east": {"uv": [2.9375, 7.4375, 3, 7.3125], "texture": "#2"},
				"south": {"uv": [3.375, 8.625, 3.5, 8.5], "texture": "#2"},
				"west": {"uv": [7.4375, 6.6875, 7.5, 6.5625], "texture": "#2"},
				"up": {"uv": [8.875, 6.1875, 8.75, 6.125], "texture": "#2"},
				"down": {"uv": [8.875, 6.0625, 8.75, 6.125], "texture": "#2"}
			}
		},
		{
			"from": [5.99214, -4.5841, 6.33498],
			"to": [7.52838, -2.62786, 7.51122],
			"rotation": {"angle": -45, "axis": "x", "origin": [7.28125, -2.67707, 8.45897]},
			"faces": {
				"north": {"uv": [8.5, 3.75, 8.625, 3.625], "texture": "#2"},
				"east": {"uv": [2.3125, 7.8125, 2.375, 7.6875], "texture": "#2"},
				"south": {"uv": [4.875, 8.625, 5, 8.5], "texture": "#2"},
				"west": {"uv": [6.25, 8.875, 6.3125, 8.75], "texture": "#2"},
				"up": {"uv": [6.4375, 8.8125, 6.3125, 8.75], "texture": "#2"},
				"down": {"uv": [8.875, 6.25, 8.75, 6.3125], "texture": "#2"}
			}
		},
		{
			"from": [6.87288, -6.20343, 9.418],
			"to": [9.12712, -5.02719, 10.55524],
			"rotation": {"angle": 0, "axis": "y", "origin": [7.60401, -2.67707, 8.45897]},
			"faces": {
				"north": {"uv": [8.75, 6.375, 8.875, 6.3125], "texture": "#2"},
				"east": {"uv": [2.0625, 8.9375, 2.125, 8.875], "texture": "#2"},
				"south": {"uv": [8.75, 6.4375, 8.875, 6.375], "texture": "#2"},
				"west": {"uv": [2.1875, 8.9375, 2.25, 8.875], "texture": "#2"},
				"up": {"uv": [8.875, 6.625, 8.75, 6.5625], "texture": "#2"},
				"down": {"uv": [8.875, 6.4375, 8.75, 6.5], "texture": "#2"}
			}
		},
		{
			"from": [6.87088, -4.49444, 8.73639],
			"to": [9.12912, -2.8462, 11.63263],
			"rotation": {"angle": 45, "axis": "x", "origin": [7.60401, -2.67707, 8.45897]},
			"faces": {
				"north": {"uv": [8.5, 5.3125, 8.625, 5.1875], "texture": "#2"},
				"east": {"uv": [6.375, 6.8125, 6.5625, 6.6875], "texture": "#2"},
				"south": {"uv": [8.5, 5.4375, 8.625, 5.3125], "texture": "#2"},
				"west": {"uv": [8.375, 3.3125, 8.5625, 3.1875], "texture": "#2"},
				"up": {"uv": [2.75, 7.3125, 2.625, 7.125], "texture": "#2"},
				"down": {"uv": [1.5625, 6.1875, 1.4375, 6.375], "texture": "#2"}
			}
		},
		{
			"from": [6.87288, -4.15831, 7.37288],
			"to": [9.12712, 1.46393, 8.62712],
			"rotation": {"angle": 0, "axis": "y", "origin": [7.60401, -2.67707, 8.45897]},
			"faces": {
				"north": {"uv": [7.5625, 8.1875, 7.6875, 7.8125], "texture": "#2"},
				"east": {"uv": [6.75, 8.75, 6.8125, 8.375], "texture": "#2"},
				"south": {"uv": [0.5, 8.25, 0.625, 7.875], "texture": "#2"},
				"west": {"uv": [8.375, 7.4375, 8.4375, 7.0625], "texture": "#2"},
				"up": {"uv": [8.875, 5.75, 8.75, 5.6875], "texture": "#2"},
				"down": {"uv": [8.875, 5.625, 8.75, 5.6875], "texture": "#2"}
			}
		},
		{
			"from": [7.10688, 9.60902, 6.09489],
			"to": [8.89312, 10.94126, 7.93413],
			"rotation": {"angle": -22.5, "axis": "x", "origin": [7.60401, 9.67707, 8.45897]},
			"faces": {
				"north": {"uv": [8.75, 4.625, 8.875, 4.6875], "texture": "#2"},
				"east": {"uv": [8.75, 5.0625, 8.875, 5.125], "texture": "#2"},
				"south": {"uv": [8.75, 5.5625, 8.875, 5.625], "texture": "#2"},
				"west": {"uv": [5.625, 8.75, 5.75, 8.8125], "texture": "#2"},
				"up": {"uv": [8.625, 1.9375, 8.5, 1.8125], "texture": "#2"},
				"down": {"uv": [2.4375, 8.5, 2.3125, 8.625], "texture": "#2"}
			}
		},
		{
			"from": [7.87988, -10.39198, 15.25819],
			"to": [8.12012, 4.75426, 15.49843],
			"rotation": {"angle": 22.5, "axis": "x", "origin": [8, -9.36886, 15.37831]},
			"faces": {
				"north": {"uv": [5.5, 7.8125, 5.5625, 8.6875], "texture": "#2"},
				"east": {"uv": [5.5625, 7.8125, 5.625, 8.6875], "texture": "#2"},
				"south": {"uv": [7.1875, 7.8125, 7.25, 8.6875], "texture": "#2"},
				"west": {"uv": [7.25, 7.8125, 7.3125, 8.6875], "texture": "#2"},
				"up": {"uv": [8.9375, 3.5625, 8.875, 3.5], "texture": "#2"},
				"down": {"uv": [3.625, 8.875, 3.5625, 8.9375], "texture": "#2"}
			}
		},
		{
			"name": "ef",
			"from": [2.99894, -6, 5.03418],
			"to": [2.99894, 25.2, 26.63418],
			"rotation": {"angle": 22.5, "axis": "y", "origin": [8.65328, 3.7, 8.32992]},
			"faces": {
				"north": {"uv": [0, 0, 0, 1.5625], "texture": "#missing"},
				"east": {"uv": [6.625, 0.625, 11.5, 7.9375], "texture": "#1"},
				"south": {"uv": [0, 0, 0, 1.5625], "texture": "#missing"},
				"west": {"uv": [11.5, 0.625, 6.625, 7.9375], "texture": "#1"},
				"up": {"uv": [0, 0, 0.875, 0], "rotation": 90, "texture": "#missing"},
				"down": {"uv": [0, 0, 0.875, 0], "rotation": 270, "texture": "#missing"}
			}
		},
		{
			"name": "ef",
			"from": [10.2582, -15.6, 6.82971],
			"to": [10.2582, 9.6, 23.62971],
			"rotation": {"angle": -22.5, "axis": "y", "origin": [10.2582, -3, 15.22971]},
			"faces": {
				"north": {"uv": [0, 0, 0, 1.5625], "texture": "#missing"},
				"east": {"uv": [5.375, 8.6875, 0.5, 16], "texture": "#1"},
				"south": {"uv": [0, 0, 0, 1.5625], "texture": "#missing"},
				"west": {"uv": [0.5, 8.6875, 5.375, 16], "texture": "#1"},
				"up": {"uv": [0.875, 0, 0, 0], "rotation": 90, "texture": "#missing"},
				"down": {"uv": [0.875, 0, 0, 0], "rotation": 270, "texture": "#missing"}
			}
		},
		{
			"name": "ef",
			"from": [3.33972, -2.2, -1.29009],
			"to": [3.33972, 23, 15.50991],
			"rotation": {"angle": -22.5, "axis": "y", "origin": [8.65328, 3.7, 8.32992]},
			"faces": {
				"north": {"uv": [0, 0, 0, 1.5625], "texture": "#missing"},
				"east": {"uv": [0.5, 8.6875, 5.375, 16], "texture": "#1"},
				"south": {"uv": [0, 0, 0, 1.5625], "texture": "#missing"},
				"west": {"uv": [5.375, 8.6875, 0.5, 16], "texture": "#1"},
				"up": {"uv": [0, 0, 0.875, 0], "rotation": 90, "texture": "#missing"},
				"down": {"uv": [0, 0, 0.875, 0], "rotation": 270, "texture": "#missing"}
			}
		},
		{
			"name": "ef",
			"from": [10.41724, -15.8, -3.92892],
			"to": [10.41724, 15.4, 17.67108],
			"rotation": {"angle": 22.5, "axis": "y", "origin": [8.65328, 3.7, 8.32992]},
			"faces": {
				"north": {"uv": [0, 0, 0, 1.5625], "texture": "#missing"},
				"east": {"uv": [5.625, 0.625, 0.75, 7.9375], "texture": "#1"},
				"south": {"uv": [0, 0, 0, 1.5625], "texture": "#missing"},
				"west": {"uv": [0.75, 0.625, 5.625, 7.9375], "texture": "#1"},
				"up": {"uv": [0.875, 0, 0, 0], "rotation": 90, "texture": "#missing"},
				"down": {"uv": [0.875, 0, 0, 0], "rotation": 270, "texture": "#missing"}
			}
		}
	],
	"gui_light": "front",
	"display": {
		"thirdperson_righthand": {
			"translation": [0, 1, 0],
			"scale": [0.8, 0.8, 0.8]
		},
		"thirdperson_lefthand": {
			"translation": [0, 1, 0],
			"scale": [0.8, 0.8, 0.8]
		},
		"firstperson_righthand": {
			"rotation": [23.99, 35.95, 1.21],
			"translation": [0.25, 6.25, 0],
			"scale": [0.44, 0.44, 0.44]
		},
		"firstperson_lefthand": {
			"rotation": [22.19, 9.75, 1.59],
			"translation": [1.25, 6.25, 0.5],
			"scale": [0.44, 0.44, 0.44]
		},
		"ground": {
			"rotation": [45, 0, 0],
			"translation": [0, 4.25, 0],
			"scale": [0.3, 0.3, 0.3]
		},
		"gui": {
			"rotation": [90, 45, -90],
			"translation": [0.25, 4, 0],
			"scale": [0.6, 0.6, 0.6]
		},
		"head": {
			"translation": [0, 1.5, 0],
			"scale": [0, 0, 0]
		},
		"fixed": {
			"rotation": [180, -90, 180],
			"translation": [1.25, 3, -1.25],
			"scale": [0.7, 0.7, 0.7]
		}
	},
	"groups": [
		{
			"name": "firework_bow",
			"origin": [8, 7.57626, 7.34979],
			"color": 0,
			"children": [
				0,
				1,
				2,
				3,
				4,
				5,
				6,
				7,
				8,
				9,
				10,
				11,
				12,
				13,
				14,
				15,
				16,
				17,
				18,
				19,
				20,
				21,
				22,
				23,
				24,
				25,
				26,
				27,
				28,
				29,
				30,
				31,
				32,
				33,
				34,
				35,
				36,
				37,
				38,
				39,
				40,
				41,
				42,
				43,
				44,
				45,
				46,
				47,
				48,
				49
			]
		}
	]
}