{"textures":{"0":"item/meg/frog_royal"},"elements":[{"from":[5.008333,0.47020054,3.825593],"to":[11.008333,8.470201,9.825593],"faces":{"east":{"uv":[6.4375,3.625,6.8125,4.125],"tintindex":0,"rotation":0,"texture":"#0"},"south":{"uv":[6.4375,4.1875,6.8125,4.6875],"tintindex":0,"rotation":0,"texture":"#0"},"north":{"uv":[6.4375,3.0625,6.8125,3.5625],"tintindex":0,"rotation":0,"texture":"#0"},"west":{"uv":[6.4375,4.75,6.8125,5.25],"tintindex":0,"rotation":0,"texture":"#0"},"up":{"uv":[1.3125,7.125,0.9375,6.75],"tintindex":0,"rotation":0,"texture":"#0"},"down":{"uv":[7.25,3.3125,6.875,3.6875],"tintindex":0,"rotation":0,"texture":"#0"}},"rotation":{"origin":[9.008333,5.4702005,7.575593],"angle":22.5,"axis":"x"}}]}