{
	"credit": "Made with Blockbench",
	"texture_size": [64, 64],
	"textures": {
		"0": "item/ancient/ancient_bow_penguin",
		"1": "item/ancient/ef_ancient_long",
		"particle": "item/ancient/ancient_bow_penguin"
	},
	"elements": [
		{
			"from": [6.242, -3.008, -1.758],
			"to": [9.758, 0.508, 1.758],
			"shade": false,
			"rotation": {"angle": 0, "axis": "y", "origin": [8, -0.5, 0]},
			"faces": {
				"north": {"uv": [4.75, 1.5, 3.75, 0.5], "texture": "#0"},
				"east": {"uv": [4.75, 4.5, 3.75, 3.5], "texture": "#0"},
				"south": {"uv": [4.75, 3.5, 3.75, 2.5], "texture": "#0"},
				"west": {"uv": [4.75, 2.5, 3.75, 1.5], "texture": "#0"},
				"up": {"uv": [4.5, 5.5, 5.5, 4.5], "texture": "#0"},
				"down": {"uv": [3.5, 4.5, 4.5, 5.5], "texture": "#0"}
			}
		},
		{
			"from": [7, 1.5, -1],
			"to": [9, 11.5, 1],
			"shade": false,
			"rotation": {"angle": 45, "axis": "y", "origin": [8, 7.5, 0]},
			"faces": {
				"north": {"uv": [1.75, 2.5, 2.25, 5], "texture": "#0"},
				"east": {"uv": [2.25, 2.5, 1.75, 5], "texture": "#0"},
				"south": {"uv": [3.5, 0, 3, 2.5], "texture": "#0"},
				"west": {"uv": [3, 0, 3.5, 2.5], "texture": "#0"},
				"up": {"uv": [0.5, 8.5, 0, 8], "texture": "#0"},
				"down": {"uv": [8.5, 0, 8, 0.5], "texture": "#0"}
			}
		},
		{
			"from": [5.75, 11, -2.25],
			"to": [10.25, 12.5, 2.25],
			"shade": false,
			"rotation": {"angle": 0, "axis": "y", "origin": [8, 11.75, 0]},
			"faces": {
				"north": {"uv": [5.25, 2, 6.5, 2.5], "texture": "#0"},
				"east": {"uv": [5.25, 2.5, 6.5, 3], "texture": "#0"},
				"south": {"uv": [5.25, 3, 6.5, 3.5], "texture": "#0"},
				"west": {"uv": [5.25, 3.5, 6.5, 4], "texture": "#0"},
				"up": {"uv": [3, 1.25, 1.75, 0], "texture": "#0"},
				"down": {"uv": [3, 1.25, 1.75, 2.5], "texture": "#0"}
			}
		},
		{
			"from": [7.248, 15.498, -0.002],
			"to": [8.752, 20.502, 2.002],
			"shade": false,
			"rotation": {"angle": 22.5, "axis": "x", "origin": [8, 18.5, 1]},
			"faces": {
				"north": {"uv": [4.75, 2, 5.25, 3.25], "texture": "#0"},
				"east": {"uv": [4.75, 3.25, 5.25, 4.5], "texture": "#0"},
				"south": {"uv": [1.75, 5, 2.25, 6.25], "texture": "#0"},
				"west": {"uv": [2.25, 5, 2.75, 6.25], "texture": "#0"},
				"up": {"uv": [1.5, 8.5, 1, 8], "texture": "#0"},
				"down": {"uv": [2, 8, 1.5, 8.5], "texture": "#0"}
			}
		},
		{
			"from": [6.75, 16.9, -1.05],
			"to": [9.25, 17.9, 0.95],
			"shade": false,
			"rotation": {"angle": 22.5, "axis": "x", "origin": [8, 17.9, 0.45]},
			"faces": {
				"north": {"uv": [1.25, 8.5, 2, 8.75], "texture": "#0"},
				"east": {"uv": [0.25, 8.75, 0.75, 9], "texture": "#0"},
				"south": {"uv": [8.5, 2.5, 9.25, 2.75], "texture": "#0"},
				"west": {"uv": [8.75, 0.75, 9.25, 1], "texture": "#0"},
				"up": {"uv": [2.5, 8, 1.75, 7.5], "texture": "#0"},
				"down": {"uv": [8.25, 2, 7.5, 2.5], "texture": "#0"}
			}
		},
		{
			"from": [6.75, 18.4, -0.55],
			"to": [9.25, 19.4, 1.45],
			"shade": false,
			"rotation": {"angle": 22.5, "axis": "x", "origin": [8, 19.4, 0.95]},
			"faces": {
				"north": {"uv": [8.5, 2.75, 9.25, 3], "texture": "#0"},
				"east": {"uv": [8.75, 1, 9.25, 1.25], "texture": "#0"},
				"south": {"uv": [3, 8.5, 3.75, 8.75], "texture": "#0"},
				"west": {"uv": [1.25, 8.75, 1.75, 9], "texture": "#0"},
				"up": {"uv": [8.25, 3, 7.5, 2.5], "texture": "#0"},
				"down": {"uv": [8.25, 3, 7.5, 3.5], "texture": "#0"}
			}
		},
		{
			"from": [6.75, 20.22507, 0.06575],
			"to": [9.25, 21.22507, 2.06575],
			"shade": false,
			"rotation": {"angle": 22.5, "axis": "x", "origin": [8, 20.72507, 0.81575]},
			"faces": {
				"north": {"uv": [8.5, 3, 9.25, 3.25], "texture": "#0"},
				"east": {"uv": [8.75, 1.25, 9.25, 1.5], "texture": "#0"},
				"south": {"uv": [8.5, 3.25, 9.25, 3.5], "texture": "#0"},
				"west": {"uv": [8.75, 1.5, 9.25, 1.75], "texture": "#0"},
				"up": {"uv": [8.25, 4, 7.5, 3.5], "texture": "#0"},
				"down": {"uv": [5.5, 7.5, 4.75, 8], "texture": "#0"}
			}
		},
		{
			"from": [7.25, 20.7911, 0.81636],
			"to": [8.75, 22.7911, 4.81636],
			"shade": false,
			"rotation": {"angle": -45, "axis": "x", "origin": [8, 21.7911, 3.31636]},
			"faces": {
				"north": {"uv": [2, 8, 2.5, 8.5], "texture": "#0"},
				"east": {"uv": [4.5, 6.25, 5.5, 6.75], "texture": "#0"},
				"south": {"uv": [8, 4, 8.5, 4.5], "texture": "#0"},
				"west": {"uv": [6.25, 4.5, 7.25, 5], "texture": "#0"},
				"up": {"uv": [3.25, 6, 2.75, 5], "texture": "#0"},
				"down": {"uv": [6, 6.25, 5.5, 7.25], "texture": "#0"}
			}
		},
		{
			"from": [6.748, 20.43555, 2.46081],
			"to": [9.252, 23.93955, 4.46481],
			"shade": false,
			"rotation": {"angle": -22.5, "axis": "x", "origin": [8, 22.43755, 3.71281]},
			"faces": {
				"north": {"uv": [5.5, 4, 6.25, 4.75], "texture": "#0"},
				"east": {"uv": [5.5, 7.25, 6, 8], "texture": "#0"},
				"south": {"uv": [4.25, 5.5, 5, 6.25], "texture": "#0"},
				"west": {"uv": [6, 7.25, 6.5, 8], "texture": "#0"},
				"up": {"uv": [7.75, 7.75, 7, 7.25], "texture": "#0"},
				"down": {"uv": [1.75, 7.5, 1, 8], "texture": "#0"}
			}
		},
		{
			"from": [6.25, 21.11091, 2.57751],
			"to": [9.75, 23.11091, 4.57751],
			"shade": false,
			"rotation": {"angle": -22.5, "axis": "x", "origin": [8, 22.11091, 3.57751]},
			"faces": {
				"north": {"uv": [6.25, 5, 7.25, 5.5], "texture": "#0"},
				"east": {"uv": [8.25, 0.75, 8.75, 1.25], "texture": "#0"},
				"south": {"uv": [6.5, 3.5, 7.5, 4], "texture": "#0"},
				"west": {"uv": [8.25, 1.25, 8.75, 1.75], "texture": "#0"},
				"up": {"uv": [7.5, 6, 6.5, 5.5], "texture": "#0"},
				"down": {"uv": [7.5, 6, 6.5, 6.5], "texture": "#0"}
			}
		},
		{
			"from": [6.75, 20.12001, 1.98393],
			"to": [9.25, 23.34501, 3.33393],
			"shade": false,
			"rotation": {"angle": 0, "axis": "x", "origin": [8, 21.59501, 3.23393]},
			"faces": {
				"north": {"uv": [5.5, 4.75, 6.25, 5.5], "texture": "#0"},
				"east": {"uv": [7.75, 8.25, 8, 9], "texture": "#0"},
				"south": {"uv": [5, 5.5, 5.75, 6.25], "texture": "#0"},
				"west": {"uv": [8, 8.25, 8.25, 9], "texture": "#0"},
				"up": {"uv": [9, 8.5, 8.25, 8.25], "texture": "#0"},
				"down": {"uv": [0.75, 8.5, 0, 8.75], "texture": "#0"}
			}
		},
		{
			"from": [6.75, 20.88538, 3.83169],
			"to": [9.25, 24.11038, 5.18169],
			"shade": false,
			"rotation": {"angle": 0, "axis": "y", "origin": [8, 22.36038, 5.08169]},
			"faces": {
				"north": {"uv": [5.75, 0.5, 6.5, 1.25], "texture": "#0"},
				"east": {"uv": [0.75, 8.5, 1, 9.25], "texture": "#0"},
				"south": {"uv": [5.75, 1.25, 6.5, 2], "texture": "#0"},
				"west": {"uv": [1, 8.5, 1.25, 9.25], "texture": "#0"},
				"up": {"uv": [9.25, 0.25, 8.5, 0], "texture": "#0"},
				"down": {"uv": [9.25, 0.25, 8.5, 0.5], "texture": "#0"}
			}
		},
		{
			"from": [7.242, 22.39236, 3.89236],
			"to": [8.758, 24.40836, 6.65836],
			"shade": false,
			"rotation": {"angle": -22.5, "axis": "x", "origin": [8, 23.40036, 5.90036]},
			"faces": {
				"north": {"uv": [8, 4.5, 8.5, 5], "texture": "#0"},
				"east": {"uv": [7, 1.5, 7.75, 2], "texture": "#0"},
				"south": {"uv": [4.75, 8, 5.25, 8.5], "texture": "#0"},
				"west": {"uv": [1.75, 7, 2.5, 7.5], "texture": "#0"},
				"up": {"uv": [5.5, 7.5, 5, 6.75], "texture": "#0"},
				"down": {"uv": [7.5, 2, 7, 2.75], "texture": "#0"}
			}
		},
		{
			"from": [7.244, 23.03551, 6.07226],
			"to": [8.756, 26.54751, 7.58426],
			"shade": false,
			"rotation": {"angle": 22.5, "axis": "x", "origin": [8, 24.41651, 6.57826]},
			"faces": {
				"north": {"uv": [6, 6.25, 6.5, 7.25], "texture": "#0"},
				"east": {"uv": [6.5, 0.5, 7, 1.5], "texture": "#0"},
				"south": {"uv": [6.5, 1.5, 7, 2.5], "texture": "#0"},
				"west": {"uv": [6.5, 2.5, 7, 3.5], "texture": "#0"},
				"up": {"uv": [8.5, 5.5, 8, 5], "texture": "#0"},
				"down": {"uv": [5.75, 8, 5.25, 8.5], "texture": "#0"}
			}
		},
		{
			"from": [6.75, 23.66729, 5.70274],
			"to": [9.25, 25.66729, 8.20274],
			"shade": false,
			"rotation": {"angle": 22.5, "axis": "x", "origin": [8, 24.66729, 6.95274]},
			"faces": {
				"north": {"uv": [4, 7.25, 4.75, 7.75], "texture": "#0"},
				"east": {"uv": [7.25, 4, 8, 4.5], "texture": "#0"},
				"south": {"uv": [7.25, 4.5, 8, 5], "texture": "#0"},
				"west": {"uv": [7.25, 5, 8, 5.5], "texture": "#0"},
				"up": {"uv": [1.75, 6.25, 1, 5.5], "texture": "#0"},
				"down": {"uv": [4.25, 5.5, 3.5, 6.25], "texture": "#0"}
			}
		},
		{
			"from": [7.25, 25.57684, 6.20274],
			"to": [8.75, 28.07684, 7.70274],
			"shade": false,
			"rotation": {"angle": -22.5, "axis": "x", "origin": [8, 27.32684, 6.95274]},
			"faces": {
				"north": {"uv": [2.5, 7, 3, 7.75], "texture": "#0"},
				"east": {"uv": [7, 2.75, 7.5, 3.5], "texture": "#0"},
				"south": {"uv": [3, 7, 3.5, 7.75], "texture": "#0"},
				"west": {"uv": [7, 6.5, 7.5, 7.25], "texture": "#0"},
				"up": {"uv": [6.25, 8.5, 5.75, 8], "texture": "#0"},
				"down": {"uv": [8.5, 6.5, 8, 7], "texture": "#0"}
			}
		},
		{
			"from": [6.242, 12.492, -1.758],
			"to": [9.758, 16.008, 1.758],
			"shade": false,
			"rotation": {"angle": 0, "axis": "y", "origin": [8, 13.5, 0]},
			"faces": {
				"north": {"uv": [3.75, 0.5, 4.75, 1.5], "texture": "#0"},
				"east": {"uv": [3.75, 1.5, 4.75, 2.5], "texture": "#0"},
				"south": {"uv": [3.75, 2.5, 4.75, 3.5], "texture": "#0"},
				"west": {"uv": [3.75, 3.5, 4.75, 4.5], "texture": "#0"},
				"up": {"uv": [4.5, 5.5, 3.5, 4.5], "texture": "#0"},
				"down": {"uv": [5.5, 4.5, 4.5, 5.5], "texture": "#0"}
			}
		},
		{
			"from": [9.81419, 19.18918, 3.22352],
			"to": [10.41419, 20.43918, 3.97352],
			"shade": false,
			"rotation": {"angle": 45, "axis": "x", "origin": [10.11419, 18.54143, 4.0641]},
			"faces": {
				"north": {"uv": [8.75, 6.25, 9, 6.5], "texture": "#0"},
				"east": {"uv": [6.5, 8.75, 6.75, 9], "texture": "#0"},
				"south": {"uv": [6.75, 8.75, 7, 9], "texture": "#0"},
				"west": {"uv": [7, 8.75, 7.25, 9], "texture": "#0"},
				"up": {"uv": [7.5, 9, 7.25, 8.75], "texture": "#0"},
				"down": {"uv": [9, 7.25, 8.75, 7.5], "texture": "#0"}
			}
		},
		{
			"from": [9.81419, 17.84384, 3.92775],
			"to": [10.41419, 19.59384, 4.67775],
			"shade": false,
			"rotation": {"angle": 0, "axis": "x", "origin": [10.11419, 18.54143, 4.0641]},
			"faces": {
				"north": {"uv": [8.75, 3.5, 9, 4], "texture": "#0"},
				"east": {"uv": [4, 8.75, 4.25, 9.25], "texture": "#0"},
				"south": {"uv": [8.75, 4, 9, 4.5], "texture": "#0"},
				"west": {"uv": [4.25, 8.75, 4.5, 9.25], "texture": "#0"},
				"up": {"uv": [5.5, 9, 5.25, 8.75], "texture": "#0"},
				"down": {"uv": [9, 6, 8.75, 6.25], "texture": "#0"}
			}
		},
		{
			"from": [9.56419, 15.98207, 3.89129],
			"to": [10.66419, 18.48207, 4.99129],
			"shade": false,
			"rotation": {"angle": 45, "axis": "x", "origin": [10.11419, 18.54143, 4.0641]},
			"faces": {
				"north": {"uv": [2, 8.5, 2.25, 9.25], "texture": "#0"},
				"east": {"uv": [2.25, 8.5, 2.5, 9.25], "texture": "#0"},
				"south": {"uv": [3.75, 8.5, 4, 9.25], "texture": "#0"},
				"west": {"uv": [8.5, 4, 8.75, 4.75], "texture": "#0"},
				"up": {"uv": [5, 7.5, 4.75, 7.25], "texture": "#0"},
				"down": {"uv": [8.25, 0.75, 8, 1], "texture": "#0"}
			}
		},
		{
			"from": [9.57604, 14.78332, 1.76626],
			"to": [11.07604, 17.03332, 3.26626],
			"shade": false,
			"rotation": {"angle": -22.5, "axis": "z", "origin": [10.32604, 16.90832, 2.51626]},
			"faces": {
				"north": {"uv": [8.25, 5.5, 8.75, 6], "texture": "#0"},
				"east": {"uv": [2.75, 8.75, 3, 9.25], "texture": "#0"},
				"south": {"uv": [8.25, 6, 8.75, 6.5], "texture": "#0"},
				"west": {"uv": [3, 8.75, 3.25, 9.25], "texture": "#0"},
				"up": {"uv": [9.25, 2.5, 8.75, 2.25], "texture": "#0"},
				"down": {"uv": [3.75, 8.75, 3.25, 9], "texture": "#0"}
			}
		},
		{
			"from": [5.08791, 12.92844, 1.0511],
			"to": [6.58791, 14.42844, 3.5511],
			"shade": false,
			"rotation": {"angle": 0, "axis": "y", "origin": [5.58791, 13.92844, 2.4261]},
			"faces": {
				"north": {"uv": [8.25, 3.5, 8.75, 4], "texture": "#0"},
				"east": {"uv": [7.5, 5.5, 8.25, 6], "texture": "#0"},
				"south": {"uv": [4, 8.25, 4.5, 8.75], "texture": "#0"},
				"west": {"uv": [7.5, 6, 8.25, 6.5], "texture": "#0"},
				"up": {"uv": [7, 8.25, 6.5, 7.5], "texture": "#0"},
				"down": {"uv": [8, 6.5, 7.5, 7.25], "texture": "#0"}
			}
		},
		{
			"from": [5.81094, 13.38606, 1.76626],
			"to": [10.06094, 14.88606, 3.26626],
			"shade": false,
			"rotation": {"angle": 22.5, "axis": "z", "origin": [6.93594, 14.38606, 2.76626]},
			"faces": {
				"north": {"uv": [4, 6.75, 5, 7.25], "texture": "#0"},
				"east": {"uv": [1.75, 8.75, 2, 9.25], "texture": "#0"},
				"south": {"uv": [7, 0.5, 8, 1], "texture": "#0"},
				"west": {"uv": [2.5, 8.75, 2.75, 9.25], "texture": "#0"},
				"up": {"uv": [9, 7.25, 8, 7], "texture": "#0"},
				"down": {"uv": [4, 8.25, 3, 8.5], "texture": "#0"}
			}
		},
		{
			"from": [5.08791, 10.32844, -0.4489],
			"to": [6.58791, 14.42844, 1.0511],
			"shade": false,
			"rotation": {"angle": 0, "axis": "y", "origin": [7.08791, 12.52844, 0.0511]},
			"faces": {
				"north": {"uv": [10, 6.08125, 9.50625, 7], "texture": "#0"},
				"east": {"uv": [6.25, 8, 6.5, 9], "texture": "#0"},
				"south": {"uv": [3.5, 6.75, 4, 7.75], "texture": "#0"},
				"west": {"uv": [9.50625, 6.08125, 10, 7], "texture": "#0"},
				"up": {"uv": [9.50625, 5.9875, 10, 5.50625], "texture": "#0"},
				"down": {"uv": [9.25, 2, 8.75, 2.25], "texture": "#0"}
			}
		},
		{
			"from": [6.25, 12.05642, -2.84089],
			"to": [9.75, 15.23142, -1.51589],
			"shade": false,
			"rotation": {"angle": 22.5, "axis": "x", "origin": [8, 12.90642, -0.51589]},
			"faces": {
				"north": {"uv": [4.7625, 0.5, 5.75, 1.16875], "texture": "#0"},
				"east": {"uv": [7.75, 8.25, 7.5, 8.91875], "texture": "#0"},
				"south": {"uv": [4.75, 1.25, 5.75, 2], "texture": "#0"},
				"west": {"uv": [7.5, 8.25, 7.75, 8.91875], "texture": "#0"},
				"up": {"uv": [8.75, 2, 7.75, 1.75], "texture": "#0"},
				"down": {"uv": [9, 0.5, 8, 0.75], "texture": "#0"}
			}
		},
		{
			"from": [7, 14.43041, -2.33884],
			"to": [9, 16.43041, -1.33884],
			"shade": false,
			"rotation": {"angle": 22.5, "axis": "x", "origin": [8, 15.43041, -1.83884]},
			"faces": {
				"north": {"uv": [8.25, 2, 8.75, 2.5], "texture": "#0"},
				"east": {"uv": [5.25, 4, 5.5, 4.5], "texture": "#0"},
				"south": {"uv": [2.5, 8.25, 3, 8.75], "texture": "#0"},
				"west": {"uv": [0, 8.75, 0.25, 9.25], "texture": "#0"},
				"up": {"uv": [3.25, 6.25, 2.75, 6], "texture": "#0"},
				"down": {"uv": [9, 8, 8.5, 8.25], "texture": "#0"}
			}
		},
		{
			"from": [7.12626, 15.00836, -1.75],
			"to": [9.62626, 17.50836, 1.75],
			"shade": false,
			"rotation": {"angle": -45, "axis": "z", "origin": [7.87626, 16.58336, -1.375]},
			"faces": {
				"north": {"uv": [1, 7, 1.75, 7.5], "texture": "#0"},
				"east": {"uv": [3.5, 6.25, 4.5, 6.75], "texture": "#0"},
				"south": {"uv": [7, 1, 7.75, 1.5], "texture": "#0"},
				"west": {"uv": [6.25, 4, 7.25, 4.5], "texture": "#0"},
				"up": {"uv": [1.75, 4.5, 1, 3.5], "texture": "#0"},
				"down": {"uv": [1.75, 4.5, 1, 5.5], "texture": "#0"}
			}
		},
		{
			"from": [5.08791, 8.82844, -0.4489],
			"to": [6.58791, 10.32844, 2.5511],
			"shade": false,
			"rotation": {"angle": 0, "axis": "y", "origin": [6.9276, 8.75391, 2.1761]},
			"faces": {
				"north": {"uv": [8.75, 4.5, 9.25, 4.75], "texture": "#0"},
				"east": {"uv": [4.75, 8.5, 5.5, 8.75], "texture": "#0"},
				"south": {"uv": [4.75, 8.75, 5.25, 9], "texture": "#0"},
				"west": {"uv": [8.5, 4.75, 9.25, 5], "texture": "#0"},
				"up": {"uv": [1, 8.5, 0.5, 7.75], "texture": "#0"},
				"down": {"uv": [8.25, 1, 7.75, 1.75], "texture": "#0"}
			}
		},
		{
			"from": [5.22446, 8.13989, 1.0511],
			"to": [8.54946, 9.51489, 2.5511],
			"shade": false,
			"rotation": {"angle": -22.5, "axis": "z", "origin": [6.88696, 8.82739, 1.8011]},
			"faces": {
				"north": {"uv": [8.5, 5, 9.25, 5.25], "texture": "#0"},
				"east": {"uv": [8.75, 5.5, 9.25, 5.75], "texture": "#0"},
				"south": {"uv": [8.5, 5.25, 9.25, 5.5], "texture": "#0"},
				"west": {"uv": [8.75, 5.75, 9.25, 6], "texture": "#0"},
				"up": {"uv": [3.25, 8.25, 2.5, 7.75], "texture": "#0"},
				"down": {"uv": [4, 7.75, 3.25, 8.25], "texture": "#0"}
			}
		},
		{
			"from": [7.85, 6.5, 7.1],
			"to": [8.15, 24.5, 7.4],
			"shade": false,
			"rotation": {"angle": 0, "axis": "x", "origin": [8, 23.5, 7.25]},
			"faces": {
				"north": {"uv": [3.25, 2.5, 3.5, 7], "texture": "#0"},
				"east": {"uv": [0, 3.5, 0.25, 8], "texture": "#0"},
				"south": {"uv": [3.5, 0, 3.75, 4.5], "texture": "#0"},
				"west": {"uv": [0.25, 3.5, 0.5, 8], "texture": "#0"},
				"up": {"uv": [9, 7.75, 8.75, 7.5], "texture": "#0"},
				"down": {"uv": [9, 7.75, 8.75, 8], "texture": "#0"}
			}
		},
		{
			"from": [7.57786, 25.14952, 7.65409],
			"to": [7.57786, 26.64952, 10.40409],
			"shade": false,
			"rotation": {"angle": -45, "axis": "x", "origin": [7.32786, 25.38571, 8.96626]},
			"faces": {
				"east": {"uv": [16, 2.5, 14.5, 1.75], "texture": "#0"},
				"west": {"uv": [14.5, 2.5, 16, 1.75], "texture": "#0"}
			}
		},
		{
			"from": [8.32786, 24.32796, 7.91016],
			"to": [8.32786, 25.62796, 10.66016],
			"shade": false,
			"rotation": {"angle": 45, "axis": "y", "origin": [8.32786, 24.97796, 9.28516]},
			"faces": {
				"east": {"uv": [16, 2.5, 14.5, 1.75], "texture": "#0"},
				"west": {"uv": [14.5, 2.5, 16, 1.75], "texture": "#0"}
			}
		},
		{
			"from": [11.17786, 17.67796, 4.16016],
			"to": [11.17786, 18.77796, 6.31016],
			"shade": false,
			"rotation": {"angle": 45, "axis": "y", "origin": [11.17786, 18.22796, 5.53516]},
			"faces": {
				"east": {"uv": [16, 2.5, 14.5, 1.75], "texture": "#0"},
				"west": {"uv": [14.5, 2.5, 16, 1.75], "texture": "#0"}
			}
		},
		{
			"from": [9.71573, 13.47796, 2.79802],
			"to": [9.71573, 14.97796, 5.14802],
			"shade": false,
			"rotation": {"angle": 45, "axis": "x", "origin": [9.71573, 14.22796, 3.87302]},
			"faces": {
				"east": {"uv": [16, 2.5, 14.5, 1.75], "texture": "#0"},
				"west": {"uv": [14.5, 2.5, 16, 1.75], "texture": "#0"}
			}
		},
		{
			"from": [5.53427, 14.27796, -2.64802],
			"to": [5.53427, 15.77796, 0.20198],
			"shade": false,
			"rotation": {"angle": 45, "axis": "x", "origin": [5.53427, 15.02796, -1.12302]},
			"faces": {
				"east": {"uv": [14.5, 2.5, 16, 1.75], "texture": "#0"},
				"west": {"uv": [16, 2.5, 14.5, 1.75], "texture": "#0"}
			}
		},
		{
			"from": [4.78427, 13.01028, -2.70535],
			"to": [4.78427, 14.51028, 0.14465],
			"shade": false,
			"rotation": {"angle": 45, "axis": "y", "origin": [4.78427, 13.76028, -1.15535]},
			"faces": {
				"east": {"uv": [14.5, 2.5, 16, 1.75], "texture": "#0"},
				"west": {"uv": [16, 2.5, 14.5, 1.75], "texture": "#0"}
			}
		},
		{
			"from": [10.32786, 20.14345, 4.77237],
			"to": [10.32786, 21.44345, 7.27237],
			"shade": false,
			"rotation": {"angle": -22.5, "axis": "x", "origin": [10.32786, 20.79345, 6.14737]},
			"faces": {
				"east": {"uv": [16, 2.5, 14.5, 1.75], "texture": "#0"},
				"west": {"uv": [14.5, 2.5, 16, 1.75], "texture": "#0"}
			}
		},
		{
			"from": [11.21573, -1.51028, -2.65535],
			"to": [11.21573, -0.01028, 0.14465],
			"shade": false,
			"rotation": {"angle": -45, "axis": "y", "origin": [11.21573, -0.76028, -1.15535]},
			"faces": {
				"east": {"uv": [14.5, 1.75, 16, 2.5], "texture": "#0"},
				"west": {"uv": [16, 1.75, 14.5, 2.5], "texture": "#0"}
			}
		},
		{
			"from": [10.46573, -2.87796, -2.59802],
			"to": [10.46573, -1.17796, 0.20198],
			"shade": false,
			"rotation": {"angle": -45, "axis": "x", "origin": [10.46573, -2.02796, -1.12302]},
			"faces": {
				"east": {"uv": [14.5, 1.75, 16, 2.5], "texture": "#0"},
				"west": {"uv": [16, 1.75, 14.5, 2.5], "texture": "#0"}
			}
		},
		{
			"from": [6.28427, -1.97796, 2.79802],
			"to": [6.28427, -0.47796, 5.34802],
			"shade": false,
			"rotation": {"angle": -45, "axis": "x", "origin": [6.28427, -1.22796, 3.87302]},
			"faces": {
				"east": {"uv": [16, 1.75, 14.5, 2.5], "texture": "#0"},
				"west": {"uv": [14.5, 1.75, 16, 2.5], "texture": "#0"}
			}
		},
		{
			"from": [4.82214, -5.77796, 4.16016],
			"to": [4.82214, -4.67796, 6.31016],
			"shade": false,
			"rotation": {"angle": -45, "axis": "y", "origin": [4.82214, -5.22796, 5.53516]},
			"faces": {
				"east": {"uv": [16, 1.75, 14.5, 2.5], "texture": "#0"},
				"west": {"uv": [14.5, 1.75, 16, 2.5], "texture": "#0"}
			}
		},
		{
			"from": [5.67214, -8.44345, 4.77237],
			"to": [5.67214, -7.14345, 7.27237],
			"shade": false,
			"rotation": {"angle": 22.5, "axis": "x", "origin": [5.67214, -7.79345, 6.14737]},
			"faces": {
				"east": {"uv": [16, 1.75, 14.5, 2.5], "texture": "#0"},
				"west": {"uv": [14.5, 1.75, 16, 2.5], "texture": "#0"}
			}
		},
		{
			"from": [8.42214, -13.64952, 7.65409],
			"to": [8.42214, -12.14952, 10.40409],
			"shade": false,
			"rotation": {"angle": 45, "axis": "x", "origin": [8.67214, -12.38571, 8.96626]},
			"faces": {
				"east": {"uv": [16, 1.75, 14.5, 2.5], "texture": "#0"},
				"west": {"uv": [14.5, 1.75, 16, 2.5], "texture": "#0"}
			}
		},
		{
			"from": [7.67214, -12.62796, 7.91016],
			"to": [7.67214, -11.32796, 10.66016],
			"shade": false,
			"rotation": {"angle": -45, "axis": "y", "origin": [7.67214, -11.97796, 9.28516]},
			"faces": {
				"east": {"uv": [16, 1.75, 14.5, 2.5], "texture": "#0"},
				"west": {"uv": [14.5, 1.75, 16, 2.5], "texture": "#0"}
			}
		},
		{
			"from": [7.85, -11.5, 7.1],
			"to": [8.15, 6.5, 7.4],
			"shade": false,
			"rotation": {"angle": 0, "axis": "x", "origin": [8, -10.5, 7.25]},
			"faces": {
				"north": {"uv": [3.5, 7, 3.25, 2.5], "texture": "#0"},
				"east": {"uv": [0.5, 8, 0.25, 3.5], "texture": "#0"},
				"south": {"uv": [3.75, 4.5, 3.5, 0], "texture": "#0"},
				"west": {"uv": [0.25, 8, 0, 3.5], "texture": "#0"},
				"up": {"uv": [8.75, 8, 9, 7.75], "texture": "#0"},
				"down": {"uv": [8.75, 7.5, 9, 7.75], "texture": "#0"}
			}
		},
		{
			"from": [7.45054, 3.48511, 1.0511],
			"to": [10.77554, 4.86011, 2.5511],
			"shade": false,
			"rotation": {"angle": -22.5, "axis": "z", "origin": [9.11304, 4.17261, 1.8011]},
			"faces": {
				"north": {"uv": [9.25, 5.25, 8.5, 5], "texture": "#0"},
				"east": {"uv": [9.25, 6, 8.75, 5.75], "texture": "#0"},
				"south": {"uv": [9.25, 5.5, 8.5, 5.25], "texture": "#0"},
				"west": {"uv": [9.25, 5.75, 8.75, 5.5], "texture": "#0"},
				"up": {"uv": [3.25, 8.25, 4, 7.75], "texture": "#0"},
				"down": {"uv": [2.5, 7.75, 3.25, 8.25], "texture": "#0"}
			}
		},
		{
			"from": [9.41209, 2.67156, -0.4489],
			"to": [10.91209, 4.17156, 2.5511],
			"shade": false,
			"rotation": {"angle": 0, "axis": "y", "origin": [9.0724, 4.24609, 2.1761]},
			"faces": {
				"north": {"uv": [9.25, 4.75, 8.75, 4.5], "texture": "#0"},
				"east": {"uv": [9.25, 5, 8.5, 4.75], "texture": "#0"},
				"south": {"uv": [5.25, 9, 4.75, 8.75], "texture": "#0"},
				"west": {"uv": [5.5, 8.75, 4.75, 8.5], "texture": "#0"},
				"up": {"uv": [7.75, 1.75, 8.25, 1], "texture": "#0"},
				"down": {"uv": [0.5, 7.75, 1, 8.5], "texture": "#0"}
			}
		},
		{
			"from": [5.58581, -7.43918, 3.22352],
			"to": [6.18581, -6.18918, 3.97352],
			"shade": false,
			"rotation": {"angle": -45, "axis": "x", "origin": [5.88581, -5.54143, 4.0641]},
			"faces": {
				"north": {"uv": [9, 6.5, 8.75, 6.25], "texture": "#0"},
				"east": {"uv": [7.25, 9, 7, 8.75], "texture": "#0"},
				"south": {"uv": [7, 9, 6.75, 8.75], "texture": "#0"},
				"west": {"uv": [6.75, 9, 6.5, 8.75], "texture": "#0"},
				"up": {"uv": [8.75, 7.5, 9, 7.25], "texture": "#0"},
				"down": {"uv": [7.25, 8.75, 7.5, 9], "texture": "#0"}
			}
		},
		{
			"from": [5.58581, -6.59384, 3.92775],
			"to": [6.18581, -4.84384, 4.67775],
			"shade": false,
			"rotation": {"angle": 0, "axis": "y", "origin": [5.88581, -5.54143, 4.0641]},
			"faces": {
				"north": {"uv": [9, 4, 8.75, 3.5], "texture": "#0"},
				"east": {"uv": [4.5, 9.25, 4.25, 8.75], "texture": "#0"},
				"south": {"uv": [9, 4.5, 8.75, 4], "texture": "#0"},
				"west": {"uv": [4.25, 9.25, 4, 8.75], "texture": "#0"},
				"up": {"uv": [8.75, 6.25, 9, 6], "texture": "#0"},
				"down": {"uv": [5.25, 8.75, 5.5, 9], "texture": "#0"}
			}
		},
		{
			"from": [5.33581, -5.48207, 3.89129],
			"to": [6.43581, -2.98207, 4.99129],
			"shade": false,
			"rotation": {"angle": -45, "axis": "x", "origin": [5.88581, -5.54143, 4.0641]},
			"faces": {
				"north": {"uv": [2.25, 9.25, 2, 8.5], "texture": "#0"},
				"east": {"uv": [8.75, 4.75, 8.5, 4], "texture": "#0"},
				"south": {"uv": [4, 9.25, 3.75, 8.5], "texture": "#0"},
				"west": {"uv": [2.5, 9.25, 2.25, 8.5], "texture": "#0"},
				"up": {"uv": [8, 1, 8.25, 0.75], "texture": "#0"},
				"down": {"uv": [4.75, 7.25, 5, 7.5], "texture": "#0"}
			}
		},
		{
			"from": [4.92396, -4.03332, 1.76626],
			"to": [6.42396, -1.78332, 3.26626],
			"shade": false,
			"rotation": {"angle": -22.5, "axis": "z", "origin": [5.67396, -3.90832, 2.51626]},
			"faces": {
				"north": {"uv": [8.75, 6, 8.25, 5.5], "texture": "#0"},
				"east": {"uv": [3.25, 9.25, 3, 8.75], "texture": "#0"},
				"south": {"uv": [8.75, 6.5, 8.25, 6], "texture": "#0"},
				"west": {"uv": [3, 9.25, 2.75, 8.75], "texture": "#0"},
				"up": {"uv": [3.25, 9, 3.75, 8.75], "texture": "#0"},
				"down": {"uv": [8.75, 2.25, 9.25, 2.5], "texture": "#0"}
			}
		},
		{
			"from": [9.41209, -1.42844, 1.0511],
			"to": [10.91209, 0.07156, 3.5511],
			"shade": false,
			"rotation": {"angle": 0, "axis": "y", "origin": [10.41209, -0.92844, 2.4261]},
			"faces": {
				"north": {"uv": [8.75, 4, 8.25, 3.5], "texture": "#0"},
				"east": {"uv": [8.25, 6.5, 7.5, 6], "texture": "#0"},
				"south": {"uv": [4.5, 8.75, 4, 8.25], "texture": "#0"},
				"west": {"uv": [8.25, 6, 7.5, 5.5], "texture": "#0"},
				"up": {"uv": [7.5, 7.25, 8, 6.5], "texture": "#0"},
				"down": {"uv": [6.5, 7.5, 7, 8.25], "texture": "#0"}
			}
		},
		{
			"from": [5.93906, -1.88606, 1.76626],
			"to": [10.18906, -0.38606, 3.26626],
			"shade": false,
			"rotation": {"angle": 22.5, "axis": "z", "origin": [9.06406, -1.38606, 2.76626]},
			"faces": {
				"north": {"uv": [5, 7.25, 4, 6.75], "texture": "#0"},
				"east": {"uv": [2.75, 9.25, 2.5, 8.75], "texture": "#0"},
				"south": {"uv": [8, 1, 7, 0.5], "texture": "#0"},
				"west": {"uv": [2, 9.25, 1.75, 8.75], "texture": "#0"},
				"up": {"uv": [3, 8.5, 4, 8.25], "texture": "#0"},
				"down": {"uv": [8, 7, 9, 7.25], "texture": "#0"}
			}
		},
		{
			"from": [9.41209, -1.42844, -0.4489],
			"to": [10.91209, 2.67156, 1.0511],
			"shade": false,
			"rotation": {"angle": 0, "axis": "y", "origin": [8.91209, 0.47156, 0.0511]},
			"faces": {
				"north": {"uv": [9.50625, 7, 10, 6.08125], "texture": "#0"},
				"east": {"uv": [10, 7, 9.50625, 6.08125], "texture": "#0"},
				"south": {"uv": [4, 7.75, 3.5, 6.75], "texture": "#0"},
				"west": {"uv": [6.5, 9, 6.25, 8], "texture": "#0"},
				"up": {"uv": [8.75, 2.25, 9.25, 2], "texture": "#0"},
				"down": {"uv": [10, 5.50625, 9.50625, 5.9875], "texture": "#0"}
			}
		},
		{
			"from": [5.75, 0.5, -2.25],
			"to": [10.25, 2, 2.25],
			"shade": false,
			"rotation": {"angle": 0, "axis": "y", "origin": [8, 1.25, 0]},
			"faces": {
				"north": {"uv": [6.5, 2.5, 5.25, 2], "texture": "#0"},
				"east": {"uv": [6.5, 4, 5.25, 3.5], "texture": "#0"},
				"south": {"uv": [6.5, 3.5, 5.25, 3], "texture": "#0"},
				"west": {"uv": [6.5, 3, 5.25, 2.5], "texture": "#0"},
				"up": {"uv": [1.75, 2.5, 3, 1.25], "texture": "#0"},
				"down": {"uv": [1.75, 0, 3, 1.25], "texture": "#0"}
			}
		},
		{
			"from": [6.75, -8.22507, 0.06575],
			"to": [9.25, -7.22507, 2.06575],
			"shade": false,
			"rotation": {"angle": -22.5, "axis": "x", "origin": [8, -7.72507, 0.81575]},
			"faces": {
				"north": {"uv": [9.25, 3.25, 8.5, 3], "texture": "#0"},
				"east": {"uv": [9.25, 1.75, 8.75, 1.5], "texture": "#0"},
				"south": {"uv": [9.25, 3.5, 8.5, 3.25], "texture": "#0"},
				"west": {"uv": [9.25, 1.5, 8.75, 1.25], "texture": "#0"},
				"up": {"uv": [4.75, 8, 5.5, 7.5], "texture": "#0"},
				"down": {"uv": [7.5, 3.5, 8.25, 4], "texture": "#0"}
			}
		},
		{
			"from": [6.75, -6.4, -0.55],
			"to": [9.25, -5.4, 1.45],
			"shade": false,
			"rotation": {"angle": -22.5, "axis": "x", "origin": [8, -6.4, 0.95]},
			"faces": {
				"north": {"uv": [9.25, 3, 8.5, 2.75], "texture": "#0"},
				"east": {"uv": [1.75, 9, 1.25, 8.75], "texture": "#0"},
				"south": {"uv": [3.75, 8.75, 3, 8.5], "texture": "#0"},
				"west": {"uv": [9.25, 1.25, 8.75, 1], "texture": "#0"},
				"up": {"uv": [7.5, 3.5, 8.25, 3], "texture": "#0"},
				"down": {"uv": [7.5, 2.5, 8.25, 3], "texture": "#0"}
			}
		},
		{
			"from": [6.75, -4.9, -1.05],
			"to": [9.25, -3.9, 0.95],
			"shade": false,
			"rotation": {"angle": -22.5, "axis": "x", "origin": [8, -4.9, 0.45]},
			"faces": {
				"north": {"uv": [2, 8.75, 1.25, 8.5], "texture": "#0"},
				"east": {"uv": [9.25, 1, 8.75, 0.75], "texture": "#0"},
				"south": {"uv": [9.25, 2.75, 8.5, 2.5], "texture": "#0"},
				"west": {"uv": [0.75, 9, 0.25, 8.75], "texture": "#0"},
				"up": {"uv": [7.5, 2.5, 8.25, 2], "texture": "#0"},
				"down": {"uv": [1.75, 7.5, 2.5, 8], "texture": "#0"}
			}
		},
		{
			"from": [7, -3.43041, -2.33884],
			"to": [9, -1.43041, -1.33884],
			"shade": false,
			"rotation": {"angle": -22.5, "axis": "x", "origin": [8, -2.43041, -1.83884]},
			"faces": {
				"north": {"uv": [8.75, 2.5, 8.25, 2], "texture": "#0"},
				"east": {"uv": [0.25, 9.25, 0, 8.75], "texture": "#0"},
				"south": {"uv": [3, 8.75, 2.5, 8.25], "texture": "#0"},
				"west": {"uv": [5.5, 4.5, 5.25, 4], "texture": "#0"},
				"up": {"uv": [8.5, 8.25, 9, 8], "texture": "#0"},
				"down": {"uv": [2.75, 6, 3.25, 6.25], "texture": "#0"}
			}
		},
		{
			"from": [6.25, -10.11091, 2.57751],
			"to": [9.75, -8.11091, 4.57751],
			"shade": false,
			"rotation": {"angle": 22.5, "axis": "x", "origin": [8, -9.11091, 3.57751]},
			"faces": {
				"north": {"uv": [7.25, 5.5, 6.25, 5], "texture": "#0"},
				"east": {"uv": [8.75, 1.75, 8.25, 1.25], "texture": "#0"},
				"south": {"uv": [7.5, 4, 6.5, 3.5], "texture": "#0"},
				"west": {"uv": [8.75, 1.25, 8.25, 0.75], "texture": "#0"},
				"up": {"uv": [6.5, 6.5, 7.5, 6], "texture": "#0"},
				"down": {"uv": [6.5, 5.5, 7.5, 6], "texture": "#0"}
			}
		},
		{
			"from": [6.75, -11.11038, 3.83169],
			"to": [9.25, -7.88538, 5.18169],
			"shade": false,
			"rotation": {"angle": 0, "axis": "y", "origin": [8, -9.36038, 5.08169]},
			"faces": {
				"north": {"uv": [6.5, 1.25, 5.75, 0.5], "texture": "#0"},
				"east": {"uv": [1.25, 9.25, 1, 8.5], "texture": "#0"},
				"south": {"uv": [6.5, 2, 5.75, 1.25], "texture": "#0"},
				"west": {"uv": [1, 9.25, 0.75, 8.5], "texture": "#0"},
				"up": {"uv": [8.5, 0.5, 9.25, 0.25], "texture": "#0"},
				"down": {"uv": [8.5, 0, 9.25, 0.25], "texture": "#0"}
			}
		},
		{
			"from": [6.75, -10.34501, 1.98393],
			"to": [9.25, -7.12001, 3.33393],
			"shade": false,
			"rotation": {"angle": 0, "axis": "y", "origin": [8, -8.59501, 3.23393]},
			"faces": {
				"north": {"uv": [6.25, 5.5, 5.5, 4.75], "texture": "#0"},
				"east": {"uv": [8.25, 9, 8, 8.25], "texture": "#0"},
				"south": {"uv": [5.75, 6.25, 5, 5.5], "texture": "#0"},
				"west": {"uv": [8, 9, 7.75, 8.25], "texture": "#0"},
				"up": {"uv": [0, 8.75, 0.75, 8.5], "texture": "#0"},
				"down": {"uv": [8.25, 8.25, 9, 8.5], "texture": "#0"}
			}
		},
		{
			"from": [6.748, -10.93955, 2.46081],
			"to": [9.252, -7.43555, 4.46481],
			"shade": false,
			"rotation": {"angle": 22.5, "axis": "x", "origin": [8, -9.43755, 3.71281]},
			"faces": {
				"north": {"uv": [6.25, 4.75, 5.5, 4], "texture": "#0"},
				"east": {"uv": [6.5, 8, 6, 7.25], "texture": "#0"},
				"south": {"uv": [5, 6.25, 4.25, 5.5], "texture": "#0"},
				"west": {"uv": [6, 8, 5.5, 7.25], "texture": "#0"},
				"up": {"uv": [1, 8, 1.75, 7.5], "texture": "#0"},
				"down": {"uv": [7, 7.25, 7.75, 7.75], "texture": "#0"}
			}
		},
		{
			"from": [6.75, -12.66729, 5.70274],
			"to": [9.25, -10.66729, 8.20274],
			"shade": false,
			"rotation": {"angle": -22.5, "axis": "x", "origin": [8, -11.66729, 6.95274]},
			"faces": {
				"north": {"uv": [4.75, 7.75, 4, 7.25], "texture": "#0"},
				"east": {"uv": [8, 5.5, 7.25, 5], "texture": "#0"},
				"south": {"uv": [8, 5, 7.25, 4.5], "texture": "#0"},
				"west": {"uv": [8, 4.5, 7.25, 4], "texture": "#0"},
				"up": {"uv": [3.5, 6.25, 4.25, 5.5], "texture": "#0"},
				"down": {"uv": [1, 5.5, 1.75, 6.25], "texture": "#0"}
			}
		},
		{
			"from": [7.25, -15.07684, 6.20274],
			"to": [8.75, -12.57684, 7.70274],
			"shade": false,
			"rotation": {"angle": 22.5, "axis": "x", "origin": [8, -14.32684, 6.95274]},
			"faces": {
				"north": {"uv": [3, 7.75, 2.5, 7], "texture": "#0"},
				"east": {"uv": [7.5, 7.25, 7, 6.5], "texture": "#0"},
				"south": {"uv": [3.5, 7.75, 3, 7], "texture": "#0"},
				"west": {"uv": [7.5, 3.5, 7, 2.75], "texture": "#0"},
				"up": {"uv": [8, 7, 8.5, 6.5], "texture": "#0"},
				"down": {"uv": [5.75, 8, 6.25, 8.5], "texture": "#0"}
			}
		},
		{
			"from": [7.244, -13.54751, 6.07226],
			"to": [8.756, -10.03551, 7.58426],
			"shade": false,
			"rotation": {"angle": -22.5, "axis": "x", "origin": [8, -11.41651, 6.57826]},
			"faces": {
				"north": {"uv": [6.5, 7.25, 6, 6.25], "texture": "#0"},
				"east": {"uv": [7, 3.5, 6.5, 2.5], "texture": "#0"},
				"south": {"uv": [7, 2.5, 6.5, 1.5], "texture": "#0"},
				"west": {"uv": [7, 1.5, 6.5, 0.5], "texture": "#0"},
				"up": {"uv": [5.25, 8.5, 5.75, 8], "texture": "#0"},
				"down": {"uv": [8, 5, 8.5, 5.5], "texture": "#0"}
			}
		},
		{
			"from": [7.242, -11.40836, 3.89236],
			"to": [8.758, -9.39236, 6.65836],
			"shade": false,
			"rotation": {"angle": 22.5, "axis": "x", "origin": [8, -10.40036, 5.90036]},
			"faces": {
				"north": {"uv": [8.5, 5, 8, 4.5], "texture": "#0"},
				"east": {"uv": [2.5, 7.5, 1.75, 7], "texture": "#0"},
				"south": {"uv": [5.25, 8.5, 4.75, 8], "texture": "#0"},
				"west": {"uv": [7.75, 2, 7, 1.5], "texture": "#0"},
				"up": {"uv": [7, 2.75, 7.5, 2], "texture": "#0"},
				"down": {"uv": [5, 6.75, 5.5, 7.5], "texture": "#0"}
			}
		},
		{
			"from": [7.25, -9.7911, 0.81636],
			"to": [8.75, -7.7911, 4.81636],
			"shade": false,
			"rotation": {"angle": 45, "axis": "x", "origin": [8, -8.7911, 3.31636]},
			"faces": {
				"north": {"uv": [2.5, 8.5, 2, 8], "texture": "#0"},
				"east": {"uv": [7.25, 5, 6.25, 4.5], "texture": "#0"},
				"south": {"uv": [8.5, 4.5, 8, 4], "texture": "#0"},
				"west": {"uv": [5.5, 6.75, 4.5, 6.25], "texture": "#0"},
				"up": {"uv": [5.5, 7.25, 6, 6.25], "texture": "#0"},
				"down": {"uv": [2.75, 5, 3.25, 6], "texture": "#0"}
			}
		},
		{
			"from": [7.248, -7.502, -0.002],
			"to": [8.752, -2.498, 2.002],
			"shade": false,
			"rotation": {"angle": -22.5, "axis": "x", "origin": [8, -5.5, 1]},
			"faces": {
				"north": {"uv": [5.25, 3.25, 4.75, 2], "texture": "#0"},
				"east": {"uv": [2.75, 6.25, 2.25, 5], "texture": "#0"},
				"south": {"uv": [2.25, 6.25, 1.75, 5], "texture": "#0"},
				"west": {"uv": [5.25, 4.5, 4.75, 3.25], "texture": "#0"},
				"up": {"uv": [1.5, 8.5, 2, 8], "texture": "#0"},
				"down": {"uv": [1, 8, 1.5, 8.5], "texture": "#0"}
			}
		},
		{
			"from": [6.37374, -4.50836, -1.75],
			"to": [8.87374, -2.00836, 1.75],
			"shade": false,
			"rotation": {"angle": -45, "axis": "z", "origin": [8.12374, -3.58336, -1.375]},
			"faces": {
				"north": {"uv": [1.75, 7.5, 1, 7], "texture": "#0"},
				"east": {"uv": [7.25, 4.5, 6.25, 4], "texture": "#0"},
				"south": {"uv": [7.75, 1.5, 7, 1], "texture": "#0"},
				"west": {"uv": [4.5, 6.75, 3.5, 6.25], "texture": "#0"},
				"up": {"uv": [1, 5.5, 1.75, 4.5], "texture": "#0"},
				"down": {"uv": [1, 3.5, 1.75, 4.5], "texture": "#0"}
			}
		},
		{
			"from": [6.25, -2.23142, -2.84089],
			"to": [9.75, 0.94358, -1.51589],
			"shade": false,
			"rotation": {"angle": -22.5, "axis": "x", "origin": [8, 0.09358, -0.51589]},
			"faces": {
				"north": {"uv": [5.75, 1.16875, 4.7625, 0.5], "texture": "#0"},
				"east": {"uv": [7.75, 8.91875, 7.5, 8.25], "texture": "#0"},
				"south": {"uv": [5.75, 2, 4.75, 1.25], "texture": "#0"},
				"west": {"uv": [7.5, 8.91875, 7.75, 8.25], "texture": "#0"},
				"up": {"uv": [8, 0.75, 9, 0.5], "texture": "#0"},
				"down": {"uv": [7.75, 1.75, 8.75, 2], "texture": "#0"}
			}
		},
		{
			"name": "ef",
			"from": [6.68664, 14.25, -2.5412],
			"to": [6.68664, 27.25, 2.4588],
			"shade": false,
			"rotation": {"angle": -22.5, "axis": "y", "origin": [8, 18.25, -2.75]},
			"faces": {
				"east": {"uv": [12.5, 9, 15.25, 16], "texture": "#1"},
				"west": {"uv": [15.25, 9, 12.5, 16], "texture": "#1"}
			}
		},
		{
			"name": "ef",
			"from": [9.12202, 17, -0.42074],
			"to": [9.12202, 32, 4.57926],
			"shade": false,
			"rotation": {"angle": -22.5, "axis": "y", "origin": [8, 27, 5.25]},
			"faces": {
				"east": {"uv": [11.25, 9, 8.5, 16], "texture": "#1"},
				"west": {"uv": [8.5, 9, 11.25, 16], "texture": "#1"}
			}
		},
		{
			"name": "ef",
			"from": [10.05866, -3.5, -5.71194],
			"to": [10.05866, 9.5, 0.28806],
			"shade": false,
			"rotation": {"angle": -22.5, "axis": "y", "origin": [10.05866, 3, -2.71194]},
			"faces": {
				"east": {"uv": [7.25, 8.75, 4.5, 15.75], "texture": "#1"},
				"west": {"uv": [4.5, 8.75, 7.25, 15.75], "texture": "#1"}
			}
		},
		{
			"name": "ef",
			"from": [6.44134, -8.5, 0.71194],
			"to": [6.44134, 4.5, 5.71194],
			"shade": false,
			"rotation": {"angle": 22.5, "axis": "y", "origin": [6.44134, -2, 3.21194]},
			"faces": {
				"east": {"uv": [12.5, 9, 15.25, 16], "texture": "#1"},
				"west": {"uv": [15.25, 9, 12.5, 16], "texture": "#1"}
			}
		},
		{
			"name": "efc1",
			"from": [6.52982, -10.26, -3.54871],
			"to": [9.46982, 23, -3.54871],
			"shade": false,
			"rotation": {"angle": 0, "axis": "y", "origin": [7.99982, 6.37, -0.00024]},
			"faces": {
				"north": {"uv": [7, 0, 7.75, 7.75], "texture": "#1"},
				"south": {"uv": [7.75, 0, 7, 7.75], "texture": "#1"}
			}
		},
		{
			"name": "efc1",
			"from": [11.5483, -10.26, -1.47024],
			"to": [11.5483, 23, 1.46976],
			"shade": false,
			"rotation": {"angle": 45, "axis": "y", "origin": [7.99982, 6.37, -0.00024]},
			"faces": {
				"east": {"uv": [6, 0, 7, 7.75], "texture": "#1"},
				"west": {"uv": [7, 0, 6, 7.75], "texture": "#1"}
			}
		},
		{
			"name": "efc1",
			"from": [6.52982, -10.26, -3.54871],
			"to": [9.46982, 23, -3.54871],
			"shade": false,
			"rotation": {"angle": 45, "axis": "y", "origin": [7.99982, 6.37, -0.00024]},
			"faces": {
				"north": {"uv": [0, 0, 1, 7.75], "texture": "#1"},
				"south": {"uv": [1, 0, 0, 7.75], "texture": "#1"}
			}
		},
		{
			"name": "efc1",
			"from": [6.53012, -10.26, 3.54878],
			"to": [9.47012, 23, 3.54878],
			"shade": false,
			"rotation": {"angle": 45, "axis": "y", "origin": [7.99982, 6.37, -0.00024]},
			"faces": {
				"north": {"uv": [5, 0, 4, 7.75], "texture": "#1"},
				"south": {"uv": [4, 0, 5, 7.75], "texture": "#1"}
			}
		},
		{
			"name": "efc1",
			"from": [4.45135, -10.26, -1.47024],
			"to": [4.45135, 23, 1.46976],
			"shade": false,
			"rotation": {"angle": 0, "axis": "y", "origin": [7.99982, 6.37, -0.00024]},
			"faces": {
				"east": {"uv": [2, 0, 1, 7.75], "texture": "#1"},
				"west": {"uv": [1, 0, 2, 7.75], "texture": "#1"}
			}
		},
		{
			"name": "efc1",
			"from": [6.52982, -10.26, 3.54824],
			"to": [9.46982, 23, 3.54824],
			"shade": false,
			"rotation": {"angle": 0, "axis": "y", "origin": [7.99982, 6.37, -0.00024]},
			"faces": {
				"north": {"uv": [4, 0, 3, 7.75], "texture": "#1"},
				"south": {"uv": [3, 0, 4, 7.75], "texture": "#1"}
			}
		},
		{
			"name": "efc1",
			"from": [4.45135, -10.26, -1.47024],
			"to": [4.45135, 23, 1.46976],
			"shade": false,
			"rotation": {"angle": 45, "axis": "y", "origin": [7.99982, 6.37, -0.00024]},
			"faces": {
				"east": {"uv": [3, 0, 2, 7.75], "texture": "#1"},
				"west": {"uv": [2, 0, 3, 7.75], "texture": "#1"}
			}
		},
		{
			"name": "efc1",
			"from": [11.5483, -10.26, -1.47024],
			"to": [11.5483, 23, 1.46976],
			"shade": false,
			"rotation": {"angle": 0, "axis": "y", "origin": [7.99982, 6.37, -0.00024]},
			"faces": {
				"east": {"uv": [5, 0, 6, 7.75], "texture": "#1"},
				"west": {"uv": [6, 0, 5, 7.75], "texture": "#1"}
			}
		}
	],
	"gui_light": "front",
	"display": {
		"thirdperson_righthand": {
			"translation": [0, -1.25, 6],
			"scale": [0.7, 0.7, 0.7]
		},
		"thirdperson_lefthand": {
			"translation": [0, -1.25, 6],
			"scale": [0.7, 0.7, 0.7]
		},
		"firstperson_righthand": {
			"rotation": [0, 13.25, 0],
			"translation": [26.5, 0, -17]
		},
		"firstperson_lefthand": {
			"rotation": [0, 13.25, 0],
			"translation": [26, 0, -18.25]
		},
		"ground": {
			"rotation": [45, 0, 0],
			"translation": [0, 4.5, 0],
			"scale": [0.3, 0.3, 0.3]
		},
		"gui": {
			"rotation": [90, 45, -90],
			"translation": [1.5, 0, 0],
			"scale": [0.49, 0.49, 0.49]
		},
		"head": {
			"scale": [0, 0, 0]
		},
		"fixed": {
			"rotation": [90, -45, 90],
			"translation": [-2, -0.5, -0.25],
			"scale": [0.63, 0.63, 0.63]
		}
	},
	"groups": [
		{
			"name": "group",
			"origin": [8, 0.09358, -0.51589],
			"color": 0,
			"shade": false,
			"children": [
				0,
				1,
				2,
				3,
				4,
				5,
				6,
				7,
				8,
				9,
				10,
				11,
				12,
				13,
				14,
				15,
				16,
				17,
				18,
				19,
				20,
				21,
				22,
				23,
				24,
				25,
				26,
				27,
				28,
				29,
				30,
				31,
				32,
				33,
				34,
				35,
				36,
				37,
				38,
				39,
				40,
				41,
				42,
				43,
				44,
				45,
				46,
				47,
				48,
				49,
				50,
				51,
				52,
				53,
				54,
				55,
				56,
				57,
				58,
				59,
				60,
				61,
				62,
				63,
				64,
				65,
				66,
				67,
				68,
				69,
				70
			]
		},
		71,
		72,
		73,
		74,
		75,
		76,
		77,
		78,
		79,
		80,
		81,
		82
	]
}