{"textures":{"0":"modelengine:entity/dragon_desert"},"elements":[{"from":[5.5,5.083333,-1.0],"to":[10.5,8.083333,8.0],"faces":{"east":{"uv":[9.1875,6.8125,9.75,7.0],"tintindex":0,"rotation":0,"texture":"#0"},"south":{"uv":[8.125,9.6875,8.4375,9.875],"tintindex":0,"rotation":0,"texture":"#0"},"north":{"uv":[7.75,9.6875,8.0625,9.875],"tintindex":0,"rotation":0,"texture":"#0"},"west":{"uv":[9.1875,7.0625,9.75,7.25],"tintindex":0,"rotation":0,"texture":"#0"},"up":{"uv":[7.625,8.9375,7.3125,8.375],"tintindex":0,"rotation":0,"texture":"#0"},"down":{"uv":[0.3125,8.4375,0.0,9.0],"tintindex":0,"rotation":0,"texture":"#0"}}},{"from":[10.5,8.083333,-1.0],"to":[10.5,10.083333,8.0],"faces":{"east":{"uv":[7.25,1.5625,6.6875,1.6875],"tintindex":0,"rotation":0,"texture":"#0"},"west":{"uv":[6.6875,1.5625,7.25,1.6875],"tintindex":0,"rotation":0,"texture":"#0"}}},{"from":[5.5,8.083333,-1.0],"to":[5.5,10.083333,8.0],"faces":{"east":{"uv":[7.25,1.5625,6.6875,1.6875],"tintindex":0,"rotation":0,"texture":"#0"},"west":{"uv":[6.6875,1.5625,7.25,1.6875],"tintindex":0,"rotation":0,"texture":"#0"}}},{"from":[8.0,0.08333349,-1.0],"to":[8.0,5.083333,8.0],"faces":{"east":{"uv":[8.5,3.125,9.0625,3.4375],"tintindex":0,"rotation":0,"texture":"#0"},"west":{"uv":[8.5625,0.0,9.125,0.3125],"tintindex":0,"rotation":0,"texture":"#0"}}}]}