{"textures":{"0":"modelengine:entity/dragon_desert"},"elements":[{"from":[5.489801,-2.0346022,3.0658665],"to":[10.4898,8.965399,10.065866],"faces":{"east":{"uv":[0.625,7.625,1.0625,8.3125],"tintindex":0,"rotation":0,"texture":"#0"},"south":{"uv":[6.5625,7.75,6.875,8.4375],"tintindex":0,"rotation":0,"texture":"#0"},"north":{"uv":[6.5625,7.75,6.875,8.4375],"tintindex":0,"rotation":0,"texture":"#0"},"west":{"uv":[0.625,7.625,1.0625,8.3125],"tintindex":0,"rotation":0,"texture":"#0"},"up":{"uv":[1.1875,9.4375,0.875,9.0],"tintindex":0,"rotation":0,"texture":"#0"},"down":{"uv":[1.1875,9.4375,0.875,9.0],"tintindex":0,"rotation":0,"texture":"#0"}},"rotation":{"origin":[7.9898005,3.4653988,6.565866],"angle":22.5,"axis":"x"}},{"from":[0.48980093,-1.460577,5.180047],"to":[5.489801,9.539423,5.180047],"faces":{"south":{"uv":[8.5,0.0,8.1875,0.6875],"tintindex":0,"rotation":0,"texture":"#0"},"north":{"uv":[8.1875,0.0,8.5,0.6875],"tintindex":0,"rotation":0,"texture":"#0"}},"rotation":{"origin":[2.989801,4.039423,5.180047],"angle":22.5,"axis":"x"}}]}