{
  "credit": "Pologony Creation Co.,Ltd.",
  "texture_size": [
    52,
    52
  ],
  "textures": {
    "2": "item/nanoedge/nanoedge_ef1_long",
    "3": "item/nanoedge/nanoedge_ef2_long",
    "5": "item/nanoedge/nanoedge_axe",
    "particle": "item/nanoedge/nanoedge_ef1_long"
  },
  "elements": [
    {
      "from": [
        7.245,
        -4.06066,
        8
      ],
      "to": [
        8.755,
        -2.56066,
        9.5
      ],
      "rotation": {
        "angle": -45,
        "axis": "x",
        "origin": [
          7.745,
          -4.06066,
          8
        ]
      },
      "faces": {
        "north": {
          "uv": [
            0.61538,
            7.69231,
            1.07692,
            8.15385
          ],
          "texture": "#5"
        },
        "east": {
          "uv": [
            7.69231,
            0.61538,
            8.15385,
            1.07692
          ],
          "texture": "#5"
        },
        "south": {
          "uv": [
            7.69231,
            2.46154,
            8.15385,
            2.92308
          ],
          "texture": "#5"
        },
        "west": {
          "uv": [
            3.38462,
            7.69231,
            3.84615,
            8.15385
          ],
          "texture": "#5"
        },
        "up": {
          "uv": [
            8.15385,
            3.84615,
            7.69231,
            3.38462
          ],
          "texture": "#5"
        },
        "down": {
          "uv": [
            4.76923,
            7.69231,
            4.30769,
            8.15385
          ],
          "texture": "#5"
        }
      }
    },
    {
      "from": [
        7.25,
        -3,
        6.93875
      ],
      "to": [
        8.75,
        -1.5,
        9.06125
      ],
      "rotation": {
        "angle": 0,
        "axis": "y",
        "origin": [
          8.25,
          -2,
          7.68875
        ]
      },
      "faces": {
        "north": {
          "uv": [
            7.69231,
            4.30769,
            8.15385,
            4.76923
          ],
          "texture": "#5"
        },
        "east": {
          "uv": [
            6.76923,
            0.92308,
            7.38462,
            1.38462
          ],
          "texture": "#5"
        },
        "south": {
          "uv": [
            5.23077,
            7.69231,
            5.69231,
            8.15385
          ],
          "texture": "#5"
        },
        "west": {
          "uv": [
            1.23077,
            6.76923,
            1.84615,
            7.23077
          ],
          "texture": "#5"
        },
        "up": {
          "uv": [
            4.15385,
            7.38462,
            3.69231,
            6.76923
          ],
          "texture": "#5"
        },
        "down": {
          "uv": [
            7.23077,
            4,
            6.76923,
            4.61538
          ],
          "texture": "#5"
        }
      }
    },
    {
      "from": [
        7.2425,
        -2.56066,
        8
      ],
      "to": [
        8.7575,
        -1.06066,
        9.5
      ],
      "rotation": {
        "angle": -45,
        "axis": "x",
        "origin": [
          7.7425,
          -2.56066,
          8
        ]
      },
      "faces": {
        "north": {
          "uv": [
            7.69231,
            5.23077,
            8.15385,
            5.69231
          ],
          "texture": "#5"
        },
        "east": {
          "uv": [
            6.15385,
            7.69231,
            6.61538,
            8.15385
          ],
          "texture": "#5"
        },
        "south": {
          "uv": [
            7.69231,
            6.15385,
            8.15385,
            6.61538
          ],
          "texture": "#5"
        },
        "west": {
          "uv": [
            7.07692,
            7.69231,
            7.53846,
            8.15385
          ],
          "texture": "#5"
        },
        "up": {
          "uv": [
            8.46154,
            2,
            8,
            1.53846
          ],
          "texture": "#5"
        },
        "down": {
          "uv": [
            8.46154,
            7.07692,
            8,
            7.53846
          ],
          "texture": "#5"
        }
      }
    },
    {
      "from": [
        7.7535,
        -3.375,
        6.25
      ],
      "to": [
        8.2465,
        -1.125,
        7.25
      ],
      "rotation": {
        "angle": 0,
        "axis": "y",
        "origin": [
          7.7535,
          -3.875,
          6.25
        ]
      },
      "faces": {
        "north": {
          "uv": [
            3.38462,
            9.53846,
            3.53846,
            10.23077
          ],
          "texture": "#5"
        },
        "east": {
          "uv": [
            1.53846,
            7.69231,
            1.84615,
            8.38462
          ],
          "texture": "#5"
        },
        "west": {
          "uv": [
            8,
            8,
            8.30769,
            8.69231
          ],
          "texture": "#5"
        }
      }
    },
    {
      "from": [
        7.75,
        -1.375,
        6.25
      ],
      "to": [
        8.25,
        -0.625,
        7.175
      ],
      "rotation": {
        "angle": 45,
        "axis": "x",
        "origin": [
          7.75,
          -1.375,
          6.25
        ]
      },
      "faces": {
        "north": {
          "uv": [
            11.38462,
            10.15385,
            11.53846,
            10.38462
          ],
          "texture": "#5"
        },
        "east": {
          "uv": [
            4,
            9.53846,
            4.30769,
            9.76923
          ],
          "texture": "#5"
        },
        "west": {
          "uv": [
            9.53846,
            4,
            9.84615,
            4.23077
          ],
          "texture": "#5"
        },
        "up": {
          "uv": [
            11.53846,
            5.23077,
            11.38462,
            4.92308
          ],
          "texture": "#5"
        },
        "down": {
          "uv": [
            5.69231,
            11.38462,
            5.53846,
            11.69231
          ],
          "texture": "#5"
        }
      }
    },
    {
      "from": [
        7.75,
        -4.375,
        6.25
      ],
      "to": [
        8.25,
        -3.125,
        7.175
      ],
      "rotation": {
        "angle": -45,
        "axis": "x",
        "origin": [
          7.75,
          -3.125,
          6.25
        ]
      },
      "faces": {
        "north": {
          "uv": [
            4.61538,
            10.15385,
            4.76923,
            10.53846
          ],
          "texture": "#5"
        },
        "east": {
          "uv": [
            9.53846,
            0,
            9.84615,
            0.38462
          ],
          "texture": "#5"
        },
        "west": {
          "uv": [
            2.15385,
            9.53846,
            2.46154,
            9.92308
          ],
          "texture": "#5"
        },
        "up": {
          "uv": [
            11.53846,
            5.84615,
            11.38462,
            5.53846
          ],
          "texture": "#5"
        },
        "down": {
          "uv": [
            6.30769,
            11.38462,
            6.15385,
            11.69231
          ],
          "texture": "#5"
        }
      }
    },
    {
      "from": [
        7.35355,
        -0.68934,
        7.5
      ],
      "to": [
        8.85355,
        -0.18934,
        9
      ],
      "rotation": {
        "angle": -45,
        "axis": "y",
        "origin": [
          8.35355,
          -0.68934,
          8
        ]
      },
      "faces": {
        "north": {
          "uv": [
            4.61538,
            9.53846,
            5.07692,
            9.69231
          ],
          "texture": "#5"
        },
        "east": {
          "uv": [
            9.53846,
            4.61538,
            10,
            4.76923
          ],
          "texture": "#5"
        },
        "south": {
          "uv": [
            9.53846,
            5.23077,
            10,
            5.38462
          ],
          "texture": "#5"
        },
        "west": {
          "uv": [
            5.53846,
            9.53846,
            6,
            9.69231
          ],
          "texture": "#5"
        },
        "up": {
          "uv": [
            9.07692,
            0.46154,
            8.61538,
            0
          ],
          "texture": "#5"
        },
        "down": {
          "uv": [
            1.07692,
            8.61538,
            0.61538,
            9.07692
          ],
          "texture": "#5"
        }
      }
    },
    {
      "from": [
        7.35355,
        0.31066,
        7.5
      ],
      "to": [
        8.85355,
        0.81066,
        9
      ],
      "rotation": {
        "angle": -45,
        "axis": "y",
        "origin": [
          8.35355,
          0.31066,
          8
        ]
      },
      "faces": {
        "north": {
          "uv": [
            9.53846,
            5.84615,
            10,
            6
          ],
          "texture": "#5"
        },
        "east": {
          "uv": [
            9.53846,
            6.46154,
            10,
            6.61538
          ],
          "texture": "#5"
        },
        "south": {
          "uv": [
            9.53846,
            7.69231,
            10,
            7.84615
          ],
          "texture": "#5"
        },
        "west": {
          "uv": [
            9.53846,
            8.30769,
            10,
            8.46154
          ],
          "texture": "#5"
        },
        "up": {
          "uv": [
            2.61538,
            9.07692,
            2.15385,
            8.61538
          ],
          "texture": "#5"
        },
        "down": {
          "uv": [
            9.07692,
            2.46154,
            8.61538,
            2.92308
          ],
          "texture": "#5"
        }
      }
    },
    {
      "from": [
        7.60355,
        -0.18934,
        7.57322
      ],
      "to": [
        8.85355,
        0.31066,
        8.82322
      ],
      "rotation": {
        "angle": -45,
        "axis": "y",
        "origin": [
          8.35355,
          -0.18934,
          7.82322
        ]
      },
      "faces": {
        "north": {
          "uv": [
            5.23077,
            10.15385,
            5.61538,
            10.30769
          ],
          "texture": "#5"
        },
        "east": {
          "uv": [
            7.38462,
            10.15385,
            7.76923,
            10.30769
          ],
          "texture": "#5"
        },
        "south": {
          "uv": [
            9.84615,
            10.15385,
            10.23077,
            10.30769
          ],
          "texture": "#5"
        },
        "west": {
          "uv": [
            1.23077,
            10.46154,
            1.61538,
            10.61538
          ],
          "texture": "#5"
        }
      }
    },
    {
      "from": [
        7.35355,
        5.81066,
        7.5
      ],
      "to": [
        8.85355,
        6.31066,
        9
      ],
      "rotation": {
        "angle": -45,
        "axis": "y",
        "origin": [
          8.35355,
          5.81066,
          8
        ]
      },
      "faces": {
        "north": {
          "uv": [
            9.84615,
            9.53846,
            10.30769,
            9.69231
          ],
          "texture": "#5"
        },
        "east": {
          "uv": [
            10.15385,
            0,
            10.61538,
            0.15385
          ],
          "texture": "#5"
        },
        "south": {
          "uv": [
            10.15385,
            2.15385,
            10.61538,
            2.30769
          ],
          "texture": "#5"
        },
        "west": {
          "uv": [
            10.15385,
            2.76923,
            10.61538,
            2.92308
          ],
          "texture": "#5"
        },
        "up": {
          "uv": [
            4.46154,
            9.07692,
            4,
            8.61538
          ],
          "texture": "#5"
        },
        "down": {
          "uv": [
            9.07692,
            4.30769,
            8.61538,
            4.76923
          ],
          "texture": "#5"
        }
      }
    },
    {
      "from": [
        7.60355,
        5.31066,
        7.57322
      ],
      "to": [
        8.85355,
        5.81066,
        8.82322
      ],
      "rotation": {
        "angle": -45,
        "axis": "y",
        "origin": [
          8.35355,
          5.31066,
          7.82322
        ]
      },
      "faces": {
        "north": {
          "uv": [
            2.15385,
            10.46154,
            2.53846,
            10.61538
          ],
          "texture": "#5"
        },
        "east": {
          "uv": [
            10.46154,
            4.61538,
            10.84615,
            4.76923
          ],
          "texture": "#5"
        },
        "south": {
          "uv": [
            10.46154,
            5.23077,
            10.84615,
            5.38462
          ],
          "texture": "#5"
        },
        "west": {
          "uv": [
            10.46154,
            5.84615,
            10.84615,
            6
          ],
          "texture": "#5"
        }
      }
    },
    {
      "from": [
        7.35355,
        4.81066,
        7.5
      ],
      "to": [
        8.85355,
        5.31066,
        9
      ],
      "rotation": {
        "angle": -45,
        "axis": "y",
        "origin": [
          8.35355,
          4.81066,
          8
        ]
      },
      "faces": {
        "north": {
          "uv": [
            9.84615,
            0.92308,
            10.30769,
            1.07692
          ],
          "texture": "#5"
        },
        "east": {
          "uv": [
            9.84615,
            1.53846,
            10.30769,
            1.69231
          ],
          "texture": "#5"
        },
        "south": {
          "uv": [
            9.84615,
            7.07692,
            10.30769,
            7.23077
          ],
          "texture": "#5"
        },
        "west": {
          "uv": [
            9.84615,
            8.92308,
            10.30769,
            9.07692
          ],
          "texture": "#5"
        },
        "up": {
          "uv": [
            3.53846,
            9.07692,
            3.07692,
            8.61538
          ],
          "texture": "#5"
        },
        "down": {
          "uv": [
            9.07692,
            3.38462,
            8.61538,
            3.84615
          ],
          "texture": "#5"
        }
      }
    },
    {
      "from": [
        7.85355,
        0.81066,
        7.64645
      ],
      "to": [
        8.85355,
        4.81066,
        8.64645
      ],
      "rotation": {
        "angle": -45,
        "axis": "y",
        "origin": [
          8.35355,
          0.81066,
          7.64645
        ]
      },
      "faces": {
        "north": {
          "uv": [
            2.46154,
            5.84615,
            2.76923,
            7.07692
          ],
          "texture": "#5"
        },
        "east": {
          "uv": [
            5.84615,
            2.46154,
            6.15385,
            3.69231
          ],
          "texture": "#5"
        },
        "south": {
          "uv": [
            3.07692,
            5.84615,
            3.38462,
            7.07692
          ],
          "texture": "#5"
        },
        "west": {
          "uv": [
            5.53846,
            6.15385,
            5.84615,
            7.38462
          ],
          "texture": "#5"
        }
      }
    },
    {
      "from": [
        7,
        12.5,
        5.5
      ],
      "to": [
        9,
        15,
        6.5
      ],
      "rotation": {
        "angle": -22.5,
        "axis": "x",
        "origin": [
          6.5,
          11.5,
          5.5
        ]
      },
      "faces": {
        "north": {
          "uv": [
            5.53846,
            4.92308,
            6.15385,
            5.69231
          ],
          "texture": "#5"
        },
        "east": {
          "uv": [
            7.07692,
            2.46154,
            7.38462,
            3.23077
          ],
          "texture": "#5"
        },
        "south": {
          "uv": [
            5.84615,
            1.23077,
            6.46154,
            2
          ],
          "texture": "#5"
        },
        "west": {
          "uv": [
            2.15385,
            7.38462,
            2.46154,
            8.15385
          ],
          "texture": "#5"
        },
        "up": {
          "uv": [
            9.23077,
            8.30769,
            8.61538,
            8
          ],
          "texture": "#5"
        },
        "down": {
          "uv": [
            9.23077,
            8.61538,
            8.61538,
            8.92308
          ],
          "texture": "#5"
        }
      }
    },
    {
      "from": [
        7.25,
        12.75,
        6.5
      ],
      "to": [
        8.75,
        14.75,
        8.5
      ],
      "rotation": {
        "angle": -22.5,
        "axis": "x",
        "origin": [
          6.5,
          11.5,
          5.5
        ]
      },
      "faces": {
        "east": {
          "uv": [
            5.84615,
            4,
            6.46154,
            4.61538
          ],
          "texture": "#5"
        },
        "south": {
          "uv": [
            4.61538,
            6.76923,
            5.07692,
            7.38462
          ],
          "texture": "#5"
        },
        "west": {
          "uv": [
            6.15385,
            0,
            6.76923,
            0.61538
          ],
          "texture": "#5"
        },
        "up": {
          "uv": [
            7.23077,
            6.46154,
            6.76923,
            5.84615
          ],
          "texture": "#5"
        },
        "down": {
          "uv": [
            7.23077,
            6.76923,
            6.76923,
            7.38462
          ],
          "texture": "#5"
        }
      }
    },
    {
      "from": [
        6.75,
        11.87868,
        8
      ],
      "to": [
        9.25,
        14.87868,
        11
      ],
      "rotation": {
        "angle": -45,
        "axis": "x",
        "origin": [
          7,
          11.87868,
          8
        ]
      },
      "faces": {
        "north": {
          "uv": [
            3.69231,
            0,
            4.46154,
            0.92308
          ],
          "texture": "#5"
        },
        "east": {
          "uv": [
            2.46154,
            2.15385,
            3.38462,
            3.07692
          ],
          "texture": "#5"
        },
        "south": {
          "uv": [
            3.69231,
            1.23077,
            4.46154,
            2.15385
          ],
          "texture": "#5"
        },
        "west": {
          "uv": [
            2.46154,
            3.38462,
            3.38462,
            4.30769
          ],
          "texture": "#5"
        },
        "up": {
          "uv": [
            4.46154,
            3.38462,
            3.69231,
            2.46154
          ],
          "texture": "#5"
        },
        "down": {
          "uv": [
            4.46154,
            3.69231,
            3.69231,
            4.61538
          ],
          "texture": "#5"
        }
      }
    },
    {
      "from": [
        6.5,
        12.12868,
        8.25
      ],
      "to": [
        9.5,
        14.62868,
        10.75
      ],
      "rotation": {
        "angle": -45,
        "axis": "x",
        "origin": [
          7,
          11.87868,
          8
        ]
      },
      "faces": {
        "north": {
          "uv": [
            0,
            4.30769,
            0.92308,
            5.07692
          ],
          "texture": "#5"
        },
        "east": {
          "uv": [
            0,
            5.53846,
            0.76923,
            6.30769
          ],
          "texture": "#5"
        },
        "south": {
          "uv": [
            1.23077,
            4.30769,
            2.15385,
            5.07692
          ],
          "texture": "#5"
        },
        "west": {
          "uv": [
            1.23077,
            5.53846,
            2,
            6.30769
          ],
          "texture": "#5"
        },
        "up": {
          "uv": [
            3.38462,
            5.38462,
            2.46154,
            4.61538
          ],
          "texture": "#5"
        },
        "down": {
          "uv": [
            5.84615,
            0,
            4.92308,
            0.76923
          ],
          "texture": "#5"
        }
      }
    },
    {
      "from": [
        7.75,
        14.1,
        2.85
      ],
      "to": [
        8.25,
        14.85,
        5.6
      ],
      "rotation": {
        "angle": 45,
        "axis": "x",
        "origin": [
          8,
          13.95,
          3.53661
        ]
      },
      "faces": {
        "east": {
          "uv": [
            8.61538,
            0.92308,
            9.46154,
            1.15385
          ],
          "texture": "#5"
        },
        "west": {
          "uv": [
            6.76923,
            8.61538,
            7.61538,
            8.84615
          ],
          "texture": "#5"
        },
        "up": {
          "uv": [
            8.76923,
            10.07692,
            8.61538,
            9.23077
          ],
          "texture": "#5"
        }
      }
    },
    {
      "from": [
        7.495,
        13.48091,
        2.45006
      ],
      "to": [
        8.505,
        15.23091,
        3.70006
      ],
      "rotation": {
        "angle": 0,
        "axis": "y",
        "origin": [
          8,
          13.89697,
          3.625
        ]
      },
      "faces": {
        "north": {
          "uv": [
            7.38462,
            9.23077,
            7.69231,
            9.76923
          ],
          "texture": "#5"
        },
        "east": {
          "uv": [
            5.84615,
            8.61538,
            6.23077,
            9.15385
          ],
          "texture": "#5"
        },
        "south": {
          "uv": [
            8,
            9.23077,
            8.30769,
            9.76923
          ],
          "texture": "#5"
        },
        "west": {
          "uv": [
            8.61538,
            6.15385,
            9,
            6.69231
          ],
          "texture": "#5"
        },
        "up": {
          "uv": [
            9.84615,
            2.53846,
            9.53846,
            2.15385
          ],
          "texture": "#5"
        },
        "down": {
          "uv": [
            3.07692,
            9.53846,
            2.76923,
            9.92308
          ],
          "texture": "#5"
        }
      }
    },
    {
      "from": [
        7.5,
        12.85,
        3.1
      ],
      "to": [
        8.5,
        14.1,
        5.6
      ],
      "rotation": {
        "angle": 45,
        "axis": "x",
        "origin": [
          8,
          13.95,
          3.53661
        ]
      },
      "faces": {
        "east": {
          "uv": [
            6.46154,
            4.92308,
            7.23077,
            5.30769
          ],
          "texture": "#5"
        },
        "south": {
          "uv": [
            9.53846,
            3.07692,
            9.84615,
            3.46154
          ],
          "texture": "#5"
        },
        "west": {
          "uv": [
            0,
            6.76923,
            0.76923,
            7.15385
          ],
          "texture": "#5"
        },
        "up": {
          "uv": [
            3.07692,
            8.15385,
            2.76923,
            7.38462
          ],
          "texture": "#5"
        },
        "down": {
          "uv": [
            0.30769,
            7.69231,
            0,
            8.46154
          ],
          "texture": "#5"
        }
      }
    },
    {
      "from": [
        7.5,
        12.93753,
        5.94553
      ],
      "to": [
        8.5,
        13.93753,
        7.94553
      ],
      "rotation": {
        "angle": 22.5,
        "axis": "x",
        "origin": [
          7.5,
          13.03753,
          5.94553
        ]
      },
      "faces": {
        "east": {
          "uv": [
            8.92308,
            1.53846,
            9.53846,
            1.84615
          ],
          "texture": "#5"
        },
        "west": {
          "uv": [
            8.92308,
            7.07692,
            9.53846,
            7.38462
          ],
          "texture": "#5"
        },
        "down": {
          "uv": [
            0.30769,
            8.92308,
            0,
            9.53846
          ],
          "texture": "#5"
        }
      }
    },
    {
      "from": [
        5.23953,
        13.625,
        6.48953
      ],
      "to": [
        5.98953,
        14.375,
        7.23953
      ],
      "rotation": {
        "angle": -45,
        "axis": "y",
        "origin": [
          6.75,
          14,
          8
        ]
      },
      "faces": {
        "north": {
          "uv": [
            6.15385,
            10.15385,
            6.38462,
            10.38462
          ],
          "texture": "#5"
        },
        "east": {
          "uv": [
            0,
            10.46154,
            0.23077,
            10.69231
          ],
          "texture": "#5"
        },
        "south": {
          "uv": [
            10.46154,
            6.46154,
            10.69231,
            6.69231
          ],
          "texture": "#5"
        },
        "west": {
          "uv": [
            10.46154,
            7.69231,
            10.69231,
            7.92308
          ],
          "texture": "#5"
        },
        "up": {
          "uv": [
            8.53846,
            10.69231,
            8.30769,
            10.46154
          ],
          "texture": "#5"
        },
        "down": {
          "uv": [
            10.69231,
            8.30769,
            10.46154,
            8.53846
          ],
          "texture": "#5"
        }
      }
    },
    {
      "from": [
        5.23953,
        13.625,
        8.76047
      ],
      "to": [
        5.98953,
        14.375,
        9.51047
      ],
      "rotation": {
        "angle": 45,
        "axis": "y",
        "origin": [
          6.75,
          14,
          8
        ]
      },
      "faces": {
        "north": {
          "uv": [
            8.92308,
            10.46154,
            9.15385,
            10.69231
          ],
          "texture": "#5"
        },
        "east": {
          "uv": [
            0.61538,
            10.76923,
            0.84615,
            11
          ],
          "texture": "#5"
        },
        "south": {
          "uv": [
            10.76923,
            0.61538,
            11,
            0.84615
          ],
          "texture": "#5"
        },
        "west": {
          "uv": [
            10.76923,
            1.23077,
            11,
            1.46154
          ],
          "texture": "#5"
        },
        "up": {
          "uv": [
            3.30769,
            11,
            3.07692,
            10.76923
          ],
          "texture": "#5"
        },
        "down": {
          "uv": [
            11,
            3.38462,
            10.76923,
            3.61538
          ],
          "texture": "#5"
        }
      }
    },
    {
      "from": [
        6.375,
        12.0192,
        7.625
      ],
      "to": [
        7.125,
        12.7692,
        8.375
      ],
      "rotation": {
        "angle": 45,
        "axis": "z",
        "origin": [
          6.75,
          12.3942,
          8
        ]
      },
      "faces": {
        "north": {
          "uv": [
            10.76923,
            7.07692,
            11,
            7.30769
          ],
          "texture": "#5"
        },
        "east": {
          "uv": [
            7.69231,
            10.76923,
            7.92308,
            11
          ],
          "texture": "#5"
        },
        "south": {
          "uv": [
            10.76923,
            8.92308,
            11,
            9.15385
          ],
          "texture": "#5"
        },
        "west": {
          "uv": [
            9.53846,
            10.76923,
            9.76923,
            11
          ],
          "texture": "#5"
        },
        "up": {
          "uv": [
            11,
            9.76923,
            10.76923,
            9.53846
          ],
          "texture": "#5"
        },
        "down": {
          "uv": [
            10.38462,
            10.76923,
            10.15385,
            11
          ],
          "texture": "#5"
        }
      }
    },
    {
      "from": [
        6.375,
        15.2308,
        7.625
      ],
      "to": [
        7.125,
        15.9808,
        8.375
      ],
      "rotation": {
        "angle": -45,
        "axis": "z",
        "origin": [
          6.75,
          15.6058,
          8
        ]
      },
      "faces": {
        "north": {
          "uv": [
            3.69231,
            10.76923,
            3.92308,
            11
          ],
          "texture": "#5"
        },
        "east": {
          "uv": [
            10.76923,
            4,
            11,
            4.23077
          ],
          "texture": "#5"
        },
        "south": {
          "uv": [
            5.23077,
            10.76923,
            5.46154,
            11
          ],
          "texture": "#5"
        },
        "west": {
          "uv": [
            5.84615,
            10.76923,
            6.07692,
            11
          ],
          "texture": "#5"
        },
        "up": {
          "uv": [
            6.69231,
            11,
            6.46154,
            10.76923
          ],
          "texture": "#5"
        },
        "down": {
          "uv": [
            7.30769,
            10.76923,
            7.07692,
            11
          ],
          "texture": "#5"
        }
      }
    },
    {
      "from": [
        10.01047,
        13.625,
        8.76047
      ],
      "to": [
        10.76047,
        14.375,
        9.51047
      ],
      "rotation": {
        "angle": -45,
        "axis": "y",
        "origin": [
          9.25,
          14,
          8
        ]
      },
      "faces": {
        "north": {
          "uv": [
            3.07692,
            11.38462,
            3.30769,
            11.61538
          ],
          "texture": "#5"
        },
        "east": {
          "uv": [
            11.38462,
            3.07692,
            11.61538,
            3.30769
          ],
          "texture": "#5"
        },
        "south": {
          "uv": [
            3.69231,
            11.38462,
            3.92308,
            11.61538
          ],
          "texture": "#5"
        },
        "west": {
          "uv": [
            11.38462,
            3.69231,
            11.61538,
            3.92308
          ],
          "texture": "#5"
        },
        "up": {
          "uv": [
            11.61538,
            4.53846,
            11.38462,
            4.30769
          ],
          "texture": "#5"
        },
        "down": {
          "uv": [
            5.15385,
            11.38462,
            4.92308,
            11.61538
          ],
          "texture": "#5"
        }
      }
    },
    {
      "from": [
        8.875,
        15.2308,
        7.625
      ],
      "to": [
        9.625,
        15.9808,
        8.375
      ],
      "rotation": {
        "angle": 45,
        "axis": "z",
        "origin": [
          9.25,
          15.6058,
          8
        ]
      },
      "faces": {
        "north": {
          "uv": [
            8.30769,
            11.07692,
            8.53846,
            11.30769
          ],
          "texture": "#5"
        },
        "east": {
          "uv": [
            11.07692,
            8.30769,
            11.30769,
            8.53846
          ],
          "texture": "#5"
        },
        "south": {
          "uv": [
            8.92308,
            11.07692,
            9.15385,
            11.30769
          ],
          "texture": "#5"
        },
        "west": {
          "uv": [
            0.61538,
            11.38462,
            0.84615,
            11.61538
          ],
          "texture": "#5"
        },
        "up": {
          "uv": [
            11.61538,
            0.84615,
            11.38462,
            0.61538
          ],
          "texture": "#5"
        },
        "down": {
          "uv": [
            11.61538,
            1.23077,
            11.38462,
            1.46154
          ],
          "texture": "#5"
        }
      }
    },
    {
      "from": [
        10.01047,
        13.625,
        6.48953
      ],
      "to": [
        10.76047,
        14.375,
        7.23953
      ],
      "rotation": {
        "angle": 45,
        "axis": "y",
        "origin": [
          9.25,
          14,
          8
        ]
      },
      "faces": {
        "north": {
          "uv": [
            11.07692,
            1.84615,
            11.30769,
            2.07692
          ],
          "texture": "#5"
        },
        "east": {
          "uv": [
            2.46154,
            11.07692,
            2.69231,
            11.30769
          ],
          "texture": "#5"
        },
        "south": {
          "uv": [
            11.07692,
            2.46154,
            11.30769,
            2.69231
          ],
          "texture": "#5"
        },
        "west": {
          "uv": [
            4.30769,
            11.07692,
            4.53846,
            11.30769
          ],
          "texture": "#5"
        },
        "up": {
          "uv": [
            11.30769,
            6.69231,
            11.07692,
            6.46154
          ],
          "texture": "#5"
        },
        "down": {
          "uv": [
            11.30769,
            7.69231,
            11.07692,
            7.92308
          ],
          "texture": "#5"
        }
      }
    },
    {
      "from": [
        8.875,
        12.0192,
        7.625
      ],
      "to": [
        9.625,
        12.7692,
        8.375
      ],
      "rotation": {
        "angle": -45,
        "axis": "z",
        "origin": [
          9.25,
          12.3942,
          8
        ]
      },
      "faces": {
        "north": {
          "uv": [
            10.76923,
            10.15385,
            11,
            10.38462
          ],
          "texture": "#5"
        },
        "east": {
          "uv": [
            10.76923,
            10.76923,
            11,
            11
          ],
          "texture": "#5"
        },
        "south": {
          "uv": [
            0,
            11.07692,
            0.23077,
            11.30769
          ],
          "texture": "#5"
        },
        "west": {
          "uv": [
            11.07692,
            0,
            11.30769,
            0.23077
          ],
          "texture": "#5"
        },
        "up": {
          "uv": [
            1.46154,
            11.30769,
            1.23077,
            11.07692
          ],
          "texture": "#5"
        },
        "down": {
          "uv": [
            2.07692,
            11.07692,
            1.84615,
            11.30769
          ],
          "texture": "#5"
        }
      }
    },
    {
      "from": [
        7.985,
        -5.25,
        5
      ],
      "to": [
        8.015,
        0.25,
        7.25
      ],
      "rotation": {
        "angle": 0,
        "axis": "y",
        "origin": [
          7.985,
          -4,
          0
        ]
      },
      "faces": {
        "east": {
          "uv": [
            3.15385,
            0,
            2.46154,
            1.69231
          ],
          "texture": "#5"
        },
        "west": {
          "uv": [
            2.46154,
            0,
            3.15385,
            1.69231
          ],
          "texture": "#5"
        }
      }
    },
    {
      "from": [
        7.7535,
        -3.375,
        8.75
      ],
      "to": [
        8.2465,
        -1.125,
        9.75
      ],
      "rotation": {
        "angle": 0,
        "axis": "y",
        "origin": [
          7.7535,
          -3.875,
          9.75
        ]
      },
      "faces": {
        "east": {
          "uv": [
            1.84615,
            7.69231,
            1.53846,
            8.38462
          ],
          "texture": "#5"
        },
        "south": {
          "uv": [
            3.53846,
            9.53846,
            3.38462,
            10.23077
          ],
          "texture": "#5"
        },
        "west": {
          "uv": [
            8.30769,
            8,
            8,
            8.69231
          ],
          "texture": "#5"
        }
      }
    },
    {
      "from": [
        7.75,
        -1.375,
        8.825
      ],
      "to": [
        8.25,
        -0.625,
        9.75
      ],
      "rotation": {
        "angle": -45,
        "axis": "x",
        "origin": [
          7.75,
          -1.375,
          9.75
        ]
      },
      "faces": {
        "east": {
          "uv": [
            4.30769,
            9.53846,
            4,
            9.76923
          ],
          "texture": "#5"
        },
        "south": {
          "uv": [
            11.53846,
            10.15385,
            11.38462,
            10.38462
          ],
          "texture": "#5"
        },
        "west": {
          "uv": [
            9.84615,
            4,
            9.53846,
            4.23077
          ],
          "texture": "#5"
        },
        "up": {
          "uv": [
            11.53846,
            4.92308,
            11.38462,
            5.23077
          ],
          "texture": "#5"
        },
        "down": {
          "uv": [
            5.69231,
            11.69231,
            5.53846,
            11.38462
          ],
          "texture": "#5"
        }
      }
    },
    {
      "from": [
        7.75,
        -4.375,
        8.825
      ],
      "to": [
        8.25,
        -3.125,
        9.75
      ],
      "rotation": {
        "angle": 45,
        "axis": "x",
        "origin": [
          7.75,
          -3.125,
          9.75
        ]
      },
      "faces": {
        "east": {
          "uv": [
            9.84615,
            0,
            9.53846,
            0.38462
          ],
          "texture": "#5"
        },
        "south": {
          "uv": [
            4.76923,
            10.15385,
            4.61538,
            10.53846
          ],
          "texture": "#5"
        },
        "west": {
          "uv": [
            2.46154,
            9.53846,
            2.15385,
            9.92308
          ],
          "texture": "#5"
        },
        "up": {
          "uv": [
            11.53846,
            5.53846,
            11.38462,
            5.84615
          ],
          "texture": "#5"
        },
        "down": {
          "uv": [
            6.30769,
            11.69231,
            6.15385,
            11.38462
          ],
          "texture": "#5"
        }
      }
    },
    {
      "from": [
        7.985,
        -5.25,
        8.75
      ],
      "to": [
        8.015,
        0.25,
        11
      ],
      "rotation": {
        "angle": 0,
        "axis": "y",
        "origin": [
          7.985,
          -4,
          16
        ]
      },
      "faces": {
        "east": {
          "uv": [
            2.46154,
            0,
            3.15385,
            1.69231
          ],
          "texture": "#5"
        },
        "west": {
          "uv": [
            3.15385,
            0,
            2.46154,
            1.69231
          ],
          "texture": "#5"
        }
      }
    },
    {
      "from": [
        7.29289,
        6.31066,
        8
      ],
      "to": [
        8.29289,
        6.81066,
        9
      ],
      "rotation": {
        "angle": 45,
        "axis": "y",
        "origin": [
          7.29289,
          6.56066,
          8
        ]
      },
      "faces": {
        "north": {
          "uv": [
            6.76923,
            11.38462,
            7.07692,
            11.53846
          ],
          "texture": "#5"
        },
        "east": {
          "uv": [
            11.38462,
            7.07692,
            11.69231,
            7.23077
          ],
          "texture": "#5"
        },
        "south": {
          "uv": [
            7.38462,
            11.38462,
            7.69231,
            11.53846
          ],
          "texture": "#5"
        },
        "west": {
          "uv": [
            11.38462,
            8.92308,
            11.69231,
            9.07692
          ],
          "texture": "#5"
        }
      }
    },
    {
      "from": [
        7.29289,
        11.81066,
        8
      ],
      "to": [
        8.29289,
        12.56066,
        9
      ],
      "rotation": {
        "angle": 45,
        "axis": "y",
        "origin": [
          7.29289,
          11.56066,
          8
        ]
      },
      "faces": {
        "north": {
          "uv": [
            0,
            9.84615,
            0.30769,
            10.07692
          ],
          "texture": "#5"
        },
        "east": {
          "uv": [
            10.15385,
            3.38462,
            10.46154,
            3.61538
          ],
          "texture": "#5"
        },
        "south": {
          "uv": [
            4,
            10.15385,
            4.30769,
            10.38462
          ],
          "texture": "#5"
        },
        "west": {
          "uv": [
            10.15385,
            4,
            10.46154,
            4.23077
          ],
          "texture": "#5"
        }
      }
    },
    {
      "from": [
        7.04289,
        6.81066,
        7.75
      ],
      "to": [
        8.54289,
        11.81066,
        9.25
      ],
      "rotation": {
        "angle": 45,
        "axis": "y",
        "origin": [
          7.29289,
          10.81066,
          8
        ]
      },
      "faces": {
        "north": {
          "uv": [
            4.92308,
            1.23077,
            5.38462,
            2.76923
          ],
          "texture": "#5"
        },
        "east": {
          "uv": [
            4.92308,
            3.07692,
            5.38462,
            4.61538
          ],
          "texture": "#5"
        },
        "south": {
          "uv": [
            3.69231,
            4.92308,
            4.15385,
            6.46154
          ],
          "texture": "#5"
        },
        "west": {
          "uv": [
            4.61538,
            4.92308,
            5.07692,
            6.46154
          ],
          "texture": "#5"
        },
        "up": {
          "uv": [
            5.38462,
            9.07692,
            4.92308,
            8.61538
          ],
          "texture": "#5"
        },
        "down": {
          "uv": [
            9.07692,
            5.23077,
            8.61538,
            5.69231
          ],
          "texture": "#5"
        }
      }
    },
    {
      "from": [
        6.15,
        10.96447,
        8.5
      ],
      "to": [
        6.15,
        14.96447,
        12.5
      ],
      "rotation": {
        "angle": -45,
        "axis": "x",
        "origin": [
          6.15,
          10.46447,
          8
        ]
      },
      "faces": {
        "west": {
          "uv": [
            0,
            0,
            16,
            16
          ],
          "texture": "#2"
        }
      }
    },
    {
      "from": [
        5.65,
        11.96447,
        9.5
      ],
      "to": [
        5.65,
        13.96447,
        11.5
      ],
      "rotation": {
        "angle": -45,
        "axis": "x",
        "origin": [
          5.65,
          10.46447,
          8
        ]
      },
      "faces": {
        "west": {
          "uv": [
            0,
            0,
            8,
            8
          ],
          "texture": "#3"
        }
      }
    },
    {
      "from": [
        10.35,
        11.96447,
        9.5
      ],
      "to": [
        10.35,
        13.96447,
        11.5
      ],
      "rotation": {
        "angle": -45,
        "axis": "x",
        "origin": [
          10.35,
          10.46447,
          8
        ]
      },
      "faces": {
        "east": {
          "uv": [
            8,
            0,
            0,
            8
          ],
          "texture": "#3"
        }
      }
    },
    {
      "from": [
        9.85,
        10.96447,
        8.5
      ],
      "to": [
        9.85,
        14.96447,
        12.5
      ],
      "rotation": {
        "angle": -45,
        "axis": "x",
        "origin": [
          9.85,
          10.46447,
          8
        ]
      },
      "faces": {
        "east": {
          "uv": [
            16,
            0,
            0,
            16
          ],
          "texture": "#2"
        }
      }
    },
    {
      "from": [
        7.75,
        11.37736,
        1.05362
      ],
      "to": [
        8.25,
        15.12736,
        2.05362
      ],
      "rotation": {
        "angle": 45,
        "axis": "x",
        "origin": [
          8,
          13.12736,
          2.80362
        ]
      },
      "faces": {
        "north": {
          "uv": [
            1.53846,
            8.92308,
            1.69231,
            10.07692
          ],
          "texture": "#5"
        },
        "east": {
          "uv": [
            6.15385,
            6.15385,
            6.46154,
            7.30769
          ],
          "texture": "#5"
        },
        "south": {
          "uv": [
            6.76923,
            9.23077,
            6.92308,
            10.38462
          ],
          "texture": "#5"
        },
        "west": {
          "uv": [
            6.46154,
            2.46154,
            6.76923,
            3.61538
          ],
          "texture": "#5"
        },
        "up": {
          "uv": [
            9.69231,
            11.69231,
            9.53846,
            11.38462
          ],
          "texture": "#5"
        },
        "down": {
          "uv": [
            11.53846,
            9.53846,
            11.38462,
            9.84615
          ],
          "texture": "#5"
        }
      }
    },
    {
      "from": [
        7.75,
        11.37736,
        2.05362
      ],
      "to": [
        8.25,
        12.37736,
        4.80362
      ],
      "rotation": {
        "angle": 45,
        "axis": "x",
        "origin": [
          8,
          13.12736,
          2.80362
        ]
      },
      "faces": {
        "east": {
          "uv": [
            6.76923,
            1.84615,
            7.61538,
            2.15385
          ],
          "texture": "#5"
        },
        "south": {
          "uv": [
            10.15385,
            11.38462,
            10.30769,
            11.69231
          ],
          "texture": "#5"
        },
        "west": {
          "uv": [
            7.07692,
            0,
            7.92308,
            0.30769
          ],
          "texture": "#5"
        },
        "up": {
          "uv": [
            9.38462,
            10.07692,
            9.23077,
            9.23077
          ],
          "texture": "#5"
        },
        "down": {
          "uv": [
            0.76923,
            9.53846,
            0.61538,
            10.38462
          ],
          "texture": "#5"
        }
      }
    },
    {
      "from": [
        7.75,
        12.37736,
        4.30362
      ],
      "to": [
        8.25,
        12.87736,
        4.80362
      ],
      "rotation": {
        "angle": 45,
        "axis": "x",
        "origin": [
          8,
          13.12736,
          2.80362
        ]
      },
      "faces": {
        "north": {
          "uv": [
            10.76923,
            11.38462,
            10.92308,
            11.53846
          ],
          "texture": "#5"
        },
        "east": {
          "uv": [
            11.38462,
            10.76923,
            11.53846,
            10.92308
          ],
          "texture": "#5"
        },
        "south": {
          "uv": [
            11.38462,
            11.38462,
            11.53846,
            11.53846
          ],
          "texture": "#5"
        },
        "west": {
          "uv": [
            0,
            11.69231,
            0.15385,
            11.84615
          ],
          "texture": "#5"
        },
        "up": {
          "uv": [
            11.84615,
            0.15385,
            11.69231,
            0
          ],
          "texture": "#5"
        }
      }
    },
    {
      "from": [
        7.985,
        6.25,
        -1.5
      ],
      "to": [
        8.015,
        19,
        5.5
      ],
      "rotation": {
        "angle": 0,
        "axis": "y",
        "origin": [
          7.985,
          0,
          0
        ]
      },
      "faces": {
        "east": {
          "uv": [
            2.15385,
            0,
            0,
            3.92308
          ],
          "texture": "#5"
        },
        "west": {
          "uv": [
            0,
            0,
            2.15385,
            3.92308
          ],
          "texture": "#5"
        }
      }
    },
    {
      "from": [
        7,
        12.5,
        9.5
      ],
      "to": [
        9,
        15,
        10.5
      ],
      "rotation": {
        "angle": 22.5,
        "axis": "x",
        "origin": [
          6.5,
          11.5,
          10.5
        ]
      },
      "faces": {
        "north": {
          "uv": [
            6.46154,
            1.23077,
            5.84615,
            2
          ],
          "texture": "#5"
        },
        "east": {
          "uv": [
            7.38462,
            2.46154,
            7.07692,
            3.23077
          ],
          "texture": "#5"
        },
        "south": {
          "uv": [
            6.15385,
            4.92308,
            5.53846,
            5.69231
          ],
          "texture": "#5"
        },
        "west": {
          "uv": [
            2.46154,
            7.38462,
            2.15385,
            8.15385
          ],
          "texture": "#5"
        },
        "up": {
          "uv": [
            9.23077,
            8,
            8.61538,
            8.30769
          ],
          "texture": "#5"
        },
        "down": {
          "uv": [
            9.23077,
            8.92308,
            8.61538,
            8.61538
          ],
          "texture": "#5"
        }
      }
    },
    {
      "from": [
        7.25,
        12.75,
        7.5
      ],
      "to": [
        8.75,
        14.75,
        9.5
      ],
      "rotation": {
        "angle": 22.5,
        "axis": "x",
        "origin": [
          6.5,
          11.5,
          10.5
        ]
      },
      "faces": {
        "north": {
          "uv": [
            5.07692,
            6.76923,
            4.61538,
            7.38462
          ],
          "texture": "#5"
        },
        "east": {
          "uv": [
            6.46154,
            4,
            5.84615,
            4.61538
          ],
          "texture": "#5"
        },
        "west": {
          "uv": [
            6.76923,
            0,
            6.15385,
            0.61538
          ],
          "texture": "#5"
        },
        "up": {
          "uv": [
            7.23077,
            5.84615,
            6.76923,
            6.46154
          ],
          "texture": "#5"
        },
        "down": {
          "uv": [
            7.23077,
            7.38462,
            6.76923,
            6.76923
          ],
          "texture": "#5"
        }
      }
    },
    {
      "from": [
        7.75,
        14.1,
        10.4
      ],
      "to": [
        8.25,
        14.85,
        13.15
      ],
      "rotation": {
        "angle": -45,
        "axis": "x",
        "origin": [
          8,
          13.95,
          12.46339
        ]
      },
      "faces": {
        "east": {
          "uv": [
            9.46154,
            0.92308,
            8.61538,
            1.15385
          ],
          "texture": "#5"
        },
        "west": {
          "uv": [
            7.61538,
            8.61538,
            6.76923,
            8.84615
          ],
          "texture": "#5"
        },
        "up": {
          "uv": [
            8.76923,
            9.23077,
            8.61538,
            10.07692
          ],
          "texture": "#5"
        }
      }
    },
    {
      "from": [
        7.495,
        13.48091,
        12.29994
      ],
      "to": [
        8.505,
        15.23091,
        13.54994
      ],
      "rotation": {
        "angle": 0,
        "axis": "y",
        "origin": [
          8,
          13.89697,
          12.375
        ]
      },
      "faces": {
        "north": {
          "uv": [
            8.30769,
            9.23077,
            8,
            9.76923
          ],
          "texture": "#5"
        },
        "east": {
          "uv": [
            6.23077,
            8.61538,
            5.84615,
            9.15385
          ],
          "texture": "#5"
        },
        "south": {
          "uv": [
            7.69231,
            9.23077,
            7.38462,
            9.76923
          ],
          "texture": "#5"
        },
        "west": {
          "uv": [
            9,
            6.15385,
            8.61538,
            6.69231
          ],
          "texture": "#5"
        },
        "up": {
          "uv": [
            9.84615,
            2.15385,
            9.53846,
            2.53846
          ],
          "texture": "#5"
        },
        "down": {
          "uv": [
            3.07692,
            9.92308,
            2.76923,
            9.53846
          ],
          "texture": "#5"
        }
      }
    },
    {
      "from": [
        7.5,
        12.85,
        10.4
      ],
      "to": [
        8.5,
        14.1,
        12.9
      ],
      "rotation": {
        "angle": -45,
        "axis": "x",
        "origin": [
          8,
          13.95,
          12.46339
        ]
      },
      "faces": {
        "north": {
          "uv": [
            9.84615,
            3.07692,
            9.53846,
            3.46154
          ],
          "texture": "#5"
        },
        "east": {
          "uv": [
            7.23077,
            4.92308,
            6.46154,
            5.30769
          ],
          "texture": "#5"
        },
        "west": {
          "uv": [
            0.76923,
            6.76923,
            0,
            7.15385
          ],
          "texture": "#5"
        },
        "up": {
          "uv": [
            3.07692,
            7.38462,
            2.76923,
            8.15385
          ],
          "texture": "#5"
        },
        "down": {
          "uv": [
            0.30769,
            8.46154,
            0,
            7.69231
          ],
          "texture": "#5"
        }
      }
    },
    {
      "from": [
        7.75,
        11.37736,
        13.94638
      ],
      "to": [
        8.25,
        15.12736,
        14.94638
      ],
      "rotation": {
        "angle": -45,
        "axis": "x",
        "origin": [
          8,
          13.12736,
          13.19638
        ]
      },
      "faces": {
        "north": {
          "uv": [
            6.92308,
            9.23077,
            6.76923,
            10.38462
          ],
          "texture": "#5"
        },
        "east": {
          "uv": [
            6.46154,
            6.15385,
            6.15385,
            7.30769
          ],
          "texture": "#5"
        },
        "south": {
          "uv": [
            1.69231,
            8.92308,
            1.53846,
            10.07692
          ],
          "texture": "#5"
        },
        "west": {
          "uv": [
            6.76923,
            2.46154,
            6.46154,
            3.61538
          ],
          "texture": "#5"
        },
        "up": {
          "uv": [
            9.69231,
            11.38462,
            9.53846,
            11.69231
          ],
          "texture": "#5"
        },
        "down": {
          "uv": [
            11.53846,
            9.84615,
            11.38462,
            9.53846
          ],
          "texture": "#5"
        }
      }
    },
    {
      "from": [
        7.75,
        11.37736,
        11.19638
      ],
      "to": [
        8.25,
        12.37736,
        13.94638
      ],
      "rotation": {
        "angle": -45,
        "axis": "x",
        "origin": [
          8,
          13.12736,
          13.19638
        ]
      },
      "faces": {
        "north": {
          "uv": [
            10.30769,
            11.38462,
            10.15385,
            11.69231
          ],
          "texture": "#5"
        },
        "east": {
          "uv": [
            7.61538,
            1.84615,
            6.76923,
            2.15385
          ],
          "texture": "#5"
        },
        "west": {
          "uv": [
            7.92308,
            0,
            7.07692,
            0.30769
          ],
          "texture": "#5"
        },
        "up": {
          "uv": [
            9.38462,
            9.23077,
            9.23077,
            10.07692
          ],
          "texture": "#5"
        },
        "down": {
          "uv": [
            0.76923,
            10.38462,
            0.61538,
            9.53846
          ],
          "texture": "#5"
        }
      }
    },
    {
      "from": [
        7.75,
        12.37736,
        11.19638
      ],
      "to": [
        8.25,
        12.87736,
        11.69638
      ],
      "rotation": {
        "angle": -45,
        "axis": "x",
        "origin": [
          8,
          13.12736,
          13.19638
        ]
      },
      "faces": {
        "north": {
          "uv": [
            11.53846,
            11.38462,
            11.38462,
            11.53846
          ],
          "texture": "#5"
        },
        "east": {
          "uv": [
            11.53846,
            10.76923,
            11.38462,
            10.92308
          ],
          "texture": "#5"
        },
        "south": {
          "uv": [
            10.92308,
            11.38462,
            10.76923,
            11.53846
          ],
          "texture": "#5"
        },
        "west": {
          "uv": [
            0.15385,
            11.69231,
            0,
            11.84615
          ],
          "texture": "#5"
        },
        "up": {
          "uv": [
            11.84615,
            0,
            11.69231,
            0.15385
          ],
          "texture": "#5"
        }
      }
    },
    {
      "from": [
        7.985,
        6.25,
        10.5
      ],
      "to": [
        8.015,
        19,
        17.5
      ],
      "rotation": {
        "angle": 0,
        "axis": "y",
        "origin": [
          7.985,
          0,
          16
        ]
      },
      "faces": {
        "east": {
          "uv": [
            0,
            0,
            2.15385,
            3.92308
          ],
          "texture": "#5"
        },
        "west": {
          "uv": [
            2.15385,
            0,
            0,
            3.92308
          ],
          "texture": "#5"
        }
      }
    },
    {
      "from": [
        7.5,
        12.93753,
        8.05447
      ],
      "to": [
        8.5,
        13.93753,
        10.05447
      ],
      "rotation": {
        "angle": -22.5,
        "axis": "x",
        "origin": [
          7.5,
          13.03753,
          10.05447
        ]
      },
      "faces": {
        "east": {
          "uv": [
            9.53846,
            1.53846,
            8.92308,
            1.84615
          ],
          "texture": "#5"
        },
        "west": {
          "uv": [
            9.53846,
            7.07692,
            8.92308,
            7.38462
          ],
          "texture": "#5"
        },
        "down": {
          "uv": [
            0.30769,
            9.53846,
            0,
            8.92308
          ],
          "texture": "#5"
        }
      }
    }
  ],
  "gui_light": "front",
  "display": {
    "thirdperson_righthand": {
      "translation": [
        0,
        3.25,
        1
      ]
    },
    "thirdperson_lefthand": {
      "translation": [
        0,
        3.25,
        1
      ]
    },
    "firstperson_righthand": {
      "rotation": [
        10,
        0,
        0
      ],
      "translation": [
        2.25,
        3,
        1
      ],
      "scale": [
        0.7,
        0.7,
        0.7
      ]
    },
    "firstperson_lefthand": {
      "rotation": [
        10,
        0,
        0
      ],
      "translation": [
        2.25,
        3,
        1
      ],
      "scale": [
        0.7,
        0.7,
        0.7
      ]
    },
    "ground": {
      "rotation": [
        -45,
        0,
        0
      ],
      "translation": [
        0,
        3,
        0
      ],
      "scale": [
        0.7,
        0.7,
        0.7
      ]
    },
    "gui": {
      "rotation": [
        -90,
        45,
        90
      ],
      "translation": [
        0.5,
        -0.5,
        0
      ],
      "scale": [
        0.7,
        0.7,
        0.7
      ]
    },
    "head": {
      "rotation": [
        0,
        -90,
        0
      ]
    },
    "fixed": {
      "rotation": [
        0,
        -90,
        0
      ],
      "translation": [
        0,
        0,
        -2.25
      ],
      "scale": [
        2,
        2,
        2
      ]
    }
  },
  "USER": "48320",
  "NONCE": "022f20bb984d2458314ef7d7cd68fcce",
  "TIMESTAMP": "1757941311",
  "RESOURCE": "12629",
  "MCMODELS": "1",
  "mcmodels": "022f20bb984d2458314ef7d7cd68fcce"
}