{
  "parent": "minecraft:item/generated",
  "textures": {
    "layer0": "item/bow"
  },
  "display": {
    "thirdperson_righthand": {
      "rotation": [
        -80,
        260,
        -40
      ],
      "translation": [
        -1,
        -2,
        2.5
      ],
      "scale": [
        0.9,
        0.9,
        0.9
      ]
    },
    "thirdperson_lefthand": {
      "rotation": [
        -80,
        -280,
        40
      ],
      "translation": [
        -1,
        -2,
        2.5
      ],
      "scale": [
        0.9,
        0.9,
        0.9
      ]
    },
    "firstperson_righthand": {
      "rotation": [
        0,
        -90,
        25
      ],
      "translation": [
        1.13,
        3.2,
        1.13
      ],
      "scale": [
        0.68,
        0.68,
        0.68
      ]
    },
    "firstperson_lefthand": {
      "rotation": [
        0,
        90,
        -25
      ],
      "translation": [
        1.13,
        3.2,
        1.13
      ],
      "scale": [
        0.68,
        0.68,
        0.68
      ]
    }
  },
  "overrides": [
    {
      "predicate": {
        "custom_model_data": 1
      },
      "model": "heartandbloodtheme/heartbow"
    },
    {
      "predicate": {
        "pulling": 1,
        "custom_model_data": 1
      },
      "model": "heartandbloodtheme/heartbow_pulling_0"
    },
    {
      "predicate": {
        "pulling": 1,
        "pull": 0.45,
        "custom_model_data": 1
      },
      "model": "heartandbloodtheme/heartbow_pulling_1"
    },
    {
      "predicate": {
        "pulling": 1,
        "pull": 0.9,
        "custom_model_data": 1
      },
      "model": "heartandbloodtheme/heartbow_pulling_2"
    },

    {
      "predicate": {
        "custom_model_data": 2
      },
      "model": "lightiningtheme/lightbow"
    },
    {
      "predicate": {
        "pulling": 1,
        "custom_model_data": 2
      },
      "model": "lightiningtheme/lightbow_pulling_0"
    },
    {
      "predicate": {
        "pulling": 1,
        "pull": 0.45,
        "custom_model_data": 2
      },
      "model": "lightiningtheme/lightbow_pulling_1"
    },
    {
      "predicate": {
        "pulling": 1,
        "pull": 0.9,
        "custom_model_data": 2
      },
      "model": "lightiningtheme/lightbow_pulling_2"
    },

    {
      "predicate": {
        "custom_model_data": 3
      },
      "model": "christmas/noparticles/christmas_bow"
    },
    {
      "predicate": {
        "pulling": 1,
        "custom_model_data": 3
      },
      "model": "christmas/noparticles/christmas_bow_0"
    },
    {
      "predicate": {
        "pulling": 1,
        "pull": 0.45,
        "custom_model_data": 3
      },
      "model": "christmas/noparticles/christmas_bow_1"
    },
    {
      "predicate": {
        "pulling": 1,
        "pull": 0.9,
        "custom_model_data": 3
      },
      "model": "christmas/noparticles/christmas_bow_2"
    },

    {
      "predicate": {
        "custom_model_data": 4
      },
      "model": "christmas/christmas_bow"
    },
    {
      "predicate": {
        "pulling": 1,
        "custom_model_data": 4
      },
      "model": "christmas/christmas_bow_0"
    },
    {
      "predicate": {
        "pulling": 1,
        "pull": 0.45,
        "custom_model_data": 4
      },
      "model": "christmas/christmas_bow_1"
    },
    {
      "predicate": {
        "pulling": 1,
        "pull": 0.9,
        "custom_model_data": 4
      },
      "model": "christmas/christmas_bow_2"
    },


    {
      "predicate": {
        "custom_model_data": 5
      },
      "model": "void/noparticles/void_bow"
    },
    {
      "predicate": {
        "pulling": 1,
        "custom_model_data": 5
      },
      "model": "void/noparticles/void_bow_0"
    },
    {
      "predicate": {
        "pulling": 1,
        "pull": 0.45,
        "custom_model_data": 5
      },
      "model": "void/noparticles/void_bow_1"
    },
    {
      "predicate": {
        "pulling": 1,
        "pull": 0.9,
        "custom_model_data": 5
      },
      "model": "void/noparticles/void_bow_2"
    },

    {
      "predicate": {
        "custom_model_data": 6
      },
      "model": "void/void_bow"
    },
    {
      "predicate": {
        "pulling": 1,
        "custom_model_data": 6
      },
      "model": "void/void_bow_0"
    },
    {
      "predicate": {
        "pulling": 1,
        "pull": 0.45,
        "custom_model_data": 6
      },
      "model": "void/void_bow_1"
    },
    {
      "predicate": {
        "pulling": 1,
        "pull": 0.9,
        "custom_model_data": 6
      },
      "model": "void/void_bow_2"
    },

    {
      "predicate": {
        "custom_model_data": 7
      },
      "model": "magma/noparticles/magma_bow"
    },
    {
      "predicate": {
        "pulling": 1,
        "custom_model_data": 7
      },
      "model": "magma/noparticles/magma_bow_0"
    },
    {
      "predicate": {
        "pulling": 1,
        "pull": 0.45,
        "custom_model_data": 7
      },
      "model": "magma/noparticles/magma_bow_1"
    },
    {
      "predicate": {
        "pulling": 1,
        "pull": 0.9,
        "custom_model_data": 7
      },
      "model": "magma/noparticles/magma_bow_2"
    },

    {
      "predicate": {
        "custom_model_data": 8
      },
      "model": "magma/magma_bow"
    },
    {
      "predicate": {
        "pulling": 1,
        "custom_model_data": 8
      },
      "model": "magma/magma_bow_0"
    },
    {
      "predicate": {
        "pulling": 1,
        "pull": 0.45,
        "custom_model_data": 8
      },
      "model": "magma/magma_bow_1"
    },
    {
      "predicate": {
        "pulling": 1,
        "pull": 0.9,
        "custom_model_data": 8
      },
      "model": "magma/magma_bow_2"
    },

    {
      "predicate": {
        "custom_model_data": 9
      },
      "model": "chinese/noparticles/chinese_dragon_bow"
    },
    {
      "predicate": {
        "pulling": 1,
        "custom_model_data": 9
      },
      "model": "chinese/noparticles/chinese_dragon_bow_0"
    },
    {
      "predicate": {
        "pulling": 1,
        "pull": 0.45,
        "custom_model_data": 9
      },
      "model": "chinese/noparticles/chinese_dragon_bow_1"
    },
    {
      "predicate": {
        "pulling": 1,
        "pull": 0.9,
        "custom_model_data": 9
      },
      "model": "chinese/noparticles/chinese_dragon_bow_2"
    },

    {
      "predicate": {
        "custom_model_data": 10
      },
      "model": "chinese/chinese_dragon_bow"
    },
    {
      "predicate": {
        "pulling": 1,
        "custom_model_data": 10
      },
      "model": "chinese/chinese_dragon_bow_0"
    },
    {
      "predicate": {
        "pulling": 1,
        "pull": 0.45,
        "custom_model_data": 10
      },
      "model": "chinese/chinese_dragon_bow_1"
    },
    {
      "predicate": {
        "pulling": 1,
        "pull": 0.9,
        "custom_model_data": 10
      },
      "model": "chinese/chinese_dragon_bow_2"
    },


    {
      "predicate": {
        "custom_model_data": 11
      },
      "model": "valentine/noparticles/valentine_bow"
    },
    {
      "predicate": {
        "pulling": 1,
        "custom_model_data": 11
      },
      "model": "valentine/noparticles/valentine_bow_0"
    },
    {
      "predicate": {
        "pulling": 1,
        "pull": 0.45,
        "custom_model_data": 11
      },
      "model": "valentine/noparticles/valentine_bow_1"
    },
    {
      "predicate": {
        "pulling": 1,
        "pull": 0.9,
        "custom_model_data": 11
      },
      "model": "valentine/noparticles/valentine_bow_2"
    },

    {
      "predicate": {
        "custom_model_data": 12
      },
      "model": "valentine/valentine_bow"
    },
    {
      "predicate": {
        "pulling": 1,
        "custom_model_data": 12
      },
      "model": "valentine/valentine_bow_0"
    },
    {
      "predicate": {
        "pulling": 1,
        "pull": 0.45,
        "custom_model_data": 12
      },
      "model": "valentine/valentine_bow_1"
    },
    {
      "predicate": {
        "pulling": 1,
        "pull": 0.9,
        "custom_model_data": 12
      },
      "model": "valentine/valentine_bow_2"
    },

    {
      "predicate": {
        "custom_model_data": 13
      },
      "model": "dragon/dragonborn_bow"
    },
    {
      "predicate": {
        "pulling": 1,
        "custom_model_data": 13
      },
      "model": "dragon/dragonborn_bow_pulling_0"
    },
    {
      "predicate": {
        "pulling": 1,
        "pull": 0.45,
        "custom_model_data": 13
      },
      "model": "dragon/dragonborn_bow_pulling_1"
    },
    {
      "predicate": {
        "pulling": 1,
        "pull": 0.9,
        "custom_model_data": 13
      },
      "model": "dragon/dragonborn_bow_pulling_2"
    },
    {
      "predicate": {
        "custom_model_data": 14
      },
      "model": "patrick/bow"
    },
    {
      "predicate": {
        "pulling": 1,
        "custom_model_data": 14
      },
      "model": "patrick/bow_0"
    },
    {
      "predicate": {
        "pulling": 1,
        "pull": 0.45,
        "custom_model_data": 14
      },
      "model": "patrick/bow_1"
    },
    {
      "predicate": {
        "pulling": 1,
        "pull": 0.9,
        "custom_model_data": 14
      },
      "model": "patrick/bow_2"
    },

    {
      "predicate": {
        "custom_model_data": 15
      },
      "model": "stpatrick/bow"
    },
    {
      "predicate": {
        "pulling": 1,
        "custom_model_data": 15
      },
      "model": "stpatrick/bow_0"
    },
    {
      "predicate": {
        "pulling": 1,
        "pull": 0.45,
        "custom_model_data": 15
      },
      "model": "stpatrick/bow_1"
    },
    {
      "predicate": {
        "pulling": 1,
        "pull": 0.9,
        "custom_model_data": 15
      },
      "model": "stpatrick/bow_2"
    },


    {
      "predicate": {
        "custom_model_data": 16
      },
      "model": "firework/firework_bow"
    },
    {
      "predicate": {
        "pulling": 1,
        "custom_model_data": 16
      },
      "model": "firework/firework_bow_0"
    },
    {
      "predicate": {
        "pulling": 1,
        "pull": 0.45,
        "custom_model_data": 16
      },
      "model": "firework/firework_bow_1"
    },
    {
      "predicate": {
        "pulling": 1,
        "pull": 0.9,
        "custom_model_data": 16
      },
      "model": "firework/firework_bow_2"
    },
    {
      "predicate": {
        "custom_model_data": 17
      },
      "model": "easter/bow_easter"
    },
    {
      "predicate": {
        "pulling": 1,
        "custom_model_data": 17
      },
      "model": "easter/bow_easter_0"
    },
    {
      "predicate": {
        "pulling": 1,
        "pull": 0.45,
        "custom_model_data": 17
      },
      "model": "easter/bow_easter_1"
    },
    {
      "predicate": {
        "pulling": 1,
        "pull": 0.9,
        "custom_model_data": 17
      },
      "model": "easter/bow_easter_2"
    },
    {
      "predicate": {
        "custom_model_data": 18
      },
      "model": "samurai/bow_samurai"
    },
    {
      "predicate": {
        "pulling": 1,
        "custom_model_data": 18
      },
      "model": "samurai/bow_samurai_0"
    },
    {
      "predicate": {
        "pulling": 1,
        "pull": 0.45,
        "custom_model_data": 18
      },
      "model": "samurai/bow_samurai_1"
    },
    {
      "predicate": {
        "pulling": 1,
        "pull": 0.9,
        "custom_model_data": 18
      },
      "model": "samurai/bow_samurai_2"
    },


    {
      "predicate": {
        "custom_model_data": 19
      },
      "model": "pirate/bow_pirate"
    },
    {
      "predicate": {
        "pulling": 1,
        "custom_model_data": 19
      },
      "model": "pirate/bow_pirate_0"
    },
    {
      "predicate": {
        "pulling": 1,
        "pull": 0.45,
        "custom_model_data": 19
      },
      "model": "pirate/bow_pirate_1"
    },
    {
      "predicate": {
        "pulling": 1,
        "pull": 0.9,
        "custom_model_data": 19
      },
      "model": "pirate/bow_pirate_2"
    }

  ]
}