{
  "parent": "minecraft:item/handheld",
  "textures": {
    "layer0": "minecraft:item/diamond_sword"
  },
  "overrides": [
    {
      "predicate": {
        "damage": 0
      },
      "model": "item/diamond_sword"
    },
    {
      "predicate": {
        "custom_model_data": 1
      },
      "model": "lifesteal/lifesteal_sword"
    },
    {
      "predicate": {
        "custom_model_data": 2
      },
      "model": "tempest/tempest_sword"
    },
    {
      "predicate": {
        "custom_model_data": 3
      },
      "model": "christmas/christmas_sword"
    },
    {
      "predicate": {
        "custom_model_data": 4
      },
      "model": "void/void_sword"
    },
    {
      "predicate": {
        "custom_model_data": 5
      },
      "model": "magma/magma_sword"
    },
    {
      "predicate": {
        "custom_model_data": 6
      },
      "model": "chinese/chinese_dragon_sword"
    },
    {
      "predicate": {
        "custom_model_data": 7
      },
      "model": "valentine/valentine_sword"
    },
    {
      "predicate": {
        "custom_model_data": 8
      },
      "model": "firework/firework_sword"
    },
    {
      "predicate": {
        "custom_model_data": 9
      },
      "model": "easter/easter_sword"
    },
    {
      "predicate": {
        "custom_model_data": 10
      },
      "model": "samurai/samurai_sword"
    },
    {
      "predicate": {
        "custom_model_data": 11
      },
      "model": "swashbuckler/swashbuckler_sword"
    },
    {
      "predicate": {
        "custom_model_data": 12
      },
      "model": "heart/heart_sword"
    },
    {
      "predicate": {
        "custom_model_data": 13
      },
      "model": "vampire/vampire_sword"
    },
    {
      "predicate": {
        "custom_model_data": 14
      },
      "model": "harvest/harvest_sword"
    },
    {
      "predicate": {
        "custom_model_data": 15
      },
      "model": "fire/fire_sword"
    },
    {
      "predicate": {
        "custom_model_data": 16
      },
      "model": "lightning/lightning_sword"
    },
    {
      "predicate": {
        "custom_model_data": 17
      },
      "model": "ghoul/sword/ghoul_sword_blue"
    },
    {
      "predicate": {
        "custom_model_data": 18
      },
      "model": "ghoul/sword/ghoul_sword_green"
    },
    {
      "predicate": {
        "custom_model_data": 19
      },
      "model": "ghoul/sword/ghoul_sword_purple"
    },
    {
      "predicate": {
        "custom_model_data": 20
      },
      "model": "ghoul/sword/ghoul_sword_red"
    },
    {
      "predicate": {
        "custom_model_data": 21
      },
      "model": "ghoul/sword/ghoul_sword_yellow"
    },
    {
      "predicate": {
        "custom_model_data": 22
      },
      "model": "starwarrior/lightsaber_blue"
    },
    {
      "predicate": {
        "custom_model_data": 23
      },
      "model": "starwarrior/lightsaber_green"
    },
    {
      "predicate": {
        "custom_model_data": 24
      },
      "model": "starwarrior/lightsaber_purple"
    },
    {
      "predicate": {
        "custom_model_data": 25
      },
      "model": "starwarrior/lightsaber_red"
    },
    {
      "predicate": {
        "custom_model_data": 26
      },
      "model": "galactic/sword/galactic_sword_blue"
    },
    {
      "predicate": {
        "custom_model_data": 27
      },
      "model": "galactic/sword/galactic_sword_green"
    },
    {
      "predicate": {
        "custom_model_data": 28
      },
      "model": "galactic/sword/galactic_sword_purple"
    },
    {
      "predicate": {
        "custom_model_data": 29
      },
      "model": "galactic/sword/galactic_sword_red"
    },
    {
      "predicate": {
        "custom_model_data": 30
      },
      "model": "galactic/sword/galactic_sword_gold"
    }
  ]
}