{
  "parent": "minecraft:item/handheld",
  "textures": {
    "layer0": "minecraft:item/diamond_axe"
  },
  "overrides": [
    {
      "predicate": {
        "damage": 0
      },
      "model": "item/diamond_axe"
    },
    {
      "predicate": {
        "custom_model_data": 1
      },
      "model": "lifesteal/lifesteal_axe"
    },
    {
      "predicate": {
        "custom_model_data": 2
      },
      "model": "tempest/tempest_axe"
    },
    {
      "predicate": {
        "custom_model_data": 3
      },
      "model": "christmas/christmas_axe"
    },
    {
      "predicate": {
        "custom_model_data": 4
      },
      "model": "void/void_axe"
    },
    {
      "predicate": {
        "custom_model_data": 5
      },
      "model": "magma/magma_axe"
    },
    {
      "predicate": {
        "custom_model_data": 6
      },
      "model": "chinese/chinese_dragon_axe"
    },
    {
      "predicate": {
        "custom_model_data": 7
      },
      "model": "valentine/valentine_axe"
    },
    {
      "predicate": {
        "custom_model_data": 8
      },
      "model": "firework/firework_axe"
    },
    {
      "predicate": {
        "custom_model_data": 9
      },
      "model": "easter/easter_axe"
    },
    {
      "predicate": {
        "custom_model_data": 10
      },
      "model": "samurai/samurai_axe"
    },
    {
      "predicate": {
        "custom_model_data": 11
      },
      "model": "swashbuckler/swashbuckler_axe"
    },
    {
      "predicate": {
        "custom_model_data": 12
      },
      "model": "heart/heart_axe"
    },
    {
      "predicate": {
        "custom_model_data": 13
      },
      "model": "vampire/vampire_axe"
    },
    {
      "predicate": {
        "custom_model_data": 14
      },
      "model": "harvest/harvest_axe"
    },
    {
      "predicate": {
        "custom_model_data": 15
      },
      "model": "fire/fire_axe"
    },
    {
      "predicate": {
        "custom_model_data": 16
      },
      "model": "lightning/lightning_axe"
    },
    {
      "predicate": {
        "custom_model_data": 17
      },
      "model": "ghoul/axe/ghoul_axe_blue"
    },
    {
      "predicate": {
        "custom_model_data": 18
      },
      "model": "ghoul/axe/ghoul_axe_green"
    },
    {
      "predicate": {
        "custom_model_data": 19
      },
      "model": "ghoul/axe/ghoul_axe_purple"
    },
    {
      "predicate": {
        "custom_model_data": 20
      },
      "model": "ghoul/axe/ghoul_axe_red"
    },
    {
      "predicate": {
        "custom_model_data": 21
      },
      "model": "ghoul/axe/ghoul_axe_yellow"
    },
    {
      "predicate": {
        "custom_model_data": 22
      },
      "model": "galactic/axe/galactic_axe_blue"
    },
    {
      "predicate": {
        "custom_model_data": 23
      },
      "model": "galactic/axe/galactic_axe_green"
    },
    {
      "predicate": {
        "custom_model_data": 24
      },
      "model": "galactic/axe/galactic_axe_purple"
    },
    {
      "predicate": {
        "custom_model_data": 25
      },
      "model": "galactic/axe/galactic_axe_red"
    },
    {
      "predicate": {
        "custom_model_data": 26
      },
      "model": "galactic/axe/galactic_axe_gold"
    }
  ]
}