{
  "format_version": "1.9.0",
  "credit": "Pologony Creation Co.,Ltd.",
  "texture_size": [
    48,
    48
  ],
  "textures": {
    "1": "item/axolotl/axolotl_little",
    "4": "item/axolotl/axolotl_shield",
    "5": "item/axolotl/axolotl_ef2_long",
    "particle": "item/axolotl/axolotl_little"
  },
  "elements": [
    {
      "from": [
        6.75,
        1.02855,
        10.70322
      ],
      "to": [
        9.25,
        1.52855,
        13.20322
      ],
      "rotation": {
        "angle": 0,
        "axis": "y",
        "origin": [
          8,
          8,
          9.55
        ]
      },
      "faces": {
        "north": {
          "uv": [
            13,
            1.66667,
            13.83333,
            1.83333
          ],
          "texture": "#4"
        },
        "east": {
          "uv": [
            12.66667,
            7.33333,
            13.5,
            7.5
          ],
          "texture": "#4"
        },
        "south": {
          "uv": [
            9,
            12.66667,
            9.83333,
            12.83333
          ],
          "texture": "#4"
        },
        "west": {
          "uv": [
            10.33333,
            12.66667,
            11.16667,
            12.83333
          ],
          "texture": "#4"
        },
        "up": {
          "uv": [
            6.5,
            7.5,
            5.66667,
            6.66667
          ],
          "rotation": 90,
          "texture": "#4"
        },
        "down": {
          "uv": [
            7.83333,
            6,
            7,
            6.83333
          ],
          "rotation": 270,
          "texture": "#4"
        }
      }
    },
    {
      "from": [
        12.45989,
        1.54011,
        11.45322
      ],
      "to": [
        14.45989,
        3.54011,
        12.45322
      ],
      "rotation": {
        "angle": -45,
        "axis": "z",
        "origin": [
          8,
          8,
          9.55
        ]
      },
      "faces": {
        "north": {
          "uv": [
            9,
            4.33333,
            9.66667,
            5
          ],
          "texture": "#4"
        },
        "east": {
          "uv": [
            12,
            3,
            12.33333,
            3.66667
          ],
          "texture": "#4"
        },
        "south": {
          "uv": [
            9,
            3.33333,
            9.66667,
            4
          ],
          "texture": "#4"
        },
        "down": {
          "uv": [
            12.33333,
            5.66667,
            12,
            6.33333
          ],
          "rotation": 270,
          "texture": "#4"
        }
      }
    },
    {
      "from": [
        12.63667,
        3.21688,
        11.20322
      ],
      "to": [
        14.63667,
        3.96688,
        12.70322
      ],
      "rotation": {
        "angle": -45,
        "axis": "z",
        "origin": [
          8,
          8,
          9.55
        ]
      },
      "faces": {
        "north": {
          "uv": [
            12,
            6.66667,
            12.66667,
            7
          ],
          "texture": "#4"
        },
        "east": {
          "uv": [
            12.66667,
            4.33333,
            13.16667,
            4.66667
          ],
          "texture": "#4"
        },
        "south": {
          "uv": [
            7.33333,
            5.33333,
            8,
            5.66667
          ],
          "texture": "#4"
        },
        "up": {
          "uv": [
            7.16667,
            10.66667,
            6.66667,
            10
          ],
          "rotation": 90,
          "texture": "#4"
        },
        "down": {
          "uv": [
            1.5,
            10.33333,
            1,
            11
          ],
          "rotation": 270,
          "texture": "#4"
        }
      }
    },
    {
      "from": [
        1.36333,
        3.21688,
        11.20322
      ],
      "to": [
        3.36333,
        3.96688,
        12.70322
      ],
      "rotation": {
        "angle": 45,
        "axis": "z",
        "origin": [
          8,
          8,
          9.55
        ]
      },
      "faces": {
        "north": {
          "uv": [
            9.33333,
            12,
            10,
            12.33333
          ],
          "texture": "#4"
        },
        "south": {
          "uv": [
            7.33333,
            12,
            8,
            12.33333
          ],
          "texture": "#4"
        },
        "west": {
          "uv": [
            4.66667,
            12.66667,
            5.16667,
            13
          ],
          "texture": "#4"
        },
        "up": {
          "uv": [
            10.83333,
            1.66667,
            10.33333,
            1
          ],
          "rotation": 90,
          "texture": "#4"
        },
        "down": {
          "uv": [
            2.5,
            10.33333,
            2,
            11
          ],
          "rotation": 270,
          "texture": "#4"
        }
      }
    },
    {
      "from": [
        7,
        1.52855,
        10.95322
      ],
      "to": [
        9,
        3.02855,
        12.95322
      ],
      "rotation": {
        "angle": 0,
        "axis": "y",
        "origin": [
          8,
          8,
          9.55
        ]
      },
      "faces": {
        "north": {
          "uv": [
            7.66667,
            10.33333,
            8.33333,
            10.83333
          ],
          "texture": "#4"
        },
        "east": {
          "uv": [
            3,
            10.33333,
            3.66667,
            10.83333
          ],
          "texture": "#4"
        },
        "south": {
          "uv": [
            4,
            10.33333,
            4.66667,
            10.83333
          ],
          "texture": "#4"
        },
        "west": {
          "uv": [
            5.66667,
            10.33333,
            6.33333,
            10.83333
          ],
          "texture": "#4"
        },
        "up": {
          "uv": [
            9.66667,
            6,
            9,
            5.33333
          ],
          "rotation": 90,
          "texture": "#4"
        }
      }
    },
    {
      "from": [
        7,
        8.02855,
        10.95322
      ],
      "to": [
        9,
        10.02855,
        12.95322
      ],
      "rotation": {
        "angle": 0,
        "axis": "y",
        "origin": [
          8,
          8,
          9.55
        ]
      },
      "faces": {
        "north": {
          "uv": [
            9.66667,
            9.33333,
            10.33333,
            10
          ],
          "texture": "#4"
        },
        "east": {
          "uv": [
            9.66667,
            6.33333,
            10.33333,
            7
          ],
          "texture": "#4"
        },
        "south": {
          "uv": [
            9.66667,
            7.33333,
            10.33333,
            8
          ],
          "texture": "#4"
        },
        "west": {
          "uv": [
            9.66667,
            8.33333,
            10.33333,
            9
          ],
          "texture": "#4"
        },
        "up": {
          "uv": [
            10.66667,
            2.66667,
            10,
            2
          ],
          "rotation": 90,
          "texture": "#4"
        }
      }
    },
    {
      "from": [
        7.25,
        8.27855,
        8.45322
      ],
      "to": [
        8.75,
        9.77855,
        10.95322
      ],
      "rotation": {
        "angle": 0,
        "axis": "y",
        "origin": [
          8,
          8,
          9.55
        ]
      },
      "faces": {
        "north": {
          "uv": [
            12,
            2,
            12.5,
            2.5
          ],
          "texture": "#4"
        },
        "east": {
          "uv": [
            10,
            3,
            10.83333,
            3.5
          ],
          "texture": "#4"
        },
        "south": {
          "uv": [
            11.66667,
            0,
            12.16667,
            0.5
          ],
          "texture": "#4"
        },
        "west": {
          "uv": [
            10,
            4,
            10.83333,
            4.5
          ],
          "texture": "#4"
        },
        "up": {
          "uv": [
            10.83333,
            5.5,
            10,
            5
          ],
          "rotation": 90,
          "texture": "#4"
        },
        "down": {
          "uv": [
            11.16667,
            0,
            10.33333,
            0.5
          ],
          "rotation": 270,
          "texture": "#4"
        }
      }
    },
    {
      "from": [
        7,
        6.02855,
        10.95322
      ],
      "to": [
        9,
        7.02855,
        12.95322
      ],
      "rotation": {
        "angle": 0,
        "axis": "y",
        "origin": [
          8,
          8,
          9.55
        ]
      },
      "faces": {
        "north": {
          "uv": [
            12.33333,
            1,
            13,
            1.33333
          ],
          "texture": "#4"
        },
        "east": {
          "uv": [
            10.33333,
            12,
            11,
            12.33333
          ],
          "texture": "#4"
        },
        "south": {
          "uv": [
            11.33333,
            12,
            12,
            12.33333
          ],
          "texture": "#4"
        },
        "west": {
          "uv": [
            1,
            12.33333,
            1.66667,
            12.66667
          ],
          "texture": "#4"
        },
        "down": {
          "uv": [
            10,
            0,
            9.33333,
            0.66667
          ],
          "rotation": 270,
          "texture": "#4"
        }
      }
    },
    {
      "from": [
        7.25,
        3.02855,
        11.20322
      ],
      "to": [
        8.75,
        6.02855,
        12.70322
      ],
      "rotation": {
        "angle": 0,
        "axis": "y",
        "origin": [
          8,
          8,
          9.55
        ]
      },
      "faces": {
        "north": {
          "uv": [
            9,
            2,
            9.5,
            3
          ],
          "texture": "#4"
        },
        "east": {
          "uv": [
            6.66667,
            8.66667,
            7.16667,
            9.66667
          ],
          "texture": "#4"
        },
        "south": {
          "uv": [
            8.66667,
            6.66667,
            9.16667,
            7.66667
          ],
          "texture": "#4"
        },
        "west": {
          "uv": [
            8.66667,
            8,
            9.16667,
            9
          ],
          "texture": "#4"
        }
      }
    },
    {
      "from": [
        6.75,
        7.02855,
        10.70322
      ],
      "to": [
        9.25,
        8.02855,
        13.20322
      ],
      "rotation": {
        "angle": 0,
        "axis": "y",
        "origin": [
          8,
          8,
          9.55
        ]
      },
      "faces": {
        "north": {
          "uv": [
            11.33333,
            7.33333,
            12.16667,
            7.66667
          ],
          "texture": "#4"
        },
        "east": {
          "uv": [
            11.33333,
            4.33333,
            12.16667,
            4.66667
          ],
          "texture": "#4"
        },
        "south": {
          "uv": [
            11.33333,
            5,
            12.16667,
            5.33333
          ],
          "texture": "#4"
        },
        "west": {
          "uv": [
            7.33333,
            11.33333,
            8.16667,
            11.66667
          ],
          "texture": "#4"
        },
        "up": {
          "uv": [
            8.16667,
            0.83333,
            7.33333,
            0
          ],
          "rotation": 90,
          "texture": "#4"
        },
        "down": {
          "uv": [
            8.16667,
            1.33333,
            7.33333,
            2.16667
          ],
          "rotation": 270,
          "texture": "#4"
        }
      }
    },
    {
      "from": [
        6.50368,
        11.40355,
        6.95672
      ],
      "to": [
        9.50368,
        12.47855,
        8.94972
      ],
      "rotation": {
        "angle": 0,
        "axis": "y",
        "origin": [
          8,
          8,
          9.55
        ]
      },
      "faces": {
        "north": {
          "uv": [
            10,
            10.33333,
            11,
            10.66667
          ],
          "texture": "#4"
        },
        "south": {
          "uv": [
            8.66667,
            10.33333,
            9.66667,
            10.66667
          ],
          "texture": "#4"
        },
        "up": {
          "uv": [
            8,
            3.66667,
            7.33333,
            2.66667
          ],
          "rotation": 90,
          "texture": "#4"
        },
        "down": {
          "uv": [
            8,
            4,
            7.33333,
            5
          ],
          "rotation": 270,
          "texture": "#4"
        }
      }
    },
    {
      "from": [
        5.6566,
        11.46993,
        6.95322
      ],
      "to": [
        6.6566,
        13.46993,
        8.95322
      ],
      "rotation": {
        "angle": -45,
        "axis": "z",
        "origin": [
          8,
          8,
          9.55
        ]
      },
      "faces": {
        "north": {
          "uv": [
            5.66667,
            12.33333,
            6,
            13
          ],
          "texture": "#4"
        },
        "east": {
          "uv": [
            1,
            9.33333,
            1.66667,
            10
          ],
          "texture": "#4"
        },
        "south": {
          "uv": [
            4,
            12.33333,
            4.33333,
            13
          ],
          "texture": "#4"
        },
        "west": {
          "uv": [
            9.33333,
            1,
            10,
            1.66667
          ],
          "texture": "#4"
        },
        "up": {
          "uv": [
            7,
            12.66667,
            6.33333,
            12.33333
          ],
          "rotation": 90,
          "texture": "#4"
        },
        "down": {
          "uv": [
            13,
            8,
            12.33333,
            8.33333
          ],
          "rotation": 270,
          "texture": "#4"
        }
      }
    },
    {
      "from": [
        14.59125,
        11.46472,
        6.95322
      ],
      "to": [
        15.59125,
        13.46472,
        8.95322
      ],
      "rotation": {
        "angle": 45,
        "axis": "z",
        "origin": [
          8,
          8,
          9.55
        ]
      },
      "faces": {
        "north": {
          "uv": [
            12.33333,
            8.66667,
            12.66667,
            9.33333
          ],
          "texture": "#4"
        },
        "east": {
          "uv": [
            2,
            9.33333,
            2.66667,
            10
          ],
          "texture": "#4"
        },
        "south": {
          "uv": [
            8.33333,
            12.33333,
            8.66667,
            13
          ],
          "texture": "#4"
        },
        "west": {
          "uv": [
            3,
            9.33333,
            3.66667,
            10
          ],
          "texture": "#4"
        },
        "up": {
          "uv": [
            13,
            10,
            12.33333,
            9.66667
          ],
          "rotation": 90,
          "texture": "#4"
        },
        "down": {
          "uv": [
            13,
            10.33333,
            12.33333,
            10.66667
          ],
          "rotation": 270,
          "texture": "#4"
        }
      }
    },
    {
      "from": [
        6.50368,
        16.15698,
        6.95672
      ],
      "to": [
        9.50368,
        17.23198,
        8.94972
      ],
      "rotation": {
        "angle": 0,
        "axis": "y",
        "origin": [
          8,
          8,
          9.55
        ]
      },
      "faces": {
        "north": {
          "uv": [
            10.66667,
            6.66667,
            11.66667,
            7
          ],
          "texture": "#4"
        },
        "south": {
          "uv": [
            10.66667,
            6,
            11.66667,
            6.33333
          ],
          "texture": "#4"
        },
        "up": {
          "uv": [
            7.66667,
            8.33333,
            7,
            7.33333
          ],
          "rotation": 90,
          "texture": "#4"
        },
        "down": {
          "uv": [
            1.66667,
            8,
            1,
            9
          ],
          "rotation": 270,
          "texture": "#4"
        }
      }
    },
    {
      "from": [
        9.84289,
        12.81776,
        6.95672
      ],
      "to": [
        10.91789,
        15.81776,
        8.94972
      ],
      "rotation": {
        "angle": 0,
        "axis": "y",
        "origin": [
          8,
          8,
          9.55
        ]
      },
      "faces": {
        "north": {
          "uv": [
            10.66667,
            8.66667,
            11,
            9.66667
          ],
          "texture": "#4"
        },
        "east": {
          "uv": [
            2,
            8,
            2.66667,
            9
          ],
          "texture": "#4"
        },
        "south": {
          "uv": [
            10.66667,
            7.33333,
            11,
            8.33333
          ],
          "texture": "#4"
        },
        "west": {
          "uv": [
            3,
            8,
            3.66667,
            9
          ],
          "texture": "#4"
        }
      }
    },
    {
      "from": [
        0.40875,
        11.46472,
        6.95322
      ],
      "to": [
        1.40875,
        13.46472,
        8.95322
      ],
      "rotation": {
        "angle": -45,
        "axis": "z",
        "origin": [
          8,
          8,
          9.55
        ]
      },
      "faces": {
        "north": {
          "uv": [
            12.33333,
            12,
            12.66667,
            12.66667
          ],
          "texture": "#4"
        },
        "east": {
          "uv": [
            4,
            9.33333,
            4.66667,
            10
          ],
          "texture": "#4"
        },
        "south": {
          "uv": [
            12.33333,
            11,
            12.66667,
            11.66667
          ],
          "texture": "#4"
        },
        "west": {
          "uv": [
            5.66667,
            9.33333,
            6.33333,
            10
          ],
          "texture": "#4"
        },
        "up": {
          "uv": [
            0.66667,
            13,
            0,
            12.66667
          ],
          "rotation": 90,
          "texture": "#4"
        },
        "down": {
          "uv": [
            13.33333,
            0,
            12.66667,
            0.33333
          ],
          "rotation": 270,
          "texture": "#4"
        }
      }
    },
    {
      "from": [
        5.08211,
        12.81776,
        6.95672
      ],
      "to": [
        6.15711,
        15.81776,
        8.94972
      ],
      "rotation": {
        "angle": 0,
        "axis": "y",
        "origin": [
          8,
          8,
          9.55
        ]
      },
      "faces": {
        "north": {
          "uv": [
            8.66667,
            11,
            9,
            12
          ],
          "texture": "#4"
        },
        "east": {
          "uv": [
            4,
            8,
            4.66667,
            9
          ],
          "texture": "#4"
        },
        "south": {
          "uv": [
            6.66667,
            11,
            7,
            12
          ],
          "texture": "#4"
        },
        "west": {
          "uv": [
            5.66667,
            8,
            6.33333,
            9
          ],
          "texture": "#4"
        }
      }
    },
    {
      "from": [
        9.3434,
        11.46993,
        6.95322
      ],
      "to": [
        10.3434,
        13.46993,
        8.95322
      ],
      "rotation": {
        "angle": 45,
        "axis": "z",
        "origin": [
          8,
          8,
          9.55
        ]
      },
      "faces": {
        "north": {
          "uv": [
            2.66667,
            12.66667,
            3,
            13.33333
          ],
          "texture": "#4"
        },
        "east": {
          "uv": [
            7.66667,
            9.33333,
            8.33333,
            10
          ],
          "texture": "#4"
        },
        "south": {
          "uv": [
            2,
            12.66667,
            2.33333,
            13.33333
          ],
          "texture": "#4"
        },
        "west": {
          "uv": [
            8.66667,
            9.33333,
            9.33333,
            10
          ],
          "texture": "#4"
        },
        "up": {
          "uv": [
            13.33333,
            3.33333,
            12.66667,
            3
          ],
          "rotation": 90,
          "texture": "#4"
        },
        "down": {
          "uv": [
            13.33333,
            3.66667,
            12.66667,
            4
          ],
          "rotation": 270,
          "texture": "#4"
        }
      }
    },
    {
      "from": [
        12.64343,
        11.85306,
        7.20322
      ],
      "to": [
        14.64343,
        13.35306,
        8.70322
      ],
      "rotation": {
        "angle": 22.5,
        "axis": "z",
        "origin": [
          8,
          8,
          9.55
        ]
      },
      "faces": {
        "north": {
          "uv": [
            9.33333,
            11,
            10,
            11.5
          ],
          "texture": "#4"
        },
        "east": {
          "uv": [
            5.66667,
            11.33333,
            6.16667,
            11.83333
          ],
          "texture": "#4"
        },
        "south": {
          "uv": [
            11,
            2,
            11.66667,
            2.5
          ],
          "texture": "#4"
        },
        "up": {
          "uv": [
            10.83333,
            11.66667,
            10.33333,
            11
          ],
          "rotation": 90,
          "texture": "#4"
        },
        "down": {
          "uv": [
            1.5,
            11.33333,
            1,
            12
          ],
          "rotation": 270,
          "texture": "#4"
        }
      }
    },
    {
      "from": [
        12.15972,
        14.29681,
        7.45322
      ],
      "to": [
        13.15972,
        15.29681,
        8.45322
      ],
      "rotation": {
        "angle": 0,
        "axis": "y",
        "origin": [
          8,
          8,
          9.55
        ]
      },
      "faces": {
        "north": {
          "uv": [
            1,
            13,
            1.33333,
            13.33333
          ],
          "texture": "#4"
        },
        "south": {
          "uv": [
            11.66667,
            12.66667,
            12,
            13
          ],
          "texture": "#4"
        },
        "up": {
          "uv": [
            13.33333,
            2.66667,
            13,
            2.33333
          ],
          "rotation": 90,
          "texture": "#4"
        },
        "down": {
          "uv": [
            6.66667,
            13,
            6.33333,
            13.33333
          ],
          "rotation": 270,
          "texture": "#4"
        }
      }
    },
    {
      "from": [
        13.15972,
        13.29681,
        7.45322
      ],
      "to": [
        14.15972,
        16.29681,
        8.45322
      ],
      "rotation": {
        "angle": 0,
        "axis": "y",
        "origin": [
          8,
          8,
          9.55
        ]
      },
      "faces": {
        "north": {
          "uv": [
            3.33333,
            11.33333,
            3.66667,
            12.33333
          ],
          "texture": "#4"
        },
        "east": {
          "uv": [
            2,
            11.33333,
            2.33333,
            12.33333
          ],
          "texture": "#4"
        },
        "south": {
          "uv": [
            2.66667,
            11.33333,
            3,
            12.33333
          ],
          "texture": "#4"
        },
        "west": {
          "uv": [
            11.33333,
            3,
            11.66667,
            4
          ],
          "texture": "#4"
        },
        "up": {
          "uv": [
            13.33333,
            6.66667,
            13,
            6.33333
          ],
          "rotation": 90,
          "texture": "#4"
        },
        "down": {
          "uv": [
            13.33333,
            8.66667,
            13,
            9
          ],
          "rotation": 270,
          "texture": "#4"
        }
      }
    },
    {
      "from": [
        14.15972,
        13.29681,
        7.45322
      ],
      "to": [
        15.65972,
        14.29681,
        8.45322
      ],
      "rotation": {
        "angle": 0,
        "axis": "y",
        "origin": [
          8,
          8,
          9.55
        ]
      },
      "faces": {
        "north": {
          "uv": [
            12.66667,
            5.66667,
            13.16667,
            6
          ],
          "texture": "#4"
        },
        "east": {
          "uv": [
            13,
            11,
            13.33333,
            11.33333
          ],
          "texture": "#4"
        },
        "south": {
          "uv": [
            12.66667,
            5,
            13.16667,
            5.33333
          ],
          "texture": "#4"
        },
        "up": {
          "uv": [
            3.66667,
            13.16667,
            3.33333,
            12.66667
          ],
          "rotation": 90,
          "texture": "#4"
        },
        "down": {
          "uv": [
            7.66667,
            12.66667,
            7.33333,
            13.16667
          ],
          "rotation": 270,
          "texture": "#4"
        }
      }
    },
    {
      "from": [
        15.15972,
        14.29681,
        7.45322
      ],
      "to": [
        15.65972,
        15.29681,
        8.45322
      ],
      "rotation": {
        "angle": 0,
        "axis": "y",
        "origin": [
          8,
          8,
          9.55
        ]
      },
      "faces": {
        "north": {
          "uv": [
            13.33333,
            0.66667,
            13.5,
            1
          ],
          "texture": "#4"
        },
        "east": {
          "uv": [
            13,
            11.66667,
            13.33333,
            12
          ],
          "texture": "#4"
        },
        "south": {
          "uv": [
            0,
            13.33333,
            0.16667,
            13.66667
          ],
          "texture": "#4"
        },
        "west": {
          "uv": [
            12.33333,
            13,
            12.66667,
            13.33333
          ],
          "texture": "#4"
        },
        "up": {
          "uv": [
            4.33333,
            13.5,
            4,
            13.33333
          ],
          "rotation": 90,
          "texture": "#4"
        }
      }
    },
    {
      "from": [
        15.65972,
        14.79681,
        7.45322
      ],
      "to": [
        16.65972,
        15.29681,
        8.45322
      ],
      "rotation": {
        "angle": 0,
        "axis": "y",
        "origin": [
          8,
          8,
          9.55
        ]
      },
      "faces": {
        "north": {
          "uv": [
            8,
            13.33333,
            8.33333,
            13.5
          ],
          "texture": "#4"
        },
        "east": {
          "uv": [
            4.66667,
            13.33333,
            5,
            13.5
          ],
          "texture": "#4"
        },
        "south": {
          "uv": [
            5.33333,
            13.33333,
            5.66667,
            13.5
          ],
          "texture": "#4"
        },
        "up": {
          "uv": [
            13.33333,
            12.66667,
            13,
            12.33333
          ],
          "rotation": 90,
          "texture": "#4"
        },
        "down": {
          "uv": [
            13.33333,
            13,
            13,
            13.33333
          ],
          "rotation": 270,
          "texture": "#4"
        }
      }
    },
    {
      "from": [
        12.65972,
        15.79681,
        7.45322
      ],
      "to": [
        13.15972,
        16.29681,
        8.45322
      ],
      "rotation": {
        "angle": 0,
        "axis": "y",
        "origin": [
          8,
          8,
          9.55
        ]
      },
      "faces": {
        "north": {
          "uv": [
            10,
            13.33333,
            10.16667,
            13.5
          ],
          "texture": "#4"
        },
        "south": {
          "uv": [
            13.33333,
            9.33333,
            13.5,
            9.5
          ],
          "texture": "#4"
        },
        "west": {
          "uv": [
            13.33333,
            8,
            13.66667,
            8.16667
          ],
          "texture": "#4"
        },
        "up": {
          "uv": [
            9,
            13.5,
            8.66667,
            13.33333
          ],
          "rotation": 90,
          "texture": "#4"
        },
        "down": {
          "uv": [
            9.66667,
            13.33333,
            9.33333,
            13.5
          ],
          "rotation": 270,
          "texture": "#4"
        }
      }
    },
    {
      "from": [
        17.18971,
        9.05952,
        7.94322
      ],
      "to": [
        19.18971,
        10.55952,
        7.96322
      ],
      "rotation": {
        "angle": 22.5,
        "axis": "z",
        "origin": [
          8,
          8,
          9.55
        ]
      },
      "faces": {
        "north": {
          "uv": [
            4,
            11.33333,
            4.66667,
            11.83333
          ],
          "texture": "#4"
        },
        "south": {
          "uv": [
            4.66667,
            11.33333,
            4,
            11.83333
          ],
          "texture": "#4"
        }
      }
    },
    {
      "from": [
        10.30687,
        17.74546,
        7.94322
      ],
      "to": [
        11.80687,
        19.24546,
        7.96322
      ],
      "rotation": {
        "angle": -22.5,
        "axis": "z",
        "origin": [
          8,
          8,
          9.55
        ]
      },
      "faces": {
        "north": {
          "uv": [
            11.33333,
            9,
            11.83333,
            9.5
          ],
          "texture": "#4"
        },
        "south": {
          "uv": [
            11.33333,
            8,
            11.83333,
            8.5
          ],
          "texture": "#4"
        }
      }
    },
    {
      "from": [
        13.48696,
        9.6745,
        7.94322
      ],
      "to": [
        14.98696,
        11.1745,
        7.96322
      ],
      "rotation": {
        "angle": 22.5,
        "axis": "z",
        "origin": [
          8,
          8,
          9.55
        ]
      },
      "faces": {
        "north": {
          "uv": [
            11.83333,
            10,
            11.33333,
            10.5
          ],
          "texture": "#4"
        },
        "south": {
          "uv": [
            11.33333,
            10,
            11.83333,
            10.5
          ],
          "texture": "#4"
        }
      }
    },
    {
      "from": [
        1.35657,
        11.85306,
        7.20322
      ],
      "to": [
        3.35657,
        13.35306,
        8.70322
      ],
      "rotation": {
        "angle": -22.5,
        "axis": "z",
        "origin": [
          8,
          8,
          9.55
        ]
      },
      "faces": {
        "north": {
          "uv": [
            10,
            11,
            9.33333,
            11.5
          ],
          "texture": "#4"
        },
        "south": {
          "uv": [
            11.66667,
            2,
            11,
            2.5
          ],
          "texture": "#4"
        },
        "west": {
          "uv": [
            6.16667,
            11.33333,
            5.66667,
            11.83333
          ],
          "texture": "#4"
        },
        "up": {
          "uv": [
            10.83333,
            11,
            10.33333,
            11.66667
          ],
          "rotation": 90,
          "texture": "#4"
        },
        "down": {
          "uv": [
            1.5,
            12,
            1,
            11.33333
          ],
          "rotation": 270,
          "texture": "#4"
        }
      }
    },
    {
      "from": [
        2.84028,
        14.29681,
        7.45322
      ],
      "to": [
        3.84028,
        15.29681,
        8.45322
      ],
      "rotation": {
        "angle": 0,
        "axis": "y",
        "origin": [
          8,
          8,
          9.55
        ]
      },
      "faces": {
        "north": {
          "uv": [
            1.33333,
            13,
            1,
            13.33333
          ],
          "texture": "#4"
        },
        "south": {
          "uv": [
            12,
            12.66667,
            11.66667,
            13
          ],
          "texture": "#4"
        },
        "up": {
          "uv": [
            13.33333,
            2.33333,
            13,
            2.66667
          ],
          "rotation": 90,
          "texture": "#4"
        },
        "down": {
          "uv": [
            6.66667,
            13.33333,
            6.33333,
            13
          ],
          "rotation": 270,
          "texture": "#4"
        }
      }
    },
    {
      "from": [
        1.84028,
        13.29681,
        7.45322
      ],
      "to": [
        2.84028,
        16.29681,
        8.45322
      ],
      "rotation": {
        "angle": 0,
        "axis": "y",
        "origin": [
          8,
          8,
          9.55
        ]
      },
      "faces": {
        "north": {
          "uv": [
            3.66667,
            11.33333,
            3.33333,
            12.33333
          ],
          "texture": "#4"
        },
        "east": {
          "uv": [
            11.66667,
            3,
            11.33333,
            4
          ],
          "texture": "#4"
        },
        "south": {
          "uv": [
            3,
            11.33333,
            2.66667,
            12.33333
          ],
          "texture": "#4"
        },
        "west": {
          "uv": [
            2.33333,
            11.33333,
            2,
            12.33333
          ],
          "texture": "#4"
        },
        "up": {
          "uv": [
            13.33333,
            6.33333,
            13,
            6.66667
          ],
          "rotation": 90,
          "texture": "#4"
        },
        "down": {
          "uv": [
            13.33333,
            9,
            13,
            8.66667
          ],
          "rotation": 270,
          "texture": "#4"
        }
      }
    },
    {
      "from": [
        0.34028,
        13.29681,
        7.45322
      ],
      "to": [
        1.84028,
        14.29681,
        8.45322
      ],
      "rotation": {
        "angle": 0,
        "axis": "y",
        "origin": [
          8,
          8,
          9.55
        ]
      },
      "faces": {
        "north": {
          "uv": [
            13.16667,
            5.66667,
            12.66667,
            6
          ],
          "texture": "#4"
        },
        "south": {
          "uv": [
            13.16667,
            5,
            12.66667,
            5.33333
          ],
          "texture": "#4"
        },
        "west": {
          "uv": [
            13.33333,
            11,
            13,
            11.33333
          ],
          "texture": "#4"
        },
        "up": {
          "uv": [
            3.66667,
            12.66667,
            3.33333,
            13.16667
          ],
          "rotation": 90,
          "texture": "#4"
        },
        "down": {
          "uv": [
            7.66667,
            13.16667,
            7.33333,
            12.66667
          ],
          "rotation": 270,
          "texture": "#4"
        }
      }
    },
    {
      "from": [
        0.34028,
        14.29681,
        7.45322
      ],
      "to": [
        0.84028,
        15.29681,
        8.45322
      ],
      "rotation": {
        "angle": 0,
        "axis": "y",
        "origin": [
          8,
          8,
          9.55
        ]
      },
      "faces": {
        "north": {
          "uv": [
            13.5,
            0.66667,
            13.33333,
            1
          ],
          "texture": "#4"
        },
        "east": {
          "uv": [
            12.66667,
            13,
            12.33333,
            13.33333
          ],
          "texture": "#4"
        },
        "south": {
          "uv": [
            0.16667,
            13.33333,
            0,
            13.66667
          ],
          "texture": "#4"
        },
        "west": {
          "uv": [
            13.33333,
            11.66667,
            13,
            12
          ],
          "texture": "#4"
        },
        "up": {
          "uv": [
            4.33333,
            13.33333,
            4,
            13.5
          ],
          "rotation": 90,
          "texture": "#4"
        }
      }
    },
    {
      "from": [
        -0.65972,
        14.79681,
        7.45322
      ],
      "to": [
        0.34028,
        15.29681,
        8.45322
      ],
      "rotation": {
        "angle": 0,
        "axis": "y",
        "origin": [
          8,
          8,
          9.55
        ]
      },
      "faces": {
        "north": {
          "uv": [
            8.33333,
            13.33333,
            8,
            13.5
          ],
          "texture": "#4"
        },
        "south": {
          "uv": [
            5.66667,
            13.33333,
            5.33333,
            13.5
          ],
          "texture": "#4"
        },
        "west": {
          "uv": [
            5,
            13.33333,
            4.66667,
            13.5
          ],
          "texture": "#4"
        },
        "up": {
          "uv": [
            13.33333,
            12.33333,
            13,
            12.66667
          ],
          "rotation": 90,
          "texture": "#4"
        },
        "down": {
          "uv": [
            13.33333,
            13.33333,
            13,
            13
          ],
          "rotation": 270,
          "texture": "#4"
        }
      }
    },
    {
      "from": [
        2.84028,
        15.79681,
        7.45322
      ],
      "to": [
        3.34028,
        16.29681,
        8.45322
      ],
      "rotation": {
        "angle": 0,
        "axis": "y",
        "origin": [
          8,
          8,
          9.55
        ]
      },
      "faces": {
        "north": {
          "uv": [
            10.16667,
            13.33333,
            10,
            13.5
          ],
          "texture": "#4"
        },
        "east": {
          "uv": [
            13.66667,
            8,
            13.33333,
            8.16667
          ],
          "texture": "#4"
        },
        "south": {
          "uv": [
            13.5,
            9.33333,
            13.33333,
            9.5
          ],
          "texture": "#4"
        },
        "up": {
          "uv": [
            9,
            13.33333,
            8.66667,
            13.5
          ],
          "rotation": 90,
          "texture": "#4"
        },
        "down": {
          "uv": [
            9.66667,
            13.5,
            9.33333,
            13.33333
          ],
          "rotation": 270,
          "texture": "#4"
        }
      }
    },
    {
      "from": [
        -3.18971,
        9.05952,
        7.94322
      ],
      "to": [
        -1.18971,
        10.55952,
        7.96322
      ],
      "rotation": {
        "angle": -22.5,
        "axis": "z",
        "origin": [
          8,
          8,
          9.55
        ]
      },
      "faces": {
        "north": {
          "uv": [
            4.66667,
            11.33333,
            4,
            11.83333
          ],
          "texture": "#4"
        },
        "south": {
          "uv": [
            4,
            11.33333,
            4.66667,
            11.83333
          ],
          "texture": "#4"
        }
      }
    },
    {
      "from": [
        4.19313,
        17.74546,
        7.94322
      ],
      "to": [
        5.69313,
        19.24546,
        7.96322
      ],
      "rotation": {
        "angle": 22.5,
        "axis": "z",
        "origin": [
          8,
          8,
          9.55
        ]
      },
      "faces": {
        "north": {
          "uv": [
            11.83333,
            9,
            11.33333,
            9.5
          ],
          "texture": "#4"
        },
        "south": {
          "uv": [
            11.83333,
            8,
            11.33333,
            8.5
          ],
          "texture": "#4"
        }
      }
    },
    {
      "from": [
        1.01304,
        9.6745,
        7.94322
      ],
      "to": [
        2.51304,
        11.1745,
        7.96322
      ],
      "rotation": {
        "angle": -22.5,
        "axis": "z",
        "origin": [
          8,
          8,
          9.55
        ]
      },
      "faces": {
        "north": {
          "uv": [
            11.33333,
            10,
            11.83333,
            10.5
          ],
          "texture": "#4"
        },
        "south": {
          "uv": [
            11.83333,
            10,
            11.33333,
            10.5
          ],
          "texture": "#4"
        }
      }
    },
    {
      "name": "tail",
      "from": [
        7.985,
        8.32813,
        12.11982
      ],
      "to": [
        8.005,
        10.82813,
        14.61982
      ],
      "rotation": {
        "angle": -45,
        "axis": "x",
        "origin": [
          8,
          8,
          9.55
        ]
      },
      "faces": {
        "east": {
          "uv": [
            1.75,
            3,
            3,
            4.25
          ],
          "rotation": 270,
          "texture": "#1"
        },
        "west": {
          "uv": [
            3,
            3,
            1.75,
            4.25
          ],
          "rotation": 90,
          "texture": "#1"
        }
      }
    },
    {
      "name": "tail",
      "from": [
        7.99,
        10.49978,
        10.23028
      ],
      "to": [
        8,
        12.82478,
        13.73028
      ],
      "rotation": {
        "angle": 22.5,
        "axis": "x",
        "origin": [
          8,
          8,
          9.55
        ]
      },
      "faces": {
        "east": {
          "uv": [
            0,
            3,
            1.75,
            4.25
          ],
          "texture": "#1"
        },
        "west": {
          "uv": [
            1.75,
            3,
            0,
            4.25
          ],
          "texture": "#1"
        }
      }
    },
    {
      "name": "leg4",
      "from": [
        9.25,
        9.40513,
        11.77893
      ],
      "to": [
        10.75,
        10.90513,
        11.78893
      ],
      "rotation": {
        "angle": -45,
        "axis": "x",
        "origin": [
          8,
          8,
          9.55
        ]
      },
      "faces": {
        "north": {
          "uv": [
            6.5,
            10.5,
            7.25,
            11.25
          ],
          "texture": "#1"
        },
        "south": {
          "uv": [
            6.5,
            10.5,
            7.25,
            11.25
          ],
          "texture": "#1"
        }
      }
    },
    {
      "name": "leg5",
      "from": [
        9.25,
        11.63034,
        9.07185
      ],
      "to": [
        10.75,
        12.63034,
        9.08185
      ],
      "rotation": {
        "angle": 0,
        "axis": "y",
        "origin": [
          8,
          8,
          9.55
        ]
      },
      "faces": {
        "north": {
          "uv": [
            6.5,
            10,
            7.25,
            10.5
          ],
          "texture": "#1"
        },
        "south": {
          "uv": [
            7.25,
            10,
            6.5,
            10.5
          ],
          "texture": "#1"
        }
      }
    },
    {
      "name": "leg5",
      "from": [
        5.25,
        9.40513,
        11.77893
      ],
      "to": [
        6.75,
        10.90513,
        11.78893
      ],
      "rotation": {
        "angle": -45,
        "axis": "x",
        "origin": [
          8,
          8,
          9.55
        ]
      },
      "faces": {
        "north": {
          "uv": [
            7.25,
            10.5,
            6.5,
            11.25
          ],
          "texture": "#1"
        },
        "south": {
          "uv": [
            7.25,
            10.5,
            6.5,
            11.25
          ],
          "texture": "#1"
        }
      }
    },
    {
      "name": "leg6",
      "from": [
        5.25,
        11.63034,
        9.07185
      ],
      "to": [
        6.75,
        12.63034,
        9.08185
      ],
      "rotation": {
        "angle": 0,
        "axis": "y",
        "origin": [
          8,
          8,
          9.55
        ]
      },
      "faces": {
        "north": {
          "uv": [
            7.25,
            10,
            6.5,
            10.5
          ],
          "texture": "#1"
        },
        "south": {
          "uv": [
            6.5,
            10,
            7.25,
            10.5
          ],
          "texture": "#1"
        }
      }
    },
    {
      "name": "leg4",
      "from": [
        5.25,
        12.68385,
        6.81471
      ],
      "to": [
        6.75,
        14.18385,
        6.82471
      ],
      "rotation": {
        "angle": 0,
        "axis": "y",
        "origin": [
          8,
          8,
          9.55
        ]
      },
      "faces": {
        "north": {
          "uv": [
            7.25,
            10.5,
            6.5,
            11.25
          ],
          "texture": "#1"
        },
        "south": {
          "uv": [
            7.25,
            10.5,
            6.5,
            11.25
          ],
          "texture": "#1"
        }
      }
    },
    {
      "name": "leg5",
      "from": [
        5.25,
        14.75604,
        9.38862
      ],
      "to": [
        6.75,
        15.75604,
        9.39862
      ],
      "rotation": {
        "angle": -22.5,
        "axis": "x",
        "origin": [
          8,
          8,
          9.55
        ]
      },
      "faces": {
        "north": {
          "uv": [
            7.25,
            10,
            6.5,
            10.5
          ],
          "texture": "#1"
        },
        "south": {
          "uv": [
            6.5,
            10,
            7.25,
            10.5
          ],
          "texture": "#1"
        }
      }
    },
    {
      "name": "leg4",
      "from": [
        9.25,
        14.75604,
        9.38862
      ],
      "to": [
        10.75,
        15.75604,
        9.39862
      ],
      "rotation": {
        "angle": -22.5,
        "axis": "x",
        "origin": [
          8,
          8,
          9.55
        ]
      },
      "faces": {
        "north": {
          "uv": [
            6.5,
            10,
            7.25,
            10.5
          ],
          "texture": "#1"
        },
        "south": {
          "uv": [
            7.25,
            10,
            6.5,
            10.5
          ],
          "texture": "#1"
        }
      }
    },
    {
      "name": "leg3",
      "from": [
        9.25,
        12.68385,
        6.81471
      ],
      "to": [
        10.75,
        14.18385,
        6.82471
      ],
      "rotation": {
        "angle": 0,
        "axis": "y",
        "origin": [
          8,
          8,
          9.55
        ]
      },
      "faces": {
        "north": {
          "uv": [
            6.5,
            10.5,
            7.25,
            11.25
          ],
          "texture": "#1"
        },
        "south": {
          "uv": [
            6.5,
            10.5,
            7.25,
            11.25
          ],
          "texture": "#1"
        }
      }
    },
    {
      "name": "body",
      "from": [
        7.985,
        10.56982,
        2.22187
      ],
      "to": [
        8.015,
        13.06982,
        6.72187
      ],
      "rotation": {
        "angle": 45,
        "axis": "x",
        "origin": [
          8,
          8,
          9.55
        ]
      },
      "faces": {
        "east": {
          "uv": [
            0,
            5,
            2.25,
            6.25
          ],
          "texture": "#1"
        },
        "west": {
          "uv": [
            2.25,
            5,
            0,
            6.25
          ],
          "texture": "#1"
        }
      }
    },
    {
      "name": "body",
      "from": [
        6,
        10.56982,
        1.72187
      ],
      "to": [
        10,
        12.56982,
        6.72187
      ],
      "rotation": {
        "angle": 45,
        "axis": "x",
        "origin": [
          8,
          8,
          9.55
        ]
      },
      "faces": {
        "north": {
          "uv": [
            8,
            0,
            10,
            1
          ],
          "texture": "#1"
        },
        "east": {
          "uv": [
            2.5,
            7,
            5,
            8
          ],
          "texture": "#1"
        },
        "south": {
          "uv": [
            8,
            4,
            10,
            5
          ],
          "texture": "#1"
        },
        "west": {
          "uv": [
            5.5,
            7,
            8,
            8
          ],
          "texture": "#1"
        },
        "up": {
          "uv": [
            2,
            2.5,
            0,
            0
          ],
          "texture": "#1"
        },
        "down": {
          "uv": [
            4.5,
            0,
            2.5,
            2.5
          ],
          "texture": "#1"
        }
      }
    },
    {
      "name": "right_gills",
      "from": [
        5.85454,
        15.90355,
        5.87701
      ],
      "to": [
        7.35454,
        19.40355,
        5.88701
      ],
      "rotation": {
        "angle": 22.5,
        "axis": "y",
        "origin": [
          8,
          8,
          9.55
        ]
      },
      "faces": {
        "north": {
          "uv": [
            0.75,
            9,
            0,
            10.75
          ],
          "texture": "#1"
        },
        "south": {
          "uv": [
            0,
            9,
            0.75,
            10.75
          ],
          "texture": "#1"
        }
      }
    },
    {
      "name": "left_gills",
      "from": [
        8.64546,
        15.90355,
        5.87701
      ],
      "to": [
        10.14546,
        19.40355,
        5.88701
      ],
      "rotation": {
        "angle": -22.5,
        "axis": "y",
        "origin": [
          8,
          8,
          9.55
        ]
      },
      "faces": {
        "north": {
          "uv": [
            0,
            9,
            0.75,
            10.75
          ],
          "texture": "#1"
        },
        "south": {
          "uv": [
            0.75,
            9,
            0,
            10.75
          ],
          "texture": "#1"
        }
      }
    },
    {
      "name": "top_gills",
      "from": [
        6,
        16.40932,
        2.66112
      ],
      "to": [
        10,
        17.90932,
        2.67112
      ],
      "rotation": {
        "angle": 22.5,
        "axis": "x",
        "origin": [
          8,
          8,
          9.55
        ]
      },
      "faces": {
        "north": {
          "uv": [
            8,
            5.5,
            10,
            6.25
          ],
          "texture": "#1"
        },
        "south": {
          "uv": [
            10,
            5.5,
            8,
            6.25
          ],
          "texture": "#1"
        }
      }
    },
    {
      "name": "head",
      "from": [
        5.975,
        15.87855,
        4.62822
      ],
      "to": [
        10.025,
        18.42855,
        7.17822
      ],
      "rotation": {
        "angle": 0,
        "axis": "y",
        "origin": [
          8,
          8,
          9.55
        ]
      },
      "faces": {
        "north": {
          "uv": [
            3,
            5,
            5,
            6.25
          ],
          "texture": "#1"
        },
        "east": {
          "uv": [
            2.5,
            8.5,
            3.75,
            9.75
          ],
          "texture": "#1"
        },
        "south": {
          "uv": [
            5.5,
            5,
            7.5,
            6.25
          ],
          "texture": "#1"
        },
        "west": {
          "uv": [
            4.5,
            8.5,
            5.75,
            9.75
          ],
          "texture": "#1"
        },
        "up": {
          "uv": [
            2,
            8.25,
            0,
            7
          ],
          "texture": "#1"
        },
        "down": {
          "uv": [
            9,
            2,
            7,
            3.25
          ],
          "texture": "#1"
        }
      }
    },
    {
      "from": [
        11.65972,
        6.04681,
        7.94822
      ],
      "to": [
        18.15972,
        13.04681,
        7.95822
      ],
      "rotation": {
        "angle": 0,
        "axis": "y",
        "origin": [
          8,
          8,
          9.55
        ]
      },
      "faces": {
        "north": {
          "uv": [
            0,
            0,
            13,
            14
          ],
          "texture": "#5"
        },
        "south": {
          "uv": [
            13,
            0,
            0,
            14
          ],
          "texture": "#5"
        }
      }
    },
    {
      "from": [
        -2.15972,
        6.04681,
        7.94822
      ],
      "to": [
        4.34028,
        13.04681,
        7.95822
      ],
      "rotation": {
        "angle": 0,
        "axis": "y",
        "origin": [
          8,
          8,
          9.55
        ]
      },
      "faces": {
        "north": {
          "uv": [
            13,
            0,
            0,
            14
          ],
          "texture": "#5"
        },
        "south": {
          "uv": [
            0,
            0,
            13,
            14
          ],
          "texture": "#5"
        }
      }
    },
    {
      "from": [
        4.5,
        -3.09645,
        7.45322
      ],
      "to": [
        11.5,
        13.90355,
        8.45322
      ],
      "rotation": {
        "angle": 0,
        "axis": "y",
        "origin": [
          8,
          8,
          9.55
        ]
      },
      "faces": {
        "north": {
          "uv": [
            2.66667,
            0,
            5,
            5.66667
          ],
          "texture": "#4"
        },
        "east": {
          "uv": [
            6.66667,
            0,
            7,
            5.66667
          ],
          "texture": "#4"
        },
        "south": {
          "uv": [
            0,
            0,
            2.33333,
            5.66667
          ],
          "texture": "#4"
        },
        "west": {
          "uv": [
            5,
            6.66667,
            5.33333,
            12.33333
          ],
          "texture": "#4"
        }
      }
    },
    {
      "from": [
        10.12252,
        -5.09645,
        6.73438
      ],
      "to": [
        12.62252,
        13.40355,
        6.74438
      ],
      "rotation": {
        "angle": -22.5,
        "axis": "y",
        "origin": [
          8,
          8,
          9.55
        ]
      },
      "faces": {
        "north": {
          "uv": [
            5.33333,
            0,
            6.16667,
            6.16667
          ],
          "texture": "#4"
        },
        "south": {
          "uv": [
            6.16667,
            0,
            5.33333,
            6.16667
          ],
          "texture": "#4"
        }
      }
    },
    {
      "from": [
        11.19316,
        -5.09645,
        5.17974
      ],
      "to": [
        13.19316,
        13.40355,
        5.18974
      ],
      "rotation": {
        "angle": -45,
        "axis": "y",
        "origin": [
          8,
          8,
          9.55
        ]
      },
      "faces": {
        "north": {
          "uv": [
            0,
            6,
            0.66667,
            12.16667
          ],
          "texture": "#4"
        },
        "south": {
          "uv": [
            0.66667,
            6,
            0,
            12.16667
          ],
          "texture": "#4"
        }
      }
    },
    {
      "from": [
        2.80684,
        -5.09645,
        5.17974
      ],
      "to": [
        4.80684,
        13.40355,
        5.18974
      ],
      "rotation": {
        "angle": 45,
        "axis": "y",
        "origin": [
          8,
          8,
          9.55
        ]
      },
      "faces": {
        "north": {
          "uv": [
            0.66667,
            6,
            0,
            12.16667
          ],
          "texture": "#4"
        },
        "south": {
          "uv": [
            0,
            6,
            0.66667,
            12.16667
          ],
          "texture": "#4"
        }
      }
    },
    {
      "from": [
        3.37748,
        -5.09645,
        6.73438
      ],
      "to": [
        5.87748,
        13.40355,
        6.74438
      ],
      "rotation": {
        "angle": 22.5,
        "axis": "y",
        "origin": [
          8,
          8,
          9.55
        ]
      },
      "faces": {
        "north": {
          "uv": [
            6.16667,
            0,
            5.33333,
            6.16667
          ],
          "texture": "#4"
        },
        "south": {
          "uv": [
            5.33333,
            0,
            6.16667,
            6.16667
          ],
          "texture": "#4"
        }
      }
    },
    {
      "from": [
        13.37138,
        -2.32138,
        7.45072
      ],
      "to": [
        18.32138,
        2.62862,
        8.45572
      ],
      "rotation": {
        "angle": -45,
        "axis": "z",
        "origin": [
          8,
          8,
          9.55
        ]
      },
      "faces": {
        "north": {
          "uv": [
            3,
            6,
            4.66667,
            7.66667
          ],
          "texture": "#4"
        },
        "east": {
          "uv": [
            8,
            7.33333,
            8.33333,
            9
          ],
          "texture": "#4"
        },
        "south": {
          "uv": [
            1,
            6,
            2.66667,
            7.66667
          ],
          "texture": "#4"
        },
        "west": {
          "uv": [
            8.33333,
            2.66667,
            8.66667,
            4.33333
          ],
          "texture": "#4"
        },
        "up": {
          "uv": [
            8.66667,
            6.33333,
            8.33333,
            4.66667
          ],
          "rotation": 90,
          "texture": "#4"
        },
        "down": {
          "uv": [
            9,
            0,
            8.66667,
            1.66667
          ],
          "rotation": 270,
          "texture": "#4"
        }
      }
    }
  ],
  "gui_light": "front",
  "display": {
    "thirdperson_righthand": {
      "rotation": [
        35,
        -35,
        0
      ],
      "translation": [
        2.5,
        3,
        -0.5
      ]
    },
    "thirdperson_lefthand": {
      "rotation": [
        35,
        -35,
        0
      ],
      "translation": [
        2.5,
        3,
        -0.5
      ]
    },
    "firstperson_righthand": {
      "translation": [
        -9,
        0.75,
        0
      ],
      "scale": [
        0.8,
        0.8,
        0.8
      ]
    },
    "firstperson_lefthand": {
      "translation": [
        -9,
        0.75,
        0
      ],
      "scale": [
        0.8,
        0.8,
        0.8
      ]
    },
    "ground": {
      "rotation": [
        45,
        0,
        0
      ],
      "translation": [
        0,
        5,
        0
      ],
      "scale": [
        0.7,
        0.7,
        0.7
      ]
    },
    "gui": {
      "rotation": [
        0,
        180,
        45
      ],
      "scale": [
        0.8,
        0.8,
        0.8
      ]
    },
    "fixed": {
      "translation": [
        0,
        0,
        -6.5
      ],
      "scale": [
        2,
        2,
        2
      ]
    }
  },
  "groups": [
    {
      "name": "shield",
      "origin": [
        5.40322,
        -4.34645,
        7
      ],
      "color": 0,
      "children": [
        0,
        1,
        2,
        3,
        4,
        5,
        6,
        7,
        8,
        9,
        10,
        11,
        12,
        13,
        14,
        15,
        16,
        17,
        18,
        19,
        20,
        21,
        22,
        23,
        24,
        25,
        26,
        27,
        28,
        29,
        30,
        31,
        32,
        33,
        34,
        35,
        36,
        37,
        {
          "name": "axolotl",
          "origin": [
            -1.59678,
            1.65355,
            5
          ],
          "color": 0,
          "children": [
            38,
            39,
            40,
            41,
            42,
            43,
            44,
            45,
            46,
            47,
            48,
            49,
            50,
            51,
            52,
            53
          ]
        },
        {
          "name": "animated",
          "origin": [
            6.40322,
            18.65355,
            8
          ],
          "color": 0,
          "children": [
            54,
            55
          ]
        },
        56,
        57,
        58,
        59,
        60,
        61
      ]
    }
  ],
  "mcmodels": "bdf65020759a47e486c6d613bf067f30"
}