{
  "format_version": "1.9.0",
  "credit": "Pologony Creation Co.,Ltd.",
  "texture_size": [
    32,
    32
  ],
  "textures": {
    "1": "item/axolotl/axolotl_little",
    "3": "item/axolotl/axolotl_ef6_long",
    "5": "item/axolotl/axolotl_ef3_long",
    "6": "item/axolotl/axolotl_mace",
    "particle": "item/axolotl/axolotl_little"
  },
  "elements": [
    {
      "from": [
        6.75,
        0,
        6.75
      ],
      "to": [
        9.25,
        0.5,
        9.25
      ],
      "rotation": {
        "angle": 0,
        "axis": "y",
        "origin": [
          7,
          0,
          7
        ]
      },
      "faces": {
        "north": {
          "uv": [
            14,
            0,
            15,
            0.2
          ],
          "texture": "#6"
        },
        "east": {
          "uv": [
            14,
            0.8,
            15,
            1
          ],
          "texture": "#6"
        },
        "south": {
          "uv": [
            14,
            1.6,
            15,
            1.8
          ],
          "texture": "#6"
        },
        "west": {
          "uv": [
            2,
            14,
            3,
            14.2
          ],
          "texture": "#6"
        },
        "up": {
          "uv": [
            7,
            5.4,
            6,
            4.4
          ],
          "texture": "#6"
        },
        "down": {
          "uv": [
            7,
            6,
            6,
            7
          ],
          "texture": "#6"
        }
      }
    },
    {
      "from": [
        6.75,
        6,
        6.75
      ],
      "to": [
        9.25,
        6.5,
        9.25
      ],
      "rotation": {
        "angle": 0,
        "axis": "y",
        "origin": [
          7,
          6,
          7
        ]
      },
      "faces": {
        "north": {
          "uv": [
            14,
            2.4,
            15,
            2.6
          ],
          "texture": "#6"
        },
        "east": {
          "uv": [
            14,
            3.2,
            15,
            3.4
          ],
          "texture": "#6"
        },
        "south": {
          "uv": [
            14,
            4,
            15,
            4.2
          ],
          "texture": "#6"
        },
        "west": {
          "uv": [
            14,
            4.8,
            15,
            5
          ],
          "texture": "#6"
        },
        "up": {
          "uv": [
            1,
            8.2,
            0,
            7.2
          ],
          "texture": "#6"
        },
        "down": {
          "uv": [
            8.2,
            0,
            7.2,
            1
          ],
          "texture": "#6"
        }
      }
    },
    {
      "from": [
        7.5,
        -1.75,
        7
      ],
      "to": [
        8.5,
        0.25,
        9
      ],
      "rotation": {
        "angle": -45,
        "axis": "x",
        "origin": [
          8,
          -0.75,
          8
        ]
      },
      "faces": {
        "north": {
          "uv": [
            12,
            11.2,
            12.4,
            12
          ],
          "texture": "#6"
        },
        "east": {
          "uv": [
            9.2,
            1.6,
            10,
            2.4
          ],
          "texture": "#6"
        },
        "west": {
          "uv": [
            9.2,
            2.8,
            10,
            3.6
          ],
          "texture": "#6"
        },
        "down": {
          "uv": [
            12.4,
            12.4,
            12,
            13.2
          ],
          "texture": "#6"
        }
      }
    },
    {
      "from": [
        7.25,
        -0.25,
        6.75
      ],
      "to": [
        8.75,
        0.5,
        8.75
      ],
      "rotation": {
        "angle": -45,
        "axis": "x",
        "origin": [
          8,
          -0.75,
          7.75
        ]
      },
      "faces": {
        "north": {
          "uv": [
            6,
            13.6,
            6.6,
            14
          ],
          "texture": "#6"
        },
        "east": {
          "uv": [
            12.8,
            0,
            13.6,
            0.4
          ],
          "texture": "#6"
        },
        "west": {
          "uv": [
            12.8,
            2.4,
            13.6,
            2.8
          ],
          "texture": "#6"
        },
        "up": {
          "uv": [
            5.4,
            11.2,
            4.8,
            10.4
          ],
          "texture": "#6"
        },
        "down": {
          "uv": [
            10.6,
            10.4,
            10,
            11.2
          ],
          "texture": "#6"
        }
      }
    },
    {
      "from": [
        7.25,
        -0.25,
        7.25
      ],
      "to": [
        8.75,
        0.5,
        9.25
      ],
      "rotation": {
        "angle": 45,
        "axis": "x",
        "origin": [
          8,
          -0.75,
          8.25
        ]
      },
      "faces": {
        "east": {
          "uv": [
            12.8,
            3.2,
            13.6,
            3.6
          ],
          "texture": "#6"
        },
        "south": {
          "uv": [
            7.2,
            13.6,
            7.8,
            14
          ],
          "texture": "#6"
        },
        "west": {
          "uv": [
            12.8,
            4,
            13.6,
            4.4
          ],
          "texture": "#6"
        },
        "up": {
          "uv": [
            1.8,
            11.6,
            1.2,
            10.8
          ],
          "texture": "#6"
        },
        "down": {
          "uv": [
            3,
            10.8,
            2.4,
            11.6
          ],
          "texture": "#6"
        }
      }
    },
    {
      "from": [
        7,
        0.5,
        7
      ],
      "to": [
        9,
        2,
        9
      ],
      "rotation": {
        "angle": 0,
        "axis": "y",
        "origin": [
          7,
          1,
          7
        ]
      },
      "faces": {
        "north": {
          "uv": [
            6,
            10.8,
            6.8,
            11.4
          ],
          "texture": "#6"
        },
        "east": {
          "uv": [
            7.2,
            10.8,
            8,
            11.4
          ],
          "texture": "#6"
        },
        "south": {
          "uv": [
            10.8,
            7.6,
            11.6,
            8.2
          ],
          "texture": "#6"
        },
        "west": {
          "uv": [
            8.4,
            10.8,
            9.2,
            11.4
          ],
          "texture": "#6"
        },
        "up": {
          "uv": [
            6,
            10,
            5.2,
            9.2
          ],
          "texture": "#6"
        }
      }
    },
    {
      "from": [
        7,
        5,
        7
      ],
      "to": [
        9,
        6,
        9
      ],
      "rotation": {
        "angle": 0,
        "axis": "y",
        "origin": [
          7,
          5,
          7
        ]
      },
      "faces": {
        "north": {
          "uv": [
            12.8,
            4.8,
            13.6,
            5.2
          ],
          "texture": "#6"
        },
        "east": {
          "uv": [
            6.4,
            12.8,
            7.2,
            13.2
          ],
          "texture": "#6"
        },
        "south": {
          "uv": [
            7.6,
            12.8,
            8.4,
            13.2
          ],
          "texture": "#6"
        },
        "west": {
          "uv": [
            8.8,
            12.8,
            9.6,
            13.2
          ],
          "texture": "#6"
        },
        "down": {
          "uv": [
            2,
            9.6,
            1.2,
            10.4
          ],
          "texture": "#6"
        }
      }
    },
    {
      "from": [
        7.25,
        2,
        7.25
      ],
      "to": [
        8.75,
        5,
        8.75
      ],
      "rotation": {
        "angle": 0,
        "axis": "y",
        "origin": [
          7,
          4,
          7
        ]
      },
      "faces": {
        "north": {
          "uv": [
            8.8,
            0,
            9.4,
            1.2
          ],
          "texture": "#6"
        },
        "east": {
          "uv": [
            4,
            8.8,
            4.6,
            10
          ],
          "texture": "#6"
        },
        "south": {
          "uv": [
            8.8,
            4.8,
            9.4,
            6
          ],
          "texture": "#6"
        },
        "west": {
          "uv": [
            8.8,
            6.4,
            9.4,
            7.6
          ],
          "texture": "#6"
        }
      }
    },
    {
      "from": [
        6.75,
        13,
        6.75
      ],
      "to": [
        9.25,
        14,
        9.25
      ],
      "rotation": {
        "angle": 0,
        "axis": "y",
        "origin": [
          7,
          13,
          7
        ]
      },
      "faces": {
        "north": {
          "uv": [
            6.4,
            12,
            7.4,
            12.4
          ],
          "texture": "#6"
        },
        "east": {
          "uv": [
            12,
            7.2,
            13,
            7.6
          ],
          "texture": "#6"
        },
        "south": {
          "uv": [
            8,
            12,
            9,
            12.4
          ],
          "texture": "#6"
        },
        "west": {
          "uv": [
            12,
            8,
            13,
            8.4
          ],
          "texture": "#6"
        },
        "up": {
          "uv": [
            8.6,
            2.6,
            7.6,
            1.6
          ],
          "texture": "#6"
        },
        "down": {
          "uv": [
            8.6,
            3.2,
            7.6,
            4.2
          ],
          "texture": "#6"
        }
      }
    },
    {
      "from": [
        7,
        6.5,
        7
      ],
      "to": [
        9,
        13,
        9
      ],
      "rotation": {
        "angle": 0,
        "axis": "y",
        "origin": [
          7,
          11,
          7
        ]
      },
      "faces": {
        "north": {
          "uv": [
            2.4,
            4.8,
            3.2,
            7.4
          ],
          "texture": "#6"
        },
        "east": {
          "uv": [
            4.8,
            2.4,
            5.6,
            5
          ],
          "texture": "#6"
        },
        "south": {
          "uv": [
            3.6,
            4.8,
            4.4,
            7.4
          ],
          "texture": "#6"
        },
        "west": {
          "uv": [
            4.8,
            5.6,
            5.6,
            8.2
          ],
          "texture": "#6"
        }
      }
    },
    {
      "from": [
        7.0035,
        13.5,
        6.49632
      ],
      "to": [
        8.9965,
        14.575,
        9.49632
      ],
      "rotation": {
        "angle": 0,
        "axis": "y",
        "origin": [
          7.5035,
          13.5,
          6.49632
        ]
      },
      "faces": {
        "east": {
          "uv": [
            11.2,
            0,
            12.4,
            0.4
          ],
          "texture": "#6"
        },
        "west": {
          "uv": [
            11.2,
            3.6,
            12.4,
            4
          ],
          "texture": "#6"
        },
        "up": {
          "uv": [
            8.4,
            6,
            7.6,
            4.8
          ],
          "texture": "#6"
        },
        "down": {
          "uv": [
            6.8,
            7.6,
            6,
            8.8
          ],
          "texture": "#6"
        }
      }
    },
    {
      "from": [
        7,
        13.41421,
        5.28921
      ],
      "to": [
        9,
        15.41421,
        6.28921
      ],
      "rotation": {
        "angle": -45,
        "axis": "x",
        "origin": [
          8,
          14.91421,
          5.78921
        ]
      },
      "faces": {
        "north": {
          "uv": [
            2.4,
            9.6,
            3.2,
            10.4
          ],
          "texture": "#6"
        },
        "east": {
          "uv": [
            10,
            12.8,
            10.4,
            13.6
          ],
          "texture": "#6"
        },
        "south": {
          "uv": [
            6.4,
            9.6,
            7.2,
            10.4
          ],
          "texture": "#6"
        },
        "west": {
          "uv": [
            12.8,
            11.2,
            13.2,
            12
          ],
          "texture": "#6"
        },
        "up": {
          "uv": [
            13.6,
            12.8,
            12.8,
            12.4
          ],
          "texture": "#6"
        },
        "down": {
          "uv": [
            0.8,
            13.2,
            0,
            13.6
          ],
          "texture": "#6"
        }
      }
    },
    {
      "from": [
        7,
        17.41421,
        5.28921
      ],
      "to": [
        9,
        19.41421,
        6.28921
      ],
      "rotation": {
        "angle": 45,
        "axis": "x",
        "origin": [
          8,
          17.91421,
          5.78921
        ]
      },
      "faces": {
        "north": {
          "uv": [
            7.6,
            9.6,
            8.4,
            10.4
          ],
          "texture": "#6"
        },
        "east": {
          "uv": [
            13.2,
            0.8,
            13.6,
            1.6
          ],
          "texture": "#6"
        },
        "south": {
          "uv": [
            9.6,
            8,
            10.4,
            8.8
          ],
          "texture": "#6"
        },
        "west": {
          "uv": [
            1.2,
            13.2,
            1.6,
            14
          ],
          "texture": "#6"
        },
        "up": {
          "uv": [
            2.8,
            13.6,
            2,
            13.2
          ],
          "texture": "#6"
        },
        "down": {
          "uv": [
            4,
            13.2,
            3.2,
            13.6
          ],
          "texture": "#6"
        }
      }
    },
    {
      "from": [
        7.0035,
        18.25343,
        6.49632
      ],
      "to": [
        8.9965,
        19.32843,
        9.49632
      ],
      "rotation": {
        "angle": 0,
        "axis": "y",
        "origin": [
          7.5035,
          19.32843,
          6.49632
        ]
      },
      "faces": {
        "east": {
          "uv": [
            11.2,
            4.4,
            12.4,
            4.8
          ],
          "texture": "#6"
        },
        "west": {
          "uv": [
            11.2,
            5.2,
            12.4,
            5.6
          ],
          "texture": "#6"
        },
        "up": {
          "uv": [
            8.4,
            7.6,
            7.6,
            6.4
          ],
          "texture": "#6"
        },
        "down": {
          "uv": [
            2.4,
            8,
            1.6,
            9.2
          ],
          "texture": "#6"
        }
      }
    },
    {
      "from": [
        7.0035,
        14.91421,
        5.08211
      ],
      "to": [
        8.9965,
        17.91421,
        6.15711
      ],
      "rotation": {
        "angle": 0,
        "axis": "y",
        "origin": [
          8.0035,
          16.41421,
          5.58211
        ]
      },
      "faces": {
        "north": {
          "uv": [
            2.8,
            8,
            3.6,
            9.2
          ],
          "texture": "#6"
        },
        "east": {
          "uv": [
            11.2,
            6,
            11.6,
            7.2
          ],
          "texture": "#6"
        },
        "south": {
          "uv": [
            7.2,
            8,
            8,
            9.2
          ],
          "texture": "#6"
        },
        "west": {
          "uv": [
            11.2,
            8.8,
            11.6,
            10
          ],
          "texture": "#6"
        }
      }
    },
    {
      "from": [
        7,
        17.41421,
        9.71079
      ],
      "to": [
        9,
        19.41421,
        10.71079
      ],
      "rotation": {
        "angle": -45,
        "axis": "x",
        "origin": [
          8,
          17.91421,
          10.21079
        ]
      },
      "faces": {
        "north": {
          "uv": [
            8.8,
            9.6,
            9.6,
            10.4
          ],
          "texture": "#6"
        },
        "east": {
          "uv": [
            4.4,
            13.2,
            4.8,
            14
          ],
          "texture": "#6"
        },
        "south": {
          "uv": [
            10,
            0,
            10.8,
            0.8
          ],
          "texture": "#6"
        },
        "west": {
          "uv": [
            5.2,
            13.2,
            5.6,
            14
          ],
          "texture": "#6"
        },
        "up": {
          "uv": [
            14,
            6,
            13.2,
            5.6
          ],
          "texture": "#6"
        },
        "down": {
          "uv": [
            14,
            6.4,
            13.2,
            6.8
          ],
          "texture": "#6"
        }
      }
    },
    {
      "from": [
        7.0035,
        14.91421,
        9.84289
      ],
      "to": [
        8.9965,
        17.91421,
        10.91789
      ],
      "rotation": {
        "angle": 0,
        "axis": "y",
        "origin": [
          8.0035,
          16.41421,
          10.41789
        ]
      },
      "faces": {
        "north": {
          "uv": [
            8.4,
            8,
            9.2,
            9.2
          ],
          "texture": "#6"
        },
        "east": {
          "uv": [
            11.2,
            10.4,
            11.6,
            11.6
          ],
          "texture": "#6"
        },
        "south": {
          "uv": [
            0,
            8.8,
            0.8,
            10
          ],
          "texture": "#6"
        },
        "west": {
          "uv": [
            0,
            11.6,
            0.4,
            12.8
          ],
          "texture": "#6"
        }
      }
    },
    {
      "from": [
        7,
        13.41421,
        9.71079
      ],
      "to": [
        9,
        15.41421,
        10.71079
      ],
      "rotation": {
        "angle": 45,
        "axis": "x",
        "origin": [
          8,
          14.91421,
          10.21079
        ]
      },
      "faces": {
        "north": {
          "uv": [
            10,
            4,
            10.8,
            4.8
          ],
          "texture": "#6"
        },
        "east": {
          "uv": [
            13.2,
            8.8,
            13.6,
            9.6
          ],
          "texture": "#6"
        },
        "south": {
          "uv": [
            10,
            5.2,
            10.8,
            6
          ],
          "texture": "#6"
        },
        "west": {
          "uv": [
            13.2,
            10,
            13.6,
            10.8
          ],
          "texture": "#6"
        },
        "up": {
          "uv": [
            11.6,
            13.6,
            10.8,
            13.2
          ],
          "texture": "#6"
        },
        "down": {
          "uv": [
            13.6,
            13.2,
            12.8,
            13.6
          ],
          "texture": "#6"
        }
      }
    },
    {
      "from": [
        7.25,
        19.31684,
        5.33395
      ],
      "to": [
        8.75,
        20.81684,
        7.33395
      ],
      "rotation": {
        "angle": 45,
        "axis": "x",
        "origin": [
          8,
          20.92318,
          3.83696
        ]
      },
      "faces": {
        "north": {
          "uv": [
            10.8,
            12,
            11.4,
            12.6
          ],
          "texture": "#6"
        },
        "east": {
          "uv": [
            0.8,
            12,
            1.6,
            12.6
          ],
          "texture": "#6"
        },
        "west": {
          "uv": [
            2,
            12,
            2.8,
            12.6
          ],
          "texture": "#6"
        },
        "up": {
          "uv": [
            5.8,
            12.8,
            5.2,
            12
          ],
          "texture": "#6"
        },
        "down": {
          "uv": [
            12.6,
            6,
            12,
            6.8
          ],
          "texture": "#6"
        }
      }
    },
    {
      "from": [
        7.5,
        19.99594,
        2.11688
      ],
      "to": [
        8.5,
        20.99594,
        5.11688
      ],
      "rotation": {
        "angle": -22.5,
        "axis": "x",
        "origin": [
          8,
          20.92318,
          3.83696
        ]
      },
      "faces": {
        "north": {
          "uv": [
            1.6,
            7.2,
            2,
            7.6
          ],
          "texture": "#6"
        },
        "east": {
          "uv": [
            11.6,
            0.8,
            12.8,
            1.2
          ],
          "texture": "#6"
        },
        "south": {
          "uv": [
            4,
            8,
            4.4,
            8.4
          ],
          "texture": "#6"
        },
        "west": {
          "uv": [
            11.6,
            1.6,
            12.8,
            2
          ],
          "texture": "#6"
        },
        "up": {
          "uv": [
            4,
            12.8,
            3.6,
            11.6
          ],
          "texture": "#6"
        },
        "down": {
          "uv": [
            4.8,
            11.6,
            4.4,
            12.8
          ],
          "texture": "#6"
        }
      }
    },
    {
      "from": [
        7.5,
        20.99594,
        4.11688
      ],
      "to": [
        8.5,
        22.49594,
        5.11688
      ],
      "rotation": {
        "angle": -22.5,
        "axis": "x",
        "origin": [
          8,
          20.92318,
          3.83696
        ]
      },
      "faces": {
        "north": {
          "uv": [
            13.6,
            7.2,
            14,
            7.8
          ],
          "texture": "#6"
        },
        "east": {
          "uv": [
            8.4,
            13.6,
            8.8,
            14.2
          ],
          "texture": "#6"
        },
        "south": {
          "uv": [
            9.2,
            13.6,
            9.6,
            14.2
          ],
          "texture": "#6"
        },
        "west": {
          "uv": [
            13.6,
            11.2,
            14,
            11.8
          ],
          "texture": "#6"
        },
        "up": {
          "uv": [
            9.6,
            4.4,
            9.2,
            4
          ],
          "texture": "#6"
        }
      }
    },
    {
      "from": [
        7.5,
        21.99594,
        3.11688
      ],
      "to": [
        8.5,
        22.49594,
        4.11688
      ],
      "rotation": {
        "angle": -22.5,
        "axis": "x",
        "origin": [
          8,
          20.92318,
          3.83696
        ]
      },
      "faces": {
        "north": {
          "uv": [
            14,
            12.4,
            14.4,
            12.6
          ],
          "texture": "#6"
        },
        "east": {
          "uv": [
            12.8,
            14,
            13.2,
            14.2
          ],
          "texture": "#6"
        },
        "west": {
          "uv": [
            14,
            13.2,
            14.4,
            13.4
          ],
          "texture": "#6"
        },
        "up": {
          "uv": [
            12.4,
            14,
            12,
            13.6
          ],
          "texture": "#6"
        },
        "down": {
          "uv": [
            0.4,
            14,
            0,
            14.4
          ],
          "texture": "#6"
        }
      }
    },
    {
      "from": [
        7.5,
        18.99594,
        3.11688
      ],
      "to": [
        8.5,
        19.99594,
        4.11688
      ],
      "rotation": {
        "angle": -22.5,
        "axis": "x",
        "origin": [
          8,
          20.92318,
          3.83696
        ]
      },
      "faces": {
        "north": {
          "uv": [
            3.6,
            14,
            4,
            14.4
          ],
          "texture": "#6"
        },
        "east": {
          "uv": [
            14,
            8.4,
            14.4,
            8.8
          ],
          "texture": "#6"
        },
        "south": {
          "uv": [
            14,
            9.2,
            14.4,
            9.6
          ],
          "texture": "#6"
        },
        "west": {
          "uv": [
            10,
            14,
            10.4,
            14.4
          ],
          "texture": "#6"
        }
      }
    },
    {
      "from": [
        7.5,
        22.49594,
        3.11688
      ],
      "to": [
        8.5,
        23.49594,
        3.61688
      ],
      "rotation": {
        "angle": -22.5,
        "axis": "x",
        "origin": [
          8,
          20.92318,
          3.83696
        ]
      },
      "faces": {
        "north": {
          "uv": [
            14,
            10,
            14.4,
            10.4
          ],
          "texture": "#6"
        },
        "east": {
          "uv": [
            13.6,
            14,
            13.8,
            14.4
          ],
          "texture": "#6"
        },
        "south": {
          "uv": [
            10.8,
            14,
            11.2,
            14.4
          ],
          "texture": "#6"
        },
        "west": {
          "uv": [
            0.8,
            14.4,
            1,
            14.8
          ],
          "texture": "#6"
        },
        "up": {
          "uv": [
            4.8,
            14.6,
            4.4,
            14.4
          ],
          "texture": "#6"
        }
      }
    },
    {
      "from": [
        7.985,
        22.11039,
        0.78768
      ],
      "to": [
        8.015,
        23.61039,
        2.78768
      ],
      "rotation": {
        "angle": 45,
        "axis": "x",
        "origin": [
          8,
          20.92318,
          3.83696
        ]
      },
      "faces": {
        "east": {
          "uv": [
            11.6,
            2.4,
            12.4,
            3
          ],
          "texture": "#6"
        },
        "west": {
          "uv": [
            9.6,
            11.6,
            10.4,
            12.2
          ],
          "texture": "#6"
        }
      }
    },
    {
      "from": [
        7.99,
        20.12324,
        0.99698
      ],
      "to": [
        8.01,
        21.62324,
        2.49698
      ],
      "rotation": {
        "angle": 0,
        "axis": "y",
        "origin": [
          8,
          20.92318,
          3.83696
        ]
      },
      "faces": {
        "east": {
          "uv": [
            12,
            8.8,
            12.6,
            9.4
          ],
          "texture": "#6"
        },
        "west": {
          "uv": [
            12,
            10,
            12.6,
            10.6
          ],
          "texture": "#6"
        }
      }
    },
    {
      "from": [
        7.5,
        19.49594,
        2.11688
      ],
      "to": [
        8.5,
        19.99594,
        2.61688
      ],
      "rotation": {
        "angle": -22.5,
        "axis": "x",
        "origin": [
          8,
          20.92318,
          3.83696
        ]
      },
      "faces": {
        "north": {
          "uv": [
            5.2,
            14.4,
            5.6,
            14.6
          ],
          "texture": "#6"
        },
        "east": {
          "uv": [
            14.4,
            6.4,
            14.6,
            6.6
          ],
          "texture": "#6"
        },
        "south": {
          "uv": [
            14.4,
            5.6,
            14.8,
            5.8
          ],
          "texture": "#6"
        },
        "west": {
          "uv": [
            6.8,
            14.4,
            7,
            14.6
          ],
          "texture": "#6"
        },
        "down": {
          "uv": [
            6.4,
            14.4,
            6,
            14.6
          ],
          "texture": "#6"
        }
      }
    },
    {
      "from": [
        7.5,
        19.99594,
        10.88312
      ],
      "to": [
        8.5,
        20.99594,
        13.88312
      ],
      "rotation": {
        "angle": 22.5,
        "axis": "x",
        "origin": [
          8,
          20.92318,
          12.16304
        ]
      },
      "faces": {
        "north": {
          "uv": [
            4.4,
            8,
            4,
            8.4
          ],
          "texture": "#6"
        },
        "east": {
          "uv": [
            12.8,
            0.8,
            11.6,
            1.2
          ],
          "texture": "#6"
        },
        "south": {
          "uv": [
            2,
            7.2,
            1.6,
            7.6
          ],
          "texture": "#6"
        },
        "west": {
          "uv": [
            12.8,
            1.6,
            11.6,
            2
          ],
          "texture": "#6"
        },
        "up": {
          "uv": [
            4,
            11.6,
            3.6,
            12.8
          ],
          "texture": "#6"
        },
        "down": {
          "uv": [
            4.8,
            12.8,
            4.4,
            11.6
          ],
          "texture": "#6"
        }
      }
    },
    {
      "from": [
        7.5,
        20.99594,
        10.88312
      ],
      "to": [
        8.5,
        22.49594,
        11.88312
      ],
      "rotation": {
        "angle": 22.5,
        "axis": "x",
        "origin": [
          8,
          20.92318,
          12.16304
        ]
      },
      "faces": {
        "north": {
          "uv": [
            9.6,
            13.6,
            9.2,
            14.2
          ],
          "texture": "#6"
        },
        "east": {
          "uv": [
            8.8,
            13.6,
            8.4,
            14.2
          ],
          "texture": "#6"
        },
        "south": {
          "uv": [
            14,
            7.2,
            13.6,
            7.8
          ],
          "texture": "#6"
        },
        "west": {
          "uv": [
            14,
            11.2,
            13.6,
            11.8
          ],
          "texture": "#6"
        },
        "up": {
          "uv": [
            9.6,
            4,
            9.2,
            4.4
          ],
          "texture": "#6"
        }
      }
    },
    {
      "from": [
        7.5,
        21.99594,
        11.88312
      ],
      "to": [
        8.5,
        22.49594,
        12.88312
      ],
      "rotation": {
        "angle": 22.5,
        "axis": "x",
        "origin": [
          8,
          20.92318,
          12.16304
        ]
      },
      "faces": {
        "east": {
          "uv": [
            13.2,
            14,
            12.8,
            14.2
          ],
          "texture": "#6"
        },
        "south": {
          "uv": [
            14.4,
            12.4,
            14,
            12.6
          ],
          "texture": "#6"
        },
        "west": {
          "uv": [
            14.4,
            13.2,
            14,
            13.4
          ],
          "texture": "#6"
        },
        "up": {
          "uv": [
            12.4,
            13.6,
            12,
            14
          ],
          "texture": "#6"
        },
        "down": {
          "uv": [
            0.4,
            14.4,
            0,
            14
          ],
          "texture": "#6"
        }
      }
    },
    {
      "from": [
        7.5,
        18.99594,
        11.88312
      ],
      "to": [
        8.5,
        19.99594,
        12.88312
      ],
      "rotation": {
        "angle": 22.5,
        "axis": "x",
        "origin": [
          8,
          20.92318,
          12.16304
        ]
      },
      "faces": {
        "north": {
          "uv": [
            14.4,
            9.2,
            14,
            9.6
          ],
          "texture": "#6"
        },
        "east": {
          "uv": [
            14.4,
            8.4,
            14,
            8.8
          ],
          "texture": "#6"
        },
        "south": {
          "uv": [
            4,
            14,
            3.6,
            14.4
          ],
          "texture": "#6"
        },
        "west": {
          "uv": [
            10.4,
            14,
            10,
            14.4
          ],
          "texture": "#6"
        }
      }
    },
    {
      "from": [
        7.5,
        22.49594,
        12.38312
      ],
      "to": [
        8.5,
        23.49594,
        12.88312
      ],
      "rotation": {
        "angle": 22.5,
        "axis": "x",
        "origin": [
          8,
          20.92318,
          12.16304
        ]
      },
      "faces": {
        "north": {
          "uv": [
            11.2,
            14,
            10.8,
            14.4
          ],
          "texture": "#6"
        },
        "east": {
          "uv": [
            13.8,
            14,
            13.6,
            14.4
          ],
          "texture": "#6"
        },
        "south": {
          "uv": [
            14.4,
            10,
            14,
            10.4
          ],
          "texture": "#6"
        },
        "west": {
          "uv": [
            1,
            14.4,
            0.8,
            14.8
          ],
          "texture": "#6"
        },
        "up": {
          "uv": [
            4.8,
            14.4,
            4.4,
            14.6
          ],
          "texture": "#6"
        }
      }
    },
    {
      "from": [
        7.985,
        22.11039,
        13.21232
      ],
      "to": [
        8.015,
        23.61039,
        15.21232
      ],
      "rotation": {
        "angle": -45,
        "axis": "x",
        "origin": [
          8,
          20.92318,
          12.16304
        ]
      },
      "faces": {
        "east": {
          "uv": [
            12.4,
            2.4,
            11.6,
            3
          ],
          "texture": "#6"
        },
        "west": {
          "uv": [
            10.4,
            11.6,
            9.6,
            12.2
          ],
          "texture": "#6"
        }
      }
    },
    {
      "from": [
        7.99,
        20.12324,
        13.50302
      ],
      "to": [
        8.01,
        21.62324,
        15.00302
      ],
      "rotation": {
        "angle": 0,
        "axis": "y",
        "origin": [
          8,
          20.92318,
          12.16304
        ]
      },
      "faces": {
        "east": {
          "uv": [
            12.6,
            8.8,
            12,
            9.4
          ],
          "texture": "#6"
        },
        "west": {
          "uv": [
            12.6,
            10,
            12,
            10.6
          ],
          "texture": "#6"
        }
      }
    },
    {
      "from": [
        7.5,
        19.49594,
        13.38312
      ],
      "to": [
        8.5,
        19.99594,
        13.88312
      ],
      "rotation": {
        "angle": 22.5,
        "axis": "x",
        "origin": [
          8,
          20.92318,
          12.16304
        ]
      },
      "faces": {
        "north": {
          "uv": [
            14.8,
            5.6,
            14.4,
            5.8
          ],
          "texture": "#6"
        },
        "east": {
          "uv": [
            14.6,
            6.4,
            14.4,
            6.6
          ],
          "texture": "#6"
        },
        "south": {
          "uv": [
            5.6,
            14.4,
            5.2,
            14.6
          ],
          "texture": "#6"
        },
        "west": {
          "uv": [
            7,
            14.4,
            6.8,
            14.6
          ],
          "texture": "#6"
        },
        "down": {
          "uv": [
            6.4,
            14.6,
            6,
            14.4
          ],
          "texture": "#6"
        }
      }
    },
    {
      "from": [
        7.25,
        19.31684,
        8.66605
      ],
      "to": [
        8.75,
        20.81684,
        10.66605
      ],
      "rotation": {
        "angle": -45,
        "axis": "x",
        "origin": [
          8,
          20.92318,
          12.16304
        ]
      },
      "faces": {
        "east": {
          "uv": [
            1.6,
            12,
            0.8,
            12.6
          ],
          "texture": "#6"
        },
        "south": {
          "uv": [
            11.4,
            12,
            10.8,
            12.6
          ],
          "texture": "#6"
        },
        "west": {
          "uv": [
            2.8,
            12,
            2,
            12.6
          ],
          "texture": "#6"
        },
        "up": {
          "uv": [
            5.8,
            12,
            5.2,
            12.8
          ],
          "texture": "#6"
        },
        "down": {
          "uv": [
            12.6,
            6.8,
            12,
            6
          ],
          "texture": "#6"
        }
      }
    },
    {
      "name": "tail",
      "from": [
        11.22915,
        19.65712,
        7.99
      ],
      "to": [
        13.72915,
        22.15712,
        8.01
      ],
      "rotation": {
        "angle": 22.5,
        "axis": "z",
        "origin": [
          11.4443,
          23.79468,
          8
        ]
      },
      "faces": {
        "north": {
          "uv": [
            1.75,
            3,
            3,
            4.25
          ],
          "rotation": 270,
          "texture": "#1"
        },
        "south": {
          "uv": [
            3,
            3,
            1.75,
            4.25
          ],
          "rotation": 90,
          "texture": "#1"
        }
      }
    },
    {
      "name": "tail",
      "from": [
        12.8136,
        17.17145,
        7.995
      ],
      "to": [
        15.1386,
        20.67145,
        8.005
      ],
      "rotation": {
        "angle": 0,
        "axis": "y",
        "origin": [
          11.4443,
          23.79468,
          8
        ]
      },
      "faces": {
        "north": {
          "uv": [
            0,
            3,
            1.75,
            4.25
          ],
          "rotation": 270,
          "texture": "#1"
        },
        "south": {
          "uv": [
            1.75,
            3,
            0,
            4.25
          ],
          "rotation": 90,
          "texture": "#1"
        }
      }
    },
    {
      "name": "leg5",
      "from": [
        9.14972,
        21.79773,
        9.43058
      ],
      "to": [
        10.64972,
        23.29773,
        9.44058
      ],
      "rotation": {
        "angle": 45,
        "axis": "y",
        "origin": [
          10.36808,
          22.54773,
          9.665
        ]
      },
      "faces": {
        "north": {
          "uv": [
            7.25,
            10.5,
            6.5,
            11.25
          ],
          "rotation": 270,
          "texture": "#1"
        },
        "south": {
          "uv": [
            7.25,
            10.5,
            6.5,
            11.25
          ],
          "rotation": 90,
          "texture": "#1"
        }
      }
    },
    {
      "name": "leg6",
      "from": [
        10.40146,
        21.79773,
        9.30009
      ],
      "to": [
        11.40146,
        23.29773,
        9.31009
      ],
      "rotation": {
        "angle": 0,
        "axis": "z",
        "origin": [
          10.51027,
          22.54773,
          9.65
        ]
      },
      "faces": {
        "north": {
          "uv": [
            6.5,
            10,
            7.25,
            10.5
          ],
          "rotation": 270,
          "texture": "#1"
        },
        "south": {
          "uv": [
            7.25,
            10,
            6.5,
            10.5
          ],
          "rotation": 90,
          "texture": "#1"
        }
      }
    },
    {
      "name": "leg7",
      "from": [
        10.40146,
        21.79773,
        6.68991
      ],
      "to": [
        11.40146,
        23.29773,
        6.69991
      ],
      "rotation": {
        "angle": 0,
        "axis": "z",
        "origin": [
          10.51027,
          22.54773,
          6.35
        ]
      },
      "faces": {
        "north": {
          "uv": [
            7.25,
            10.5,
            6.5,
            10
          ],
          "rotation": 90,
          "texture": "#1"
        },
        "south": {
          "uv": [
            6.5,
            10.5,
            7.25,
            10
          ],
          "rotation": 270,
          "texture": "#1"
        }
      }
    },
    {
      "name": "leg6",
      "from": [
        9.14972,
        21.79773,
        6.55942
      ],
      "to": [
        10.64972,
        23.29773,
        6.56942
      ],
      "rotation": {
        "angle": -45,
        "axis": "y",
        "origin": [
          10.36808,
          22.54773,
          6.335
        ]
      },
      "faces": {
        "north": {
          "uv": [
            7.25,
            11.25,
            6.5,
            10.5
          ],
          "rotation": 90,
          "texture": "#1"
        },
        "south": {
          "uv": [
            7.25,
            11.25,
            6.5,
            10.5
          ],
          "rotation": 270,
          "texture": "#1"
        }
      }
    },
    {
      "name": "leg4",
      "from": [
        7.69341,
        24.34796,
        9.25
      ],
      "to": [
        9.19341,
        24.35796,
        10.75
      ],
      "rotation": {
        "angle": 0,
        "axis": "z",
        "origin": [
          8.44341,
          24.35296,
          8
        ]
      },
      "faces": {
        "up": {
          "uv": [
            7.25,
            10.5,
            6.5,
            11.25
          ],
          "rotation": 90,
          "texture": "#1"
        },
        "down": {
          "uv": [
            7.25,
            10.5,
            6.5,
            11.25
          ],
          "rotation": 90,
          "texture": "#1"
        }
      }
    },
    {
      "name": "leg5",
      "from": [
        9.1165,
        24.23699,
        9.25
      ],
      "to": [
        10.1165,
        24.24699,
        10.75
      ],
      "rotation": {
        "angle": 45,
        "axis": "z",
        "origin": [
          9.02101,
          24.38531,
          8
        ]
      },
      "faces": {
        "up": {
          "uv": [
            7.25,
            10,
            6.5,
            10.5
          ],
          "rotation": 90,
          "texture": "#1"
        },
        "down": {
          "uv": [
            6.5,
            10,
            7.25,
            10.5
          ],
          "rotation": 90,
          "texture": "#1"
        }
      }
    },
    {
      "name": "leg4",
      "from": [
        9.1165,
        24.23699,
        5.25
      ],
      "to": [
        10.1165,
        24.24699,
        6.75
      ],
      "rotation": {
        "angle": 45,
        "axis": "z",
        "origin": [
          9.02101,
          24.38531,
          8
        ]
      },
      "faces": {
        "up": {
          "uv": [
            6.5,
            10,
            7.25,
            10.5
          ],
          "rotation": 90,
          "texture": "#1"
        },
        "down": {
          "uv": [
            7.25,
            10,
            6.5,
            10.5
          ],
          "rotation": 90,
          "texture": "#1"
        }
      }
    },
    {
      "name": "leg3",
      "from": [
        7.69341,
        24.34796,
        5.25
      ],
      "to": [
        9.19341,
        24.35796,
        6.75
      ],
      "rotation": {
        "angle": 0,
        "axis": "z",
        "origin": [
          8.44341,
          24.35296,
          8
        ]
      },
      "faces": {
        "up": {
          "uv": [
            6.5,
            10.5,
            7.25,
            11.25
          ],
          "rotation": 90,
          "texture": "#1"
        },
        "down": {
          "uv": [
            6.5,
            10.5,
            7.25,
            11.25
          ],
          "rotation": 90,
          "texture": "#1"
        }
      }
    },
    {
      "name": "body",
      "from": [
        9.33158,
        22.77894,
        7.985
      ],
      "to": [
        13.83158,
        25.27894,
        8.015
      ],
      "rotation": {
        "angle": -45,
        "axis": "z",
        "origin": [
          11.4443,
          23.79468,
          8
        ]
      },
      "faces": {
        "north": {
          "uv": [
            0,
            5,
            2.25,
            6.25
          ],
          "texture": "#1"
        },
        "south": {
          "uv": [
            2.25,
            5,
            0,
            6.25
          ],
          "texture": "#1"
        }
      }
    },
    {
      "name": "body",
      "from": [
        8.83158,
        22.77894,
        6
      ],
      "to": [
        13.83158,
        24.77894,
        10
      ],
      "rotation": {
        "angle": -45,
        "axis": "z",
        "origin": [
          11.4443,
          23.79468,
          8
        ]
      },
      "faces": {
        "north": {
          "uv": [
            2.5,
            7,
            5,
            8
          ],
          "texture": "#1"
        },
        "east": {
          "uv": [
            8,
            4,
            10,
            5
          ],
          "texture": "#1"
        },
        "south": {
          "uv": [
            5.5,
            7,
            8,
            8
          ],
          "texture": "#1"
        },
        "west": {
          "uv": [
            8,
            0,
            10,
            1
          ],
          "texture": "#1"
        },
        "up": {
          "uv": [
            2,
            2.5,
            0,
            0
          ],
          "rotation": 270,
          "texture": "#1"
        },
        "down": {
          "uv": [
            4.5,
            0,
            2.5,
            2.5
          ],
          "rotation": 90,
          "texture": "#1"
        }
      }
    },
    {
      "name": "right_gills",
      "from": [
        8.81703,
        25.475,
        9.18216
      ],
      "to": [
        8.82703,
        28.975,
        10.68216
      ],
      "rotation": {
        "angle": 22.5,
        "axis": "y",
        "origin": [
          11.1943,
          23.79468,
          8
        ]
      },
      "faces": {
        "east": {
          "uv": [
            0,
            9,
            0.75,
            10.75
          ],
          "texture": "#1"
        },
        "west": {
          "uv": [
            0.75,
            9,
            0,
            10.75
          ],
          "texture": "#1"
        }
      }
    },
    {
      "name": "left_gills",
      "from": [
        8.81703,
        25.475,
        5.31784
      ],
      "to": [
        8.82703,
        28.975,
        6.81784
      ],
      "rotation": {
        "angle": -22.5,
        "axis": "y",
        "origin": [
          11.1943,
          23.79468,
          8
        ]
      },
      "faces": {
        "east": {
          "uv": [
            0.75,
            9,
            0,
            10.75
          ],
          "texture": "#1"
        },
        "west": {
          "uv": [
            0,
            9,
            0.75,
            10.75
          ],
          "texture": "#1"
        }
      }
    },
    {
      "name": "top_gills",
      "from": [
        7.98266,
        26.99119,
        6
      ],
      "to": [
        7.99266,
        28.49119,
        10
      ],
      "rotation": {
        "angle": -22.5,
        "axis": "z",
        "origin": [
          11.1943,
          23.79468,
          8
        ]
      },
      "faces": {
        "east": {
          "uv": [
            10,
            5.5,
            8,
            6.25
          ],
          "texture": "#1"
        },
        "west": {
          "uv": [
            8,
            5.5,
            10,
            6.25
          ],
          "texture": "#1"
        }
      }
    },
    {
      "name": "head",
      "from": [
        7.675,
        25.45,
        5.975
      ],
      "to": [
        10.225,
        28,
        10.025
      ],
      "rotation": {
        "angle": 0,
        "axis": "y",
        "origin": [
          11.4443,
          23.79468,
          8
        ]
      },
      "faces": {
        "north": {
          "uv": [
            2.5,
            8.5,
            3.75,
            9.75
          ],
          "texture": "#1"
        },
        "east": {
          "uv": [
            5.5,
            5,
            7.5,
            6.25
          ],
          "texture": "#1"
        },
        "south": {
          "uv": [
            4.5,
            8.5,
            5.75,
            9.75
          ],
          "texture": "#1"
        },
        "west": {
          "uv": [
            3,
            5,
            5,
            6.25
          ],
          "texture": "#1"
        },
        "up": {
          "uv": [
            2,
            8.25,
            0,
            7
          ],
          "rotation": 270,
          "texture": "#1"
        },
        "down": {
          "uv": [
            9,
            2,
            7,
            3.25
          ],
          "rotation": 90,
          "texture": "#1"
        }
      }
    },
    {
      "from": [
        7.99,
        13.39326,
        -1.65972
      ],
      "to": [
        8.01,
        20.39326,
        4.84028
      ],
      "rotation": {
        "angle": 0,
        "axis": "y",
        "origin": [
          7.99,
          14.39326,
          -0.65972
        ]
      },
      "faces": {
        "east": {
          "uv": [
            13,
            0,
            0,
            14
          ],
          "texture": "#5"
        },
        "west": {
          "uv": [
            0,
            0,
            13,
            14
          ],
          "texture": "#5"
        }
      }
    },
    {
      "from": [
        7.99,
        13.39326,
        11.15972
      ],
      "to": [
        8.01,
        20.39326,
        17.65972
      ],
      "rotation": {
        "angle": 0,
        "axis": "y",
        "origin": [
          7.99,
          14.39326,
          16.65972
        ]
      },
      "faces": {
        "east": {
          "uv": [
            0,
            0,
            13,
            14
          ],
          "texture": "#5"
        },
        "west": {
          "uv": [
            13,
            0,
            0,
            14
          ],
          "texture": "#5"
        }
      }
    },
    {
      "from": [
        3.975,
        19,
        3.975
      ],
      "to": [
        12.025,
        32,
        12.025
      ],
      "rotation": {
        "angle": -45,
        "axis": "y",
        "origin": [
          8,
          25.5,
          8
        ]
      },
      "faces": {
        "north": {
          "uv": [
            0,
            0,
            4,
            6.5
          ],
          "texture": "#3"
        },
        "east": {
          "uv": [
            12,
            0,
            16,
            6.5
          ],
          "texture": "#3"
        },
        "south": {
          "uv": [
            8,
            0,
            12,
            6.5
          ],
          "texture": "#3"
        },
        "west": {
          "uv": [
            4,
            0,
            8,
            6.5
          ],
          "texture": "#3"
        }
      }
    },
    {
      "name": "cube inverted",
      "from": [
        12,
        32,
        12
      ],
      "to": [
        4,
        19,
        4
      ],
      "rotation": {
        "angle": -45,
        "axis": "y",
        "origin": [
          8,
          25.5,
          8
        ]
      },
      "faces": {
        "north": {
          "uv": [
            8,
            6.5,
            12,
            0
          ],
          "texture": "#3"
        },
        "east": {
          "uv": [
            4,
            6.5,
            8,
            0
          ],
          "texture": "#3"
        },
        "south": {
          "uv": [
            0,
            6.5,
            4,
            0
          ],
          "texture": "#3"
        },
        "west": {
          "uv": [
            12,
            6.5,
            16,
            0
          ],
          "texture": "#3"
        }
      }
    },
    {
      "from": [
        5.5,
        19.25,
        5.5
      ],
      "to": [
        10.5,
        24.25,
        10.5
      ],
      "rotation": {
        "angle": 45,
        "axis": "y",
        "origin": [
          8,
          21.75,
          8
        ]
      },
      "faces": {
        "north": {
          "uv": [
            0,
            0,
            2,
            2
          ],
          "texture": "#6"
        },
        "east": {
          "uv": [
            0,
            2.4,
            2,
            4.4
          ],
          "texture": "#6"
        },
        "south": {
          "uv": [
            2.4,
            0,
            4.4,
            2
          ],
          "texture": "#6"
        },
        "west": {
          "uv": [
            2.4,
            2.4,
            4.4,
            4.4
          ],
          "texture": "#6"
        },
        "up": {
          "uv": [
            2,
            6.8,
            0,
            4.8
          ],
          "texture": "#6"
        },
        "down": {
          "uv": [
            6.8,
            0,
            4.8,
            2
          ],
          "texture": "#6"
        }
      }
    },
    {
      "from": [
        8,
        20,
        2.5
      ],
      "to": [
        8.01,
        23.5,
        5.5
      ],
      "rotation": {
        "angle": 45,
        "axis": "y",
        "origin": [
          8,
          21.75,
          8
        ]
      },
      "faces": {
        "east": {
          "uv": [
            7.2,
            2.4,
            6,
            3.8
          ],
          "texture": "#6"
        },
        "west": {
          "uv": [
            6,
            2.4,
            7.2,
            3.8
          ],
          "texture": "#6"
        }
      }
    },
    {
      "from": [
        8,
        20,
        10.5
      ],
      "to": [
        8.01,
        23.5,
        13.5
      ],
      "rotation": {
        "angle": -45,
        "axis": "y",
        "origin": [
          8,
          21.75,
          8
        ]
      },
      "faces": {
        "east": {
          "uv": [
            6,
            2.4,
            7.2,
            3.8
          ],
          "texture": "#6"
        },
        "west": {
          "uv": [
            7.2,
            2.4,
            6,
            3.8
          ],
          "texture": "#6"
        }
      }
    },
    {
      "from": [
        7.99,
        20,
        10.5
      ],
      "to": [
        8,
        23.5,
        13.5
      ],
      "rotation": {
        "angle": 45,
        "axis": "y",
        "origin": [
          8,
          21.75,
          8
        ]
      },
      "faces": {
        "east": {
          "uv": [
            6,
            2.4,
            7.2,
            3.8
          ],
          "texture": "#6"
        },
        "west": {
          "uv": [
            7.2,
            2.4,
            6,
            3.8
          ],
          "texture": "#6"
        }
      }
    },
    {
      "from": [
        7.99,
        20,
        2.5
      ],
      "to": [
        8,
        23.5,
        5.5
      ],
      "rotation": {
        "angle": -45,
        "axis": "y",
        "origin": [
          8,
          21.75,
          8
        ]
      },
      "faces": {
        "east": {
          "uv": [
            7.2,
            2.4,
            6,
            3.8
          ],
          "texture": "#6"
        },
        "west": {
          "uv": [
            6,
            2.4,
            7.2,
            3.8
          ],
          "texture": "#6"
        }
      }
    },
    {
      "from": [
        7,
        15.4571,
        7
      ],
      "to": [
        9,
        17.4571,
        9
      ],
      "rotation": {
        "angle": 45,
        "axis": "y",
        "origin": [
          8,
          15.2071,
          8
        ]
      },
      "faces": {
        "north": {
          "uv": [
            10,
            6.4,
            10.8,
            7.2
          ],
          "texture": "#6"
        },
        "east": {
          "uv": [
            10,
            9.2,
            10.8,
            10
          ],
          "texture": "#6"
        },
        "south": {
          "uv": [
            0,
            10.4,
            0.8,
            11.2
          ],
          "texture": "#6"
        },
        "west": {
          "uv": [
            10.4,
            1.2,
            11.2,
            2
          ],
          "texture": "#6"
        },
        "up": {
          "uv": [
            11.2,
            3.2,
            10.4,
            2.4
          ],
          "texture": "#6"
        },
        "down": {
          "uv": [
            4.4,
            10.4,
            3.6,
            11.2
          ],
          "texture": "#6"
        }
      }
    }
  ],
  "gui_light": "front",
  "display": {
    "thirdperson_righthand": {
      "translation": [
        0,
        3,
        0.75
      ]
    },
    "thirdperson_lefthand": {
      "rotation": [
        0,
        -180,
        0
      ],
      "translation": [
        0,
        3,
        0.75
      ]
    },
    "firstperson_righthand": {
      "rotation": [
        5,
        0,
        0
      ],
      "translation": [
        1.75,
        -1.75,
        0
      ],
      "scale": [
        0.8,
        0.8,
        0.8
      ]
    },
    "firstperson_lefthand": {
      "rotation": [
        5,
        -180,
        0
      ],
      "translation": [
        1.75,
        -1.75,
        0
      ],
      "scale": [
        0.8,
        0.8,
        0.8
      ]
    },
    "ground": {
      "rotation": [
        45,
        0,
        0
      ],
      "translation": [
        0,
        5,
        0
      ],
      "scale": [
        0.7,
        0.7,
        0.7
      ]
    },
    "gui": {
      "rotation": [
        -90,
        135,
        90
      ],
      "translation": [
        -3.25,
        -3.25,
        0
      ],
      "scale": [
        0.79,
        0.79,
        0.79
      ]
    },
    "head": {
      "rotation": [
        0,
        -90,
        0
      ]
    },
    "fixed": {
      "rotation": [
        0,
        -90,
        0
      ],
      "translation": [
        0,
        0,
        -2.5
      ],
      "scale": [
        2,
        2,
        2
      ]
    }
  },
  "groups": [
    {
      "name": "mace",
      "origin": [
        7,
        0,
        7
      ],
      "color": 0,
      "children": [
        0,
        1,
        2,
        3,
        4,
        5,
        6,
        7,
        8,
        9,
        10,
        11,
        12,
        13,
        14,
        15,
        16,
        17,
        18,
        19,
        20,
        21,
        22,
        23,
        24,
        25,
        26,
        27,
        28,
        29,
        30,
        31,
        32,
        33,
        34,
        35,
        {
          "name": "axolotl",
          "origin": [
            0,
            6,
            5
          ],
          "color": 0,
          "children": [
            36,
            37,
            38,
            39,
            40,
            41,
            42,
            43,
            44,
            45,
            46,
            47,
            48,
            49,
            50,
            51
          ]
        },
        {
          "name": "animated",
          "origin": [
            8,
            23,
            8
          ],
          "color": 0,
          "children": [
            52,
            53,
            54,
            55
          ]
        },
        56,
        57,
        58,
        59,
        60,
        61
      ]
    }
  ],
  "mcmodels": "bdf65020759a47e486c6d613bf067f30"
}