{
  "format_version": "1.9.0",
  "credit": "Pologony Creation Co.,Ltd.",
  "texture_size": [
    32,
    32
  ],
  "textures": {
    "1": "item/axolotl/axolotl_little",
    "2": "item/axolotl/axolotl_ef7_long",
    "4": "item/axolotl/axolotl_bow",
    "particle": "item/axolotl/axolotl_little"
  },
  "elements": [
    {
      "from": [
        7,
        9.5,
        7
      ],
      "to": [
        9,
        11,
        9
      ],
      "rotation": {
        "angle": 0,
        "axis": "y",
        "origin": [
          7,
          10.5,
          7
        ]
      },
      "faces": {
        "north": {
          "uv": [
            8.66667,
            8.33333,
            9.33333,
            8.83333
          ],
          "texture": "#4"
        },
        "east": {
          "uv": [
            9,
            0,
            9.66667,
            0.5
          ],
          "texture": "#4"
        },
        "south": {
          "uv": [
            9,
            1,
            9.66667,
            1.5
          ],
          "texture": "#4"
        },
        "west": {
          "uv": [
            9,
            2,
            9.66667,
            2.5
          ],
          "texture": "#4"
        },
        "down": {
          "uv": [
            5.33333,
            8,
            4.66667,
            8.66667
          ],
          "texture": "#4"
        }
      }
    },
    {
      "from": [
        7.25,
        6.5,
        7.25
      ],
      "to": [
        8.75,
        9.5,
        8.75
      ],
      "rotation": {
        "angle": 0,
        "axis": "y",
        "origin": [
          7,
          8.5,
          7
        ]
      },
      "faces": {
        "north": {
          "uv": [
            7,
            5.33333,
            7.5,
            6.33333
          ],
          "texture": "#4"
        },
        "east": {
          "uv": [
            7.33333,
            6.66667,
            7.83333,
            7.66667
          ],
          "texture": "#4"
        },
        "south": {
          "uv": [
            8,
            0,
            8.5,
            1
          ],
          "texture": "#4"
        },
        "west": {
          "uv": [
            8,
            1.33333,
            8.5,
            2.33333
          ],
          "texture": "#4"
        }
      }
    },
    {
      "from": [
        6.75,
        11,
        6.75
      ],
      "to": [
        9.25,
        12,
        9.25
      ],
      "rotation": {
        "angle": 0,
        "axis": "y",
        "origin": [
          7,
          11,
          7
        ]
      },
      "faces": {
        "north": {
          "uv": [
            8.66667,
            9.33333,
            9.5,
            9.66667
          ],
          "texture": "#4"
        },
        "east": {
          "uv": [
            9.66667,
            4.33333,
            10.5,
            4.66667
          ],
          "texture": "#4"
        },
        "south": {
          "uv": [
            9.66667,
            5,
            10.5,
            5.33333
          ],
          "texture": "#4"
        },
        "west": {
          "uv": [
            5.66667,
            9.66667,
            6.5,
            10
          ],
          "texture": "#4"
        },
        "up": {
          "uv": [
            5.5,
            7.5,
            4.66667,
            6.66667
          ],
          "texture": "#4"
        },
        "down": {
          "uv": [
            6.83333,
            6.66667,
            6,
            7.5
          ],
          "texture": "#4"
        }
      }
    },
    {
      "from": [
        7.0035,
        11.5,
        6.49632
      ],
      "to": [
        8.9965,
        12.575,
        9.49632
      ],
      "rotation": {
        "angle": 0,
        "axis": "y",
        "origin": [
          7.5035,
          11.5,
          6.49632
        ]
      },
      "faces": {
        "east": {
          "uv": [
            2.66667,
            8.66667,
            3.66667,
            9
          ],
          "texture": "#4"
        },
        "south": {
          "uv": [
            3.66667,
            10,
            4.33333,
            10.33333
          ],
          "texture": "#4"
        },
        "west": {
          "uv": [
            8.66667,
            7.66667,
            9.66667,
            8
          ],
          "texture": "#4"
        },
        "up": {
          "uv": [
            7.66667,
            1,
            7,
            0
          ],
          "texture": "#4"
        },
        "down": {
          "uv": [
            7.66667,
            1.33333,
            7,
            2.33333
          ],
          "texture": "#4"
        }
      }
    },
    {
      "from": [
        7,
        11.41421,
        5.28921
      ],
      "to": [
        9,
        13.41421,
        6.28921
      ],
      "rotation": {
        "angle": -45,
        "axis": "x",
        "origin": [
          8,
          12.91421,
          5.78921
        ]
      },
      "faces": {
        "north": {
          "uv": [
            8,
            2.66667,
            8.66667,
            3.33333
          ],
          "texture": "#4"
        },
        "east": {
          "uv": [
            4.66667,
            10,
            5,
            10.66667
          ],
          "texture": "#4"
        },
        "south": {
          "uv": [
            8,
            3.66667,
            8.66667,
            4.33333
          ],
          "texture": "#4"
        },
        "west": {
          "uv": [
            10,
            5.66667,
            10.33333,
            6.33333
          ],
          "texture": "#4"
        },
        "up": {
          "uv": [
            10.66667,
            7,
            10,
            6.66667
          ],
          "texture": "#4"
        },
        "down": {
          "uv": [
            10.66667,
            7.33333,
            10,
            7.66667
          ],
          "texture": "#4"
        }
      }
    },
    {
      "from": [
        7.0035,
        12.91421,
        5.0821
      ],
      "to": [
        8.9965,
        15.41421,
        6.4821
      ],
      "rotation": {
        "angle": 0,
        "axis": "x",
        "origin": [
          8.0035,
          13.91421,
          5.5821
        ]
      },
      "faces": {
        "north": {
          "uv": [
            7,
            2.66667,
            7.66667,
            3.5
          ],
          "texture": "#4"
        },
        "east": {
          "uv": [
            8,
            4.66667,
            8.5,
            5.5
          ],
          "texture": "#4"
        },
        "south": {
          "uv": [
            7,
            4,
            7.66667,
            4.83333
          ],
          "texture": "#4"
        },
        "west": {
          "uv": [
            5.66667,
            8,
            6.16667,
            8.83333
          ],
          "texture": "#4"
        },
        "up": {
          "uv": [
            5.33333,
            9.5,
            4.66667,
            9
          ],
          "texture": "#4"
        },
        "down": {
          "uv": [
            9.66667,
            5.66667,
            9,
            6.16667
          ],
          "texture": "#4"
        }
      }
    },
    {
      "from": [
        7.99,
        13.91766,
        8.77841
      ],
      "to": [
        8.01,
        15.91766,
        10.27841
      ],
      "rotation": {
        "angle": 45,
        "axis": "x",
        "origin": [
          7.995,
          14.91766,
          9.52841
        ]
      },
      "faces": {
        "east": {
          "uv": [
            2.66667,
            9.83333,
            3.33333,
            9.33333
          ],
          "rotation": 270,
          "texture": "#4"
        },
        "west": {
          "uv": [
            2.66667,
            9.33333,
            3.33333,
            9.83333
          ],
          "rotation": 270,
          "texture": "#4"
        }
      }
    },
    {
      "from": [
        7.99,
        0.08234,
        8.77841
      ],
      "to": [
        8.01,
        2.08234,
        10.27841
      ],
      "rotation": {
        "angle": -45,
        "axis": "x",
        "origin": [
          7.995,
          1.08234,
          9.52841
        ]
      },
      "faces": {
        "east": {
          "uv": [
            3.33333,
            9.83333,
            2.66667,
            9.33333
          ],
          "rotation": 270,
          "texture": "#4"
        },
        "west": {
          "uv": [
            3.33333,
            9.33333,
            2.66667,
            9.83333
          ],
          "rotation": 270,
          "texture": "#4"
        }
      }
    },
    {
      "from": [
        7.99,
        18.37318,
        10.90938
      ],
      "to": [
        8.01,
        19.87318,
        12.40938
      ],
      "rotation": {
        "angle": 0,
        "axis": "x",
        "origin": [
          7.995,
          19.12318,
          11.65938
        ]
      },
      "faces": {
        "east": {
          "uv": [
            10,
            1,
            10.5,
            1.5
          ],
          "rotation": 270,
          "texture": "#4"
        },
        "west": {
          "uv": [
            10,
            2,
            10.5,
            2.5
          ],
          "rotation": 90,
          "texture": "#4"
        }
      }
    },
    {
      "from": [
        7.99,
        -3.87318,
        10.90938
      ],
      "to": [
        8.01,
        -2.37318,
        12.40938
      ],
      "rotation": {
        "angle": 0,
        "axis": "x",
        "origin": [
          7.995,
          -3.12318,
          11.65938
        ]
      },
      "faces": {
        "east": {
          "uv": [
            10.5,
            1,
            10,
            1.5
          ],
          "rotation": 270,
          "texture": "#4"
        },
        "west": {
          "uv": [
            10.5,
            2,
            10,
            2.5
          ],
          "rotation": 90,
          "texture": "#4"
        }
      }
    },
    {
      "from": [
        7.0035,
        0.58579,
        5.0821
      ],
      "to": [
        8.9965,
        3.08579,
        6.4821
      ],
      "rotation": {
        "angle": 0,
        "axis": "x",
        "origin": [
          8.0035,
          2.08579,
          5.5821
        ]
      },
      "faces": {
        "north": {
          "uv": [
            7,
            3.5,
            7.66667,
            2.66667
          ],
          "texture": "#4"
        },
        "east": {
          "uv": [
            8,
            5.5,
            8.5,
            4.66667
          ],
          "texture": "#4"
        },
        "south": {
          "uv": [
            7,
            4.83333,
            7.66667,
            4
          ],
          "texture": "#4"
        },
        "west": {
          "uv": [
            5.66667,
            8.83333,
            6.16667,
            8
          ],
          "texture": "#4"
        },
        "up": {
          "uv": [
            9.66667,
            6.16667,
            9,
            5.66667
          ],
          "texture": "#4"
        },
        "down": {
          "uv": [
            5.33333,
            9,
            4.66667,
            9.5
          ],
          "texture": "#4"
        }
      }
    },
    {
      "from": [
        7,
        2.58579,
        5.28921
      ],
      "to": [
        9,
        4.58579,
        6.28921
      ],
      "rotation": {
        "angle": 45,
        "axis": "x",
        "origin": [
          8,
          3.08579,
          5.78921
        ]
      },
      "faces": {
        "north": {
          "uv": [
            8,
            3.33333,
            8.66667,
            2.66667
          ],
          "texture": "#4"
        },
        "east": {
          "uv": [
            4.66667,
            10.66667,
            5,
            10
          ],
          "texture": "#4"
        },
        "south": {
          "uv": [
            8,
            4.33333,
            8.66667,
            3.66667
          ],
          "texture": "#4"
        },
        "west": {
          "uv": [
            10,
            6.33333,
            10.33333,
            5.66667
          ],
          "texture": "#4"
        },
        "up": {
          "uv": [
            10.66667,
            7.66667,
            10,
            7.33333
          ],
          "texture": "#4"
        },
        "down": {
          "uv": [
            10.66667,
            6.66667,
            10,
            7
          ],
          "texture": "#4"
        }
      }
    },
    {
      "from": [
        7.0035,
        3.425,
        6.49632
      ],
      "to": [
        8.9965,
        4.5,
        9.49632
      ],
      "rotation": {
        "angle": 0,
        "axis": "y",
        "origin": [
          7.5035,
          4.5,
          6.49632
        ]
      },
      "faces": {
        "east": {
          "uv": [
            2.66667,
            9,
            3.66667,
            8.66667
          ],
          "texture": "#4"
        },
        "south": {
          "uv": [
            3.66667,
            10.33333,
            4.33333,
            10
          ],
          "texture": "#4"
        },
        "west": {
          "uv": [
            8.66667,
            8,
            9.66667,
            7.66667
          ],
          "texture": "#4"
        },
        "up": {
          "uv": [
            7.66667,
            2.33333,
            7,
            1.33333
          ],
          "texture": "#4"
        },
        "down": {
          "uv": [
            7.66667,
            0,
            7,
            1
          ],
          "texture": "#4"
        }
      }
    },
    {
      "from": [
        6.75,
        4,
        6.75
      ],
      "to": [
        9.25,
        5,
        9.25
      ],
      "rotation": {
        "angle": 0,
        "axis": "y",
        "origin": [
          7,
          5,
          7
        ]
      },
      "faces": {
        "north": {
          "uv": [
            8.66667,
            9.66667,
            9.5,
            9.33333
          ],
          "texture": "#4"
        },
        "east": {
          "uv": [
            9.66667,
            4.66667,
            10.5,
            4.33333
          ],
          "texture": "#4"
        },
        "south": {
          "uv": [
            9.66667,
            5.33333,
            10.5,
            5
          ],
          "texture": "#4"
        },
        "west": {
          "uv": [
            5.66667,
            10,
            6.5,
            9.66667
          ],
          "texture": "#4"
        },
        "up": {
          "uv": [
            6.83333,
            7.5,
            6,
            6.66667
          ],
          "texture": "#4"
        },
        "down": {
          "uv": [
            5.5,
            6.66667,
            4.66667,
            7.5
          ],
          "texture": "#4"
        }
      }
    },
    {
      "from": [
        7,
        5,
        7
      ],
      "to": [
        9,
        6.5,
        9
      ],
      "rotation": {
        "angle": 0,
        "axis": "y",
        "origin": [
          7,
          5.5,
          7
        ]
      },
      "faces": {
        "north": {
          "uv": [
            8.66667,
            8.83333,
            9.33333,
            8.33333
          ],
          "texture": "#4"
        },
        "east": {
          "uv": [
            9,
            0.5,
            9.66667,
            0
          ],
          "texture": "#4"
        },
        "south": {
          "uv": [
            9,
            1.5,
            9.66667,
            1
          ],
          "texture": "#4"
        },
        "west": {
          "uv": [
            9,
            2.5,
            9.66667,
            2
          ],
          "texture": "#4"
        },
        "up": {
          "uv": [
            5.33333,
            8.66667,
            4.66667,
            8
          ],
          "texture": "#4"
        }
      }
    },
    {
      "name": "tail",
      "from": [
        7.9933,
        15.36996,
        4.07213
      ],
      "to": [
        8.0067,
        17.04496,
        5.74713
      ],
      "rotation": {
        "angle": 45,
        "axis": "x",
        "origin": [
          8,
          16.20746,
          4.90963
        ]
      },
      "faces": {
        "east": {
          "uv": [
            3,
            3,
            1.75,
            4.25
          ],
          "rotation": 90,
          "texture": "#1"
        },
        "west": {
          "uv": [
            1.75,
            3,
            3,
            4.25
          ],
          "rotation": 270,
          "texture": "#1"
        }
      }
    },
    {
      "name": "tail",
      "from": [
        7.99665,
        13.65365,
        3.21724
      ],
      "to": [
        8.00335,
        15.99865,
        4.77499
      ],
      "rotation": {
        "angle": 22.5,
        "axis": "x",
        "origin": [
          8,
          14.82615,
          3.99611
        ]
      },
      "faces": {
        "east": {
          "uv": [
            1.75,
            3,
            0,
            4.25
          ],
          "rotation": 90,
          "texture": "#1"
        },
        "west": {
          "uv": [
            0,
            3,
            1.75,
            4.25
          ],
          "rotation": 270,
          "texture": "#1"
        }
      }
    },
    {
      "name": "leg4",
      "from": [
        7.31661,
        17.44365,
        7.30948
      ],
      "to": [
        7.32331,
        18.44865,
        7.97948
      ],
      "rotation": {
        "angle": 22.5,
        "axis": "y",
        "origin": [
          8,
          17.94615,
          8.36492
        ]
      },
      "faces": {
        "east": {
          "uv": [
            7.25,
            10,
            6.5,
            10.5
          ],
          "rotation": 90,
          "texture": "#1"
        },
        "west": {
          "uv": [
            6.5,
            10,
            7.25,
            10.5
          ],
          "rotation": 270,
          "texture": "#1"
        }
      }
    },
    {
      "name": "leg3",
      "from": [
        7.22062,
        17.44365,
        8.26777
      ],
      "to": [
        7.22732,
        18.44865,
        9.27277
      ],
      "rotation": {
        "angle": 0,
        "axis": "z",
        "origin": [
          8,
          17.94615,
          8.36492
        ]
      },
      "faces": {
        "east": {
          "uv": [
            6.5,
            10.5,
            7.25,
            11.25
          ],
          "rotation": 90,
          "texture": "#1"
        },
        "west": {
          "uv": [
            6.5,
            10.5,
            7.25,
            11.25
          ],
          "rotation": 270,
          "texture": "#1"
        }
      }
    },
    {
      "name": "leg5",
      "from": [
        7.25267,
        16.26013,
        6.11242
      ],
      "to": [
        7.25937,
        16.93013,
        7.11742
      ],
      "rotation": {
        "angle": 22.5,
        "axis": "z",
        "origin": [
          7.16,
          16.19615,
          6.61492
        ]
      },
      "faces": {
        "east": {
          "uv": [
            7.25,
            10,
            6.5,
            10.5
          ],
          "texture": "#1"
        },
        "west": {
          "uv": [
            6.5,
            10,
            7.25,
            10.5
          ],
          "texture": "#1"
        }
      }
    },
    {
      "name": "leg4",
      "from": [
        7.22062,
        15.2883,
        6.11242
      ],
      "to": [
        7.22732,
        16.2933,
        7.11742
      ],
      "rotation": {
        "angle": 0,
        "axis": "z",
        "origin": [
          7.16,
          16.19615,
          6.61492
        ]
      },
      "faces": {
        "east": {
          "uv": [
            6.5,
            10.5,
            7.25,
            11.25
          ],
          "texture": "#1"
        },
        "west": {
          "uv": [
            6.5,
            10.5,
            7.25,
            11.25
          ],
          "texture": "#1"
        }
      }
    },
    {
      "name": "leg6",
      "from": [
        8.74063,
        16.26013,
        6.11242
      ],
      "to": [
        8.74733,
        16.93013,
        7.11742
      ],
      "rotation": {
        "angle": -22.5,
        "axis": "z",
        "origin": [
          8.84,
          16.19615,
          6.61492
        ]
      },
      "faces": {
        "east": {
          "uv": [
            7.25,
            10,
            6.5,
            10.5
          ],
          "texture": "#1"
        },
        "west": {
          "uv": [
            6.5,
            10,
            7.25,
            10.5
          ],
          "texture": "#1"
        }
      }
    },
    {
      "name": "leg5",
      "from": [
        8.77268,
        15.2883,
        6.11242
      ],
      "to": [
        8.77938,
        16.2933,
        7.11742
      ],
      "rotation": {
        "angle": 0,
        "axis": "z",
        "origin": [
          8.84,
          16.19615,
          6.61492
        ]
      },
      "faces": {
        "east": {
          "uv": [
            7.25,
            10.5,
            6.5,
            11.25
          ],
          "texture": "#1"
        },
        "west": {
          "uv": [
            7.25,
            10.5,
            6.5,
            11.25
          ],
          "texture": "#1"
        }
      }
    },
    {
      "name": "leg5",
      "from": [
        8.67669,
        17.44365,
        7.30948
      ],
      "to": [
        8.68339,
        18.44865,
        7.97948
      ],
      "rotation": {
        "angle": -22.5,
        "axis": "y",
        "origin": [
          8,
          17.94615,
          8.36492
        ]
      },
      "faces": {
        "east": {
          "uv": [
            7.25,
            10,
            6.5,
            10.5
          ],
          "rotation": 90,
          "texture": "#1"
        },
        "west": {
          "uv": [
            6.5,
            10,
            7.25,
            10.5
          ],
          "rotation": 270,
          "texture": "#1"
        }
      }
    },
    {
      "name": "leg4",
      "from": [
        8.77268,
        17.44365,
        8.26777
      ],
      "to": [
        8.77938,
        18.44865,
        9.27277
      ],
      "rotation": {
        "angle": 0,
        "axis": "z",
        "origin": [
          8,
          17.94615,
          8.36492
        ]
      },
      "faces": {
        "east": {
          "uv": [
            7.25,
            10.5,
            6.5,
            11.25
          ],
          "rotation": 90,
          "texture": "#1"
        },
        "west": {
          "uv": [
            7.25,
            10.5,
            6.5,
            11.25
          ],
          "rotation": 270,
          "texture": "#1"
        }
      }
    },
    {
      "name": "body",
      "from": [
        7.98995,
        17.13913,
        5.14433
      ],
      "to": [
        8.01005,
        18.81413,
        8.15933
      ],
      "rotation": {
        "angle": -45,
        "axis": "x",
        "origin": [
          8,
          17.81968,
          6.74381
        ]
      },
      "faces": {
        "east": {
          "uv": [
            2.25,
            5,
            0,
            6.25
          ],
          "texture": "#1"
        },
        "west": {
          "uv": [
            0,
            5,
            2.25,
            6.25
          ],
          "texture": "#1"
        }
      }
    },
    {
      "name": "body",
      "from": [
        6.66,
        17.13913,
        5.14433
      ],
      "to": [
        9.34,
        18.47913,
        8.49433
      ],
      "rotation": {
        "angle": -45,
        "axis": "x",
        "origin": [
          8,
          17.81968,
          6.74381
        ]
      },
      "faces": {
        "north": {
          "uv": [
            8,
            4,
            10,
            5
          ],
          "texture": "#1"
        },
        "east": {
          "uv": [
            5.5,
            7,
            8,
            8
          ],
          "texture": "#1"
        },
        "south": {
          "uv": [
            8,
            0,
            10,
            1
          ],
          "texture": "#1"
        },
        "west": {
          "uv": [
            2.5,
            7,
            5,
            8
          ],
          "texture": "#1"
        },
        "up": {
          "uv": [
            2,
            2.5,
            0,
            0
          ],
          "rotation": 180,
          "texture": "#1"
        },
        "down": {
          "uv": [
            4.5,
            0,
            2.5,
            2.5
          ],
          "rotation": 180,
          "texture": "#1"
        }
      }
    },
    {
      "name": "right_gills",
      "from": [
        8.79205,
        18.69549,
        8.49738
      ],
      "to": [
        9.79705,
        21.04049,
        8.50408
      ],
      "rotation": {
        "angle": 22.5,
        "axis": "y",
        "origin": [
          8,
          17.56968,
          6.91131
        ]
      },
      "faces": {
        "north": {
          "uv": [
            0,
            9,
            0.75,
            10.75
          ],
          "texture": "#1"
        },
        "south": {
          "uv": [
            0.75,
            9,
            0,
            10.75
          ],
          "texture": "#1"
        }
      }
    },
    {
      "name": "left_gills",
      "from": [
        6.20295,
        18.69549,
        8.49738
      ],
      "to": [
        7.20795,
        21.04049,
        8.50408
      ],
      "rotation": {
        "angle": -22.5,
        "axis": "y",
        "origin": [
          8,
          17.56968,
          6.91131
        ]
      },
      "faces": {
        "north": {
          "uv": [
            0.75,
            9,
            0,
            10.75
          ],
          "texture": "#1"
        },
        "south": {
          "uv": [
            0,
            9,
            0.75,
            10.75
          ],
          "texture": "#1"
        }
      }
    },
    {
      "name": "top_gills",
      "from": [
        6.66,
        19.71134,
        9.05641
      ],
      "to": [
        9.34,
        20.71634,
        9.06311
      ],
      "rotation": {
        "angle": -22.5,
        "axis": "x",
        "origin": [
          8,
          17.56968,
          6.91131
        ]
      },
      "faces": {
        "north": {
          "uv": [
            10,
            5.5,
            8,
            6.25
          ],
          "texture": "#1"
        },
        "south": {
          "uv": [
            8,
            5.5,
            10,
            6.25
          ],
          "texture": "#1"
        }
      }
    },
    {
      "name": "head",
      "from": [
        6.64325,
        18.67874,
        7.56074
      ],
      "to": [
        9.35675,
        20.38724,
        9.26924
      ],
      "rotation": {
        "angle": 0,
        "axis": "y",
        "origin": [
          8,
          17.56968,
          6.74381
        ]
      },
      "faces": {
        "north": {
          "uv": [
            5.5,
            5,
            7.5,
            6.25
          ],
          "texture": "#1"
        },
        "east": {
          "uv": [
            4.5,
            8.5,
            5.75,
            9.75
          ],
          "texture": "#1"
        },
        "south": {
          "uv": [
            3,
            5,
            5,
            6.25
          ],
          "texture": "#1"
        },
        "west": {
          "uv": [
            2.5,
            8.5,
            3.75,
            9.75
          ],
          "texture": "#1"
        },
        "up": {
          "uv": [
            2,
            8.25,
            0,
            7
          ],
          "rotation": 180,
          "texture": "#1"
        },
        "down": {
          "uv": [
            9,
            2,
            7,
            3.25
          ],
          "rotation": 180,
          "texture": "#1"
        }
      }
    },
    {
      "from": [
        6.725,
        9.21116,
        -2.58092
      ],
      "to": [
        9.275,
        18.26116,
        11.46908
      ],
      "rotation": {
        "angle": -45,
        "axis": "x",
        "origin": [
          8,
          19.23616,
          -2.55592
        ]
      },
      "faces": {
        "east": {
          "uv": [
            0,
            0,
            4.5,
            7
          ],
          "rotation": 90,
          "texture": "#2"
        },
        "west": {
          "uv": [
            5.75,
            0,
            10.25,
            7
          ],
          "rotation": 270,
          "texture": "#2"
        },
        "down": {
          "uv": [
            4.5,
            0,
            5.75,
            7
          ],
          "rotation": 180,
          "texture": "#2"
        }
      }
    },
    {
      "from": [
        6.725,
        -2.26116,
        -2.58092
      ],
      "to": [
        9.275,
        6.78884,
        11.46908
      ],
      "rotation": {
        "angle": 45,
        "axis": "x",
        "origin": [
          8,
          -3.23616,
          -2.55592
        ]
      },
      "faces": {
        "east": {
          "uv": [
            4.5,
            0,
            0,
            7
          ],
          "rotation": 90,
          "texture": "#2"
        },
        "west": {
          "uv": [
            10.25,
            0,
            5.75,
            7
          ],
          "rotation": 270,
          "texture": "#2"
        },
        "up": {
          "uv": [
            4.5,
            7,
            5.75,
            0
          ],
          "rotation": 180,
          "texture": "#2"
        }
      }
    },
    {
      "from": [
        7.25,
        13.40165,
        7.83731
      ],
      "to": [
        8.75,
        18.40165,
        8.33731
      ],
      "rotation": {
        "angle": 45,
        "axis": "x",
        "origin": [
          8,
          16.65165,
          8.08731
        ]
      },
      "faces": {
        "north": {
          "uv": [
            2.66667,
            6.66667,
            3.16667,
            8.33333
          ],
          "texture": "#4"
        },
        "east": {
          "uv": [
            7,
            9.66667,
            7.16667,
            11.33333
          ],
          "texture": "#4"
        },
        "south": {
          "uv": [
            3.66667,
            6.66667,
            4.16667,
            8.33333
          ],
          "texture": "#4"
        },
        "west": {
          "uv": [
            7.66667,
            9.66667,
            7.83333,
            11.33333
          ],
          "texture": "#4"
        },
        "up": {
          "uv": [
            11.16667,
            5.83333,
            10.66667,
            5.66667
          ],
          "texture": "#4"
        }
      }
    },
    {
      "from": [
        7.5,
        17.15165,
        6.83731
      ],
      "to": [
        8.5,
        18.15165,
        9.83731
      ],
      "rotation": {
        "angle": 45,
        "axis": "x",
        "origin": [
          8,
          16.65165,
          8.08731
        ]
      },
      "faces": {
        "north": {
          "uv": [
            10,
            9.33333,
            10.33333,
            9.66667
          ],
          "texture": "#4"
        },
        "east": {
          "uv": [
            9,
            3,
            10,
            3.33333
          ],
          "texture": "#4"
        },
        "south": {
          "uv": [
            5.33333,
            10.33333,
            5.66667,
            10.66667
          ],
          "texture": "#4"
        },
        "west": {
          "uv": [
            9,
            3.66667,
            10,
            4
          ],
          "texture": "#4"
        },
        "up": {
          "uv": [
            4.33333,
            9.66667,
            4,
            8.66667
          ],
          "texture": "#4"
        },
        "down": {
          "uv": [
            9.33333,
            4.33333,
            9,
            5.33333
          ],
          "texture": "#4"
        }
      }
    },
    {
      "from": [
        7.5,
        13.65165,
        6.83731
      ],
      "to": [
        8.5,
        17.15165,
        7.83731
      ],
      "rotation": {
        "angle": 45,
        "axis": "x",
        "origin": [
          8,
          16.65165,
          8.08731
        ]
      },
      "faces": {
        "north": {
          "uv": [
            6.66667,
            8,
            7,
            9.16667
          ],
          "texture": "#4"
        },
        "east": {
          "uv": [
            7.33333,
            8,
            7.66667,
            9.16667
          ],
          "texture": "#4"
        },
        "south": {
          "uv": [
            8,
            8,
            8.33333,
            9.16667
          ],
          "texture": "#4"
        },
        "west": {
          "uv": [
            8.33333,
            6,
            8.66667,
            7.16667
          ],
          "texture": "#4"
        }
      }
    },
    {
      "from": [
        7.5,
        17.38908,
        9.59251
      ],
      "to": [
        8.5,
        18.38908,
        11.59251
      ],
      "rotation": {
        "angle": -45,
        "axis": "x",
        "origin": [
          8,
          17.88908,
          11.09251
        ]
      },
      "faces": {
        "east": {
          "uv": [
            8.33333,
            10,
            9,
            10.33333
          ],
          "texture": "#4"
        },
        "south": {
          "uv": [
            6,
            10.33333,
            6.33333,
            10.66667
          ],
          "texture": "#4"
        },
        "west": {
          "uv": [
            9.33333,
            10,
            10,
            10.33333
          ],
          "texture": "#4"
        },
        "up": {
          "uv": [
            3,
            11,
            2.66667,
            10.33333
          ],
          "texture": "#4"
        },
        "down": {
          "uv": [
            10.66667,
            3,
            10.33333,
            3.66667
          ],
          "texture": "#4"
        }
      }
    },
    {
      "from": [
        7.5,
        18.38908,
        11.09251
      ],
      "to": [
        8.5,
        19.38908,
        11.59251
      ],
      "rotation": {
        "angle": -45,
        "axis": "x",
        "origin": [
          8,
          17.88908,
          11.09251
        ]
      },
      "faces": {
        "north": {
          "uv": [
            10.33333,
            10,
            10.66667,
            10.33333
          ],
          "texture": "#4"
        },
        "east": {
          "uv": [
            4,
            10.66667,
            4.16667,
            11
          ],
          "texture": "#4"
        },
        "south": {
          "uv": [
            3.33333,
            10.66667,
            3.66667,
            11
          ],
          "texture": "#4"
        },
        "west": {
          "uv": [
            10.66667,
            8,
            10.83333,
            8.33333
          ],
          "texture": "#4"
        },
        "up": {
          "uv": [
            8.66667,
            10.83333,
            8.33333,
            10.66667
          ],
          "texture": "#4"
        }
      }
    },
    {
      "from": [
        7.5,
        18.88908,
        10.59251
      ],
      "to": [
        8.5,
        19.38908,
        11.09251
      ],
      "rotation": {
        "angle": -45,
        "axis": "x",
        "origin": [
          8,
          17.88908,
          11.09251
        ]
      },
      "faces": {
        "north": {
          "uv": [
            10.66667,
            8.66667,
            11,
            8.83333
          ],
          "texture": "#4"
        },
        "east": {
          "uv": [
            9.66667,
            10.66667,
            9.83333,
            10.83333
          ],
          "texture": "#4"
        },
        "west": {
          "uv": [
            10.33333,
            10.66667,
            10.5,
            10.83333
          ],
          "texture": "#4"
        },
        "up": {
          "uv": [
            9.33333,
            10.83333,
            9,
            10.66667
          ],
          "texture": "#4"
        },
        "down": {
          "uv": [
            11,
            9.33333,
            10.66667,
            9.5
          ],
          "texture": "#4"
        }
      }
    },
    {
      "from": [
        7.5,
        -2.38908,
        9.59251
      ],
      "to": [
        8.5,
        -1.38908,
        11.59251
      ],
      "rotation": {
        "angle": 45,
        "axis": "x",
        "origin": [
          8,
          -1.88908,
          11.09251
        ]
      },
      "faces": {
        "east": {
          "uv": [
            8.33333,
            10.33333,
            9,
            10
          ],
          "texture": "#4"
        },
        "south": {
          "uv": [
            6,
            10.66667,
            6.33333,
            10.33333
          ],
          "texture": "#4"
        },
        "west": {
          "uv": [
            9.33333,
            10.33333,
            10,
            10
          ],
          "texture": "#4"
        },
        "up": {
          "uv": [
            10.66667,
            3.66667,
            10.33333,
            3
          ],
          "texture": "#4"
        },
        "down": {
          "uv": [
            3,
            10.33333,
            2.66667,
            11
          ],
          "texture": "#4"
        }
      }
    },
    {
      "from": [
        7.5,
        -3.38908,
        11.09251
      ],
      "to": [
        8.5,
        -2.38908,
        11.59251
      ],
      "rotation": {
        "angle": 45,
        "axis": "x",
        "origin": [
          8,
          -1.88908,
          11.09251
        ]
      },
      "faces": {
        "north": {
          "uv": [
            10.33333,
            10.33333,
            10.66667,
            10
          ],
          "texture": "#4"
        },
        "east": {
          "uv": [
            4,
            11,
            4.16667,
            10.66667
          ],
          "texture": "#4"
        },
        "south": {
          "uv": [
            3.33333,
            11,
            3.66667,
            10.66667
          ],
          "texture": "#4"
        },
        "west": {
          "uv": [
            10.66667,
            8.33333,
            10.83333,
            8
          ],
          "texture": "#4"
        },
        "down": {
          "uv": [
            8.66667,
            10.66667,
            8.33333,
            10.83333
          ],
          "texture": "#4"
        }
      }
    },
    {
      "from": [
        7.5,
        -3.38908,
        10.59251
      ],
      "to": [
        8.5,
        -2.88908,
        11.09251
      ],
      "rotation": {
        "angle": 45,
        "axis": "x",
        "origin": [
          8,
          -1.88908,
          11.09251
        ]
      },
      "faces": {
        "north": {
          "uv": [
            10.66667,
            8.83333,
            11,
            8.66667
          ],
          "texture": "#4"
        },
        "east": {
          "uv": [
            9.66667,
            10.83333,
            9.83333,
            10.66667
          ],
          "texture": "#4"
        },
        "west": {
          "uv": [
            10.33333,
            10.83333,
            10.5,
            10.66667
          ],
          "texture": "#4"
        },
        "up": {
          "uv": [
            11,
            9.5,
            10.66667,
            9.33333
          ],
          "texture": "#4"
        },
        "down": {
          "uv": [
            9.33333,
            10.66667,
            9,
            10.83333
          ],
          "texture": "#4"
        }
      }
    },
    {
      "from": [
        7.5,
        -2.15165,
        6.83731
      ],
      "to": [
        8.5,
        -1.15165,
        9.83731
      ],
      "rotation": {
        "angle": -45,
        "axis": "x",
        "origin": [
          8,
          -0.65165,
          8.08731
        ]
      },
      "faces": {
        "north": {
          "uv": [
            10,
            9.66667,
            10.33333,
            9.33333
          ],
          "texture": "#4"
        },
        "east": {
          "uv": [
            9,
            3.33333,
            10,
            3
          ],
          "texture": "#4"
        },
        "south": {
          "uv": [
            5.33333,
            10.66667,
            5.66667,
            10.33333
          ],
          "texture": "#4"
        },
        "west": {
          "uv": [
            9,
            4,
            10,
            3.66667
          ],
          "texture": "#4"
        },
        "up": {
          "uv": [
            9.33333,
            5.33333,
            9,
            4.33333
          ],
          "texture": "#4"
        },
        "down": {
          "uv": [
            4.33333,
            8.66667,
            4,
            9.66667
          ],
          "texture": "#4"
        }
      }
    },
    {
      "from": [
        7.25,
        -2.40165,
        7.83731
      ],
      "to": [
        8.75,
        2.59835,
        8.33731
      ],
      "rotation": {
        "angle": -45,
        "axis": "x",
        "origin": [
          8,
          -0.65165,
          8.08731
        ]
      },
      "faces": {
        "north": {
          "uv": [
            2.66667,
            8.33333,
            3.16667,
            6.66667
          ],
          "texture": "#4"
        },
        "east": {
          "uv": [
            7,
            11.33333,
            7.16667,
            9.66667
          ],
          "texture": "#4"
        },
        "south": {
          "uv": [
            3.66667,
            8.33333,
            4.16667,
            6.66667
          ],
          "texture": "#4"
        },
        "west": {
          "uv": [
            7.66667,
            11.33333,
            7.83333,
            9.66667
          ],
          "texture": "#4"
        },
        "down": {
          "uv": [
            11.16667,
            5.66667,
            10.66667,
            5.83333
          ],
          "texture": "#4"
        }
      }
    },
    {
      "from": [
        7.5,
        -1.15165,
        6.83731
      ],
      "to": [
        8.5,
        2.34835,
        7.83731
      ],
      "rotation": {
        "angle": -45,
        "axis": "x",
        "origin": [
          8,
          -0.65165,
          8.08731
        ]
      },
      "faces": {
        "north": {
          "uv": [
            6.66667,
            9.16667,
            7,
            8
          ],
          "texture": "#4"
        },
        "east": {
          "uv": [
            7.33333,
            9.16667,
            7.66667,
            8
          ],
          "texture": "#4"
        },
        "south": {
          "uv": [
            8,
            9.16667,
            8.33333,
            8
          ],
          "texture": "#4"
        },
        "west": {
          "uv": [
            8.33333,
            7.16667,
            8.66667,
            6
          ],
          "texture": "#4"
        }
      }
    },
    {
      "from": [
        7.985,
        -1.5,
        10.5
      ],
      "to": [
        8.015,
        17.5,
        16.5
      ],
      "rotation": {
        "angle": 0,
        "axis": "y",
        "origin": [
          7.985,
          -0.5,
          10.5
        ]
      },
      "faces": {
        "east": {
          "uv": [
            2,
            0,
            0,
            6.33333
          ],
          "texture": "#4"
        },
        "west": {
          "uv": [
            0,
            0,
            2,
            6.33333
          ],
          "texture": "#4"
        }
      }
    },
    {
      "from": [
        6.75,
        8.245,
        -2.25
      ],
      "to": [
        9.25,
        8.255,
        10.75
      ],
      "rotation": {
        "angle": 0,
        "axis": "y",
        "origin": [
          8,
          8,
          4.25
        ]
      },
      "faces": {
        "up": {
          "uv": [
            0.83333,
            11,
            0,
            6.66667
          ],
          "texture": "#4"
        },
        "down": {
          "uv": [
            0.83333,
            6.66667,
            0,
            11
          ],
          "texture": "#4"
        }
      }
    },
    {
      "from": [
        7.995,
        7,
        -2.25
      ],
      "to": [
        8.005,
        9.5,
        10.75
      ],
      "rotation": {
        "angle": 0,
        "axis": "z",
        "origin": [
          8,
          8,
          4.25
        ]
      },
      "faces": {
        "east": {
          "uv": [
            0.83333,
            6.66667,
            0,
            11
          ],
          "rotation": 270,
          "texture": "#4"
        },
        "west": {
          "uv": [
            0.83333,
            11,
            0,
            6.66667
          ],
          "rotation": 270,
          "texture": "#4"
        }
      }
    }
  ],
  "gui_light": "front",
  "display": {
    "thirdperson_righthand": {
      "translation": [
        0,
        -2,
        0.75
      ]
    },
    "thirdperson_lefthand": {
      "translation": [
        0,
        -2,
        0.75
      ]
    },
    "firstperson_righthand": {
      "rotation": [
        17.07,
        9.15,
        -0.35
      ],
      "translation": [
        3.75,
        3,
        -2.25
      ],
      "scale": [
        0.7,
        0.7,
        0.7
      ]
    },
    "firstperson_lefthand": {
      "rotation": [
        17.49,
        -36.02,
        -2.32
      ],
      "translation": [
        5.5,
        1.65,
        0.65
      ],
      "scale": [
        0.7,
        0.7,
        0.7
      ]
    },
    "ground": {
      "rotation": [
        45,
        0,
        0
      ],
      "translation": [
        0,
        5,
        0
      ],
      "scale": [
        0.7,
        0.7,
        0.7
      ]
    },
    "gui": {
      "rotation": [
        -90,
        135,
        90
      ],
      "translation": [
        -1.25,
        1,
        0
      ],
      "scale": [
        0.9,
        0.9,
        0.9
      ]
    },
    "head": {
      "rotation": [
        0,
        -90,
        0
      ]
    },
    "fixed": {
      "rotation": [
        0,
        -90,
        0
      ],
      "translation": [
        0,
        0,
        -2.5
      ],
      "scale": [
        2,
        2,
        2
      ]
    }
  },
  "groups": [
    {
      "name": "bow",
      "origin": [
        7,
        0,
        7
      ],
      "color": 0,
      "children": [
        0,
        1,
        2,
        3,
        4,
        5,
        6,
        7,
        8,
        9,
        10,
        11,
        12,
        13,
        14,
        {
          "name": "axolotl",
          "origin": [
            0,
            6,
            5
          ],
          "color": 0,
          "children": [
            15,
            16,
            17,
            18,
            19,
            20,
            21,
            22,
            23,
            24,
            25,
            26,
            27,
            28,
            29,
            30
          ]
        },
        {
          "name": "animated",
          "origin": [
            8,
            23,
            8
          ],
          "color": 0,
          "children": [
            31,
            32
          ]
        },
        33,
        34,
        35,
        36,
        37,
        38,
        39,
        40,
        41,
        42,
        43,
        44,
        45,
        46,
        47
      ]
    }
  ],
  "USER": "48320",
  "NONCE": "bdf65020759a47e486c6d613bf067f30",
  "TIMESTAMP": "1757941317",
  "RESOURCE": "14494",
  "MCMODELS": "1",
  "mcmodels": "bdf65020759a47e486c6d613bf067f30"
}