{
  "format_version": "1.9.0",
  "credit": "Pologony Creation Co.,Ltd.",
  "texture_size": [
    40,
    40
  ],
  "textures": {
    "1": "item/axolotl/axolotl_little",
    "2": "item/axolotl/axolotl_ef7_long",
    "3": "item/axolotl/axolotl_crossbow",
    "particle": "item/axolotl/axolotl_little"
  },
  "elements": [
    {
      "from": [
        7.25,
        7.775,
        10.75
      ],
      "to": [
        8.75,
        10.775,
        12.25
      ],
      "rotation": {
        "angle": -45,
        "axis": "x",
        "origin": [
          8,
          10.4,
          11.5
        ]
      },
      "faces": {
        "north": {
          "uv": [
            10.4,
            10.4,
            11,
            11.6
          ],
          "texture": "#3"
        },
        "east": {
          "uv": [
            10.8,
            8.8,
            11.4,
            10
          ],
          "texture": "#3"
        },
        "south": {
          "uv": [
            0,
            11.2,
            0.6,
            12.4
          ],
          "texture": "#3"
        },
        "west": {
          "uv": [
            11.2,
            0,
            11.8,
            1.2
          ],
          "texture": "#3"
        }
      }
    },
    {
      "from": [
        7,
        10.775,
        10.5
      ],
      "to": [
        9,
        12.275,
        12.5
      ],
      "rotation": {
        "angle": -45,
        "axis": "x",
        "origin": [
          8,
          10.4,
          11.5
        ]
      },
      "faces": {
        "north": {
          "uv": [
            11.2,
            12,
            12,
            12.6
          ],
          "texture": "#3"
        },
        "east": {
          "uv": [
            12.4,
            0,
            13.2,
            0.6
          ],
          "texture": "#3"
        },
        "south": {
          "uv": [
            1.2,
            12.4,
            2,
            13
          ],
          "texture": "#3"
        },
        "west": {
          "uv": [
            2.4,
            12.4,
            3.2,
            13
          ],
          "texture": "#3"
        },
        "down": {
          "uv": [
            2,
            11.2,
            1.2,
            12
          ],
          "texture": "#3"
        }
      }
    },
    {
      "from": [
        7,
        7.275,
        10
      ],
      "to": [
        9,
        7.775,
        12.5
      ],
      "rotation": {
        "angle": -45,
        "axis": "x",
        "origin": [
          8,
          10.4,
          11.5
        ]
      },
      "faces": {
        "north": {
          "uv": [
            14,
            7.2,
            14.8,
            7.4
          ],
          "texture": "#3"
        },
        "east": {
          "uv": [
            13.6,
            10.4,
            14.6,
            10.6
          ],
          "texture": "#3"
        },
        "south": {
          "uv": [
            8.4,
            14,
            9.2,
            14.2
          ],
          "texture": "#3"
        },
        "west": {
          "uv": [
            14,
            3.2,
            15,
            3.4
          ],
          "texture": "#3"
        },
        "up": {
          "uv": [
            4.8,
            11.4,
            4,
            10.4
          ],
          "texture": "#3"
        },
        "down": {
          "uv": [
            6,
            10.4,
            5.2,
            11.4
          ],
          "texture": "#3"
        }
      }
    },
    {
      "from": [
        7.0035,
        11.5,
        3.49632
      ],
      "to": [
        8.9965,
        12.575,
        12.49632
      ],
      "rotation": {
        "angle": 0,
        "axis": "y",
        "origin": [
          7.5035,
          11.5,
          6.49632
        ]
      },
      "faces": {
        "north": {
          "uv": [
            1.2,
            13.6,
            2,
            14
          ],
          "texture": "#3"
        },
        "east": {
          "uv": [
            8,
            2.4,
            11.6,
            2.8
          ],
          "texture": "#3"
        },
        "south": {
          "uv": [
            2.4,
            13.6,
            3.2,
            14
          ],
          "texture": "#3"
        },
        "west": {
          "uv": [
            8,
            3.2,
            11.6,
            3.6
          ],
          "texture": "#3"
        },
        "up": {
          "uv": [
            2.4,
            10.8,
            1.6,
            7.2
          ],
          "texture": "#3"
        },
        "down": {
          "uv": [
            3.6,
            7.2,
            2.8,
            10.8
          ],
          "texture": "#3"
        }
      }
    },
    {
      "from": [
        6.75,
        11,
        3.75
      ],
      "to": [
        9.25,
        12,
        12.25
      ],
      "rotation": {
        "angle": 0,
        "axis": "y",
        "origin": [
          7,
          11,
          7
        ]
      },
      "faces": {
        "north": {
          "uv": [
            12.8,
            11.2,
            13.8,
            11.6
          ],
          "texture": "#3"
        },
        "east": {
          "uv": [
            8,
            4,
            11.4,
            4.4
          ],
          "texture": "#3"
        },
        "south": {
          "uv": [
            13.2,
            1.2,
            14.2,
            1.6
          ],
          "texture": "#3"
        },
        "west": {
          "uv": [
            8,
            4.8,
            11.4,
            5.2
          ],
          "texture": "#3"
        },
        "up": {
          "uv": [
            7.4,
            9,
            6.4,
            5.6
          ],
          "texture": "#3"
        },
        "down": {
          "uv": [
            1,
            7.2,
            0,
            10.6
          ],
          "texture": "#3"
        }
      }
    },
    {
      "from": [
        7.5,
        10.5,
        11.75
      ],
      "to": [
        8.5,
        12,
        18.75
      ],
      "rotation": {
        "angle": 0,
        "axis": "y",
        "origin": [
          7,
          11,
          7
        ]
      },
      "faces": {
        "east": {
          "uv": [
            8,
            0,
            10.8,
            0.6
          ],
          "texture": "#3"
        },
        "west": {
          "uv": [
            8,
            1.2,
            10.8,
            1.8
          ],
          "texture": "#3"
        },
        "up": {
          "uv": [
            6,
            10,
            5.6,
            7.2
          ],
          "texture": "#3"
        },
        "down": {
          "uv": [
            9.6,
            5.6,
            9.2,
            8.4
          ],
          "texture": "#3"
        }
      }
    },
    {
      "from": [
        7.25,
        9.75,
        18.25
      ],
      "to": [
        8.75,
        12.25,
        18.75
      ],
      "rotation": {
        "angle": -22.5,
        "axis": "x",
        "origin": [
          8,
          11,
          18.5
        ]
      },
      "faces": {
        "north": {
          "uv": [
            6.4,
            11.2,
            7,
            12.2
          ],
          "texture": "#3"
        },
        "east": {
          "uv": [
            5.6,
            14,
            5.8,
            15
          ],
          "texture": "#3"
        },
        "south": {
          "uv": [
            11.2,
            6.8,
            11.8,
            7.8
          ],
          "texture": "#3"
        },
        "west": {
          "uv": [
            6.4,
            14,
            6.6,
            15
          ],
          "texture": "#3"
        },
        "up": {
          "uv": [
            14.6,
            14.2,
            14,
            14
          ],
          "texture": "#3"
        },
        "down": {
          "uv": [
            1.4,
            14.4,
            0.8,
            14.6
          ],
          "texture": "#3"
        }
      }
    },
    {
      "name": "tail",
      "from": [
        7.9933,
        12.17874,
        16.4548
      ],
      "to": [
        8.0067,
        13.85374,
        18.1298
      ],
      "rotation": {
        "angle": 0,
        "axis": "x",
        "origin": [
          8,
          12.81277,
          15.58277
        ]
      },
      "faces": {
        "east": {
          "uv": [
            1.75,
            3,
            3,
            4.25
          ],
          "texture": "#1"
        },
        "west": {
          "uv": [
            3,
            3,
            1.75,
            4.25
          ],
          "texture": "#1"
        }
      }
    },
    {
      "name": "tail",
      "from": [
        7.99665,
        13.19146,
        17.53756
      ],
      "to": [
        8.00335,
        14.74921,
        19.88256
      ],
      "rotation": {
        "angle": 22.5,
        "axis": "x",
        "origin": [
          8,
          12.81277,
          15.58277
        ]
      },
      "faces": {
        "east": {
          "uv": [
            0,
            3,
            1.75,
            4.25
          ],
          "texture": "#1"
        },
        "west": {
          "uv": [
            1.75,
            3,
            0,
            4.25
          ],
          "texture": "#1"
        }
      }
    },
    {
      "name": "leg6",
      "from": [
        7.1393,
        12.16658,
        15.54813
      ],
      "to": [
        7.146,
        12.83658,
        16.55313
      ],
      "rotation": {
        "angle": 22.5,
        "axis": "z",
        "origin": [
          8.25,
          12.81277,
          15.58277
        ]
      },
      "faces": {
        "east": {
          "uv": [
            6.5,
            10,
            7.25,
            10.5
          ],
          "texture": "#1"
        },
        "west": {
          "uv": [
            7.25,
            10,
            6.5,
            10.5
          ],
          "texture": "#1"
        }
      }
    },
    {
      "name": "leg5",
      "from": [
        7.47062,
        10.7883,
        15.54813
      ],
      "to": [
        7.47732,
        11.7933,
        16.55313
      ],
      "rotation": {
        "angle": 0,
        "axis": "y",
        "origin": [
          8.25,
          12.81277,
          15.58277
        ]
      },
      "faces": {
        "east": {
          "uv": [
            7.25,
            10.5,
            6.5,
            11.25
          ],
          "texture": "#1"
        },
        "west": {
          "uv": [
            7.25,
            10.5,
            6.5,
            11.25
          ],
          "texture": "#1"
        }
      }
    },
    {
      "name": "leg7",
      "from": [
        7.1393,
        12.16658,
        13.04813
      ],
      "to": [
        7.146,
        12.83658,
        14.05313
      ],
      "rotation": {
        "angle": 22.5,
        "axis": "z",
        "origin": [
          8.25,
          12.81277,
          15.58277
        ]
      },
      "faces": {
        "east": {
          "uv": [
            6.5,
            10,
            7.25,
            10.5
          ],
          "texture": "#1"
        },
        "west": {
          "uv": [
            7.25,
            10,
            6.5,
            10.5
          ],
          "texture": "#1"
        }
      }
    },
    {
      "name": "leg6",
      "from": [
        7.47062,
        10.7883,
        13.04813
      ],
      "to": [
        7.47732,
        11.7933,
        14.05313
      ],
      "rotation": {
        "angle": 0,
        "axis": "y",
        "origin": [
          8.25,
          12.81277,
          15.58277
        ]
      },
      "faces": {
        "east": {
          "uv": [
            7.25,
            10.5,
            6.5,
            11.25
          ],
          "texture": "#1"
        },
        "west": {
          "uv": [
            7.25,
            10.5,
            6.5,
            11.25
          ],
          "texture": "#1"
        }
      }
    },
    {
      "name": "leg8",
      "from": [
        8.854,
        12.16658,
        13.04813
      ],
      "to": [
        8.8607,
        12.83658,
        14.05313
      ],
      "rotation": {
        "angle": -22.5,
        "axis": "z",
        "origin": [
          7.75,
          12.81277,
          15.58277
        ]
      },
      "faces": {
        "east": {
          "uv": [
            6.5,
            10,
            7.25,
            10.5
          ],
          "texture": "#1"
        },
        "west": {
          "uv": [
            7.25,
            10,
            6.5,
            10.5
          ],
          "texture": "#1"
        }
      }
    },
    {
      "name": "leg7",
      "from": [
        8.52268,
        10.7883,
        13.04813
      ],
      "to": [
        8.52938,
        11.7933,
        14.05313
      ],
      "rotation": {
        "angle": 0,
        "axis": "y",
        "origin": [
          7.75,
          12.81277,
          15.58277
        ]
      },
      "faces": {
        "east": {
          "uv": [
            6.5,
            10.5,
            7.25,
            11.25
          ],
          "texture": "#1"
        },
        "west": {
          "uv": [
            6.5,
            10.5,
            7.25,
            11.25
          ],
          "texture": "#1"
        }
      }
    },
    {
      "name": "leg7",
      "from": [
        8.854,
        12.16658,
        15.54813
      ],
      "to": [
        8.8607,
        12.83658,
        16.55313
      ],
      "rotation": {
        "angle": -22.5,
        "axis": "z",
        "origin": [
          7.75,
          12.81277,
          15.58277
        ]
      },
      "faces": {
        "east": {
          "uv": [
            6.5,
            10,
            7.25,
            10.5
          ],
          "texture": "#1"
        },
        "west": {
          "uv": [
            7.25,
            10,
            6.5,
            10.5
          ],
          "texture": "#1"
        }
      }
    },
    {
      "name": "leg6",
      "from": [
        8.52268,
        10.7883,
        15.54813
      ],
      "to": [
        8.52938,
        11.7933,
        16.55313
      ],
      "rotation": {
        "angle": 0,
        "axis": "y",
        "origin": [
          7.75,
          12.81277,
          15.58277
        ]
      },
      "faces": {
        "east": {
          "uv": [
            6.5,
            10.5,
            7.25,
            11.25
          ],
          "texture": "#1"
        },
        "west": {
          "uv": [
            6.5,
            10.5,
            7.25,
            11.25
          ],
          "texture": "#1"
        }
      }
    },
    {
      "name": "body",
      "from": [
        7.98995,
        12.17874,
        13.43981
      ],
      "to": [
        8.01005,
        13.85374,
        16.45481
      ],
      "rotation": {
        "angle": 0,
        "axis": "x",
        "origin": [
          8,
          12.81277,
          15.58277
        ]
      },
      "faces": {
        "east": {
          "uv": [
            0,
            5,
            2.25,
            6.25
          ],
          "texture": "#1"
        },
        "west": {
          "uv": [
            2.25,
            5,
            0,
            6.25
          ],
          "texture": "#1"
        }
      }
    },
    {
      "name": "body",
      "from": [
        6.66,
        12.17874,
        13.10481
      ],
      "to": [
        9.34,
        13.51874,
        16.45481
      ],
      "rotation": {
        "angle": 0,
        "axis": "x",
        "origin": [
          8,
          12.81277,
          15.58277
        ]
      },
      "faces": {
        "north": {
          "uv": [
            8,
            0,
            10,
            1
          ],
          "texture": "#1"
        },
        "east": {
          "uv": [
            2.5,
            7,
            5,
            8
          ],
          "texture": "#1"
        },
        "south": {
          "uv": [
            8,
            4,
            10,
            5
          ],
          "texture": "#1"
        },
        "west": {
          "uv": [
            5.5,
            7,
            8,
            8
          ],
          "texture": "#1"
        },
        "up": {
          "uv": [
            2,
            2.5,
            0,
            0
          ],
          "texture": "#1"
        },
        "down": {
          "uv": [
            4.5,
            0,
            2.5,
            2.5
          ],
          "texture": "#1"
        }
      }
    },
    {
      "name": "right_gills",
      "from": [
        5.69325,
        12.37049,
        13.00286
      ],
      "to": [
        6.69825,
        14.71549,
        13.00956
      ],
      "rotation": {
        "angle": 22.5,
        "axis": "x",
        "origin": [
          6.19575,
          13.61799,
          12.78121
        ]
      },
      "faces": {
        "north": {
          "uv": [
            0.75,
            9,
            0,
            10.75
          ],
          "texture": "#1"
        },
        "south": {
          "uv": [
            0,
            9,
            0.75,
            10.75
          ],
          "texture": "#1"
        }
      }
    },
    {
      "name": "left_gills",
      "from": [
        9.30175,
        12.37049,
        13.00286
      ],
      "to": [
        10.30675,
        14.71549,
        13.00956
      ],
      "rotation": {
        "angle": 22.5,
        "axis": "x",
        "origin": [
          9.80425,
          13.61799,
          12.78121
        ]
      },
      "faces": {
        "north": {
          "uv": [
            0,
            9,
            0.75,
            10.75
          ],
          "texture": "#1"
        },
        "south": {
          "uv": [
            0.75,
            9,
            0,
            10.75
          ],
          "texture": "#1"
        }
      }
    },
    {
      "name": "top_gills",
      "from": [
        6.66,
        14.13116,
        13.07972
      ],
      "to": [
        9.34,
        14.13786,
        14.08472
      ],
      "rotation": {
        "angle": -22.5,
        "axis": "x",
        "origin": [
          8,
          14.13451,
          13.58222
        ]
      },
      "faces": {
        "up": {
          "uv": [
            8,
            5.5,
            10,
            6.25
          ],
          "rotation": 180,
          "texture": "#1"
        },
        "down": {
          "uv": [
            10,
            5.5,
            8,
            6.25
          ],
          "texture": "#1"
        }
      }
    },
    {
      "name": "head",
      "from": [
        6.64325,
        12.42874,
        11.64631
      ],
      "to": [
        9.35675,
        14.13724,
        13.35481
      ],
      "rotation": {
        "angle": 22.5,
        "axis": "x",
        "origin": [
          8,
          13.28299,
          12.50056
        ]
      },
      "faces": {
        "north": {
          "uv": [
            3,
            5,
            5,
            6.25
          ],
          "texture": "#1"
        },
        "east": {
          "uv": [
            2.5,
            8.5,
            3.75,
            9.75
          ],
          "texture": "#1"
        },
        "south": {
          "uv": [
            5.5,
            5,
            7.5,
            6.25
          ],
          "texture": "#1"
        },
        "west": {
          "uv": [
            4.5,
            8.5,
            5.75,
            9.75
          ],
          "texture": "#1"
        },
        "up": {
          "uv": [
            2,
            8.25,
            0,
            7
          ],
          "texture": "#1"
        },
        "down": {
          "uv": [
            9,
            2,
            7,
            3.25
          ],
          "texture": "#1"
        }
      }
    },
    {
      "from": [
        -5.525,
        11.77182,
        -1.99209
      ],
      "to": [
        3.525,
        14.32182,
        12.05791
      ],
      "rotation": {
        "angle": -45,
        "axis": "y",
        "origin": [
          -1,
          13.04682,
          5.03291
        ]
      },
      "faces": {
        "east": {
          "uv": [
            4.5,
            0,
            5.75,
            7
          ],
          "rotation": 90,
          "texture": "#2"
        },
        "up": {
          "uv": [
            0,
            0,
            4.5,
            7
          ],
          "texture": "#2"
        },
        "down": {
          "uv": [
            5.75,
            0,
            10.25,
            7
          ],
          "rotation": 180,
          "texture": "#2"
        }
      }
    },
    {
      "from": [
        12.475,
        11.77182,
        -1.99209
      ],
      "to": [
        21.525,
        14.32182,
        12.05791
      ],
      "rotation": {
        "angle": 45,
        "axis": "y",
        "origin": [
          17,
          13.04682,
          5.03291
        ]
      },
      "faces": {
        "west": {
          "uv": [
            4.5,
            7,
            5.75,
            0
          ],
          "rotation": 90,
          "texture": "#2"
        },
        "up": {
          "uv": [
            4.5,
            0,
            0,
            7
          ],
          "texture": "#2"
        },
        "down": {
          "uv": [
            10.25,
            0,
            5.75,
            7
          ],
          "rotation": 180,
          "texture": "#2"
        }
      }
    },
    {
      "from": [
        14.47418,
        12.56159,
        7.53036
      ],
      "to": [
        14.97418,
        13.56159,
        8.03036
      ],
      "rotation": {
        "angle": 45,
        "axis": "y",
        "origin": [
          13.51875,
          13.06159,
          4.72074
        ]
      },
      "faces": {
        "north": {
          "uv": [
            14.4,
            4.8,
            14.8,
            5
          ],
          "rotation": 270,
          "texture": "#3"
        },
        "east": {
          "uv": [
            7.6,
            14.6,
            7.2,
            14.4
          ],
          "rotation": 90,
          "texture": "#3"
        },
        "west": {
          "uv": [
            14.8,
            8,
            14.4,
            8.2
          ],
          "rotation": 90,
          "texture": "#3"
        },
        "up": {
          "uv": [
            14.4,
            11.2,
            14.6,
            11.4
          ],
          "rotation": 90,
          "texture": "#3"
        },
        "down": {
          "uv": [
            14.4,
            8.8,
            14.6,
            9
          ],
          "rotation": 90,
          "texture": "#3"
        }
      }
    },
    {
      "from": [
        13.97418,
        12.56159,
        8.03036
      ],
      "to": [
        14.97418,
        13.56159,
        8.53036
      ],
      "rotation": {
        "angle": 45,
        "axis": "y",
        "origin": [
          13.51875,
          13.06159,
          4.72074
        ]
      },
      "faces": {
        "north": {
          "uv": [
            14,
            12,
            14.4,
            12.4
          ],
          "rotation": 270,
          "texture": "#3"
        },
        "east": {
          "uv": [
            14.8,
            4.2,
            14.4,
            4
          ],
          "rotation": 90,
          "texture": "#3"
        },
        "south": {
          "uv": [
            13.2,
            14,
            13.6,
            14.4
          ],
          "rotation": 90,
          "texture": "#3"
        },
        "up": {
          "uv": [
            4,
            14.4,
            4.2,
            14.8
          ],
          "rotation": 90,
          "texture": "#3"
        },
        "down": {
          "uv": [
            3.2,
            14.4,
            3.4,
            14.8
          ],
          "rotation": 90,
          "texture": "#3"
        }
      }
    },
    {
      "from": [
        12.97418,
        12.56159,
        6.53036
      ],
      "to": [
        13.97418,
        13.56159,
        8.53036
      ],
      "rotation": {
        "angle": 45,
        "axis": "y",
        "origin": [
          13.51875,
          13.06159,
          4.72074
        ]
      },
      "faces": {
        "east": {
          "uv": [
            0.4,
            14.8,
            0,
            14
          ],
          "rotation": 90,
          "texture": "#3"
        },
        "south": {
          "uv": [
            10.4,
            14,
            10.8,
            14.4
          ],
          "rotation": 90,
          "texture": "#3"
        },
        "west": {
          "uv": [
            14.4,
            2,
            14,
            2.8
          ],
          "rotation": 90,
          "texture": "#3"
        },
        "up": {
          "uv": [
            13.6,
            9.6,
            14.4,
            10
          ],
          "rotation": 90,
          "texture": "#3"
        },
        "down": {
          "uv": [
            7.2,
            13.6,
            8,
            14
          ],
          "rotation": 90,
          "texture": "#3"
        }
      }
    },
    {
      "from": [
        10.82838,
        12.56159,
        2.26531
      ],
      "to": [
        14.32838,
        13.56159,
        3.26531
      ],
      "rotation": {
        "angle": -45,
        "axis": "y",
        "origin": [
          13.51875,
          13.06159,
          4.72074
        ]
      },
      "faces": {
        "north": {
          "uv": [
            12,
            8.4,
            12.4,
            9.8
          ],
          "rotation": 270,
          "texture": "#3"
        },
        "south": {
          "uv": [
            9.6,
            12,
            10,
            13.4
          ],
          "rotation": 90,
          "texture": "#3"
        },
        "up": {
          "uv": [
            10.4,
            12,
            10.8,
            13.4
          ],
          "rotation": 90,
          "texture": "#3"
        },
        "down": {
          "uv": [
            8.8,
            12,
            9.2,
            13.4
          ],
          "rotation": 90,
          "texture": "#3"
        }
      }
    },
    {
      "from": [
        14.32838,
        12.56159,
        2.26531
      ],
      "to": [
        15.32838,
        13.56159,
        5.26531
      ],
      "rotation": {
        "angle": -45,
        "axis": "y",
        "origin": [
          13.51875,
          13.06159,
          4.72074
        ]
      },
      "faces": {
        "north": {
          "uv": [
            11.2,
            1.6,
            11.6,
            2
          ],
          "rotation": 270,
          "texture": "#3"
        },
        "east": {
          "uv": [
            13.2,
            10.8,
            12.8,
            9.6
          ],
          "rotation": 90,
          "texture": "#3"
        },
        "south": {
          "uv": [
            9.6,
            14,
            10,
            14.4
          ],
          "rotation": 90,
          "texture": "#3"
        },
        "west": {
          "uv": [
            12.8,
            12.8,
            12.4,
            14
          ],
          "rotation": 90,
          "texture": "#3"
        },
        "up": {
          "uv": [
            12.8,
            8.8,
            14,
            9.2
          ],
          "rotation": 90,
          "texture": "#3"
        },
        "down": {
          "uv": [
            12.8,
            8,
            14,
            8.4
          ],
          "rotation": 90,
          "texture": "#3"
        }
      }
    },
    {
      "from": [
        10.57838,
        12.31159,
        3.26531
      ],
      "to": [
        15.57838,
        13.81159,
        3.76531
      ],
      "rotation": {
        "angle": -45,
        "axis": "y",
        "origin": [
          13.51875,
          13.06159,
          4.72074
        ]
      },
      "faces": {
        "north": {
          "uv": [
            8,
            5.6,
            8.6,
            7.6
          ],
          "rotation": 270,
          "texture": "#3"
        },
        "east": {
          "uv": [
            2.6,
            14.6,
            2,
            14.4
          ],
          "rotation": 90,
          "texture": "#3"
        },
        "south": {
          "uv": [
            8,
            8,
            8.6,
            10
          ],
          "rotation": 90,
          "texture": "#3"
        },
        "up": {
          "uv": [
            11.2,
            13.2,
            11.4,
            15.2
          ],
          "rotation": 90,
          "texture": "#3"
        },
        "down": {
          "uv": [
            13.2,
            2,
            13.4,
            4
          ],
          "rotation": 90,
          "texture": "#3"
        }
      }
    },
    {
      "from": [
        16.31159,
        13.05159,
        6.90938
      ],
      "to": [
        17.81159,
        13.07159,
        8.40938
      ],
      "rotation": {
        "angle": 0,
        "axis": "y",
        "origin": [
          13.51875,
          13.06159,
          4.72074
        ]
      },
      "faces": {
        "up": {
          "uv": [
            13.6,
            0,
            14.2,
            0.6
          ],
          "rotation": 90,
          "texture": "#3"
        },
        "down": {
          "uv": [
            13.2,
            12.8,
            13.8,
            13.4
          ],
          "rotation": 90,
          "texture": "#3"
        }
      }
    },
    {
      "from": [
        10.85262,
        12.06509,
        1.0821
      ],
      "to": [
        13.35262,
        14.05809,
        2.4821
      ],
      "rotation": {
        "angle": 0,
        "axis": "y",
        "origin": [
          13.51875,
          13.06159,
          4.72074
        ]
      },
      "faces": {
        "north": {
          "uv": [
            8,
            10.4,
            8.8,
            11.4
          ],
          "rotation": 270,
          "texture": "#3"
        },
        "east": {
          "uv": [
            0.8,
            13.4,
            0,
            12.8
          ],
          "rotation": 90,
          "texture": "#3"
        },
        "south": {
          "uv": [
            9.2,
            10.4,
            10,
            11.4
          ],
          "rotation": 90,
          "texture": "#3"
        },
        "west": {
          "uv": [
            6.8,
            12.8,
            6,
            13.4
          ],
          "rotation": 90,
          "texture": "#3"
        },
        "up": {
          "uv": [
            7.6,
            12,
            8.2,
            13
          ],
          "rotation": 90,
          "texture": "#3"
        },
        "down": {
          "uv": [
            4.8,
            12,
            5.4,
            13
          ],
          "rotation": 90,
          "texture": "#3"
        }
      }
    },
    {
      "from": [
        12.20642,
        12.06159,
        0.2626
      ],
      "to": [
        14.20642,
        14.06159,
        1.2626
      ],
      "rotation": {
        "angle": 45,
        "axis": "y",
        "origin": [
          13.51875,
          13.06159,
          4.72074
        ]
      },
      "faces": {
        "north": {
          "uv": [
            2.4,
            11.2,
            3.2,
            12
          ],
          "rotation": 270,
          "texture": "#3"
        },
        "east": {
          "uv": [
            14.4,
            6,
            13.6,
            5.6
          ],
          "rotation": 90,
          "texture": "#3"
        },
        "south": {
          "uv": [
            11.2,
            5.6,
            12,
            6.4
          ],
          "rotation": 90,
          "texture": "#3"
        },
        "west": {
          "uv": [
            14.4,
            6.4,
            13.6,
            6.8
          ],
          "rotation": 90,
          "texture": "#3"
        },
        "up": {
          "uv": [
            4.8,
            13.6,
            5.2,
            14.4
          ],
          "rotation": 90,
          "texture": "#3"
        },
        "down": {
          "uv": [
            13.6,
            4.4,
            14,
            5.2
          ],
          "rotation": 90,
          "texture": "#3"
        }
      }
    },
    {
      "from": [
        9.43841,
        12.06509,
        2.49632
      ],
      "to": [
        10.51341,
        14.05809,
        5.49632
      ],
      "rotation": {
        "angle": 0,
        "axis": "y",
        "origin": [
          13.51875,
          13.06159,
          4.72074
        ]
      },
      "faces": {
        "east": {
          "uv": [
            10.8,
            6.8,
            10,
            5.6
          ],
          "rotation": 90,
          "texture": "#3"
        },
        "south": {
          "uv": [
            3.6,
            13.6,
            4.4,
            14
          ],
          "rotation": 90,
          "texture": "#3"
        },
        "west": {
          "uv": [
            10.8,
            7.2,
            10,
            8.4
          ],
          "rotation": 90,
          "texture": "#3"
        },
        "up": {
          "uv": [
            12.4,
            12,
            13.6,
            12.4
          ],
          "rotation": 90,
          "texture": "#3"
        },
        "down": {
          "uv": [
            12.4,
            7.2,
            13.6,
            7.6
          ],
          "rotation": 90,
          "texture": "#3"
        }
      }
    },
    {
      "from": [
        8.68841,
        11.56159,
        2.75
      ],
      "to": [
        10.18841,
        14.06159,
        5.25
      ],
      "rotation": {
        "angle": -22.5,
        "axis": "z",
        "origin": [
          9.18841,
          13.31159,
          4
        ]
      },
      "faces": {
        "north": {
          "uv": [
            11.6,
            10.4,
            12.2,
            11.4
          ],
          "texture": "#3"
        },
        "east": {
          "uv": [
            9.2,
            8.8,
            10.2,
            9.8
          ],
          "texture": "#3"
        },
        "south": {
          "uv": [
            12,
            1.6,
            12.6,
            2.6
          ],
          "texture": "#3"
        },
        "west": {
          "uv": [
            6.4,
            9.6,
            7.4,
            10.6
          ],
          "texture": "#3"
        },
        "up": {
          "uv": [
            12.6,
            4.2,
            12,
            3.2
          ],
          "texture": "#3"
        },
        "down": {
          "uv": [
            4.2,
            12,
            3.6,
            13
          ],
          "texture": "#3"
        }
      }
    },
    {
      "from": [
        12.62127,
        13.05159,
        5.01043
      ],
      "to": [
        14.62127,
        13.07159,
        6.51043
      ],
      "rotation": {
        "angle": -45,
        "axis": "y",
        "origin": [
          13.51875,
          13.06159,
          4.72074
        ]
      },
      "faces": {
        "up": {
          "uv": [
            12.4,
            6,
            13,
            6.8
          ],
          "rotation": 90,
          "texture": "#3"
        },
        "down": {
          "uv": [
            13,
            6,
            12.4,
            6.8
          ],
          "rotation": 90,
          "texture": "#3"
        }
      }
    },
    {
      "from": [
        1.37873,
        13.05159,
        5.01043
      ],
      "to": [
        3.37873,
        13.07159,
        6.51043
      ],
      "rotation": {
        "angle": 45,
        "axis": "y",
        "origin": [
          2.48125,
          13.06159,
          4.72074
        ]
      },
      "faces": {
        "up": {
          "uv": [
            12.4,
            6.8,
            13,
            6
          ],
          "rotation": 90,
          "texture": "#3"
        },
        "down": {
          "uv": [
            13,
            6.8,
            12.4,
            6
          ],
          "rotation": 90,
          "texture": "#3"
        }
      }
    },
    {
      "from": [
        5.81159,
        11.56159,
        2.75
      ],
      "to": [
        7.31159,
        14.06159,
        5.25
      ],
      "rotation": {
        "angle": 22.5,
        "axis": "z",
        "origin": [
          6.81159,
          13.31159,
          4
        ]
      },
      "faces": {
        "north": {
          "uv": [
            12.2,
            10.4,
            11.6,
            11.4
          ],
          "texture": "#3"
        },
        "east": {
          "uv": [
            7.4,
            9.6,
            6.4,
            10.6
          ],
          "texture": "#3"
        },
        "south": {
          "uv": [
            12.6,
            1.6,
            12,
            2.6
          ],
          "texture": "#3"
        },
        "west": {
          "uv": [
            10.2,
            8.8,
            9.2,
            9.8
          ],
          "texture": "#3"
        },
        "up": {
          "uv": [
            12,
            4.2,
            12.6,
            3.2
          ],
          "texture": "#3"
        },
        "down": {
          "uv": [
            3.6,
            12,
            4.2,
            13
          ],
          "texture": "#3"
        }
      }
    },
    {
      "from": [
        5.48659,
        12.06509,
        2.49632
      ],
      "to": [
        6.56159,
        14.05809,
        5.49632
      ],
      "rotation": {
        "angle": 0,
        "axis": "y",
        "origin": [
          2.48125,
          13.06159,
          4.72074
        ]
      },
      "faces": {
        "east": {
          "uv": [
            10.8,
            8.4,
            10,
            7.2
          ],
          "rotation": 90,
          "texture": "#3"
        },
        "south": {
          "uv": [
            3.6,
            14,
            4.4,
            13.6
          ],
          "rotation": 90,
          "texture": "#3"
        },
        "west": {
          "uv": [
            10.8,
            5.6,
            10,
            6.8
          ],
          "rotation": 90,
          "texture": "#3"
        },
        "up": {
          "uv": [
            12.4,
            12.4,
            13.6,
            12
          ],
          "rotation": 90,
          "texture": "#3"
        },
        "down": {
          "uv": [
            12.4,
            7.6,
            13.6,
            7.2
          ],
          "rotation": 90,
          "texture": "#3"
        }
      }
    },
    {
      "from": [
        1.79358,
        12.06159,
        0.2626
      ],
      "to": [
        3.79358,
        14.06159,
        1.2626
      ],
      "rotation": {
        "angle": -45,
        "axis": "y",
        "origin": [
          2.48125,
          13.06159,
          4.72074
        ]
      },
      "faces": {
        "north": {
          "uv": [
            2.4,
            12,
            3.2,
            11.2
          ],
          "rotation": 270,
          "texture": "#3"
        },
        "east": {
          "uv": [
            14.4,
            6.8,
            13.6,
            6.4
          ],
          "rotation": 90,
          "texture": "#3"
        },
        "south": {
          "uv": [
            11.2,
            6.4,
            12,
            5.6
          ],
          "rotation": 90,
          "texture": "#3"
        },
        "west": {
          "uv": [
            14.4,
            5.6,
            13.6,
            6
          ],
          "rotation": 90,
          "texture": "#3"
        },
        "up": {
          "uv": [
            4.8,
            14.4,
            5.2,
            13.6
          ],
          "rotation": 90,
          "texture": "#3"
        },
        "down": {
          "uv": [
            13.6,
            5.2,
            14,
            4.4
          ],
          "rotation": 90,
          "texture": "#3"
        }
      }
    },
    {
      "from": [
        2.64738,
        12.06509,
        1.0821
      ],
      "to": [
        5.14738,
        14.05809,
        2.4821
      ],
      "rotation": {
        "angle": 0,
        "axis": "y",
        "origin": [
          2.48125,
          13.06159,
          4.72074
        ]
      },
      "faces": {
        "north": {
          "uv": [
            8,
            11.4,
            8.8,
            10.4
          ],
          "rotation": 270,
          "texture": "#3"
        },
        "east": {
          "uv": [
            6.8,
            13.4,
            6,
            12.8
          ],
          "rotation": 90,
          "texture": "#3"
        },
        "south": {
          "uv": [
            9.2,
            11.4,
            10,
            10.4
          ],
          "rotation": 90,
          "texture": "#3"
        },
        "west": {
          "uv": [
            0.8,
            12.8,
            0,
            13.4
          ],
          "rotation": 90,
          "texture": "#3"
        },
        "up": {
          "uv": [
            7.6,
            13,
            8.2,
            12
          ],
          "rotation": 90,
          "texture": "#3"
        },
        "down": {
          "uv": [
            4.8,
            13,
            5.4,
            12
          ],
          "rotation": 90,
          "texture": "#3"
        }
      }
    },
    {
      "from": [
        -1.81159,
        13.05159,
        6.90938
      ],
      "to": [
        -0.31159,
        13.07159,
        8.40938
      ],
      "rotation": {
        "angle": 0,
        "axis": "y",
        "origin": [
          2.48125,
          13.06159,
          4.72074
        ]
      },
      "faces": {
        "up": {
          "uv": [
            13.6,
            0.6,
            14.2,
            0
          ],
          "rotation": 90,
          "texture": "#3"
        },
        "down": {
          "uv": [
            13.2,
            13.4,
            13.8,
            12.8
          ],
          "rotation": 90,
          "texture": "#3"
        }
      }
    },
    {
      "from": [
        0.42162,
        12.31159,
        3.26531
      ],
      "to": [
        5.42162,
        13.81159,
        3.76531
      ],
      "rotation": {
        "angle": 45,
        "axis": "y",
        "origin": [
          2.48125,
          13.06159,
          4.72074
        ]
      },
      "faces": {
        "north": {
          "uv": [
            8,
            7.6,
            8.6,
            5.6
          ],
          "rotation": 270,
          "texture": "#3"
        },
        "south": {
          "uv": [
            8,
            10,
            8.6,
            8
          ],
          "rotation": 90,
          "texture": "#3"
        },
        "west": {
          "uv": [
            2.6,
            14.4,
            2,
            14.6
          ],
          "rotation": 90,
          "texture": "#3"
        },
        "up": {
          "uv": [
            11.2,
            15.2,
            11.4,
            13.2
          ],
          "rotation": 90,
          "texture": "#3"
        },
        "down": {
          "uv": [
            13.2,
            4,
            13.4,
            2
          ],
          "rotation": 90,
          "texture": "#3"
        }
      }
    },
    {
      "from": [
        0.67162,
        12.56159,
        2.26531
      ],
      "to": [
        1.67162,
        13.56159,
        5.26531
      ],
      "rotation": {
        "angle": 45,
        "axis": "y",
        "origin": [
          2.48125,
          13.06159,
          4.72074
        ]
      },
      "faces": {
        "north": {
          "uv": [
            11.2,
            2,
            11.6,
            1.6
          ],
          "rotation": 270,
          "texture": "#3"
        },
        "east": {
          "uv": [
            12.8,
            14,
            12.4,
            12.8
          ],
          "rotation": 90,
          "texture": "#3"
        },
        "south": {
          "uv": [
            9.6,
            14.4,
            10,
            14
          ],
          "rotation": 90,
          "texture": "#3"
        },
        "west": {
          "uv": [
            13.2,
            9.6,
            12.8,
            10.8
          ],
          "rotation": 90,
          "texture": "#3"
        },
        "up": {
          "uv": [
            12.8,
            9.2,
            14,
            8.8
          ],
          "rotation": 90,
          "texture": "#3"
        },
        "down": {
          "uv": [
            12.8,
            8.4,
            14,
            8
          ],
          "rotation": 90,
          "texture": "#3"
        }
      }
    },
    {
      "from": [
        1.67162,
        12.56159,
        2.26531
      ],
      "to": [
        5.17162,
        13.56159,
        3.26531
      ],
      "rotation": {
        "angle": 45,
        "axis": "y",
        "origin": [
          2.48125,
          13.06159,
          4.72074
        ]
      },
      "faces": {
        "north": {
          "uv": [
            12,
            9.8,
            12.4,
            8.4
          ],
          "rotation": 270,
          "texture": "#3"
        },
        "south": {
          "uv": [
            9.6,
            13.4,
            10,
            12
          ],
          "rotation": 90,
          "texture": "#3"
        },
        "up": {
          "uv": [
            10.4,
            13.4,
            10.8,
            12
          ],
          "rotation": 90,
          "texture": "#3"
        },
        "down": {
          "uv": [
            8.8,
            13.4,
            9.2,
            12
          ],
          "rotation": 90,
          "texture": "#3"
        }
      }
    },
    {
      "from": [
        2.02582,
        12.56159,
        6.53036
      ],
      "to": [
        3.02582,
        13.56159,
        8.53036
      ],
      "rotation": {
        "angle": -45,
        "axis": "y",
        "origin": [
          2.48125,
          13.06159,
          4.72074
        ]
      },
      "faces": {
        "east": {
          "uv": [
            14.4,
            2.8,
            14,
            2
          ],
          "rotation": 90,
          "texture": "#3"
        },
        "south": {
          "uv": [
            10.4,
            14.4,
            10.8,
            14
          ],
          "rotation": 90,
          "texture": "#3"
        },
        "west": {
          "uv": [
            0.4,
            14,
            0,
            14.8
          ],
          "rotation": 90,
          "texture": "#3"
        },
        "up": {
          "uv": [
            13.6,
            10,
            14.4,
            9.6
          ],
          "rotation": 90,
          "texture": "#3"
        },
        "down": {
          "uv": [
            7.2,
            14,
            8,
            13.6
          ],
          "rotation": 90,
          "texture": "#3"
        }
      }
    },
    {
      "from": [
        1.02582,
        12.56159,
        8.03036
      ],
      "to": [
        2.02582,
        13.56159,
        8.53036
      ],
      "rotation": {
        "angle": -45,
        "axis": "y",
        "origin": [
          2.48125,
          13.06159,
          4.72074
        ]
      },
      "faces": {
        "north": {
          "uv": [
            14,
            12.4,
            14.4,
            12
          ],
          "rotation": 270,
          "texture": "#3"
        },
        "south": {
          "uv": [
            13.2,
            14.4,
            13.6,
            14
          ],
          "rotation": 90,
          "texture": "#3"
        },
        "west": {
          "uv": [
            14.8,
            4,
            14.4,
            4.2
          ],
          "rotation": 90,
          "texture": "#3"
        },
        "up": {
          "uv": [
            4,
            14.8,
            4.2,
            14.4
          ],
          "rotation": 90,
          "texture": "#3"
        },
        "down": {
          "uv": [
            3.2,
            14.8,
            3.4,
            14.4
          ],
          "rotation": 90,
          "texture": "#3"
        }
      }
    },
    {
      "from": [
        1.02582,
        12.56159,
        7.53036
      ],
      "to": [
        1.52582,
        13.56159,
        8.03036
      ],
      "rotation": {
        "angle": -45,
        "axis": "y",
        "origin": [
          2.48125,
          13.06159,
          4.72074
        ]
      },
      "faces": {
        "north": {
          "uv": [
            14.4,
            5,
            14.8,
            4.8
          ],
          "rotation": 270,
          "texture": "#3"
        },
        "east": {
          "uv": [
            14.8,
            8.2,
            14.4,
            8
          ],
          "rotation": 90,
          "texture": "#3"
        },
        "west": {
          "uv": [
            7.6,
            14.4,
            7.2,
            14.6
          ],
          "rotation": 90,
          "texture": "#3"
        },
        "up": {
          "uv": [
            14.4,
            11.4,
            14.6,
            11.2
          ],
          "rotation": 90,
          "texture": "#3"
        },
        "down": {
          "uv": [
            14.4,
            9,
            14.6,
            8.8
          ],
          "rotation": 90,
          "texture": "#3"
        }
      }
    },
    {
      "from": [
        0.75,
        12.985,
        6.5
      ],
      "to": [
        15.25,
        13.015,
        11.25
      ],
      "rotation": {
        "angle": 0,
        "axis": "z",
        "origin": [
          8,
          13,
          9.5
        ]
      },
      "faces": {
        "up": {
          "uv": [
            5.8,
            2,
            0,
            0
          ],
          "texture": "#3"
        },
        "down": {
          "uv": [
            5.8,
            0,
            0,
            2
          ],
          "texture": "#3"
        }
      }
    }
  ],
  "gui_light": "front",
  "display": {
    "thirdperson_righthand": {
      "translation": [
        0,
        -2.5,
        -2.5
      ]
    },
    "thirdperson_lefthand": {
      "translation": [
        0,
        -2.5,
        -2.5
      ]
    },
    "firstperson_righthand": {
      "translation": [
        0.25,
        -0.25,
        -1
      ],
      "scale": [
        0.8,
        0.8,
        0.8
      ]
    },
    "firstperson_lefthand": {
      "translation": [
        0.25,
        -0.25,
        -1
      ],
      "scale": [
        0.8,
        0.8,
        0.8
      ]
    },
    "ground": {
      "rotation": [
        28,
        0,
        0
      ],
      "translation": [
        0,
        3,
        0
      ],
      "scale": [
        0.7,
        0.7,
        0.7
      ]
    },
    "gui": {
      "rotation": [
        90,
        45,
        0
      ],
      "translation": [
        0.25,
        -0.25,
        0
      ]
    },
    "fixed": {
      "rotation": [
        -90,
        0,
        0
      ],
      "translation": [
        0,
        0,
        4.5
      ],
      "scale": [
        2,
        2,
        2
      ]
    }
  },
  "groups": [
    {
      "name": "crossbow",
      "origin": [
        7,
        0,
        7
      ],
      "color": 0,
      "children": [
        0,
        1,
        2,
        3,
        4,
        5,
        6,
        {
          "name": "axolotl",
          "origin": [
            0,
            6,
            5
          ],
          "color": 0,
          "children": [
            7,
            8,
            9,
            10,
            11,
            12,
            13,
            14,
            15,
            16,
            17,
            18,
            19,
            20,
            21,
            22
          ]
        },
        {
          "name": "animated",
          "origin": [
            8,
            23,
            8
          ],
          "color": 0,
          "children": [
            23,
            24
          ]
        },
        25,
        26,
        27,
        28,
        29,
        30,
        31,
        32,
        33,
        34,
        35,
        36,
        37,
        38,
        39,
        40,
        41,
        42,
        43,
        44,
        45,
        46,
        47,
        48,
        49
      ]
    }
  ],
  "mcmodels": "bdf65020759a47e486c6d613bf067f30"
}