{
	"credit": "Made with Blockbench",
	"textures": {
		"0": "item/easter/easter_16_set",
		"1": "item/easter/ef_easter16_long",
		"particle": "item/easter/easter_16_set"
	},
	"elements": [
		{
			"from": [7.22, 2.23, 7.22],
			"to": [8.78, 13.03, 8.78],
			"rotation": {"angle": 0, "axis": "y", "origin": [8, 8.23, 6.065]},
			"faces": {
				"north": {"uv": [6.125, 6.875, 6.375, 8.25], "texture": "#0"},
				"east": {"uv": [6.375, 6.875, 6.625, 8.25], "texture": "#0"},
				"south": {"uv": [6.625, 6.875, 6.875, 8.25], "texture": "#0"},
				"west": {"uv": [6.875, 6.875, 7.125, 8.25], "texture": "#0"},
				"up": {"uv": [7.75, 9.5, 7.5, 9.25], "texture": "#0"},
				"down": {"uv": [9.5, 7.625, 9.25, 7.875], "texture": "#0"}
			}
		},
		{
			"from": [7.22, 0.93723, 11.35427],
			"to": [8.78, 3.75723, 12.91427],
			"rotation": {"angle": 45, "axis": "x", "origin": [8, 8.23, 6.065]},
			"faces": {
				"north": {"uv": [7.125, 9, 7.375, 9.375], "texture": "#0"},
				"east": {"uv": [9.125, 0.5, 9.375, 0.875], "texture": "#0"},
				"south": {"uv": [9.125, 1.125, 9.375, 1.5], "texture": "#0"},
				"west": {"uv": [9.125, 3.125, 9.375, 3.5], "texture": "#0"},
				"up": {"uv": [8, 9.5, 7.75, 9.25], "texture": "#0"},
				"down": {"uv": [8.25, 9.25, 8, 9.5], "texture": "#0"}
			}
		},
		{
			"from": [7.218, -4.54947, 1.34948],
			"to": [8.782, 0.55453, 2.91348],
			"rotation": {"angle": -22.5, "axis": "x", "origin": [8, 8.23, 6.065]},
			"faces": {
				"north": {"uv": [0.125, 8.25, 0.375, 8.875], "texture": "#0"},
				"east": {"uv": [2.375, 8.25, 2.625, 8.875], "texture": "#0"},
				"south": {"uv": [8.25, 6.5, 8.5, 7.125], "texture": "#0"},
				"west": {"uv": [6.625, 8.25, 6.875, 8.875], "texture": "#0"},
				"up": {"uv": [8.5, 9.5, 8.25, 9.25], "texture": "#0"},
				"down": {"uv": [9.5, 9.125, 9.25, 9.375], "texture": "#0"}
			}
		},
		{
			"from": [7.218, -7.47305, -3.18145],
			"to": [8.782, -1.76905, -1.61745],
			"rotation": {"angle": -45, "axis": "x", "origin": [8, 8.23, 6.065]},
			"faces": {
				"north": {"uv": [8, 6.25, 8.25, 7], "texture": "#0"},
				"east": {"uv": [3.5, 8.125, 3.75, 8.875], "texture": "#0"},
				"south": {"uv": [3.75, 8.125, 4, 8.875], "texture": "#0"},
				"west": {"uv": [8.125, 4.25, 8.375, 5], "texture": "#0"},
				"up": {"uv": [9.625, 0.75, 9.375, 0.5], "texture": "#0"},
				"down": {"uv": [9.625, 1.125, 9.375, 1.375], "texture": "#0"}
			}
		},
		{
			"from": [7.79, -8.57, 11.23],
			"to": [8.21, 8.23, 11.65],
			"rotation": {"angle": 0, "axis": "y", "origin": [8, -8.17, 11.44]},
			"faces": {
				"north": {"uv": [4.125, 7.125, 4.25, 9.25], "texture": "#0"},
				"east": {"uv": [5.5, 7.125, 5.625, 9.25], "texture": "#0"},
				"south": {"uv": [5.625, 7.125, 5.75, 9.25], "texture": "#0"},
				"west": {"uv": [5.75, 7.125, 5.875, 9.25], "texture": "#0"},
				"up": {"uv": [9.125, 0.625, 9, 0.5], "texture": "#0"},
				"down": {"uv": [9.125, 5.5, 9, 5.625], "texture": "#0"}
			}
		},
		{
			"from": [7.22, -9.40914, 10.63051],
			"to": [8.78, -8.29914, 11.74051],
			"rotation": {"angle": 0, "axis": "y", "origin": [8, 8.23, 6.065]},
			"faces": {
				"north": {"uv": [8, 7, 8.25, 7.125], "texture": "#0"},
				"east": {"uv": [1.125, 8.25, 1.25, 8.375], "texture": "#0"},
				"south": {"uv": [8.125, 3.125, 8.375, 3.25], "texture": "#0"},
				"west": {"uv": [8.875, 7.125, 9, 7.25], "texture": "#0"},
				"up": {"uv": [6.125, 8.25, 5.875, 8.125], "texture": "#0"},
				"down": {"uv": [8.75, 7.25, 8.5, 7.375], "texture": "#0"}
			}
		},
		{
			"from": [7.22, 24.29914, 10.63051],
			"to": [8.78, 25.40914, 11.74051],
			"rotation": {"angle": 0, "axis": "y", "origin": [8, 7.77, 6.065]},
			"faces": {
				"north": {"uv": [8, 7.125, 8.25, 7], "texture": "#0"},
				"east": {"uv": [1.125, 8.375, 1.25, 8.25], "texture": "#0"},
				"south": {"uv": [8.125, 3.25, 8.375, 3.125], "texture": "#0"},
				"west": {"uv": [8.875, 7.25, 9, 7.125], "texture": "#0"},
				"up": {"uv": [8.75, 7.375, 8.5, 7.25], "texture": "#0"},
				"down": {"uv": [6.125, 8.125, 5.875, 8.25], "texture": "#0"}
			}
		},
		{
			"from": [7.218, 17.76905, -3.18145],
			"to": [8.782, 23.47305, -1.61745],
			"rotation": {"angle": 45, "axis": "x", "origin": [8, 7.77, 6.065]},
			"faces": {
				"north": {"uv": [8, 7, 8.25, 6.25], "texture": "#0"},
				"east": {"uv": [3.5, 8.875, 3.75, 8.125], "texture": "#0"},
				"south": {"uv": [3.75, 8.875, 4, 8.125], "texture": "#0"},
				"west": {"uv": [8.125, 5, 8.375, 4.25], "texture": "#0"},
				"up": {"uv": [9.625, 1.375, 9.375, 1.125], "texture": "#0"},
				"down": {"uv": [9.625, 0.5, 9.375, 0.75], "texture": "#0"}
			}
		},
		{
			"from": [6.62, -2.67105, -3.71945],
			"to": [9.38, -1.17105, -0.95945],
			"rotation": {"angle": -45, "axis": "x", "origin": [8, 8.23, 6.065]},
			"faces": {
				"north": {"uv": [9.125, 3.5, 9.5, 3.75], "texture": "#0"},
				"east": {"uv": [9.125, 3.75, 9.5, 4], "texture": "#0"},
				"south": {"uv": [9.125, 4, 9.5, 4.25], "texture": "#0"},
				"west": {"uv": [9.125, 4.25, 9.5, 4.5], "texture": "#0"},
				"up": {"uv": [2, 9.25, 1.625, 8.875], "texture": "#0"},
				"down": {"uv": [2.375, 8.875, 2, 9.25], "texture": "#0"}
			}
		},
		{
			"from": [8, -15.60447, 3.67893],
			"to": [8, 2.99553, 16.33893],
			"rotation": {"angle": 0, "axis": "y", "origin": [8, 8.23, 6.065]},
			"faces": {
				"north": {"uv": [0, 0, 0, 2.375], "texture": "#0"},
				"east": {"uv": [4.125, 2.375, 2.5, 4.75], "texture": "#0"},
				"south": {"uv": [0, 0, 0, 2.375], "texture": "#0"},
				"west": {"uv": [2.5, 2.375, 4.125, 4.75], "texture": "#0"},
				"up": {"uv": [0, 1.625, 0, 0], "texture": "#0"},
				"down": {"uv": [0, 0, 0, 1.625], "texture": "#0"}
			}
		},
		{
			"from": [6.62, 3.70275, 10.56876],
			"to": [9.38, 6.46275, 13.32876],
			"rotation": {"angle": 45, "axis": "x", "origin": [8, 8.23, 6.065]},
			"faces": {
				"north": {"uv": [8.625, 5.25, 9, 5.625], "texture": "#0"},
				"east": {"uv": [8, 8.625, 8.375, 9], "texture": "#0"},
				"south": {"uv": [8.375, 8.625, 8.75, 9], "texture": "#0"},
				"west": {"uv": [8.75, 1.125, 9.125, 1.5], "texture": "#0"},
				"up": {"uv": [9.125, 7.625, 8.75, 7.25], "texture": "#0"},
				"down": {"uv": [9.125, 8.375, 8.75, 8.75], "texture": "#0"}
			}
		},
		{
			"from": [7.86825, 2.95, 5.93325],
			"to": [10.86825, 4.45, 8.93325],
			"rotation": {"angle": -45, "axis": "y", "origin": [8, 8.23, 6.065]},
			"faces": {
				"north": {"uv": [9.5, 4.25, 9.875, 4.375], "texture": "#0"},
				"east": {"uv": [9.5, 4.375, 9.875, 4.5], "texture": "#0"},
				"south": {"uv": [5.875, 9.5, 6.25, 9.625], "texture": "#0"},
				"west": {"uv": [7.5, 9.5, 7.875, 9.625], "texture": "#0"},
				"up": {"uv": [9.125, 9.125, 8.75, 8.75], "texture": "#0"},
				"down": {"uv": [0.5, 8.875, 0.125, 9.25], "texture": "#0"}
			}
		},
		{
			"from": [8, 2.95, 1.94],
			"to": [8, 8.05, 7.28],
			"rotation": {"angle": 0, "axis": "y", "origin": [8, 8.23, 6.065]},
			"faces": {
				"north": {"uv": [0, 0, 0, 0.625], "texture": "#0"},
				"east": {"uv": [4, 6.25, 3.375, 6.875], "texture": "#0"},
				"south": {"uv": [0, 0, 0, 0.625], "texture": "#0"},
				"west": {"uv": [3.375, 6.25, 4, 6.875], "texture": "#0"},
				"up": {"uv": [0, 0.625, 0, 0], "texture": "#0"},
				"down": {"uv": [0, 0, 0, 0.625], "texture": "#0"}
			}
		},
		{
			"from": [7.79, 8.02, 11.23],
			"to": [8.21, 24.82, 11.65],
			"rotation": {"angle": 0, "axis": "y", "origin": [8, 24.42, 11.44]},
			"faces": {
				"north": {"uv": [4.125, 9.25, 4.25, 7.125], "texture": "#0"},
				"east": {"uv": [5.5, 9.25, 5.625, 7.125], "texture": "#0"},
				"south": {"uv": [5.625, 9.25, 5.75, 7.125], "texture": "#0"},
				"west": {"uv": [5.75, 9.25, 5.875, 7.125], "texture": "#0"},
				"up": {"uv": [9.125, 5.625, 9, 5.5], "texture": "#0"},
				"down": {"uv": [9.125, 0.5, 9, 0.625], "texture": "#0"}
			}
		},
		{
			"from": [8, 13.25447, 3.67893],
			"to": [8, 31.85447, 16.33893],
			"rotation": {"angle": 0, "axis": "y", "origin": [8, 8.02, 6.065]},
			"faces": {
				"north": {"uv": [0, 2.375, 0, 0], "texture": "#0"},
				"east": {"uv": [4.125, 4.75, 2.5, 2.375], "texture": "#0"},
				"south": {"uv": [0, 2.375, 0, 0], "texture": "#0"},
				"west": {"uv": [2.5, 4.75, 4.125, 2.375], "texture": "#0"},
				"up": {"uv": [0, 1.625, 0, 0], "texture": "#0"},
				"down": {"uv": [0, 0, 0, 1.625], "texture": "#0"}
			}
		},
		{
			"from": [6.62, 17.42105, -3.71945],
			"to": [9.38, 18.92105, -0.95945],
			"rotation": {"angle": 45, "axis": "x", "origin": [8, 8.02, 6.065]},
			"faces": {
				"north": {"uv": [9.125, 3.75, 9.5, 3.5], "texture": "#0"},
				"east": {"uv": [9.125, 4, 9.5, 3.75], "texture": "#0"},
				"south": {"uv": [9.125, 4.25, 9.5, 4], "texture": "#0"},
				"west": {"uv": [9.125, 4.5, 9.5, 4.25], "texture": "#0"},
				"up": {"uv": [2.375, 9.25, 2, 8.875], "texture": "#0"},
				"down": {"uv": [2, 8.875, 1.625, 9.25], "texture": "#0"}
			}
		},
		{
			"from": [7.22, 12.49277, 11.35427],
			"to": [8.78, 15.31277, 12.91427],
			"rotation": {"angle": -45, "axis": "x", "origin": [8, 8.02, 6.065]},
			"faces": {
				"north": {"uv": [7.125, 9.375, 7.375, 9], "texture": "#0"},
				"east": {"uv": [9.125, 0.875, 9.375, 0.5], "texture": "#0"},
				"south": {"uv": [9.125, 1.5, 9.375, 1.125], "texture": "#0"},
				"west": {"uv": [9.125, 3.5, 9.375, 3.125], "texture": "#0"},
				"up": {"uv": [8.25, 9.5, 8, 9.25], "texture": "#0"},
				"down": {"uv": [8, 9.25, 7.75, 9.5], "texture": "#0"}
			}
		},
		{
			"from": [7.218, 15.69547, 1.34948],
			"to": [8.782, 20.79947, 2.91348],
			"rotation": {"angle": 22.5, "axis": "x", "origin": [8, 8.02, 6.065]},
			"faces": {
				"north": {"uv": [0.125, 8.875, 0.375, 8.25], "texture": "#0"},
				"east": {"uv": [2.375, 8.875, 2.625, 8.25], "texture": "#0"},
				"south": {"uv": [8.25, 7.125, 8.5, 6.5], "texture": "#0"},
				"west": {"uv": [6.625, 8.875, 6.875, 8.25], "texture": "#0"},
				"up": {"uv": [9.5, 9.375, 9.25, 9.125], "texture": "#0"},
				"down": {"uv": [8.5, 9.25, 8.25, 9.5], "texture": "#0"}
			}
		},
		{
			"from": [6.62, 9.78725, 10.56876],
			"to": [9.38, 12.54725, 13.32876],
			"rotation": {"angle": -45, "axis": "x", "origin": [8, 8.02, 6.065]},
			"faces": {
				"north": {"uv": [8.625, 5.625, 9, 5.25], "texture": "#0"},
				"east": {"uv": [8, 9, 8.375, 8.625], "texture": "#0"},
				"south": {"uv": [8.375, 9, 8.75, 8.625], "texture": "#0"},
				"west": {"uv": [8.75, 1.5, 9.125, 1.125], "texture": "#0"},
				"up": {"uv": [9.125, 8.75, 8.75, 8.375], "texture": "#0"},
				"down": {"uv": [9.125, 7.25, 8.75, 7.625], "texture": "#0"}
			}
		},
		{
			"from": [7.86825, 11.8, 5.93325],
			"to": [10.86825, 13.3, 8.93325],
			"rotation": {"angle": -45, "axis": "y", "origin": [8, 8.02, 6.065]},
			"faces": {
				"north": {"uv": [9.5, 4.375, 9.875, 4.25], "texture": "#0"},
				"east": {"uv": [9.5, 4.5, 9.875, 4.375], "texture": "#0"},
				"south": {"uv": [5.875, 9.625, 6.25, 9.5], "texture": "#0"},
				"west": {"uv": [7.5, 9.625, 7.875, 9.5], "texture": "#0"},
				"up": {"uv": [0.5, 9.25, 0.125, 8.875], "texture": "#0"},
				"down": {"uv": [9.125, 8.75, 8.75, 9.125], "texture": "#0"}
			}
		},
		{
			"from": [8, 8.2, 1.94],
			"to": [8, 13.3, 7.28],
			"rotation": {"angle": 0, "axis": "y", "origin": [8, 8.02, 6.065]},
			"faces": {
				"north": {"uv": [0, 0.625, 0, 0], "texture": "#0"},
				"east": {"uv": [4, 6.875, 3.375, 6.25], "texture": "#0"},
				"south": {"uv": [0, 0.625, 0, 0], "texture": "#0"},
				"west": {"uv": [3.375, 6.875, 4, 6.25], "texture": "#0"},
				"up": {"uv": [0, 0.625, 0, 0], "texture": "#0"},
				"down": {"uv": [0, 0, 0, 0.625], "texture": "#0"}
			}
		},
		{
			"name": "stoke",
			"from": [9.78701, -3.46266, 7.9623],
			"to": [6.21299, -5.41526, 4.1177],
			"rotation": {"angle": -45, "axis": "x", "origin": [8, -2.96696, 7.24]},
			"faces": {
				"north": {"uv": [7.625, 5.125, 7.75, 5.25], "texture": "#0"},
				"east": {"uv": [7.625, 5.125, 7.75, 5.25], "texture": "#0"},
				"south": {"uv": [7.625, 5.125, 7.75, 5.25], "texture": "#0"},
				"west": {"uv": [7.625, 5.125, 7.75, 5.25], "texture": "#0"},
				"up": {"uv": [7.625, 5.125, 7.75, 5.25], "texture": "#0"},
				"down": {"uv": [7.625, 5.125, 7.75, 5.25], "texture": "#0"}
			}
		},
		{
			"name": "stoke",
			"from": [9.78701, -11.3772, 8.91743],
			"to": [6.21299, -14.96492, 5.32971],
			"rotation": {"angle": 45, "axis": "x", "origin": [8, -6.7432, 25.70031]},
			"faces": {
				"north": {"uv": [7.625, 5.125, 7.75, 5.25], "texture": "#0"},
				"east": {"uv": [7.625, 5.125, 7.75, 5.25], "texture": "#0"},
				"south": {"uv": [7.625, 5.125, 7.75, 5.25], "texture": "#0"},
				"west": {"uv": [7.625, 5.125, 7.75, 5.25], "texture": "#0"},
				"up": {"uv": [7.625, 5.125, 7.75, 5.25], "texture": "#0"},
				"down": {"uv": [7.625, 5.125, 7.75, 5.25], "texture": "#0"}
			}
		},
		{
			"name": "stoke",
			"from": [9.78701, 21.41526, 7.9623],
			"to": [6.21299, 19.46266, 4.1177],
			"rotation": {"angle": 45, "axis": "x", "origin": [8, 18.96696, 7.24]},
			"faces": {
				"north": {"uv": [7.625, 5.25, 7.75, 5.125], "texture": "#0"},
				"east": {"uv": [7.625, 5.25, 7.75, 5.125], "texture": "#0"},
				"south": {"uv": [7.625, 5.25, 7.75, 5.125], "texture": "#0"},
				"west": {"uv": [7.625, 5.25, 7.75, 5.125], "texture": "#0"},
				"up": {"uv": [7.625, 5.25, 7.75, 5.125], "texture": "#0"},
				"down": {"uv": [7.625, 5.25, 7.75, 5.125], "texture": "#0"}
			}
		},
		{
			"name": "stoke",
			"from": [9.78701, 30.96492, 8.91743],
			"to": [6.21299, 27.3772, 5.32971],
			"rotation": {"angle": -45, "axis": "x", "origin": [8, 22.7432, 25.70031]},
			"faces": {
				"north": {"uv": [7.625, 5.25, 7.75, 5.125], "texture": "#0"},
				"east": {"uv": [7.625, 5.25, 7.75, 5.125], "texture": "#0"},
				"south": {"uv": [7.625, 5.25, 7.75, 5.125], "texture": "#0"},
				"west": {"uv": [7.625, 5.25, 7.75, 5.125], "texture": "#0"},
				"up": {"uv": [7.625, 5.25, 7.75, 5.125], "texture": "#0"},
				"down": {"uv": [7.625, 5.25, 7.75, 5.125], "texture": "#0"}
			}
		},
		{
			"name": "ef",
			"from": [4.86412, -0.8, 4.94118],
			"to": [4.86412, 24.8, 10.94118],
			"rotation": {"angle": -22.5, "axis": "y", "origin": [8, 15.6, 8.58966]},
			"faces": {
				"north": {"uv": [0, 0, 0, 4], "texture": "#missing"},
				"east": {"uv": [3.6875, 0, 0.25, 16], "texture": "#1"},
				"south": {"uv": [0, 0, 0, 4], "texture": "#missing"},
				"west": {"uv": [0.25, 0, 3.6875, 16], "texture": "#1"},
				"up": {"uv": [0, 0, 0, 1.1875], "texture": "#missing"},
				"down": {"uv": [0, 0, 0, 1.1875], "texture": "#missing"}
			}
		},
		{
			"name": "ef",
			"from": [5.0535, -15.4, 2.37642],
			"to": [5.0535, 10.2, 8.37642],
			"rotation": {"angle": -22.5, "axis": "y", "origin": [6.9535, 0.4, 5.37642]},
			"faces": {
				"north": {"uv": [0, 0, 0, 4], "texture": "#missing"},
				"east": {"uv": [11.6875, 0, 8.25, 16], "texture": "#1"},
				"south": {"uv": [0, 0, 0, 4], "texture": "#missing"},
				"west": {"uv": [8.25, 0, 11.6875, 16], "texture": "#1"},
				"up": {"uv": [0, 0, 0, 1.1875], "texture": "#missing"},
				"down": {"uv": [0, 0, 0, 1.1875], "texture": "#missing"}
			}
		},
		{
			"name": "ef",
			"from": [10.05175, 6.4, 7.55849],
			"to": [10.05175, 32, 13.55849],
			"rotation": {"angle": 22.5, "axis": "y", "origin": [8, 15.6, 8.58966]},
			"faces": {
				"north": {"uv": [0, 0, 0, 4], "texture": "#missing"},
				"east": {"uv": [7.6875, 0, 4.25, 16], "texture": "#1"},
				"south": {"uv": [0, 0, 0, 4], "texture": "#missing"},
				"west": {"uv": [4.25, 0, 7.6875, 16], "texture": "#1"},
				"up": {"uv": [0, 1.1875, 0, 0], "rotation": 180, "texture": "#missing"},
				"down": {"uv": [0, 1.1875, 0, 0], "rotation": 180, "texture": "#missing"}
			}
		},
		{
			"name": "ef",
			"from": [10.37263, -14, 4.8267],
			"to": [10.37263, 11.6, 10.8267],
			"rotation": {"angle": 22.5, "axis": "y", "origin": [8.12263, 10.8, 7.8267]},
			"faces": {
				"north": {"uv": [0, 0, 0, 4], "texture": "#missing"},
				"east": {"uv": [15.6875, 0, 12.25, 16], "texture": "#1"},
				"south": {"uv": [0, 0, 0, 4], "texture": "#missing"},
				"west": {"uv": [12.25, 0, 15.6875, 16], "texture": "#1"},
				"up": {"uv": [0, 1.1875, 0, 0], "rotation": 180, "texture": "#missing"},
				"down": {"uv": [0, 1.1875, 0, 0], "rotation": 180, "texture": "#missing"}
			}
		}
	],
	"gui_light": "front",
	"display": {
		"thirdperson_righthand": {
			"translation": [0, -2, 0],
			"scale": [0.8, 0.8, 0.8]
		},
		"thirdperson_lefthand": {
			"translation": [0, -2, 0],
			"scale": [0.8, 0.8, 0.8]
		},
		"firstperson_righthand": {
			"translation": [14, 7, -13],
			"scale": [0.95, 0.95, 0.95]
		},
		"firstperson_lefthand": {
			"translation": [14, 7, -13],
			"scale": [0.95, 0.95, 0.95]
		},
		"ground": {
			"rotation": [45, 0, 0],
			"translation": [0, 2.5, 0.5],
			"scale": [0.3, 0.3, 0.3]
		},
		"gui": {
			"rotation": [83.92, 45, -85.7],
			"translation": [-1, 1, 0],
			"scale": [0.53, 0.53, 0.53]
		},
		"head": {
			"translation": [0, 6.5, 0],
			"scale": [0, 0, 0]
		},
		"fixed": {
			"rotation": [0, -90, 0],
			"translation": [-0.25, -1, -0.75],
			"scale": [0.71, 0.71, 0.71]
		}
	},
	"groups": [
		{
			"name": "bow_easter",
			"origin": [8, 0.85, 8],
			"color": 0,
			"nbt": "{}",
			"children": [0, 1, 2, 3, 4, 5, 6, 7, 8, 9, 10, 11, 12, 13, 14, 15, 16, 17, 18, 19, 20, 21, 22, 23, 24, 25, 26, 27, 28]
		}
	]
}