{
	"credit": "by w11shes",
	"texture_size": [8, 8],
	"textures": {
		"0": "item/dragon/dragonborn_fishing_rod",
		"1": "item/dragon/dragonborn_particle",
		"particle": "item/dragon/dragonborn_fishing_rod"
	},
	"elements": [
		{
			"from": [7, 11, 7],
			"to": [9, 24, 9],
			"rotation": {"angle": 45, "axis": "y", "origin": [8, 9, 8]},
			"faces": {
				"north": {"uv": [3.5, 4.75, 4, 8], "texture": "#0"},
				"east": {"uv": [4, 4.75, 3.5, 8], "texture": "#0"},
				"south": {"uv": [3.5, 4.75, 4, 8], "texture": "#0"},
				"west": {"uv": [4, 4.75, 3.5, 8], "texture": "#0"}
			}
		},
		{
			"from": [7, -8, 7],
			"to": [9, 0, 9],
			"rotation": {"angle": 45, "axis": "y", "origin": [8, 10, 8]},
			"faces": {
				"north": {"uv": [3, 6.25, 3.5, 8.25], "texture": "#0"},
				"east": {"uv": [3.5, 6.25, 3, 8.25], "texture": "#0"},
				"south": {"uv": [3.5, 6.25, 3, 8.25], "texture": "#0"},
				"west": {"uv": [3, 6.25, 3.5, 8.25], "texture": "#0"}
			}
		},
		{
			"from": [6.5, 24, 6.5],
			"to": [9.5, 27, 9.5],
			"rotation": {"angle": 0, "axis": "y", "origin": [8.5, 25, 8.5]},
			"faces": {
				"north": {"uv": [1.75, 7.25, 2.5, 8], "texture": "#0"},
				"east": {"uv": [0, 7.75, 0.75, 8.5], "texture": "#0"},
				"south": {"uv": [2.5, 7.25, 1.75, 8], "texture": "#0"},
				"west": {"uv": [1, 6.75, 1.75, 7.5], "texture": "#0"},
				"up": {"uv": [7.75, 7.5, 7, 6.75], "texture": "#0"},
				"down": {"uv": [8, 0.75, 7.25, 1.5], "texture": "#0"}
			}
		},
		{
			"from": [4.5, 27, 8],
			"to": [9.5, 32, 8.05],
			"rotation": {"angle": 0, "axis": "y", "origin": [8.5, 24, 8.5]},
			"faces": {
				"north": {"uv": [5.25, 0.75, 6.5, 2], "texture": "#0"},
				"south": {"uv": [6.5, 0.75, 5.25, 2], "texture": "#0"}
			}
		},
		{
			"from": [6.5, 27, 7.5],
			"to": [9.5, 30, 8.5],
			"rotation": {"angle": 0, "axis": "y", "origin": [8.5, 24, 8.5]},
			"faces": {
				"north": {"uv": [5.25, 1.25, 6, 2], "texture": "#0"},
				"east": {"uv": [5.25, 1.25, 5.5, 2], "texture": "#0"},
				"south": {"uv": [6, 1.25, 5.25, 2], "texture": "#0"},
				"west": {"uv": [5.75, 1.25, 6, 2], "texture": "#0"},
				"up": {"uv": [6, 1.25, 5.25, 1.5], "texture": "#0"}
			}
		},
		{
			"from": [6.5, 5, 6.5],
			"to": [9.5, 11, 9.5],
			"rotation": {"angle": 0, "axis": "y", "origin": [8.5, 18, 8.5]},
			"faces": {
				"north": {"uv": [8, 0.75, 8.75, 2.25], "texture": "#0"},
				"east": {"uv": [8.75, 0.75, 9.5, 2.25], "texture": "#0"},
				"south": {"uv": [8.75, 0.75, 8, 2.25], "texture": "#0"},
				"west": {"uv": [6.5, 0.75, 7.25, 2.25], "texture": "#0"},
				"up": {"uv": [8, 6, 7.25, 5.25], "texture": "#0"}
			}
		},
		{
			"from": [1.5, 6, 8],
			"to": [6.5, 27, 8.05],
			"rotation": {"angle": 0, "axis": "y", "origin": [8.5, 18, 8.5]},
			"faces": {
				"north": {"uv": [4, 0, 5.25, 5.25], "texture": "#0"},
				"south": {"uv": [5.25, 0, 4, 5.25], "texture": "#0"}
			}
		},
		{
			"from": [9.2, 25.5, 6.2],
			"to": [12.2, 25.55, 9.2],
			"rotation": {"angle": 45, "axis": "y", "origin": [11, 11, 8]},
			"faces": {
				"up": {"uv": [8, 2.25, 7.25, 1.5], "texture": "#0"},
				"down": {"uv": [8, 1.5, 7.25, 2.25], "texture": "#0"}
			}
		},
		{
			"from": [9.2, 17.5, 6.2],
			"to": [12.2, 17.55, 9.2],
			"rotation": {"angle": 45, "axis": "y", "origin": [11, 3, 8]},
			"faces": {
				"up": {"uv": [8, 2.25, 7.25, 1.5], "texture": "#0"},
				"down": {"uv": [8, 1.5, 7.25, 2.25], "texture": "#0"}
			}
		},
		{
			"from": [9.2, 9.5, 6.2],
			"to": [12.2, 9.55, 9.2],
			"rotation": {"angle": 45, "axis": "y", "origin": [11, -5, 8]},
			"faces": {
				"up": {"uv": [8, 2.25, 7.25, 1.5], "texture": "#0"},
				"down": {"uv": [8, 1.5, 7.25, 2.25], "texture": "#0"}
			}
		},
		{
			"from": [6.5, 16, 6.5],
			"to": [9.5, 19, 9.5],
			"rotation": {"angle": 0, "axis": "y", "origin": [8.5, 17, 8.5]},
			"faces": {
				"north": {"uv": [1.75, 7.25, 2.5, 8], "texture": "#0"},
				"east": {"uv": [0, 7.75, 0.75, 8.5], "texture": "#0"},
				"south": {"uv": [2.5, 7.25, 1.75, 8], "texture": "#0"},
				"west": {"uv": [1, 6.75, 1.75, 7.5], "texture": "#0"},
				"up": {"uv": [7.75, 7.5, 7, 6.75], "texture": "#0"},
				"down": {"uv": [8, 0.75, 7.25, 1.5], "texture": "#0"}
			}
		},
		{
			"from": [5.5, 0, 5.5],
			"to": [10.5, 5, 10.5],
			"faces": {
				"north": {"uv": [5.25, 2, 6.5, 3.25], "texture": "#0"},
				"south": {"uv": [6.5, 2, 5.25, 3.25], "texture": "#0"},
				"up": {"uv": [6.5, 4.5, 5.25, 3.25], "texture": "#0"},
				"down": {"uv": [5.25, 5.25, 4, 6.5], "texture": "#0"}
			}
		},
		{
			"from": [5.5, 0, 6.5],
			"to": [10.5, 5, 9.5],
			"faces": {
				"north": {"uv": [9.5, 0, 10.75, 1.25], "texture": "#0"},
				"south": {"uv": [9.5, 0, 10.75, 1.25], "texture": "#0"}
			}
		},
		{
			"from": [10.5, 5, 10.5],
			"to": [5.5, 0, 5.5],
			"rotation": {"angle": 0, "axis": "y", "origin": [11, 0, 45]},
			"faces": {
				"north": {"uv": [6.5, 3.25, 5.25, 2], "texture": "#0"},
				"south": {"uv": [5.25, 3.25, 6.5, 2], "texture": "#0"},
				"up": {"uv": [4, 5.25, 5.25, 6.5], "texture": "#0"},
				"down": {"uv": [5.25, 4.5, 6.5, 3.25], "texture": "#0"}
			}
		},
		{
			"from": [4.5, -6, 5.5],
			"to": [11.5, 1, 5.55],
			"rotation": {"angle": 45, "axis": "x", "origin": [8, 0, 5.5]},
			"faces": {
				"north": {"uv": [8.25, 2.25, 10, 4], "texture": "#0"},
				"south": {"uv": [8.25, 2.25, 10, 4], "texture": "#0"}
			}
		},
		{
			"from": [4.5, -6, 10.45],
			"to": [11.5, 1, 10.5],
			"rotation": {"angle": -45, "axis": "x", "origin": [8, 0, 10.5]},
			"faces": {
				"north": {"uv": [8.25, 2.25, 10, 4], "texture": "#0"},
				"south": {"uv": [8.25, 2.25, 10, 4], "texture": "#0"}
			}
		},
		{
			"from": [1.96447, 0, 5.48],
			"to": [5.5, 3.53553, 10.52],
			"rotation": {"angle": -45, "axis": "z", "origin": [5.5, 0, 5]},
			"faces": {
				"north": {"uv": [6.5, 2.25, 7.5, 3.25], "texture": "#0"},
				"south": {"uv": [7.5, 2.25, 6.5, 3.25], "texture": "#0"},
				"west": {"uv": [5.25, 4.5, 6.5, 5.5], "texture": "#0"},
				"down": {"uv": [6.25, 5.5, 5.25, 6.75], "texture": "#0"}
			}
		},
		{
			"from": [1.96447, 0, 6.48],
			"to": [5.5, 3.53553, 9.52],
			"rotation": {"angle": -45, "axis": "z", "origin": [5.5, 0, 5]},
			"faces": {
				"north": {"uv": [9.5, 1.25, 10.5, 2.25], "texture": "#0"},
				"south": {"uv": [10.5, 1.25, 9.5, 2.25], "texture": "#0"}
			}
		},
		{
			"from": [7.57103, 8.5355, 10.52],
			"to": [4.03553, 5, 5.48],
			"rotation": {"angle": -45, "axis": "z", "origin": [0.5, 5, -4.04]},
			"faces": {
				"north": {"uv": [7.5, 3.25, 6.5, 2.25], "texture": "#0"},
				"east": {"uv": [5.25, 5.5, 6.5, 4.5], "texture": "#0"},
				"south": {"uv": [6.5, 3.25, 7.5, 2.25], "texture": "#0"},
				"up": {"uv": [5.25, 5.5, 6.25, 6.75], "texture": "#0"}
			}
		},
		{
			"from": [10.5, 0, 5.47],
			"to": [14.03553, 3.53553, 10.51],
			"rotation": {"angle": 45, "axis": "z", "origin": [10.5, 0, 5]},
			"faces": {
				"north": {"uv": [6.5, 3.25, 7.5, 4.25], "texture": "#0"},
				"east": {"uv": [1.75, 6.25, 3, 7.25], "texture": "#0"},
				"south": {"uv": [7.5, 3.25, 6.5, 4.25], "texture": "#0"},
				"down": {"uv": [7.25, 5.5, 6.25, 6.75], "texture": "#0"}
			}
		},
		{
			"from": [10.5, 0, 6.47],
			"to": [14.03553, 3.53553, 9.51],
			"rotation": {"angle": 45, "axis": "z", "origin": [10.5, 0, 5]},
			"faces": {
				"north": {"uv": [10.5, 1.25, 11.5, 2.25], "texture": "#0"},
				"south": {"uv": [11.5, 1.25, 10.5, 2.25], "texture": "#0"}
			}
		},
		{
			"from": [14.0355, 3.53555, 10.51],
			"to": [10.5, 0.00005, 5.47],
			"rotation": {"angle": 45, "axis": "z", "origin": [10.5, 0.00005, -4.06]},
			"faces": {
				"north": {"uv": [7.5, 4.25, 6.5, 3.25], "texture": "#0"},
				"south": {"uv": [6.5, 4.25, 7.5, 3.25], "texture": "#0"},
				"west": {"uv": [1.75, 7.25, 3, 6.25], "texture": "#0"},
				"up": {"uv": [6.25, 5.5, 7.25, 6.75], "texture": "#0"}
			}
		},
		{
			"from": [5.41421, 6.81371, 8],
			"to": [21.41421, 25.81371, 8.05],
			"rotation": {"angle": 45, "axis": "z", "origin": [14.41421, 13.81371, 5.5]},
			"faces": {
				"north": {"uv": [0, 0, 4, 4.75], "texture": "#0"},
				"south": {"uv": [4, 0, 0, 4.75], "texture": "#0"}
			}
		},
		{
			"from": [6, -11.3, 6],
			"to": [10, -7.3, 10],
			"rotation": {"angle": -45, "axis": "z", "origin": [8, -9.3, 8]},
			"faces": {
				"north": {"uv": [4, 6.5, 5, 7.5], "texture": "#0"},
				"east": {"uv": [6.5, 4.25, 7.5, 5.25], "texture": "#0"},
				"south": {"uv": [5, 6.5, 4, 7.5], "texture": "#0"},
				"west": {"uv": [0, 6.75, 1, 7.75], "texture": "#0"},
				"up": {"uv": [6, 7.75, 5, 6.75], "texture": "#0"},
				"down": {"uv": [7, 6.75, 6, 7.75], "texture": "#0"}
			}
		},
		{
			"from": [3.5, -17.6, 8],
			"to": [10.5, -9.6, 8.05],
			"rotation": {"angle": 0, "axis": "y", "origin": [0, -8.8, 0]},
			"faces": {
				"north": {"uv": [0, 4.75, 1.75, 6.75], "texture": "#0"},
				"south": {"uv": [1.75, 4.75, 0, 6.75], "texture": "#0"}
			}
		},
		{
			"from": [5.5, -14.6, 7],
			"to": [10.5, -9.6, 8],
			"rotation": {"angle": 0, "axis": "y", "origin": [0, -8.8, 0]},
			"faces": {
				"north": {"uv": [0, 4.75, 1.25, 6], "texture": "#0"},
				"east": {"uv": [0, 4.75, 0.25, 6], "texture": "#0"},
				"south": {"uv": [1.25, 4.75, 0, 6], "texture": "#0"},
				"west": {"uv": [1, 4.75, 1.25, 6], "texture": "#0"},
				"down": {"uv": [1.25, 5.75, 0, 6], "texture": "#0"}
			}
		},
		{
			"from": [9.45, -0.45, 3.45],
			"to": [10.05, 0.15, 4.05],
			"shade": false,
			"rotation": {"angle": 0, "axis": "y", "origin": [22, -6, 0]},
			"faces": {
				"north": {"uv": [0, 14, 2, 16], "rotation": 90, "texture": "#1"},
				"east": {"uv": [0, 14, 2, 16], "rotation": 270, "texture": "#1"},
				"south": {"uv": [0, 14, 2, 16], "rotation": 270, "texture": "#1"},
				"west": {"uv": [0, 14, 2, 16], "rotation": 270, "texture": "#1"},
				"up": {"uv": [0, 14, 2, 16], "rotation": 270, "texture": "#1"},
				"down": {"uv": [0, 14, 2, 16], "rotation": 270, "texture": "#1"}
			}
		},
		{
			"from": [10.3, 0.4, 4.3],
			"to": [9.2, -0.7, 3.2],
			"shade": false,
			"rotation": {"angle": 0, "axis": "y", "origin": [22, -6, 0]},
			"faces": {
				"north": {"uv": [2, 14, 4, 16], "rotation": 90, "texture": "#1"},
				"east": {"uv": [2, 14, 4, 16], "rotation": 270, "texture": "#1"},
				"south": {"uv": [2, 14, 4, 16], "rotation": 270, "texture": "#1"},
				"west": {"uv": [2, 14, 4, 16], "rotation": 270, "texture": "#1"},
				"up": {"uv": [2, 14, 4, 16], "rotation": 270, "texture": "#1"},
				"down": {"uv": [2, 14, 4, 16], "rotation": 270, "texture": "#1"}
			}
		},
		{
			"from": [11.95616, 3.56436, 3.4],
			"to": [12.65616, 4.26436, 4.1],
			"shade": false,
			"rotation": {"angle": 22.5, "axis": "z", "origin": [22, -6, 0]},
			"faces": {
				"north": {"uv": [0, 12, 2, 14], "rotation": 90, "texture": "#1"},
				"east": {"uv": [0, 12, 2, 14], "rotation": 270, "texture": "#1"},
				"south": {"uv": [0, 12, 2, 14], "rotation": 270, "texture": "#1"},
				"west": {"uv": [0, 12, 2, 14], "rotation": 270, "texture": "#1"},
				"up": {"uv": [0, 12, 2, 14], "rotation": 270, "texture": "#1"},
				"down": {"uv": [0, 12, 2, 14], "rotation": 270, "texture": "#1"}
			}
		},
		{
			"from": [12.95616, 4.56436, 4.4],
			"to": [11.65616, 3.26436, 3.1],
			"shade": false,
			"rotation": {"angle": 22.5, "axis": "z", "origin": [22, -6, 0]},
			"faces": {
				"north": {"uv": [2, 12, 4, 14], "rotation": 90, "texture": "#1"},
				"east": {"uv": [2, 12, 4, 14], "rotation": 270, "texture": "#1"},
				"south": {"uv": [2, 12, 4, 14], "rotation": 270, "texture": "#1"},
				"west": {"uv": [2, 12, 4, 14], "rotation": 270, "texture": "#1"},
				"up": {"uv": [2, 12, 4, 14], "rotation": 270, "texture": "#1"},
				"down": {"uv": [2, 12, 4, 14], "rotation": 270, "texture": "#1"}
			}
		},
		{
			"from": [15.48959, 6.65219, 3.25],
			"to": [16.48959, 7.65219, 4.25],
			"shade": false,
			"rotation": {"angle": 45, "axis": "z", "origin": [22, -6, 0]},
			"faces": {
				"north": {"uv": [0, 10, 2, 12], "rotation": 90, "texture": "#1"},
				"east": {"uv": [0, 10, 2, 12], "rotation": 270, "texture": "#1"},
				"south": {"uv": [0, 10, 2, 12], "rotation": 270, "texture": "#1"},
				"west": {"uv": [0, 10, 2, 12], "rotation": 270, "texture": "#1"},
				"up": {"uv": [0, 10, 2, 12], "rotation": 270, "texture": "#1"},
				"down": {"uv": [0, 10, 2, 12], "rotation": 270, "texture": "#1"}
			}
		},
		{
			"from": [16.73959, 7.90219, 4.5],
			"to": [15.23959, 6.40219, 3],
			"shade": false,
			"rotation": {"angle": 45, "axis": "z", "origin": [22, -6, 0]},
			"faces": {
				"north": {"uv": [2, 10, 4, 12], "rotation": 90, "texture": "#1"},
				"east": {"uv": [2, 10, 4, 12], "rotation": 270, "texture": "#1"},
				"south": {"uv": [2, 10, 4, 12], "rotation": 270, "texture": "#1"},
				"west": {"uv": [2, 10, 4, 12], "rotation": 270, "texture": "#1"},
				"up": {"uv": [2, 10, 4, 12], "rotation": 270, "texture": "#1"},
				"down": {"uv": [2, 10, 4, 12], "rotation": 270, "texture": "#1"}
			}
		},
		{
			"from": [6.17256, -6.73332, 3.25],
			"to": [7.17256, -5.73332, 4.25],
			"shade": false,
			"rotation": {"angle": -22.5, "axis": "z", "origin": [22, -6, 0]},
			"faces": {
				"north": {"uv": [0, 8, 2, 10], "rotation": 180, "texture": "#1"},
				"east": {"uv": [0, 8, 2, 10], "rotation": 180, "texture": "#1"},
				"south": {"uv": [0, 8, 2, 10], "rotation": 180, "texture": "#1"},
				"west": {"uv": [0, 8, 2, 10], "rotation": 180, "texture": "#1"},
				"up": {"uv": [0, 8, 2, 10], "rotation": 180, "texture": "#1"},
				"down": {"uv": [0, 8, 2, 10], "rotation": 180, "texture": "#1"}
			}
		},
		{
			"from": [7.42256, -5.48332, 4.5],
			"to": [5.92256, -6.98332, 3],
			"shade": false,
			"rotation": {"angle": -22.5, "axis": "z", "origin": [22, -6, 0]},
			"faces": {
				"north": {"uv": [2, 8, 4, 10], "rotation": 180, "texture": "#1"},
				"east": {"uv": [2, 8, 4, 10], "rotation": 180, "texture": "#1"},
				"south": {"uv": [2, 8, 4, 10], "rotation": 180, "texture": "#1"},
				"west": {"uv": [2, 8, 4, 10], "rotation": 180, "texture": "#1"},
				"up": {"uv": [2, 8, 4, 10], "rotation": 180, "texture": "#1"},
				"down": {"uv": [2, 8, 4, 10], "rotation": 180, "texture": "#1"}
			}
		},
		{
			"from": [6.65, -0.35, 3.25],
			"to": [7.65, 0.65, 4.25],
			"shade": false,
			"rotation": {"angle": 0, "axis": "y", "origin": [22, -6, 0]},
			"faces": {
				"north": {"uv": [0, 6, 2, 8], "rotation": 90, "texture": "#1"},
				"east": {"uv": [0, 6, 2, 8], "rotation": 270, "texture": "#1"},
				"south": {"uv": [0, 6, 2, 8], "rotation": 270, "texture": "#1"},
				"west": {"uv": [0, 6, 2, 8], "rotation": 270, "texture": "#1"},
				"up": {"uv": [0, 6, 2, 8], "rotation": 270, "texture": "#1"},
				"down": {"uv": [0, 6, 2, 8], "rotation": 270, "texture": "#1"}
			}
		},
		{
			"from": [7.9, 0.9, 4.5],
			"to": [6.4, -0.6, 3],
			"shade": false,
			"rotation": {"angle": 0, "axis": "y", "origin": [22, -6, 0]},
			"faces": {
				"north": {"uv": [2, 6, 4, 8], "rotation": 90, "texture": "#1"},
				"east": {"uv": [2, 6, 4, 8], "rotation": 270, "texture": "#1"},
				"south": {"uv": [2, 6, 4, 8], "rotation": 270, "texture": "#1"},
				"west": {"uv": [2, 6, 4, 8], "rotation": 270, "texture": "#1"},
				"up": {"uv": [2, 6, 4, 8], "rotation": 270, "texture": "#1"},
				"down": {"uv": [2, 6, 4, 8], "rotation": 270, "texture": "#1"}
			}
		},
		{
			"from": [4.91432, -6.84191, 3.4],
			"to": [5.61432, -6.14191, 4.1],
			"shade": false,
			"rotation": {"angle": -22.5, "axis": "z", "origin": [22, -6, 0]},
			"faces": {
				"north": {"uv": [0, 4, 2, 6], "rotation": 90, "texture": "#1"},
				"east": {"uv": [0, 4, 2, 6], "rotation": 270, "texture": "#1"},
				"south": {"uv": [0, 4, 2, 6], "rotation": 270, "texture": "#1"},
				"west": {"uv": [0, 4, 2, 6], "rotation": 270, "texture": "#1"},
				"up": {"uv": [0, 4, 2, 6], "rotation": 270, "texture": "#1"},
				"down": {"uv": [0, 4, 2, 6], "rotation": 270, "texture": "#1"}
			}
		},
		{
			"from": [5.91432, -5.84191, 4.4],
			"to": [4.61432, -7.14191, 3.1],
			"shade": false,
			"rotation": {"angle": -22.5, "axis": "z", "origin": [22, -6, 0]},
			"faces": {
				"north": {"uv": [2, 4, 4, 6], "rotation": 90, "texture": "#1"},
				"east": {"uv": [2, 4, 4, 6], "rotation": 270, "texture": "#1"},
				"south": {"uv": [2, 4, 4, 6], "rotation": 270, "texture": "#1"},
				"west": {"uv": [2, 4, 4, 6], "rotation": 270, "texture": "#1"},
				"up": {"uv": [2, 4, 4, 6], "rotation": 270, "texture": "#1"},
				"down": {"uv": [2, 4, 4, 6], "rotation": 270, "texture": "#1"}
			}
		},
		{
			"from": [5.45, -0.6, 3.45],
			"to": [6.05, 0, 4.05],
			"shade": false,
			"rotation": {"angle": 0, "axis": "y", "origin": [22, -6, 0]},
			"faces": {
				"north": {"uv": [0, 2, 2, 4], "rotation": 90, "texture": "#1"},
				"east": {"uv": [0, 2, 2, 4], "rotation": 270, "texture": "#1"},
				"south": {"uv": [0, 2, 2, 4], "rotation": 270, "texture": "#1"},
				"west": {"uv": [0, 2, 2, 4], "rotation": 270, "texture": "#1"},
				"up": {"uv": [0, 2, 2, 4], "rotation": 270, "texture": "#1"},
				"down": {"uv": [0, 2, 2, 4], "rotation": 270, "texture": "#1"}
			}
		},
		{
			"from": [6.3, 0.25, 4.3],
			"to": [5.2, -0.85, 3.2],
			"shade": false,
			"rotation": {"angle": 0, "axis": "y", "origin": [22, -6, 0]},
			"faces": {
				"north": {"uv": [2, 2, 4, 4], "rotation": 90, "texture": "#1"},
				"east": {"uv": [2, 2, 4, 4], "rotation": 270, "texture": "#1"},
				"south": {"uv": [2, 2, 4, 4], "rotation": 270, "texture": "#1"},
				"west": {"uv": [2, 2, 4, 4], "rotation": 270, "texture": "#1"},
				"up": {"uv": [2, 2, 4, 4], "rotation": 270, "texture": "#1"},
				"down": {"uv": [2, 2, 4, 4], "rotation": 270, "texture": "#1"}
			}
		},
		{
			"from": [6.45, 3.85, 3.45],
			"to": [7.05, 4.45, 4.05],
			"shade": false,
			"rotation": {"angle": 0, "axis": "y", "origin": [21, -6, 0]},
			"faces": {
				"north": {"uv": [6, 14, 4, 16], "rotation": 90, "texture": "#1"},
				"east": {"uv": [6, 14, 4, 16], "rotation": 270, "texture": "#1"},
				"south": {"uv": [6, 14, 4, 16], "rotation": 270, "texture": "#1"},
				"west": {"uv": [6, 14, 4, 16], "rotation": 270, "texture": "#1"},
				"up": {"uv": [6, 14, 4, 16], "rotation": 270, "texture": "#1"},
				"down": {"uv": [6, 14, 4, 16], "rotation": 270, "texture": "#1"}
			}
		},
		{
			"from": [7.3, 4.7, 4.3],
			"to": [6.2, 3.6, 3.2],
			"shade": false,
			"rotation": {"angle": 0, "axis": "y", "origin": [21, -6, 0]},
			"faces": {
				"north": {"uv": [8, 14, 6, 16], "rotation": 90, "texture": "#1"},
				"east": {"uv": [8, 14, 6, 16], "rotation": 270, "texture": "#1"},
				"south": {"uv": [8, 14, 6, 16], "rotation": 270, "texture": "#1"},
				"west": {"uv": [8, 14, 6, 16], "rotation": 270, "texture": "#1"},
				"up": {"uv": [8, 14, 6, 16], "rotation": 270, "texture": "#1"},
				"down": {"uv": [8, 14, 6, 16], "rotation": 270, "texture": "#1"}
			}
		},
		{
			"from": [2.98547, -2.24765, 3.4],
			"to": [3.68547, -1.54765, 4.1],
			"shade": false,
			"rotation": {"angle": -22.5, "axis": "z", "origin": [21, -6, 0]},
			"faces": {
				"north": {"uv": [6, 12, 4, 14], "rotation": 90, "texture": "#1"},
				"east": {"uv": [6, 12, 4, 14], "rotation": 270, "texture": "#1"},
				"south": {"uv": [6, 12, 4, 14], "rotation": 270, "texture": "#1"},
				"west": {"uv": [6, 12, 4, 14], "rotation": 270, "texture": "#1"},
				"up": {"uv": [6, 12, 4, 14], "rotation": 270, "texture": "#1"},
				"down": {"uv": [6, 12, 4, 14], "rotation": 270, "texture": "#1"}
			}
		},
		{
			"from": [3.98547, -1.24765, 4.4],
			"to": [2.68547, -2.54765, 3.1],
			"shade": false,
			"rotation": {"angle": -22.5, "axis": "z", "origin": [21, -6, 0]},
			"faces": {
				"north": {"uv": [8, 12, 6, 14], "rotation": 90, "texture": "#1"},
				"east": {"uv": [8, 12, 6, 14], "rotation": 270, "texture": "#1"},
				"south": {"uv": [8, 12, 6, 14], "rotation": 270, "texture": "#1"},
				"west": {"uv": [8, 12, 6, 14], "rotation": 270, "texture": "#1"},
				"up": {"uv": [8, 12, 6, 14], "rotation": 270, "texture": "#1"},
				"down": {"uv": [8, 12, 6, 14], "rotation": 270, "texture": "#1"}
			}
		},
		{
			"from": [1.76167, -9.75269, 3.25],
			"to": [2.76167, -8.75269, 4.25],
			"shade": false,
			"rotation": {"angle": -45, "axis": "z", "origin": [21, -6, 0]},
			"faces": {
				"north": {"uv": [6, 10, 4, 12], "rotation": 90, "texture": "#1"},
				"east": {"uv": [6, 10, 4, 12], "rotation": 270, "texture": "#1"},
				"south": {"uv": [6, 10, 4, 12], "rotation": 270, "texture": "#1"},
				"west": {"uv": [6, 10, 4, 12], "rotation": 270, "texture": "#1"},
				"up": {"uv": [6, 10, 4, 12], "rotation": 270, "texture": "#1"},
				"down": {"uv": [6, 10, 4, 12], "rotation": 270, "texture": "#1"}
			}
		},
		{
			"from": [3.01167, -8.50269, 4.5],
			"to": [1.51167, -10.00269, 3],
			"shade": false,
			"rotation": {"angle": -45, "axis": "z", "origin": [21, -6, 0]},
			"faces": {
				"north": {"uv": [8, 10, 6, 12], "rotation": 90, "texture": "#1"},
				"east": {"uv": [8, 10, 6, 12], "rotation": 270, "texture": "#1"},
				"south": {"uv": [8, 10, 6, 12], "rotation": 270, "texture": "#1"},
				"west": {"uv": [8, 10, 6, 12], "rotation": 270, "texture": "#1"},
				"up": {"uv": [8, 10, 6, 12], "rotation": 270, "texture": "#1"},
				"down": {"uv": [8, 10, 6, 12], "rotation": 270, "texture": "#1"}
			}
		},
		{
			"from": [9.44773, 9.28076, 3.25],
			"to": [10.44773, 10.28076, 4.25],
			"shade": false,
			"rotation": {"angle": 22.5, "axis": "z", "origin": [21, -6, 0]},
			"faces": {
				"north": {"uv": [4, 10, 6, 8], "rotation": 180, "texture": "#1"},
				"east": {"uv": [4, 10, 6, 8], "rotation": 180, "texture": "#1"},
				"south": {"uv": [4, 10, 6, 8], "rotation": 180, "texture": "#1"},
				"west": {"uv": [4, 10, 6, 8], "rotation": 180, "texture": "#1"},
				"up": {"uv": [4, 10, 6, 8], "rotation": 180, "texture": "#1"},
				"down": {"uv": [4, 10, 6, 8], "rotation": 180, "texture": "#1"}
			}
		},
		{
			"from": [10.69773, 10.53076, 4.5],
			"to": [9.19773, 9.03076, 3],
			"shade": false,
			"rotation": {"angle": 22.5, "axis": "z", "origin": [21, -6, 0]},
			"faces": {
				"north": {"uv": [6, 10, 8, 8], "rotation": 180, "texture": "#1"},
				"east": {"uv": [6, 10, 8, 8], "rotation": 180, "texture": "#1"},
				"south": {"uv": [6, 10, 8, 8], "rotation": 180, "texture": "#1"},
				"west": {"uv": [6, 10, 8, 8], "rotation": 180, "texture": "#1"},
				"up": {"uv": [6, 10, 8, 8], "rotation": 180, "texture": "#1"},
				"down": {"uv": [6, 10, 8, 8], "rotation": 180, "texture": "#1"}
			}
		},
		{
			"from": [3.65, 3.35, 3.25],
			"to": [4.65, 4.35, 4.25],
			"shade": false,
			"rotation": {"angle": 0, "axis": "y", "origin": [21, -6, 0]},
			"faces": {
				"north": {"uv": [6, 6, 4, 8], "rotation": 90, "texture": "#1"},
				"east": {"uv": [6, 6, 4, 8], "rotation": 270, "texture": "#1"},
				"south": {"uv": [6, 6, 4, 8], "rotation": 270, "texture": "#1"},
				"west": {"uv": [6, 6, 4, 8], "rotation": 270, "texture": "#1"},
				"up": {"uv": [6, 6, 4, 8], "rotation": 270, "texture": "#1"},
				"down": {"uv": [6, 6, 4, 8], "rotation": 270, "texture": "#1"}
			}
		},
		{
			"from": [4.9, 4.6, 4.5],
			"to": [3.4, 3.1, 3],
			"shade": false,
			"rotation": {"angle": 0, "axis": "y", "origin": [21, -6, 0]},
			"faces": {
				"north": {"uv": [8, 6, 6, 8], "rotation": 90, "texture": "#1"},
				"east": {"uv": [8, 6, 6, 8], "rotation": 270, "texture": "#1"},
				"south": {"uv": [8, 6, 6, 8], "rotation": 270, "texture": "#1"},
				"west": {"uv": [8, 6, 6, 8], "rotation": 270, "texture": "#1"},
				"up": {"uv": [8, 6, 6, 8], "rotation": 270, "texture": "#1"},
				"down": {"uv": [8, 6, 6, 8], "rotation": 270, "texture": "#1"}
			}
		},
		{
			"from": [8.18949, 9.68935, 3.4],
			"to": [8.88949, 10.38935, 4.1],
			"shade": false,
			"rotation": {"angle": 22.5, "axis": "z", "origin": [21, -6, 0]},
			"faces": {
				"north": {"uv": [6, 4, 4, 6], "rotation": 90, "texture": "#1"},
				"east": {"uv": [6, 4, 4, 6], "rotation": 270, "texture": "#1"},
				"south": {"uv": [6, 4, 4, 6], "rotation": 270, "texture": "#1"},
				"west": {"uv": [6, 4, 4, 6], "rotation": 270, "texture": "#1"},
				"up": {"uv": [6, 4, 4, 6], "rotation": 270, "texture": "#1"},
				"down": {"uv": [6, 4, 4, 6], "rotation": 270, "texture": "#1"}
			}
		},
		{
			"from": [9.18949, 10.68935, 4.4],
			"to": [7.88949, 9.38935, 3.1],
			"shade": false,
			"rotation": {"angle": 22.5, "axis": "z", "origin": [21, -6, 0]},
			"faces": {
				"north": {"uv": [8, 4, 6, 6], "rotation": 90, "texture": "#1"},
				"east": {"uv": [8, 4, 6, 6], "rotation": 270, "texture": "#1"},
				"south": {"uv": [8, 4, 6, 6], "rotation": 270, "texture": "#1"},
				"west": {"uv": [8, 4, 6, 6], "rotation": 270, "texture": "#1"},
				"up": {"uv": [8, 4, 6, 6], "rotation": 270, "texture": "#1"},
				"down": {"uv": [8, 4, 6, 6], "rotation": 270, "texture": "#1"}
			}
		},
		{
			"from": [2.45, 4, 3.45],
			"to": [3.05, 4.6, 4.05],
			"shade": false,
			"rotation": {"angle": 0, "axis": "y", "origin": [21, -6, 0]},
			"faces": {
				"north": {"uv": [6, 2, 4, 4], "rotation": 90, "texture": "#1"},
				"east": {"uv": [6, 2, 4, 4], "rotation": 270, "texture": "#1"},
				"south": {"uv": [6, 2, 4, 4], "rotation": 270, "texture": "#1"},
				"west": {"uv": [6, 2, 4, 4], "rotation": 270, "texture": "#1"},
				"up": {"uv": [6, 2, 4, 4], "rotation": 270, "texture": "#1"},
				"down": {"uv": [6, 2, 4, 4], "rotation": 270, "texture": "#1"}
			}
		},
		{
			"from": [3.3, 4.85, 4.3],
			"to": [2.2, 3.75, 3.2],
			"shade": false,
			"rotation": {"angle": 0, "axis": "y", "origin": [21, -6, 0]},
			"faces": {
				"north": {"uv": [8, 2, 6, 4], "rotation": 90, "texture": "#1"},
				"east": {"uv": [8, 2, 6, 4], "rotation": 270, "texture": "#1"},
				"south": {"uv": [8, 2, 6, 4], "rotation": 270, "texture": "#1"},
				"west": {"uv": [8, 2, 6, 4], "rotation": 270, "texture": "#1"},
				"up": {"uv": [8, 2, 6, 4], "rotation": 270, "texture": "#1"},
				"down": {"uv": [8, 2, 6, 4], "rotation": 270, "texture": "#1"}
			}
		},
		{
			"from": [6.45, 3.85, 11.95],
			"to": [7.05, 4.45, 12.55],
			"shade": false,
			"rotation": {"angle": 0, "axis": "y", "origin": [21, -6, 0.5]},
			"faces": {
				"north": {"uv": [14, 14, 12, 16], "rotation": 90, "texture": "#1"},
				"east": {"uv": [14, 14, 12, 16], "rotation": 270, "texture": "#1"},
				"south": {"uv": [14, 14, 12, 16], "rotation": 270, "texture": "#1"},
				"west": {"uv": [14, 14, 12, 16], "rotation": 270, "texture": "#1"},
				"up": {"uv": [14, 14, 12, 16], "rotation": 270, "texture": "#1"},
				"down": {"uv": [14, 14, 12, 16], "rotation": 270, "texture": "#1"}
			}
		},
		{
			"from": [7.3, 4.7, 12.8],
			"to": [6.2, 3.6, 11.7],
			"shade": false,
			"rotation": {"angle": 0, "axis": "y", "origin": [21, -6, 0.5]},
			"faces": {
				"north": {"uv": [16, 14, 14, 16], "rotation": 90, "texture": "#1"},
				"east": {"uv": [16, 14, 14, 16], "rotation": 270, "texture": "#1"},
				"south": {"uv": [16, 14, 14, 16], "rotation": 270, "texture": "#1"},
				"west": {"uv": [16, 14, 14, 16], "rotation": 270, "texture": "#1"},
				"up": {"uv": [16, 14, 14, 16], "rotation": 270, "texture": "#1"},
				"down": {"uv": [16, 14, 14, 16], "rotation": 270, "texture": "#1"}
			}
		},
		{
			"from": [2.98547, -2.24765, 11.9],
			"to": [3.68547, -1.54765, 12.6],
			"shade": false,
			"rotation": {"angle": -22.5, "axis": "z", "origin": [21, -6, 0.5]},
			"faces": {
				"north": {"uv": [14, 12, 12, 14], "rotation": 90, "texture": "#1"},
				"east": {"uv": [14, 12, 12, 14], "rotation": 270, "texture": "#1"},
				"south": {"uv": [14, 12, 12, 14], "rotation": 270, "texture": "#1"},
				"west": {"uv": [14, 12, 12, 14], "rotation": 270, "texture": "#1"},
				"up": {"uv": [14, 12, 12, 14], "rotation": 270, "texture": "#1"},
				"down": {"uv": [14, 12, 12, 14], "rotation": 270, "texture": "#1"}
			}
		},
		{
			"from": [3.98547, -1.24765, 12.9],
			"to": [2.68547, -2.54765, 11.6],
			"shade": false,
			"rotation": {"angle": -22.5, "axis": "z", "origin": [21, -6, 0.5]},
			"faces": {
				"north": {"uv": [16, 12, 14, 14], "rotation": 90, "texture": "#1"},
				"east": {"uv": [16, 12, 14, 14], "rotation": 270, "texture": "#1"},
				"south": {"uv": [16, 12, 14, 14], "rotation": 270, "texture": "#1"},
				"west": {"uv": [16, 12, 14, 14], "rotation": 270, "texture": "#1"},
				"up": {"uv": [16, 12, 14, 14], "rotation": 270, "texture": "#1"},
				"down": {"uv": [16, 12, 14, 14], "rotation": 270, "texture": "#1"}
			}
		},
		{
			"from": [1.76167, -9.75269, 11.75],
			"to": [2.76167, -8.75269, 12.75],
			"shade": false,
			"rotation": {"angle": -45, "axis": "z", "origin": [21, -6, 0.5]},
			"faces": {
				"north": {"uv": [14, 10, 12, 12], "rotation": 90, "texture": "#1"},
				"east": {"uv": [14, 10, 12, 12], "rotation": 270, "texture": "#1"},
				"south": {"uv": [14, 10, 12, 12], "rotation": 270, "texture": "#1"},
				"west": {"uv": [14, 10, 12, 12], "rotation": 270, "texture": "#1"},
				"up": {"uv": [14, 10, 12, 12], "rotation": 270, "texture": "#1"},
				"down": {"uv": [14, 10, 12, 12], "rotation": 270, "texture": "#1"}
			}
		},
		{
			"from": [3.01167, -8.50269, 13],
			"to": [1.51167, -10.00269, 11.5],
			"shade": false,
			"rotation": {"angle": -45, "axis": "z", "origin": [21, -6, 0.5]},
			"faces": {
				"north": {"uv": [16, 10, 14, 12], "rotation": 90, "texture": "#1"},
				"east": {"uv": [16, 10, 14, 12], "rotation": 270, "texture": "#1"},
				"south": {"uv": [16, 10, 14, 12], "rotation": 270, "texture": "#1"},
				"west": {"uv": [16, 10, 14, 12], "rotation": 270, "texture": "#1"},
				"up": {"uv": [16, 10, 14, 12], "rotation": 270, "texture": "#1"},
				"down": {"uv": [16, 10, 14, 12], "rotation": 270, "texture": "#1"}
			}
		},
		{
			"from": [9.44773, 9.28076, 11.75],
			"to": [10.44773, 10.28076, 12.75],
			"shade": false,
			"rotation": {"angle": 22.5, "axis": "z", "origin": [21, -6, 0.5]},
			"faces": {
				"north": {"uv": [12, 10, 14, 8], "rotation": 180, "texture": "#1"},
				"east": {"uv": [12, 10, 14, 8], "rotation": 180, "texture": "#1"},
				"south": {"uv": [12, 10, 14, 8], "rotation": 180, "texture": "#1"},
				"west": {"uv": [12, 10, 14, 8], "rotation": 180, "texture": "#1"},
				"up": {"uv": [12, 10, 14, 8], "rotation": 180, "texture": "#1"},
				"down": {"uv": [12, 10, 14, 8], "rotation": 180, "texture": "#1"}
			}
		},
		{
			"from": [10.69773, 10.53076, 13],
			"to": [9.19773, 9.03076, 11.5],
			"shade": false,
			"rotation": {"angle": 22.5, "axis": "z", "origin": [21, -6, 0.5]},
			"faces": {
				"north": {"uv": [14, 10, 16, 8], "rotation": 180, "texture": "#1"},
				"east": {"uv": [14, 10, 16, 8], "rotation": 180, "texture": "#1"},
				"south": {"uv": [14, 10, 16, 8], "rotation": 180, "texture": "#1"},
				"west": {"uv": [14, 10, 16, 8], "rotation": 180, "texture": "#1"},
				"up": {"uv": [14, 10, 16, 8], "rotation": 180, "texture": "#1"},
				"down": {"uv": [14, 10, 16, 8], "rotation": 180, "texture": "#1"}
			}
		},
		{
			"from": [3.65, 3.35, 11.75],
			"to": [4.65, 4.35, 12.75],
			"shade": false,
			"rotation": {"angle": 0, "axis": "y", "origin": [21, -6, 0.5]},
			"faces": {
				"north": {"uv": [14, 6, 12, 8], "rotation": 90, "texture": "#1"},
				"east": {"uv": [14, 6, 12, 8], "rotation": 270, "texture": "#1"},
				"south": {"uv": [14, 6, 12, 8], "rotation": 270, "texture": "#1"},
				"west": {"uv": [14, 6, 12, 8], "rotation": 270, "texture": "#1"},
				"up": {"uv": [14, 6, 12, 8], "rotation": 270, "texture": "#1"},
				"down": {"uv": [14, 6, 12, 8], "rotation": 270, "texture": "#1"}
			}
		},
		{
			"from": [4.9, 4.6, 13],
			"to": [3.4, 3.1, 11.5],
			"shade": false,
			"rotation": {"angle": 0, "axis": "y", "origin": [21, -6, 0.5]},
			"faces": {
				"north": {"uv": [16, 6, 14, 8], "rotation": 90, "texture": "#1"},
				"east": {"uv": [16, 6, 14, 8], "rotation": 270, "texture": "#1"},
				"south": {"uv": [16, 6, 14, 8], "rotation": 270, "texture": "#1"},
				"west": {"uv": [16, 6, 14, 8], "rotation": 270, "texture": "#1"},
				"up": {"uv": [16, 6, 14, 8], "rotation": 270, "texture": "#1"},
				"down": {"uv": [16, 6, 14, 8], "rotation": 270, "texture": "#1"}
			}
		},
		{
			"from": [8.18949, 9.68935, 11.9],
			"to": [8.88949, 10.38935, 12.6],
			"shade": false,
			"rotation": {"angle": 22.5, "axis": "z", "origin": [21, -6, 0.5]},
			"faces": {
				"north": {"uv": [14, 4, 12, 6], "rotation": 90, "texture": "#1"},
				"east": {"uv": [14, 4, 12, 6], "rotation": 270, "texture": "#1"},
				"south": {"uv": [14, 4, 12, 6], "rotation": 270, "texture": "#1"},
				"west": {"uv": [14, 4, 12, 6], "rotation": 270, "texture": "#1"},
				"up": {"uv": [14, 4, 12, 6], "rotation": 270, "texture": "#1"},
				"down": {"uv": [14, 4, 12, 6], "rotation": 270, "texture": "#1"}
			}
		},
		{
			"from": [9.18949, 10.68935, 12.9],
			"to": [7.88949, 9.38935, 11.6],
			"shade": false,
			"rotation": {"angle": 22.5, "axis": "z", "origin": [21, -6, 0.5]},
			"faces": {
				"north": {"uv": [16, 4, 14, 6], "rotation": 90, "texture": "#1"},
				"east": {"uv": [16, 4, 14, 6], "rotation": 270, "texture": "#1"},
				"south": {"uv": [16, 4, 14, 6], "rotation": 270, "texture": "#1"},
				"west": {"uv": [16, 4, 14, 6], "rotation": 270, "texture": "#1"},
				"up": {"uv": [16, 4, 14, 6], "rotation": 270, "texture": "#1"},
				"down": {"uv": [16, 4, 14, 6], "rotation": 270, "texture": "#1"}
			}
		},
		{
			"from": [2.45, 4, 11.95],
			"to": [3.05, 4.6, 12.55],
			"shade": false,
			"rotation": {"angle": 0, "axis": "y", "origin": [21, -6, 0.5]},
			"faces": {
				"north": {"uv": [14, 2, 12, 4], "rotation": 90, "texture": "#1"},
				"east": {"uv": [14, 2, 12, 4], "rotation": 270, "texture": "#1"},
				"south": {"uv": [14, 2, 12, 4], "rotation": 270, "texture": "#1"},
				"west": {"uv": [14, 2, 12, 4], "rotation": 270, "texture": "#1"},
				"up": {"uv": [14, 2, 12, 4], "rotation": 270, "texture": "#1"},
				"down": {"uv": [14, 2, 12, 4], "rotation": 270, "texture": "#1"}
			}
		},
		{
			"from": [3.3, 4.85, 12.8],
			"to": [2.2, 3.75, 11.7],
			"shade": false,
			"rotation": {"angle": 0, "axis": "y", "origin": [21, -6, 0.5]},
			"faces": {
				"north": {"uv": [16, 2, 14, 4], "rotation": 90, "texture": "#1"},
				"east": {"uv": [16, 2, 14, 4], "rotation": 270, "texture": "#1"},
				"south": {"uv": [16, 2, 14, 4], "rotation": 270, "texture": "#1"},
				"west": {"uv": [16, 2, 14, 4], "rotation": 270, "texture": "#1"},
				"up": {"uv": [16, 2, 14, 4], "rotation": 270, "texture": "#1"},
				"down": {"uv": [16, 2, 14, 4], "rotation": 270, "texture": "#1"}
			}
		},
		{
			"from": [9.45, -0.45, 11.95],
			"to": [10.05, 0.15, 12.55],
			"shade": false,
			"rotation": {"angle": 0, "axis": "y", "origin": [22, -6, 0.5]},
			"faces": {
				"north": {"uv": [8, 14, 10, 16], "rotation": 90, "texture": "#1"},
				"east": {"uv": [8, 14, 10, 16], "rotation": 270, "texture": "#1"},
				"south": {"uv": [8, 14, 10, 16], "rotation": 270, "texture": "#1"},
				"west": {"uv": [8, 14, 10, 16], "rotation": 270, "texture": "#1"},
				"up": {"uv": [8, 14, 10, 16], "rotation": 270, "texture": "#1"},
				"down": {"uv": [8, 14, 10, 16], "rotation": 270, "texture": "#1"}
			}
		},
		{
			"from": [10.3, 0.4, 12.8],
			"to": [9.2, -0.7, 11.7],
			"shade": false,
			"rotation": {"angle": 0, "axis": "y", "origin": [22, -6, 0.5]},
			"faces": {
				"north": {"uv": [10, 14, 12, 16], "rotation": 90, "texture": "#1"},
				"east": {"uv": [10, 14, 12, 16], "rotation": 270, "texture": "#1"},
				"south": {"uv": [10, 14, 12, 16], "rotation": 270, "texture": "#1"},
				"west": {"uv": [10, 14, 12, 16], "rotation": 270, "texture": "#1"},
				"up": {"uv": [10, 14, 12, 16], "rotation": 270, "texture": "#1"},
				"down": {"uv": [10, 14, 12, 16], "rotation": 270, "texture": "#1"}
			}
		},
		{
			"from": [11.95616, 3.56436, 11.9],
			"to": [12.65616, 4.26436, 12.6],
			"shade": false,
			"rotation": {"angle": 22.5, "axis": "z", "origin": [22, -6, 0.5]},
			"faces": {
				"north": {"uv": [8, 12, 10, 14], "rotation": 90, "texture": "#1"},
				"east": {"uv": [8, 12, 10, 14], "rotation": 270, "texture": "#1"},
				"south": {"uv": [8, 12, 10, 14], "rotation": 270, "texture": "#1"},
				"west": {"uv": [8, 12, 10, 14], "rotation": 270, "texture": "#1"},
				"up": {"uv": [8, 12, 10, 14], "rotation": 270, "texture": "#1"},
				"down": {"uv": [8, 12, 10, 14], "rotation": 270, "texture": "#1"}
			}
		},
		{
			"from": [12.95616, 4.56436, 12.9],
			"to": [11.65616, 3.26436, 11.6],
			"shade": false,
			"rotation": {"angle": 22.5, "axis": "z", "origin": [22, -6, 0.5]},
			"faces": {
				"north": {"uv": [10, 12, 12, 14], "rotation": 90, "texture": "#1"},
				"east": {"uv": [10, 12, 12, 14], "rotation": 270, "texture": "#1"},
				"south": {"uv": [10, 12, 12, 14], "rotation": 270, "texture": "#1"},
				"west": {"uv": [10, 12, 12, 14], "rotation": 270, "texture": "#1"},
				"up": {"uv": [10, 12, 12, 14], "rotation": 270, "texture": "#1"},
				"down": {"uv": [10, 12, 12, 14], "rotation": 270, "texture": "#1"}
			}
		},
		{
			"from": [15.48959, 6.65219, 11.75],
			"to": [16.48959, 7.65219, 12.75],
			"shade": false,
			"rotation": {"angle": 45, "axis": "z", "origin": [22, -6, 0.5]},
			"faces": {
				"north": {"uv": [8, 10, 10, 12], "rotation": 90, "texture": "#1"},
				"east": {"uv": [8, 10, 10, 12], "rotation": 270, "texture": "#1"},
				"south": {"uv": [8, 10, 10, 12], "rotation": 270, "texture": "#1"},
				"west": {"uv": [8, 10, 10, 12], "rotation": 270, "texture": "#1"},
				"up": {"uv": [8, 10, 10, 12], "rotation": 270, "texture": "#1"},
				"down": {"uv": [8, 10, 10, 12], "rotation": 270, "texture": "#1"}
			}
		},
		{
			"from": [16.73959, 7.90219, 13],
			"to": [15.23959, 6.40219, 11.5],
			"shade": false,
			"rotation": {"angle": 45, "axis": "z", "origin": [22, -6, 0.5]},
			"faces": {
				"north": {"uv": [10, 10, 12, 12], "rotation": 90, "texture": "#1"},
				"east": {"uv": [10, 10, 12, 12], "rotation": 270, "texture": "#1"},
				"south": {"uv": [10, 10, 12, 12], "rotation": 270, "texture": "#1"},
				"west": {"uv": [10, 10, 12, 12], "rotation": 270, "texture": "#1"},
				"up": {"uv": [10, 10, 12, 12], "rotation": 270, "texture": "#1"},
				"down": {"uv": [10, 10, 12, 12], "rotation": 270, "texture": "#1"}
			}
		},
		{
			"from": [6.17256, -6.73332, 11.75],
			"to": [7.17256, -5.73332, 12.75],
			"shade": false,
			"rotation": {"angle": -22.5, "axis": "z", "origin": [22, -6, 0.5]},
			"faces": {
				"north": {"uv": [8, 8, 10, 10], "rotation": 180, "texture": "#1"},
				"east": {"uv": [8, 8, 10, 10], "rotation": 180, "texture": "#1"},
				"south": {"uv": [8, 8, 10, 10], "rotation": 180, "texture": "#1"},
				"west": {"uv": [8, 8, 10, 10], "rotation": 180, "texture": "#1"},
				"up": {"uv": [8, 8, 10, 10], "rotation": 180, "texture": "#1"},
				"down": {"uv": [8, 8, 10, 10], "rotation": 180, "texture": "#1"}
			}
		},
		{
			"from": [7.42256, -5.48332, 13],
			"to": [5.92256, -6.98332, 11.5],
			"shade": false,
			"rotation": {"angle": -22.5, "axis": "z", "origin": [22, -6, 0.5]},
			"faces": {
				"north": {"uv": [10, 8, 12, 10], "rotation": 180, "texture": "#1"},
				"east": {"uv": [10, 8, 12, 10], "rotation": 180, "texture": "#1"},
				"south": {"uv": [10, 8, 12, 10], "rotation": 180, "texture": "#1"},
				"west": {"uv": [10, 8, 12, 10], "rotation": 180, "texture": "#1"},
				"up": {"uv": [10, 8, 12, 10], "rotation": 180, "texture": "#1"},
				"down": {"uv": [10, 8, 12, 10], "rotation": 180, "texture": "#1"}
			}
		},
		{
			"from": [6.65, -0.35, 11.75],
			"to": [7.65, 0.65, 12.75],
			"shade": false,
			"rotation": {"angle": 0, "axis": "y", "origin": [22, -6, 0.5]},
			"faces": {
				"north": {"uv": [8, 6, 10, 8], "rotation": 90, "texture": "#1"},
				"east": {"uv": [8, 6, 10, 8], "rotation": 270, "texture": "#1"},
				"south": {"uv": [8, 6, 10, 8], "rotation": 270, "texture": "#1"},
				"west": {"uv": [8, 6, 10, 8], "rotation": 270, "texture": "#1"},
				"up": {"uv": [8, 6, 10, 8], "rotation": 270, "texture": "#1"},
				"down": {"uv": [8, 6, 10, 8], "rotation": 270, "texture": "#1"}
			}
		},
		{
			"from": [7.9, 0.9, 13],
			"to": [6.4, -0.6, 11.5],
			"shade": false,
			"rotation": {"angle": 0, "axis": "y", "origin": [22, -6, 0.5]},
			"faces": {
				"north": {"uv": [10, 6, 12, 8], "rotation": 90, "texture": "#1"},
				"east": {"uv": [10, 6, 12, 8], "rotation": 270, "texture": "#1"},
				"south": {"uv": [10, 6, 12, 8], "rotation": 270, "texture": "#1"},
				"west": {"uv": [10, 6, 12, 8], "rotation": 270, "texture": "#1"},
				"up": {"uv": [10, 6, 12, 8], "rotation": 270, "texture": "#1"},
				"down": {"uv": [10, 6, 12, 8], "rotation": 270, "texture": "#1"}
			}
		},
		{
			"from": [4.91432, -6.84191, 11.9],
			"to": [5.61432, -6.14191, 12.6],
			"shade": false,
			"rotation": {"angle": -22.5, "axis": "z", "origin": [22, -6, 0.5]},
			"faces": {
				"north": {"uv": [8, 4, 10, 6], "rotation": 90, "texture": "#1"},
				"east": {"uv": [8, 4, 10, 6], "rotation": 270, "texture": "#1"},
				"south": {"uv": [8, 4, 10, 6], "rotation": 270, "texture": "#1"},
				"west": {"uv": [8, 4, 10, 6], "rotation": 270, "texture": "#1"},
				"up": {"uv": [8, 4, 10, 6], "rotation": 270, "texture": "#1"},
				"down": {"uv": [8, 4, 10, 6], "rotation": 270, "texture": "#1"}
			}
		},
		{
			"from": [5.91432, -5.84191, 12.9],
			"to": [4.61432, -7.14191, 11.6],
			"shade": false,
			"rotation": {"angle": -22.5, "axis": "z", "origin": [22, -6, 0.5]},
			"faces": {
				"north": {"uv": [10, 4, 12, 6], "rotation": 90, "texture": "#1"},
				"east": {"uv": [10, 4, 12, 6], "rotation": 270, "texture": "#1"},
				"south": {"uv": [10, 4, 12, 6], "rotation": 270, "texture": "#1"},
				"west": {"uv": [10, 4, 12, 6], "rotation": 270, "texture": "#1"},
				"up": {"uv": [10, 4, 12, 6], "rotation": 270, "texture": "#1"},
				"down": {"uv": [10, 4, 12, 6], "rotation": 270, "texture": "#1"}
			}
		},
		{
			"from": [5.45, -0.6, 11.95],
			"to": [6.05, 0, 12.55],
			"shade": false,
			"rotation": {"angle": 0, "axis": "y", "origin": [22, -6, 0.5]},
			"faces": {
				"north": {"uv": [8, 2, 10, 4], "rotation": 90, "texture": "#1"},
				"east": {"uv": [8, 2, 10, 4], "rotation": 270, "texture": "#1"},
				"south": {"uv": [8, 2, 10, 4], "rotation": 270, "texture": "#1"},
				"west": {"uv": [8, 2, 10, 4], "rotation": 270, "texture": "#1"},
				"up": {"uv": [8, 2, 10, 4], "rotation": 270, "texture": "#1"},
				"down": {"uv": [8, 2, 10, 4], "rotation": 270, "texture": "#1"}
			}
		},
		{
			"from": [6.3, 0.25, 12.8],
			"to": [5.2, -0.85, 11.7],
			"shade": false,
			"rotation": {"angle": 0, "axis": "y", "origin": [22, -6, 0.5]},
			"faces": {
				"north": {"uv": [10, 2, 12, 4], "rotation": 90, "texture": "#1"},
				"east": {"uv": [10, 2, 12, 4], "rotation": 270, "texture": "#1"},
				"south": {"uv": [10, 2, 12, 4], "rotation": 270, "texture": "#1"},
				"west": {"uv": [10, 2, 12, 4], "rotation": 270, "texture": "#1"},
				"up": {"uv": [10, 2, 12, 4], "rotation": 270, "texture": "#1"},
				"down": {"uv": [10, 2, 12, 4], "rotation": 270, "texture": "#1"}
			}
		}
	],
	"groups": [
		0,
		1,
		2,
		3,
		4,
		5,
		6,
		7,
		8,
		9,
		10,
		11,
		12,
		13,
		14,
		15,
		16,
		17,
		18,
		19,
		20,
		21,
		22,
		23,
		24,
		25,
		{
			"name": "particles",
			"origin": [8, 8, 8],
			"color": 0,
			"children": [
				{
					"name": "particles1",
					"origin": [0, 0, 0],
					"color": 0,
					"children": [
						{
							"name": "particle1",
							"origin": [0, 0, 0],
							"color": 0,
							"children": [26, 27]
						},
						{
							"name": "particle2",
							"origin": [0, 0, 0],
							"color": 0,
							"children": [28, 29]
						},
						{
							"name": "particle3",
							"origin": [0, 0, 0],
							"color": 0,
							"children": [30, 31]
						},
						{
							"name": "particle4",
							"origin": [0, 0, 0],
							"color": 0,
							"children": [32, 33]
						},
						{
							"name": "particle5",
							"origin": [0, 0, 0],
							"color": 0,
							"children": [34, 35]
						},
						{
							"name": "particle6",
							"origin": [0, 0, 0],
							"color": 0,
							"children": [36, 37]
						},
						{
							"name": "particle7",
							"origin": [0, 0, 0],
							"color": 0,
							"children": [38, 39]
						}
					]
				},
				{
					"name": "particles2",
					"origin": [0, 0, 0],
					"color": 0,
					"children": [
						{
							"name": "particle1",
							"origin": [0, 0, 0],
							"color": 0,
							"children": [40, 41]
						},
						{
							"name": "particle2",
							"origin": [0, 0, 0],
							"color": 0,
							"children": [42, 43]
						},
						{
							"name": "particle3",
							"origin": [0, 0, 0],
							"color": 0,
							"children": [44, 45]
						},
						{
							"name": "particle4",
							"origin": [0, 0, 0],
							"color": 0,
							"children": [46, 47]
						},
						{
							"name": "particle5",
							"origin": [0, 0, 0],
							"color": 0,
							"children": [48, 49]
						},
						{
							"name": "particle6",
							"origin": [0, 0, 0],
							"color": 0,
							"children": [50, 51]
						},
						{
							"name": "particle7",
							"origin": [0, 0, 0],
							"color": 0,
							"children": [52, 53]
						}
					]
				},
				{
					"name": "particles3",
					"origin": [0, 0, 0],
					"color": 0,
					"children": [
						{
							"name": "particle1",
							"origin": [0, 0, 0],
							"color": 0,
							"children": [54, 55]
						},
						{
							"name": "particle2",
							"origin": [0, 0, 0],
							"color": 0,
							"children": [56, 57]
						},
						{
							"name": "particle3",
							"origin": [0, 0, 0],
							"color": 0,
							"children": [58, 59]
						},
						{
							"name": "particle4",
							"origin": [0, 0, 0],
							"color": 0,
							"children": [60, 61]
						},
						{
							"name": "particle5",
							"origin": [0, 0, 0],
							"color": 0,
							"children": [62, 63]
						},
						{
							"name": "particle6",
							"origin": [0, 0, 0],
							"color": 0,
							"children": [64, 65]
						},
						{
							"name": "particle7",
							"origin": [0, 0, 0],
							"color": 0,
							"children": [66, 67]
						}
					]
				},
				{
					"name": "particles4",
					"origin": [0, 0, 0],
					"color": 0,
					"children": [
						{
							"name": "particle1",
							"origin": [0, 0, 0],
							"color": 0,
							"children": [68, 69]
						},
						{
							"name": "particle2",
							"origin": [0, 0, 0],
							"color": 0,
							"children": [70, 71]
						},
						{
							"name": "particle3",
							"origin": [0, 0, 0],
							"color": 0,
							"children": [72, 73]
						},
						{
							"name": "particle4",
							"origin": [0, 0, 0],
							"color": 0,
							"children": [74, 75]
						},
						{
							"name": "particle5",
							"origin": [0, 0, 0],
							"color": 0,
							"children": [76, 77]
						},
						{
							"name": "particle6",
							"origin": [0, 0, 0],
							"color": 0,
							"children": [78, 79]
						},
						{
							"name": "particle7",
							"origin": [0, 0, 0],
							"color": 0,
							"children": [80, 81]
						}
					]
				}
			]
		}
	]
}