{
	"credit": "Made with Blockbench",
	"textures": {
		"0": "item/void/void_all_tools",
		"1": "item/void/void_ef_long",
		"particle": "item/void/void_all_tools"
	},
	"elements": [
		{
			"from": [7.52019, 8.88818, 8.79749],
			"to": [8.47981, 11.12728, 10.39685],
			"rotation": {"angle": 0, "axis": "y", "origin": [8, 10, 5.85771]},
			"faces": {
				"north": {"uv": [12.5, 4, 12.75, 4.5], "texture": "#0"},
				"east": {"uv": [11, 1, 11.5, 1.5], "texture": "#0"},
				"south": {"uv": [4.25, 12.5, 4.5, 13], "texture": "#0"},
				"west": {"uv": [1.5, 11, 2, 11.5], "texture": "#0"},
				"up": {"uv": [12.75, 5, 12.5, 4.5], "texture": "#0"},
				"down": {"uv": [5.25, 12.5, 5, 13], "texture": "#0"}
			}
		},
		{
			"from": [7.52019, 13.08265, 7.53061],
			"to": [8.47981, 14.52207, 9.12997],
			"rotation": {"angle": 22.5, "axis": "x", "origin": [8, 10, 5.85771]},
			"faces": {
				"north": {"uv": [10.25, 13.5, 10.5, 13.75], "texture": "#0"},
				"east": {"uv": [12.5, 5, 13, 5.25], "texture": "#0"},
				"south": {"uv": [13.5, 10.25, 13.75, 10.5], "texture": "#0"},
				"west": {"uv": [12.5, 5.25, 13, 5.5], "texture": "#0"},
				"up": {"uv": [12.75, 6, 12.5, 5.5], "texture": "#0"},
				"down": {"uv": [6.25, 12.5, 6, 13], "texture": "#0"}
			}
		},
		{
			"from": [7.52019, 14.28809, 8.03055],
			"to": [8.47981, 15.56758, 9.62991],
			"rotation": {"angle": 45, "axis": "x", "origin": [8, 10, 5.85771]},
			"faces": {
				"north": {"uv": [10.75, 13.5, 11, 13.75], "texture": "#0"},
				"east": {"uv": [7.5, 12.5, 8, 12.75], "texture": "#0"},
				"south": {"uv": [13.5, 10.75, 13.75, 11], "texture": "#0"},
				"west": {"uv": [12.5, 7.75, 13, 8], "texture": "#0"},
				"up": {"uv": [12.75, 8.5, 12.5, 8], "texture": "#0"},
				"down": {"uv": [12.75, 8.5, 12.5, 9], "texture": "#0"}
			}
		},
		{
			"from": [7.51419, 10.35879, 11.55119],
			"to": [8.48581, 11.33041, 13.64236],
			"rotation": {"angle": 0, "axis": "y", "origin": [8, 10, 5.85771]},
			"faces": {
				"north": {"uv": [11, 13.5, 11.25, 13.75], "texture": "#0"},
				"east": {"uv": [8.75, 12.5, 9.25, 12.75], "texture": "#0"},
				"south": {"uv": [13.5, 11, 13.75, 11.25], "texture": "#0"},
				"west": {"uv": [12.5, 9, 13, 9.25], "texture": "#0"},
				"up": {"uv": [9.5, 13, 9.25, 12.5], "texture": "#0"},
				"down": {"uv": [12.75, 9.25, 12.5, 9.75], "texture": "#0"}
			}
		},
		{
			"from": [7.52019, 7.36026, 13.18385],
			"to": [8.47981, 8.23991, 13.5437],
			"rotation": {"angle": -22.5, "axis": "x", "origin": [8, 10, 5.85771]},
			"faces": {
				"north": {"uv": [11.25, 13.5, 11.5, 13.75], "texture": "#0"},
				"east": {"uv": [13.5, 11.25, 13.75, 11.5], "texture": "#0"},
				"south": {"uv": [11.5, 13.5, 11.75, 13.75], "texture": "#0"},
				"west": {"uv": [13.5, 11.5, 13.75, 11.75], "texture": "#0"},
				"up": {"uv": [12, 13.75, 11.75, 13.5], "texture": "#0"},
				"down": {"uv": [13.75, 11.75, 13.5, 12], "texture": "#0"}
			}
		},
		{
			"from": [7.51219, 10.24737, 7.83117],
			"to": [8.48781, 12.02267, 10.24621],
			"rotation": {"angle": -22.5, "axis": "x", "origin": [8, 10, 5.85771]},
			"faces": {
				"north": {"uv": [12.5, 6, 12.75, 6.5], "texture": "#0"},
				"east": {"uv": [11, 1.5, 11.5, 2], "texture": "#0"},
				"south": {"uv": [6.25, 12.5, 6.5, 13], "texture": "#0"},
				"west": {"uv": [11, 2, 11.5, 2.5], "texture": "#0"},
				"up": {"uv": [6.75, 13, 6.5, 12.5], "texture": "#0"},
				"down": {"uv": [7, 12.5, 6.75, 13], "texture": "#0"}
			}
		},
		{
			"from": [7.51419, 11.91866, 8.66279],
			"to": [8.48581, 13.29011, 10.43409],
			"rotation": {"angle": -22.5, "axis": "x", "origin": [8, 10, 5.85771]},
			"faces": {
				"north": {"uv": [12, 13.5, 12.25, 13.75], "texture": "#0"},
				"east": {"uv": [9.5, 12.5, 10, 12.75], "texture": "#0"},
				"south": {"uv": [13.5, 12, 13.75, 12.25], "texture": "#0"},
				"west": {"uv": [12.5, 9.75, 13, 10], "texture": "#0"},
				"up": {"uv": [10.25, 13, 10, 12.5], "texture": "#0"},
				"down": {"uv": [12.75, 10, 12.5, 10.5], "texture": "#0"}
			}
		},
		{
			"from": [7.52019, 14.10988, 7.19804],
			"to": [8.47981, 14.82959, 8.83738],
			"rotation": {"angle": 0, "axis": "y", "origin": [8, 10, 5.85771]},
			"faces": {
				"north": {"uv": [12.75, 13.5, 13, 13.75], "texture": "#0"},
				"east": {"uv": [12.5, 12, 13, 12.25], "texture": "#0"},
				"south": {"uv": [13.5, 12.75, 13.75, 13], "texture": "#0"},
				"west": {"uv": [12.25, 12.5, 12.75, 12.75], "texture": "#0"},
				"up": {"uv": [0.25, 13.25, 0, 12.75], "texture": "#0"},
				"down": {"uv": [0.5, 12.75, 0.25, 13.25], "texture": "#0"}
			}
		},
		{
			"from": [7.52019, 15.33806, 4.00664],
			"to": [8.47981, 16.69752, 5.76593],
			"rotation": {"angle": 22.5, "axis": "x", "origin": [8, 10, 5.85771]},
			"faces": {
				"north": {"uv": [12.25, 13.5, 12.5, 13.75], "texture": "#0"},
				"east": {"uv": [10.25, 12.5, 10.75, 12.75], "texture": "#0"},
				"south": {"uv": [13.5, 12.25, 13.75, 12.5], "texture": "#0"},
				"west": {"uv": [12.5, 10.5, 13, 10.75], "texture": "#0"},
				"up": {"uv": [12.75, 11.25, 12.5, 10.75], "texture": "#0"},
				"down": {"uv": [12.75, 11.25, 12.5, 11.75], "texture": "#0"}
			}
		},
		{
			"from": [7.51619, 14.81475, 10.56812],
			"to": [8.48381, 17.38173, 11.93558],
			"rotation": {"angle": -22.5, "axis": "x", "origin": [8, 10, 5.85771]},
			"faces": {
				"north": {"uv": [11.75, 5, 12, 5.75], "texture": "#0"},
				"east": {"uv": [6, 11.75, 6.25, 12.5], "texture": "#0"},
				"south": {"uv": [6.25, 11.75, 6.5, 12.5], "texture": "#0"},
				"west": {"uv": [6.5, 11.75, 6.75, 12.5], "texture": "#0"},
				"up": {"uv": [13.25, 13.75, 13, 13.5], "texture": "#0"},
				"down": {"uv": [13.75, 13, 13.5, 13.25], "texture": "#0"}
			}
		},
		{
			"from": [7.51219, 19.08742, -1.24195],
			"to": [8.48781, 21.6624, 0.93319],
			"rotation": {"angle": 45, "axis": "x", "origin": [8, 10, 5.85771]},
			"faces": {
				"north": {"uv": [6.75, 11.75, 7, 12.5], "texture": "#0"},
				"east": {"uv": [1.5, 9.75, 2, 10.5], "texture": "#0"},
				"south": {"uv": [11.75, 7, 12, 7.75], "texture": "#0"},
				"west": {"uv": [9.75, 2, 10.25, 2.75], "texture": "#0"},
				"up": {"uv": [2.5, 13.25, 2.25, 12.75], "texture": "#0"},
				"down": {"uv": [2.75, 12.75, 2.5, 13.25], "texture": "#0"}
			}
		},
		{
			"from": [7.52019, 19.25536, 1.72487],
			"to": [8.47981, 20.53485, 3.00435],
			"rotation": {"angle": 45, "axis": "x", "origin": [8, 10, 5.85771]},
			"faces": {
				"north": {"uv": [13.75, 4, 14, 4.25], "texture": "#0"},
				"east": {"uv": [4.25, 13.75, 4.5, 14], "texture": "#0"},
				"south": {"uv": [13.75, 4.25, 14, 4.5], "texture": "#0"},
				"west": {"uv": [4.5, 13.75, 4.75, 14], "texture": "#0"},
				"up": {"uv": [14, 4.75, 13.75, 4.5], "texture": "#0"},
				"down": {"uv": [5, 13.75, 4.75, 14], "texture": "#0"}
			}
		},
		{
			"from": [7.51419, 22.28985, 9.07805],
			"to": [8.48581, 23.26147, 10.84935],
			"rotation": {"angle": 0, "axis": "y", "origin": [8, 10, 5.85771]},
			"faces": {
				"north": {"uv": [13.75, 0.5, 14, 0.75], "texture": "#0"},
				"east": {"uv": [12.75, 2, 13.25, 2.25], "texture": "#0"},
				"south": {"uv": [0.75, 13.75, 1, 14], "texture": "#0"},
				"west": {"uv": [12.75, 4, 13.25, 4.25], "texture": "#0"},
				"up": {"uv": [13, 4.75, 12.75, 4.25], "texture": "#0"},
				"down": {"uv": [4.75, 12.75, 4.5, 13.25], "texture": "#0"}
			}
		},
		{
			"from": [7.52019, 22.65486, 4.80098],
			"to": [8.47981, 23.25462, 5.7606],
			"rotation": {"angle": 22.5, "axis": "x", "origin": [8, 10, 5.85771]},
			"faces": {
				"north": {"uv": [13.75, 0.75, 14, 1], "texture": "#0"},
				"east": {"uv": [1, 13.75, 1.25, 14], "texture": "#0"},
				"south": {"uv": [13.75, 1, 14, 1.25], "texture": "#0"},
				"west": {"uv": [1.25, 13.75, 1.5, 14], "texture": "#0"},
				"up": {"uv": [14, 1.5, 13.75, 1.25], "texture": "#0"},
				"down": {"uv": [1.75, 13.75, 1.5, 14], "texture": "#0"}
			}
		},
		{
			"from": [7.52019, 19.9266, 7.27458],
			"to": [8.47981, 21.446, 8.79398],
			"rotation": {"angle": 0, "axis": "y", "origin": [8, 10, 5.85771]},
			"faces": {
				"north": {"uv": [12.75, 2.5, 13, 3], "texture": "#0"},
				"east": {"uv": [11, 2.75, 11.5, 3.25], "texture": "#0"},
				"south": {"uv": [3.25, 12.75, 3.5, 13.25], "texture": "#0"},
				"west": {"uv": [11, 4.25, 11.5, 4.75], "texture": "#0"},
				"up": {"uv": [3.75, 13.25, 3.5, 12.75], "texture": "#0"},
				"down": {"uv": [13, 3.5, 12.75, 4], "texture": "#0"}
			}
		},
		{
			"from": [7.51419, 26.88224, 6.16805],
			"to": [8.48581, 27.29408, 7.37957],
			"rotation": {"angle": 22.5, "axis": "x", "origin": [8, 10, 5.85771]},
			"faces": {
				"north": {"uv": [13.75, 3.25, 14, 3.5], "texture": "#0"},
				"east": {"uv": [3.5, 13.75, 3.75, 14], "texture": "#0"},
				"south": {"uv": [13.75, 3.5, 14, 3.75], "texture": "#0"},
				"west": {"uv": [3.75, 13.75, 4, 14], "texture": "#0"},
				"up": {"uv": [14, 4, 13.75, 3.75], "texture": "#0"},
				"down": {"uv": [4.25, 13.75, 4, 14], "texture": "#0"}
			}
		},
		{
			"from": [7.52019, 25.57292, -0.0096],
			"to": [8.47981, 26.17268, 0.79008],
			"rotation": {"angle": 45, "axis": "x", "origin": [8, 10, 5.85771]},
			"faces": {
				"north": {"uv": [13.75, 2.5, 14, 2.75], "texture": "#0"},
				"east": {"uv": [2.75, 13.75, 3, 14], "texture": "#0"},
				"south": {"uv": [13.75, 2.75, 14, 3], "texture": "#0"},
				"west": {"uv": [3, 13.75, 3.25, 14], "texture": "#0"},
				"up": {"uv": [14, 3.25, 13.75, 3], "texture": "#0"},
				"down": {"uv": [3.5, 13.75, 3.25, 14], "texture": "#0"}
			}
		},
		{
			"from": [7.51219, 20.63338, 16.53862],
			"to": [8.48781, 22.00884, 18.31392],
			"rotation": {"angle": -22.5, "axis": "x", "origin": [8, 10, 5.85771]},
			"faces": {
				"north": {"uv": [13.75, 2.25, 14, 2.5], "texture": "#0"},
				"east": {"uv": [12.75, 4.75, 13.25, 5], "texture": "#0"},
				"south": {"uv": [2.5, 13.75, 2.75, 14], "texture": "#0"},
				"west": {"uv": [5.25, 12.75, 5.75, 13], "texture": "#0"},
				"up": {"uv": [5, 13.25, 4.75, 12.75], "texture": "#0"},
				"down": {"uv": [13, 5.5, 12.75, 6], "texture": "#0"}
			}
		},
		{
			"from": [7.52019, 25.08446, 4.93004],
			"to": [8.47981, 26.04407, 5.88965],
			"rotation": {"angle": 22.5, "axis": "x", "origin": [8, 10, 5.85771]},
			"faces": {
				"north": {"uv": [13.75, 1.5, 14, 1.75], "texture": "#0"},
				"east": {"uv": [1.75, 13.75, 2, 14], "texture": "#0"},
				"south": {"uv": [13.75, 1.75, 14, 2], "texture": "#0"},
				"west": {"uv": [2, 13.75, 2.25, 14], "texture": "#0"},
				"up": {"uv": [14, 2.25, 13.75, 2], "texture": "#0"},
				"down": {"uv": [2.5, 13.75, 2.25, 14], "texture": "#0"}
			}
		},
		{
			"from": [7.52019, 18.62026, 7.38993],
			"to": [8.47981, 19.14005, 8.62943],
			"rotation": {"angle": 0, "axis": "y", "origin": [8, 10, 5.85771]},
			"faces": {
				"north": {"uv": [13.25, 13.5, 13.5, 13.75], "texture": "#0"},
				"east": {"uv": [13.5, 13.25, 13.75, 13.5], "texture": "#0"},
				"south": {"uv": [13.5, 13.5, 13.75, 13.75], "texture": "#0"},
				"west": {"uv": [0, 13.75, 0.25, 14], "texture": "#0"},
				"up": {"uv": [14, 0.25, 13.75, 0], "texture": "#0"},
				"down": {"uv": [0.5, 13.75, 0.25, 14], "texture": "#0"}
			}
		},
		{
			"from": [7.52019, 18.89086, 4.84382],
			"to": [8.47981, 19.7705, 6.92299],
			"rotation": {"angle": 0, "axis": "y", "origin": [8, 10, 5.85771]},
			"faces": {
				"north": {"uv": [13.75, 0.25, 14, 0.5], "texture": "#0"},
				"east": {"uv": [12.5, 12.25, 13, 12.5], "texture": "#0"},
				"south": {"uv": [0.5, 13.75, 0.75, 14], "texture": "#0"},
				"west": {"uv": [12.75, 1.25, 13.25, 1.5], "texture": "#0"},
				"up": {"uv": [13, 2, 12.75, 1.5], "texture": "#0"},
				"down": {"uv": [2.25, 12.75, 2, 13.25], "texture": "#0"}
			}
		},
		{
			"from": [7.51219, 15.07549, 8.31538],
			"to": [8.48781, 18.61008, 10.57049],
			"rotation": {"angle": -22.5, "axis": "x", "origin": [8, 10, 5.85771]},
			"faces": {
				"north": {"uv": [2.25, 11, 2.5, 12], "texture": "#0"},
				"east": {"uv": [9, 0.25, 9.5, 1.25], "texture": "#0"},
				"south": {"uv": [3.25, 11, 3.5, 12], "texture": "#0"},
				"west": {"uv": [9, 1.25, 9.5, 2.25], "texture": "#0"},
				"up": {"uv": [1, 13.25, 0.75, 12.75], "texture": "#0"},
				"down": {"uv": [1.25, 12.75, 1, 13.25], "texture": "#0"}
			}
		},
		{
			"from": [7.51419, 12.12158, 10.74832],
			"to": [8.48581, 13.49303, 13.31929],
			"rotation": {"angle": -45, "axis": "x", "origin": [8, 10, 5.85771]},
			"faces": {
				"north": {"uv": [12.5, 13.5, 12.75, 13.75], "texture": "#0"},
				"east": {"uv": [11.5, 8.75, 12.25, 9], "texture": "#0"},
				"south": {"uv": [13.5, 12.5, 13.75, 12.75], "texture": "#0"},
				"west": {"uv": [11.75, 0, 12.5, 0.25], "texture": "#0"},
				"up": {"uv": [4.5, 12.5, 4.25, 11.75], "texture": "#0"},
				"down": {"uv": [12, 4.25, 11.75, 5], "texture": "#0"}
			}
		},
		{
			"from": [7.52019, 11.46624, 5.83423],
			"to": [8.47981, 12.82569, 7.59353],
			"rotation": {"angle": 22.5, "axis": "x", "origin": [8, 10, 5.85771]},
			"faces": {
				"north": {"uv": [10.5, 13.5, 10.75, 13.75], "texture": "#0"},
				"east": {"uv": [12.5, 6.75, 13, 7], "texture": "#0"},
				"south": {"uv": [13.5, 10.5, 13.75, 10.75], "texture": "#0"},
				"west": {"uv": [12.5, 7, 13, 7.25], "texture": "#0"},
				"up": {"uv": [7.5, 13, 7.25, 12.5], "texture": "#0"},
				"down": {"uv": [12.75, 7.25, 12.5, 7.75], "texture": "#0"}
			}
		},
		{
			"from": [7.84006, 8.75773, 13.0358],
			"to": [8.15994, 25.20165, 13.35567],
			"rotation": {"angle": -22.5, "axis": "x", "origin": [8, 24.60469, 13.19573]},
			"faces": {
				"north": {"uv": [4.5, 5.5, 4.75, 9.25], "texture": "#0"},
				"east": {"uv": [6.25, 4, 6.5, 7.75], "texture": "#0"},
				"south": {"uv": [6.5, 4, 6.75, 7.75], "texture": "#0"},
				"west": {"uv": [6.75, 0, 7, 3.75], "texture": "#0"},
				"up": {"uv": [14, 5, 13.75, 4.75], "texture": "#0"},
				"down": {"uv": [5.25, 13.75, 5, 14], "texture": "#0"}
			}
		},
		{
			"name": "arrow",
			"from": [7.59816, 9.76583, 3.89965],
			"to": [8.40184, 10.24963, 18.29789],
			"rotation": {"angle": 0, "axis": "y", "origin": [8, 10, 11.35771]},
			"faces": {
				"north": {"uv": [13.75, 5, 14, 5.25], "texture": "#0"},
				"east": {"uv": [6.75, 3.75, 10.25, 4], "texture": "#0"},
				"south": {"uv": [5.25, 13.75, 5.5, 14], "texture": "#0"},
				"west": {"uv": [6.75, 4, 10.25, 4.25], "texture": "#0"},
				"up": {"uv": [7, 7.75, 6.75, 4.25], "texture": "#0"},
				"down": {"uv": [5, 6.75, 4.75, 10.25], "texture": "#0"}
			}
		},
		{
			"name": "arrow",
			"from": [3.42672, 9.76383, 16.59312],
			"to": [5.83376, 10.25163, 18.20048],
			"rotation": {"angle": 22.5, "axis": "y", "origin": [8, 10, 11.35771]},
			"faces": {
				"north": {"uv": [12.75, 6.5, 13.25, 6.75], "texture": "#0"},
				"east": {"uv": [7.5, 12.75, 8, 13], "texture": "#0"},
				"south": {"uv": [8, 12.75, 8.5, 13], "texture": "#0"},
				"west": {"uv": [12.75, 8, 13.25, 8.25], "texture": "#0"},
				"up": {"uv": [5.75, 11.5, 5.25, 11], "texture": "#0"},
				"down": {"uv": [11.5, 5.25, 11, 5.75], "texture": "#0"}
			}
		},
		{
			"name": "arrow",
			"from": [8.47386, 9.76783, 18.2935],
			"to": [9.63339, 10.24763, 19.41305],
			"rotation": {"angle": -22.5, "axis": "y", "origin": [8, 10, 11.35771]},
			"faces": {
				"north": {"uv": [13.75, 5.75, 14, 6], "texture": "#0"},
				"east": {"uv": [6, 13.75, 6.25, 14], "texture": "#0"},
				"south": {"uv": [13.75, 6, 14, 6.25], "texture": "#0"},
				"west": {"uv": [6.25, 13.75, 6.5, 14], "texture": "#0"},
				"up": {"uv": [14, 6.5, 13.75, 6.25], "texture": "#0"},
				"down": {"uv": [6.75, 13.75, 6.5, 14], "texture": "#0"}
			}
		},
		{
			"name": "arrow",
			"from": [6.36661, 9.76783, 18.2935],
			"to": [7.52614, 10.24763, 19.41305],
			"rotation": {"angle": 22.5, "axis": "y", "origin": [8, 10, 11.35771]},
			"faces": {
				"north": {"uv": [14, 5.75, 13.75, 6], "texture": "#0"},
				"east": {"uv": [6.5, 13.75, 6.25, 14], "texture": "#0"},
				"south": {"uv": [14, 6, 13.75, 6.25], "texture": "#0"},
				"west": {"uv": [6.25, 13.75, 6, 14], "texture": "#0"},
				"up": {"uv": [13.75, 6.5, 14, 6.25], "texture": "#0"},
				"down": {"uv": [6.5, 13.75, 6.75, 14], "texture": "#0"}
			}
		},
		{
			"name": "arrow",
			"from": [10.16624, 9.76383, 16.59312],
			"to": [12.57328, 10.25163, 18.20048],
			"rotation": {"angle": -22.5, "axis": "y", "origin": [8, 10, 11.35771]},
			"faces": {
				"north": {"uv": [13.25, 6.5, 12.75, 6.75], "texture": "#0"},
				"east": {"uv": [13.25, 8, 12.75, 8.25], "texture": "#0"},
				"south": {"uv": [8.5, 12.75, 8, 13], "texture": "#0"},
				"west": {"uv": [8, 12.75, 7.5, 13], "texture": "#0"},
				"up": {"uv": [5.25, 11.5, 5.75, 11], "texture": "#0"},
				"down": {"uv": [11, 5.25, 11.5, 5.75], "texture": "#0"}
			}
		},
		{
			"name": "arrow",
			"from": [7.59616, 12.84683, 4.43749],
			"to": [8.40384, 14.13432, 7.24437],
			"rotation": {"angle": -22.5, "axis": "x", "origin": [8, 10, 11.35771]},
			"faces": {
				"north": {"uv": [13.75, 5.25, 14, 5.5], "texture": "#0"},
				"east": {"uv": [11.75, 1.5, 12.5, 1.75], "texture": "#0"},
				"south": {"uv": [5.5, 13.75, 5.75, 14], "texture": "#0"},
				"west": {"uv": [11.75, 3.25, 12.5, 3.5], "texture": "#0"},
				"up": {"uv": [7.5, 12.5, 7.25, 11.75], "texture": "#0"},
				"down": {"uv": [7.75, 11.75, 7.5, 12.5], "texture": "#0"}
			}
		},
		{
			"name": "arrow",
			"from": [7.60016, 8.62463, 4.91107],
			"to": [8.39984, 9.10444, 8.46965],
			"rotation": {"angle": 22.5, "axis": "x", "origin": [8, 10, 11.35771]},
			"faces": {
				"north": {"uv": [13.75, 5.5, 14, 5.75], "texture": "#0"},
				"east": {"uv": [10.5, 8.75, 11.5, 9], "texture": "#0"},
				"south": {"uv": [5.75, 13.75, 6, 14], "texture": "#0"},
				"west": {"uv": [10.75, 0, 11.75, 0.25], "texture": "#0"},
				"up": {"uv": [3.75, 12, 3.5, 11], "texture": "#0"},
				"down": {"uv": [5.25, 11, 5, 12], "texture": "#0"}
			}
		},
		{
			"name": "arrow",
			"from": [7.60016, 10.85396, 4.8995],
			"to": [8.39984, 11.33377, 8.65808],
			"rotation": {"angle": -22.5, "axis": "x", "origin": [8, 10, 11.35771]},
			"faces": {
				"north": {"uv": [13.75, 5.75, 14, 5.5], "texture": "#0"},
				"east": {"uv": [10.5, 9, 11.5, 8.75], "texture": "#0"},
				"south": {"uv": [5.75, 14, 6, 13.75], "texture": "#0"},
				"west": {"uv": [10.75, 0.25, 11.75, 0], "texture": "#0"},
				"up": {"uv": [5.25, 12, 5, 11], "texture": "#0"},
				"down": {"uv": [3.75, 11, 3.5, 12], "texture": "#0"}
			}
		},
		{
			"name": "arrow",
			"from": [7.59616, 5.82808, 4.45872],
			"to": [8.40384, 7.11557, 7.2656],
			"rotation": {"angle": 22.5, "axis": "x", "origin": [8, 10, 11.35771]},
			"faces": {
				"north": {"uv": [13.75, 5.5, 14, 5.25], "texture": "#0"},
				"east": {"uv": [11.75, 1.75, 12.5, 1.5], "texture": "#0"},
				"south": {"uv": [5.5, 14, 5.75, 13.75], "texture": "#0"},
				"west": {"uv": [11.75, 3.5, 12.5, 3.25], "texture": "#0"},
				"up": {"uv": [7.75, 12.5, 7.5, 11.75], "texture": "#0"},
				"down": {"uv": [7.5, 11.75, 7.25, 12.5], "texture": "#0"}
			}
		},
		{
			"name": "arrow",
			"from": [7.59416, 14.77731, 4.86323],
			"to": [8.40584, 16.46864, 6.55456],
			"rotation": {"angle": -45, "axis": "x", "origin": [8, 10, 11.35771]},
			"faces": {
				"north": {"uv": [5.75, 12.75, 6, 13.25], "texture": "#0"},
				"east": {"uv": [4.5, 11, 5, 11.5], "texture": "#0"},
				"south": {"uv": [12.75, 6, 13, 6.5], "texture": "#0"},
				"west": {"uv": [11, 4.75, 11.5, 5.25], "texture": "#0"},
				"up": {"uv": [7.25, 13.25, 7, 12.75], "texture": "#0"},
				"down": {"uv": [13, 7.25, 12.75, 7.75], "texture": "#0"}
			}
		},
		{
			"from": [7.84006, -5.20165, 13.0358],
			"to": [8.15994, 11.24227, 13.35567],
			"rotation": {"angle": 22.5, "axis": "x", "origin": [8, -4.60469, 13.19573]},
			"faces": {
				"north": {"uv": [4.5, 9.25, 4.75, 5.5], "texture": "#0"},
				"east": {"uv": [6.25, 7.75, 6.5, 4], "texture": "#0"},
				"south": {"uv": [6.5, 7.75, 6.75, 4], "texture": "#0"},
				"west": {"uv": [6.75, 3.75, 7, 0], "texture": "#0"},
				"up": {"uv": [5.25, 14, 5, 13.75], "texture": "#0"},
				"down": {"uv": [14, 4.75, 13.75, 5], "texture": "#0"}
			}
		},
		{
			"from": [7.51419, -7.29408, 6.16805],
			"to": [8.48581, -6.88224, 7.37957],
			"rotation": {"angle": -22.5, "axis": "x", "origin": [8, 10, 5.85771]},
			"faces": {
				"north": {"uv": [13.75, 3.5, 14, 3.25], "texture": "#0"},
				"east": {"uv": [3.5, 14, 3.75, 13.75], "texture": "#0"},
				"south": {"uv": [13.75, 3.75, 14, 3.5], "texture": "#0"},
				"west": {"uv": [3.75, 14, 4, 13.75], "texture": "#0"},
				"up": {"uv": [4.25, 14, 4, 13.75], "texture": "#0"},
				"down": {"uv": [14, 3.75, 13.75, 4], "texture": "#0"}
			}
		},
		{
			"from": [7.52019, -6.04407, 4.93004],
			"to": [8.47981, -5.08446, 5.88965],
			"rotation": {"angle": -22.5, "axis": "x", "origin": [8, 10, 5.85771]},
			"faces": {
				"north": {"uv": [13.75, 1.75, 14, 1.5], "texture": "#0"},
				"east": {"uv": [1.75, 14, 2, 13.75], "texture": "#0"},
				"south": {"uv": [13.75, 2, 14, 1.75], "texture": "#0"},
				"west": {"uv": [2, 14, 2.25, 13.75], "texture": "#0"},
				"up": {"uv": [2.5, 14, 2.25, 13.75], "texture": "#0"},
				"down": {"uv": [14, 2, 13.75, 2.25], "texture": "#0"}
			}
		},
		{
			"from": [7.51219, -2.00884, 16.53862],
			"to": [8.48781, -0.63338, 18.31392],
			"rotation": {"angle": 22.5, "axis": "x", "origin": [8, 10, 5.85771]},
			"faces": {
				"north": {"uv": [13.75, 2.5, 14, 2.25], "texture": "#0"},
				"east": {"uv": [12.75, 5, 13.25, 4.75], "texture": "#0"},
				"south": {"uv": [2.5, 14, 2.75, 13.75], "texture": "#0"},
				"west": {"uv": [5.25, 13, 5.75, 12.75], "texture": "#0"},
				"up": {"uv": [13, 6, 12.75, 5.5], "texture": "#0"},
				"down": {"uv": [5, 12.75, 4.75, 13.25], "texture": "#0"}
			}
		},
		{
			"from": [7.52019, -0.53485, 1.72487],
			"to": [8.47981, 0.74464, 3.00435],
			"rotation": {"angle": -45, "axis": "x", "origin": [8, 10, 5.85771]},
			"faces": {
				"north": {"uv": [13.75, 4.25, 14, 4], "texture": "#0"},
				"east": {"uv": [4.25, 14, 4.5, 13.75], "texture": "#0"},
				"south": {"uv": [13.75, 4.5, 14, 4.25], "texture": "#0"},
				"west": {"uv": [4.5, 14, 4.75, 13.75], "texture": "#0"},
				"up": {"uv": [5, 14, 4.75, 13.75], "texture": "#0"},
				"down": {"uv": [14, 4.5, 13.75, 4.75], "texture": "#0"}
			}
		},
		{
			"from": [7.51419, -3.26147, 9.07805],
			"to": [8.48581, -2.28985, 10.84935],
			"rotation": {"angle": 0, "axis": "y", "origin": [8, 10, 5.85771]},
			"faces": {
				"north": {"uv": [13.75, 0.75, 14, 0.5], "texture": "#0"},
				"east": {"uv": [12.75, 2.25, 13.25, 2], "texture": "#0"},
				"south": {"uv": [0.75, 14, 1, 13.75], "texture": "#0"},
				"west": {"uv": [12.75, 4.25, 13.25, 4], "texture": "#0"},
				"up": {"uv": [4.75, 13.25, 4.5, 12.75], "texture": "#0"},
				"down": {"uv": [13, 4.25, 12.75, 4.75], "texture": "#0"}
			}
		},
		{
			"from": [7.51219, -1.6624, -1.24195],
			"to": [8.48781, 0.91258, 0.93319],
			"rotation": {"angle": -45, "axis": "x", "origin": [8, 10, 5.85771]},
			"faces": {
				"north": {"uv": [6.75, 12.5, 7, 11.75], "texture": "#0"},
				"east": {"uv": [1.5, 10.5, 2, 9.75], "texture": "#0"},
				"south": {"uv": [11.75, 7.75, 12, 7], "texture": "#0"},
				"west": {"uv": [9.75, 2.75, 10.25, 2], "texture": "#0"},
				"up": {"uv": [2.75, 13.25, 2.5, 12.75], "texture": "#0"},
				"down": {"uv": [2.5, 12.75, 2.25, 13.25], "texture": "#0"}
			}
		},
		{
			"from": [7.52019, -1.446, 7.27458],
			"to": [8.47981, 0.0734, 8.79398],
			"rotation": {"angle": 0, "axis": "y", "origin": [8, 10, 5.85771]},
			"faces": {
				"north": {"uv": [12.75, 3, 13, 2.5], "texture": "#0"},
				"east": {"uv": [11, 3.25, 11.5, 2.75], "texture": "#0"},
				"south": {"uv": [3.25, 13.25, 3.5, 12.75], "texture": "#0"},
				"west": {"uv": [11, 4.75, 11.5, 4.25], "texture": "#0"},
				"up": {"uv": [13, 4, 12.75, 3.5], "texture": "#0"},
				"down": {"uv": [3.75, 12.75, 3.5, 13.25], "texture": "#0"}
			}
		},
		{
			"from": [7.52019, 0.2295, 4.84382],
			"to": [8.47981, 1.10914, 6.92299],
			"rotation": {"angle": 0, "axis": "y", "origin": [8, 10, 5.85771]},
			"faces": {
				"north": {"uv": [13.75, 0.5, 14, 0.25], "texture": "#0"},
				"east": {"uv": [12.5, 12.5, 13, 12.25], "texture": "#0"},
				"south": {"uv": [0.5, 14, 0.75, 13.75], "texture": "#0"},
				"west": {"uv": [12.75, 1.5, 13.25, 1.25], "texture": "#0"},
				"up": {"uv": [2.25, 13.25, 2, 12.75], "texture": "#0"},
				"down": {"uv": [13, 1.5, 12.75, 2], "texture": "#0"}
			}
		},
		{
			"from": [7.51619, 2.61827, 10.56812],
			"to": [8.48381, 5.18525, 11.93558],
			"rotation": {"angle": 22.5, "axis": "x", "origin": [8, 10, 5.85771]},
			"faces": {
				"north": {"uv": [11.75, 5.75, 12, 5], "texture": "#0"},
				"east": {"uv": [6, 12.5, 6.25, 11.75], "texture": "#0"},
				"south": {"uv": [6.25, 12.5, 6.5, 11.75], "texture": "#0"},
				"west": {"uv": [6.5, 12.5, 6.75, 11.75], "texture": "#0"},
				"up": {"uv": [13.75, 13.25, 13.5, 13], "texture": "#0"},
				"down": {"uv": [13.25, 13.5, 13, 13.75], "texture": "#0"}
			}
		},
		{
			"from": [7.52019, 0.85995, 7.38993],
			"to": [8.47981, 1.37974, 8.62943],
			"rotation": {"angle": 0, "axis": "y", "origin": [8, 10, 5.85771]},
			"faces": {
				"north": {"uv": [13.25, 13.75, 13.5, 13.5], "texture": "#0"},
				"east": {"uv": [13.5, 13.5, 13.75, 13.25], "texture": "#0"},
				"south": {"uv": [13.5, 13.75, 13.75, 13.5], "texture": "#0"},
				"west": {"uv": [0, 14, 0.25, 13.75], "texture": "#0"},
				"up": {"uv": [0.5, 14, 0.25, 13.75], "texture": "#0"},
				"down": {"uv": [14, 0, 13.75, 0.25], "texture": "#0"}
			}
		},
		{
			"from": [7.51419, 6.50697, 10.74832],
			"to": [8.48581, 7.87842, 13.31929],
			"rotation": {"angle": 45, "axis": "x", "origin": [8, 10, 5.85771]},
			"faces": {
				"north": {"uv": [12.5, 13.75, 12.75, 13.5], "texture": "#0"},
				"east": {"uv": [11.5, 9, 12.25, 8.75], "texture": "#0"},
				"south": {"uv": [13.5, 12.75, 13.75, 12.5], "texture": "#0"},
				"west": {"uv": [11.75, 0.25, 12.5, 0], "texture": "#0"},
				"up": {"uv": [12, 5, 11.75, 4.25], "texture": "#0"},
				"down": {"uv": [4.5, 11.75, 4.25, 12.5], "texture": "#0"}
			}
		},
		{
			"from": [7.52019, 3.30248, 4.00664],
			"to": [8.47981, 4.66194, 5.76593],
			"rotation": {"angle": -22.5, "axis": "x", "origin": [8, 10, 5.85771]},
			"faces": {
				"north": {"uv": [12.25, 13.75, 12.5, 13.5], "texture": "#0"},
				"east": {"uv": [10.25, 12.75, 10.75, 12.5], "texture": "#0"},
				"south": {"uv": [13.5, 12.5, 13.75, 12.25], "texture": "#0"},
				"west": {"uv": [12.5, 10.75, 13, 10.5], "texture": "#0"},
				"up": {"uv": [12.75, 11.75, 12.5, 11.25], "texture": "#0"},
				"down": {"uv": [12.75, 10.75, 12.5, 11.25], "texture": "#0"}
			}
		},
		{
			"from": [7.51219, 1.38992, 8.31538],
			"to": [8.48781, 4.92451, 10.57049],
			"rotation": {"angle": 22.5, "axis": "x", "origin": [8, 10, 5.85771]},
			"faces": {
				"north": {"uv": [2.25, 12, 2.5, 11], "texture": "#0"},
				"east": {"uv": [9, 1.25, 9.5, 0.25], "texture": "#0"},
				"south": {"uv": [3.25, 12, 3.5, 11], "texture": "#0"},
				"west": {"uv": [9, 2.25, 9.5, 1.25], "texture": "#0"},
				"up": {"uv": [1.25, 13.25, 1, 12.75], "texture": "#0"},
				"down": {"uv": [1, 12.75, 0.75, 13.25], "texture": "#0"}
			}
		},
		{
			"from": [7.52019, 11.76009, 13.18385],
			"to": [8.47981, 12.63974, 13.5437],
			"rotation": {"angle": 22.5, "axis": "x", "origin": [8, 10, 5.85771]},
			"faces": {
				"north": {"uv": [11.25, 13.75, 11.5, 13.5], "texture": "#0"},
				"east": {"uv": [13.5, 11.5, 13.75, 11.25], "texture": "#0"},
				"south": {"uv": [11.5, 13.75, 11.75, 13.5], "texture": "#0"},
				"west": {"uv": [13.5, 11.75, 13.75, 11.5], "texture": "#0"},
				"up": {"uv": [13.75, 12, 13.5, 11.75], "texture": "#0"},
				"down": {"uv": [12, 13.5, 11.75, 13.75], "texture": "#0"}
			}
		},
		{
			"from": [7.51419, 8.66959, 11.55119],
			"to": [8.48581, 9.64121, 13.64236],
			"rotation": {"angle": 0, "axis": "y", "origin": [8, 10, 5.85771]},
			"faces": {
				"north": {"uv": [11, 13.75, 11.25, 13.5], "texture": "#0"},
				"east": {"uv": [8.75, 12.75, 9.25, 12.5], "texture": "#0"},
				"south": {"uv": [13.5, 11.25, 13.75, 11], "texture": "#0"},
				"west": {"uv": [12.5, 9.25, 13, 9], "texture": "#0"},
				"up": {"uv": [12.75, 9.75, 12.5, 9.25], "texture": "#0"},
				"down": {"uv": [9.5, 12.5, 9.25, 13], "texture": "#0"}
			}
		},
		{
			"from": [7.52019, 4.43242, 8.03055],
			"to": [8.47981, 5.71191, 9.62991],
			"rotation": {"angle": -45, "axis": "x", "origin": [8, 10, 5.85771]},
			"faces": {
				"north": {"uv": [10.75, 13.75, 11, 13.5], "texture": "#0"},
				"east": {"uv": [7.5, 12.75, 8, 12.5], "texture": "#0"},
				"south": {"uv": [13.5, 11, 13.75, 10.75], "texture": "#0"},
				"west": {"uv": [12.5, 8, 13, 7.75], "texture": "#0"},
				"up": {"uv": [12.75, 9, 12.5, 8.5], "texture": "#0"},
				"down": {"uv": [12.75, 8, 12.5, 8.5], "texture": "#0"}
			}
		},
		{
			"from": [7.52019, 5.17041, 7.19804],
			"to": [8.47981, 5.89012, 8.83738],
			"rotation": {"angle": 0, "axis": "y", "origin": [8, 10, 5.85771]},
			"faces": {
				"north": {"uv": [12.75, 13.75, 13, 13.5], "texture": "#0"},
				"east": {"uv": [12.5, 12.25, 13, 12], "texture": "#0"},
				"south": {"uv": [13.5, 13, 13.75, 12.75], "texture": "#0"},
				"west": {"uv": [12.25, 12.75, 12.75, 12.5], "texture": "#0"},
				"up": {"uv": [0.5, 13.25, 0.25, 12.75], "texture": "#0"},
				"down": {"uv": [0.25, 12.75, 0, 13.25], "texture": "#0"}
			}
		},
		{
			"from": [7.51419, 6.70989, 8.66279],
			"to": [8.48581, 8.08134, 10.43409],
			"rotation": {"angle": 22.5, "axis": "x", "origin": [8, 10, 5.85771]},
			"faces": {
				"north": {"uv": [12, 13.75, 12.25, 13.5], "texture": "#0"},
				"east": {"uv": [9.5, 12.75, 10, 12.5], "texture": "#0"},
				"south": {"uv": [13.5, 12.25, 13.75, 12], "texture": "#0"},
				"west": {"uv": [12.5, 10, 13, 9.75], "texture": "#0"},
				"up": {"uv": [12.75, 10.5, 12.5, 10], "texture": "#0"},
				"down": {"uv": [10.25, 12.5, 10, 13], "texture": "#0"}
			}
		},
		{
			"from": [7.51219, 7.97733, 7.83117],
			"to": [8.48781, 9.75263, 10.24621],
			"rotation": {"angle": 22.5, "axis": "x", "origin": [8, 10, 5.85771]},
			"faces": {
				"north": {"uv": [12.5, 6.5, 12.75, 6], "texture": "#0"},
				"east": {"uv": [11, 2, 11.5, 1.5], "texture": "#0"},
				"south": {"uv": [6.25, 13, 6.5, 12.5], "texture": "#0"},
				"west": {"uv": [11, 2.5, 11.5, 2], "texture": "#0"},
				"up": {"uv": [7, 13, 6.75, 12.5], "texture": "#0"},
				"down": {"uv": [6.75, 12.5, 6.5, 13], "texture": "#0"}
			}
		},
		{
			"from": [7.52019, 5.47793, 7.53061],
			"to": [8.47981, 6.91735, 9.12997],
			"rotation": {"angle": -22.5, "axis": "x", "origin": [8, 10, 5.85771]},
			"faces": {
				"north": {"uv": [10.25, 13.75, 10.5, 13.5], "texture": "#0"},
				"east": {"uv": [12.5, 5.25, 13, 5], "texture": "#0"},
				"south": {"uv": [13.5, 10.5, 13.75, 10.25], "texture": "#0"},
				"west": {"uv": [12.5, 5.5, 13, 5.25], "texture": "#0"},
				"up": {"uv": [6.25, 13, 6, 12.5], "texture": "#0"},
				"down": {"uv": [12.75, 5.5, 12.5, 6], "texture": "#0"}
			}
		},
		{
			"from": [7.52019, 7.17431, 5.83423],
			"to": [8.47981, 8.53376, 7.59353],
			"rotation": {"angle": -22.5, "axis": "x", "origin": [8, 10, 5.85771]},
			"faces": {
				"north": {"uv": [10.5, 13.75, 10.75, 13.5], "texture": "#0"},
				"east": {"uv": [12.5, 7, 13, 6.75], "texture": "#0"},
				"south": {"uv": [13.5, 10.75, 13.75, 10.5], "texture": "#0"},
				"west": {"uv": [12.5, 7.25, 13, 7], "texture": "#0"},
				"up": {"uv": [12.75, 7.75, 12.5, 7.25], "texture": "#0"},
				"down": {"uv": [7.5, 12.5, 7.25, 13], "texture": "#0"}
			}
		},
		{
			"name": "ef",
			"from": [12.82843, -5, 6.99965],
			"to": [12.82843, 25, 10.99965],
			"rotation": {"angle": 0, "axis": "y", "origin": [8, 10, 5.85771]},
			"faces": {
				"north": {"uv": [0, 0, 0, 4], "texture": "#1"},
				"east": {"uv": [14, 0, 12, 16], "texture": "#1"},
				"south": {"uv": [0, 0, 0, 4], "texture": "#1"},
				"west": {"uv": [12, 0, 14, 16], "texture": "#1"},
				"up": {"uv": [1, 0, 0, 0], "rotation": 270, "texture": "#1"},
				"down": {"uv": [1, 0, 0, 0], "rotation": 90, "texture": "#1"}
			}
		},
		{
			"name": "ef",
			"from": [3.77832, -5, 12.90782],
			"to": [7.77832, 25, 12.90782],
			"rotation": {"angle": 45, "axis": "y", "origin": [8, 10, 5.85771]},
			"faces": {
				"north": {"uv": [14, 0, 16, 16], "texture": "#1"},
				"east": {"uv": [0, 0, 0, 4], "texture": "#1"},
				"south": {"uv": [16, 0, 14, 16], "texture": "#1"},
				"west": {"uv": [0, 0, 0, 4], "texture": "#1"},
				"up": {"uv": [1, 0, 2, 0], "texture": "#1"},
				"down": {"uv": [1, 0, 2, 0], "texture": "#1"}
			}
		},
		{
			"name": "ef",
			"from": [6, -5, 13.82807],
			"to": [10, 25, 13.82807],
			"rotation": {"angle": 0, "axis": "y", "origin": [8, 10, 5.85771]},
			"faces": {
				"north": {"uv": [0, 0, 2, 16], "texture": "#1"},
				"east": {"uv": [0, 0, 0, 4], "texture": "#1"},
				"south": {"uv": [2, 0, 0, 16], "texture": "#1"},
				"west": {"uv": [0, 0, 0, 4], "texture": "#1"},
				"up": {"uv": [0, 0, 1, 0], "texture": "#1"},
				"down": {"uv": [0, 0, 1, 0], "texture": "#1"}
			}
		},
		{
			"name": "ef",
			"from": [3.17157, -5, 6.99965],
			"to": [3.17157, 25, 10.99965],
			"rotation": {"angle": 0, "axis": "y", "origin": [8, 10, 5.85771]},
			"faces": {
				"north": {"uv": [0, 0, 0, 4], "texture": "#1"},
				"east": {"uv": [4, 0, 6, 16], "texture": "#1"},
				"south": {"uv": [0, 0, 0, 4], "texture": "#1"},
				"west": {"uv": [6, 0, 4, 16], "texture": "#1"},
				"up": {"uv": [1, 0, 0, 0], "rotation": 270, "texture": "#1"},
				"down": {"uv": [1, 0, 0, 0], "rotation": 90, "texture": "#1"}
			}
		},
		{
			"name": "ef",
			"from": [8.22168, -5, 12.90782],
			"to": [12.22168, 25, 12.90782],
			"rotation": {"angle": -45, "axis": "y", "origin": [8, 10, 5.85771]},
			"faces": {
				"north": {"uv": [2, 0, 4, 16], "texture": "#1"},
				"east": {"uv": [0, 0, 0, 4], "texture": "#1"},
				"south": {"uv": [4, 0, 2, 16], "texture": "#1"},
				"west": {"uv": [0, 0, 0, 4], "texture": "#1"},
				"up": {"uv": [0, 0, 1, 0], "texture": "#1"},
				"down": {"uv": [0, 0, 1, 0], "texture": "#1"}
			}
		},
		{
			"name": "ef",
			"from": [6.00071, -5, 4.17193],
			"to": [10.00071, 25, 4.17193],
			"rotation": {"angle": 0, "axis": "y", "origin": [8, 10, 5.85771]},
			"faces": {
				"north": {"uv": [10, 0, 8, 16], "texture": "#1"},
				"east": {"uv": [0, 0, 0, 4], "texture": "#1"},
				"south": {"uv": [8, 0, 10, 16], "texture": "#1"},
				"west": {"uv": [0, 0, 0, 4], "texture": "#1"},
				"up": {"uv": [0, 0, 1, 0], "texture": "#1"},
				"down": {"uv": [0, 0, 1, 0], "texture": "#1"}
			}
		},
		{
			"name": "ef",
			"from": [3.77832, -5, 3.25197],
			"to": [7.77832, 25, 3.25197],
			"rotation": {"angle": 45, "axis": "y", "origin": [8, 10, 5.85771]},
			"faces": {
				"north": {"uv": [8, 0, 6, 16], "texture": "#1"},
				"east": {"uv": [0, 0, 0, 4], "texture": "#1"},
				"south": {"uv": [6, 0, 8, 16], "texture": "#1"},
				"west": {"uv": [0, 0, 0, 4], "texture": "#1"},
				"up": {"uv": [0, 0, 1, 0], "texture": "#1"},
				"down": {"uv": [0, 0, 1, 0], "texture": "#1"}
			}
		},
		{
			"name": "ef",
			"from": [8.22168, -5, 3.25197],
			"to": [12.22168, 25, 3.25197],
			"rotation": {"angle": -45, "axis": "y", "origin": [8, 10, 5.85771]},
			"faces": {
				"north": {"uv": [12, 0, 10, 16], "texture": "#1"},
				"east": {"uv": [0, 0, 0, 4], "texture": "#1"},
				"south": {"uv": [10, 0, 12, 16], "texture": "#1"},
				"west": {"uv": [0, 0, 0, 4], "texture": "#1"},
				"up": {"uv": [1, 0, 2, 0], "texture": "#1"},
				"down": {"uv": [1, 0, 2, 0], "texture": "#1"}
			}
		}
	],
	"gui_light": "front",
	"display": {
		"thirdperson_righthand": {
			"translation": [0, -4.25, -1.25]
		},
		"thirdperson_lefthand": {
			"translation": [0, -4.25, -1.25]
		},
		"firstperson_righthand": {
			"rotation": [21.48, 32.04, -0.23],
			"translation": [-0.25, 3.5, 1.5],
			"scale": [0.33, 0.33, 0.33]
		},
		"firstperson_lefthand": {
			"rotation": [20.41, -3.21, 1.05],
			"translation": [-0.25, 3.5, 1.5],
			"scale": [0.33, 0.33, 0.33]
		},
		"ground": {
			"rotation": [45, 0, 0],
			"translation": [0, 4.75, 0],
			"scale": [0.52, 0.52, 0.52]
		},
		"gui": {
			"rotation": [90, 45, -90],
			"translation": [-2.25, 0.25, 0],
			"scale": [0.61, 0.61, 0.61]
		},
		"head": {
			"scale": [0, 0, 0]
		},
		"fixed": {
			"rotation": [0, -90, 0],
			"translation": [0, -1.25, -2]
		}
	}
}