{
  "parent": "builtin/entity",
  "textures": {
    "particle": "block/oak_planks"
  },
  "overrides": [
    {
      "predicate": {
        "damage": 0
      },
      "model": "item/chest"
    },
    {
      "predicate": {
        "custom_model_data": 1
      },
      "model": "christmas/christmas_chest"
    },
    {
      "predicate": {
        "custom_model_data": 2
      },
      "model": "void/void_chest"
    },
    {
      "predicate": {
        "custom_model_data": 3
      },
      "model": "magma/magma_chest"
    },
    {
      "predicate": {
        "custom_model_data": 4
      },
      "model": "chinese/chinese_dragon_chest"
    },
    {
      "predicate": {
        "custom_model_data": 5
      },
      "model": "valentine/valentine_chest"
    }
  ],
  "display": {
    "gui": {
      "rotation": [
        30,
        45,
        0
      ],
      "translation": [
        0,
        0,
        0
      ],
      "scale": [
        0.625,
        0.625,
        0.625
      ]
    },
    "ground": {
      "rotation": [
        0,
        0,
        0
      ],
      "translation": [
        0,
        3,
        0
      ],
      "scale": [
        0.25,
        0.25,
        0.25
      ]
    },
    "head": {
      "rotation": [
        0,
        180,
        0
      ],
      "translation": [
        0,
        0,
        0
      ],
      "scale": [
        1,
        1,
        1
      ]
    },
    "fixed": {
      "rotation": [
        0,
        180,
        0
      ],
      "translation": [
        0,
        0,
        0
      ],
      "scale": [
        0.5,
        0.5,
        0.5
      ]
    },
    "thirdperson_righthand": {
      "rotation": [
        75,
        315,
        0
      ],
      "translation": [
        0,
        2.5,
        0
      ],
      "scale": [
        0.375,
        0.375,
        0.375
      ]
    },
    "firstperson_righthand": {
      "rotation": [
        0,
        315,
        0
      ],
      "translation": [
        0,
        0,
        0
      ],
      "scale": [
        0.4,
        0.4,
        0.4
      ]
    }
  }
}