{
  "parent": "minecraft:item/handheld",
  "textures": {
    "layer0": "minecraft:item/diamond_sword"
  },
  "overrides": [
    {
      "predicate": {
        "damage": 0
      },
      "model": "item/diamond_sword"
    },
    {
      "predicate": {
        "custom_model_data": 1
      },
      "model": "heartandbloodtheme/heartsword"
    },
    {
      "predicate": {
        "custom_model_data": 2
      },
      "model": "lightiningtheme/lightsword"
    },
    {
      "predicate": {
        "custom_model_data": 3
      },
      "model": "christmas/noparticles/christmas_sword"
    },
    {
      "predicate": {
        "custom_model_data": 4
      },
      "model": "christmas/christmas_sword"
    },
    {
      "predicate": {
        "custom_model_data": 5
      },
      "model": "void/noparticles/void_sword"
    },
    {
      "predicate": {
        "custom_model_data": 6
      },
      "model": "void/void_sword"
    },
    {
      "predicate": {
        "custom_model_data": 7
      },
      "model": "magma/noparticles/magma_sword"
    },
    {
      "predicate": {
        "custom_model_data": 8
      },
      "model": "magma/magma_sword"
    },
    {
      "predicate": {
        "custom_model_data": 9
      },
      "model": "chinese/noparticles/chinese_dragon_sword"
    },
    {
      "predicate": {
        "custom_model_data": 10
      },
      "model": "chinese/chinese_dragon_sword"
    },
    {
      "predicate": {
        "custom_model_data": 11
      },
      "model": "valentine/noparticles/valentine_sword"
    },
    {
      "predicate": {
        "custom_model_data": 12
      },
      "model": "valentine/valentine_sword"
    }
  ]
}