{
  "parent": "minecraft:item/handheld",
  "textures": {
    "layer0": "minecraft:item/diamond_shovel"
  },
  "overrides": [
    {
      "predicate": {
        "damage": 0
      },
      "model": "item/diamond_shovel"
    },
    {
      "predicate": {
        "custom_model_data": 1
      },
      "model": "heartandbloodtheme/heartshovel"
    },
    {
      "predicate": {
        "custom_model_data": 2
      },
      "model": "lightiningtheme/lightshovel"
    },
    {
      "predicate": {
        "custom_model_data": 3
      },
      "model": "christmas/noparticles/christmas_shovel"
    },
    {
      "predicate": {
        "custom_model_data": 4
      },
      "model": "christmas/christmas_shovel"
    },
    {
      "predicate": {
        "custom_model_data": 5
      },
      "model": "void/noparticles/void_shovel"
    },
    {
      "predicate": {
        "custom_model_data": 6
      },
      "model": "void/void_shovel"
    },
    {
      "predicate": {
        "custom_model_data": 7
      },
      "model": "magma/noparticles/magma_shovel"
    },
    {
      "predicate": {
        "custom_model_data": 8
      },
      "model": "magma/magma_shovel"
    },
    {
      "predicate": {
        "custom_model_data": 9
      },
      "model": "chinese/noparticles/chinese_dragon_shovel"
    },
    {
      "predicate": {
        "custom_model_data": 10
      },
      "model": "chinese/chinese_dragon_shovel"
    },
    {
      "predicate": {
        "custom_model_data": 11
      },
      "model": "valentine/noparticles/valentine_shovel"
    },
    {
      "predicate": {
        "custom_model_data": 12
      },
      "model": "valentine/valentine_shovel"
    }
  ]
}