{
  "parent": "item/generated",
  "textures": {
    "layer0": "item/leather_leggings",
    "layer1": "item/leather_leggings_overlay"
  },
  "overrides": [
    {
      "predicate": {
        "custom_model_data": 1
      },
      "model": "chinese:ia_auto_gen/dragondiamondarmor_leggings"
    },
    {
      "predicate": {
        "custom_model_data": 2
      },
      "model": "chinese:ia_auto_gen/dragongoldarmor_leggings"
    },
    {
      "predicate": {
        "custom_model_data": 3
      },
      "model": "chinese:ia_auto_gen/dragonironarmor_leggings"
    },
    {
      "predicate": {
        "custom_model_data": 4
      },
      "model": "chinese:ia_auto_gen/dragonnetheritearmor_leggings"
    },
    {
      "predicate": {
        "custom_model_data": 5
      },
      "model": "magma:ia_auto_gen/magmadiamondarmor_leggings"
    },
    {
      "predicate": {
        "custom_model_data": 6
      },
      "model": "magma:ia_auto_gen/magmagoldarmor_leggings"
    },
    {
      "predicate": {
        "custom_model_data": 7
      },
      "model": "magma:ia_auto_gen/magmaironarmor_leggings"
    },
    {
      "predicate": {
        "custom_model_data": 8
      },
      "model": "magma:ia_auto_gen/magmanetheritearmor_leggings"
    },
    {
      "predicate": {
        "custom_model_data": 9
      },
      "model": "valentine:ia_auto_gen/valentinediamondarmor_leggings"
    },
    {
      "predicate": {
        "custom_model_data": 10
      },
      "model": "valentine:ia_auto_gen/valentinegoldarmor_leggings"
    },
    {
      "predicate": {
        "custom_model_data": 11
      },
      "model": "valentine:ia_auto_gen/valentineironarmor_leggings"
    },
    {
      "predicate": {
        "custom_model_data": 12
      },
      "model": "valentine:ia_auto_gen/valentinenetheritearmor_leggings"
    }
  ]
}