{
  "parent": "minecraft:item/generated",
  "textures": {
    "layer0": "minecraft:item/paper"
  },
  "overrides": [
    {
      "predicate": {
        "custom_model_data": 1
      },
      "model": "emojis/emoji-bruh"
    },
    {
      "predicate": {
        "custom_model_data": 2
      },
      "model": "emojis/emoji-cat"
    },
    {
      "predicate": {
        "custom_model_data": 3
      },
      "model": "emojis/emoji-cheems"
    },
    {
      "predicate": {
        "custom_model_data": 4
      },
      "model": "emojis/emoji-cheems_dorime"
    },
    {
      "predicate": {
        "custom_model_data": 5
      },
      "model": "emojis/emoji-doge"
    },
    {
      "predicate": {
        "custom_model_data": 6
      },
      "model": "emojis/emoji-flush"
    },
    {
      "predicate": {
        "custom_model_data": 7
      },
      "model": "emojis/emoji-kekw"
    },
    {
      "predicate": {
        "custom_model_data": 8
      },
      "model": "emojis/emoji-laugh"
    },
    {
      "predicate": {
        "custom_model_data": 9
      },
      "model": "emojis/emoji-mrincredible"
    },
    {
      "predicate": {
        "custom_model_data": 10
      },
      "model": "emojis/emoji-mrincredible_2"
    },
    {
      "predicate": {
        "custom_model_data": 11
      },
      "model": "emojis/emoji-noot_noot"
    },
    {
      "predicate": {
        "custom_model_data": 12
      },
      "model": "emojis/emoji-not_stonks"
    },
    {
      "predicate": {
        "custom_model_data": 13
      },
      "model": "emojis/emoji-oh_god"
    },
    {
      "predicate": {
        "custom_model_data": 14
      },
      "model": "emojis/emoji-patrickpraying"
    },
    {
      "predicate": {
        "custom_model_data": 15
      },
      "model": "emojis/emoji-patrik"
    },
    {
      "predicate": {
        "custom_model_data": 16
      },
      "model": "emojis/emoji-pop_cat"
    },
    {
      "predicate": {
        "custom_model_data": 17
      },
      "model": "emojis/emoji-squidward_asleep"
    },
    {
      "predicate": {
        "custom_model_data": 18
      },
      "model": "emojis/emoji-squidward_awake"
    },
    {
      "predicate": {
        "custom_model_data": 19
      },
      "model": "emojis/emoji-stonks"
    },
    {
      "predicate": {
        "custom_model_data": 20
      },
      "model": "emojis/emoji-uno_reverse"
    },
    {
      "predicate": {
        "custom_model_data": 21
      },
      "model": "emojis/emoji-meme_emoji_1"
    },
    {
      "predicate": {
        "custom_model_data": 22
      },
      "model": "emojis/emoji-meme_emoji_10"
    },
    {
      "predicate": {
        "custom_model_data": 23
      },
      "model": "emojis/emoji-meme_emoji_11"
    },
    {
      "predicate": {
        "custom_model_data": 24
      },
      "model": "emojis/emoji-meme_emoji_12"
    },
    {
      "predicate": {
        "custom_model_data": 25
      },
      "model": "emojis/emoji-meme_emoji_13"
    },
    {
      "predicate": {
        "custom_model_data": 26
      },
      "model": "emojis/emoji-meme_emoji_14"
    },
    {
      "predicate": {
        "custom_model_data": 27
      },
      "model": "emojis/emoji-meme_emoji_15"
    },
    {
      "predicate": {
        "custom_model_data": 28
      },
      "model": "emojis/emoji-meme_emoji_2"
    },
    {
      "predicate": {
        "custom_model_data": 29
      },
      "model": "emojis/emoji-meme_emoji_3"
    },
    {
      "predicate": {
        "custom_model_data": 30
      },
      "model": "emojis/emoji-meme_emoji_4"
    },
    {
      "predicate": {
        "custom_model_data": 31
      },
      "model": "emojis/emoji-meme_emoji_5"
    },
    {
      "predicate": {
        "custom_model_data": 32
      },
      "model": "emojis/emoji-meme_emoji_6"
    },
    {
      "predicate": {
        "custom_model_data": 33
      },
      "model": "emojis/emoji-meme_emoji_7"
    },
    {
      "predicate": {
        "custom_model_data": 34
      },
      "model": "emojis/emoji-meme_emoji_8"
    },
    {
      "predicate": {
        "custom_model_data": 35
      },
      "model": "emojis/emoji-meme_emoji_9"
    },


    {
      "predicate": {
        "custom_model_data": 1000
      },
      "model": "emojis/pets-enderwyvern"
    },
    {
      "predicate": {
        "custom_model_data": 1001
      },
      "model": "emojis/pets-firedragon"
    },
    {
      "predicate": {
        "custom_model_data": 1002
      },
      "model": "emojis/pets-kitsune"
    },
    {
      "predicate": {
        "custom_model_data": 1003
      },
      "model": "emojis/pets-panda"
    },
    {
      "predicate": {
        "custom_model_data": 1004
      },
      "model": "emojis/pets-pegasus"
    },
    {
      "predicate": {
        "custom_model_data": 1005
      },
      "model": "emojis/pets-phoenix"
    },
    {
      "predicate": {
        "custom_model_data": 1006
      },
      "model": "emojis/pets-royalgolem"
    },
    {
      "predicate": {
        "custom_model_data": 1007
      },
      "model": "emojis/pets-spiritmanticore"
    },
    {
      "predicate": {
        "custom_model_data": 1008
      },
      "model": "emojis/pets-unicorn"
    }
  ]
}