{
  "display": {
      "firstperson_lefthand": {
          "rotation": [
              0,
              180,
              5
          ],
          "scale": [
              1.25,
              1.25,
              1.25
          ],
          "translation": [
              10,
              0,
              -10
          ]
      },
      "firstperson_righthand": {
          "rotation": [
              0,
              180,
              5
          ],
          "scale": [
              1.25,
              1.25,
              1.25
          ],
          "translation": [
              -10,
              2,
              -10
          ]
      },
      "fixed": {
          "rotation": [
              0,
              180,
              0
          ],
          "scale": [
              0.5,
              0.5,
              0.5
          ],
          "translation": [
              -2,
              4,
              -5
          ]
      },
      "ground": {
          "rotation": [
              0,
              0,
              0
          ],
          "scale": [
              0.25,
              0.25,
              0.25
          ],
          "translation": [
              4,
              4,
              2
          ]
      },
      "gui": {
          "rotation": [
              15,
              -25,
              -5
          ],
          "scale": [
              0.65,
              0.65,
              0.65
          ],
          "translation": [
              2,
              3,
              0
          ]
      },
      "thirdperson_lefthand": {
          "rotation": [
              0,
              90,
              0
          ],
          "scale": [
              1,
              1,
              1
          ],
          "translation": [
              10,
              6,
              12
          ]
      },
      "thirdperson_righthand": {
          "rotation": [
              0,
              90,
              0
          ],
          "scale": [
              1,
              1,
              1
          ],
          "translation": [
              10,
              6,
              -4
          ]
      }
  },
  "gui_light": "front",
  "overrides": [
      {
          "model": "item/shield_blocking",
          "predicate": {
              "blocking": 1
          }
      },

      {
          "model": "heartandbloodtheme/heartshield",
          "predicate": {
              "custom_model_data": 1
          }
      },
      {
          "model": "heartandbloodtheme/heartshield_block",
          "predicate": {
              "blocking": 1,
              "custom_model_data": 1
          }
      },

      {
          "model": "lightiningtheme/lightshield",
          "predicate": {
              "custom_model_data": 2
          }
      },
      {
          "model": "lightiningtheme/lightshield_block",
          "predicate": {
              "blocking": 1,
              "custom_model_data": 2
          }
      },

      {
          "model": "christmas/noparticles/christmas_shield",
          "predicate": {
              "custom_model_data": 3
          }
      },
      {
          "model": "christmas/noparticles/christmas_shield_blocking",
          "predicate": {
              "blocking": 1,
              "custom_model_data": 3
          }
      },

      {
          "model": "christmas/christmas_shield",
          "predicate": {
              "custom_model_data": 4
          }
      },
      {
          "model": "christmas/christmas_shield_blocking",
          "predicate": {
              "blocking": 1,
              "custom_model_data": 4
          }
      },

      {
          "model": "void/noparticles/void_shield",
          "predicate": {
              "custom_model_data": 5
          }
      },
      {
          "model": "void/noparticles/void_shield_blocking",
          "predicate": {
              "blocking": 1,
              "custom_model_data": 5
          }
      },

      {
          "model": "void/void_shield",
          "predicate": {
              "custom_model_data": 6
          }
      },
      {
          "model": "void/void_shield_blocking",
          "predicate": {
              "blocking": 1,
              "custom_model_data": 6
          }
      },

      {
          "model": "magma/noparticles/magma_shield",
          "predicate": {
              "custom_model_data": 7
          }
      },
      {
          "model": "magma/noparticles/magma_shield_blocking",
          "predicate": {
              "blocking": 1,
              "custom_model_data": 7
          }
      },

      {
          "model": "magma/magma_shield",
          "predicate": {
              "custom_model_data": 8
          }
      },
      {
          "model": "magma/magma_shield_blocking",
          "predicate": {
              "blocking": 1,
              "custom_model_data": 8
          }
      },

      {
          "model": "chinese/noparticles/chinese_dragon_shield",
          "predicate": {
              "custom_model_data": 9
          }
      },
      {
          "model": "chinese/noparticles/chinese_dragon_shield_blocking",
          "predicate": {
              "blocking": 1,
              "custom_model_data": 9
          }
      },

      {
          "model": "chinese/chinese_dragon_shield",
          "predicate": {
              "custom_model_data": 10
          }
      },
      {
          "model": "chinese/chinese_dragon_shield_blocking",
          "predicate": {
              "blocking": 1,
              "custom_model_data": 10
          }
      },


      {
          "model": "valentine/noparticles/valentine_shield",
          "predicate": {
              "custom_model_data": 11
          }
      },
      {
          "model": "valentine/noparticles/valentine_shield_blocking",
          "predicate": {
              "blocking": 1,
              "custom_model_data": 11
          }
      },

      {
          "model": "valentine/valentine_shield",
          "predicate": {
              "custom_model_data": 12
          }
      },
      {
          "model": "valentine/valentine_shield_blocking",
          "predicate": {
              "blocking": 1,
              "custom_model_data": 12
          }
      }
  ],
  "parent": "builtin/entity",
  "textures": {
      "particle": "block/dark_oak_planks"
  }
}