
{
	"credit": "Made with Blockbench",
	"texture_size": [64, 64],
	"textures": {
		"2": "item/crown/crown_n_6_long",
		"particle": "item/crown/crown_n_6_long"
	},
	"elements": [
		{
			"from": [-1.006, -0.002, -0.002],
			"to": [-0.002, 4.002, 16.002],
			"shade": false,
			"rotation": {"angle": 0, "axis": "y", "origin": [-0.51258, 1.5, 8]},
			"faces": {
				"north": {"uv": [4.25, 8.75, 4.5, 9.75], "texture": "#2"},
				"east": {"uv": [0, 0, 4, 1], "texture": "#2"},
				"south": {"uv": [7.25, 9, 7.5, 10], "texture": "#2"},
				"west": {"uv": [0, 1, 4, 2], "texture": "#2"},
				"up": {"uv": [6.25, 10.75, 6, 6.75], "texture": "#2"},
				"down": {"uv": [6.5, 6.75, 6.25, 10.75], "texture": "#2"}
			}
		},
		{
			"from": [-0.002, -0.002, -0.002],
			"to": [16.002, 4.002, 1.002],
			"shade": false,
			"rotation": {"angle": 0, "axis": "y", "origin": [7, 3, 0]},
			"faces": {
				"north": {"uv": [0, 2, 4, 3], "texture": "#2"},
				"east": {"uv": [1.25, 9.25, 1.5, 10.25], "texture": "#2"},
				"south": {"uv": [0, 3, 4, 4], "texture": "#2"},
				"west": {"uv": [3.5, 9.5, 3.75, 10.5], "texture": "#2"},
				"up": {"uv": [10.5, 2.75, 6.5, 2.5], "texture": "#2"},
				"down": {"uv": [10.5, 6.75, 6.5, 7], "texture": "#2"}
			}
		},
		{
			"from": [4.67083, 0.11867, -2.006],
			"to": [6.98283, 7.63067, 0.006],
			"shade": false,
			"rotation": {"angle": -22.5, "axis": "z", "origin": [7.67683, 3.12467, -1]},
			"faces": {
				"north": {"uv": [3, 6.75, 3.625, 8.625], "texture": "#2"},
				"east": {"uv": [7, 7, 7.5, 8.875], "texture": "#2"},
				"south": {"uv": [3.75, 6.75, 4.375, 8.625], "texture": "#2"},
				"west": {"uv": [7.5, 3.25, 8, 5.125], "texture": "#2"},
				"up": {"uv": [9.875, 1.25, 9.25, 0.75], "texture": "#2"},
				"down": {"uv": [9.875, 1.25, 9.25, 1.75], "texture": "#2"}
			}
		},
		{
			"from": [0.13732, 6.36398, -1.006],
			"to": [2.39932, 11.12598, 0.256],
			"shade": false,
			"rotation": {"angle": -22.5, "axis": "z", "origin": [2.16488, 8.44961, -0.375]},
			"faces": {
				"north": {"uv": [1.5, 7.75, 2.125, 9], "texture": "#2"},
				"east": {"uv": [8.75, 0, 9.125, 1.25], "texture": "#2"},
				"south": {"uv": [2.25, 7.75, 2.875, 9], "texture": "#2"},
				"west": {"uv": [8.75, 1.25, 9.125, 2.5], "texture": "#2"},
				"up": {"uv": [2.125, 10.125, 1.5, 9.75], "texture": "#2"},
				"down": {"uv": [10.375, 1.75, 9.75, 2.125], "texture": "#2"}
			}
		},
		{
			"from": [0.14132, 6.36798, -0.377],
			"to": [2.39532, 17.12198, -0.373],
			"shade": false,
			"rotation": {"angle": -22.5, "axis": "z", "origin": [2.16488, 8.44961, -0.375]},
			"faces": {
				"north": {"uv": [4, 4, 4.625, 6.75], "texture": "#2"},
				"east": {"uv": [0, 0, 0, 2.75], "texture": "#2"},
				"south": {"uv": [4.75, 4, 5.375, 6.75], "texture": "#2"},
				"west": {"uv": [0, 0, 0, 2.75], "texture": "#2"},
				"up": {"uv": [0.625, 0, 0, 0], "texture": "#2"},
				"down": {"uv": [0.625, 0, 0, 0], "texture": "#2"}
			}
		},
		{
			"from": [1.41832, 11.11998, -1],
			"to": [2.39332, 13.11998, 0.25],
			"shade": false,
			"rotation": {"angle": -22.5, "axis": "z", "origin": [2.16488, 8.44961, -0.375]},
			"faces": {
				"north": {"uv": [9.25, 6.25, 9.5, 6.75], "texture": "#2"},
				"east": {"uv": [10, 0.5, 10.375, 1], "texture": "#2"},
				"south": {"uv": [2.75, 9.75, 3, 10.25], "texture": "#2"},
				"west": {"uv": [10, 1, 10.375, 1.5], "texture": "#2"},
				"up": {"uv": [3, 10.625, 2.75, 10.25], "texture": "#2"},
				"down": {"uv": [3.25, 10.25, 3, 10.625], "texture": "#2"}
			}
		},
		{
			"from": [2.62166, 10.88913, -1.004],
			"to": [3.67966, 11.77213, 0.254],
			"shade": false,
			"rotation": {"angle": 22.5, "axis": "z", "origin": [2.16488, 8.44961, -0.375]},
			"faces": {
				"north": {"uv": [8.25, 6.5, 8.5, 6.75], "texture": "#2"},
				"east": {"uv": [7.75, 6.5, 8.125, 6.75], "texture": "#2"},
				"south": {"uv": [8.75, 8.25, 9, 8.5], "texture": "#2"},
				"west": {"uv": [8, 5, 8.375, 5.25], "texture": "#2"},
				"up": {"uv": [3.5, 10.625, 3.25, 10.25], "texture": "#2"},
				"down": {"uv": [10.5, 3.75, 10.25, 4.125], "texture": "#2"}
			}
		},
		{
			"from": [-0.32397, 10.61795, -1.002],
			"to": [0.58003, 12.84695, 0.252],
			"shade": false,
			"rotation": {"angle": -45, "axis": "z", "origin": [2.16488, 8.44961, -0.375]},
			"faces": {
				"north": {"uv": [5.75, 10, 6, 10.5], "texture": "#2"},
				"east": {"uv": [10, 3.25, 10.375, 3.75], "texture": "#2"},
				"south": {"uv": [10, 9, 10.25, 9.5], "texture": "#2"},
				"west": {"uv": [3.75, 10, 4.125, 10.5], "texture": "#2"},
				"up": {"uv": [10.5, 4.625, 10.25, 4.25], "texture": "#2"},
				"down": {"uv": [10.5, 5.25, 10.25, 5.625], "texture": "#2"}
			}
		},
		{
			"from": [-0.74392, 1.39855, -1.508],
			"to": [2.52208, 8.41455, 0.758],
			"shade": false,
			"rotation": {"angle": 22.5, "axis": "z", "origin": [2.16488, 8.44961, -0.375]},
			"faces": {
				"north": {"uv": [3, 5, 3.875, 6.75], "texture": "#2"},
				"east": {"uv": [4.5, 6.75, 5.125, 8.5], "texture": "#2"},
				"south": {"uv": [5.5, 1, 6.375, 2.75], "texture": "#2"},
				"west": {"uv": [5.25, 6.75, 5.875, 8.5], "texture": "#2"},
				"up": {"uv": [5.875, 9.125, 5, 8.5], "texture": "#2"},
				"down": {"uv": [9.375, 5.5, 8.5, 6.125], "texture": "#2"}
			}
		},
		{
			"from": [1.08321, 5.75436, -1.502],
			"to": [2.33721, 8.75836, 0.752],
			"shade": false,
			"rotation": {"angle": -45, "axis": "z", "origin": [2.16488, 8.44961, -0.375]},
			"faces": {
				"north": {"uv": [9.25, 1.75, 9.625, 2.5], "texture": "#2"},
				"east": {"uv": [3, 8.75, 3.625, 9.5], "texture": "#2"},
				"south": {"uv": [5, 9.25, 5.375, 10], "texture": "#2"},
				"west": {"uv": [8.75, 3.25, 9.375, 4], "texture": "#2"},
				"up": {"uv": [2.625, 10.375, 2.25, 9.75], "texture": "#2"},
				"down": {"uv": [10.125, 4, 9.75, 4.625], "texture": "#2"}
			}
		},
		{
			"from": [12.4771, 10.95191, -1.004],
			"to": [13.5351, 11.83491, 0.254],
			"shade": false,
			"rotation": {"angle": -22.5, "axis": "z", "origin": [13.75571, 8.87506, -0.375]},
			"faces": {
				"north": {"uv": [8.5, 6.5, 8.25, 6.75], "texture": "#2"},
				"east": {"uv": [8.375, 5, 8, 5.25], "texture": "#2"},
				"south": {"uv": [9, 8.25, 8.75, 8.5], "texture": "#2"},
				"west": {"uv": [8.125, 6.5, 7.75, 6.75], "texture": "#2"},
				"up": {"uv": [3.25, 10.625, 3.5, 10.25], "texture": "#2"},
				"down": {"uv": [10.25, 3.75, 10.5, 4.125], "texture": "#2"}
			}
		},
		{
			"from": [13.43582, 6.36998, -0.377],
			"to": [15.68982, 17.12398, -0.373],
			"shade": false,
			"rotation": {"angle": 22.5, "axis": "z", "origin": [13.75571, 8.87506, -0.375]},
			"faces": {
				"north": {"uv": [4.625, 4, 4, 6.75], "texture": "#2"},
				"east": {"uv": [0, 0, 0, 2.75], "texture": "#2"},
				"south": {"uv": [5.375, 4, 4.75, 6.75], "texture": "#2"},
				"west": {"uv": [0, 0, 0, 2.75], "texture": "#2"},
				"up": {"uv": [0, 0, 0.625, 0], "texture": "#2"},
				"down": {"uv": [0, 0, 0.625, 0], "texture": "#2"}
			}
		},
		{
			"from": [13.43782, 11.12198, -1],
			"to": [14.41282, 13.12198, 0.25],
			"shade": false,
			"rotation": {"angle": 22.5, "axis": "z", "origin": [13.75571, 8.87506, -0.375]},
			"faces": {
				"north": {"uv": [9.5, 6.25, 9.25, 6.75], "texture": "#2"},
				"east": {"uv": [10.375, 1, 10, 1.5], "texture": "#2"},
				"south": {"uv": [3, 9.75, 2.75, 10.25], "texture": "#2"},
				"west": {"uv": [10.375, 0.5, 10, 1], "texture": "#2"},
				"up": {"uv": [2.75, 10.625, 3, 10.25], "texture": "#2"},
				"down": {"uv": [3, 10.25, 3.25, 10.625], "texture": "#2"}
			}
		},
		{
			"from": [15.09587, 10.6864, -1.002],
			"to": [15.99987, 12.9154, 0.252],
			"shade": false,
			"rotation": {"angle": 45, "axis": "z", "origin": [13.75571, 8.87506, -0.375]},
			"faces": {
				"north": {"uv": [6, 10, 5.75, 10.5], "texture": "#2"},
				"east": {"uv": [4.125, 10, 3.75, 10.5], "texture": "#2"},
				"south": {"uv": [10.25, 9, 10, 9.5], "texture": "#2"},
				"west": {"uv": [10.375, 3.25, 10, 3.75], "texture": "#2"},
				"up": {"uv": [10.25, 4.625, 10.5, 4.25], "texture": "#2"},
				"down": {"uv": [10.25, 5.25, 10.5, 5.625], "texture": "#2"}
			}
		},
		{
			"from": [13.43182, 6.36598, -1.006],
			"to": [15.69382, 11.12798, 0.256],
			"shade": false,
			"rotation": {"angle": 22.5, "axis": "z", "origin": [13.75571, 8.87506, -0.375]},
			"faces": {
				"north": {"uv": [2.125, 7.75, 1.5, 9], "texture": "#2"},
				"east": {"uv": [9.125, 1.25, 8.75, 2.5], "texture": "#2"},
				"south": {"uv": [2.875, 7.75, 2.25, 9], "texture": "#2"},
				"west": {"uv": [9.125, 0, 8.75, 1.25], "texture": "#2"},
				"up": {"uv": [1.5, 10.125, 2.125, 9.75], "texture": "#2"},
				"down": {"uv": [9.75, 1.75, 10.375, 2.125], "texture": "#2"}
			}
		},
		{
			"from": [13.33869, 5.82282, -1.502],
			"to": [14.59269, 8.82682, 0.752],
			"shade": false,
			"rotation": {"angle": 45, "axis": "z", "origin": [13.75571, 8.87506, -0.375]},
			"faces": {
				"north": {"uv": [9.625, 1.75, 9.25, 2.5], "texture": "#2"},
				"east": {"uv": [9.375, 3.25, 8.75, 4], "texture": "#2"},
				"south": {"uv": [5.375, 9.25, 5, 10], "texture": "#2"},
				"west": {"uv": [3.625, 8.75, 3, 9.5], "texture": "#2"},
				"up": {"uv": [2.25, 10.375, 2.625, 9.75], "texture": "#2"},
				"down": {"uv": [9.75, 4, 10.125, 4.625], "texture": "#2"}
			}
		},
		{
			"from": [13.63469, 1.46132, -1.508],
			"to": [16.90069, 8.47732, 0.758],
			"shade": false,
			"rotation": {"angle": -22.5, "axis": "z", "origin": [13.75571, 8.87506, -0.375]},
			"faces": {
				"north": {"uv": [3.875, 5, 3, 6.75], "texture": "#2"},
				"east": {"uv": [5.875, 6.75, 5.25, 8.5], "texture": "#2"},
				"south": {"uv": [6.375, 1, 5.5, 2.75], "texture": "#2"},
				"west": {"uv": [5.125, 6.75, 4.5, 8.5], "texture": "#2"},
				"up": {"uv": [5, 9.125, 5.875, 8.5], "texture": "#2"},
				"down": {"uv": [8.5, 5.5, 9.375, 6.125], "texture": "#2"}
			}
		},
		{
			"from": [-0.25771, 5.61998, 3.30511],
			"to": [-0.25371, 16.37398, 5.55911],
			"shade": false,
			"rotation": {"angle": 0, "axis": "x", "origin": [-0.25571, 7.61835, 7.09455]},
			"faces": {
				"north": {"uv": [0, 0, 0, 2.75], "texture": "#2"},
				"east": {"uv": [0, 5, 0.625, 7.75], "texture": "#2"},
				"south": {"uv": [0, 0, 0, 2.75], "texture": "#2"},
				"west": {"uv": [0.75, 5, 1.375, 7.75], "texture": "#2"},
				"up": {"uv": [0, 0.625, 0, 0], "texture": "#2"},
				"down": {"uv": [0, 0, 0, 0.625], "texture": "#2"}
			}
		},
		{
			"from": [-1.38271, 6.36198, 3.666],
			"to": [0.87129, 9.36598, 4.92],
			"shade": false,
			"rotation": {"angle": -22.5, "axis": "x", "origin": [-0.25571, 7.61835, 7.09455]},
			"faces": {
				"north": {"uv": [6.5, 9, 7.125, 9.75], "texture": "#2"},
				"east": {"uv": [5.5, 9.25, 5.875, 10], "texture": "#2"},
				"south": {"uv": [9, 8.25, 9.625, 9], "texture": "#2"},
				"west": {"uv": [9.25, 7, 9.625, 7.75], "texture": "#2"},
				"up": {"uv": [10.375, 6.625, 9.75, 6.25], "texture": "#2"},
				"down": {"uv": [10.375, 7, 9.75, 7.375], "texture": "#2"}
			}
		},
		{
			"from": [-0.88271, 11.22557, 5.42318],
			"to": [0.37129, 13.45457, 6.32718],
			"shade": false,
			"rotation": {"angle": -22.5, "axis": "x", "origin": [-0.25571, 7.61835, 7.09455]},
			"faces": {
				"north": {"uv": [10, 4.75, 10.375, 5.25], "texture": "#2"},
				"east": {"uv": [9.75, 10, 10, 10.5], "texture": "#2"},
				"south": {"uv": [5.25, 10, 5.625, 10.5], "texture": "#2"},
				"west": {"uv": [10, 10, 10.25, 10.5], "texture": "#2"},
				"up": {"uv": [10.625, 8, 10.25, 7.75], "texture": "#2"},
				"down": {"uv": [10.625, 8, 10.25, 8.25], "texture": "#2"}
			}
		},
		{
			"from": [-0.88471, 10.65059, 7.07635],
			"to": [0.37329, 11.70859, 7.95935],
			"shade": false,
			"rotation": {"angle": -45, "axis": "x", "origin": [-0.25571, 7.61835, 7.09455]},
			"faces": {
				"north": {"uv": [10.25, 2.25, 10.625, 2.5], "texture": "#2"},
				"east": {"uv": [9.5, 6.5, 9.75, 6.75], "texture": "#2"},
				"south": {"uv": [10.25, 5.75, 10.625, 6], "texture": "#2"},
				"west": {"uv": [4.25, 9.75, 4.5, 10], "texture": "#2"},
				"up": {"uv": [10.625, 6.25, 10.25, 6], "texture": "#2"},
				"down": {"uv": [10.625, 7.5, 10.25, 7.75], "texture": "#2"}
			}
		},
		{
			"from": [-0.88071, 10.37198, 3.30711],
			"to": [0.36929, 12.37198, 4.28211],
			"shade": false,
			"rotation": {"angle": 0, "axis": "x", "origin": [-0.25571, 7.61835, 7.09455]},
			"faces": {
				"north": {"uv": [4.25, 10, 4.625, 10.5], "texture": "#2"},
				"east": {"uv": [9.5, 10, 9.75, 10.5], "texture": "#2"},
				"south": {"uv": [4.75, 10, 5.125, 10.5], "texture": "#2"},
				"west": {"uv": [10, 9.5, 10.25, 10], "texture": "#2"},
				"up": {"uv": [10.125, 2.5, 9.75, 2.25], "texture": "#2"},
				"down": {"uv": [10.375, 1.5, 10, 1.75], "texture": "#2"}
			}
		},
		{
			"from": [-1.38871, 7.285, -1.16423],
			"to": [0.87729, 10.551, 4.60177],
			"shade": false,
			"rotation": {"angle": -45, "axis": "x", "origin": [-0.25571, 7.61835, 7.09455]},
			"faces": {
				"north": {"uv": [1.5, 9, 2.125, 9.75], "texture": "#2"},
				"east": {"uv": [6.5, 1, 8, 1.75], "texture": "#2"},
				"south": {"uv": [2.25, 9, 2.875, 9.75], "texture": "#2"},
				"west": {"uv": [6.5, 1.75, 8, 2.5], "texture": "#2"},
				"up": {"uv": [7.625, 6.75, 7, 5.25], "texture": "#2"},
				"down": {"uv": [8.125, 7, 7.5, 8.5], "texture": "#2"}
			}
		},
		{
			"from": [-0.88671, 5.61598, 3.30111],
			"to": [0.37529, 10.37798, 5.56311],
			"shade": false,
			"rotation": {"angle": 0, "axis": "x", "origin": [-0.25571, 7.61835, 7.09455]},
			"faces": {
				"north": {"uv": [3.75, 8.75, 4.125, 10], "texture": "#2"},
				"east": {"uv": [7.75, 5.25, 8.375, 6.5], "texture": "#2"},
				"south": {"uv": [8.75, 7, 9.125, 8.25], "texture": "#2"},
				"west": {"uv": [8, 0, 8.625, 1.25], "texture": "#2"},
				"up": {"uv": [10.125, 6.125, 9.75, 5.5], "texture": "#2"},
				"down": {"uv": [6.875, 9.75, 6.5, 10.375], "texture": "#2"}
			}
		},
		{
			"from": [-0.25771, 4.99038, 9.72687],
			"to": [-0.25371, 15.74438, 11.98087],
			"shade": false,
			"rotation": {"angle": 22.5, "axis": "x", "origin": [-0.25571, 7.61835, 7.09455]},
			"faces": {
				"north": {"uv": [0, 0, 0, 2.75], "texture": "#2"},
				"east": {"uv": [1.5, 5, 2.125, 7.75], "texture": "#2"},
				"south": {"uv": [0, 0, 0, 2.75], "texture": "#2"},
				"west": {"uv": [2.25, 5, 2.875, 7.75], "texture": "#2"},
				"up": {"uv": [0, 0.625, 0, 0], "texture": "#2"},
				"down": {"uv": [0, 0, 0, 0.625], "texture": "#2"}
			}
		},
		{
			"from": [-1.38271, 3.32282, 9.35798],
			"to": [0.87129, 6.32682, 10.61198],
			"shade": false,
			"rotation": {"angle": 0, "axis": "x", "origin": [-0.25571, 7.61835, 7.09455]},
			"faces": {
				"north": {"uv": [9.25, 0, 9.875, 0.75], "texture": "#2"},
				"east": {"uv": [3, 9.5, 3.375, 10.25], "texture": "#2"},
				"south": {"uv": [0.5, 9.25, 1.125, 10], "texture": "#2"},
				"west": {"uv": [9.5, 3.25, 9.875, 4], "texture": "#2"},
				"up": {"uv": [10.625, 0.375, 10, 0], "texture": "#2"},
				"down": {"uv": [1.125, 10, 0.5, 10.375], "texture": "#2"}
			}
		},
		{
			"from": [-0.88271, 8.1864, 11.11516],
			"to": [0.37129, 10.4154, 12.01916],
			"shade": false,
			"rotation": {"angle": 0, "axis": "x", "origin": [-0.25571, 7.61835, 7.09455]},
			"faces": {
				"north": {"uv": [8, 10, 8.375, 10.5], "texture": "#2"},
				"east": {"uv": [1.75, 10.25, 2, 10.75], "texture": "#2"},
				"south": {"uv": [8.5, 10, 8.875, 10.5], "texture": "#2"},
				"west": {"uv": [2, 10.25, 2.25, 10.75], "texture": "#2"},
				"up": {"uv": [10.625, 9.75, 10.25, 9.5], "texture": "#2"},
				"down": {"uv": [10.625, 9.75, 10.25, 10], "texture": "#2"}
			}
		},
		{
			"from": [-0.88471, 5.66454, 11.17203],
			"to": [0.37329, 6.72254, 12.05503],
			"shade": false,
			"rotation": {"angle": -22.5, "axis": "x", "origin": [-0.25571, 7.61835, 7.09455]},
			"faces": {
				"north": {"uv": [10.25, 8.75, 10.625, 9], "texture": "#2"},
				"east": {"uv": [9.75, 4.75, 10, 5], "texture": "#2"},
				"south": {"uv": [9, 10.25, 9.375, 10.5], "texture": "#2"},
				"west": {"uv": [7, 9.75, 7.25, 10], "texture": "#2"},
				"up": {"uv": [10.625, 9.25, 10.25, 9], "texture": "#2"},
				"down": {"uv": [10.625, 9.25, 10.25, 9.5], "texture": "#2"}
			}
		},
		{
			"from": [-0.88071, 9.74238, 9.72887],
			"to": [0.36929, 11.74238, 10.70387],
			"shade": false,
			"rotation": {"angle": 22.5, "axis": "x", "origin": [-0.25571, 7.61835, 7.09455]},
			"faces": {
				"north": {"uv": [7, 10, 7.375, 10.5], "texture": "#2"},
				"east": {"uv": [1.25, 10.25, 1.5, 10.75], "texture": "#2"},
				"south": {"uv": [7.5, 10, 7.875, 10.5], "texture": "#2"},
				"west": {"uv": [1.5, 10.25, 1.75, 10.75], "texture": "#2"},
				"up": {"uv": [10.625, 8.5, 10.25, 8.25], "texture": "#2"},
				"down": {"uv": [10.625, 8.5, 10.25, 8.75], "texture": "#2"}
			}
		},
		{
			"from": [-1.38871, 2.29895, 2.93144],
			"to": [0.87729, 5.56495, 8.69744],
			"shade": false,
			"rotation": {"angle": -22.5, "axis": "x", "origin": [-0.25571, 7.61835, 7.09455]},
			"faces": {
				"north": {"uv": [7.5, 8.5, 8.125, 9.375], "texture": "#2"},
				"east": {"uv": [5.5, 2.75, 7, 3.625], "texture": "#2"},
				"south": {"uv": [8.25, 8.5, 8.875, 9.375], "texture": "#2"},
				"west": {"uv": [5.5, 3.75, 7, 4.625], "texture": "#2"},
				"up": {"uv": [0.625, 9.25, 0, 7.75], "texture": "#2"},
				"down": {"uv": [1.375, 7.75, 0.75, 9.25], "texture": "#2"}
			}
		},
		{
			"from": [-0.88671, 4.98638, 9.72287],
			"to": [0.37529, 9.74838, 11.98487],
			"shade": false,
			"rotation": {"angle": 22.5, "axis": "x", "origin": [-0.25571, 7.61835, 7.09455]},
			"faces": {
				"north": {"uv": [9, 9, 9.375, 10.25], "texture": "#2"},
				"east": {"uv": [8, 1.25, 8.625, 2.5], "texture": "#2"},
				"south": {"uv": [0, 9.25, 0.375, 10.5], "texture": "#2"},
				"west": {"uv": [8, 3.25, 8.625, 4.5], "texture": "#2"},
				"up": {"uv": [10.125, 8.125, 9.75, 7.5], "texture": "#2"},
				"down": {"uv": [10.125, 8.25, 9.75, 8.875], "texture": "#2"}
			}
		},
		{
			"from": [-0.25771, 0.94182, 13.03908],
			"to": [-0.25371, 11.69582, 15.29308],
			"shade": false,
			"rotation": {"angle": 45, "axis": "x", "origin": [-0.25571, 5.12889, 14.14323]},
			"faces": {
				"north": {"uv": [0, 0, 0, 2.75], "texture": "#2"},
				"east": {"uv": [1.5, 5, 2.125, 7.75], "texture": "#2"},
				"south": {"uv": [0, 0, 0, 2.75], "texture": "#2"},
				"west": {"uv": [2.25, 5, 2.875, 7.75], "texture": "#2"},
				"up": {"uv": [0, 0.625, 0, 0], "texture": "#2"},
				"down": {"uv": [0, 0, 0, 0.625], "texture": "#2"}
			}
		},
		{
			"from": [-0.88071, 5.69382, 13.04108],
			"to": [0.36929, 7.69382, 14.01608],
			"shade": false,
			"rotation": {"angle": 45, "axis": "x", "origin": [-0.25571, 5.12889, 14.14323]},
			"faces": {
				"north": {"uv": [7, 10, 7.375, 10.5], "texture": "#2"},
				"east": {"uv": [1.25, 10.25, 1.5, 10.75], "texture": "#2"},
				"south": {"uv": [7.5, 10, 7.875, 10.5], "texture": "#2"},
				"west": {"uv": [1.5, 10.25, 1.75, 10.75], "texture": "#2"},
				"up": {"uv": [10.625, 8.5, 10.25, 8.25], "texture": "#2"},
				"down": {"uv": [10.625, 8.5, 10.25, 8.75], "texture": "#2"}
			}
		},
		{
			"from": [-0.88271, 5.6864, 14.11516],
			"to": [0.37129, 7.9154, 15.01916],
			"shade": false,
			"rotation": {"angle": 22.5, "axis": "x", "origin": [-0.25571, 5.12889, 14.14323]},
			"faces": {
				"north": {"uv": [8, 10, 8.375, 10.5], "texture": "#2"},
				"east": {"uv": [1.75, 10.25, 2, 10.75], "texture": "#2"},
				"south": {"uv": [8.5, 10, 8.875, 10.5], "texture": "#2"},
				"west": {"uv": [2, 10.25, 2.25, 10.75], "texture": "#2"},
				"up": {"uv": [10.625, 9.75, 10.25, 9.5], "texture": "#2"},
				"down": {"uv": [10.625, 9.75, 10.25, 10], "texture": "#2"}
			}
		},
		{
			"from": [-0.88471, 4.7147, 14.47618],
			"to": [0.37329, 5.7727, 15.35918],
			"shade": false,
			"rotation": {"angle": 0, "axis": "x", "origin": [-0.25571, 5.12889, 14.14323]},
			"faces": {
				"north": {"uv": [10.25, 8.75, 10.625, 9], "texture": "#2"},
				"east": {"uv": [9.75, 4.75, 10, 5], "texture": "#2"},
				"south": {"uv": [9, 10.25, 9.375, 10.5], "texture": "#2"},
				"west": {"uv": [7, 9.75, 7.25, 10], "texture": "#2"},
				"up": {"uv": [10.625, 9.25, 10.25, 9], "texture": "#2"},
				"down": {"uv": [10.625, 9.25, 10.25, 9.5], "texture": "#2"}
			}
		},
		{
			"from": [-0.88671, 0.93782, 13.03508],
			"to": [0.37529, 5.69982, 15.29708],
			"shade": false,
			"rotation": {"angle": 45, "axis": "x", "origin": [-0.25571, 5.12889, 14.14323]},
			"faces": {
				"north": {"uv": [9, 9, 9.375, 10.25], "texture": "#2"},
				"east": {"uv": [8, 1.25, 8.625, 2.5], "texture": "#2"},
				"south": {"uv": [0, 9.25, 0.375, 10.5], "texture": "#2"},
				"west": {"uv": [8, 3.25, 8.625, 4.5], "texture": "#2"},
				"up": {"uv": [10.125, 8.125, 9.75, 7.5], "texture": "#2"},
				"down": {"uv": [10.125, 8.25, 9.75, 8.875], "texture": "#2"}
			}
		},
		{
			"from": [16.25371, 0.94182, 13.03908],
			"to": [16.25771, 11.69582, 15.29308],
			"shade": false,
			"rotation": {"angle": 45, "axis": "x", "origin": [16.25571, 5.12889, 14.14323]},
			"faces": {
				"north": {"uv": [0, 0, 0, 2.75], "texture": "#2"},
				"east": {"uv": [2.875, 5, 2.25, 7.75], "texture": "#2"},
				"south": {"uv": [0, 0, 0, 2.75], "texture": "#2"},
				"west": {"uv": [2.125, 5, 1.5, 7.75], "texture": "#2"},
				"up": {"uv": [0, 0.625, 0, 0], "texture": "#2"},
				"down": {"uv": [0, 0, 0, 0.625], "texture": "#2"}
			}
		},
		{
			"from": [15.63071, 5.69382, 13.04108],
			"to": [16.88071, 7.69382, 14.01608],
			"shade": false,
			"rotation": {"angle": 45, "axis": "x", "origin": [16.25571, 5.12889, 14.14323]},
			"faces": {
				"north": {"uv": [7.375, 10, 7, 10.5], "texture": "#2"},
				"east": {"uv": [1.75, 10.25, 1.5, 10.75], "texture": "#2"},
				"south": {"uv": [7.875, 10, 7.5, 10.5], "texture": "#2"},
				"west": {"uv": [1.5, 10.25, 1.25, 10.75], "texture": "#2"},
				"up": {"uv": [10.25, 8.5, 10.625, 8.25], "texture": "#2"},
				"down": {"uv": [10.25, 8.5, 10.625, 8.75], "texture": "#2"}
			}
		},
		{
			"from": [15.62871, 5.6864, 14.11516],
			"to": [16.88271, 7.9154, 15.01916],
			"shade": false,
			"rotation": {"angle": 22.5, "axis": "x", "origin": [16.25571, 5.12889, 14.14323]},
			"faces": {
				"north": {"uv": [8.375, 10, 8, 10.5], "texture": "#2"},
				"east": {"uv": [2.25, 10.25, 2, 10.75], "texture": "#2"},
				"south": {"uv": [8.875, 10, 8.5, 10.5], "texture": "#2"},
				"west": {"uv": [2, 10.25, 1.75, 10.75], "texture": "#2"},
				"up": {"uv": [10.25, 9.75, 10.625, 9.5], "texture": "#2"},
				"down": {"uv": [10.25, 9.75, 10.625, 10], "texture": "#2"}
			}
		},
		{
			"from": [15.62671, 4.7147, 14.47618],
			"to": [16.88471, 5.7727, 15.35918],
			"shade": false,
			"rotation": {"angle": 0, "axis": "y", "origin": [16.25571, 5.12889, 14.14323]},
			"faces": {
				"north": {"uv": [10.625, 8.75, 10.25, 9], "texture": "#2"},
				"east": {"uv": [7.25, 9.75, 7, 10], "texture": "#2"},
				"south": {"uv": [9.375, 10.25, 9, 10.5], "texture": "#2"},
				"west": {"uv": [10, 4.75, 9.75, 5], "texture": "#2"},
				"up": {"uv": [10.25, 9.25, 10.625, 9], "texture": "#2"},
				"down": {"uv": [10.25, 9.25, 10.625, 9.5], "texture": "#2"}
			}
		},
		{
			"from": [15.62471, 0.93782, 13.03508],
			"to": [16.88671, 5.69982, 15.29708],
			"shade": false,
			"rotation": {"angle": 45, "axis": "x", "origin": [16.25571, 5.12889, 14.14323]},
			"faces": {
				"north": {"uv": [9.375, 9, 9, 10.25], "texture": "#2"},
				"east": {"uv": [8.625, 3.25, 8, 4.5], "texture": "#2"},
				"south": {"uv": [0.375, 9.25, 0, 10.5], "texture": "#2"},
				"west": {"uv": [8.625, 1.25, 8, 2.5], "texture": "#2"},
				"up": {"uv": [9.75, 8.125, 10.125, 7.5], "texture": "#2"},
				"down": {"uv": [9.75, 8.25, 10.125, 8.875], "texture": "#2"}
			}
		},
		{
			"from": [16.25371, 3.86998, 9.45511],
			"to": [16.25771, 14.62398, 11.70911],
			"shade": false,
			"rotation": {"angle": 22.5, "axis": "x", "origin": [16.25571, 6.37506, 9.775]},
			"faces": {
				"north": {"uv": [0, 0, 0, 2.75], "texture": "#2"},
				"east": {"uv": [2.875, 5, 2.25, 7.75], "texture": "#2"},
				"south": {"uv": [0, 0, 0, 2.75], "texture": "#2"},
				"west": {"uv": [2.125, 5, 1.5, 7.75], "texture": "#2"},
				"up": {"uv": [0, 0.625, 0, 0], "texture": "#2"},
				"down": {"uv": [0, 0, 0, 0.625], "texture": "#2"}
			}
		},
		{
			"from": [15.62871, 8.1864, 11.11516],
			"to": [16.88271, 10.4154, 12.01916],
			"shade": false,
			"rotation": {"angle": 0, "axis": "y", "origin": [16.25571, 6.37506, 9.775]},
			"faces": {
				"north": {"uv": [8.375, 10, 8, 10.5], "texture": "#2"},
				"east": {"uv": [2.25, 10.25, 2, 10.75], "texture": "#2"},
				"south": {"uv": [8.875, 10, 8.5, 10.5], "texture": "#2"},
				"west": {"uv": [2, 10.25, 1.75, 10.75], "texture": "#2"},
				"up": {"uv": [10.25, 9.75, 10.625, 9.5], "texture": "#2"},
				"down": {"uv": [10.25, 9.75, 10.625, 10], "texture": "#2"}
			}
		},
		{
			"from": [15.62671, 6.59566, 11.85185],
			"to": [16.88471, 7.65366, 12.73485],
			"shade": false,
			"rotation": {"angle": -22.5, "axis": "x", "origin": [16.25571, 6.37506, 9.775]},
			"faces": {
				"north": {"uv": [10.625, 8.75, 10.25, 9], "texture": "#2"},
				"east": {"uv": [7.25, 9.75, 7, 10], "texture": "#2"},
				"south": {"uv": [9.375, 10.25, 9, 10.5], "texture": "#2"},
				"west": {"uv": [10, 4.75, 9.75, 5], "texture": "#2"},
				"up": {"uv": [10.25, 9.25, 10.625, 9], "texture": "#2"},
				"down": {"uv": [10.25, 9.25, 10.625, 9.5], "texture": "#2"}
			}
		},
		{
			"from": [15.63071, 8.62198, 9.45711],
			"to": [16.88071, 10.62198, 10.43211],
			"shade": false,
			"rotation": {"angle": 22.5, "axis": "x", "origin": [16.25571, 6.37506, 9.775]},
			"faces": {
				"north": {"uv": [7.375, 10, 7, 10.5], "texture": "#2"},
				"east": {"uv": [1.75, 10.25, 1.5, 10.75], "texture": "#2"},
				"south": {"uv": [7.875, 10, 7.5, 10.5], "texture": "#2"},
				"west": {"uv": [1.5, 10.25, 1.25, 10.75], "texture": "#2"},
				"up": {"uv": [10.25, 8.5, 10.625, 8.25], "texture": "#2"},
				"down": {"uv": [10.25, 8.5, 10.625, 8.75], "texture": "#2"}
			}
		},
		{
			"from": [15.62471, 3.86598, 9.45111],
			"to": [16.88671, 8.62798, 11.71311],
			"shade": false,
			"rotation": {"angle": 22.5, "axis": "x", "origin": [16.25571, 6.37506, 9.775]},
			"faces": {
				"north": {"uv": [9.375, 9, 9, 10.25], "texture": "#2"},
				"east": {"uv": [8.625, 3.25, 8, 4.5], "texture": "#2"},
				"south": {"uv": [0.375, 9.25, 0, 10.5], "texture": "#2"},
				"west": {"uv": [8.625, 1.25, 8, 2.5], "texture": "#2"},
				"up": {"uv": [9.75, 8.125, 10.125, 7.5], "texture": "#2"},
				"down": {"uv": [9.75, 8.25, 10.125, 8.875], "texture": "#2"}
			}
		},
		{
			"from": [15.12871, 3.32282, 9.35798],
			"to": [17.38271, 6.32682, 10.61198],
			"shade": false,
			"rotation": {"angle": 0, "axis": "y", "origin": [16.25571, 6.37506, 9.775]},
			"faces": {
				"north": {"uv": [9.875, 0, 9.25, 0.75], "texture": "#2"},
				"east": {"uv": [9.875, 3.25, 9.5, 4], "texture": "#2"},
				"south": {"uv": [1.125, 9.25, 0.5, 10], "texture": "#2"},
				"west": {"uv": [3.375, 9.5, 3, 10.25], "texture": "#2"},
				"up": {"uv": [10, 0.375, 10.625, 0], "texture": "#2"},
				"down": {"uv": [0.5, 10, 1.125, 10.375], "texture": "#2"}
			}
		},
		{
			"from": [15.12271, 3.23007, 3.61127],
			"to": [17.38871, 6.49607, 9.37727],
			"shade": false,
			"rotation": {"angle": -22.5, "axis": "x", "origin": [16.25571, 6.37506, 9.775]},
			"faces": {
				"north": {"uv": [8.125, 8.5, 7.5, 9.375], "texture": "#2"},
				"east": {"uv": [7, 3.75, 5.5, 4.625], "texture": "#2"},
				"south": {"uv": [8.875, 8.5, 8.25, 9.375], "texture": "#2"},
				"west": {"uv": [7, 2.75, 5.5, 3.625], "texture": "#2"},
				"up": {"uv": [0, 9.25, 0.625, 7.75], "texture": "#2"},
				"down": {"uv": [0.75, 7.75, 1.375, 9.25], "texture": "#2"}
			}
		},
		{
			"from": [16.25371, 5.61998, 3.30511],
			"to": [16.25771, 16.37398, 5.55911],
			"shade": false,
			"rotation": {"angle": 0, "axis": "y", "origin": [16.25571, 8.12506, 3.625]},
			"faces": {
				"north": {"uv": [0, 0, 0, 2.75], "texture": "#2"},
				"east": {"uv": [1.375, 5, 0.75, 7.75], "texture": "#2"},
				"south": {"uv": [0, 0, 0, 2.75], "texture": "#2"},
				"west": {"uv": [0.625, 5, 0, 7.75], "texture": "#2"},
				"up": {"uv": [0, 0.625, 0, 0], "texture": "#2"},
				"down": {"uv": [0, 0, 0, 0.625], "texture": "#2"}
			}
		},
		{
			"from": [15.62671, 8.34566, 5.70185],
			"to": [16.88471, 9.40366, 6.58485],
			"shade": false,
			"rotation": {"angle": -45, "axis": "x", "origin": [16.25571, 8.12506, 3.625]},
			"faces": {
				"north": {"uv": [10.625, 2.25, 10.25, 2.5], "texture": "#2"},
				"east": {"uv": [4.5, 9.75, 4.25, 10], "texture": "#2"},
				"south": {"uv": [10.625, 5.75, 10.25, 6], "texture": "#2"},
				"west": {"uv": [9.75, 6.5, 9.5, 6.75], "texture": "#2"},
				"up": {"uv": [10.25, 6.25, 10.625, 6], "texture": "#2"},
				"down": {"uv": [10.25, 7.5, 10.625, 7.75], "texture": "#2"}
			}
		},
		{
			"from": [15.62871, 9.9364, 4.96516],
			"to": [16.88271, 12.1654, 5.86916],
			"shade": false,
			"rotation": {"angle": -22.5, "axis": "x", "origin": [16.25571, 8.12506, 3.625]},
			"faces": {
				"north": {"uv": [10.375, 4.75, 10, 5.25], "texture": "#2"},
				"east": {"uv": [10.25, 10, 10, 10.5], "texture": "#2"},
				"south": {"uv": [5.625, 10, 5.25, 10.5], "texture": "#2"},
				"west": {"uv": [10, 10, 9.75, 10.5], "texture": "#2"},
				"up": {"uv": [10.25, 8, 10.625, 7.75], "texture": "#2"},
				"down": {"uv": [10.25, 8, 10.625, 8.25], "texture": "#2"}
			}
		},
		{
			"from": [15.63071, 10.37198, 3.30711],
			"to": [16.88071, 12.37198, 4.28211],
			"shade": false,
			"rotation": {"angle": 0, "axis": "y", "origin": [16.25571, 8.12506, 3.625]},
			"faces": {
				"north": {"uv": [4.625, 10, 4.25, 10.5], "texture": "#2"},
				"east": {"uv": [10.25, 9.5, 10, 10], "texture": "#2"},
				"south": {"uv": [5.125, 10, 4.75, 10.5], "texture": "#2"},
				"west": {"uv": [9.75, 10, 9.5, 10.5], "texture": "#2"},
				"up": {"uv": [9.75, 2.5, 10.125, 2.25], "texture": "#2"},
				"down": {"uv": [10, 1.5, 10.375, 1.75], "texture": "#2"}
			}
		},
		{
			"from": [15.62471, 5.61598, 3.30111],
			"to": [16.88671, 10.37798, 5.56311],
			"shade": false,
			"rotation": {"angle": 0, "axis": "y", "origin": [16.25571, 8.12506, 3.625]},
			"faces": {
				"north": {"uv": [4.125, 8.75, 3.75, 10], "texture": "#2"},
				"east": {"uv": [8.625, 0, 8, 1.25], "texture": "#2"},
				"south": {"uv": [9.125, 7, 8.75, 8.25], "texture": "#2"},
				"west": {"uv": [8.375, 5.25, 7.75, 6.5], "texture": "#2"},
				"up": {"uv": [9.75, 6.125, 10.125, 5.5], "texture": "#2"},
				"down": {"uv": [6.5, 9.75, 6.875, 10.375], "texture": "#2"}
			}
		},
		{
			"from": [15.12871, 5.07282, 3.20798],
			"to": [17.38271, 8.07682, 4.46198],
			"shade": false,
			"rotation": {"angle": -22.5, "axis": "x", "origin": [16.25571, 8.12506, 3.625]},
			"faces": {
				"north": {"uv": [7.125, 9, 6.5, 9.75], "texture": "#2"},
				"east": {"uv": [9.625, 7, 9.25, 7.75], "texture": "#2"},
				"south": {"uv": [9.625, 8.25, 9, 9], "texture": "#2"},
				"west": {"uv": [5.875, 9.25, 5.5, 10], "texture": "#2"},
				"up": {"uv": [9.75, 6.625, 10.375, 6.25], "texture": "#2"},
				"down": {"uv": [9.75, 7, 10.375, 7.375], "texture": "#2"}
			}
		},
		{
			"from": [15.12271, 4.98007, -2.53873],
			"to": [17.38871, 8.24607, 3.22727],
			"shade": false,
			"rotation": {"angle": -45, "axis": "x", "origin": [16.25571, 8.12506, 3.625]},
			"faces": {
				"north": {"uv": [2.125, 9, 1.5, 9.75], "texture": "#2"},
				"east": {"uv": [8, 1.75, 6.5, 2.5], "texture": "#2"},
				"south": {"uv": [2.875, 9, 2.25, 9.75], "texture": "#2"},
				"west": {"uv": [8, 1, 6.5, 1.75], "texture": "#2"},
				"up": {"uv": [7, 6.75, 7.625, 5.25], "texture": "#2"},
				"down": {"uv": [7.5, 7, 8.125, 8.5], "texture": "#2"}
			}
		},
		{
			"from": [16.002, -0.002, -0.002],
			"to": [17.006, 4.002, 16.002],
			"shade": false,
			"rotation": {"angle": 0, "axis": "y", "origin": [16.51258, 1.5, 8]},
			"faces": {
				"north": {"uv": [4.5, 8.75, 4.25, 9.75], "texture": "#2"},
				"east": {"uv": [4, 1, 0, 2], "texture": "#2"},
				"south": {"uv": [7.5, 9, 7.25, 10], "texture": "#2"},
				"west": {"uv": [4, 0, 0, 1], "texture": "#2"},
				"up": {"uv": [6, 10.75, 6.25, 6.75], "texture": "#2"},
				"down": {"uv": [6.25, 6.75, 6.5, 10.75], "texture": "#2"}
			}
		},
		{
			"from": [5.10603, 6.51327, -2.008],
			"to": [7.06453, 8.47177, 0.008],
			"shade": false,
			"rotation": {"angle": 45, "axis": "z", "origin": [5.91403, 10.27127, -1]},
			"faces": {
				"north": {"uv": [9.25, 7.75, 9.75, 8.25], "texture": "#2"},
				"east": {"uv": [7.5, 9.5, 8, 10], "texture": "#2"},
				"south": {"uv": [8, 9.5, 8.5, 10], "texture": "#2"},
				"west": {"uv": [8.5, 9.5, 9, 10], "texture": "#2"},
				"up": {"uv": [10, 9.5, 9.5, 9], "texture": "#2"},
				"down": {"uv": [10, 9.5, 9.5, 10], "texture": "#2"}
			}
		},
		{
			"from": [9.01917, 0.12067, -2.004],
			"to": [11.32717, 7.62867, 0.004],
			"shade": false,
			"rotation": {"angle": 22.5, "axis": "z", "origin": [8.32317, 3.12467, -1]},
			"faces": {
				"north": {"uv": [5.5, 4.75, 6.125, 6.625], "texture": "#2"},
				"east": {"uv": [7, 3.25, 7.5, 5.125], "texture": "#2"},
				"south": {"uv": [6.25, 4.75, 6.875, 6.625], "texture": "#2"},
				"west": {"uv": [6.5, 7, 7, 8.875], "texture": "#2"},
				"up": {"uv": [9.125, 6.75, 8.5, 6.25], "texture": "#2"},
				"down": {"uv": [9.375, 4, 8.75, 4.5], "texture": "#2"}
			}
		},
		{
			"from": [4.992, -1.508, -2.008],
			"to": [11.008, 4.508, 0.008],
			"shade": false,
			"rotation": {"angle": 45, "axis": "z", "origin": [8, 1.5, -1]},
			"faces": {
				"north": {"uv": [4, 1, 5.5, 2.5], "texture": "#2"},
				"east": {"uv": [8.25, 7, 8.75, 8.5], "texture": "#2"},
				"south": {"uv": [4, 2.5, 5.5, 4], "texture": "#2"},
				"west": {"uv": [4.5, 8.5, 5, 10], "texture": "#2"},
				"up": {"uv": [9.5, 5, 8, 4.5], "texture": "#2"},
				"down": {"uv": [10, 5, 8.5, 5.5], "texture": "#2"}
			}
		},
		{
			"from": [-0.002, -0.002, 14.998],
			"to": [16.002, 4.002, 16.002],
			"shade": false,
			"rotation": {"angle": 0, "axis": "y", "origin": [7, 3, 16]},
			"faces": {
				"north": {"uv": [0, 4, 4, 5], "texture": "#2"},
				"east": {"uv": [9.5, 4, 9.75, 5], "texture": "#2"},
				"south": {"uv": [4, 0, 8, 1], "texture": "#2"},
				"west": {"uv": [9.5, 5.5, 9.75, 6.5], "texture": "#2"},
				"up": {"uv": [11, 3, 7, 2.75], "texture": "#2"},
				"down": {"uv": [11, 3, 7, 3.25], "texture": "#2"}
			}
		},
		{
			"name": "heart",
			"from": [8.36, 4.45, -2.75125],
			"to": [9.8, 5.17, -1.93125],
			"shade": false,
			"rotation": {"angle": 0, "axis": "y", "origin": [8, 2.24258, -2.35]},
			"faces": {
				"north": {"uv": [0.25, 10.5, 0.625, 10.625], "texture": "#2"},
				"east": {"uv": [0.25, 10.5, 0.625, 10.625], "texture": "#2"},
				"south": {"uv": [0.25, 10.5, 0.625, 10.625], "texture": "#2"},
				"west": {"uv": [0.25, 10.5, 0.625, 10.625], "texture": "#2"},
				"up": {"uv": [10.625, 10.25, 10.25, 10], "texture": "#2"}
			}
		},
		{
			"name": "heart",
			"from": [6.2, 4.45, -2.75125],
			"to": [7.64, 5.17, -1.93125],
			"shade": false,
			"rotation": {"angle": 0, "axis": "y", "origin": [8, 2.24258, -2.35]},
			"faces": {
				"north": {"uv": [10.5, 0.5, 10.875, 0.625], "texture": "#2"},
				"east": {"uv": [10.5, 0.5, 10.875, 0.625], "texture": "#2"},
				"south": {"uv": [10.5, 0.5, 10.875, 0.625], "texture": "#2"},
				"west": {"uv": [10.5, 0.5, 10.875, 0.625], "texture": "#2"},
				"up": {"uv": [10.625, 10.5, 10.25, 10.25], "texture": "#2"}
			}
		},
		{
			"name": "heart",
			"from": [7.64, 3.73, -2.75125],
			"to": [8.36, 4.45, -1.93125],
			"shade": false,
			"rotation": {"angle": 0, "axis": "y", "origin": [8, 2.24258, -2.35]},
			"faces": {
				"north": {"uv": [10.5, 0.5, 10.875, 0.625], "texture": "#2"},
				"south": {"uv": [10.5, 0.5, 10.875, 0.625], "texture": "#2"},
				"up": {"uv": [10.625, 10.5, 10.25, 10.25], "texture": "#2"}
			}
		},
		{
			"name": "heart",
			"from": [6.2, 3.73, -2.75125],
			"to": [7.64, 4.45, -1.93125],
			"shade": false,
			"rotation": {"angle": 0, "axis": "y", "origin": [8, 2.24258, -2.35]},
			"faces": {
				"north": {"uv": [0.75, 10.5, 1.125, 10.625], "texture": "#2"},
				"south": {"uv": [0.75, 10.5, 1.125, 10.625], "texture": "#2"}
			}
		},
		{
			"name": "heart",
			"from": [8.36, 3.73, -2.75125],
			"to": [9.8, 4.45, -1.93125],
			"shade": false,
			"rotation": {"angle": 0, "axis": "y", "origin": [8, 2.24258, -2.35]},
			"faces": {
				"north": {"uv": [10.5, 0.75, 10.875, 0.875], "texture": "#2"},
				"south": {"uv": [10.5, 0.75, 10.875, 0.875], "texture": "#2"}
			}
		},
		{
			"name": "heart",
			"from": [9.8, 3.73, -2.75125],
			"to": [10.52, 4.45, -1.93125],
			"shade": false,
			"rotation": {"angle": 0, "axis": "y", "origin": [8, 2.24258, -2.35]},
			"faces": {
				"north": {"uv": [0.25, 10.5, 0.625, 10.625], "texture": "#2"},
				"east": {"uv": [0.25, 10.5, 0.625, 10.625], "texture": "#2"},
				"south": {"uv": [0.25, 10.5, 0.625, 10.625], "texture": "#2"},
				"up": {"uv": [10.625, 10.25, 10.25, 10], "texture": "#2"}
			}
		},
		{
			"name": "heart",
			"from": [10.52, 1.57, -2.75125],
			"to": [11.24, 3.73, -1.93125],
			"shade": false,
			"rotation": {"angle": 0, "axis": "y", "origin": [8, 2.24258, -2.35]},
			"faces": {
				"north": {"uv": [0.25, 10.5, 0.625, 10.625], "texture": "#2"},
				"east": {"uv": [0.25, 10.5, 0.625, 10.625], "texture": "#2"},
				"south": {"uv": [0.25, 10.5, 0.625, 10.625], "texture": "#2"},
				"up": {"uv": [10.625, 10.25, 10.25, 10], "texture": "#2"},
				"down": {"uv": [10.125, 3.75, 10, 4], "texture": "#2"}
			}
		},
		{
			"name": "heart",
			"from": [5.48, 2.29, -2.75125],
			"to": [10.52, 3.73, -1.93125],
			"shade": false,
			"rotation": {"angle": 0, "axis": "y", "origin": [8, 2.24258, -2.35]},
			"faces": {
				"north": {"uv": [0.75, 10.5, 1.125, 10.625], "texture": "#2"},
				"south": {"uv": [0.75, 10.5, 1.125, 10.625], "texture": "#2"}
			}
		},
		{
			"name": "heart",
			"from": [4.76, 1.57, -2.75125],
			"to": [5.48, 3.73, -1.93125],
			"shade": false,
			"rotation": {"angle": 0, "axis": "y", "origin": [8, 2.24258, -2.35]},
			"faces": {
				"north": {"uv": [0, 10.5, 0.125, 11], "texture": "#2"},
				"south": {"uv": [0, 10.5, 0.125, 11], "texture": "#2"},
				"west": {"uv": [0, 10.5, 0.125, 11], "texture": "#2"},
				"up": {"uv": [10.125, 5.5, 10, 5.25], "texture": "#2"},
				"down": {"uv": [10.625, 1, 10.5, 1.25], "texture": "#2"}
			}
		},
		{
			"name": "heart",
			"from": [5.48, 1.57, -2.75125],
			"to": [6.2, 2.29, -1.93125],
			"shade": false,
			"rotation": {"angle": 0, "axis": "y", "origin": [8, 2.24258, -2.35]},
			"faces": {
				"north": {"uv": [10.5, 1.75, 10.625, 1.875], "texture": "#2"},
				"south": {"uv": [10.5, 1.75, 10.625, 1.875], "texture": "#2"}
			}
		},
		{
			"name": "heart",
			"from": [6.2, 1.57, -2.75125],
			"to": [9.8, 2.29, -1.93125],
			"shade": false,
			"rotation": {"angle": 0, "axis": "y", "origin": [8, 2.24258, -2.35]},
			"faces": {
				"north": {"uv": [0.75, 10.5, 1.125, 10.625], "texture": "#2"},
				"south": {"uv": [0.75, 10.5, 1.125, 10.625], "texture": "#2"}
			}
		},
		{
			"name": "heart",
			"from": [9.8, 1.57, -2.75125],
			"to": [10.52, 2.29, -1.93125],
			"shade": false,
			"rotation": {"angle": 0, "axis": "y", "origin": [8, 2.24258, -2.35]},
			"faces": {
				"north": {"uv": [10.5, 2, 10.625, 2.125], "texture": "#2"},
				"south": {"uv": [10.5, 2, 10.625, 2.125], "texture": "#2"}
			}
		},
		{
			"name": "heart",
			"from": [9.8, 0.85, -2.75125],
			"to": [10.52, 1.57, -1.93125],
			"shade": false,
			"rotation": {"angle": 0, "axis": "y", "origin": [8, 2.24258, -2.35]},
			"faces": {
				"north": {"uv": [0.25, 10.5, 0.625, 10.625], "texture": "#2"},
				"east": {"uv": [0.25, 10.5, 0.625, 10.625], "texture": "#2"},
				"south": {"uv": [0.25, 10.5, 0.625, 10.625], "texture": "#2"},
				"down": {"uv": [10.125, 3.75, 10, 4], "texture": "#2"}
			}
		},
		{
			"name": "heart",
			"from": [9.08, 0.85, -2.75125],
			"to": [9.8, 1.57, -1.93125],
			"shade": false,
			"rotation": {"angle": 0, "axis": "y", "origin": [8, 2.24258, -2.35]},
			"faces": {
				"north": {"uv": [10.5, 2, 10.625, 2.125], "texture": "#2"},
				"south": {"uv": [10.5, 2, 10.625, 2.125], "texture": "#2"}
			}
		},
		{
			"name": "heart",
			"from": [9.08, 0.13, -2.75125],
			"to": [9.8, 0.85, -1.93125],
			"shade": false,
			"rotation": {"angle": 0, "axis": "y", "origin": [8, 2.24258, -2.35]},
			"faces": {
				"north": {"uv": [0.25, 10.5, 0.625, 10.625], "texture": "#2"},
				"east": {"uv": [0.25, 10.5, 0.625, 10.625], "texture": "#2"},
				"south": {"uv": [0.25, 10.5, 0.625, 10.625], "texture": "#2"},
				"down": {"uv": [10.125, 3.75, 10, 4], "texture": "#2"}
			}
		},
		{
			"name": "heart",
			"from": [6.92, 0.85, -2.75125],
			"to": [9.08, 1.57, -1.93125],
			"shade": false,
			"rotation": {"angle": 0, "axis": "y", "origin": [8, 2.24258, -2.35]},
			"faces": {
				"north": {"uv": [0.75, 10.5, 1.125, 10.625], "texture": "#2"},
				"south": {"uv": [0.75, 10.5, 1.125, 10.625], "texture": "#2"}
			}
		},
		{
			"name": "heart",
			"from": [8.36, 0.13, -2.75125],
			"to": [9.08, 0.85, -1.93125],
			"shade": false,
			"rotation": {"angle": 0, "axis": "y", "origin": [8, 2.24258, -2.35]},
			"faces": {
				"north": {"uv": [10.5, 2, 10.625, 2.125], "texture": "#2"},
				"south": {"uv": [10.5, 2, 10.625, 2.125], "texture": "#2"}
			}
		},
		{
			"name": "heart",
			"from": [7.64, 0.13, -2.75125],
			"to": [8.36, 0.85, -1.93125],
			"shade": false,
			"rotation": {"angle": 0, "axis": "y", "origin": [8, 2.24258, -2.35]},
			"faces": {
				"north": {"uv": [0.75, 10.5, 1.125, 10.625], "texture": "#2"},
				"south": {"uv": [0.75, 10.5, 1.125, 10.625], "texture": "#2"}
			}
		},
		{
			"name": "heart",
			"from": [8.36, -0.59, -2.75125],
			"to": [9.08, 0.13, -1.93125],
			"shade": false,
			"rotation": {"angle": 0, "axis": "y", "origin": [8, 2.24258, -2.35]},
			"faces": {
				"north": {"uv": [0.25, 10.5, 0.625, 10.625], "texture": "#2"},
				"east": {"uv": [0.25, 10.5, 0.625, 10.625], "texture": "#2"},
				"south": {"uv": [0.25, 10.5, 0.625, 10.625], "texture": "#2"},
				"down": {"uv": [10.125, 3.75, 10, 4], "texture": "#2"}
			}
		},
		{
			"name": "heart",
			"from": [7.64, -0.59, -2.75125],
			"to": [8.36, 0.13, -1.93125],
			"shade": false,
			"rotation": {"angle": 0, "axis": "y", "origin": [8, 2.24258, -2.35]},
			"faces": {
				"north": {"uv": [10.5, 1.75, 10.625, 1.875], "texture": "#2"},
				"south": {"uv": [10.5, 1.75, 10.625, 1.875], "texture": "#2"}
			}
		},
		{
			"name": "heart",
			"from": [7.64, -1.31, -2.75125],
			"to": [8.36, -0.59, -1.93125],
			"shade": false,
			"rotation": {"angle": 0, "axis": "y", "origin": [8, 2.24258, -2.35]},
			"faces": {
				"north": {"uv": [10.5, 0.5, 10.875, 0.625], "texture": "#2"},
				"east": {"uv": [10.5, 0.5, 10.875, 0.625], "texture": "#2"},
				"south": {"uv": [10.5, 0.5, 10.875, 0.625], "texture": "#2"},
				"west": {"uv": [10.5, 0.5, 10.875, 0.625], "texture": "#2"},
				"down": {"uv": [10.625, 1.25, 10.5, 1.5], "texture": "#2"}
			}
		},
		{
			"name": "heart",
			"from": [6.92, -0.59, -2.75125],
			"to": [7.64, 0.13, -1.93125],
			"shade": false,
			"rotation": {"angle": 0, "axis": "y", "origin": [8, 2.24258, -2.35]},
			"faces": {
				"north": {"uv": [10.5, 0.5, 10.875, 0.625], "texture": "#2"},
				"south": {"uv": [10.5, 0.5, 10.875, 0.625], "texture": "#2"},
				"west": {"uv": [10.5, 0.5, 10.875, 0.625], "texture": "#2"},
				"down": {"uv": [10.625, 1.25, 10.5, 1.5], "texture": "#2"}
			}
		},
		{
			"name": "heart",
			"from": [6.92, 0.13, -2.75125],
			"to": [7.64, 0.85, -1.93125],
			"shade": false,
			"rotation": {"angle": 0, "axis": "y", "origin": [8, 2.24258, -2.35]},
			"faces": {
				"north": {"uv": [10.5, 1.75, 10.625, 1.875], "texture": "#2"},
				"south": {"uv": [10.5, 1.75, 10.625, 1.875], "texture": "#2"}
			}
		},
		{
			"name": "heart",
			"from": [6.2, 0.13, -2.75125],
			"to": [6.92, 0.85, -1.93125],
			"shade": false,
			"rotation": {"angle": 0, "axis": "y", "origin": [8, 2.24258, -2.35]},
			"faces": {
				"north": {"uv": [10.5, 0.5, 10.875, 0.625], "texture": "#2"},
				"south": {"uv": [10.5, 0.5, 10.875, 0.625], "texture": "#2"},
				"west": {"uv": [10.5, 0.5, 10.875, 0.625], "texture": "#2"},
				"down": {"uv": [10.625, 1.25, 10.5, 1.5], "texture": "#2"}
			}
		},
		{
			"name": "heart",
			"from": [5.48, 0.85, -2.75125],
			"to": [6.2, 1.57, -1.93125],
			"shade": false,
			"rotation": {"angle": 0, "axis": "y", "origin": [8, 2.24258, -2.35]},
			"faces": {
				"north": {"uv": [10.5, 0.5, 10.875, 0.625], "texture": "#2"},
				"south": {"uv": [10.5, 0.5, 10.875, 0.625], "texture": "#2"},
				"west": {"uv": [10.5, 0.5, 10.875, 0.625], "texture": "#2"},
				"down": {"uv": [10.625, 1.25, 10.5, 1.5], "texture": "#2"}
			}
		},
		{
			"name": "heart",
			"from": [6.2, 0.85, -2.75125],
			"to": [6.92, 1.57, -1.93125],
			"shade": false,
			"rotation": {"angle": 0, "axis": "y", "origin": [8, 2.24258, -2.35]},
			"faces": {
				"north": {"uv": [10.5, 1.75, 10.625, 1.875], "texture": "#2"},
				"south": {"uv": [10.5, 1.75, 10.625, 1.875], "texture": "#2"}
			}
		},
		{
			"name": "heart",
			"from": [6.44051, 1.87254, -3.08125],
			"to": [7.09051, 3.08504, -1.61875],
			"shade": false,
			"rotation": {"angle": 0, "axis": "y", "origin": [8, 2.15379, -2.35]},
			"faces": {
				"north": {"uv": [10.5, 1.5, 10.625, 1.75], "texture": "#2"},
				"east": {"uv": [10.5, 1.5, 10.625, 1.75], "texture": "#2"},
				"south": {"uv": [10.5, 1.5, 10.625, 1.75], "texture": "#2"},
				"west": {"uv": [10.5, 1.5, 10.625, 1.75], "texture": "#2"},
				"up": {"uv": [10.625, 1.75, 10.5, 1.5], "texture": "#2"},
				"down": {"uv": [10.625, 1.5, 10.5, 1.75], "texture": "#2"}
			}
		},
		{
			"name": "heart",
			"from": [7.09051, 1.22254, -3.08125],
			"to": [7.74051, 2.43504, -1.61875],
			"shade": false,
			"rotation": {"angle": 0, "axis": "y", "origin": [8, 2.15379, -2.35]},
			"faces": {
				"north": {"uv": [10.5, 1.5, 10.625, 1.75], "texture": "#2"},
				"east": {"uv": [10.5, 1.5, 10.625, 1.75], "texture": "#2"},
				"south": {"uv": [10.5, 1.5, 10.625, 1.75], "texture": "#2"},
				"west": {"uv": [10.5, 1.5, 10.625, 1.75], "texture": "#2"},
				"up": {"uv": [10.625, 1.75, 10.5, 1.5], "texture": "#2"},
				"down": {"uv": [10.625, 1.5, 10.5, 1.75], "texture": "#2"}
			}
		},
		{
			"name": "heart",
			"from": [8.25949, 1.22254, -3.08125],
			"to": [8.90949, 2.43504, -1.61875],
			"shade": false,
			"rotation": {"angle": 0, "axis": "y", "origin": [8, 2.15379, -2.35]},
			"faces": {
				"north": {"uv": [10.5, 1.5, 10.625, 1.75], "texture": "#2"},
				"east": {"uv": [10.5, 1.5, 10.625, 1.75], "texture": "#2"},
				"south": {"uv": [10.5, 1.5, 10.625, 1.75], "texture": "#2"},
				"west": {"uv": [10.5, 1.5, 10.625, 1.75], "texture": "#2"},
				"up": {"uv": [10.625, 1.75, 10.5, 1.5], "texture": "#2"},
				"down": {"uv": [10.625, 1.5, 10.5, 1.75], "texture": "#2"}
			}
		},
		{
			"name": "heart",
			"from": [8.90949, 1.87254, -3.08125],
			"to": [9.55949, 3.08504, -1.61875],
			"shade": false,
			"rotation": {"angle": 0, "axis": "y", "origin": [8, 2.15379, -2.35]},
			"faces": {
				"north": {"uv": [10.5, 1.5, 10.625, 1.75], "texture": "#2"},
				"east": {"uv": [10.5, 1.5, 10.625, 1.75], "texture": "#2"},
				"south": {"uv": [10.5, 1.5, 10.625, 1.75], "texture": "#2"},
				"west": {"uv": [10.5, 1.5, 10.625, 1.75], "texture": "#2"},
				"up": {"uv": [10.625, 1.75, 10.5, 1.5], "texture": "#2"},
				"down": {"uv": [10.625, 1.5, 10.5, 1.75], "texture": "#2"}
			}
		},
		{
			"name": "heart",
			"from": [5.48, 3.73, -2.75125],
			"to": [6.2, 4.45, -1.93125],
			"shade": false,
			"rotation": {"angle": 0, "axis": "y", "origin": [8, 2.24258, -2.35]},
			"faces": {
				"north": {"uv": [10.5, 0.5, 10.875, 0.625], "texture": "#2"},
				"south": {"uv": [10.5, 0.5, 10.875, 0.625], "texture": "#2"},
				"west": {"uv": [10.5, 0.5, 10.875, 0.625], "texture": "#2"},
				"up": {"uv": [10.625, 10.5, 10.25, 10.25], "texture": "#2"}
			}
		},
		{
			"name": "ef",
			"from": [16, 5.25, -1.25],
			"to": [18, 13.25, -1.25],
			"shade": false,
			"rotation": {"angle": -22.5, "axis": "y", "origin": [17, 9.25, -1.25]},
			"faces": {
				"north": {"uv": [11.625, 14, 11.125, 16], "texture": "#2"},
				"east": {"uv": [0, 0, 0, 3], "texture": "#2"},
				"south": {"uv": [11.125, 14, 11.625, 16], "texture": "#2"},
				"west": {"uv": [0, 0, 0, 3], "texture": "#2"},
				"up": {"uv": [0.75, 0, 0, 0], "texture": "#2"},
				"down": {"uv": [0.75, 0, 0, 0], "texture": "#2"}
			}
		},
		{
			"name": "ef",
			"from": [-2, 5.25, 17.25],
			"to": [0, 13.25, 17.25],
			"shade": false,
			"rotation": {"angle": -22.5, "axis": "y", "origin": [-1, 9.25, 17.25]},
			"faces": {
				"north": {"uv": [11.125, 14, 11.625, 16], "texture": "#2"},
				"east": {"uv": [0, 0, 0, 3], "texture": "#2"},
				"south": {"uv": [11.625, 14, 11.125, 16], "texture": "#2"},
				"west": {"uv": [0, 0, 0, 3], "texture": "#2"},
				"up": {"uv": [0, 0, 0.75, 0], "texture": "#2"},
				"down": {"uv": [0, 0, 0.75, 0], "texture": "#2"}
			}
		},
		{
			"name": "ef",
			"from": [16.75, 1.25, 16.5],
			"to": [18.75, 9.25, 16.5],
			"shade": false,
			"rotation": {"angle": 45, "axis": "y", "origin": [17.75, 5.25, 16.5]},
			"faces": {
				"north": {"uv": [14.46875, 14, 13.96875, 16], "texture": "#2"},
				"east": {"uv": [0, 0, 0, 3], "texture": "#2"},
				"south": {"uv": [13.96875, 14, 14.46875, 16], "texture": "#2"},
				"west": {"uv": [0, 0, 0, 3], "texture": "#2"},
				"up": {"uv": [0.75, 0, 0, 0], "texture": "#2"},
				"down": {"uv": [0.75, 0, 0, 0], "texture": "#2"}
			}
		},
		{
			"name": "ef",
			"from": [-2, 0, -1.25],
			"to": [0, 8, -1.25],
			"shade": false,
			"rotation": {"angle": 45, "axis": "y", "origin": [-1, 4, -1.25]},
			"faces": {
				"north": {"uv": [12.75, 14, 13.25, 16], "texture": "#2"},
				"east": {"uv": [0, 0, 0, 3], "texture": "#2"},
				"south": {"uv": [13.25, 14, 12.75, 16], "texture": "#2"},
				"west": {"uv": [0, 0, 0, 3], "texture": "#2"},
				"up": {"uv": [0, 0, 0.75, 0], "texture": "#2"},
				"down": {"uv": [0, 0, 0.75, 0], "texture": "#2"}
			}
		},
		{
			"name": "ef1",
			"from": [-2.5, 5.5, 2.75],
			"to": [9.5, 18.5, 2.75],
			"rotation": {"angle": 45, "axis": "y", "origin": [3.5, 9.5, 2.75]},
			"faces": {
				"north": {"uv": [2.25, 14, 3.75, 16], "texture": "#2"},
				"east": {"uv": [0, 0, 0, 2], "texture": "#2"},
				"south": {"uv": [3.75, 14, 2.25, 16], "texture": "#2"},
				"west": {"uv": [0, 0, 0, 2], "texture": "#2"},
				"up": {"uv": [0, 0, 2, 0], "texture": "#2"},
				"down": {"uv": [0, 0, 2, 0], "texture": "#2"}
			}
		},
		{
			"name": "ef1",
			"from": [12.5, 3.5, 6.5],
			"to": [12.5, 14.5, 16.5],
			"rotation": {"angle": -22.5, "axis": "y", "origin": [12.5, 7.5, 11.5]},
			"faces": {
				"north": {"uv": [2.25, 14, 3.75, 16], "texture": "#2"},
				"east": {"uv": [4.125, 14, 5.625, 16], "texture": "#2"},
				"south": {"uv": [3.75, 14, 2.25, 16], "texture": "#2"},
				"west": {"uv": [5.625, 14, 4.125, 16], "texture": "#2"},
				"up": {"uv": [2, 0, 0, 0], "rotation": 270, "texture": "#2"},
				"down": {"uv": [2, 0, 0, 0], "rotation": 90, "texture": "#2"}
			}
		},
		{
			"name": "ef2",
			"from": [3.25, 2, 7],
			"to": [3.25, 13, 15],
			"rotation": {"angle": 22.5, "axis": "y", "origin": [3.25, 6, 11]},
			"faces": {
				"north": {"uv": [0, 0, 0, 2], "texture": "#2"},
				"east": {"uv": [6.375, 14.25, 7.625, 16], "texture": "#2"},
				"south": {"uv": [0, 0, 0, 2], "texture": "#2"},
				"west": {"uv": [7.625, 14.25, 6.375, 16], "texture": "#2"},
				"up": {"uv": [0, 0, 2, 0], "rotation": 90, "texture": "#2"},
				"down": {"uv": [0, 0, 2, 0], "rotation": 270, "texture": "#2"}
			}
		},
		{
			"name": "ef2",
			"from": [7, 8, 3],
			"to": [15, 19, 3],
			"rotation": {"angle": -45, "axis": "y", "origin": [11, 12, 3]},
			"faces": {
				"north": {"uv": [7.625, 14.25, 6.375, 16], "texture": "#2"},
				"east": {"uv": [0, 0, 0, 2], "texture": "#2"},
				"south": {"uv": [6.375, 14.25, 7.625, 16], "texture": "#2"},
				"west": {"uv": [0, 0, 0, 2], "texture": "#2"},
				"up": {"uv": [2, 0, 0, 0], "texture": "#2"},
				"down": {"uv": [2, 0, 0, 0], "texture": "#2"}
			}
		},
		{
			"name": "ef4",
			"from": [6, 2.5, 13.75],
			"to": [12, 10.5, 13.75],
			"rotation": {"angle": -22.5, "axis": "y", "origin": [9, 6.5, 13.75]},
			"faces": {
				"north": {"uv": [0.25, 13.875, 1.75, 16], "texture": "#2"},
				"east": {"uv": [0, 0, 0, 2], "texture": "#2"},
				"south": {"uv": [1.75, 13.875, 0.25, 16], "texture": "#2"},
				"west": {"uv": [0, 0, 0, 2], "texture": "#2"},
				"up": {"uv": [0, 0, 2, 0], "texture": "#2"},
				"down": {"uv": [0, 0, 2, 0], "texture": "#2"}
			}
		},
		{
			"name": "ef4",
			"from": [3.5, 9.75, 5],
			"to": [11.5, 20, 5],
			"rotation": {"angle": 22.5, "axis": "y", "origin": [7.5, 14.875, 5]},
			"faces": {
				"north": {"uv": [1.75, 13.875, 0.25, 16], "texture": "#2"},
				"east": {"uv": [0, 0, 0, 2], "texture": "#2"},
				"south": {"uv": [0.25, 13.875, 1.75, 16], "texture": "#2"},
				"west": {"uv": [0, 0, 0, 2], "texture": "#2"},
				"up": {"uv": [0, 0, 2, 0], "texture": "#2"},
				"down": {"uv": [0, 0, 2, 0], "texture": "#2"}
			}
		},
		{
			"name": "ef3",
			"from": [5.25, 7.25, 12.25],
			"to": [11.25, 13.25, 12.25],
			"rotation": {"angle": 22.5, "axis": "y", "origin": [8.25, 10.25, 12.25]},
			"faces": {
				"north": {"uv": [4.625, 15, 5.5, 16], "texture": "#2"},
				"east": {"uv": [0, 0, 0, 2], "texture": "#2"},
				"south": {"uv": [5.5, 15, 4.625, 16], "texture": "#2"},
				"west": {"uv": [0, 0, 0, 2], "texture": "#2"},
				"up": {"uv": [0, 0, 2, 0], "texture": "#2"},
				"down": {"uv": [0, 0, 2, 0], "texture": "#2"}
			}
		},
		{
			"name": "ef3",
			"from": [4, 2.75, 7],
			"to": [10, 8.75, 7],
			"rotation": {"angle": -22.5, "axis": "y", "origin": [7, 5.75, 7]},
			"faces": {
				"north": {"uv": [4.625, 15, 5.5, 16], "texture": "#2"},
				"east": {"uv": [0, 0, 0, 2], "texture": "#2"},
				"south": {"uv": [5.5, 15, 4.625, 16], "texture": "#2"},
				"west": {"uv": [0, 0, 0, 2], "texture": "#2"},
				"up": {"uv": [0, 0, 2, 0], "texture": "#2"},
				"down": {"uv": [0, 0, 2, 0], "texture": "#2"}
			}
		}
	],
	"display": {
		"thirdperson_righthand": {
			"rotation": [142.3, 41.34, -159.98],
			"translation": [0, 1.25, 0],
			"scale": [0.18, 0.18, 0.18]
		},
		"thirdperson_lefthand": {
			"rotation": [142.3, 41.34, -159.98],
			"translation": [0, 1.25, 0],
			"scale": [0.18, 0.18, 0.18]
		},
		"firstperson_righthand": {
			"rotation": [170.3, 40.61, 179.2],
			"translation": [-0.25, 4.75, 1],
			"scale": [0.3, 0.3, 0.3]
		},
		"firstperson_lefthand": {
			"rotation": [170.3, 40.61, 179.2],
			"translation": [-0.25, 4.75, 1],
			"scale": [0.3, 0.3, 0.3]
		},
		"ground": {
			"translation": [0, 1.5, 0],
			"scale": [0.25, 0.25, 0.25]
		},
		"gui": {
			"rotation": [-160, 25, -180],
			"translation": [-0.25, 2, 0],
			"scale": [0.62, 0.62, 0.62]
		},
		"head": {
			"rotation": [1.75, 0, 0],
			"translation": [0, 10, 0],
			"scale": [0.89, 0.89, 0.89]
		},
		"fixed": {
			"translation": [0, -1.5, -2.5],
			"scale": [0.6, 0.6, 0.6]
		}
	},
	"groups": [
		0,
		1,
		2,
		3,
		4,
		5,
		6,
		7,
		8,
		9,
		10,
		11,
		12,
		13,
		14,
		15,
		16,
		17,
		18,
		19,
		20,
		21,
		22,
		23,
		24,
		25,
		26,
		27,
		28,
		29,
		30,
		31,
		32,
		33,
		34,
		35,
		36,
		37,
		38,
		39,
		40,
		41,
		42,
		43,
		44,
		45,
		46,
		47,
		48,
		49,
		50,
		51,
		52,
		53,
		54,
		55,
		56,
		57,
		58,
		59,
		{
			"name": "heart",
			"origin": [10.16, 9.35, 44.14875],
			"color": 0,
			"shade": false,
			"children": [60, 61, 62, 63, 64, 65, 66, 67, 68, 69, 70, 71, 72, 73, 74, 75, 76, 77, 78, 79, 80, 81, 82, 83, 84, 85, 86, 87, 88, 89, 90]
		},
		91,
		92,
		93,
		94,
		95,
		96,
		97,
		98,
		99,
		100,
		101,
		102
	]
}