{
	"credit": "Made with Blockbench",
	"texture_size": [64, 64],
	"textures": {
		"0": "item/landmine/landmine",
		"particle": "item/landmine/landmine"
	},
	"elements": [
		{
			"from": [4.992, -0.008, 0.992],
			"to": [11.008, 6.008, 15.008],
			"rotation": {"angle": 0, "axis": "y", "origin": [7, 0, 7]},
			"faces": {
				"north": {"uv": [8, 5.25, 9.5, 6.75], "texture": "#0"},
				"east": {"uv": [1.5, 4, 5, 5.5], "texture": "#0"},
				"south": {"uv": [8, 6.75, 9.5, 8.25], "texture": "#0"},
				"west": {"uv": [5, 0, 8.5, 1.5], "texture": "#0"},
				"up": {"uv": [6.5, 5, 5, 1.5], "texture": "#0"},
				"down": {"uv": [6.5, 5, 5, 8.5], "texture": "#0"}
			}
		},
		{
			"from": [0.994, -0.006, 4.994],
			"to": [15.006, 6.006, 11.006],
			"rotation": {"angle": 0, "axis": "y", "origin": [8, 3, 8]},
			"faces": {
				"north": {"uv": [5, 0, 8.5, 1.5], "texture": "#0"},
				"east": {"uv": [8, 5.25, 9.5, 6.75], "texture": "#0"},
				"south": {"uv": [1.5, 4, 5, 5.5], "texture": "#0"},
				"west": {"uv": [8, 6.75, 9.5, 8.25], "texture": "#0"},
				"up": {"uv": [6.5, 5, 5, 1.5], "rotation": 90, "texture": "#0"},
				"down": {"uv": [6.5, 5, 5, 8.5], "rotation": 270, "texture": "#0"}
			}
		},
		{
			"from": [5.992, 5.992, 5.992],
			"to": [10.008, 7.508, 10.008],
			"rotation": {"angle": 0, "axis": "y", "origin": [7, 0, 7]},
			"faces": {
				"north": {"uv": [9.5, 6.75, 10.5, 7.125], "texture": "#0"},
				"east": {"uv": [9.5, 7.25, 10.5, 7.625], "texture": "#0"},
				"south": {"uv": [9.5, 7.75, 10.5, 8.125], "texture": "#0"},
				"west": {"uv": [9.5, 8.25, 10.5, 8.625], "texture": "#0"},
				"up": {"uv": [4, 9.75, 3, 8.75], "texture": "#0"},
				"down": {"uv": [1, 9.5, 0, 10.5], "texture": "#0"}
			}
		},
		{
			"from": [6.742, 7.492, 6.742],
			"to": [9.258, 8.258, 9.258],
			"rotation": {"angle": 0, "axis": "y", "origin": [7, 0, 7]},
			"faces": {
				"north": {"uv": [1.5, 7.75, 2.125, 8], "texture": "#0"},
				"east": {"uv": [2.25, 7.75, 2.875, 8], "texture": "#0"},
				"south": {"uv": [3, 7.75, 3.625, 8], "texture": "#0"},
				"west": {"uv": [9.5, 8.75, 10.125, 9], "texture": "#0"},
				"up": {"uv": [4.625, 8.375, 4, 7.75], "texture": "#0"},
				"down": {"uv": [2.875, 9.5, 2.25, 10.125], "texture": "#0"}
			}
		},
		{
			"from": [5.742, 8.242, 5.742],
			"to": [10.258, 10.008, 10.258],
			"rotation": {"angle": 0, "axis": "y", "origin": [7, 0, 7]},
			"faces": {
				"north": {"uv": [1, 9.5, 2.125, 10], "texture": "#0"},
				"east": {"uv": [9.5, 5.25, 10.625, 5.75], "texture": "#0"},
				"south": {"uv": [9.5, 5.75, 10.625, 6.25], "texture": "#0"},
				"west": {"uv": [9.5, 6.25, 10.625, 6.75], "texture": "#0"},
				"up": {"uv": [5.125, 9.625, 4, 8.5], "texture": "#0"},
				"down": {"uv": [6.375, 8.5, 5.25, 9.625], "texture": "#0"}
			}
		},
		{
			"from": [5.175, 0, 0.925],
			"to": [10.825, 6, 15.075],
			"rotation": {"angle": -45, "axis": "y", "origin": [8, 2, 8]},
			"faces": {
				"north": {"uv": [8, 8.25, 9.375, 9.75], "texture": "#0"},
				"east": {"uv": [1.5, 5.5, 5, 7], "texture": "#0"},
				"south": {"uv": [8.5, 0, 9.875, 1.5], "texture": "#0"},
				"west": {"uv": [6.5, 1.5, 10, 3], "texture": "#0"},
				"up": {"uv": [7.875, 6.5, 6.5, 3], "texture": "#0"},
				"down": {"uv": [7.875, 6.5, 6.5, 10], "texture": "#0"}
			}
		},
		{
			"from": [5.175, 0, 0.925],
			"to": [10.825, 6, 15.075],
			"rotation": {"angle": 45, "axis": "y", "origin": [8, 2, 8]},
			"faces": {
				"north": {"uv": [9.375, 8.25, 8, 9.75], "texture": "#0"},
				"east": {"uv": [10, 1.5, 6.5, 3], "texture": "#0"},
				"south": {"uv": [9.875, 0, 8.5, 1.5], "texture": "#0"},
				"west": {"uv": [5, 5.5, 1.5, 7], "texture": "#0"},
				"up": {"uv": [6.5, 6.5, 7.875, 3], "texture": "#0"},
				"down": {"uv": [6.5, 6.5, 7.875, 10], "texture": "#0"}
			}
		},
		{
			"from": [4.8925, 1.75, 0.2175],
			"to": [11.1075, 4.85, 15.7825],
			"rotation": {"angle": -45, "axis": "y", "origin": [8, 2.2, 8]},
			"faces": {
				"north": {"uv": [0, 8.75, 1.5, 9.5], "texture": "#0"},
				"east": {"uv": [8, 3.75, 11.875, 4.5], "texture": "#0"},
				"south": {"uv": [1.5, 8.75, 3, 9.5], "texture": "#0"},
				"west": {"uv": [8, 4.5, 11.875, 5.25], "texture": "#0"},
				"up": {"uv": [5, 3.875, 3.5, 0], "texture": "#0"},
				"down": {"uv": [1.5, 4, 0, 7.875], "texture": "#0"}
			}
		},
		{
			"from": [4.8925, 1.75, 0.2175],
			"to": [11.1075, 4.85, 15.7825],
			"rotation": {"angle": 45, "axis": "y", "origin": [8, 2.2, 8]},
			"faces": {
				"north": {"uv": [1.5, 8.75, 0, 9.5], "texture": "#0"},
				"east": {"uv": [11.875, 4.5, 8, 5.25], "texture": "#0"},
				"south": {"uv": [3, 8.75, 1.5, 9.5], "texture": "#0"},
				"west": {"uv": [11.875, 3.75, 8, 4.5], "texture": "#0"},
				"up": {"uv": [3.5, 3.875, 5, 0], "texture": "#0"},
				"down": {"uv": [0, 4, 1.5, 7.875], "texture": "#0"}
			}
		},
		{
			"from": [4.6912, 1.7412, 0.2912],
			"to": [11.3088, 4.8588, 15.7088],
			"rotation": {"angle": 0, "axis": "y", "origin": [6.9, 0, 6.9]},
			"faces": {
				"north": {"uv": [1.5, 7, 3.125, 7.75], "texture": "#0"},
				"east": {"uv": [0, 8, 3.875, 8.75], "texture": "#0"},
				"south": {"uv": [3.25, 7, 4.875, 7.75], "texture": "#0"},
				"west": {"uv": [8, 3, 11.875, 3.75], "texture": "#0"},
				"up": {"uv": [1.625, 3.875, 0, 0], "texture": "#0"},
				"down": {"uv": [3.375, 0, 1.75, 3.875], "texture": "#0"}
			}
		},
		{
			"from": [0.2932, 1.7432, 4.6932],
			"to": [15.7068, 4.8568, 11.3068],
			"rotation": {"angle": 0, "axis": "y", "origin": [8, 3.3, 8]},
			"faces": {
				"north": {"uv": [0, 8, 3.875, 8.75], "texture": "#0"},
				"east": {"uv": [3.25, 7, 4.875, 7.75], "texture": "#0"},
				"south": {"uv": [8, 3, 11.875, 3.75], "texture": "#0"},
				"west": {"uv": [1.5, 7, 3.125, 7.75], "texture": "#0"},
				"up": {"uv": [1.625, 3.875, 0, 0], "rotation": 270, "texture": "#0"},
				"down": {"uv": [3.375, 0, 1.75, 3.875], "rotation": 90, "texture": "#0"}
			}
		}
	],
	"gui_light": "front",
	"display": {
		"thirdperson_righthand": {
			"translation": [0, 4, 0],
			"scale": [0.5, 0.5, 0.5]
		},
		"thirdperson_lefthand": {
			"translation": [0, 4, 0],
			"scale": [0.5, 0.5, 0.5]
		},
		"firstperson_righthand": {
			"rotation": [63.55, -24.65, 43.27],
			"translation": [1, 4, 0],
			"scale": [0.42, 0.42, 0.42]
		},
		"firstperson_lefthand": {
			"rotation": [63.55, -24.65, 43.27],
			"translation": [1, 4, 0],
			"scale": [0.42, 0.42, 0.42]
		},
		"ground": {
			"translation": [0, 1.25, 0],
			"scale": [0.5, 0.5, 0.5]
		},
		"gui": {
			"rotation": [25, -45, 0],
			"translation": [0, 2.5, 0],
			"scale": [0.79, 0.79, 0.79]
		},
		"head": {
			"translation": [0, -33.75, 0],
			"scale": [1.2, 1.2, 1.2]
		},
		"fixed": {
			"rotation": [-90, 0, 0],
			"translation": [0, 0, -7.25]
		}
	}
}