{
	"credit": "Made with Blockbench",
	"textures": {
		"0": "item/raidtnt/raidtnt",
		"particle": "item/raidtnt/raidtnt"
	},
	"elements": [
		{
			"from": [4, 4, -6],
			"to": [12, 12, 13],
			"shade": false,
			"rotation": {"angle": 0, "axis": "y", "origin": [7, 4, 7]},
			"faces": {
				"north": {"uv": [10.25, 10.625, 11.25, 11.625], "texture": "#0"},
				"east": {"uv": [0, 8, 2.375, 9], "texture": "#0"},
				"south": {"uv": [7.5, 10.875, 8.5, 11.875], "texture": "#0"},
				"west": {"uv": [8, 0, 10.375, 1], "texture": "#0"},
				"up": {"uv": [3.375, 10.375, 2.375, 8], "texture": "#0"},
				"down": {"uv": [6.25, 8.125, 5.25, 10.5], "texture": "#0"}
			}
		},
		{
			"from": [3, 12, 0],
			"to": [13, 14.25, 7],
			"shade": false,
			"rotation": {"angle": 0, "axis": "y", "origin": [7, 4, 7]},
			"faces": {
				"north": {"uv": [12.625, 5.125, 13.875, 5.4375], "texture": "#0"},
				"east": {"uv": [13.125, 12.625, 14, 12.9375], "texture": "#0"},
				"south": {"uv": [12.625, 5.5, 13.875, 5.8125], "texture": "#0"},
				"west": {"uv": [13.125, 13, 14, 13.3125], "texture": "#0"},
				"up": {"uv": [11.75, 6.125, 10.5, 5.25], "texture": "#0"},
				"down": {"uv": [11.75, 6.125, 10.5, 7], "texture": "#0"}
			}
		},
		{
			"from": [4.75, 4.75, 13],
			"to": [11.25, 11.25, 25],
			"shade": false,
			"rotation": {"angle": 0, "axis": "y", "origin": [7, 4, 7]},
			"faces": {
				"north": {"uv": [2.25, 11.875, 3.0625, 12.6875], "texture": "#0"},
				"east": {"uv": [10.5, 3.5, 12, 4.3125], "texture": "#0"},
				"south": {"uv": [7.5, 11.875, 8.3125, 12.6875], "texture": "#0"},
				"west": {"uv": [10.5, 4.375, 12, 5.1875], "texture": "#0"},
				"up": {"uv": [3.3125, 11.875, 2.5, 10.375], "texture": "#0"},
				"down": {"uv": [5.4375, 10.5, 4.625, 12], "texture": "#0"}
			}
		},
		{
			"from": [4, 4, 25],
			"to": [12, 12, 27.75],
			"shade": false,
			"rotation": {"angle": 0, "axis": "y", "origin": [7, 4, 7]},
			"faces": {
				"north": {"uv": [8.5, 10.875, 9.5, 11.875], "texture": "#0"},
				"east": {"uv": [4.875, 9.5, 5.25, 10.5], "texture": "#0"},
				"south": {"uv": [11, 1, 12, 2], "texture": "#0"},
				"west": {"uv": [2.125, 12.75, 2.5, 13.75], "texture": "#0"},
				"up": {"uv": [6.75, 13.125, 5.75, 12.75], "texture": "#0"},
				"down": {"uv": [13.75, 6.25, 12.75, 6.625], "texture": "#0"}
			}
		},
		{
			"from": [4.5, 4.5, 27.75],
			"to": [11.5, 11.5, 28.75],
			"shade": false,
			"rotation": {"angle": 0, "axis": "y", "origin": [7, 4, 7]},
			"faces": {
				"north": {"uv": [11.5, 11.625, 12.375, 12.5], "texture": "#0"},
				"east": {"uv": [12.25, 12.5, 12.375, 13.375], "texture": "#0"},
				"south": {"uv": [11.75, 5.25, 12.625, 6.125], "texture": "#0"},
				"west": {"uv": [8.875, 12.875, 9, 13.75], "texture": "#0"},
				"up": {"uv": [2.125, 10.375, 1.25, 10.25], "texture": "#0"},
				"down": {"uv": [13.75, 0.5, 12.875, 0.625], "texture": "#0"}
			}
		},
		{
			"from": [5, 5, -7],
			"to": [11, 11, -6],
			"shade": false,
			"rotation": {"angle": 0, "axis": "y", "origin": [7, 4, 7]},
			"faces": {
				"north": {"uv": [5.25, 6, 6, 6.75], "texture": "#0"},
				"east": {"uv": [4.25, 14.25, 4.375, 15], "texture": "#0"},
				"south": {"uv": [3.75, 12, 4.5, 12.75], "texture": "#0"},
				"west": {"uv": [4.375, 14.25, 4.5, 15], "texture": "#0"},
				"up": {"uv": [6.25, 11.125, 5.5, 11], "texture": "#0"},
				"down": {"uv": [12.25, 10.5, 11.5, 10.625], "texture": "#0"}
			}
		},
		{
			"from": [6.75, -2, -0.75],
			"to": [9.25, 4, 1.75],
			"shade": false,
			"rotation": {"angle": 0, "axis": "y", "origin": [7, 4, 4]},
			"faces": {
				"north": {"uv": [1.75, 13.25, 2.0625, 14], "texture": "#0"},
				"east": {"uv": [6.25, 13.5, 6.5625, 14.25], "texture": "#0"},
				"south": {"uv": [13.5, 10.5, 13.8125, 11.25], "texture": "#0"},
				"west": {"uv": [10.875, 13.5, 11.1875, 14.25], "texture": "#0"},
				"up": {"uv": [8.3125, 14.5625, 8, 14.25], "texture": "#0"},
				"down": {"uv": [8.6875, 14.25, 8.375, 14.5625], "texture": "#0"}
			}
		},
		{
			"from": [6, 0, 7.85],
			"to": [10, 4, 9.35],
			"shade": false,
			"rotation": {"angle": 0, "axis": "y", "origin": [8, 2, 8.6]},
			"faces": {
				"north": {"uv": [13.25, 1.375, 13.75, 1.875], "texture": "#0"},
				"east": {"uv": [14.375, 1.25, 14.5625, 1.75], "texture": "#0"},
				"south": {"uv": [13.25, 1.875, 13.75, 2.375], "texture": "#0"},
				"west": {"uv": [1.625, 14.375, 1.8125, 14.875], "texture": "#0"},
				"up": {"uv": [9.5, 12.0625, 9, 11.875], "texture": "#0"},
				"down": {"uv": [14.75, 8, 14.25, 8.1875], "texture": "#0"}
			}
		},
		{
			"from": [6, 0, 9.35],
			"to": [10, 1.5, 12.35],
			"shade": false,
			"rotation": {"angle": 0, "axis": "y", "origin": [8, 0.75, 11.35]},
			"faces": {
				"north": {"uv": [14.25, 10.875, 14.75, 11.0625], "texture": "#0"},
				"east": {"uv": [6, 14.625, 6.375, 14.8125], "texture": "#0"},
				"south": {"uv": [14.25, 12.375, 14.75, 12.5625], "texture": "#0"},
				"west": {"uv": [6.375, 14.625, 6.75, 14.8125], "texture": "#0"},
				"up": {"uv": [14.25, 2.375, 13.75, 2], "texture": "#0"},
				"down": {"uv": [14.375, 5.5, 13.875, 5.875], "texture": "#0"}
			}
		},
		{
			"from": [5.994, 0.83499, 11.37433],
			"to": [10.006, 2.34699, 14.38633],
			"shade": false,
			"rotation": {"angle": -45, "axis": "x", "origin": [8, 1.59099, 12.88033]},
			"faces": {
				"north": {"uv": [1.875, 14.375, 2.375, 14.5625], "texture": "#0"},
				"east": {"uv": [14.625, 6.875, 15, 7.0625], "texture": "#0"},
				"south": {"uv": [2.375, 14.375, 2.875, 14.5625], "texture": "#0"},
				"west": {"uv": [14.625, 7.125, 15, 7.3125], "texture": "#0"},
				"up": {"uv": [14.375, 8, 13.875, 7.625], "texture": "#0"},
				"down": {"uv": [2.125, 14, 1.625, 14.375], "texture": "#0"}
			}
		},
		{
			"from": [5.992, 2.11332, 12.96332],
			"to": [10.008, 5.12932, 14.47932],
			"shade": false,
			"rotation": {"angle": 0, "axis": "y", "origin": [8, 3.62132, 13.72132]},
			"faces": {
				"north": {"uv": [2.5, 14, 3, 14.375], "texture": "#0"},
				"east": {"uv": [6.75, 14.625, 6.9375, 15], "texture": "#0"},
				"south": {"uv": [14, 3.25, 14.5, 3.625], "texture": "#0"},
				"west": {"uv": [7.25, 14.625, 7.4375, 15], "texture": "#0"},
				"up": {"uv": [14.875, 2.5625, 14.375, 2.375], "texture": "#0"},
				"down": {"uv": [14.875, 2.625, 14.375, 2.8125], "texture": "#0"}
			}
		},
		{
			"from": [6.75, -2, 12.35],
			"to": [9.25, 2, 14.85],
			"shade": false,
			"rotation": {"angle": -22.5, "axis": "x", "origin": [8, 1, 13.6]},
			"faces": {
				"north": {"uv": [14, 11.375, 14.3125, 11.875], "texture": "#0"},
				"east": {"uv": [14, 12.625, 14.3125, 13.125], "texture": "#0"},
				"south": {"uv": [14, 13.125, 14.3125, 13.625], "texture": "#0"},
				"west": {"uv": [13.625, 14, 13.9375, 14.5], "texture": "#0"},
				"up": {"uv": [14.5625, 9.3125, 14.25, 9], "texture": "#0"},
				"down": {"uv": [14.5625, 9.375, 14.25, 9.6875], "texture": "#0"}
			}
		},
		{
			"from": [6.9, 1.62132, 10.77132],
			"to": [9.1, 4.62132, 11.67132],
			"shade": false,
			"rotation": {"angle": 22.5, "axis": "x", "origin": [8, 3.12132, 11.22132]},
			"faces": {
				"north": {"uv": [10.25, 13.375, 10.5, 13.75], "texture": "#0"},
				"east": {"uv": [9.125, 4, 9.25, 4.375], "texture": "#0"},
				"south": {"uv": [14.375, 2.875, 14.625, 3.25], "texture": "#0"},
				"west": {"uv": [10.25, 7.75, 10.375, 8.125], "texture": "#0"},
				"up": {"uv": [8.25, 2, 8, 1.875], "texture": "#0"},
				"down": {"uv": [2.375, 10.25, 2.125, 10.375], "texture": "#0"}
			}
		},
		{
			"from": [7, 3.87132, 14.47132],
			"to": [9, 5.12132, 18.47132],
			"shade": false,
			"rotation": {"angle": 0, "axis": "y", "origin": [8, 4.37132, 16.47132]},
			"faces": {
				"north": {"uv": [14.625, 9, 14.875, 9.1875], "texture": "#0"},
				"east": {"uv": [14.375, 5.375, 14.875, 5.5625], "texture": "#0"},
				"south": {"uv": [9.25, 14.625, 9.5, 14.8125], "texture": "#0"},
				"west": {"uv": [14.375, 5.625, 14.875, 5.8125], "texture": "#0"},
				"up": {"uv": [2.5, 11.875, 2.25, 11.375], "texture": "#0"},
				"down": {"uv": [11.125, 13, 10.875, 13.5], "texture": "#0"}
			}
		},
		{
			"from": [6.492, 3.36332, 18.46332],
			"to": [9.508, 5.12932, 22.97932],
			"shade": false,
			"rotation": {"angle": 0, "axis": "y", "origin": [8, 4.37132, 16.47132]},
			"faces": {
				"north": {"uv": [6.625, 14.375, 7, 14.625], "texture": "#0"},
				"east": {"uv": [14.125, 8.75, 14.6875, 9], "texture": "#0"},
				"south": {"uv": [14.375, 7.625, 14.75, 7.875], "texture": "#0"},
				"west": {"uv": [14.125, 11.875, 14.6875, 12.125], "texture": "#0"},
				"up": {"uv": [8.875, 14.1875, 8.5, 13.625], "texture": "#0"},
				"down": {"uv": [14, 11.25, 13.625, 11.8125], "texture": "#0"}
			}
		},
		{
			"from": [6.492, 1.61332, 21.21332],
			"to": [9.508, 3.37932, 22.97932],
			"shade": false,
			"rotation": {"angle": 0, "axis": "y", "origin": [8, 1.12132, 22.09632]},
			"faces": {
				"north": {"uv": [8.75, 14.375, 9.125, 14.625], "texture": "#0"},
				"east": {"uv": [11.25, 13.5, 11.5, 13.75], "texture": "#0"},
				"south": {"uv": [9.125, 14.375, 9.5, 14.625], "texture": "#0"},
				"west": {"uv": [13.75, 3.25, 14, 3.5], "texture": "#0"},
				"up": {"uv": [10.625, 14.625, 10.25, 14.375], "texture": "#0"},
				"down": {"uv": [11.625, 14.375, 11.25, 14.625], "texture": "#0"}
			}
		},
		{
			"from": [6.5, 1.87392, 20.08116],
			"to": [9.5, 4.37392, 21.83116],
			"shade": false,
			"rotation": {"angle": -45, "axis": "x", "origin": [8, 3.12392, 20.95616]},
			"faces": {
				"north": {"uv": [5.875, 14.25, 6.25, 14.5625], "texture": "#0"},
				"east": {"uv": [14.375, 14.375, 14.625, 14.6875], "texture": "#0"},
				"south": {"uv": [6.25, 14.25, 6.625, 14.5625], "texture": "#0"},
				"west": {"uv": [0, 14.5, 0.25, 14.8125], "texture": "#0"},
				"up": {"uv": [14.75, 11.625, 14.375, 11.375], "texture": "#0"},
				"down": {"uv": [12, 14.375, 11.625, 14.625], "texture": "#0"}
			}
		}
	],
	"gui_light": "front",
	"display": {
		"thirdperson_righthand": {
			"translation": [-0.25, 4.25, -2.5]
		},
		"firstperson_righthand": {
			"rotation": [0.77, -6.75, 0.2],
			"translation": [5, 5, -6]
		},
		"firstperson_lefthand": {
			"rotation": [0.77, -6.75, 0.2],
			"translation": [5, 5, -6]
		},
		"ground": {
			"rotation": [45, 0, 0],
			"translation": [0, 2.75, 0],
			"scale": [0.32, 0.32, 0.32]
		},
		"gui": {
			"rotation": [90, 45, -90],
			"translation": [-1, 1, 0],
			"scale": [0.52, 0.52, 0.52]
		},
		"head": {
			"scale": [0, 0, 0]
		},
		"fixed": {
			"rotation": [0, -90, 0],
			"translation": [4.5, 0, -5]
		}
	},
	"groups": [
		{
			"name": "creeper_launcher",
			"origin": [8, 3.12392, 20.95616],
			"color": 0,
			"nbt": "{}",
			"shade": false,
			"children": [0, 1, 2, 3, 4, 5, 6, 7, 8, 9, 10, 11, 12, 13, 14, 15, 16]
		}
	]
}