{
	"credit": "Made with Blockbench",
	"texture_size": [64, 64],
	"textures": {
		"1": "item/harvest/harvest_ef_long",
		"2": "item/harvest/harvest_shield",
		"particle": "item/harvest/harvest_shield"
	},
	"elements": [
		{
			"from": [6, -8, 7],
			"to": [10, -4, 9],
			"shade": false,
			"rotation": {"angle": 45, "axis": "z", "origin": [8, -6, 8]},
			"faces": {
				"north": {"uv": [7, 8.75, 8, 9.75], "texture": "#2"},
				"east": {"uv": [5.25, 11, 5.75, 12], "texture": "#2"},
				"south": {"uv": [9, 0, 10, 1], "texture": "#2"},
				"west": {"uv": [5.75, 11, 6.25, 12], "texture": "#2"},
				"up": {"uv": [12, 6.75, 11, 6.25], "texture": "#2"},
				"down": {"uv": [12, 6.75, 11, 7.25], "texture": "#2"}
			}
		},
		{
			"from": [0, -4.75, 7.5],
			"to": [16, 22.25, 8.5],
			"shade": false,
			"rotation": {"angle": 0, "axis": "z", "origin": [8, -0.75, 8]},
			"faces": {
				"north": {"uv": [0, 0, 4, 6.75], "texture": "#2"},
				"east": {"uv": [8, 5.5, 8.25, 12.25], "texture": "#2"},
				"south": {"uv": [4, 0, 8, 6.75], "texture": "#2"},
				"west": {"uv": [8.25, 5.5, 8.5, 12.25], "texture": "#2"},
				"up": {"uv": [13, 1.25, 9, 1], "texture": "#2"},
				"down": {"uv": [13, 1.25, 9, 1.5], "texture": "#2"}
			}
		},
		{
			"from": [6.25, 5.25, 8.5],
			"to": [9.75, 12.25, 14.5],
			"shade": false,
			"rotation": {"angle": 0, "axis": "y", "origin": [8, -0.75, 8]},
			"faces": {
				"north": {"uv": [8, 2, 9, 3.75], "texture": "#2"},
				"east": {"uv": [0, 6.75, 1.5, 8.5], "texture": "#2"},
				"south": {"uv": [8, 3.75, 9, 5.5], "texture": "#2"},
				"west": {"uv": [1.5, 6.75, 3, 8.5], "texture": "#2"},
				"up": {"uv": [1, 10, 0, 8.5], "texture": "#2"},
				"down": {"uv": [2, 8.5, 1, 10], "texture": "#2"}
			}
		},
		{
			"from": [7, -7, 6.25],
			"to": [9, -5, 9.75],
			"shade": false,
			"rotation": {"angle": 45, "axis": "z", "origin": [8, -6, 8]},
			"faces": {
				"north": {"uv": [12.75, 8.5, 13.25, 9], "texture": "#2"},
				"east": {"uv": [11.75, 7.75, 12.75, 8.25], "texture": "#2"},
				"south": {"uv": [12.75, 11.25, 13.25, 11.75], "texture": "#2"},
				"west": {"uv": [11.75, 8.25, 12.75, 8.75], "texture": "#2"},
				"up": {"uv": [7.75, 12.5, 7.25, 11.5], "texture": "#2"},
				"down": {"uv": [12.5, 1.5, 12, 2.5], "texture": "#2"}
			}
		},
		{
			"from": [6, 11, 5.25],
			"to": [10, 15, 6],
			"shade": false,
			"rotation": {"angle": 45, "axis": "z", "origin": [8, 13, 7]},
			"faces": {
				"north": {"uv": [9, 5.5, 10, 6.5], "texture": "#2"},
				"east": {"uv": [8.25, 12.75, 8.5, 13.75], "texture": "#2"},
				"south": {"uv": [9, 6.5, 10, 7.5], "texture": "#2"},
				"west": {"uv": [2.75, 13, 3, 14], "texture": "#2"},
				"up": {"uv": [13.75, 9.25, 12.75, 9], "texture": "#2"},
				"down": {"uv": [13.75, 11.75, 12.75, 12], "texture": "#2"}
			}
		},
		{
			"from": [0.74936, -4.17957, 6.992],
			"to": [6.76536, -2.16357, 9.008],
			"shade": false,
			"rotation": {"angle": -45, "axis": "z", "origin": [3.75736, -3.17157, 8]},
			"faces": {
				"north": {"uv": [10, 9.5, 11.5, 10], "texture": "#2"},
				"east": {"uv": [9.5, 5, 10, 5.5], "texture": "#2"},
				"south": {"uv": [10, 10, 11.5, 10.5], "texture": "#2"},
				"west": {"uv": [8, 12.25, 8.5, 12.75], "texture": "#2"},
				"up": {"uv": [12, 2, 10.5, 1.5], "texture": "#2"},
				"down": {"uv": [12, 2, 10.5, 2.5], "texture": "#2"}
			}
		},
		{
			"from": [-0.30124, -1.60904, 6.994],
			"to": [1.71076, 5.40296, 9.006],
			"shade": false,
			"rotation": {"angle": 22.5, "axis": "z", "origin": [0.70476, 1.39696, 8]},
			"faces": {
				"north": {"uv": [9, 7.5, 9.5, 9.25], "texture": "#2"},
				"east": {"uv": [3, 9.25, 3.5, 11], "texture": "#2"},
				"south": {"uv": [3.5, 9.25, 4, 11], "texture": "#2"},
				"west": {"uv": [4, 9.25, 4.5, 11], "texture": "#2"},
				"up": {"uv": [13, 2, 12.5, 1.5], "texture": "#2"},
				"down": {"uv": [2.25, 12.5, 1.75, 13], "texture": "#2"}
			}
		},
		{
			"from": [-1.74985, 4.7098, 7],
			"to": [0.25015, 11.7098, 9],
			"shade": false,
			"rotation": {"angle": 0, "axis": "z", "origin": [-0.74985, 8.2098, 8]},
			"faces": {
				"north": {"uv": [4.5, 9.25, 5, 11], "texture": "#2"},
				"east": {"uv": [5, 9.25, 5.5, 11], "texture": "#2"},
				"south": {"uv": [5.5, 9.25, 6, 11], "texture": "#2"},
				"west": {"uv": [6, 9.25, 6.5, 11], "texture": "#2"},
				"up": {"uv": [13, 2.5, 12.5, 2], "texture": "#2"},
				"down": {"uv": [2.75, 12.5, 2.25, 13], "texture": "#2"}
			}
		},
		{
			"from": [-1.63959, 10.28828, 6.994],
			"to": [2.37241, 12.30028, 9.006],
			"shade": false,
			"rotation": {"angle": -22.5, "axis": "z", "origin": [1.86641, 11.29428, 8]},
			"faces": {
				"north": {"uv": [9, 11, 10, 11.5], "texture": "#2"},
				"east": {"uv": [5.75, 12.5, 6.25, 13], "texture": "#2"},
				"south": {"uv": [11, 10.5, 12, 11], "texture": "#2"},
				"west": {"uv": [7.25, 12.5, 7.75, 13], "texture": "#2"},
				"up": {"uv": [12, 11.5, 11, 11], "texture": "#2"},
				"down": {"uv": [4.5, 11.5, 3.5, 12], "texture": "#2"}
			}
		},
		{
			"from": [1.94567, 10.17906, 7],
			"to": [3.94567, 12.17906, 9],
			"shade": false,
			"rotation": {"angle": 0, "axis": "z", "origin": [3.94567, 11.17906, 8]},
			"faces": {
				"north": {"uv": [12.5, 9.25, 13, 9.75], "texture": "#2"},
				"east": {"uv": [9.5, 12.5, 10, 13], "texture": "#2"},
				"south": {"uv": [12.5, 9.75, 13, 10.25], "texture": "#2"},
				"west": {"uv": [10, 12.5, 10.5, 13], "texture": "#2"},
				"up": {"uv": [13, 10.75, 12.5, 10.25], "texture": "#2"},
				"down": {"uv": [13, 10.75, 12.5, 11.25], "texture": "#2"}
			}
		},
		{
			"from": [12.05433, 10.17906, 7],
			"to": [14.05433, 12.17906, 9],
			"shade": false,
			"rotation": {"angle": 0, "axis": "y", "origin": [12.05433, 11.17906, 8]},
			"faces": {
				"north": {"uv": [12.5, 12.5, 13, 13], "texture": "#2"},
				"east": {"uv": [0, 12.75, 0.5, 13.25], "texture": "#2"},
				"south": {"uv": [12.75, 0, 13.25, 0.5], "texture": "#2"},
				"west": {"uv": [0.5, 12.75, 1, 13.25], "texture": "#2"},
				"up": {"uv": [13.25, 1, 12.75, 0.5], "texture": "#2"},
				"down": {"uv": [1.5, 12.75, 1, 13.25], "texture": "#2"}
			}
		},
		{
			"from": [4.23577, 15.71634, 6.994],
			"to": [6.24777, 22.72834, 9.006],
			"shade": false,
			"rotation": {"angle": 0, "axis": "z", "origin": [5.24177, 18.22234, 8]},
			"faces": {
				"north": {"uv": [0, 10, 0.5, 11.75], "texture": "#2"},
				"east": {"uv": [0.5, 10, 1, 11.75], "texture": "#2"},
				"south": {"uv": [1, 10, 1.5, 11.75], "texture": "#2"},
				"west": {"uv": [1.5, 10, 2, 11.75], "texture": "#2"},
				"up": {"uv": [11.5, 13, 11, 12.5], "texture": "#2"},
				"down": {"uv": [12, 12.5, 11.5, 13], "texture": "#2"}
			}
		},
		{
			"from": [5.992, 8.71434, 5.992],
			"to": [10.008, 16.73034, 8.008],
			"shade": false,
			"rotation": {"angle": 0, "axis": "y", "origin": [8, 12.22234, 6]},
			"faces": {
				"north": {"uv": [7, 6.75, 8, 8.75], "texture": "#2"},
				"east": {"uv": [9, 1.5, 9.5, 3.5], "texture": "#2"},
				"south": {"uv": [8, 0, 9, 2], "texture": "#2"},
				"west": {"uv": [9, 3.5, 9.5, 5.5], "texture": "#2"},
				"up": {"uv": [12.75, 9.25, 11.75, 8.75], "texture": "#2"},
				"down": {"uv": [13, 2.5, 12, 3], "texture": "#2"}
			}
		},
		{
			"from": [8.446, 6.71834, 5.996],
			"to": [12.004, 16.42634, 8.004],
			"shade": false,
			"rotation": {"angle": -22.5, "axis": "z", "origin": [10, 12.72234, 6.5]},
			"faces": {
				"north": {"uv": [3, 6.75, 4, 9.25], "texture": "#2"},
				"east": {"uv": [2, 8.5, 2.5, 11], "texture": "#2"},
				"south": {"uv": [4, 6.75, 5, 9.25], "texture": "#2"},
				"west": {"uv": [2.5, 8.5, 3, 11], "texture": "#2"},
				"up": {"uv": [13, 3.5, 12, 3], "texture": "#2"},
				"down": {"uv": [4.5, 12, 3.5, 12.5], "texture": "#2"}
			}
		},
		{
			"from": [4, 6.72234, 6],
			"to": [7.55, 16.42234, 8],
			"shade": false,
			"rotation": {"angle": 22.5, "axis": "z", "origin": [6, 12.72234, 6.5]},
			"faces": {
				"north": {"uv": [5, 6.75, 6, 9.25], "texture": "#2"},
				"east": {"uv": [8.5, 5.5, 9, 8], "texture": "#2"},
				"south": {"uv": [6, 6.75, 7, 9.25], "texture": "#2"},
				"west": {"uv": [8.5, 8, 9, 10.5], "texture": "#2"},
				"up": {"uv": [13, 4, 12, 3.5], "texture": "#2"},
				"down": {"uv": [13, 4, 12, 4.5], "texture": "#2"}
			}
		},
		{
			"from": [7.46809, 2.52173, 5.994],
			"to": [9.68009, 4.73373, 8.006],
			"shade": false,
			"rotation": {"angle": 45, "axis": "z", "origin": [4.92409, 4.32773, 6.5]},
			"faces": {
				"north": {"uv": [13, 1, 13.5, 1.5], "texture": "#2"},
				"east": {"uv": [13, 1.5, 13.5, 2], "texture": "#2"},
				"south": {"uv": [1.75, 13, 2.25, 13.5], "texture": "#2"},
				"west": {"uv": [13, 2, 13.5, 2.5], "texture": "#2"},
				"up": {"uv": [2.75, 13.5, 2.25, 13], "texture": "#2"},
				"down": {"uv": [13.5, 2.5, 13, 3], "texture": "#2"}
			}
		},
		{
			"from": [11.58753, 10.47763, 6.992],
			"to": [13.60353, 16.49363, 9.008],
			"shade": false,
			"rotation": {"angle": 22.5, "axis": "z", "origin": [12.59553, 11.48563, 8]},
			"faces": {
				"north": {"uv": [10.5, 4.5, 11, 6], "texture": "#2"},
				"east": {"uv": [10.5, 6, 11, 7.5], "texture": "#2"},
				"south": {"uv": [8.5, 10.5, 9, 12], "texture": "#2"},
				"west": {"uv": [10, 10.5, 10.5, 12], "texture": "#2"},
				"up": {"uv": [12.5, 13, 12, 12.5], "texture": "#2"},
				"down": {"uv": [13, 12, 12.5, 12.5], "texture": "#2"}
			}
		},
		{
			"from": [2.39647, 10.47763, 6.992],
			"to": [4.41247, 16.49363, 9.008],
			"shade": false,
			"rotation": {"angle": -22.5, "axis": "z", "origin": [3.40447, 11.48563, 8]},
			"faces": {
				"north": {"uv": [10.5, 10.5, 11, 12], "texture": "#2"},
				"east": {"uv": [2, 11, 2.5, 12.5], "texture": "#2"},
				"south": {"uv": [2.5, 11, 3, 12.5], "texture": "#2"},
				"west": {"uv": [3, 11, 3.5, 12.5], "texture": "#2"},
				"up": {"uv": [13.5, 6, 13, 5.5], "texture": "#2"},
				"down": {"uv": [6.25, 13, 5.75, 13.5], "texture": "#2"}
			}
		},
		{
			"from": [9.75223, 15.71634, 6.994],
			"to": [11.76423, 22.72834, 9.006],
			"shade": false,
			"rotation": {"angle": 0, "axis": "y", "origin": [10.75823, 18.22234, 8]},
			"faces": {
				"north": {"uv": [10, 1.5, 10.5, 3.25], "texture": "#2"},
				"east": {"uv": [10, 3.25, 10.5, 5], "texture": "#2"},
				"south": {"uv": [10, 5, 10.5, 6.75], "texture": "#2"},
				"west": {"uv": [10, 6.75, 10.5, 8.5], "texture": "#2"},
				"up": {"uv": [13.25, 7.5, 12.75, 7], "texture": "#2"},
				"down": {"uv": [13.25, 7.5, 12.75, 8], "texture": "#2"}
			}
		},
		{
			"from": [7.56955, 22.13385, 6.996],
			"to": [11.65255, 24.14185, 9.004],
			"shade": false,
			"rotation": {"angle": -22.5, "axis": "z", "origin": [8.14855, 23.13785, 8]},
			"faces": {
				"north": {"uv": [11.5, 9.5, 12.5, 10], "texture": "#2"},
				"east": {"uv": [4.25, 12.75, 4.75, 13.25], "texture": "#2"},
				"south": {"uv": [11.5, 10, 12.5, 10.5], "texture": "#2"},
				"west": {"uv": [4.75, 12.75, 5.25, 13.25], "texture": "#2"},
				"up": {"uv": [12, 12, 11, 11.5], "texture": "#2"},
				"down": {"uv": [1, 11.75, 0, 12.25], "texture": "#2"}
			}
		},
		{
			"from": [4.35145, 22.13785, 7],
			"to": [8.42645, 24.13785, 9],
			"shade": false,
			"rotation": {"angle": 22.5, "axis": "z", "origin": [7.85145, 23.13785, 8]},
			"faces": {
				"north": {"uv": [11.75, 0, 12.75, 0.5], "texture": "#2"},
				"east": {"uv": [7.75, 12.75, 8.25, 13.25], "texture": "#2"},
				"south": {"uv": [11.75, 0.5, 12.75, 1], "texture": "#2"},
				"west": {"uv": [12.75, 8, 13.25, 8.5], "texture": "#2"},
				"up": {"uv": [2, 12.25, 1, 11.75], "texture": "#2"},
				"down": {"uv": [12.75, 7.25, 11.75, 7.75], "texture": "#2"}
			}
		},
		{
			"from": [13.62759, 10.28828, 6.994],
			"to": [17.63959, 12.30028, 9.006],
			"shade": false,
			"rotation": {"angle": 22.5, "axis": "z", "origin": [14.13359, 11.29428, 8]},
			"faces": {
				"north": {"uv": [11.5, 5, 12.5, 5.5], "texture": "#2"},
				"east": {"uv": [8.5, 12.5, 9, 13], "texture": "#2"},
				"south": {"uv": [11.5, 5.5, 12.5, 6], "texture": "#2"},
				"west": {"uv": [9, 12.5, 9.5, 13], "texture": "#2"},
				"up": {"uv": [7.25, 12, 6.25, 11.5], "texture": "#2"},
				"down": {"uv": [10, 11.5, 9, 12], "texture": "#2"}
			}
		},
		{
			"from": [15.74985, 4.7098, 7],
			"to": [17.74985, 11.7098, 9],
			"shade": false,
			"rotation": {"angle": 0, "axis": "y", "origin": [16.74985, 8.2098, 8]},
			"faces": {
				"north": {"uv": [9.5, 7.5, 10, 9.25], "texture": "#2"},
				"east": {"uv": [9.5, 9.25, 10, 11], "texture": "#2"},
				"south": {"uv": [7, 9.75, 7.5, 11.5], "texture": "#2"},
				"west": {"uv": [7.5, 9.75, 8, 11.5], "texture": "#2"},
				"up": {"uv": [5.75, 13, 5.25, 12.5], "texture": "#2"},
				"down": {"uv": [13, 5.5, 12.5, 6], "texture": "#2"}
			}
		},
		{
			"from": [14.28924, -1.60904, 6.994],
			"to": [16.30124, 5.40296, 9.006],
			"shade": false,
			"rotation": {"angle": -22.5, "axis": "z", "origin": [15.29524, 1.39696, 8]},
			"faces": {
				"north": {"uv": [6.5, 9.25, 7, 11], "texture": "#2"},
				"east": {"uv": [9, 9.25, 9.5, 11], "texture": "#2"},
				"south": {"uv": [9.5, 1.5, 10, 3.25], "texture": "#2"},
				"west": {"uv": [9.5, 3.25, 10, 5], "texture": "#2"},
				"up": {"uv": [4.25, 13, 3.75, 12.5], "texture": "#2"},
				"down": {"uv": [13, 5, 12.5, 5.5], "texture": "#2"}
			}
		},
		{
			"from": [9.23464, -4.17957, 6.992],
			"to": [15.25064, -2.16357, 9.008],
			"shade": false,
			"rotation": {"angle": 45, "axis": "z", "origin": [12.24264, -3.17157, 8]},
			"faces": {
				"north": {"uv": [10.5, 2.5, 12, 3], "texture": "#2"},
				"east": {"uv": [2.75, 12.5, 3.25, 13], "texture": "#2"},
				"south": {"uv": [10.5, 3, 12, 3.5], "texture": "#2"},
				"west": {"uv": [3.25, 12.5, 3.75, 13], "texture": "#2"},
				"up": {"uv": [12, 4, 10.5, 3.5], "texture": "#2"},
				"down": {"uv": [12, 4, 10.5, 4.5], "texture": "#2"}
			}
		},
		{
			"from": [-2.10913, 16.22234, 8.26327],
			"to": [4.89087, 18.22234, 10.26327],
			"shade": false,
			"rotation": {"angle": 22.5, "axis": "y", "origin": [1.39087, 17.22234, 9.26327]},
			"faces": {
				"north": {"uv": [10, 0, 11.75, 0.5], "texture": "#2"},
				"east": {"uv": [3, 13, 3.5, 13.5], "texture": "#2"},
				"south": {"uv": [10, 0.5, 11.75, 1], "texture": "#2"},
				"west": {"uv": [13, 3, 13.5, 3.5], "texture": "#2"},
				"up": {"uv": [11.75, 9, 10, 8.5], "texture": "#2"},
				"down": {"uv": [11.75, 9, 10, 9.5], "texture": "#2"}
			}
		},
		{
			"from": [-0.10913, 14.22234, 8.26327],
			"to": [4.89087, 16.22234, 10.26327],
			"shade": false,
			"rotation": {"angle": 22.5, "axis": "y", "origin": [1.39087, 15.22234, 9.26327]},
			"faces": {
				"north": {"uv": [10.5, 7.5, 11.75, 8], "texture": "#2"},
				"east": {"uv": [3.5, 13, 4, 13.5], "texture": "#2"},
				"south": {"uv": [10.5, 8, 11.75, 8.5], "texture": "#2"},
				"west": {"uv": [13, 3.5, 13.5, 4], "texture": "#2"},
				"up": {"uv": [4.75, 11.5, 3.5, 11], "texture": "#2"},
				"down": {"uv": [12.25, 4.5, 11, 5], "texture": "#2"}
			}
		},
		{
			"from": [1.89087, 12.22234, 8.26327],
			"to": [4.64087, 14.22234, 10.26327],
			"shade": false,
			"rotation": {"angle": 22.5, "axis": "y", "origin": [1.39087, 13.22234, 9.26327]},
			"faces": {
				"north": {"uv": [6.25, 11, 7, 11.5], "texture": "#2"},
				"east": {"uv": [13, 4, 13.5, 4.5], "texture": "#2"},
				"south": {"uv": [11, 12, 11.75, 12.5], "texture": "#2"},
				"west": {"uv": [13, 4.5, 13.5, 5], "texture": "#2"},
				"up": {"uv": [12.75, 12, 12, 11.5], "texture": "#2"},
				"down": {"uv": [12.5, 12, 11.75, 12.5], "texture": "#2"}
			}
		},
		{
			"from": [1.89087, 18.22234, 8.26327],
			"to": [4.89087, 20.22234, 10.26327],
			"shade": false,
			"rotation": {"angle": 22.5, "axis": "y", "origin": [1.39087, 19.22234, 9.26327]},
			"faces": {
				"north": {"uv": [0, 12.25, 0.75, 12.75], "texture": "#2"},
				"east": {"uv": [13, 5, 13.5, 5.5], "texture": "#2"},
				"south": {"uv": [0.75, 12.25, 1.5, 12.75], "texture": "#2"},
				"west": {"uv": [5.25, 13, 5.75, 13.5], "texture": "#2"},
				"up": {"uv": [5.25, 12.75, 4.5, 12.25], "texture": "#2"},
				"down": {"uv": [13, 4.5, 12.25, 5], "texture": "#2"}
			}
		},
		{
			"from": [11.35913, 12.22234, 8.26327],
			"to": [14.10913, 14.22234, 10.26327],
			"shade": false,
			"rotation": {"angle": -22.5, "axis": "y", "origin": [14.60913, 13.22234, 9.26327]},
			"faces": {
				"north": {"uv": [7, 11, 6.25, 11.5], "texture": "#2"},
				"east": {"uv": [13.5, 4.5, 13, 5], "texture": "#2"},
				"south": {"uv": [11.75, 12, 11, 12.5], "texture": "#2"},
				"west": {"uv": [13.5, 4, 13, 4.5], "texture": "#2"},
				"up": {"uv": [12, 12, 12.75, 11.5], "texture": "#2"},
				"down": {"uv": [11.75, 12, 12.5, 12.5], "texture": "#2"}
			}
		},
		{
			"from": [11.10913, 14.22234, 8.26327],
			"to": [16.10913, 16.22234, 10.26327],
			"shade": false,
			"rotation": {"angle": -22.5, "axis": "y", "origin": [14.60913, 15.22234, 9.26327]},
			"faces": {
				"north": {"uv": [11.75, 7.5, 10.5, 8], "texture": "#2"},
				"east": {"uv": [13.5, 3.5, 13, 4], "texture": "#2"},
				"south": {"uv": [11.75, 8, 10.5, 8.5], "texture": "#2"},
				"west": {"uv": [4, 13, 3.5, 13.5], "texture": "#2"},
				"up": {"uv": [3.5, 11.5, 4.75, 11], "texture": "#2"},
				"down": {"uv": [11, 4.5, 12.25, 5], "texture": "#2"}
			}
		},
		{
			"from": [11.10913, 16.22234, 8.26327],
			"to": [18.10913, 18.22234, 10.26327],
			"shade": false,
			"rotation": {"angle": -22.5, "axis": "y", "origin": [14.60913, 17.22234, 9.26327]},
			"faces": {
				"north": {"uv": [11.75, 0, 10, 0.5], "texture": "#2"},
				"east": {"uv": [13.5, 3, 13, 3.5], "texture": "#2"},
				"south": {"uv": [11.75, 0.5, 10, 1], "texture": "#2"},
				"west": {"uv": [3.5, 13, 3, 13.5], "texture": "#2"},
				"up": {"uv": [10, 9, 11.75, 8.5], "texture": "#2"},
				"down": {"uv": [10, 9, 11.75, 9.5], "texture": "#2"}
			}
		},
		{
			"from": [11.10913, 18.22234, 8.26327],
			"to": [14.10913, 20.22234, 10.26327],
			"shade": false,
			"rotation": {"angle": -22.5, "axis": "y", "origin": [14.60913, 19.22234, 9.26327]},
			"faces": {
				"north": {"uv": [0.75, 12.25, 0, 12.75], "texture": "#2"},
				"east": {"uv": [5.75, 13, 5.25, 13.5], "texture": "#2"},
				"south": {"uv": [1.5, 12.25, 0.75, 12.75], "texture": "#2"},
				"west": {"uv": [13.5, 5, 13, 5.5], "texture": "#2"},
				"up": {"uv": [4.5, 12.75, 5.25, 12.25], "texture": "#2"},
				"down": {"uv": [12.25, 4.5, 13, 5], "texture": "#2"}
			}
		},
		{
			"from": [-0.27344, 18.02683, 6.41626],
			"to": [2.97656, 19.12683, 7.51626],
			"shade": false,
			"rotation": {"angle": -22.5, "axis": "z", "origin": [-2.69263, 17.00043, 6.96626]},
			"faces": {
				"north": {"uv": [11, 7.25, 11.75, 7.5], "texture": "#2"},
				"east": {"uv": [1.75, 12.25, 2, 12.5], "texture": "#2"},
				"south": {"uv": [11.75, 9.25, 12.5, 9.5], "texture": "#2"},
				"west": {"uv": [4.25, 12.5, 4.5, 12.75], "texture": "#2"},
				"up": {"uv": [12.75, 7.25, 12, 7], "texture": "#2"},
				"down": {"uv": [13.75, 6.5, 13, 6.75], "texture": "#2"}
			}
		},
		{
			"from": [-1.79487, 16.34224, 6.41626],
			"to": [0.95513, 17.44224, 7.51626],
			"shade": false,
			"rotation": {"angle": 22.5, "axis": "z", "origin": [-0.84487, 16.23506, 6.96626]},
			"faces": {
				"north": {"uv": [6.75, 13, 7.5, 13.25], "texture": "#2"},
				"east": {"uv": [12.5, 11.25, 12.75, 11.5], "texture": "#2"},
				"south": {"uv": [13, 6.75, 13.75, 7], "texture": "#2"},
				"west": {"uv": [13, 11, 13.25, 11.25], "texture": "#2"},
				"up": {"uv": [9.25, 13.25, 8.5, 13], "texture": "#2"},
				"down": {"uv": [10, 13, 9.25, 13.25], "texture": "#2"}
			}
		},
		{
			"from": [2.02396, 15.58332, 6.01626],
			"to": [3.52396, 20.33332, 7.51626],
			"shade": false,
			"rotation": {"angle": 22.5, "axis": "z", "origin": [2.77396, 17.70832, 6.76626]},
			"faces": {
				"north": {"uv": [4.75, 11, 5.25, 12.25], "texture": "#2"},
				"east": {"uv": [7.75, 11.5, 8, 12.75], "texture": "#2"},
				"south": {"uv": [11, 5, 11.5, 6.25], "texture": "#2"},
				"west": {"uv": [1.5, 12.25, 1.75, 13.5], "texture": "#2"},
				"up": {"uv": [12, 6.25, 11.5, 6], "texture": "#2"},
				"down": {"uv": [13.5, 10.75, 13, 11], "texture": "#2"}
			}
		},
		{
			"from": [0.85722, 22.04393, 8.32931],
			"to": [1.95722, 23.14393, 10.82931],
			"shade": false,
			"rotation": {"angle": -45, "axis": "x", "origin": [1.40722, 23.01531, 10.87036]},
			"faces": {
				"north": {"uv": [13, 13, 13.25, 13.25], "texture": "#2"},
				"east": {"uv": [13, 9.25, 13.75, 9.5], "texture": "#2"},
				"south": {"uv": [0, 13.25, 0.25, 13.5], "texture": "#2"},
				"west": {"uv": [13, 9.5, 13.75, 9.75], "texture": "#2"},
				"up": {"uv": [4.75, 12.25, 4.5, 11.5], "texture": "#2"},
				"down": {"uv": [4.25, 13, 4, 13.75], "texture": "#2"}
			}
		},
		{
			"from": [1.10722, 23.06169, 11.53641],
			"to": [1.70722, 23.81169, 12.78641],
			"shade": false,
			"rotation": {"angle": -45, "axis": "x", "origin": [1.40722, 23.01531, 10.87036]},
			"faces": {
				"north": {"uv": [13.25, 0, 13.5, 0.25], "texture": "#2"},
				"east": {"uv": [0.25, 13.25, 0.5, 13.5], "texture": "#2"},
				"south": {"uv": [13.25, 0.25, 13.5, 0.5], "texture": "#2"},
				"west": {"uv": [0.5, 13.25, 0.75, 13.5], "texture": "#2"},
				"up": {"uv": [13.5, 0.75, 13.25, 0.5], "texture": "#2"},
				"down": {"uv": [1, 13.25, 0.75, 13.5], "texture": "#2"}
			}
		},
		{
			"from": [1.10722, 22.29941, 10.7782],
			"to": [1.70722, 24.04941, 11.5282],
			"shade": false,
			"rotation": {"angle": 0, "axis": "y", "origin": [1.40722, 23.01531, 10.87036]},
			"faces": {
				"north": {"uv": [11.5, 13, 11.75, 13.5], "texture": "#2"},
				"east": {"uv": [11.75, 13, 12, 13.5], "texture": "#2"},
				"south": {"uv": [12, 13, 12.25, 13.5], "texture": "#2"},
				"west": {"uv": [13, 12, 13.25, 12.5], "texture": "#2"},
				"up": {"uv": [13.5, 1, 13.25, 0.75], "texture": "#2"},
				"down": {"uv": [1.25, 13.25, 1, 13.5], "texture": "#2"}
			}
		},
		{
			"from": [1.25313, 19.62426, 7.38765],
			"to": [2.35313, 22.12426, 8.48765],
			"shade": false,
			"rotation": {"angle": 22.5, "axis": "x", "origin": [1.80313, 22.16531, 7.51626]},
			"faces": {
				"north": {"uv": [7.5, 13, 7.75, 13.75], "texture": "#2"},
				"east": {"uv": [13, 9.75, 13.25, 10.5], "texture": "#2"},
				"south": {"uv": [10, 13, 10.25, 13.75], "texture": "#2"},
				"west": {"uv": [10.25, 13, 10.5, 13.75], "texture": "#2"},
				"up": {"uv": [1.5, 13.5, 1.25, 13.25], "texture": "#2"},
				"down": {"uv": [4.5, 13.25, 4.25, 13.5], "texture": "#2"}
			}
		},
		{
			"from": [1.50313, 21.06905, 6.4722],
			"to": [2.10313, 22.81905, 7.2222],
			"shade": false,
			"rotation": {"angle": -45, "axis": "x", "origin": [1.80313, 22.46994, 6.68115]},
			"faces": {
				"north": {"uv": [12.25, 13, 12.5, 13.5], "texture": "#2"},
				"east": {"uv": [12.5, 13, 12.75, 13.5], "texture": "#2"},
				"south": {"uv": [13, 12.5, 13.25, 13], "texture": "#2"},
				"west": {"uv": [12.75, 13, 13, 13.5], "texture": "#2"},
				"up": {"uv": [4.75, 13.5, 4.5, 13.25], "texture": "#2"},
				"down": {"uv": [5, 13.25, 4.75, 13.5], "texture": "#2"}
			}
		},
		{
			"from": [1.50313, 22.34938, 5.56687],
			"to": [2.10313, 23.09938, 6.81687],
			"shade": false,
			"rotation": {"angle": 0, "axis": "y", "origin": [1.80313, 22.46994, 6.68115]},
			"faces": {
				"north": {"uv": [5, 13.25, 5.25, 13.5], "texture": "#2"},
				"east": {"uv": [6.75, 13.25, 7, 13.5], "texture": "#2"},
				"south": {"uv": [7, 13.25, 7.25, 13.5], "texture": "#2"},
				"west": {"uv": [13.25, 7, 13.5, 7.25], "texture": "#2"},
				"up": {"uv": [7.5, 13.5, 7.25, 13.25], "texture": "#2"},
				"down": {"uv": [13.5, 7.25, 13.25, 7.5], "texture": "#2"}
			}
		},
		{
			"from": [1.64128, 20.2572, 6.01626],
			"to": [3.14128, 21.7572, 10.01626],
			"shade": false,
			"rotation": {"angle": 22.5, "axis": "z", "origin": [2.39128, 18.6322, 6.76626]},
			"faces": {
				"north": {"uv": [13, 6, 13.5, 6.5], "texture": "#2"},
				"east": {"uv": [8.5, 12, 9.5, 12.5], "texture": "#2"},
				"south": {"uv": [6.25, 13, 6.75, 13.5], "texture": "#2"},
				"west": {"uv": [9.5, 12, 10.5, 12.5], "texture": "#2"},
				"up": {"uv": [11, 13, 10.5, 12], "texture": "#2"},
				"down": {"uv": [12.5, 10.5, 12, 11.5], "texture": "#2"}
			}
		},
		{
			"from": [-4.36604, 15.77204, 6.51626],
			"to": [-1.61604, 17.07204, 6.51626],
			"shade": false,
			"rotation": {"angle": -22.5, "axis": "y", "origin": [-2.99104, 16.42204, 6.51626]},
			"faces": {
				"north": {"uv": [14.5, 1.75, 16, 2.5], "texture": "#2"},
				"south": {"uv": [16, 1.75, 14.5, 2.5], "texture": "#2"}
			}
		},
		{
			"from": [-3.29459, 16.44349, 7.01626],
			"to": [-1.79459, 19.19349, 7.01626],
			"shade": false,
			"rotation": {"angle": 22.5, "axis": "z", "origin": [-2.54459, 18.31849, 7.01626]},
			"faces": {
				"north": {"uv": [15, 0, 15.75, 1.5], "texture": "#2"},
				"south": {"uv": [15.75, 0, 15, 1.5], "texture": "#2"}
			}
		},
		{
			"from": [-1.11309, 24.00539, 5.03374],
			"to": [2.63691, 24.00539, 6.83374],
			"shade": false,
			"rotation": {"angle": -45, "axis": "z", "origin": [0.76191, 24.00539, 5.93374]},
			"faces": {
				"up": {"uv": [16, 2.5, 14.5, 1.75], "texture": "#2"},
				"down": {"uv": [16, 1.75, 14.5, 2.5], "texture": "#2"}
			}
		},
		{
			"from": [1.15722, 24.08039, 12.16158],
			"to": [1.15722, 27.83039, 13.96158],
			"shade": false,
			"rotation": {"angle": 45, "axis": "x", "origin": [1.15722, 25.95539, 13.06158]},
			"faces": {
				"east": {"uv": [15.75, 0, 15, 1.5], "texture": "#2"},
				"west": {"uv": [15, 0, 15.75, 1.5], "texture": "#2"}
			}
		},
		{
			"from": [1.76191, 23.20539, 2.55874],
			"to": [1.76191, 25.00539, 6.30874],
			"shade": false,
			"rotation": {"angle": 45, "axis": "x", "origin": [1.76191, 24.10539, 4.43374]},
			"faces": {
				"east": {"uv": [14.5, 1.75, 16, 2.5], "texture": "#2"},
				"west": {"uv": [16, 1.75, 14.5, 2.5], "texture": "#2"}
			}
		},
		{
			"from": [0.78222, 23.80539, 13.31158],
			"to": [4.53222, 25.60539, 13.31158],
			"shade": false,
			"rotation": {"angle": -45, "axis": "y", "origin": [2.65722, 24.70539, 13.31158]},
			"faces": {
				"north": {"uv": [16, 1.75, 14.5, 2.5], "texture": "#2"},
				"south": {"uv": [14.5, 1.75, 16, 2.5], "texture": "#2"}
			}
		},
		{
			"from": [11.46778, 23.80539, 13.31158],
			"to": [15.21778, 25.60539, 13.31158],
			"shade": false,
			"rotation": {"angle": 45, "axis": "y", "origin": [13.34278, 24.70539, 13.31158]},
			"faces": {
				"north": {"uv": [14.5, 1.75, 16, 2.5], "texture": "#2"},
				"south": {"uv": [16, 1.75, 14.5, 2.5], "texture": "#2"}
			}
		},
		{
			"from": [14.84278, 24.08039, 12.16158],
			"to": [14.84278, 27.83039, 13.96158],
			"shade": false,
			"rotation": {"angle": 45, "axis": "x", "origin": [14.84278, 25.95539, 13.06158]},
			"faces": {
				"east": {"uv": [15.75, 0, 15, 1.5], "texture": "#2"},
				"west": {"uv": [15, 0, 15.75, 1.5], "texture": "#2"}
			}
		},
		{
			"from": [14.29278, 23.06169, 11.53641],
			"to": [14.89278, 23.81169, 12.78641],
			"shade": false,
			"rotation": {"angle": -45, "axis": "x", "origin": [14.59278, 23.01531, 10.87036]},
			"faces": {
				"north": {"uv": [13.5, 0, 13.25, 0.25], "texture": "#2"},
				"east": {"uv": [0.75, 13.25, 0.5, 13.5], "texture": "#2"},
				"south": {"uv": [13.5, 0.25, 13.25, 0.5], "texture": "#2"},
				"west": {"uv": [0.5, 13.25, 0.25, 13.5], "texture": "#2"},
				"up": {"uv": [13.25, 0.75, 13.5, 0.5], "texture": "#2"},
				"down": {"uv": [0.75, 13.25, 1, 13.5], "texture": "#2"}
			}
		},
		{
			"from": [14.29278, 22.29941, 10.7782],
			"to": [14.89278, 24.04941, 11.5282],
			"shade": false,
			"rotation": {"angle": 0, "axis": "y", "origin": [14.59278, 23.01531, 10.87036]},
			"faces": {
				"north": {"uv": [11.75, 13, 11.5, 13.5], "texture": "#2"},
				"east": {"uv": [13.25, 12, 13, 12.5], "texture": "#2"},
				"south": {"uv": [12.25, 13, 12, 13.5], "texture": "#2"},
				"west": {"uv": [12, 13, 11.75, 13.5], "texture": "#2"},
				"up": {"uv": [13.25, 1, 13.5, 0.75], "texture": "#2"},
				"down": {"uv": [1, 13.25, 1.25, 13.5], "texture": "#2"}
			}
		},
		{
			"from": [14.04278, 22.04393, 8.32931],
			"to": [15.14278, 23.14393, 10.82931],
			"shade": false,
			"rotation": {"angle": -45, "axis": "x", "origin": [14.59278, 23.01531, 10.87036]},
			"faces": {
				"north": {"uv": [13.25, 13, 13, 13.25], "texture": "#2"},
				"east": {"uv": [13.75, 9.5, 13, 9.75], "texture": "#2"},
				"south": {"uv": [0.25, 13.25, 0, 13.5], "texture": "#2"},
				"west": {"uv": [13.75, 9.25, 13, 9.5], "texture": "#2"},
				"up": {"uv": [4.5, 12.25, 4.75, 11.5], "texture": "#2"},
				"down": {"uv": [4, 13, 4.25, 13.75], "texture": "#2"}
			}
		},
		{
			"from": [14.23809, 23.20539, 2.55874],
			"to": [14.23809, 25.00539, 6.30874],
			"shade": false,
			"rotation": {"angle": 45, "axis": "x", "origin": [14.23809, 24.10539, 4.43374]},
			"faces": {
				"east": {"uv": [14.5, 1.75, 16, 2.5], "texture": "#2"},
				"west": {"uv": [16, 1.75, 14.5, 2.5], "texture": "#2"}
			}
		},
		{
			"from": [13.36309, 24.00539, 5.03374],
			"to": [17.11309, 24.00539, 6.83374],
			"shade": false,
			"rotation": {"angle": 45, "axis": "z", "origin": [15.23809, 24.00539, 5.93374]},
			"faces": {
				"up": {"uv": [14.5, 2.5, 16, 1.75], "texture": "#2"},
				"down": {"uv": [14.5, 1.75, 16, 2.5], "texture": "#2"}
			}
		},
		{
			"from": [13.89687, 22.34938, 5.56687],
			"to": [14.49687, 23.09938, 6.81687],
			"shade": false,
			"rotation": {"angle": 0, "axis": "y", "origin": [14.19687, 22.46994, 6.68115]},
			"faces": {
				"north": {"uv": [5.25, 13.25, 5, 13.5], "texture": "#2"},
				"east": {"uv": [13.5, 7, 13.25, 7.25], "texture": "#2"},
				"south": {"uv": [7.25, 13.25, 7, 13.5], "texture": "#2"},
				"west": {"uv": [7, 13.25, 6.75, 13.5], "texture": "#2"},
				"up": {"uv": [7.25, 13.5, 7.5, 13.25], "texture": "#2"},
				"down": {"uv": [13.25, 7.25, 13.5, 7.5], "texture": "#2"}
			}
		},
		{
			"from": [13.64687, 19.62426, 7.38765],
			"to": [14.74687, 22.12426, 8.48765],
			"shade": false,
			"rotation": {"angle": 22.5, "axis": "x", "origin": [14.19687, 22.16531, 7.51626]},
			"faces": {
				"north": {"uv": [7.75, 13, 7.5, 13.75], "texture": "#2"},
				"east": {"uv": [10.5, 13, 10.25, 13.75], "texture": "#2"},
				"south": {"uv": [10.25, 13, 10, 13.75], "texture": "#2"},
				"west": {"uv": [13.25, 9.75, 13, 10.5], "texture": "#2"},
				"up": {"uv": [1.25, 13.5, 1.5, 13.25], "texture": "#2"},
				"down": {"uv": [4.25, 13.25, 4.5, 13.5], "texture": "#2"}
			}
		},
		{
			"from": [13.89687, 21.06905, 6.4722],
			"to": [14.49687, 22.81905, 7.2222],
			"shade": false,
			"rotation": {"angle": -45, "axis": "x", "origin": [14.19687, 22.46994, 6.68115]},
			"faces": {
				"north": {"uv": [12.5, 13, 12.25, 13.5], "texture": "#2"},
				"east": {"uv": [13, 13, 12.75, 13.5], "texture": "#2"},
				"south": {"uv": [13.25, 12.5, 13, 13], "texture": "#2"},
				"west": {"uv": [12.75, 13, 12.5, 13.5], "texture": "#2"},
				"up": {"uv": [4.5, 13.5, 4.75, 13.25], "texture": "#2"},
				"down": {"uv": [4.75, 13.25, 5, 13.5], "texture": "#2"}
			}
		},
		{
			"from": [12.85872, 20.2572, 6.01626],
			"to": [14.35872, 21.7572, 10.01626],
			"shade": false,
			"rotation": {"angle": -22.5, "axis": "z", "origin": [13.60872, 18.6322, 6.76626]},
			"faces": {
				"north": {"uv": [13.5, 6, 13, 6.5], "texture": "#2"},
				"east": {"uv": [10.5, 12, 9.5, 12.5], "texture": "#2"},
				"south": {"uv": [6.75, 13, 6.25, 13.5], "texture": "#2"},
				"west": {"uv": [9.5, 12, 8.5, 12.5], "texture": "#2"},
				"up": {"uv": [10.5, 13, 11, 12], "texture": "#2"},
				"down": {"uv": [12, 10.5, 12.5, 11.5], "texture": "#2"}
			}
		},
		{
			"from": [17.61604, 15.77204, 6.51626],
			"to": [20.36604, 17.07204, 6.51626],
			"shade": false,
			"rotation": {"angle": 22.5, "axis": "y", "origin": [18.99104, 16.42204, 6.51626]},
			"faces": {
				"north": {"uv": [16, 1.75, 14.5, 2.5], "texture": "#2"},
				"south": {"uv": [14.5, 1.75, 16, 2.5], "texture": "#2"}
			}
		},
		{
			"from": [17.79459, 16.44349, 7.01626],
			"to": [19.29459, 19.19349, 7.01626],
			"shade": false,
			"rotation": {"angle": -22.5, "axis": "z", "origin": [18.54459, 18.31849, 7.01626]},
			"faces": {
				"north": {"uv": [15.75, 0, 15, 1.5], "texture": "#2"},
				"south": {"uv": [15, 0, 15.75, 1.5], "texture": "#2"}
			}
		},
		{
			"from": [15.04487, 16.34224, 6.41626],
			"to": [17.79487, 17.44224, 7.51626],
			"shade": false,
			"rotation": {"angle": -22.5, "axis": "z", "origin": [16.84487, 16.23506, 6.96626]},
			"faces": {
				"north": {"uv": [7.5, 13, 6.75, 13.25], "texture": "#2"},
				"east": {"uv": [13.25, 11, 13, 11.25], "texture": "#2"},
				"south": {"uv": [13.75, 6.75, 13, 7], "texture": "#2"},
				"west": {"uv": [12.75, 11.25, 12.5, 11.5], "texture": "#2"},
				"up": {"uv": [8.5, 13.25, 9.25, 13], "texture": "#2"},
				"down": {"uv": [9.25, 13, 10, 13.25], "texture": "#2"}
			}
		},
		{
			"from": [13.02344, 18.02683, 6.41626],
			"to": [16.27344, 19.12683, 7.51626],
			"shade": false,
			"rotation": {"angle": 22.5, "axis": "z", "origin": [18.69263, 17.00043, 6.96626]},
			"faces": {
				"north": {"uv": [11.75, 7.25, 11, 7.5], "texture": "#2"},
				"east": {"uv": [4.5, 12.5, 4.25, 12.75], "texture": "#2"},
				"south": {"uv": [12.5, 9.25, 11.75, 9.5], "texture": "#2"},
				"west": {"uv": [2, 12.25, 1.75, 12.5], "texture": "#2"},
				"up": {"uv": [12, 7.25, 12.75, 7], "texture": "#2"},
				"down": {"uv": [13, 6.5, 13.75, 6.75], "texture": "#2"}
			}
		},
		{
			"from": [12.47604, 15.58332, 6.01626],
			"to": [13.97604, 20.33332, 7.51626],
			"shade": false,
			"rotation": {"angle": -22.5, "axis": "z", "origin": [13.22604, 17.70832, 6.76626]},
			"faces": {
				"north": {"uv": [5.25, 11, 4.75, 12.25], "texture": "#2"},
				"east": {"uv": [1.75, 12.25, 1.5, 13.5], "texture": "#2"},
				"south": {"uv": [11.5, 5, 11, 6.25], "texture": "#2"},
				"west": {"uv": [8, 11.5, 7.75, 12.75], "texture": "#2"},
				"up": {"uv": [11.5, 6.25, 12, 6], "texture": "#2"},
				"down": {"uv": [13, 10.75, 13.5, 11], "texture": "#2"}
			}
		},
		{
			"name": "ef",
			"from": [10.5, 16, 10.5],
			"to": [15.5, 29, 10.5],
			"shade": false,
			"rotation": {"angle": -22.5, "axis": "y", "origin": [13, 22.5, 10.5]},
			"faces": {
				"north": {"uv": [12.5, 9, 15.25, 16], "texture": "#1"},
				"south": {"uv": [15.25, 9, 12.5, 16], "texture": "#1"}
			}
		},
		{
			"name": "ef",
			"from": [2, 12, 6],
			"to": [7, 27, 6],
			"shade": false,
			"rotation": {"angle": -22.5, "axis": "y", "origin": [4.5, 19.5, 6]},
			"faces": {
				"north": {"uv": [11.25, 9, 8.5, 16], "texture": "#1"},
				"south": {"uv": [8.5, 9, 11.25, 16], "texture": "#1"}
			}
		},
		{
			"name": "ef",
			"from": [-4, 13.5, 9],
			"to": [2, 26.5, 9],
			"shade": false,
			"rotation": {"angle": 22.5, "axis": "y", "origin": [-0.5, 24.5, 9]},
			"faces": {
				"north": {"uv": [7.25, 8.75, 4.5, 15.75], "texture": "#1"},
				"south": {"uv": [4.5, 8.75, 7.25, 15.75], "texture": "#1"}
			}
		},
		{
			"name": "ef",
			"from": [15, 13.5, 7],
			"to": [21, 26.5, 7],
			"shade": false,
			"rotation": {"angle": 22.5, "axis": "y", "origin": [17.5, 24.5, 7]},
			"faces": {
				"north": {"uv": [4.5, 8.75, 7.25, 15.75], "texture": "#1"},
				"south": {"uv": [7.25, 8.75, 4.5, 15.75], "texture": "#1"}
			}
		},
		{
			"name": "efc1",
			"from": [4.61859, -6.598, 16.16203],
			"to": [11.38059, 27.3, 16.16203],
			"shade": false,
			"rotation": {"angle": 22.5, "axis": "y", "origin": [7.99959, 10.351, 8.00054]},
			"faces": {
				"north": {"uv": [7, 0, 7.75, 7.75], "texture": "#1"},
				"south": {"uv": [7.75, 0, 7, 7.75], "texture": "#1"}
			}
		},
		{
			"name": "efc1",
			"from": [4.61859, -6.598, 16.16203],
			"to": [11.38059, 27.3, 16.16203],
			"shade": false,
			"rotation": {"angle": -22.5, "axis": "y", "origin": [7.99959, 10.351, 8.00054]},
			"faces": {
				"north": {"uv": [0, 0, 1, 7.75], "texture": "#1"},
				"south": {"uv": [1, 0, 0, 7.75], "texture": "#1"}
			}
		},
		{
			"name": "efc1",
			"from": [4.61927, -6.598, -0.1622],
			"to": [11.38127, 27.3, -0.1622],
			"shade": false,
			"rotation": {"angle": -22.5, "axis": "y", "origin": [7.99959, 10.351, 8.00054]},
			"faces": {
				"north": {"uv": [5, 0, 4, 7.75], "texture": "#1"},
				"south": {"uv": [4, 0, 5, 7.75], "texture": "#1"}
			}
		},
		{
			"name": "efc1",
			"from": [-0.1619, -6.598, 4.61954],
			"to": [-0.1619, 27.3, 11.38154],
			"shade": false,
			"rotation": {"angle": 22.5, "axis": "y", "origin": [7.99959, 10.351, 8.00054]},
			"faces": {
				"east": {"uv": [1, 0, 2, 7.75], "texture": "#1"},
				"west": {"uv": [2, 0, 1, 7.75], "texture": "#1"}
			}
		},
		{
			"name": "efc1",
			"from": [4.61859, -6.598, -0.16095],
			"to": [11.38059, 27.3, -0.16095],
			"shade": false,
			"rotation": {"angle": 22.5, "axis": "y", "origin": [7.99959, 10.351, 8.00054]},
			"faces": {
				"north": {"uv": [4, 0, 3, 7.75], "texture": "#1"},
				"south": {"uv": [3, 0, 4, 7.75], "texture": "#1"}
			}
		},
		{
			"name": "efc1",
			"from": [-0.1619, -6.598, 4.61954],
			"to": [-0.1619, 27.3, 11.38154],
			"shade": false,
			"rotation": {"angle": -22.5, "axis": "y", "origin": [7.99959, 10.351, 8.00054]},
			"faces": {
				"east": {"uv": [2, 0, 3, 7.75], "texture": "#1"},
				"west": {"uv": [3, 0, 2, 7.75], "texture": "#1"}
			}
		},
		{
			"name": "efc1",
			"from": [16.16108, -6.598, 4.61954],
			"to": [16.16108, 27.3, 11.38154],
			"shade": false,
			"rotation": {"angle": 22.5, "axis": "y", "origin": [7.99959, 10.351, 8.00054]},
			"faces": {
				"east": {"uv": [6, 0, 5, 7.75], "texture": "#1"},
				"west": {"uv": [5, 0, 6, 7.75], "texture": "#1"}
			}
		},
		{
			"name": "efc1",
			"from": [16.16108, -6.598, 4.61954],
			"to": [16.16108, 27.3, 11.38154],
			"shade": false,
			"rotation": {"angle": -22.5, "axis": "y", "origin": [7.99959, 10.351, 8.00054]},
			"faces": {
				"east": {"uv": [7, 0, 6, 7.75], "texture": "#1"},
				"west": {"uv": [6, 0, 7, 7.75], "texture": "#1"}
			}
		}
	],
	"gui_light": "front",
	"display": {
		"thirdperson_righthand": {
			"translation": [0, -2.5, -1],
			"scale": [0.7, 0.7, 0.7]
		},
		"thirdperson_lefthand": {
			"translation": [0, -2.5, -1],
			"scale": [0.7, 0.7, 0.7]
		},
		"firstperson_righthand": {
			"rotation": [9.09, -4.14, 11.88],
			"translation": [-0.5, -8.5, -6.5]
		},
		"firstperson_lefthand": {
			"rotation": [9.09, -4.14, 11.88],
			"translation": [-0.5, -8.5, -6.5]
		},
		"ground": {
			"rotation": [0, 0, 45],
			"translation": [0, 4.5, 0],
			"scale": [0.3, 0.3, 0.3]
		},
		"gui": {
			"rotation": [-180, 0, -180],
			"translation": [0.25, 0, 0],
			"scale": [0.49, 0.49, 0.49]
		},
		"head": {
			"scale": [0, 0, 0]
		},
		"fixed": {
			"scale": [0.55, 0.55, 0.55]
		}
	},
	"groups": [
		0,
		1,
		2,
		3,
		4,
		5,
		6,
		7,
		8,
		9,
		10,
		11,
		12,
		13,
		14,
		15,
		16,
		17,
		18,
		19,
		20,
		21,
		22,
		23,
		24,
		25,
		26,
		27,
		28,
		29,
		30,
		31,
		32,
		{
			"name": "group",
			"origin": [4.99179, -11.76606, 8.07439],
			"color": 0,
			"shade": false,
			"children": [33, 34, 35, 36, 37, 38, 39, 40, 41, 42, 43, 44, 45, 46, 47, 48, 49, 50, 51, 52, 53, 54, 55, 56, 57, 58, 59, 60, 61, 62, 63, 64]
		},
		65,
		66,
		67,
		68,
		69,
		70,
		71,
		72,
		73,
		74,
		75,
		76
	]
}