{"textures":{"0":"modelengine:entity/dragon_sculk"},"elements":[{"from":[5.5875,0.40274858,5.3049946],"to":[10.5875,8.402748,10.304995],"faces":{"east":{"uv":[1.5,8.875,1.8125,9.375],"tintindex":0,"rotation":0,"texture":"#0"},"south":{"uv":[4.5,8.8125,4.8125,9.3125],"tintindex":0,"rotation":0,"texture":"#0"},"north":{"uv":[4.5,8.8125,4.8125,9.3125],"tintindex":0,"rotation":0,"texture":"#0"},"west":{"uv":[1.5,8.875,1.8125,9.375],"tintindex":0,"rotation":0,"texture":"#0"},"up":{"uv":[8.8125,9.625,8.5,9.3125],"tintindex":0,"rotation":0,"texture":"#0"},"down":{"uv":[8.8125,9.625,8.5,9.3125],"tintindex":0,"rotation":0,"texture":"#0"}}}]}