{"textures":{"0":"modelengine:entity/dragon_sculk"},"elements":[{"from":[8.60653,2.8571668,5.524316],"to":[10.60653,5.857167,7.524316],"faces":{"east":{"uv":[1.0,10.1875,1.125,10.375],"tintindex":0,"rotation":0,"texture":"#0"},"south":{"uv":[10.1875,1.75,10.3125,1.9375],"tintindex":0,"rotation":0,"texture":"#0"},"north":{"uv":[0.8125,10.1875,0.9375,10.375],"tintindex":0,"rotation":0,"texture":"#0"},"west":{"uv":[10.1875,5.625,10.3125,5.8125],"tintindex":0,"rotation":0,"texture":"#0"},"up":{"uv":[6.125,10.375,6.0,10.25],"tintindex":0,"rotation":0,"texture":"#0"},"down":{"uv":[7.875,10.25,7.75,10.375],"tintindex":0,"rotation":0,"texture":"#0"}},"rotation":{"origin":[9.60653,4.357167,6.524316],"angle":22.5,"axis":"z"}},{"from":[4.5555553,2.8571668,2.473342],"to":[6.5555553,5.857167,4.473342],"faces":{"east":{"uv":[4.6875,7.0625,4.8125,7.25],"tintindex":0,"rotation":0,"texture":"#0"},"south":{"uv":[6.9375,7.3125,7.0625,7.5],"tintindex":0,"rotation":0,"texture":"#0"},"north":{"uv":[6.5625,2.375,6.6875,2.5625],"tintindex":0,"rotation":0,"texture":"#0"},"west":{"uv":[8.0625,8.75,8.1875,8.9375],"tintindex":0,"rotation":0,"texture":"#0"},"up":{"uv":[8.375,5.875,8.25,5.75],"tintindex":0,"rotation":0,"texture":"#0"},"down":{"uv":[6.0,9.5,5.875,9.625],"tintindex":0,"rotation":0,"texture":"#0"}},"rotation":{"origin":[5.5555553,4.357167,3.473342],"angle":22.5,"axis":"x"}},{"from":[5.0555553,4.479223,3.8054667],"to":[10.055555,8.479223,8.805468],"faces":{"east":{"uv":[0.75,9.5,1.0625,9.75],"tintindex":0,"rotation":0,"texture":"#0"},"south":{"uv":[6.0625,9.375,6.375,9.625],"tintindex":0,"rotation":0,"texture":"#0"},"north":{"uv":[6.0625,9.375,6.375,9.625],"tintindex":0,"rotation":0,"texture":"#0"},"west":{"uv":[0.75,9.5,1.0625,9.75],"tintindex":0,"rotation":0,"texture":"#0"},"up":{"uv":[2.9375,9.625,2.625,9.3125],"tintindex":0,"rotation":0,"texture":"#0"},"down":{"uv":[2.9375,9.625,2.625,9.3125],"tintindex":0,"rotation":0,"texture":"#0"}},"rotation":{"origin":[7.5555553,6.479223,6.3054676],"angle":-45.0,"axis":"x"}},{"from":[7.5555553,-0.6644716,2.0752916],"to":[7.5555553,3.3355284,5.0752916],"faces":{"east":{"uv":[10.125,6.4375,9.9375,6.6875],"tintindex":0,"rotation":0,"texture":"#0"},"west":{"uv":[9.9375,6.4375,10.125,6.6875],"tintindex":0,"rotation":0,"texture":"#0"}}},{"from":[8.0045805,-0.6644716,6.524316],"to":[11.0045805,3.3355284,6.524316],"faces":{"south":{"uv":[10.125,6.4375,9.9375,6.6875],"tintindex":0,"rotation":0,"texture":"#0"},"north":{"uv":[9.9375,6.4375,10.125,6.6875],"tintindex":0,"rotation":0,"texture":"#0"}}},{"from":[9.555555,-0.6644716,2.0752916],"to":[9.555555,3.3355284,5.0752916],"faces":{"east":{"uv":[10.125,6.4375,9.9375,6.6875],"tintindex":0,"rotation":0,"texture":"#0"},"west":{"uv":[9.9375,6.4375,10.125,6.6875],"tintindex":0,"rotation":0,"texture":"#0"}}},{"from":[8.555555,2.8571668,2.473342],"to":[10.555555,5.857167,4.473342],"faces":{"east":{"uv":[4.6875,7.0625,4.8125,7.25],"tintindex":0,"rotation":0,"texture":"#0"},"south":{"uv":[6.9375,7.3125,7.0625,7.5],"tintindex":0,"rotation":0,"texture":"#0"},"north":{"uv":[6.5625,2.375,6.6875,2.5625],"tintindex":0,"rotation":0,"texture":"#0"},"west":{"uv":[8.0625,8.75,8.1875,8.9375],"tintindex":0,"rotation":0,"texture":"#0"},"up":{"uv":[8.375,5.875,8.25,5.75],"tintindex":0,"rotation":0,"texture":"#0"},"down":{"uv":[6.0,9.5,5.875,9.625],"tintindex":0,"rotation":0,"texture":"#0"}},"rotation":{"origin":[9.555555,4.357167,3.473342],"angle":22.5,"axis":"x"}},{"from":[5.5555553,-0.6644716,2.0752916],"to":[5.5555553,3.3355284,5.0752916],"faces":{"east":{"uv":[10.125,6.4375,9.9375,6.6875],"tintindex":0,"rotation":0,"texture":"#0"},"west":{"uv":[9.9375,6.4375,10.125,6.6875],"tintindex":0,"rotation":0,"texture":"#0"}}},{"from":[6.5555553,2.8571668,2.473342],"to":[8.555555,5.857167,4.473342],"faces":{"east":{"uv":[4.6875,7.0625,4.8125,7.25],"tintindex":0,"rotation":0,"texture":"#0"},"south":{"uv":[6.9375,7.3125,7.0625,7.5],"tintindex":0,"rotation":0,"texture":"#0"},"north":{"uv":[6.5625,2.375,6.6875,2.5625],"tintindex":0,"rotation":0,"texture":"#0"},"west":{"uv":[8.0625,8.75,8.1875,8.9375],"tintindex":0,"rotation":0,"texture":"#0"},"up":{"uv":[8.375,5.875,8.25,5.75],"tintindex":0,"rotation":0,"texture":"#0"},"down":{"uv":[6.0,9.5,5.875,9.625],"tintindex":0,"rotation":0,"texture":"#0"}},"rotation":{"origin":[7.5555553,4.357167,3.473342],"angle":22.5,"axis":"x"}}]}