{
	"credit": "Made with Blockbench",
	"texture_size": [32, 32],
	"textures": {
		"0": "item/tempest/tempest_bow_2",
		"particle": "item/tempest/tempest_bow_2"
	},
	"elements": [
		{
			"from": [7.25, 4.68383, 9.22676],
			"to": [9.25, 6.68383, 11.22676],
			"rotation": {"angle": -45, "axis": "x", "origin": [8.25, 5.68383, 10.47676]},
			"faces": {
				"north": {"uv": [5, 2, 6, 3], "texture": "#0"},
				"east": {"uv": [6, 2, 7, 3], "texture": "#0"},
				"south": {"uv": [7, 0, 8, 1], "texture": "#0"},
				"west": {"uv": [1, 7, 2, 8], "texture": "#0"},
				"up": {"uv": [8, 2, 7, 1], "texture": "#0"},
				"down": {"uv": [8, 2, 7, 3], "texture": "#0"}
			}
		},
		{
			"from": [7.25, 2.68383, 9.22676],
			"to": [9.25, 4.68383, 9.22676],
			"rotation": {"angle": -45, "axis": "x", "origin": [8.25, 5.68383, 10.47676]},
			"faces": {
				"north": {"uv": [7, 4, 8, 5], "texture": "#0"},
				"east": {"uv": [0, 0, 0, 1], "texture": "#0"},
				"south": {"uv": [7, 5, 8, 6], "texture": "#0"},
				"west": {"uv": [0, 0, 0, 1], "texture": "#0"},
				"up": {"uv": [1, 0, 0, 0], "texture": "#0"},
				"down": {"uv": [1, 0, 0, 0], "texture": "#0"}
			}
		},
		{
			"from": [7.25, 15.00932, 9.58917],
			"to": [9.25, 17.00932, 11.58917],
			"rotation": {"angle": -45, "axis": "x", "origin": [8.25, 16.00932, 10.33917]},
			"faces": {
				"north": {"uv": [6, 7, 7, 8], "texture": "#0"},
				"east": {"uv": [7, 6, 8, 7], "texture": "#0"},
				"south": {"uv": [7, 7, 8, 8], "texture": "#0"},
				"west": {"uv": [7.5, 3, 8.5, 4], "texture": "#0"},
				"up": {"uv": [5, 8.5, 4, 7.5], "texture": "#0"},
				"down": {"uv": [6, 7.5, 5, 8.5], "texture": "#0"}
			}
		},
		{
			"from": [7.25, 17.00932, 11.58917],
			"to": [9.25, 17.00932, 13.58917],
			"rotation": {"angle": -45, "axis": "x", "origin": [8.25, 16.00932, 10.33917]},
			"faces": {
				"north": {"uv": [0, 0, 1, 0], "texture": "#0"},
				"east": {"uv": [0, 0, 1, 0], "texture": "#0"},
				"south": {"uv": [0, 0, 1, 0], "texture": "#0"},
				"west": {"uv": [0, 0, 1, 0], "texture": "#0"},
				"up": {"uv": [9, 1, 8, 0], "texture": "#0"},
				"down": {"uv": [2, 8, 1, 9], "texture": "#0"}
			}
		},
		{
			"from": [7.5, 4.77112, 6.10067],
			"to": [9, 6.27112, 9.85067],
			"rotation": {"angle": 0, "axis": "y", "origin": [8.25, 5.12112, 7.70067]},
			"faces": {
				"north": {"uv": [4.5, 9.5, 5.25, 10.25], "texture": "#0"},
				"east": {"uv": [0, 0, 2, 0.75], "texture": "#0"},
				"south": {"uv": [10, 1, 10.75, 1.75], "texture": "#0"},
				"west": {"uv": [0, 1, 2, 1.75], "texture": "#0"},
				"up": {"uv": [0.75, 4, 0, 2], "texture": "#0"},
				"down": {"uv": [2.75, 0, 2, 2], "texture": "#0"}
			}
		},
		{
			"from": [7.5, 4.56273, 4.73935],
			"to": [9, 7.81273, 6.23935],
			"rotation": {"angle": -22.5, "axis": "x", "origin": [8.25, 8.08773, 4.88935]},
			"faces": {
				"north": {"uv": [4, 1, 4.75, 2.75], "texture": "#0"},
				"east": {"uv": [2, 4, 2.75, 5.75], "texture": "#0"},
				"south": {"uv": [3, 4, 3.75, 5.75], "texture": "#0"},
				"west": {"uv": [4, 4, 4.75, 5.75], "texture": "#0"},
				"up": {"uv": [10.75, 6.75, 10, 6], "texture": "#0"},
				"down": {"uv": [7.25, 10, 6.5, 10.75], "texture": "#0"}
			}
		},
		{
			"from": [7.5, 7.86176, 3.62989],
			"to": [9, 9.36176, 5.87989],
			"rotation": {"angle": 22.5, "axis": "x", "origin": [8.25, 8.01176, 3.50489]},
			"faces": {
				"north": {"uv": [10, 8.5, 10.75, 9.25], "texture": "#0"},
				"east": {"uv": [4, 8.5, 5.25, 9.25], "texture": "#0"},
				"south": {"uv": [9, 10, 9.75, 10.75], "texture": "#0"},
				"west": {"uv": [9, 0, 10.25, 0.75], "texture": "#0"},
				"up": {"uv": [1.75, 10.25, 1, 9], "texture": "#0"},
				"down": {"uv": [9.75, 1, 9, 2.25], "texture": "#0"}
			}
		},
		{
			"from": [7.5, 9.36176, 5.87989],
			"to": [9, 9.36176, 6.87989],
			"rotation": {"angle": 22.5, "axis": "x", "origin": [8.25, 8.01176, 3.50489]},
			"faces": {
				"north": {"uv": [0, 0, 0.75, 0], "texture": "#0"},
				"east": {"uv": [0, 0, 0.5, 0], "texture": "#0"},
				"south": {"uv": [0, 0, 0.75, 0], "texture": "#0"},
				"west": {"uv": [0, 0, 0.5, 0], "texture": "#0"},
				"up": {"uv": [8.25, 11, 7.5, 10.5], "texture": "#0"},
				"down": {"uv": [11.25, 7.5, 10.5, 8], "texture": "#0"}
			}
		},
		{
			"from": [7.5, 15.4815, 5.85946],
			"to": [9, 16.9815, 9.85946],
			"rotation": {"angle": 0, "axis": "y", "origin": [8.25, 16.5815, 8.50946]},
			"faces": {
				"north": {"uv": [10, 9.5, 10.75, 10.25], "texture": "#0"},
				"east": {"uv": [1, 2, 3, 2.75], "texture": "#0"},
				"south": {"uv": [10.5, 0, 11.25, 0.75], "texture": "#0"},
				"west": {"uv": [3, 0, 5, 0.75], "texture": "#0"},
				"up": {"uv": [1.75, 5, 1, 3], "texture": "#0"},
				"down": {"uv": [3.75, 1, 3, 3], "texture": "#0"}
			}
		},
		{
			"from": [7.5, 12.60731, 3.21853],
			"to": [9, 14.10731, 5.46853],
			"rotation": {"angle": -22.5, "axis": "x", "origin": [8.25, 14.35731, 3.59353]},
			"faces": {
				"north": {"uv": [1, 10.5, 1.75, 11.25], "texture": "#0"},
				"east": {"uv": [9, 4, 10.25, 4.75], "texture": "#0"},
				"south": {"uv": [2, 10.5, 2.75, 11.25], "texture": "#0"},
				"west": {"uv": [9, 5, 10.25, 5.75], "texture": "#0"},
				"up": {"uv": [6.25, 10.25, 5.5, 9], "texture": "#0"},
				"down": {"uv": [9.75, 6, 9, 7.25], "texture": "#0"}
			}
		},
		{
			"from": [7.5, 12.60731, 5.46853],
			"to": [9, 12.60731, 6.46853],
			"rotation": {"angle": -22.5, "axis": "x", "origin": [8.25, 14.35731, 3.59353]},
			"faces": {
				"north": {"uv": [0, 0, 0.75, 0], "texture": "#0"},
				"east": {"uv": [0, 0, 0.5, 0], "texture": "#0"},
				"south": {"uv": [0, 0, 0.75, 0], "texture": "#0"},
				"west": {"uv": [0, 0, 0.5, 0], "texture": "#0"},
				"up": {"uv": [11.25, 8.5, 10.5, 8], "texture": "#0"},
				"down": {"uv": [10.75, 10.5, 10, 11], "texture": "#0"}
			}
		},
		{
			"from": [7.5, 13.4061, 5.02476],
			"to": [9, 16.6561, 6.52476],
			"rotation": {"angle": 22.5, "axis": "x", "origin": [8.25, 14.7811, 6.22476]},
			"faces": {
				"north": {"uv": [5, 0, 5.75, 1.75], "texture": "#0"},
				"east": {"uv": [1, 5, 1.75, 6.75], "texture": "#0"},
				"south": {"uv": [5, 4, 5.75, 5.75], "texture": "#0"},
				"west": {"uv": [6, 0, 6.75, 1.75], "texture": "#0"},
				"up": {"uv": [11.25, 4.25, 10.5, 3.5], "texture": "#0"},
				"down": {"uv": [5.25, 10.5, 4.5, 11.25], "texture": "#0"}
			}
		},
		{
			"from": [7.5, 9.60336, 2.58974],
			"to": [9, 12.60336, 4.08974],
			"rotation": {"angle": 0, "axis": "y", "origin": [8.125, 7.45336, 3.83974]},
			"faces": {
				"north": {"uv": [4, 6, 4.75, 7.5], "texture": "#0"},
				"east": {"uv": [6, 4, 6.75, 5.5], "texture": "#0"},
				"south": {"uv": [5, 6, 5.75, 7.5], "texture": "#0"},
				"west": {"uv": [6, 5.5, 6.75, 7], "texture": "#0"},
				"up": {"uv": [11.25, 5.25, 10.5, 4.5], "texture": "#0"},
				"down": {"uv": [6.25, 10.5, 5.5, 11.25], "texture": "#0"}
			}
		},
		{
			"from": [7.25, 8.02755, 2.41072],
			"to": [9.25, 10.02755, 4.41072],
			"rotation": {"angle": 45, "axis": "x", "origin": [8.125, 9.02755, 3.46072]},
			"faces": {
				"north": {"uv": [8, 1, 9, 2], "texture": "#0"},
				"east": {"uv": [8, 2, 9, 3], "texture": "#0"},
				"south": {"uv": [8, 4, 9, 5], "texture": "#0"},
				"west": {"uv": [8, 5, 9, 6], "texture": "#0"},
				"up": {"uv": [7, 9, 6, 8], "texture": "#0"},
				"down": {"uv": [9, 6, 8, 7], "texture": "#0"}
			}
		},
		{
			"from": [7.25, 7.02755, 2.41072],
			"to": [9.25, 8.02755, 2.41072],
			"rotation": {"angle": 45, "axis": "x", "origin": [8.125, 9.02755, 3.46072]},
			"faces": {
				"north": {"uv": [9.5, 3.5, 10.5, 4], "texture": "#0"},
				"east": {"uv": [0, 0, 0, 0.5], "texture": "#0"},
				"south": {"uv": [10, 2, 11, 2.5], "texture": "#0"},
				"west": {"uv": [0, 0, 0, 0.5], "texture": "#0"},
				"up": {"uv": [1, 0, 0, 0], "texture": "#0"},
				"down": {"uv": [1, 0, 0, 0], "texture": "#0"}
			}
		},
		{
			"from": [7.25, 11.97755, 3.01072],
			"to": [9.25, 13.97755, 5.01072],
			"rotation": {"angle": 45, "axis": "x", "origin": [8.125, 13.67755, 3.46072]},
			"faces": {
				"north": {"uv": [7, 8, 8, 9], "texture": "#0"},
				"east": {"uv": [8, 7, 9, 8], "texture": "#0"},
				"south": {"uv": [8, 8, 9, 9], "texture": "#0"},
				"west": {"uv": [2, 8.5, 3, 9.5], "texture": "#0"},
				"up": {"uv": [4, 9.5, 3, 8.5], "texture": "#0"},
				"down": {"uv": [9.5, 3, 8.5, 4], "texture": "#0"}
			}
		},
		{
			"from": [7.25, 11.97755, 2.01072],
			"to": [9.25, 11.97755, 3.01072],
			"rotation": {"angle": 45, "axis": "x", "origin": [8.125, 13.67755, 3.46072]},
			"faces": {
				"north": {"uv": [0, 0, 1, 0], "texture": "#0"},
				"east": {"uv": [0, 0, 0.5, 0], "texture": "#0"},
				"south": {"uv": [0, 0, 1, 0], "texture": "#0"},
				"west": {"uv": [0, 0, 0.5, 0], "texture": "#0"},
				"up": {"uv": [11, 7.5, 10, 7], "texture": "#0"},
				"down": {"uv": [11.5, 5.5, 10.5, 6], "texture": "#0"}
			}
		},
		{
			"from": [7.9, 10.71606, 0.67505],
			"to": [8.4, 11.21606, 11.67505],
			"rotation": {"angle": 0, "axis": "y", "origin": [8.175, 13.89106, 0.87505]},
			"faces": {
				"north": {"uv": [5.5, 8.5, 5.75, 8.75], "texture": "#0"},
				"east": {"uv": [2, 3, 7.5, 3.25], "texture": "#0"},
				"south": {"uv": [9, 2.5, 9.25, 2.75], "texture": "#0"},
				"west": {"uv": [2, 3.5, 7.5, 3.75], "texture": "#0"},
				"up": {"uv": [0.25, 9.5, 0, 4], "texture": "#0"},
				"down": {"uv": [0.75, 4, 0.5, 9.5], "texture": "#0"}
			}
		},
		{
			"from": [6.9, 10.96606, 0.17505],
			"to": [9.4, 10.96606, 1.67505],
			"rotation": {"angle": 0, "axis": "y", "origin": [8.175, 13.89106, 0.87505]},
			"faces": {
				"north": {"uv": [0, 0, 1.25, 0], "texture": "#0"},
				"east": {"uv": [0, 0, 0.75, 0], "texture": "#0"},
				"south": {"uv": [0, 0, 1.25, 0], "texture": "#0"},
				"west": {"uv": [0, 0, 0.75, 0], "texture": "#0"},
				"up": {"uv": [7.75, 9.75, 6.5, 9], "texture": "#0"},
				"down": {"uv": [10.25, 7.5, 9, 8.25], "texture": "#0"}
			}
		},
		{
			"from": [8.15, 9.71606, 0.17505],
			"to": [8.15, 12.21606, 1.67505],
			"rotation": {"angle": 0, "axis": "y", "origin": [8.175, 13.89106, 0.87505]},
			"faces": {
				"north": {"uv": [0, 0, 0, 1.25], "texture": "#0"},
				"east": {"uv": [8, 9, 8.75, 10.25], "texture": "#0"},
				"south": {"uv": [0, 0, 0, 1.25], "texture": "#0"},
				"west": {"uv": [9, 8.5, 9.75, 9.75], "texture": "#0"},
				"up": {"uv": [0, 0.75, 0, 0], "texture": "#0"},
				"down": {"uv": [0, 0, 0, 0.75], "texture": "#0"}
			}
		},
		{
			"from": [6.9, 10.96606, 11.67505],
			"to": [9.4, 10.96606, 13.17505],
			"rotation": {"angle": 0, "axis": "y", "origin": [8.175, 13.89106, 0.87505]},
			"faces": {
				"north": {"uv": [0, 0, 1.25, 0], "texture": "#0"},
				"east": {"uv": [0, 0, 0.75, 0], "texture": "#0"},
				"south": {"uv": [0, 0, 1.25, 0], "texture": "#0"},
				"west": {"uv": [0, 0, 0.75, 0], "texture": "#0"},
				"up": {"uv": [3.25, 10.25, 2, 9.5], "texture": "#0"},
				"down": {"uv": [10.75, 2.5, 9.5, 3.25], "texture": "#0"}
			}
		},
		{
			"from": [8.15, 9.71606, 11.67505],
			"to": [8.15, 12.21606, 13.17505],
			"rotation": {"angle": 0, "axis": "y", "origin": [8.175, 13.89106, 0.87505]},
			"faces": {
				"north": {"uv": [0, 0, 0, 1.25], "texture": "#0"},
				"east": {"uv": [0, 9.5, 0.75, 10.75], "texture": "#0"},
				"south": {"uv": [0, 0, 0, 1.25], "texture": "#0"},
				"west": {"uv": [3.5, 9.5, 4.25, 10.75], "texture": "#0"},
				"up": {"uv": [0, 0.75, 0, 0], "texture": "#0"},
				"down": {"uv": [0, 0, 0, 0.75], "texture": "#0"}
			}
		},
		{
			"from": [8.15, 5.94829, 9.39562],
			"to": [8.15, 10.94829, 10.39562],
			"rotation": {"angle": 0, "axis": "y", "origin": [8.00795, 10.81947, 2.7993]},
			"faces": {
				"north": {"uv": [0, 0, 0, 2.5], "texture": "#0"},
				"east": {"uv": [2, 6, 2.5, 8.5], "texture": "#0"},
				"south": {"uv": [0, 0, 0, 2.5], "texture": "#0"},
				"west": {"uv": [2.5, 6, 3, 8.5], "texture": "#0"},
				"up": {"uv": [0, 0.5, 0, 0], "texture": "#0"},
				"down": {"uv": [0, 0, 0, 0.5], "texture": "#0"}
			}
		},
		{
			"from": [8.15, 10.94829, 9.39562],
			"to": [8.15, 15.94829, 10.39562],
			"rotation": {"angle": 0, "axis": "y", "origin": [8.00795, 10.81947, 2.7993]},
			"faces": {
				"north": {"uv": [0, 0, 0, 2.5], "texture": "#0"},
				"east": {"uv": [3, 6, 3.5, 8.5], "texture": "#0"},
				"south": {"uv": [0, 0, 0, 2.5], "texture": "#0"},
				"west": {"uv": [3.5, 6, 4, 8.5], "texture": "#0"},
				"up": {"uv": [0, 0.5, 0, 0], "texture": "#0"},
				"down": {"uv": [0, 0, 0, 0.5], "texture": "#0"}
			}
		}
	],
	"display": {
		"thirdperson_righthand": {
			"translation": [0, -5.25, 5.25],
			"scale": [1.2, 1.2, 1.2]
		},
		"thirdperson_lefthand": {
			"translation": [0, -5.25, 5.25],
			"scale": [1.2, 1.2, 1.2]
		},
		"firstperson_righthand": {
			"translation": [0, 0, 2.5]
		},
		"firstperson_lefthand": {
			"translation": [0, 0, 2.5]
		},
		"ground": {
			"translation": [0, 3, 0]
		},
		"gui": {
			"rotation": [105, -45, 90],
			"translation": [2.75, -2, 0]
		},
		"fixed": {
			"rotation": [90, 45, -90],
			"translation": [-2.5, -2, 0]
		}
	},
	"groups": [
		{
			"name": "lightiningbow",
			"origin": [8, 7.10971, 4.21707],
			"color": 0,
			"children": [0, 1, 2, 3, 4, 5, 6, 7, 8, 9, 10, 11, 12, 13, 14, 15, 16, 17, 18, 19, 20, 21, 22, 23]
		}
	]
}