{
	"format_version": "1.21.6",
	"credit": "Made with Blockbench",
	"texture_size": [64, 64],
	"textures": {
		"6": "item/galactic/pickaxe/galactic_pickaxe_green",
		"particle": "item/galactic/pickaxe/galactic_pickaxe_green"
	},
	"elements": [
		{
			"name": "blade",
			"from": [7.65, -3.98452, 7],
			"to": [8.35, 3, 9],
			"rotation": {"angle": 0, "axis": "y", "origin": [7.6375, -9.08452, 7.71299]},
			"faces": {
				"north": {"uv": [2.265, 6.765, 2.4375, 8.485], "texture": "#6"},
				"east": {"uv": [1.015, 4.515, 1.485, 6.235], "texture": "#6"},
				"south": {"uv": [2.515, 6.765, 2.6875, 8.485], "texture": "#6"},
				"west": {"uv": [1.515, 4.515, 1.985, 6.235], "texture": "#6"},
				"up": {"uv": [8.9375, 7.485, 8.765, 7.015], "texture": "#6"},
				"down": {"uv": [8.9375, 7.515, 8.765, 7.985], "texture": "#6"}
			}
		},
		{
			"name": "blade",
			"from": [7.65, 3, 7],
			"to": [8.35, 15.9, 9],
			"rotation": {"angle": 0, "axis": "y", "origin": [7.6375, 15.08452, 7.71299]},
			"faces": {
				"north": {"uv": [3.015, 5.765, 3.1875, 8.985], "texture": "#6"},
				"east": {"uv": [0.015, 4.015, 0.485, 7.235], "texture": "#6"},
				"south": {"uv": [3.265, 5.765, 3.4375, 8.985], "texture": "#6"},
				"west": {"uv": [0.515, 4.015, 0.985, 7.235], "texture": "#6"},
				"up": {"uv": [8.9375, 3.735, 8.765, 3.265], "texture": "#6"},
				"down": {"uv": [8.9375, 4.765, 8.765, 5.235], "texture": "#6"}
			}
		},
		{
			"name": "blade",
			"from": [7.7, 15.52256, 7.34215],
			"to": [8.3, 20.80708, 9.34215],
			"rotation": {"angle": -22.5, "axis": "x", "origin": [7.6625, 15.08452, 7.73711]},
			"faces": {
				"north": {"uv": [6.515, 8.015, 6.625, 9.3125], "texture": "#6"},
				"east": {"uv": [2.015, 4.515, 2.485, 5.8125], "texture": "#6"},
				"south": {"uv": [6.765, 8.015, 6.875, 9.3125], "texture": "#6"},
				"west": {"uv": [2.515, 4.515, 2.985, 5.8125], "texture": "#6"},
				"up": {"uv": [9.375, 9.485, 9.265, 9.015], "texture": "#6"},
				"down": {"uv": [0.125, 9.515, 0.015, 9.985], "texture": "#6"}
			}
		},
		{
			"name": "blade",
			"from": [7.75, 15.74223, 6.6624],
			"to": [8.25, 18.04223, 8.6624],
			"rotation": {"angle": 22.5, "axis": "x", "origin": [7.6625, 15.08452, 7.73711]},
			"faces": {
				"north": {"uv": [9.265, 2.015, 9.375, 2.5625], "texture": "#6"},
				"east": {"uv": [7.015, 6.765, 7.485, 7.3125], "texture": "#6"},
				"south": {"uv": [2.765, 9.265, 2.875, 9.8125], "texture": "#6"},
				"west": {"uv": [0.015, 7.265, 0.485, 7.8125], "texture": "#6"},
				"up": {"uv": [9.625, 0.485, 9.515, 0.015], "texture": "#6"},
				"down": {"uv": [0.375, 9.515, 0.265, 9.985], "texture": "#6"}
			}
		},
		{
			"name": "blade",
			"from": [7.7695, 17.02727, 7.38987],
			"to": [8.2305, 19.25827, 9.32987],
			"rotation": {"angle": -22.5, "axis": "x", "origin": [7.6, 18.14277, 8.35987]},
			"faces": {
				"north": {"uv": [4.265, 9.265, 4.375, 9.8125], "texture": "#6"},
				"east": {"uv": [0.515, 7.265, 0.985, 7.8125], "texture": "#6"},
				"south": {"uv": [9.265, 4.265, 9.375, 4.8125], "texture": "#6"},
				"west": {"uv": [4.515, 7.265, 4.985, 7.8125], "texture": "#6"},
				"up": {"uv": [9.625, 0.985, 9.515, 0.515], "texture": "#6"},
				"down": {"uv": [9.625, 1.015, 9.515, 1.485], "texture": "#6"}
			}
		},
		{
			"name": "blade",
			"from": [7.75, 20.82238, -2.82089],
			"to": [8.25, 21.83787, -0.80839],
			"rotation": {"angle": -22.5, "axis": "x", "origin": [7.7125, 15.09983, 7.77407]},
			"faces": {
				"north": {"uv": [9.765, 7.765, 9.875, 7.985], "texture": "#6"},
				"east": {"uv": [8.015, 7.515, 8.485, 7.735], "texture": "#6"},
				"south": {"uv": [9.765, 8.015, 9.875, 8.235], "texture": "#6"},
				"west": {"uv": [8.265, 3.765, 8.735, 3.985], "texture": "#6"},
				"up": {"uv": [9.625, 2.485, 9.515, 2.015], "texture": "#6"},
				"down": {"uv": [2.625, 9.515, 2.515, 9.985], "texture": "#6"}
			}
		},
		{
			"name": "blade",
			"from": [7.8, 16.38956, 0.81455],
			"to": [8.2, 18.38956, 6.09907],
			"rotation": {"angle": 45, "axis": "x", "origin": [7.6625, 16.78452, 7.73711]},
			"faces": {
				"north": {"uv": [9.515, 2.515, 9.625, 2.985], "texture": "#6"},
				"east": {"uv": [3.015, 4.515, 4.3125, 4.985], "texture": "#6"},
				"south": {"uv": [3.015, 9.515, 3.125, 9.985], "texture": "#6"},
				"west": {"uv": [4.515, 4.515, 5.8125, 4.985], "texture": "#6"},
				"up": {"uv": [7.625, 9.3125, 7.515, 8.015], "texture": "#6"},
				"down": {"uv": [7.875, 8.015, 7.765, 9.3125], "texture": "#6"}
			}
		},
		{
			"name": "blade",
			"from": [7.85, 18.99045, 0.64458],
			"to": [8.15, 20.19045, 5.9291],
			"rotation": {"angle": 22.5, "axis": "x", "origin": [7.6, 19.99045, 4.48684]},
			"faces": {
				"north": {"uv": [10.015, 9.515, 10.0625, 9.8125], "texture": "#6"},
				"east": {"uv": [6.515, 2.015, 7.8125, 2.3125], "texture": "#6"},
				"south": {"uv": [9.765, 10.015, 9.8125, 10.3125], "texture": "#6"},
				"west": {"uv": [6.515, 2.515, 7.8125, 2.8125], "texture": "#6"},
				"up": {"uv": [2.0625, 10.3125, 2.015, 9.015], "texture": "#6"},
				"down": {"uv": [2.3125, 9.015, 2.265, 10.3125], "texture": "#6"}
			}
		},
		{
			"name": "blade",
			"from": [7.9, 18.99045, 2.14458],
			"to": [8.1, 20.19045, 4.9291],
			"rotation": {"angle": 0, "axis": "y", "origin": [7.65, 19.99045, 3.48684]},
			"faces": {
				"north": {"uv": [10.015, 10.015, 10.0625, 10.3125], "texture": "#6"},
				"east": {"uv": [0.015, 8.015, 0.6875, 8.3125], "texture": "#6"},
				"south": {"uv": [0.015, 10.265, 0.0625, 10.5625], "texture": "#6"},
				"west": {"uv": [8.015, 2.265, 8.6875, 2.5625], "texture": "#6"},
				"up": {"uv": [9.8125, 2.6875, 9.765, 2.015], "texture": "#6"},
				"down": {"uv": [9.8125, 2.765, 9.765, 3.4375], "texture": "#6"}
			}
		},
		{
			"name": "blade",
			"from": [7.7, 25.7861, -3.2953],
			"to": [8.3, 26.80158, -2.82024],
			"rotation": {"angle": -45, "axis": "x", "origin": [7.6625, 19.86354, 7.79966]},
			"faces": {
				"north": {"uv": [9.765, 8.515, 9.875, 8.735], "texture": "#6"},
				"east": {"uv": [9.765, 8.765, 9.875, 8.985], "texture": "#6"},
				"south": {"uv": [9.765, 9.015, 9.875, 9.235], "texture": "#6"},
				"west": {"uv": [9.265, 9.765, 9.375, 9.985], "texture": "#6"},
				"up": {"uv": [10.375, 2.125, 10.265, 2.015], "texture": "#6"},
				"down": {"uv": [10.375, 2.265, 10.265, 2.375], "texture": "#6"}
			}
		},
		{
			"name": "blade",
			"from": [7.7, 24.83048, 0.96556],
			"to": [8.3, 25.34596, 8.30146],
			"rotation": {"angle": -22.5, "axis": "x", "origin": [7.6625, 18.40792, 11.06051]},
			"faces": {
				"north": {"uv": [10.265, 2.515, 10.375, 2.625], "texture": "#6"},
				"east": {"uv": [7.765, 1.515, 9.5625, 1.625], "texture": "#6"},
				"south": {"uv": [10.265, 2.765, 10.375, 2.875], "texture": "#6"},
				"west": {"uv": [7.765, 1.765, 9.5625, 1.875], "texture": "#6"},
				"up": {"uv": [7.375, 9.3125, 7.265, 7.515], "texture": "#6"},
				"down": {"uv": [1.625, 7.765, 1.515, 9.5625], "texture": "#6"}
			}
		},
		{
			"name": "blade",
			"from": [7.75, 26.02642, 10.28034],
			"to": [8.25, 26.94191, 11.43103],
			"rotation": {"angle": -45, "axis": "x", "origin": [7.6125, 19.60387, 13.2753]},
			"faces": {
				"north": {"uv": [9.765, 9.265, 9.875, 9.485], "texture": "#6"},
				"east": {"uv": [8.765, 6.015, 9.0625, 6.235], "texture": "#6"},
				"south": {"uv": [9.515, 9.765, 9.625, 9.985], "texture": "#6"},
				"west": {"uv": [9.015, 3.265, 9.3125, 3.485], "texture": "#6"},
				"up": {"uv": [4.125, 10.0625, 4.015, 9.765], "texture": "#6"},
				"down": {"uv": [9.875, 4.265, 9.765, 4.5625], "texture": "#6"}
			}
		},
		{
			"name": "blade",
			"from": [7.71937, 20.1997, -1.49198],
			"to": [8.28063, 21.85202, 6.66366],
			"rotation": {"angle": -22.5, "axis": "x", "origin": [7.65, 20.97586, 2.58584]},
			"faces": {
				"north": {"uv": [9.515, 7.765, 9.625, 8.1875], "texture": "#6"},
				"east": {"uv": [1.015, 4.015, 3.0625, 4.4375], "texture": "#6"},
				"south": {"uv": [8.015, 9.515, 8.125, 9.9375], "texture": "#6"},
				"west": {"uv": [3.265, 4.015, 5.3125, 4.4375], "texture": "#6"},
				"up": {"uv": [5.625, 9.0625, 5.515, 7.015], "texture": "#6"},
				"down": {"uv": [3.625, 7.515, 3.515, 9.5625], "texture": "#6"}
			}
		},
		{
			"name": "blade",
			"from": [7.7, 20.80708, 1.15465],
			"to": [8.3, 21.72256, 9.34215],
			"rotation": {"angle": -22.5, "axis": "x", "origin": [7.6625, 15.08452, 7.73711]},
			"faces": {
				"north": {"uv": [9.765, 9.515, 9.875, 9.735], "texture": "#6"},
				"east": {"uv": [6.015, 4.765, 8.0625, 4.985], "texture": "#6"},
				"south": {"uv": [9.765, 9.765, 9.875, 9.985], "texture": "#6"},
				"west": {"uv": [6.015, 5.015, 8.0625, 5.235], "texture": "#6"},
				"up": {"uv": [3.875, 9.5625, 3.765, 7.515], "texture": "#6"},
				"down": {"uv": [4.125, 7.515, 4.015, 9.5625], "texture": "#6"}
			}
		},
		{
			"name": "blade",
			"from": [7.719, 17.41346, -2.7413],
			"to": [8.281, 19.29463, -0.7813],
			"rotation": {"angle": -22.5, "axis": "x", "origin": [7.65, 18.25405, -1.7613]},
			"faces": {
				"north": {"uv": [9.515, 3.015, 9.625, 3.485], "texture": "#6"},
				"east": {"uv": [5.515, 4.015, 5.985, 4.485], "texture": "#6"},
				"south": {"uv": [9.515, 4.265, 9.625, 4.735], "texture": "#6"},
				"west": {"uv": [6.515, 7.515, 6.985, 7.985], "texture": "#6"},
				"up": {"uv": [9.625, 5.235, 9.515, 4.765], "texture": "#6"},
				"down": {"uv": [9.625, 5.265, 9.515, 5.735], "texture": "#6"}
			}
		},
		{
			"name": "blade",
			"from": [7.7, 24.83048, 10.30146],
			"to": [8.3, 25.34596, 11.66556],
			"rotation": {"angle": -22.5, "axis": "x", "origin": [7.6625, 18.40792, 11.06051]},
			"faces": {
				"north": {"uv": [10.265, 3.015, 10.375, 3.125], "texture": "#6"},
				"east": {"uv": [4.515, 9.765, 4.8125, 9.875], "texture": "#6"},
				"south": {"uv": [10.265, 3.265, 10.375, 3.375], "texture": "#6"},
				"west": {"uv": [9.765, 4.765, 10.0625, 4.875], "texture": "#6"},
				"up": {"uv": [5.125, 10.0625, 5.015, 9.765], "texture": "#6"},
				"down": {"uv": [9.875, 5.015, 9.765, 5.3125], "texture": "#6"}
			}
		},
		{
			"name": "blade",
			"from": [7.7, 24.33048, 8.30146],
			"to": [8.3, 25.34596, 10.30146],
			"rotation": {"angle": -22.5, "axis": "x", "origin": [7.6625, 18.40792, 11.06051]},
			"faces": {
				"north": {"uv": [0.015, 10.015, 0.125, 10.235], "texture": "#6"},
				"east": {"uv": [8.515, 3.015, 8.985, 3.235], "texture": "#6"},
				"south": {"uv": [10.015, 0.015, 10.125, 0.235], "texture": "#6"},
				"west": {"uv": [8.515, 6.265, 8.985, 6.485], "texture": "#6"},
				"up": {"uv": [9.625, 6.235, 9.515, 5.765], "texture": "#6"},
				"down": {"uv": [6.125, 9.515, 6.015, 9.985], "texture": "#6"}
			}
		},
		{
			"name": "blade",
			"from": [7.75, 26.02642, 11.43103],
			"to": [8.25, 26.54191, 13.88034],
			"rotation": {"angle": -45, "axis": "x", "origin": [7.6125, 19.60387, 13.2753]},
			"faces": {
				"north": {"uv": [10.265, 3.515, 10.375, 3.625], "texture": "#6"},
				"east": {"uv": [9.015, 3.515, 9.625, 3.625], "texture": "#6"},
				"south": {"uv": [10.265, 3.765, 10.375, 3.875], "texture": "#6"},
				"west": {"uv": [9.015, 4.015, 9.625, 4.125], "texture": "#6"},
				"up": {"uv": [3.375, 9.625, 3.265, 9.015], "texture": "#6"},
				"down": {"uv": [9.125, 4.265, 9.015, 4.875], "texture": "#6"}
			}
		},
		{
			"name": "blade",
			"from": [7.7, 25.9861, -2.82024],
			"to": [8.3, 26.80158, 2.4047],
			"rotation": {"angle": -45, "axis": "x", "origin": [7.6625, 19.86354, 7.79966]},
			"faces": {
				"north": {"uv": [4.265, 10.015, 4.375, 10.1875], "texture": "#6"},
				"east": {"uv": [7.515, 4.515, 8.8125, 4.6875], "texture": "#6"},
				"south": {"uv": [10.015, 4.265, 10.125, 4.4375], "texture": "#6"},
				"west": {"uv": [7.515, 6.765, 8.8125, 6.9375], "texture": "#6"},
				"up": {"uv": [8.125, 9.3125, 8.015, 8.015], "texture": "#6"},
				"down": {"uv": [8.375, 0.015, 8.265, 1.3125], "texture": "#6"}
			}
		},
		{
			"name": "blade",
			"from": [7.9, 21.3379, 7.20597],
			"to": [8.1, 24.12242, 8.10597],
			"rotation": {"angle": 0, "axis": "y", "origin": [7.64375, 22.08529, 7.18171]},
			"faces": {
				"north": {"uv": [3.265, 9.765, 3.3125, 10.4375], "texture": "#6"},
				"east": {"uv": [4.765, 8.015, 4.985, 8.6875], "texture": "#6"},
				"south": {"uv": [3.515, 9.765, 3.5625, 10.4375], "texture": "#6"},
				"west": {"uv": [5.765, 8.015, 5.985, 8.6875], "texture": "#6"},
				"up": {"uv": [4.0625, 10.485, 4.015, 10.265], "texture": "#6"},
				"down": {"uv": [10.3125, 4.015, 10.265, 4.235], "texture": "#6"}
			}
		},
		{
			"name": "blade",
			"from": [7.7875, 20.27958, 5.38658],
			"to": [8.1875, 22.27958, 8.5711],
			"rotation": {"angle": 45, "axis": "x", "origin": [7.64375, 22.18529, 7.38171]},
			"faces": {
				"north": {"uv": [6.265, 9.515, 6.375, 9.985], "texture": "#6"},
				"east": {"uv": [6.515, 5.265, 7.3125, 5.735], "texture": "#6"},
				"south": {"uv": [9.515, 6.265, 9.625, 6.735], "texture": "#6"},
				"west": {"uv": [6.515, 5.765, 7.3125, 6.235], "texture": "#6"},
				"up": {"uv": [4.625, 9.5625, 4.515, 8.765], "texture": "#6"},
				"down": {"uv": [4.875, 8.765, 4.765, 9.5625], "texture": "#6"}
			}
		},
		{
			"name": "blade",
			"from": [7.85, 18.49011, 6.57036],
			"to": [8.15, 24.07463, 7.97036],
			"rotation": {"angle": -22.5, "axis": "x", "origin": [7.64375, 22.18529, 7.3571]},
			"faces": {
				"north": {"uv": [1.265, 9.015, 1.3125, 10.375], "texture": "#6"},
				"east": {"uv": [4.515, 5.765, 4.875, 7.125], "texture": "#6"},
				"south": {"uv": [1.765, 9.015, 1.8125, 10.375], "texture": "#6"},
				"west": {"uv": [6.015, 5.265, 6.375, 6.625], "texture": "#6"},
				"up": {"uv": [4.5625, 10.375, 4.515, 10.015], "texture": "#6"},
				"down": {"uv": [4.8125, 10.015, 4.765, 10.375], "texture": "#6"}
			}
		},
		{
			"name": "blade",
			"from": [7.7745, 20.48619, 6.74086],
			"to": [8.2255, 21.64619, 12.08091],
			"rotation": {"angle": -22.5, "axis": "x", "origin": [7.65, 21.51619, 9.41088]},
			"faces": {
				"north": {"uv": [5.265, 9.765, 5.375, 10.0625], "texture": "#6"},
				"east": {"uv": [6.515, 3.015, 7.8125, 3.3125], "texture": "#6"},
				"south": {"uv": [5.515, 9.765, 5.625, 10.0625], "texture": "#6"},
				"west": {"uv": [6.515, 3.515, 7.8125, 3.8125], "texture": "#6"},
				"up": {"uv": [8.375, 6.0625, 8.265, 4.765], "texture": "#6"},
				"down": {"uv": [8.375, 8.015, 8.265, 9.3125], "texture": "#6"}
			}
		},
		{
			"name": "blade",
			"from": [7.909, 18.23316, 8.94186],
			"to": [8.091, 21.05999, 9.92186],
			"rotation": {"angle": 22.5, "axis": "x", "origin": [7.65, 19.64657, 9.43186]},
			"faces": {
				"north": {"uv": [9.765, 3.515, 9.8125, 4.1875], "texture": "#6"},
				"east": {"uv": [6.015, 8.015, 6.235, 8.6875], "texture": "#6"},
				"south": {"uv": [3.765, 9.765, 3.8125, 10.4375], "texture": "#6"},
				"west": {"uv": [6.265, 8.015, 6.485, 8.6875], "texture": "#6"},
				"up": {"uv": [4.3125, 10.485, 4.265, 10.265], "texture": "#6"},
				"down": {"uv": [10.3125, 4.265, 10.265, 4.485], "texture": "#6"}
			}
		},
		{
			"name": "blade",
			"from": [7.83, 18.40287, 8.9846],
			"to": [8.17, 22.13077, 9.9206],
			"rotation": {"angle": 45, "axis": "x", "origin": [7.65, 20.26682, 9.4526]},
			"faces": {
				"north": {"uv": [7.515, 9.515, 7.5625, 10.4375], "texture": "#6"},
				"east": {"uv": [4.265, 7.515, 4.485, 8.4375], "texture": "#6"},
				"south": {"uv": [7.765, 9.515, 7.8125, 10.4375], "texture": "#6"},
				"west": {"uv": [7.015, 7.515, 7.235, 8.4375], "texture": "#6"},
				"up": {"uv": [10.3125, 4.735, 10.265, 4.515], "texture": "#6"},
				"down": {"uv": [10.3125, 4.765, 10.265, 4.985], "texture": "#6"}
			}
		},
		{
			"name": "blade",
			"from": [7.845, 20.05707, 9.94538],
			"to": [8.155, 20.76407, 15.58574],
			"rotation": {"angle": 22.5, "axis": "x", "origin": [7.65, 20.41057, 12.76556]},
			"faces": {
				"north": {"uv": [10.515, 0.265, 10.5625, 0.4375], "texture": "#6"},
				"east": {"uv": [7.515, 4.015, 8.9375, 4.1875], "texture": "#6"},
				"south": {"uv": [0.515, 10.515, 0.5625, 10.6875], "texture": "#6"},
				"west": {"uv": [7.515, 4.265, 8.9375, 4.4375], "texture": "#6"},
				"up": {"uv": [0.8125, 10.4375, 0.765, 9.015], "texture": "#6"},
				"down": {"uv": [1.0625, 9.015, 1.015, 10.4375], "texture": "#6"}
			}
		},
		{
			"name": "blade",
			"from": [7.9, 19.80208, 9.80448],
			"to": [8.1, 21.40208, 14.58899],
			"rotation": {"angle": 0, "axis": "y", "origin": [7.65, 20.61696, 14.0921]},
			"faces": {
				"north": {"uv": [10.015, 5.015, 10.0625, 5.375], "texture": "#6"},
				"east": {"uv": [6.515, 0.015, 7.6875, 0.375], "texture": "#6"},
				"south": {"uv": [10.015, 5.515, 10.0625, 5.875], "texture": "#6"},
				"west": {"uv": [6.515, 0.515, 7.6875, 0.875], "texture": "#6"},
				"up": {"uv": [9.0625, 7.4375, 9.015, 6.265], "texture": "#6"},
				"down": {"uv": [9.0625, 7.515, 9.015, 8.6875], "texture": "#6"}
			}
		},
		{
			"name": "blade",
			"from": [7.85995, 19.03758, 15.21249],
			"to": [8.14005, 19.91967, 15.78538],
			"rotation": {"angle": 0, "axis": "y", "origin": [7.65, 19.47863, 15.49894]},
			"faces": {
				"north": {"uv": [5.015, 10.265, 5.0625, 10.485], "texture": "#6"},
				"east": {"uv": [0.265, 10.015, 0.375, 10.235], "texture": "#6"},
				"south": {"uv": [10.265, 5.015, 10.3125, 5.235], "texture": "#6"},
				"west": {"uv": [10.015, 0.265, 10.125, 0.485], "texture": "#6"},
				"up": {"uv": [2.0625, 10.625, 2.015, 10.515], "texture": "#6"},
				"down": {"uv": [10.5625, 2.015, 10.515, 2.125], "texture": "#6"}
			}
		},
		{
			"name": "blade",
			"from": [7.855, 19.67831, 14.25246],
			"to": [8.145, 20.56931, 15.52413],
			"rotation": {"angle": -22.5, "axis": "x", "origin": [7.65, 20.46518, 15.03831]},
			"faces": {
				"north": {"uv": [5.265, 10.265, 5.3125, 10.485], "texture": "#6"},
				"east": {"uv": [9.015, 5.015, 9.3125, 5.235], "texture": "#6"},
				"south": {"uv": [10.265, 5.265, 10.3125, 5.485], "texture": "#6"},
				"west": {"uv": [9.015, 5.265, 9.3125, 5.485], "texture": "#6"},
				"up": {"uv": [10.3125, 0.3125, 10.265, 0.015], "texture": "#6"},
				"down": {"uv": [0.3125, 10.265, 0.265, 10.5625], "texture": "#6"}
			}
		},
		{
			"name": "blade",
			"from": [7.84005, 20.04876, 13.76965],
			"to": [8.15995, 20.96667, 15.3857],
			"rotation": {"angle": -45, "axis": "x", "origin": [7.65, 20.50771, 14.57768]},
			"faces": {
				"north": {"uv": [5.515, 10.265, 5.5625, 10.485], "texture": "#6"},
				"east": {"uv": [8.515, 6.515, 8.875, 6.735], "texture": "#6"},
				"south": {"uv": [10.265, 5.515, 10.3125, 5.735], "texture": "#6"},
				"west": {"uv": [8.765, 3.765, 9.125, 3.985], "texture": "#6"},
				"up": {"uv": [6.0625, 10.375, 6.015, 10.015], "texture": "#6"},
				"down": {"uv": [10.0625, 6.015, 10.015, 6.375], "texture": "#6"}
			}
		},
		{
			"name": "blade",
			"from": [7.855, 20.86631, 14.76561],
			"to": [8.145, 21.75731, 15.34429],
			"rotation": {"angle": -22.5, "axis": "x", "origin": [7.65, 20.46518, 15.03831]},
			"faces": {
				"north": {"uv": [10.265, 5.765, 10.3125, 5.985], "texture": "#6"},
				"east": {"uv": [10.015, 0.515, 10.125, 0.735], "texture": "#6"},
				"south": {"uv": [10.265, 6.015, 10.3125, 6.235], "texture": "#6"},
				"west": {"uv": [10.015, 0.765, 10.125, 0.985], "texture": "#6"},
				"up": {"uv": [2.3125, 10.625, 2.265, 10.515], "texture": "#6"},
				"down": {"uv": [10.5625, 2.265, 10.515, 2.375], "texture": "#6"}
			}
		},
		{
			"name": "blade",
			"from": [7.855, 21.00623, 14.44036],
			"to": [8.145, 21.89723, 15.01903],
			"rotation": {"angle": 0, "axis": "y", "origin": [7.65, 20.46518, 15.03831]},
			"faces": {
				"north": {"uv": [10.265, 6.265, 10.3125, 6.485], "texture": "#6"},
				"east": {"uv": [10.015, 1.015, 10.125, 1.235], "texture": "#6"},
				"south": {"uv": [10.265, 6.515, 10.3125, 6.735], "texture": "#6"},
				"west": {"uv": [10.015, 1.265, 10.125, 1.485], "texture": "#6"},
				"up": {"uv": [2.5625, 10.625, 2.515, 10.515], "texture": "#6"},
				"down": {"uv": [10.5625, 2.515, 10.515, 2.625], "texture": "#6"}
			}
		},
		{
			"name": "blade",
			"from": [7.85, 20.3686, 10.44857],
			"to": [8.15, 22.7686, 14.43309],
			"rotation": {"angle": 22.5, "axis": "x", "origin": [7.65, 20.41696, 14.0921]},
			"faces": {
				"north": {"uv": [9.765, 5.515, 9.8125, 6.125], "texture": "#6"},
				"east": {"uv": [3.015, 5.015, 3.985, 5.625], "texture": "#6"},
				"south": {"uv": [5.765, 9.765, 5.8125, 10.375], "texture": "#6"},
				"west": {"uv": [4.015, 5.015, 4.985, 5.625], "texture": "#6"},
				"up": {"uv": [6.5625, 10.485, 6.515, 9.515], "texture": "#6"},
				"down": {"uv": [6.8125, 9.515, 6.765, 10.485], "texture": "#6"}
			}
		},
		{
			"name": "blade",
			"from": [7.84, 21.84573, 15.24849],
			"to": [8.16, 22.44193, 16.87849],
			"rotation": {"angle": 0, "axis": "y", "origin": [7.65, 22.14874, 16.23877]},
			"faces": {
				"north": {"uv": [2.765, 10.515, 2.8125, 10.625], "texture": "#6"},
				"east": {"uv": [9.265, 3.765, 9.6875, 3.875], "texture": "#6"},
				"south": {"uv": [10.515, 2.765, 10.5625, 2.875], "texture": "#6"},
				"west": {"uv": [9.515, 8.265, 9.9375, 8.375], "texture": "#6"},
				"up": {"uv": [2.5625, 10.4375, 2.515, 10.015], "texture": "#6"},
				"down": {"uv": [2.8125, 10.015, 2.765, 10.4375], "texture": "#6"}
			}
		},
		{
			"name": "blade",
			"from": [7.8502, 22.00465, 16.73865],
			"to": [8.1498, 22.58893, 17.63829],
			"rotation": {"angle": -22.5, "axis": "x", "origin": [7.65, 22.29679, 17.18847]},
			"faces": {
				"north": {"uv": [3.015, 10.515, 3.0625, 10.625], "texture": "#6"},
				"east": {"uv": [1.515, 10.015, 1.735, 10.125], "texture": "#6"},
				"south": {"uv": [10.515, 3.015, 10.5625, 3.125], "texture": "#6"},
				"west": {"uv": [10.015, 1.515, 10.235, 1.625], "texture": "#6"},
				"up": {"uv": [10.3125, 6.985, 10.265, 6.765], "texture": "#6"},
				"down": {"uv": [10.3125, 7.015, 10.265, 7.235], "texture": "#6"}
			}
		},
		{
			"name": "blade",
			"from": [7.86, 22.6518, 16.12837],
			"to": [8.14, 23.81263, 17.01037],
			"rotation": {"angle": 45, "axis": "x", "origin": [7.65, 22.75252, 15.92752]},
			"faces": {
				"north": {"uv": [10.265, 0.515, 10.3125, 0.8125], "texture": "#6"},
				"east": {"uv": [6.015, 9.015, 6.235, 9.3125], "texture": "#6"},
				"south": {"uv": [10.265, 1.015, 10.3125, 1.3125], "texture": "#6"},
				"west": {"uv": [6.265, 9.015, 6.485, 9.3125], "texture": "#6"},
				"up": {"uv": [10.3125, 7.485, 10.265, 7.265], "texture": "#6"},
				"down": {"uv": [10.3125, 7.515, 10.265, 7.735], "texture": "#6"}
			}
		},
		{
			"name": "blade",
			"from": [7.8502, 22.01961, 15.66479],
			"to": [8.1498, 23.6035, 16.56443],
			"rotation": {"angle": 22.5, "axis": "x", "origin": [7.65, 22.81155, 16.11461]},
			"faces": {
				"north": {"uv": [6.265, 10.015, 6.3125, 10.375], "texture": "#6"},
				"east": {"uv": [5.015, 8.765, 5.235, 9.125], "texture": "#6"},
				"south": {"uv": [10.015, 6.515, 10.0625, 6.875], "texture": "#6"},
				"west": {"uv": [5.265, 8.765, 5.485, 9.125], "texture": "#6"},
				"up": {"uv": [10.3125, 7.985, 10.265, 7.765], "texture": "#6"},
				"down": {"uv": [10.3125, 8.015, 10.265, 8.235], "texture": "#6"}
			}
		},
		{
			"name": "blade",
			"from": [7.86, 22.04177, 14.25245],
			"to": [8.14, 23.69259, 16.01645],
			"rotation": {"angle": 0, "axis": "y", "origin": [7.65, 22.75252, 15.92752]},
			"faces": {
				"north": {"uv": [10.015, 2.765, 10.0625, 3.1875], "texture": "#6"},
				"east": {"uv": [1.765, 8.015, 2.1875, 8.4375], "texture": "#6"},
				"south": {"uv": [3.015, 10.015, 3.0625, 10.4375], "texture": "#6"},
				"west": {"uv": [8.015, 2.765, 8.4375, 3.1875], "texture": "#6"},
				"up": {"uv": [10.0625, 3.6875, 10.015, 3.265], "texture": "#6"},
				"down": {"uv": [10.0625, 3.765, 10.015, 4.1875], "texture": "#6"}
			}
		},
		{
			"name": "blade",
			"from": [7.85995, 23.54335, 13.66329],
			"to": [8.14005, 25.91549, 16.00633],
			"rotation": {"angle": 45, "axis": "x", "origin": [7.65, 25.22942, 14.98481]},
			"faces": {
				"north": {"uv": [9.765, 6.265, 9.8125, 6.8125], "texture": "#6"},
				"east": {"uv": [6.765, 4.015, 7.3125, 4.5625], "texture": "#6"},
				"south": {"uv": [7.015, 9.765, 7.0625, 10.3125], "texture": "#6"},
				"west": {"uv": [1.015, 7.015, 1.5625, 7.5625], "texture": "#6"},
				"up": {"uv": [9.8125, 7.5625, 9.765, 7.015], "texture": "#6"},
				"down": {"uv": [8.5625, 9.765, 8.515, 10.3125], "texture": "#6"}
			}
		},
		{
			"name": "blade",
			"from": [7.855, 24.73784, 15.69411],
			"to": [8.145, 26.10851, 17.57511],
			"rotation": {"angle": -22.5, "axis": "x", "origin": [7.65, 24.94571, 15.96687]},
			"faces": {
				"north": {"uv": [1.515, 10.265, 1.5625, 10.5625], "texture": "#6"},
				"east": {"uv": [1.015, 8.515, 1.485, 8.8125], "texture": "#6"},
				"south": {"uv": [10.265, 1.515, 10.3125, 1.8125], "texture": "#6"},
				"west": {"uv": [8.515, 1.015, 8.985, 1.3125], "texture": "#6"},
				"up": {"uv": [10.0625, 2.235, 10.015, 1.765], "texture": "#6"},
				"down": {"uv": [10.0625, 2.265, 10.015, 2.735], "texture": "#6"}
			}
		},
		{
			"name": "blade",
			"from": [7.85, 25.84473, 13.74725],
			"to": [8.15, 26.62925, 18.44725],
			"rotation": {"angle": 0, "axis": "y", "origin": [7.65, 23.92861, 12.64093]},
			"faces": {
				"north": {"uv": [10.515, 0.515, 10.5625, 0.6875], "texture": "#6"},
				"east": {"uv": [7.515, 7.765, 8.6875, 7.9375], "texture": "#6"},
				"south": {"uv": [0.765, 10.515, 0.8125, 10.6875], "texture": "#6"},
				"west": {"uv": [8.015, 2.015, 9.1875, 2.1875], "texture": "#6"},
				"up": {"uv": [8.8125, 10.1875, 8.765, 9.015], "texture": "#6"},
				"down": {"uv": [9.0625, 8.765, 9.015, 9.9375], "texture": "#6"}
			}
		},
		{
			"name": "blade",
			"from": [7.845, 25.90331, 18.16055],
			"to": [8.155, 26.51131, 18.65091],
			"rotation": {"angle": 45, "axis": "x", "origin": [7.65, 26.20731, 18.45573]},
			"faces": {
				"north": {"uv": [3.265, 10.515, 3.3125, 10.625], "texture": "#6"},
				"east": {"uv": [10.265, 8.265, 10.375, 8.375], "texture": "#6"},
				"south": {"uv": [10.515, 3.265, 10.5625, 3.375], "texture": "#6"},
				"west": {"uv": [10.265, 8.515, 10.375, 8.625], "texture": "#6"},
				"up": {"uv": [3.5625, 10.625, 3.515, 10.515], "texture": "#6"},
				"down": {"uv": [10.5625, 3.515, 10.515, 3.625], "texture": "#6"}
			}
		},
		{
			"name": "blade",
			"from": [7.855, 24.73784, 17.57511],
			"to": [8.145, 25.41551, 18.56611],
			"rotation": {"angle": -22.5, "axis": "x", "origin": [7.65, 24.94571, 15.96687]},
			"faces": {
				"north": {"uv": [10.515, 0.765, 10.5625, 0.9375], "texture": "#6"},
				"east": {"uv": [8.515, 2.765, 8.735, 2.9375], "texture": "#6"},
				"south": {"uv": [1.015, 10.515, 1.0625, 10.6875], "texture": "#6"},
				"west": {"uv": [9.015, 5.515, 9.235, 5.6875], "texture": "#6"},
				"up": {"uv": [8.8125, 10.485, 8.765, 10.265], "texture": "#6"},
				"down": {"uv": [10.3125, 8.765, 10.265, 8.985], "texture": "#6"}
			}
		},
		{
			"name": "blade",
			"from": [7.844, 22.68092, 11.59706],
			"to": [8.156, 26.73692, 12.47086],
			"rotation": {"angle": 45, "axis": "x", "origin": [8, 24.70892, 12.03396]},
			"faces": {
				"north": {"uv": [9.515, 6.765, 9.5625, 7.735], "texture": "#6"},
				"east": {"uv": [2.765, 7.765, 2.9375, 8.735], "texture": "#6"},
				"south": {"uv": [7.265, 9.515, 7.3125, 10.485], "texture": "#6"},
				"west": {"uv": [0.765, 8.015, 0.9375, 8.985], "texture": "#6"},
				"up": {"uv": [10.5625, 1.1875, 10.515, 1.015], "texture": "#6"},
				"down": {"uv": [1.3125, 10.515, 1.265, 10.6875], "texture": "#6"}
			}
		},
		{
			"name": "blade",
			"from": [7.865, 21.57178, 6.9451],
			"to": [8.135, 23.10877, 11.6981],
			"rotation": {"angle": -22.5, "axis": "x", "origin": [7.65, 22.34027, 9.3216]},
			"faces": {
				"north": {"uv": [10.015, 7.015, 10.0625, 7.375], "texture": "#6"},
				"east": {"uv": [6.515, 1.015, 7.6875, 1.375], "texture": "#6"},
				"south": {"uv": [10.015, 7.515, 10.0625, 7.875], "texture": "#6"},
				"west": {"uv": [6.515, 1.515, 7.6875, 1.875], "texture": "#6"},
				"up": {"uv": [9.3125, 1.1875, 9.265, 0.015], "texture": "#6"},
				"down": {"uv": [0.5625, 9.265, 0.515, 10.4375], "texture": "#6"}
			}
		},
		{
			"name": "blade",
			"from": [7.95, 22.4216, 7.93039],
			"to": [8.05, 23.00611, 8.53039],
			"rotation": {"angle": 22.5, "axis": "x", "origin": [7.65, 22.71386, 8.23039]},
			"faces": {
				"north": {"uv": [3.765, 10.515, 3.8125, 10.625], "texture": "#6"},
				"east": {"uv": [10.265, 9.015, 10.375, 9.125], "texture": "#6"},
				"south": {"uv": [10.515, 3.765, 10.5625, 3.875], "texture": "#6"},
				"west": {"uv": [10.265, 9.265, 10.375, 9.375], "texture": "#6"},
				"up": {"uv": [4.0625, 10.625, 4.015, 10.515], "texture": "#6"},
				"down": {"uv": [10.5625, 4.015, 10.515, 4.125], "texture": "#6"}
			}
		},
		{
			"name": "blade",
			"from": [7.855, 22.45461, 12.33126],
			"to": [8.145, 23.94061, 15.49493],
			"rotation": {"angle": 22.5, "axis": "x", "origin": [7.65, 24.99243, 15.82271]},
			"faces": {
				"north": {"uv": [8.015, 10.015, 8.0625, 10.375], "texture": "#6"},
				"east": {"uv": [3.515, 7.015, 4.3125, 7.375], "texture": "#6"},
				"south": {"uv": [10.015, 8.015, 10.0625, 8.375], "texture": "#6"},
				"west": {"uv": [7.015, 6.265, 7.8125, 6.625], "texture": "#6"},
				"up": {"uv": [8.3125, 10.3125, 8.265, 9.515], "texture": "#6"},
				"down": {"uv": [9.5625, 8.515, 9.515, 9.3125], "texture": "#6"}
			}
		},
		{
			"name": "blade",
			"from": [7.9, 18.67758, 10.50597],
			"to": [8.1, 20.0621, 11.50597],
			"rotation": {"angle": 45, "axis": "x", "origin": [7.64375, 21.02361, 10.63474]},
			"faces": {
				"north": {"uv": [10.015, 8.515, 10.0625, 8.875], "texture": "#6"},
				"east": {"uv": [8.765, 5.265, 8.985, 5.625], "texture": "#6"},
				"south": {"uv": [9.015, 10.015, 9.0625, 10.375], "texture": "#6"},
				"west": {"uv": [5.765, 8.765, 5.985, 9.125], "texture": "#6"},
				"up": {"uv": [9.5625, 10.485, 9.515, 10.265], "texture": "#6"},
				"down": {"uv": [10.3125, 9.515, 10.265, 9.735], "texture": "#6"}
			}
		},
		{
			"name": "blade",
			"from": [7.891, 19.53777, 9.94282],
			"to": [8.109, 20.55777, 11.35503],
			"rotation": {"angle": -22.5, "axis": "x", "origin": [7.65, 20.04777, 10.64892]},
			"faces": {
				"north": {"uv": [10.265, 9.765, 10.3125, 9.985], "texture": "#6"},
				"east": {"uv": [8.765, 5.765, 9.125, 5.985], "texture": "#6"},
				"south": {"uv": [10.265, 10.015, 10.3125, 10.235], "texture": "#6"},
				"west": {"uv": [6.015, 8.765, 6.375, 8.985], "texture": "#6"},
				"up": {"uv": [10.0625, 9.375, 10.015, 9.015], "texture": "#6"},
				"down": {"uv": [9.3125, 10.015, 9.265, 10.375], "texture": "#6"}
			}
		},
		{
			"name": "blade",
			"from": [7.8451, 21.35439, 14.7368],
			"to": [8.1549, 21.94068, 15.45179],
			"rotation": {"angle": -22.5, "axis": "x", "origin": [7.65, 21.64754, 14.1044]},
			"faces": {
				"north": {"uv": [4.265, 10.515, 4.3125, 10.625], "texture": "#6"},
				"east": {"uv": [10.015, 4.515, 10.1875, 4.625], "texture": "#6"},
				"south": {"uv": [10.515, 4.265, 10.5625, 4.375], "texture": "#6"},
				"west": {"uv": [9.515, 10.015, 9.6875, 10.125], "texture": "#6"},
				"up": {"uv": [10.5625, 1.4375, 10.515, 1.265], "texture": "#6"},
				"down": {"uv": [10.5625, 1.515, 10.515, 1.6875], "texture": "#6"}
			}
		},
		{
			"name": "blade",
			"from": [7.8747, 25.59604, 13.29479],
			"to": [8.1253, 26.53193, 13.96021],
			"rotation": {"angle": -22.5, "axis": "x", "origin": [7.65, 26.06399, 13.6275]},
			"faces": {
				"north": {"uv": [10.265, 10.265, 10.3125, 10.485], "texture": "#6"},
				"east": {"uv": [9.265, 1.265, 9.4375, 1.485], "texture": "#6"},
				"south": {"uv": [10.515, 0.015, 10.5625, 0.235], "texture": "#6"},
				"west": {"uv": [9.265, 9.515, 9.4375, 9.735], "texture": "#6"},
				"up": {"uv": [1.8125, 10.6875, 1.765, 10.515], "texture": "#6"},
				"down": {"uv": [10.5625, 1.765, 10.515, 1.9375], "texture": "#6"}
			}
		},
		{
			"name": "blade",
			"from": [8, 16, 13.72461],
			"to": [8, 32, 26.72461],
			"rotation": {"angle": 0, "axis": "y", "origin": [7, 25, 13.72461]},
			"faces": {
				"north": {"uv": [0.015, 0.015, 0.015, 3.985], "texture": "#6"},
				"east": {"uv": [0.015, 0.015, 3.235, 3.985], "texture": "#6"},
				"south": {"uv": [0.015, 0.015, 0.015, 3.985], "texture": "#6"},
				"west": {"uv": [3.265, 0.015, 6.485, 3.985], "texture": "#6"},
				"up": {"uv": [0.015, 3.235, 0.015, 0.015], "texture": "#6"},
				"down": {"uv": [0.015, 0.015, 0.015, 3.235], "texture": "#6"}
			}
		},
		{
			"name": "handle",
			"from": [7.49443, -6.93892, 7.06108],
			"to": [8.50558, -2.2443, 8.93893],
			"rotation": {"angle": 0, "axis": "y", "origin": [8, -6, 8]},
			"faces": {
				"north": {"uv": [6.015, 6.765, 6.235, 7.9375], "texture": "#6"},
				"east": {"uv": [3.515, 5.765, 3.985, 6.9375], "texture": "#6"},
				"south": {"uv": [6.265, 6.765, 6.485, 7.9375], "texture": "#6"},
				"west": {"uv": [4.015, 5.765, 4.485, 6.9375], "texture": "#6"},
				"up": {"uv": [1.985, 6.735, 1.765, 6.265], "texture": "#6"},
				"down": {"uv": [2.985, 8.765, 2.765, 9.235], "texture": "#6"}
			}
		},
		{
			"name": "handle",
			"from": [8.5778, -6.43373, 9.52331],
			"to": [7.4222, -9.48036, 6.47669],
			"rotation": {"angle": -45, "axis": "x", "origin": [6.8444, -7.95704, 8]},
			"faces": {
				"north": {"uv": [7.515, 7.015, 7.8125, 7.735], "texture": "#6"},
				"east": {"uv": [2.015, 6.015, 2.735, 6.735], "texture": "#6"},
				"south": {"uv": [7.765, 0.015, 8.0625, 0.735], "texture": "#6"},
				"west": {"uv": [6.015, 4.015, 6.735, 4.735], "texture": "#6"},
				"up": {"uv": [8.0625, 1.485, 7.765, 0.765], "texture": "#6"},
				"down": {"uv": [1.3125, 7.765, 1.015, 8.485], "texture": "#6"}
			}
		},
		{
			"name": "handle",
			"from": [8.5778, -2.126, 9.04484],
			"to": [7.4222, -7.0347, 6.95516],
			"rotation": {"angle": 0, "axis": "y", "origin": [6.8444, -4.6179, 8]},
			"faces": {
				"north": {"uv": [6.515, 6.265, 6.8125, 7.485], "texture": "#6"},
				"east": {"uv": [5.015, 5.015, 5.485, 6.235], "texture": "#6"},
				"south": {"uv": [1.765, 6.765, 2.0625, 7.985], "texture": "#6"},
				"west": {"uv": [5.515, 5.015, 5.985, 6.235], "texture": "#6"},
				"up": {"uv": [2.0625, 8.985, 1.765, 8.515], "texture": "#6"},
				"down": {"uv": [2.5625, 8.515, 2.265, 8.985], "texture": "#6"}
			}
		},
		{
			"name": "handle",
			"from": [7.58832, 3.61987, 7.59161],
			"to": [8.41168, 5.13664, 9.40839],
			"rotation": {"angle": -45, "axis": "x", "origin": [8, 5.02826, 8]},
			"faces": {
				"north": {"uv": [9.265, 2.765, 9.4375, 3.125], "texture": "#6"},
				"east": {"uv": [8.015, 6.265, 8.4375, 6.625], "texture": "#6"},
				"south": {"uv": [5.015, 9.265, 5.1875, 9.625], "texture": "#6"},
				"west": {"uv": [8.015, 7.015, 8.4375, 7.375], "texture": "#6"},
				"up": {"uv": [9.1875, 0.9375, 9.015, 0.515], "texture": "#6"},
				"down": {"uv": [9.1875, 1.015, 9.015, 1.4375], "texture": "#6"}
			}
		},
		{
			"name": "handle",
			"from": [7.58832, -2.68013, 6.69161],
			"to": [8.41168, -1.16336, 9.40839],
			"rotation": {"angle": -45, "axis": "x", "origin": [8, -1.27174, 8]},
			"faces": {
				"north": {"uv": [9.265, 6.015, 9.4375, 6.375], "texture": "#6"},
				"east": {"uv": [7.515, 5.265, 8.1875, 5.625], "texture": "#6"},
				"south": {"uv": [9.265, 6.515, 9.4375, 6.875], "texture": "#6"},
				"west": {"uv": [7.515, 5.765, 8.1875, 6.125], "texture": "#6"},
				"up": {"uv": [8.6875, 8.6875, 8.515, 8.015], "texture": "#6"},
				"down": {"uv": [8.9375, 2.265, 8.765, 2.9375], "texture": "#6"}
			}
		},
		{
			"name": "handle",
			"from": [7.59243, 3.70012, 8.62197],
			"to": [8.40757, 5.30073, 9.72758],
			"rotation": {"angle": 22.5, "axis": "x", "origin": [8, 4.50042, 9.17477]},
			"faces": {
				"north": {"uv": [7.015, 9.265, 7.1875, 9.625], "texture": "#6"},
				"east": {"uv": [8.765, 8.015, 8.985, 8.375], "texture": "#6"},
				"south": {"uv": [9.265, 7.015, 9.4375, 7.375], "texture": "#6"},
				"west": {"uv": [8.515, 8.765, 8.735, 9.125], "texture": "#6"},
				"up": {"uv": [9.6875, 9.735, 9.515, 9.515], "texture": "#6"},
				"down": {"uv": [9.9375, 0.015, 9.765, 0.235], "texture": "#6"}
			}
		},
		{
			"name": "handle",
			"from": [7.59243, 1.60012, 8.62197],
			"to": [8.40757, 3.20073, 9.72758],
			"rotation": {"angle": 22.5, "axis": "x", "origin": [8, 2.40042, 9.17477]},
			"faces": {
				"north": {"uv": [9.265, 7.515, 9.4375, 7.875], "texture": "#6"},
				"east": {"uv": [8.765, 8.515, 8.985, 8.875], "texture": "#6"},
				"south": {"uv": [9.265, 8.015, 9.4375, 8.375], "texture": "#6"},
				"west": {"uv": [0.015, 9.015, 0.235, 9.375], "texture": "#6"},
				"up": {"uv": [9.9375, 0.485, 9.765, 0.265], "texture": "#6"},
				"down": {"uv": [9.9375, 0.515, 9.765, 0.735], "texture": "#6"}
			}
		},
		{
			"name": "handle",
			"from": [7.59243, -0.49988, 8.62197],
			"to": [8.40757, 1.10073, 9.72758],
			"rotation": {"angle": 22.5, "axis": "x", "origin": [8, 0.30042, 9.17477]},
			"faces": {
				"north": {"uv": [8.515, 9.265, 8.6875, 9.625], "texture": "#6"},
				"east": {"uv": [9.015, 0.015, 9.235, 0.375], "texture": "#6"},
				"south": {"uv": [9.265, 8.515, 9.4375, 8.875], "texture": "#6"},
				"west": {"uv": [0.265, 9.015, 0.485, 9.375], "texture": "#6"},
				"up": {"uv": [9.9375, 0.985, 9.765, 0.765], "texture": "#6"},
				"down": {"uv": [9.9375, 1.015, 9.765, 1.235], "texture": "#6"}
			}
		},
		{
			"name": "handle",
			"from": [7.59655, -1.47948, 7.64975],
			"to": [8.40345, 4.79496, 9.13619],
			"rotation": {"angle": 0, "axis": "y", "origin": [8, 3.75774, 8.39297]},
			"faces": {
				"north": {"uv": [5.015, 7.015, 5.1875, 8.5625], "texture": "#6"},
				"east": {"uv": [2.765, 6.015, 2.985, 7.5625], "texture": "#6"},
				"south": {"uv": [5.265, 7.015, 5.4375, 8.5625], "texture": "#6"},
				"west": {"uv": [5.765, 6.265, 5.985, 7.8125], "texture": "#6"},
				"up": {"uv": [9.9375, 1.735, 9.765, 1.515], "texture": "#6"},
				"down": {"uv": [9.9375, 1.765, 9.765, 1.985], "texture": "#6"}
			}
		},
		{
			"name": "handle",
			"from": [7.58832, -9.38013, 6.59161],
			"to": [8.41168, -6.56335, 9.40839],
			"rotation": {"angle": -45, "axis": "x", "origin": [8, -7.97174, 8]},
			"faces": {
				"north": {"uv": [8.515, 4.765, 8.6875, 5.4375], "texture": "#6"},
				"east": {"uv": [1.015, 6.265, 1.6875, 6.9375], "texture": "#6"},
				"south": {"uv": [8.515, 5.515, 8.6875, 6.1875], "texture": "#6"},
				"west": {"uv": [5.015, 6.265, 5.6875, 6.9375], "texture": "#6"},
				"up": {"uv": [7.1875, 9.1875, 7.015, 8.515], "texture": "#6"},
				"down": {"uv": [8.6875, 7.015, 8.515, 7.6875], "texture": "#6"}
			}
		},
		{
			"name": "handle",
			"from": [7.58832, 1.51987, 7.59161],
			"to": [8.41168, 3.03664, 9.40839],
			"rotation": {"angle": -45, "axis": "x", "origin": [8, 2.92826, 8]},
			"faces": {
				"north": {"uv": [9.265, 2.765, 9.4375, 3.125], "texture": "#6"},
				"east": {"uv": [8.015, 6.265, 8.4375, 6.625], "texture": "#6"},
				"south": {"uv": [5.015, 9.265, 5.1875, 9.625], "texture": "#6"},
				"west": {"uv": [8.015, 7.015, 8.4375, 7.375], "texture": "#6"},
				"up": {"uv": [9.1875, 0.9375, 9.015, 0.515], "texture": "#6"},
				"down": {"uv": [9.1875, 1.015, 9.015, 1.4375], "texture": "#6"}
			}
		},
		{
			"name": "handle",
			"from": [7.59243, -3.99988, 8.62197],
			"to": [8.40757, -0.99927, 9.72758],
			"rotation": {"angle": 22.5, "axis": "x", "origin": [8, -1.79958, 9.17477]},
			"faces": {
				"north": {"uv": [0.515, 8.515, 0.6875, 9.235], "texture": "#6"},
				"east": {"uv": [8.015, 3.265, 8.235, 3.985], "texture": "#6"},
				"south": {"uv": [4.265, 8.515, 4.4375, 9.235], "texture": "#6"},
				"west": {"uv": [4.515, 8.015, 4.735, 8.735], "texture": "#6"},
				"up": {"uv": [9.9375, 1.485, 9.765, 1.265], "texture": "#6"},
				"down": {"uv": [1.6875, 9.765, 1.515, 9.985], "texture": "#6"}
			}
		},
		{
			"name": "handle",
			"from": [7.58832, -0.58013, 7.59161],
			"to": [8.41168, 0.93664, 9.40839],
			"rotation": {"angle": -45, "axis": "x", "origin": [8, 0.82826, 8]},
			"faces": {
				"north": {"uv": [9.265, 2.765, 9.4375, 3.125], "texture": "#6"},
				"east": {"uv": [8.015, 6.265, 8.4375, 6.625], "texture": "#6"},
				"south": {"uv": [5.015, 9.265, 5.1875, 9.625], "texture": "#6"},
				"west": {"uv": [8.015, 7.015, 8.4375, 7.375], "texture": "#6"},
				"up": {"uv": [9.1875, 0.9375, 9.015, 0.515], "texture": "#6"},
				"down": {"uv": [9.1875, 1.015, 9.015, 1.4375], "texture": "#6"}
			}
		}
	],
	"gui_light": "front",
	"display": {
		"thirdperson_righthand": {
			"translation": [0, 4, 1.75],
			"scale": [1.56445, 1, 1]
		},
		"thirdperson_lefthand": {
			"translation": [0, 4, 1.75],
			"scale": [1.8645, 1, 1]
		},
		"firstperson_righthand": {
			"rotation": [0, -11, -9],
			"translation": [4.5, 3.5, -2.5],
			"scale": [0.8, 0.8, 0.8]
		},
		"firstperson_lefthand": {
			"rotation": [0, -11, -9],
			"translation": [4.5, 3.5, -2.5],
			"scale": [0.8, 0.8, 0.8]
		},
		"ground": {
			"rotation": [15, 0, 0],
			"translation": [0, 10, 0],
			"scale": [0.67, 0.67, 0.67]
		},
		"gui": {
			"rotation": [-90, -45, -90],
			"translation": [-0.75, -2.25, 0],
			"scale": [0.44, 0.44, 0.44]
		},
		"fixed": {
			"rotation": [-90, 45, 90],
			"translation": [1, -3, -0.75],
			"scale": [0.52, 0.52, 0.52]
		}
	},
	"groups": [
		{
			"name": "root",
			"origin": [8, 0.82826, 8],
			"color": 0,
			"children": [
				{
					"name": "Blade",
					"origin": [7.6375, -9.08452, 7.71299],
					"color": 0,
					"children": [
						0,
						1,
						2,
						3,
						4,
						5,
						6,
						7,
						8,
						9,
						10,
						11,
						12,
						13,
						14,
						15,
						16,
						17,
						18,
						19,
						20,
						21,
						22,
						23,
						24,
						25,
						26,
						27,
						28,
						29,
						30,
						31,
						32,
						33,
						34,
						35,
						36,
						37,
						38,
						39,
						40,
						41,
						42,
						43,
						44,
						45,
						46,
						47,
						48,
						49,
						50,
						51
					]
				},
				{
					"name": "Handle",
					"origin": [8, -6, 8],
					"color": 0,
					"children": [52, 53, 54, 55, 56, 57, 58, 59, 60, 61, 62, 63, 64]
				}
			]
		}
	]
}