{
	"credit": "Made with Blockbench",
	"textures": {
		"0": "item/christmas/christmas_all_tools",
		"2": "item/christmas/christmas_ef2_long",
		"3": "item/christmas/christmas_ef1_long",
		"particle": "item/christmas/christmas_all_tools"
	},
	"elements": [
		{
			"from": [7, 1, 7],
			"to": [9, 2, 9],
			"rotation": {"angle": 0, "axis": "y", "origin": [7, 0, 7]},
			"faces": {
				"north": {"uv": [8.875, 2.625, 9.125, 2.75], "texture": "#0"},
				"east": {"uv": [8.875, 2.75, 9.125, 2.875], "texture": "#0"},
				"south": {"uv": [8.875, 3.875, 9.125, 4], "texture": "#0"},
				"west": {"uv": [8.875, 4.75, 9.125, 4.875], "texture": "#0"},
				"up": {"uv": [7.875, 3.125, 7.625, 2.875], "texture": "#0"},
				"down": {"uv": [3.25, 8.375, 3, 8.625], "texture": "#0"}
			}
		},
		{
			"from": [7.2, -1, 7.2],
			"to": [8.8, 1, 8.8],
			"rotation": {"angle": 0, "axis": "y", "origin": [7, 0, 7]},
			"faces": {
				"north": {"uv": [8.375, 4.5, 8.625, 4.75], "texture": "#0"},
				"east": {"uv": [8.375, 4.75, 8.625, 5], "texture": "#0"},
				"south": {"uv": [8.375, 5, 8.625, 5.25], "texture": "#0"},
				"west": {"uv": [8.375, 5.25, 8.625, 5.5], "texture": "#0"},
				"up": {"uv": [8.625, 5.75, 8.375, 5.5], "texture": "#0"},
				"down": {"uv": [6, 8.375, 5.75, 8.625], "texture": "#0"}
			}
		},
		{
			"from": [7, -2, 7],
			"to": [9, -1, 9],
			"rotation": {"angle": 0, "axis": "y", "origin": [7, 0, 7]},
			"faces": {
				"north": {"uv": [8.875, 4.875, 9.125, 5], "texture": "#0"},
				"east": {"uv": [8.875, 5, 9.125, 5.125], "texture": "#0"},
				"south": {"uv": [8.875, 5.125, 9.125, 5.25], "texture": "#0"},
				"west": {"uv": [8.875, 5.25, 9.125, 5.375], "texture": "#0"},
				"up": {"uv": [8.625, 6, 8.375, 5.75], "texture": "#0"},
				"down": {"uv": [8.625, 6, 8.375, 6.25], "texture": "#0"}
			}
		},
		{
			"from": [5.07868, -3.8, 7.2],
			"to": [6.67868, -2.2, 8.8],
			"rotation": {"angle": 45, "axis": "z", "origin": [5.87868, 0, 8]},
			"faces": {
				"north": {"uv": [8.375, 6.25, 8.625, 6.5], "texture": "#0"},
				"east": {"uv": [8.375, 6.5, 8.625, 6.75], "texture": "#0"},
				"south": {"uv": [8.375, 8.25, 8.625, 8.5], "texture": "#0"},
				"west": {"uv": [3.25, 8.5, 3.5, 8.75], "texture": "#0"},
				"up": {"uv": [3.75, 8.75, 3.5, 8.5], "texture": "#0"},
				"down": {"uv": [8.75, 4.125, 8.5, 4.375], "texture": "#0"}
			}
		},
		{
			"from": [7.5, 2, 7.5],
			"to": [8.5, 8, 8.5],
			"rotation": {"angle": 0, "axis": "y", "origin": [7, 0, 7]},
			"faces": {
				"north": {"uv": [6.375, 7.875, 6.5, 8.625], "texture": "#0"},
				"east": {"uv": [2, 8, 2.125, 8.75], "texture": "#0"},
				"south": {"uv": [7, 8.125, 7.125, 8.875], "texture": "#0"},
				"west": {"uv": [7.125, 8.125, 7.25, 8.875], "texture": "#0"},
				"up": {"uv": [2.25, 4.625, 2.125, 4.5], "texture": "#0"},
				"down": {"uv": [6, 5.25, 5.875, 5.375], "texture": "#0"}
			}
		},
		{
			"from": [6.494, 7.994, 7.244],
			"to": [9.506, 10.756, 8.756],
			"rotation": {"angle": 0, "axis": "y", "origin": [7, 0, 7]},
			"faces": {
				"north": {"uv": [5.125, 7.875, 5.5, 8.25], "texture": "#0"},
				"east": {"uv": [8.125, 4.5, 8.375, 4.875], "texture": "#0"},
				"south": {"uv": [6, 7.875, 6.375, 8.25], "texture": "#0"},
				"west": {"uv": [7.25, 8.125, 7.5, 8.5], "texture": "#0"},
				"up": {"uv": [5.75, 4, 5.375, 3.75], "texture": "#0"},
				"down": {"uv": [8.625, 0.5, 8.25, 0.75], "texture": "#0"}
			}
		},
		{
			"from": [6.81707, 9.28661, 7.25],
			"to": [8.96707, 11.38661, 8.75],
			"rotation": {"angle": 45, "axis": "z", "origin": [7.46707, 10.66161, 8]},
			"faces": {
				"north": {"uv": [8.5, 7, 8.75, 7.25], "texture": "#0"},
				"east": {"uv": [7.25, 8.5, 7.5, 8.75], "texture": "#0"},
				"south": {"uv": [8.5, 7.25, 8.75, 7.5], "texture": "#0"},
				"west": {"uv": [8.5, 7.5, 8.75, 7.75], "texture": "#0"},
				"up": {"uv": [8.75, 8.25, 8.5, 8], "texture": "#0"},
				"down": {"uv": [8.625, 8.5, 8.375, 8.75], "texture": "#0"}
			}
		},
		{
			"from": [4.992, 7.992, 7.242],
			"to": [6.508, 10.758, 8.758],
			"rotation": {"angle": 0, "axis": "y", "origin": [7, 0, 7]},
			"faces": {
				"north": {"uv": [8.25, 4.125, 8.5, 4.5], "texture": "#0"},
				"east": {"uv": [5.125, 8.25, 5.375, 8.625], "texture": "#0"},
				"south": {"uv": [6, 8.25, 6.25, 8.625], "texture": "#0"},
				"west": {"uv": [6.625, 8.25, 6.875, 8.625], "texture": "#0"},
				"up": {"uv": [8.875, 1, 8.625, 0.75], "texture": "#0"},
				"down": {"uv": [1.25, 8.625, 1, 8.875], "texture": "#0"}
			}
		},
		{
			"from": [3.38437, 8.46336, 7.244],
			"to": [5.64637, 11.22536, 8.756],
			"rotation": {"angle": -22.5, "axis": "z", "origin": [4.14037, 9.84436, 8]},
			"faces": {
				"north": {"uv": [8.25, 7.5, 8.5, 7.875], "texture": "#0"},
				"east": {"uv": [7.625, 8.25, 7.875, 8.625], "texture": "#0"},
				"south": {"uv": [7.875, 8.25, 8.125, 8.625], "texture": "#0"},
				"west": {"uv": [8.125, 8.25, 8.375, 8.625], "texture": "#0"},
				"up": {"uv": [8.875, 1.25, 8.625, 1], "texture": "#0"},
				"down": {"uv": [8.875, 1.25, 8.625, 1.5], "texture": "#0"}
			}
		},
		{
			"from": [4.17958, 7.80515, 7.45],
			"to": [5.92958, 9.55515, 8.55],
			"rotation": {"angle": 22.5, "axis": "z", "origin": [5.55458, 8.43015, 8]},
			"faces": {
				"north": {"uv": [1.625, 8.625, 1.875, 8.875], "texture": "#0"},
				"east": {"uv": [5.75, 8.875, 5.875, 9.125], "texture": "#0"},
				"south": {"uv": [2.125, 8.625, 2.375, 8.875], "texture": "#0"},
				"west": {"uv": [5.875, 8.875, 6, 9.125], "texture": "#0"},
				"up": {"uv": [9.125, 5.5, 8.875, 5.375], "texture": "#0"},
				"down": {"uv": [9.125, 6.125, 8.875, 6.25], "texture": "#0"}
			}
		},
		{
			"from": [11.49846, 9.34785, 7.25],
			"to": [13.44846, 11.29785, 8.75],
			"rotation": {"angle": -22.5, "axis": "z", "origin": [12.02346, 10.02285, 8]},
			"faces": {
				"north": {"uv": [3.25, 8.625, 3, 8.875], "texture": "#0"},
				"east": {"uv": [8.875, 4.375, 8.625, 4.625], "texture": "#0"},
				"south": {"uv": [4.375, 8.625, 4.125, 8.875], "texture": "#0"},
				"west": {"uv": [4.125, 8.625, 3.875, 8.875], "texture": "#0"},
				"up": {"uv": [8.625, 4.875, 8.875, 4.625], "texture": "#0"},
				"down": {"uv": [8.625, 4.875, 8.875, 5.125], "texture": "#0"}
			}
		},
		{
			"from": [10.35363, 8.46336, 7.244],
			"to": [12.61563, 11.22536, 8.756],
			"rotation": {"angle": 22.5, "axis": "z", "origin": [11.85963, 9.84436, 8]},
			"faces": {
				"north": {"uv": [8.5, 7.5, 8.25, 7.875], "texture": "#0"},
				"east": {"uv": [8.375, 8.25, 8.125, 8.625], "texture": "#0"},
				"south": {"uv": [8.125, 8.25, 7.875, 8.625], "texture": "#0"},
				"west": {"uv": [7.875, 8.25, 7.625, 8.625], "texture": "#0"},
				"up": {"uv": [8.625, 1.25, 8.875, 1], "texture": "#0"},
				"down": {"uv": [8.625, 1.25, 8.875, 1.5], "texture": "#0"}
			}
		},
		{
			"from": [10.07042, 7.80515, 7.45],
			"to": [11.82042, 9.55515, 8.55],
			"rotation": {"angle": -22.5, "axis": "z", "origin": [10.44542, 8.43015, 8]},
			"faces": {
				"north": {"uv": [1.875, 8.625, 1.625, 8.875], "texture": "#0"},
				"east": {"uv": [6, 8.875, 5.875, 9.125], "texture": "#0"},
				"south": {"uv": [2.375, 8.625, 2.125, 8.875], "texture": "#0"},
				"west": {"uv": [5.875, 8.875, 5.75, 9.125], "texture": "#0"},
				"up": {"uv": [8.875, 5.5, 9.125, 5.375], "texture": "#0"},
				"down": {"uv": [8.875, 6.125, 9.125, 6.25], "texture": "#0"}
			}
		},
		{
			"from": [9.492, 7.992, 7.242],
			"to": [11.008, 10.758, 8.758],
			"rotation": {"angle": 0, "axis": "y", "origin": [9, 0, 7]},
			"faces": {
				"north": {"uv": [8.5, 4.125, 8.25, 4.5], "texture": "#0"},
				"east": {"uv": [6.875, 8.25, 6.625, 8.625], "texture": "#0"},
				"south": {"uv": [6.25, 8.25, 6, 8.625], "texture": "#0"},
				"west": {"uv": [5.375, 8.25, 5.125, 8.625], "texture": "#0"},
				"up": {"uv": [8.625, 1, 8.875, 0.75], "texture": "#0"},
				"down": {"uv": [1, 8.625, 1.25, 8.875], "texture": "#0"}
			}
		},
		{
			"from": [5.75, 11.05, 7.525],
			"to": [10.25, 12, 8.475],
			"rotation": {"angle": 0, "axis": "y", "origin": [7, 0, 7]},
			"faces": {
				"north": {"uv": [3.25, 5.75, 3.875, 5.875], "texture": "#0"},
				"east": {"uv": [6.125, 0.5, 6.25, 0.625], "texture": "#0"},
				"south": {"uv": [8.125, 3.5, 8.75, 3.625], "texture": "#0"},
				"west": {"uv": [2.125, 6.375, 2.25, 6.5], "texture": "#0"},
				"up": {"uv": [8.875, 2.875, 8.25, 2.75], "texture": "#0"},
				"down": {"uv": [8.875, 7.875, 8.25, 8], "texture": "#0"}
			}
		},
		{
			"from": [6.35, 10.9, 7.375],
			"to": [6.85, 12.15, 8.625],
			"rotation": {"angle": 0, "axis": "y", "origin": [7, 0, 7]},
			"faces": {
				"north": {"uv": [7.5, 4.125, 7.625, 4.25], "texture": "#0"},
				"east": {"uv": [3.25, 8.375, 3.375, 8.5], "texture": "#0"},
				"south": {"uv": [8.5, 4.375, 8.625, 4.5], "texture": "#0"},
				"west": {"uv": [9, 1.5, 9.125, 1.625], "texture": "#0"},
				"up": {"uv": [2.375, 9.125, 2.25, 9], "texture": "#0"},
				"down": {"uv": [2.5, 9, 2.375, 9.125], "texture": "#0"}
			}
		},
		{
			"name": "christmas",
			"from": [7.6, 10, 6.5],
			"to": [8.4, 10.75, 7.25],
			"rotation": {"angle": 22.5, "axis": "x", "origin": [8, 10.375, 6.875]},
			"faces": {
				"north": {"uv": [2.625, 9, 2.75, 9.125], "texture": "#0"},
				"east": {"uv": [2.75, 9, 2.875, 9.125], "texture": "#0"},
				"south": {"uv": [2.875, 9, 3, 9.125], "texture": "#0"},
				"west": {"uv": [9, 2.875, 9.125, 3], "texture": "#0"},
				"up": {"uv": [9.125, 3.125, 9, 3], "texture": "#0"},
				"down": {"uv": [9.125, 3.125, 9, 3.25], "texture": "#0"}
			}
		},
		{
			"name": "christmas",
			"from": [8, 9.25, 6.5],
			"to": [8.8, 10, 7.25],
			"rotation": {"angle": -22.5, "axis": "y", "origin": [8.4, 9.625, 6.875]},
			"faces": {
				"north": {"uv": [3.25, 9, 3.375, 9.125], "texture": "#0"},
				"east": {"uv": [9, 3.25, 9.125, 3.375], "texture": "#0"},
				"south": {"uv": [3.375, 9, 3.5, 9.125], "texture": "#0"},
				"west": {"uv": [9, 3.375, 9.125, 3.5], "texture": "#0"},
				"up": {"uv": [3.625, 9.125, 3.5, 9], "texture": "#0"},
				"down": {"uv": [3.75, 9, 3.625, 9.125], "texture": "#0"}
			}
		},
		{
			"name": "christmas",
			"from": [7.2, 9.25, 6.5],
			"to": [8, 10, 7.25],
			"rotation": {"angle": 22.5, "axis": "y", "origin": [7.6, 9.625, 6.875]},
			"faces": {
				"north": {"uv": [9, 3.625, 9.125, 3.75], "texture": "#0"},
				"east": {"uv": [3.75, 9, 3.875, 9.125], "texture": "#0"},
				"south": {"uv": [9, 3.75, 9.125, 3.875], "texture": "#0"},
				"west": {"uv": [9, 4, 9.125, 4.125], "texture": "#0"},
				"up": {"uv": [9.125, 4.5, 9, 4.375], "texture": "#0"},
				"down": {"uv": [9.125, 4.5, 9, 4.625], "texture": "#0"}
			}
		},
		{
			"name": "christmas",
			"from": [-1, 4, 7.1],
			"to": [17, 14, 7.1],
			"rotation": {"angle": 0, "axis": "y", "origin": [8, 9, 7.1]},
			"faces": {
				"north": {"uv": [0, 0, 2.25, 1.25], "texture": "#0"},
				"east": {"uv": [0, 0, 0, 1.25], "texture": "#0"},
				"south": {"uv": [2.25, 0, 0, 1.25], "texture": "#0"},
				"west": {"uv": [0, 0, 0, 1.25], "texture": "#0"},
				"up": {"uv": [2.25, 0, 0, 0], "texture": "#0"},
				"down": {"uv": [2.25, 0, 0, 0], "texture": "#0"}
			}
		},
		{
			"name": "christmas",
			"from": [3.39645, 6.39645, 6.85],
			"to": [8.39645, 9.64645, 6.85],
			"rotation": {"angle": 45, "axis": "z", "origin": [5.89645, 8.02145, 6.85]},
			"faces": {
				"north": {"uv": [7.625, 2.5, 8.25, 2.875], "texture": "#0"},
				"east": {"uv": [0, 0, 0, 0.375], "texture": "#0"},
				"south": {"uv": [8.25, 2.5, 7.625, 2.875], "texture": "#0"},
				"west": {"uv": [0, 0, 0, 0.375], "texture": "#0"},
				"up": {"uv": [0.625, 0, 0, 0], "texture": "#0"},
				"down": {"uv": [0.625, 0, 0, 0], "texture": "#0"}
			}
		},
		{
			"name": "christmas",
			"from": [7.60355, 6.39645, 6.85],
			"to": [12.60355, 9.64645, 6.85],
			"rotation": {"angle": -45, "axis": "z", "origin": [10.10355, 8.02145, 6.85]},
			"faces": {
				"north": {"uv": [8.25, 2.5, 7.625, 2.875], "texture": "#0"},
				"east": {"uv": [0, 0, 0, 0.375], "texture": "#0"},
				"south": {"uv": [7.625, 2.5, 8.25, 2.875], "texture": "#0"},
				"west": {"uv": [0, 0, 0, 0.375], "texture": "#0"},
				"up": {"uv": [0, 0, 0.625, 0], "texture": "#0"},
				"down": {"uv": [0, 0, 0.625, 0], "texture": "#0"}
			}
		},
		{
			"name": "christmas",
			"from": [-1, 4, 8.9],
			"to": [17, 14, 8.9],
			"rotation": {"angle": 0, "axis": "y", "origin": [8, 9, 8.9]},
			"faces": {
				"north": {"uv": [0, 0, 2.25, 1.25], "texture": "#0"},
				"east": {"uv": [0, 0, 0, 1.25], "texture": "#0"},
				"south": {"uv": [2.25, 0, 0, 1.25], "texture": "#0"},
				"west": {"uv": [0, 0, 0, 1.25], "texture": "#0"},
				"up": {"uv": [2.25, 0, 0, 0], "texture": "#0"},
				"down": {"uv": [2.25, 0, 0, 0], "texture": "#0"}
			}
		},
		{
			"name": "christmas",
			"from": [3.39645, 6.39645, 9.15],
			"to": [8.39645, 9.64645, 9.15],
			"rotation": {"angle": 45, "axis": "z", "origin": [5.89645, 8.02145, 9.15]},
			"faces": {
				"north": {"uv": [7.625, 2.5, 8.25, 2.875], "texture": "#0"},
				"east": {"uv": [0, 0, 0, 0.375], "texture": "#0"},
				"south": {"uv": [8.25, 2.5, 7.625, 2.875], "texture": "#0"},
				"west": {"uv": [0, 0, 0, 0.375], "texture": "#0"},
				"up": {"uv": [0.625, 0, 0, 0], "texture": "#0"},
				"down": {"uv": [0.625, 0, 0, 0], "texture": "#0"}
			}
		},
		{
			"name": "christmas",
			"from": [7.2, 9.25, 8.75],
			"to": [8, 10, 9.5],
			"rotation": {"angle": -22.5, "axis": "y", "origin": [7.6, 9.625, 9.125]},
			"faces": {
				"north": {"uv": [9.125, 3.75, 9, 3.875], "texture": "#0"},
				"east": {"uv": [3.875, 9, 3.75, 9.125], "texture": "#0"},
				"south": {"uv": [9.125, 3.625, 9, 3.75], "texture": "#0"},
				"west": {"uv": [9.125, 4, 9, 4.125], "texture": "#0"},
				"up": {"uv": [9.125, 4.375, 9, 4.5], "texture": "#0"},
				"down": {"uv": [9.125, 4.625, 9, 4.5], "texture": "#0"}
			}
		},
		{
			"name": "christmas",
			"from": [7.6, 10, 8.75],
			"to": [8.4, 10.75, 9.5],
			"rotation": {"angle": -22.5, "axis": "x", "origin": [8, 10.375, 9.125]},
			"faces": {
				"north": {"uv": [3, 9, 2.875, 9.125], "texture": "#0"},
				"east": {"uv": [2.875, 9, 2.75, 9.125], "texture": "#0"},
				"south": {"uv": [2.75, 9, 2.625, 9.125], "texture": "#0"},
				"west": {"uv": [9.125, 2.875, 9, 3], "texture": "#0"},
				"up": {"uv": [9.125, 3, 9, 3.125], "texture": "#0"},
				"down": {"uv": [9.125, 3.25, 9, 3.125], "texture": "#0"}
			}
		},
		{
			"name": "christmas",
			"from": [8, 9.25, 8.75],
			"to": [8.8, 10, 9.5],
			"rotation": {"angle": 22.5, "axis": "y", "origin": [8.4, 9.625, 9.125]},
			"faces": {
				"north": {"uv": [3.5, 9, 3.375, 9.125], "texture": "#0"},
				"east": {"uv": [9.125, 3.25, 9, 3.375], "texture": "#0"},
				"south": {"uv": [3.375, 9, 3.25, 9.125], "texture": "#0"},
				"west": {"uv": [9.125, 3.375, 9, 3.5], "texture": "#0"},
				"up": {"uv": [3.625, 9, 3.5, 9.125], "texture": "#0"},
				"down": {"uv": [3.75, 9.125, 3.625, 9], "texture": "#0"}
			}
		},
		{
			"name": "christmas",
			"from": [7.60355, 6.39645, 9.15],
			"to": [12.60355, 9.64645, 9.15],
			"rotation": {"angle": -45, "axis": "z", "origin": [10.10355, 8.02145, 9.15]},
			"faces": {
				"north": {"uv": [8.25, 2.5, 7.625, 2.875], "texture": "#0"},
				"east": {"uv": [0, 0, 0, 0.375], "texture": "#0"},
				"south": {"uv": [7.625, 2.5, 8.25, 2.875], "texture": "#0"},
				"west": {"uv": [0, 0, 0, 0.375], "texture": "#0"},
				"up": {"uv": [0, 0, 0.625, 0], "texture": "#0"},
				"down": {"uv": [0, 0, 0.625, 0], "texture": "#0"}
			}
		},
		{
			"from": [4.75, 10.75, 7.75],
			"to": [11.25, 21, 8.25],
			"rotation": {"angle": 0, "axis": "y", "origin": [7, 0, 7]},
			"faces": {
				"north": {"uv": [3.125, 4, 4, 5.25], "texture": "#0"},
				"east": {"uv": [4.875, 7.875, 5, 9.125], "texture": "#0"},
				"south": {"uv": [4, 4, 4.875, 5.25], "texture": "#0"},
				"west": {"uv": [5, 7.875, 5.125, 9.125], "texture": "#0"},
				"up": {"uv": [6, 1.75, 5.125, 1.625], "texture": "#0"},
				"down": {"uv": [9, 0.25, 8.125, 0.375], "texture": "#0"}
			}
		},
		{
			"from": [6.75, 12, 7.525],
			"to": [9.25, 16, 8.475],
			"rotation": {"angle": 0, "axis": "y", "origin": [7, 0, 7]},
			"faces": {
				"north": {"uv": [7.625, 5.875, 8, 6.375], "texture": "#0"},
				"east": {"uv": [6.875, 4.25, 7, 4.75], "texture": "#0"},
				"south": {"uv": [7.625, 6.375, 8, 6.875], "texture": "#0"},
				"west": {"uv": [3.75, 8.5, 3.875, 9], "texture": "#0"},
				"up": {"uv": [6.875, 3.75, 6.5, 3.625], "texture": "#0"},
				"down": {"uv": [7, 7.125, 6.625, 7.25], "texture": "#0"}
			}
		},
		{
			"from": [7.25, 13.25, 7.275],
			"to": [8.75, 14.75, 8.725],
			"rotation": {"angle": 45, "axis": "z", "origin": [8, 14, 8]},
			"faces": {
				"north": {"uv": [2.375, 8.625, 2.625, 8.875], "texture": "#0"},
				"east": {"uv": [6, 8.875, 6.125, 9.125], "texture": "#0"},
				"south": {"uv": [8.625, 2.5, 8.875, 2.75], "texture": "#0"},
				"west": {"uv": [8.875, 6.25, 9, 6.5], "texture": "#0"},
				"up": {"uv": [7.125, 9, 6.875, 8.875], "texture": "#0"},
				"down": {"uv": [8, 8.875, 7.75, 9], "texture": "#0"}
			}
		},
		{
			"from": [4.25, 12.75, 7.625],
			"to": [11.75, 15.25, 8.375],
			"rotation": {"angle": 0, "axis": "y", "origin": [7, 0, 7]},
			"faces": {
				"north": {"uv": [4.5, 7, 5.5, 7.375], "texture": "#0"},
				"east": {"uv": [2.625, 6.5, 2.75, 6.875], "texture": "#0"},
				"south": {"uv": [7, 4.875, 8, 5.25], "texture": "#0"},
				"west": {"uv": [8.25, 8.625, 8.375, 9], "texture": "#0"},
				"up": {"uv": [4.875, 5.375, 3.875, 5.25], "texture": "#0"},
				"down": {"uv": [9, 4, 8, 4.125], "texture": "#0"}
			}
		},
		{
			"from": [4.75, 21, 7.75],
			"to": [7.25, 25.75, 8.25],
			"rotation": {"angle": 0, "axis": "y", "origin": [9, 0, 7]},
			"faces": {
				"north": {"uv": [2.75, 4.625, 3.125, 5.25], "texture": "#0"},
				"east": {"uv": [4.875, 5.875, 5, 6.5], "texture": "#0"},
				"south": {"uv": [7.625, 5.25, 8, 5.875], "texture": "#0"},
				"west": {"uv": [6.875, 8.25, 7, 8.875], "texture": "#0"},
				"up": {"uv": [9.125, 3.625, 8.75, 3.5], "texture": "#0"},
				"down": {"uv": [9.125, 4.125, 8.75, 4.25], "texture": "#0"}
			}
		},
		{
			"from": [4.742, 25.742, 7.742],
			"to": [6.258, 28.758, 8.258],
			"rotation": {"angle": 0, "axis": "y", "origin": [7, 0, 7]},
			"faces": {
				"north": {"uv": [0, 8.375, 0.25, 8.75], "texture": "#0"},
				"east": {"uv": [2, 8.75, 2.125, 9.125], "texture": "#0"},
				"south": {"uv": [0.25, 8.375, 0.5, 8.75], "texture": "#0"},
				"west": {"uv": [8.75, 5.125, 8.875, 5.5], "texture": "#0"},
				"up": {"uv": [9.125, 8, 8.875, 7.875], "texture": "#0"},
				"down": {"uv": [8.25, 8.875, 8, 9], "texture": "#0"}
			}
		},
		{
			"from": [5.27045, 28.39064, 7.744],
			"to": [6.68245, 30.15264, 8.256],
			"rotation": {"angle": -22.5, "axis": "z", "origin": [5.90145, 29.89664, 8]},
			"faces": {
				"north": {"uv": [7.125, 8.875, 7.25, 9.125], "texture": "#0"},
				"east": {"uv": [8.875, 8.25, 9, 8.5], "texture": "#0"},
				"south": {"uv": [8.875, 8.5, 9, 8.75], "texture": "#0"},
				"west": {"uv": [8.875, 8.75, 9, 9], "texture": "#0"},
				"up": {"uv": [9.125, 4.75, 9, 4.625], "texture": "#0"},
				"down": {"uv": [5.5, 9, 5.375, 9.125], "texture": "#0"}
			}
		},
		{
			"from": [5.82939, 29.61153, 7.746],
			"to": [7.23739, 31.36953, 8.254],
			"rotation": {"angle": -45, "axis": "z", "origin": [6.53339, 30.49053, 8]},
			"faces": {
				"north": {"uv": [0, 9, 0.125, 9.25], "texture": "#0"},
				"east": {"uv": [0.125, 9, 0.25, 9.25], "texture": "#0"},
				"south": {"uv": [0.25, 9, 0.375, 9.25], "texture": "#0"},
				"west": {"uv": [9, 0.25, 9.125, 0.5], "texture": "#0"},
				"up": {"uv": [5.625, 9.125, 5.5, 9], "texture": "#0"},
				"down": {"uv": [5.75, 9, 5.625, 9.125], "texture": "#0"}
			}
		},
		{
			"from": [6.85965, 30.59036, 7.748],
			"to": [8.31365, 31.99436, 8.252],
			"rotation": {"angle": 22.5, "axis": "z", "origin": [7.73665, 31.29236, 8]},
			"faces": {
				"north": {"uv": [6.25, 9, 6.375, 9.125], "texture": "#0"},
				"east": {"uv": [9, 6.25, 9.125, 6.375], "texture": "#0"},
				"south": {"uv": [9, 6.375, 9.125, 6.5], "texture": "#0"},
				"west": {"uv": [9, 6.75, 9.125, 6.875], "texture": "#0"},
				"up": {"uv": [7, 9.125, 6.875, 9], "texture": "#0"},
				"down": {"uv": [9.125, 6.875, 9, 7], "texture": "#0"}
			}
		},
		{
			"from": [7.68835, 30.59236, 7.75],
			"to": [9.13835, 31.99236, 8.25],
			"rotation": {"angle": -22.5, "axis": "z", "origin": [8.26335, 31.29236, 8]},
			"faces": {
				"north": {"uv": [6.375, 9, 6.25, 9.125], "texture": "#0"},
				"east": {"uv": [9.125, 6.75, 9, 6.875], "texture": "#0"},
				"south": {"uv": [9.125, 6.375, 9, 6.5], "texture": "#0"},
				"west": {"uv": [9.125, 6.25, 9, 6.375], "texture": "#0"},
				"up": {"uv": [6.875, 9.125, 7, 9], "texture": "#0"},
				"down": {"uv": [9, 6.875, 9.125, 7], "texture": "#0"}
			}
		},
		{
			"from": [8.76261, 29.61153, 7.746],
			"to": [10.17061, 31.36953, 8.254],
			"rotation": {"angle": 45, "axis": "z", "origin": [9.46661, 30.49053, 8]},
			"faces": {
				"north": {"uv": [0.125, 9, 0, 9.25], "texture": "#0"},
				"east": {"uv": [9.125, 0.25, 9, 0.5], "texture": "#0"},
				"south": {"uv": [0.375, 9, 0.25, 9.25], "texture": "#0"},
				"west": {"uv": [0.25, 9, 0.125, 9.25], "texture": "#0"},
				"up": {"uv": [5.5, 9.125, 5.625, 9], "texture": "#0"},
				"down": {"uv": [5.625, 9, 5.75, 9.125], "texture": "#0"}
			}
		},
		{
			"from": [9.31755, 28.39064, 7.744],
			"to": [10.72955, 30.15264, 8.256],
			"rotation": {"angle": 22.5, "axis": "z", "origin": [10.09855, 29.89664, 8]},
			"faces": {
				"north": {"uv": [7.25, 8.875, 7.125, 9.125], "texture": "#0"},
				"east": {"uv": [9, 8.75, 8.875, 9], "texture": "#0"},
				"south": {"uv": [9, 8.5, 8.875, 8.75], "texture": "#0"},
				"west": {"uv": [9, 8.25, 8.875, 8.5], "texture": "#0"},
				"up": {"uv": [9, 4.75, 9.125, 4.625], "texture": "#0"},
				"down": {"uv": [5.375, 9, 5.5, 9.125], "texture": "#0"}
			}
		},
		{
			"from": [9.742, 25.742, 7.742],
			"to": [11.258, 28.758, 8.258],
			"rotation": {"angle": 0, "axis": "y", "origin": [9, 0, 7]},
			"faces": {
				"north": {"uv": [0.25, 8.375, 0, 8.75], "texture": "#0"},
				"east": {"uv": [8.875, 5.125, 8.75, 5.5], "texture": "#0"},
				"south": {"uv": [0.5, 8.375, 0.25, 8.75], "texture": "#0"},
				"west": {"uv": [2.125, 8.75, 2, 9.125], "texture": "#0"},
				"up": {"uv": [8.875, 8, 9.125, 7.875], "texture": "#0"},
				"down": {"uv": [8, 8.875, 8.25, 9], "texture": "#0"}
			}
		},
		{
			"from": [8.75, 21, 7.75],
			"to": [11.25, 25.75, 8.25],
			"rotation": {"angle": 0, "axis": "y", "origin": [7, 0, 7]},
			"faces": {
				"north": {"uv": [3.125, 4.625, 2.75, 5.25], "texture": "#0"},
				"east": {"uv": [7, 8.25, 6.875, 8.875], "texture": "#0"},
				"south": {"uv": [8, 5.25, 7.625, 5.875], "texture": "#0"},
				"west": {"uv": [5, 5.875, 4.875, 6.5], "texture": "#0"},
				"up": {"uv": [8.75, 3.625, 9.125, 3.5], "texture": "#0"},
				"down": {"uv": [8.75, 4.125, 9.125, 4.25], "texture": "#0"}
			}
		},
		{
			"from": [2.55154, 9.34785, 7.25],
			"to": [4.50154, 11.29785, 8.75],
			"rotation": {"angle": 22.5, "axis": "z", "origin": [3.97654, 10.02285, 8]},
			"faces": {
				"north": {"uv": [3, 8.625, 3.25, 8.875], "texture": "#0"},
				"east": {"uv": [3.875, 8.625, 4.125, 8.875], "texture": "#0"},
				"south": {"uv": [4.125, 8.625, 4.375, 8.875], "texture": "#0"},
				"west": {"uv": [8.625, 4.375, 8.875, 4.625], "texture": "#0"},
				"up": {"uv": [8.875, 4.875, 8.625, 4.625], "texture": "#0"},
				"down": {"uv": [8.875, 4.875, 8.625, 5.125], "texture": "#0"}
			}
		},
		{
			"name": "ef",
			"from": [3.26931, 13.5025, 8.0394],
			"to": [3.26931, 23.62, 11.5894],
			"rotation": {"angle": -45, "axis": "y", "origin": [8, 17.64125, 7.64645]},
			"faces": {
				"north": {"uv": [0, 0, 0, 1.5], "texture": "#missing"},
				"east": {"uv": [5.25, 0, 0.75, 12.25], "texture": "#3"},
				"south": {"uv": [0, 0, 0, 1.5], "texture": "#missing"},
				"west": {"uv": [0.75, 0, 5.25, 12.25], "texture": "#3"},
				"up": {"uv": [0, 0, 1.5, 0], "rotation": 270, "texture": "#missing"},
				"down": {"uv": [0, 0, 1.5, 0], "rotation": 90, "texture": "#missing"}
			}
		},
		{
			"name": "ef",
			"from": [12.23069, 20.8925, 4.20349],
			"to": [12.23069, 31.01, 7.75349],
			"rotation": {"angle": -45, "axis": "y", "origin": [8, 17.64125, 7.64645]},
			"faces": {
				"north": {"uv": [0, 0, 0, 1.5], "texture": "#missing"},
				"east": {"uv": [5.75, 0.25, 10.25, 12.5], "texture": "#3"},
				"south": {"uv": [0, 0, 0, 1.5], "texture": "#missing"},
				"west": {"uv": [10.25, 0.25, 5.75, 12.5], "texture": "#3"},
				"up": {"uv": [1.5, 0, 0, 0], "rotation": 270, "texture": "#missing"},
				"down": {"uv": [1.5, 0, 0, 0], "rotation": 90, "texture": "#missing"}
			}
		},
		{
			"name": "ef",
			"from": [12.23069, -0.7275, 3.20349],
			"to": [12.23069, 9.39, 6.75349],
			"rotation": {"angle": -45, "axis": "y", "origin": [8, 17.64125, 7.64645]},
			"faces": {
				"north": {"uv": [0, 0, 0, 1.5], "texture": "#missing"},
				"east": {"uv": [11, 0.5, 15.5, 12.75], "texture": "#3"},
				"south": {"uv": [0, 0, 0, 1.5], "texture": "#missing"},
				"west": {"uv": [15.5, 0.5, 11, 12.75], "texture": "#3"},
				"up": {"uv": [1.5, 0, 0, 0], "rotation": 270, "texture": "#missing"},
				"down": {"uv": [1.5, 0, 0, 0], "rotation": 90, "texture": "#missing"}
			}
		},
		{
			"name": "ef",
			"from": [9.5427, 9, 6.18806],
			"to": [12.8427, 24, 6.18806],
			"rotation": {"angle": -22.5, "axis": "y", "origin": [11.1927, 17.5, 6.18806]},
			"faces": {
				"north": {"uv": [2.75, 2, 4.75, 11.375], "texture": "#2"},
				"east": {"uv": [0, 0, 0, 1.875], "texture": "#missing"},
				"south": {"uv": [4.75, 2, 2.75, 11.375], "texture": "#2"},
				"west": {"uv": [0, 0, 0, 1.875], "texture": "#missing"},
				"up": {"uv": [0, 0, 0.5, 0], "texture": "#missing"},
				"down": {"uv": [0, 0, 0.5, 0], "texture": "#missing"}
			}
		},
		{
			"name": "ef",
			"from": [3.1573, 17, 9.81194],
			"to": [6.4573, 32, 9.81194],
			"rotation": {"angle": -22.5, "axis": "y", "origin": [4.8073, 17.5, 9.81194]},
			"faces": {
				"north": {"uv": [8.5, 2, 6.5, 11.375], "texture": "#2"},
				"east": {"uv": [0, 0, 0, 1.875], "texture": "#missing"},
				"south": {"uv": [6.5, 2, 8.5, 11.375], "texture": "#2"},
				"west": {"uv": [0, 0, 0, 1.875], "texture": "#missing"},
				"up": {"uv": [0.5, 0, 0, 0], "texture": "#missing"},
				"down": {"uv": [0.5, 0, 0, 0], "texture": "#missing"}
			}
		},
		{
			"name": "ef",
			"from": [3.1573, -5, 9.81194],
			"to": [6.4573, 10, 9.81194],
			"rotation": {"angle": -22.5, "axis": "y", "origin": [4.8073, 2.5, 9.81194]},
			"faces": {
				"north": {"uv": [11.75, 2, 13.75, 11.375], "texture": "#2"},
				"east": {"uv": [0, 0, 0, 1.875], "texture": "#missing"},
				"south": {"uv": [13.75, 2, 11.75, 11.375], "texture": "#2"},
				"west": {"uv": [0, 0, 0, 1.875], "texture": "#missing"},
				"up": {"uv": [0.5, 0, 0, 0], "texture": "#missing"},
				"down": {"uv": [0.5, 0, 0, 0], "texture": "#missing"}
			}
		}
	],
	"gui_light": "front",
	"display": {
		"thirdperson_righthand": {
			"rotation": [0, 90, 0],
			"translation": [0, 1.5, 2.25]
		},
		"thirdperson_lefthand": {
			"rotation": [0, 90, 0],
			"translation": [0, 1.5, 2.25]
		},
		"firstperson_righthand": {
			"rotation": [-40.52, -82.43, -44.18],
			"translation": [-0.25, -0.25, 0],
			"scale": [0.66, 0.66, 0.66]
		},
		"firstperson_lefthand": {
			"rotation": [-40.52, -82.43, -44.18],
			"translation": [-0.25, -0.25, 0],
			"scale": [0.66, 0.66, 0.66]
		},
		"ground": {
			"rotation": [0, 0, 45],
			"scale": [0.4, 0.4, 0.4]
		},
		"gui": {
			"rotation": [0, 0, -45],
			"translation": [-2.75, -2.75, 0],
			"scale": [0.59, 0.59, 0.59]
		},
		"head": {
			"scale": [0, 0, 0]
		},
		"fixed": {
			"translation": [0, -4.5, -2.25],
			"scale": [0.8, 0.8, 0.8]
		}
	}
}