{
	"credit": "Made with Blockbench",
	"texture_size": [64, 64],
	"textures": {
		"0": "item/vampire/vampire_axe",
		"1": "item/vampire/vampire_ef_long",
		"particle": "item/vampire/vampire_axe"
	},
	"elements": [
		{
			"from": [7.35, -10, 7.1],
			"to": [8.65, 12.5, 8.9],
			"shade": false,
			"rotation": {"angle": 0, "axis": "y", "origin": [8, 3.125, 10.45521]},
			"faces": {
				"north": {"uv": [4.25, 6.75, 4.625, 12.375], "texture": "#0"},
				"east": {"uv": [5.25, 0, 5.75, 5.625], "texture": "#0"},
				"south": {"uv": [4.75, 6.75, 5.125, 12.375], "texture": "#0"},
				"west": {"uv": [5.75, 0, 6.25, 5.625], "texture": "#0"},
				"up": {"uv": [11.125, 1, 10.75, 0.5], "texture": "#0"},
				"down": {"uv": [11.125, 1, 10.75, 1.5], "texture": "#0"}
			}
		},
		{
			"from": [6.75, -9.89543, 16.70345],
			"to": [9.25, -6.59543, 20.00345],
			"shade": false,
			"rotation": {"angle": 45, "axis": "x", "origin": [8, 3.125, 10.45521]},
			"faces": {
				"north": {"uv": [3.5, 8.25, 4.125, 9.125], "texture": "#0"},
				"east": {"uv": [1.5, 7.5, 2.375, 8.375], "texture": "#0"},
				"south": {"uv": [8.25, 6.5, 8.875, 7.375], "texture": "#0"},
				"west": {"uv": [8, 0.75, 8.875, 1.625], "texture": "#0"},
				"up": {"uv": [7.375, 9.125, 6.75, 8.25], "texture": "#0"},
				"down": {"uv": [8.125, 8.25, 7.5, 9.125], "texture": "#0"}
			}
		},
		{
			"from": [6.75, -5.25, 6.35],
			"to": [9.25, -3.75, 9.65],
			"shade": false,
			"rotation": {"angle": 0, "axis": "y", "origin": [8, 2.875, 10.45521]},
			"faces": {
				"north": {"uv": [10, 1.75, 10.625, 2.125], "texture": "#0"},
				"east": {"uv": [9, 9.25, 9.875, 9.625], "texture": "#0"},
				"south": {"uv": [10, 9, 10.625, 9.375], "texture": "#0"},
				"west": {"uv": [0, 9.5, 0.875, 9.875], "texture": "#0"},
				"up": {"uv": [8.875, 8.375, 8.25, 7.5], "texture": "#0"},
				"down": {"uv": [2.125, 8.5, 1.5, 9.375], "texture": "#0"}
			}
		},
		{
			"from": [6.75, -2, 6.35],
			"to": [9.25, -0.5, 9.65],
			"shade": false,
			"rotation": {"angle": 0, "axis": "y", "origin": [8, 0.125, 10.45521]},
			"faces": {
				"north": {"uv": [10, 9.5, 10.625, 9.875], "texture": "#0"},
				"east": {"uv": [9.5, 0, 10.375, 0.375], "texture": "#0"},
				"south": {"uv": [10, 10, 10.625, 10.375], "texture": "#0"},
				"west": {"uv": [5.25, 9.5, 6.125, 9.875], "texture": "#0"},
				"up": {"uv": [5.875, 9.375, 5.25, 8.5], "texture": "#0"},
				"down": {"uv": [6.625, 8.5, 6, 9.375], "texture": "#0"}
			}
		},
		{
			"from": [7.1, 12.84102, 6.56865],
			"to": [8.9, 16.79102, 7.56865],
			"shade": false,
			"rotation": {"angle": -22.5, "axis": "x", "origin": [8, 13.125, 10.45521]},
			"faces": {
				"north": {"uv": [1, 8.75, 1.5, 9.75], "texture": "#0"},
				"east": {"uv": [9.25, 9.75, 9.5, 10.75], "texture": "#0"},
				"south": {"uv": [9, 6.5, 9.5, 7.5], "texture": "#0"},
				"west": {"uv": [9.5, 9.75, 9.75, 10.75], "texture": "#0"},
				"up": {"uv": [7.5, 11.25, 7, 11], "texture": "#0"},
				"down": {"uv": [8, 11, 7.5, 11.25], "texture": "#0"}
			}
		},
		{
			"from": [7.6, 11.28688, 7.50513],
			"to": [8.4, 14.96188, 8.80513],
			"shade": false,
			"rotation": {"angle": 22.5, "axis": "x", "origin": [8, 13.125, 10.45521]},
			"faces": {
				"north": {"uv": [10.25, 6, 10.5, 6.875], "texture": "#0"},
				"east": {"uv": [1.5, 9.5, 1.875, 10.375], "texture": "#0"},
				"south": {"uv": [10.25, 7, 10.5, 7.875], "texture": "#0"},
				"west": {"uv": [6.25, 9.5, 6.625, 10.375], "texture": "#0"},
				"up": {"uv": [9.25, 11.375, 9, 11], "texture": "#0"},
				"down": {"uv": [11.25, 10.25, 11, 10.625], "texture": "#0"}
			}
		},
		{
			"from": [7.598, 13.16402, 7.56665],
			"to": [8.402, 16.84302, 8.87065],
			"shade": false,
			"rotation": {"angle": -22.5, "axis": "x", "origin": [8, 13.125, 10.45521]},
			"faces": {
				"north": {"uv": [10.25, 8, 10.5, 8.875], "texture": "#0"},
				"east": {"uv": [9.5, 6.5, 9.875, 7.375], "texture": "#0"},
				"south": {"uv": [1.5, 10.5, 1.75, 11.375], "texture": "#0"},
				"west": {"uv": [9.5, 7.5, 9.875, 8.375], "texture": "#0"},
				"up": {"uv": [11.25, 11.125, 11, 10.75], "texture": "#0"},
				"down": {"uv": [0.25, 11.25, 0, 11.625], "texture": "#0"}
			}
		},
		{
			"from": [7.092, 16.77822, 6.57045],
			"to": [8.908, 17.79422, 9.73645],
			"shade": false,
			"rotation": {"angle": -22.5, "axis": "x", "origin": [8, 13.125, 10.45521]},
			"faces": {
				"north": {"uv": [11, 8, 11.5, 8.25], "texture": "#0"},
				"east": {"uv": [10.75, 1.75, 11.5, 2], "texture": "#0"},
				"south": {"uv": [11, 8.25, 11.5, 8.5], "texture": "#0"},
				"west": {"uv": [10.75, 2, 11.5, 2.25], "texture": "#0"},
				"up": {"uv": [8, 10, 7.5, 9.25], "texture": "#0"},
				"down": {"uv": [8.5, 9.25, 8, 10], "texture": "#0"}
			}
		},
		{
			"from": [7.092, 14.89908, 6.63734],
			"to": [8.908, 15.91508, 9.80334],
			"shade": false,
			"rotation": {"angle": 22.5, "axis": "x", "origin": [8, 13.125, 10.45521]},
			"faces": {
				"north": {"uv": [8.5, 11, 9, 11.25], "texture": "#0"},
				"east": {"uv": [10.75, 2.25, 11.5, 2.5], "texture": "#0"},
				"south": {"uv": [11, 8.5, 11.5, 8.75], "texture": "#0"},
				"west": {"uv": [10.75, 2.5, 11.5, 2.75], "texture": "#0"},
				"up": {"uv": [9, 10, 8.5, 9.25], "texture": "#0"},
				"down": {"uv": [9.75, 8.5, 9.25, 9.25], "texture": "#0"}
			}
		},
		{
			"from": [7.1, 10.96188, 8.80513],
			"to": [8.9, 14.91188, 9.80513],
			"shade": false,
			"rotation": {"angle": 22.5, "axis": "x", "origin": [8, 13.125, 10.45521]},
			"faces": {
				"north": {"uv": [9, 7.5, 9.5, 8.5], "texture": "#0"},
				"east": {"uv": [9.75, 9.75, 10, 10.75], "texture": "#0"},
				"south": {"uv": [2.25, 9.25, 2.75, 10.25], "texture": "#0"},
				"west": {"uv": [0, 10, 0.25, 11], "texture": "#0"},
				"up": {"uv": [11.5, 9, 11, 8.75], "texture": "#0"},
				"down": {"uv": [11.5, 9, 11, 9.25], "texture": "#0"}
			}
		},
		{
			"from": [6.342, 16.07561, 9.93363],
			"to": [9.658, 18.59161, 12.44963],
			"shade": false,
			"rotation": {"angle": -45, "axis": "x", "origin": [8, 13.125, 10.45521]},
			"faces": {
				"north": {"uv": [8.25, 8.5, 9.125, 9.125], "texture": "#0"},
				"east": {"uv": [9, 4.25, 9.625, 4.875], "texture": "#0"},
				"south": {"uv": [0, 8.75, 0.875, 9.375], "texture": "#0"},
				"west": {"uv": [9.25, 5, 9.875, 5.625], "texture": "#0"},
				"up": {"uv": [9.875, 1.375, 9, 0.75], "texture": "#0"},
				"down": {"uv": [9.875, 1.5, 9, 2.125], "texture": "#0"}
			}
		},
		{
			"from": [6.344, 12.58642, 7.47598],
			"to": [9.656, 16.09842, 8.48798],
			"shade": false,
			"rotation": {"angle": 22.5, "axis": "x", "origin": [8, 13.125, 10.45521]},
			"faces": {
				"north": {"uv": [8, 1.75, 8.875, 2.625], "texture": "#0"},
				"east": {"uv": [1.75, 10.5, 2, 11.375], "texture": "#0"},
				"south": {"uv": [8, 2.75, 8.875, 3.625], "texture": "#0"},
				"west": {"uv": [10.5, 5, 10.75, 5.875], "texture": "#0"},
				"up": {"uv": [8.875, 5, 8, 4.75], "texture": "#0"},
				"down": {"uv": [11.125, 1.5, 10.25, 1.75], "texture": "#0"}
			}
		},
		{
			"from": [6.346, 14.46756, 7.8878],
			"to": [9.654, 17.97556, 8.8958],
			"shade": false,
			"rotation": {"angle": -22.5, "axis": "x", "origin": [8, 13.125, 10.45521]},
			"faces": {
				"north": {"uv": [8, 3.75, 8.875, 4.625], "texture": "#0"},
				"east": {"uv": [10.5, 6, 10.75, 6.875], "texture": "#0"},
				"south": {"uv": [2.5, 8.25, 3.375, 9.125], "texture": "#0"},
				"west": {"uv": [6.25, 10.5, 6.5, 11.375], "texture": "#0"},
				"up": {"uv": [11.125, 4.5, 10.25, 4.25], "texture": "#0"},
				"down": {"uv": [11.125, 4.5, 10.25, 4.75], "texture": "#0"}
			}
		},
		{
			"from": [6.348, 14.74512, 8.60314],
			"to": [9.652, 15.34912, 9.20714],
			"shade": false,
			"rotation": {"angle": -45, "axis": "x", "origin": [8, 13.125, 10.45521]},
			"faces": {
				"north": {"uv": [11, 9.25, 11.875, 9.375], "texture": "#0"},
				"east": {"uv": [11.5, 5.75, 11.625, 5.875], "texture": "#0"},
				"south": {"uv": [11, 9.5, 11.875, 9.625], "texture": "#0"},
				"west": {"uv": [11.5, 6, 11.625, 6.125], "texture": "#0"},
				"up": {"uv": [11.875, 9.875, 11, 9.75], "texture": "#0"},
				"down": {"uv": [11.875, 10, 11, 10.125], "texture": "#0"}
			}
		},
		{
			"from": [8, 15.72502, 5.25],
			"to": [8, 21.72502, 10.75],
			"shade": false,
			"rotation": {"angle": 0, "axis": "y", "origin": [8, 17.22502, 8]},
			"faces": {
				"north": {"uv": [0, 0, 0, 1.5], "texture": "#0"},
				"east": {"uv": [5.25, 7, 6.625, 8.5], "texture": "#0"},
				"south": {"uv": [0, 0, 0, 1.5], "texture": "#0"},
				"west": {"uv": [6.625, 7, 5.25, 8.5], "texture": "#0"},
				"up": {"uv": [0, 0, 0, 1.375], "texture": "#0"},
				"down": {"uv": [0, 1.375, 0, 0], "texture": "#0"}
			}
		},
		{
			"from": [8, -2, 5.1],
			"to": [8, 0.5, 10.9],
			"shade": false,
			"rotation": {"angle": 0, "axis": "y", "origin": [8, 0.125, 10.45521]},
			"faces": {
				"north": {"uv": [0, 0, 0, 0.625], "texture": "#0"},
				"east": {"uv": [7.75, 5, 9.25, 5.625], "texture": "#0"},
				"south": {"uv": [0, 0, 0, 0.625], "texture": "#0"},
				"west": {"uv": [7.75, 5, 9.25, 5.625], "texture": "#0"},
				"up": {"uv": [0, 1.5, 0, 0], "texture": "#0"},
				"down": {"uv": [0, 0, 0, 1.5], "texture": "#0"}
			}
		},
		{
			"from": [8, -5.25, 5.1],
			"to": [8, -2.75, 10.9],
			"shade": false,
			"rotation": {"angle": 0, "axis": "y", "origin": [8, -3.125, 10.45521]},
			"faces": {
				"north": {"uv": [0, 0, 0, 0.625], "texture": "#0"},
				"east": {"uv": [9.5, 0, 8, 0.625], "texture": "#0"},
				"south": {"uv": [0, 0, 0, 0.625], "texture": "#0"},
				"west": {"uv": [8, 0, 9.5, 0.625], "texture": "#0"},
				"up": {"uv": [0, 1.5, 0, 0], "texture": "#0"},
				"down": {"uv": [0, 0, 0, 1.5], "texture": "#0"}
			}
		},
		{
			"from": [8, -16, 3.85],
			"to": [8, -6.59543, 12.15],
			"shade": false,
			"rotation": {"angle": 0, "axis": "y", "origin": [8, 1.125, 0.10177]},
			"faces": {
				"north": {"uv": [0, 0, 0, 2.375], "texture": "#0"},
				"east": {"uv": [5.125, 4.25, 3, 6.625], "texture": "#0"},
				"south": {"uv": [0, 0, 0, 2.375], "texture": "#0"},
				"west": {"uv": [3, 4.25, 5.125, 6.625], "texture": "#0"},
				"up": {"uv": [0, 2.125, 0, 0], "texture": "#0"},
				"down": {"uv": [0, 0, 0, 2.125], "texture": "#0"}
			}
		},
		{
			"from": [7.25, -11.39543, 16.95345],
			"to": [8.75, -8.84543, 19.50345],
			"shade": false,
			"rotation": {"angle": 45, "axis": "x", "origin": [8, 1.125, 10.45521]},
			"faces": {
				"north": {"uv": [10.25, 0.75, 10.625, 1.375], "texture": "#0"},
				"east": {"uv": [9.25, 5.75, 9.875, 6.375], "texture": "#0"},
				"south": {"uv": [2.25, 10.25, 2.625, 10.875], "texture": "#0"},
				"west": {"uv": [6.75, 9.25, 7.375, 9.875], "texture": "#0"},
				"up": {"uv": [3.125, 10.875, 2.75, 10.25], "texture": "#0"},
				"down": {"uv": [3.625, 10.25, 3.25, 10.875], "texture": "#0"}
			}
		},
		{
			"from": [6.75, 11, 6.35],
			"to": [9.25, 12.5, 9.65],
			"shade": false,
			"rotation": {"angle": 0, "axis": "y", "origin": [8, 13.125, 10.45521]},
			"faces": {
				"north": {"uv": [10.25, 3.25, 10.875, 3.625], "texture": "#0"},
				"east": {"uv": [9.75, 2.25, 10.625, 2.625], "texture": "#0"},
				"south": {"uv": [10.25, 3.75, 10.875, 4.125], "texture": "#0"},
				"west": {"uv": [9.75, 2.75, 10.625, 3.125], "texture": "#0"},
				"up": {"uv": [9.625, 3.125, 9, 2.25], "texture": "#0"},
				"down": {"uv": [9.625, 3.25, 9, 4.125], "texture": "#0"}
			}
		},
		{
			"from": [7.6, 12.5, -4],
			"to": [8.4, 19, -3],
			"shade": false,
			"rotation": {"angle": 0, "axis": "y", "origin": [8, -2.875, -7.95521]},
			"faces": {
				"north": {"uv": [5, 0, 5.25, 1.625], "texture": "#0"},
				"east": {"uv": [5, 1.75, 5.25, 3.375], "texture": "#0"},
				"south": {"uv": [3.75, 9.25, 4, 10.875], "texture": "#0"},
				"west": {"uv": [4, 9.25, 4.25, 10.875], "texture": "#0"},
				"up": {"uv": [10.75, 9, 10.5, 8.75], "texture": "#0"},
				"down": {"uv": [11.5, 1.25, 11.25, 1.5], "texture": "#0"}
			}
		},
		{
			"from": [7.6, 9.34097, -2.02897],
			"to": [8.4, 13.09097, -1.02897],
			"shade": false,
			"rotation": {"angle": -22.5, "axis": "x", "origin": [8, 7.84097, -1.52897]},
			"faces": {
				"north": {"uv": [0.25, 10, 0.5, 11], "texture": "#0"},
				"east": {"uv": [0.5, 10, 0.75, 11], "texture": "#0"},
				"south": {"uv": [0.75, 10, 1, 11], "texture": "#0"},
				"west": {"uv": [10, 0.75, 10.25, 1.75], "texture": "#0"},
				"up": {"uv": [11.5, 1.75, 11.25, 1.5], "texture": "#0"},
				"down": {"uv": [11.5, 4.25, 11.25, 4.5], "texture": "#0"}
			}
		},
		{
			"from": [7.6, 17.57138, -2.55362],
			"to": [8.4, 21.32138, -1.55362],
			"shade": false,
			"rotation": {"angle": 45, "axis": "x", "origin": [8, 20.03163, -1.55232]},
			"faces": {
				"north": {"uv": [6, 10, 6.25, 11], "texture": "#0"},
				"east": {"uv": [10, 6, 10.25, 7], "texture": "#0"},
				"south": {"uv": [6.75, 10, 7, 11], "texture": "#0"},
				"west": {"uv": [7, 10, 7.25, 11], "texture": "#0"},
				"up": {"uv": [7.5, 11.5, 7.25, 11.25], "texture": "#0"},
				"down": {"uv": [11.5, 7.25, 11.25, 7.5], "texture": "#0"}
			}
		},
		{
			"from": [7.6, 21.31157, -1.2807],
			"to": [8.4, 22.31157, 2.9693],
			"shade": false,
			"rotation": {"angle": -22.5, "axis": "x", "origin": [8, 21.81157, 0.3443]},
			"faces": {
				"north": {"uv": [7.5, 11.25, 7.75, 11.5], "texture": "#0"},
				"east": {"uv": [9.5, 0.5, 10.625, 0.75], "texture": "#0"},
				"south": {"uv": [11.25, 7.5, 11.5, 7.75], "texture": "#0"},
				"west": {"uv": [9.75, 4.75, 10.875, 5], "texture": "#0"},
				"up": {"uv": [1.5, 10.875, 1.25, 9.75], "texture": "#0"},
				"down": {"uv": [9.25, 9.75, 9, 10.875], "texture": "#0"}
			}
		},
		{
			"from": [7.6, 6.18818, -1.38556],
			"to": [8.4, 9.93818, -0.38556],
			"shade": false,
			"rotation": {"angle": -45, "axis": "x", "origin": [8, 8.06318, -0.88556]},
			"faces": {
				"north": {"uv": [10, 5, 10.25, 6], "texture": "#0"},
				"east": {"uv": [5.25, 10, 5.5, 11], "texture": "#0"},
				"south": {"uv": [5.5, 10, 5.75, 11], "texture": "#0"},
				"west": {"uv": [5.75, 10, 6, 11], "texture": "#0"},
				"up": {"uv": [11.5, 4.75, 11.25, 4.5], "texture": "#0"},
				"down": {"uv": [11.5, 6.75, 11.25, 7], "texture": "#0"}
			}
		},
		{
			"from": [7.6, 5.62821, 0.13533],
			"to": [8.4, 6.62821, 3.63533],
			"shade": false,
			"rotation": {"angle": 22.5, "axis": "x", "origin": [8, 6.12821, 2.01033]},
			"faces": {
				"north": {"uv": [7, 11.25, 7.25, 11.5], "texture": "#0"},
				"east": {"uv": [10.5, 0, 11.375, 0.25], "texture": "#0"},
				"south": {"uv": [11.25, 7, 11.5, 7.25], "texture": "#0"},
				"west": {"uv": [10.5, 0.25, 11.375, 0.5], "texture": "#0"},
				"up": {"uv": [6.75, 11.375, 6.5, 10.5], "texture": "#0"},
				"down": {"uv": [10.75, 7, 10.5, 7.875], "texture": "#0"}
			}
		},
		{
			"from": [7.792, 12.492, -3.508],
			"to": [8.208, 16.808, 6.508],
			"shade": false,
			"rotation": {"angle": 0, "axis": "y", "origin": [8, -2.875, 1.54479]},
			"faces": {
				"north": {"uv": [11, 5.25, 11.125, 6.375], "texture": "#0"},
				"east": {"uv": [5.25, 5.75, 7.75, 6.875], "texture": "#0"},
				"south": {"uv": [6, 11, 6.125, 12.125], "texture": "#0"},
				"west": {"uv": [0, 6.25, 2.5, 7.375], "texture": "#0"},
				"up": {"uv": [2.125, 12, 2, 9.5], "texture": "#0"},
				"down": {"uv": [1.125, 9.75, 1, 12.25], "texture": "#0"}
			}
		},
		{
			"from": [7.792, 5.992, -3.258],
			"to": [8.208, 12.508, 3.008],
			"shade": false,
			"rotation": {"angle": 0, "axis": "y", "origin": [8, -2.875, 1.54479]},
			"faces": {
				"north": {"uv": [10, 10.5, 10.125, 12.125], "texture": "#0"},
				"east": {"uv": [6.25, 0, 7.875, 1.625], "texture": "#0"},
				"south": {"uv": [10.25, 10.5, 10.375, 12.125], "texture": "#0"},
				"west": {"uv": [6.25, 1.75, 7.875, 3.375], "texture": "#0"},
				"up": {"uv": [10.625, 12.125, 10.5, 10.5], "texture": "#0"},
				"down": {"uv": [10.875, 5, 10.75, 6.625], "texture": "#0"}
			}
		},
		{
			"from": [7.794, 10.03153, 2.52347],
			"to": [8.206, 12.54353, 3.56047],
			"shade": false,
			"rotation": {"angle": 22.5, "axis": "x", "origin": [8, 11.28753, 2.55447]},
			"faces": {
				"north": {"uv": [0.25, 11.25, 0.375, 11.875], "texture": "#0"},
				"east": {"uv": [5, 3.5, 5.25, 4.125], "texture": "#0"},
				"south": {"uv": [0.5, 11.25, 0.625, 11.875], "texture": "#0"},
				"west": {"uv": [2.25, 8.5, 2.5, 9.125], "texture": "#0"},
				"up": {"uv": [11.625, 1.75, 11.5, 1.5], "texture": "#0"},
				"down": {"uv": [1.875, 11.5, 1.75, 11.75], "texture": "#0"}
			}
		},
		{
			"from": [7.796, 12.20472, 2.68166],
			"to": [8.204, 13.21272, 5.21466],
			"shade": false,
			"rotation": {"angle": -22.5, "axis": "x", "origin": [8, 13.45872, 4.69816]},
			"faces": {
				"north": {"uv": [11.5, 1.75, 11.625, 2], "texture": "#0"},
				"east": {"uv": [10.75, 2.75, 11.375, 3], "texture": "#0"},
				"south": {"uv": [11.5, 2, 11.625, 2.25], "texture": "#0"},
				"west": {"uv": [10.75, 3, 11.375, 3.25], "texture": "#0"},
				"up": {"uv": [11.375, 1.125, 11.25, 0.5], "texture": "#0"},
				"down": {"uv": [2.375, 11.25, 2.25, 11.875], "texture": "#0"}
			}
		},
		{
			"from": [7.796, 16.08728, 2.43166],
			"to": [8.204, 17.09528, 4.96466],
			"shade": false,
			"rotation": {"angle": 22.5, "axis": "x", "origin": [8, 15.84128, 4.44816]},
			"faces": {
				"north": {"uv": [11.5, 2.75, 11.625, 3], "texture": "#0"},
				"east": {"uv": [0, 11, 0.625, 11.25], "texture": "#0"},
				"south": {"uv": [11.5, 3, 11.625, 3.25], "texture": "#0"},
				"west": {"uv": [2.25, 11, 2.875, 11.25], "texture": "#0"},
				"up": {"uv": [3.125, 11.875, 3, 11.25], "texture": "#0"},
				"down": {"uv": [3.375, 11.25, 3.25, 11.875], "texture": "#0"}
			}
		},
		{
			"from": [7.794, 16.75647, 2.27347],
			"to": [8.206, 19.26847, 3.31047],
			"shade": false,
			"rotation": {"angle": -22.5, "axis": "x", "origin": [8, 18.01247, 2.30447]},
			"faces": {
				"north": {"uv": [2.5, 11.25, 2.625, 11.875], "texture": "#0"},
				"east": {"uv": [9.75, 8.5, 10, 9.125], "texture": "#0"},
				"south": {"uv": [2.75, 11.25, 2.875, 11.875], "texture": "#0"},
				"west": {"uv": [10.5, 8, 10.75, 8.625], "texture": "#0"},
				"up": {"uv": [11.625, 2.5, 11.5, 2.25], "texture": "#0"},
				"down": {"uv": [11.625, 2.5, 11.5, 2.75], "texture": "#0"}
			}
		},
		{
			"from": [7.792, 16.792, -3.508],
			"to": [8.208, 22.308, 2.758],
			"shade": false,
			"rotation": {"angle": 0, "axis": "y", "origin": [8, 32.175, 1.29479]},
			"faces": {
				"north": {"uv": [9.75, 10.75, 9.875, 12.125], "texture": "#0"},
				"east": {"uv": [6.25, 3.5, 7.875, 4.875], "texture": "#0"},
				"south": {"uv": [10.75, 10.25, 10.875, 11.625], "texture": "#0"},
				"west": {"uv": [2.5, 6.75, 4.125, 8.125], "texture": "#0"},
				"up": {"uv": [10.875, 8.375, 10.75, 6.75], "texture": "#0"},
				"down": {"uv": [10.875, 8.5, 10.75, 10.125], "texture": "#0"}
			}
		},
		{
			"from": [7.796, 16.08728, 11.03534],
			"to": [8.204, 17.09528, 13.34334],
			"shade": false,
			"rotation": {"angle": -22.5, "axis": "x", "origin": [8, 15.84128, 11.55184]},
			"faces": {
				"north": {"uv": [11.5, 5.25, 11.625, 5.5], "texture": "#0"},
				"east": {"uv": [11, 4, 11.625, 4.25], "texture": "#0"},
				"south": {"uv": [11.5, 5.5, 11.625, 5.75], "texture": "#0"},
				"west": {"uv": [11, 4.75, 11.625, 5], "texture": "#0"},
				"up": {"uv": [11.375, 5.875, 11.25, 5.25], "texture": "#0"},
				"down": {"uv": [5.625, 11.25, 5.5, 11.875], "texture": "#0"}
			}
		},
		{
			"from": [7.798, 16.27136, 12.45275],
			"to": [8.202, 18.52536, 14.53175],
			"shade": false,
			"rotation": {"angle": 22.5, "axis": "x", "origin": [8, 16.77336, 13.59225]},
			"faces": {
				"north": {"uv": [5.75, 11.25, 5.875, 11.875], "texture": "#0"},
				"east": {"uv": [9.75, 3.25, 10.25, 3.875], "texture": "#0"},
				"south": {"uv": [11.25, 6, 11.375, 6.625], "texture": "#0"},
				"west": {"uv": [9.75, 4, 10.25, 4.625], "texture": "#0"},
				"up": {"uv": [11.125, 11.75, 11, 11.25], "texture": "#0"},
				"down": {"uv": [11.375, 11, 11.25, 11.5], "texture": "#0"}
			}
		},
		{
			"from": [7.798, 10.92464, 12.20275],
			"to": [8.202, 12.97864, 14.28175],
			"shade": false,
			"rotation": {"angle": -22.5, "axis": "x", "origin": [8, 12.47664, 13.34225]},
			"faces": {
				"north": {"uv": [11.5, 0, 11.625, 0.5], "texture": "#0"},
				"east": {"uv": [2.5, 6.25, 3, 6.75], "texture": "#0"},
				"south": {"uv": [11.5, 0.5, 11.625, 1], "texture": "#0"},
				"west": {"uv": [7.75, 6.5, 8.25, 7], "texture": "#0"},
				"up": {"uv": [11.625, 1.5, 11.5, 1], "texture": "#0"},
				"down": {"uv": [1.625, 11.5, 1.5, 12], "texture": "#0"}
			}
		},
		{
			"from": [7.796, 12.20472, 10.78534],
			"to": [8.204, 13.21272, 13.06834],
			"shade": false,
			"rotation": {"angle": 22.5, "axis": "x", "origin": [8, 13.45872, 11.30184]},
			"faces": {
				"north": {"uv": [11.5, 4.25, 11.625, 4.5], "texture": "#0"},
				"east": {"uv": [11, 3.5, 11.625, 3.75], "texture": "#0"},
				"south": {"uv": [11.5, 4.5, 11.625, 4.75], "texture": "#0"},
				"west": {"uv": [11, 3.75, 11.625, 4], "texture": "#0"},
				"up": {"uv": [3.625, 11.875, 3.5, 11.25], "texture": "#0"},
				"down": {"uv": [5.375, 11.25, 5.25, 11.875], "texture": "#0"}
			}
		},
		{
			"from": [7.6, 10.44385, 12.68316],
			"to": [8.4, 11.44385, 15.03316],
			"shade": false,
			"rotation": {"angle": -45, "axis": "x", "origin": [8, 10.94385, 13.78316]},
			"faces": {
				"north": {"uv": [8.25, 11.25, 8.5, 11.5], "texture": "#0"},
				"east": {"uv": [3, 11, 3.625, 11.25], "texture": "#0"},
				"south": {"uv": [8.5, 11.25, 8.75, 11.5], "texture": "#0"},
				"west": {"uv": [11, 3.25, 11.625, 3.5], "texture": "#0"},
				"up": {"uv": [1, 11.625, 0.75, 11], "texture": "#0"},
				"down": {"uv": [1.5, 11, 1.25, 11.625], "texture": "#0"}
			}
		},
		{
			"from": [7.6, 18.34522, 12.74655],
			"to": [8.4, 19.34522, 14.99655],
			"shade": false,
			"rotation": {"angle": 45, "axis": "x", "origin": [8, 18.84522, 13.87155]},
			"faces": {
				"north": {"uv": [11.25, 10.5, 11.5, 10.75], "texture": "#0"},
				"east": {"uv": [11, 5, 11.625, 5.25], "texture": "#0"},
				"south": {"uv": [11.25, 10.75, 11.5, 11], "texture": "#0"},
				"west": {"uv": [5.25, 11, 5.875, 11.25], "texture": "#0"},
				"up": {"uv": [4, 11.625, 3.75, 11], "texture": "#0"},
				"down": {"uv": [4.25, 11, 4, 11.625], "texture": "#0"}
			}
		},
		{
			"from": [7.792, 12.492, 9.492],
			"to": [8.208, 16.808, 15.408],
			"shade": false,
			"rotation": {"angle": 0, "axis": "y", "origin": [8, -2.875, 14.45521]},
			"faces": {
				"north": {"uv": [11, 6.5, 11.125, 7.625], "texture": "#0"},
				"east": {"uv": [6.75, 7, 8.25, 8.125], "texture": "#0"},
				"south": {"uv": [6.75, 11, 6.875, 12.125], "texture": "#0"},
				"west": {"uv": [0, 7.5, 1.5, 8.625], "texture": "#0"},
				"up": {"uv": [9.375, 12.25, 9.25, 10.75], "texture": "#0"},
				"down": {"uv": [9.625, 10.75, 9.5, 12.25], "texture": "#0"}
			}
		},
		{
			"from": [8, 6.5, 11.9],
			"to": [8, 22.8, 19.4],
			"shade": false,
			"rotation": {"angle": 0, "axis": "y", "origin": [8, 14.65, 17.4]},
			"faces": {
				"north": {"uv": [0, 0, 0, 4.125], "texture": "#0"},
				"east": {"uv": [4.875, 0, 3, 4.125], "texture": "#0"},
				"south": {"uv": [0, 0, 0, 4.125], "texture": "#0"},
				"west": {"uv": [3, 0, 4.875, 4.125], "texture": "#0"},
				"up": {"uv": [0, 1.875, 0, 0], "texture": "#0"},
				"down": {"uv": [0, 0, 0, 1.875], "texture": "#0"}
			}
		},
		{
			"from": [8, 2.5, -7.4],
			"to": [8, 26.8, 4.1],
			"shade": false,
			"rotation": {"angle": 0, "axis": "y", "origin": [8, 14.65, -1.4]},
			"faces": {
				"north": {"uv": [0, 0, 0, 6.125], "texture": "#0"},
				"east": {"uv": [2.875, 0, 0, 6.125], "texture": "#0"},
				"south": {"uv": [0, 0, 0, 6.125], "texture": "#0"},
				"west": {"uv": [0, 0, 2.875, 6.125], "texture": "#0"},
				"up": {"uv": [0, 2.875, 0, 0], "texture": "#0"},
				"down": {"uv": [0, 0, 0, 2.875], "texture": "#0"}
			}
		},
		{
			"from": [7.6, 14.5, 14.25],
			"to": [8.4, 18.25, 15.25],
			"shade": false,
			"rotation": {"angle": -22.5, "axis": "x", "origin": [8, 17.75, 14.75]},
			"faces": {
				"north": {"uv": [10, 7, 10.25, 8], "texture": "#0"},
				"east": {"uv": [7.25, 10, 7.5, 11], "texture": "#0"},
				"south": {"uv": [7.5, 10, 7.75, 11], "texture": "#0"},
				"west": {"uv": [7.75, 10, 8, 11], "texture": "#0"},
				"up": {"uv": [8, 11.5, 7.75, 11.25], "texture": "#0"},
				"down": {"uv": [8.25, 11.25, 8, 11.5], "texture": "#0"}
			}
		},
		{
			"from": [7.6, 11.5228, 14.77619],
			"to": [8.4, 15.2728, 15.77619],
			"shade": false,
			"rotation": {"angle": 22.5, "axis": "x", "origin": [8, 13.3978, 15.27619]},
			"faces": {
				"north": {"uv": [8, 10, 8.25, 11], "texture": "#0"},
				"east": {"uv": [10, 8, 10.25, 9], "texture": "#0"},
				"south": {"uv": [8.25, 10, 8.5, 11], "texture": "#0"},
				"west": {"uv": [8.5, 10, 8.75, 11], "texture": "#0"},
				"up": {"uv": [9, 11.5, 8.75, 11.25], "texture": "#0"},
				"down": {"uv": [11.5, 10.25, 11.25, 10.5], "texture": "#0"}
			}
		},
		{
			"name": "ef",
			"from": [8.8, 28.5, 15],
			"to": [8.8, 1.5, 1],
			"shade": false,
			"rotation": {"angle": 0, "axis": "x", "origin": [8.8, 11.375, 8]},
			"faces": {
				"east": {"uv": [5.75, 16, 0, 6.5], "texture": "#1"},
				"west": {"uv": [0, 16, 5.75, 6.5], "texture": "#1"}
			}
		},
		{
			"name": "ef",
			"from": [9, 14, -8],
			"to": [9, 23, 6],
			"shade": false,
			"rotation": {"angle": -22.5, "axis": "x", "origin": [9, 18.5, -1]},
			"faces": {
				"east": {"uv": [11.5, 8.25, 6.5, 16], "rotation": 90, "texture": "#1"},
				"west": {"uv": [6.5, 8.25, 11.5, 16], "rotation": 270, "texture": "#1"}
			}
		},
		{
			"name": "ef",
			"from": [8.6, 0, 1.5],
			"to": [8.6, 29, 14.5],
			"shade": false,
			"rotation": {"angle": 0, "axis": "x", "origin": [8.8, 11.375, 8]},
			"faces": {
				"east": {"uv": [16, 7, 11.75, 16], "texture": "#1"},
				"west": {"uv": [11.75, 7, 16, 16], "texture": "#1"}
			}
		},
		{
			"name": "ef",
			"from": [7.4, 0, 1.5],
			"to": [7.4, 29, 14.5],
			"shade": false,
			"rotation": {"angle": 0, "axis": "y", "origin": [7.2, 11.375, 8]},
			"faces": {
				"east": {"uv": [11.75, 7, 16, 16], "texture": "#1"},
				"west": {"uv": [16, 7, 11.75, 16], "texture": "#1"}
			}
		},
		{
			"name": "ef",
			"from": [7, 14, -8],
			"to": [7, 23, 6],
			"shade": false,
			"rotation": {"angle": -22.5, "axis": "x", "origin": [7, 18.5, -1]},
			"faces": {
				"east": {"uv": [6.5, 16, 11.5, 8.25], "rotation": 270, "texture": "#1"},
				"west": {"uv": [11.5, 16, 6.5, 8.25], "rotation": 90, "texture": "#1"}
			}
		},
		{
			"name": "ef",
			"from": [7.2, 28.5, 15],
			"to": [7.2, 1.5, 1],
			"shade": false,
			"rotation": {"angle": 0, "axis": "y", "origin": [7.2, 11.375, 8]},
			"faces": {
				"east": {"uv": [0, 16, 5.75, 6.5], "texture": "#1"},
				"west": {"uv": [5.75, 16, 0, 6.5], "texture": "#1"}
			}
		},
		{
			"name": "efblack",
			"from": [9.5, 14, 8.75],
			"to": [9.5, 25, 10.75],
			"shade": false,
			"rotation": {"angle": -22.5, "axis": "y", "origin": [9.5, 19.5, 9.75]},
			"faces": {
				"east": {"uv": [7, 0, 8, 5.25], "texture": "#1"},
				"west": {"uv": [8, 0, 7, 5.25], "texture": "#1"}
			}
		},
		{
			"name": "efblack",
			"from": [6.75, 7, 4],
			"to": [6.75, 18, 6],
			"shade": false,
			"rotation": {"angle": -45, "axis": "y", "origin": [6.75, 12.5, 5]},
			"faces": {
				"east": {"uv": [10.25, 0, 9.25, 5.25], "texture": "#1"},
				"west": {"uv": [9.25, 0, 10.25, 5.25], "texture": "#1"}
			}
		},
		{
			"name": "efblack",
			"from": [6.25, 2.5, 10],
			"to": [6.25, 13.5, 12],
			"shade": false,
			"rotation": {"angle": 22.5, "axis": "y", "origin": [6.25, 8, 11]},
			"faces": {
				"east": {"uv": [12.25, 0, 11.25, 5.25], "texture": "#1"},
				"west": {"uv": [11.25, 0, 12.25, 5.25], "texture": "#1"}
			}
		},
		{
			"name": "efblack",
			"from": [9.75, -6.5, 5],
			"to": [9.75, 4.5, 7],
			"shade": false,
			"rotation": {"angle": 22.5, "axis": "y", "origin": [9.75, -1, 6]},
			"faces": {
				"east": {"uv": [12.25, 0, 11.25, 5.25], "texture": "#1"},
				"west": {"uv": [11.25, 0, 12.25, 5.25], "texture": "#1"}
			}
		}
	],
	"gui_light": "front",
	"display": {
		"thirdperson_righthand": {
			"translation": [0, 7, 2.5],
			"scale": [0.7, 0.7, 0.7]
		},
		"thirdperson_lefthand": {
			"translation": [0, 7, 2.5],
			"scale": [0.7, 0.7, 0.7]
		},
		"firstperson_righthand": {
			"rotation": [7.72, -9.88, 0.4],
			"translation": [25.25, -0.5, -21.5]
		},
		"firstperson_lefthand": {
			"rotation": [7.72, -9.88, 0.4],
			"translation": [25.25, -0.5, -21.5]
		},
		"ground": {
			"rotation": [45, 0, 0],
			"translation": [0, 4.25, 0],
			"scale": [0.2, 0.2, 0.2]
		},
		"gui": {
			"rotation": [90, 45, -90],
			"translation": [0.5, 0.5, 0],
			"scale": [0.47, 0.47, 0.47]
		},
		"head": {
			"scale": [0, 0, 0]
		},
		"fixed": {
			"rotation": [0, -90, 0],
			"translation": [0, 1.5, 0],
			"scale": [0.47, 0.47, 0.47]
		}
	},
	"groups": [
		{
			"name": "group",
			"origin": [8, 13.125, 10.45521],
			"color": 0,
			"shade": false,
			"children": [0, 1, 2, 3, 4, 5, 6, 7, 8, 9, 10, 11, 12, 13, 14, 15, 16, 17, 18, 19]
		},
		20,
		21,
		22,
		23,
		24,
		25,
		26,
		27,
		28,
		29,
		30,
		31,
		32,
		33,
		34,
		35,
		36,
		37,
		38,
		39,
		40,
		41,
		42,
		43,
		44,
		45,
		46,
		47,
		48,
		49,
		50,
		51,
		52,
		53
	]
}