{
	"credit": "Made with Blockbench",
	"texture_size": [64, 64],
	"textures": {
		"1": "item/vampire/vampire_bow",
		"2": "item/vampire/vampire_ef_long",
		"particle": "item/vampire/vampire_ef_long"
	},
	"elements": [
		{
			"from": [7.35, 5, 7.1],
			"to": [8.65, 12.5, 8.9],
			"shade": false,
			"rotation": {"angle": 0, "axis": "y", "origin": [8, 3.125, 10.45521]},
			"faces": {
				"north": {"uv": [1.5, 7, 1.875, 8.875], "texture": "#1"},
				"east": {"uv": [6.75, 0, 7.25, 1.875], "texture": "#1"},
				"south": {"uv": [5.75, 7.25, 6.125, 9.125], "texture": "#1"},
				"west": {"uv": [2, 6.75, 2.5, 8.625], "texture": "#1"},
				"up": {"uv": [7.375, 11.5, 7, 11], "texture": "#1"},
				"down": {"uv": [7.875, 11, 7.5, 11.5], "texture": "#1"}
			}
		},
		{
			"from": [6.592, 15.942, 6.592],
			"to": [9.408, 21.958, 10.908],
			"shade": false,
			"rotation": {"angle": 22.5, "axis": "x", "origin": [8, 20.2, 8.75]},
			"faces": {
				"north": {"uv": [4, 5.5, 4.75, 7], "texture": "#1"},
				"east": {"uv": [4.25, 1.25, 5.375, 2.75], "texture": "#1"},
				"south": {"uv": [4.75, 5.75, 5.5, 7.25], "texture": "#1"},
				"west": {"uv": [5, 2.75, 6.125, 4.25], "texture": "#1"},
				"up": {"uv": [7.5, 8.125, 6.75, 7], "texture": "#1"},
				"down": {"uv": [8, 0, 7.25, 1.125], "texture": "#1"}
			}
		},
		{
			"from": [6.1, 21.01105, 6.75397],
			"to": [9.9, 22.26105, 11.65397],
			"shade": false,
			"rotation": {"angle": 22.5, "axis": "x", "origin": [8, 21.63605, 9.70397]},
			"faces": {
				"north": {"uv": [9.75, 5.5, 10.75, 5.875], "texture": "#1"},
				"east": {"uv": [9.5, 8, 10.75, 8.375], "texture": "#1"},
				"south": {"uv": [9.75, 9.5, 10.75, 9.875], "texture": "#1"},
				"west": {"uv": [9.5, 8.5, 10.75, 8.875], "texture": "#1"},
				"up": {"uv": [3, 6.75, 2, 5.5], "texture": "#1"},
				"down": {"uv": [4, 5.5, 3, 6.75], "texture": "#1"}
			}
		},
		{
			"from": [6.1, 24.20239, 10.04203],
			"to": [9.9, 25.45239, 15.69203],
			"shade": false,
			"rotation": {"angle": 45, "axis": "x", "origin": [8, 24.82739, 13.24203]},
			"faces": {
				"north": {"uv": [10, 0.75, 11, 1.125], "texture": "#1"},
				"east": {"uv": [2.25, 9, 3.625, 9.375], "texture": "#1"},
				"south": {"uv": [1.5, 10, 2.5, 10.375], "texture": "#1"},
				"west": {"uv": [9, 7, 10.375, 7.375], "texture": "#1"},
				"up": {"uv": [6, 5.625, 5, 4.25], "texture": "#1"},
				"down": {"uv": [1, 5.5, 0, 6.875], "texture": "#1"}
			}
		},
		{
			"from": [6.85, 21.01105, 11.65397],
			"to": [9.15, 22.26105, 13.40397],
			"shade": false,
			"rotation": {"angle": 22.5, "axis": "x", "origin": [8, 21.63605, 9.70397]},
			"faces": {
				"north": {"uv": [10.75, 5.25, 11.375, 5.625], "texture": "#1"},
				"east": {"uv": [8, 11, 8.5, 11.375], "texture": "#1"},
				"south": {"uv": [10.75, 5.75, 11.375, 6.125], "texture": "#1"},
				"west": {"uv": [9.5, 11, 10, 11.375], "texture": "#1"},
				"up": {"uv": [4.875, 3.25, 4.25, 2.75], "texture": "#1"},
				"down": {"uv": [7.625, 10.5, 7, 11], "texture": "#1"}
			}
		},
		{
			"from": [8, 16.15283, 9.96005],
			"to": [8, 21.20283, 12.71005],
			"shade": false,
			"rotation": {"angle": 22.5, "axis": "x", "origin": [8, 18.05283, 10.83505]},
			"faces": {
				"north": {"uv": [0, 0, 0, 1.25], "texture": "#1"},
				"east": {"uv": [0.75, 7, 0, 8.25], "texture": "#1"},
				"south": {"uv": [0, 0, 0, 1.25], "texture": "#1"},
				"west": {"uv": [0, 7, 0.75, 8.25], "texture": "#1"},
				"up": {"uv": [0, 0.75, 0, 0], "texture": "#1"},
				"down": {"uv": [0, 0, 0, 0.75], "texture": "#1"}
			}
		},
		{
			"from": [8, 19.56136, 11.65013],
			"to": [8, 24.01136, 14.15013],
			"shade": false,
			"rotation": {"angle": 45, "axis": "x", "origin": [8, 21.83636, 13.27513]},
			"faces": {
				"north": {"uv": [0, 0, 0, 1.125], "texture": "#1"},
				"east": {"uv": [8.625, 0, 8, 1.125], "texture": "#1"},
				"south": {"uv": [0, 0, 0, 1.125], "texture": "#1"},
				"west": {"uv": [8, 0, 8.625, 1.125], "texture": "#1"},
				"up": {"uv": [0, 0.625, 0, 0], "texture": "#1"},
				"down": {"uv": [0, 0, 0, 0.625], "texture": "#1"}
			}
		},
		{
			"from": [7.792, 25.44043, 13.08198],
			"to": [8.208, 26.70643, 17.29798],
			"shade": false,
			"rotation": {"angle": -22.5, "axis": "x", "origin": [8, 24.57343, 16.06498]},
			"faces": {
				"north": {"uv": [11.5, 0, 11.625, 0.375], "texture": "#1"},
				"east": {"uv": [9.5, 9, 10.5, 9.375], "texture": "#1"},
				"south": {"uv": [11.5, 1, 11.625, 1.375], "texture": "#1"},
				"west": {"uv": [9.75, 2.25, 10.75, 2.625], "texture": "#1"},
				"up": {"uv": [3.875, 12.25, 3.75, 11.25], "texture": "#1"},
				"down": {"uv": [5.125, 11.25, 5, 12.25], "texture": "#1"}
			}
		},
		{
			"from": [6.6, 16.60862, 4.78889],
			"to": [9.4, 17.85862, 9.58889],
			"shade": false,
			"rotation": {"angle": 0, "axis": "y", "origin": [8, 17.23362, 6.43889]},
			"faces": {
				"north": {"uv": [7.75, 10.5, 8.5, 10.875], "texture": "#1"},
				"east": {"uv": [2.25, 9.5, 3.5, 9.875], "texture": "#1"},
				"south": {"uv": [10.5, 9, 11.25, 9.375], "texture": "#1"},
				"west": {"uv": [3.5, 9.5, 4.75, 9.875], "texture": "#1"},
				"up": {"uv": [3.25, 8, 2.5, 6.75], "texture": "#1"},
				"down": {"uv": [4, 6.75, 3.25, 8], "texture": "#1"}
			}
		},
		{
			"from": [6.6, 20.2406, 8.92495],
			"to": [9.4, 25.9906, 12.22495],
			"shade": false,
			"rotation": {"angle": 45, "axis": "x", "origin": [8, 23.2406, 11.07495]},
			"faces": {
				"north": {"uv": [5.5, 5.75, 6.25, 7.25], "texture": "#1"},
				"east": {"uv": [1, 5.5, 1.875, 7], "texture": "#1"},
				"south": {"uv": [6, 4.25, 6.75, 5.75], "texture": "#1"},
				"west": {"uv": [5.5, 1.25, 6.375, 2.75], "texture": "#1"},
				"up": {"uv": [3.25, 8.875, 2.5, 8], "texture": "#1"},
				"down": {"uv": [4, 8, 3.25, 8.875], "texture": "#1"}
			}
		},
		{
			"from": [7.1, 26.1693, 12.10314],
			"to": [8.9, 27.9693, 16.85314],
			"shade": false,
			"rotation": {"angle": -22.5, "axis": "x", "origin": [8, 25.8193, 14.97814]},
			"faces": {
				"north": {"uv": [10.75, 2.75, 11.25, 3.25], "texture": "#1"},
				"east": {"uv": [6.5, 2.25, 7.625, 2.75], "texture": "#1"},
				"south": {"uv": [3.5, 10.75, 4, 11.25], "texture": "#1"},
				"west": {"uv": [7.75, 2.25, 8.875, 2.75], "texture": "#1"},
				"up": {"uv": [0.5, 9.375, 0, 8.25], "texture": "#1"},
				"down": {"uv": [5.25, 8.25, 4.75, 9.375], "texture": "#1"}
			}
		},
		{
			"from": [7.35, 26.82317, 15.88765],
			"to": [8.65, 28.12317, 18.88765],
			"shade": false,
			"rotation": {"angle": 0, "axis": "y", "origin": [8, 27.47317, 18.76265]},
			"faces": {
				"north": {"uv": [11.25, 4, 11.625, 4.375], "texture": "#1"},
				"east": {"uv": [2.25, 10.75, 3, 11.125], "texture": "#1"},
				"south": {"uv": [11.25, 4.5, 11.625, 4.875], "texture": "#1"},
				"west": {"uv": [10.75, 2.25, 11.5, 2.625], "texture": "#1"},
				"up": {"uv": [8.875, 11.25, 8.5, 10.5], "texture": "#1"},
				"down": {"uv": [3.375, 10.75, 3, 11.5], "texture": "#1"}
			}
		},
		{
			"from": [8, 23.82317, 12.88765],
			"to": [8, 28.12317, 22.88765],
			"shade": false,
			"rotation": {"angle": 0, "axis": "y", "origin": [8, 27.47317, 18.76265]},
			"faces": {
				"north": {"uv": [0, 0, 0, 1.125], "texture": "#1"},
				"east": {"uv": [6.75, 0, 4.25, 1.125], "texture": "#1"},
				"south": {"uv": [0, 0, 0, 1.125], "texture": "#1"},
				"west": {"uv": [4.25, 0, 6.75, 1.125], "texture": "#1"},
				"up": {"uv": [0, 2.5, 0, 0], "texture": "#1"},
				"down": {"uv": [0, 0, 0, 2.5], "texture": "#1"}
			}
		},
		{
			"from": [7.75, 8, 15.75],
			"to": [8.25, 26, 16.25],
			"shade": false,
			"rotation": {"angle": 0, "axis": "y", "origin": [7, 24, 15]},
			"faces": {
				"north": {"uv": [0.5, 8.25, 0.625, 12.75], "texture": "#1"},
				"east": {"uv": [5.25, 8.25, 5.375, 12.75], "texture": "#1"},
				"south": {"uv": [5.5, 8.25, 5.625, 12.75], "texture": "#1"},
				"west": {"uv": [6.75, 8.25, 6.875, 12.75], "texture": "#1"},
				"up": {"uv": [9.625, 10.375, 9.5, 10.25], "texture": "#1"},
				"down": {"uv": [2.375, 10.5, 2.25, 10.625], "texture": "#1"}
			}
		},
		{
			"from": [6.75, 11, 6.35],
			"to": [9.25, 12.5, 9.65],
			"shade": false,
			"rotation": {"angle": 0, "axis": "y", "origin": [8, 13.125, 10.45521]},
			"faces": {
				"north": {"uv": [10.75, 8.5, 11.375, 8.875], "texture": "#1"},
				"east": {"uv": [10.5, 0, 11.375, 0.375], "texture": "#1"},
				"south": {"uv": [11, 0.5, 11.625, 0.875], "texture": "#1"},
				"west": {"uv": [10.5, 6.75, 11.375, 7.125], "texture": "#1"},
				"up": {"uv": [2.125, 9.875, 1.5, 9], "texture": "#1"},
				"down": {"uv": [9.625, 1.5, 9, 2.375], "texture": "#1"}
			}
		},
		{
			"from": [6.348, 14.74512, 8.60314],
			"to": [9.652, 15.34912, 9.20714],
			"shade": false,
			"rotation": {"angle": -45, "axis": "x", "origin": [8, 13.125, 10.45521]},
			"faces": {
				"north": {"uv": [8.5, 11.25, 9.375, 11.375], "texture": "#1"},
				"east": {"uv": [10.5, 5.25, 10.625, 5.375], "texture": "#1"},
				"south": {"uv": [11.25, 9, 12.125, 9.125], "texture": "#1"},
				"west": {"uv": [10.5, 7.25, 10.625, 7.375], "texture": "#1"},
				"up": {"uv": [12.125, 9.375, 11.25, 9.25], "texture": "#1"},
				"down": {"uv": [12.125, 9.5, 11.25, 9.625], "texture": "#1"}
			}
		},
		{
			"from": [6.346, 14.46756, 7.8878],
			"to": [9.654, 17.97556, 8.8958],
			"shade": false,
			"rotation": {"angle": -22.5, "axis": "x", "origin": [8, 13.125, 10.45521]},
			"faces": {
				"north": {"uv": [7.5, 5.25, 8.375, 6.125], "texture": "#1"},
				"east": {"uv": [11, 4.25, 11.25, 5.125], "texture": "#1"},
				"south": {"uv": [7.5, 6.25, 8.375, 7.125], "texture": "#1"},
				"west": {"uv": [6.25, 11, 6.5, 11.875], "texture": "#1"},
				"up": {"uv": [11.625, 10.5, 10.75, 10.25], "texture": "#1"},
				"down": {"uv": [11.875, 2, 11, 2.25], "texture": "#1"}
			}
		},
		{
			"from": [6.344, 12.58642, 7.47598],
			"to": [9.656, 16.09842, 8.48798],
			"shade": false,
			"rotation": {"angle": 22.5, "axis": "x", "origin": [8, 13.125, 10.45521]},
			"faces": {
				"north": {"uv": [7.5, 3.25, 8.375, 4.125], "texture": "#1"},
				"east": {"uv": [11, 1, 11.25, 1.875], "texture": "#1"},
				"south": {"uv": [7.5, 4.25, 8.375, 5.125], "texture": "#1"},
				"west": {"uv": [11, 3.25, 11.25, 4.125], "texture": "#1"},
				"up": {"uv": [10.375, 7, 9.5, 6.75], "texture": "#1"},
				"down": {"uv": [10.625, 6, 9.75, 6.25], "texture": "#1"}
			}
		},
		{
			"from": [6.342, 16.07561, 9.93363],
			"to": [9.658, 18.59161, 12.44963],
			"shade": false,
			"rotation": {"angle": -45, "axis": "x", "origin": [8, 13.125, 10.45521]},
			"faces": {
				"north": {"uv": [8.5, 6.25, 9.375, 6.875], "texture": "#1"},
				"east": {"uv": [9.75, 4, 10.375, 4.625], "texture": "#1"},
				"south": {"uv": [7, 8.5, 7.875, 9.125], "texture": "#1"},
				"west": {"uv": [9.75, 4.75, 10.375, 5.375], "texture": "#1"},
				"up": {"uv": [9.625, 0.625, 8.75, 0], "texture": "#1"},
				"down": {"uv": [9.875, 0.75, 9, 1.375], "texture": "#1"}
			}
		},
		{
			"from": [7.1, 10.96188, 8.80513],
			"to": [8.9, 14.91188, 9.80513],
			"shade": false,
			"rotation": {"angle": 22.5, "axis": "x", "origin": [8, 13.125, 10.45521]},
			"faces": {
				"north": {"uv": [9.25, 4.25, 9.75, 5.25], "texture": "#1"},
				"east": {"uv": [4, 10.75, 4.25, 11.75], "texture": "#1"},
				"south": {"uv": [9.25, 5.25, 9.75, 6.25], "texture": "#1"},
				"west": {"uv": [4.25, 10.75, 4.5, 11.75], "texture": "#1"},
				"up": {"uv": [11.75, 8.25, 11.25, 8], "texture": "#1"},
				"down": {"uv": [11.75, 8.25, 11.25, 8.5], "texture": "#1"}
			}
		},
		{
			"from": [7.092, 14.89908, 6.63734],
			"to": [8.908, 15.91508, 9.80334],
			"shade": false,
			"rotation": {"angle": 22.5, "axis": "x", "origin": [8, 13.125, 10.45521]},
			"faces": {
				"north": {"uv": [11.25, 5, 11.75, 5.25], "texture": "#1"},
				"east": {"uv": [11.25, 2.75, 12, 3], "texture": "#1"},
				"south": {"uv": [11.25, 7.75, 11.75, 8], "texture": "#1"},
				"west": {"uv": [11.25, 3, 12, 3.25], "texture": "#1"},
				"up": {"uv": [1.25, 11, 0.75, 10.25], "texture": "#1"},
				"down": {"uv": [6.75, 10.25, 6.25, 11], "texture": "#1"}
			}
		},
		{
			"from": [7.092, 16.77822, 6.57045],
			"to": [8.908, 17.79422, 9.73645],
			"shade": false,
			"rotation": {"angle": -22.5, "axis": "x", "origin": [8, 13.125, 10.45521]},
			"faces": {
				"north": {"uv": [10, 1.25, 10.5, 1.5], "texture": "#1"},
				"east": {"uv": [4, 10, 4.75, 10.25], "texture": "#1"},
				"south": {"uv": [10.5, 0.5, 11, 0.75], "texture": "#1"},
				"west": {"uv": [11.25, 1.75, 12, 2], "texture": "#1"},
				"up": {"uv": [6.25, 10.75, 5.75, 10], "texture": "#1"},
				"down": {"uv": [0.5, 10.25, 0, 11], "texture": "#1"}
			}
		},
		{
			"from": [7.598, 13.16402, 7.56665],
			"to": [8.402, 16.84302, 8.87065],
			"shade": false,
			"rotation": {"angle": -22.5, "axis": "x", "origin": [8, 13.125, 10.45521]},
			"faces": {
				"north": {"uv": [0.75, 11, 1, 11.875], "texture": "#1"},
				"east": {"uv": [10.5, 3.25, 10.875, 4.125], "texture": "#1"},
				"south": {"uv": [1, 11, 1.25, 11.875], "texture": "#1"},
				"west": {"uv": [10.5, 4.25, 10.875, 5.125], "texture": "#1"},
				"up": {"uv": [4, 9.375, 3.75, 9], "texture": "#1"},
				"down": {"uv": [11.5, 9.75, 11.25, 10.125], "texture": "#1"}
			}
		},
		{
			"from": [7.6, 11.28688, 7.50513],
			"to": [8.4, 14.96188, 8.80513],
			"shade": false,
			"rotation": {"angle": 22.5, "axis": "x", "origin": [8, 13.125, 10.45521]},
			"faces": {
				"north": {"uv": [0, 11, 0.25, 11.875], "texture": "#1"},
				"east": {"uv": [10.5, 1.25, 10.875, 2.125], "texture": "#1"},
				"south": {"uv": [0.25, 11, 0.5, 11.875], "texture": "#1"},
				"west": {"uv": [1.75, 10.5, 2.125, 11.375], "texture": "#1"},
				"up": {"uv": [8.25, 8.875, 8, 8.5], "texture": "#1"},
				"down": {"uv": [9, 0.75, 8.75, 1.125], "texture": "#1"}
			}
		},
		{
			"from": [7.1, 12.84102, 6.56865],
			"to": [8.9, 16.79102, 7.56865],
			"shade": false,
			"rotation": {"angle": -22.5, "axis": "x", "origin": [8, 13.125, 10.45521]},
			"faces": {
				"north": {"uv": [9, 8.5, 9.5, 9.5], "texture": "#1"},
				"east": {"uv": [6.5, 1.25, 6.75, 2.25], "texture": "#1"},
				"south": {"uv": [9.25, 3.25, 9.75, 4.25], "texture": "#1"},
				"west": {"uv": [5, 10.25, 5.25, 11.25], "texture": "#1"},
				"up": {"uv": [9, 7.25, 8.5, 7], "texture": "#1"},
				"down": {"uv": [2.5, 8.75, 2, 9], "texture": "#1"}
			}
		},
		{
			"from": [6.75, 3.5, 6.35],
			"to": [9.25, 5, 9.65],
			"shade": false,
			"rotation": {"angle": 0, "axis": "y", "origin": [8, 2.875, 10.45521]},
			"faces": {
				"north": {"uv": [10.75, 8.875, 11.375, 8.5], "texture": "#1"},
				"east": {"uv": [10.5, 0.375, 11.375, 0], "texture": "#1"},
				"south": {"uv": [11, 0.875, 11.625, 0.5], "texture": "#1"},
				"west": {"uv": [10.5, 7.125, 11.375, 6.75], "texture": "#1"},
				"up": {"uv": [9.625, 2.375, 9, 1.5], "texture": "#1"},
				"down": {"uv": [2.125, 9, 1.5, 9.875], "texture": "#1"}
			}
		},
		{
			"from": [6.348, 0.65088, 8.60314],
			"to": [9.652, 1.25488, 9.20714],
			"shade": false,
			"rotation": {"angle": 45, "axis": "x", "origin": [8, 2.875, 10.45521]},
			"faces": {
				"north": {"uv": [8.5, 11.375, 9.375, 11.25], "texture": "#1"},
				"east": {"uv": [10.5, 5.375, 10.625, 5.25], "texture": "#1"},
				"south": {"uv": [11.25, 9.125, 12.125, 9], "texture": "#1"},
				"west": {"uv": [10.5, 7.375, 10.625, 7.25], "texture": "#1"},
				"up": {"uv": [12.125, 9.625, 11.25, 9.5], "texture": "#1"},
				"down": {"uv": [12.125, 9.25, 11.25, 9.375], "texture": "#1"}
			}
		},
		{
			"from": [6.346, -1.97556, 7.8878],
			"to": [9.654, 1.53244, 8.8958],
			"shade": false,
			"rotation": {"angle": 22.5, "axis": "x", "origin": [8, 2.875, 10.45521]},
			"faces": {
				"north": {"uv": [7.5, 6.125, 8.375, 5.25], "texture": "#1"},
				"east": {"uv": [11, 5.125, 11.25, 4.25], "texture": "#1"},
				"south": {"uv": [7.5, 7.125, 8.375, 6.25], "texture": "#1"},
				"west": {"uv": [6.25, 11.875, 6.5, 11], "texture": "#1"},
				"up": {"uv": [11.875, 2.25, 11, 2], "texture": "#1"},
				"down": {"uv": [11.625, 10.25, 10.75, 10.5], "texture": "#1"}
			}
		},
		{
			"from": [6.344, -0.09842, 7.47598],
			"to": [9.656, 3.41358, 8.48798],
			"shade": false,
			"rotation": {"angle": -22.5, "axis": "x", "origin": [8, 2.875, 10.45521]},
			"faces": {
				"north": {"uv": [7.5, 4.125, 8.375, 3.25], "texture": "#1"},
				"east": {"uv": [11, 1.875, 11.25, 1], "texture": "#1"},
				"south": {"uv": [7.5, 5.125, 8.375, 4.25], "texture": "#1"},
				"west": {"uv": [11, 4.125, 11.25, 3.25], "texture": "#1"},
				"up": {"uv": [10.625, 6.25, 9.75, 6], "texture": "#1"},
				"down": {"uv": [10.375, 6.75, 9.5, 7], "texture": "#1"}
			}
		},
		{
			"from": [6.342, -2.59161, 9.93363],
			"to": [9.658, -0.07561, 12.44963],
			"shade": false,
			"rotation": {"angle": 45, "axis": "x", "origin": [8, 2.875, 10.45521]},
			"faces": {
				"north": {"uv": [8.5, 6.875, 9.375, 6.25], "texture": "#1"},
				"east": {"uv": [9.75, 4.625, 10.375, 4], "texture": "#1"},
				"south": {"uv": [7, 9.125, 7.875, 8.5], "texture": "#1"},
				"west": {"uv": [9.75, 5.375, 10.375, 4.75], "texture": "#1"},
				"up": {"uv": [9.875, 1.375, 9, 0.75], "texture": "#1"},
				"down": {"uv": [9.625, 0, 8.75, 0.625], "texture": "#1"}
			}
		},
		{
			"from": [7.1, 1.08812, 8.80513],
			"to": [8.9, 5.03812, 9.80513],
			"shade": false,
			"rotation": {"angle": -22.5, "axis": "x", "origin": [8, 2.875, 10.45521]},
			"faces": {
				"north": {"uv": [9.25, 5.25, 9.75, 4.25], "texture": "#1"},
				"east": {"uv": [4, 11.75, 4.25, 10.75], "texture": "#1"},
				"south": {"uv": [9.25, 6.25, 9.75, 5.25], "texture": "#1"},
				"west": {"uv": [4.25, 11.75, 4.5, 10.75], "texture": "#1"},
				"up": {"uv": [11.75, 8.5, 11.25, 8.25], "texture": "#1"},
				"down": {"uv": [11.75, 8, 11.25, 8.25], "texture": "#1"}
			}
		},
		{
			"from": [7.092, 0.08492, 6.63734],
			"to": [8.908, 1.10092, 9.80334],
			"shade": false,
			"rotation": {"angle": -22.5, "axis": "x", "origin": [8, 2.875, 10.45521]},
			"faces": {
				"north": {"uv": [11.25, 5.25, 11.75, 5], "texture": "#1"},
				"east": {"uv": [11.25, 3, 12, 2.75], "texture": "#1"},
				"south": {"uv": [11.25, 8, 11.75, 7.75], "texture": "#1"},
				"west": {"uv": [11.25, 3.25, 12, 3], "texture": "#1"},
				"up": {"uv": [6.75, 11, 6.25, 10.25], "texture": "#1"},
				"down": {"uv": [1.25, 10.25, 0.75, 11], "texture": "#1"}
			}
		},
		{
			"from": [7.092, -1.79422, 6.57045],
			"to": [8.908, -0.77822, 9.73645],
			"shade": false,
			"rotation": {"angle": 22.5, "axis": "x", "origin": [8, 2.875, 10.45521]},
			"faces": {
				"north": {"uv": [10, 1.5, 10.5, 1.25], "texture": "#1"},
				"east": {"uv": [4, 10.25, 4.75, 10], "texture": "#1"},
				"south": {"uv": [10.5, 0.75, 11, 0.5], "texture": "#1"},
				"west": {"uv": [11.25, 2, 12, 1.75], "texture": "#1"},
				"up": {"uv": [0.5, 11, 0, 10.25], "texture": "#1"},
				"down": {"uv": [6.25, 10, 5.75, 10.75], "texture": "#1"}
			}
		},
		{
			"from": [7.598, -0.84302, 7.56665],
			"to": [8.402, 2.83598, 8.87065],
			"shade": false,
			"rotation": {"angle": 22.5, "axis": "x", "origin": [8, 2.875, 10.45521]},
			"faces": {
				"north": {"uv": [0.75, 11.875, 1, 11], "texture": "#1"},
				"east": {"uv": [10.5, 4.125, 10.875, 3.25], "texture": "#1"},
				"south": {"uv": [1, 11.875, 1.25, 11], "texture": "#1"},
				"west": {"uv": [10.5, 5.125, 10.875, 4.25], "texture": "#1"},
				"up": {"uv": [11.5, 10.125, 11.25, 9.75], "texture": "#1"},
				"down": {"uv": [4, 9, 3.75, 9.375], "texture": "#1"}
			}
		},
		{
			"from": [7.6, 1.03812, 7.50513],
			"to": [8.4, 4.71312, 8.80513],
			"shade": false,
			"rotation": {"angle": -22.5, "axis": "x", "origin": [8, 2.875, 10.45521]},
			"faces": {
				"north": {"uv": [0, 11.875, 0.25, 11], "texture": "#1"},
				"east": {"uv": [10.5, 2.125, 10.875, 1.25], "texture": "#1"},
				"south": {"uv": [0.25, 11.875, 0.5, 11], "texture": "#1"},
				"west": {"uv": [1.75, 11.375, 2.125, 10.5], "texture": "#1"},
				"up": {"uv": [9, 1.125, 8.75, 0.75], "texture": "#1"},
				"down": {"uv": [8.25, 8.5, 8, 8.875], "texture": "#1"}
			}
		},
		{
			"from": [7.1, -0.79102, 6.56865],
			"to": [8.9, 3.15898, 7.56865],
			"shade": false,
			"rotation": {"angle": 22.5, "axis": "x", "origin": [8, 2.875, 10.45521]},
			"faces": {
				"north": {"uv": [9, 9.5, 9.5, 8.5], "texture": "#1"},
				"east": {"uv": [6.5, 2.25, 6.75, 1.25], "texture": "#1"},
				"south": {"uv": [9.25, 4.25, 9.75, 3.25], "texture": "#1"},
				"west": {"uv": [5, 11.25, 5.25, 10.25], "texture": "#1"},
				"up": {"uv": [2.5, 9, 2, 8.75], "texture": "#1"},
				"down": {"uv": [9, 7, 8.5, 7.25], "texture": "#1"}
			}
		},
		{
			"from": [7.75, -10, 15.75],
			"to": [8.25, 8, 16.25],
			"shade": false,
			"rotation": {"angle": 0, "axis": "y", "origin": [7, -8, 15]},
			"faces": {
				"north": {"uv": [0.5, 12.75, 0.625, 8.25], "texture": "#1"},
				"east": {"uv": [5.25, 12.75, 5.375, 8.25], "texture": "#1"},
				"south": {"uv": [5.5, 12.75, 5.625, 8.25], "texture": "#1"},
				"west": {"uv": [6.75, 12.75, 6.875, 8.25], "texture": "#1"},
				"up": {"uv": [2.375, 10.625, 2.25, 10.5], "texture": "#1"},
				"down": {"uv": [9.625, 10.25, 9.5, 10.375], "texture": "#1"}
			}
		},
		{
			"from": [6.1, -9.45239, 10.04203],
			"to": [9.9, -8.20239, 15.69203],
			"shade": false,
			"rotation": {"angle": -45, "axis": "x", "origin": [8, -8.82739, 13.24203]},
			"faces": {
				"north": {"uv": [10, 1.125, 11, 0.75], "texture": "#1"},
				"east": {"uv": [2.25, 9.375, 3.625, 9], "texture": "#1"},
				"south": {"uv": [1.5, 10.375, 2.5, 10], "texture": "#1"},
				"west": {"uv": [9, 7.375, 10.375, 7], "texture": "#1"},
				"up": {"uv": [1, 6.875, 0, 5.5], "texture": "#1"},
				"down": {"uv": [6, 4.25, 5, 5.625], "texture": "#1"}
			}
		},
		{
			"from": [6.85, -6.26105, 11.65397],
			"to": [9.15, -5.01105, 13.40397],
			"shade": false,
			"rotation": {"angle": -22.5, "axis": "x", "origin": [8, -5.63605, 9.70397]},
			"faces": {
				"north": {"uv": [10.75, 5.625, 11.375, 5.25], "texture": "#1"},
				"east": {"uv": [8, 11.375, 8.5, 11], "texture": "#1"},
				"south": {"uv": [10.75, 6.125, 11.375, 5.75], "texture": "#1"},
				"west": {"uv": [9.5, 11.375, 10, 11], "texture": "#1"},
				"up": {"uv": [7.625, 11, 7, 10.5], "texture": "#1"},
				"down": {"uv": [4.875, 2.75, 4.25, 3.25], "texture": "#1"}
			}
		},
		{
			"from": [8, -12.12317, 12.88765],
			"to": [8, -7.82317, 22.88765],
			"shade": false,
			"rotation": {"angle": 0, "axis": "y", "origin": [8, -11.47317, 18.76265]},
			"faces": {
				"north": {"uv": [0, 1.125, 0, 0], "texture": "#1"},
				"east": {"uv": [6.75, 1.125, 4.25, 0], "texture": "#1"},
				"south": {"uv": [0, 1.125, 0, 0], "texture": "#1"},
				"west": {"uv": [4.25, 1.125, 6.75, 0], "texture": "#1"},
				"up": {"uv": [0, 2.5, 0, 0], "texture": "#1"},
				"down": {"uv": [0, 0, 0, 2.5], "texture": "#1"}
			}
		},
		{
			"from": [7.35, -12.12317, 15.88765],
			"to": [8.65, -10.82317, 18.88765],
			"shade": false,
			"rotation": {"angle": 0, "axis": "y", "origin": [8, -11.47317, 18.76265]},
			"faces": {
				"north": {"uv": [11.25, 4.375, 11.625, 4], "texture": "#1"},
				"east": {"uv": [2.25, 11.125, 3, 10.75], "texture": "#1"},
				"south": {"uv": [11.25, 4.875, 11.625, 4.5], "texture": "#1"},
				"west": {"uv": [10.75, 2.625, 11.5, 2.25], "texture": "#1"},
				"up": {"uv": [3.375, 11.5, 3, 10.75], "texture": "#1"},
				"down": {"uv": [8.875, 10.5, 8.5, 11.25], "texture": "#1"}
			}
		},
		{
			"from": [6.1, -6.26105, 6.75397],
			"to": [9.9, -5.01105, 11.65397],
			"shade": false,
			"rotation": {"angle": -22.5, "axis": "x", "origin": [8, -5.63605, 9.70397]},
			"faces": {
				"north": {"uv": [9.75, 5.875, 10.75, 5.5], "texture": "#1"},
				"east": {"uv": [9.5, 8.375, 10.75, 8], "texture": "#1"},
				"south": {"uv": [9.75, 9.875, 10.75, 9.5], "texture": "#1"},
				"west": {"uv": [9.5, 8.875, 10.75, 8.5], "texture": "#1"},
				"up": {"uv": [4, 6.75, 3, 5.5], "texture": "#1"},
				"down": {"uv": [3, 5.5, 2, 6.75], "texture": "#1"}
			}
		},
		{
			"from": [7.792, -10.70643, 13.08198],
			"to": [8.208, -9.44043, 17.29798],
			"shade": false,
			"rotation": {"angle": 22.5, "axis": "x", "origin": [8, -8.57343, 16.06498]},
			"faces": {
				"north": {"uv": [11.5, 0.375, 11.625, 0], "texture": "#1"},
				"east": {"uv": [9.5, 9.375, 10.5, 9], "texture": "#1"},
				"south": {"uv": [11.5, 1.375, 11.625, 1], "texture": "#1"},
				"west": {"uv": [9.75, 2.625, 10.75, 2.25], "texture": "#1"},
				"up": {"uv": [5.125, 12.25, 5, 11.25], "texture": "#1"},
				"down": {"uv": [3.875, 11.25, 3.75, 12.25], "texture": "#1"}
			}
		},
		{
			"from": [8, -8.01136, 11.65013],
			"to": [8, -3.56136, 14.15013],
			"shade": false,
			"rotation": {"angle": -45, "axis": "x", "origin": [8, -5.83636, 13.27513]},
			"faces": {
				"north": {"uv": [0, 1.125, 0, 0], "texture": "#1"},
				"east": {"uv": [8.625, 1.125, 8, 0], "texture": "#1"},
				"south": {"uv": [0, 1.125, 0, 0], "texture": "#1"},
				"west": {"uv": [8, 1.125, 8.625, 0], "texture": "#1"},
				"up": {"uv": [0, 0.625, 0, 0], "texture": "#1"},
				"down": {"uv": [0, 0, 0, 0.625], "texture": "#1"}
			}
		},
		{
			"from": [8, -5.20283, 9.96005],
			"to": [8, -0.15283, 12.71005],
			"shade": false,
			"rotation": {"angle": -22.5, "axis": "x", "origin": [8, -2.05283, 10.83505]},
			"faces": {
				"north": {"uv": [0, 1.25, 0, 0], "texture": "#1"},
				"east": {"uv": [0.75, 8.25, 0, 7], "texture": "#1"},
				"south": {"uv": [0, 1.25, 0, 0], "texture": "#1"},
				"west": {"uv": [0, 8.25, 0.75, 7], "texture": "#1"},
				"up": {"uv": [0, 0.75, 0, 0], "texture": "#1"},
				"down": {"uv": [0, 0, 0, 0.75], "texture": "#1"}
			}
		},
		{
			"from": [6.6, -1.85862, 4.78889],
			"to": [9.4, -0.60862, 9.58889],
			"shade": false,
			"rotation": {"angle": 0, "axis": "y", "origin": [8, -1.23362, 6.43889]},
			"faces": {
				"north": {"uv": [7.75, 10.875, 8.5, 10.5], "texture": "#1"},
				"east": {"uv": [2.25, 9.875, 3.5, 9.5], "texture": "#1"},
				"south": {"uv": [10.5, 9.375, 11.25, 9], "texture": "#1"},
				"west": {"uv": [3.5, 9.875, 4.75, 9.5], "texture": "#1"},
				"up": {"uv": [4, 8, 3.25, 6.75], "texture": "#1"},
				"down": {"uv": [3.25, 6.75, 2.5, 8], "texture": "#1"}
			}
		},
		{
			"from": [7.1, -11.9693, 12.10314],
			"to": [8.9, -10.1693, 16.85314],
			"shade": false,
			"rotation": {"angle": 22.5, "axis": "x", "origin": [8, -9.8193, 14.97814]},
			"faces": {
				"north": {"uv": [10.75, 3.25, 11.25, 2.75], "texture": "#1"},
				"east": {"uv": [6.5, 2.75, 7.625, 2.25], "texture": "#1"},
				"south": {"uv": [3.5, 11.25, 4, 10.75], "texture": "#1"},
				"west": {"uv": [7.75, 2.75, 8.875, 2.25], "texture": "#1"},
				"up": {"uv": [5.25, 9.375, 4.75, 8.25], "texture": "#1"},
				"down": {"uv": [0.5, 8.25, 0, 9.375], "texture": "#1"}
			}
		},
		{
			"from": [6.6, -9.9906, 8.92495],
			"to": [9.4, -4.2406, 12.22495],
			"shade": false,
			"rotation": {"angle": -45, "axis": "x", "origin": [8, -7.2406, 11.07495]},
			"faces": {
				"north": {"uv": [5.5, 7.25, 6.25, 5.75], "texture": "#1"},
				"east": {"uv": [1, 7, 1.875, 5.5], "texture": "#1"},
				"south": {"uv": [6, 5.75, 6.75, 4.25], "texture": "#1"},
				"west": {"uv": [5.5, 2.75, 6.375, 1.25], "texture": "#1"},
				"up": {"uv": [4, 8.875, 3.25, 8], "texture": "#1"},
				"down": {"uv": [3.25, 8, 2.5, 8.875], "texture": "#1"}
			}
		},
		{
			"from": [6.592, -5.958, 6.592],
			"to": [9.408, 0.058, 10.908],
			"shade": false,
			"rotation": {"angle": -22.5, "axis": "x", "origin": [8, -4.2, 8.75]},
			"faces": {
				"north": {"uv": [4, 7, 4.75, 5.5], "texture": "#1"},
				"east": {"uv": [4.25, 2.75, 5.375, 1.25], "texture": "#1"},
				"south": {"uv": [4.75, 7.25, 5.5, 5.75], "texture": "#1"},
				"west": {"uv": [5, 4.25, 6.125, 2.75], "texture": "#1"},
				"up": {"uv": [8, 1.125, 7.25, 0], "texture": "#1"},
				"down": {"uv": [7.5, 7, 6.75, 8.125], "texture": "#1"}
			}
		},
		{
			"from": [7.092, 0.08492, 6.63734],
			"to": [8.908, 1.10092, 9.80334],
			"shade": false,
			"rotation": {"angle": -22.5, "axis": "x", "origin": [8, 2.875, 10.45521]},
			"faces": {
				"north": {"uv": [6.75, 2.25, 7.25, 2], "texture": "#1"},
				"east": {"uv": [8.25, 2.25, 9, 2], "texture": "#1"},
				"south": {"uv": [7, 8.5, 7.5, 8.25], "texture": "#1"},
				"west": {"uv": [9, 2.75, 9.75, 2.5], "texture": "#1"},
				"up": {"uv": [0.5, 10.25, 0, 9.5], "texture": "#1"},
				"down": {"uv": [6.25, 9.25, 5.75, 10], "texture": "#1"}
			}
		},
		{
			"name": "ef",
			"from": [6.05, 10.9, 5.5],
			"to": [6.05, 31.9, 15.5],
			"shade": false,
			"rotation": {"angle": 22.5, "axis": "x", "origin": [6.05, 21.4, 10.5]},
			"faces": {
				"east": {"uv": [0, 6.5, 5.75, 16], "texture": "#2"},
				"west": {"uv": [5.75, 6.5, 0, 16], "texture": "#2"}
			}
		},
		{
			"name": "ef",
			"from": [6, 14.25, 9.7],
			"to": [6, 28.25, 18.7],
			"shade": false,
			"rotation": {"angle": 45, "axis": "x", "origin": [6, 21.25, 14.2]},
			"faces": {
				"east": {"uv": [11.5, 8.25, 6.5, 16], "texture": "#2"},
				"west": {"uv": [6.5, 8.25, 11.5, 16], "texture": "#2"}
			}
		},
		{
			"name": "ef",
			"from": [9.95, 10.9, 5.5],
			"to": [9.95, 31.9, 15.5],
			"shade": false,
			"rotation": {"angle": 22.5, "axis": "x", "origin": [9.95, 21.4, 10.5]},
			"faces": {
				"east": {"uv": [0, 6.5, 5.75, 16], "texture": "#2"},
				"west": {"uv": [5.75, 6.5, 0, 16], "texture": "#2"}
			}
		},
		{
			"name": "ef",
			"from": [10, 14.25, 9.7],
			"to": [10, 28.25, 18.7],
			"shade": false,
			"rotation": {"angle": 45, "axis": "x", "origin": [10, 21.25, 14.2]},
			"faces": {
				"east": {"uv": [11.5, 8.25, 6.5, 16], "texture": "#2"},
				"west": {"uv": [6.5, 8.25, 11.5, 16], "texture": "#2"}
			}
		},
		{
			"name": "ef",
			"from": [6, -12.25, 9.7],
			"to": [6, 1.75, 18.7],
			"shade": false,
			"rotation": {"angle": -45, "axis": "x", "origin": [6, -5.25, 14.2]},
			"faces": {
				"east": {"uv": [11.5, 16, 6.5, 8.25], "texture": "#2"},
				"west": {"uv": [6.5, 16, 11.5, 8.25], "texture": "#2"}
			}
		},
		{
			"name": "ef",
			"from": [6.05, -15.9, 5.5],
			"to": [6.05, 5.1, 15.5],
			"shade": false,
			"rotation": {"angle": -22.5, "axis": "x", "origin": [6.05, -5.4, 10.5]},
			"faces": {
				"east": {"uv": [0, 16, 5.75, 6.5], "texture": "#2"},
				"west": {"uv": [5.75, 16, 0, 6.5], "texture": "#2"}
			}
		},
		{
			"name": "ef",
			"from": [9.95, -15.9, 5.5],
			"to": [9.95, 5.1, 15.5],
			"shade": false,
			"rotation": {"angle": -22.5, "axis": "x", "origin": [9.95, -5.4, 10.5]},
			"faces": {
				"east": {"uv": [0, 16, 5.75, 6.5], "texture": "#2"},
				"west": {"uv": [5.75, 16, 0, 6.5], "texture": "#2"}
			}
		},
		{
			"name": "ef",
			"from": [10, -12.25, 9.7],
			"to": [10, 1.75, 18.7],
			"shade": false,
			"rotation": {"angle": -45, "axis": "x", "origin": [10, -5.25, 14.2]},
			"faces": {
				"east": {"uv": [11.5, 16, 6.5, 8.25], "texture": "#2"},
				"west": {"uv": [6.5, 16, 11.5, 8.25], "texture": "#2"}
			}
		},
		{
			"name": "efblack",
			"from": [10.38216, -8.5, 9.82194],
			"to": [10.38216, 2.5, 11.82194],
			"shade": false,
			"rotation": {"angle": 22.5, "axis": "y", "origin": [8, 4.75, 12]},
			"faces": {
				"east": {"uv": [12.25, 0, 11.25, 5.25], "texture": "#2"},
				"west": {"uv": [11.25, 0, 12.25, 5.25], "texture": "#2"}
			}
		},
		{
			"name": "efblack",
			"from": [10.05552, 21, 12.04276],
			"to": [10.05552, 32, 14.04276],
			"shade": false,
			"rotation": {"angle": -22.5, "axis": "y", "origin": [8, 18.75, 12]},
			"faces": {
				"east": {"uv": [7, 0, 8, 5.25], "texture": "#2"},
				"west": {"uv": [8, 0, 7, 5.25], "texture": "#2"}
			}
		},
		{
			"name": "efblack",
			"from": [4.9948, 12, 9.76256],
			"to": [4.9948, 23, 11.76256],
			"shade": false,
			"rotation": {"angle": -45, "axis": "y", "origin": [8, 12.75, 12]},
			"faces": {
				"east": {"uv": [10.25, 0, 9.25, 5.25], "texture": "#2"},
				"west": {"uv": [9.25, 0, 10.25, 5.25], "texture": "#2"}
			}
		},
		{
			"name": "efblack",
			"from": [5.23516, -14.5, 13.10194],
			"to": [5.23516, -3.5, 15.10194],
			"shade": false,
			"rotation": {"angle": 22.5, "axis": "y", "origin": [8, -7.25, 12]},
			"faces": {
				"east": {"uv": [12.25, 0, 11.25, 5.25], "texture": "#2"},
				"west": {"uv": [11.25, 0, 12.25, 5.25], "texture": "#2"}
			}
		}
	],
	"gui_light": "front",
	"display": {
		"thirdperson_righthand": {
			"translation": [0, -2, 0.25],
			"scale": [0.7, 0.7, 0.7]
		},
		"thirdperson_lefthand": {
			"translation": [0, -2, 0.25],
			"scale": [0.7, 0.7, 0.7]
		},
		"firstperson_righthand": {
			"rotation": [7.72, -9.88, 0.4],
			"translation": [25.25, -0.5, -21.5]
		},
		"firstperson_lefthand": {
			"rotation": [7.72, -9.88, 0.4],
			"translation": [25.25, -0.5, -21.5]
		},
		"ground": {
			"rotation": [45, 0, 0],
			"translation": [0, 4.25, 0],
			"scale": [0.2, 0.2, 0.2]
		},
		"gui": {
			"rotation": [90, 45, -90],
			"translation": [-1.75, 1.75, 0],
			"scale": [0.47, 0.47, 0.47]
		},
		"head": {
			"scale": [0, 0, 0]
		},
		"fixed": {
			"rotation": [0, -90, 0],
			"translation": [0, 1.5, 0],
			"scale": [0.47, 0.47, 0.47]
		}
	},
	"groups": [
		{
			"name": "body",
			"origin": [8, 13.125, 10.45521],
			"color": 0,
			"shade": false,
			"children": [
				0,
				1,
				2,
				3,
				4,
				5,
				6,
				7,
				8,
				9,
				10,
				11,
				12,
				13,
				14,
				15,
				16,
				17,
				18,
				19,
				20,
				21,
				22,
				23,
				24,
				25,
				26,
				27,
				28,
				29,
				30,
				31,
				32,
				33,
				34,
				35,
				36,
				37,
				38,
				39,
				40,
				41,
				42,
				43,
				44,
				45,
				46,
				47,
				48,
				49,
				50,
				51,
				52,
				53,
				54,
				55,
				56,
				57,
				58,
				59,
				60,
				61
			]
		}
	]
}