{
	"format_version": "1.21.6",
	"credit": "Made with Blockbench",
	"texture_size": [64, 64],
	"textures": {
		"14": "item/galactic/axe/galactic_axe_red"
	},
	"elements": [
		{
			"name": "Blade",
			"from": [7.736, 23.22136, 4.46696],
			"to": [8.264, 25.47736, 5.59398],
			"rotation": {"angle": -45, "axis": "x", "origin": [8, 23.97336, 3.85498]},
			"faces": {
				"north": {"uv": [9.515, 3.765, 9.8125, 4.3125], "texture": "#14"},
				"east": {"uv": [4.015, 9.515, 4.3125, 10.0625], "texture": "#14"},
				"south": {"uv": [4.515, 9.515, 4.8125, 10.0625], "texture": "#14"},
				"west": {"uv": [5.015, 9.515, 5.3125, 10.0625], "texture": "#14"},
				"up": {"uv": [10.8125, 9.0625, 10.515, 8.765], "texture": "#14"},
				"down": {"uv": [10.8125, 9.265, 10.515, 9.5625], "texture": "#14"}
			}
		},
		{
			"name": "Blade",
			"from": [7.75839, 19.776, 0.1056],
			"to": [8.24161, 21.41055, 1.90595],
			"rotation": {"angle": 0, "axis": "y", "origin": [8, 20.64328, 0.85577]},
			"faces": {
				"north": {"uv": [10.515, 6.765, 10.735, 7.1875], "texture": "#14"},
				"east": {"uv": [5.515, 9.015, 5.9375, 9.4375], "texture": "#14"},
				"south": {"uv": [7.015, 10.515, 7.235, 10.9375], "texture": "#14"},
				"west": {"uv": [9.015, 5.765, 9.4375, 6.1875], "texture": "#14"},
				"up": {"uv": [7.485, 10.9375, 7.265, 10.515], "texture": "#14"},
				"down": {"uv": [10.735, 7.265, 10.515, 7.6875], "texture": "#14"}
			}
		},
		{
			"name": "Blade",
			"from": [7.75292, 18.78169, 0.29499],
			"to": [8.24708, 20.33175, 2.21656],
			"rotation": {"angle": -22.5, "axis": "x", "origin": [8, 19.65672, 1.30577]},
			"faces": {
				"north": {"uv": [2.015, 11.015, 2.235, 11.375], "texture": "#14"},
				"east": {"uv": [7.765, 9.265, 8.235, 9.625], "texture": "#14"},
				"south": {"uv": [2.265, 11.015, 2.485, 11.375], "texture": "#14"},
				"west": {"uv": [8.265, 9.265, 8.735, 9.625], "texture": "#14"},
				"up": {"uv": [10.485, 5.485, 10.265, 5.015], "texture": "#14"},
				"down": {"uv": [5.485, 10.265, 5.265, 10.735], "texture": "#14"}
			}
		},
		{
			"name": "Blade",
			"from": [7.73651, 18.69206, 0.94605],
			"to": [8.26349, 19.65628, 3.05761],
			"rotation": {"angle": -45, "axis": "x", "origin": [8, 18.70317, 2.25933]},
			"faces": {
				"north": {"uv": [5.015, 11.265, 5.3125, 11.485], "texture": "#14"},
				"east": {"uv": [10.265, 5.515, 10.735, 5.735], "texture": "#14"},
				"south": {"uv": [11.265, 5.015, 11.5625, 5.235], "texture": "#14"},
				"west": {"uv": [10.265, 5.765, 10.735, 5.985], "texture": "#14"},
				"up": {"uv": [0.8125, 10.485, 0.515, 10.015], "texture": "#14"},
				"down": {"uv": [10.3125, 0.515, 10.015, 0.985], "texture": "#14"}
			}
		},
		{
			"name": "Blade",
			"from": [7.75292, 20.73927, -0.68628],
			"to": [8.24708, 22.28933, 1.63529],
			"rotation": {"angle": 45, "axis": "x", "origin": [8, 21.5143, 0.72451]},
			"faces": {
				"north": {"uv": [6.265, 10.765, 6.485, 11.125], "texture": "#14"},
				"east": {"uv": [0.015, 8.765, 0.5625, 9.125], "texture": "#14"},
				"south": {"uv": [1.765, 11.015, 1.985, 11.375], "texture": "#14"},
				"west": {"uv": [8.765, 0.515, 9.3125, 0.875], "texture": "#14"},
				"up": {"uv": [5.985, 10.5625, 5.765, 10.015], "texture": "#14"},
				"down": {"uv": [10.235, 6.015, 10.015, 6.5625], "texture": "#14"}
			}
		},
		{
			"name": "Blade",
			"from": [7.40482, 15.70005, -0.06213],
			"to": [8.59518, 17.10157, 4.55111],
			"rotation": {"angle": 45, "axis": "x", "origin": [8, 16.40081, 2.24449]},
			"faces": {
				"north": {"uv": [9.765, 1.015, 10.1875, 1.375], "texture": "#14"},
				"east": {"uv": [5.515, 5.515, 6.625, 5.875], "texture": "#14"},
				"south": {"uv": [9.765, 1.515, 10.1875, 1.875], "texture": "#14"},
				"west": {"uv": [5.765, 4.015, 6.875, 4.375], "texture": "#14"},
				"up": {"uv": [5.4375, 1.125, 5.015, 0.015], "texture": "#14"},
				"down": {"uv": [1.1875, 5.015, 0.765, 6.125], "texture": "#14"}
			}
		},
		{
			"name": "Blade",
			"from": [7.45292, 15.08064, 3.38],
			"to": [8.54708, 17.39584, 4.83006],
			"rotation": {"angle": 0, "axis": "y", "origin": [8.3, 15.18505, 3.95503]},
			"faces": {
				"north": {"uv": [6.515, 8.015, 6.9375, 8.5625], "texture": "#14"},
				"east": {"uv": [0.765, 8.765, 1.125, 9.3125], "texture": "#14"},
				"south": {"uv": [8.015, 6.765, 8.4375, 7.3125], "texture": "#14"},
				"west": {"uv": [8.765, 1.015, 9.125, 1.5625], "texture": "#14"},
				"up": {"uv": [10.1875, 5.125, 9.765, 4.765], "texture": "#14"},
				"down": {"uv": [10.1875, 5.265, 9.765, 5.625], "texture": "#14"}
			}
		},
		{
			"name": "Blade",
			"from": [7.45292, 14.27427, 3.38],
			"to": [8.54708, 15.08064, 4.83006],
			"rotation": {"angle": 0, "axis": "y", "origin": [7.9, 15.18505, 3.95503]},
			"faces": {
				"north": {"uv": [11.265, 1.515, 11.6875, 1.6875], "texture": "#14"},
				"east": {"uv": [11.265, 6.515, 11.625, 6.6875], "texture": "#14"},
				"south": {"uv": [11.265, 1.765, 11.6875, 1.9375], "texture": "#14"},
				"west": {"uv": [6.765, 11.265, 7.125, 11.4375], "texture": "#14"},
				"up": {"uv": [9.9375, 8.875, 9.515, 8.515], "texture": "#14"},
				"down": {"uv": [0.4375, 9.765, 0.015, 10.125], "texture": "#14"}
			}
		},
		{
			"name": "Blade",
			"from": [7.45839, 16.94163, 2.89823],
			"to": [8.54161, 18.33998, 4.43379],
			"rotation": {"angle": -22.5, "axis": "x", "origin": [8.3, 18.09081, 3.61601]},
			"faces": {
				"north": {"uv": [6.515, 9.515, 6.9375, 9.875], "texture": "#14"},
				"east": {"uv": [10.015, 4.015, 10.375, 4.375], "texture": "#14"},
				"south": {"uv": [9.515, 6.515, 9.9375, 6.875], "texture": "#14"},
				"west": {"uv": [6.515, 10.015, 6.875, 10.375], "texture": "#14"},
				"up": {"uv": [7.4375, 9.875, 7.015, 9.515], "texture": "#14"},
				"down": {"uv": [9.9375, 7.015, 9.515, 7.375], "texture": "#14"}
			}
		},
		{
			"name": "Blade",
			"from": [7.75292, 17.12814, 1.64854],
			"to": [8.24708, 19.0782, 4.07011],
			"rotation": {"angle": 22.5, "axis": "x", "origin": [8, 18.30317, 3.05933]},
			"faces": {
				"north": {"uv": [6.015, 10.265, 6.235, 10.735], "texture": "#14"},
				"east": {"uv": [6.765, 3.515, 7.375, 3.985], "texture": "#14"},
				"south": {"uv": [10.265, 6.015, 10.485, 6.485], "texture": "#14"},
				"west": {"uv": [7.015, 0.765, 7.625, 1.235], "texture": "#14"},
				"up": {"uv": [1.985, 7.125, 1.765, 6.515], "texture": "#14"},
				"down": {"uv": [1.235, 10.015, 1.015, 10.625], "texture": "#14"}
			}
		},
		{
			"name": "Blade",
			"from": [7.75292, 22.46825, 0.29499],
			"to": [8.24708, 23.81831, 2.21656],
			"rotation": {"angle": 22.5, "axis": "x", "origin": [8, 22.94328, 1.30577]},
			"faces": {
				"north": {"uv": [11.265, 4.515, 11.485, 4.8125], "texture": "#14"},
				"east": {"uv": [9.515, 9.765, 9.985, 10.0625], "texture": "#14"},
				"south": {"uv": [4.765, 11.265, 4.985, 11.5625], "texture": "#14"},
				"west": {"uv": [10.015, 0.015, 10.485, 0.3125], "texture": "#14"},
				"up": {"uv": [10.485, 4.985, 10.265, 4.515], "texture": "#14"},
				"down": {"uv": [5.235, 10.265, 5.015, 10.735], "texture": "#14"}
			}
		},
		{
			"name": "Blade",
			"from": [7.73651, 22.94372, 0.94605],
			"to": [8.26349, 23.90794, 3.05761],
			"rotation": {"angle": 45, "axis": "x", "origin": [8, 23.89683, 2.25933]},
			"faces": {
				"north": {"uv": [11.265, 4.015, 11.5625, 4.235], "texture": "#14"},
				"east": {"uv": [4.015, 10.265, 4.485, 10.485], "texture": "#14"},
				"south": {"uv": [11.265, 4.265, 11.5625, 4.485], "texture": "#14"},
				"west": {"uv": [4.515, 10.265, 4.985, 10.485], "texture": "#14"},
				"up": {"uv": [9.3125, 10.235, 9.015, 9.765], "texture": "#14"},
				"down": {"uv": [10.0625, 9.015, 9.765, 9.485], "texture": "#14"}
			}
		},
		{
			"name": "Blade",
			"from": [7.75292, 23.5218, 1.64854],
			"to": [8.24708, 25.47186, 3.47011],
			"rotation": {"angle": -22.5, "axis": "x", "origin": [8, 24.29683, 3.05933]},
			"faces": {
				"north": {"uv": [3.515, 10.265, 3.735, 10.735], "texture": "#14"},
				"east": {"uv": [0.515, 8.265, 0.9375, 8.735], "texture": "#14"},
				"south": {"uv": [3.765, 10.265, 3.985, 10.735], "texture": "#14"},
				"west": {"uv": [8.265, 0.765, 8.6875, 1.235], "texture": "#14"},
				"up": {"uv": [6.735, 10.9375, 6.515, 10.515], "texture": "#14"},
				"down": {"uv": [6.985, 10.515, 6.765, 10.9375], "texture": "#14"}
			}
		},
		{
			"name": "Blade",
			"from": [7.42736, 23.79816, 2.76203],
			"to": [8.57264, 25.41214, 3.61747],
			"rotation": {"angle": -45, "axis": "x", "origin": [8, 24.60515, 3.18975]},
			"faces": {
				"north": {"uv": [9.765, 2.015, 10.1875, 2.375], "texture": "#14"},
				"east": {"uv": [11.265, 6.765, 11.4375, 7.125], "texture": "#14"},
				"south": {"uv": [9.765, 2.515, 10.1875, 2.875], "texture": "#14"},
				"west": {"uv": [7.265, 11.265, 7.4375, 11.625], "texture": "#14"},
				"up": {"uv": [11.6875, 2.9375, 11.265, 2.765], "texture": "#14"},
				"down": {"uv": [11.6875, 3.015, 11.265, 3.1875], "texture": "#14"}
			}
		},
		{
			"name": "Blade",
			"from": [7.39412, 23.76955, 4.34469],
			"to": [8.60588, 25.48621, 5.25456],
			"rotation": {"angle": -45, "axis": "x", "origin": [8, 24.62788, 4.79963]},
			"faces": {
				"north": {"uv": [9.015, 4.265, 9.4375, 4.6875], "texture": "#14"},
				"east": {"uv": [4.765, 10.515, 4.985, 10.9375], "texture": "#14"},
				"south": {"uv": [5.015, 9.015, 5.4375, 9.4375], "texture": "#14"},
				"west": {"uv": [10.515, 5.015, 10.735, 5.4375], "texture": "#14"},
				"up": {"uv": [10.9375, 6.235, 10.515, 6.015], "texture": "#14"},
				"down": {"uv": [10.9375, 6.265, 10.515, 6.485], "texture": "#14"}
			}
		},
		{
			"name": "Blade",
			"from": [7.43906, 23.73606, 3.46009],
			"to": [8.56094, 24.86394, 5.33991],
			"rotation": {"angle": 0, "axis": "y", "origin": [8, 24.3, 4.4]},
			"faces": {
				"north": {"uv": [10.015, 10.015, 10.4375, 10.3125], "texture": "#14"},
				"east": {"uv": [2.265, 10.015, 2.735, 10.3125], "texture": "#14"},
				"south": {"uv": [0.015, 10.265, 0.4375, 10.5625], "texture": "#14"},
				"west": {"uv": [2.765, 10.015, 3.235, 10.3125], "texture": "#14"},
				"up": {"uv": [7.9375, 8.985, 7.515, 8.515], "texture": "#14"},
				"down": {"uv": [8.9375, 7.515, 8.515, 7.985], "texture": "#14"}
			}
		},
		{
			"name": "Blade",
			"from": [7.38188, 23.67863, 5.08267],
			"to": [8.61812, 25.31487, 7.14307],
			"rotation": {"angle": 0, "axis": "y", "origin": [8, 24.46232, 5.45625]},
			"faces": {
				"north": {"uv": [9.015, 3.265, 9.4375, 3.6875], "texture": "#14"},
				"east": {"uv": [7.015, 8.015, 7.485, 8.4375], "texture": "#14"},
				"south": {"uv": [9.015, 3.765, 9.4375, 4.1875], "texture": "#14"},
				"west": {"uv": [8.015, 7.515, 8.485, 7.9375], "texture": "#14"},
				"up": {"uv": [8.4375, 8.485, 8.015, 8.015], "texture": "#14"},
				"down": {"uv": [0.4375, 8.265, 0.015, 8.735], "texture": "#14"}
			}
		},
		{
			"name": "Blade",
			"from": [7.7, 23.15251, 5.45208],
			"to": [8.3, 25.55251, 6.65104],
			"rotation": {"angle": -45, "axis": "x", "origin": [8, 23.95251, 4.80104]},
			"faces": {
				"north": {"uv": [2.515, 8.765, 2.8125, 9.375], "texture": "#14"},
				"east": {"uv": [8.765, 2.515, 9.0625, 3.125], "texture": "#14"},
				"south": {"uv": [3.015, 8.765, 3.3125, 9.375], "texture": "#14"},
				"west": {"uv": [3.515, 8.765, 3.8125, 9.375], "texture": "#14"},
				"up": {"uv": [8.5625, 10.8125, 8.265, 10.515], "texture": "#14"},
				"down": {"uv": [9.0625, 10.515, 8.765, 10.8125], "texture": "#14"}
			}
		},
		{
			"name": "Blade",
			"from": [7.31, 24.09347, 5.68837],
			"to": [8.69, 24.78647, 6.38137],
			"rotation": {"angle": -45, "axis": "x", "origin": [8, 25, 7.99497]},
			"faces": {
				"north": {"uv": [10.765, 8.265, 11.235, 8.4375], "texture": "#14"},
				"east": {"uv": [6.265, 8.515, 6.4375, 8.6875], "texture": "#14"},
				"south": {"uv": [10.765, 8.515, 11.235, 8.6875], "texture": "#14"},
				"west": {"uv": [1.265, 8.765, 1.4375, 8.9375], "texture": "#14"},
				"up": {"uv": [9.985, 10.9375, 9.515, 10.765], "texture": "#14"},
				"down": {"uv": [10.485, 10.765, 10.015, 10.9375], "texture": "#14"}
			}
		},
		{
			"name": "Blade",
			"from": [7.31, 22.6934, 7.08845],
			"to": [8.69, 23.3864, 7.78145],
			"rotation": {"angle": -45, "axis": "x", "origin": [8, 25, 7.99497]},
			"faces": {
				"north": {"uv": [10.515, 10.765, 10.985, 10.9375], "texture": "#14"},
				"east": {"uv": [5.015, 8.765, 5.1875, 8.9375], "texture": "#14"},
				"south": {"uv": [0.015, 11.015, 0.485, 11.1875], "texture": "#14"},
				"west": {"uv": [8.765, 5.765, 8.9375, 5.9375], "texture": "#14"},
				"up": {"uv": [0.985, 11.1875, 0.515, 11.015], "texture": "#14"},
				"down": {"uv": [1.735, 11.015, 1.265, 11.1875], "texture": "#14"}
			}
		},
		{
			"name": "Blade",
			"from": [7.31, 25.21353, 9.60857],
			"to": [8.69, 25.90653, 10.30157],
			"rotation": {"angle": -45, "axis": "x", "origin": [8, 25, 7.99497]},
			"faces": {
				"north": {"uv": [10.765, 7.265, 11.235, 7.4375], "texture": "#14"},
				"east": {"uv": [2.015, 8.515, 2.1875, 8.6875], "texture": "#14"},
				"south": {"uv": [7.515, 10.765, 7.985, 10.9375], "texture": "#14"},
				"west": {"uv": [8.515, 4.765, 8.6875, 4.9375], "texture": "#14"},
				"up": {"uv": [11.235, 7.6875, 10.765, 7.515], "texture": "#14"},
				"down": {"uv": [11.235, 8.015, 10.765, 8.1875], "texture": "#14"}
			}
		},
		{
			"name": "Blade",
			"from": [7.31, 26.6136, 8.2085],
			"to": [8.69, 27.3066, 8.9015],
			"rotation": {"angle": -45, "axis": "x", "origin": [8, 25, 7.99497]},
			"faces": {
				"north": {"uv": [10.765, 5.765, 11.235, 5.9375], "texture": "#14"},
				"east": {"uv": [8.265, 3.265, 8.4375, 3.4375], "texture": "#14"},
				"south": {"uv": [10.765, 6.515, 11.235, 6.6875], "texture": "#14"},
				"west": {"uv": [8.515, 0.515, 8.6875, 0.6875], "texture": "#14"},
				"up": {"uv": [11.235, 6.9375, 10.765, 6.765], "texture": "#14"},
				"down": {"uv": [11.235, 7.015, 10.765, 7.1875], "texture": "#14"}
			}
		},
		{
			"name": "Blade",
			"from": [7.3, 23.2, 9],
			"to": [8.7, 26.8, 9.5],
			"rotation": {"angle": 0, "axis": "y", "origin": [7, 24, 7]},
			"faces": {
				"north": {"uv": [4.265, 5.515, 4.735, 6.375], "texture": "#14"},
				"east": {"uv": [4.265, 10.515, 4.375, 11.375], "texture": "#14"},
				"south": {"uv": [5.515, 4.515, 5.985, 5.375], "texture": "#14"},
				"west": {"uv": [4.515, 10.515, 4.625, 11.375], "texture": "#14"},
				"up": {"uv": [11.985, 11.125, 11.515, 11.015], "texture": "#14"},
				"down": {"uv": [11.985, 11.265, 11.515, 11.375], "texture": "#14"}
			}
		},
		{
			"name": "Blade",
			"from": [7.42, 16.70633, 0.55551],
			"to": [8.58, 18.63433, 3.81551],
			"rotation": {"angle": 22.5, "axis": "x", "origin": [8, 17.67033, 2.18551]},
			"faces": {
				"north": {"uv": [8.265, 2.765, 8.6875, 3.235], "texture": "#14"},
				"east": {"uv": [2.265, 6.015, 3.0625, 6.485], "texture": "#14"},
				"south": {"uv": [3.765, 8.265, 4.1875, 8.735], "texture": "#14"},
				"west": {"uv": [6.015, 3.015, 6.8125, 3.485], "texture": "#14"},
				"up": {"uv": [2.6875, 7.3125, 2.265, 6.515], "texture": "#14"},
				"down": {"uv": [3.1875, 6.515, 2.765, 7.3125], "texture": "#14"}
			}
		},
		{
			"name": "Blade",
			"from": [7.4112, 17.72259, -0.54163],
			"to": [8.5888, 19.87187, 1.33697],
			"rotation": {"angle": 45, "axis": "x", "origin": [8, 18.79723, 0.39767]},
			"faces": {
				"north": {"uv": [4.265, 8.015, 4.6875, 8.5625], "texture": "#14"},
				"east": {"uv": [7.265, 5.015, 7.735, 5.5625], "texture": "#14"},
				"south": {"uv": [8.015, 4.265, 8.4375, 4.8125], "texture": "#14"},
				"west": {"uv": [6.515, 7.265, 6.985, 7.8125], "texture": "#14"},
				"up": {"uv": [8.6875, 5.485, 8.265, 5.015], "texture": "#14"},
				"down": {"uv": [8.9375, 0.015, 8.515, 0.485], "texture": "#14"}
			}
		},
		{
			"name": "Blade",
			"from": [7.4376, 19.09573, -1.43352],
			"to": [8.5624, 20.91853, 0.84792],
			"rotation": {"angle": -22.5, "axis": "x", "origin": [8, 20.00713, -0.2928]},
			"faces": {
				"north": {"uv": [9.015, 8.265, 9.4375, 8.6875], "texture": "#14"},
				"east": {"uv": [8.015, 5.515, 8.5625, 5.9375], "texture": "#14"},
				"south": {"uv": [9.015, 8.765, 9.4375, 9.1875], "texture": "#14"},
				"west": {"uv": [5.765, 8.015, 6.3125, 8.4375], "texture": "#14"},
				"up": {"uv": [5.1875, 8.5625, 4.765, 8.015], "texture": "#14"},
				"down": {"uv": [8.4375, 6.015, 8.015, 6.5625], "texture": "#14"}
			}
		},
		{
			"name": "Blade",
			"from": [7.42, 22.60593, -0.35304],
			"to": [8.58, 24.63393, 1.40696],
			"rotation": {"angle": -45, "axis": "x", "origin": [8, 23.61993, 0.32696]},
			"faces": {
				"north": {"uv": [8.265, 1.765, 8.6875, 2.235], "texture": "#14"},
				"east": {"uv": [2.265, 8.265, 2.6875, 8.735], "texture": "#14"},
				"south": {"uv": [8.265, 2.265, 8.6875, 2.735], "texture": "#14"},
				"west": {"uv": [2.765, 8.265, 3.1875, 8.735], "texture": "#14"},
				"up": {"uv": [9.4375, 7.1875, 9.015, 6.765], "texture": "#14"},
				"down": {"uv": [7.6875, 9.015, 7.265, 9.4375], "texture": "#14"}
			}
		},
		{
			"name": "Blade",
			"from": [7.42, 20.41911, -1.72409],
			"to": [8.58, 22.27911, 0.50391],
			"rotation": {"angle": 0, "axis": "y", "origin": [8, 21.59911, -0.61009]},
			"faces": {
				"north": {"uv": [9.015, 7.265, 9.4375, 7.6875], "texture": "#14"},
				"east": {"uv": [8.015, 1.265, 8.5625, 1.6875], "texture": "#14"},
				"south": {"uv": [9.015, 7.765, 9.4375, 8.1875], "texture": "#14"},
				"west": {"uv": [1.515, 8.015, 2.0625, 8.4375], "texture": "#14"},
				"up": {"uv": [3.6875, 8.5625, 3.265, 8.015], "texture": "#14"},
				"down": {"uv": [8.4375, 3.515, 8.015, 4.0625], "texture": "#14"}
			}
		},
		{
			"name": "Blade",
			"from": [7.3704, 21.62391, -1.34237],
			"to": [8.6296, 23.80011, 0.96439],
			"rotation": {"angle": 22.5, "axis": "x", "origin": [7.9, 22.71201, -0.33899]},
			"faces": {
				"north": {"uv": [5.265, 7.765, 5.6875, 8.3125], "texture": "#14"},
				"east": {"uv": [5.765, 6.765, 6.3125, 7.3125], "texture": "#14"},
				"south": {"uv": [7.515, 7.765, 7.9375, 8.3125], "texture": "#14"},
				"west": {"uv": [0.015, 7.015, 0.5625, 7.5625], "texture": "#14"},
				"up": {"uv": [8.4375, 0.5625, 8.015, 0.015], "texture": "#14"},
				"down": {"uv": [1.4375, 8.015, 1.015, 8.5625], "texture": "#14"}
			}
		},
		{
			"name": "Blade",
			"from": [7.4288, 24.07529, 0.57442],
			"to": [8.5712, 25.88301, 4.29682],
			"rotation": {"angle": -22.5, "axis": "x", "origin": [8, 25.07915, 2.43562]},
			"faces": {
				"north": {"uv": [9.015, 6.265, 9.4375, 6.6875], "texture": "#14"},
				"east": {"uv": [6.015, 0.015, 6.9375, 0.4375], "texture": "#14"},
				"south": {"uv": [6.765, 9.015, 7.1875, 9.4375], "texture": "#14"},
				"west": {"uv": [6.015, 0.515, 6.9375, 0.9375], "texture": "#14"},
				"up": {"uv": [1.6875, 6.6875, 1.265, 5.765], "texture": "#14"},
				"down": {"uv": [0.4375, 6.015, 0.015, 6.9375], "texture": "#14"}
			}
		},
		{
			"name": "Blade",
			"from": [7.42, 24.136, 9.12],
			"to": [8.58, 26.864, 15.58],
			"rotation": {"angle": 0, "axis": "y", "origin": [8.1, 26, 7.2]},
			"faces": {
				"north": {"uv": [5.265, 7.015, 5.6875, 7.6875], "texture": "#14"},
				"east": {"uv": [2.015, 0.015, 3.625, 0.6875], "texture": "#14"},
				"south": {"uv": [7.015, 6.015, 7.4375, 6.6875], "texture": "#14"},
				"west": {"uv": [2.015, 0.765, 3.625, 1.4375], "texture": "#14"},
				"up": {"uv": [3.4375, 4.125, 3.015, 2.515], "texture": "#14"},
				"down": {"uv": [3.9375, 2.515, 3.515, 4.125], "texture": "#14"}
			}
		},
		{
			"name": "Blade",
			"from": [7.4288, 23.62286, 11.44349],
			"to": [8.5712, 24.73958, 14.27589],
			"rotation": {"angle": 22.5, "axis": "x", "origin": [8, 24.18122, 12.80969]},
			"faces": {
				"north": {"uv": [7.515, 10.515, 7.9375, 10.735], "texture": "#14"},
				"east": {"uv": [9.515, 4.515, 10.1875, 4.735], "texture": "#14"},
				"south": {"uv": [10.515, 7.765, 10.9375, 7.985], "texture": "#14"},
				"west": {"uv": [9.515, 5.765, 10.1875, 5.985], "texture": "#14"},
				"up": {"uv": [7.4375, 7.4375, 7.015, 6.765], "texture": "#14"},
				"down": {"uv": [2.1875, 7.265, 1.765, 7.9375], "texture": "#14"}
			}
		},
		{
			"name": "Blade",
			"from": [7.43751, 22.15788, 13.57871],
			"to": [8.56249, 23.85149, 15.69573],
			"rotation": {"angle": -22.5, "axis": "x", "origin": [8, 23.00468, 14.63722]},
			"faces": {
				"north": {"uv": [0.015, 9.265, 0.4375, 9.6875], "texture": "#14"},
				"east": {"uv": [8.515, 3.765, 8.985, 4.1875], "texture": "#14"},
				"south": {"uv": [9.265, 1.015, 9.6875, 1.4375], "texture": "#14"},
				"west": {"uv": [8.515, 4.265, 8.985, 4.6875], "texture": "#14"},
				"up": {"uv": [5.6875, 8.985, 5.265, 8.515], "texture": "#14"},
				"down": {"uv": [6.1875, 8.515, 5.765, 8.985], "texture": "#14"}
			}
		},
		{
			"name": "Blade",
			"from": [7.42, 22.62387, 13.95893],
			"to": [8.58, 24.15187, 16.01893],
			"rotation": {"angle": 0, "axis": "y", "origin": [8.1, 22.18787, 10.23893]},
			"faces": {
				"north": {"uv": [9.515, 7.515, 9.9375, 7.875], "texture": "#14"},
				"east": {"uv": [9.515, 0.515, 9.985, 0.875], "texture": "#14"},
				"south": {"uv": [9.515, 8.015, 9.9375, 8.375], "texture": "#14"},
				"west": {"uv": [1.015, 9.515, 1.485, 9.875], "texture": "#14"},
				"up": {"uv": [8.9375, 6.485, 8.515, 6.015], "texture": "#14"},
				"down": {"uv": [8.9375, 6.515, 8.515, 6.985], "texture": "#14"}
			}
		},
		{
			"name": "Blade",
			"from": [7.37, 24.836, 0.42],
			"to": [8.63, 26.864, 6.58],
			"rotation": {"angle": 0, "axis": "y", "origin": [8.05, 25, 5.5]},
			"faces": {
				"north": {"uv": [1.515, 8.515, 1.9375, 8.985], "texture": "#14"},
				"east": {"uv": [2.015, 1.515, 3.5625, 1.985], "texture": "#14"},
				"south": {"uv": [8.515, 3.265, 8.9375, 3.735], "texture": "#14"},
				"west": {"uv": [2.015, 2.015, 3.5625, 2.485], "texture": "#14"},
				"up": {"uv": [2.6875, 5.8125, 2.265, 4.265], "texture": "#14"},
				"down": {"uv": [3.1875, 4.265, 2.765, 5.8125], "texture": "#14"}
			}
		},
		{
			"name": "Blade",
			"from": [7.3107, 25.40179, 9.22204],
			"to": [8.6903, 26.87639, 15.40632],
			"rotation": {"angle": 0, "axis": "y", "origin": [7.95, 26.13909, 12.41768]},
			"faces": {
				"north": {"uv": [2.515, 9.515, 2.985, 9.875], "texture": "#14"},
				"east": {"uv": [4.265, 3.015, 5.8125, 3.375], "texture": "#14"},
				"south": {"uv": [3.015, 9.515, 3.485, 9.875], "texture": "#14"},
				"west": {"uv": [4.265, 3.515, 5.8125, 3.875], "texture": "#14"},
				"up": {"uv": [2.485, 4.0625, 2.015, 2.515], "texture": "#14"},
				"down": {"uv": [2.985, 2.515, 2.515, 4.0625], "texture": "#14"}
			}
		},
		{
			"name": "Blade",
			"from": [7.37943, 23.31205, 6.09873],
			"to": [8.62057, 25.12459, 6.86737],
			"rotation": {"angle": -22.5, "axis": "x", "origin": [8, 24.21832, 6.48305]},
			"faces": {
				"north": {"uv": [9.265, 2.515, 9.6875, 2.9375], "texture": "#14"},
				"east": {"uv": [3.265, 11.265, 3.4375, 11.6875], "texture": "#14"},
				"south": {"uv": [9.265, 4.765, 9.6875, 5.1875], "texture": "#14"},
				"west": {"uv": [11.265, 3.265, 11.4375, 3.6875], "texture": "#14"},
				"up": {"uv": [3.9375, 11.4375, 3.515, 11.265], "texture": "#14"},
				"down": {"uv": [11.6875, 3.765, 11.265, 3.9375], "texture": "#14"}
			}
		},
		{
			"name": "Blade",
			"from": [7.33098, 24.31378, 5.42908],
			"to": [8.66902, 25.12286, 7.33702],
			"rotation": {"angle": 45, "axis": "x", "origin": [8, 24.71832, 6.38305]},
			"faces": {
				"north": {"uv": [11.015, 10.265, 11.485, 10.4375], "texture": "#14"},
				"east": {"uv": [10.515, 11.015, 10.985, 11.1875], "texture": "#14"},
				"south": {"uv": [11.015, 10.515, 11.485, 10.6875], "texture": "#14"},
				"west": {"uv": [11.015, 10.765, 11.485, 10.9375], "texture": "#14"},
				"up": {"uv": [8.235, 2.985, 7.765, 2.515], "texture": "#14"},
				"down": {"uv": [8.235, 3.015, 7.765, 3.485], "texture": "#14"}
			}
		},
		{
			"name": "Blade",
			"from": [7.3112, 25.00552, 4.70961],
			"to": [8.6888, 25.83112, 6.75649],
			"rotation": {"angle": 22.5, "axis": "x", "origin": [8, 25.41832, 5.68305]},
			"faces": {
				"north": {"uv": [11.015, 11.015, 11.485, 11.1875], "texture": "#14"},
				"east": {"uv": [0.015, 11.265, 0.485, 11.4375], "texture": "#14"},
				"south": {"uv": [11.265, 0.015, 11.735, 0.1875], "texture": "#14"},
				"west": {"uv": [11.265, 0.265, 11.735, 0.4375], "texture": "#14"},
				"up": {"uv": [4.235, 8.235, 3.765, 7.765], "texture": "#14"},
				"down": {"uv": [8.235, 5.015, 7.765, 5.485], "texture": "#14"}
			}
		},
		{
			"name": "Blade",
			"from": [7.3112, 25.00552, 9.24351],
			"to": [8.6888, 25.83112, 11.29039],
			"rotation": {"angle": -22.5, "axis": "x", "origin": [8, 25.41832, 10.31695]},
			"faces": {
				"north": {"uv": [7.515, 11.015, 7.985, 11.1875], "texture": "#14"},
				"east": {"uv": [11.015, 7.765, 11.485, 7.9375], "texture": "#14"},
				"south": {"uv": [8.265, 11.015, 8.735, 11.1875], "texture": "#14"},
				"west": {"uv": [8.765, 11.015, 9.235, 11.1875], "texture": "#14"},
				"up": {"uv": [7.485, 7.985, 7.015, 7.515], "texture": "#14"},
				"down": {"uv": [7.985, 7.265, 7.515, 7.735], "texture": "#14"}
			}
		},
		{
			"name": "Blade",
			"from": [7.33098, 24.31378, 8.66298],
			"to": [8.66902, 25.12286, 10.57092],
			"rotation": {"angle": -45, "axis": "x", "origin": [8, 24.71832, 9.61695]},
			"faces": {
				"north": {"uv": [11.015, 8.765, 11.485, 8.9375], "texture": "#14"},
				"east": {"uv": [11.015, 9.015, 11.485, 9.1875], "texture": "#14"},
				"south": {"uv": [9.265, 11.015, 9.735, 11.1875], "texture": "#14"},
				"west": {"uv": [11.015, 9.265, 11.485, 9.4375], "texture": "#14"},
				"up": {"uv": [0.485, 8.235, 0.015, 7.765], "texture": "#14"},
				"down": {"uv": [0.985, 7.765, 0.515, 8.235], "texture": "#14"}
			}
		},
		{
			"name": "Blade",
			"from": [7.3107, 25.40179, 1.09368],
			"to": [8.6903, 26.87639, 6.77796],
			"rotation": {"angle": 0, "axis": "y", "origin": [7.95, 26.13909, 3.58232]},
			"faces": {
				"north": {"uv": [1.515, 9.515, 1.985, 9.875], "texture": "#14"},
				"east": {"uv": [4.265, 4.015, 5.6875, 4.375], "texture": "#14"},
				"south": {"uv": [2.015, 9.515, 2.485, 9.875], "texture": "#14"},
				"west": {"uv": [0.015, 4.515, 1.4375, 4.875], "texture": "#14"},
				"up": {"uv": [1.485, 4.4375, 1.015, 3.015], "texture": "#14"},
				"down": {"uv": [1.985, 3.015, 1.515, 4.4375], "texture": "#14"}
			}
		},
		{
			"name": "Blade",
			"from": [7.37943, 23.31205, 9.13263],
			"to": [8.62057, 25.12459, 9.90127],
			"rotation": {"angle": 22.5, "axis": "x", "origin": [8, 24.21832, 9.51695]},
			"faces": {
				"north": {"uv": [9.265, 1.515, 9.6875, 1.9375], "texture": "#14"},
				"east": {"uv": [1.515, 11.265, 1.6875, 11.6875], "texture": "#14"},
				"south": {"uv": [9.265, 2.015, 9.6875, 2.4375], "texture": "#14"},
				"west": {"uv": [2.515, 11.265, 2.6875, 11.6875], "texture": "#14"},
				"up": {"uv": [11.6875, 2.6875, 11.265, 2.515], "texture": "#14"},
				"down": {"uv": [3.1875, 11.265, 2.765, 11.4375], "texture": "#14"}
			}
		},
		{
			"name": "Blade",
			"from": [7.36064, 25.02616, 4.75828],
			"to": [8.63936, 25.81048, 6.60782],
			"rotation": {"angle": 22.5, "axis": "x", "origin": [8, 25.41832, 5.68305]},
			"faces": {
				"north": {"uv": [6.515, 11.015, 6.985, 11.1875], "texture": "#14"},
				"east": {"uv": [11.265, 2.015, 11.6875, 2.1875], "texture": "#14"},
				"south": {"uv": [7.015, 11.015, 7.485, 11.1875], "texture": "#14"},
				"west": {"uv": [11.265, 2.265, 11.6875, 2.4375], "texture": "#14"},
				"up": {"uv": [7.485, 8.9375, 7.015, 8.515], "texture": "#14"},
				"down": {"uv": [8.985, 7.015, 8.515, 7.4375], "texture": "#14"}
			}
		},
		{
			"name": "Blade",
			"from": [7.32109, 24.40696, 0.73649],
			"to": [8.67891, 25.22431, 2.66391],
			"rotation": {"angle": -22.5, "axis": "x", "origin": [8, 23.22813, 0.09341]},
			"faces": {
				"north": {"uv": [5.265, 11.015, 5.735, 11.1875], "texture": "#14"},
				"east": {"uv": [5.765, 11.015, 6.235, 11.1875], "texture": "#14"},
				"south": {"uv": [11.015, 6.015, 11.485, 6.1875], "texture": "#14"},
				"west": {"uv": [11.015, 6.265, 11.485, 6.4375], "texture": "#14"},
				"up": {"uv": [7.985, 6.735, 7.515, 6.265], "texture": "#14"},
				"down": {"uv": [7.985, 6.765, 7.515, 7.235], "texture": "#14"}
			}
		},
		{
			"name": "Blade",
			"from": [7.2808, 26.54113, -1.0789],
			"to": [8.7202, 28.48953, -0.25918],
			"rotation": {"angle": -22.5, "axis": "x", "origin": [8.05, 27.80833, -3.09454]},
			"faces": {
				"north": {"uv": [7.765, 0.765, 8.235, 1.235], "texture": "#14"},
				"east": {"uv": [11.015, 9.515, 11.1875, 9.985], "texture": "#14"},
				"south": {"uv": [7.765, 2.015, 8.235, 2.485], "texture": "#14"},
				"west": {"uv": [9.765, 11.015, 9.9375, 11.485], "texture": "#14"},
				"up": {"uv": [10.485, 11.1875, 10.015, 11.015], "texture": "#14"},
				"down": {"uv": [11.485, 10.015, 11.015, 10.1875], "texture": "#14"}
			}
		},
		{
			"name": "Blade",
			"from": [7.27, 25.63673, -2.6382],
			"to": [8.73, 27.66473, 0.0218],
			"rotation": {"angle": 45, "axis": "x", "origin": [8.05, 24.80073, -0.8582]},
			"faces": {
				"north": {"uv": [5.765, 7.515, 6.235, 7.985], "texture": "#14"},
				"east": {"uv": [6.015, 3.515, 6.6875, 3.985], "texture": "#14"},
				"south": {"uv": [7.515, 5.765, 7.985, 6.235], "texture": "#14"},
				"west": {"uv": [6.515, 2.515, 7.1875, 2.985], "texture": "#14"},
				"up": {"uv": [3.735, 7.1875, 3.265, 6.515], "texture": "#14"},
				"down": {"uv": [4.735, 6.515, 4.265, 7.1875], "texture": "#14"}
			}
		},
		{
			"name": "Blade",
			"from": [7.3012, 22.27261, -1.08784],
			"to": [8.6988, 26.46952, -1.08784],
			"rotation": {"angle": 22.5, "axis": "x", "origin": [8, 24.37107, -0.96927]},
			"faces": {
				"north": {"uv": [4.515, 1.265, 4.985, 2.3125], "texture": "#14"},
				"east": {"uv": [0.015, 0.015, 0.015, 1.0625], "texture": "#14"},
				"south": {"uv": [1.515, 4.515, 1.985, 5.5625], "texture": "#14"},
				"west": {"uv": [0.015, 0.015, 0.015, 1.0625], "texture": "#14"},
				"up": {"uv": [0.485, 0.015, 0.015, 0.015], "texture": "#14"},
				"down": {"uv": [0.485, 0.015, 0.015, 0.015], "texture": "#14"}
			}
		},
		{
			"name": "Blade",
			"from": [7.3012, 22.27261, -1.08784],
			"to": [8.6988, 26.46952, 0.18001],
			"rotation": {"angle": 22.5, "axis": "x", "origin": [8, 24.37107, -0.96927]},
			"faces": {
				"north": {"uv": [3.265, 4.265, 3.735, 5.3125], "texture": "#14"},
				"east": {"uv": [6.515, 6.015, 6.8125, 7.0625], "texture": "#14"},
				"south": {"uv": [4.515, 0.015, 4.985, 1.0625], "texture": "#14"},
				"west": {"uv": [1.265, 6.765, 1.5625, 7.8125], "texture": "#14"},
				"up": {"uv": [10.485, 3.3125, 10.015, 3.015], "texture": "#14"},
				"down": {"uv": [10.485, 3.515, 10.015, 3.8125], "texture": "#14"}
			}
		},
		{
			"name": "Blade",
			"from": [7.3012, 23.44368, -2.11856],
			"to": [8.6988, 26.46952, -1.08784],
			"rotation": {"angle": 22.5, "axis": "x", "origin": [8, 24.37107, -0.96927]},
			"faces": {
				"north": {"uv": [6.515, 1.015, 6.985, 1.735], "texture": "#14"},
				"east": {"uv": [3.765, 5.015, 3.985, 5.735], "texture": "#14"},
				"south": {"uv": [6.515, 1.765, 6.985, 2.485], "texture": "#14"},
				"west": {"uv": [1.765, 5.765, 1.985, 6.485], "texture": "#14"},
				"up": {"uv": [10.735, 6.735, 10.265, 6.515], "texture": "#14"},
				"down": {"uv": [7.985, 10.265, 7.515, 10.485], "texture": "#14"}
			}
		},
		{
			"name": "Blade",
			"from": [7.2494, 25.89007, -2.27145],
			"to": [8.7506, 29.08263, -0.78225],
			"rotation": {"angle": -22.5, "axis": "x", "origin": [8, 27.43635, -1.52685]},
			"faces": {
				"north": {"uv": [3.765, 6.015, 4.235, 6.8125], "texture": "#14"},
				"east": {"uv": [7.015, 4.015, 7.375, 4.8125], "texture": "#14"},
				"south": {"uv": [6.015, 4.515, 6.485, 5.3125], "texture": "#14"},
				"west": {"uv": [4.765, 7.015, 5.125, 7.8125], "texture": "#14"},
				"up": {"uv": [9.235, 9.625, 8.765, 9.265], "texture": "#14"},
				"down": {"uv": [9.735, 9.265, 9.265, 9.625], "texture": "#14"}
			}
		},
		{
			"name": "Blade",
			"from": [7.34092, 25.07743, 14.61522],
			"to": [8.65804, 25.7258, 15.74191],
			"rotation": {"angle": 22.5, "axis": "x", "origin": [7.99948, 25.25388, 15.38913]},
			"faces": {
				"north": {"uv": [10.765, 3.765, 11.235, 3.9375], "texture": "#14"},
				"east": {"uv": [0.515, 11.765, 0.8125, 11.9375], "texture": "#14"},
				"south": {"uv": [10.765, 4.015, 11.235, 4.1875], "texture": "#14"},
				"west": {"uv": [1.015, 11.765, 1.3125, 11.9375], "texture": "#14"},
				"up": {"uv": [6.485, 10.0625, 6.015, 9.765], "texture": "#14"},
				"down": {"uv": [7.985, 9.765, 7.515, 10.0625], "texture": "#14"}
			}
		},
		{
			"name": "Blade",
			"from": [7.3506, 25.02369, 15.28975],
			"to": [8.64836, 25.37226, 15.99068],
			"rotation": {"angle": 45, "axis": "x", "origin": [7.99948, 25.25388, 15.38913]},
			"faces": {
				"north": {"uv": [1.515, 12.265, 1.985, 12.3125], "texture": "#14"},
				"east": {"uv": [4.765, 12.515, 4.9375, 12.5625], "texture": "#14"},
				"south": {"uv": [12.265, 1.515, 12.735, 1.5625], "texture": "#14"},
				"west": {"uv": [12.515, 4.765, 12.6875, 4.8125], "texture": "#14"},
				"up": {"uv": [11.235, 4.4375, 10.765, 4.265], "texture": "#14"},
				"down": {"uv": [11.235, 4.515, 10.765, 4.6875], "texture": "#14"}
			}
		},
		{
			"name": "Blade",
			"from": [7.32105, 24.4834, 15.17342],
			"to": [8.67791, 26.77696, 15.8322],
			"rotation": {"angle": -22.5, "axis": "x", "origin": [7.99948, 25.63018, 15.55281]},
			"faces": {
				"north": {"uv": [3.265, 7.265, 3.735, 7.8125], "texture": "#14"},
				"east": {"uv": [8.015, 10.515, 8.1875, 11.0625], "texture": "#14"},
				"south": {"uv": [4.265, 7.265, 4.735, 7.8125], "texture": "#14"},
				"west": {"uv": [10.515, 8.015, 10.6875, 8.5625], "texture": "#14"},
				"up": {"uv": [11.235, 4.9375, 10.765, 4.765], "texture": "#14"},
				"down": {"uv": [5.485, 10.765, 5.015, 10.9375], "texture": "#14"}
			}
		},
		{
			"name": "Blade",
			"from": [7.27009, 24.27168, 15.59433],
			"to": [8.72887, 24.72125, 16.19264],
			"rotation": {"angle": 0, "axis": "y", "origin": [7.99948, 24.49646, 15.99348]},
			"faces": {
				"north": {"uv": [11.515, 5.765, 11.985, 5.875], "texture": "#14"},
				"east": {"uv": [6.765, 8.765, 6.985, 8.875], "texture": "#14"},
				"south": {"uv": [11.515, 6.015, 11.985, 6.125], "texture": "#14"},
				"west": {"uv": [6.015, 9.015, 6.235, 9.125], "texture": "#14"},
				"up": {"uv": [10.735, 2.235, 10.265, 2.015], "texture": "#14"},
				"down": {"uv": [10.735, 2.265, 10.265, 2.485], "texture": "#14"}
			}
		},
		{
			"name": "Blade",
			"from": [7.32105, 23.99414, 15.45392],
			"to": [8.67791, 24.52962, 16.02119],
			"rotation": {"angle": 22.5, "axis": "x", "origin": [7.99948, 24.02009, 15.56782]},
			"faces": {
				"north": {"uv": [11.515, 6.265, 11.985, 6.375], "texture": "#14"},
				"east": {"uv": [1.015, 12.515, 1.1875, 12.625], "texture": "#14"},
				"south": {"uv": [6.765, 11.515, 7.235, 11.625], "texture": "#14"},
				"west": {"uv": [12.515, 1.015, 12.6875, 1.125], "texture": "#14"},
				"up": {"uv": [11.235, 5.1875, 10.765, 5.015], "texture": "#14"},
				"down": {"uv": [11.235, 5.265, 10.765, 5.4375], "texture": "#14"}
			}
		},
		{
			"name": "Blade",
			"from": [7.32105, 23.66322, 15.13115],
			"to": [8.67791, 24.09469, 15.60289],
			"rotation": {"angle": -22.5, "axis": "x", "origin": [7.99948, 24.02009, 15.56782]},
			"faces": {
				"north": {"uv": [11.515, 6.765, 11.985, 6.875], "texture": "#14"},
				"east": {"uv": [3.015, 12.515, 3.125, 12.625], "texture": "#14"},
				"south": {"uv": [11.515, 7.015, 11.985, 7.125], "texture": "#14"},
				"west": {"uv": [3.265, 12.515, 3.375, 12.625], "texture": "#14"},
				"up": {"uv": [7.985, 11.625, 7.515, 11.515], "texture": "#14"},
				"down": {"uv": [11.985, 7.765, 11.515, 7.875], "texture": "#14"}
			}
		},
		{
			"name": "Blade",
			"from": [7.31126, 23.71244, 15.50639],
			"to": [8.6877, 24.14403, 15.77173],
			"rotation": {"angle": -45, "axis": "x", "origin": [7.99948, 23.92823, 15.58706]},
			"faces": {
				"north": {"uv": [8.015, 11.515, 8.485, 11.625], "texture": "#14"},
				"east": {"uv": [12.515, 6.765, 12.5625, 6.875], "texture": "#14"},
				"south": {"uv": [8.515, 11.515, 8.985, 11.625], "texture": "#14"},
				"west": {"uv": [7.015, 12.515, 7.0625, 12.625], "texture": "#14"},
				"up": {"uv": [12.735, 1.8125, 12.265, 1.765], "texture": "#14"},
				"down": {"uv": [2.485, 12.265, 2.015, 12.3125], "texture": "#14"}
			}
		},
		{
			"name": "Blade",
			"from": [7.31086, 23.62327, 14.85158],
			"to": [8.6881, 23.95415, 15.31387],
			"rotation": {"angle": 0, "axis": "y", "origin": [7.99948, 23.78871, 15.08273]},
			"faces": {
				"north": {"uv": [12.265, 2.015, 12.735, 2.0625], "texture": "#14"},
				"east": {"uv": [12.515, 7.015, 12.625, 7.0625], "texture": "#14"},
				"south": {"uv": [12.265, 2.265, 12.735, 2.3125], "texture": "#14"},
				"west": {"uv": [7.265, 12.515, 7.375, 12.5625], "texture": "#14"},
				"up": {"uv": [11.985, 8.875, 11.515, 8.765], "texture": "#14"},
				"down": {"uv": [9.485, 11.515, 9.015, 11.625], "texture": "#14"}
			}
		},
		{
			"name": "Blade",
			"from": [7.29047, 23.6403, 14.73948],
			"to": [8.70849, 23.97905, 15.00718],
			"rotation": {"angle": 22.5, "axis": "x", "origin": [7.99948, 23.86167, 14.87333]},
			"faces": {
				"north": {"uv": [2.515, 12.265, 2.985, 12.3125], "texture": "#14"},
				"east": {"uv": [12.765, 1.015, 12.8125, 1.0625], "texture": "#14"},
				"south": {"uv": [12.265, 2.515, 12.735, 2.5625], "texture": "#14"},
				"west": {"uv": [1.265, 12.765, 1.3125, 12.8125], "texture": "#14"},
				"up": {"uv": [12.735, 2.8125, 12.265, 2.765], "texture": "#14"},
				"down": {"uv": [3.485, 12.265, 3.015, 12.3125], "texture": "#14"}
			}
		},
		{
			"name": "Blade",
			"from": [7.30066, 23.86549, 14.50444],
			"to": [8.6983, 24.09994, 14.87135],
			"rotation": {"angle": 45, "axis": "x", "origin": [7.99948, 24.03472, 14.6879]},
			"faces": {
				"north": {"uv": [12.265, 3.015, 12.735, 3.0625], "texture": "#14"},
				"east": {"uv": [12.765, 1.265, 12.8125, 1.3125], "texture": "#14"},
				"south": {"uv": [3.515, 12.265, 3.985, 12.3125], "texture": "#14"},
				"west": {"uv": [1.515, 12.765, 1.5625, 12.8125], "texture": "#14"},
				"up": {"uv": [12.735, 3.8125, 12.265, 3.765], "texture": "#14"},
				"down": {"uv": [4.485, 12.265, 4.015, 12.3125], "texture": "#14"}
			}
		},
		{
			"name": "Blade",
			"from": [7.29047, 23.9823, 14.39748],
			"to": [8.70849, 24.354, 14.63223],
			"rotation": {"angle": -22.5, "axis": "x", "origin": [7.99948, 24.22015, 14.51486]},
			"faces": {
				"north": {"uv": [12.265, 4.015, 12.735, 4.0625], "texture": "#14"},
				"east": {"uv": [12.765, 1.515, 12.8125, 1.5625], "texture": "#14"},
				"south": {"uv": [12.265, 4.265, 12.735, 4.3125], "texture": "#14"},
				"west": {"uv": [1.765, 12.765, 1.8125, 12.8125], "texture": "#14"},
				"up": {"uv": [4.985, 12.3125, 4.515, 12.265], "texture": "#14"},
				"down": {"uv": [5.485, 12.265, 5.015, 12.3125], "texture": "#14"}
			}
		},
		{
			"name": "Blade",
			"from": [7.28028, 23.80605, 14.74775],
			"to": [8.71868, 23.93917, 15.01815],
			"rotation": {"angle": 22.5, "axis": "x", "origin": [7.99948, 23.97661, 14.31095]},
			"faces": {
				"north": {"uv": [12.265, 5.015, 12.735, 5.0625], "texture": "#14"},
				"east": {"uv": [12.765, 1.765, 12.8125, 1.8125], "texture": "#14"},
				"south": {"uv": [12.265, 5.265, 12.735, 5.3125], "texture": "#14"},
				"west": {"uv": [2.015, 12.765, 2.0625, 12.8125], "texture": "#14"},
				"up": {"uv": [5.985, 12.3125, 5.515, 12.265], "texture": "#14"},
				"down": {"uv": [6.485, 12.265, 6.015, 12.3125], "texture": "#14"}
			}
		},
		{
			"name": "Blade",
			"from": [7.28028, 23.59581, 14.17274],
			"to": [8.71868, 24.07421, 14.30586],
			"rotation": {"angle": -45, "axis": "x", "origin": [7.99948, 24.19901, 14.3433]},
			"faces": {
				"north": {"uv": [11.515, 9.015, 11.985, 9.125], "texture": "#14"},
				"east": {"uv": [7.515, 12.515, 7.5625, 12.625], "texture": "#14"},
				"south": {"uv": [11.515, 9.265, 11.985, 9.375], "texture": "#14"},
				"west": {"uv": [7.765, 12.515, 7.8125, 12.625], "texture": "#14"},
				"up": {"uv": [6.985, 12.3125, 6.515, 12.265], "texture": "#14"},
				"down": {"uv": [12.735, 6.515, 12.265, 6.5625], "texture": "#14"}
			}
		},
		{
			"name": "Blade",
			"from": [7.27029, 23.98832, 14.30982],
			"to": [8.72867, 24.36639, 14.44134],
			"rotation": {"angle": 0, "axis": "y", "origin": [7.99948, 24.17736, 14.42758]},
			"faces": {
				"north": {"uv": [9.515, 11.515, 9.985, 11.625], "texture": "#14"},
				"east": {"uv": [12.515, 7.765, 12.5625, 7.875], "texture": "#14"},
				"south": {"uv": [10.015, 11.515, 10.485, 11.625], "texture": "#14"},
				"west": {"uv": [8.015, 12.515, 8.0625, 12.625], "texture": "#14"},
				"up": {"uv": [7.485, 12.3125, 7.015, 12.265], "texture": "#14"},
				"down": {"uv": [12.735, 7.265, 12.265, 7.3125], "texture": "#14"}
			}
		},
		{
			"name": "Blade",
			"from": [7.28028, 24.31285, 14.33376],
			"to": [8.71868, 24.47925, 14.46688],
			"rotation": {"angle": 22.5, "axis": "x", "origin": [7.99948, 24.39605, 14.45232]},
			"faces": {
				"north": {"uv": [7.515, 12.265, 7.985, 12.3125], "texture": "#14"},
				"east": {"uv": [12.765, 2.015, 12.8125, 2.0625], "texture": "#14"},
				"south": {"uv": [12.265, 7.515, 12.735, 7.5625], "texture": "#14"},
				"west": {"uv": [2.265, 12.765, 2.3125, 12.8125], "texture": "#14"},
				"up": {"uv": [8.485, 12.3125, 8.015, 12.265], "texture": "#14"},
				"down": {"uv": [12.735, 8.015, 12.265, 8.0625], "texture": "#14"}
			}
		},
		{
			"name": "Blade",
			"from": [7.28028, 24.22101, 14.7512],
			"to": [8.71868, 24.49141, 14.88432],
			"rotation": {"angle": 45, "axis": "x", "origin": [7.99948, 24.82421, 14.92176]},
			"faces": {
				"north": {"uv": [12.265, 8.265, 12.735, 8.3125], "texture": "#14"},
				"east": {"uv": [12.765, 2.265, 12.8125, 2.3125], "texture": "#14"},
				"south": {"uv": [8.515, 12.265, 8.985, 12.3125], "texture": "#14"},
				"west": {"uv": [2.515, 12.765, 2.5625, 12.8125], "texture": "#14"},
				"up": {"uv": [12.735, 8.5625, 12.265, 8.515], "texture": "#14"},
				"down": {"uv": [9.485, 12.265, 9.015, 12.3125], "texture": "#14"}
			}
		},
		{
			"name": "Blade",
			"from": [7.31169, 24.46958, 14.51318],
			"to": [8.68935, 24.63102, 14.64234],
			"rotation": {"angle": 22.5, "axis": "x", "origin": [8.00052, 24.5503, 14.57776]},
			"faces": {
				"north": {"uv": [9.515, 12.265, 9.985, 12.3125], "texture": "#14"},
				"east": {"uv": [12.765, 2.515, 12.8125, 2.5625], "texture": "#14"},
				"south": {"uv": [12.265, 9.515, 12.735, 9.5625], "texture": "#14"},
				"west": {"uv": [2.765, 12.765, 2.8125, 12.8125], "texture": "#14"},
				"up": {"uv": [12.735, 9.8125, 12.265, 9.765], "texture": "#14"},
				"down": {"uv": [10.485, 12.265, 10.015, 12.3125], "texture": "#14"}
			}
		},
		{
			"name": "Blade",
			"from": [7.28028, 23.5484, 14.89904],
			"to": [8.71868, 23.68152, 15.68944],
			"rotation": {"angle": 0, "axis": "y", "origin": [7.99948, 23.71896, 15.19024]},
			"faces": {
				"north": {"uv": [10.515, 12.265, 10.985, 12.3125], "texture": "#14"},
				"east": {"uv": [5.015, 12.515, 5.1875, 12.5625], "texture": "#14"},
				"south": {"uv": [11.015, 12.265, 11.485, 12.3125], "texture": "#14"},
				"west": {"uv": [5.265, 12.515, 5.4375, 12.5625], "texture": "#14"},
				"up": {"uv": [11.235, 5.6875, 10.765, 5.515], "texture": "#14"},
				"down": {"uv": [6.235, 10.765, 5.765, 10.9375], "texture": "#14"}
			}
		},
		{
			"name": "Blade",
			"from": [7.28028, 23.86666, 15.4594],
			"to": [8.71868, 23.99978, 15.8578],
			"rotation": {"angle": -45, "axis": "x", "origin": [7.99948, 23.98522, 15.9586]},
			"faces": {
				"north": {"uv": [11.515, 12.265, 11.985, 12.3125], "texture": "#14"},
				"east": {"uv": [12.515, 3.265, 12.735, 3.3125], "texture": "#14"},
				"south": {"uv": [12.015, 12.265, 12.485, 12.3125], "texture": "#14"},
				"west": {"uv": [3.515, 12.515, 3.735, 12.5625], "texture": "#14"},
				"up": {"uv": [10.735, 2.735, 10.265, 2.515], "texture": "#14"},
				"down": {"uv": [10.735, 2.765, 10.265, 2.985], "texture": "#14"}
			}
		},
		{
			"name": "Blade",
			"from": [7.30056, 24.29704, 14.48066],
			"to": [8.6984, 24.56205, 14.61113],
			"rotation": {"angle": 0, "axis": "y", "origin": [7.99948, 24.42954, 14.54589]},
			"faces": {
				"north": {"uv": [0.015, 12.515, 0.485, 12.5625], "texture": "#14"},
				"east": {"uv": [12.765, 2.765, 12.8125, 2.8125], "texture": "#14"},
				"south": {"uv": [0.515, 12.515, 0.985, 12.5625], "texture": "#14"},
				"west": {"uv": [3.015, 12.765, 3.0625, 12.8125], "texture": "#14"},
				"up": {"uv": [12.985, 0.5625, 12.515, 0.515], "texture": "#14"},
				"down": {"uv": [12.985, 0.765, 12.515, 0.8125], "texture": "#14"}
			}
		},
		{
			"name": "Blade",
			"from": [7.29047, 27.3378, -0.26073],
			"to": [8.70849, 29.59327, 0.32176],
			"rotation": {"angle": 22.5, "axis": "x", "origin": [7.99948, 29.11554, -0.06948]},
			"faces": {
				"north": {"uv": [7.265, 2.015, 7.735, 2.5625], "texture": "#14"},
				"east": {"uv": [6.015, 11.265, 6.125, 11.8125], "texture": "#14"},
				"south": {"uv": [7.265, 2.765, 7.735, 3.3125], "texture": "#14"},
				"west": {"uv": [6.265, 11.265, 6.375, 11.8125], "texture": "#14"},
				"up": {"uv": [0.485, 11.625, 0.015, 11.515], "texture": "#14"},
				"down": {"uv": [11.985, 0.515, 11.515, 0.625], "texture": "#14"}
			}
		},
		{
			"name": "Blade",
			"from": [7.30066, 28.91155, 0.20614],
			"to": [8.6983, 29.64937, 0.57305],
			"rotation": {"angle": 45, "axis": "x", "origin": [7.99948, 29.28046, 0.3896]},
			"faces": {
				"north": {"uv": [10.765, 1.515, 11.235, 1.6875], "texture": "#14"},
				"east": {"uv": [4.015, 12.515, 4.0625, 12.6875], "texture": "#14"},
				"south": {"uv": [10.765, 1.765, 11.235, 1.9375], "texture": "#14"},
				"west": {"uv": [4.265, 12.515, 4.3125, 12.6875], "texture": "#14"},
				"up": {"uv": [2.485, 12.0625, 2.015, 12.015], "texture": "#14"},
				"down": {"uv": [2.985, 12.015, 2.515, 12.0625], "texture": "#14"}
			}
		},
		{
			"name": "Blade",
			"from": [7.28028, 29.13634, -1.45604],
			"to": [8.71868, 29.92674, 0.93308],
			"rotation": {"angle": -22.5, "axis": "x", "origin": [7.99948, 29.53154, 0.34652]},
			"faces": {
				"north": {"uv": [10.765, 2.015, 11.235, 2.1875], "texture": "#14"},
				"east": {"uv": [8.015, 10.265, 8.625, 10.4375], "texture": "#14"},
				"south": {"uv": [10.765, 2.265, 11.235, 2.4375], "texture": "#14"},
				"west": {"uv": [8.765, 10.265, 9.375, 10.4375], "texture": "#14"},
				"up": {"uv": [7.485, 0.625, 7.015, 0.015], "texture": "#14"},
				"down": {"uv": [1.235, 7.015, 0.765, 7.625], "texture": "#14"}
			}
		},
		{
			"name": "Blade",
			"from": [7.27009, 29.27992, 0.69373],
			"to": [8.72887, 30.13869, 1.1433],
			"rotation": {"angle": 0, "axis": "y", "origin": [7.99948, 29.73954, 0.91852]},
			"faces": {
				"north": {"uv": [10.765, 2.515, 11.235, 2.6875], "texture": "#14"},
				"east": {"uv": [9.765, 9.515, 9.875, 9.6875], "texture": "#14"},
				"south": {"uv": [10.765, 2.765, 11.235, 2.9375], "texture": "#14"},
				"west": {"uv": [9.515, 11.265, 9.625, 11.4375], "texture": "#14"},
				"up": {"uv": [11.985, 0.875, 11.515, 0.765], "texture": "#14"},
				"down": {"uv": [11.985, 1.015, 11.515, 1.125], "texture": "#14"}
			}
		},
		{
			"name": "Blade",
			"from": [7.32105, 29.19998, 0.88536],
			"to": [8.67791, 29.86724, 1.42083],
			"rotation": {"angle": 22.5, "axis": "x", "origin": [7.99948, 29.31388, 1.39489]},
			"faces": {
				"north": {"uv": [10.765, 3.015, 11.235, 3.1875], "texture": "#14"},
				"east": {"uv": [2.265, 11.515, 2.375, 11.6875], "texture": "#14"},
				"south": {"uv": [10.765, 3.265, 11.235, 3.4375], "texture": "#14"},
				"west": {"uv": [4.515, 11.515, 4.625, 11.6875], "texture": "#14"},
				"up": {"uv": [11.985, 1.375, 11.515, 1.265], "texture": "#14"},
				"down": {"uv": [2.235, 11.515, 1.765, 11.625], "texture": "#14"}
			}
		},
		{
			"name": "Blade",
			"from": [7.32105, 28.8772, 1.32029],
			"to": [8.67791, 29.34895, 1.75176],
			"rotation": {"angle": -22.5, "axis": "x", "origin": [7.99948, 29.31388, 1.39489]},
			"faces": {
				"north": {"uv": [2.765, 11.515, 3.235, 11.625], "texture": "#14"},
				"east": {"uv": [2.015, 12.515, 2.125, 12.625], "texture": "#14"},
				"south": {"uv": [11.515, 3.265, 11.985, 3.375], "texture": "#14"},
				"west": {"uv": [2.265, 12.515, 2.375, 12.625], "texture": "#14"},
				"up": {"uv": [3.985, 11.625, 3.515, 11.515], "texture": "#14"},
				"down": {"uv": [11.985, 3.515, 11.515, 3.625], "texture": "#14"}
			}
		},
		{
			"name": "Blade",
			"from": [7.31126, 29.25245, 1.27095],
			"to": [8.6877, 29.51779, 1.70254],
			"rotation": {"angle": -45, "axis": "x", "origin": [7.99948, 29.33312, 1.48674]},
			"faces": {
				"north": {"uv": [3.015, 12.015, 3.485, 12.0625], "texture": "#14"},
				"east": {"uv": [6.015, 12.515, 6.125, 12.5625], "texture": "#14"},
				"south": {"uv": [12.015, 3.265, 12.485, 3.3125], "texture": "#14"},
				"west": {"uv": [12.515, 6.015, 12.625, 6.0625], "texture": "#14"},
				"up": {"uv": [4.485, 11.625, 4.015, 11.515], "texture": "#14"},
				"down": {"uv": [11.985, 4.515, 11.515, 4.625], "texture": "#14"}
			}
		},
		{
			"name": "Blade",
			"from": [7.28028, 28.69358, 1.45571],
			"to": [8.71868, 28.96398, 1.79683],
			"rotation": {"angle": 0, "axis": "y", "origin": [7.99948, 28.56878, 1.93827]},
			"faces": {
				"north": {"uv": [3.515, 12.015, 3.985, 12.0625], "texture": "#14"},
				"east": {"uv": [11.265, 12.515, 11.3125, 12.5625], "texture": "#14"},
				"south": {"uv": [12.015, 3.515, 12.485, 3.5625], "texture": "#14"},
				"west": {"uv": [12.515, 11.265, 12.5625, 11.3125], "texture": "#14"},
				"up": {"uv": [4.485, 12.0625, 4.015, 12.015], "texture": "#14"},
				"down": {"uv": [4.985, 12.015, 4.515, 12.0625], "texture": "#14"}
			}
		},
		{
			"name": "Blade",
			"from": [7.29047, 28.48554, 1.43593],
			"to": [8.70849, 28.75323, 1.77468],
			"rotation": {"angle": 22.5, "axis": "x", "origin": [7.99948, 28.61938, 1.5533]},
			"faces": {
				"north": {"uv": [12.015, 4.515, 12.485, 4.5625], "texture": "#14"},
				"east": {"uv": [11.515, 12.515, 11.5625, 12.5625], "texture": "#14"},
				"south": {"uv": [12.015, 4.765, 12.485, 4.8125], "texture": "#14"},
				"west": {"uv": [12.515, 11.515, 12.5625, 11.5625], "texture": "#14"},
				"up": {"uv": [5.485, 12.0625, 5.015, 12.015], "texture": "#14"},
				"down": {"uv": [5.985, 12.015, 5.515, 12.0625], "texture": "#14"}
			}
		},
		{
			"name": "Blade",
			"from": [7.30066, 28.25049, 1.31503],
			"to": [8.6983, 28.61741, 1.54949],
			"rotation": {"angle": 45, "axis": "x", "origin": [7.99948, 28.43395, 1.38026]},
			"faces": {
				"north": {"uv": [12.015, 5.515, 12.485, 5.5625], "texture": "#14"},
				"east": {"uv": [11.765, 12.515, 11.8125, 12.5625], "texture": "#14"},
				"south": {"uv": [12.015, 5.765, 12.485, 5.8125], "texture": "#14"},
				"west": {"uv": [12.515, 11.765, 12.5625, 11.8125], "texture": "#14"},
				"up": {"uv": [6.485, 12.0625, 6.015, 12.015], "texture": "#14"},
				"down": {"uv": [12.485, 6.015, 12.015, 6.0625], "texture": "#14"}
			}
		},
		{
			"name": "Blade",
			"from": [7.29047, 28.14354, 1.06098],
			"to": [8.70849, 28.37828, 1.43268],
			"rotation": {"angle": -22.5, "axis": "x", "origin": [7.99948, 28.26091, 1.19483]},
			"faces": {
				"north": {"uv": [12.015, 6.265, 12.485, 6.3125], "texture": "#14"},
				"east": {"uv": [12.015, 12.515, 12.0625, 12.5625], "texture": "#14"},
				"south": {"uv": [6.515, 12.015, 6.985, 12.0625], "texture": "#14"},
				"west": {"uv": [12.515, 12.015, 12.5625, 12.0625], "texture": "#14"},
				"up": {"uv": [12.485, 6.8125, 12.015, 6.765], "texture": "#14"},
				"down": {"uv": [7.485, 12.015, 7.015, 12.0625], "texture": "#14"}
			}
		},
		{
			"name": "Blade",
			"from": [7.28028, 28.4938, 1.37581],
			"to": [8.71868, 28.7642, 1.60893],
			"rotation": {"angle": 22.5, "axis": "x", "origin": [7.99948, 28.057, 1.43837]},
			"faces": {
				"north": {"uv": [12.015, 7.015, 12.485, 7.0625], "texture": "#14"},
				"east": {"uv": [12.265, 12.515, 12.3125, 12.5625], "texture": "#14"},
				"south": {"uv": [7.515, 12.015, 7.985, 12.0625], "texture": "#14"},
				"west": {"uv": [12.515, 12.265, 12.5625, 12.3125], "texture": "#14"},
				"up": {"uv": [12.485, 7.8125, 12.015, 7.765], "texture": "#14"},
				"down": {"uv": [8.485, 12.015, 8.015, 12.0625], "texture": "#14"}
			}
		},
		{
			"name": "Blade",
			"from": [7.29047, 28.19317, 1.27473],
			"to": [8.70849, 28.42396, 1.74835],
			"rotation": {"angle": -45, "axis": "x", "origin": [7.99948, 28.30856, 1.51154]},
			"faces": {
				"north": {"uv": [8.515, 12.015, 8.985, 12.0625], "texture": "#14"},
				"east": {"uv": [6.265, 12.515, 6.375, 12.5625], "texture": "#14"},
				"south": {"uv": [12.015, 8.765, 12.485, 8.8125], "texture": "#14"},
				"west": {"uv": [12.515, 6.265, 12.625, 6.3125], "texture": "#14"},
				"up": {"uv": [11.985, 4.875, 11.515, 4.765], "texture": "#14"},
				"down": {"uv": [5.485, 11.515, 5.015, 11.625], "texture": "#14"}
			}
		},
		{
			"name": "Blade",
			"from": [7.27029, 28.05588, 1.04859],
			"to": [8.72867, 28.2874, 1.42665],
			"rotation": {"angle": 0, "axis": "y", "origin": [7.99948, 28.17364, 1.23762]},
			"faces": {
				"north": {"uv": [9.015, 12.015, 9.485, 12.0625], "texture": "#14"},
				"east": {"uv": [6.515, 12.515, 6.625, 12.5625], "texture": "#14"},
				"south": {"uv": [12.015, 9.015, 12.485, 9.0625], "texture": "#14"},
				"west": {"uv": [6.765, 12.515, 6.875, 12.5625], "texture": "#14"},
				"up": {"uv": [5.985, 11.625, 5.515, 11.515], "texture": "#14"},
				"down": {"uv": [11.985, 5.515, 11.515, 5.625], "texture": "#14"}
			}
		},
		{
			"name": "Blade",
			"from": [7.28028, 28.07982, 0.93572],
			"to": [8.71868, 28.31294, 1.10212],
			"rotation": {"angle": 22.5, "axis": "x", "origin": [7.99948, 28.19838, 1.01892]},
			"faces": {
				"north": {"uv": [12.015, 9.265, 12.485, 9.3125], "texture": "#14"},
				"east": {"uv": [12.515, 12.515, 12.5625, 12.5625], "texture": "#14"},
				"south": {"uv": [9.515, 12.015, 9.985, 12.0625], "texture": "#14"},
				"west": {"uv": [0.015, 12.765, 0.0625, 12.8125], "texture": "#14"},
				"up": {"uv": [10.485, 12.0625, 10.015, 12.015], "texture": "#14"},
				"down": {"uv": [12.485, 10.015, 12.015, 10.0625], "texture": "#14"}
			}
		},
		{
			"name": "Blade",
			"from": [7.28028, 28.49725, 0.92356],
			"to": [8.71868, 28.63037, 1.19396],
			"rotation": {"angle": 45, "axis": "x", "origin": [7.99948, 28.66781, 0.59076]},
			"faces": {
				"north": {"uv": [12.015, 10.265, 12.485, 10.3125], "texture": "#14"},
				"east": {"uv": [12.765, 0.015, 12.8125, 0.0625], "texture": "#14"},
				"south": {"uv": [10.515, 12.015, 10.985, 12.0625], "texture": "#14"},
				"west": {"uv": [0.265, 12.765, 0.3125, 12.8125], "texture": "#14"},
				"up": {"uv": [12.485, 10.5625, 12.015, 10.515], "texture": "#14"},
				"down": {"uv": [12.485, 10.765, 12.015, 10.8125], "texture": "#14"}
			}
		},
		{
			"name": "Blade",
			"from": [7.28028, 28.6451, 1.63346],
			"to": [8.71868, 29.4355, 1.86658],
			"rotation": {"angle": 0, "axis": "y", "origin": [7.99948, 28.9363, 1.69602]},
			"faces": {
				"north": {"uv": [3.515, 10.765, 3.985, 10.9375], "texture": "#14"},
				"east": {"uv": [4.515, 12.515, 4.5625, 12.6875], "texture": "#14"},
				"south": {"uv": [10.765, 3.515, 11.235, 3.6875], "texture": "#14"},
				"west": {"uv": [12.515, 4.515, 12.5625, 4.6875], "texture": "#14"},
				"up": {"uv": [11.485, 12.0625, 11.015, 12.015], "texture": "#14"},
				"down": {"uv": [12.485, 11.015, 12.015, 11.0625], "texture": "#14"}
			}
		},
		{
			"name": "Blade",
			"from": [7.2599, 29.19688, 1.31228],
			"to": [8.73906, 30.21525, 1.55006],
			"rotation": {"angle": -45, "axis": "x", "origin": [7.99948, 29.70607, 1.43117]},
			"faces": {
				"north": {"uv": [10.265, 1.515, 10.735, 1.735], "texture": "#14"},
				"east": {"uv": [2.515, 12.515, 2.5625, 12.735], "texture": "#14"},
				"south": {"uv": [10.265, 1.765, 10.735, 1.985], "texture": "#14"},
				"west": {"uv": [2.765, 12.515, 2.8125, 12.735], "texture": "#14"},
				"up": {"uv": [12.485, 11.3125, 12.015, 11.265], "texture": "#14"},
				"down": {"uv": [11.985, 12.015, 11.515, 12.0625], "texture": "#14"}
			}
		},
		{
			"name": "Blade",
			"from": [7.22237, 28.23711, 0.79509],
			"to": [8.71868, 28.37401, 0.96622],
			"rotation": {"angle": 22.5, "axis": "x", "origin": [7.97052, 28.30556, 0.88065]},
			"faces": {
				"north": {"uv": [12.015, 11.515, 12.485, 11.5625], "texture": "#14"},
				"east": {"uv": [12.765, 0.265, 12.8125, 0.3125], "texture": "#14"},
				"south": {"uv": [12.015, 11.765, 12.485, 11.8125], "texture": "#14"},
				"west": {"uv": [0.515, 12.765, 0.5625, 12.8125], "texture": "#14"},
				"up": {"uv": [12.485, 12.0625, 12.015, 12.015], "texture": "#14"},
				"down": {"uv": [0.485, 12.265, 0.015, 12.3125], "texture": "#14"}
			}
		},
		{
			"name": "Blade",
			"from": [7.30056, 28.22671, 0.85292],
			"to": [8.6984, 28.35718, 1.11794],
			"rotation": {"angle": 0, "axis": "y", "origin": [7.99948, 28.29195, 0.98543]},
			"faces": {
				"north": {"uv": [12.265, 0.015, 12.735, 0.0625], "texture": "#14"},
				"east": {"uv": [0.765, 12.765, 0.8125, 12.8125], "texture": "#14"},
				"south": {"uv": [12.265, 0.265, 12.735, 0.3125], "texture": "#14"},
				"west": {"uv": [1.015, 12.765, 1.0625, 12.8125], "texture": "#14"},
				"up": {"uv": [0.985, 12.3125, 0.515, 12.265], "texture": "#14"},
				"down": {"uv": [1.485, 12.265, 1.015, 12.3125], "texture": "#14"}
			}
		},
		{
			"name": "Blade",
			"from": [7.3396, 18.68658, -0.35485],
			"to": [8.6604, 19.39602, 0.09795],
			"rotation": {"angle": -45, "axis": "x", "origin": [8, 19.0413, -0.17845]},
			"faces": {
				"north": {"uv": [10.515, 9.765, 10.985, 9.9375], "texture": "#14"},
				"east": {"uv": [7.765, 9.015, 7.875, 9.1875], "texture": "#14"},
				"south": {"uv": [10.015, 10.515, 10.485, 10.6875], "texture": "#14"},
				"west": {"uv": [0.515, 9.265, 0.625, 9.4375], "texture": "#14"},
				"up": {"uv": [11.735, 7.375, 11.265, 7.265], "texture": "#14"},
				"down": {"uv": [7.985, 11.265, 7.515, 11.375], "texture": "#14"}
			}
		},
		{
			"name": "Blade",
			"from": [7.32, 18.41987, -1.18387],
			"to": [8.68, 19.17987, 0.34413],
			"rotation": {"angle": 22.5, "axis": "x", "origin": [8, 18.79987, -0.21987]},
			"faces": {
				"north": {"uv": [10.515, 10.015, 10.985, 10.1875], "texture": "#14"},
				"east": {"uv": [11.265, 5.265, 11.625, 5.4375], "texture": "#14"},
				"south": {"uv": [10.515, 10.265, 10.985, 10.4375], "texture": "#14"},
				"west": {"uv": [5.515, 11.265, 5.875, 11.4375], "texture": "#14"},
				"up": {"uv": [9.735, 5.625, 9.265, 5.265], "texture": "#14"},
				"down": {"uv": [6.485, 9.265, 6.015, 9.625], "texture": "#14"}
			}
		},
		{
			"name": "Blade",
			"from": [7.3298, 18.74051, -0.99607],
			"to": [8.6702, 19.65923, -0.14367],
			"rotation": {"angle": -22.5, "axis": "x", "origin": [8, 19.19987, -0.61987]},
			"faces": {
				"north": {"uv": [5.015, 2.765, 5.485, 2.985], "texture": "#14"},
				"east": {"uv": [3.765, 5.765, 3.9375, 5.985], "texture": "#14"},
				"south": {"uv": [10.015, 8.765, 10.485, 8.985], "texture": "#14"},
				"west": {"uv": [0.515, 6.015, 0.6875, 6.235], "texture": "#14"},
				"up": {"uv": [10.985, 10.6875, 10.515, 10.515], "texture": "#14"},
				"down": {"uv": [0.485, 10.765, 0.015, 10.9375], "texture": "#14"}
			}
		},
		{
			"name": "Blade",
			"from": [7.3102, 18.21607, 0.11399],
			"to": [8.6898, 18.98367, 0.54627],
			"rotation": {"angle": 0, "axis": "y", "origin": [8, 18.59987, 0.33013]},
			"faces": {
				"north": {"uv": [10.765, 0.015, 11.235, 0.1875], "texture": "#14"},
				"east": {"uv": [9.265, 3.015, 9.375, 3.1875], "texture": "#14"},
				"south": {"uv": [10.765, 0.265, 11.235, 0.4375], "texture": "#14"},
				"west": {"uv": [6.515, 9.265, 6.625, 9.4375], "texture": "#14"},
				"up": {"uv": [11.735, 7.625, 11.265, 7.515], "texture": "#14"},
				"down": {"uv": [8.485, 11.265, 8.015, 11.375], "texture": "#14"}
			}
		},
		{
			"name": "Blade",
			"from": [7.3592, 18.47708, 0.29825],
			"to": [8.6408, 19.11868, 0.81313],
			"rotation": {"angle": -22.5, "axis": "x", "origin": [8, 19.00916, 0.78818]},
			"faces": {
				"north": {"uv": [10.765, 0.515, 11.235, 0.6875], "texture": "#14"},
				"east": {"uv": [7.515, 9.515, 7.625, 9.6875], "texture": "#14"},
				"south": {"uv": [10.765, 0.765, 11.235, 0.9375], "texture": "#14"},
				"west": {"uv": [9.515, 9.015, 9.625, 9.1875], "texture": "#14"},
				"up": {"uv": [11.735, 8.125, 11.265, 8.015], "texture": "#14"},
				"down": {"uv": [11.735, 8.265, 11.265, 8.375], "texture": "#14"}
			}
		},
		{
			"name": "Blade",
			"from": [7.3592, 18.97544, 0.71645],
			"to": [8.6408, 19.42904, 1.13133],
			"rotation": {"angle": 22.5, "axis": "x", "origin": [8, 19.00916, 0.78818]},
			"faces": {
				"north": {"uv": [8.515, 11.265, 8.985, 11.375], "texture": "#14"},
				"east": {"uv": [1.265, 12.515, 1.375, 12.625], "texture": "#14"},
				"south": {"uv": [11.265, 8.515, 11.735, 8.625], "texture": "#14"},
				"west": {"uv": [12.515, 1.265, 12.625, 1.375], "texture": "#14"},
				"up": {"uv": [9.485, 11.375, 9.015, 11.265], "texture": "#14"},
				"down": {"uv": [11.735, 9.515, 11.265, 9.625], "texture": "#14"}
			}
		},
		{
			"name": "Blade",
			"from": [7.34979, 18.8131, 0.66901],
			"to": [8.65021, 19.06823, 1.084],
			"rotation": {"angle": 45, "axis": "x", "origin": [8, 18.99066, 0.87651]},
			"faces": {
				"north": {"uv": [1.515, 11.765, 1.985, 11.8125], "texture": "#14"},
				"east": {"uv": [5.515, 12.515, 5.625, 12.5625], "texture": "#14"},
				"south": {"uv": [11.765, 1.515, 12.235, 1.5625], "texture": "#14"},
				"west": {"uv": [12.515, 5.515, 12.625, 5.5625], "texture": "#14"},
				"up": {"uv": [11.735, 9.875, 11.265, 9.765], "texture": "#14"},
				"down": {"uv": [10.485, 11.265, 10.015, 11.375], "texture": "#14"}
			}
		},
		{
			"name": "Blade",
			"from": [7.32, 19.3456, 0.84666],
			"to": [8.68, 19.6056, 1.17466],
			"rotation": {"angle": 0, "axis": "y", "origin": [8, 19.7256, 1.31066]},
			"faces": {
				"north": {"uv": [11.765, 1.765, 12.235, 1.8125], "texture": "#14"},
				"east": {"uv": [8.265, 12.515, 8.3125, 12.5625], "texture": "#14"},
				"south": {"uv": [2.015, 11.765, 2.485, 11.8125], "texture": "#14"},
				"west": {"uv": [8.515, 12.515, 8.5625, 12.5625], "texture": "#14"},
				"up": {"uv": [12.235, 2.0625, 11.765, 2.015], "texture": "#14"},
				"down": {"uv": [12.235, 2.265, 11.765, 2.3125], "texture": "#14"}
			}
		},
		{
			"name": "Blade",
			"from": [7.3298, 19.54825, 0.82765],
			"to": [8.6702, 19.80565, 1.15337],
			"rotation": {"angle": -22.5, "axis": "x", "origin": [8, 19.67695, 0.94051]},
			"faces": {
				"north": {"uv": [2.515, 11.765, 2.985, 11.8125], "texture": "#14"},
				"east": {"uv": [8.765, 12.515, 8.8125, 12.5625], "texture": "#14"},
				"south": {"uv": [11.765, 2.515, 12.235, 2.5625], "texture": "#14"},
				"west": {"uv": [12.515, 8.765, 12.5625, 8.8125], "texture": "#14"},
				"up": {"uv": [12.235, 2.8125, 11.765, 2.765], "texture": "#14"},
				"down": {"uv": [3.485, 11.765, 3.015, 11.8125], "texture": "#14"}
			}
		},
		{
			"name": "Blade",
			"from": [7.3396, 19.67885, 0.7114],
			"to": [8.6604, 20.03165, 0.93684],
			"rotation": {"angle": -45, "axis": "x", "origin": [8, 19.85525, 0.77412]},
			"faces": {
				"north": {"uv": [11.765, 3.015, 12.235, 3.0625], "texture": "#14"},
				"east": {"uv": [9.015, 12.515, 9.0625, 12.5625], "texture": "#14"},
				"south": {"uv": [3.515, 11.765, 3.985, 11.8125], "texture": "#14"},
				"west": {"uv": [12.515, 9.015, 12.5625, 9.0625], "texture": "#14"},
				"up": {"uv": [12.235, 3.8125, 11.765, 3.765], "texture": "#14"},
				"down": {"uv": [4.485, 11.765, 4.015, 11.8125], "texture": "#14"}
			}
		},
		{
			"name": "Blade",
			"from": [7.3298, 19.90877, 0.46712],
			"to": [8.6702, 20.13449, 0.82452],
			"rotation": {"angle": 22.5, "axis": "x", "origin": [8, 20.02163, 0.59582]},
			"faces": {
				"north": {"uv": [11.765, 4.015, 12.235, 4.0625], "texture": "#14"},
				"east": {"uv": [9.265, 12.515, 9.3125, 12.5625], "texture": "#14"},
				"south": {"uv": [11.765, 4.265, 12.235, 4.3125], "texture": "#14"},
				"west": {"uv": [12.515, 9.265, 12.5625, 9.3125], "texture": "#14"},
				"up": {"uv": [4.985, 11.8125, 4.515, 11.765], "texture": "#14"},
				"down": {"uv": [5.485, 11.765, 5.015, 11.8125], "texture": "#14"}
			}
		},
		{
			"name": "Blade",
			"from": [7.32, 19.5377, 0.86599],
			"to": [8.68, 19.7977, 0.99399],
			"rotation": {"angle": -22.5, "axis": "x", "origin": [8, 20.2177, 0.82999]},
			"faces": {
				"north": {"uv": [11.765, 5.015, 12.235, 5.0625], "texture": "#14"},
				"east": {"uv": [9.515, 12.515, 9.5625, 12.5625], "texture": "#14"},
				"south": {"uv": [11.765, 5.265, 12.235, 5.3125], "texture": "#14"},
				"west": {"uv": [9.765, 12.515, 9.8125, 12.5625], "texture": "#14"},
				"up": {"uv": [5.985, 11.8125, 5.515, 11.765], "texture": "#14"},
				"down": {"uv": [6.985, 11.765, 6.515, 11.8125], "texture": "#14"}
			}
		},
		{
			"name": "Blade",
			"from": [7.32, 20.22259, 0.73615],
			"to": [8.68, 20.35059, 1.19615],
			"rotation": {"angle": 45, "axis": "x", "origin": [8, 20.18659, 0.61615]},
			"faces": {
				"north": {"uv": [11.765, 6.515, 12.235, 6.5625], "texture": "#14"},
				"east": {"uv": [5.765, 12.515, 5.875, 12.5625], "texture": "#14"},
				"south": {"uv": [7.015, 11.765, 7.485, 11.8125], "texture": "#14"},
				"west": {"uv": [12.515, 5.765, 12.625, 5.8125], "texture": "#14"},
				"up": {"uv": [10.985, 11.375, 10.515, 11.265], "texture": "#14"},
				"down": {"uv": [11.485, 11.265, 11.015, 11.375], "texture": "#14"}
			}
		},
		{
			"name": "Blade",
			"from": [7.3104, 20.09232, 0.4552],
			"to": [8.6896, 20.21878, 0.81873],
			"rotation": {"angle": 0, "axis": "y", "origin": [8, 20.10555, 0.63696]},
			"faces": {
				"north": {"uv": [11.765, 7.265, 12.235, 7.3125], "texture": "#14"},
				"east": {"uv": [10.015, 12.515, 10.0625, 12.5625], "texture": "#14"},
				"south": {"uv": [7.515, 11.765, 7.985, 11.8125], "texture": "#14"},
				"west": {"uv": [12.515, 10.015, 12.5625, 10.0625], "texture": "#14"},
				"up": {"uv": [12.235, 7.5625, 11.765, 7.515], "texture": "#14"},
				"down": {"uv": [8.485, 11.765, 8.015, 11.8125], "texture": "#14"}
			}
		},
		{
			"name": "Blade",
			"from": [7.32, 20.06776, 0.34668],
			"to": [8.68, 20.19576, 0.50668],
			"rotation": {"angle": -22.5, "axis": "x", "origin": [8, 20.08176, 0.42668]},
			"faces": {
				"north": {"uv": [11.765, 8.015, 12.235, 8.0625], "texture": "#14"},
				"east": {"uv": [10.265, 12.515, 10.3125, 12.5625], "texture": "#14"},
				"south": {"uv": [11.765, 8.265, 12.235, 8.3125], "texture": "#14"},
				"west": {"uv": [12.515, 10.265, 12.5625, 10.3125], "texture": "#14"},
				"up": {"uv": [8.985, 11.8125, 8.515, 11.765], "texture": "#14"},
				"down": {"uv": [12.235, 8.515, 11.765, 8.5625], "texture": "#14"}
			}
		},
		{
			"name": "Blade",
			"from": [7.32, 19.66638, 0.33499],
			"to": [8.68, 19.79438, 0.59499],
			"rotation": {"angle": -45, "axis": "x", "origin": [8, 19.63038, 0.01499]},
			"faces": {
				"north": {"uv": [9.015, 11.765, 9.485, 11.8125], "texture": "#14"},
				"east": {"uv": [10.515, 12.515, 10.5625, 12.5625], "texture": "#14"},
				"south": {"uv": [9.515, 11.765, 9.985, 11.8125], "texture": "#14"},
				"west": {"uv": [12.515, 10.515, 12.5625, 10.5625], "texture": "#14"},
				"up": {"uv": [12.235, 9.5625, 11.765, 9.515], "texture": "#14"},
				"down": {"uv": [12.235, 9.765, 11.765, 9.8125], "texture": "#14"}
			}
		},
		{
			"name": "Blade",
			"from": [7.32, 18.89222, 1.11373],
			"to": [8.68, 19.65222, 1.24173],
			"rotation": {"angle": 0, "axis": "y", "origin": [8, 19.37222, 1.07773]},
			"faces": {
				"north": {"uv": [10.765, 1.015, 11.235, 1.1875], "texture": "#14"},
				"east": {"uv": [12.515, 3.515, 12.5625, 3.6875], "texture": "#14"},
				"south": {"uv": [10.765, 1.265, 11.235, 1.4375], "texture": "#14"},
				"west": {"uv": [3.765, 12.515, 3.8125, 12.6875], "texture": "#14"},
				"up": {"uv": [10.485, 11.8125, 10.015, 11.765], "texture": "#14"},
				"down": {"uv": [10.985, 11.765, 10.515, 11.8125], "texture": "#14"}
			}
		},
		{
			"name": "Blade",
			"from": [7.32, 18.15342, 0.80771],
			"to": [8.68, 19.11342, 0.93571],
			"rotation": {"angle": 45, "axis": "x", "origin": [8, 18.63342, 0.82171]},
			"faces": {
				"north": {"uv": [10.265, 1.015, 10.735, 1.235], "texture": "#14"},
				"east": {"uv": [1.515, 12.515, 1.5625, 12.735], "texture": "#14"},
				"south": {"uv": [10.265, 1.265, 10.735, 1.485], "texture": "#14"},
				"west": {"uv": [1.765, 12.515, 1.8125, 12.735], "texture": "#14"},
				"up": {"uv": [11.485, 11.8125, 11.015, 11.765], "texture": "#14"},
				"down": {"uv": [11.985, 11.765, 11.515, 11.8125], "texture": "#14"}
			}
		},
		{
			"name": "Blade",
			"from": [7.3502, 19.89905, 0.20075],
			"to": [8.6518, 20.02324, 0.35598],
			"rotation": {"angle": -22.5, "axis": "x", "origin": [8.001, 19.96115, 0.27836]},
			"faces": {
				"north": {"uv": [0.015, 12.015, 0.485, 12.0625], "texture": "#14"},
				"east": {"uv": [10.765, 12.515, 10.8125, 12.5625], "texture": "#14"},
				"south": {"uv": [0.515, 12.015, 0.985, 12.0625], "texture": "#14"},
				"west": {"uv": [12.515, 10.765, 12.5625, 10.8125], "texture": "#14"},
				"up": {"uv": [12.485, 0.5625, 12.015, 0.515], "texture": "#14"},
				"down": {"uv": [12.485, 0.765, 12.015, 0.8125], "texture": "#14"}
			}
		},
		{
			"name": "Blade",
			"from": [7.3395, 19.92906, 0.26706],
			"to": [8.6605, 20.05452, 0.52189],
			"rotation": {"angle": 0, "axis": "y", "origin": [8, 19.99179, 0.39448]},
			"faces": {
				"north": {"uv": [1.015, 12.015, 1.485, 12.0625], "texture": "#14"},
				"east": {"uv": [11.015, 12.515, 11.0625, 12.5625], "texture": "#14"},
				"south": {"uv": [12.015, 1.015, 12.485, 1.0625], "texture": "#14"},
				"west": {"uv": [12.515, 11.015, 12.5625, 11.0625], "texture": "#14"},
				"up": {"uv": [12.485, 1.3125, 12.015, 1.265], "texture": "#14"},
				"down": {"uv": [1.985, 12.015, 1.515, 12.0625], "texture": "#14"}
			}
		},
		{
			"name": "Blade",
			"from": [7.32109, 19.27998, -1.14471],
			"to": [8.67891, 22.51315, -0.32241],
			"rotation": {"angle": 0, "axis": "y", "origin": [8, 21.14657, -0.78356]},
			"faces": {
				"north": {"uv": [4.765, 6.015, 5.235, 6.8125], "texture": "#14"},
				"east": {"uv": [3.265, 10.015, 3.4375, 10.8125], "texture": "#14"},
				"south": {"uv": [5.265, 6.015, 5.735, 6.8125], "texture": "#14"},
				"west": {"uv": [5.515, 10.015, 5.6875, 10.8125], "texture": "#14"},
				"up": {"uv": [3.985, 11.1875, 3.515, 11.015], "texture": "#14"},
				"down": {"uv": [5.235, 11.015, 4.765, 11.1875], "texture": "#14"}
			}
		},
		{
			"name": "Blade",
			"from": [7.35178, 20.47841, -2.34517],
			"to": [8.66882, 23.0144, -1.02155],
			"rotation": {"angle": -22.5, "axis": "x", "origin": [8.0103, 21.7464, -1.68336]},
			"faces": {
				"north": {"uv": [7.015, 1.265, 7.485, 1.875], "texture": "#14"},
				"east": {"uv": [4.015, 8.765, 4.3125, 9.375], "texture": "#14"},
				"south": {"uv": [3.765, 7.015, 4.235, 7.625], "texture": "#14"},
				"west": {"uv": [4.515, 8.765, 4.8125, 9.375], "texture": "#14"},
				"up": {"uv": [1.735, 10.3125, 1.265, 10.015], "texture": "#14"},
				"down": {"uv": [2.235, 10.015, 1.765, 10.3125], "texture": "#14"}
			}
		},
		{
			"name": "Blade",
			"from": [7.27, 20.45381, -3.25767],
			"to": [8.73, 22.07161, -2.43534],
			"rotation": {"angle": -22.5, "axis": "x", "origin": [8.05, 24.71781, 1.82233]},
			"faces": {
				"north": {"uv": [9.515, 0.015, 9.985, 0.375], "texture": "#14"},
				"east": {"uv": [11.265, 5.515, 11.4375, 5.875], "texture": "#14"},
				"south": {"uv": [0.515, 9.515, 0.985, 9.875], "texture": "#14"},
				"west": {"uv": [6.515, 11.265, 6.6875, 11.625], "texture": "#14"},
				"up": {"uv": [2.985, 11.1875, 2.515, 11.015], "texture": "#14"},
				"down": {"uv": [3.485, 11.015, 3.015, 11.1875], "texture": "#14"}
			}
		},
		{
			"name": "Blade",
			"from": [7.27, 22.64813, -2.81893],
			"to": [8.73, 28.67613, -1.45893],
			"rotation": {"angle": 0, "axis": "y", "origin": [8.05, 28.81213, 2.26107]},
			"faces": {
				"north": {"uv": [0.015, 3.015, 0.485, 4.485], "texture": "#14"},
				"east": {"uv": [5.015, 1.265, 5.3125, 2.735], "texture": "#14"},
				"south": {"uv": [0.515, 3.015, 0.985, 4.485], "texture": "#14"},
				"west": {"uv": [5.015, 4.515, 5.3125, 5.985], "texture": "#14"},
				"up": {"uv": [8.485, 10.0625, 8.015, 9.765], "texture": "#14"},
				"down": {"uv": [8.985, 9.765, 8.515, 10.0625], "texture": "#14"}
			}
		},
		{
			"name": "Blade",
			"from": [7.32, 23.136, 6.92],
			"to": [8.68, 26.864, 9.08],
			"rotation": {"angle": 0, "axis": "y", "origin": [8, 25, 8]},
			"faces": {
				"north": {"uv": [5.515, 0.015, 5.985, 0.9375], "texture": "#14"},
				"east": {"uv": [4.265, 4.515, 4.8125, 5.4375], "texture": "#14"},
				"south": {"uv": [5.515, 1.015, 5.985, 1.9375], "texture": "#14"},
				"west": {"uv": [0.015, 5.015, 0.5625, 5.9375], "texture": "#14"},
				"up": {"uv": [7.985, 0.5625, 7.515, 0.015], "texture": "#14"},
				"down": {"uv": [7.985, 1.265, 7.515, 1.8125], "texture": "#14"}
			}
		},
		{
			"name": "Blade",
			"from": [7.3, 26.8, 7],
			"to": [8.7, 27.3, 9],
			"rotation": {"angle": 0, "axis": "y", "origin": [7, 24, 7]},
			"faces": {
				"north": {"uv": [11.515, 11.515, 11.985, 11.625], "texture": "#14"},
				"east": {"uv": [0.015, 11.765, 0.485, 11.875], "texture": "#14"},
				"south": {"uv": [11.765, 0.015, 12.235, 0.125], "texture": "#14"},
				"west": {"uv": [11.765, 0.265, 12.235, 0.375], "texture": "#14"},
				"up": {"uv": [7.985, 4.485, 7.515, 4.015], "texture": "#14"},
				"down": {"uv": [7.985, 4.515, 7.515, 4.985], "texture": "#14"}
			}
		},
		{
			"name": "Blade",
			"from": [7.3, 22.7, 7],
			"to": [8.7, 23.2, 9],
			"rotation": {"angle": 0, "axis": "y", "origin": [7, 24, 7]},
			"faces": {
				"north": {"uv": [10.515, 11.515, 10.985, 11.625], "texture": "#14"},
				"east": {"uv": [11.515, 10.515, 11.985, 10.625], "texture": "#14"},
				"south": {"uv": [11.515, 10.765, 11.985, 10.875], "texture": "#14"},
				"west": {"uv": [11.015, 11.515, 11.485, 11.625], "texture": "#14"},
				"up": {"uv": [4.985, 2.985, 4.515, 2.515], "texture": "#14"},
				"down": {"uv": [7.985, 3.515, 7.515, 3.985], "texture": "#14"}
			}
		},
		{
			"name": "Blade",
			"from": [7.3, 23.2, 6.5],
			"to": [8.7, 26.8, 7],
			"rotation": {"angle": 0, "axis": "y", "origin": [7, 24, 7]},
			"faces": {
				"north": {"uv": [5.515, 2.015, 5.985, 2.875], "texture": "#14"},
				"east": {"uv": [4.015, 10.515, 4.125, 11.375], "texture": "#14"},
				"south": {"uv": [3.265, 5.515, 3.735, 6.375], "texture": "#14"},
				"west": {"uv": [10.515, 4.015, 10.625, 4.875], "texture": "#14"},
				"up": {"uv": [11.985, 10.125, 11.515, 10.015], "texture": "#14"},
				"down": {"uv": [11.985, 10.265, 11.515, 10.375], "texture": "#14"}
			}
		},
		{
			"name": "handle",
			"from": [7.45, 15, 7],
			"to": [8.55, 26.2, 9],
			"rotation": {"angle": 0, "axis": "y", "origin": [6.95, 15.2, 9]},
			"faces": {
				"north": {"uv": [4.265, 0.015, 4.485, 2.8125], "texture": "#14"},
				"east": {"uv": [1.015, 0.015, 1.485, 2.8125], "texture": "#14"},
				"south": {"uv": [2.015, 4.265, 2.235, 7.0625], "texture": "#14"},
				"west": {"uv": [1.515, 0.015, 1.985, 2.8125], "texture": "#14"},
				"up": {"uv": [6.485, 7.985, 6.265, 7.515], "texture": "#14"},
				"down": {"uv": [1.985, 9.015, 1.765, 9.485], "texture": "#14"}
			}
		},
		{
			"name": "handle",
			"from": [7.43832, 9.11987, 8.09161],
			"to": [8.56168, 10.63664, 9.90839],
			"rotation": {"angle": -45, "axis": "x", "origin": [8.05, 10.52826, 8.5]},
			"faces": {
				"north": {"uv": [9.265, 10.515, 9.485, 10.875], "texture": "#14"},
				"east": {"uv": [5.515, 9.515, 5.9375, 9.875], "texture": "#14"},
				"south": {"uv": [1.015, 10.765, 1.235, 11.125], "texture": "#14"},
				"west": {"uv": [9.515, 6.015, 9.9375, 6.375], "texture": "#14"},
				"up": {"uv": [10.735, 3.4375, 10.515, 3.015], "texture": "#14"},
				"down": {"uv": [10.735, 3.515, 10.515, 3.9375], "texture": "#14"}
			}
		},
		{
			"name": "handle",
			"from": [7.44243, 9.10012, 9.52197],
			"to": [8.55757, 10.80073, 10.22758],
			"rotation": {"angle": 22.5, "axis": "x", "origin": [8.05, 10.00042, 9.67477]},
			"faces": {
				"north": {"uv": [2.765, 10.515, 2.985, 10.9375], "texture": "#14"},
				"east": {"uv": [11.265, 1.015, 11.4375, 1.4375], "texture": "#14"},
				"south": {"uv": [3.015, 10.515, 3.235, 10.9375], "texture": "#14"},
				"west": {"uv": [1.265, 11.265, 1.4375, 11.6875], "texture": "#14"},
				"up": {"uv": [7.985, 5.6875, 7.765, 5.515], "texture": "#14"},
				"down": {"uv": [8.235, 1.765, 8.015, 1.9375], "texture": "#14"}
			}
		},
		{
			"name": "handle",
			"from": [7.44243, 6.90012, 9.12197],
			"to": [8.55757, 8.60073, 9.82758],
			"rotation": {"angle": 22.5, "axis": "x", "origin": [8.05, 7.80042, 9.27477]},
			"faces": {
				"north": {"uv": [2.265, 10.515, 2.485, 10.9375], "texture": "#14"},
				"east": {"uv": [0.765, 11.265, 0.9375, 11.6875], "texture": "#14"},
				"south": {"uv": [2.515, 10.515, 2.735, 10.9375], "texture": "#14"},
				"west": {"uv": [1.015, 11.265, 1.1875, 11.6875], "texture": "#14"},
				"up": {"uv": [7.485, 5.9375, 7.265, 5.765], "texture": "#14"},
				"down": {"uv": [1.235, 7.765, 1.015, 7.9375], "texture": "#14"}
			}
		},
		{
			"name": "handle",
			"from": [7.43832, 6.91987, 7.69161],
			"to": [8.56168, 8.73664, 9.50839],
			"rotation": {"angle": -45, "axis": "x", "origin": [8.05, 8.32826, 8.1]},
			"faces": {
				"north": {"uv": [1.265, 10.515, 1.485, 10.9375], "texture": "#14"},
				"east": {"uv": [9.015, 0.015, 9.4375, 0.4375], "texture": "#14"},
				"south": {"uv": [1.515, 10.515, 1.735, 10.9375], "texture": "#14"},
				"west": {"uv": [1.265, 9.015, 1.6875, 9.4375], "texture": "#14"},
				"up": {"uv": [1.985, 10.9375, 1.765, 10.515], "texture": "#14"},
				"down": {"uv": [2.235, 10.515, 2.015, 10.9375], "texture": "#14"}
			}
		},
		{
			"name": "handle",
			"from": [7.44243, 4.70012, 8.82197],
			"to": [8.55757, 6.40073, 9.52758],
			"rotation": {"angle": 22.5, "axis": "x", "origin": [8.05, 5.60042, 8.97477]},
			"faces": {
				"north": {"uv": [10.515, 0.515, 10.735, 0.9375], "texture": "#14"},
				"east": {"uv": [0.515, 11.265, 0.6875, 11.6875], "texture": "#14"},
				"south": {"uv": [0.765, 10.515, 0.985, 10.9375], "texture": "#14"},
				"west": {"uv": [11.265, 0.515, 11.4375, 0.9375], "texture": "#14"},
				"up": {"uv": [6.735, 5.4375, 6.515, 5.265], "texture": "#14"},
				"down": {"uv": [7.235, 5.015, 7.015, 5.1875], "texture": "#14"}
			}
		},
		{
			"name": "handle",
			"from": [7.43832, 4.71987, 7.39161],
			"to": [8.56168, 6.43664, 9.20839],
			"rotation": {"angle": -45, "axis": "x", "origin": [8.05, 6.12826, 7.8]},
			"faces": {
				"north": {"uv": [9.515, 10.265, 9.735, 10.6875], "texture": "#14"},
				"east": {"uv": [6.265, 8.765, 6.6875, 9.1875], "texture": "#14"},
				"south": {"uv": [9.765, 10.265, 9.985, 10.6875], "texture": "#14"},
				"west": {"uv": [8.515, 8.765, 8.9375, 9.1875], "texture": "#14"},
				"up": {"uv": [10.735, 0.4375, 10.515, 0.015], "texture": "#14"},
				"down": {"uv": [0.735, 10.515, 0.515, 10.9375], "texture": "#14"}
			}
		},
		{
			"name": "handle",
			"from": [7.45, 3.8, 7],
			"to": [8.55, 15, 9],
			"rotation": {"angle": 0, "axis": "y", "origin": [6.95, 4, 9]},
			"faces": {
				"north": {"uv": [4.015, 0.015, 4.235, 2.8125], "texture": "#14"},
				"east": {"uv": [0.015, 0.015, 0.485, 2.8125], "texture": "#14"},
				"south": {"uv": [4.015, 3.015, 4.235, 5.8125], "texture": "#14"},
				"west": {"uv": [0.515, 0.015, 0.985, 2.8125], "texture": "#14"},
				"up": {"uv": [7.235, 2.485, 7.015, 2.015], "texture": "#14"},
				"down": {"uv": [7.235, 3.015, 7.015, 3.485], "texture": "#14"}
			}
		},
		{
			"name": "handle",
			"from": [7.39, 0.588, 7.60386],
			"to": [8.61, 3.012, 9.32686],
			"rotation": {"angle": 0, "axis": "y", "origin": [8, 1.7, 8.16536]},
			"faces": {
				"north": {"uv": [8.765, 1.765, 9.0625, 2.375], "texture": "#14"},
				"east": {"uv": [2.265, 7.515, 2.6875, 8.125], "texture": "#14"},
				"south": {"uv": [2.015, 8.765, 2.3125, 9.375], "texture": "#14"},
				"west": {"uv": [2.765, 7.515, 3.1875, 8.125], "texture": "#14"},
				"up": {"uv": [10.3125, 7.1875, 10.015, 6.765], "texture": "#14"},
				"down": {"uv": [7.3125, 10.015, 7.015, 10.4375], "texture": "#14"}
			}
		},
		{
			"name": "handle",
			"from": [7.41, 2.53673, 7.17481],
			"to": [8.59, 4.29073, 8.95581],
			"rotation": {"angle": 22.5, "axis": "x", "origin": [8, 2.01373, 8.01531]},
			"faces": {
				"north": {"uv": [10.015, 7.265, 10.3125, 7.6875], "texture": "#14"},
				"east": {"uv": [8.765, 4.765, 9.1875, 5.1875], "texture": "#14"},
				"south": {"uv": [10.015, 7.765, 10.3125, 8.1875], "texture": "#14"},
				"west": {"uv": [8.765, 5.265, 9.1875, 5.6875], "texture": "#14"},
				"up": {"uv": [10.3125, 8.6875, 10.015, 8.265], "texture": "#14"},
				"down": {"uv": [10.3125, 9.515, 10.015, 9.9375], "texture": "#14"}
			}
		},
		{
			"name": "handle",
			"from": [7.4595, 1.20421, 6.58772],
			"to": [8.5405, 4.09551, 8.37467],
			"rotation": {"angle": -22.5, "axis": "x", "origin": [8, 3.49986, 7.4812]},
			"faces": {
				"north": {"uv": [3.765, 4.265, 3.985, 4.985], "texture": "#14"},
				"east": {"uv": [6.515, 4.515, 6.9375, 5.235], "texture": "#14"},
				"south": {"uv": [1.265, 5.015, 1.485, 5.735], "texture": "#14"},
				"west": {"uv": [6.765, 5.265, 7.1875, 5.985], "texture": "#14"},
				"up": {"uv": [6.485, 10.6875, 6.265, 10.265], "texture": "#14"},
				"down": {"uv": [10.485, 9.015, 10.265, 9.4375], "texture": "#14"}
			}
		},
		{
			"name": "handle",
			"from": [7.4694, -0.05292, 6.3394],
			"to": [8.5306, 3.18184, 8.38954],
			"rotation": {"angle": 22.5, "axis": "x", "origin": [8, 1.46446, 7.36447]},
			"faces": {
				"north": {"uv": [3.765, 0.015, 3.985, 0.8125], "texture": "#14"},
				"east": {"uv": [6.015, 1.015, 6.485, 1.8125], "texture": "#14"},
				"south": {"uv": [3.765, 1.015, 3.985, 1.8125], "texture": "#14"},
				"west": {"uv": [6.015, 2.015, 6.485, 2.8125], "texture": "#14"},
				"up": {"uv": [3.985, 2.485, 3.765, 2.015], "texture": "#14"},
				"down": {"uv": [4.985, 5.515, 4.765, 5.985], "texture": "#14"}
			}
		},
		{
			"name": "handle",
			"from": [7.38, -0.75578, 6.21753],
			"to": [8.62, 1.90222, 8.56553],
			"rotation": {"angle": 45, "axis": "x", "origin": [8, 0.32322, 7.44153]},
			"faces": {
				"north": {"uv": [8.015, 8.515, 8.3125, 9.1875], "texture": "#14"},
				"east": {"uv": [5.765, 6.015, 6.3125, 6.6875], "texture": "#14"},
				"south": {"uv": [8.515, 8.015, 8.8125, 8.6875], "texture": "#14"},
				"west": {"uv": [0.515, 6.265, 1.0625, 6.9375], "texture": "#14"},
				"up": {"uv": [9.8125, 3.5625, 9.515, 3.015], "texture": "#14"},
				"down": {"uv": [3.8125, 9.515, 3.515, 10.0625], "texture": "#14"}
			}
		}
	],
	"gui_light": "front",
	"display": {
		"thirdperson_righthand": {
			"translation": [0, -2.5, 1.75]
		},
		"thirdperson_lefthand": {
			"translation": [0, -2.5, 1.75]
		},
		"firstperson_righthand": {
			"rotation": [0, -11, -9],
			"translation": [4.5, 0.25, -2.5],
			"scale": [0.88, 0.88, 0.88]
		},
		"firstperson_lefthand": {
			"rotation": [0, -11, -9],
			"translation": [4.5, 0.25, -2.5],
			"scale": [0.88, 0.88, 0.88]
		},
		"ground": {
			"rotation": [15, 0, 0],
			"translation": [0, 6, 0],
			"scale": [0.67, 0.67, 0.67]
		},
		"gui": {
			"rotation": [-90, -45, -90],
			"translation": [-4.5, -3.25, 0],
			"scale": [0.57, 0.57, 0.57]
		},
		"fixed": {
			"rotation": [-90, 45, 90],
			"translation": [5.25, -4, -0.5],
			"scale": [0.64, 0.64, 0.64]
		}
	},
	"groups": [
		{
			"name": "root",
			"origin": [8, 8, 8],
			"color": 0,
			"children": [
				0,
				1,
				2,
				3,
				4,
				5,
				6,
				7,
				8,
				9,
				10,
				11,
				12,
				13,
				14,
				15,
				16,
				17,
				18,
				19,
				20,
				21,
				22,
				23,
				24,
				25,
				26,
				27,
				28,
				29,
				30,
				31,
				32,
				33,
				34,
				35,
				36,
				37,
				38,
				39,
				40,
				41,
				42,
				43,
				44,
				45,
				46,
				47,
				48,
				49,
				50,
				51,
				52,
				53,
				54,
				55,
				56,
				57,
				58,
				59,
				60,
				61,
				62,
				63,
				64,
				65,
				66,
				67,
				68,
				69,
				70,
				71,
				72,
				73,
				74,
				75,
				76,
				77,
				78,
				79,
				80,
				81,
				82,
				83,
				84,
				85,
				86,
				87,
				88,
				89,
				90,
				91,
				92,
				93,
				94,
				95,
				96,
				97,
				98,
				99,
				100,
				101,
				102,
				103,
				104,
				105,
				106,
				107,
				108,
				109,
				110,
				111,
				112,
				113,
				114,
				115,
				116,
				117,
				118,
				119,
				120,
				121,
				122,
				123,
				124,
				125,
				126,
				127,
				128,
				129,
				130,
				131
			]
		}
	]
}