{"textures":{"0":"item/meg/frog_royal"},"elements":[{"from":[4.119296,5.75,4.1694164],"to":[11.994295,8.75,10.169416],"faces":{"east":{"uv":[7.1875,5.375,7.5625,5.5625],"tintindex":0,"rotation":0,"texture":"#0"},"south":{"uv":[0.8125,7.1875,1.3125,7.375],"tintindex":0,"rotation":0,"texture":"#0"},"north":{"uv":[7.1875,0.6875,7.6875,0.875],"tintindex":0,"rotation":0,"texture":"#0"},"west":{"uv":[7.1875,5.625,7.5625,5.8125],"tintindex":0,"rotation":0,"texture":"#0"},"up":{"uv":[7.125,6.125,6.625,5.75],"tintindex":0,"rotation":0,"texture":"#0"},"down":{"uv":[5.6875,6.8125,5.1875,7.1875],"tintindex":0,"rotation":0,"texture":"#0"}},"rotation":{"origin":[8.056796,7.25,7.1694164],"angle":-22.5,"axis":"y"}},{"from":[5.1285934,5.75,-7.033085],"to":[13.128593,5.75,4.9669156],"faces":{"up":{"uv":[5.125,4.0625,4.625,3.3125],"tintindex":0,"rotation":0,"texture":"#0"},"down":{"uv":[0.5,4.8125,0.0,5.5625],"tintindex":0,"rotation":0,"texture":"#0"}},"rotation":{"origin":[10.628593,6.5,4.7169156],"angle":-22.5,"axis":"y"}}]}