{
	"credit": "Made with Blockbench",
	"textures": {
		"0": "item/samurai/samurai_atlas",
		"1": "item/samurai/samurai_ef_long",
		"particle": "item/samurai/samurai_atlas"
	},
	"elements": [
		{
			"from": [7.742, 5.81143, 2.6545],
			"to": [8.258, 10.758, 13.3455],
			"rotation": {"angle": 0, "axis": "y", "origin": [7.85938, 2.21006, 8.475]},
			"faces": {
				"north": {"uv": [0, 10.25, 0.125, 10.875], "texture": "#0"},
				"east": {"uv": [7.125, 7.75, 8.5, 8.375], "texture": "#0"},
				"south": {"uv": [0.125, 10.25, 0.25, 10.875], "texture": "#0"},
				"west": {"uv": [5.5, 7.875, 6.875, 8.5], "texture": "#0"},
				"up": {"uv": [2.75, 6.875, 2.625, 5.5], "texture": "#0"},
				"down": {"uv": [9.75, 4.5, 9.625, 5.875], "texture": "#0"}
			}
		},
		{
			"from": [7.744, 4.67512, 0.86541],
			"to": [8.256, 8.46769, 4.20241],
			"rotation": {"angle": -22.5, "axis": "x", "origin": [8, 5.62141, -1.14109]},
			"faces": {
				"north": {"uv": [3.125, 10.375, 3.25, 10.875], "texture": "#0"},
				"east": {"uv": [9.375, 0, 9.75, 0.5], "texture": "#0"},
				"south": {"uv": [10.375, 3.125, 10.5, 3.625], "texture": "#0"},
				"west": {"uv": [9.5, 8.375, 9.875, 8.875], "texture": "#0"},
				"up": {"uv": [10.625, 1.125, 10.5, 0.75], "texture": "#0"},
				"down": {"uv": [10.625, 1.125, 10.5, 1.5], "texture": "#0"}
			}
		},
		{
			"from": [7.746, 4.89392, -1.88967],
			"to": [8.254, 8.43249, 1.44333],
			"rotation": {"angle": -45, "axis": "x", "origin": [8, 6.5382, -0.17317]},
			"faces": {
				"north": {"uv": [4.25, 10.375, 4.375, 10.875], "texture": "#0"},
				"east": {"uv": [9.5, 8.875, 9.875, 9.375], "texture": "#0"},
				"south": {"uv": [4.375, 10.375, 4.5, 10.875], "texture": "#0"},
				"west": {"uv": [9.5, 9.375, 9.875, 9.875], "texture": "#0"},
				"up": {"uv": [10.625, 1.875, 10.5, 1.5], "texture": "#0"},
				"down": {"uv": [10.625, 2.125, 10.5, 2.5], "texture": "#0"}
			}
		},
		{
			"from": [7.75, 3.81747, -3.07428],
			"to": [8.25, 7.01747, 0.13129],
			"rotation": {"angle": 0, "axis": "y", "origin": [8, 5.30497, -0.80899]},
			"faces": {
				"north": {"uv": [10.5, 2.5, 10.625, 2.875], "texture": "#0"},
				"east": {"uv": [9.25, 9.875, 9.625, 10.25], "texture": "#0"},
				"south": {"uv": [2.625, 10.5, 2.75, 10.875], "texture": "#0"},
				"west": {"uv": [9.875, 9.5, 10.25, 9.875], "texture": "#0"},
				"up": {"uv": [2.875, 10.875, 2.75, 10.5], "texture": "#0"},
				"down": {"uv": [10.625, 2.875, 10.5, 3.25], "texture": "#0"}
			}
		},
		{
			"from": [7.75, 3.81747, 15.86871],
			"to": [8.25, 7.01747, 19.07428],
			"rotation": {"angle": 0, "axis": "y", "origin": [8, 5.30497, 16.80899]},
			"faces": {
				"north": {"uv": [2.75, 10.5, 2.625, 10.875], "texture": "#0"},
				"east": {"uv": [9.625, 9.875, 9.25, 10.25], "texture": "#0"},
				"south": {"uv": [10.625, 2.5, 10.5, 2.875], "texture": "#0"},
				"west": {"uv": [10.25, 9.5, 9.875, 9.875], "texture": "#0"},
				"up": {"uv": [2.875, 10.5, 2.75, 10.875], "texture": "#0"},
				"down": {"uv": [10.625, 3.25, 10.5, 2.875], "texture": "#0"}
			}
		},
		{
			"from": [7.746, 4.89392, 14.55667],
			"to": [8.254, 8.43249, 17.88967],
			"rotation": {"angle": 45, "axis": "x", "origin": [8, 6.5382, 16.17317]},
			"faces": {
				"north": {"uv": [4.5, 10.375, 4.375, 10.875], "texture": "#0"},
				"east": {"uv": [9.875, 8.875, 9.5, 9.375], "texture": "#0"},
				"south": {"uv": [4.375, 10.375, 4.25, 10.875], "texture": "#0"},
				"west": {"uv": [9.875, 9.375, 9.5, 9.875], "texture": "#0"},
				"up": {"uv": [10.625, 1.5, 10.5, 1.875], "texture": "#0"},
				"down": {"uv": [10.625, 2.5, 10.5, 2.125], "texture": "#0"}
			}
		},
		{
			"from": [7.744, 4.67512, 11.79759],
			"to": [8.256, 8.46769, 15.13459],
			"rotation": {"angle": 22.5, "axis": "x", "origin": [8, 5.62141, 17.14109]},
			"faces": {
				"north": {"uv": [10.5, 3.125, 10.375, 3.625], "texture": "#0"},
				"east": {"uv": [9.75, 0, 9.375, 0.5], "texture": "#0"},
				"south": {"uv": [3.25, 10.375, 3.125, 10.875], "texture": "#0"},
				"west": {"uv": [9.875, 8.375, 9.5, 8.875], "texture": "#0"},
				"up": {"uv": [10.625, 0.75, 10.5, 1.125], "texture": "#0"},
				"down": {"uv": [10.625, 1.5, 10.5, 1.125], "texture": "#0"}
			}
		},
		{
			"from": [6.8125, -8.90943, 15.99449],
			"to": [9.1875, -5.78443, 19.11949],
			"rotation": {"angle": 45, "axis": "x", "origin": [7.85938, 2.21006, 8]},
			"faces": {
				"north": {"uv": [5, 6.875, 5.25, 7.25], "texture": "#0"},
				"east": {"uv": [4.625, 6.875, 5, 7.25], "texture": "#0"},
				"south": {"uv": [10, 7.125, 10.25, 7.5], "texture": "#0"},
				"west": {"uv": [9.375, 7.75, 9.75, 8.125], "texture": "#0"},
				"up": {"uv": [10.25, 8.125, 10, 7.75], "texture": "#0"},
				"down": {"uv": [2.875, 10.125, 2.625, 10.5], "texture": "#0"}
			}
		},
		{
			"from": [8, -16, 4.5],
			"to": [8, -7.18057, 11.5],
			"rotation": {"angle": 0, "axis": "y", "origin": [7.85938, 2.21006, 8]},
			"faces": {
				"north": {"uv": [0, 0, 0, 1.125], "texture": "#0"},
				"east": {"uv": [8, 5.5, 7.125, 6.625], "texture": "#0"},
				"south": {"uv": [0, 0, 0, 1.125], "texture": "#0"},
				"west": {"uv": [7.125, 5.5, 8, 6.625], "texture": "#0"},
				"up": {"uv": [0, 0.875, 0, 0], "texture": "#0"},
				"down": {"uv": [0, 0, 0, 0.875], "texture": "#0"}
			}
		},
		{
			"from": [8, -4.06807, 2.1875],
			"to": [8, 2.49443, 13.8125],
			"rotation": {"angle": 0, "axis": "y", "origin": [8.14063, 2.56006, 8]},
			"faces": {
				"north": {"uv": [0, 0, 0, 0.875], "texture": "#0"},
				"east": {"uv": [5.25, 6.375, 6.75, 7.25], "texture": "#0"},
				"south": {"uv": [0, 0, 0, 0.875], "texture": "#0"},
				"west": {"uv": [6.625, 0, 8.125, 0.875], "texture": "#0"},
				"up": {"uv": [0, 1.5, 0, 0], "texture": "#0"},
				"down": {"uv": [0, 0, 0, 1.5], "texture": "#0"}
			}
		},
		{
			"from": [6.17756, -2.20557, 6.15056],
			"to": [9.74006, -0.33057, 9.65056],
			"rotation": {"angle": -45, "axis": "y", "origin": [7.85938, 2.56006, 8]},
			"faces": {
				"north": {"uv": [6.625, 2.75, 7.125, 3], "texture": "#0"},
				"east": {"uv": [9.75, 1.75, 10.25, 2], "texture": "#0"},
				"south": {"uv": [9.875, 6.875, 10.375, 7.125], "texture": "#0"},
				"west": {"uv": [9.625, 9.875, 10.125, 10.125], "texture": "#0"},
				"up": {"uv": [9.25, 1.25, 8.75, 0.75], "texture": "#0"},
				"down": {"uv": [9.25, 1.25, 8.75, 1.75], "texture": "#0"}
			}
		},
		{
			"from": [7.4375, -11.875, 7.1875],
			"to": [8.5625, 4.0625, 8.8125],
			"rotation": {"angle": 0, "axis": "y", "origin": [7.85938, 1.40625, 8]},
			"faces": {
				"north": {"uv": [1, 8.75, 1.125, 10.75], "texture": "#0"},
				"east": {"uv": [6.875, 7.875, 7.125, 9.875], "texture": "#0"},
				"south": {"uv": [1.125, 8.75, 1.25, 10.75], "texture": "#0"},
				"west": {"uv": [3.375, 8.125, 3.625, 10.125], "texture": "#0"},
				"up": {"uv": [10.5, 8.375, 10.375, 8.125], "texture": "#0"},
				"down": {"uv": [10.625, 3.25, 10.5, 3.5], "texture": "#0"}
			}
		},
		{
			"from": [6.9855, 4.30345, 4.40138],
			"to": [9.0145, 5.80745, 10.78038],
			"rotation": {"angle": -45, "axis": "x", "origin": [7.83125, 7.90207, 8]},
			"faces": {
				"north": {"uv": [10.25, 8.375, 10.5, 8.625], "texture": "#0"},
				"east": {"uv": [10, 1, 9.2875, 1.25], "texture": "#0"},
				"south": {"uv": [8.5, 10.25, 8.75, 10.5], "texture": "#0"},
				"west": {"uv": [9.2875, 1, 10, 1.25], "texture": "#0"},
				"up": {"uv": [9.5, 6.75, 9.25, 6], "texture": "#0"},
				"down": {"uv": [9.5, 6.75, 9.25, 7.4625], "texture": "#0"}
			}
		},
		{
			"from": [6.9875, 4.30545, 5.22162],
			"to": [9.0125, 5.80545, 11.59662],
			"rotation": {"angle": 45, "axis": "x", "origin": [7.83125, 7.90207, 8]},
			"faces": {
				"north": {"uv": [10.25, 8.875, 10.5, 9.125], "texture": "#0"},
				"east": {"uv": [9.25, 1.25, 10, 1.5], "texture": "#0"},
				"south": {"uv": [10.25, 9.125, 10.5, 9.375], "texture": "#0"},
				"west": {"uv": [9.25, 1.5, 10, 1.75], "texture": "#0"},
				"up": {"uv": [7.875, 10, 7.625, 9.25], "texture": "#0"},
				"down": {"uv": [8.125, 9.25, 7.875, 10], "texture": "#0"}
			}
		},
		{
			"from": [7.0375, 6.33045, 6.42838],
			"to": [8.9625, 8.65545, 8.75338],
			"rotation": {"angle": -45, "axis": "x", "origin": [7.83125, 7.90207, 8]},
			"faces": {
				"north": {"uv": [10.25, 5.75, 10.5, 6], "texture": "#0"},
				"east": {"uv": [10.25, 6, 10.5, 6.25], "texture": "#0"},
				"south": {"uv": [10.25, 6.25, 10.5, 6.5], "texture": "#0"},
				"west": {"uv": [10.25, 6.5, 10.5, 6.75], "texture": "#0"},
				"up": {"uv": [6.875, 10.5, 6.625, 10.25], "texture": "#0"},
				"down": {"uv": [10.5, 7.125, 10.25, 7.375], "texture": "#0"}
			}
		},
		{
			"from": [6.9855, 5.80345, 9.27638],
			"to": [9.0145, 10.68245, 10.78038],
			"rotation": {"angle": -45, "axis": "x", "origin": [7.83125, 7.90207, 8]},
			"faces": {
				"north": {"uv": [0.5, 9.75, 0.75, 10.375], "texture": "#0"},
				"east": {"uv": [2, 9.7875, 1.75, 10.375], "texture": "#0"},
				"south": {"uv": [1.5, 9.7875, 1.75, 10.375], "texture": "#0"},
				"west": {"uv": [1.75, 9.7875, 2, 10.375], "texture": "#0"},
				"up": {"uv": [10.5, 8, 10.25, 7.75], "texture": "#0"},
				"down": {"uv": [8.5, 10.25, 8.25, 10.5], "texture": "#0"}
			}
		},
		{
			"from": [6.9875, 5.80545, 5.22162],
			"to": [9.0125, 10.68045, 6.72162],
			"rotation": {"angle": 45, "axis": "x", "origin": [7.83125, 7.90207, 8]},
			"faces": {
				"north": {"uv": [2, 9.75, 2.25, 10.375], "texture": "#0"},
				"east": {"uv": [2.25, 9.75, 2.5, 10.375], "texture": "#0"},
				"south": {"uv": [3, 9.75, 3.25, 10.375], "texture": "#0"},
				"west": {"uv": [9.75, 4.5, 10, 5.125], "texture": "#0"},
				"up": {"uv": [10.5, 8.875, 10.25, 8.625], "texture": "#0"},
				"down": {"uv": [9, 10.25, 8.75, 10.5], "texture": "#0"}
			}
		},
		{
			"from": [9.4625, 8.7884, 9.5],
			"to": [6.5375, 5.7884, 6.5],
			"rotation": {"angle": -45, "axis": "x", "origin": [8, 7.2884, 8]},
			"faces": {
				"north": {"uv": [10.75, 3.625, 10.625, 3.5], "texture": "#0"},
				"east": {"uv": [10.75, 3.625, 10.625, 3.5], "texture": "#0"},
				"south": {"uv": [10.75, 3.625, 10.625, 3.5], "texture": "#0"},
				"west": {"uv": [10.75, 3.625, 10.625, 3.5], "texture": "#0"},
				"up": {"uv": [10.75, 3.625, 10.625, 3.5], "texture": "#0"},
				"down": {"uv": [10.75, 3.625, 10.625, 3.5], "texture": "#0"}
			}
		},
		{
			"name": "ef",
			"from": [4.23629, 3, 9.51494],
			"to": [4.23629, 16, 21.01494],
			"rotation": {"angle": 22.5, "axis": "y", "origin": [8.73629, 7.5, 6.26494]},
			"faces": {
				"north": {"uv": [0, 0, 0, 2.25], "texture": "#missing"},
				"east": {"uv": [8.25, 0, 15, 6.5], "texture": "#1"},
				"south": {"uv": [0, 0, 0, 2.25], "texture": "#missing"},
				"west": {"uv": [15, 0, 8.25, 6.5], "texture": "#1"},
				"up": {"uv": [2.25, 0, 0, 0], "rotation": 270, "texture": "#missing"},
				"down": {"uv": [2.25, 0, 0, 0], "rotation": 90, "texture": "#missing"}
			}
		},
		{
			"name": "ef",
			"from": [6.65685, -1, -5.84315],
			"to": [6.65685, 12, 7.65685],
			"rotation": {"angle": -22.5, "axis": "y", "origin": [6.65685, 10, 5.65685]},
			"faces": {
				"north": {"uv": [0, 0, 0, 2.25], "texture": "#missing"},
				"east": {"uv": [7.5, 9.5, 0.75, 16], "texture": "#1"},
				"south": {"uv": [0, 0, 0, 2.25], "texture": "#missing"},
				"west": {"uv": [0.75, 9.5, 7.5, 16], "texture": "#1"},
				"up": {"uv": [0, 0, 2.25, 0], "rotation": 270, "texture": "#missing"},
				"down": {"uv": [0, 0, 2.25, 0], "rotation": 90, "texture": "#missing"}
			}
		}
	],
	"gui_light": "front",
	"display": {
		"thirdperson_righthand": {
			"translation": [0, 7.25, 2],
			"scale": [0.7, 0.7, 0.7]
		},
		"thirdperson_lefthand": {
			"translation": [0, 7.25, 2],
			"scale": [0.7, 0.7, 0.7]
		},
		"firstperson_righthand": {
			"rotation": [9.53, 0.54, -0.71],
			"translation": [20, 16, -22.5],
			"scale": [1.72, 1.72, 1.72]
		},
		"firstperson_lefthand": {
			"rotation": [9.53, 0.54, -0.71],
			"translation": [20, 16, -22.5],
			"scale": [1.72, 1.72, 1.72]
		},
		"ground": {
			"rotation": [45, 0, 0],
			"translation": [0, 2.5, 2.5],
			"scale": [0.3, 0.3, 0.3]
		},
		"gui": {
			"rotation": [83.92, 45, -85.7],
			"translation": [3, 2.75, 0],
			"scale": [0.58, 0.58, 0.58]
		},
		"head": {
			"translation": [0, 6.5, 0],
			"scale": [0, 0, 0]
		},
		"fixed": {
			"rotation": [0, -90, 0],
			"translation": [-0.5, 6, -0.75],
			"scale": [0.65, 0.65, 0.65]
		}
	},
	"groups": [
		{
			"name": "samurai_pickaxe",
			"origin": [8, 8, 8],
			"color": 0,
			"nbt": "{}",
			"children": [0, 1, 2, 3, 4, 5, 6, 7, 8, 9, 10, 11, 12, 13, 14, 15, 16, 17, 18, 19]
		}
	]
}