{
	"credit": "Made with Blockbench",
	"texture_size": [64, 64],
	"textures": {
		"0": "item/vampire/vampire_sword",
		"1": "item/vampire/vampire_ef_long",
		"particle": "item/vampire/vampire_sword"
	},
	"elements": [
		{
			"from": [7.692, -0.508, 5.492],
			"to": [8.308, 25.008, 6.508],
			"shade": false,
			"rotation": {"angle": 0, "axis": "y", "origin": [8, -2.875, 10.45521]},
			"faces": {
				"north": {"uv": [3.5, 0, 3.625, 6.375], "texture": "#0"},
				"east": {"uv": [1.5, 0, 1.75, 6.375], "texture": "#0"},
				"south": {"uv": [3.75, 0, 3.875, 6.375], "texture": "#0"},
				"west": {"uv": [1.75, 0, 2, 6.375], "texture": "#0"},
				"up": {"uv": [8.125, 2.25, 8, 2], "texture": "#0"},
				"down": {"uv": [3.125, 8, 3, 8.25], "texture": "#0"}
			}
		},
		{
			"from": [7.35, -15.5, 7.1],
			"to": [8.65, -4.5, 8.9],
			"shade": false,
			"rotation": {"angle": 0, "axis": "y", "origin": [8, -2.375, 10.45521]},
			"faces": {
				"north": {"uv": [3, 0, 3.375, 2.75], "texture": "#0"},
				"east": {"uv": [2.5, 0, 3, 2.75], "texture": "#0"},
				"south": {"uv": [3, 2.75, 3.375, 5.5], "texture": "#0"},
				"west": {"uv": [2.5, 2.75, 3, 5.5], "texture": "#0"},
				"up": {"uv": [7.625, 4.25, 7.25, 3.75], "texture": "#0"},
				"down": {"uv": [6.125, 7.25, 5.75, 7.75], "texture": "#0"}
			}
		},
		{
			"from": [6.75, -16, 6.8879],
			"to": [9.25, -13.7, 9.1879],
			"shade": false,
			"rotation": {"angle": -45, "axis": "x", "origin": [8, -14.85356, 8.0379]},
			"faces": {
				"north": {"uv": [6.25, 4.25, 6.875, 4.875], "texture": "#0"},
				"east": {"uv": [6.25, 5, 6.875, 5.625], "texture": "#0"},
				"south": {"uv": [6.25, 5.75, 6.875, 6.375], "texture": "#0"},
				"west": {"uv": [1.5, 6.5, 2.125, 7.125], "texture": "#0"},
				"up": {"uv": [4.125, 7.125, 3.5, 6.5], "texture": "#0"},
				"down": {"uv": [6.125, 6.5, 5.5, 7.125], "texture": "#0"}
			}
		},
		{
			"from": [6.75, -11, 6.35],
			"to": [9.25, -9.5, 9.65],
			"shade": false,
			"rotation": {"angle": 0, "axis": "y", "origin": [8, -2.875, 10.45521]},
			"faces": {
				"north": {"uv": [7, 6.5, 7.625, 6.875], "texture": "#0"},
				"east": {"uv": [6.75, 2.25, 7.625, 2.625], "texture": "#0"},
				"south": {"uv": [7, 7, 7.625, 7.375], "texture": "#0"},
				"west": {"uv": [6.75, 2.75, 7.625, 3.125], "texture": "#0"},
				"up": {"uv": [5.625, 5.625, 5, 4.75], "texture": "#0"},
				"down": {"uv": [6.125, 0, 5.5, 0.875], "texture": "#0"}
			}
		},
		{
			"from": [6.75, -5, 6.35],
			"to": [9.25, -3.5, 9.65],
			"shade": false,
			"rotation": {"angle": 0, "axis": "y", "origin": [8, -2.875, 10.45521]},
			"faces": {
				"north": {"uv": [1.5, 7.25, 2.125, 7.625], "texture": "#0"},
				"east": {"uv": [6.75, 3.25, 7.625, 3.625], "texture": "#0"},
				"south": {"uv": [7.25, 1.5, 7.875, 1.875], "texture": "#0"},
				"west": {"uv": [4.25, 6.75, 5.125, 7.125], "texture": "#0"},
				"up": {"uv": [6.125, 1.875, 5.5, 1], "texture": "#0"},
				"down": {"uv": [6.125, 2, 5.5, 2.875], "texture": "#0"}
			}
		},
		{
			"from": [7.1, -3.15898, 6.56865],
			"to": [8.9, 0.79102, 7.56865],
			"shade": false,
			"rotation": {"angle": -22.5, "axis": "x", "origin": [8, -2.875, 10.45521]},
			"faces": {
				"north": {"uv": [5.75, 3.75, 6.25, 4.75], "texture": "#0"},
				"east": {"uv": [3.25, 6.75, 3.5, 7.75], "texture": "#0"},
				"south": {"uv": [4.5, 5.75, 5, 6.75], "texture": "#0"},
				"west": {"uv": [5.25, 6.75, 5.5, 7.75], "texture": "#0"},
				"up": {"uv": [6.75, 3, 6.25, 2.75], "texture": "#0"},
				"down": {"uv": [8, 5.25, 7.5, 5.5], "texture": "#0"}
			}
		},
		{
			"from": [7.6, -4.71312, 7.50513],
			"to": [8.4, -1.03812, 8.80513],
			"shade": false,
			"rotation": {"angle": 22.5, "axis": "x", "origin": [8, -2.875, 10.45521]},
			"faces": {
				"north": {"uv": [4, 7.25, 4.25, 8.125], "texture": "#0"},
				"east": {"uv": [2.75, 6.75, 3.125, 7.625], "texture": "#0"},
				"south": {"uv": [4.25, 7.25, 4.5, 8.125], "texture": "#0"},
				"west": {"uv": [0, 7, 0.375, 7.875], "texture": "#0"},
				"up": {"uv": [2.25, 8.125, 2, 7.75], "texture": "#0"},
				"down": {"uv": [3.5, 7.75, 3.25, 8.125], "texture": "#0"}
			}
		},
		{
			"from": [7.598, -2.83598, 7.56665],
			"to": [8.402, 0.84302, 8.87065],
			"shade": false,
			"rotation": {"angle": -22.5, "axis": "x", "origin": [8, -2.875, 10.45521]},
			"faces": {
				"north": {"uv": [4.5, 7.25, 4.75, 8.125], "texture": "#0"},
				"east": {"uv": [0.5, 7, 0.875, 7.875], "texture": "#0"},
				"south": {"uv": [7.25, 4.5, 7.5, 5.375], "texture": "#0"},
				"west": {"uv": [1, 7, 1.375, 7.875], "texture": "#0"},
				"up": {"uv": [8, 3.625, 7.75, 3.25], "texture": "#0"},
				"down": {"uv": [8, 3.75, 7.75, 4.125], "texture": "#0"}
			}
		},
		{
			"from": [7.092, -1.10092, 6.63734],
			"to": [8.908, -0.08492, 11.65334],
			"shade": false,
			"rotation": {"angle": 22.5, "axis": "x", "origin": [8, -2.875, 10.45521]},
			"faces": {
				"north": {"uv": [7.5, 6.25, 8, 6.5], "texture": "#0"},
				"east": {"uv": [7, 0.5, 8.25, 0.75], "texture": "#0"},
				"south": {"uv": [6.75, 7.5, 7.25, 7.75], "texture": "#0"},
				"west": {"uv": [7, 4.25, 8.25, 4.5], "texture": "#0"},
				"up": {"uv": [5, 5.75, 4.5, 4.5], "texture": "#0"},
				"down": {"uv": [5.5, 2, 5, 3.25], "texture": "#0"}
			}
		},
		{
			"from": [7.1, -5.03812, 8.80513],
			"to": [8.9, -1.08812, 9.80513],
			"shade": false,
			"rotation": {"angle": 22.5, "axis": "x", "origin": [8, -2.875, 10.45521]},
			"faces": {
				"north": {"uv": [5.75, 4.75, 6.25, 5.75], "texture": "#0"},
				"east": {"uv": [7, 4.5, 7.25, 5.5], "texture": "#0"},
				"south": {"uv": [5, 5.75, 5.5, 6.75], "texture": "#0"},
				"west": {"uv": [7, 5.5, 7.25, 6.5], "texture": "#0"},
				"up": {"uv": [7.75, 7.75, 7.25, 7.5], "texture": "#0"},
				"down": {"uv": [8.25, 0.75, 7.75, 1], "texture": "#0"}
			}
		},
		{
			"from": [7.094, -2.798, 12.0143],
			"to": [8.906, -1.786, 14.7763],
			"shade": false,
			"rotation": {"angle": -22.5, "axis": "x", "origin": [8, -2.875, 10.45521]},
			"faces": {
				"north": {"uv": [7.75, 1, 8.25, 1.25], "texture": "#0"},
				"east": {"uv": [7.25, 2, 8, 2.25], "texture": "#0"},
				"south": {"uv": [7.75, 1.25, 8.25, 1.5], "texture": "#0"},
				"west": {"uv": [6.25, 7.25, 7, 7.5], "texture": "#0"},
				"up": {"uv": [7.25, 2.25, 6.75, 1.5], "texture": "#0"},
				"down": {"uv": [2.75, 6.75, 2.25, 7.5], "texture": "#0"}
			}
		},
		{
			"from": [7.55, -4.44962, 14.4736],
			"to": [8.45, -3.54962, 16.1236],
			"shade": false,
			"rotation": {"angle": -45, "axis": "x", "origin": [8, -2.875, 10.45521]},
			"faces": {
				"north": {"uv": [5.5, 3, 5.75, 3.25], "texture": "#0"},
				"east": {"uv": [7.75, 4.5, 8.125, 4.75], "texture": "#0"},
				"south": {"uv": [2.25, 6.5, 2.5, 6.75], "texture": "#0"},
				"west": {"uv": [7.75, 4.75, 8.125, 5], "texture": "#0"},
				"up": {"uv": [5.5, 8.125, 5.25, 7.75], "texture": "#0"},
				"down": {"uv": [6, 7.75, 5.75, 8.125], "texture": "#0"}
			}
		},
		{
			"from": [7.55, -2.94618, 11.52878],
			"to": [8.45, -1.29618, 12.42878],
			"shade": false,
			"rotation": {"angle": 0, "axis": "y", "origin": [8, -2.875, 10.45521]},
			"faces": {
				"north": {"uv": [6, 7.75, 6.25, 8.125], "texture": "#0"},
				"east": {"uv": [6.25, 7.75, 6.5, 8.125], "texture": "#0"},
				"south": {"uv": [6.5, 7.75, 6.75, 8.125], "texture": "#0"},
				"west": {"uv": [7.75, 6.5, 8, 6.875], "texture": "#0"},
				"up": {"uv": [4.5, 6.75, 4.25, 6.5], "texture": "#0"},
				"down": {"uv": [8, 7.5, 7.75, 7.75], "texture": "#0"}
			}
		},
		{
			"from": [8, -5.94618, 11.02878],
			"to": [8, -2.94618, 13.17878],
			"shade": false,
			"rotation": {"angle": 0, "axis": "y", "origin": [8, -4.44618, 11.97878]},
			"faces": {
				"east": {"uv": [6.875, 0, 6.25, 0.75], "texture": "#0"},
				"west": {"uv": [6.25, 0, 6.875, 0.75], "texture": "#0"}
			}
		},
		{
			"from": [8, -4.44962, 14.4736],
			"to": [8, -2.54962, 18.1236],
			"shade": false,
			"rotation": {"angle": -45, "axis": "x", "origin": [8, -2.875, 10.45521]},
			"faces": {
				"east": {"uv": [7.125, 3.75, 6.25, 4.25], "texture": "#0"},
				"west": {"uv": [6.25, 3.75, 7.125, 4.25], "texture": "#0"}
			}
		},
		{
			"from": [7.55, -0.36284, 9.29787],
			"to": [8.45, 1.28716, 10.19787],
			"shade": false,
			"rotation": {"angle": 22.5, "axis": "x", "origin": [8, -2.875, 10.45521]},
			"faces": {
				"north": {"uv": [6.75, 7.75, 7, 8.125], "texture": "#0"},
				"east": {"uv": [7, 7.75, 7.25, 8.125], "texture": "#0"},
				"south": {"uv": [7.75, 7, 8, 7.375], "texture": "#0"},
				"west": {"uv": [7.25, 7.75, 7.5, 8.125], "texture": "#0"},
				"up": {"uv": [1.25, 8.25, 1, 8], "texture": "#0"},
				"down": {"uv": [1.5, 8, 1.25, 8.25], "texture": "#0"}
			}
		},
		{
			"from": [8, 1.28716, 9.29787],
			"to": [8, 4.28716, 12.29787],
			"shade": false,
			"rotation": {"angle": 22.5, "axis": "x", "origin": [8, -2.875, 10.45521]},
			"faces": {
				"east": {"uv": [5.75, 4, 5, 4.75], "texture": "#0"},
				"west": {"uv": [5, 4, 5.75, 4.75], "texture": "#0"}
			}
		},
		{
			"from": [6.342, -1.10989, 5.59876],
			"to": [9.658, 1.40611, 8.11476],
			"shade": false,
			"rotation": {"angle": 45, "axis": "x", "origin": [8, -0.99513, 8]},
			"faces": {
				"north": {"uv": [2.5, 5.5, 3.375, 6.125], "texture": "#0"},
				"east": {"uv": [6.75, 0.75, 7.375, 1.375], "texture": "#0"},
				"west": {"uv": [6.25, 6.5, 6.875, 7.125], "texture": "#0"},
				"up": {"uv": [5.75, 3, 6.625, 3.625], "texture": "#0"}
			}
		},
		{
			"from": [6.346, -2.32892, 6.98151],
			"to": [9.654, 1.17908, 7.98951],
			"shade": false,
			"rotation": {"angle": -22.5, "axis": "x", "origin": [8, -0.99513, 8]},
			"faces": {
				"north": {"uv": [4.5, 0, 5.375, 0.875], "texture": "#0"},
				"east": {"uv": [5, 7.25, 5.25, 8.125], "texture": "#0"},
				"west": {"uv": [4.75, 7.25, 5, 8.125], "texture": "#0"}
			}
		},
		{
			"from": [6.344, -2.33092, 8.00849],
			"to": [9.656, 1.18108, 9.02049],
			"shade": false,
			"rotation": {"angle": 22.5, "axis": "x", "origin": [8, -0.99513, 8]},
			"faces": {
				"east": {"uv": [7.25, 5.5, 7.5, 6.375], "texture": "#0"},
				"south": {"uv": [4.5, 1, 5.375, 1.875], "texture": "#0"},
				"west": {"uv": [5.5, 7.25, 5.75, 8.125], "texture": "#0"}
			}
		},
		{
			"from": [6.348, -2.44037, 8.84124],
			"to": [9.652, -1.83637, 9.44524],
			"shade": false,
			"rotation": {"angle": 45, "axis": "x", "origin": [8, -0.99513, 8]},
			"faces": {
				"east": {"uv": [8, 7, 8.125, 7.125], "texture": "#0"},
				"south": {"uv": [7.75, 2.75, 8.625, 2.875], "texture": "#0"},
				"west": {"uv": [8, 6.75, 8.125, 6.875], "texture": "#0"},
				"down": {"uv": [7.75, 3.125, 8.625, 3], "texture": "#0"}
			}
		},
		{
			"from": [7.692, -0.508, 9.492],
			"to": [8.308, 25.008, 10.508],
			"shade": false,
			"rotation": {"angle": 0, "axis": "y", "origin": [8, -2.875, 10.45521]},
			"faces": {
				"north": {"uv": [4, 0, 4.125, 6.375], "texture": "#0"},
				"east": {"uv": [2, 0, 2.25, 6.375], "texture": "#0"},
				"south": {"uv": [4.25, 0, 4.375, 6.375], "texture": "#0"},
				"west": {"uv": [2.25, 0, 2.5, 6.375], "texture": "#0"},
				"up": {"uv": [8.125, 3.5, 8, 3.25], "texture": "#0"},
				"down": {"uv": [8.125, 3.5, 8, 3.75], "texture": "#0"}
			}
		},
		{
			"from": [7.694, 24.59333, 6.50832],
			"to": [8.306, 27.10533, 7.52032],
			"shade": false,
			"rotation": {"angle": 22.5, "axis": "x", "origin": [8, 27.34933, 7.01432]},
			"faces": {
				"north": {"uv": [0, 8, 0.125, 8.625], "texture": "#0"},
				"east": {"uv": [7.5, 0.75, 7.75, 1.375], "texture": "#0"},
				"south": {"uv": [0.25, 8, 0.375, 8.625], "texture": "#0"},
				"west": {"uv": [2.25, 7.5, 2.5, 8.125], "texture": "#0"},
				"up": {"uv": [8.125, 4, 8, 3.75], "texture": "#0"},
				"down": {"uv": [8.125, 4, 8, 4.25], "texture": "#0"}
			}
		},
		{
			"from": [7.694, 24.59333, 8.47968],
			"to": [8.306, 27.10533, 9.49168],
			"shade": false,
			"rotation": {"angle": -22.5, "axis": "x", "origin": [8, 27.34933, 8.98568]},
			"faces": {
				"north": {"uv": [0.5, 8, 0.625, 8.625], "texture": "#0"},
				"east": {"uv": [2.5, 7.5, 2.75, 8.125], "texture": "#0"},
				"south": {"uv": [0.75, 8, 0.875, 8.625], "texture": "#0"},
				"west": {"uv": [7.5, 4.5, 7.75, 5.125], "texture": "#0"},
				"up": {"uv": [8.125, 5.5, 8, 5.25], "texture": "#0"},
				"down": {"uv": [8.125, 5.5, 8, 5.75], "texture": "#0"}
			}
		},
		{
			"from": [7.696, 27.33603, 6.43664],
			"to": [8.304, 28.34403, 8.63214],
			"shade": false,
			"rotation": {"angle": -45, "axis": "x", "origin": [8, 27.84003, 7.69064]},
			"faces": {
				"north": {"uv": [8, 5.75, 8.125, 6], "texture": "#0"},
				"east": {"uv": [1.5, 7.75, 2, 8], "texture": "#0"},
				"south": {"uv": [8, 6, 8.125, 6.25], "texture": "#0"},
				"west": {"uv": [7.75, 2.25, 8.25, 2.5], "texture": "#0"},
				"up": {"uv": [1.625, 8.5, 1.5, 8], "texture": "#0"},
				"down": {"uv": [8.125, 1.5, 8, 2], "texture": "#0"}
			}
		},
		{
			"from": [7.698, 27.34687, 7.37352],
			"to": [8.302, 28.35087, 9.56502],
			"shade": false,
			"rotation": {"angle": 45, "axis": "x", "origin": [8, 27.84887, 8.30052]},
			"faces": {
				"north": {"uv": [8, 6.25, 8.125, 6.5], "texture": "#0"},
				"east": {"uv": [7.75, 2.5, 8.25, 2.75], "texture": "#0"},
				"south": {"uv": [8, 6.5, 8.125, 6.75], "texture": "#0"},
				"west": {"uv": [2.75, 7.75, 3.25, 7.97813], "texture": "#0"},
				"up": {"uv": [1.875, 8.5, 1.75, 8], "texture": "#0"},
				"down": {"uv": [2.875, 8, 2.75, 8.5], "texture": "#0"}
			}
		},
		{
			"from": [7.8, -0.5, 6.5],
			"to": [8.2, 26.8, 9.5],
			"shade": false,
			"rotation": {"angle": 0, "axis": "y", "origin": [8, -2.875, 10.45521]},
			"faces": {
				"east": {"uv": [0, 0, 0.75, 6.875], "texture": "#0"},
				"west": {"uv": [0.75, 0, 1.5, 6.875], "texture": "#0"}
			}
		},
		{
			"from": [7.8, 26.8, 7.25],
			"to": [8.2, 27.55, 8.75],
			"shade": false,
			"rotation": {"angle": 0, "axis": "y", "origin": [8, -2.875, 10.45521]},
			"faces": {
				"east": {"uv": [7.75, 5, 8.125, 5.25], "texture": "#0"},
				"west": {"uv": [7.5, 7.75, 7.875, 8], "texture": "#0"}
			}
		},
		{
			"from": [7.092, -1.10092, 4.34666],
			"to": [8.908, -0.08492, 9.36266],
			"shade": false,
			"rotation": {"angle": -22.5, "axis": "x", "origin": [8, -2.875, 5.54479]},
			"faces": {
				"north": {"uv": [7.25, 7.5, 6.75, 7.75], "texture": "#0"},
				"east": {"uv": [8.25, 0.5, 7, 0.75], "texture": "#0"},
				"south": {"uv": [8, 6.25, 7.5, 6.5], "texture": "#0"},
				"west": {"uv": [8.25, 4.25, 7, 4.5], "texture": "#0"},
				"up": {"uv": [5, 4.5, 4.5, 5.75], "texture": "#0"},
				"down": {"uv": [5.5, 3.25, 5, 2], "texture": "#0"}
			}
		},
		{
			"from": [7.55, -0.36284, 5.80213],
			"to": [8.45, 1.28716, 6.70213],
			"shade": false,
			"rotation": {"angle": -22.5, "axis": "x", "origin": [8, -2.875, 5.54479]},
			"faces": {
				"north": {"uv": [8, 7, 7.75, 7.375], "texture": "#0"},
				"east": {"uv": [7.25, 7.75, 7, 8.125], "texture": "#0"},
				"south": {"uv": [7, 7.75, 6.75, 8.125], "texture": "#0"},
				"west": {"uv": [7.5, 7.75, 7.25, 8.125], "texture": "#0"},
				"up": {"uv": [1.25, 8, 1, 8.25], "texture": "#0"},
				"down": {"uv": [1.5, 8.25, 1.25, 8], "texture": "#0"}
			}
		},
		{
			"from": [8, 1.28716, 3.70213],
			"to": [8, 4.28716, 6.70213],
			"shade": false,
			"rotation": {"angle": -22.5, "axis": "x", "origin": [8, -2.875, 5.54479]},
			"faces": {
				"east": {"uv": [5, 4, 5.75, 4.75], "texture": "#0"},
				"west": {"uv": [5.75, 4, 5, 4.75], "texture": "#0"}
			}
		},
		{
			"from": [7.094, -2.798, 1.2237],
			"to": [8.906, -1.786, 3.9857],
			"shade": false,
			"rotation": {"angle": 22.5, "axis": "x", "origin": [8, -2.875, 5.54479]},
			"faces": {
				"north": {"uv": [8.25, 1.25, 7.75, 1.5], "texture": "#0"},
				"east": {"uv": [8, 2, 7.25, 2.25], "texture": "#0"},
				"south": {"uv": [8.25, 1, 7.75, 1.25], "texture": "#0"},
				"west": {"uv": [7, 7.25, 6.25, 7.5], "texture": "#0"},
				"up": {"uv": [7.25, 1.5, 6.75, 2.25], "texture": "#0"},
				"down": {"uv": [2.75, 7.5, 2.25, 6.75], "texture": "#0"}
			}
		},
		{
			"from": [7.55, -4.44962, -0.1236],
			"to": [8.45, -3.54962, 1.5264],
			"shade": false,
			"rotation": {"angle": 45, "axis": "x", "origin": [8, -2.875, 5.54479]},
			"faces": {
				"north": {"uv": [2.5, 6.5, 2.25, 6.75], "texture": "#0"},
				"east": {"uv": [8.125, 4.5, 7.75, 4.75], "texture": "#0"},
				"south": {"uv": [5.75, 3, 5.5, 3.25], "texture": "#0"},
				"west": {"uv": [8.125, 4.75, 7.75, 5], "texture": "#0"},
				"up": {"uv": [5.5, 7.75, 5.25, 8.125], "texture": "#0"},
				"down": {"uv": [6, 8.125, 5.75, 7.75], "texture": "#0"}
			}
		},
		{
			"from": [8, -4.44962, -2.1236],
			"to": [8, -2.54962, 1.5264],
			"shade": false,
			"rotation": {"angle": 45, "axis": "x", "origin": [8, -2.875, 5.54479]},
			"faces": {
				"east": {"uv": [6.25, 3.75, 7.125, 4.25], "texture": "#0"},
				"west": {"uv": [7.125, 3.75, 6.25, 4.25], "texture": "#0"}
			}
		},
		{
			"from": [8, -5.94618, 2.82122],
			"to": [8, -2.94618, 4.97122],
			"shade": false,
			"rotation": {"angle": 0, "axis": "y", "origin": [8, -4.44618, 4.02122]},
			"faces": {
				"east": {"uv": [6.25, 0, 6.875, 0.75], "texture": "#0"},
				"west": {"uv": [6.875, 0, 6.25, 0.75], "texture": "#0"}
			}
		},
		{
			"from": [7.55, -2.94618, 3.57122],
			"to": [8.45, -1.29618, 4.47122],
			"shade": false,
			"rotation": {"angle": 0, "axis": "y", "origin": [8, -2.875, 5.54479]},
			"faces": {
				"north": {"uv": [6.75, 7.75, 6.5, 8.125], "texture": "#0"},
				"east": {"uv": [6.5, 7.75, 6.25, 8.125], "texture": "#0"},
				"south": {"uv": [6.25, 7.75, 6, 8.125], "texture": "#0"},
				"west": {"uv": [8, 6.5, 7.75, 6.875], "texture": "#0"},
				"up": {"uv": [4.5, 6.5, 4.25, 6.75], "texture": "#0"},
				"down": {"uv": [8, 7.75, 7.75, 7.5], "texture": "#0"}
			}
		},
		{
			"name": "ef",
			"from": [8.8, 28.5, 15],
			"to": [8.8, 1.5, 1],
			"shade": false,
			"rotation": {"angle": 0, "axis": "y", "origin": [8.8, 9, 8]},
			"faces": {
				"east": {"uv": [5.75, 16, 0, 6.5], "texture": "#1"},
				"west": {"uv": [0, 16, 5.75, 6.5], "texture": "#1"}
			}
		},
		{
			"name": "ef",
			"from": [9, 0.75, 3.5],
			"to": [9, 14.75, 12.5],
			"shade": false,
			"rotation": {"angle": 0, "axis": "y", "origin": [9, 7.75, 8]},
			"faces": {
				"east": {"uv": [6.5, 8.25, 11.5, 16], "texture": "#1"},
				"west": {"uv": [11.5, 8.25, 6.5, 16], "texture": "#1"}
			}
		},
		{
			"name": "ef",
			"from": [8.6, 0, 1.5],
			"to": [8.6, 29, 14.5],
			"shade": false,
			"rotation": {"angle": 0, "axis": "y", "origin": [8.6, 14.5, 8]},
			"faces": {
				"east": {"uv": [16, 7, 11.75, 16], "texture": "#1"},
				"west": {"uv": [11.75, 7, 16, 16], "texture": "#1"}
			}
		},
		{
			"name": "ef",
			"from": [7.4, 0, 1.5],
			"to": [7.4, 29, 14.5],
			"shade": false,
			"rotation": {"angle": 0, "axis": "y", "origin": [7.4, 14.5, 8]},
			"faces": {
				"east": {"uv": [11.75, 7, 16, 16], "texture": "#1"},
				"west": {"uv": [16, 7, 11.75, 16], "texture": "#1"}
			}
		},
		{
			"name": "ef",
			"from": [7, 0.75, 3.5],
			"to": [7, 14.75, 12.5],
			"shade": false,
			"rotation": {"angle": 0, "axis": "y", "origin": [7, 7.75, 8]},
			"faces": {
				"east": {"uv": [11.5, 8.25, 6.5, 16], "texture": "#1"},
				"west": {"uv": [6.5, 8.25, 11.5, 16], "texture": "#1"}
			}
		},
		{
			"name": "ef",
			"from": [7.2, 28.5, 15],
			"to": [7.2, 1.5, 1],
			"shade": false,
			"rotation": {"angle": 0, "axis": "y", "origin": [7.2, 9, 8]},
			"faces": {
				"east": {"uv": [0, 16, 5.75, 6.5], "texture": "#1"},
				"west": {"uv": [5.75, 16, 0, 6.5], "texture": "#1"}
			}
		},
		{
			"name": "efblack",
			"from": [9.5, 17, 8.75],
			"to": [9.5, 28, 10.75],
			"shade": false,
			"rotation": {"angle": -22.5, "axis": "y", "origin": [9.5, 22.5, 9.75]},
			"faces": {
				"east": {"uv": [7, 0, 8, 5.25], "texture": "#1"},
				"west": {"uv": [8, 0, 7, 5.25], "texture": "#1"}
			}
		},
		{
			"name": "efblack",
			"from": [6.75, 14, 4],
			"to": [6.75, 25, 6],
			"shade": false,
			"rotation": {"angle": -45, "axis": "y", "origin": [6.75, 19.5, 5]},
			"faces": {
				"east": {"uv": [10.25, 0, 9.25, 5.25], "texture": "#1"},
				"west": {"uv": [9.25, 0, 10.25, 5.25], "texture": "#1"}
			}
		},
		{
			"name": "efblack",
			"from": [6.25, 7.5, 10],
			"to": [6.25, 18.5, 12],
			"shade": false,
			"rotation": {"angle": 22.5, "axis": "y", "origin": [6.25, 13, 11]},
			"faces": {
				"east": {"uv": [12.25, 0, 11.25, 5.25], "texture": "#1"},
				"west": {"uv": [11.25, 0, 12.25, 5.25], "texture": "#1"}
			}
		},
		{
			"name": "efblack",
			"from": [9.75, 1.5, 5],
			"to": [9.75, 12.5, 7],
			"shade": false,
			"rotation": {"angle": 22.5, "axis": "y", "origin": [9.75, 7, 6]},
			"faces": {
				"east": {"uv": [12.25, 0, 11.25, 5.25], "texture": "#1"},
				"west": {"uv": [11.25, 0, 12.25, 5.25], "texture": "#1"}
			}
		}
	],
	"gui_light": "front",
	"display": {
		"thirdperson_righthand": {
			"translation": [0, 10.25, 2],
			"scale": [0.7, 0.7, 0.7]
		},
		"thirdperson_lefthand": {
			"translation": [0, 10.25, 2],
			"scale": [0.7, 0.7, 0.7]
		},
		"firstperson_righthand": {
			"rotation": [178.74, -0.88, -170.12],
			"translation": [20, 0, -19]
		},
		"firstperson_lefthand": {
			"rotation": [178.74, -0.88, -170.12],
			"translation": [20, 0, -19]
		},
		"ground": {
			"rotation": [45, 0, 0],
			"translation": [0, 4.25, 0],
			"scale": [0.2, 0.2, 0.2]
		},
		"gui": {
			"rotation": [90, 45, -90],
			"translation": [0.5, 0.5, 0],
			"scale": [0.47, 0.47, 0.47]
		},
		"head": {
			"scale": [0, 0, 0]
		},
		"fixed": {
			"rotation": [0, -90, 0],
			"translation": [0, 0.5, 0],
			"scale": [0.47, 0.47, 0.47]
		}
	},
	"groups": [
		{
			"name": "group",
			"origin": [8, -2.875, 5.54479],
			"color": 0,
			"shade": false,
			"children": [0, 1, 2, 3, 4, 5, 6, 7, 8, 9, 10, 11, 12, 13, 14, 15, 16, 17, 18, 19, 20, 21, 22, 23, 24, 25, 26, 27, 28, 29, 30, 31, 32, 33, 34, 35]
		},
		36,
		37,
		38,
		39,
		40,
		41,
		42,
		43,
		44,
		45
	]
}