{
	"credit": "Made with Blockbench",
	"parent": "ghoul_pickaxe",
	"texture_size": [64, 64],
	"textures": {
		"6": "item/ghoul_set/ghoul_pickaxe/ghoul_pickaxe_purple"
	},
	"elements": [
		{
			"name": "pickaxe",
			"from": [7.44845, 14.21911, 10.66657],
			"to": [8.55925, 17.95207, 11.59981],
			"rotation": {"angle": 0, "axis": "y", "origin": [8.00385, 16.08559, 11.13319]},
			"faces": {
				"north": {"uv": [5.5, 0, 5.75, 0.9375], "texture": "#6"},
				"east": {"uv": [5.5, 1, 5.75, 1.9375], "texture": "#6"},
				"south": {"uv": [1.5, 5.5, 1.75, 6.4375], "texture": "#6"},
				"west": {"uv": [1.75, 5.5, 2, 6.4375], "texture": "#6"},
				"up": {"uv": [7.25, 5.25, 7, 5], "texture": "#6"},
				"down": {"uv": [7.75, 1.5, 7.5, 1.75], "texture": "#6"}
			}
		},
		{
			"name": "pickaxe",
			"from": [7.46385, 20.05771, 9.06232],
			"to": [8.54385, 21.75171, 9.98632],
			"rotation": {"angle": 22.5, "axis": "x", "origin": [8, 14.95147, 4.52743]},
			"faces": {
				"north": {"uv": [4.75, 6.75, 5, 7.1875], "texture": "#6"},
				"east": {"uv": [6.75, 6.25, 7, 6.6875], "texture": "#6"},
				"south": {"uv": [6.5, 6.75, 6.75, 7.1875], "texture": "#6"},
				"west": {"uv": [6.75, 6.75, 7, 7.1875], "texture": "#6"},
				"up": {"uv": [7.75, 7.75, 7.5, 7.5], "texture": "#6"},
				"down": {"uv": [0.5, 7.75, 0.25, 8], "texture": "#6"}
			}
		},
		{
			"name": "pickaxe",
			"from": [7.46385, 14.93759, 11.59519],
			"to": [8.54385, 17.38907, 12.12262],
			"rotation": {"angle": 0, "axis": "y", "origin": [8, 14.95147, 4.52743]},
			"faces": {
				"north": {"uv": [6.25, 1, 6.5, 1.625], "texture": "#6"},
				"east": {"uv": [7, 7.25, 7.125, 7.875], "texture": "#6"},
				"south": {"uv": [6.25, 3.5, 6.5, 4.125], "texture": "#6"},
				"west": {"uv": [7.25, 7, 7.375, 7.625], "texture": "#6"},
				"up": {"uv": [6.75, 8.375, 6.5, 8.25], "texture": "#6"},
				"down": {"uv": [8.5, 6.5, 8.25, 6.625], "texture": "#6"}
			}
		},
		{
			"name": "pickaxe",
			"from": [7.47925, 17.39641, 11.60135],
			"to": [8.52845, 18.85025, 12.82103],
			"rotation": {"angle": 0, "axis": "y", "origin": [8.00385, 18.12333, 12.21119]},
			"faces": {
				"north": {"uv": [7, 6.75, 7.25, 7.125], "texture": "#6"},
				"east": {"uv": [6.75, 5.25, 7.0625, 5.625], "texture": "#6"},
				"south": {"uv": [0.25, 7.25, 0.5, 7.625], "texture": "#6"},
				"west": {"uv": [6.75, 5.75, 7.0625, 6.125], "texture": "#6"},
				"up": {"uv": [1.75, 7.8125, 1.5, 7.5], "texture": "#6"},
				"down": {"uv": [2, 7.5, 1.75, 7.8125], "texture": "#6"}
			}
		},
		{
			"name": "pickaxe",
			"from": [7.46385, 14.23759, 12.12262],
			"to": [8.54385, 17.38907, 12.82719],
			"rotation": {"angle": 0, "axis": "y", "origin": [8, 14.95147, 4.52743]},
			"faces": {
				"north": {"uv": [5.75, 0, 6, 0.8125], "texture": "#6"},
				"east": {"uv": [1.5, 6.5, 1.6875, 7.3125], "texture": "#6"},
				"south": {"uv": [0.25, 5.75, 0.5, 6.5625], "texture": "#6"},
				"west": {"uv": [1.75, 6.5, 1.9375, 7.3125], "texture": "#6"},
				"up": {"uv": [8.25, 8.1875, 8, 8], "texture": "#6"},
				"down": {"uv": [0.25, 8.25, 0, 8.4375], "texture": "#6"}
			}
		},
		{
			"name": "pickaxe",
			"from": [7.56385, 19.25655, 10.69949],
			"to": [8.44385, 21.67655, 11.63149],
			"rotation": {"angle": 22.5, "axis": "x", "origin": [8, 14.95147, 4.52743]},
			"faces": {
				"north": {"uv": [6.25, 5.5, 6.5, 6.125], "texture": "#6"},
				"east": {"uv": [5.75, 6.25, 6, 6.875], "texture": "#6"},
				"south": {"uv": [6.25, 6.25, 6.5, 6.875], "texture": "#6"},
				"west": {"uv": [6.5, 0, 6.75, 0.625], "texture": "#6"},
				"up": {"uv": [5, 8, 4.75, 7.75], "texture": "#6"},
				"down": {"uv": [8, 4.75, 7.75, 5], "texture": "#6"}
			}
		},
		{
			"name": "pickaxe",
			"from": [7.56385, 22.80368, 11.59163],
			"to": [8.44385, 23.62368, 12.09836],
			"rotation": {"angle": 22.5, "axis": "x", "origin": [8, 14.95147, 4.52743]},
			"faces": {
				"north": {"uv": [8, 5.75, 8.25, 5.9375], "texture": "#6"},
				"east": {"uv": [8.75, 1.75, 8.875, 1.9375], "texture": "#6"},
				"south": {"uv": [6, 8, 6.25, 8.1875], "texture": "#6"},
				"west": {"uv": [2, 8.75, 2.125, 8.9375], "texture": "#6"},
				"up": {"uv": [1.25, 8.625, 1, 8.5], "texture": "#6"},
				"down": {"uv": [8.75, 1, 8.5, 1.125], "texture": "#6"}
			}
		},
		{
			"name": "pickaxe",
			"from": [7.56385, 22.80368, 11.26636],
			"to": [8.44385, 24.32368, 11.59163],
			"rotation": {"angle": 22.5, "axis": "x", "origin": [8, 14.95147, 4.52743]},
			"faces": {
				"north": {"uv": [3.25, 7, 3.5, 7.375], "texture": "#6"},
				"east": {"uv": [3.25, 8.75, 3.3125, 9.125], "texture": "#6"},
				"south": {"uv": [3.5, 7, 3.75, 7.375], "texture": "#6"},
				"west": {"uv": [8.75, 3.25, 8.8125, 3.625], "texture": "#6"},
				"up": {"uv": [6.25, 8.8125, 6, 8.75], "texture": "#6"},
				"down": {"uv": [9, 6, 8.75, 6.0625], "texture": "#6"}
			}
		},
		{
			"name": "pickaxe",
			"from": [7.57825, 20.06942, 14.31143],
			"to": [8.42945, 20.6915, 14.83811],
			"rotation": {"angle": 0, "axis": "y", "origin": [8.00385, 20.38046, 14.57477]},
			"faces": {
				"north": {"uv": [8.75, 2, 8.9375, 2.125], "texture": "#6"},
				"east": {"uv": [5.75, 8.75, 5.875, 8.875], "texture": "#6"},
				"south": {"uv": [2.25, 8.75, 2.4375, 8.875], "texture": "#6"},
				"west": {"uv": [8.75, 5.75, 8.875, 5.875], "texture": "#6"},
				"up": {"uv": [2.6875, 8.875, 2.5, 8.75], "texture": "#6"},
				"down": {"uv": [2.9375, 8.75, 2.75, 8.875], "texture": "#6"}
			}
		},
		{
			"name": "pickaxe",
			"from": [7.59265, 20.61171, 14.39239],
			"to": [8.41505, 21.28951, 14.71775],
			"rotation": {"angle": -22.5, "axis": "x", "origin": [8.00385, 20.95061, 14.55507]},
			"faces": {
				"north": {"uv": [4.25, 8.25, 4.4375, 8.4375], "texture": "#6"},
				"east": {"uv": [1.75, 9, 1.8125, 9.1875], "texture": "#6"},
				"south": {"uv": [4.5, 8.25, 4.6875, 8.4375], "texture": "#6"},
				"west": {"uv": [9, 1.75, 9.0625, 1.9375], "texture": "#6"},
				"up": {"uv": [2.1875, 9.0625, 2, 9], "texture": "#6"},
				"down": {"uv": [9.1875, 2, 9, 2.0625], "texture": "#6"}
			}
		},
		{
			"name": "pickaxe",
			"from": [7.52065, 18.58547, 12.7904],
			"to": [8.48705, 19.54543, 14.459],
			"rotation": {"angle": -45, "axis": "x", "origin": [8.00385, 19.06545, 13.6247]},
			"faces": {
				"north": {"uv": [7.75, 5, 8, 5.25], "texture": "#6"},
				"east": {"uv": [0.5, 7, 0.9375, 7.25], "texture": "#6"},
				"south": {"uv": [7.75, 5.25, 8, 5.5], "texture": "#6"},
				"west": {"uv": [7, 0.75, 7.4375, 1], "texture": "#6"},
				"up": {"uv": [0.25, 7.4375, 0, 7], "texture": "#6"},
				"down": {"uv": [1.25, 7, 1, 7.4375], "texture": "#6"}
			}
		},
		{
			"name": "pickaxe",
			"from": [7.49185, 18.81506, 12.84671],
			"to": [8.51585, 19.79366, 13.70771],
			"rotation": {"angle": 0, "axis": "y", "origin": [8.00385, 19.30436, 13.27721]},
			"faces": {
				"north": {"uv": [5.5, 7.75, 5.75, 8], "texture": "#6"},
				"east": {"uv": [8, 6, 8.1875, 6.25], "texture": "#6"},
				"south": {"uv": [7.75, 5.5, 8, 5.75], "texture": "#6"},
				"west": {"uv": [6.25, 8, 6.4375, 8.25], "texture": "#6"},
				"up": {"uv": [8.25, 6.4375, 8, 6.25], "texture": "#6"},
				"down": {"uv": [8.25, 6.5, 8, 6.6875], "texture": "#6"}
			}
		},
		{
			"name": "pickaxe",
			"from": [7.44845, 18.42843, 12.21601],
			"to": [8.55925, 21.07261, 12.74871],
			"rotation": {"angle": 22.5, "axis": "x", "origin": [8.00385, 19.75052, 12.48236]},
			"faces": {
				"north": {"uv": [2.75, 5.75, 3, 6.4375], "texture": "#6"},
				"east": {"uv": [0.5, 7.25, 0.625, 7.9375], "texture": "#6"},
				"south": {"uv": [5.75, 4.75, 6, 5.4375], "texture": "#6"},
				"west": {"uv": [0.75, 7.25, 0.875, 7.9375], "texture": "#6"},
				"up": {"uv": [8.5, 5.375, 8.25, 5.25], "texture": "#6"},
				"down": {"uv": [5.75, 8.25, 5.5, 8.375], "texture": "#6"}
			}
		},
		{
			"name": "pickaxe",
			"from": [7.44845, 18.25163, 12.70893],
			"to": [8.55925, 20.89581, 13.10947],
			"rotation": {"angle": 22.5, "axis": "x", "origin": [8.00385, 19.57372, 12.9092]},
			"faces": {
				"north": {"uv": [5.5, 5.75, 5.75, 6.4375], "texture": "#6"},
				"east": {"uv": [2, 7.25, 2.125, 7.9375], "texture": "#6"},
				"south": {"uv": [5.75, 5.5, 6, 6.1875], "texture": "#6"},
				"west": {"uv": [7.25, 2, 7.375, 2.6875], "texture": "#6"},
				"up": {"uv": [2, 8.625, 1.75, 8.5], "texture": "#6"},
				"down": {"uv": [2.25, 8.5, 2, 8.625], "texture": "#6"}
			}
		},
		{
			"name": "pickaxe",
			"from": [7.47925, 20.71105, 12.67394],
			"to": [8.52845, 21.47335, 13.5887],
			"rotation": {"angle": 0, "axis": "y", "origin": [8.00385, 21.0922, 13.13132]},
			"faces": {
				"north": {"uv": [8, 3, 8.25, 3.1875], "texture": "#6"},
				"east": {"uv": [3.25, 8, 3.5, 8.1875], "texture": "#6"},
				"south": {"uv": [8, 3.25, 8.25, 3.4375], "texture": "#6"},
				"west": {"uv": [3.5, 8, 3.75, 8.1875], "texture": "#6"},
				"up": {"uv": [7.75, 6.75, 7.5, 6.5], "texture": "#6"},
				"down": {"uv": [7.75, 6.75, 7.5, 7], "texture": "#6"}
			}
		},
		{
			"name": "pickaxe",
			"from": [7.46385, 17.51109, 14.47651],
			"to": [8.54385, 19.39709, 14.81445],
			"rotation": {"angle": -22.5, "axis": "x", "origin": [8, 14.95147, 4.52743]},
			"faces": {
				"north": {"uv": [5, 1, 5.25, 1.5], "texture": "#6"},
				"east": {"uv": [8.25, 5.5, 8.3125, 6], "texture": "#6"},
				"south": {"uv": [5.75, 3.5, 6, 4], "texture": "#6"},
				"west": {"uv": [5.75, 8.25, 5.8125, 8.75], "texture": "#6"},
				"up": {"uv": [9, 4.3125, 8.75, 4.25], "texture": "#6"},
				"down": {"uv": [9, 4.5, 8.75, 4.5625], "texture": "#6"}
			}
		},
		{
			"name": "pickaxe",
			"from": [7.44845, 21.34517, 12.93823],
			"to": [8.55925, 21.81179, 13.53016],
			"rotation": {"angle": -22.5, "axis": "x", "origin": [8.00385, 21.57848, 13.2342]},
			"faces": {
				"north": {"uv": [6.75, 8.25, 7, 8.375], "texture": "#6"},
				"east": {"uv": [4.75, 8.75, 4.875, 8.875], "texture": "#6"},
				"south": {"uv": [8.25, 6.75, 8.5, 6.875], "texture": "#6"},
				"west": {"uv": [8.75, 4.75, 8.875, 4.875], "texture": "#6"},
				"up": {"uv": [7.25, 8.375, 7, 8.25], "texture": "#6"},
				"down": {"uv": [8.5, 7, 8.25, 7.125], "texture": "#6"}
			}
		},
		{
			"name": "pickaxe",
			"from": [7.47925, 21.56377, 12.58683],
			"to": [8.52845, 22.48094, 13.17268],
			"rotation": {"angle": -45, "axis": "x", "origin": [8.00385, 22.02236, 12.87976]},
			"faces": {
				"north": {"uv": [7.5, 7, 7.75, 7.25], "texture": "#6"},
				"east": {"uv": [6, 8.25, 6.125, 8.5], "texture": "#6"},
				"south": {"uv": [7.5, 7.25, 7.75, 7.5], "texture": "#6"},
				"west": {"uv": [8.25, 6, 8.375, 6.25], "texture": "#6"},
				"up": {"uv": [6.5, 8.375, 6.25, 8.25], "texture": "#6"},
				"down": {"uv": [8.5, 6.25, 8.25, 6.375], "texture": "#6"}
			}
		},
		{
			"name": "pickaxe",
			"from": [7.47925, 22.34035, 12.24741],
			"to": [8.52845, 23.10024, 12.53626],
			"rotation": {"angle": -45, "axis": "x", "origin": [8.00385, 22.72029, 12.39183]},
			"faces": {
				"north": {"uv": [8, 7.5, 8.25, 7.6875], "texture": "#6"},
				"east": {"uv": [9, 3.75, 9.0625, 3.9375], "texture": "#6"},
				"south": {"uv": [8, 7.75, 8.25, 7.9375], "texture": "#6"},
				"west": {"uv": [4, 9, 4.0625, 9.1875], "texture": "#6"},
				"up": {"uv": [6.75, 8.8125, 6.5, 8.75], "texture": "#6"},
				"down": {"uv": [9, 6.5, 8.75, 6.5625], "texture": "#6"}
			}
		},
		{
			"name": "pickaxe",
			"from": [7.46385, 12.44522, 12.55777],
			"to": [8.54385, 13.36922, 14.71377],
			"rotation": {"angle": -45, "axis": "x", "origin": [8, 14.95147, 4.52743]},
			"faces": {
				"north": {"uv": [7.5, 3, 7.75, 3.25], "texture": "#6"},
				"east": {"uv": [6.5, 2.5, 7.0625, 2.75], "texture": "#6"},
				"south": {"uv": [7.5, 4, 7.75, 4.25], "texture": "#6"},
				"west": {"uv": [6.5, 2.75, 7.0625, 3], "texture": "#6"},
				"up": {"uv": [2.25, 7.0625, 2, 6.5], "texture": "#6"},
				"down": {"uv": [3, 6.5, 2.75, 7.0625], "texture": "#6"}
			}
		},
		{
			"name": "pickaxe",
			"from": [7.43305, 13.99667, 10.73381],
			"to": [8.57465, 15.56747, 13.87541],
			"rotation": {"angle": -45, "axis": "x", "origin": [8.00385, 14.78207, 12.30461]},
			"faces": {
				"north": {"uv": [2.25, 6.75, 2.5625, 7.125], "texture": "#6"},
				"east": {"uv": [4, 3, 4.8125, 3.375], "texture": "#6"},
				"south": {"uv": [6.75, 3, 7.0625, 3.375], "texture": "#6"},
				"west": {"uv": [3.5, 4, 4.3125, 4.375], "texture": "#6"},
				"up": {"uv": [5.0625, 2.3125, 4.75, 1.5], "texture": "#6"},
				"down": {"uv": [5.3125, 0, 5, 0.8125], "texture": "#6"}
			}
		},
		{
			"name": "pickaxe",
			"from": [7.46385, 9.33437, 11.79433],
			"to": [8.54385, 15.18637, 12.42633],
			"rotation": {"angle": 22.5, "axis": "x", "origin": [8.00385, 14.87837, 12.25633]},
			"faces": {
				"north": {"uv": [3.5, 1, 3.75, 2.4375], "texture": "#6"},
				"east": {"uv": [3.75, 4.5, 3.9375, 5.9375], "texture": "#6"},
				"south": {"uv": [3.5, 2.5, 3.75, 3.9375], "texture": "#6"},
				"west": {"uv": [4, 4.5, 4.1875, 5.9375], "texture": "#6"},
				"up": {"uv": [8.25, 5.1875, 8, 5], "texture": "#6"},
				"down": {"uv": [5.5, 8, 5.25, 8.1875], "texture": "#6"}
			}
		},
		{
			"name": "pickaxe",
			"from": [7.46385, 9.43437, 12.69433],
			"to": [8.54385, 15.18637, 13.42633],
			"rotation": {"angle": 22.5, "axis": "x", "origin": [8.00385, 14.87837, 12.65633]},
			"faces": {
				"north": {"uv": [4, 1.5, 4.25, 2.9375], "texture": "#6"},
				"east": {"uv": [4.5, 4, 4.6875, 5.4375], "texture": "#6"},
				"south": {"uv": [1.75, 4, 2, 5.4375], "texture": "#6"},
				"west": {"uv": [4.25, 4.5, 4.4375, 5.9375], "texture": "#6"},
				"up": {"uv": [8.25, 7.1875, 8, 7], "texture": "#6"},
				"down": {"uv": [8.25, 7.25, 8, 7.4375], "texture": "#6"}
			}
		},
		{
			"name": "pickaxe",
			"from": [7.46385, -0.85605, 10.40833],
			"to": [8.54385, 4.99595, 11.64033],
			"rotation": {"angle": 22.5, "axis": "x", "origin": [8.00385, -0.54805, 11.17833]},
			"faces": {
				"north": {"uv": [3.75, 1, 4, 2.4375], "texture": "#6"},
				"east": {"uv": [2.5, 2.5, 2.8125, 3.9375], "texture": "#6"},
				"south": {"uv": [3.75, 2.5, 4, 3.9375], "texture": "#6"},
				"west": {"uv": [0, 3, 0.3125, 4.4375], "texture": "#6"},
				"up": {"uv": [0.25, 7.8125, 0, 7.5], "texture": "#6"},
				"down": {"uv": [1.25, 7.5, 1, 7.8125], "texture": "#6"}
			}
		},
		{
			"name": "pickaxe",
			"from": [7.46385, -6.38994, 10.34907],
			"to": [8.54385, -0.53794, 11.58107],
			"rotation": {"angle": 0, "axis": "y", "origin": [8.00385, -6.08194, 11.11907]},
			"faces": {
				"north": {"uv": [4, 0, 4.25, 1.4375], "texture": "#6"},
				"east": {"uv": [0.5, 3, 0.8125, 4.4375], "texture": "#6"},
				"south": {"uv": [1.5, 4, 1.75, 5.4375], "texture": "#6"},
				"west": {"uv": [1, 3, 1.3125, 4.4375], "texture": "#6"},
				"up": {"uv": [7.75, 1.3125, 7.5, 1], "texture": "#6"},
				"down": {"uv": [1.5, 7.5, 1.25, 7.8125], "texture": "#6"}
			}
		},
		{
			"name": "pickaxe",
			"from": [7.56385, 4.28143, 9.8906],
			"to": [8.44385, 8.90686, 10.9226],
			"rotation": {"angle": -22.5, "axis": "x", "origin": [8.00385, 9.82543, 10.2526]},
			"faces": {
				"north": {"uv": [4.25, 1.75, 4.5, 2.9375], "texture": "#6"},
				"east": {"uv": [0.25, 4.5, 0.5, 5.6875], "texture": "#6"},
				"south": {"uv": [0.5, 4.5, 0.75, 5.6875], "texture": "#6"},
				"west": {"uv": [0.75, 4.5, 1, 5.6875], "texture": "#6"},
				"up": {"uv": [8, 0.75, 7.75, 0.5], "texture": "#6"},
				"down": {"uv": [8, 1.5, 7.75, 1.75], "texture": "#6"}
			}
		},
		{
			"name": "pickaxe",
			"from": [7.56385, 8.90686, 9.8906],
			"to": [8.44385, 10.13343, 10.34319],
			"rotation": {"angle": -22.5, "axis": "x", "origin": [8.00385, 9.82543, 10.2526]},
			"faces": {
				"north": {"uv": [7.5, 2, 7.75, 2.3125], "texture": "#6"},
				"east": {"uv": [0.5, 8.25, 0.625, 8.5625], "texture": "#6"},
				"south": {"uv": [7.5, 2.5, 7.75, 2.8125], "texture": "#6"},
				"west": {"uv": [0.75, 8.25, 0.875, 8.5625], "texture": "#6"},
				"up": {"uv": [8.75, 2.125, 8.5, 2], "texture": "#6"},
				"down": {"uv": [2.5, 8.5, 2.25, 8.625], "texture": "#6"}
			}
		},
		{
			"name": "pickaxe",
			"from": [7.56385, 8.90686, 10.34319],
			"to": [8.44385, 10.13343, 11.0226],
			"rotation": {"angle": -22.5, "axis": "x", "origin": [8.00385, 9.82543, 10.2526]},
			"faces": {
				"north": {"uv": [3, 7.5, 3.25, 7.8125], "texture": "#6"},
				"east": {"uv": [7.25, 7.75, 7.4375, 8.0625], "texture": "#6"},
				"south": {"uv": [3.25, 7.5, 3.5, 7.8125], "texture": "#6"},
				"west": {"uv": [7.75, 7.25, 7.9375, 7.5625], "texture": "#6"},
				"up": {"uv": [0.5, 8.4375, 0.25, 8.25], "texture": "#6"},
				"down": {"uv": [8.5, 0.25, 8.25, 0.4375], "texture": "#6"}
			}
		},
		{
			"name": "pickaxe",
			"from": [7.49185, 8.33422, 11.13437],
			"to": [8.51585, 10.41322, 11.62787],
			"rotation": {"angle": 0, "axis": "y", "origin": [8.00385, 9.37372, 11.38112]},
			"faces": {
				"north": {"uv": [6.5, 4.5, 6.75, 5], "texture": "#6"},
				"east": {"uv": [7.75, 2.5, 7.875, 3], "texture": "#6"},
				"south": {"uv": [6.5, 6.25, 6.75, 6.75], "texture": "#6"},
				"west": {"uv": [2.75, 7.75, 2.875, 8.25], "texture": "#6"},
				"up": {"uv": [0.5, 8.625, 0.25, 8.5], "texture": "#6"},
				"down": {"uv": [8.75, 0.25, 8.5, 0.375], "texture": "#6"}
			}
		},
		{
			"name": "pickaxe",
			"from": [7.47925, 10.10881, 9.31989],
			"to": [8.52845, 10.83705, 10.08219],
			"rotation": {"angle": 45, "axis": "x", "origin": [8.00385, 10.47293, 9.70104]},
			"faces": {
				"north": {"uv": [8, 5.25, 8.25, 5.4375], "texture": "#6"},
				"east": {"uv": [3.75, 8.25, 3.9375, 8.4375], "texture": "#6"},
				"south": {"uv": [5.5, 8, 5.75, 8.1875], "texture": "#6"},
				"west": {"uv": [4, 8.25, 4.1875, 8.4375], "texture": "#6"},
				"up": {"uv": [8.25, 5.6875, 8, 5.5], "texture": "#6"},
				"down": {"uv": [6, 8, 5.75, 8.1875], "texture": "#6"}
			}
		},
		{
			"name": "pickaxe",
			"from": [7.47925, 10.6808, 9.99412],
			"to": [8.52845, 11.73653, 10.45942],
			"rotation": {"angle": 45, "axis": "x", "origin": [8.00385, 11.20866, 10.22677]},
			"faces": {
				"north": {"uv": [7.75, 5.75, 8, 6], "texture": "#6"},
				"east": {"uv": [1.25, 8.5, 1.375, 8.75], "texture": "#6"},
				"south": {"uv": [7.75, 6, 8, 6.25], "texture": "#6"},
				"west": {"uv": [8.5, 1.25, 8.625, 1.5], "texture": "#6"},
				"up": {"uv": [1.75, 8.625, 1.5, 8.5], "texture": "#6"},
				"down": {"uv": [8.75, 1.5, 8.5, 1.625], "texture": "#6"}
			}
		},
		{
			"name": "pickaxe",
			"from": [7.43305, 3.62332, 12.4785],
			"to": [8.57465, 5.66536, 13.57806],
			"rotation": {"angle": -45, "axis": "x", "origin": [8.00385, 4.64434, 13.02828]},
			"faces": {
				"north": {"uv": [4.5, 6.25, 4.8125, 6.75], "texture": "#6"},
				"east": {"uv": [6.75, 0, 7, 0.5], "texture": "#6"},
				"south": {"uv": [6.25, 5, 6.5625, 5.5], "texture": "#6"},
				"west": {"uv": [0.25, 6.75, 0.5, 7.25], "texture": "#6"},
				"up": {"uv": [7.5625, 3.5, 7.25, 3.25], "texture": "#6"},
				"down": {"uv": [7.8125, 0.75, 7.5, 1], "texture": "#6"}
			}
		},
		{
			"name": "pickaxe",
			"from": [7.45305, -6.17746, 11.03129],
			"to": [8.55465, -5.0779, 12.13085],
			"rotation": {"angle": -45, "axis": "x", "origin": [8.00385, -5.62768, 11.58107]},
			"faces": {
				"north": {"uv": [7.75, 3, 8, 3.25], "texture": "#6"},
				"east": {"uv": [7.75, 3.25, 8, 3.5], "texture": "#6"},
				"south": {"uv": [3.75, 7.75, 4, 8], "texture": "#6"},
				"west": {"uv": [4, 7.75, 4.25, 8], "texture": "#6"},
				"up": {"uv": [8, 4.25, 7.75, 4], "texture": "#6"},
				"down": {"uv": [8, 4.5, 7.75, 4.75], "texture": "#6"}
			}
		},
		{
			"name": "pickaxe",
			"from": [7.40225, 2.16212, 11.64606],
			"to": [8.60545, 5.36532, 12.60702],
			"rotation": {"angle": 0, "axis": "y", "origin": [8.00385, 3.76372, 12.12654]},
			"faces": {
				"north": {"uv": [5, 4, 5.3125, 4.8125], "texture": "#6"},
				"east": {"uv": [2, 5.5, 2.25, 6.3125], "texture": "#6"},
				"south": {"uv": [5, 5, 5.3125, 5.8125], "texture": "#6"},
				"west": {"uv": [5.5, 4.75, 5.75, 5.5625], "texture": "#6"},
				"up": {"uv": [7.3125, 4.25, 7, 4], "texture": "#6"},
				"down": {"uv": [7.5625, 0.5, 7.25, 0.75], "texture": "#6"}
			}
		},
		{
			"name": "pickaxe",
			"from": [7.63385, 16.30228, -5.41126],
			"to": [8.37385, 16.92628, -0.17526],
			"rotation": {"angle": -45, "axis": "x", "origin": [8, 14.95147, 4.52743]},
			"faces": {
				"north": {"uv": [8.5, 4.75, 8.6875, 4.875], "texture": "#6"},
				"east": {"uv": [5.5, 2, 6.8125, 2.125], "texture": "#6"},
				"south": {"uv": [5, 8.5, 5.1875, 8.625], "texture": "#6"},
				"west": {"uv": [5.5, 2.25, 6.8125, 2.375], "texture": "#6"},
				"up": {"uv": [5.4375, 2.3125, 5.25, 1], "texture": "#6"},
				"down": {"uv": [2.4375, 5.25, 2.25, 6.5625], "texture": "#6"}
			}
		},
		{
			"name": "pickaxe",
			"from": [7.63385, 14.10077, 4.681],
			"to": [8.37385, 14.77077, 11.139],
			"rotation": {"angle": -45, "axis": "x", "origin": [8, 14.95147, 4.52743]},
			"faces": {
				"north": {"uv": [8.25, 1, 8.4375, 1.1875], "texture": "#6"},
				"east": {"uv": [4, 3.5, 5.625, 3.6875], "texture": "#6"},
				"south": {"uv": [8.25, 1.25, 8.4375, 1.4375], "texture": "#6"},
				"west": {"uv": [4, 3.75, 5.625, 3.9375], "texture": "#6"},
				"up": {"uv": [4.4375, 1.625, 4.25, 0], "texture": "#6"},
				"down": {"uv": [3.4375, 4.25, 3.25, 5.875], "texture": "#6"}
			}
		},
		{
			"name": "pickaxe",
			"from": [7.63385, 12.73651, 3.01205],
			"to": [8.37385, 13.04451, 6.52205],
			"rotation": {"angle": -45, "axis": "x", "origin": [8, 14.95147, 4.52743]},
			"faces": {
				"north": {"uv": [7.25, 8.75, 7.4375, 8.8125], "texture": "#6"},
				"east": {"uv": [0, 8, 0.875, 8.0625], "texture": "#6"},
				"south": {"uv": [8.75, 7.25, 8.9375, 7.3125], "texture": "#6"},
				"west": {"uv": [8, 0, 8.875, 0.0625], "texture": "#6"},
				"up": {"uv": [6.1875, 1.875, 6, 1], "texture": "#6"},
				"down": {"uv": [1.4375, 6, 1.25, 6.875], "texture": "#6"}
			}
		},
		{
			"name": "pickaxe",
			"from": [7.63385, 14.3611, 7.29506],
			"to": [8.37385, 14.9691, 10.70506],
			"rotation": {"angle": 0, "axis": "y", "origin": [8, 14.95147, 4.52743]},
			"faces": {
				"north": {"uv": [8.75, 1.5, 8.9375, 1.625], "texture": "#6"},
				"east": {"uv": [7, 0, 7.875, 0.125], "texture": "#6"},
				"south": {"uv": [1.75, 8.75, 1.9375, 8.875], "texture": "#6"},
				"west": {"uv": [7, 0.25, 7.875, 0.375], "texture": "#6"},
				"up": {"uv": [6.1875, 5.875, 6, 5], "texture": "#6"},
				"down": {"uv": [5.4375, 6, 5.25, 6.875], "texture": "#6"}
			}
		},
		{
			"name": "pickaxe",
			"from": [7.63385, 12.57106, 9.56431],
			"to": [8.37385, 14.27906, 10.17431],
			"rotation": {"angle": -22.5, "axis": "x", "origin": [8, 14.95147, 4.52743]},
			"faces": {
				"north": {"uv": [7.25, 6, 7.4375, 6.4375], "texture": "#6"},
				"east": {"uv": [1.75, 8, 1.875, 8.4375], "texture": "#6"},
				"south": {"uv": [6.5, 7.25, 6.6875, 7.6875], "texture": "#6"},
				"west": {"uv": [2, 8, 2.125, 8.4375], "texture": "#6"},
				"up": {"uv": [3.6875, 8.875, 3.5, 8.75], "texture": "#6"},
				"down": {"uv": [8.9375, 3.75, 8.75, 3.875], "texture": "#6"}
			}
		},
		{
			"name": "pickaxe",
			"from": [7.63385, 12.14275, 7.88902],
			"to": [8.37385, 12.45275, 9.49702],
			"rotation": {"angle": -45, "axis": "x", "origin": [8, 14.95147, 4.52743]},
			"faces": {
				"north": {"uv": [1.5, 9, 1.6875, 9.0625], "texture": "#6"},
				"east": {"uv": [1.25, 8.75, 1.625, 8.8125], "texture": "#6"},
				"south": {"uv": [9, 1.5, 9.1875, 1.5625], "texture": "#6"},
				"west": {"uv": [8.75, 1.25, 9.125, 1.3125], "texture": "#6"},
				"up": {"uv": [5.1875, 7.875, 5, 7.5], "texture": "#6"},
				"down": {"uv": [7.6875, 5, 7.5, 5.375], "texture": "#6"}
			}
		},
		{
			"name": "pickaxe",
			"from": [7.63, 18.46793, 8.71413],
			"to": [8.37, 22.07593, 9.02413],
			"rotation": {"angle": 22.5, "axis": "x", "origin": [7.89615, 14.95147, 4.52743]},
			"faces": {
				"north": {"uv": [6, 6, 6.1875, 6.875], "texture": "#6"},
				"east": {"uv": [8, 2, 8.0625, 2.875], "texture": "#6"},
				"south": {"uv": [6.25, 0, 6.4375, 0.875], "texture": "#6"},
				"west": {"uv": [3, 8, 3.0625, 8.875], "texture": "#6"},
				"up": {"uv": [2.9375, 9.0625, 2.75, 9], "texture": "#6"},
				"down": {"uv": [9.1875, 2.75, 9, 2.8125], "texture": "#6"}
			}
		},
		{
			"name": "pickaxe",
			"from": [7.63385, 13.64298, 7.09998],
			"to": [8.37385, 13.95298, 8.70798],
			"rotation": {"angle": -22.5, "axis": "x", "origin": [8, 14.95147, 4.52743]},
			"faces": {
				"north": {"uv": [2.5, 9, 2.6875, 9.0625], "texture": "#6"},
				"east": {"uv": [8.75, 4, 9.125, 4.0625], "texture": "#6"},
				"south": {"uv": [9, 2.5, 9.1875, 2.5625], "texture": "#6"},
				"west": {"uv": [4.25, 8.75, 4.625, 8.8125], "texture": "#6"},
				"up": {"uv": [7.6875, 6.375, 7.5, 6], "texture": "#6"},
				"down": {"uv": [6.4375, 7.5, 6.25, 7.875], "texture": "#6"}
			}
		},
		{
			"name": "pickaxe",
			"from": [7.64925, 15.03254, 7.28937],
			"to": [8.35845, 16.90238, 7.59317],
			"rotation": {"angle": 0, "axis": "y", "origin": [8.00385, 15.96746, 7.44127]},
			"faces": {
				"north": {"uv": [7.25, 6.5, 7.4375, 6.9375], "texture": "#6"},
				"east": {"uv": [3.75, 8.5, 3.8125, 8.9375], "texture": "#6"},
				"south": {"uv": [6.75, 7.25, 6.9375, 7.6875], "texture": "#6"},
				"west": {"uv": [4, 8.5, 4.0625, 8.9375], "texture": "#6"},
				"up": {"uv": [3.1875, 9.0625, 3, 9], "texture": "#6"},
				"down": {"uv": [9.1875, 3, 9, 3.0625], "texture": "#6"}
			}
		},
		{
			"name": "pickaxe",
			"from": [7.63385, 12.82169, 5.70932],
			"to": [8.37385, 13.43769, 6.01732],
			"rotation": {"angle": 22.5, "axis": "x", "origin": [8, 14.95147, 4.52743]},
			"faces": {
				"north": {"uv": [6.25, 8.5, 6.4375, 8.625], "texture": "#6"},
				"east": {"uv": [4.25, 9, 4.3125, 9.125], "texture": "#6"},
				"south": {"uv": [8.5, 6.25, 8.6875, 6.375], "texture": "#6"},
				"west": {"uv": [9, 4.25, 9.0625, 4.375], "texture": "#6"},
				"up": {"uv": [8.1875, 8.8125, 8, 8.75], "texture": "#6"},
				"down": {"uv": [8.9375, 8, 8.75, 8.0625], "texture": "#6"}
			}
		},
		{
			"name": "pickaxe",
			"from": [7.63385, 12.98276, 5.01661],
			"to": [8.37385, 13.44476, 5.63261],
			"rotation": {"angle": 0, "axis": "y", "origin": [8, 14.95147, 4.52743]},
			"faces": {
				"north": {"uv": [6.5, 8.5, 6.6875, 8.625], "texture": "#6"},
				"east": {"uv": [5, 8.75, 5.125, 8.875], "texture": "#6"},
				"south": {"uv": [8.5, 6.5, 8.6875, 6.625], "texture": "#6"},
				"west": {"uv": [8.75, 5, 8.875, 5.125], "texture": "#6"},
				"up": {"uv": [6.9375, 8.625, 6.75, 8.5], "texture": "#6"},
				"down": {"uv": [8.6875, 6.75, 8.5, 6.875], "texture": "#6"}
			}
		},
		{
			"name": "pickaxe",
			"from": [7.62615, 13.26302, 5.51723],
			"to": [8.36615, 13.57102, 6.00916],
			"rotation": {"angle": -22.5, "axis": "x", "origin": [8, 14.95147, 4.52743]},
			"faces": {
				"north": {"uv": [8.25, 8.75, 8.4375, 8.8125], "texture": "#6"},
				"east": {"uv": [4.5, 9, 4.625, 9.0625], "texture": "#6"},
				"south": {"uv": [8.75, 8.25, 8.9375, 8.3125], "texture": "#6"},
				"west": {"uv": [9, 4.5, 9.125, 4.5625], "texture": "#6"},
				"up": {"uv": [7.1875, 8.625, 7, 8.5], "texture": "#6"},
				"down": {"uv": [8.6875, 7, 8.5, 7.125], "texture": "#6"}
			}
		},
		{
			"name": "pickaxe",
			"from": [7.64155, 12.96118, 4.47964],
			"to": [8.36615, 13.57102, 5.51724],
			"rotation": {"angle": -22.5, "axis": "x", "origin": [8, 14.95147, 4.52743]},
			"faces": {
				"north": {"uv": [7.25, 8.5, 7.4375, 8.625], "texture": "#6"},
				"east": {"uv": [8, 8.25, 8.25, 8.375], "texture": "#6"},
				"south": {"uv": [8.5, 7.25, 8.6875, 7.375], "texture": "#6"},
				"west": {"uv": [8.25, 8, 8.5, 8.125], "texture": "#6"},
				"up": {"uv": [8.1875, 4.75, 8, 4.5], "texture": "#6"},
				"down": {"uv": [4.9375, 8, 4.75, 8.25], "texture": "#6"}
			}
		},
		{
			"name": "pickaxe",
			"from": [7.63385, 13.40296, 3.73841],
			"to": [8.37385, 13.71096, 4.04641],
			"rotation": {"angle": -45, "axis": "x", "origin": [8, 14.95147, 4.52743]},
			"faces": {
				"north": {"uv": [8.5, 8.75, 8.6875, 8.8125], "texture": "#6"},
				"east": {"uv": [5.75, 9, 5.8125, 9.0625], "texture": "#6"},
				"south": {"uv": [8.75, 8.5, 8.9375, 8.5625], "texture": "#6"},
				"west": {"uv": [9, 5.75, 9.0625, 5.8125], "texture": "#6"},
				"up": {"uv": [8.9375, 8.8125, 8.75, 8.75], "texture": "#6"},
				"down": {"uv": [0.1875, 9, 0, 9.0625], "texture": "#6"}
			}
		},
		{
			"name": "pickaxe",
			"from": [7.61075, 20.66408, 10.2437],
			"to": [8.39695, 20.98132, 11.93124],
			"rotation": {"angle": 0, "axis": "y", "origin": [8.00385, 20.8227, 11.08747]},
			"faces": {
				"north": {"uv": [9, 0.25, 9.1875, 0.3125], "texture": "#6"},
				"east": {"uv": [8.5, 2.5, 8.9375, 2.5625], "texture": "#6"},
				"south": {"uv": [0.5, 9, 0.6875, 9.0625], "texture": "#6"},
				"west": {"uv": [8.5, 2.75, 8.9375, 2.8125], "texture": "#6"},
				"up": {"uv": [4.9375, 7.6875, 4.75, 7.25], "texture": "#6"},
				"down": {"uv": [7.4375, 5, 7.25, 5.4375], "texture": "#6"}
			}
		},
		{
			"name": "pickaxe",
			"from": [7.63385, 22.43043, 7.64339],
			"to": [8.37385, 22.73843, 8.25939],
			"rotation": {"angle": 22.5, "axis": "x", "origin": [8, 14.95147, 4.52743]},
			"faces": {
				"north": {"uv": [9, 0, 9.1875, 0.0625], "texture": "#6"},
				"east": {"uv": [5.25, 9, 5.375, 9.0625], "texture": "#6"},
				"south": {"uv": [0.25, 9, 0.4375, 9.0625], "texture": "#6"},
				"west": {"uv": [9, 5.25, 9.125, 5.3125], "texture": "#6"},
				"up": {"uv": [8.6875, 8.625, 8.5, 8.5], "texture": "#6"},
				"down": {"uv": [0.1875, 8.75, 0, 8.875], "texture": "#6"}
			}
		},
		{
			"name": "pickaxe",
			"from": [7.64925, 20.3278, 10.81676],
			"to": [8.35845, 20.78056, 11.42044],
			"rotation": {"angle": -45, "axis": "x", "origin": [8.00385, 20.55418, 11.1186]},
			"faces": {
				"north": {"uv": [8, 8.5, 8.1875, 8.625], "texture": "#6"},
				"east": {"uv": [5.25, 8.75, 5.375, 8.875], "texture": "#6"},
				"south": {"uv": [8.5, 8, 8.6875, 8.125], "texture": "#6"},
				"west": {"uv": [8.75, 5.25, 8.875, 5.375], "texture": "#6"},
				"up": {"uv": [8.4375, 8.625, 8.25, 8.5], "texture": "#6"},
				"down": {"uv": [8.6875, 8.25, 8.5, 8.375], "texture": "#6"}
			}
		},
		{
			"name": "pickaxe",
			"from": [7.90385, 17.07223, 13.83848],
			"to": [8.10385, 17.38023, 14.3304],
			"rotation": {"angle": -22.5, "axis": "x", "origin": [8, 14.95147, 4.52743]},
			"faces": {
				"north": {"uv": [6, 9, 6.0625, 9.0625], "texture": "#6"},
				"east": {"uv": [4.75, 9, 4.875, 9.0625], "texture": "#6"},
				"south": {"uv": [9, 6, 9.0625, 6.0625], "texture": "#6"},
				"west": {"uv": [9, 4.75, 9.125, 4.8125], "texture": "#6"},
				"up": {"uv": [5.0625, 9.125, 5, 9], "texture": "#6"},
				"down": {"uv": [9.0625, 5, 9, 5.125], "texture": "#6"}
			}
		},
		{
			"name": "pickaxe",
			"from": [7.657, 20.20929, 11.08083],
			"to": [8.343, 20.78883, 12.06686],
			"rotation": {"angle": -22.5, "axis": "x", "origin": [8, 20.49906, 11.57385]},
			"faces": {
				"north": {"uv": [8.5, 7.5, 8.6875, 7.625], "texture": "#6"},
				"east": {"uv": [8.25, 8.25, 8.5, 8.375], "texture": "#6"},
				"south": {"uv": [8.5, 7.75, 8.6875, 7.875], "texture": "#6"},
				"west": {"uv": [0, 8.5, 0.25, 8.625], "texture": "#6"},
				"up": {"uv": [8.1875, 5, 8, 4.75], "texture": "#6"},
				"down": {"uv": [5.1875, 8, 5, 8.25], "texture": "#6"}
			}
		},
		{
			"name": "pickaxe",
			"from": [7.6605, 20.18294, 11.97375],
			"to": [8.3395, 20.98378, 12.27251],
			"rotation": {"angle": -45, "axis": "x", "origin": [8, 20.58336, 12.12313]},
			"faces": {
				"north": {"uv": [8.25, 5, 8.4375, 5.1875], "texture": "#6"},
				"east": {"uv": [9, 3.25, 9.0625, 3.4375], "texture": "#6"},
				"south": {"uv": [5.25, 8.25, 5.4375, 8.4375], "texture": "#6"},
				"west": {"uv": [3.5, 9, 3.5625, 9.1875], "texture": "#6"},
				"up": {"uv": [9.1875, 3.5625, 9, 3.5], "texture": "#6"},
				"down": {"uv": [3.9375, 9, 3.75, 9.0625], "texture": "#6"}
			}
		},
		{
			"name": "pickaxe",
			"from": [7.64155, 17.92992, 5.84664],
			"to": [8.36615, 18.19942, 7.47824],
			"rotation": {"angle": -22.5, "axis": "x", "origin": [8.00385, 18.21713, 6.51394]},
			"faces": {
				"north": {"uv": [9, 1, 9.1875, 1.0625], "texture": "#6"},
				"east": {"uv": [8.5, 3, 8.9375, 3.0625], "texture": "#6"},
				"south": {"uv": [1.25, 9, 1.4375, 9.0625], "texture": "#6"},
				"west": {"uv": [3.25, 8.5, 3.6875, 8.5625], "texture": "#6"},
				"up": {"uv": [5.6875, 7.6875, 5.5, 7.25], "texture": "#6"},
				"down": {"uv": [7.4375, 5.5, 7.25, 5.9375], "texture": "#6"}
			}
		},
		{
			"name": "pickaxe",
			"from": [7.64155, 18.19942, 5.84664],
			"to": [8.36615, 18.53976, 6.88424],
			"rotation": {"angle": -22.5, "axis": "x", "origin": [8.00385, 18.21713, 6.51394]},
			"faces": {
				"north": {"uv": [2.25, 9, 2.4375, 9.0625], "texture": "#6"},
				"east": {"uv": [6.25, 8.75, 6.5, 8.8125], "texture": "#6"},
				"south": {"uv": [9, 2.25, 9.1875, 2.3125], "texture": "#6"},
				"west": {"uv": [8.75, 6.25, 9, 6.3125], "texture": "#6"},
				"up": {"uv": [8.1875, 7, 8, 6.75], "texture": "#6"},
				"down": {"uv": [7.1875, 8, 7, 8.25], "texture": "#6"}
			}
		},
		{
			"name": "pickaxe",
			"from": [7.63385, 16.05977, 7.5186],
			"to": [8.37385, 16.52177, 8.1346],
			"rotation": {"angle": -45, "axis": "x", "origin": [8, 14.95147, 4.52743]},
			"faces": {
				"north": {"uv": [0.5, 8.75, 0.6875, 8.875], "texture": "#6"},
				"east": {"uv": [5.5, 8.75, 5.625, 8.875], "texture": "#6"},
				"south": {"uv": [0.75, 8.75, 0.9375, 8.875], "texture": "#6"},
				"west": {"uv": [8.75, 5.5, 8.875, 5.625], "texture": "#6"},
				"up": {"uv": [1.1875, 8.875, 1, 8.75], "texture": "#6"},
				"down": {"uv": [8.9375, 1, 8.75, 1.125], "texture": "#6"}
			}
		},
		{
			"name": "pickaxe",
			"from": [7.63385, 18.29244, 3.72319],
			"to": [8.37385, 18.60044, 4.33919],
			"rotation": {"angle": 22.5, "axis": "x", "origin": [8, 14.95147, 4.52743]},
			"faces": {
				"north": {"uv": [9, 0.75, 9.1875, 0.8125], "texture": "#6"},
				"east": {"uv": [5.5, 9, 5.625, 9.0625], "texture": "#6"},
				"south": {"uv": [1, 9, 1.1875, 9.0625], "texture": "#6"},
				"west": {"uv": [9, 5.5, 9.125, 5.5625], "texture": "#6"},
				"up": {"uv": [0.4375, 8.875, 0.25, 8.75], "texture": "#6"},
				"down": {"uv": [8.9375, 0.25, 8.75, 0.375], "texture": "#6"}
			}
		},
		{
			"name": "pickaxe",
			"from": [7.61075, 18.34127, 5.02599],
			"to": [8.39695, 18.65851, 7.56391],
			"rotation": {"angle": 0, "axis": "y", "origin": [8, 14.95147, 4.52743]},
			"faces": {
				"north": {"uv": [9, 0.5, 9.1875, 0.5625], "texture": "#6"},
				"east": {"uv": [8.25, 0.5, 8.875, 0.5625], "texture": "#6"},
				"south": {"uv": [0.75, 9, 0.9375, 9.0625], "texture": "#6"},
				"west": {"uv": [8.25, 0.75, 8.875, 0.8125], "texture": "#6"},
				"up": {"uv": [4.6875, 7.375, 4.5, 6.75], "texture": "#6"},
				"down": {"uv": [6.9375, 4.5, 6.75, 5.125], "texture": "#6"}
			}
		},
		{
			"name": "pickaxe",
			"from": [7.63385, 16.66216, 10.65633],
			"to": [8.37385, 17.30216, 12.57233],
			"rotation": {"angle": -22.5, "axis": "x", "origin": [8, 14.95147, 4.52743]},
			"faces": {
				"north": {"uv": [8.25, 4.5, 8.4375, 4.6875], "texture": "#6"},
				"east": {"uv": [7, 1.5, 7.5, 1.6875], "texture": "#6"},
				"south": {"uv": [4.75, 8.25, 4.9375, 8.4375], "texture": "#6"},
				"west": {"uv": [3.75, 7, 4.25, 7.1875], "texture": "#6"},
				"up": {"uv": [7.1875, 5, 7, 4.5], "texture": "#6"},
				"down": {"uv": [5.4375, 7, 5.25, 7.5], "texture": "#6"}
			}
		},
		{
			"name": "pickaxe",
			"from": [7.65, 19.44393, 11.10946],
			"to": [8.35, 20.70057, 13.08214],
			"rotation": {"angle": -22.5, "axis": "x", "origin": [7.95, 20.07225, 12.0958]},
			"faces": {
				"north": {"uv": [6.75, 7.75, 6.9375, 8.0625], "texture": "#6"},
				"east": {"uv": [6.5, 0.75, 7, 1.0625], "texture": "#6"},
				"south": {"uv": [7.75, 6.75, 7.9375, 7.0625], "texture": "#6"},
				"west": {"uv": [6.5, 1.25, 7, 1.5625], "texture": "#6"},
				"up": {"uv": [6.4375, 7.5, 6.25, 7], "texture": "#6"},
				"down": {"uv": [7.1875, 6.25, 7, 6.75], "texture": "#6"}
			}
		},
		{
			"name": "pickaxe",
			"from": [7.65185, 17.55079, 5.93331],
			"to": [8.35585, 19.21004, 11.69907],
			"rotation": {"angle": -22.5, "axis": "x", "origin": [8.00385, 18.38042, 8.81619]},
			"faces": {
				"north": {"uv": [2.5, 7.25, 2.6875, 7.6875], "texture": "#6"},
				"east": {"uv": [0, 2, 1.4375, 2.4375], "texture": "#6"},
				"south": {"uv": [2.75, 7.25, 2.9375, 7.6875], "texture": "#6"},
				"west": {"uv": [1.5, 2, 2.9375, 2.4375], "texture": "#6"},
				"up": {"uv": [1.1875, 5.9375, 1, 4.5], "texture": "#6"},
				"down": {"uv": [1.4375, 4.5, 1.25, 5.9375], "texture": "#6"}
			}
		},
		{
			"name": "pickaxe",
			"from": [7.70385, 15.21844, 1.75073],
			"to": [8.30385, 17.17588, 7.02993],
			"rotation": {"angle": -22.5, "axis": "x", "origin": [8, 14.95147, 4.52743]},
			"faces": {
				"north": {"uv": [2.25, 7.75, 2.375, 8.25], "texture": "#6"},
				"east": {"uv": [1.5, 1, 2.8125, 1.5], "texture": "#6"},
				"south": {"uv": [2.5, 7.75, 2.625, 8.25], "texture": "#6"},
				"west": {"uv": [1.5, 1.5, 2.8125, 2], "texture": "#6"},
				"up": {"uv": [4.375, 7.3125, 4.25, 6], "texture": "#6"},
				"down": {"uv": [5.125, 6, 5, 7.3125], "texture": "#6"}
			}
		},
		{
			"name": "pickaxe",
			"from": [7.65285, 12.34455, -3.05378],
			"to": [8.35485, 14.14749, -1.48407],
			"rotation": {"angle": -45, "axis": "x", "origin": [8.00385, 13.24602, -2.26893]},
			"faces": {
				"north": {"uv": [7.25, 2.75, 7.4375, 3.1875], "texture": "#6"},
				"east": {"uv": [6, 2.5, 6.375, 2.9375], "texture": "#6"},
				"south": {"uv": [3.75, 7.25, 3.9375, 7.6875], "texture": "#6"},
				"west": {"uv": [6, 4.5, 6.375, 4.9375], "texture": "#6"},
				"up": {"uv": [4.6875, 7.875, 4.5, 7.5], "texture": "#6"},
				"down": {"uv": [7.6875, 4.5, 7.5, 4.875], "texture": "#6"}
			}
		},
		{
			"name": "pickaxe",
			"from": [7.70385, 13.26158, -4.7457],
			"to": [8.30385, 14.36652, -3.06036],
			"rotation": {"angle": -22.5, "axis": "x", "origin": [8, 14.95147, 4.52743]},
			"faces": {
				"north": {"uv": [7.25, 8.25, 7.375, 8.5], "texture": "#6"},
				"east": {"uv": [6.5, 4, 6.9375, 4.25], "texture": "#6"},
				"south": {"uv": [8.25, 7.25, 8.375, 7.5], "texture": "#6"},
				"west": {"uv": [6.75, 0.5, 7.1875, 0.75], "texture": "#6"},
				"up": {"uv": [8.125, 0.6875, 8, 0.25], "texture": "#6"},
				"down": {"uv": [8.125, 0.75, 8, 1.1875], "texture": "#6"}
			}
		},
		{
			"name": "pickaxe",
			"from": [7.70381, 13.57251, -3.04102],
			"to": [8.30381, 15.26634, 6.71135],
			"rotation": {"angle": -22.5, "axis": "x", "origin": [8, 14.95147, 4.52743]},
			"faces": {
				"north": {"uv": [8, 1.25, 8.125, 1.6875], "texture": "#6"},
				"east": {"uv": [1.5, 0, 3.9375, 0.4375], "texture": "#6"},
				"south": {"uv": [1.5, 8, 1.625, 8.4375], "texture": "#6"},
				"west": {"uv": [1.5, 0.5, 3.9375, 0.9375], "texture": "#6"},
				"up": {"uv": [0.125, 6.9375, 0, 4.5], "texture": "#6"},
				"down": {"uv": [4.625, 0, 4.5, 2.4375], "texture": "#6"}
			}
		},
		{
			"name": "pickaxe",
			"from": [7.65385, 14.30951, 6.48195],
			"to": [8.35385, 18.06923, 12.29391],
			"rotation": {"angle": -45, "axis": "x", "origin": [7.95385, 16.18937, 9.38793]},
			"faces": {
				"north": {"uv": [5.75, 1, 5.9375, 1.9375], "texture": "#6"},
				"east": {"uv": [0, 0, 1.4375, 0.9375], "texture": "#6"},
				"south": {"uv": [2.5, 5.75, 2.6875, 6.6875], "texture": "#6"},
				"west": {"uv": [0, 1, 1.4375, 1.9375], "texture": "#6"},
				"up": {"uv": [3.1875, 5.9375, 3, 4.5], "texture": "#6"},
				"down": {"uv": [3.6875, 4.5, 3.5, 5.9375], "texture": "#6"}
			}
		},
		{
			"name": "pickaxe",
			"from": [7.65385, 13.36049, -2.1615],
			"to": [8.35385, 15.39723, 1.98984],
			"rotation": {"angle": -22.5, "axis": "x", "origin": [7.95385, 14.37886, -0.08583]},
			"faces": {
				"north": {"uv": [5.75, 7, 5.9375, 7.5], "texture": "#6"},
				"east": {"uv": [0, 2.5, 1.0625, 3], "texture": "#6"},
				"south": {"uv": [6, 7, 6.1875, 7.5], "texture": "#6"},
				"west": {"uv": [1.25, 2.5, 2.3125, 3], "texture": "#6"},
				"up": {"uv": [0.6875, 6.8125, 0.5, 5.75], "texture": "#6"},
				"down": {"uv": [0.9375, 5.75, 0.75, 6.8125], "texture": "#6"}
			}
		},
		{
			"name": "pickaxe",
			"from": [7.68785, 7.07382, -2.27118],
			"to": [8.31985, 10.54582, -0.30118],
			"rotation": {"angle": 22.5, "axis": "x", "origin": [8, 14.95147, 4.52743]},
			"faces": {
				"north": {"uv": [3.75, 6, 3.9375, 6.875], "texture": "#6"},
				"east": {"uv": [3, 1, 3.5, 1.875], "texture": "#6"},
				"south": {"uv": [4, 6, 4.1875, 6.875], "texture": "#6"},
				"west": {"uv": [1.5, 3, 2, 3.875], "texture": "#6"},
				"up": {"uv": [7.1875, 2.5, 7, 2], "texture": "#6"},
				"down": {"uv": [3.1875, 7, 3, 7.5], "texture": "#6"}
			}
		},
		{
			"name": "pickaxe",
			"from": [7.58385, 16.95725, -2.01442],
			"to": [8.42385, 17.26525, 6.91558],
			"rotation": {"angle": -22.5, "axis": "x", "origin": [8, 14.95147, 4.52743]},
			"faces": {
				"north": {"uv": [7.5, 8.75, 7.6875, 8.8125], "texture": "#6"},
				"east": {"uv": [6.5, 3.5, 8.75, 3.5625], "texture": "#6"},
				"south": {"uv": [8.75, 7.5, 8.9375, 7.5625], "texture": "#6"},
				"west": {"uv": [6.5, 3.75, 8.75, 3.8125], "texture": "#6"},
				"up": {"uv": [2.4375, 5.25, 2.25, 3], "texture": "#6"},
				"down": {"uv": [3.4375, 2, 3.25, 4.25], "texture": "#6"}
			}
		},
		{
			"name": "pickaxe",
			"from": [7.66465, 13.51003, -2.68346],
			"to": [8.34305, 13.80571, 6.62662],
			"rotation": {"angle": -22.5, "axis": "x", "origin": [8, 14.95147, 4.52743]},
			"faces": {
				"north": {"uv": [7.75, 8.75, 7.9375, 8.8125], "texture": "#6"},
				"east": {"uv": [6.25, 1.75, 8.5625, 1.8125], "texture": "#6"},
				"south": {"uv": [8.75, 7.75, 8.9375, 7.8125], "texture": "#6"},
				"west": {"uv": [6.25, 4.25, 8.5625, 4.3125], "texture": "#6"},
				"up": {"uv": [2.1875, 5.3125, 2, 3], "texture": "#6"},
				"down": {"uv": [3.1875, 2, 3, 4.3125], "texture": "#6"}
			}
		},
		{
			"name": "pickaxe",
			"from": [7.63385, 14.26032, -0.57302],
			"to": [8.37385, 14.97632, 5.04498],
			"rotation": {"angle": -22.5, "axis": "x", "origin": [8, 14.95147, 4.52743]},
			"faces": {
				"north": {"uv": [8.25, 3.25, 8.4375, 3.4375], "texture": "#6"},
				"east": {"uv": [4.5, 2.5, 5.875, 2.6875], "texture": "#6"},
				"south": {"uv": [3.5, 8.25, 3.6875, 8.4375], "texture": "#6"},
				"west": {"uv": [4.5, 2.75, 5.875, 2.9375], "texture": "#6"},
				"up": {"uv": [4.9375, 1.375, 4.75, 0], "texture": "#6"},
				"down": {"uv": [4.9375, 4, 4.75, 5.375], "texture": "#6"}
			}
		},
		{
			"name": "pickaxe",
			"from": [7.64155, 6.62707, -1.53868],
			"to": [8.36615, 10.18119, -0.80608],
			"rotation": {"angle": 22.5, "axis": "x", "origin": [8, 14.95147, 4.52743]},
			"faces": {
				"north": {"uv": [3, 6, 3.1875, 6.875], "texture": "#6"},
				"east": {"uv": [3.25, 6, 3.4375, 6.875], "texture": "#6"},
				"south": {"uv": [3.5, 6, 3.6875, 6.875], "texture": "#6"},
				"west": {"uv": [6, 3.5, 6.1875, 4.375], "texture": "#6"},
				"up": {"uv": [8.4375, 3.1875, 8.25, 3], "texture": "#6"},
				"down": {"uv": [3.4375, 8.25, 3.25, 8.4375], "texture": "#6"}
			}
		},
		{
			"name": "pickaxe",
			"from": [7.63385, 7.00873, -2.38271],
			"to": [8.37385, 10.39673, -2.07471],
			"rotation": {"angle": 22.5, "axis": "x", "origin": [8, 14.95147, 4.52743]},
			"faces": {
				"north": {"uv": [6, 0, 6.1875, 0.875], "texture": "#6"},
				"east": {"uv": [7.5, 7.75, 7.5625, 8.625], "texture": "#6"},
				"south": {"uv": [1, 6, 1.1875, 6.875], "texture": "#6"},
				"west": {"uv": [7.75, 7.75, 7.8125, 8.625], "texture": "#6"},
				"up": {"uv": [7.1875, 8.8125, 7, 8.75], "texture": "#6"},
				"down": {"uv": [8.9375, 7, 8.75, 7.0625], "texture": "#6"}
			}
		},
		{
			"name": "pickaxe",
			"from": [7.63385, 3.39497, -0.66044],
			"to": [8.37385, 5.43099, -0.22811],
			"rotation": {"angle": 22.5, "axis": "x", "origin": [8, 14.95147, 4.52743]},
			"faces": {
				"north": {"uv": [7, 1, 7.1875, 1.5], "texture": "#6"},
				"east": {"uv": [7.75, 1, 7.875, 1.5], "texture": "#6"},
				"south": {"uv": [1.25, 7, 1.4375, 7.5], "texture": "#6"},
				"west": {"uv": [7.75, 2, 7.875, 2.5], "texture": "#6"},
				"up": {"uv": [8.6875, 4.625, 8.5, 4.5], "texture": "#6"},
				"down": {"uv": [4.9375, 8.5, 4.75, 8.625], "texture": "#6"}
			}
		},
		{
			"name": "pickaxe",
			"from": [7.64925, 5.43099, -0.94579],
			"to": [8.35845, 7.00289, -0.22811],
			"rotation": {"angle": 22.5, "axis": "x", "origin": [8, 14.95147, 4.52743]},
			"faces": {
				"north": {"uv": [5.25, 7.5, 5.4375, 7.875], "texture": "#6"},
				"east": {"uv": [7.5, 5.5, 7.6875, 5.875], "texture": "#6"},
				"south": {"uv": [5.75, 7.5, 5.9375, 7.875], "texture": "#6"},
				"west": {"uv": [6, 7.5, 6.1875, 7.875], "texture": "#6"},
				"up": {"uv": [8.4375, 4.9375, 8.25, 4.75], "texture": "#6"},
				"down": {"uv": [5.1875, 8.25, 5, 8.4375], "texture": "#6"}
			}
		},
		{
			"name": "pickaxe",
			"from": [7.68385, 6.86972, -4.89626],
			"to": [8.32385, 7.61147, -4.03458],
			"rotation": {"angle": 0, "axis": "y", "origin": [8, 14.95147, 4.52743]},
			"faces": {
				"north": {"uv": [2.25, 8.25, 2.4375, 8.4375], "texture": "#6"},
				"east": {"uv": [8.25, 2.25, 8.4375, 2.4375], "texture": "#6"},
				"south": {"uv": [2.5, 8.25, 2.6875, 8.4375], "texture": "#6"},
				"west": {"uv": [8.25, 2.5, 8.4375, 2.6875], "texture": "#6"},
				"up": {"uv": [2.9375, 8.4375, 2.75, 8.25], "texture": "#6"},
				"down": {"uv": [8.4375, 2.75, 8.25, 2.9375], "texture": "#6"}
			}
		},
		{
			"name": "pickaxe",
			"from": [7.68385, 7.61147, -4.89626],
			"to": [8.32385, 10.25772, -3.73458],
			"rotation": {"angle": 0, "axis": "y", "origin": [8, 14.95147, 4.52743]},
			"faces": {
				"north": {"uv": [5.5, 6.5, 5.6875, 7.1875], "texture": "#6"},
				"east": {"uv": [5.5, 4, 5.8125, 4.6875], "texture": "#6"},
				"south": {"uv": [6.5, 5.5, 6.6875, 6.1875], "texture": "#6"},
				"west": {"uv": [4.5, 5.5, 4.8125, 6.1875], "texture": "#6"},
				"up": {"uv": [7.9375, 6.5625, 7.75, 6.25], "texture": "#6"},
				"down": {"uv": [6.6875, 7.75, 6.5, 8.0625], "texture": "#6"}
			}
		},
		{
			"name": "pickaxe",
			"from": [7.68385, 10.4592, -7.27168],
			"to": [8.32385, 11.0912, -6.79368],
			"rotation": {"angle": -22.5, "axis": "x", "origin": [8, 14.95147, 4.52743]},
			"faces": {
				"north": {"uv": [8.25, 1.5, 8.4375, 1.6875], "texture": "#6"},
				"east": {"uv": [8.5, 3.25, 8.625, 3.4375], "texture": "#6"},
				"south": {"uv": [8.25, 2, 8.4375, 2.1875], "texture": "#6"},
				"west": {"uv": [8.5, 4, 8.625, 4.1875], "texture": "#6"},
				"up": {"uv": [4.4375, 8.625, 4.25, 8.5], "texture": "#6"},
				"down": {"uv": [4.6875, 8.5, 4.5, 8.625], "texture": "#6"}
			}
		},
		{
			"name": "pickaxe",
			"from": [7.63385, 19.28458, -2.32501],
			"to": [8.37385, 19.59258, -0.63101],
			"rotation": {"angle": -45, "axis": "x", "origin": [8, 14.95147, 4.52743]},
			"faces": {
				"north": {"uv": [6.75, 8.75, 6.9375, 8.8125], "texture": "#6"},
				"east": {"uv": [8.5, 2.25, 8.9375, 2.3125], "texture": "#6"},
				"south": {"uv": [8.75, 6.75, 8.9375, 6.8125], "texture": "#6"},
				"west": {"uv": [2.5, 8.5, 2.9375, 8.5625], "texture": "#6"},
				"up": {"uv": [7.4375, 1.4375, 7.25, 1], "texture": "#6"},
				"down": {"uv": [2.4375, 7.25, 2.25, 7.6875], "texture": "#6"}
			}
		},
		{
			"name": "pickaxe",
			"from": [7.63385, 18.2811, -2.21661],
			"to": [8.37385, 18.7431, -0.67661],
			"rotation": {"angle": -45, "axis": "x", "origin": [8, 14.95147, 4.52743]},
			"faces": {
				"north": {"uv": [8.5, 5, 8.6875, 5.125], "texture": "#6"},
				"east": {"uv": [3.75, 8, 4.125, 8.125], "texture": "#6"},
				"south": {"uv": [5.25, 8.5, 5.4375, 8.625], "texture": "#6"},
				"west": {"uv": [8, 4, 8.375, 4.125], "texture": "#6"},
				"up": {"uv": [3.6875, 7.875, 3.5, 7.5], "texture": "#6"},
				"down": {"uv": [4.4375, 7.5, 4.25, 7.875], "texture": "#6"}
			}
		},
		{
			"name": "pickaxe",
			"from": [7.62615, 15.84136, 4.90816],
			"to": [8.36615, 16.45736, 5.82647],
			"rotation": {"angle": -22.5, "axis": "x", "origin": [8, 14.95147, 4.52743]},
			"faces": {
				"north": {"uv": [8.5, 5.25, 8.6875, 5.375], "texture": "#6"},
				"east": {"uv": [8.25, 7.5, 8.5, 7.625], "texture": "#6"},
				"south": {"uv": [5.5, 8.5, 5.6875, 8.625], "texture": "#6"},
				"west": {"uv": [8.25, 7.75, 8.5, 7.875], "texture": "#6"},
				"up": {"uv": [4.4375, 8.25, 4.25, 8], "texture": "#6"},
				"down": {"uv": [4.6875, 8, 4.5, 8.25], "texture": "#6"}
			}
		},
		{
			"name": "pickaxe",
			"from": [7.63385, 16.49928, 4.30075],
			"to": [8.37385, 18.20959, 4.81675],
			"rotation": {"angle": 22.5, "axis": "x", "origin": [8, 14.95147, 4.52743]},
			"faces": {
				"north": {"uv": [4, 7.25, 4.1875, 7.6875], "texture": "#6"},
				"east": {"uv": [1, 8, 1.125, 8.4375], "texture": "#6"},
				"south": {"uv": [7.25, 4.5, 7.4375, 4.9375], "texture": "#6"},
				"west": {"uv": [1.25, 8, 1.375, 8.4375], "texture": "#6"},
				"up": {"uv": [6.1875, 8.625, 6, 8.5], "texture": "#6"},
				"down": {"uv": [8.6875, 6, 8.5, 6.125], "texture": "#6"}
			}
		},
		{
			"name": "pickaxe",
			"from": [7.64155, 15.84136, -1.72651],
			"to": [8.36615, 16.4512, 4.90816],
			"rotation": {"angle": -22.5, "axis": "x", "origin": [8, 14.95147, 4.52743]},
			"faces": {
				"north": {"uv": [8.5, 5.5, 8.6875, 5.625], "texture": "#6"},
				"east": {"uv": [5, 3, 6.6875, 3.125], "texture": "#6"},
				"south": {"uv": [8.5, 5.75, 8.6875, 5.875], "texture": "#6"},
				"west": {"uv": [5, 3.25, 6.6875, 3.375], "texture": "#6"},
				"up": {"uv": [2.6875, 5.6875, 2.5, 4], "texture": "#6"},
				"down": {"uv": [2.9375, 4, 2.75, 5.6875], "texture": "#6"}
			}
		}
	],
	"gui_light": "front",
	"display": {
		"thirdperson_righthand": {
			"translation": [0, 8.25, -1],
			"scale": [0.65, 1, 1]
		},
		"thirdperson_lefthand": {
			"translation": [0, 8.25, -1],
			"scale": [0.65, 1, 1]
		},
		"firstperson_righthand": {
			"rotation": [0, -11, -9],
			"translation": [2.25, 5.5, -1],
			"scale": [0.38, 0.88, 0.88]
		},
		"firstperson_lefthand": {
			"rotation": [0, -11, -9],
			"translation": [2.25, 5.5, -1],
			"scale": [0.38, 0.88, 0.88]
		},
		"ground": {
			"rotation": [15, 0, 0],
			"translation": [0, 10, 0],
			"scale": [0.41, 0.67, 0.67]
		},
		"gui": {
			"rotation": [-90, -45, -90],
			"translation": [0.25, -1.25, 0],
			"scale": [0.63, 0.63, 0.63]
		},
		"fixed": {
			"rotation": [-90, 45, 90],
			"translation": [-0.5, -1.5, 0.75],
			"scale": [0.66, 0.75, 0.75]
		}
	},
	"groups": [
		{
			"name": "ghoul_pickaxe",
			"origin": [8, 8, 8],
			"color": 0,
			"children": [
				{
					"name": "pickaxe",
					"origin": [8, 14.95147, 4.52743],
					"color": 0,
					"children": [
						0,
						1,
						2,
						3,
						4,
						5,
						6,
						7,
						8,
						9,
						10,
						11,
						12,
						13,
						14,
						15,
						16,
						17,
						18,
						19,
						20,
						21,
						22,
						23,
						24,
						25,
						26,
						27,
						28,
						29,
						30,
						31,
						32,
						33,
						34,
						35,
						36,
						37,
						38,
						39,
						40,
						41,
						42,
						43,
						44,
						45,
						46,
						47,
						48,
						49,
						50,
						51,
						52,
						53,
						54,
						55,
						56,
						57,
						58,
						59,
						60,
						61,
						62,
						63,
						64,
						65,
						66,
						67,
						68,
						69,
						70,
						71,
						72,
						73,
						74,
						75,
						76,
						77,
						78,
						79,
						80,
						81,
						82,
						83
					]
				}
			]
		}
	]
}