{
	"credit": "Made with Blockbench",
	"texture_size": [64, 64],
	"textures": {
		"0": "item/ancient/ancient_sword_penguin",
		"1": "item/ancient/ef_ancient_long",
		"particle": "item/ancient/ancient_sword_penguin"
	},
	"elements": [
		{
			"from": [7, -9, 7],
			"to": [9, -2, 9],
			"shade": false,
			"rotation": {"angle": 0, "axis": "y", "origin": [9, -10, 7]},
			"faces": {
				"north": {"uv": [3, 6.5, 2.5, 8.25], "texture": "#0"},
				"east": {"uv": [2.5, 6.5, 3, 8.25], "texture": "#0"},
				"south": {"uv": [3, 6.5, 2.5, 8.25], "texture": "#0"},
				"west": {"uv": [2.5, 6.5, 3, 8.25], "texture": "#0"},
				"up": {"uv": [2, 7.5, 2.5, 7], "texture": "#0"},
				"down": {"uv": [9.5, 8, 10, 8.5], "texture": "#0"}
			}
		},
		{
			"from": [6.25, -10, 6.25],
			"to": [9.75, -9, 9.75],
			"shade": false,
			"rotation": {"angle": 0, "axis": "y", "origin": [9, -10, 7]},
			"faces": {
				"north": {"uv": [10.25, 0.75, 9.25, 1], "texture": "#0"},
				"east": {"uv": [10.75, 0, 9.75, 0.25], "texture": "#0"},
				"south": {"uv": [9.75, 9.5, 8.75, 9.75], "texture": "#0"},
				"west": {"uv": [10.25, 2.75, 9.25, 3], "texture": "#0"},
				"up": {"uv": [4.25, 6.5, 5.25, 5.5], "texture": "#0"},
				"down": {"uv": [5.25, 5.5, 6.25, 6.5], "texture": "#0"}
			}
		},
		{
			"from": [6.75, -11, 6.75],
			"to": [9.25, -10, 9.25],
			"shade": false,
			"rotation": {"angle": 0, "axis": "y", "origin": [9, -10, 7]},
			"faces": {
				"north": {"uv": [9.5, 6.25, 8.75, 6.5], "texture": "#0"},
				"east": {"uv": [11.25, 10.5, 10.5, 10.75], "texture": "#0"},
				"south": {"uv": [11.25, 9.25, 10.5, 9.5], "texture": "#0"},
				"west": {"uv": [11.25, 9, 10.5, 9.25], "texture": "#0"},
				"up": {"uv": [7, 8.5, 7.75, 7.75], "texture": "#0"},
				"down": {"uv": [7.75, 7.75, 8.5, 8.5], "texture": "#0"}
			}
		},
		{
			"from": [6.25, -12, 6.25],
			"to": [9.75, -11, 9.75],
			"shade": false,
			"rotation": {"angle": 0, "axis": "y", "origin": [9, -12, 7]},
			"faces": {
				"north": {"uv": [10.75, 0.25, 9.75, 0.5], "texture": "#0"},
				"east": {"uv": [10.75, 2.25, 9.75, 2.5], "texture": "#0"},
				"south": {"uv": [10.75, 2, 9.75, 2.25], "texture": "#0"},
				"west": {"uv": [10.75, 0.5, 9.75, 0.75], "texture": "#0"},
				"up": {"uv": [6, 4.5, 7, 3.5], "texture": "#0"},
				"down": {"uv": [6, 4.5, 7, 5.5], "texture": "#0"}
			}
		},
		{
			"from": [5.75, -15.5, 5.75],
			"to": [10.25, -12, 10.25],
			"shade": false,
			"rotation": {"angle": 0, "axis": "y", "origin": [7, -13, 7]},
			"faces": {
				"north": {"uv": [1.75, 5.5, 3, 6.5], "texture": "#0"},
				"east": {"uv": [3, 5.5, 1.75, 6.5], "texture": "#0"},
				"south": {"uv": [1.75, 5.5, 3, 6.5], "texture": "#0"},
				"west": {"uv": [3, 5.5, 1.75, 6.5], "texture": "#0"},
				"up": {"uv": [6.25, 1.25, 5, 0], "texture": "#0"},
				"down": {"uv": [6.25, 1.25, 5, 2.5], "texture": "#0"}
			}
		},
		{
			"from": [6.25, -3, 6.25],
			"to": [9.75, -2, 9.75],
			"shade": false,
			"rotation": {"angle": 0, "axis": "y", "origin": [9, -3, 7]},
			"faces": {
				"north": {"uv": [10.75, 2.5, 9.75, 2.75], "texture": "#0"},
				"east": {"uv": [10.75, 3.25, 9.75, 3.5], "texture": "#0"},
				"south": {"uv": [4.25, 9.75, 3.25, 10], "texture": "#0"},
				"west": {"uv": [10.75, 3, 9.75, 3.25], "texture": "#0"},
				"up": {"uv": [6.25, 1, 7.25, 0], "texture": "#0"},
				"down": {"uv": [6.25, 1, 7.25, 2], "texture": "#0"}
			}
		},
		{
			"from": [5.25, -2, 5.25],
			"to": [10.75, 0, 10.75],
			"shade": false,
			"rotation": {"angle": 0, "axis": "y", "origin": [9, -2, 7]},
			"faces": {
				"north": {"uv": [6, 6.5, 4.5, 7], "texture": "#0"},
				"east": {"uv": [8.5, 3.5, 7, 4], "texture": "#0"},
				"south": {"uv": [2, 7, 0.5, 7.5], "texture": "#0"},
				"west": {"uv": [7.5, 6.5, 6, 7], "texture": "#0"},
				"up": {"uv": [3, 5.5, 4.5, 4], "texture": "#0"},
				"down": {"uv": [4.5, 4, 6, 5.5], "texture": "#0"}
			}
		},
		{
			"from": [9.23744, -0.34835, 5.75],
			"to": [14.73744, 1.65165, 7.5],
			"shade": false,
			"rotation": {"angle": 45, "axis": "z", "origin": [11.98744, 0.65165, 8]},
			"faces": {
				"north": {"uv": [8.5, 4, 7, 4.5], "texture": "#0"},
				"east": {"uv": [10.25, 3.5, 9.75, 4], "texture": "#0"},
				"south": {"uv": [6, 7, 4.5, 7.5], "texture": "#0"},
				"west": {"uv": [1.5, 9.75, 1, 10.25], "texture": "#0"},
				"up": {"uv": [7, 5, 8.5, 4.5], "texture": "#0"},
				"down": {"uv": [7, 5, 8.5, 5.5], "texture": "#0"}
			}
		},
		{
			"from": [9.23744, -0.34835, 8.5],
			"to": [14.73744, 1.65165, 10.25],
			"shade": false,
			"rotation": {"angle": 45, "axis": "z", "origin": [11.98744, 0.65165, 8]},
			"faces": {
				"north": {"uv": [7.5, 7, 6, 7.5], "texture": "#0"},
				"east": {"uv": [6, 9.75, 5.5, 10.25], "texture": "#0"},
				"south": {"uv": [8.75, 0, 7.25, 0.5], "texture": "#0"},
				"west": {"uv": [4.75, 9.75, 4.25, 10.25], "texture": "#0"},
				"up": {"uv": [7.25, 1, 8.75, 0.5], "texture": "#0"},
				"down": {"uv": [7.25, 1, 8.75, 1.5], "texture": "#0"}
			}
		},
		{
			"from": [10.42545, -1.36836, 7.25],
			"to": [17.92545, 0.63164, 8.75],
			"shade": false,
			"rotation": {"angle": 22.5, "axis": "z", "origin": [12.17545, -0.86836, 7]},
			"faces": {
				"north": {"uv": [8.25, 2, 6.25, 2.5], "texture": "#0"},
				"east": {"uv": [7, 9.75, 6.5, 10.25], "texture": "#0"},
				"south": {"uv": [8.25, 2.5, 6.25, 3], "texture": "#0"},
				"west": {"uv": [6.5, 9.75, 6, 10.25], "texture": "#0"},
				"up": {"uv": [6.25, 3.5, 8.25, 3], "texture": "#0"},
				"down": {"uv": [6.25, 5.5, 8.25, 6], "texture": "#0"}
			}
		},
		{
			"from": [4.42678, -1, 7.5],
			"to": [11.92678, 6.5, 8.5],
			"shade": false,
			"rotation": {"angle": -45, "axis": "z", "origin": [8.17678, 3, 8]},
			"faces": {
				"north": {"uv": [5, 0, 3, 2], "texture": "#0"},
				"east": {"uv": [1, 8.25, 0.75, 10.25], "texture": "#0"},
				"south": {"uv": [5, 2, 3, 4], "texture": "#0"},
				"west": {"uv": [0.75, 8.25, 0.5, 10.25], "texture": "#0"},
				"up": {"uv": [7.25, 1.75, 9.25, 1.5], "texture": "#0"},
				"down": {"uv": [7.25, 1.75, 9.25, 2], "texture": "#0"}
			}
		},
		{
			"from": [5.242, 4.392, 7.492],
			"to": [10.758, 27.008, 8.508],
			"shade": false,
			"rotation": {"angle": 0, "axis": "z", "origin": [8, 8.4, 8]},
			"faces": {
				"north": {"uv": [1.6125, 0, 2.8875, 5.5], "texture": "#0"},
				"east": {"uv": [0.5, 5.5, 0.25, 11], "texture": "#0"},
				"south": {"uv": [2.8875, 0, 1.6125, 5.5], "texture": "#0"},
				"west": {"uv": [0.25, 5.5, 0, 11], "texture": "#0"},
				"up": {"uv": [5.5, 9, 7, 8.75], "texture": "#0"},
				"down": {"uv": [8.75, 5.5, 10.25, 5.75], "texture": "#0"}
			}
		},
		{
			"from": [8.08229, 29.09376, 7.496],
			"to": [9.54029, 31.05176, 8.504],
			"shade": false,
			"rotation": {"angle": -45, "axis": "z", "origin": [8.83629, 31.48046, 8]},
			"faces": {
				"north": {"uv": [8.5, 3, 8.25, 3.5], "texture": "#0"},
				"east": {"uv": [5, 10.75, 4.75, 11.25], "texture": "#0"},
				"south": {"uv": [11, 2.25, 10.75, 2.75], "texture": "#0"},
				"west": {"uv": [8.5, 9, 8.25, 9.5], "texture": "#0"},
				"up": {"uv": [2.25, 9.5, 2.5, 9.25], "texture": "#0"},
				"down": {"uv": [3.25, 9.5, 3.5, 9.75], "texture": "#0"}
			}
		},
		{
			"from": [8.36427, 26.52562, 7.494],
			"to": [9.90127, 30.13762, 8.506],
			"shade": false,
			"rotation": {"angle": 22.5, "axis": "z", "origin": [9.14527, 28.91431, 8]},
			"faces": {
				"north": {"uv": [1.1125, 8.25, 1.5, 9.25], "texture": "#0"},
				"east": {"uv": [5, 9.75, 4.75, 10.75], "texture": "#0"},
				"south": {"uv": [1.5, 8.25, 1.1125, 9.25], "texture": "#0"},
				"west": {"uv": [1.75, 9.75, 1.5, 10.75], "texture": "#0"},
				"up": {"uv": [7, 7.75, 7.5, 7.5], "texture": "#0"},
				"down": {"uv": [8, 7.5, 8.5, 7.75], "texture": "#0"}
			}
		},
		{
			"from": [5.87574, 26.56997, 7.494],
			"to": [7.41274, 30.18197, 8.506],
			"shade": false,
			"rotation": {"angle": -22.5, "axis": "z", "origin": [6.63174, 28.37597, 8]},
			"faces": {
				"north": {"uv": [2, 8.25, 2.3875, 9.25], "texture": "#0"},
				"east": {"uv": [10, 8.5, 9.75, 9.5], "texture": "#0"},
				"south": {"uv": [2.3875, 8.25, 2, 9.25], "texture": "#0"},
				"west": {"uv": [10, 7, 9.75, 8], "texture": "#0"},
				"up": {"uv": [10.75, 4, 11.25, 3.75], "texture": "#0"},
				"down": {"uv": [5.5, 10.75, 6, 11], "texture": "#0"}
			}
		},
		{
			"from": [6.85, 27, 7.5],
			"to": [9.15, 29.65, 8.5],
			"shade": false,
			"rotation": {"angle": 0, "axis": "y", "origin": [8, 9.4, 8]},
			"faces": {
				"north": {"uv": [3, 8.75, 2.5, 9.5], "texture": "#0"},
				"east": {"uv": [0.75, 10.75, 0.5, 11.5], "texture": "#0"},
				"south": {"uv": [3.5, 8.75, 3, 9.5], "texture": "#0"},
				"west": {"uv": [11, 0, 10.75, 0.75], "texture": "#0"},
				"up": {"uv": [6, 11, 6.5, 10.75], "texture": "#0"},
				"down": {"uv": [6.5, 10.75, 7, 11], "texture": "#0"}
			}
		},
		{
			"from": [6.46371, 29.09776, 7.5],
			"to": [7.91371, 31.04776, 8.5],
			"shade": false,
			"rotation": {"angle": 45, "axis": "z", "origin": [7.16371, 31.48046, 8]},
			"faces": {
				"north": {"uv": [11, 6.5, 10.75, 7], "texture": "#0"},
				"east": {"uv": [11, 7.5, 10.75, 8], "texture": "#0"},
				"south": {"uv": [7.75, 10.75, 7.5, 11.25], "texture": "#0"},
				"west": {"uv": [11, 7, 10.75, 7.5], "texture": "#0"},
				"up": {"uv": [7.5, 10.25, 7.75, 10], "texture": "#0"},
				"down": {"uv": [8.25, 11, 8.5, 11.25], "texture": "#0"}
			}
		},
		{
			"from": [8.53206, -9.006, 5.68534],
			"to": [10.04406, -7.494, 8.69734],
			"shade": false,
			"rotation": {"angle": 22.5, "axis": "y", "origin": [9.03806, -8.25, 7.19134]},
			"faces": {
				"north": {"uv": [9.25, 9.75, 8.75, 10.25], "texture": "#0"},
				"east": {"uv": [9.75, 3, 9, 3.5], "texture": "#0"},
				"south": {"uv": [9.75, 9.75, 9.25, 10.25], "texture": "#0"},
				"west": {"uv": [9.5, 5.75, 8.75, 6.25], "texture": "#0"},
				"up": {"uv": [5.5, 9.75, 6, 9], "texture": "#0"},
				"down": {"uv": [6, 9, 6.5, 9.75], "texture": "#0"}
			}
		},
		{
			"from": [6.97991, -9.008, 5.41484],
			"to": [9.39591, -7.492, 6.93084],
			"shade": false,
			"rotation": {"angle": 0, "axis": "y", "origin": [8.38791, -8.25, 6.42284]},
			"faces": {
				"north": {"uv": [10.25, 9.5, 9.75, 10], "texture": "#0"},
				"east": {"uv": [3.75, 10, 3.25, 10.5], "texture": "#0"},
				"south": {"uv": [2.25, 10, 1.75, 10.5], "texture": "#0"},
				"west": {"uv": [10.5, 1.5, 10, 2], "texture": "#0"},
				"up": {"uv": [3.75, 10.5, 4.25, 10], "texture": "#0"},
				"down": {"uv": [10, 4, 10.5, 4.5], "texture": "#0"}
			}
		},
		{
			"from": [5.48791, -9.09358, 6.65015],
			"to": [6.98791, -3.84358, 8.15015],
			"shade": false,
			"rotation": {"angle": 45, "axis": "x", "origin": [6.48791, -7.59358, 7.40015]},
			"faces": {
				"north": {"uv": [6, 7.5, 5.5, 8.75], "texture": "#0"},
				"east": {"uv": [8, 6.5, 7.5, 7.75], "texture": "#0"},
				"south": {"uv": [7, 7.5, 6.5, 8.75], "texture": "#0"},
				"west": {"uv": [6.5, 7.5, 6, 8.75], "texture": "#0"},
				"up": {"uv": [10, 5, 10.5, 4.5], "texture": "#0"},
				"down": {"uv": [5, 10, 5.5, 10.5], "texture": "#0"}
			}
		},
		{
			"from": [6.98791, -5.34358, 6.65015],
			"to": [9.98791, -3.84358, 8.15015],
			"shade": false,
			"rotation": {"angle": 45, "axis": "x", "origin": [6.48791, -7.59358, 7.40015]},
			"faces": {
				"north": {"uv": [9.75, 3.5, 9, 4], "texture": "#0"},
				"east": {"uv": [10.5, 5.75, 10, 6.25], "texture": "#0"},
				"south": {"uv": [9.75, 7, 9, 7.5], "texture": "#0"},
				"west": {"uv": [10.5, 5, 10, 5.5], "texture": "#0"},
				"up": {"uv": [7.5, 9.5, 8.25, 9], "texture": "#0"},
				"down": {"uv": [9, 7.5, 9.75, 8], "texture": "#0"}
			}
		},
		{
			"from": [8.48791, -5.27772, 6.93048],
			"to": [9.98791, -3.02772, 8.43048],
			"shade": false,
			"rotation": {"angle": -45, "axis": "x", "origin": [9.48791, -3.52772, 7.93048]},
			"faces": {
				"north": {"uv": [7.5, 10, 7, 10.5], "texture": "#0"},
				"east": {"uv": [10.5, 8, 10, 8.5], "texture": "#0"},
				"south": {"uv": [10.5, 7.5, 10, 8], "texture": "#0"},
				"west": {"uv": [10.5, 7, 10, 7.5], "texture": "#0"},
				"up": {"uv": [10, 9, 10.5, 8.5], "texture": "#0"},
				"down": {"uv": [10, 9, 10.5, 9.5], "texture": "#0"}
			}
		},
		{
			"from": [8.12175, -9, 7.40158],
			"to": [9.62175, -7.5, 9.90158],
			"shade": false,
			"rotation": {"angle": -45, "axis": "y", "origin": [9.12175, -8.25, 8.90158]},
			"faces": {
				"north": {"uv": [10.25, 10, 9.75, 10.5], "texture": "#0"},
				"east": {"uv": [9.75, 9, 9, 9.5], "texture": "#0"},
				"south": {"uv": [1, 10.25, 0.5, 10.75], "texture": "#0"},
				"west": {"uv": [9.75, 8.5, 9, 9], "texture": "#0"},
				"up": {"uv": [6.5, 9.75, 7, 9], "texture": "#0"},
				"down": {"uv": [9.25, 0, 9.75, 0.75], "texture": "#0"}
			}
		},
		{
			"from": [8.47991, -4.32861, 5.42248],
			"to": [9.99591, -2.81261, 7.93848],
			"shade": false,
			"rotation": {"angle": 0, "axis": "x", "origin": [9.48791, -3.32061, 6.68048]},
			"faces": {
				"north": {"uv": [1.5, 10.25, 1, 10.75], "texture": "#0"},
				"east": {"uv": [10, 1.5, 9.25, 2], "texture": "#0"},
				"south": {"uv": [2.75, 10.25, 2.25, 10.75], "texture": "#0"},
				"west": {"uv": [1.75, 9.25, 1, 9.75], "texture": "#0"},
				"up": {"uv": [1.75, 10, 2.25, 9.25], "texture": "#0"},
				"down": {"uv": [9.25, 2, 9.75, 2.75], "texture": "#0"}
			}
		},
		{
			"from": [8.48791, -3.45818, 4.15015],
			"to": [9.98791, -2.08318, 6.47515],
			"shade": false,
			"rotation": {"angle": 45, "axis": "x", "origin": [9.48791, -2.58318, 4.90015]},
			"faces": {
				"north": {"uv": [8.25, 10.75, 7.75, 11], "texture": "#0"},
				"east": {"uv": [11.25, 8.25, 10.75, 8.5], "texture": "#0"},
				"south": {"uv": [8.75, 10.75, 8.25, 11], "texture": "#0"},
				"west": {"uv": [11.25, 8, 10.75, 8.25], "texture": "#0"},
				"up": {"uv": [2.75, 10.75, 3.25, 10.25], "texture": "#0"},
				"down": {"uv": [10.25, 3.5, 10.75, 4], "texture": "#0"}
			}
		},
		{
			"from": [5.98791, -2.67156, 3.7511],
			"to": [9.98791, -1.17156, 5.2511],
			"shade": false,
			"rotation": {"angle": 0, "axis": "x", "origin": [7.98791, -1.97156, 4.7511]},
			"faces": {
				"north": {"uv": [11, 6.25, 10, 6.5], "texture": "#0"},
				"east": {"uv": [11.25, 8.75, 10.75, 9], "texture": "#0"},
				"south": {"uv": [11.25, 0.75, 10.25, 1], "texture": "#0"},
				"west": {"uv": [11.25, 8.5, 10.75, 8.75], "texture": "#0"},
				"up": {"uv": [5, 4, 6, 3.5], "texture": "#0"},
				"down": {"uv": [8.25, 2, 9.25, 2.5], "texture": "#0"}
			}
		},
		{
			"from": [5.98791, -1.17156, 3.7511],
			"to": [7.48791, 0.92844, 5.2511],
			"shade": false,
			"rotation": {"angle": 0, "axis": "y", "origin": [7.98791, -0.97156, 4.2511]},
			"faces": {
				"north": {"uv": [4.75, 10.25, 4.25, 10.75], "texture": "#0"},
				"east": {"uv": [7, 10.25, 6.5, 10.75], "texture": "#0"},
				"south": {"uv": [6.5, 10.25, 6, 10.75], "texture": "#0"},
				"west": {"uv": [6, 10.25, 5.5, 10.75], "texture": "#0"},
				"up": {"uv": [10.25, 7, 10.75, 6.5], "texture": "#0"},
				"down": {"uv": [7.5, 10.25, 8, 10.75], "texture": "#0"}
			}
		},
		{
			"from": [5.98791, -0.57156, 5.2511],
			"to": [7.48791, 0.92844, 7.7511],
			"shade": false,
			"rotation": {"angle": 0, "axis": "x", "origin": [6.48791, 0.42844, 6.6261]},
			"faces": {
				"north": {"uv": [8.5, 10.25, 8, 10.75], "texture": "#0"},
				"east": {"uv": [5, 9.25, 4.25, 9.75], "texture": "#0"},
				"south": {"uv": [9, 10.25, 8.5, 10.75], "texture": "#0"},
				"west": {"uv": [4.25, 9.25, 3.5, 9.75], "texture": "#0"},
				"up": {"uv": [5, 10, 5.5, 9.25], "texture": "#0"},
				"down": {"uv": [2.25, 9.5, 2.75, 10.25], "texture": "#0"}
			}
		},
		{
			"from": [6.71094, -0.11394, 5.96626],
			"to": [10.96094, 1.38606, 7.46626],
			"shade": false,
			"rotation": {"angle": 22.5, "axis": "z", "origin": [7.83594, 0.88606, 6.96626]},
			"faces": {
				"north": {"uv": [3.5, 8.25, 2.5, 8.75], "texture": "#0"},
				"east": {"uv": [11, 9.5, 10.75, 10], "texture": "#0"},
				"south": {"uv": [9.25, 2.5, 8.25, 3], "texture": "#0"},
				"west": {"uv": [9, 10.75, 8.75, 11.25], "texture": "#0"},
				"up": {"uv": [10.25, 3, 11.25, 2.75], "texture": "#0"},
				"down": {"uv": [10.25, 5.5, 11.25, 5.75], "texture": "#0"}
			}
		},
		{
			"from": [10.47604, 1.28332, 5.96626],
			"to": [11.97604, 5.03332, 7.46626],
			"shade": false,
			"rotation": {"angle": -22.5, "axis": "z", "origin": [11.22604, 3.40832, 6.71626]},
			"faces": {
				"north": {"uv": [4, 8.25, 3.5, 9.25], "texture": "#0"},
				"east": {"uv": [9.5, 10.25, 9.25, 11.25], "texture": "#0"},
				"south": {"uv": [4.5, 8.25, 4, 9.25], "texture": "#0"},
				"west": {"uv": [9.25, 10.25, 9, 11.25], "texture": "#0"},
				"up": {"uv": [10.75, 10.25, 11.25, 10], "texture": "#0"},
				"down": {"uv": [10.75, 10.25, 11.25, 10.5], "texture": "#0"}
			}
		},
		{
			"from": [11.43509, 3.84724, 6.16626],
			"to": [13.93509, 4.94724, 7.26626],
			"shade": false,
			"rotation": {"angle": 22.5, "axis": "z", "origin": [13.31009, 4.39724, 6.71626]},
			"faces": {
				"north": {"uv": [1.5, 10.75, 0.75, 11], "texture": "#0"},
				"east": {"uv": [11.25, 9.5, 11, 9.75], "texture": "#0"},
				"south": {"uv": [11.5, 1, 10.75, 1.25], "texture": "#0"},
				"west": {"uv": [8.75, 11, 8.5, 11.25], "texture": "#0"},
				"up": {"uv": [10.75, 1.5, 11.5, 1.25], "texture": "#0"},
				"down": {"uv": [10.75, 2, 11.5, 2.25], "texture": "#0"}
			}
		},
		{
			"from": [14.05617, 5.77566, 6.41626],
			"to": [15.30617, 6.52566, 7.01626],
			"shade": false,
			"rotation": {"angle": 22.5, "axis": "z", "origin": [15.30617, 6.32566, 6.71626]},
			"faces": {
				"north": {"uv": [11.25, 9.75, 11, 10], "texture": "#0"},
				"east": {"uv": [11.5, 0, 11.25, 0.25], "texture": "#0"},
				"south": {"uv": [11.25, 11, 11, 11.25], "texture": "#0"},
				"west": {"uv": [11.25, 10.75, 11, 11], "texture": "#0"},
				"up": {"uv": [11.25, 0.5, 11.5, 0.25], "texture": "#0"},
				"down": {"uv": [11.25, 0.75, 11.5, 1], "texture": "#0"}
			}
		},
		{
			"from": [13.71139, 4.20518, 6.41626],
			"to": [14.46139, 5.95518, 7.01626],
			"shade": false,
			"rotation": {"angle": -22.5, "axis": "z", "origin": [14.08639, 5.08018, 6.71626]},
			"faces": {
				"north": {"uv": [10.75, 10.75, 10.5, 11.25], "texture": "#0"},
				"east": {"uv": [11.25, 0, 11, 0.5], "texture": "#0"},
				"south": {"uv": [0.25, 11, 0, 11.5], "texture": "#0"},
				"west": {"uv": [11, 10.75, 10.75, 11.25], "texture": "#0"},
				"up": {"uv": [11.25, 2.5, 11.5, 2.25], "texture": "#0"},
				"down": {"uv": [11.25, 2.5, 11.5, 2.75], "texture": "#0"}
			}
		},
		{
			"from": [16.60541, 5.13151, 6.34126],
			"to": [16.60541, 6.93151, 10.09126],
			"shade": false,
			"rotation": {"angle": 45, "axis": "y", "origin": [16.60541, 6.03151, 8.21626]},
			"faces": {
				"east": {"uv": [14, 1.5, 14.75, 0], "rotation": 90, "texture": "#0"},
				"west": {"uv": [14, 1.5, 14.75, 0], "rotation": 90, "texture": "#0"}
			}
		},
		{
			"from": [11.26419, 4.40038, 7.33765],
			"to": [12.36419, 6.90038, 8.43765],
			"shade": false,
			"rotation": {"angle": 22.5, "axis": "x", "origin": [11.81419, 6.94143, 7.46626]},
			"faces": {
				"north": {"uv": [1.75, 10.75, 1.5, 11.5], "texture": "#0"},
				"east": {"uv": [3, 10.75, 2.75, 11.5], "texture": "#0"},
				"south": {"uv": [2.75, 10.75, 2.5, 11.5], "texture": "#0"},
				"west": {"uv": [2.5, 10.75, 2.25, 11.5], "texture": "#0"},
				"up": {"uv": [11.25, 3, 11.5, 2.75], "texture": "#0"},
				"down": {"uv": [11.25, 3, 11.5, 3.25], "texture": "#0"}
			}
		},
		{
			"from": [11.51419, 6.22553, 7.3741],
			"to": [12.11419, 7.97553, 8.1241],
			"shade": false,
			"rotation": {"angle": -22.5, "axis": "x", "origin": [11.81419, 6.94143, 7.46626]},
			"faces": {
				"north": {"uv": [0.5, 11, 0.25, 11.5], "texture": "#0"},
				"east": {"uv": [1.5, 11, 1.25, 11.5], "texture": "#0"},
				"south": {"uv": [1.25, 11, 1, 11.5], "texture": "#0"},
				"west": {"uv": [1, 11, 0.75, 11.5], "texture": "#0"},
				"up": {"uv": [11.25, 3.5, 11.5, 3.25], "texture": "#0"},
				"down": {"uv": [11.25, 3.75, 11.5, 4], "texture": "#0"}
			}
		},
		{
			"from": [11.51419, 7.60749, 6.66988],
			"to": [12.11419, 8.85749, 7.41988],
			"shade": false,
			"rotation": {"angle": 22.5, "axis": "x", "origin": [11.81419, 6.94143, 7.46626]},
			"faces": {
				"north": {"uv": [11.5, 4, 11.25, 4.25], "texture": "#0"},
				"east": {"uv": [5, 11.25, 4.75, 11.5], "texture": "#0"},
				"south": {"uv": [11.5, 4.5, 11.25, 4.75], "texture": "#0"},
				"west": {"uv": [11.5, 4.25, 11.25, 4.5], "texture": "#0"},
				"up": {"uv": [11.25, 5, 11.5, 4.75], "texture": "#0"},
				"down": {"uv": [5.5, 11.25, 5.75, 11.5], "texture": "#0"}
			}
		},
		{
			"from": [8.51209, -2.17156, 10.7489],
			"to": [10.01209, 0.92844, 12.2489],
			"shade": false,
			"rotation": {"angle": 0, "axis": "y", "origin": [8.01209, -0.97156, 11.7489]},
			"faces": {
				"north": {"uv": [3.25, 9.5, 2.75, 10.25], "texture": "#0"},
				"east": {"uv": [10, 5.75, 9.5, 6.5], "texture": "#0"},
				"south": {"uv": [10, 4.75, 9.5, 5.5], "texture": "#0"},
				"west": {"uv": [10, 4, 9.5, 4.75], "texture": "#0"},
				"up": {"uv": [10.25, 10, 10.75, 9.5], "texture": "#0"},
				"down": {"uv": [10.25, 10, 10.75, 10.5], "texture": "#0"}
			}
		},
		{
			"from": [8.51209, -4.71225, 9.87256],
			"to": [10.01209, -1.18725, 11.37256],
			"shade": false,
			"rotation": {"angle": 45, "axis": "x", "origin": [9.26209, -2.73725, 10.62256]},
			"faces": {
				"north": {"uv": [5, 8.25, 4.5, 9.25], "texture": "#0"},
				"east": {"uv": [9, 3, 8.5, 4], "texture": "#0"},
				"south": {"uv": [8.75, 5.5, 8.25, 6.5], "texture": "#0"},
				"west": {"uv": [5.5, 8.25, 5, 9.25], "texture": "#0"},
				"up": {"uv": [10.5, 2, 11, 1.5], "texture": "#0"},
				"down": {"uv": [1.75, 10.5, 2.25, 11], "texture": "#0"}
			}
		},
		{
			"from": [5.03906, -0.11394, 8.53374],
			"to": [9.28906, 1.38606, 10.03374],
			"shade": false,
			"rotation": {"angle": -22.5, "axis": "z", "origin": [8.16406, 0.88606, 9.03374]},
			"faces": {
				"north": {"uv": [9.5, 4, 8.5, 4.5], "texture": "#0"},
				"east": {"uv": [4.25, 10.5, 3.75, 11], "texture": "#0"},
				"south": {"uv": [9.5, 4.5, 8.5, 5], "texture": "#0"},
				"west": {"uv": [3.75, 10.5, 3.25, 11], "texture": "#0"},
				"up": {"uv": [8.5, 5.5, 9.5, 5], "texture": "#0"},
				"down": {"uv": [8.5, 6.5, 9.5, 7], "texture": "#0"}
			}
		},
		{
			"from": [8.51209, -0.57156, 8.2489],
			"to": [10.01209, 0.92844, 10.7489],
			"shade": false,
			"rotation": {"angle": 0, "axis": "y", "origin": [9.51209, 0.42844, 9.3739]},
			"faces": {
				"north": {"uv": [11, 4, 10.5, 4.5], "texture": "#0"},
				"east": {"uv": [7.75, 9.5, 7, 10], "texture": "#0"},
				"south": {"uv": [11, 4.5, 10.5, 5], "texture": "#0"},
				"west": {"uv": [10.25, 6.5, 9.5, 7], "texture": "#0"},
				"up": {"uv": [7.75, 10.25, 8.25, 9.5], "texture": "#0"},
				"down": {"uv": [8.25, 9.5, 8.75, 10.25], "texture": "#0"}
			}
		},
		{
			"from": [4.02396, 1.28332, 8.53374],
			"to": [5.52396, 5.03332, 10.03374],
			"shade": false,
			"rotation": {"angle": 22.5, "axis": "z", "origin": [4.77396, 3.40832, 9.28374]},
			"faces": {
				"north": {"uv": [7.5, 8.5, 7, 9.5], "texture": "#0"},
				"east": {"uv": [5.25, 10.5, 5, 11.5], "texture": "#0"},
				"south": {"uv": [9, 7, 8.5, 8], "texture": "#0"},
				"west": {"uv": [9.75, 10.25, 9.5, 11.25], "texture": "#0"},
				"up": {"uv": [11, 0.75, 11.5, 0.5], "texture": "#0"},
				"down": {"uv": [11, 1.5, 11.5, 1.75], "texture": "#0"}
			}
		},
		{
			"from": [4.02396, 5.03332, 6.03374],
			"to": [5.52396, 6.53332, 10.03374],
			"shade": false,
			"rotation": {"angle": 22.5, "axis": "z", "origin": [4.77396, 3.40832, 9.28374]},
			"faces": {
				"north": {"uv": [11, 5, 10.5, 5.5], "texture": "#0"},
				"east": {"uv": [9.5, 8, 8.5, 8.5], "texture": "#0"},
				"south": {"uv": [11, 5.75, 10.5, 6.25], "texture": "#0"},
				"west": {"uv": [8.5, 8.5, 7.5, 9], "texture": "#0"},
				"up": {"uv": [8.5, 9.5, 9, 8.5], "texture": "#0"},
				"down": {"uv": [8.75, 0, 9.25, 1], "texture": "#0"}
			}
		},
		{
			"from": [3.14311, 7.8054, 6.03374],
			"to": [11.14311, 9.3054, 7.53374],
			"shade": false,
			"rotation": {"angle": 45, "axis": "z", "origin": [7.14311, 8.5554, 6.78374]},
			"faces": {
				"north": {"uv": [8.25, 6, 6.25, 6.5], "texture": "#0"},
				"east": {"uv": [2.25, 11, 2, 11.5], "texture": "#0"},
				"south": {"uv": [2.5, 6.5, 0.5, 7], "texture": "#0"},
				"west": {"uv": [2, 11, 1.75, 11.5], "texture": "#0"},
				"up": {"uv": [8.75, 1.25, 10.75, 1], "texture": "#0"},
				"down": {"uv": [8.75, 1.25, 10.75, 1.5], "texture": "#0"}
			}
		},
		{
			"from": [10.13557, 11.00038, 6.16626],
			"to": [11.23557, 13.50038, 7.26626],
			"shade": false,
			"rotation": {"angle": -22.5, "axis": "z", "origin": [10.26419, 13.54143, 6.71626]},
			"faces": {
				"north": {"uv": [3.25, 10.75, 3, 11.5], "texture": "#0"},
				"east": {"uv": [4.75, 10.75, 4.5, 11.5], "texture": "#0"},
				"south": {"uv": [4.5, 10.75, 4.25, 11.5], "texture": "#0"},
				"west": {"uv": [11, 3, 10.75, 3.75], "texture": "#0"},
				"up": {"uv": [11.25, 5.75, 11.5, 5.5], "texture": "#0"},
				"down": {"uv": [5.75, 11.25, 6, 11.5], "texture": "#0"}
			}
		},
		{
			"from": [10.17203, 12.82553, 6.41626],
			"to": [10.92203, 14.57553, 7.01626],
			"shade": false,
			"rotation": {"angle": 22.5, "axis": "z", "origin": [10.26419, 13.54143, 6.71626]},
			"faces": {
				"north": {"uv": [11.25, 2.25, 11, 2.75], "texture": "#0"},
				"east": {"uv": [3.75, 11, 3.5, 11.5], "texture": "#0"},
				"south": {"uv": [3.5, 11, 3.25, 11.5], "texture": "#0"},
				"west": {"uv": [11.25, 3, 11, 3.5], "texture": "#0"},
				"up": {"uv": [11.25, 6.25, 11.5, 6], "texture": "#0"},
				"down": {"uv": [11.25, 6.25, 11.5, 6.5], "texture": "#0"}
			}
		},
		{
			"from": [9.07909, 14.0935, 6.41626],
			"to": [9.82909, 15.8435, 7.01626],
			"shade": false,
			"rotation": {"angle": -45, "axis": "z", "origin": [9.87547, 13.42745, 6.71626]},
			"faces": {
				"north": {"uv": [4, 11, 3.75, 11.5], "texture": "#0"},
				"east": {"uv": [11.25, 4.5, 11, 5], "texture": "#0"},
				"south": {"uv": [11.25, 4, 11, 4.5], "texture": "#0"},
				"west": {"uv": [4.25, 11, 4, 11.5], "texture": "#0"},
				"up": {"uv": [11.25, 6.75, 11.5, 6.5], "texture": "#0"},
				"down": {"uv": [11.25, 6.75, 11.5, 7], "texture": "#0"}
			}
		},
		{
			"from": [7.35943, 9.4374, 6.36626],
			"to": [8.45943, 13.6874, 7.46626],
			"shade": false,
			"rotation": {"angle": 22.5, "axis": "z", "origin": [7.90943, 10.6874, 6.91626]},
			"faces": {
				"north": {"uv": [5.5, 10.5, 5.25, 11.5], "texture": "#0"},
				"east": {"uv": [7.5, 10.5, 7.25, 11.5], "texture": "#0"},
				"south": {"uv": [10.75, 7, 10.5, 8], "texture": "#0"},
				"west": {"uv": [7.25, 10.5, 7, 11.5], "texture": "#0"},
				"up": {"uv": [11.25, 8, 11.5, 7.75], "texture": "#0"},
				"down": {"uv": [11.25, 8, 11.5, 8.25], "texture": "#0"}
			}
		},
		{
			"from": [7.36747, 12.95465, 6.36626],
			"to": [8.46747, 16.70465, 7.46626],
			"shade": false,
			"rotation": {"angle": -22.5, "axis": "z", "origin": [7.54916, 15.90239, 6.91626]},
			"faces": {
				"north": {"uv": [10.75, 8, 10.5, 9], "texture": "#0"},
				"east": {"uv": [10.5, 10.5, 10.25, 11.5], "texture": "#0"},
				"south": {"uv": [10.25, 10.5, 10, 11.5], "texture": "#0"},
				"west": {"uv": [10, 10.5, 9.75, 11.5], "texture": "#0"},
				"up": {"uv": [8.25, 11.5, 8.5, 11.25], "texture": "#0"},
				"down": {"uv": [11.25, 8.25, 11.5, 8.5], "texture": "#0"}
			}
		},
		{
			"from": [7.3434, 16.46085, 6.61626],
			"to": [8.0934, 18.71085, 7.21626],
			"shade": false,
			"rotation": {"angle": 22.5, "axis": "z", "origin": [8.0755, 16.98376, 6.91626]},
			"faces": {
				"north": {"uv": [6.5, 11, 6.25, 11.5], "texture": "#0"},
				"east": {"uv": [7, 11, 6.75, 11.5], "texture": "#0"},
				"south": {"uv": [11.25, 6.5, 11, 7], "texture": "#0"},
				"west": {"uv": [6.75, 11, 6.5, 11.5], "texture": "#0"},
				"up": {"uv": [8.5, 11.5, 8.75, 11.25], "texture": "#0"},
				"down": {"uv": [11.25, 8.5, 11.5, 8.75], "texture": "#0"}
			}
		},
		{
			"from": [8.39341, 16.33328, 6.61626],
			"to": [9.14341, 17.83328, 7.21626],
			"shade": false,
			"rotation": {"angle": -45, "axis": "z", "origin": [8.0755, 16.98376, 6.91626]},
			"faces": {
				"north": {"uv": [11.25, 7, 11, 7.5], "texture": "#0"},
				"east": {"uv": [8.25, 11, 8, 11.5], "texture": "#0"},
				"south": {"uv": [8, 11, 7.75, 11.5], "texture": "#0"},
				"west": {"uv": [11.25, 7.5, 11, 8], "texture": "#0"},
				"up": {"uv": [8.75, 11.5, 9, 11.25], "texture": "#0"},
				"down": {"uv": [11.25, 8.75, 11.5, 9], "texture": "#0"}
			}
		},
		{
			"from": [11.10541, 7.88151, 7.34126],
			"to": [11.10541, 9.68151, 11.09126],
			"shade": false,
			"rotation": {"angle": -22.5, "axis": "y", "origin": [11.10541, 8.78151, 9.21626]},
			"faces": {
				"east": {"uv": [15, 1.5, 15.75, 0], "rotation": 90, "texture": "#0"},
				"west": {"uv": [15, 1.5, 15.75, 0], "rotation": 90, "texture": "#0"}
			}
		},
		{
			"from": [1.26256, -0.34835, 5.75],
			"to": [6.76256, 1.65165, 7.5],
			"shade": false,
			"rotation": {"angle": -45, "axis": "z", "origin": [4.01256, 0.65165, 8]},
			"faces": {
				"north": {"uv": [7, 4, 8.5, 4.5], "texture": "#0"},
				"east": {"uv": [1, 9.75, 1.5, 10.25], "texture": "#0"},
				"south": {"uv": [4.5, 7, 6, 7.5], "texture": "#0"},
				"west": {"uv": [9.75, 3.5, 10.25, 4], "texture": "#0"},
				"up": {"uv": [8.5, 5, 7, 4.5], "texture": "#0"},
				"down": {"uv": [8.5, 5, 7, 5.5], "texture": "#0"}
			}
		},
		{
			"from": [1.26256, -0.34835, 8.5],
			"to": [6.76256, 1.65165, 10.25],
			"shade": false,
			"rotation": {"angle": -45, "axis": "z", "origin": [4.01256, 0.65165, 8]},
			"faces": {
				"north": {"uv": [6, 7, 7.5, 7.5], "texture": "#0"},
				"east": {"uv": [4.25, 9.75, 4.75, 10.25], "texture": "#0"},
				"south": {"uv": [7.25, 0, 8.75, 0.5], "texture": "#0"},
				"west": {"uv": [5.5, 9.75, 6, 10.25], "texture": "#0"},
				"up": {"uv": [8.75, 1, 7.25, 0.5], "texture": "#0"},
				"down": {"uv": [8.75, 1, 7.25, 1.5], "texture": "#0"}
			}
		},
		{
			"from": [-1.92545, -1.36836, 7.25],
			"to": [5.57455, 0.63164, 8.75],
			"shade": false,
			"rotation": {"angle": -22.5, "axis": "z", "origin": [3.82455, -0.86836, 7]},
			"faces": {
				"north": {"uv": [6.25, 2, 8.25, 2.5], "texture": "#0"},
				"east": {"uv": [6, 9.75, 6.5, 10.25], "texture": "#0"},
				"south": {"uv": [6.25, 2.5, 8.25, 3], "texture": "#0"},
				"west": {"uv": [6.5, 9.75, 7, 10.25], "texture": "#0"},
				"up": {"uv": [8.25, 3.5, 6.25, 3], "texture": "#0"},
				"down": {"uv": [8.25, 5.5, 6.25, 6], "texture": "#0"}
			}
		},
		{
			"from": [15.45541, 5.40651, 6.71626],
			"to": [17.25541, 9.15651, 6.71626],
			"shade": false,
			"rotation": {"angle": -45, "axis": "z", "origin": [16.35541, 7.28151, 6.71626]},
			"faces": {
				"north": {"uv": [14.75, 0, 14, 1.5], "texture": "#0"},
				"south": {"uv": [14.75, 1.5, 14, 0], "rotation": 180, "texture": "#0"}
			}
		},
		{
			"from": [10.98041, 9.68151, 6.81626],
			"to": [14.73041, 9.68151, 8.61626],
			"shade": false,
			"rotation": {"angle": 45, "axis": "z", "origin": [12.85541, 9.68151, 7.71626]},
			"faces": {
				"up": {"uv": [15, 0, 15.75, 1.5], "rotation": 90, "texture": "#0"},
				"down": {"uv": [15, 1.5, 15.75, 0], "rotation": 270, "texture": "#0"}
			}
		},
		{
			"from": [11.05541, 15.10651, 6.71626],
			"to": [12.35541, 17.85651, 6.71626],
			"shade": false,
			"rotation": {"angle": -22.5, "axis": "z", "origin": [11.70541, 16.98151, 6.71626]},
			"faces": {
				"north": {"uv": [15, 0, 15.75, 1.5], "texture": "#0"},
				"south": {"uv": [15, 1.5, 15.75, 0], "rotation": 180, "texture": "#0"}
			}
		},
		{
			"from": [11.70541, 14.33151, 4.09126],
			"to": [11.70541, 15.63151, 6.84126],
			"shade": false,
			"rotation": {"angle": -22.5, "axis": "y", "origin": [11.70541, 14.98151, 4.96626]},
			"faces": {
				"east": {"uv": [15.75, 1.5, 15, 0], "rotation": 270, "texture": "#0"},
				"west": {"uv": [15.75, 0, 15, 1.5], "rotation": 270, "texture": "#0"}
			}
		},
		{
			"from": [5.30541, 17.65651, 6.71626],
			"to": [6.60541, 20.40651, 6.71626],
			"shade": false,
			"rotation": {"angle": 45, "axis": "z", "origin": [5.95541, 19.53151, 6.71626]},
			"faces": {
				"north": {"uv": [15, 0, 15.75, 1.5], "rotation": 180, "texture": "#0"},
				"south": {"uv": [15.75, 0, 15, 1.5], "texture": "#0"}
			}
		},
		{
			"from": [8.80896, 16.75296, 6.71626],
			"to": [10.10896, 19.50296, 6.71626],
			"shade": false,
			"rotation": {"angle": -22.5, "axis": "z", "origin": [9.45896, 18.12796, 6.71626]},
			"faces": {
				"north": {"uv": [15, 0, 15.75, 1.5], "rotation": 180, "texture": "#0"},
				"south": {"uv": [15.75, 0, 15, 1.5], "texture": "#0"}
			}
		},
		{
			"from": [4.45541, -0.59349, 4.96626],
			"to": [6.25541, 3.15651, 4.96626],
			"shade": false,
			"rotation": {"angle": 45, "axis": "z", "origin": [5.35541, 1.28151, 4.96626]},
			"faces": {
				"north": {"uv": [14.75, 0, 14, 1.5], "texture": "#0"},
				"south": {"uv": [14.75, 1.5, 14, 0], "rotation": 180, "texture": "#0"}
			}
		},
		{
			"from": [5.10541, -0.61849, 1.79126],
			"to": [5.10541, 1.18151, 5.54126],
			"shade": false,
			"rotation": {"angle": 45, "axis": "y", "origin": [5.10541, 0.28151, 3.66626]},
			"faces": {
				"east": {"uv": [14, 1.5, 14.75, 0], "rotation": 270, "texture": "#0"},
				"west": {"uv": [14, 0, 14.75, 1.5], "rotation": 270, "texture": "#0"}
			}
		},
		{
			"from": [3.63581, 7.72553, 7.1259],
			"to": [4.23581, 9.47553, 7.8759],
			"shade": false,
			"rotation": {"angle": 22.5, "axis": "x", "origin": [3.93581, 8.44143, 7.78374]},
			"faces": {
				"north": {"uv": [1.25, 11, 1, 11.5], "texture": "#0"},
				"east": {"uv": [1, 11, 0.75, 11.5], "texture": "#0"},
				"south": {"uv": [0.5, 11, 0.25, 11.5], "texture": "#0"},
				"west": {"uv": [1.5, 11, 1.25, 11.5], "texture": "#0"},
				"up": {"uv": [11.5, 3.25, 11.25, 3.5], "texture": "#0"},
				"down": {"uv": [11.5, 4, 11.25, 3.75], "texture": "#0"}
			}
		},
		{
			"from": [3.63581, 9.10749, 7.83012],
			"to": [4.23581, 10.35749, 8.58012],
			"shade": false,
			"rotation": {"angle": -22.5, "axis": "x", "origin": [3.93581, 8.44143, 7.78374]},
			"faces": {
				"north": {"uv": [11.5, 4.5, 11.25, 4.75], "texture": "#0"},
				"east": {"uv": [11.5, 4.25, 11.25, 4.5], "texture": "#0"},
				"south": {"uv": [11.5, 4, 11.25, 4.25], "texture": "#0"},
				"west": {"uv": [5, 11.25, 4.75, 11.5], "texture": "#0"},
				"up": {"uv": [11.5, 4.75, 11.25, 5], "texture": "#0"},
				"down": {"uv": [5.75, 11.5, 5.5, 11.25], "texture": "#0"}
			}
		},
		{
			"from": [3.38581, 5.90038, 6.81235],
			"to": [4.48581, 8.40038, 7.91235],
			"shade": false,
			"rotation": {"angle": -22.5, "axis": "x", "origin": [3.93581, 8.44143, 7.78374]},
			"faces": {
				"north": {"uv": [2.75, 10.75, 2.5, 11.5], "texture": "#0"},
				"east": {"uv": [2.5, 10.75, 2.25, 11.5], "texture": "#0"},
				"south": {"uv": [1.75, 10.75, 1.5, 11.5], "texture": "#0"},
				"west": {"uv": [3, 10.75, 2.75, 11.5], "texture": "#0"},
				"up": {"uv": [11.5, 2.75, 11.25, 3], "texture": "#0"},
				"down": {"uv": [11.5, 3.25, 11.25, 3], "texture": "#0"}
			}
		},
		{
			"from": [4.64459, 9.38151, 4.15874],
			"to": [4.64459, 11.18151, 7.90874],
			"shade": false,
			"rotation": {"angle": -22.5, "axis": "y", "origin": [4.64459, 10.28151, 6.03374]},
			"faces": {
				"east": {"uv": [15, 1.5, 15.75, 0], "rotation": 90, "texture": "#0"},
				"west": {"uv": [15, 1.5, 15.75, 0], "rotation": 90, "texture": "#0"}
			}
		},
		{
			"from": [1.01959, 11.18151, 6.63374],
			"to": [4.76959, 11.18151, 8.43374],
			"shade": false,
			"rotation": {"angle": -45, "axis": "z", "origin": [2.89459, 11.18151, 7.53374]},
			"faces": {
				"up": {"uv": [15.75, 1.5, 15, 0], "rotation": 90, "texture": "#0"},
				"down": {"uv": [15.75, 0, 15, 1.5], "rotation": 270, "texture": "#0"}
			}
		},
		{
			"from": [-0.25541, 6.15651, 9.21626],
			"to": [1.54459, 9.90651, 9.21626],
			"shade": false,
			"rotation": {"angle": 45, "axis": "z", "origin": [0.64459, 8.03151, 9.21626]},
			"faces": {
				"north": {"uv": [14, 0, 14.75, 1.5], "texture": "#0"},
				"south": {"uv": [14, 1.5, 14.75, 0], "rotation": 180, "texture": "#0"}
			}
		},
		{
			"from": [0.39459, 5.88151, 8.84126],
			"to": [0.39459, 7.68151, 12.59126],
			"shade": false,
			"rotation": {"angle": -45, "axis": "y", "origin": [0.39459, 6.78151, 10.71626]},
			"faces": {
				"east": {"uv": [14, 0, 14.75, 1.5], "rotation": 90, "texture": "#0"},
				"west": {"uv": [14, 0, 14.75, 1.5], "rotation": 90, "texture": "#0"}
			}
		},
		{
			"from": [1.44467, 6.38193, 8.98374],
			"to": [2.69467, 7.13193, 9.58374],
			"shade": false,
			"rotation": {"angle": 0, "axis": "z", "origin": [2.55895, 6.50249, 9.28374]},
			"faces": {
				"north": {"uv": [11.25, 11, 11, 11.25], "texture": "#0"},
				"east": {"uv": [11.25, 10.75, 11, 11], "texture": "#0"},
				"south": {"uv": [11.25, 9.75, 11, 10], "texture": "#0"},
				"west": {"uv": [11.5, 0, 11.25, 0.25], "texture": "#0"},
				"up": {"uv": [11.5, 0.25, 11.25, 0.5], "texture": "#0"},
				"down": {"uv": [11.5, 1, 11.25, 0.75], "texture": "#0"}
			}
		},
		{
			"from": [2.35, 5.1016, 8.98374],
			"to": [3.1, 6.8516, 9.58374],
			"shade": false,
			"rotation": {"angle": 45, "axis": "z", "origin": [2.55895, 6.50249, 9.28374]},
			"faces": {
				"north": {"uv": [0.25, 11, 0, 11.5], "texture": "#0"},
				"east": {"uv": [11, 10.75, 10.75, 11.25], "texture": "#0"},
				"south": {"uv": [10.75, 10.75, 10.5, 11.25], "texture": "#0"},
				"west": {"uv": [11.25, 0, 11, 0.5], "texture": "#0"},
				"up": {"uv": [11.5, 2.25, 11.25, 2.5], "texture": "#0"},
				"down": {"uv": [11.5, 2.75, 11.25, 2.5], "texture": "#0"}
			}
		},
		{
			"from": [4.85689, 7.8054, 8.46626],
			"to": [12.85689, 9.3054, 9.96626],
			"shade": false,
			"rotation": {"angle": -45, "axis": "z", "origin": [8.85689, 8.5554, 9.21626]},
			"faces": {
				"north": {"uv": [2.5, 6.5, 0.5, 7], "texture": "#0"},
				"east": {"uv": [2, 11, 1.75, 11.5], "texture": "#0"},
				"south": {"uv": [8.25, 6, 6.25, 6.5], "texture": "#0"},
				"west": {"uv": [2.25, 11, 2, 11.5], "texture": "#0"},
				"up": {"uv": [10.75, 1, 8.75, 1.25], "texture": "#0"},
				"down": {"uv": [10.75, 1.5, 8.75, 1.25], "texture": "#0"}
			}
		},
		{
			"from": [7.54057, 9.4374, 8.53374],
			"to": [8.64057, 13.6874, 9.63374],
			"shade": false,
			"rotation": {"angle": -22.5, "axis": "z", "origin": [8.09057, 10.6874, 9.08374]},
			"faces": {
				"north": {"uv": [10.75, 7, 10.5, 8], "texture": "#0"},
				"east": {"uv": [7.25, 10.5, 7, 11.5], "texture": "#0"},
				"south": {"uv": [5.5, 10.5, 5.25, 11.5], "texture": "#0"},
				"west": {"uv": [7.5, 10.5, 7.25, 11.5], "texture": "#0"},
				"up": {"uv": [11.5, 7.75, 11.25, 8], "texture": "#0"},
				"down": {"uv": [11.5, 8.25, 11.25, 8], "texture": "#0"}
			}
		},
		{
			"from": [7.53253, 12.95465, 8.53374],
			"to": [8.63253, 16.70465, 9.63374],
			"shade": false,
			"rotation": {"angle": 22.5, "axis": "z", "origin": [8.45084, 15.90239, 9.08374]},
			"faces": {
				"north": {"uv": [10.25, 10.5, 10, 11.5], "texture": "#0"},
				"east": {"uv": [10, 10.5, 9.75, 11.5], "texture": "#0"},
				"south": {"uv": [10.75, 8, 10.5, 9], "texture": "#0"},
				"west": {"uv": [10.5, 10.5, 10.25, 11.5], "texture": "#0"},
				"up": {"uv": [8.5, 11.25, 8.25, 11.5], "texture": "#0"},
				"down": {"uv": [11.5, 8.5, 11.25, 8.25], "texture": "#0"}
			}
		},
		{
			"from": [7.9066, 16.46085, 8.78374],
			"to": [8.6566, 18.71085, 9.38374],
			"shade": false,
			"rotation": {"angle": -22.5, "axis": "z", "origin": [7.9245, 16.98376, 9.08374]},
			"faces": {
				"north": {"uv": [11.25, 6.5, 11, 7], "texture": "#0"},
				"east": {"uv": [6.75, 11, 6.5, 11.5], "texture": "#0"},
				"south": {"uv": [6.5, 11, 6.25, 11.5], "texture": "#0"},
				"west": {"uv": [7, 11, 6.75, 11.5], "texture": "#0"},
				"up": {"uv": [8.75, 11.25, 8.5, 11.5], "texture": "#0"},
				"down": {"uv": [11.5, 8.75, 11.25, 8.5], "texture": "#0"}
			}
		},
		{
			"from": [9.39459, 17.65651, 9.28374],
			"to": [10.69459, 20.40651, 9.28374],
			"shade": false,
			"rotation": {"angle": -45, "axis": "z", "origin": [10.04459, 19.53151, 9.28374]},
			"faces": {
				"north": {"uv": [15.75, 0, 15, 1.5], "texture": "#0"},
				"south": {"uv": [15, 0, 15.75, 1.5], "rotation": 180, "texture": "#0"}
			}
		},
		{
			"from": [6.85659, 16.33328, 8.78374],
			"to": [7.60659, 17.83328, 9.38374],
			"shade": false,
			"rotation": {"angle": 45, "axis": "z", "origin": [7.9245, 16.98376, 9.08374]},
			"faces": {
				"north": {"uv": [8, 11, 7.75, 11.5], "texture": "#0"},
				"east": {"uv": [11.25, 7.5, 11, 8], "texture": "#0"},
				"south": {"uv": [11.25, 7, 11, 7.5], "texture": "#0"},
				"west": {"uv": [8.25, 11, 8, 11.5], "texture": "#0"},
				"up": {"uv": [9, 11.25, 8.75, 11.5], "texture": "#0"},
				"down": {"uv": [11.5, 9, 11.25, 8.75], "texture": "#0"}
			}
		},
		{
			"from": [5.89104, 16.75296, 9.28374],
			"to": [7.19104, 19.50296, 9.28374],
			"shade": false,
			"rotation": {"angle": 22.5, "axis": "z", "origin": [6.54104, 18.12796, 9.28374]},
			"faces": {
				"north": {"uv": [15.75, 0, 15, 1.5], "texture": "#0"},
				"south": {"uv": [15, 0, 15.75, 1.5], "rotation": 180, "texture": "#0"}
			}
		},
		{
			"from": [4.76443, 11.00038, 8.73374],
			"to": [5.86443, 13.50038, 9.83374],
			"shade": false,
			"rotation": {"angle": 22.5, "axis": "z", "origin": [5.73581, 13.54143, 9.28374]},
			"faces": {
				"north": {"uv": [4.5, 10.75, 4.25, 11.5], "texture": "#0"},
				"east": {"uv": [11, 3, 10.75, 3.75], "texture": "#0"},
				"south": {"uv": [3.25, 10.75, 3, 11.5], "texture": "#0"},
				"west": {"uv": [4.75, 10.75, 4.5, 11.5], "texture": "#0"},
				"up": {"uv": [11.5, 5.5, 11.25, 5.75], "texture": "#0"},
				"down": {"uv": [6, 11.5, 5.75, 11.25], "texture": "#0"}
			}
		},
		{
			"from": [5.07797, 12.82553, 8.98374],
			"to": [5.82797, 14.57553, 9.58374],
			"shade": false,
			"rotation": {"angle": -22.5, "axis": "z", "origin": [5.73581, 13.54143, 9.28374]},
			"faces": {
				"north": {"uv": [3.5, 11, 3.25, 11.5], "texture": "#0"},
				"east": {"uv": [11.25, 3, 11, 3.5], "texture": "#0"},
				"south": {"uv": [11.25, 2.25, 11, 2.75], "texture": "#0"},
				"west": {"uv": [3.75, 11, 3.5, 11.5], "texture": "#0"},
				"up": {"uv": [11.5, 6, 11.25, 6.25], "texture": "#0"},
				"down": {"uv": [11.5, 6.5, 11.25, 6.25], "texture": "#0"}
			}
		},
		{
			"from": [6.17091, 14.0935, 8.98374],
			"to": [6.92091, 15.8435, 9.58374],
			"shade": false,
			"rotation": {"angle": 45, "axis": "z", "origin": [6.12453, 13.42745, 9.28374]},
			"faces": {
				"north": {"uv": [11.25, 4, 11, 4.5], "texture": "#0"},
				"east": {"uv": [4.25, 11, 4, 11.5], "texture": "#0"},
				"south": {"uv": [4, 11, 3.75, 11.5], "texture": "#0"},
				"west": {"uv": [11.25, 4.5, 11, 5], "texture": "#0"},
				"up": {"uv": [11.5, 6.5, 11.25, 6.75], "texture": "#0"},
				"down": {"uv": [11.5, 7, 11.25, 6.75], "texture": "#0"}
			}
		},
		{
			"from": [4.29459, 14.33151, 9.15874],
			"to": [4.29459, 15.63151, 11.90874],
			"shade": false,
			"rotation": {"angle": -22.5, "axis": "y", "origin": [4.29459, 14.98151, 11.03374]},
			"faces": {
				"east": {"uv": [15.75, 0, 15, 1.5], "rotation": 270, "texture": "#0"},
				"west": {"uv": [15.75, 1.5, 15, 0], "rotation": 270, "texture": "#0"}
			}
		},
		{
			"from": [3.64459, 15.10651, 9.28374],
			"to": [4.94459, 17.85651, 9.28374],
			"shade": false,
			"rotation": {"angle": 22.5, "axis": "z", "origin": [4.29459, 16.98151, 9.28374]},
			"faces": {
				"north": {"uv": [15, 1.5, 15.75, 0], "rotation": 180, "texture": "#0"},
				"south": {"uv": [15, 0, 15.75, 1.5], "texture": "#0"}
			}
		},
		{
			"from": [10.47604, 5.03332, 5.96626],
			"to": [11.97604, 6.53332, 9.96626],
			"shade": false,
			"rotation": {"angle": -22.5, "axis": "z", "origin": [11.22604, 3.40832, 6.71626]},
			"faces": {
				"north": {"uv": [11, 5.75, 10.5, 6.25], "texture": "#0"},
				"east": {"uv": [8.5, 8.5, 7.5, 9], "texture": "#0"},
				"south": {"uv": [11, 5, 10.5, 5.5], "texture": "#0"},
				"west": {"uv": [9.5, 8, 8.5, 8.5], "texture": "#0"},
				"up": {"uv": [9, 8.5, 8.5, 9.5], "texture": "#0"},
				"down": {"uv": [9.25, 1, 8.75, 0], "texture": "#0"}
			}
		},
		{
			"name": "ef",
			"from": [9.5, 3, 10.5],
			"to": [14.5, 16, 10.5],
			"shade": false,
			"rotation": {"angle": -22.5, "axis": "y", "origin": [12, 9.5, 10.5]},
			"faces": {
				"north": {"uv": [12.5, 9, 15.25, 16], "texture": "#1"},
				"south": {"uv": [15.25, 9, 12.5, 16], "texture": "#1"}
			}
		},
		{
			"name": "ef",
			"from": [2, 5, 6],
			"to": [7, 20, 6],
			"shade": false,
			"rotation": {"angle": -22.5, "axis": "y", "origin": [4.5, 12.5, 6]},
			"faces": {
				"north": {"uv": [11.25, 9, 8.5, 16], "texture": "#1"},
				"south": {"uv": [8.5, 9, 11.25, 16], "texture": "#1"}
			}
		},
		{
			"name": "ef",
			"from": [-3, 1.5, 9],
			"to": [3, 14.5, 9],
			"shade": false,
			"rotation": {"angle": 22.5, "axis": "y", "origin": [0.5, 12.5, 9]},
			"faces": {
				"north": {"uv": [7.25, 8.75, 4.5, 15.75], "texture": "#1"},
				"south": {"uv": [4.5, 8.75, 7.25, 15.75], "texture": "#1"}
			}
		},
		{
			"name": "ef",
			"from": [13, 1.5, 7],
			"to": [19, 14.5, 7],
			"shade": false,
			"rotation": {"angle": 22.5, "axis": "y", "origin": [15.5, 12.5, 7]},
			"faces": {
				"north": {"uv": [4.5, 8.75, 7.25, 15.75], "texture": "#1"},
				"south": {"uv": [7.25, 8.75, 4.5, 15.75], "texture": "#1"}
			}
		},
		{
			"name": "efc1",
			"from": [6.52997, -1.26, 4.45129],
			"to": [9.46997, 32, 4.45129],
			"shade": false,
			"rotation": {"angle": 45, "axis": "y", "origin": [7.9999, 15.37, 7.99994]},
			"faces": {
				"north": {"uv": [0, 0, 1, 7.75], "texture": "#1"},
				"south": {"uv": [1, 0, 0, 7.75], "texture": "#1"}
			}
		},
		{
			"name": "efc1",
			"from": [6.53027, -1.26, 11.54878],
			"to": [9.47027, 32, 11.54878],
			"shade": false,
			"rotation": {"angle": 45, "axis": "y", "origin": [7.9999, 15.37, 7.99994]},
			"faces": {
				"north": {"uv": [5, 0, 4, 7.75], "texture": "#1"},
				"south": {"uv": [4, 0, 5, 7.75], "texture": "#1"}
			}
		},
		{
			"name": "efc1",
			"from": [4.45135, -1.26, 6.52976],
			"to": [4.45135, 32, 9.46976],
			"shade": false,
			"rotation": {"angle": 0, "axis": "y", "origin": [7.9999, 15.37, 7.99994]},
			"faces": {
				"east": {"uv": [2, 0, 1, 7.75], "texture": "#1"},
				"west": {"uv": [1, 0, 2, 7.75], "texture": "#1"}
			}
		},
		{
			"name": "efc1",
			"from": [6.52982, -1.26, 11.54824],
			"to": [9.46982, 32, 11.54824],
			"shade": false,
			"rotation": {"angle": 0, "axis": "y", "origin": [7.9999, 15.37, 7.99994]},
			"faces": {
				"north": {"uv": [4, 0, 3, 7.75], "texture": "#1"},
				"south": {"uv": [3, 0, 4, 7.75], "texture": "#1"}
			}
		},
		{
			"name": "efc1",
			"from": [4.4515, -1.26, 6.52976],
			"to": [4.4515, 32, 9.46976],
			"shade": false,
			"rotation": {"angle": 45, "axis": "y", "origin": [7.9999, 15.37, 7.99994]},
			"faces": {
				"east": {"uv": [3, 0, 2, 7.75], "texture": "#1"},
				"west": {"uv": [2, 0, 3, 7.75], "texture": "#1"}
			}
		},
		{
			"name": "efc1",
			"from": [11.5483, -1.26, 6.52976],
			"to": [11.5483, 32, 9.46976],
			"shade": false,
			"rotation": {"angle": 0, "axis": "y", "origin": [7.9999, 15.37, 7.99994]},
			"faces": {
				"east": {"uv": [5, 0, 6, 7.75], "texture": "#1"},
				"west": {"uv": [6, 0, 5, 7.75], "texture": "#1"}
			}
		},
		{
			"name": "efc1",
			"from": [11.54844, -1.26, 6.52976],
			"to": [11.54844, 32, 9.46976],
			"shade": false,
			"rotation": {"angle": 45, "axis": "y", "origin": [7.9999, 15.37, 7.99994]},
			"faces": {
				"east": {"uv": [6, 0, 7, 7.75], "texture": "#1"},
				"west": {"uv": [7, 0, 6, 7.75], "texture": "#1"}
			}
		},
		{
			"name": "efc1",
			"from": [6.52982, -1.26, 4.45129],
			"to": [9.46982, 32, 4.45129],
			"shade": false,
			"rotation": {"angle": 0, "axis": "y", "origin": [7.9999, 15.37, 7.99994]},
			"faces": {
				"north": {"uv": [7, 0, 7.75, 7.75], "texture": "#1"},
				"south": {"uv": [7.75, 0, 7, 7.75], "texture": "#1"}
			}
		}
	],
	"gui_light": "front",
	"display": {
		"thirdperson_righthand": {
			"rotation": [0, 90, 0],
			"translation": [0, 8, 2.5],
			"scale": [0.7, 0.7, 0.7]
		},
		"thirdperson_lefthand": {
			"rotation": [0, 90, 0],
			"translation": [0, 8, 2.5],
			"scale": [0.7, 0.7, 0.7]
		},
		"firstperson_righthand": {
			"rotation": [-148.9, -79.54, -152.06],
			"translation": [23.5, -5, -21.25]
		},
		"firstperson_lefthand": {
			"rotation": [-148.9, -79.54, -152.06],
			"translation": [23.5, -5, -21.25]
		},
		"ground": {
			"rotation": [0, 0, 45],
			"translation": [0, 4.5, 0],
			"scale": [0.3, 0.3, 0.3]
		},
		"gui": {
			"rotation": [-180, 0, -135],
			"translation": [0.25, 0.25, 0],
			"scale": [0.45, 0.45, 0.45]
		},
		"head": {
			"scale": [0, 0, 0]
		},
		"fixed": {
			"scale": [0.45, 0.45, 0.45]
		}
	},
	"groups": [
		{
			"name": "group",
			"origin": [11.22604, 3.40832, 6.71626],
			"color": 0,
			"shade": false,
			"children": [
				0,
				1,
				2,
				3,
				4,
				5,
				6,
				7,
				8,
				9,
				10,
				11,
				12,
				13,
				14,
				15,
				16,
				17,
				18,
				19,
				20,
				21,
				22,
				23,
				24,
				25,
				26,
				27,
				28,
				29,
				30,
				31,
				32,
				33,
				34,
				35,
				36,
				37,
				38,
				39,
				40,
				41,
				42,
				43,
				44,
				45,
				46,
				47,
				48,
				49,
				50,
				51,
				52,
				53,
				54,
				55,
				56,
				57,
				58,
				59,
				60,
				61,
				62,
				63,
				64,
				65,
				66,
				67,
				68,
				69,
				70,
				71,
				72,
				73,
				74,
				75,
				76,
				77,
				78,
				79,
				80,
				81,
				82,
				83,
				84
			]
		},
		85,
		86,
		87,
		88,
		89,
		90,
		91,
		92,
		93,
		94,
		95,
		96
	]
}