{"textures":{"0":"modelengine:entity/capybara"},"elements":[{"from":[5.55,1.0,5.5],"to":[10.45,8.0,10.5],"faces":{"east":{"uv":[6.5,10.375,7.125,11.25],"tintindex":0,"rotation":0,"texture":"#0"},"south":{"uv":[7.25,10.375,7.875,11.25],"tintindex":0,"rotation":0,"texture":"#0"},"north":{"uv":[3.75,10.25,4.375,11.125],"tintindex":0,"rotation":0,"texture":"#0"},"west":{"uv":[8.0,10.375,8.625,11.25],"tintindex":0,"rotation":0,"texture":"#0"},"up":{"uv":[11.75,4.375,11.125,3.75],"tintindex":0,"rotation":0,"texture":"#0"},"down":{"uv":[5.125,11.125,4.5,11.75],"tintindex":0,"rotation":0,"texture":"#0"}}}]}