{"textures":{"0":"modelengine:entity/capybara"},"elements":[{"from":[5.0,0.75,4.5000005],"to":[12.0,8.75,11.5],"faces":{"east":{"uv":[9.875,5.5,10.75,6.5],"tintindex":0,"rotation":0,"texture":"#0"},"south":{"uv":[8.75,9.875,9.625,10.875],"tintindex":0,"rotation":0,"texture":"#0"},"north":{"uv":[5.5,9.75,6.375,10.75],"tintindex":0,"rotation":0,"texture":"#0"},"west":{"uv":[9.75,9.875,10.625,10.875],"tintindex":0,"rotation":0,"texture":"#0"},"up":{"uv":[10.0,1.625,9.125,0.75],"tintindex":0,"rotation":0,"texture":"#0"},"down":{"uv":[11.0,4.125,10.125,5.0],"tintindex":0,"rotation":0,"texture":"#0"}}}]}