{
	"credit": "Made with Blockbench",
	"texture_size": [32, 32],
	"textures": {
		"1": "item/lightning/lightning_ef_long",
		"2": "item/lightning/lightning_fishing_rod",
		"particle": "item/lightning/lightning_fishing_rod"
	},
	"elements": [
		{
			"from": [9, 3.25, 7],
			"to": [12, 6.25, 9],
			"shade": false,
			"rotation": {"angle": 0, "axis": "y", "origin": [10.5, 4.75, 8]},
			"faces": {
				"north": {"uv": [3, 0, 4.5, 1.5], "texture": "#2"},
				"south": {"uv": [3, 1.5, 4.5, 3], "texture": "#2"}
			}
		},
		{
			"from": [9, 5.11062, 6.81486],
			"to": [12, 6.52562, 8.22986],
			"shade": false,
			"rotation": {"angle": -45, "axis": "x", "origin": [10.5, 6.61062, 7.23986]},
			"faces": {
				"east": {"uv": [9.5, 9.5, 10.25, 10.25], "texture": "#2"},
				"south": {"uv": [5.5, 8, 7, 8.75], "texture": "#2"},
				"west": {"uv": [10, 0, 10.75, 0.75], "texture": "#2"},
				"up": {"uv": [8.5, 8.75, 7, 8], "texture": "#2"}
			}
		},
		{
			"from": [9, 2.11062, 6.81486],
			"to": [12, 3.52562, 8.22986],
			"shade": false,
			"rotation": {"angle": -45, "axis": "x", "origin": [10.5, 3.61062, 7.23986]},
			"faces": {
				"north": {"uv": [0, 8.5, 1.5, 9.25], "texture": "#2"},
				"east": {"uv": [1.5, 10, 2.25, 10.75], "texture": "#2"},
				"west": {"uv": [2.5, 10, 3.25, 10.75], "texture": "#2"},
				"down": {"uv": [10, 0, 8.5, 0.75], "texture": "#2"}
			}
		},
		{
			"from": [10.85316, 3.25, 6.23184],
			"to": [12.26816, 6.25, 7.64684],
			"shade": false,
			"rotation": {"angle": -45, "axis": "y", "origin": [10.5, 4.75, 8]},
			"faces": {
				"north": {"uv": [8.5, 1, 9.25, 2.5], "texture": "#2"},
				"east": {"uv": [2.5, 8.5, 3.25, 10], "texture": "#2"},
				"up": {"uv": [4.75, 10.75, 4, 10], "texture": "#2"},
				"down": {"uv": [5.75, 10, 5, 10.75], "texture": "#2"}
			}
		},
		{
			"from": [8.73184, 3.25, 8.35316],
			"to": [10.14684, 6.25, 9.76816],
			"shade": false,
			"rotation": {"angle": -45, "axis": "y", "origin": [10.5, 4.75, 8]},
			"faces": {
				"south": {"uv": [8.5, 4, 9.25, 5.5], "texture": "#2"},
				"west": {"uv": [8.5, 6.5, 9.25, 8], "texture": "#2"},
				"up": {"uv": [10.75, 5.75, 10, 5], "texture": "#2"},
				"down": {"uv": [6.75, 10, 6, 10.75], "texture": "#2"}
			}
		},
		{
			"from": [7.517, 5.742, 7.592],
			"to": [8.483, 11.508, 8.408],
			"shade": false,
			"rotation": {"angle": 0, "axis": "y", "origin": [8, 8.375, 8]},
			"faces": {
				"north": {"uv": [4, 7, 4.5, 10], "texture": "#2"},
				"east": {"uv": [7, 4, 7.5, 7], "texture": "#2"},
				"south": {"uv": [4.5, 7, 5, 10], "texture": "#2"},
				"west": {"uv": [5, 7, 5.5, 10], "texture": "#2"},
				"up": {"uv": [10, 5.5, 9.5, 5], "texture": "#2"},
				"down": {"uv": [10.5, 6, 10, 6.5], "texture": "#2"}
			}
		},
		{
			"from": [7.717, 11.508, 7.692],
			"to": [8.283, 16.274, 8.308],
			"shade": false,
			"rotation": {"angle": 0, "axis": "y", "origin": [8, 14.141, 8]},
			"faces": {
				"north": {"uv": [3.5, 8.5, 3.75, 11], "texture": "#2"},
				"east": {"uv": [8.5, 9, 8.75, 11.5], "texture": "#2"},
				"south": {"uv": [9, 9, 9.25, 11.5], "texture": "#2"},
				"west": {"uv": [0, 9.5, 0.25, 12], "texture": "#2"},
				"up": {"uv": [3.75, 12.25, 3.5, 12], "texture": "#2"},
				"down": {"uv": [12.25, 3.5, 12, 3.75], "texture": "#2"}
			}
		},
		{
			"from": [7.792, 16.258, 7.792],
			"to": [8.208, 20.274, 8.208],
			"shade": false,
			"rotation": {"angle": 0, "axis": "y", "origin": [8, 14.141, 8]},
			"faces": {
				"north": {"uv": [8, 10, 8.25, 12], "texture": "#2"},
				"east": {"uv": [10.5, 1, 10.75, 3], "texture": "#2"},
				"south": {"uv": [10.5, 3, 10.75, 5], "texture": "#2"},
				"west": {"uv": [10.5, 6, 10.75, 8], "texture": "#2"},
				"up": {"uv": [4.25, 12.25, 4, 12], "texture": "#2"},
				"down": {"uv": [12.25, 4, 12, 4.25], "texture": "#2"}
			}
		},
		{
			"from": [7.267, 6.842, 7.342],
			"to": [8.733, 7.608, 8.658],
			"shade": false,
			"rotation": {"angle": 0, "axis": "y", "origin": [8, 6.975, 8]},
			"faces": {
				"north": {"uv": [11.25, 9, 10.5, 9.5], "texture": "#2"},
				"east": {"uv": [11.25, 10, 10.5, 10.5], "texture": "#2"},
				"south": {"uv": [11.25, 9.5, 10.5, 10], "texture": "#2"},
				"west": {"uv": [10.25, 10.5, 9.5, 11], "texture": "#2"},
				"up": {"uv": [0.5, 10.25, 1.25, 9.5], "texture": "#2"},
				"down": {"uv": [9.5, 1, 10.25, 1.75], "texture": "#2"}
			}
		},
		{
			"from": [7.267, 10.342, 7.342],
			"to": [8.733, 11.108, 8.658],
			"shade": false,
			"rotation": {"angle": 0, "axis": "y", "origin": [8, 10.475, 8]},
			"faces": {
				"north": {"uv": [11.25, 10.5, 10.5, 11], "texture": "#2"},
				"east": {"uv": [11.75, 1, 11, 1.5], "texture": "#2"},
				"south": {"uv": [11.75, 0.5, 11, 1], "texture": "#2"},
				"west": {"uv": [11.75, 0, 11, 0.5], "texture": "#2"},
				"up": {"uv": [9.5, 2.75, 10.25, 2], "texture": "#2"},
				"down": {"uv": [9.5, 3, 10.25, 3.75], "texture": "#2"}
			}
		},
		{
			"from": [7.517, 14.342, 7.542],
			"to": [8.483, 15.108, 8.458],
			"shade": false,
			"rotation": {"angle": 0, "axis": "y", "origin": [8, 14.475, 8]},
			"faces": {
				"north": {"uv": [8, 11, 7.5, 11.5], "texture": "#2"},
				"east": {"uv": [10.5, 11, 10, 11.5], "texture": "#2"},
				"south": {"uv": [10, 11, 9.5, 11.5], "texture": "#2"},
				"west": {"uv": [11.5, 7.5, 11, 8], "texture": "#2"},
				"up": {"uv": [10.5, 11.5, 11, 11], "texture": "#2"},
				"down": {"uv": [11, 11, 11.5, 11.5], "texture": "#2"}
			}
		},
		{
			"from": [7.617, 17.842, 7.642],
			"to": [8.383, 18.608, 8.358],
			"shade": false,
			"rotation": {"angle": 0, "axis": "y", "origin": [8, 17.975, 8]},
			"faces": {
				"north": {"uv": [1, 11.5, 0.5, 12], "texture": "#2"},
				"east": {"uv": [10.75, 11.5, 10.5, 12], "texture": "#2"},
				"south": {"uv": [1.5, 11.5, 1, 12], "texture": "#2"},
				"west": {"uv": [7.75, 11.5, 7.5, 12], "texture": "#2"},
				"up": {"uv": [11.5, 10.75, 12, 10.5], "texture": "#2"},
				"down": {"uv": [11, 11.5, 11.5, 11.75], "texture": "#2"}
			}
		},
		{
			"from": [8.733, 7.042, 7.617],
			"to": [9.499, 7.408, 8.383],
			"shade": false,
			"rotation": {"angle": 0, "axis": "y", "origin": [9.116, 8.975, 8]},
			"faces": {
				"north": {"uv": [4.5, 12, 4.75, 12.25], "texture": "#2"},
				"east": {"uv": [11.5, 11, 12, 11.25], "texture": "#2"},
				"south": {"uv": [12, 4.5, 12.25, 4.75], "texture": "#2"},
				"west": {"uv": [11.5, 11.5, 12, 11.75], "texture": "#2"},
				"up": {"uv": [0.25, 12.5, 0, 12], "texture": "#2"},
				"down": {"uv": [12.25, 0, 12, 0.5], "texture": "#2"}
			}
		},
		{
			"from": [8.733, 10.542, 7.617],
			"to": [9.499, 10.908, 8.383],
			"shade": false,
			"rotation": {"angle": 0, "axis": "y", "origin": [9.116, 8.975, 8]},
			"faces": {
				"north": {"uv": [5, 12, 5.25, 12.25], "texture": "#2"},
				"east": {"uv": [0.5, 12, 1, 12.25], "texture": "#2"},
				"south": {"uv": [12, 5, 12.25, 5.25], "texture": "#2"},
				"west": {"uv": [12, 0.5, 12.5, 0.75], "texture": "#2"},
				"up": {"uv": [1.25, 12.5, 1, 12], "texture": "#2"},
				"down": {"uv": [12.25, 1, 12, 1.5], "texture": "#2"}
			}
		},
		{
			"from": [8.483, 14.542, 7.617],
			"to": [9.249, 14.908, 8.383],
			"shade": false,
			"rotation": {"angle": 0, "axis": "y", "origin": [8.866, 16.475, 8.05]},
			"faces": {
				"north": {"uv": [1.5, 12, 2, 12.25], "texture": "#2"},
				"east": {"uv": [5.5, 12, 5.75, 12.25], "texture": "#2"},
				"south": {"uv": [12, 1.5, 12.5, 1.75], "texture": "#2"},
				"west": {"uv": [12, 5.5, 12.25, 5.75], "texture": "#2"},
				"up": {"uv": [2.5, 12.25, 2, 12], "texture": "#2"},
				"down": {"uv": [12.5, 2, 12, 2.25], "texture": "#2"}
			}
		},
		{
			"from": [8.383, 18.042, 7.617],
			"to": [9.149, 18.408, 8.383],
			"shade": false,
			"rotation": {"angle": 0, "axis": "y", "origin": [8.766, 16.475, 7.95]},
			"faces": {
				"north": {"uv": [2.5, 12, 3, 12.25], "texture": "#2"},
				"east": {"uv": [12, 2.5, 12.5, 2.75], "texture": "#2"},
				"south": {"uv": [3, 12, 3.5, 12.25], "texture": "#2"},
				"west": {"uv": [12, 3, 12.5, 3.25], "texture": "#2"},
				"up": {"uv": [2, 12, 1.5, 11.5], "texture": "#2"},
				"down": {"uv": [2.5, 11.5, 2, 12], "texture": "#2"}
			}
		},
		{
			"from": [8.167, 5.742, 7.992],
			"to": [13.483, 20.258, 8.008],
			"shade": false,
			"rotation": {"angle": 0, "axis": "y", "origin": [8, 8.375, 8]},
			"faces": {
				"north": {"uv": [0, 0, 2.75, 7.25], "texture": "#2"},
				"south": {"uv": [2.75, 0, 0, 7.25], "texture": "#2"}
			}
		},
		{
			"from": [12.492, 9.242, 7.492],
			"to": [14.008, 10.758, 8.508],
			"shade": false,
			"rotation": {"angle": 0, "axis": "y", "origin": [13.25, 10, 8]},
			"faces": {
				"north": {"uv": [9.5, 4, 10.25, 4.75], "texture": "#2"},
				"east": {"uv": [5.5, 7, 6, 7.75], "texture": "#2"},
				"south": {"uv": [9.5, 6.5, 10.25, 7.25], "texture": "#2"},
				"west": {"uv": [2.5, 7.5, 3, 8.25], "texture": "#2"},
				"up": {"uv": [2.25, 11.5, 1.5, 11], "texture": "#2"},
				"down": {"uv": [11.75, 1.5, 11, 2], "texture": "#2"}
			}
		},
		{
			"from": [12.7492, 9.4992, 7.2492],
			"to": [13.7508, 10.5008, 8.7508],
			"shade": false,
			"rotation": {"angle": -45, "axis": "z", "origin": [13.25, 10, 8]},
			"faces": {
				"north": {"uv": [11.5, 2, 12, 2.5], "texture": "#2"},
				"east": {"uv": [11, 3.5, 11.75, 4], "texture": "#2"},
				"south": {"uv": [11.5, 2.5, 12, 3], "texture": "#2"},
				"west": {"uv": [4, 11, 4.75, 11.5], "texture": "#2"},
				"up": {"uv": [11.5, 4.75, 11, 4], "texture": "#2"},
				"down": {"uv": [5.5, 11, 5, 11.75], "texture": "#2"}
			}
		},
		{
			"from": [12.5, 9.25, 7.5],
			"to": [14, 10.75, 8.5],
			"shade": false,
			"rotation": {"angle": 45, "axis": "z", "origin": [13.25, 10, 8]},
			"faces": {
				"north": {"uv": [9.5, 7.5, 10.25, 8.25], "texture": "#2"},
				"east": {"uv": [11, 2, 11.5, 2.75], "texture": "#2"},
				"south": {"uv": [9.5, 8.5, 10.25, 9.25], "texture": "#2"},
				"west": {"uv": [2.5, 11, 3, 11.75], "texture": "#2"},
				"up": {"uv": [3.75, 11.5, 3, 11], "texture": "#2"},
				"down": {"uv": [11.75, 3, 11, 3.5], "texture": "#2"}
			}
		},
		{
			"from": [9.5, 3.75, 6.5],
			"to": [11.5, 5.75, 9.5],
			"shade": false,
			"rotation": {"angle": 0, "axis": "y", "origin": [10.5, 4.75, 8]},
			"faces": {
				"north": {"uv": [8.5, 8, 9.5, 9], "texture": "#2"},
				"east": {"uv": [7, 7, 8.5, 8], "texture": "#2"},
				"south": {"uv": [1.5, 9, 2.5, 10], "texture": "#2"},
				"west": {"uv": [0, 7.5, 1.5, 8.5], "texture": "#2"},
				"up": {"uv": [8.5, 1.5, 7.5, 0], "texture": "#2"},
				"down": {"uv": [2.5, 7.5, 1.5, 9], "texture": "#2"}
			}
		},
		{
			"from": [7, 1.5, 7],
			"to": [9, 2.5, 9],
			"shade": false,
			"rotation": {"angle": 0, "axis": "y", "origin": [7, -4.5, 7]},
			"faces": {
				"north": {"uv": [7.5, 6.5, 8.5, 7], "texture": "#2"},
				"east": {"uv": [8.5, 2.5, 9.5, 3], "texture": "#2"},
				"south": {"uv": [10.5, 8, 11.5, 8.5], "texture": "#2"},
				"west": {"uv": [10.5, 8.5, 11.5, 9], "texture": "#2"},
				"up": {"uv": [6.5, 10, 5.5, 9], "texture": "#2"},
				"down": {"uv": [10, 5.5, 9, 6.5], "texture": "#2"}
			}
		},
		{
			"from": [6.992, 2.992, 6.992],
			"to": [9.758, 5.758, 9.008],
			"shade": false,
			"rotation": {"angle": 45, "axis": "z", "origin": [8, 4, 8]},
			"faces": {
				"north": {"uv": [3, 3, 4.5, 4.5], "texture": "#2"},
				"east": {"uv": [7.5, 1.5, 8.5, 3], "texture": "#2"},
				"south": {"uv": [4.5, 0, 6, 1.5], "texture": "#2"},
				"west": {"uv": [7.5, 4, 8.5, 5.5], "texture": "#2"},
				"up": {"uv": [9, 6.5, 7.5, 5.5], "texture": "#2"},
				"down": {"uv": [9.5, 3, 8, 4], "texture": "#2"}
			}
		},
		{
			"from": [6.5, -6.75, 6.75],
			"to": [9.5, -3.75, 9.25],
			"shade": false,
			"rotation": {"angle": 0, "axis": "y", "origin": [7, -3.75, 7]},
			"faces": {
				"north": {"uv": [4.5, 1.5, 6, 3], "texture": "#2"},
				"east": {"uv": [4.5, 3, 5.75, 4.5], "texture": "#2"},
				"south": {"uv": [3, 4.5, 4.5, 6], "texture": "#2"},
				"west": {"uv": [4.5, 4.5, 5.75, 6], "texture": "#2"},
				"up": {"uv": [7.5, 1.25, 6, 0], "texture": "#2"},
				"down": {"uv": [7.5, 1.5, 6, 2.75], "texture": "#2"}
			}
		},
		{
			"from": [7, -6.25, 6.25],
			"to": [9, -4.25, 9.75],
			"shade": false,
			"rotation": {"angle": 0, "axis": "y", "origin": [7, -3.75, 7]},
			"faces": {
				"north": {"uv": [6.5, 9, 7.5, 10], "texture": "#2"},
				"east": {"uv": [6, 3, 7.75, 4], "texture": "#2"},
				"south": {"uv": [7.5, 9, 8.5, 10], "texture": "#2"},
				"west": {"uv": [4, 6, 5.75, 7], "texture": "#2"},
				"up": {"uv": [7, 5.75, 6, 4], "texture": "#2"},
				"down": {"uv": [7, 6, 6, 7.75], "texture": "#2"}
			}
		},
		{
			"from": [7.14116, -2.65158, 7.25],
			"to": [7.34116, -2.30158, 8.75],
			"shade": false,
			"rotation": {"angle": 45, "axis": "z", "origin": [7.24116, -2.53908, 8]},
			"faces": {
				"north": {"uv": [6, 12, 6.25, 12.25], "texture": "#2"},
				"south": {"uv": [12, 6, 12.25, 6.25], "texture": "#2"},
				"west": {"uv": [11.5, 7.5, 12.25, 7.75], "texture": "#2"}
			}
		},
		{
			"from": [7.15076, -2.51352, 7.248],
			"to": [7.37976, -1.85952, 8.752],
			"shade": false,
			"rotation": {"angle": -22.5, "axis": "z", "origin": [7.25276, -2.09902, 8]},
			"faces": {
				"north": {"uv": [6.5, 12, 6.75, 12.25], "texture": "#2"},
				"south": {"uv": [12, 6.5, 12.25, 6.75], "texture": "#2"},
				"west": {"uv": [11.5, 8, 12.25, 8.25], "texture": "#2"}
			}
		},
		{
			"from": [4.90901, -4.09835, 7.25],
			"to": [5.65901, -3.34835, 8.75],
			"shade": false,
			"rotation": {"angle": 45, "axis": "z", "origin": [5.65901, -1.09835, 8]},
			"faces": {
				"north": {"uv": [3, 11.5, 3.5, 12], "texture": "#2"},
				"south": {"uv": [3.5, 11.5, 4, 12], "texture": "#2"},
				"west": {"uv": [11, 5, 11.75, 5.5], "texture": "#2"},
				"up": {"uv": [6, 11.75, 5.5, 11], "texture": "#2"}
			}
		},
		{
			"from": [8.62024, -2.51352, 7.248],
			"to": [8.84924, -1.85952, 8.752],
			"shade": false,
			"rotation": {"angle": 22.5, "axis": "z", "origin": [8.74724, -2.09902, 8]},
			"faces": {
				"north": {"uv": [7, 12, 7.25, 12.25], "texture": "#2"},
				"east": {"uv": [8.5, 11.5, 9.25, 11.75], "texture": "#2"},
				"south": {"uv": [12, 7, 12.25, 7.25], "texture": "#2"}
			}
		},
		{
			"from": [8.65884, -2.65158, 7.25],
			"to": [8.85884, -2.30158, 8.75],
			"shade": false,
			"rotation": {"angle": -45, "axis": "z", "origin": [8.75884, -2.53908, 8]},
			"faces": {
				"north": {"uv": [7.5, 12, 7.75, 12.25], "texture": "#2"},
				"east": {"uv": [11.5, 8.5, 12.25, 8.75], "texture": "#2"},
				"south": {"uv": [8, 12, 8.25, 12.25], "texture": "#2"}
			}
		},
		{
			"from": [10.34099, -4.09835, 7.25],
			"to": [11.09099, -3.34835, 8.75],
			"shade": false,
			"rotation": {"angle": -45, "axis": "z", "origin": [10.34099, -1.09835, 8]},
			"faces": {
				"north": {"uv": [4, 11.5, 4.5, 12], "texture": "#2"},
				"east": {"uv": [11, 5.5, 11.75, 6], "texture": "#2"},
				"south": {"uv": [11.5, 4, 12, 4.5], "texture": "#2"},
				"up": {"uv": [6.5, 11.75, 6, 11], "texture": "#2"}
			}
		},
		{
			"from": [7.248, -2.84539, 8.79417],
			"to": [8.752, -2.19139, 9.02317],
			"shade": false,
			"rotation": {"angle": -22.5, "axis": "x", "origin": [8, -2.70216, 8]},
			"faces": {
				"east": {"uv": [8.5, 12, 8.75, 12.25], "texture": "#2"},
				"south": {"uv": [11.5, 9, 12.25, 9.25], "texture": "#2"},
				"west": {"uv": [9, 12, 9.25, 12.25], "texture": "#2"}
			}
		},
		{
			"from": [7.25, -2.16276, 8.32127],
			"to": [8.75, -1.81276, 8.52127],
			"shade": false,
			"rotation": {"angle": 45, "axis": "x", "origin": [8, -2.70216, 8]},
			"faces": {
				"east": {"uv": [9.5, 12, 9.75, 12.25], "texture": "#2"},
				"south": {"uv": [9.5, 11.5, 10.25, 11.75], "texture": "#2"},
				"west": {"uv": [10, 12, 10.25, 12.25], "texture": "#2"}
			}
		},
		{
			"from": [7.25, -2.91276, 8.52127],
			"to": [8.75, -2.16276, 9.27127],
			"shade": false,
			"rotation": {"angle": 45, "axis": "x", "origin": [8, -2.70216, 8]},
			"faces": {
				"east": {"uv": [4.5, 11.5, 5, 12], "texture": "#2"},
				"south": {"uv": [11, 6, 11.75, 6.5], "texture": "#2"},
				"west": {"uv": [11.5, 4.5, 12, 5], "texture": "#2"},
				"up": {"uv": [7.25, 11.5, 6.5, 11], "texture": "#2"}
			}
		},
		{
			"from": [7.248, -2.84539, 6.97683],
			"to": [8.752, -2.19139, 7.20583],
			"shade": false,
			"rotation": {"angle": 22.5, "axis": "x", "origin": [8, -2.70216, 8]},
			"faces": {
				"north": {"uv": [11.5, 9.5, 12.25, 9.75], "texture": "#2"},
				"east": {"uv": [10.5, 12, 10.75, 12.25], "texture": "#2"},
				"west": {"uv": [12, 10.5, 12.25, 10.75], "texture": "#2"}
			}
		},
		{
			"from": [7.25, -2.16276, 7.47873],
			"to": [8.75, -1.81276, 7.67873],
			"shade": false,
			"rotation": {"angle": -45, "axis": "x", "origin": [8, -2.70216, 8]},
			"faces": {
				"north": {"uv": [11.5, 10, 12.25, 10.25], "texture": "#2"},
				"east": {"uv": [11, 12, 11.25, 12.25], "texture": "#2"},
				"west": {"uv": [12, 11, 12.25, 11.25], "texture": "#2"}
			}
		},
		{
			"from": [7.25, -2.91276, 6.72873],
			"to": [8.75, -2.16276, 7.47873],
			"shade": false,
			"rotation": {"angle": -45, "axis": "x", "origin": [8, -2.70216, 8]},
			"faces": {
				"north": {"uv": [11, 6.5, 11.75, 7], "texture": "#2"},
				"east": {"uv": [6.5, 11.5, 7, 12], "texture": "#2"},
				"west": {"uv": [7, 11.5, 7.5, 12], "texture": "#2"},
				"up": {"uv": [11.75, 7.5, 11, 7], "texture": "#2"}
			}
		},
		{
			"from": [7.25, -1.9, 7.25],
			"to": [8.75, 3.5, 8.75],
			"shade": false,
			"rotation": {"angle": 0, "axis": "y", "origin": [7, -3.75, 7]},
			"faces": {
				"north": {"uv": [3, 6, 3.75, 8.5], "texture": "#2"},
				"east": {"uv": [3, 6, 3.75, 8.5], "texture": "#2"},
				"south": {"uv": [3, 6, 3.75, 8.5], "texture": "#2"},
				"west": {"uv": [3, 6, 3.75, 8.5], "texture": "#2"},
				"up": {"uv": [7.75, 10.75, 7, 10], "texture": "#2"},
				"down": {"uv": [1.25, 10.5, 0.5, 11.25], "texture": "#2"}
			}
		},
		{
			"name": "ef",
			"from": [1.75, 2.25, 8.5],
			"to": [11.75, 12.25, 8.5],
			"shade": false,
			"rotation": {"angle": -22.5, "axis": "y", "origin": [6.75, 7.25, 8.5]},
			"faces": {
				"north": {"uv": [0.75, 0.75, 7.25, 7.5], "texture": "#1"},
				"east": {"uv": [0, 0, 0, 5], "texture": "#1"},
				"south": {"uv": [7.25, 0.75, 0.75, 7.5], "texture": "#1"},
				"west": {"uv": [0, 0, 0, 5], "texture": "#1"},
				"up": {"uv": [0, 0, 5, 0], "texture": "#1"},
				"down": {"uv": [0, 0, 5, 0], "texture": "#1"}
			}
		},
		{
			"name": "ef",
			"from": [3.5, 13.25, 8],
			"to": [13.5, 23.25, 8],
			"shade": false,
			"rotation": {"angle": 22.5, "axis": "y", "origin": [8.5, 18.25, 8]},
			"faces": {
				"north": {"uv": [8.5, 0.75, 15.75, 7.75], "texture": "#1"},
				"east": {"uv": [0, 0, 0, 5], "texture": "#1"},
				"south": {"uv": [15.75, 0.75, 8.5, 7.75], "texture": "#1"},
				"west": {"uv": [0, 0, 0, 5], "texture": "#1"},
				"up": {"uv": [0, 0, 5, 0], "texture": "#1"},
				"down": {"uv": [0, 0, 5, 0], "texture": "#1"}
			}
		},
		{
			"name": "ef",
			"from": [5, 5.5, 8],
			"to": [15, 15.5, 8],
			"shade": false,
			"rotation": {"angle": -22.5, "axis": "y", "origin": [10, 10.5, 8]},
			"faces": {
				"north": {"uv": [1.25, 9.25, 7.25, 15.75], "texture": "#1"},
				"east": {"uv": [0, 0, 0, 5], "texture": "#1"},
				"south": {"uv": [7.25, 9.25, 1.25, 15.75], "texture": "#1"},
				"west": {"uv": [0, 0, 0, 5], "texture": "#1"},
				"up": {"uv": [0, 0, 5, 0], "rotation": 180, "texture": "#1"},
				"down": {"uv": [0, 0, 5, 0], "rotation": 180, "texture": "#1"}
			}
		},
		{
			"name": "ef",
			"from": [2.75, -4, 8],
			"to": [12.75, 4.5, 8],
			"shade": false,
			"rotation": {"angle": 45, "axis": "y", "origin": [7.75, 0, 8]},
			"faces": {
				"north": {"uv": [8.5, 8.5, 15.75, 16], "texture": "#1"},
				"east": {"uv": [0, 0, 0, 5], "texture": "#1"},
				"south": {"uv": [15.75, 8.5, 8.5, 16], "texture": "#1"},
				"west": {"uv": [0, 0, 0, 5], "texture": "#1"},
				"up": {"uv": [0, 0, 5, 0], "texture": "#1"},
				"down": {"uv": [0, 0, 5, 0], "texture": "#1"}
			}
		}
	],
	"gui_light": "front",
	"display": {
		"thirdperson_righthand": {
			"rotation": [0, 90, 0],
			"translation": [0, 7, 1.75]
		},
		"thirdperson_lefthand": {
			"rotation": [0, -90, 0],
			"translation": [0, 7, 1.75]
		},
		"firstperson_righthand": {
			"rotation": [-142.62, 89.72, 152.36],
			"translation": [3.25, -2, -1]
		},
		"firstperson_lefthand": {
			"rotation": [18.13, -78.25, 8.71],
			"translation": [3.25, -2, -1]
		},
		"ground": {
			"rotation": [0, 0, 45],
			"scale": [0.4, 0.4, 0.4]
		},
		"gui": {
			"rotation": [180, 0, -135],
			"translation": [0.5, 0.25, 0],
			"scale": [0.7, 0.7, 0.7]
		},
		"head": {
			"scale": [0, 0, 0]
		},
		"fixed": {
			"translation": [0, -1, 0],
			"scale": [0.78, 0.78, 0.78]
		}
	}
}