{
	"credit": "Made with Blockbench",
	"texture_size": [64, 64],
	"textures": {
		"1": "item/lightning/lightning_ef_long",
		"2": "item/lightning/lightning_hoe",
		"particle": "item/lightning/lightning_hoe"
	},
	"elements": [
		{
			"from": [4.367, 14.992, 7.592],
			"to": [11.633, 18.608, 8.408],
			"shade": false,
			"rotation": {"angle": 0, "axis": "y", "origin": [5.375, 8.85, 8]},
			"faces": {
				"north": {"uv": [5, 0, 6.875, 0.875], "texture": "#2"},
				"east": {"uv": [0.75, 7, 1, 7.875], "texture": "#2"},
				"south": {"uv": [5, 1, 6.875, 1.875], "texture": "#2"},
				"west": {"uv": [0, 7.5, 0.25, 8.375], "texture": "#2"},
				"up": {"uv": [8.375, 3, 6.5, 2.75], "texture": "#2"},
				"down": {"uv": [8.375, 3, 6.5, 3.25], "texture": "#2"}
			}
		},
		{
			"from": [10.65547, 13.99354, 7.594],
			"to": [14.16747, 17.35554, 8.406],
			"shade": false,
			"rotation": {"angle": -22.5, "axis": "z", "origin": [14.28647, 15.54954, 8]},
			"faces": {
				"north": {"uv": [5.5, 5, 6.375, 5.875], "texture": "#2"},
				"east": {"uv": [0.25, 7.5, 0.5, 8.375], "texture": "#2"},
				"south": {"uv": [0, 6, 0.875, 6.875], "texture": "#2"},
				"west": {"uv": [0.5, 7.5, 0.75, 8.375], "texture": "#2"},
				"up": {"uv": [3.625, 7.25, 2.75, 7], "texture": "#2"},
				"down": {"uv": [8.125, 5.25, 7.25, 5.5], "texture": "#2"}
			}
		},
		{
			"from": [1.95152, 14.82816, 7.5938],
			"to": [4.96352, 18.19016, 8.4058],
			"shade": false,
			"rotation": {"angle": -22.5, "axis": "z", "origin": [5.08252, 16.38416, 7.9998]},
			"faces": {
				"north": {"uv": [3, 6, 3.75, 6.875], "texture": "#2"},
				"east": {"uv": [3, 7.5, 3.25, 8.375], "texture": "#2"},
				"south": {"uv": [3.75, 6, 4.5, 6.875], "texture": "#2"},
				"west": {"uv": [3.25, 7.5, 3.5, 8.375], "texture": "#2"},
				"up": {"uv": [6.25, 7.75, 5.5, 7.5], "texture": "#2"},
				"down": {"uv": [8.25, 5.5, 7.5, 5.75], "texture": "#2"}
			}
		},
		{
			"from": [13.15989, 13.40882, 7.596],
			"to": [16.66789, 16.51682, 8.404],
			"shade": false,
			"rotation": {"angle": -45, "axis": "z", "origin": [14.91389, 14.83782, 8]},
			"faces": {
				"north": {"uv": [1, 6.05, 1.875, 6.75], "texture": "#2"},
				"east": {"uv": [3.5, 7.5, 3.75, 8.25], "texture": "#2"},
				"south": {"uv": [2, 6, 2.875, 6.75], "texture": "#2"},
				"west": {"uv": [3.75, 7.5, 4, 8.25], "texture": "#2"},
				"up": {"uv": [1.875, 7.75, 1, 7.5], "texture": "#2"},
				"down": {"uv": [2.875, 7.5, 2, 7.75], "texture": "#2"}
			}
		},
		{
			"from": [14.63406, 12.53199, 7.598],
			"to": [17.33806, 14.78599, 8.402],
			"shade": false,
			"rotation": {"angle": 0, "axis": "y", "origin": [15.78606, 13.03399, 8]},
			"faces": {
				"north": {"uv": [5.625, 6.875, 6.125, 7.375], "texture": "#2"},
				"east": {"uv": [4, 7.625, 4.25, 8.125], "texture": "#2"},
				"south": {"uv": [6.75, 6, 7.375, 6.625], "texture": "#2"},
				"west": {"uv": [4.25, 7.5, 4.5, 8.125], "texture": "#2"},
				"up": {"uv": [6.875, 7.75, 6.25, 7.5], "texture": "#2"},
				"down": {"uv": [8.375, 0, 7.75, 0.25], "texture": "#2"}
			}
		},
		{
			"from": [14.64112, 12.13874, 7.6],
			"to": [16.54812, 14.04574, 8.4],
			"shade": false,
			"rotation": {"angle": -45, "axis": "z", "origin": [15.11612, 12.33874, 8]},
			"faces": {
				"north": {"uv": [4, 7, 4.5, 7.5], "texture": "#2"},
				"east": {"uv": [7, 7.5, 7.25, 8], "texture": "#2"},
				"south": {"uv": [7.25, 2.25, 7.75, 2.75], "texture": "#2"},
				"west": {"uv": [4.5, 7.75, 4.75, 8.25], "texture": "#2"},
				"up": {"uv": [8.25, 0.5, 7.75, 0.25], "texture": "#2"},
				"down": {"uv": [5.25, 7.75, 4.75, 8], "texture": "#2"}
			}
		},
		{
			"from": [4.3742, 15.09407, 8.3947],
			"to": [12.6258, 15.66067, 8.9613],
			"shade": false,
			"rotation": {"angle": -45, "axis": "x", "origin": [8, 14.36987, 8.7955]},
			"faces": {
				"north": {"uv": [7, 1.5, 9.125, 1.625], "texture": "#2"},
				"east": {"uv": [8.25, 2.5, 8.375, 2.625], "texture": "#2"},
				"south": {"uv": [7, 1.75, 9.125, 1.875], "texture": "#2"},
				"west": {"uv": [2.75, 8.25, 2.875, 8.375], "texture": "#2"},
				"up": {"uv": [3.875, 7.375, 1.75, 7.25], "texture": "#2"},
				"down": {"uv": [9.375, 2, 7.25, 2.125], "texture": "#2"}
			}
		},
		{
			"from": [5.492, 13.992, 7.592],
			"to": [10.508, 15.008, 8.408],
			"shade": false,
			"rotation": {"angle": 0, "axis": "y", "origin": [8.25, 8.85, 8]},
			"faces": {
				"north": {"uv": [7, 0.5, 8.25, 0.75], "texture": "#2"},
				"east": {"uv": [2.75, 6.75, 3, 7], "texture": "#2"},
				"south": {"uv": [7, 0.75, 8.25, 1], "texture": "#2"},
				"west": {"uv": [3.75, 7, 4, 7.25], "texture": "#2"},
				"up": {"uv": [8.25, 1.25, 7, 1], "texture": "#2"},
				"down": {"uv": [8.25, 1.25, 7, 1.5], "texture": "#2"}
			}
		},
		{
			"from": [5.4992, 14.09407, 8.3947],
			"to": [10.5008, 14.66067, 8.9613],
			"shade": false,
			"rotation": {"angle": -45, "axis": "x", "origin": [7.625, 13.36987, 8.7955]},
			"faces": {
				"north": {"uv": [7.5, 5.75, 8.75, 5.875], "texture": "#2"},
				"east": {"uv": [8.25, 3.25, 8.375, 3.375], "texture": "#2"},
				"south": {"uv": [7.5, 6, 8.75, 6.125], "texture": "#2"},
				"west": {"uv": [3.5, 8.25, 3.625, 8.375], "texture": "#2"},
				"up": {"uv": [8.75, 6.375, 7.5, 6.25], "texture": "#2"},
				"down": {"uv": [8.75, 6.5, 7.5, 6.625], "texture": "#2"}
			}
		},
		{
			"from": [-2, 10, 8],
			"to": [18, 21.6, 8],
			"shade": false,
			"rotation": {"angle": 0, "axis": "y", "origin": [8, 14.8, 8]},
			"faces": {
				"north": {"uv": [0, 0, 5, 2.875], "texture": "#2"},
				"east": {"uv": [0, 0, 0, 2.875], "texture": "#2"},
				"south": {"uv": [5, 0, 0, 2.875], "texture": "#2"},
				"west": {"uv": [0, 0, 0, 2.875], "texture": "#2"},
				"up": {"uv": [5, 0, 0, 0], "texture": "#2"}
			}
		},
		{
			"from": [7.25, 1.85, 7.25],
			"to": [8.75, 18, 8.75],
			"shade": false,
			"rotation": {"angle": 0, "axis": "y", "origin": [7, 0, 7]},
			"faces": {
				"north": {"uv": [5, 2, 5.375, 6], "texture": "#2"},
				"east": {"uv": [5, 2, 5.375, 6], "texture": "#2"},
				"south": {"uv": [5, 2, 5.375, 6], "texture": "#2"},
				"west": {"uv": [5, 2, 5.375, 6], "texture": "#2"},
				"up": {"uv": [1.375, 8.125, 1, 7.75], "texture": "#2"},
				"down": {"uv": [1.875, 7.75, 1.5, 8.125], "texture": "#2"}
			}
		},
		{
			"from": [7, 13, 7],
			"to": [9, 14, 9],
			"shade": false,
			"rotation": {"angle": 0, "axis": "y", "origin": [7, 7, 7]},
			"faces": {
				"north": {"uv": [7.75, 4.75, 8.25, 5], "texture": "#2"},
				"east": {"uv": [7.75, 5, 8.25, 5.25], "texture": "#2"},
				"south": {"uv": [5.25, 7.75, 5.75, 8], "texture": "#2"},
				"west": {"uv": [5.75, 7.75, 6.25, 8], "texture": "#2"},
				"up": {"uv": [7.75, 3.75, 7.25, 3.25], "texture": "#2"},
				"down": {"uv": [7.75, 3.75, 7.25, 4.25], "texture": "#2"}
			}
		},
		{
			"from": [7, 18, 7],
			"to": [9, 19, 9],
			"shade": false,
			"rotation": {"angle": 0, "axis": "y", "origin": [7, 12, 7]},
			"faces": {
				"north": {"uv": [6.25, 7.75, 6.75, 8], "texture": "#2"},
				"east": {"uv": [7.75, 6.75, 8.25, 7], "texture": "#2"},
				"south": {"uv": [7.75, 7, 8.25, 7.25], "texture": "#2"},
				"west": {"uv": [7.25, 7.75, 7.75, 8], "texture": "#2"},
				"up": {"uv": [7.75, 4.75, 7.25, 4.25], "texture": "#2"},
				"down": {"uv": [7.75, 4.75, 7.25, 5.25], "texture": "#2"}
			}
		},
		{
			"from": [7, 14.5, 7],
			"to": [9.75, 17.25, 9],
			"shade": false,
			"rotation": {"angle": 45, "axis": "z", "origin": [8, 15.5, 8]},
			"faces": {
				"north": {"uv": [4.5, 6, 5.25, 6.75], "texture": "#2"},
				"east": {"uv": [6.25, 6.75, 6.75, 7.5], "texture": "#2"},
				"south": {"uv": [5.25, 6, 6, 6.75], "texture": "#2"},
				"west": {"uv": [6.75, 6.75, 7.25, 7.5], "texture": "#2"},
				"up": {"uv": [0.75, 7.5, 0, 7], "texture": "#2"},
				"down": {"uv": [7.75, 0, 7, 0.5], "texture": "#2"}
			}
		},
		{
			"from": [7.35, 18.35, 7.25],
			"to": [8.65, 19.65, 8.75],
			"shade": false,
			"rotation": {"angle": 45, "axis": "z", "origin": [8, 19, 8]},
			"faces": {
				"north": {"uv": [2, 7.75, 2.375, 8.125], "texture": "#2"},
				"east": {"uv": [7.75, 2.25, 8.125, 2.625], "texture": "#2"},
				"south": {"uv": [2.5, 7.75, 2.875, 8.125], "texture": "#2"},
				"west": {"uv": [7.75, 3.25, 8.125, 3.625], "texture": "#2"},
				"up": {"uv": [8.125, 4.125, 7.75, 3.75], "texture": "#2"},
				"down": {"uv": [8.125, 4.25, 7.75, 4.625], "texture": "#2"}
			}
		},
		{
			"from": [6.348, 18.998, 7.998],
			"to": [9.652, 24.302, 8.002],
			"shade": false,
			"rotation": {"angle": 0, "axis": "y", "origin": [8, 21.65, 8]},
			"faces": {
				"north": {"uv": [5.5, 2, 6.375, 3.375], "texture": "#2"},
				"south": {"uv": [5.5, 3.5, 6.375, 4.875], "texture": "#2"}
			}
		},
		{
			"from": [4.90901, -0.34835, 7.25],
			"to": [5.65901, 0.40165, 8.75],
			"shade": false,
			"rotation": {"angle": 45, "axis": "z", "origin": [5.65901, 2.65165, 8]},
			"faces": {
				"north": {"uv": [0.75, 8, 1, 8.25], "texture": "#2"},
				"south": {"uv": [7, 8, 7.25, 8.25], "texture": "#2"},
				"west": {"uv": [7.75, 7.25, 8.125, 7.5], "texture": "#2"},
				"up": {"uv": [7, 8.125, 6.75, 7.75], "texture": "#2"}
			}
		},
		{
			"from": [7.14116, 1.09842, 7.25],
			"to": [7.34116, 1.44842, 8.75],
			"shade": false,
			"rotation": {"angle": 45, "axis": "z", "origin": [7.24116, 1.21092, 8]},
			"faces": {
				"north": {"uv": [8.25, 3.5, 8.375, 3.625], "texture": "#2"},
				"south": {"uv": [3.75, 8.25, 3.875, 8.375], "texture": "#2"},
				"west": {"uv": [0.75, 8.25, 1.125, 8.375], "texture": "#2"}
			}
		},
		{
			"from": [7.15076, 1.23648, 7.248],
			"to": [7.37976, 1.89048, 8.752],
			"shade": false,
			"rotation": {"angle": -22.5, "axis": "z", "origin": [7.25276, 1.65098, 8]},
			"faces": {
				"north": {"uv": [8.25, 3.75, 8.375, 3.875], "texture": "#2"},
				"south": {"uv": [4, 8.25, 4.125, 8.375], "texture": "#2"},
				"west": {"uv": [8.25, 0.75, 8.625, 0.875], "texture": "#2"}
			}
		},
		{
			"from": [10.34099, -0.34835, 7.25],
			"to": [11.09099, 0.40165, 8.75],
			"shade": false,
			"rotation": {"angle": -45, "axis": "z", "origin": [10.34099, 2.65165, 8]},
			"faces": {
				"north": {"uv": [7.25, 8, 7.5, 8.25], "texture": "#2"},
				"east": {"uv": [7.75, 7.5, 8.125, 7.75], "texture": "#2"},
				"south": {"uv": [7.5, 8, 7.75, 8.25], "texture": "#2"},
				"up": {"uv": [8, 8.125, 7.75, 7.75], "texture": "#2"}
			}
		},
		{
			"from": [8.65884, 1.09842, 7.25],
			"to": [8.85884, 1.44842, 8.75],
			"shade": false,
			"rotation": {"angle": -45, "axis": "z", "origin": [8.75884, 1.21092, 8]},
			"faces": {
				"north": {"uv": [8.25, 4.25, 8.375, 4.375], "texture": "#2"},
				"east": {"uv": [1.25, 8.25, 1.625, 8.375], "texture": "#2"},
				"south": {"uv": [4.5, 8.25, 4.625, 8.375], "texture": "#2"}
			}
		},
		{
			"from": [8.62024, 1.23648, 7.248],
			"to": [8.84924, 1.89048, 8.752],
			"shade": false,
			"rotation": {"angle": 22.5, "axis": "z", "origin": [8.74724, 1.65098, 8]},
			"faces": {
				"north": {"uv": [8.25, 4, 8.375, 4.125], "texture": "#2"},
				"east": {"uv": [8.25, 1, 8.625, 1.125], "texture": "#2"},
				"south": {"uv": [4.25, 8.25, 4.375, 8.375], "texture": "#2"}
			}
		},
		{
			"from": [7.25, 0.83724, 6.72873],
			"to": [8.75, 1.58724, 7.47873],
			"shade": false,
			"rotation": {"angle": -45, "axis": "x", "origin": [8, 1.04784, 8]},
			"faces": {
				"north": {"uv": [5.75, 8, 6.125, 8.25], "texture": "#2"},
				"east": {"uv": [8.25, 0.25, 8.5, 0.5], "texture": "#2"},
				"west": {"uv": [8.25, 0.5, 8.5, 0.75], "texture": "#2"},
				"up": {"uv": [6.625, 8.25, 6.25, 8], "texture": "#2"}
			}
		},
		{
			"from": [7.25, 1.58724, 7.47873],
			"to": [8.75, 1.93724, 7.67873],
			"shade": false,
			"rotation": {"angle": -45, "axis": "x", "origin": [8, 1.04784, 8]},
			"faces": {
				"north": {"uv": [8.25, 2.25, 8.625, 2.375], "texture": "#2"},
				"east": {"uv": [8.25, 5.25, 8.375, 5.375], "texture": "#2"},
				"west": {"uv": [5.5, 8.25, 5.625, 8.375], "texture": "#2"}
			}
		},
		{
			"from": [7.248, 0.90461, 6.97683],
			"to": [8.752, 1.55861, 7.20583],
			"shade": false,
			"rotation": {"angle": 22.5, "axis": "x", "origin": [8, 1.04784, 8]},
			"faces": {
				"north": {"uv": [2.25, 8.25, 2.625, 8.375], "texture": "#2"},
				"east": {"uv": [8.25, 5, 8.375, 5.125], "texture": "#2"},
				"west": {"uv": [5.25, 8.25, 5.375, 8.375], "texture": "#2"}
			}
		},
		{
			"from": [7.25, 0.83724, 8.52127],
			"to": [8.75, 1.58724, 9.27127],
			"shade": false,
			"rotation": {"angle": 45, "axis": "x", "origin": [8, 1.04784, 8]},
			"faces": {
				"east": {"uv": [8, 7.75, 8.25, 8], "texture": "#2"},
				"south": {"uv": [4.75, 8, 5.125, 8.25], "texture": "#2"},
				"west": {"uv": [8, 8, 8.25, 8.25], "texture": "#2"},
				"up": {"uv": [5.625, 8.25, 5.25, 8], "texture": "#2"}
			}
		},
		{
			"from": [7.25, 1.58724, 8.32127],
			"to": [8.75, 1.93724, 8.52127],
			"shade": false,
			"rotation": {"angle": 45, "axis": "x", "origin": [8, 1.04784, 8]},
			"faces": {
				"east": {"uv": [8.25, 4.75, 8.375, 4.875], "texture": "#2"},
				"south": {"uv": [1.75, 8.25, 2.125, 8.375], "texture": "#2"},
				"west": {"uv": [5, 8.25, 5.125, 8.375], "texture": "#2"}
			}
		},
		{
			"from": [7.248, 0.90461, 8.79417],
			"to": [8.752, 1.55861, 9.02317],
			"shade": false,
			"rotation": {"angle": -22.5, "axis": "x", "origin": [8, 1.04784, 8]},
			"faces": {
				"east": {"uv": [8.25, 4.5, 8.375, 4.625], "texture": "#2"},
				"south": {"uv": [8.25, 1.25, 8.625, 1.375], "texture": "#2"},
				"west": {"uv": [4.75, 8.25, 4.875, 8.375], "texture": "#2"}
			}
		},
		{
			"from": [6.5, -3, 6.75],
			"to": [9.5, 0, 9.25],
			"shade": false,
			"rotation": {"angle": 0, "axis": "y", "origin": [7, 0, 7]},
			"faces": {
				"north": {"uv": [6, 6, 6.75, 6.75], "texture": "#2"},
				"east": {"uv": [6.5, 3.25, 7.125, 4], "texture": "#2"},
				"south": {"uv": [6.5, 2, 7.25, 2.75], "texture": "#2"},
				"west": {"uv": [6.5, 4, 7.125, 4.75], "texture": "#2"},
				"up": {"uv": [7.25, 5.375, 6.5, 4.75], "texture": "#2"},
				"down": {"uv": [1.75, 6.75, 1, 7.375], "texture": "#2"}
			}
		},
		{
			"from": [7, -2.5, 6.25],
			"to": [9, -0.5, 9.75],
			"shade": false,
			"rotation": {"angle": 0, "axis": "y", "origin": [7, 0, 7]},
			"faces": {
				"north": {"uv": [7.25, 6.75, 7.75, 7.25], "texture": "#2"},
				"east": {"uv": [6.5, 5.5, 7.375, 6], "texture": "#2"},
				"south": {"uv": [7.25, 7.25, 7.75, 7.75], "texture": "#2"},
				"west": {"uv": [1.75, 6.75, 2.625, 7.25], "texture": "#2"},
				"up": {"uv": [5, 7.625, 4.5, 6.75], "texture": "#2"},
				"down": {"uv": [5.5, 6.75, 5, 7.625], "texture": "#2"}
			}
		},
		{
			"name": "ef",
			"from": [3.5, 7.25, 8],
			"to": [13.5, 17.25, 8],
			"shade": false,
			"rotation": {"angle": 22.5, "axis": "y", "origin": [8.5, 12.25, 8]},
			"faces": {
				"north": {"uv": [8.5, 8, 16, 15.75], "texture": "#1"},
				"east": {"uv": [0, 0, 0, 2.5], "texture": "#1"},
				"south": {"uv": [16, 8, 8.5, 15.75], "texture": "#1"},
				"west": {"uv": [0, 0, 0, 2.5], "texture": "#1"},
				"up": {"uv": [0, 0, 2.5, 0], "texture": "#1"},
				"down": {"uv": [0, 0, 2.5, 0], "texture": "#1"}
			}
		},
		{
			"name": "ef",
			"from": [10, 9.5, 8],
			"to": [20, 19.5, 8],
			"shade": false,
			"rotation": {"angle": -22.5, "axis": "y", "origin": [15, 14.5, 8]},
			"faces": {
				"north": {"uv": [7, 1, 0.625, 7.25], "texture": "#1"},
				"east": {"uv": [0, 0, 0, 2.5], "texture": "#1"},
				"south": {"uv": [0.625, 1, 7, 7.25], "texture": "#1"},
				"west": {"uv": [0, 0, 0, 2.5], "texture": "#1"},
				"up": {"uv": [0, 0, 2.5, 0], "rotation": 180, "texture": "#1"},
				"down": {"uv": [0, 0, 2.5, 0], "rotation": 180, "texture": "#1"}
			}
		},
		{
			"name": "ef",
			"from": [2.75, 17, 8],
			"to": [12.75, 25.5, 8],
			"shade": false,
			"rotation": {"angle": 45, "axis": "y", "origin": [7.75, 21, 8]},
			"faces": {
				"north": {"uv": [8.5, 0.875, 15.5, 7.375], "texture": "#1"},
				"east": {"uv": [0, 0, 0, 2.5], "texture": "#1"},
				"south": {"uv": [15.5, 0.875, 8.5, 7.375], "texture": "#1"},
				"west": {"uv": [0, 0, 0, 2.5], "texture": "#1"},
				"up": {"uv": [0, 0, 2.5, 0], "texture": "#1"},
				"down": {"uv": [0, 0, 2.5, 0], "texture": "#1"}
			}
		},
		{
			"name": "ef",
			"from": [-3.25, 13.25, 8.5],
			"to": [6.75, 23.25, 8.5],
			"shade": false,
			"rotation": {"angle": -22.5, "axis": "y", "origin": [1.75, 18.25, 8.5]},
			"faces": {
				"north": {"uv": [7.5, 9.5, 1.125, 15.75], "texture": "#1"},
				"east": {"uv": [0, 0, 0, 2.5], "texture": "#1"},
				"south": {"uv": [1.125, 9.5, 7.5, 15.75], "texture": "#1"},
				"west": {"uv": [0, 0, 0, 2.5], "texture": "#1"},
				"up": {"uv": [0, 0, 2.5, 0], "texture": "#1"},
				"down": {"uv": [0, 0, 2.5, 0], "texture": "#1"}
			}
		}
	],
	"gui_light": "front",
	"display": {
		"thirdperson_righthand": {
			"rotation": [0, 90, 0],
			"translation": [0, 2.25, 1.75]
		},
		"thirdperson_lefthand": {
			"rotation": [0, -90, 0],
			"translation": [0, 2.25, 1.75]
		},
		"firstperson_righthand": {
			"rotation": [-142.62, 89.72, 152.36],
			"translation": [3, -2.5, -3]
		},
		"firstperson_lefthand": {
			"rotation": [18.42, -81, 10.18],
			"translation": [3, -2.25, -3]
		},
		"ground": {
			"rotation": [0, 0, 45],
			"scale": [0.4, 0.4, 0.4]
		},
		"gui": {
			"rotation": [180, 0, -135],
			"translation": [-1.5, -1.75, 0],
			"scale": [0.7, 0.7, 0.7]
		},
		"head": {
			"scale": [0, 0, 0]
		},
		"fixed": {
			"translation": [0, -1, 0],
			"scale": [0.78, 0.78, 0.78]
		}
	}
}