{
	"credit": "Made with Blockbench",
	"texture_size": [64, 64],
	"textures": {
		"2": "item/crown/crown_n_2_long",
		"particle": "item/crown/crown_n_2_long"
	},
	"elements": [
		{
			"from": [-7.88909, 0, -2.40381],
			"to": [4.11091, 1, -1.40381],
			"shade": false,
			"rotation": {"angle": 45, "axis": "y", "origin": [-1.88909, 0.5, -1.90381]},
			"faces": {
				"north": {"uv": [10.5, 2.5, 13.5, 2.75], "texture": "#2"},
				"east": {"uv": [13.5, 2, 13.75, 2.25], "texture": "#2"},
				"south": {"uv": [10.5, 2.75, 13.5, 3], "texture": "#2"},
				"west": {"uv": [13.5, 2.25, 13.75, 2.5], "texture": "#2"},
				"up": {"uv": [13.5, 4.75, 10.5, 4.5], "texture": "#2"},
				"down": {"uv": [13.5, 4.75, 10.5, 5], "texture": "#2"}
			}
		},
		{
			"from": [-6.48728, -0.002, 1.98328],
			"to": [-5.48328, 1.002, 13.98728],
			"shade": false,
			"rotation": {"angle": 0, "axis": "y", "origin": [-5.98528, 0.5, 7.98528]},
			"faces": {
				"north": {"uv": [13.5, 2.5, 13.75, 2.75], "texture": "#2"},
				"east": {"uv": [10.5, 5, 13.5, 5.25], "texture": "#2"},
				"south": {"uv": [13.5, 2.75, 13.75, 3], "texture": "#2"},
				"west": {"uv": [10.5, 5.25, 13.5, 5.5], "texture": "#2"},
				"up": {"uv": [7.75, 13.25, 7.5, 10.25], "texture": "#2"},
				"down": {"uv": [8, 10.25, 7.75, 13.25], "texture": "#2"}
			}
		},
		{
			"from": [-6.48728, 2.998, 1.98328],
			"to": [-5.48328, 4.002, 13.98728],
			"shade": false,
			"rotation": {"angle": 0, "axis": "y", "origin": [-5.98528, 3.5, 7.98528]},
			"faces": {
				"north": {"uv": [13.5, 5.5, 13.75, 5.75], "texture": "#2"},
				"east": {"uv": [10.5, 7.5, 13.5, 7.75], "texture": "#2"},
				"south": {"uv": [5.75, 13.5, 6, 13.75], "texture": "#2"},
				"west": {"uv": [10.5, 7.75, 13.5, 8], "texture": "#2"},
				"up": {"uv": [8.25, 13.25, 8, 10.25], "texture": "#2"},
				"down": {"uv": [8.5, 10.25, 8.25, 13.25], "texture": "#2"}
			}
		},
		{
			"from": [-7.88909, 3, -2.40381],
			"to": [4.11091, 4, -1.40381],
			"shade": false,
			"rotation": {"angle": 45, "axis": "y", "origin": [-1.88909, 3.5, -1.90381]},
			"faces": {
				"north": {"uv": [10.5, 6.5, 13.5, 6.75], "texture": "#2"},
				"east": {"uv": [13.5, 5, 13.75, 5.25], "texture": "#2"},
				"south": {"uv": [10.5, 6.75, 13.5, 7], "texture": "#2"},
				"west": {"uv": [13.5, 5.25, 13.75, 5.5], "texture": "#2"},
				"up": {"uv": [13.5, 7.25, 10.5, 7], "texture": "#2"},
				"down": {"uv": [13.5, 7.25, 10.5, 7.5], "texture": "#2"}
			}
		},
		{
			"from": [-6.42133, 9.55631, 6.50025],
			"to": [-5.67133, 13.50631, 12.60025],
			"shade": false,
			"rotation": {"angle": 0, "axis": "y", "origin": [-6.04633, 6.23665, 7.75]},
			"faces": {
				"north": {"uv": [2, 13, 2.25, 14], "texture": "#2"},
				"east": {"uv": [6.5, 3, 8, 4], "texture": "#2"},
				"south": {"uv": [2.25, 13, 2.5, 14], "texture": "#2"},
				"west": {"uv": [6.5, 4, 8, 5], "texture": "#2"},
				"up": {"uv": [11.75, 14, 11.5, 12.5], "texture": "#2"},
				"down": {"uv": [12, 12.5, 11.75, 14], "texture": "#2"}
			}
		},
		{
			"from": [-6.42733, 6.73185, 4.71842],
			"to": [-5.66533, 10.34385, 8.08042],
			"shade": false,
			"rotation": {"angle": 22.5, "axis": "x", "origin": [-6.04633, 6.23665, 7.75]},
			"faces": {
				"north": {"uv": [8.75, 13, 9, 13.875], "texture": "#2"},
				"east": {"uv": [8.5, 10, 9.375, 10.875], "texture": "#2"},
				"south": {"uv": [9, 13, 9.25, 13.875], "texture": "#2"},
				"west": {"uv": [6.5, 10.25, 7.375, 11.125], "texture": "#2"},
				"up": {"uv": [9.5, 13.875, 9.25, 13], "texture": "#2"},
				"down": {"uv": [13.25, 10.5, 13, 11.375], "texture": "#2"}
			}
		},
		{
			"from": [-6.42333, 12.70636, 8.62939],
			"to": [-5.66933, 16.06036, 12.73339],
			"shade": false,
			"rotation": {"angle": -22.5, "axis": "x", "origin": [-6.04633, 14.38336, 10.43139]},
			"faces": {
				"north": {"uv": [13, 12.75, 13.25, 13.625], "texture": "#2"},
				"east": {"uv": [9.5, 5.5, 10.5, 6.375], "texture": "#2"},
				"south": {"uv": [0.5, 13.25, 0.75, 14.125], "texture": "#2"},
				"west": {"uv": [9.5, 6.5, 10.5, 7.375], "texture": "#2"},
				"up": {"uv": [2.75, 14, 2.5, 13], "texture": "#2"},
				"down": {"uv": [3, 13, 2.75, 14], "texture": "#2"}
			}
		},
		{
			"from": [-6.42533, 10.55231, 6.18064],
			"to": [-5.66733, 14.66031, 9.53864],
			"shade": false,
			"rotation": {"angle": 45, "axis": "x", "origin": [-6.04633, 12.60631, 7.85964]},
			"faces": {
				"north": {"uv": [13, 3.5, 13.25, 4.5], "texture": "#2"},
				"east": {"uv": [9.5, 7.5, 10.375, 8.5], "texture": "#2"},
				"south": {"uv": [5.5, 13, 5.75, 14], "texture": "#2"},
				"west": {"uv": [9.5, 8.5, 10.375, 9.5], "texture": "#2"},
				"up": {"uv": [1, 14.125, 0.75, 13.25], "texture": "#2"},
				"down": {"uv": [1.25, 13.25, 1, 14.125], "texture": "#2"}
			}
		},
		{
			"from": [-6.42933, 5.53325, 4.75585],
			"to": [-5.66333, 7.89925, 10.12185],
			"shade": false,
			"rotation": {"angle": 45, "axis": "x", "origin": [-6.04633, 6.23665, 7.75]},
			"faces": {
				"north": {"uv": [13.25, 12.25, 13.5, 12.875], "texture": "#2"},
				"east": {"uv": [10, 3.75, 11.375, 4.375], "texture": "#2"},
				"south": {"uv": [13.25, 13, 13.5, 13.625], "texture": "#2"},
				"west": {"uv": [5, 10.25, 6.375, 10.875], "texture": "#2"},
				"up": {"uv": [0.25, 14.125, 0, 12.75], "texture": "#2"},
				"down": {"uv": [0.5, 12.75, 0.25, 14.125], "texture": "#2"}
			}
		},
		{
			"from": [-6.92733, 6.62054, 9.29607],
			"to": [-5.16533, 10.63254, 12.70807],
			"shade": false,
			"rotation": {"angle": 22.5, "axis": "x", "origin": [-6.04633, 9.98665, 10.25]},
			"faces": {
				"north": {"uv": [10.5, 12.5, 10.875, 13.5], "texture": "#2"},
				"east": {"uv": [4, 9.5, 4.875, 10.5], "texture": "#2"},
				"south": {"uv": [11, 12.5, 11.375, 13.5], "texture": "#2"},
				"west": {"uv": [9.5, 4.5, 10.375, 5.5], "texture": "#2"},
				"up": {"uv": [12.375, 13.625, 12, 12.75], "texture": "#2"},
				"down": {"uv": [12.875, 12.75, 12.5, 13.625], "texture": "#2"}
			}
		},
		{
			"from": [-6.92933, 2.23399, 8.07975],
			"to": [-5.16333, 7.24999, 11.77075],
			"shade": false,
			"rotation": {"angle": 0, "axis": "y", "origin": [-6.04633, 9.98665, 10.25]},
			"faces": {
				"north": {"uv": [1.5, 11.75, 1.875, 13], "texture": "#2"},
				"east": {"uv": [8.5, 6.5, 9.375, 7.75], "texture": "#2"},
				"south": {"uv": [5, 12, 5.375, 13.25], "texture": "#2"},
				"west": {"uv": [8.5, 7.75, 9.375, 9], "texture": "#2"},
				"up": {"uv": [9.875, 13.625, 9.5, 12.75], "texture": "#2"},
				"down": {"uv": [10.375, 12.75, 10, 13.625], "texture": "#2"}
			}
		},
		{
			"from": [-6.92333, 2.23999, 2.33575],
			"to": [-5.16933, 4.99399, 8.08975],
			"shade": false,
			"rotation": {"angle": 0, "axis": "y", "origin": [-6.04633, 9.98665, 10.25]},
			"faces": {
				"north": {"uv": [5, 9.5, 5.375, 10.25], "texture": "#2"},
				"east": {"uv": [7.75, 2, 9.25, 2.75], "texture": "#2"},
				"south": {"uv": [1.5, 13, 1.875, 13.75], "texture": "#2"},
				"west": {"uv": [8, 2.75, 9.5, 3.5], "texture": "#2"},
				"up": {"uv": [2.375, 12.5, 2, 11], "texture": "#2"},
				"down": {"uv": [2.875, 11, 2.5, 12.5], "texture": "#2"}
			}
		},
		{
			"from": [-6.92333, 4.98999, 2.33575],
			"to": [-5.16933, 6.99399, 4.33975],
			"shade": false,
			"rotation": {"angle": 0, "axis": "y", "origin": [-6.04633, 9.98665, 10.25]},
			"faces": {
				"north": {"uv": [5, 13.25, 5.375, 13.75], "texture": "#2"},
				"east": {"uv": [9.5, 3, 10, 3.5], "texture": "#2"},
				"south": {"uv": [6.5, 13.25, 6.875, 13.75], "texture": "#2"},
				"west": {"uv": [5.75, 13, 6.25, 13.5], "texture": "#2"},
				"up": {"uv": [7.375, 13.75, 7, 13.25], "texture": "#2"},
				"down": {"uv": [7.875, 13.25, 7.5, 13.75], "texture": "#2"}
			}
		},
		{
			"from": [-6.04833, 4.98999, 2.33575],
			"to": [-6.04433, 8.99399, 6.08975],
			"shade": false,
			"rotation": {"angle": 0, "axis": "y", "origin": [-6.04633, 9.98665, 10.25]},
			"faces": {
				"north": {"uv": [0, 0, 0, 1], "texture": "#2"},
				"east": {"uv": [7.5, 9.25, 8.5, 10.25], "texture": "#2"},
				"south": {"uv": [0, 0, 0, 1], "texture": "#2"},
				"west": {"uv": [0, 9.5, 1, 10.5], "texture": "#2"},
				"up": {"uv": [0, 1, 0, 0], "texture": "#2"},
				"down": {"uv": [0, 0, 0, 1], "texture": "#2"}
			}
		},
		{
			"from": [-6.02333, 3.80964, 11.7664],
			"to": [-6.01933, 16.81364, 15.6704],
			"shade": false,
			"rotation": {"angle": 0, "axis": "y", "origin": [-6.02133, 17.8063, 19.83065]},
			"faces": {
				"north": {"uv": [0, 0, 0, 3.25], "texture": "#2"},
				"east": {"uv": [5.5, 0, 6.5, 3.25], "texture": "#2"},
				"south": {"uv": [0, 0, 0, 3.25], "texture": "#2"},
				"west": {"uv": [5.5, 3.25, 6.5, 6.5], "texture": "#2"},
				"up": {"uv": [0, 1, 0, 0], "texture": "#2"},
				"down": {"uv": [0, 0, 0, 1], "texture": "#2"}
			}
		},
		{
			"from": [-7.68606, 0.998, -1.91794],
			"to": [3.91394, 2.998, -1.91794],
			"shade": false,
			"rotation": {"angle": 45, "axis": "y", "origin": [-1.88606, 4.498, -1.91794]},
			"faces": {
				"north": {"uv": [6.5, 5.5, 9.375, 6], "texture": "#2"},
				"east": {"uv": [0, 0, 0, 0.5], "texture": "#2"},
				"south": {"uv": [6.5, 6, 9.375, 6.5], "texture": "#2"},
				"west": {"uv": [0, 0, 0, 0.5], "texture": "#2"},
				"up": {"uv": [2.875, 0, 0, 0], "texture": "#2"},
				"down": {"uv": [2.875, 0, 0, 0], "texture": "#2"}
			}
		},
		{
			"from": [-7.88909, 3, 17.40381],
			"to": [4.11091, 4, 18.40381],
			"shade": false,
			"rotation": {"angle": -45, "axis": "y", "origin": [-1.88909, 3.5, 17.90381]},
			"faces": {
				"north": {"uv": [10.75, 1, 13.75, 1.25], "texture": "#2"},
				"east": {"uv": [13.5, 7, 13.75, 7.25], "texture": "#2"},
				"south": {"uv": [10.75, 1.25, 13.75, 1.5], "texture": "#2"},
				"west": {"uv": [13.5, 7.25, 13.75, 7.5], "texture": "#2"},
				"up": {"uv": [13.75, 1.75, 10.75, 1.5], "texture": "#2"},
				"down": {"uv": [13.75, 1.75, 10.75, 2], "texture": "#2"}
			}
		},
		{
			"from": [-7.68535, 1.002, 17.88779],
			"to": [3.91465, 3.002, 17.88779],
			"shade": false,
			"rotation": {"angle": -45, "axis": "y", "origin": [-1.88535, 4.502, 17.88779]},
			"faces": {
				"north": {"uv": [7.75, 1, 10.625, 1.5], "texture": "#2"},
				"east": {"uv": [0, 0, 0, 0.5], "texture": "#2"},
				"south": {"uv": [7.75, 1.5, 10.625, 2], "texture": "#2"},
				"west": {"uv": [0, 0, 0, 0.5], "texture": "#2"},
				"up": {"uv": [2.875, 0, 0, 0], "texture": "#2"},
				"down": {"uv": [2.875, 0, 0, 0], "texture": "#2"}
			}
		},
		{
			"from": [-7.88909, 0, 17.40381],
			"to": [4.11091, 1, 18.40381],
			"shade": false,
			"rotation": {"angle": -45, "axis": "y", "origin": [-1.88909, 0.5, 17.90381]},
			"faces": {
				"north": {"uv": [10.5, 9, 13.5, 9.25], "texture": "#2"},
				"east": {"uv": [13.5, 6, 13.75, 6.25], "texture": "#2"},
				"south": {"uv": [10.5, 9.25, 13.5, 9.5], "texture": "#2"},
				"west": {"uv": [13.5, 6.25, 13.75, 6.5], "texture": "#2"},
				"up": {"uv": [12.5, 10.75, 9.5, 10.5], "texture": "#2"},
				"down": {"uv": [3, 10.75, 0, 11], "texture": "#2"}
			}
		},
		{
			"from": [-5.98728, 0.998, 2.18328],
			"to": [-5.98328, 3.002, 13.78728],
			"shade": false,
			"rotation": {"angle": 0, "axis": "y", "origin": [-5.98528, 4.5, 7.98528]},
			"faces": {
				"north": {"uv": [0, 0, 0, 0.5], "texture": "#2"},
				"east": {"uv": [5.5, 7, 8.375, 7.5], "texture": "#2"},
				"south": {"uv": [0, 0, 0, 0.5], "texture": "#2"},
				"west": {"uv": [5.5, 7.5, 8.375, 8], "texture": "#2"},
				"up": {"uv": [0, 2.875, 0, 0], "texture": "#2"},
				"down": {"uv": [0, 0, 0, 2.875], "texture": "#2"}
			}
		},
		{
			"from": [22.01933, 3.80964, 11.7664],
			"to": [22.02333, 16.81364, 15.6704],
			"shade": false,
			"rotation": {"angle": 0, "axis": "y", "origin": [22.02133, 17.8063, 19.83065]},
			"faces": {
				"north": {"uv": [0, 0, 0, 3.25], "texture": "#2"},
				"east": {"uv": [6.5, 3.25, 5.5, 6.5], "texture": "#2"},
				"south": {"uv": [0, 0, 0, 3.25], "texture": "#2"},
				"west": {"uv": [6.5, 0, 5.5, 3.25], "texture": "#2"},
				"up": {"uv": [0, 1, 0, 0], "texture": "#2"},
				"down": {"uv": [0, 0, 0, 1], "texture": "#2"}
			}
		},
		{
			"from": [22.04433, 4.98999, 2.33575],
			"to": [22.04833, 8.99399, 6.08975],
			"shade": false,
			"rotation": {"angle": 0, "axis": "y", "origin": [22.04633, 9.98665, 10.25]},
			"faces": {
				"north": {"uv": [0, 0, 0, 1], "texture": "#2"},
				"east": {"uv": [1, 9.5, 0, 10.5], "texture": "#2"},
				"south": {"uv": [0, 0, 0, 1], "texture": "#2"},
				"west": {"uv": [8.5, 9.25, 7.5, 10.25], "texture": "#2"},
				"up": {"uv": [0, 1, 0, 0], "texture": "#2"},
				"down": {"uv": [0, 0, 0, 1], "texture": "#2"}
			}
		},
		{
			"from": [21.16933, 4.98999, 2.33575],
			"to": [22.92333, 6.99399, 4.33975],
			"shade": false,
			"rotation": {"angle": 0, "axis": "y", "origin": [22.04633, 9.98665, 10.25]},
			"faces": {
				"north": {"uv": [5.375, 13.25, 5, 13.75], "texture": "#2"},
				"east": {"uv": [6.25, 13, 5.75, 13.5], "texture": "#2"},
				"south": {"uv": [6.875, 13.25, 6.5, 13.75], "texture": "#2"},
				"west": {"uv": [10, 3, 9.5, 3.5], "texture": "#2"},
				"up": {"uv": [7, 13.75, 7.375, 13.25], "texture": "#2"},
				"down": {"uv": [7.5, 13.25, 7.875, 13.75], "texture": "#2"}
			}
		},
		{
			"from": [21.16933, 2.23999, 2.33575],
			"to": [22.92333, 4.99399, 8.08975],
			"shade": false,
			"rotation": {"angle": 0, "axis": "y", "origin": [22.04633, 9.98665, 10.25]},
			"faces": {
				"north": {"uv": [5.375, 9.5, 5, 10.25], "texture": "#2"},
				"east": {"uv": [9.5, 2.75, 8, 3.5], "texture": "#2"},
				"south": {"uv": [1.875, 13, 1.5, 13.75], "texture": "#2"},
				"west": {"uv": [9.25, 2, 7.75, 2.75], "texture": "#2"},
				"up": {"uv": [2, 12.5, 2.375, 11], "texture": "#2"},
				"down": {"uv": [2.5, 11, 2.875, 12.5], "texture": "#2"}
			}
		},
		{
			"from": [21.66733, 10.55231, 6.18064],
			"to": [22.42533, 14.66031, 9.53864],
			"shade": false,
			"rotation": {"angle": 45, "axis": "x", "origin": [22.04633, 12.60631, 7.85964]},
			"faces": {
				"north": {"uv": [13.25, 3.5, 13, 4.5], "texture": "#2"},
				"east": {"uv": [10.375, 8.5, 9.5, 9.5], "texture": "#2"},
				"south": {"uv": [5.75, 13, 5.5, 14], "texture": "#2"},
				"west": {"uv": [10.375, 7.5, 9.5, 8.5], "texture": "#2"},
				"up": {"uv": [0.75, 14.125, 1, 13.25], "texture": "#2"},
				"down": {"uv": [1, 13.25, 1.25, 14.125], "texture": "#2"}
			}
		},
		{
			"from": [21.66933, 12.70636, 8.62939],
			"to": [22.42333, 16.06036, 12.73339],
			"shade": false,
			"rotation": {"angle": -22.5, "axis": "x", "origin": [22.04633, 14.38336, 10.43139]},
			"faces": {
				"north": {"uv": [13.25, 12.75, 13, 13.625], "texture": "#2"},
				"east": {"uv": [10.5, 6.5, 9.5, 7.375], "texture": "#2"},
				"south": {"uv": [0.75, 13.25, 0.5, 14.125], "texture": "#2"},
				"west": {"uv": [10.5, 5.5, 9.5, 6.375], "texture": "#2"},
				"up": {"uv": [2.5, 14, 2.75, 13], "texture": "#2"},
				"down": {"uv": [2.75, 13, 3, 14], "texture": "#2"}
			}
		},
		{
			"from": [21.67133, 9.55631, 6.50025],
			"to": [22.42133, 13.50631, 12.60025],
			"shade": false,
			"rotation": {"angle": 0, "axis": "y", "origin": [22.04633, 6.23665, 7.75]},
			"faces": {
				"north": {"uv": [2.25, 13, 2, 14], "texture": "#2"},
				"east": {"uv": [8, 4, 6.5, 5], "texture": "#2"},
				"south": {"uv": [2.5, 13, 2.25, 14], "texture": "#2"},
				"west": {"uv": [8, 3, 6.5, 4], "texture": "#2"},
				"up": {"uv": [11.5, 14, 11.75, 12.5], "texture": "#2"},
				"down": {"uv": [11.75, 12.5, 12, 14], "texture": "#2"}
			}
		},
		{
			"from": [21.66533, 6.73185, 4.71842],
			"to": [22.42733, 10.34385, 8.08042],
			"shade": false,
			"rotation": {"angle": 22.5, "axis": "x", "origin": [22.04633, 6.23665, 7.75]},
			"faces": {
				"north": {"uv": [9, 13, 8.75, 13.875], "texture": "#2"},
				"east": {"uv": [7.375, 10.25, 6.5, 11.125], "texture": "#2"},
				"south": {"uv": [9.25, 13, 9, 13.875], "texture": "#2"},
				"west": {"uv": [9.375, 10, 8.5, 10.875], "texture": "#2"},
				"up": {"uv": [9.25, 13.875, 9.5, 13], "texture": "#2"},
				"down": {"uv": [13, 10.5, 13.25, 11.375], "texture": "#2"}
			}
		},
		{
			"from": [21.66333, 5.53325, 4.75585],
			"to": [22.42933, 7.89925, 10.12185],
			"shade": false,
			"rotation": {"angle": 45, "axis": "x", "origin": [22.04633, 6.23665, 7.75]},
			"faces": {
				"north": {"uv": [13.5, 12.25, 13.25, 12.875], "texture": "#2"},
				"east": {"uv": [6.375, 10.25, 5, 10.875], "texture": "#2"},
				"south": {"uv": [13.5, 13, 13.25, 13.625], "texture": "#2"},
				"west": {"uv": [11.375, 3.75, 10, 4.375], "texture": "#2"},
				"up": {"uv": [0, 14.125, 0.25, 12.75], "texture": "#2"},
				"down": {"uv": [0.25, 12.75, 0.5, 14.125], "texture": "#2"}
			}
		},
		{
			"from": [21.16533, 6.62054, 9.29607],
			"to": [22.92733, 10.63254, 12.70807],
			"shade": false,
			"rotation": {"angle": 22.5, "axis": "x", "origin": [22.04633, 9.98665, 10.25]},
			"faces": {
				"north": {"uv": [10.875, 12.5, 10.5, 13.5], "texture": "#2"},
				"east": {"uv": [10.375, 4.5, 9.5, 5.5], "texture": "#2"},
				"south": {"uv": [11.375, 12.5, 11, 13.5], "texture": "#2"},
				"west": {"uv": [4.875, 9.5, 4, 10.5], "texture": "#2"},
				"up": {"uv": [12, 13.625, 12.375, 12.75], "texture": "#2"},
				"down": {"uv": [12.5, 12.75, 12.875, 13.625], "texture": "#2"}
			}
		},
		{
			"from": [21.16333, 2.23399, 8.07975],
			"to": [22.92933, 7.24999, 11.77075],
			"shade": false,
			"rotation": {"angle": 0, "axis": "y", "origin": [22.04633, 9.98665, 10.25]},
			"faces": {
				"north": {"uv": [1.875, 11.75, 1.5, 13], "texture": "#2"},
				"east": {"uv": [9.375, 7.75, 8.5, 9], "texture": "#2"},
				"south": {"uv": [5.375, 12, 5, 13.25], "texture": "#2"},
				"west": {"uv": [9.375, 6.5, 8.5, 7.75], "texture": "#2"},
				"up": {"uv": [9.5, 13.625, 9.875, 12.75], "texture": "#2"},
				"down": {"uv": [10, 12.75, 10.375, 13.625], "texture": "#2"}
			}
		},
		{
			"from": [11.88909, 3, 17.40381],
			"to": [23.88909, 4, 18.40381],
			"shade": false,
			"rotation": {"angle": 45, "axis": "y", "origin": [17.88909, 3.5, 17.90381]},
			"faces": {
				"north": {"uv": [13.75, 1, 10.75, 1.25], "texture": "#2"},
				"east": {"uv": [13.75, 7.25, 13.5, 7.5], "texture": "#2"},
				"south": {"uv": [13.75, 1.25, 10.75, 1.5], "texture": "#2"},
				"west": {"uv": [13.75, 7, 13.5, 7.25], "texture": "#2"},
				"up": {"uv": [10.75, 1.75, 13.75, 1.5], "texture": "#2"},
				"down": {"uv": [10.75, 1.75, 13.75, 2], "texture": "#2"}
			}
		},
		{
			"from": [12.08535, 1.002, 17.88779],
			"to": [23.68535, 3.002, 17.88779],
			"shade": false,
			"rotation": {"angle": 45, "axis": "y", "origin": [17.88535, 4.502, 17.88779]},
			"faces": {
				"north": {"uv": [10.625, 1, 7.75, 1.5], "texture": "#2"},
				"east": {"uv": [0, 0, 0, 0.5], "texture": "#2"},
				"south": {"uv": [10.625, 1.5, 7.75, 2], "texture": "#2"},
				"west": {"uv": [0, 0, 0, 0.5], "texture": "#2"},
				"up": {"uv": [0, 0, 2.875, 0], "texture": "#2"},
				"down": {"uv": [0, 0, 2.875, 0], "texture": "#2"}
			}
		},
		{
			"from": [11.88909, 0, 17.40381],
			"to": [23.88909, 1, 18.40381],
			"shade": false,
			"rotation": {"angle": 45, "axis": "y", "origin": [17.88909, 0.5, 17.90381]},
			"faces": {
				"north": {"uv": [13.5, 9, 10.5, 9.25], "texture": "#2"},
				"east": {"uv": [13.75, 6.25, 13.5, 6.5], "texture": "#2"},
				"south": {"uv": [13.5, 9.25, 10.5, 9.5], "texture": "#2"},
				"west": {"uv": [13.75, 6, 13.5, 6.25], "texture": "#2"},
				"up": {"uv": [9.5, 10.75, 12.5, 10.5], "texture": "#2"},
				"down": {"uv": [0, 10.75, 3, 11], "texture": "#2"}
			}
		},
		{
			"from": [21.48328, 2.998, 1.98328],
			"to": [22.48728, 4.002, 13.98728],
			"shade": false,
			"rotation": {"angle": 0, "axis": "y", "origin": [21.98528, 3.5, 7.98528]},
			"faces": {
				"north": {"uv": [13.75, 5.5, 13.5, 5.75], "texture": "#2"},
				"east": {"uv": [13.5, 7.75, 10.5, 8], "texture": "#2"},
				"south": {"uv": [6, 13.5, 5.75, 13.75], "texture": "#2"},
				"west": {"uv": [13.5, 7.5, 10.5, 7.75], "texture": "#2"},
				"up": {"uv": [8, 13.25, 8.25, 10.25], "texture": "#2"},
				"down": {"uv": [8.25, 10.25, 8.5, 13.25], "texture": "#2"}
			}
		},
		{
			"from": [11.88909, 3, -2.40381],
			"to": [23.88909, 4, -1.40381],
			"shade": false,
			"rotation": {"angle": -45, "axis": "y", "origin": [17.88909, 3.5, -1.90381]},
			"faces": {
				"north": {"uv": [13.5, 6.5, 10.5, 6.75], "texture": "#2"},
				"east": {"uv": [13.75, 5.25, 13.5, 5.5], "texture": "#2"},
				"south": {"uv": [13.5, 6.75, 10.5, 7], "texture": "#2"},
				"west": {"uv": [13.75, 5, 13.5, 5.25], "texture": "#2"},
				"up": {"uv": [10.5, 7.25, 13.5, 7], "texture": "#2"},
				"down": {"uv": [10.5, 7.25, 13.5, 7.5], "texture": "#2"}
			}
		},
		{
			"from": [21.98328, 0.998, 2.18328],
			"to": [21.98728, 3.002, 13.78728],
			"shade": false,
			"rotation": {"angle": 0, "axis": "y", "origin": [21.98528, 4.5, 7.98528]},
			"faces": {
				"north": {"uv": [0, 0, 0, 0.5], "texture": "#2"},
				"east": {"uv": [8.375, 7.5, 5.5, 8], "texture": "#2"},
				"south": {"uv": [0, 0, 0, 0.5], "texture": "#2"},
				"west": {"uv": [8.375, 7, 5.5, 7.5], "texture": "#2"},
				"up": {"uv": [0, 2.875, 0, 0], "texture": "#2"},
				"down": {"uv": [0, 0, 0, 2.875], "texture": "#2"}
			}
		},
		{
			"from": [12.08606, 0.998, -1.91794],
			"to": [23.68606, 2.998, -1.91794],
			"shade": false,
			"rotation": {"angle": -45, "axis": "y", "origin": [17.88606, 4.498, -1.91794]},
			"faces": {
				"north": {"uv": [9.375, 5.5, 6.5, 6], "texture": "#2"},
				"east": {"uv": [0, 0, 0, 0.5], "texture": "#2"},
				"south": {"uv": [9.375, 6, 6.5, 6.5], "texture": "#2"},
				"west": {"uv": [0, 0, 0, 0.5], "texture": "#2"},
				"up": {"uv": [0, 0, 2.875, 0], "texture": "#2"},
				"down": {"uv": [0, 0, 2.875, 0], "texture": "#2"}
			}
		},
		{
			"from": [21.48328, -0.002, 1.98328],
			"to": [22.48728, 1.002, 13.98728],
			"shade": false,
			"rotation": {"angle": 0, "axis": "y", "origin": [21.98528, 0.5, 7.98528]},
			"faces": {
				"north": {"uv": [13.75, 2.5, 13.5, 2.75], "texture": "#2"},
				"east": {"uv": [13.5, 5.25, 10.5, 5.5], "texture": "#2"},
				"south": {"uv": [13.75, 2.75, 13.5, 3], "texture": "#2"},
				"west": {"uv": [13.5, 5, 10.5, 5.25], "texture": "#2"},
				"up": {"uv": [7.5, 13.25, 7.75, 10.25], "texture": "#2"},
				"down": {"uv": [7.75, 10.25, 8, 13.25], "texture": "#2"}
			}
		},
		{
			"from": [11.88909, 0, -2.40381],
			"to": [23.88909, 1, -1.40381],
			"shade": false,
			"rotation": {"angle": -45, "axis": "y", "origin": [17.88909, 0.5, -1.90381]},
			"faces": {
				"north": {"uv": [13.5, 2.5, 10.5, 2.75], "texture": "#2"},
				"east": {"uv": [13.75, 2.25, 13.5, 2.5], "texture": "#2"},
				"south": {"uv": [13.5, 2.75, 10.5, 3], "texture": "#2"},
				"west": {"uv": [13.75, 2, 13.5, 2.25], "texture": "#2"},
				"up": {"uv": [10.5, 4.75, 13.5, 4.5], "texture": "#2"},
				"down": {"uv": [10.5, 4.75, 13.5, 5], "texture": "#2"}
			}
		},
		{
			"from": [1.998, -0.002, -6.502],
			"to": [14.002, 1.002, -5.498],
			"shade": false,
			"rotation": {"angle": 0, "axis": "y", "origin": [7, 0, -6.5]},
			"faces": {
				"north": {"uv": [9.5, 10.25, 12.5, 10.5], "texture": "#2"},
				"east": {"uv": [7.75, 2.75, 8, 3], "texture": "#2"},
				"south": {"uv": [0, 10.5, 3, 10.75], "texture": "#2"},
				"west": {"uv": [13.25, 11.25, 13.5, 11.5], "texture": "#2"},
				"up": {"uv": [13.5, 2.25, 10.5, 2], "texture": "#2"},
				"down": {"uv": [13.5, 2.25, 10.5, 2.5], "texture": "#2"}
			}
		},
		{
			"from": [1.998, 2.998, -6.502],
			"to": [14.002, 4.002, -5.498],
			"shade": false,
			"rotation": {"angle": 0, "axis": "y", "origin": [7, 3, -6.5]},
			"faces": {
				"north": {"uv": [10.5, 5.5, 13.5, 5.75], "texture": "#2"},
				"east": {"uv": [13.5, 4.5, 13.75, 4.75], "texture": "#2"},
				"south": {"uv": [10.5, 5.75, 13.5, 6], "texture": "#2"},
				"west": {"uv": [13.5, 4.75, 13.75, 5], "texture": "#2"},
				"up": {"uv": [13.5, 6.25, 10.5, 6], "texture": "#2"},
				"down": {"uv": [13.5, 6.25, 10.5, 6.5], "texture": "#2"}
			}
		},
		{
			"from": [5.992, -1.758, -7.508],
			"to": [10.008, 2.258, -5.742],
			"shade": false,
			"rotation": {"angle": 45, "axis": "z", "origin": [8, 0.25, -6.625]},
			"faces": {
				"north": {"uv": [9, 3.5, 10, 4.5], "texture": "#2"},
				"east": {"uv": [11, 10.75, 11.5, 11.75], "texture": "#2"},
				"south": {"uv": [8.5, 9, 9.5, 10], "texture": "#2"},
				"west": {"uv": [6.5, 11.25, 7, 12.25], "texture": "#2"},
				"up": {"uv": [12, 10, 11, 9.5], "texture": "#2"},
				"down": {"uv": [12.5, 3, 11.5, 3.5], "texture": "#2"}
			}
		},
		{
			"from": [4.24622, 0.85974, -7.506],
			"to": [7.93322, 5.87174, -5.744],
			"shade": false,
			"rotation": {"angle": 22.5, "axis": "z", "origin": [6.25222, 2.86574, -6.625]},
			"faces": {
				"north": {"uv": [8, 3.5, 8.875, 4.75], "texture": "#2"},
				"east": {"uv": [3, 10.5, 3.5, 11.75], "texture": "#2"},
				"south": {"uv": [5.5, 8, 6.375, 9.25], "texture": "#2"},
				"west": {"uv": [3.5, 10.5, 4, 11.75], "texture": "#2"},
				"up": {"uv": [12.875, 4, 12, 3.5], "texture": "#2"},
				"down": {"uv": [12.875, 4, 12, 4.5], "texture": "#2"}
			}
		},
		{
			"from": [2.01635, 4.24544, -7.504],
			"to": [5.42435, 8.25344, -5.746],
			"shade": false,
			"rotation": {"angle": 45, "axis": "z", "origin": [3.58285, 6.74944, -6.625]},
			"faces": {
				"north": {"uv": [1, 9.5, 1.875, 10.5], "texture": "#2"},
				"east": {"uv": [7, 11.25, 7.5, 12.25], "texture": "#2"},
				"south": {"uv": [2, 9.5, 2.875, 10.5], "texture": "#2"},
				"west": {"uv": [11.5, 3.5, 12, 4.5], "texture": "#2"},
				"up": {"uv": [12.875, 11.25, 12, 10.75], "texture": "#2"},
				"down": {"uv": [12.875, 11.25, 12, 11.75], "texture": "#2"}
			}
		},
		{
			"from": [5.792, 3.99144, -7.258],
			"to": [10.208, 9.35744, -5.992],
			"shade": false,
			"rotation": {"angle": 0, "axis": "y", "origin": [7.8625, 6.74944, -6.625]},
			"faces": {
				"north": {"uv": [6.5, 0, 7.625, 1.375], "texture": "#2"},
				"east": {"uv": [8.5, 11, 8.875, 12.375], "texture": "#2"},
				"south": {"uv": [6.5, 1.5, 7.625, 2.875], "texture": "#2"},
				"west": {"uv": [9, 11, 9.375, 12.375], "texture": "#2"},
				"up": {"uv": [13.125, 12.625, 12, 12.25], "texture": "#2"},
				"down": {"uv": [13.625, 3, 12.5, 3.375], "texture": "#2"}
			}
		},
		{
			"from": [0.792, 7.24144, -7.008],
			"to": [6.158, 9.60744, -6.242],
			"shade": false,
			"rotation": {"angle": -22.5, "axis": "z", "origin": [3.8, 8.42444, -6.625]},
			"faces": {
				"north": {"uv": [9.5, 9.5, 10.875, 10.125], "texture": "#2"},
				"east": {"uv": [8, 13.25, 8.25, 13.875], "texture": "#2"},
				"south": {"uv": [10, 3, 11.375, 3.625], "texture": "#2"},
				"west": {"uv": [8.25, 13.25, 8.5, 13.875], "texture": "#2"},
				"up": {"uv": [9.375, 5, 8, 4.75], "texture": "#2"},
				"down": {"uv": [12.375, 10, 11, 10.25], "texture": "#2"}
			}
		},
		{
			"from": [0.5721, 8.48185, -7.006],
			"to": [2.9341, 11.84385, -6.244],
			"shade": false,
			"rotation": {"angle": 0, "axis": "y", "origin": [3.2531, 9.66285, -6.625]},
			"faces": {
				"north": {"uv": [5, 11, 5.625, 11.875], "texture": "#2"},
				"east": {"uv": [6.25, 13, 6.5, 13.875], "texture": "#2"},
				"south": {"uv": [5.75, 11, 6.375, 11.875], "texture": "#2"},
				"west": {"uv": [8.5, 13, 8.75, 13.875], "texture": "#2"},
				"up": {"uv": [13.625, 12.25, 13, 12], "texture": "#2"},
				"down": {"uv": [13.875, 10.5, 13.25, 10.75], "texture": "#2"}
			}
		},
		{
			"from": [0.02393, 11.26178, -7.002],
			"to": [2.37793, 14.11578, -6.248],
			"shade": false,
			"rotation": {"angle": 22.5, "axis": "z", "origin": [1.20093, 12.93878, -6.625]},
			"faces": {
				"north": {"uv": [10.5, 11.75, 11.125, 12.5], "texture": "#2"},
				"east": {"uv": [9.25, 2, 9.5, 2.75], "texture": "#2"},
				"south": {"uv": [11.25, 11.75, 11.875, 12.5], "texture": "#2"},
				"west": {"uv": [1.25, 13.25, 1.5, 14], "texture": "#2"},
				"up": {"uv": [13.875, 11, 13.25, 10.75], "texture": "#2"},
				"down": {"uv": [13.875, 11, 13.25, 11.25], "texture": "#2"}
			}
		},
		{
			"from": [9.842, 7.24144, -7.008],
			"to": [15.208, 9.60744, -6.242],
			"shade": false,
			"rotation": {"angle": 22.5, "axis": "z", "origin": [12.2, 8.42444, -6.625]},
			"faces": {
				"north": {"uv": [10.875, 9.5, 9.5, 10.125], "texture": "#2"},
				"east": {"uv": [8.5, 13.25, 8.25, 13.875], "texture": "#2"},
				"south": {"uv": [11.375, 3, 10, 3.625], "texture": "#2"},
				"west": {"uv": [8.25, 13.25, 8, 13.875], "texture": "#2"},
				"up": {"uv": [8, 5, 9.375, 4.75], "texture": "#2"},
				"down": {"uv": [11, 10, 12.375, 10.25], "texture": "#2"}
			}
		},
		{
			"from": [13.0659, 8.48185, -7.006],
			"to": [15.4279, 11.84385, -6.244],
			"shade": false,
			"rotation": {"angle": 0, "axis": "y", "origin": [12.7469, 9.66285, -6.625]},
			"faces": {
				"north": {"uv": [5.625, 11, 5, 11.875], "texture": "#2"},
				"east": {"uv": [8.75, 13, 8.5, 13.875], "texture": "#2"},
				"south": {"uv": [6.375, 11, 5.75, 11.875], "texture": "#2"},
				"west": {"uv": [6.5, 13, 6.25, 13.875], "texture": "#2"},
				"up": {"uv": [13, 12.25, 13.625, 12], "texture": "#2"},
				"down": {"uv": [13.25, 10.5, 13.875, 10.75], "texture": "#2"}
			}
		},
		{
			"from": [13.62207, 11.26178, -7.002],
			"to": [15.97607, 14.11578, -6.248],
			"shade": false,
			"rotation": {"angle": -22.5, "axis": "z", "origin": [14.79907, 12.93878, -6.625]},
			"faces": {
				"north": {"uv": [11.125, 11.75, 10.5, 12.5], "texture": "#2"},
				"east": {"uv": [1.5, 13.25, 1.25, 14], "texture": "#2"},
				"south": {"uv": [11.875, 11.75, 11.25, 12.5], "texture": "#2"},
				"west": {"uv": [9.5, 2, 9.25, 2.75], "texture": "#2"},
				"up": {"uv": [13.25, 11, 13.875, 10.75], "texture": "#2"},
				"down": {"uv": [13.25, 11, 13.875, 11.25], "texture": "#2"}
			}
		},
		{
			"from": [3.25831, 8.64008, -7.252],
			"to": [7.16231, 10.39408, -5.998],
			"shade": false,
			"rotation": {"angle": -22.5, "axis": "z", "origin": [4.96031, 7.76708, -6.625]},
			"faces": {
				"north": {"uv": [0.5, 11.75, 1.5, 12.25], "texture": "#2"},
				"east": {"uv": [13, 9.5, 13.375, 10], "texture": "#2"},
				"south": {"uv": [3, 11.75, 4, 12.25], "texture": "#2"},
				"west": {"uv": [13, 11.5, 13.375, 12], "texture": "#2"},
				"up": {"uv": [3, 12.875, 2, 12.5], "texture": "#2"},
				"down": {"uv": [6.5, 12.5, 5.5, 12.875], "texture": "#2"}
			}
		},
		{
			"from": [4.43758, 9.2043, -7.256],
			"to": [8.09958, 10.9663, -5.994],
			"shade": false,
			"rotation": {"angle": -45, "axis": "z", "origin": [6.39358, 10.0853, -6.625]},
			"faces": {
				"north": {"uv": [6.5, 12.25, 7.375, 12.75], "texture": "#2"},
				"east": {"uv": [13.25, 4, 13.625, 4.5], "texture": "#2"},
				"south": {"uv": [9.5, 12.25, 10.375, 12.75], "texture": "#2"},
				"west": {"uv": [4.5, 13.25, 4.875, 13.75], "texture": "#2"},
				"up": {"uv": [4.875, 13.125, 4, 12.75], "texture": "#2"},
				"down": {"uv": [7.375, 12.75, 6.5, 13.125], "texture": "#2"}
			}
		},
		{
			"from": [8.06678, 0.85974, -7.506],
			"to": [11.75378, 5.87174, -5.744],
			"shade": false,
			"rotation": {"angle": -22.5, "axis": "z", "origin": [9.74778, 2.86574, -6.625]},
			"faces": {
				"north": {"uv": [8.875, 3.5, 8, 4.75], "texture": "#2"},
				"east": {"uv": [4, 10.5, 3.5, 11.75], "texture": "#2"},
				"south": {"uv": [6.375, 8, 5.5, 9.25], "texture": "#2"},
				"west": {"uv": [3.5, 10.5, 3, 11.75], "texture": "#2"},
				"up": {"uv": [12, 4, 12.875, 3.5], "texture": "#2"},
				"down": {"uv": [12, 4, 12.875, 4.5], "texture": "#2"}
			}
		},
		{
			"from": [10.57565, 4.24544, -7.504],
			"to": [13.98365, 8.25344, -5.746],
			"shade": false,
			"rotation": {"angle": -45, "axis": "z", "origin": [12.41715, 6.74944, -6.625]},
			"faces": {
				"north": {"uv": [1.875, 9.5, 1, 10.5], "texture": "#2"},
				"east": {"uv": [12, 3.5, 11.5, 4.5], "texture": "#2"},
				"south": {"uv": [2.875, 9.5, 2, 10.5], "texture": "#2"},
				"west": {"uv": [7.5, 11.25, 7, 12.25], "texture": "#2"},
				"up": {"uv": [12, 11.25, 12.875, 10.75], "texture": "#2"},
				"down": {"uv": [12, 11.25, 12.875, 11.75], "texture": "#2"}
			}
		},
		{
			"from": [8.83769, 8.64008, -7.252],
			"to": [12.74169, 10.39408, -5.998],
			"shade": false,
			"rotation": {"angle": 22.5, "axis": "z", "origin": [11.03969, 7.76708, -6.625]},
			"faces": {
				"north": {"uv": [1.5, 11.75, 0.5, 12.25], "texture": "#2"},
				"east": {"uv": [13.375, 11.5, 13, 12], "texture": "#2"},
				"south": {"uv": [4, 11.75, 3, 12.25], "texture": "#2"},
				"west": {"uv": [13.375, 9.5, 13, 10], "texture": "#2"},
				"up": {"uv": [2, 12.875, 3, 12.5], "texture": "#2"},
				"down": {"uv": [5.5, 12.5, 6.5, 12.875], "texture": "#2"}
			}
		},
		{
			"from": [7.90042, 9.2043, -7.256],
			"to": [11.56242, 10.9663, -5.994],
			"shade": false,
			"rotation": {"angle": 45, "axis": "z", "origin": [9.60642, 10.0853, -6.625]},
			"faces": {
				"north": {"uv": [7.375, 12.25, 6.5, 12.75], "texture": "#2"},
				"east": {"uv": [4.875, 13.25, 4.5, 13.75], "texture": "#2"},
				"south": {"uv": [10.375, 12.25, 9.5, 12.75], "texture": "#2"},
				"west": {"uv": [13.625, 4, 13.25, 4.5], "texture": "#2"},
				"up": {"uv": [4, 13.125, 4.875, 12.75], "texture": "#2"},
				"down": {"uv": [6.5, 12.75, 7.375, 13.125], "texture": "#2"}
			}
		},
		{
			"from": [5.99497, 10.14008, -7.752],
			"to": [9.89897, 14.04408, -5.498],
			"shade": false,
			"rotation": {"angle": -45, "axis": "z", "origin": [7.94697, 12.01708, -6.625]},
			"faces": {
				"north": {"uv": [5.5, 9.25, 6.5, 10.25], "texture": "#2"},
				"east": {"uv": [9.5, 10.75, 10.125, 11.75], "texture": "#2"},
				"south": {"uv": [6.5, 9.25, 7.5, 10.25], "texture": "#2"},
				"west": {"uv": [10.25, 10.75, 10.875, 11.75], "texture": "#2"},
				"up": {"uv": [1, 11.625, 0, 11], "texture": "#2"},
				"down": {"uv": [2, 11, 1, 11.625], "texture": "#2"}
			}
		},
		{
			"from": [-3.01069, 6.14008, -7.27003],
			"to": [7.99331, 25.04408, -7.26603],
			"shade": false,
			"rotation": {"angle": 22.5, "axis": "y", "origin": [8.09131, 12.01708, -7.26803]},
			"faces": {
				"north": {"uv": [0, 0, 2.75, 4.75], "texture": "#2"},
				"east": {"uv": [0, 0, 0, 4.75], "texture": "#2"},
				"south": {"uv": [2.75, 0, 5.5, 4.75], "texture": "#2"},
				"west": {"uv": [0, 0, 0, 4.75], "texture": "#2"},
				"up": {"uv": [2.75, 0, 0, 0], "texture": "#2"},
				"down": {"uv": [2.75, 0, 0, 0], "texture": "#2"}
			}
		},
		{
			"from": [8.00669, 6.14008, -7.27003],
			"to": [19.01069, 25.04408, -7.26603],
			"shade": false,
			"rotation": {"angle": -22.5, "axis": "y", "origin": [7.90869, 12.01708, -7.26803]},
			"faces": {
				"north": {"uv": [2.75, 0, 0, 4.75], "texture": "#2"},
				"east": {"uv": [0, 0, 0, 4.75], "texture": "#2"},
				"south": {"uv": [5.5, 0, 2.75, 4.75], "texture": "#2"},
				"west": {"uv": [0, 0, 0, 4.75], "texture": "#2"},
				"up": {"uv": [0, 0, 2.75, 0], "texture": "#2"},
				"down": {"uv": [0, 0, 2.75, 0], "texture": "#2"}
			}
		},
		{
			"from": [2.198, 0.994, -6.01916],
			"to": [13.802, 2.998, -6.01516],
			"shade": false,
			"rotation": {"angle": 0, "axis": "y", "origin": [7, 3.996, -6.51716]},
			"faces": {
				"north": {"uv": [6.5, 5, 9.375, 5.5], "texture": "#2"},
				"east": {"uv": [0, 0, 0, 0.5], "texture": "#2"},
				"south": {"uv": [5.5, 6.5, 8.375, 7], "texture": "#2"},
				"west": {"uv": [0, 0, 0, 0.5], "texture": "#2"},
				"up": {"uv": [2.875, 0, 0, 0], "texture": "#2"},
				"down": {"uv": [2.875, 0, 0, 0], "texture": "#2"}
			}
		},
		{
			"from": [1.998, 2.998, 21.498],
			"to": [14.002, 4.002, 22.502],
			"shade": false,
			"rotation": {"angle": 0, "axis": "y", "origin": [7, 3, 22.5]},
			"faces": {
				"north": {"uv": [10.75, 0, 13.75, 0.25], "texture": "#2"},
				"east": {"uv": [13.5, 6.5, 13.75, 6.75], "texture": "#2"},
				"south": {"uv": [10.75, 0.25, 13.75, 0.5], "texture": "#2"},
				"west": {"uv": [13.5, 6.75, 13.75, 7], "texture": "#2"},
				"up": {"uv": [13.75, 0.75, 10.75, 0.5], "texture": "#2"},
				"down": {"uv": [13.75, 0.75, 10.75, 1], "texture": "#2"}
			}
		},
		{
			"from": [2.198, 0.998, 21.98572],
			"to": [13.802, 3.002, 21.98972],
			"shade": false,
			"rotation": {"angle": 0, "axis": "y", "origin": [7, 4, 22.48772]},
			"faces": {
				"north": {"uv": [7.75, 0, 10.625, 0.5], "texture": "#2"},
				"east": {"uv": [0, 0, 0, 0.5], "texture": "#2"},
				"south": {"uv": [7.75, 0.5, 10.625, 1], "texture": "#2"},
				"west": {"uv": [0, 0, 0, 0.5], "texture": "#2"},
				"up": {"uv": [2.875, 0, 0, 0], "texture": "#2"},
				"down": {"uv": [2.875, 0, 0, 0], "texture": "#2"}
			}
		},
		{
			"from": [1.998, -0.002, 21.498],
			"to": [14.002, 1.002, 22.502],
			"shade": false,
			"rotation": {"angle": 0, "axis": "y", "origin": [7, 0, 22.5]},
			"faces": {
				"north": {"uv": [10.5, 8, 13.5, 8.25], "texture": "#2"},
				"east": {"uv": [13.5, 5.75, 13.75, 6], "texture": "#2"},
				"south": {"uv": [10.5, 8.25, 13.5, 8.5], "texture": "#2"},
				"west": {"uv": [6, 13.5, 6.25, 13.75], "texture": "#2"},
				"up": {"uv": [13.5, 8.75, 10.5, 8.5], "texture": "#2"},
				"down": {"uv": [13.5, 8.75, 10.5, 9], "texture": "#2"}
			}
		},
		{
			"name": "heart",
			"from": [8.36, 7.7, -8.40125],
			"to": [9.8, 8.42, -7.58125],
			"shade": false,
			"rotation": {"angle": 0, "axis": "y", "origin": [8, 5.49258, -8]},
			"faces": {
				"north": {"uv": [13.5, 8, 13.875, 8.125], "texture": "#2"},
				"east": {"uv": [13.5, 8, 13.875, 8.125], "texture": "#2"},
				"south": {"uv": [13.5, 8, 13.875, 8.125], "texture": "#2"},
				"west": {"uv": [13.5, 8, 13.875, 8.125], "texture": "#2"},
				"up": {"uv": [9.375, 4.75, 9, 4.5], "texture": "#2"}
			}
		},
		{
			"name": "heart",
			"from": [6.2, 7.7, -8.40125],
			"to": [7.64, 8.42, -7.58125],
			"shade": false,
			"rotation": {"angle": 0, "axis": "y", "origin": [8, 5.49258, -8]},
			"faces": {
				"north": {"uv": [13.5, 8.25, 13.875, 8.375], "texture": "#2"},
				"east": {"uv": [13.5, 8.25, 13.875, 8.375], "texture": "#2"},
				"south": {"uv": [13.5, 8.25, 13.875, 8.375], "texture": "#2"},
				"west": {"uv": [13.5, 8.25, 13.875, 8.375], "texture": "#2"},
				"up": {"uv": [12.875, 10.75, 12.5, 10.5], "texture": "#2"}
			}
		},
		{
			"name": "heart",
			"from": [7.64, 6.98, -8.40125],
			"to": [8.36, 7.7, -7.58125],
			"shade": false,
			"rotation": {"angle": 0, "axis": "y", "origin": [8, 5.49258, -8]},
			"faces": {
				"north": {"uv": [13.5, 8.25, 13.875, 8.375], "texture": "#2"},
				"south": {"uv": [13.5, 8.25, 13.875, 8.375], "texture": "#2"},
				"up": {"uv": [12.875, 10.75, 12.5, 10.5], "texture": "#2"}
			}
		},
		{
			"name": "heart",
			"from": [6.2, 6.98, -8.40125],
			"to": [7.64, 7.7, -7.58125],
			"shade": false,
			"rotation": {"angle": 0, "axis": "y", "origin": [8, 5.49258, -8]},
			"faces": {
				"north": {"uv": [13.5, 8.5, 13.875, 8.625], "texture": "#2"},
				"south": {"uv": [13.5, 8.5, 13.875, 8.625], "texture": "#2"}
			}
		},
		{
			"name": "heart",
			"from": [8.36, 6.98, -8.40125],
			"to": [9.8, 7.7, -7.58125],
			"shade": false,
			"rotation": {"angle": 0, "axis": "y", "origin": [8, 5.49258, -8]},
			"faces": {
				"north": {"uv": [13.5, 8.75, 13.875, 8.875], "texture": "#2"},
				"south": {"uv": [13.5, 8.75, 13.875, 8.875], "texture": "#2"}
			}
		},
		{
			"name": "heart",
			"from": [9.8, 6.98, -8.40125],
			"to": [10.52, 7.7, -7.58125],
			"shade": false,
			"rotation": {"angle": 0, "axis": "y", "origin": [8, 5.49258, -8]},
			"faces": {
				"north": {"uv": [13.5, 8, 13.875, 8.125], "texture": "#2"},
				"east": {"uv": [13.5, 8, 13.875, 8.125], "texture": "#2"},
				"south": {"uv": [13.5, 8, 13.875, 8.125], "texture": "#2"},
				"up": {"uv": [9.375, 4.75, 9, 4.5], "texture": "#2"}
			}
		},
		{
			"name": "heart",
			"from": [10.52, 4.82, -8.40125],
			"to": [11.24, 6.98, -7.58125],
			"shade": false,
			"rotation": {"angle": 0, "axis": "y", "origin": [8, 5.49258, -8]},
			"faces": {
				"north": {"uv": [13.5, 8, 13.875, 8.125], "texture": "#2"},
				"east": {"uv": [13.5, 8, 13.875, 8.125], "texture": "#2"},
				"south": {"uv": [13.5, 8, 13.875, 8.125], "texture": "#2"},
				"up": {"uv": [9.375, 4.75, 9, 4.5], "texture": "#2"},
				"down": {"uv": [13.625, 9, 13.5, 9.25], "texture": "#2"}
			}
		},
		{
			"name": "heart",
			"from": [5.48, 5.54, -8.40125],
			"to": [10.52, 6.98, -7.58125],
			"shade": false,
			"rotation": {"angle": 0, "axis": "y", "origin": [8, 5.49258, -8]},
			"faces": {
				"north": {"uv": [13.5, 8.5, 13.875, 8.625], "texture": "#2"},
				"south": {"uv": [13.5, 8.5, 13.875, 8.625], "texture": "#2"}
			}
		},
		{
			"name": "heart",
			"from": [4.76, 4.82, -8.40125],
			"to": [5.48, 6.98, -7.58125],
			"shade": false,
			"rotation": {"angle": 0, "axis": "y", "origin": [8, 5.49258, -8]},
			"faces": {
				"north": {"uv": [13.5, 7.5, 13.625, 8], "texture": "#2"},
				"south": {"uv": [13.5, 7.5, 13.625, 8], "texture": "#2"},
				"west": {"uv": [13.5, 7.5, 13.625, 8], "texture": "#2"},
				"up": {"uv": [13.625, 9.5, 13.5, 9.25], "texture": "#2"},
				"down": {"uv": [13.625, 9.5, 13.5, 9.75], "texture": "#2"}
			}
		},
		{
			"name": "heart",
			"from": [5.48, 4.82, -8.40125],
			"to": [6.2, 5.54, -7.58125],
			"shade": false,
			"rotation": {"angle": 0, "axis": "y", "origin": [8, 5.49258, -8]},
			"faces": {
				"north": {"uv": [13.5, 10.25, 13.625, 10.375], "texture": "#2"},
				"south": {"uv": [13.5, 10.25, 13.625, 10.375], "texture": "#2"}
			}
		},
		{
			"name": "heart",
			"from": [6.2, 4.82, -8.40125],
			"to": [9.8, 5.54, -7.58125],
			"shade": false,
			"rotation": {"angle": 0, "axis": "y", "origin": [8, 5.49258, -8]},
			"faces": {
				"north": {"uv": [13.5, 8.5, 13.875, 8.625], "texture": "#2"},
				"south": {"uv": [13.5, 8.5, 13.875, 8.625], "texture": "#2"}
			}
		},
		{
			"name": "heart",
			"from": [9.8, 4.82, -8.40125],
			"to": [10.52, 5.54, -7.58125],
			"shade": false,
			"rotation": {"angle": 0, "axis": "y", "origin": [8, 5.49258, -8]},
			"faces": {
				"north": {"uv": [10.5, 13.5, 10.625, 13.625], "texture": "#2"},
				"south": {"uv": [10.5, 13.5, 10.625, 13.625], "texture": "#2"}
			}
		},
		{
			"name": "heart",
			"from": [9.8, 4.1, -8.40125],
			"to": [10.52, 4.82, -7.58125],
			"shade": false,
			"rotation": {"angle": 0, "axis": "y", "origin": [8, 5.49258, -8]},
			"faces": {
				"north": {"uv": [13.5, 8, 13.875, 8.125], "texture": "#2"},
				"east": {"uv": [13.5, 8, 13.875, 8.125], "texture": "#2"},
				"south": {"uv": [13.5, 8, 13.875, 8.125], "texture": "#2"},
				"down": {"uv": [13.625, 9, 13.5, 9.25], "texture": "#2"}
			}
		},
		{
			"name": "heart",
			"from": [9.08, 4.1, -8.40125],
			"to": [9.8, 4.82, -7.58125],
			"shade": false,
			"rotation": {"angle": 0, "axis": "y", "origin": [8, 5.49258, -8]},
			"faces": {
				"north": {"uv": [10.5, 13.5, 10.625, 13.625], "texture": "#2"},
				"south": {"uv": [10.5, 13.5, 10.625, 13.625], "texture": "#2"}
			}
		},
		{
			"name": "heart",
			"from": [9.08, 3.38, -8.40125],
			"to": [9.8, 4.1, -7.58125],
			"shade": false,
			"rotation": {"angle": 0, "axis": "y", "origin": [8, 5.49258, -8]},
			"faces": {
				"north": {"uv": [13.5, 8, 13.875, 8.125], "texture": "#2"},
				"east": {"uv": [13.5, 8, 13.875, 8.125], "texture": "#2"},
				"south": {"uv": [13.5, 8, 13.875, 8.125], "texture": "#2"},
				"down": {"uv": [13.625, 9, 13.5, 9.25], "texture": "#2"}
			}
		},
		{
			"name": "heart",
			"from": [6.92, 4.1, -8.40125],
			"to": [9.08, 4.82, -7.58125],
			"shade": false,
			"rotation": {"angle": 0, "axis": "y", "origin": [8, 5.49258, -8]},
			"faces": {
				"north": {"uv": [13.5, 8.5, 13.875, 8.625], "texture": "#2"},
				"south": {"uv": [13.5, 8.5, 13.875, 8.625], "texture": "#2"}
			}
		},
		{
			"name": "heart",
			"from": [8.36, 3.38, -8.40125],
			"to": [9.08, 4.1, -7.58125],
			"shade": false,
			"rotation": {"angle": 0, "axis": "y", "origin": [8, 5.49258, -8]},
			"faces": {
				"north": {"uv": [10.5, 13.5, 10.625, 13.625], "texture": "#2"},
				"south": {"uv": [10.5, 13.5, 10.625, 13.625], "texture": "#2"}
			}
		},
		{
			"name": "heart",
			"from": [7.64, 3.38, -8.40125],
			"to": [8.36, 4.1, -7.58125],
			"shade": false,
			"rotation": {"angle": 0, "axis": "y", "origin": [8, 5.49258, -8]},
			"faces": {
				"north": {"uv": [13.5, 8.5, 13.875, 8.625], "texture": "#2"},
				"south": {"uv": [13.5, 8.5, 13.875, 8.625], "texture": "#2"}
			}
		},
		{
			"name": "heart",
			"from": [8.36, 2.66, -8.40125],
			"to": [9.08, 3.38, -7.58125],
			"shade": false,
			"rotation": {"angle": 0, "axis": "y", "origin": [8, 5.49258, -8]},
			"faces": {
				"north": {"uv": [13.5, 8, 13.875, 8.125], "texture": "#2"},
				"east": {"uv": [13.5, 8, 13.875, 8.125], "texture": "#2"},
				"south": {"uv": [13.5, 8, 13.875, 8.125], "texture": "#2"},
				"down": {"uv": [13.625, 9, 13.5, 9.25], "texture": "#2"}
			}
		},
		{
			"name": "heart",
			"from": [7.64, 2.66, -8.40125],
			"to": [8.36, 3.38, -7.58125],
			"shade": false,
			"rotation": {"angle": 0, "axis": "y", "origin": [8, 5.49258, -8]},
			"faces": {
				"north": {"uv": [13.5, 10.25, 13.625, 10.375], "texture": "#2"},
				"south": {"uv": [13.5, 10.25, 13.625, 10.375], "texture": "#2"}
			}
		},
		{
			"name": "heart",
			"from": [7.64, 1.94, -8.40125],
			"to": [8.36, 2.66, -7.58125],
			"shade": false,
			"rotation": {"angle": 0, "axis": "y", "origin": [8, 5.49258, -8]},
			"faces": {
				"north": {"uv": [13.5, 8.25, 13.875, 8.375], "texture": "#2"},
				"east": {"uv": [13.5, 8.25, 13.875, 8.375], "texture": "#2"},
				"south": {"uv": [13.5, 8.25, 13.875, 8.375], "texture": "#2"},
				"west": {"uv": [13.5, 8.25, 13.875, 8.375], "texture": "#2"},
				"down": {"uv": [13.625, 9.75, 13.5, 10], "texture": "#2"}
			}
		},
		{
			"name": "heart",
			"from": [6.92, 2.66, -8.40125],
			"to": [7.64, 3.38, -7.58125],
			"shade": false,
			"rotation": {"angle": 0, "axis": "y", "origin": [8, 5.49258, -8]},
			"faces": {
				"north": {"uv": [13.5, 8.25, 13.875, 8.375], "texture": "#2"},
				"south": {"uv": [13.5, 8.25, 13.875, 8.375], "texture": "#2"},
				"west": {"uv": [13.5, 8.25, 13.875, 8.375], "texture": "#2"},
				"down": {"uv": [13.625, 9.75, 13.5, 10], "texture": "#2"}
			}
		},
		{
			"name": "heart",
			"from": [6.92, 3.38, -8.40125],
			"to": [7.64, 4.1, -7.58125],
			"shade": false,
			"rotation": {"angle": 0, "axis": "y", "origin": [8, 5.49258, -8]},
			"faces": {
				"north": {"uv": [13.5, 10.25, 13.625, 10.375], "texture": "#2"},
				"south": {"uv": [13.5, 10.25, 13.625, 10.375], "texture": "#2"}
			}
		},
		{
			"name": "heart",
			"from": [6.2, 3.38, -8.40125],
			"to": [6.92, 4.1, -7.58125],
			"shade": false,
			"rotation": {"angle": 0, "axis": "y", "origin": [8, 5.49258, -8]},
			"faces": {
				"north": {"uv": [13.5, 8.25, 13.875, 8.375], "texture": "#2"},
				"south": {"uv": [13.5, 8.25, 13.875, 8.375], "texture": "#2"},
				"west": {"uv": [13.5, 8.25, 13.875, 8.375], "texture": "#2"},
				"down": {"uv": [13.625, 9.75, 13.5, 10], "texture": "#2"}
			}
		},
		{
			"name": "heart",
			"from": [5.48, 4.1, -8.40125],
			"to": [6.2, 4.82, -7.58125],
			"shade": false,
			"rotation": {"angle": 0, "axis": "y", "origin": [8, 5.49258, -8]},
			"faces": {
				"north": {"uv": [13.5, 8.25, 13.875, 8.375], "texture": "#2"},
				"south": {"uv": [13.5, 8.25, 13.875, 8.375], "texture": "#2"},
				"west": {"uv": [13.5, 8.25, 13.875, 8.375], "texture": "#2"},
				"down": {"uv": [13.625, 9.75, 13.5, 10], "texture": "#2"}
			}
		},
		{
			"name": "heart",
			"from": [6.2, 4.1, -8.40125],
			"to": [6.92, 4.82, -7.58125],
			"shade": false,
			"rotation": {"angle": 0, "axis": "y", "origin": [8, 5.49258, -8]},
			"faces": {
				"north": {"uv": [13.5, 10.25, 13.625, 10.375], "texture": "#2"},
				"south": {"uv": [13.5, 10.25, 13.625, 10.375], "texture": "#2"}
			}
		},
		{
			"name": "heart",
			"from": [6.44051, 5.12254, -8.73125],
			"to": [7.09051, 6.33504, -7.26875],
			"shade": false,
			"rotation": {"angle": 0, "axis": "y", "origin": [8, 5.40379, -8]},
			"faces": {
				"north": {"uv": [13.5, 10, 13.625, 10.25], "texture": "#2"},
				"east": {"uv": [13.5, 10, 13.625, 10.25], "texture": "#2"},
				"south": {"uv": [13.5, 10, 13.625, 10.25], "texture": "#2"},
				"west": {"uv": [13.5, 10, 13.625, 10.25], "texture": "#2"},
				"up": {"uv": [13.625, 10.25, 13.5, 10], "texture": "#2"},
				"down": {"uv": [13.625, 10, 13.5, 10.25], "texture": "#2"}
			}
		},
		{
			"name": "heart",
			"from": [7.09051, 4.47254, -8.73125],
			"to": [7.74051, 5.68504, -7.26875],
			"shade": false,
			"rotation": {"angle": 0, "axis": "y", "origin": [8, 5.40379, -8]},
			"faces": {
				"north": {"uv": [13.5, 10, 13.625, 10.25], "texture": "#2"},
				"east": {"uv": [13.5, 10, 13.625, 10.25], "texture": "#2"},
				"south": {"uv": [13.5, 10, 13.625, 10.25], "texture": "#2"},
				"west": {"uv": [13.5, 10, 13.625, 10.25], "texture": "#2"},
				"up": {"uv": [13.625, 10.25, 13.5, 10], "texture": "#2"},
				"down": {"uv": [13.625, 10, 13.5, 10.25], "texture": "#2"}
			}
		},
		{
			"name": "heart",
			"from": [8.25949, 4.47254, -8.73125],
			"to": [8.90949, 5.68504, -7.26875],
			"shade": false,
			"rotation": {"angle": 0, "axis": "y", "origin": [8, 5.40379, -8]},
			"faces": {
				"north": {"uv": [13.5, 10, 13.625, 10.25], "texture": "#2"},
				"east": {"uv": [13.5, 10, 13.625, 10.25], "texture": "#2"},
				"south": {"uv": [13.5, 10, 13.625, 10.25], "texture": "#2"},
				"west": {"uv": [13.5, 10, 13.625, 10.25], "texture": "#2"},
				"up": {"uv": [13.625, 10.25, 13.5, 10], "texture": "#2"},
				"down": {"uv": [13.625, 10, 13.5, 10.25], "texture": "#2"}
			}
		},
		{
			"name": "heart",
			"from": [8.90949, 5.12254, -8.73125],
			"to": [9.55949, 6.33504, -7.26875],
			"shade": false,
			"rotation": {"angle": 0, "axis": "y", "origin": [8, 5.40379, -8]},
			"faces": {
				"north": {"uv": [13.5, 10, 13.625, 10.25], "texture": "#2"},
				"east": {"uv": [13.5, 10, 13.625, 10.25], "texture": "#2"},
				"south": {"uv": [13.5, 10, 13.625, 10.25], "texture": "#2"},
				"west": {"uv": [13.5, 10, 13.625, 10.25], "texture": "#2"},
				"up": {"uv": [13.625, 10.25, 13.5, 10], "texture": "#2"},
				"down": {"uv": [13.625, 10, 13.5, 10.25], "texture": "#2"}
			}
		},
		{
			"name": "heart",
			"from": [5.48, 6.98, -8.40125],
			"to": [6.2, 7.7, -7.58125],
			"shade": false,
			"rotation": {"angle": 0, "axis": "y", "origin": [8, 5.49258, -8]},
			"faces": {
				"north": {"uv": [13.5, 8.25, 13.875, 8.375], "texture": "#2"},
				"south": {"uv": [13.5, 8.25, 13.875, 8.375], "texture": "#2"},
				"west": {"uv": [13.5, 8.25, 13.875, 8.375], "texture": "#2"},
				"up": {"uv": [12.875, 10.75, 12.5, 10.5], "texture": "#2"}
			}
		},
		{
			"name": "ef1",
			"from": [-5.5, 3.5, -2.25],
			"to": [2.5, 11.5, -2.25],
			"rotation": {"angle": 45, "axis": "y", "origin": [-1.5, 7.5, -2.25]},
			"faces": {
				"north": {"uv": [4.125, 14, 5.625, 16], "texture": "#2"},
				"east": {"uv": [0, 0, 0, 2], "texture": "#missing"},
				"south": {"uv": [5.625, 14, 4.125, 16], "texture": "#2"},
				"west": {"uv": [0, 0, 0, 2], "texture": "#missing"},
				"up": {"uv": [0, 0, 2, 0], "texture": "#missing"},
				"down": {"uv": [0, 0, 2, 0], "texture": "#missing"}
			}
		},
		{
			"name": "ef1",
			"from": [13.5, 3.5, 18.25],
			"to": [21.5, 11.5, 18.25],
			"rotation": {"angle": 45, "axis": "y", "origin": [17.5, 7.5, 18.25]},
			"faces": {
				"north": {"uv": [5.625, 14, 4.125, 16], "texture": "#2"},
				"east": {"uv": [0, 0, 0, 2], "texture": "#missing"},
				"south": {"uv": [4.125, 14, 5.625, 16], "texture": "#2"},
				"west": {"uv": [0, 0, 0, 2], "texture": "#missing"},
				"up": {"uv": [2, 0, 0, 0], "texture": "#missing"},
				"down": {"uv": [2, 0, 0, 0], "texture": "#missing"}
			}
		},
		{
			"name": "ef2",
			"from": [-7.75, 4, 16],
			"to": [0.25, 12, 16],
			"rotation": {"angle": -45, "axis": "y", "origin": [-3.75, 8, 16]},
			"faces": {
				"north": {"uv": [8.25, 14.375, 9.75, 16], "texture": "#2"},
				"east": {"uv": [0, 0, 0, 2], "texture": "#missing"},
				"south": {"uv": [9.75, 14.375, 8.25, 16], "texture": "#2"},
				"west": {"uv": [0, 0, 0, 2], "texture": "#missing"},
				"up": {"uv": [0, 0, 2, 0], "texture": "#missing"},
				"down": {"uv": [0, 0, 2, 0], "texture": "#missing"}
			}
		},
		{
			"name": "ef2",
			"from": [14, 4, -2],
			"to": [22, 12, -2],
			"rotation": {"angle": -45, "axis": "y", "origin": [18, 8, -2]},
			"faces": {
				"north": {"uv": [9.75, 14.375, 8.25, 16], "texture": "#2"},
				"east": {"uv": [0, 0, 0, 2], "texture": "#missing"},
				"south": {"uv": [8.25, 14.375, 9.75, 16], "texture": "#2"},
				"west": {"uv": [0, 0, 0, 2], "texture": "#missing"},
				"up": {"uv": [2, 0, 0, 0], "texture": "#missing"},
				"down": {"uv": [2, 0, 0, 0], "texture": "#missing"}
			}
		},
		{
			"name": "ef4",
			"from": [1, 1.5, 21.75],
			"to": [7, 9.5, 21.75],
			"rotation": {"angle": 0, "axis": "y", "origin": [4, 5.5, 21.75]},
			"faces": {
				"north": {"uv": [14.625, 14.25, 15.75, 16], "texture": "#2"},
				"east": {"uv": [0, 0, 0, 2], "texture": "#missing"},
				"south": {"uv": [15.75, 14.25, 14.625, 16], "texture": "#2"},
				"west": {"uv": [0, 0, 0, 2], "texture": "#missing"},
				"up": {"uv": [0, 0, 2, 0], "texture": "#missing"},
				"down": {"uv": [0, 0, 2, 0], "texture": "#missing"}
			}
		},
		{
			"name": "ef4",
			"from": [1.25, 10.75, -7],
			"to": [7.25, 18.75, -7],
			"rotation": {"angle": 22.5, "axis": "y", "origin": [4.25, 14.75, -7]},
			"faces": {
				"north": {"uv": [15.75, 14.25, 14.625, 16], "texture": "#2"},
				"east": {"uv": [0, 0, 0, 2], "texture": "#missing"},
				"south": {"uv": [14.625, 14.25, 15.75, 16], "texture": "#2"},
				"west": {"uv": [0, 0, 0, 2], "texture": "#missing"},
				"up": {"uv": [2, 0, 0, 0], "texture": "#missing"},
				"down": {"uv": [2, 0, 0, 0], "texture": "#missing"}
			}
		},
		{
			"name": "ef3",
			"from": [8.25, 3, 22],
			"to": [14.25, 9, 22],
			"rotation": {"angle": 22.5, "axis": "y", "origin": [11.25, 6, 22]},
			"faces": {
				"north": {"uv": [12.5, 15, 13.375, 16], "texture": "#2"},
				"east": {"uv": [0, 0, 0, 2], "texture": "#missing"},
				"south": {"uv": [13.375, 15, 12.5, 16], "texture": "#2"},
				"west": {"uv": [0, 0, 0, 2], "texture": "#missing"},
				"up": {"uv": [0, 0, 2, 0], "texture": "#missing"},
				"down": {"uv": [0, 0, 2, 0], "texture": "#missing"}
			}
		},
		{
			"name": "ef3",
			"from": [9, 12.25, -6],
			"to": [15, 18.25, -6],
			"rotation": {"angle": -22.5, "axis": "y", "origin": [12, 15.25, -6]},
			"faces": {
				"north": {"uv": [12.5, 15, 13.375, 16], "texture": "#2"},
				"east": {"uv": [0, 0, 0, 2], "texture": "#missing"},
				"south": {"uv": [13.375, 15, 12.5, 16], "texture": "#2"},
				"west": {"uv": [0, 0, 0, 2], "texture": "#missing"},
				"up": {"uv": [0, 0, 2, 0], "texture": "#missing"},
				"down": {"uv": [0, 0, 2, 0], "texture": "#missing"}
			}
		}
	],
	"gui_light": "front",
	"display": {
		"thirdperson_righthand": {
			"rotation": [142.3, 41.34, -159.98],
			"translation": [0, 1.25, 0],
			"scale": [0.18, 0.18, 0.18]
		},
		"thirdperson_lefthand": {
			"rotation": [142.3, 41.34, -159.98],
			"translation": [0, 1.25, 0],
			"scale": [0.18, 0.18, 0.18]
		},
		"firstperson_righthand": {
			"rotation": [168.06, 45.67, -176.11],
			"translation": [4, 2, -3.25],
			"scale": [0.3, 0.3, 0.3]
		},
		"firstperson_lefthand": {
			"rotation": [168.06, 45.67, -176.11],
			"translation": [4, 2, -3.25],
			"scale": [0.3, 0.3, 0.3]
		},
		"ground": {
			"translation": [0, 1.5, 0],
			"scale": [0.2, 0.2, 0.2]
		},
		"gui": {
			"rotation": [-160, 25, -180],
			"translation": [-0.25, 0.25, 0],
			"scale": [0.48, 0.48, 0.48]
		},
		"head": {
			"rotation": [2, 0, 0],
			"translation": [0, 8.75, 0.25],
			"scale": [0.65, 0.65, 0.65]
		},
		"fixed": {
			"translation": [0, -1.5, -2.5],
			"scale": [0.48, 0.48, 0.48]
		}
	},
	"groups": [
		0,
		1,
		2,
		3,
		4,
		5,
		6,
		7,
		8,
		9,
		10,
		11,
		12,
		13,
		14,
		15,
		16,
		17,
		18,
		19,
		20,
		21,
		22,
		23,
		24,
		25,
		26,
		27,
		28,
		29,
		30,
		31,
		32,
		33,
		34,
		35,
		36,
		37,
		38,
		39,
		40,
		41,
		42,
		43,
		44,
		45,
		46,
		47,
		48,
		49,
		50,
		51,
		52,
		53,
		54,
		55,
		56,
		57,
		58,
		59,
		60,
		61,
		62,
		63,
		64,
		{
			"name": "heart",
			"origin": [10.16, 9.35, 44.14875],
			"color": 0,
			"shade": false,
			"children": [65, 66, 67, 68, 69, 70, 71, 72, 73, 74, 75, 76, 77, 78, 79, 80, 81, 82, 83, 84, 85, 86, 87, 88, 89, 90, 91, 92, 93, 94, 95]
		},
		96,
		97,
		98,
		99,
		100,
		101,
		102,
		103
	]
}