{
	"credit": "Made with Blockbench",
	"textures": {
		"0": "item/easter/easter_atlas",
		"1": "item/easter/easter_ef_long",
		"particle": "item/easter/easter_atlas"
	},
	"elements": [
		{
			"from": [7.715, 17.37126, 10.32293],
			"to": [8.285, 19.69626, 11.89793],
			"rotation": {"angle": -45, "axis": "x", "origin": [8, 19.36, 8]},
			"faces": {
				"east": {"uv": [2.875, 9.5, 3.125, 9.75], "texture": "#0"},
				"south": {"uv": [9.625, 4.5, 9.75, 4.75], "texture": "#0"},
				"west": {"uv": [9.5, 3.375, 9.75, 3.625], "texture": "#0"},
				"down": {"uv": [9.75, 5, 9.625, 5.25], "texture": "#0"}
			}
		},
		{
			"from": [7.713, 20.708, 5.448],
			"to": [8.287, 22.362, 10.552],
			"rotation": {"angle": 0, "axis": "y", "origin": [8, 19.36, 8]},
			"faces": {
				"east": {"uv": [8.375, 7.875, 9, 8.125], "texture": "#0"},
				"west": {"uv": [8, 8.375, 8.625, 8.625], "texture": "#0"},
				"up": {"uv": [2.75, 9.875, 2.625, 9.25], "texture": "#0"}
			}
		},
		{
			"from": [7.715, 17.37126, 4.10207],
			"to": [8.285, 19.69626, 5.67707],
			"rotation": {"angle": 45, "axis": "x", "origin": [8, 19.36, 8]},
			"faces": {
				"north": {"uv": [3.25, 9.625, 3.375, 9.875], "texture": "#0"},
				"east": {"uv": [9.5, 0.75, 9.75, 1], "texture": "#0"},
				"west": {"uv": [1.25, 9.5, 1.5, 9.75], "texture": "#0"},
				"down": {"uv": [3.75, 9.625, 3.625, 9.875], "texture": "#0"}
			}
		},
		{
			"from": [7.713, 12.458, 4.4955],
			"to": [8.287, 20.712, 11.5045],
			"rotation": {"angle": 0, "axis": "y", "origin": [8, 18.16, 8]},
			"faces": {
				"north": {"uv": [4.375, 9, 4.5, 10], "texture": "#0"},
				"east": {"uv": [0, 5, 0.875, 6], "texture": "#0"},
				"south": {"uv": [4.5, 9, 4.625, 10], "texture": "#0"},
				"west": {"uv": [0.875, 5, 1.75, 6], "texture": "#0"}
			}
		},
		{
			"from": [6.61298, -6.68241, 20.98124],
			"to": [9.37298, -3.92241, 23.74124],
			"rotation": {"angle": 45, "axis": "x", "origin": [8, 9.39435, 8.81]},
			"faces": {
				"north": {"uv": [1.625, 8.5, 2, 8.875], "texture": "#0"},
				"east": {"uv": [2, 8.5, 2.375, 8.875], "texture": "#0"},
				"south": {"uv": [2.625, 8.5, 3, 8.875], "texture": "#0"},
				"west": {"uv": [3, 8.5, 3.375, 8.875], "texture": "#0"},
				"up": {"uv": [6.25, 8.875, 5.875, 8.5], "texture": "#0"},
				"down": {"uv": [6.625, 8.5, 6.25, 8.875], "texture": "#0"}
			}
		},
		{
			"from": [6.61098, -10.582, 6.04639],
			"to": [9.37498, -8.358, 9.95039],
			"rotation": {"angle": 0, "axis": "y", "origin": [8, 9.39435, 8.81]},
			"faces": {
				"north": {"uv": [9, 1.75, 9.375, 2], "texture": "#0"},
				"east": {"uv": [1.25, 6, 1.75, 6.25], "texture": "#0"},
				"south": {"uv": [9, 2, 9.375, 2.25], "texture": "#0"},
				"west": {"uv": [8.625, 0.625, 9.125, 0.875], "texture": "#0"},
				"up": {"uv": [0.5, 8.25, 0.125, 7.75], "texture": "#0"},
				"down": {"uv": [2.25, 7.75, 1.875, 8.25], "texture": "#0"}
			}
		},
		{
			"from": [7.18779, -8.36, 6.85228],
			"to": [9.94779, -7.16, 9.61228],
			"rotation": {"angle": 45, "axis": "y", "origin": [8, 9.39435, 8.81]},
			"faces": {
				"north": {"uv": [9.375, 6.75, 9.75, 6.875], "texture": "#0"},
				"east": {"uv": [9.375, 7.375, 9.75, 7.5], "texture": "#0"},
				"south": {"uv": [9.5, 1, 9.875, 1.125], "texture": "#0"},
				"west": {"uv": [9.5, 4.125, 9.875, 4.25], "texture": "#0"},
				"up": {"uv": [9, 4.25, 8.625, 3.875], "texture": "#0"},
				"down": {"uv": [4.625, 8.625, 4.25, 9], "texture": "#0"}
			}
		},
		{
			"from": [6.61065, 3.65, 6.59],
			"to": [9.37065, 7.85, 9.35],
			"rotation": {"angle": 45, "axis": "y", "origin": [7.99065, 10.45, 7.97]},
			"faces": {
				"north": {"uv": [1.25, 7.875, 1.625, 8.375], "texture": "#0"},
				"east": {"uv": [8, 5.25, 8.375, 5.75], "texture": "#0"},
				"south": {"uv": [8.375, 5.25, 8, 5.75], "texture": "#0"},
				"west": {"uv": [8, 5.25, 8.375, 5.75], "texture": "#0"},
				"up": {"uv": [8.625, 4.625, 9, 5], "texture": "#0"},
				"down": {"uv": [9, 4.625, 8.625, 5], "texture": "#0"}
			}
		},
		{
			"from": [7.21065, -7.15, 7.19],
			"to": [8.77065, 10.85, 8.75],
			"rotation": {"angle": 0, "axis": "y", "origin": [6.79065, -3.55, 6.77]},
			"faces": {
				"north": {"uv": [5, 5.625, 4.75, 7.875], "texture": "#0"},
				"east": {"uv": [5.25, 5.625, 5, 7.875], "texture": "#0"},
				"south": {"uv": [5.25, 5.625, 5.5, 7.875], "texture": "#0"},
				"west": {"uv": [1, 6, 1.25, 8.25], "texture": "#0"},
				"up": {"uv": [9.75, 3.875, 9.5, 3.625], "texture": "#0"},
				"down": {"uv": [9.75, 3.875, 9.5, 4.125], "texture": "#0"}
			}
		},
		{
			"from": [7.18779, 8.31, 6.85228],
			"to": [9.94779, 9.51, 9.61228],
			"rotation": {"angle": 45, "axis": "y", "origin": [8, 16.80565, 8.81]},
			"faces": {
				"north": {"uv": [9.375, 6.875, 9.75, 6.75], "texture": "#0"},
				"east": {"uv": [9.375, 7.5, 9.75, 7.375], "texture": "#0"},
				"south": {"uv": [9.5, 1.125, 9.875, 1], "texture": "#0"},
				"west": {"uv": [9.5, 4.25, 9.875, 4.125], "texture": "#0"},
				"up": {"uv": [4.625, 9, 4.25, 8.625], "texture": "#0"},
				"down": {"uv": [9, 3.875, 8.625, 4.25], "texture": "#0"}
			}
		},
		{
			"from": [4.62214, 10.6, 5.42221],
			"to": [7.44214, 12.4, 8.24221],
			"rotation": {"angle": -45, "axis": "y", "origin": [8, 19.59435, 8.81]},
			"faces": {
				"north": {"uv": [7.5, 9, 7.875, 9.25], "texture": "#0"},
				"east": {"uv": [7.875, 9, 8.25, 9.25], "texture": "#0"},
				"south": {"uv": [9, 7.875, 9.375, 8.125], "texture": "#0"},
				"west": {"uv": [8.25, 9, 8.625, 9.25], "texture": "#0"},
				"up": {"uv": [9, 0.625, 8.625, 0.25], "texture": "#0"},
				"down": {"uv": [1, 8.625, 0.625, 9], "texture": "#0"}
			}
		},
		{
			"from": [6.01098, 10.598, 6.018],
			"to": [9.97498, 12.402, 9.982],
			"rotation": {"angle": 0, "axis": "y", "origin": [8, 19.59435, 8.81]},
			"faces": {
				"north": {"uv": [8.625, 5.625, 9.125, 5.875], "texture": "#0"},
				"east": {"uv": [8.75, 1.5, 9.25, 1.75], "texture": "#0"},
				"south": {"uv": [8.75, 7.625, 9.25, 7.875], "texture": "#0"},
				"west": {"uv": [8.875, 2.875, 9.375, 3.125], "texture": "#0"},
				"up": {"uv": [7.625, 6, 7.125, 5.5], "texture": "#0"},
				"down": {"uv": [7.625, 6.875, 7.125, 7.375], "texture": "#0"}
			}
		},
		{
			"from": [7.41235, 10.6, 8.23228],
			"to": [10.23235, 12.4, 11.05228],
			"rotation": {"angle": -45, "axis": "y", "origin": [8, 19.59435, 8.81]},
			"faces": {
				"north": {"uv": [9, 2.25, 9.375, 2.5], "texture": "#0"},
				"east": {"uv": [9, 2.625, 9.375, 2.875], "texture": "#0"},
				"south": {"uv": [5.125, 9, 5.5, 9.25], "texture": "#0"},
				"west": {"uv": [9, 5.25, 9.375, 5.5], "texture": "#0"},
				"up": {"uv": [8.875, 6.875, 8.5, 6.5], "texture": "#0"},
				"down": {"uv": [8.875, 6.875, 8.5, 7.25], "texture": "#0"}
			}
		},
		{
			"from": [7.18779, 12.765, 6.85228],
			"to": [9.94779, 13.965, 9.61228],
			"rotation": {"angle": 45, "axis": "y", "origin": [8, -0.05565, 8.81]},
			"faces": {
				"north": {"uv": [9.375, 6.75, 9.75, 6.875], "texture": "#0"},
				"east": {"uv": [9.375, 7.375, 9.75, 7.5], "texture": "#0"},
				"south": {"uv": [9.5, 1, 9.875, 1.125], "texture": "#0"},
				"west": {"uv": [9.5, 4.125, 9.875, 4.25], "texture": "#0"},
				"up": {"uv": [9, 4.25, 8.625, 3.875], "texture": "#0"},
				"down": {"uv": [4.625, 8.625, 4.25, 9], "texture": "#0"}
			}
		},
		{
			"from": [7.2, 12.76341, 3.79003],
			"to": [8.8, 13.76341, 6.75003],
			"rotation": {"angle": 0, "axis": "y", "origin": [8, 13.7574, 5.39213]},
			"faces": {
				"north": {"uv": [6.875, 4.75, 6.625, 4.625], "texture": "#0"},
				"east": {"uv": [9.75, 1.75, 9.25, 1.625], "texture": "#0"},
				"south": {"uv": [6.375, 6.625, 6.125, 6.5], "texture": "#0"},
				"west": {"uv": [5.875, 9.375, 5.375, 9.25], "texture": "#0"},
				"up": {"uv": [3.375, 9.375, 3.625, 8.875], "rotation": 180, "texture": "#0"},
				"down": {"uv": [3.125, 8.875, 3.375, 9.375], "rotation": 180, "texture": "#0"}
			}
		},
		{
			"from": [7.3, 12.54036, 5.32777],
			"to": [8.7, 15.50036, 6.32777],
			"rotation": {"angle": -45, "axis": "x", "origin": [8, 13.7574, 5.39213]},
			"faces": {
				"north": {"uv": [3.375, 9.375, 3.125, 8.875], "rotation": 180, "texture": "#0"},
				"east": {"uv": [9.25, 1.625, 9.75, 1.75], "rotation": 90, "texture": "#0"},
				"south": {"uv": [3.625, 8.875, 3.375, 9.375], "texture": "#0"},
				"west": {"uv": [5.375, 9.25, 5.875, 9.375], "rotation": 270, "texture": "#0"},
				"up": {"uv": [6.625, 4.625, 6.875, 4.75], "texture": "#0"},
				"down": {"uv": [6.125, 6.5, 6.375, 6.625], "rotation": 180, "texture": "#0"}
			}
		},
		{
			"from": [7.2, 12.76341, 9.24997],
			"to": [8.8, 13.76341, 12.20997],
			"rotation": {"angle": 0, "axis": "y", "origin": [8, 13.7574, 10.60787]},
			"faces": {
				"north": {"uv": [6.125, 6.625, 6.375, 6.5], "texture": "#0"},
				"east": {"uv": [9.25, 1.75, 9.75, 1.625], "texture": "#0"},
				"south": {"uv": [6.625, 4.75, 6.875, 4.625], "texture": "#0"},
				"west": {"uv": [5.375, 9.375, 5.875, 9.25], "texture": "#0"},
				"up": {"uv": [3.375, 8.875, 3.625, 9.375], "rotation": 180, "texture": "#0"},
				"down": {"uv": [3.125, 9.375, 3.375, 8.875], "rotation": 180, "texture": "#0"}
			}
		},
		{
			"from": [7.3, 12.54036, 9.67223],
			"to": [8.7, 15.50036, 10.67223],
			"rotation": {"angle": 45, "axis": "x", "origin": [8, 13.7574, 10.60787]},
			"faces": {
				"north": {"uv": [3.375, 8.875, 3.625, 9.375], "texture": "#0"},
				"east": {"uv": [9.25, 1.75, 9.75, 1.625], "rotation": 90, "texture": "#0"},
				"south": {"uv": [3.125, 9.375, 3.375, 8.875], "rotation": 180, "texture": "#0"},
				"west": {"uv": [5.375, 9.375, 5.875, 9.25], "rotation": 270, "texture": "#0"},
				"up": {"uv": [6.625, 4.75, 6.875, 4.625], "texture": "#0"},
				"down": {"uv": [6.125, 6.625, 6.375, 6.5], "rotation": 180, "texture": "#0"}
			}
		},
		{
			"name": "stoke",
			"from": [9.78701, -9.0272, 13.16743],
			"to": [6.21299, -12.61492, 9.57971],
			"rotation": {"angle": 45, "axis": "x", "origin": [8, -6.7432, 9.70031]},
			"faces": {
				"north": {"uv": [7.625, 5.125, 7.75, 5.25], "texture": "#0"},
				"east": {"uv": [7.625, 5.125, 7.75, 5.25], "texture": "#0"},
				"west": {"uv": [7.625, 5.125, 7.75, 5.25], "texture": "#0"},
				"up": {"uv": [7.625, 5.125, 7.75, 5.25], "texture": "#0"}
			}
		},
		{
			"name": "stoke",
			"from": [9.78701, -7.92744, 10.52934],
			"to": [6.21299, -10.79891, 5.47066],
			"rotation": {"angle": 0, "axis": "y", "origin": [7.99773, 1.74508, 8.86144]},
			"faces": {
				"north": {"uv": [7.625, 5.125, 7.75, 5.25], "texture": "#0"},
				"east": {"uv": [7.625, 5.125, 7.75, 5.25], "texture": "#0"},
				"south": {"uv": [7.625, 5.125, 7.75, 5.25], "texture": "#0"},
				"west": {"uv": [7.625, 5.125, 7.75, 5.25], "texture": "#0"},
				"down": {"uv": [7.625, 5.125, 7.75, 5.25], "texture": "#0"}
			}
		},
		{
			"name": "stoke",
			"from": [11.03067, 12.74167, 9.71631],
			"to": [4.96026, 9.52749, 6.27055],
			"rotation": {"angle": 0, "axis": "y", "origin": [8, 11.13458, 8]},
			"faces": {
				"east": {"uv": [7.625, 5.125, 7.75, 5.25], "rotation": 90, "texture": "#0"},
				"west": {"uv": [7.625, 5.125, 7.75, 5.25], "rotation": 270, "texture": "#0"},
				"up": {"uv": [7.625, 5.125, 7.75, 5.25], "texture": "#0"},
				"down": {"uv": [7.625, 5.125, 7.75, 5.25], "rotation": 180, "texture": "#0"}
			}
		},
		{
			"name": "stoke",
			"from": [11.37874, 12.74167, 8.93293],
			"to": [7.07348, 9.52749, 4.62767],
			"rotation": {"angle": 45, "axis": "y", "origin": [8, 11.13458, 8]},
			"faces": {
				"south": {"uv": [7.625, 5.25, 7.75, 5.125], "rotation": 90, "texture": "#0"},
				"west": {"uv": [7.625, 5.25, 7.75, 5.125], "rotation": 90, "texture": "#0"},
				"up": {"uv": [7.75, 5.125, 7.625, 5.25], "texture": "#0"},
				"down": {"uv": [7.75, 5.125, 7.625, 5.25], "rotation": 180, "texture": "#0"}
			}
		},
		{
			"name": "stoke",
			"from": [8.92652, 12.74167, 11.37233],
			"to": [4.62126, 9.52749, 7.06707],
			"rotation": {"angle": 45, "axis": "y", "origin": [8, 11.13458, 8]},
			"faces": {
				"north": {"uv": [7.625, 5.125, 7.75, 5.25], "rotation": 270, "texture": "#0"},
				"east": {"uv": [7.625, 5.125, 7.75, 5.25], "rotation": 90, "texture": "#0"},
				"up": {"uv": [7.625, 5.125, 7.75, 5.25], "texture": "#0"},
				"down": {"uv": [7.625, 5.125, 7.75, 5.25], "rotation": 180, "texture": "#0"}
			}
		},
		{
			"name": "ef",
			"from": [7.73246, -6.4, 7.97135],
			"to": [7.73246, 19.2, 13.97135],
			"rotation": {"angle": 45, "axis": "y", "origin": [7.73246, 3.4, 10.97135]},
			"faces": {
				"north": {"uv": [0, 0, 0, 4], "texture": "#missing"},
				"east": {"uv": [8.25, 0, 11.6875, 16], "texture": "#1"},
				"south": {"uv": [0, 0, 0, 4], "texture": "#missing"},
				"west": {"uv": [11.6875, 0, 8.25, 16], "texture": "#1"},
				"up": {"uv": [0, 1.1875, 0, 0], "texture": "#missing"},
				"down": {"uv": [0, 1.1875, 0, 0], "texture": "#missing"}
			}
		},
		{
			"name": "ef",
			"from": [8.22513, 3.4, -0.49387],
			"to": [8.22513, 29, 5.50613],
			"rotation": {"angle": 45, "axis": "y", "origin": [9.72513, 16.2, 1.00613]},
			"faces": {
				"north": {"uv": [0, 0, 0, 4], "texture": "#missing"},
				"east": {"uv": [7.6875, 0, 4.25, 16], "texture": "#1"},
				"south": {"uv": [0, 0, 0, 4], "texture": "#missing"},
				"west": {"uv": [4.25, 0, 7.6875, 16], "texture": "#1"},
				"up": {"uv": [0, 1.1875, 0, 0], "rotation": 180, "texture": "#missing"},
				"down": {"uv": [0, 1.1875, 0, 0], "rotation": 180, "texture": "#missing"}
			}
		},
		{
			"name": "ef",
			"from": [8.87263, 4, 9.4233],
			"to": [8.87263, 29.6, 15.4233],
			"rotation": {"angle": -22.5, "axis": "y", "origin": [8.12263, 16.8, 13.1733]},
			"faces": {
				"north": {"uv": [0, 0, 0, 4], "texture": "#missing"},
				"east": {"uv": [12.25, 0, 15.6875, 16], "texture": "#1"},
				"south": {"uv": [0, 0, 0, 4], "texture": "#missing"},
				"west": {"uv": [15.6875, 0, 12.25, 16], "texture": "#1"},
				"up": {"uv": [0, 0, 0, 1.1875], "rotation": 180, "texture": "#missing"},
				"down": {"uv": [0, 0, 0, 1.1875], "rotation": 180, "texture": "#missing"}
			}
		}
	],
	"gui_light": "front",
	"display": {
		"thirdperson_righthand": {
			"translation": [0, 8, 2],
			"scale": [0.8, 0.8, 0.8]
		},
		"thirdperson_lefthand": {
			"translation": [0, 8, 2],
			"scale": [0.8, 0.8, 0.8]
		},
		"firstperson_righthand": {
			"rotation": [9.53, 0.54, -0.71],
			"translation": [18.5, 8.75, -20],
			"scale": [1.23, 1.23, 1.23]
		},
		"firstperson_lefthand": {
			"rotation": [9.53, 0.54, -0.71],
			"translation": [18.5, 8.75, -20],
			"scale": [1.23, 1.23, 1.23]
		},
		"ground": {
			"rotation": [45, 0, 0],
			"translation": [0, 2.5, 0.5],
			"scale": [0.3, 0.3, 0.3]
		},
		"gui": {
			"rotation": [83.92, 45, -85.7],
			"translation": [0.75, 0.75, 0],
			"scale": [0.55, 0.55, 0.55]
		},
		"head": {
			"translation": [0, 6.5, 0],
			"scale": [0, 0, 0]
		},
		"fixed": {
			"rotation": [0, -90, 0],
			"translation": [-0.25, 1.75, -0.75],
			"scale": [0.63, 0.63, 0.63]
		}
	},
	"groups": [
		{
			"name": "easter_shovel",
			"origin": [8.68345, 13.75, 6.35],
			"color": 0,
			"nbt": "{}",
			"children": [0, 1, 2, 3, 4, 5, 6, 7, 8, 9, 10, 11, 12, 13, 14, 15, 16, 17, 18, 19, 20, 21, 22, 23, 24, 25]
		}
	]
}