{
	"credit": "Made with Blockbench",
	"textures": {
		"0": "item/easter/easter_atlas",
		"1": "item/easter/easter_ef_long",
		"particle": "item/easter/easter_atlas"
	},
	"elements": [
		{
			"from": [7.22, -10.4, 7.31527],
			"to": [8.78, 0.4, 8.87527],
			"rotation": {"angle": 0, "axis": "y", "origin": [8.00702, 9.39435, 8.90527]},
			"faces": {
				"north": {"uv": [7.125, 4.625, 6.875, 6], "texture": "#0"},
				"east": {"uv": [7.125, 4.625, 6.875, 6], "texture": "#0"},
				"south": {"uv": [6.875, 4.625, 7.125, 6], "texture": "#0"},
				"west": {"uv": [6.875, 4.625, 7.125, 6], "texture": "#0"},
				"up": {"uv": [3.125, 9.5, 2.875, 9.25], "texture": "#0"},
				"down": {"uv": [5.375, 9.25, 5.125, 9.5], "texture": "#0"}
			}
		},
		{
			"name": "stoke",
			"from": [9.78701, -9.0272, 13.16743],
			"to": [6.21299, -12.61492, 9.57971],
			"rotation": {"angle": 45, "axis": "x", "origin": [8, -6.7432, 9.70031]},
			"faces": {
				"north": {"uv": [7.625, 5.125, 7.75, 5.25], "texture": "#0"},
				"east": {"uv": [7.625, 5.125, 7.75, 5.25], "texture": "#0"},
				"west": {"uv": [7.625, 5.125, 7.75, 5.25], "texture": "#0"},
				"up": {"uv": [7.625, 5.125, 7.75, 5.25], "texture": "#0"}
			}
		},
		{
			"name": "stoke",
			"from": [9.78701, -7.92744, 10.52934],
			"to": [6.21299, -10.79891, 5.47066],
			"rotation": {"angle": 0, "axis": "y", "origin": [8, -8.88045, 5.6407]},
			"faces": {
				"north": {"uv": [7.625, 5.125, 7.75, 5.25], "texture": "#0"},
				"east": {"uv": [7.625, 5.125, 7.75, 5.25], "texture": "#0"},
				"south": {"uv": [7.625, 5.125, 7.75, 5.25], "texture": "#0"},
				"west": {"uv": [7.625, 5.125, 7.75, 5.25], "texture": "#0"},
				"down": {"uv": [7.625, 5.125, 7.75, 5.25], "texture": "#0"}
			}
		},
		{
			"name": "stoke",
			"from": [9.53432, 2.85442, 11.62785],
			"to": [5.22906, -0.14777, 7.32259],
			"rotation": {"angle": 45, "axis": "y", "origin": [7.99546, 1.35333, 8.86144]},
			"faces": {
				"north": {"uv": [7.625, 5.125, 7.75, 5.25], "rotation": 270, "texture": "#0"},
				"east": {"uv": [7.625, 5.125, 7.75, 5.25], "rotation": 90, "texture": "#0"},
				"up": {"uv": [7.625, 5.125, 7.75, 5.25], "texture": "#0"},
				"down": {"uv": [7.625, 5.125, 7.75, 5.25], "rotation": 180, "texture": "#0"}
			}
		},
		{
			"name": "stoke",
			"from": [10.15717, 2.85442, 8.42318],
			"to": [5.85191, -0.14777, 4.11792],
			"rotation": {"angle": 45, "axis": "y", "origin": [8.00454, 1.35333, 6.27055]},
			"faces": {
				"south": {"uv": [7.625, 5.25, 7.75, 5.125], "rotation": 90, "texture": "#0"},
				"west": {"uv": [7.625, 5.25, 7.75, 5.125], "rotation": 90, "texture": "#0"},
				"up": {"uv": [7.75, 5.125, 7.625, 5.25], "texture": "#0"},
				"down": {"uv": [7.75, 5.125, 7.625, 5.25], "rotation": 180, "texture": "#0"}
			}
		},
		{
			"name": "stoke",
			"from": [11.03067, 2.85442, 9.71631],
			"to": [4.96026, -0.14777, 6.27055],
			"rotation": {"angle": 0, "axis": "y", "origin": [7.99546, 1.35333, 8.86144]},
			"faces": {
				"east": {"uv": [7.625, 5.125, 7.75, 5.25], "rotation": 90, "texture": "#0"},
				"west": {"uv": [7.625, 5.125, 7.75, 5.25], "rotation": 270, "texture": "#0"},
				"up": {"uv": [7.625, 5.125, 7.75, 5.25], "texture": "#0"},
				"down": {"uv": [7.625, 5.125, 7.75, 5.25], "rotation": 180, "texture": "#0"}
			}
		},
		{
			"from": [7.698, 26.798, 7.65081],
			"to": [8.302, 28.602, 9.33481],
			"rotation": {"angle": 0, "axis": "y", "origin": [8.00702, 9.39435, 8.90527]},
			"faces": {
				"north": {"uv": [9.625, 0, 9.75, 0.25], "texture": "#0"},
				"east": {"uv": [9.375, 7.125, 9.625, 7.375], "texture": "#0"},
				"south": {"uv": [9.625, 0.25, 9.75, 0.5], "texture": "#0"},
				"west": {"uv": [9.375, 7.875, 9.625, 8.125], "texture": "#0"},
				"up": {"uv": [9.75, 0.75, 9.625, 0.5], "texture": "#0"},
				"down": {"uv": [1.125, 9.625, 1, 9.875], "texture": "#0"}
			}
		},
		{
			"from": [7.7, 26.97027, 16.01365],
			"to": [8.3, 28.62027, 17.34033],
			"rotation": {"angle": -22.5, "axis": "x", "origin": [8.00702, 9.39435, 8.90527]},
			"faces": {
				"north": {"uv": [9, 9.5, 9.125, 9.75], "texture": "#0"},
				"east": {"uv": [9.5, 9, 9.625, 9.25], "texture": "#0"},
				"south": {"uv": [9.5, 9.25, 9.625, 9.5], "texture": "#0"},
				"west": {"uv": [9.5, 9.5, 9.625, 9.75], "texture": "#0"},
				"up": {"uv": [5.5, 9.75, 5.375, 9.625], "texture": "#0"},
				"down": {"uv": [9.75, 5.375, 9.625, 5.5], "texture": "#0"}
			}
		},
		{
			"from": [7.698, 26.798, 9.33081],
			"to": [8.302, 30.402, 10.00149],
			"rotation": {"angle": 0, "axis": "y", "origin": [8.00702, 9.39435, 8.90527]},
			"faces": {
				"north": {"uv": [6.875, 9.375, 7, 9.875], "texture": "#0"},
				"east": {"uv": [7, 9.375, 7.125, 9.875], "texture": "#0"},
				"south": {"uv": [7.125, 9.375, 7.25, 9.875], "texture": "#0"},
				"west": {"uv": [7.25, 9.375, 7.375, 9.875], "texture": "#0"},
				"up": {"uv": [9.5, 3.5, 9.375, 3.375], "texture": "#0"},
				"down": {"uv": [9.75, 5.25, 9.625, 5.375], "texture": "#0"}
			}
		},
		{
			"from": [7.696, 22.90253, 21.10932],
			"to": [8.304, 24.44053, 22.834],
			"rotation": {"angle": -45, "axis": "x", "origin": [8.00702, 9.39435, 8.90527]},
			"faces": {
				"north": {"uv": [8.625, 9.5, 8.75, 9.75], "texture": "#0"},
				"east": {"uv": [9.375, 6.5, 9.625, 6.75], "texture": "#0"},
				"south": {"uv": [8.75, 9.5, 8.875, 9.75], "texture": "#0"},
				"west": {"uv": [6.625, 9.375, 6.875, 9.625], "texture": "#0"},
				"up": {"uv": [9.625, 9, 9.5, 8.75], "texture": "#0"},
				"down": {"uv": [9, 9.5, 8.875, 9.75], "texture": "#0"}
			}
		},
		{
			"from": [7.694, 24.40683, -0.32607],
			"to": [8.306, 26.43551, 1.09593],
			"rotation": {"angle": 22.5, "axis": "x", "origin": [8.00702, 9.39435, 8.90527]},
			"faces": {
				"north": {"uv": [2.625, 8.25, 2.75, 8.5], "texture": "#0"},
				"east": {"uv": [8.625, 8.375, 8.75, 8.625], "texture": "#0"},
				"south": {"uv": [9.5, 7.625, 9.625, 7.875], "texture": "#0"},
				"west": {"uv": [9.5, 8.5, 9.625, 8.75], "texture": "#0"},
				"up": {"uv": [4.25, 9.375, 4.125, 9.25], "texture": "#0"},
				"down": {"uv": [9.5, 0.75, 9.375, 0.875], "texture": "#0"}
			}
		},
		{
			"from": [7.692, 21.47532, 6.12149],
			"to": [8.308, 26.808, 10.00749],
			"rotation": {"angle": 0, "axis": "y", "origin": [8.00702, 9.39435, 8.90527]},
			"faces": {
				"north": {"uv": [1.625, 9.25, 1.75, 9.875], "texture": "#0"},
				"east": {"uv": [7.125, 4.25, 7.625, 4.875], "texture": "#0"},
				"south": {"uv": [1.75, 9.25, 1.875, 9.875], "texture": "#0"},
				"west": {"uv": [7.125, 4.875, 7.625, 5.5], "texture": "#0"},
				"up": {"uv": [2.375, 8.25, 2.25, 7.75], "texture": "#0"},
				"down": {"uv": [8.625, 9.25, 8.5, 9.75], "texture": "#0"}
			}
		},
		{
			"from": [7.7, 18.40866, 10.96703],
			"to": [8.3, 21.62535, 12.43703],
			"rotation": {"angle": -22.5, "axis": "x", "origin": [8.00702, 9.39435, 8.90527]},
			"faces": {
				"north": {"uv": [1.5, 9.5, 1.625, 9.875], "texture": "#0"},
				"east": {"uv": [5.125, 9.5, 5.25, 9.875], "texture": "#0"},
				"south": {"uv": [5.25, 9.5, 5.375, 9.875], "texture": "#0"},
				"west": {"uv": [6.25, 9.5, 6.375, 9.875], "texture": "#0"},
				"up": {"uv": [5.625, 9.75, 5.5, 9.625], "texture": "#0"},
				"down": {"uv": [9.75, 5.5, 9.625, 5.625], "texture": "#0"}
			}
		},
		{
			"from": [7.694, 1.67067, 7.99803],
			"to": [8.306, 7.53935, 9.12003],
			"rotation": {"angle": 22.5, "axis": "x", "origin": [8.00702, 9.39435, 8.90527]},
			"faces": {
				"north": {"uv": [9.125, 9.125, 9.25, 9.875], "texture": "#0"},
				"east": {"uv": [0.125, 9.25, 0.25, 10], "texture": "#0"},
				"south": {"uv": [0.25, 9.25, 0.375, 10], "texture": "#0"},
				"west": {"uv": [0.375, 9.25, 0.5, 10], "texture": "#0"},
				"up": {"uv": [5.75, 9.75, 5.625, 9.625], "texture": "#0"},
				"down": {"uv": [9.75, 5.625, 9.625, 5.75], "texture": "#0"}
			}
		},
		{
			"from": [7.692, 5.02864, 7.26149],
			"to": [8.308, 21.49132, 10.00749],
			"rotation": {"angle": 0, "axis": "y", "origin": [8.00702, 9.39435, 8.90527]},
			"faces": {
				"north": {"uv": [0.5, 7.25, 0.625, 9.25], "texture": "#0"},
				"east": {"uv": [5.625, 2.25, 6, 4.25], "texture": "#0"},
				"south": {"uv": [7.375, 7.375, 7.5, 9.375], "texture": "#0"},
				"west": {"uv": [2.375, 5.625, 2.75, 7.625], "texture": "#0"},
				"up": {"uv": [8, 9.875, 7.875, 9.5], "texture": "#0"},
				"down": {"uv": [8.125, 9.5, 8, 9.875], "texture": "#0"}
			}
		},
		{
			"from": [7.7, 2.16332, 6.12949],
			"to": [8.3, 5.05, 9.99949],
			"rotation": {"angle": 0, "axis": "y", "origin": [8.00702, 9.39435, 8.90527]},
			"faces": {
				"north": {"uv": [7, 2.25, 7.125, 2.625], "texture": "#0"},
				"east": {"uv": [0.625, 8.25, 1.125, 8.625], "texture": "#0"},
				"south": {"uv": [3.375, 8.5, 3.5, 8.875], "texture": "#0"},
				"west": {"uv": [4.25, 8.25, 4.75, 8.625], "texture": "#0"},
				"up": {"uv": [7.5, 9.875, 7.375, 9.375], "texture": "#0"},
				"down": {"uv": [9.5, 8.125, 9.375, 8.625], "texture": "#0"}
			}
		},
		{
			"from": [6.018, 0.398, 6.11327],
			"to": [9.982, 2.202, 10.07727],
			"rotation": {"angle": 0, "axis": "y", "origin": [8.00702, 9.39435, 8.90527]},
			"faces": {
				"north": {"uv": [8.625, 5.625, 9.125, 5.875], "texture": "#0"},
				"east": {"uv": [8.75, 1.5, 9.25, 1.75], "texture": "#0"},
				"south": {"uv": [8.75, 7.625, 9.25, 7.875], "texture": "#0"},
				"west": {"uv": [8.875, 2.875, 9.375, 3.125], "texture": "#0"},
				"up": {"uv": [7.625, 6, 7.125, 5.5], "texture": "#0"},
				"down": {"uv": [7.625, 6.875, 7.125, 7.375], "texture": "#0"}
			}
		},
		{
			"from": [7.19481, -7.86, 6.94755],
			"to": [9.95481, -6.66, 9.70755],
			"rotation": {"angle": 45, "axis": "y", "origin": [8.00702, 9.39435, 8.90527]},
			"faces": {
				"north": {"uv": [9.375, 6.75, 9.75, 6.875], "texture": "#0"},
				"east": {"uv": [9.375, 7.375, 9.75, 7.5], "texture": "#0"},
				"south": {"uv": [9.5, 1, 9.875, 1.125], "texture": "#0"},
				"west": {"uv": [9.5, 4.125, 9.875, 4.25], "texture": "#0"},
				"up": {"uv": [9, 4.25, 8.625, 3.875], "texture": "#0"},
				"down": {"uv": [4.625, 8.625, 4.25, 9], "texture": "#0"}
			}
		},
		{
			"from": [7.19481, -1.36, 6.94755],
			"to": [9.95481, -0.16, 9.70755],
			"rotation": {"angle": 45, "axis": "y", "origin": [8.00702, 9.39435, 8.90527]},
			"faces": {
				"north": {"uv": [9.375, 6.75, 9.75, 6.875], "texture": "#0"},
				"east": {"uv": [9.375, 7.375, 9.75, 7.5], "texture": "#0"},
				"south": {"uv": [9.5, 1, 9.875, 1.125], "texture": "#0"},
				"west": {"uv": [9.5, 4.125, 9.875, 4.25], "texture": "#0"},
				"up": {"uv": [9, 4.25, 8.625, 3.875], "texture": "#0"},
				"down": {"uv": [4.625, 8.625, 4.25, 9], "texture": "#0"}
			}
		},
		{
			"from": [7.41937, 0.4, 8.32755],
			"to": [10.23937, 2.2, 11.14755],
			"rotation": {"angle": -45, "axis": "y", "origin": [8.00702, 9.39435, 8.90527]},
			"faces": {
				"north": {"uv": [9, 2.25, 9.375, 2.5], "texture": "#0"},
				"east": {"uv": [9, 2.625, 9.375, 2.875], "texture": "#0"},
				"south": {"uv": [5.125, 9, 5.5, 9.25], "texture": "#0"},
				"west": {"uv": [9, 5.25, 9.375, 5.5], "texture": "#0"},
				"up": {"uv": [8.875, 6.875, 8.5, 6.5], "texture": "#0"},
				"down": {"uv": [8.875, 6.875, 8.5, 7.25], "texture": "#0"}
			}
		},
		{
			"from": [4.62916, 0.4, 5.51748],
			"to": [7.44916, 2.2, 8.33748],
			"rotation": {"angle": -45, "axis": "y", "origin": [8.00702, 9.39435, 8.90527]},
			"faces": {
				"north": {"uv": [7.5, 9, 7.875, 9.25], "texture": "#0"},
				"east": {"uv": [7.875, 9, 8.25, 9.25], "texture": "#0"},
				"south": {"uv": [9, 7.875, 9.375, 8.125], "texture": "#0"},
				"west": {"uv": [8.25, 9, 8.625, 9.25], "texture": "#0"},
				"up": {"uv": [9, 0.625, 8.625, 0.25], "texture": "#0"},
				"down": {"uv": [1, 8.625, 0.625, 9], "texture": "#0"}
			}
		},
		{
			"from": [7.1, 3.7, 8.46527],
			"to": [8.9, 4.7, 11.12527],
			"rotation": {"angle": 22.5, "axis": "x", "origin": [8, 4.2, 9.94527]},
			"faces": {
				"north": {"uv": [6.125, 6.5, 6.375, 6.625], "texture": "#0"},
				"east": {"uv": [9.25, 1.625, 9.75, 1.75], "texture": "#0"},
				"south": {"uv": [6.625, 4.625, 6.875, 4.75], "texture": "#0"},
				"west": {"uv": [5.375, 9.25, 5.875, 9.375], "texture": "#0"},
				"up": {"uv": [3.375, 9.375, 3.125, 8.875], "texture": "#0"},
				"down": {"uv": [3.625, 8.875, 3.375, 9.375], "texture": "#0"}
			}
		},
		{
			"from": [7.3, 4.55, 9.21527],
			"to": [8.7, 5.55, 12.17527],
			"rotation": {"angle": 0, "axis": "y", "origin": [8.00702, 9.19435, 9.65527]},
			"faces": {
				"north": {"uv": [6.125, 6.5, 6.375, 6.625], "texture": "#0"},
				"east": {"uv": [9.25, 1.625, 9.75, 1.75], "texture": "#0"},
				"south": {"uv": [6.625, 4.625, 6.875, 4.75], "texture": "#0"},
				"west": {"uv": [5.375, 9.25, 5.875, 9.375], "texture": "#0"},
				"up": {"uv": [3.375, 9.375, 3.125, 8.875], "texture": "#0"},
				"down": {"uv": [3.625, 8.875, 3.375, 9.375], "texture": "#0"}
			}
		},
		{
			"from": [7.4, 21.2, 8.61527],
			"to": [8.6, 22.2, 11.32527],
			"rotation": {"angle": -22.5, "axis": "x", "origin": [8, 21.0537, 10.25098]},
			"faces": {
				"north": {"uv": [6.125, 6.5, 6.375, 6.625], "texture": "#0"},
				"east": {"uv": [9.25, 1.625, 9.75, 1.75], "texture": "#0"},
				"south": {"uv": [6.625, 4.625, 6.875, 4.75], "texture": "#0"},
				"west": {"uv": [5.375, 9.25, 5.875, 9.375], "texture": "#0"},
				"up": {"uv": [3.375, 9.375, 3.125, 8.875], "texture": "#0"},
				"down": {"uv": [3.625, 8.875, 3.375, 9.375], "texture": "#0"}
			}
		},
		{
			"from": [7.2, 20.01755, 8.66216],
			"to": [8.8, 21.01755, 10.82216],
			"rotation": {"angle": 22.5, "axis": "x", "origin": [8, 21.0537, 10.25098]},
			"faces": {
				"north": {"uv": [6.125, 6.5, 6.375, 6.625], "texture": "#0"},
				"east": {"uv": [9.25, 1.625, 9.75, 1.75], "texture": "#0"},
				"south": {"uv": [6.625, 4.625, 6.875, 4.75], "texture": "#0"},
				"west": {"uv": [5.375, 9.25, 5.875, 9.375], "texture": "#0"},
				"up": {"uv": [3.375, 9.375, 3.125, 8.875], "texture": "#0"},
				"down": {"uv": [3.625, 8.875, 3.375, 9.375], "texture": "#0"}
			}
		},
		{
			"from": [7.2, 4.99952, 9.07114],
			"to": [8.8, 5.99952, 12.03114],
			"rotation": {"angle": -45, "axis": "x", "origin": [8, 5.24952, 9.85114]},
			"faces": {
				"north": {"uv": [6.125, 6.5, 6.375, 6.625], "texture": "#0"},
				"east": {"uv": [9.25, 1.625, 9.75, 1.75], "texture": "#0"},
				"south": {"uv": [6.625, 4.625, 6.875, 4.75], "texture": "#0"},
				"west": {"uv": [5.375, 9.25, 5.875, 9.375], "texture": "#0"},
				"up": {"uv": [3.375, 9.375, 3.125, 8.875], "texture": "#0"},
				"down": {"uv": [3.625, 8.875, 3.375, 9.375], "texture": "#0"}
			}
		},
		{
			"from": [6.62, -6.68241, 21.07651],
			"to": [9.38, -3.92241, 23.83651],
			"rotation": {"angle": 45, "axis": "x", "origin": [8.00702, 9.39435, 8.90527]},
			"faces": {
				"north": {"uv": [1.625, 8.5, 2, 8.875], "texture": "#0"},
				"east": {"uv": [2, 8.5, 2.375, 8.875], "texture": "#0"},
				"south": {"uv": [2.625, 8.5, 3, 8.875], "texture": "#0"},
				"west": {"uv": [3, 8.5, 3.375, 8.875], "texture": "#0"},
				"up": {"uv": [6.25, 8.875, 5.875, 8.5], "texture": "#0"},
				"down": {"uv": [6.625, 8.5, 6.25, 8.875], "texture": "#0"}
			}
		},
		{
			"from": [6.618, -10.582, 6.14165],
			"to": [9.382, -8.358, 10.04565],
			"rotation": {"angle": 0, "axis": "y", "origin": [8.00702, 9.39435, 8.90527]},
			"faces": {
				"north": {"uv": [9, 1.75, 9.375, 2], "texture": "#0"},
				"east": {"uv": [1.25, 6, 1.75, 6.25], "texture": "#0"},
				"south": {"uv": [9, 2, 9.375, 2.25], "texture": "#0"},
				"west": {"uv": [8.625, 0.625, 9.125, 0.875], "texture": "#0"},
				"up": {"uv": [0.5, 8.25, 0.125, 7.75], "texture": "#0"},
				"down": {"uv": [2.25, 7.75, 1.875, 8.25], "texture": "#0"}
			}
		},
		{
			"name": "ef",
			"from": [5.92681, 5, 6.21565],
			"to": [11.92681, 30.6, 6.21565],
			"rotation": {"angle": -22.5, "axis": "y", "origin": [8, 12.6, 8]},
			"faces": {
				"north": {"uv": [12.25, 0, 15.6875, 16], "texture": "#1"},
				"east": {"uv": [0, 0, 0, 4], "texture": "#missing"},
				"south": {"uv": [15.6875, 0, 12.25, 16], "texture": "#1"},
				"west": {"uv": [0, 0, 0, 4], "texture": "#missing"},
				"up": {"uv": [0, 0, 0, 1.1875], "rotation": 90, "texture": "#missing"},
				"down": {"uv": [0, 0, 0, 1.1875], "rotation": 270, "texture": "#missing"}
			}
		},
		{
			"name": "ef",
			"from": [4.07319, 3.4, 10.78435],
			"to": [10.07319, 29, 10.78435],
			"rotation": {"angle": -22.5, "axis": "y", "origin": [8, 12.6, 8]},
			"faces": {
				"north": {"uv": [7.6875, 0, 4.25, 16], "texture": "#1"},
				"east": {"uv": [0, 0, 0, 4], "texture": "#missing"},
				"south": {"uv": [4.25, 0, 7.6875, 16], "texture": "#1"},
				"west": {"uv": [0, 0, 0, 4], "texture": "#missing"},
				"up": {"uv": [0, 1.1875, 0, 0], "rotation": 90, "texture": "#missing"},
				"down": {"uv": [0, 1.1875, 0, 0], "rotation": 270, "texture": "#missing"}
			}
		},
		{
			"name": "ef",
			"from": [9.78435, -5.4, 5.92681],
			"to": [9.78435, 20.2, 11.92681],
			"rotation": {"angle": -22.5, "axis": "y", "origin": [8, 12.6, 8]},
			"faces": {
				"north": {"uv": [0, 0, 0, 4], "texture": "#missing"},
				"east": {"uv": [8.25, 0, 11.6875, 16], "texture": "#1"},
				"south": {"uv": [0, 0, 0, 4], "texture": "#missing"},
				"west": {"uv": [11.6875, 0, 8.25, 16], "texture": "#1"},
				"up": {"uv": [0, 1.1875, 0, 0], "texture": "#missing"},
				"down": {"uv": [0, 1.1875, 0, 0], "texture": "#missing"}
			}
		},
		{
			"name": "ef",
			"from": [6.21565, -3.8, 4.07319],
			"to": [6.21565, 21.8, 10.07319],
			"rotation": {"angle": -22.5, "axis": "y", "origin": [8, 12.6, 8]},
			"faces": {
				"north": {"uv": [0, 0, 0, 4], "texture": "#missing"},
				"east": {"uv": [3.6875, 0, 0.25, 16], "texture": "#1"},
				"south": {"uv": [0, 0, 0, 4], "texture": "#missing"},
				"west": {"uv": [0.25, 0, 3.6875, 16], "texture": "#1"},
				"up": {"uv": [0, 0, 0, 1.1875], "texture": "#missing"},
				"down": {"uv": [0, 0, 0, 1.1875], "texture": "#missing"}
			}
		}
	],
	"gui_light": "front",
	"display": {
		"thirdperson_righthand": {
			"translation": [0, 6.5, 2],
			"scale": [0.7, 0.7, 0.7]
		},
		"thirdperson_lefthand": {
			"translation": [0, 6.5, 2],
			"scale": [0.7, 0.7, 0.7]
		},
		"firstperson_righthand": {
			"rotation": [9.53, 0.54, -0.71],
			"translation": [22.25, 3.25, -20]
		},
		"firstperson_lefthand": {
			"rotation": [9.53, 0.54, -0.71],
			"translation": [22.25, 3.25, -20]
		},
		"ground": {
			"rotation": [45, 0, 0],
			"translation": [0, 2.5, 0],
			"scale": [0.3, 0.3, 0.3]
		},
		"gui": {
			"rotation": [83.92, 45, -85.7],
			"translation": [-0.5, -0.25, 0],
			"scale": [0.45, 0.45, 0.45]
		},
		"head": {
			"translation": [0, 6.5, 0],
			"scale": [0, 0, 0]
		},
		"fixed": {
			"rotation": [0, -90, 0],
			"translation": [0, 0, -0.75],
			"scale": [0.52, 0.52, 0.52]
		}
	},
	"groups": [
		{
			"name": "easter_sword",
			"origin": [8, -2, 7.52365],
			"color": 0,
			"nbt": "{}",
			"children": [0, 1, 2, 3, 4, 5, 6, 7, 8, 9, 10, 11, 12, 13, 14, 15, 16, 17, 18, 19, 20, 21, 22, 23, 24, 25, 26, 27, 28, 29, 30, 31]
		}
	]
}