{
	"credit": "Made with Blockbench",
	"textures": {
		"1": "item/firework/firework_ef_long",
		"2": "item/firework/firework_set"
	},
	"elements": [
		{
			"from": [7.18474, -6.87312, 7.18474],
			"to": [8.81526, 13.61779, 8.81526],
			"rotation": {"angle": 0, "axis": "y", "origin": [9.64949, 4.44745, 5.48985]},
			"faces": {
				"north": {"uv": [4.875, 6.625, 5, 7.875], "texture": "#2"},
				"east": {"uv": [5, 6.625, 5.125, 7.875], "texture": "#2"},
				"south": {"uv": [5.125, 6.625, 5.25, 7.875], "texture": "#2"},
				"west": {"uv": [5.25, 6.625, 5.375, 7.875], "texture": "#2"},
				"up": {"uv": [8.625, 0.375, 8.5, 0.25], "texture": "#2"},
				"down": {"uv": [0.625, 8.5, 0.5, 8.625], "texture": "#2"}
			}
		},
		{
			"from": [2.73589, 15.1294, 5.97494],
			"to": [4.772, 19.19352, 6.99706],
			"rotation": {"angle": 22.5, "axis": "z", "origin": [7.44136, 23.04745, 4.98985]},
			"faces": {
				"north": {"uv": [8.1875, 7.875, 8.3125, 8.125], "texture": "#2"},
				"east": {"uv": [6.5625, 8.5625, 6.625, 8.8125], "texture": "#2"},
				"south": {"uv": [8.1875, 8.125, 8.3125, 8.375], "texture": "#2"},
				"west": {"uv": [8.5625, 6.8125, 8.625, 7.0625], "texture": "#2"},
				"up": {"uv": [2.75, 8.875, 2.625, 8.8125], "texture": "#2"},
				"down": {"uv": [8.9375, 2.625, 8.8125, 2.6875], "texture": "#2"}
			}
		},
		{
			"from": [6.84497, 16.99504, 5.979],
			"to": [8.87297, 21.05104, 6.993],
			"rotation": {"angle": -22.5, "axis": "z", "origin": [7.44136, 23.04745, 4.98985]},
			"faces": {
				"north": {"uv": [7.4375, 8.1875, 7.5625, 8.4375], "texture": "#2"},
				"east": {"uv": [6.125, 8.5625, 6.1875, 8.8125], "texture": "#2"},
				"south": {"uv": [7.5625, 8.1875, 7.6875, 8.4375], "texture": "#2"},
				"west": {"uv": [6.5, 8.5625, 6.5625, 8.8125], "texture": "#2"},
				"up": {"uv": [8.9375, 2.4375, 8.8125, 2.375], "texture": "#2"},
				"down": {"uv": [8.9375, 2.5, 8.8125, 2.5625], "texture": "#2"}
			}
		},
		{
			"from": [11.228, 15.1294, 5.97494],
			"to": [13.26411, 19.19352, 6.99706],
			"rotation": {"angle": -22.5, "axis": "z", "origin": [8.55864, 23.04745, 4.98985]},
			"faces": {
				"north": {"uv": [8.1875, 6.8125, 8.3125, 7.0625], "texture": "#2"},
				"east": {"uv": [6.0625, 8.5625, 6.125, 8.8125], "texture": "#2"},
				"south": {"uv": [7.3125, 8.1875, 7.4375, 8.4375], "texture": "#2"},
				"west": {"uv": [8.5625, 6.0625, 8.625, 6.3125], "texture": "#2"},
				"up": {"uv": [8.9375, 2.3125, 8.8125, 2.25], "texture": "#2"},
				"down": {"uv": [8.9375, 2.3125, 8.8125, 2.375], "texture": "#2"}
			}
		},
		{
			"from": [7.12703, 16.99504, 5.979],
			"to": [9.15503, 21.05104, 6.993],
			"rotation": {"angle": 22.5, "axis": "z", "origin": [8.55864, 23.04745, 4.98985]},
			"faces": {
				"north": {"uv": [6.5, 8.1875, 6.625, 8.4375], "texture": "#2"},
				"east": {"uv": [5.9375, 8.5625, 6, 8.8125], "texture": "#2"},
				"south": {"uv": [8.1875, 6.5625, 8.3125, 6.8125], "texture": "#2"},
				"west": {"uv": [6, 8.5625, 6.0625, 8.8125], "texture": "#2"},
				"up": {"uv": [8.9375, 2.1875, 8.8125, 2.125], "texture": "#2"},
				"down": {"uv": [8.9375, 2.1875, 8.8125, 2.25], "texture": "#2"}
			}
		},
		{
			"from": [6.84497, 16.99504, 9.007],
			"to": [8.87297, 21.05104, 10.021],
			"rotation": {"angle": -22.5, "axis": "z", "origin": [7.44136, 23.04745, 11.01015]},
			"faces": {
				"north": {"uv": [8.25, 0, 8.375, 0.25], "texture": "#2"},
				"east": {"uv": [7.5, 8.5625, 7.5625, 8.8125], "texture": "#2"},
				"south": {"uv": [0.0625, 8.25, 0.1875, 8.5], "texture": "#2"},
				"west": {"uv": [7.5625, 8.5625, 7.625, 8.8125], "texture": "#2"},
				"up": {"uv": [8.9375, 2.75, 8.8125, 2.6875], "texture": "#2"},
				"down": {"uv": [8.9375, 2.75, 8.8125, 2.8125], "texture": "#2"}
			}
		},
		{
			"from": [11.228, 15.1294, 9.00294],
			"to": [13.26411, 19.19352, 10.02506],
			"rotation": {"angle": -22.5, "axis": "z", "origin": [8.55864, 23.04745, 11.01015]},
			"faces": {
				"north": {"uv": [8.25, 1.4375, 8.375, 1.6875], "texture": "#2"},
				"east": {"uv": [8.25, 8.5625, 8.3125, 8.8125], "texture": "#2"},
				"south": {"uv": [1.5625, 8.25, 1.6875, 8.5], "texture": "#2"},
				"west": {"uv": [8.375, 8.5625, 8.4375, 8.8125], "texture": "#2"},
				"up": {"uv": [8.9375, 3.5, 8.8125, 3.4375], "texture": "#2"},
				"down": {"uv": [3.625, 8.8125, 3.5, 8.875], "texture": "#2"}
			}
		},
		{
			"from": [7.12703, 16.99504, 9.007],
			"to": [9.15503, 21.05104, 10.021],
			"rotation": {"angle": 22.5, "axis": "z", "origin": [8.55864, 23.04745, 11.01015]},
			"faces": {
				"north": {"uv": [8.25, 0.875, 8.375, 1.125], "texture": "#2"},
				"east": {"uv": [8, 8.5625, 8.0625, 8.8125], "texture": "#2"},
				"south": {"uv": [1.4375, 8.25, 1.5625, 8.5], "texture": "#2"},
				"west": {"uv": [8.1875, 8.5625, 8.25, 8.8125], "texture": "#2"},
				"up": {"uv": [8.9375, 3.375, 8.8125, 3.3125], "texture": "#2"},
				"down": {"uv": [8.9375, 3.375, 8.8125, 3.4375], "texture": "#2"}
			}
		},
		{
			"from": [2.73589, 15.1294, 9.00294],
			"to": [4.772, 19.19352, 10.02506],
			"rotation": {"angle": 22.5, "axis": "z", "origin": [7.44136, 23.04745, 11.01015]},
			"faces": {
				"north": {"uv": [0.5, 8.25, 0.625, 8.5], "texture": "#2"},
				"east": {"uv": [7.6875, 8.5625, 7.75, 8.8125], "texture": "#2"},
				"south": {"uv": [8.25, 0.625, 8.375, 0.875], "texture": "#2"},
				"west": {"uv": [7.75, 8.5625, 7.8125, 8.8125], "texture": "#2"},
				"up": {"uv": [8.9375, 3.125, 8.8125, 3.0625], "texture": "#2"},
				"down": {"uv": [8.9375, 3.125, 8.8125, 3.1875], "texture": "#2"}
			}
		},
		{
			"from": [7.95407, 13.98445, 6.95694],
			"to": [16.08818, 22.11856, 9.04306],
			"rotation": {"angle": -45, "axis": "z", "origin": [8.90491, 22.44745, 5.48985]},
			"faces": {
				"north": {"uv": [6.5, 1, 7, 1.5], "texture": "#2"},
				"east": {"uv": [0.75, 8.125, 0.8125, 8.625], "texture": "#2"},
				"south": {"uv": [3.9375, 6.5, 4.4375, 7], "texture": "#2"},
				"west": {"uv": [5.25, 8.125, 5.3125, 8.625], "texture": "#2"},
				"up": {"uv": [8.5625, 4.375, 8.0625, 4.3125], "texture": "#2"},
				"down": {"uv": [8.625, 0.4375, 8.125, 0.5], "texture": "#2"}
			}
		},
		{
			"from": [-0.7204, 13.53836, 7.493],
			"to": [16.7204, 20.63636, 8.507],
			"rotation": {"angle": 0, "axis": "y", "origin": [9.64949, 4.44745, 5.48985]},
			"faces": {
				"north": {"uv": [5.625, 5, 6.6875, 5.4375], "texture": "#2"},
				"east": {"uv": [1.375, 8.3125, 1.4375, 8.75], "texture": "#2"},
				"south": {"uv": [5.6875, 2.25, 6.75, 2.6875], "texture": "#2"},
				"west": {"uv": [8.3125, 7.0625, 8.375, 7.5], "texture": "#2"},
				"up": {"uv": [8.5625, 4.3125, 7.5, 4.25], "texture": "#2"},
				"down": {"uv": [8.5625, 5.125, 7.5, 5.1875], "texture": "#2"}
			}
		},
		{
			"from": [10.6611, 14.57913, 7.487],
			"to": [15.7431, 21.68913, 8.513],
			"rotation": {"angle": -22.5, "axis": "z", "origin": [9.33215, 4.44745, 5.48985]},
			"faces": {
				"north": {"uv": [6.875, 6.8125, 7.1875, 7.25], "texture": "#2"},
				"east": {"uv": [7.875, 8.3125, 7.9375, 8.75], "texture": "#2"},
				"south": {"uv": [0, 7, 0.3125, 7.4375], "texture": "#2"},
				"west": {"uv": [8.3125, 7.875, 8.375, 8.3125], "texture": "#2"},
				"up": {"uv": [5.9375, 6.6875, 5.625, 6.625], "texture": "#2"},
				"down": {"uv": [8.6875, 4.125, 8.375, 4.1875], "texture": "#2"}
			}
		},
		{
			"from": [14.55821, 2.40958, 7.493],
			"to": [21.14921, 7.07398, 8.507],
			"rotation": {"angle": 45, "axis": "z", "origin": [9.33215, 4.44745, 5.48985]},
			"faces": {
				"north": {"uv": [3.9375, 7, 4.375, 7.3125], "texture": "#2"},
				"east": {"uv": [3, 6.3125, 3.0625, 6.625], "texture": "#2"},
				"south": {"uv": [4.375, 7.0625, 4.8125, 7.375], "texture": "#2"},
				"west": {"uv": [4.8125, 7.0625, 4.875, 7.375], "texture": "#2"},
				"up": {"uv": [8.6875, 0.4375, 8.25, 0.375], "texture": "#2"},
				"down": {"uv": [8.6875, 1.9375, 8.25, 2], "texture": "#2"}
			}
		},
		{
			"from": [20.9706, 12.09794, 7.485],
			"to": [26.0566, 19.21194, 8.515],
			"rotation": {"angle": 22.5, "axis": "z", "origin": [9.33215, 4.44745, 5.48985]},
			"faces": {
				"north": {"uv": [7, 1, 7.3125, 1.4375], "texture": "#2"},
				"east": {"uv": [7.9375, 8.3125, 8, 8.75], "texture": "#2"},
				"south": {"uv": [3, 7, 3.3125, 7.4375], "texture": "#2"},
				"west": {"uv": [8.0625, 8.3125, 8.125, 8.75], "texture": "#2"},
				"up": {"uv": [8.6875, 4.25, 8.375, 4.1875], "texture": "#2"},
				"down": {"uv": [8.6875, 7.4375, 8.375, 7.5], "texture": "#2"}
			}
		},
		{
			"from": [4.12705, 23.15318, 7.493],
			"to": [10.71805, 26.70218, 8.507],
			"rotation": {"angle": -22.5, "axis": "z", "origin": [9.33215, 4.44745, 5.48985]},
			"faces": {
				"north": {"uv": [7.375, 6.0625, 7.8125, 6.3125], "texture": "#2"},
				"east": {"uv": [0.125, 8.5, 0.1875, 8.75], "texture": "#2"},
				"south": {"uv": [6.25, 7.375, 6.6875, 7.625], "texture": "#2"},
				"west": {"uv": [1.4375, 8.5, 1.5, 8.75], "texture": "#2"},
				"up": {"uv": [8.6875, 7.75, 8.25, 7.6875], "texture": "#2"},
				"down": {"uv": [8.75, 7.5, 8.3125, 7.5625], "texture": "#2"}
			}
		},
		{
			"from": [-5.14921, 2.40958, 7.493],
			"to": [1.44179, 7.07398, 8.507],
			"rotation": {"angle": -45, "axis": "z", "origin": [6.66785, 4.44745, 5.48985]},
			"faces": {
				"north": {"uv": [7.125, 0, 7.5625, 0.3125], "texture": "#2"},
				"east": {"uv": [6.25, 8.4375, 6.3125, 8.75], "texture": "#2"},
				"south": {"uv": [2.1875, 7.125, 2.625, 7.4375], "texture": "#2"},
				"west": {"uv": [6.3125, 8.4375, 6.375, 8.75], "texture": "#2"},
				"up": {"uv": [8.8125, 1.125, 8.375, 1.0625], "texture": "#2"},
				"down": {"uv": [8.8125, 1.4375, 8.375, 1.5], "texture": "#2"}
			}
		},
		{
			"from": [0.2569, 14.57913, 7.487],
			"to": [5.3389, 21.68913, 8.513],
			"rotation": {"angle": 22.5, "axis": "z", "origin": [6.66785, 4.44745, 5.48985]},
			"faces": {
				"north": {"uv": [7.0625, 5.875, 7.375, 6.3125], "texture": "#2"},
				"east": {"uv": [3.9375, 8.375, 4, 8.8125], "texture": "#2"},
				"south": {"uv": [5.9375, 7.0625, 6.25, 7.5], "texture": "#2"},
				"west": {"uv": [4, 8.375, 4.0625, 8.8125], "texture": "#2"},
				"up": {"uv": [8.75, 5.9375, 8.4375, 5.875], "texture": "#2"},
				"down": {"uv": [8.75, 5.9375, 8.4375, 6], "texture": "#2"}
			}
		},
		{
			"from": [-10.0566, 12.09794, 7.485],
			"to": [-4.9706, 19.21194, 8.515],
			"rotation": {"angle": -22.5, "axis": "z", "origin": [6.66785, 4.44745, 5.48985]},
			"faces": {
				"north": {"uv": [7.0625, 5.4375, 7.375, 5.875], "texture": "#2"},
				"east": {"uv": [0.6875, 8.375, 0.75, 8.8125], "texture": "#2"},
				"south": {"uv": [5.625, 7.0625, 5.9375, 7.5], "texture": "#2"},
				"west": {"uv": [8.375, 2.1875, 8.4375, 2.625], "texture": "#2"},
				"up": {"uv": [8.75, 3.5625, 8.4375, 3.5], "texture": "#2"},
				"down": {"uv": [8.75, 4.875, 8.4375, 4.9375], "texture": "#2"}
			}
		},
		{
			"from": [5.28195, 23.15318, 7.493],
			"to": [11.87295, 26.70218, 8.507],
			"rotation": {"angle": 22.5, "axis": "z", "origin": [6.66785, 4.44745, 5.48985]},
			"faces": {
				"north": {"uv": [1.9375, 7.4375, 2.375, 7.6875], "texture": "#2"},
				"east": {"uv": [8.4375, 8.5625, 8.5, 8.8125], "texture": "#2"},
				"south": {"uv": [2.9375, 7.4375, 3.375, 7.6875], "texture": "#2"},
				"west": {"uv": [0, 8.625, 0.0625, 8.875], "texture": "#2"},
				"up": {"uv": [8.8125, 0.1875, 8.375, 0.125], "texture": "#2"},
				"down": {"uv": [8.8125, 0.1875, 8.375, 0.25], "texture": "#2"}
			}
		},
		{
			"from": [14.40983, 11.54053, 7.1888],
			"to": [15.52523, 12.65593, 8.8112],
			"rotation": {"angle": 45, "axis": "z", "origin": [9.64949, 4.44745, 5.48985]},
			"faces": {
				"north": {"uv": [7.9375, 6.75, 8, 6.8125], "texture": "#2"},
				"east": {"uv": [8.75, 3.5, 8.875, 3.5625], "texture": "#2"},
				"south": {"uv": [8.0625, 0.1875, 8.125, 0.25], "texture": "#2"},
				"west": {"uv": [8.75, 4.5625, 8.875, 4.625], "texture": "#2"},
				"up": {"uv": [7.125, 6.4375, 7.0625, 6.3125], "texture": "#2"},
				"down": {"uv": [7.1875, 6.6875, 7.125, 6.8125], "texture": "#2"}
			}
		},
		{
			"from": [6.8846, -10.91086, 6.8846],
			"to": [9.1154, -6.85486, 9.1154],
			"rotation": {"angle": 0, "axis": "y", "origin": [8.90491, 7.79745, 5.48985]},
			"faces": {
				"north": {"uv": [8.1875, 5.1875, 8.3125, 5.4375], "texture": "#2"},
				"east": {"uv": [8.1875, 5.6875, 8.3125, 5.9375], "texture": "#2"},
				"south": {"uv": [6.25, 8.1875, 6.375, 8.4375], "texture": "#2"},
				"west": {"uv": [6.375, 8.1875, 6.5, 8.4375], "texture": "#2"},
				"up": {"uv": [8.6875, 2.5, 8.5625, 2.375], "texture": "#2"},
				"down": {"uv": [8.6875, 2.875, 8.5625, 3], "texture": "#2"}
			}
		},
		{
			"from": [20.13312, -8.7665, 7.493],
			"to": [24.18912, -4.7105, 8.507],
			"rotation": {"angle": -45, "axis": "z", "origin": [8.90491, 7.79745, 5.48985]},
			"faces": {
				"north": {"uv": [2.875, 7.6875, 3.125, 7.9375], "texture": "#2"},
				"east": {"uv": [5.8125, 8.5625, 5.875, 8.8125], "texture": "#2"},
				"south": {"uv": [3.125, 7.6875, 3.375, 7.9375], "texture": "#2"},
				"west": {"uv": [5.875, 8.5625, 5.9375, 8.8125], "texture": "#2"},
				"up": {"uv": [8.8125, 0.5625, 8.5625, 0.5], "texture": "#2"},
				"down": {"uv": [8.8125, 2, 8.5625, 2.0625], "texture": "#2"}
			}
		},
		{
			"from": [-0.758, 12.492, 7.792],
			"to": [16.758, 21.508, 8.208],
			"rotation": {"angle": 0, "axis": "y", "origin": [7, 0, 7]},
			"faces": {
				"north": {"uv": [4.6875, 1.125, 5.8125, 1.6875], "texture": "#2"},
				"east": {"uv": [4.625, 8, 4.6875, 8.5625], "texture": "#2"},
				"south": {"uv": [4.6875, 1.6875, 5.8125, 2.25], "texture": "#2"},
				"west": {"uv": [0, 8.0625, 0.0625, 8.625], "texture": "#2"},
				"up": {"uv": [8.625, 3.0625, 7.5, 3], "texture": "#2"},
				"down": {"uv": [8.625, 3.9375, 7.5, 4], "texture": "#2"}
			}
		},
		{
			"from": [21.492, 10.742, 7.792],
			"to": [22.758, 18.408, 8.208],
			"rotation": {"angle": -22.5, "axis": "z", "origin": [21.75, 17, 8]},
			"faces": {
				"north": {"uv": [0.1875, 8.25, 0.25, 8.75], "texture": "#2"},
				"east": {"uv": [2.4375, 8.25, 2.5, 8.75], "texture": "#2"},
				"south": {"uv": [5, 8.25, 5.0625, 8.75], "texture": "#2"},
				"west": {"uv": [5.0625, 8.25, 5.125, 8.75], "texture": "#2"},
				"up": {"uv": [8.9375, 3.625, 8.875, 3.5625], "texture": "#2"},
				"down": {"uv": [8.9375, 3.625, 8.875, 3.6875], "texture": "#2"}
			}
		},
		{
			"from": [20.65658, 17.35971, 7.794],
			"to": [21.91858, 25.52171, 8.206],
			"rotation": {"angle": 22.5, "axis": "z", "origin": [21.18758, 20.89071, 8]},
			"faces": {
				"north": {"uv": [5.625, 8.25, 5.6875, 8.75], "texture": "#2"},
				"east": {"uv": [5.6875, 8.25, 5.75, 8.75], "texture": "#2"},
				"south": {"uv": [8.25, 7.0625, 8.3125, 7.5625], "texture": "#2"},
				"west": {"uv": [1.3125, 8.3125, 1.375, 8.8125], "texture": "#2"},
				"up": {"uv": [3.8125, 8.9375, 3.75, 8.875], "texture": "#2"},
				"down": {"uv": [3.875, 8.875, 3.8125, 8.9375], "texture": "#2"}
			}
		},
		{
			"from": [12.88622, 25.60414, 7.796],
			"to": [19.99422, 26.86214, 8.204],
			"rotation": {"angle": -22.5, "axis": "z", "origin": [16.41522, 25.98314, 8]},
			"faces": {
				"north": {"uv": [8.375, 1.5, 8.8125, 1.5625], "texture": "#2"},
				"east": {"uv": [3.875, 8.875, 3.9375, 8.9375], "texture": "#2"},
				"south": {"uv": [8.375, 1.5625, 8.8125, 1.625], "texture": "#2"},
				"west": {"uv": [3.9375, 8.875, 4, 8.9375], "texture": "#2"},
				"up": {"uv": [8.8125, 1.6875, 8.375, 1.625], "texture": "#2"},
				"down": {"uv": [8.8125, 2.625, 8.375, 2.6875], "texture": "#2"}
			}
		},
		{
			"from": [16.63892, 5.3303, 7.794],
			"to": [17.90092, 12.3423, 8.206],
			"rotation": {"angle": -45, "axis": "z", "origin": [17.26992, 8.7113, 8]},
			"faces": {
				"north": {"uv": [4.0625, 8.375, 4.125, 8.8125], "texture": "#2"},
				"east": {"uv": [4.125, 8.375, 4.1875, 8.8125], "texture": "#2"},
				"south": {"uv": [4.1875, 8.375, 4.25, 8.8125], "texture": "#2"},
				"west": {"uv": [4.25, 8.375, 4.3125, 8.8125], "texture": "#2"},
				"up": {"uv": [3.75, 8.9375, 3.6875, 8.875], "texture": "#2"},
				"down": {"uv": [8.9375, 3.6875, 8.875, 3.75], "texture": "#2"}
			}
		},
		{
			"from": [11.31338, 5.87556, 7.796],
			"to": [15.32138, 9.88356, 8.204],
			"rotation": {"angle": 0, "axis": "y", "origin": [11.81738, 6.50456, 8]},
			"faces": {
				"north": {"uv": [7.6875, 7.625, 7.9375, 7.875], "texture": "#2"},
				"east": {"uv": [2.9375, 8.625, 3, 8.875], "texture": "#2"},
				"south": {"uv": [4.4375, 7.75, 4.6875, 8], "texture": "#2"},
				"west": {"uv": [3, 8.625, 3.0625, 8.875], "texture": "#2"},
				"up": {"uv": [8.875, 2.875, 8.625, 2.8125], "texture": "#2"},
				"down": {"uv": [8.875, 3, 8.625, 3.0625], "texture": "#2"}
			}
		},
		{
			"from": [11.04435, 24.16937, 7.792],
			"to": [14.41035, 27.53537, 8.208],
			"rotation": {"angle": 22.5, "axis": "z", "origin": [12.40235, 25.52737, 8]},
			"faces": {
				"north": {"uv": [8.0625, 0, 8.25, 0.1875], "texture": "#2"},
				"east": {"uv": [7, 8.6875, 7.0625, 8.875], "texture": "#2"},
				"south": {"uv": [0.0625, 8.0625, 0.25, 8.25], "texture": "#2"},
				"west": {"uv": [7.0625, 8.6875, 7.125, 8.875], "texture": "#2"},
				"up": {"uv": [8.9375, 0.375, 8.75, 0.3125], "texture": "#2"},
				"down": {"uv": [8.9375, 0.5625, 8.75, 0.625], "texture": "#2"}
			}
		},
		{
			"from": [1.58965, 24.16937, 7.792],
			"to": [4.95565, 27.53537, 8.208],
			"rotation": {"angle": -22.5, "axis": "z", "origin": [3.59765, 25.52737, 8]},
			"faces": {
				"north": {"uv": [8.25, 0, 8.0625, 0.1875], "texture": "#2"},
				"east": {"uv": [7.125, 8.6875, 7.0625, 8.875], "texture": "#2"},
				"south": {"uv": [0.25, 8.0625, 0.0625, 8.25], "texture": "#2"},
				"west": {"uv": [7.0625, 8.6875, 7, 8.875], "texture": "#2"},
				"up": {"uv": [8.75, 0.375, 8.9375, 0.3125], "texture": "#2"},
				"down": {"uv": [8.75, 0.5625, 8.9375, 0.625], "texture": "#2"}
			}
		},
		{
			"from": [-3.99422, 25.60414, 7.796],
			"to": [3.11378, 26.86214, 8.204],
			"rotation": {"angle": 22.5, "axis": "z", "origin": [-0.41522, 25.98314, 8]},
			"faces": {
				"north": {"uv": [8.8125, 1.5, 8.375, 1.5625], "texture": "#2"},
				"east": {"uv": [4, 8.875, 3.9375, 8.9375], "texture": "#2"},
				"south": {"uv": [8.8125, 1.5625, 8.375, 1.625], "texture": "#2"},
				"west": {"uv": [3.9375, 8.875, 3.875, 8.9375], "texture": "#2"},
				"up": {"uv": [8.375, 1.6875, 8.8125, 1.625], "texture": "#2"},
				"down": {"uv": [8.375, 2.625, 8.8125, 2.6875], "texture": "#2"}
			}
		},
		{
			"from": [-5.91858, 17.35971, 7.794],
			"to": [-4.65658, 25.52171, 8.206],
			"rotation": {"angle": -22.5, "axis": "z", "origin": [-5.18758, 20.89071, 8]},
			"faces": {
				"north": {"uv": [5.6875, 8.25, 5.625, 8.75], "texture": "#2"},
				"east": {"uv": [1.375, 8.3125, 1.3125, 8.8125], "texture": "#2"},
				"south": {"uv": [8.3125, 7.0625, 8.25, 7.5625], "texture": "#2"},
				"west": {"uv": [5.75, 8.25, 5.6875, 8.75], "texture": "#2"},
				"up": {"uv": [3.75, 8.9375, 3.8125, 8.875], "texture": "#2"},
				"down": {"uv": [3.8125, 8.875, 3.875, 8.9375], "texture": "#2"}
			}
		},
		{
			"from": [-6.758, 10.742, 7.792],
			"to": [-5.492, 18.408, 8.208],
			"rotation": {"angle": 22.5, "axis": "z", "origin": [-5.75, 17, 8]},
			"faces": {
				"north": {"uv": [0.25, 8.25, 0.1875, 8.75], "texture": "#2"},
				"east": {"uv": [5.125, 8.25, 5.0625, 8.75], "texture": "#2"},
				"south": {"uv": [5.0625, 8.25, 5, 8.75], "texture": "#2"},
				"west": {"uv": [2.5, 8.25, 2.4375, 8.75], "texture": "#2"},
				"up": {"uv": [8.875, 3.625, 8.9375, 3.5625], "texture": "#2"},
				"down": {"uv": [8.875, 3.625, 8.9375, 3.6875], "texture": "#2"}
			}
		},
		{
			"from": [-1.90092, 5.3303, 7.794],
			"to": [-0.63892, 12.3423, 8.206],
			"rotation": {"angle": 45, "axis": "z", "origin": [-1.26992, 8.7113, 8]},
			"faces": {
				"north": {"uv": [4.125, 8.375, 4.0625, 8.8125], "texture": "#2"},
				"east": {"uv": [4.3125, 8.375, 4.25, 8.8125], "texture": "#2"},
				"south": {"uv": [4.25, 8.375, 4.1875, 8.8125], "texture": "#2"},
				"west": {"uv": [4.1875, 8.375, 4.125, 8.8125], "texture": "#2"},
				"up": {"uv": [3.6875, 8.9375, 3.75, 8.875], "texture": "#2"},
				"down": {"uv": [8.875, 3.6875, 8.9375, 3.75], "texture": "#2"}
			}
		},
		{
			"from": [0.67862, 5.87556, 7.796],
			"to": [4.68662, 9.88356, 8.204],
			"rotation": {"angle": 0, "axis": "y", "origin": [4.18262, 6.50456, 8]},
			"faces": {
				"north": {"uv": [7.9375, 7.625, 7.6875, 7.875], "texture": "#2"},
				"east": {"uv": [3.0625, 8.625, 3, 8.875], "texture": "#2"},
				"south": {"uv": [4.6875, 7.75, 4.4375, 8], "texture": "#2"},
				"west": {"uv": [3, 8.625, 2.9375, 8.875], "texture": "#2"},
				"up": {"uv": [8.625, 2.875, 8.875, 2.8125], "texture": "#2"},
				"down": {"uv": [8.625, 3, 8.875, 3.0625], "texture": "#2"}
			}
		},
		{
			"name": "ef",
			"from": [-3.96673, 3.8, 13.64349],
			"to": [12.83327, 29, 13.64349],
			"rotation": {"angle": -22.5, "axis": "y", "origin": [8.65328, 9.7, 8.32992]},
			"faces": {
				"north": {"uv": [0.5, 8.6875, 5.375, 16], "texture": "#1"},
				"east": {"uv": [0, 0, 0, 1.5625], "texture": "#missing"},
				"south": {"uv": [5.375, 8.6875, 0.5, 16], "texture": "#1"},
				"west": {"uv": [0, 0, 0, 1.5625], "texture": "#missing"},
				"up": {"uv": [0, 0, 0.875, 0], "texture": "#missing"},
				"down": {"uv": [0, 0, 0.875, 0], "texture": "#missing"}
			}
		},
		{
			"name": "ef",
			"from": [4.01368, -9.6, 3.20674],
			"to": [20.81368, 15.6, 3.20674],
			"rotation": {"angle": -22.5, "axis": "y", "origin": [8.65328, 9.7, 8.32992]},
			"faces": {
				"north": {"uv": [5.375, 8.6875, 0.5, 16], "texture": "#1"},
				"east": {"uv": [0, 0, 0, 1.5625], "texture": "#missing"},
				"south": {"uv": [0.5, 8.6875, 5.375, 16], "texture": "#1"},
				"west": {"uv": [0, 0, 0, 1.5625], "texture": "#missing"},
				"up": {"uv": [0.875, 0, 0, 0], "texture": "#missing"},
				"down": {"uv": [0.875, 0, 0, 0], "texture": "#missing"}
			}
		},
		{
			"name": "ef",
			"from": [5.35754, 0, 13.98427],
			"to": [26.95754, 31.2, 13.98427],
			"rotation": {"angle": 22.5, "axis": "y", "origin": [8.65328, 9.7, 8.32992]},
			"faces": {
				"north": {"uv": [6.625, 0.625, 11.5, 7.9375], "texture": "#1"},
				"east": {"uv": [0, 0, 0, 1.5625], "texture": "#missing"},
				"south": {"uv": [11.5, 0.625, 6.625, 7.9375], "texture": "#1"},
				"west": {"uv": [0, 0, 0, 1.5625], "texture": "#missing"},
				"up": {"uv": [0, 0, 0.875, 0], "texture": "#missing"},
				"down": {"uv": [0, 0, 0.875, 0], "texture": "#missing"}
			}
		},
		{
			"name": "ef",
			"from": [-9.60557, -9.8, 2.56596],
			"to": [11.99443, 21.4, 2.56596],
			"rotation": {"angle": 22.5, "axis": "y", "origin": [8.65328, 9.7, 8.32992]},
			"faces": {
				"north": {"uv": [5.625, 0.625, 0.75, 7.9375], "texture": "#1"},
				"east": {"uv": [0, 0, 0, 1.5625], "texture": "#missing"},
				"south": {"uv": [0.75, 0.625, 5.625, 7.9375], "texture": "#1"},
				"west": {"uv": [0, 0, 0, 1.5625], "texture": "#missing"},
				"up": {"uv": [0.875, 0, 0, 0], "texture": "#missing"},
				"down": {"uv": [0.875, 0, 0, 0], "texture": "#missing"}
			}
		}
	],
	"gui_light": "front",
	"display": {
		"thirdperson_righthand": {
			"rotation": [0, 90, 0],
			"translation": [0, 4, 2],
			"scale": [0.6, 0.6, 0.6]
		},
		"thirdperson_lefthand": {
			"rotation": [0, 90, 0],
			"translation": [0, 4, 2],
			"scale": [0.6, 0.6, 0.6]
		},
		"firstperson_righthand": {
			"rotation": [145.2, 86.44, -135.24],
			"translation": [-0.25, 5.25, 0],
			"scale": [0.45, 0.45, 0.45]
		},
		"firstperson_lefthand": {
			"rotation": [145.2, 86.44, -135.24],
			"translation": [-0.25, 5.25, 0],
			"scale": [0.45, 0.45, 0.45]
		},
		"ground": {
			"rotation": [0, 0, 45],
			"translation": [0, 4.25, 0],
			"scale": [0.3, 0.3, 0.3]
		},
		"gui": {
			"rotation": [-180, 0, -135],
			"translation": [-1, -1, 0],
			"scale": [0.42, 0.42, 0.42]
		},
		"head": {
			"translation": [0, 1.5, 0],
			"scale": [0, 0, 0]
		},
		"fixed": {
			"translation": [0, 0, -1.25],
			"scale": [0.7, 0.7, 0.7]
		}
	},
	"groups": [
		{
			"name": "firework_axe",
			"origin": [9.90919, 7.01604, 8],
			"color": 0,
			"children": [0, 1, 2, 3, 4, 5, 6, 7, 8, 9, 10, 11, 12, 13, 14, 15, 16, 17, 18, 19, 20, 21, 22, 23, 24, 25, 26, 27, 28, 29, 30, 31, 32, 33, 34, 35, 36, 37, 38]
		}
	]
}