{
	"credit": "Made with Blockbench",
	"textures": {
		"1": "item/chinese/ef_chinese_dragon_long",
		"2": "item/chinese/chinese_dragon"
	},
	"elements": [
		{
			"from": [7.592, 2.492, 3.242],
			"to": [8.408, 25.008, 7.008],
			"rotation": {"angle": 0, "axis": "y", "origin": [8, 14, 5.125]},
			"faces": {
				"north": {"uv": [8.625, 10.25, 8.75, 13.025], "texture": "#2"},
				"east": {"uv": [1, 6.375, 0.5, 9.15], "texture": "#2"},
				"south": {"uv": [8.75, 10.25, 8.875, 13.125], "texture": "#2"},
				"west": {"uv": [0.5, 6.375, 1, 9.15], "texture": "#2"},
				"up": {"uv": [14.875, 7.875, 14.75, 7.375], "texture": "#2"},
				"down": {"uv": [7.625, 14.75, 7.5, 15.25], "texture": "#2"}
			}
		},
		{
			"from": [7.598, 29.65836, 7.1435],
			"to": [8.402, 31.41236, 10.2975],
			"rotation": {"angle": -22.5, "axis": "x", "origin": [8, 29.53536, 9.5205]},
			"faces": {
				"north": {"uv": [15.125, 8.375, 15.25, 8.625], "texture": "#2"},
				"east": {"uv": [14.125, 11.75, 14.5, 12], "texture": "#2"},
				"south": {"uv": [8.5, 15.125, 8.625, 15.375], "texture": "#2"},
				"west": {"uv": [14.125, 12, 14.5, 12.25], "texture": "#2"},
				"up": {"uv": [15.25, 5.75, 15.125, 5.375], "texture": "#2"},
				"down": {"uv": [5.625, 15.125, 5.5, 15.5], "texture": "#2"}
			}
		},
		{
			"from": [7.6, 23.89202, 5.04768],
			"to": [8.4, 27.59202, 8.54768],
			"rotation": {"angle": 22.5, "axis": "x", "origin": [8, 28.96702, 6.92268]},
			"faces": {
				"north": {"uv": [6.5, 14.75, 6.625, 15.25], "texture": "#2"},
				"east": {"uv": [6.625, 12.75, 7.125, 13.25], "texture": "#2"},
				"south": {"uv": [14.75, 6.875, 14.875, 7.375], "texture": "#2"},
				"west": {"uv": [7.125, 12.75, 7.625, 13.25], "texture": "#2"},
				"up": {"uv": [7.25, 15.25, 7.125, 14.75], "texture": "#2"},
				"down": {"uv": [7.375, 14.75, 7.25, 15.25], "texture": "#2"}
			}
		},
		{
			"from": [7.596, 26.93794, 4.46459],
			"to": [8.404, 29.69594, 6.97259],
			"rotation": {"angle": 45, "axis": "x", "origin": [8, 27.44194, 6.34359]},
			"faces": {
				"north": {"uv": [15.25, 5, 15.125, 5.375], "texture": "#2"},
				"east": {"uv": [14.325, 3.875, 14, 4.25], "texture": "#2"},
				"south": {"uv": [5.25, 15.125, 5.125, 15.5], "texture": "#2"},
				"west": {"uv": [14, 3.875, 14.325, 4.25], "texture": "#2"},
				"up": {"uv": [5.25, 15.5, 5.375, 15.125], "texture": "#2"},
				"down": {"uv": [5.375, 15.125, 5.5, 15.5], "texture": "#2"}
			}
		},
		{
			"from": [7.6, 9.75, 10.25],
			"to": [8.4, 13, 11.25],
			"rotation": {"angle": 0, "axis": "y", "origin": [8, 1, 15]},
			"faces": {
				"north": {"uv": [4.5, 15.125, 4.625, 15.5], "texture": "#2"},
				"east": {"uv": [4.625, 15.125, 4.75, 15.5], "texture": "#2"},
				"south": {"uv": [15.125, 4.625, 15.25, 5], "texture": "#2"},
				"west": {"uv": [5, 15.125, 5.125, 15.5], "texture": "#2"},
				"up": {"uv": [15.25, 13.75, 15.125, 13.625], "texture": "#2"},
				"down": {"uv": [15.25, 13.75, 15.125, 13.875], "texture": "#2"}
			}
		},
		{
			"from": [7.6, 9.75, 11.25],
			"to": [8.4, 14, 12.25],
			"rotation": {"angle": 0, "axis": "y", "origin": [8, 1, 15]},
			"faces": {
				"north": {"uv": [14.75, 5, 14.875, 5.5], "texture": "#2"},
				"east": {"uv": [14.75, 5.5, 14.875, 6], "texture": "#2"},
				"south": {"uv": [5.75, 14.75, 5.875, 15.25], "texture": "#2"},
				"west": {"uv": [14.75, 6, 14.875, 6.5], "texture": "#2"},
				"up": {"uv": [15.25, 13.25, 15.125, 13.125], "texture": "#2"},
				"down": {"uv": [15.25, 13.25, 15.125, 13.375], "texture": "#2"}
			}
		},
		{
			"from": [7.6, 18.75, 11.25],
			"to": [8.4, 22, 12.25],
			"rotation": {"angle": 0, "axis": "y", "origin": [8, 1, 15]},
			"faces": {
				"north": {"uv": [4.125, 15.125, 4.25, 15.5], "texture": "#2"},
				"east": {"uv": [4.25, 15.125, 4.375, 15.5], "texture": "#2"},
				"south": {"uv": [15.125, 4.25, 15.25, 4.625], "texture": "#2"},
				"west": {"uv": [4.375, 15.125, 4.5, 15.5], "texture": "#2"},
				"up": {"uv": [15.25, 13, 15.125, 12.875], "texture": "#2"},
				"down": {"uv": [15.25, 13, 15.125, 13.125], "texture": "#2"}
			}
		},
		{
			"from": [7.6, 17.75, 10.25],
			"to": [8.4, 21, 11.25],
			"rotation": {"angle": 0, "axis": "y", "origin": [8, 1, 15]},
			"faces": {
				"north": {"uv": [3.5, 15.125, 3.625, 15.5], "texture": "#2"},
				"east": {"uv": [3.625, 15.125, 3.75, 15.5], "texture": "#2"},
				"south": {"uv": [3.75, 15.125, 3.875, 15.5], "texture": "#2"},
				"west": {"uv": [4, 15.125, 4.125, 15.5], "texture": "#2"},
				"up": {"uv": [15.25, 12.75, 15.125, 12.625], "texture": "#2"},
				"down": {"uv": [15.25, 12.75, 15.125, 12.875], "texture": "#2"}
			}
		},
		{
			"from": [7.6, 20.1, 2.5],
			"to": [8.4, 22.65, 3.25],
			"rotation": {"angle": 0, "axis": "y", "origin": [8, 1, 1]},
			"faces": {
				"north": {"uv": [3.125, 15.125, 3.25, 15.5], "texture": "#2"},
				"east": {"uv": [3.25, 15.125, 3.375, 15.5], "texture": "#2"},
				"south": {"uv": [3.375, 15.125, 3.5, 15.5], "texture": "#2"},
				"west": {"uv": [15.125, 3.375, 15.25, 3.75], "texture": "#2"},
				"up": {"uv": [15.25, 12.5, 15.125, 12.375], "texture": "#2"},
				"down": {"uv": [15.25, 12.5, 15.125, 12.625], "texture": "#2"}
			}
		},
		{
			"from": [7.6, 19.5, 1.75],
			"to": [8.4, 23.25, 2.5],
			"rotation": {"angle": 0, "axis": "y", "origin": [8, 1, 1]},
			"faces": {
				"north": {"uv": [2.5, 14.75, 2.625, 15.25], "texture": "#2"},
				"east": {"uv": [14.75, 4.5, 14.875, 5], "texture": "#2"},
				"south": {"uv": [4.75, 14.75, 4.875, 15.25], "texture": "#2"},
				"west": {"uv": [4.875, 14.75, 5, 15.25], "texture": "#2"},
				"up": {"uv": [14.5, 6.625, 14.375, 6.5], "texture": "#2"},
				"down": {"uv": [14.5, 9.5, 14.375, 9.625], "texture": "#2"}
			}
		},
		{
			"from": [7.6, 3.75, 1.25],
			"to": [8.4, 13, 2.25],
			"rotation": {"angle": 0, "axis": "y", "origin": [8, 1, 1]},
			"faces": {
				"north": {"uv": [8.25, 13.875, 8.375, 15], "texture": "#2"},
				"east": {"uv": [3.125, 14, 3.25, 15.125], "texture": "#2"},
				"south": {"uv": [3.25, 14, 3.375, 15.125], "texture": "#2"},
				"west": {"uv": [3.375, 14, 3.5, 15.125], "texture": "#2"},
				"up": {"uv": [14.25, 0.375, 14.125, 0.25], "texture": "#2"},
				"down": {"uv": [14.375, 9.25, 14.25, 9.375], "texture": "#2"}
			}
		},
		{
			"from": [7.6, 4.75, 2.25],
			"to": [8.4, 12, 3.25],
			"rotation": {"angle": 0, "axis": "y", "origin": [8, 1, 1]},
			"faces": {
				"north": {"uv": [14, 14, 14.125, 14.875], "texture": "#2"},
				"east": {"uv": [0.25, 14.125, 0.375, 15], "texture": "#2"},
				"south": {"uv": [0.375, 14.125, 0.5, 15], "texture": "#2"},
				"west": {"uv": [0.5, 14.125, 0.625, 15], "texture": "#2"},
				"up": {"uv": [13.625, 3.5, 13.5, 3.375], "texture": "#2"},
				"down": {"uv": [14.125, 7.25, 14, 7.375], "texture": "#2"}
			}
		},
		{
			"from": [7.742, -1.008, 2.342],
			"to": [8.258, 3.508, 6.908],
			"rotation": {"angle": 45, "axis": "x", "origin": [8, 0.5, 5.125]},
			"faces": {
				"north": {"uv": [1.875, 14.375, 2, 15], "texture": "#2"},
				"east": {"uv": [5.875, 11.125, 6.5, 11.75], "texture": "#2"},
				"south": {"uv": [2, 14.375, 2.125, 15], "texture": "#2"},
				"west": {"uv": [11.125, 8, 11.75, 8.625], "texture": "#2"},
				"up": {"uv": [2.25, 15, 2.125, 14.375], "texture": "#2"},
				"down": {"uv": [14.5, 2.25, 14.375, 2.875], "texture": "#2"}
			}
		},
		{
			"from": [7.6, 29.85248, 9.51137],
			"to": [8.4, 31.55248, 10.26137],
			"rotation": {"angle": 0, "axis": "y", "origin": [8, 30.70248, 9.88637]},
			"faces": {
				"north": {"uv": [7.5, 13.625, 7.625, 13.875], "texture": "#2"},
				"east": {"uv": [13.75, 0.375, 13.875, 0.625], "texture": "#2"},
				"south": {"uv": [8.25, 15.125, 8.375, 15.375], "texture": "#2"},
				"west": {"uv": [8.375, 15.125, 8.5, 15.375], "texture": "#2"},
				"up": {"uv": [13.125, 4.375, 13, 4.25], "texture": "#2"},
				"down": {"uv": [13.25, 5.25, 13.125, 5.375], "texture": "#2"}
			}
		},
		{
			"from": [7.599, 1.749, 6.999],
			"to": [8.401, 30.001, 10.251],
			"rotation": {"angle": 0, "axis": "y", "origin": [8, 20.69192, 8.00061]},
			"faces": {
				"north": {"uv": [3.875, 9.125, 4, 12.625], "texture": "#2"},
				"east": {"uv": [4.25, 6.875, 4.625, 10.375], "texture": "#2"},
				"south": {"uv": [5.75, 10, 5.875, 13.5], "texture": "#2"},
				"west": {"uv": [4.625, 6.875, 5, 10.375], "texture": "#2"},
				"up": {"uv": [8, 9.25, 7.875, 8.875], "texture": "#2"},
				"down": {"uv": [9.875, 8.875, 9.75, 9.25], "texture": "#2"}
			}
		},
		{
			"from": [7.25, -10.5, 7.25],
			"to": [8.75, -3, 8.75],
			"rotation": {"angle": 0, "axis": "y", "origin": [8, -6.75, 8]},
			"faces": {
				"north": {"uv": [5.5, 11.75, 5.75, 12.75], "texture": "#2"},
				"east": {"uv": [9.625, 12.125, 9.875, 13.125], "texture": "#2"},
				"south": {"uv": [9.875, 12.125, 10.125, 13.125], "texture": "#2"},
				"west": {"uv": [10.125, 12.125, 10.375, 13.125], "texture": "#2"},
				"up": {"uv": [9.125, 10, 8.875, 9.75], "texture": "#2"},
				"down": {"uv": [10.75, 7.625, 10.5, 7.875], "texture": "#2"}
			}
		},
		{
			"from": [6.75, -11.75, 6.75],
			"to": [9.25, -10.5, 9.25],
			"rotation": {"angle": -45, "axis": "y", "origin": [8, -11.125, 8]},
			"faces": {
				"north": {"uv": [9, 1.125, 9.375, 1.25], "texture": "#2"},
				"east": {"uv": [11.5, 3.875, 11.875, 4], "texture": "#2"},
				"south": {"uv": [1.5, 11.75, 1.875, 11.875], "texture": "#2"},
				"west": {"uv": [2.75, 11.875, 3.125, 12], "texture": "#2"},
				"up": {"uv": [6.25, 8.875, 5.875, 8.5], "texture": "#2"},
				"down": {"uv": [12.375, 8.75, 12, 9.125], "texture": "#2"}
			}
		},
		{
			"from": [7.5, -15.75, 6.25],
			"to": [8.5, -11.75, 9.75],
			"rotation": {"angle": 0, "axis": "y", "origin": [8, -13.75, 8]},
			"faces": {
				"north": {"uv": [10.375, 4.5, 10.5, 5], "texture": "#2"},
				"east": {"uv": [12.125, 0.25, 12.625, 0.75], "texture": "#2"},
				"south": {"uv": [1, 12.25, 1.125, 12.75], "texture": "#2"},
				"west": {"uv": [12.125, 6.625, 12.625, 7.125], "texture": "#2"},
				"up": {"uv": [5.375, 12.75, 5.25, 12.25], "texture": "#2"},
				"down": {"uv": [2.625, 12.375, 2.5, 12.875], "texture": "#2"}
			}
		},
		{
			"name": "ef",
			"from": [3.2, 1.17247, 11.50469],
			"to": [12.8, 1.17247, 19.50469],
			"rotation": {"angle": 22.5, "axis": "x", "origin": [8, 0.57247, 13.90469]},
			"faces": {
				"north": {"uv": [0, 0, 2, 0], "rotation": 180, "texture": "#1"},
				"east": {"uv": [0, 0, 0, 2.125], "rotation": 270, "texture": "#1"},
				"south": {"uv": [0, 0, 2, 0], "texture": "#1"},
				"west": {"uv": [0, 0, 0, 2.125], "rotation": 90, "texture": "#1"},
				"up": {"uv": [4, 8.5, 11.75, 16], "rotation": 180, "texture": "#1"},
				"down": {"uv": [11.75, 8.5, 4, 16], "texture": "#1"}
			}
		},
		{
			"name": "ef",
			"from": [1.6, -8.1757, 14.13151],
			"to": [14.4, 1.4243, 14.13151],
			"rotation": {"angle": -45, "axis": "x", "origin": [8, -2.1757, 14.13151]},
			"faces": {
				"north": {"uv": [4, 8.5, 11.75, 16], "rotation": 180, "texture": "#1"},
				"east": {"uv": [0, 2.125, 0, 0], "texture": "#1"},
				"south": {"uv": [11.75, 8.5, 4, 16], "rotation": 180, "texture": "#1"},
				"west": {"uv": [0, 2.125, 0, 0], "texture": "#1"},
				"up": {"uv": [2, 0, 0, 0], "texture": "#1"},
				"down": {"uv": [2, 0, 0, 0], "texture": "#1"}
			}
		},
		{
			"name": "ef",
			"from": [-1.92721, 4.14821, 5.23606],
			"to": [6.87279, 4.14821, 11.63606],
			"rotation": {"angle": 45, "axis": "z", "origin": [2.47279, 4.14821, 8.43606]},
			"faces": {
				"north": {"uv": [0, 0, 1.375, 0], "rotation": 180, "texture": "#missing"},
				"east": {"uv": [0, 0, 0, 1], "rotation": 270, "texture": "#missing"},
				"south": {"uv": [0, 0, 1.375, 0], "texture": "#missing"},
				"west": {"uv": [0, 0, 0, 1], "rotation": 90, "texture": "#missing"},
				"up": {"uv": [0, 1.5, 4.625, 6], "rotation": 180, "texture": "#1"},
				"down": {"uv": [4.625, 1.5, 0, 6], "texture": "#1"}
			}
		},
		{
			"name": "ef",
			"from": [9.12721, 4.14821, 5.23606],
			"to": [17.92721, 4.14821, 11.63606],
			"rotation": {"angle": -45, "axis": "z", "origin": [13.52721, 4.14821, 8.43606]},
			"faces": {
				"north": {"uv": [1.375, 0, 0, 0], "rotation": 180, "texture": "#missing"},
				"east": {"uv": [0, 0, 0, 1], "rotation": 270, "texture": "#missing"},
				"south": {"uv": [1.375, 0, 0, 0], "texture": "#missing"},
				"west": {"uv": [0, 0, 0, 1], "rotation": 90, "texture": "#missing"},
				"up": {"uv": [4.625, 1.5, 0, 6], "rotation": 180, "texture": "#1"},
				"down": {"uv": [0, 1.5, 4.625, 6], "texture": "#1"}
			}
		},
		{
			"name": "ef",
			"from": [0.4, 8.30384, 3.83606],
			"to": [4.4, 8.30384, 7.83606],
			"rotation": {"angle": 45, "axis": "z", "origin": [2.8, 9.70384, 5.03606]},
			"faces": {
				"north": {"uv": [0, 0, 1.125, 0], "rotation": 180, "texture": "#missing"},
				"east": {"uv": [0, 0, 0, 1.125], "rotation": 270, "texture": "#missing"},
				"south": {"uv": [0, 0, 1.125, 0], "texture": "#missing"},
				"west": {"uv": [0, 0, 0, 1.125], "rotation": 90, "texture": "#missing"},
				"up": {"uv": [4.6875, 2.6875, 10, 8], "rotation": 180, "texture": "#1"},
				"down": {"uv": [10, 2.6875, 4.6875, 8], "texture": "#1"}
			}
		},
		{
			"name": "ef",
			"from": [10.2109, 6.31308, 9.43606],
			"to": [14.2109, 6.31308, 13.43606],
			"rotation": {"angle": -22.5, "axis": "z", "origin": [12.2109, 6.31308, 11.43606]},
			"faces": {
				"north": {"uv": [0, 0, 1.125, 0], "rotation": 180, "texture": "#missing"},
				"east": {"uv": [0, 0, 0, 1.125], "rotation": 270, "texture": "#missing"},
				"south": {"uv": [0, 0, 1.125, 0], "texture": "#missing"},
				"west": {"uv": [0, 0, 0, 1.125], "rotation": 90, "texture": "#missing"},
				"up": {"uv": [10.1875, 2.6875, 15.5, 8], "rotation": 180, "texture": "#1"},
				"down": {"uv": [15.5, 2.6875, 10.1875, 8], "texture": "#1"}
			}
		},
		{
			"name": "ef",
			"from": [10.4, -5.09616, 3.43606],
			"to": [14.4, -5.09616, 7.43606],
			"rotation": {"angle": 45, "axis": "z", "origin": [13.2, -3.09616, 5.03606]},
			"faces": {
				"north": {"uv": [1.125, 0, 0, 0], "rotation": 180, "texture": "#missing"},
				"east": {"uv": [0, 0, 0, 1.125], "rotation": 270, "texture": "#missing"},
				"south": {"uv": [1.125, 0, 0, 0], "texture": "#missing"},
				"west": {"uv": [0, 0, 0, 1.125], "rotation": 90, "texture": "#missing"},
				"up": {"uv": [10, 2.6875, 4.6875, 8], "rotation": 180, "texture": "#1"},
				"down": {"uv": [4.6875, 2.6875, 10, 8], "texture": "#1"}
			}
		},
		{
			"name": "ef",
			"from": [0, -5.49616, 7.83606],
			"to": [4, -5.49616, 11.83606],
			"rotation": {"angle": -45, "axis": "z", "origin": [2, -5.49616, 14.63606]},
			"faces": {
				"north": {"uv": [1.125, 0, 0, 0], "rotation": 180, "texture": "#missing"},
				"east": {"uv": [0, 0, 0, 1.125], "rotation": 270, "texture": "#missing"},
				"south": {"uv": [1.125, 0, 0, 0], "texture": "#missing"},
				"west": {"uv": [0, 0, 0, 1.125], "rotation": 90, "texture": "#missing"},
				"up": {"uv": [15.5, 2.6875, 10.1875, 8], "rotation": 180, "texture": "#1"},
				"down": {"uv": [10.1875, 2.6875, 15.5, 8], "texture": "#1"}
			}
		},
		{
			"name": "dhead",
			"from": [4.00512, -2.55767, 4.95767],
			"to": [11.99488, 5.43209, 12.03543],
			"rotation": {"angle": 0, "axis": "y", "origin": [8, 3.30384, 10.167]},
			"faces": {
				"north": {"uv": [5.5, 5.625, 4.25, 6.875], "rotation": 180, "texture": "#2"},
				"east": {"uv": [6.75, 5.125, 8, 6.25], "rotation": 270, "texture": "#2"},
				"south": {"uv": [4.25, 6.875, 3, 5.625], "texture": "#2"},
				"west": {"uv": [1, 6.875, 2.25, 8], "rotation": 90, "texture": "#2"},
				"up": {"uv": [5.5, 6.375, 6.75, 7.5], "rotation": 180, "texture": "#2"},
				"down": {"uv": [6.75, 6.25, 8, 7.375], "texture": "#2"}
			}
		},
		{
			"name": "dhead",
			"from": [4.81152, -2.71787, 8.35852],
			"to": [11.18848, -1.34091, 11.62348],
			"rotation": {"angle": 22.5, "axis": "x", "origin": [8, 0.47061, 8.091]},
			"faces": {
				"north": {"uv": [13.75, 3.625, 12.75, 3.875], "rotation": 180, "texture": "#2"},
				"east": {"uv": [11.125, 14, 11.375, 14.5], "rotation": 270, "texture": "#2"},
				"south": {"uv": [13.75, 0.25, 12.75, 0], "texture": "#2"},
				"west": {"uv": [11.375, 14, 11.625, 14.5], "rotation": 90, "texture": "#2"},
				"up": {"uv": [9.75, 8.375, 10.75, 8.875], "rotation": 180, "texture": "#2"},
				"down": {"uv": [9.875, 8.875, 10.875, 9.375], "texture": "#2"}
			}
		},
		{
			"name": "dhead",
			"from": [4.03152, -3.3542, 5.81382],
			"to": [11.96848, 0.11076, 7.39078],
			"rotation": {"angle": -45, "axis": "x", "origin": [8, -1.52172, 8.3023]},
			"faces": {
				"north": {"uv": [9.125, 9.25, 7.875, 9.75], "rotation": 180, "texture": "#2"},
				"east": {"uv": [11.625, 14, 12.125, 14.25], "rotation": 270, "texture": "#2"},
				"south": {"uv": [10.25, 1.125, 9, 0.625], "texture": "#2"},
				"west": {"uv": [12.125, 14, 12.625, 14.25], "rotation": 90, "texture": "#2"},
				"up": {"uv": [11.625, 0.875, 12.875, 1.125], "rotation": 180, "texture": "#2"},
				"down": {"uv": [11.625, 1.125, 12.875, 1.375], "texture": "#2"}
			}
		},
		{
			"name": "dhead",
			"from": [4.81152, -3.29379, 5.43003],
			"to": [11.18848, -1.42883, 7.00699],
			"rotation": {"angle": -22.5, "axis": "x", "origin": [8, -3.16131, 8.01851]},
			"faces": {
				"north": {"uv": [13.25, 12.75, 12.25, 13], "rotation": 180, "texture": "#2"},
				"east": {"uv": [14.75, 9.375, 15, 9.625], "rotation": 270, "texture": "#2"},
				"south": {"uv": [12.25, 13, 11.25, 12.75], "texture": "#2"},
				"west": {"uv": [14.75, 10.25, 15, 10.5], "rotation": 90, "texture": "#2"},
				"up": {"uv": [12.75, 7.375, 13.75, 7.625], "rotation": 180, "texture": "#2"},
				"down": {"uv": [12.75, 7.625, 13.75, 7.875], "texture": "#2"}
			}
		},
		{
			"name": "dhead",
			"from": [5.00864, 2.3453, 6.4191],
			"to": [10.99136, 10.07226, 8.9119],
			"rotation": {"angle": 45, "axis": "x", "origin": [8, 5.05384, 8.167]},
			"faces": {
				"north": {"uv": [8.875, 5.75, 8, 7], "rotation": 180, "texture": "#2"},
				"east": {"uv": [10.25, 3.625, 11.5, 4], "rotation": 270, "texture": "#2"},
				"south": {"uv": [1.875, 9.25, 1, 8], "texture": "#2"},
				"west": {"uv": [10.625, 4, 11.875, 4.375], "rotation": 90, "texture": "#2"},
				"up": {"uv": [8.875, 7.875, 9.75, 8.25], "rotation": 180, "texture": "#2"},
				"down": {"uv": [11.375, 5.5, 12.25, 5.875], "texture": "#2"}
			}
		},
		{
			"name": "dhead",
			"from": [5.20864, 1.32087, 4.98722],
			"to": [10.79136, 9.29783, 6.37346],
			"rotation": {"angle": -45, "axis": "x", "origin": [8, 5.30935, 5.68034]},
			"faces": {
				"north": {"uv": [9, 0, 8.125, 1.25], "rotation": 180, "texture": "#2"},
				"east": {"uv": [11.625, 1.375, 12.875, 1.625], "rotation": 270, "texture": "#2"},
				"south": {"uv": [8.875, 8.25, 8, 7], "texture": "#2"},
				"west": {"uv": [4.25, 11.75, 5.5, 12], "rotation": 90, "texture": "#2"},
				"up": {"uv": [13.125, 10, 14, 10.25], "rotation": 180, "texture": "#2"},
				"down": {"uv": [13.125, 13, 14, 13.25], "texture": "#2"}
			}
		},
		{
			"name": "dhead",
			"from": [9.29568, 8.07802, 8.9119],
			"to": [10.1328, 10.07226, 9.90902],
			"rotation": {"angle": 45, "axis": "x", "origin": [8, 5.05384, 8.167]},
			"faces": {
				"north": {"uv": [9, 15.125, 8.875, 15.375], "rotation": 180, "texture": "#2"},
				"east": {"uv": [15.125, 4, 15.375, 4.125], "rotation": 270, "texture": "#2"},
				"south": {"uv": [15.25, 8.875, 15.125, 8.625], "texture": "#2"},
				"west": {"uv": [8.625, 15.125, 8.875, 15.25], "rotation": 90, "texture": "#2"},
				"up": {"uv": [15.125, 13.875, 15.25, 14], "rotation": 180, "texture": "#2"},
				"down": {"uv": [15.125, 14, 15.25, 14.125], "texture": "#2"}
			}
		},
		{
			"name": "dhead",
			"from": [5.8672, 8.07802, 8.9119],
			"to": [6.70432, 10.07226, 9.90902],
			"rotation": {"angle": 45, "axis": "x", "origin": [8, 5.05384, 8.167]},
			"faces": {
				"north": {"uv": [9.875, 15.125, 9.75, 15.375], "rotation": 180, "texture": "#2"},
				"east": {"uv": [9, 15.125, 9.25, 15.25], "rotation": 270, "texture": "#2"},
				"south": {"uv": [15.25, 9.875, 15.125, 9.625], "texture": "#2"},
				"west": {"uv": [9.5, 15.125, 9.75, 15.25], "rotation": 90, "texture": "#2"},
				"up": {"uv": [15.125, 14.125, 15.25, 14.25], "rotation": 180, "texture": "#2"},
				"down": {"uv": [15.125, 14.25, 15.25, 14.375], "texture": "#2"}
			}
		},
		{
			"name": "dhead",
			"from": [5.5072, 2.9409, 11.36549],
			"to": [6.50432, 5.32426, 13.35973],
			"rotation": {"angle": 22.5, "axis": "x", "origin": [8, 3.30384, 10.167]},
			"faces": {
				"north": {"uv": [6.75, 15.125, 6.625, 15.5], "rotation": 180, "texture": "#2"},
				"east": {"uv": [13.375, 14.125, 13.75, 14.375], "rotation": 270, "texture": "#2"},
				"south": {"uv": [15.25, 6.875, 15.125, 6.5], "texture": "#2"},
				"west": {"uv": [14.125, 14, 14.5, 14.25], "rotation": 90, "texture": "#2"},
				"up": {"uv": [9.875, 15.125, 10, 15.375], "rotation": 180, "texture": "#2"},
				"down": {"uv": [15.125, 9.875, 15.25, 10.125], "texture": "#2"}
			}
		},
		{
			"name": "dhead",
			"from": [5.1072, 1.23244, 12.53695],
			"to": [6.10432, 3.6158, 16.05119],
			"rotation": {"angle": 45, "axis": "x", "origin": [8, 3.30384, 10.167]},
			"faces": {
				"north": {"uv": [7, 15.125, 6.875, 15.5], "rotation": 180, "texture": "#2"},
				"east": {"uv": [5, 13.375, 5.375, 13.875], "rotation": 270, "texture": "#2"},
				"south": {"uv": [6.875, 15.5, 6.75, 15.125], "texture": "#2"},
				"west": {"uv": [13.375, 11.75, 13.75, 12.25], "rotation": 90, "texture": "#2"},
				"up": {"uv": [12, 14.75, 12.125, 15.25], "rotation": 180, "texture": "#2"},
				"down": {"uv": [12.125, 14.75, 12.25, 15.25], "texture": "#2"}
			}
		},
		{
			"name": "dhead",
			"from": [1.42343, -0.15438, 13.55861],
			"to": [3.55143, 1.49938, 14.66517],
			"rotation": {"angle": 45, "axis": "y", "origin": [3.01728, 0.67886, 13.84382]},
			"faces": {
				"north": {"uv": [14.625, 0.5, 14.25, 0.75], "rotation": 180, "texture": "#2"},
				"east": {"uv": [15.125, 10.125, 15.375, 10.25], "rotation": 270, "texture": "#2"},
				"south": {"uv": [14.625, 0.5, 14.25, 0.25], "texture": "#2"},
				"west": {"uv": [15.125, 10.625, 15.375, 10.75], "rotation": 90, "texture": "#2"},
				"up": {"uv": [15, 9.5, 15.375, 9.625], "rotation": 180, "texture": "#2"},
				"down": {"uv": [15, 10.25, 15.375, 10.375], "texture": "#2"}
			}
		},
		{
			"name": "dhead",
			"from": [2.42901, -0.14897, 12.51231],
			"to": [3.97576, 1.51938, 14.04691],
			"rotation": {"angle": 0, "axis": "y", "origin": [3.01728, 0.67886, 13.84382]},
			"faces": {
				"north": {"uv": [15, 14.125, 14.75, 14.375], "rotation": 180, "texture": "#2"},
				"east": {"uv": [14.75, 12.875, 15, 13.125], "rotation": 270, "texture": "#2"},
				"south": {"uv": [15, 14.125, 14.75, 13.875], "texture": "#2"},
				"west": {"uv": [14.75, 13.375, 15, 13.625], "rotation": 90, "texture": "#2"},
				"up": {"uv": [14.75, 12.625, 15, 12.875], "rotation": 180, "texture": "#2"},
				"down": {"uv": [14.75, 13.125, 15, 13.375], "texture": "#2"}
			}
		},
		{
			"name": "dhead",
			"from": [12.44857, -0.15438, 13.55861],
			"to": [14.57657, 1.49938, 14.66517],
			"rotation": {"angle": -45, "axis": "y", "origin": [12.98272, 0.67886, 13.84382]},
			"faces": {
				"north": {"uv": [14.625, 1, 14.25, 1.25], "rotation": 180, "texture": "#2"},
				"east": {"uv": [15.125, 10.75, 15.375, 10.875], "rotation": 270, "texture": "#2"},
				"south": {"uv": [14.625, 1, 14.25, 0.75], "texture": "#2"},
				"west": {"uv": [15.125, 10.875, 15.375, 11], "rotation": 90, "texture": "#2"},
				"up": {"uv": [15, 10.375, 15.375, 10.5], "rotation": 180, "texture": "#2"},
				"down": {"uv": [15, 12, 15.375, 12.125], "texture": "#2"}
			}
		},
		{
			"name": "dhead",
			"from": [12.02424, -0.14897, 12.51231],
			"to": [13.57099, 1.51938, 14.04691],
			"rotation": {"angle": 0, "axis": "y", "origin": [12.98272, 0.67886, 13.84382]},
			"faces": {
				"north": {"uv": [0.875, 14.875, 0.625, 15.125], "rotation": 180, "texture": "#2"},
				"east": {"uv": [14.5, 14.75, 14.75, 15], "rotation": 270, "texture": "#2"},
				"south": {"uv": [15.125, 0.75, 14.875, 0.5], "texture": "#2"},
				"west": {"uv": [14.875, 0.25, 15.125, 0.5], "rotation": 90, "texture": "#2"},
				"up": {"uv": [14.75, 14.375, 15, 14.625], "rotation": 180, "texture": "#2"},
				"down": {"uv": [14.75, 14.625, 15, 14.875], "texture": "#2"}
			}
		},
		{
			"name": "dhead",
			"from": [2.42972, -0.1514, 7.86509],
			"to": [4.88118, 1.52182, 9.4775],
			"rotation": {"angle": 45, "axis": "y", "origin": [8, 3.46384, 10.167]},
			"faces": {
				"north": {"uv": [14.625, 5.375, 14.25, 5.625], "rotation": 180, "texture": "#2"},
				"east": {"uv": [14.875, 0.75, 15.125, 1], "rotation": 270, "texture": "#2"},
				"south": {"uv": [5.375, 14.5, 5, 14.25], "texture": "#2"},
				"west": {"uv": [0.875, 14.875, 1.125, 15.125], "rotation": 90, "texture": "#2"},
				"up": {"uv": [14.25, 1.25, 14.625, 1.5], "rotation": 180, "texture": "#2"},
				"down": {"uv": [14.25, 4.25, 14.625, 4.5], "texture": "#2"}
			}
		},
		{
			"name": "dhead",
			"from": [4.12682, -1.70519, 11.98835],
			"to": [5.11178, -0.65943, 16.84688],
			"rotation": {"angle": 22.5, "axis": "x", "origin": [8, 3.30384, 10.167]},
			"faces": {
				"north": {"uv": [15.25, 14.5, 15.125, 14.625], "rotation": 180, "texture": "#2"},
				"east": {"uv": [6.625, 14.25, 6.75, 15], "rotation": 270, "texture": "#2"},
				"south": {"uv": [15.25, 14.5, 15.125, 14.375], "texture": "#2"},
				"west": {"uv": [6.875, 14.25, 7, 15], "rotation": 90, "texture": "#2"},
				"up": {"uv": [14.25, 5.875, 14.375, 6.625], "rotation": 180, "texture": "#2"},
				"down": {"uv": [6.75, 14.25, 6.875, 15], "texture": "#2"}
			}
		},
		{
			"name": "dhead",
			"from": [0.1585, -2.42967, 7.72345],
			"to": [5.0225, -1.38391, 8.70841],
			"rotation": {"angle": 45, "axis": "y", "origin": [8, 3.30384, 10.167]},
			"faces": {
				"north": {"uv": [12, 7.5, 11.25, 7.625], "rotation": 180, "texture": "#2"},
				"east": {"uv": [15.125, 14.625, 15.25, 14.75], "rotation": 270, "texture": "#2"},
				"south": {"uv": [10.375, 5.75, 9.625, 5.625], "texture": "#2"},
				"west": {"uv": [15.125, 14.75, 15.25, 14.875], "rotation": 90, "texture": "#2"},
				"up": {"uv": [7.25, 5, 8, 5.125], "rotation": 180, "texture": "#2"},
				"down": {"uv": [9.375, 1.875, 10.125, 2], "texture": "#2"}
			}
		},
		{
			"name": "dhead",
			"from": [1.80758, -1.63927, 13.6141],
			"to": [2.91414, 0.01449, 15.7421],
			"rotation": {"angle": -22.5, "axis": "y", "origin": [8, 3.30384, 10.167]},
			"faces": {
				"north": {"uv": [15.25, 11, 15.125, 11.25], "rotation": 180, "texture": "#2"},
				"east": {"uv": [1.75, 5.25, 2, 5.625], "rotation": 270, "texture": "#2"},
				"south": {"uv": [10.375, 15.375, 10.25, 15.125], "texture": "#2"},
				"west": {"uv": [5.25, 3.125, 5.5, 3.5], "rotation": 90, "texture": "#2"},
				"up": {"uv": [15.125, 6.875, 15.25, 7.25], "rotation": 180, "texture": "#2"},
				"down": {"uv": [15.125, 7.25, 15.25, 7.625], "texture": "#2"}
			}
		},
		{
			"name": "dhead",
			"from": [1.17653, -1.64657, 8.21847],
			"to": [3.31912, 0.02178, 9.76522],
			"rotation": {"angle": 22.5, "axis": "y", "origin": [8, 3.30384, 10.167]},
			"faces": {
				"north": {"uv": [14.625, 8.5, 14.25, 8.75], "rotation": 180, "texture": "#2"},
				"east": {"uv": [1.125, 14.875, 1.375, 15.125], "rotation": 270, "texture": "#2"},
				"south": {"uv": [8.25, 14.5, 7.875, 14.25], "texture": "#2"},
				"west": {"uv": [1.5, 14.875, 1.75, 15.125], "rotation": 90, "texture": "#2"},
				"up": {"uv": [14.25, 6.625, 14.625, 6.875], "rotation": 180, "texture": "#2"},
				"down": {"uv": [7.5, 14.25, 7.875, 14.5], "texture": "#2"}
			}
		},
		{
			"name": "dhead",
			"from": [2.91608, -1.649, 10.15789],
			"to": [4.15154, 0.02422, 11.77031],
			"rotation": {"angle": 0, "axis": "y", "origin": [8, 3.30384, 10.167]},
			"faces": {
				"north": {"uv": [15.125, 5.75, 14.875, 6], "rotation": 180, "texture": "#2"},
				"east": {"uv": [14.875, 4.75, 15.125, 5], "rotation": 270, "texture": "#2"},
				"south": {"uv": [15.125, 5.75, 14.875, 5.5], "texture": "#2"},
				"west": {"uv": [14.875, 5.25, 15.125, 5.5], "rotation": 90, "texture": "#2"},
				"up": {"uv": [14.875, 4.5, 15.125, 4.75], "rotation": 180, "texture": "#2"},
				"down": {"uv": [14.875, 5, 15.125, 5.25], "texture": "#2"}
			}
		},
		{
			"name": "dhead",
			"from": [9.89568, 1.23244, 12.53695],
			"to": [10.8928, 3.6158, 16.05119],
			"rotation": {"angle": 45, "axis": "x", "origin": [8, 3.30384, 10.167]},
			"faces": {
				"north": {"uv": [7.875, 15.125, 7.75, 15.5], "rotation": 180, "texture": "#2"},
				"east": {"uv": [13.375, 13.25, 13.75, 13.75], "rotation": 270, "texture": "#2"},
				"south": {"uv": [15.25, 8, 15.125, 7.625], "texture": "#2"},
				"west": {"uv": [13.5, 0.625, 13.875, 1.125], "rotation": 90, "texture": "#2"},
				"up": {"uv": [12.25, 14.75, 12.375, 15.25], "rotation": 180, "texture": "#2"},
				"down": {"uv": [1.75, 14.875, 1.875, 15.375], "texture": "#2"}
			}
		},
		{
			"name": "dhead",
			"from": [9.49568, 2.9409, 11.36549],
			"to": [10.4928, 5.32426, 13.35973],
			"rotation": {"angle": 22.5, "axis": "x", "origin": [8, 3.30384, 10.167]},
			"faces": {
				"north": {"uv": [8.125, 15.125, 8, 15.5], "rotation": 180, "texture": "#2"},
				"east": {"uv": [14.25, 8.75, 14.625, 9], "rotation": 270, "texture": "#2"},
				"south": {"uv": [8, 15.5, 7.875, 15.125], "texture": "#2"},
				"west": {"uv": [14.25, 9, 14.625, 9.25], "rotation": 90, "texture": "#2"},
				"up": {"uv": [15.125, 11.25, 15.25, 11.5], "rotation": 180, "texture": "#2"},
				"down": {"uv": [15.125, 11.5, 15.25, 11.75], "texture": "#2"}
			}
		},
		{
			"name": "dhead",
			"from": [10.88822, -1.70519, 11.98835],
			"to": [11.87318, -0.65943, 16.84688],
			"rotation": {"angle": 22.5, "axis": "x", "origin": [8, 3.30384, 10.167]},
			"faces": {
				"north": {"uv": [15.25, 15, 15.125, 15.125], "rotation": 180, "texture": "#2"},
				"east": {"uv": [9.125, 14.25, 9.25, 15], "rotation": 270, "texture": "#2"},
				"south": {"uv": [15.25, 15, 15.125, 14.875], "texture": "#2"},
				"west": {"uv": [9.375, 14.25, 9.5, 15], "rotation": 90, "texture": "#2"},
				"up": {"uv": [7, 14.25, 7.125, 15], "rotation": 180, "texture": "#2"},
				"down": {"uv": [9.25, 14.25, 9.375, 15], "texture": "#2"}
			}
		},
		{
			"name": "dhead",
			"from": [10.9775, -2.42967, 7.72345],
			"to": [15.8415, -1.38391, 8.70841],
			"rotation": {"angle": -45, "axis": "y", "origin": [8, 3.30384, 10.167]},
			"faces": {
				"north": {"uv": [14.875, 10.5, 14.125, 10.625], "rotation": 180, "texture": "#2"},
				"east": {"uv": [15.125, 15.125, 15.25, 15.25], "rotation": 270, "texture": "#2"},
				"south": {"uv": [14.875, 3.875, 14.125, 3.75], "texture": "#2"},
				"west": {"uv": [0, 15.25, 0.125, 15.375], "rotation": 90, "texture": "#2"},
				"up": {"uv": [4.25, 11.625, 5, 11.75], "rotation": 180, "texture": "#2"},
				"down": {"uv": [12.125, 0.75, 12.875, 0.875], "texture": "#2"}
			}
		},
		{
			"name": "dhead",
			"from": [13.08586, -1.63927, 13.6141],
			"to": [14.19242, 0.01449, 15.7421],
			"rotation": {"angle": 22.5, "axis": "y", "origin": [8, 3.30384, 10.167]},
			"faces": {
				"north": {"uv": [15.25, 12.125, 15.125, 12.375], "rotation": 180, "texture": "#2"},
				"east": {"uv": [9.5, 14.25, 9.75, 14.625], "rotation": 270, "texture": "#2"},
				"south": {"uv": [15.25, 12, 15.125, 11.75], "texture": "#2"},
				"west": {"uv": [9.75, 14.25, 10, 14.625], "rotation": 90, "texture": "#2"},
				"up": {"uv": [15.125, 8, 15.25, 8.375], "rotation": 180, "texture": "#2"},
				"down": {"uv": [8.125, 15.125, 8.25, 15.5], "texture": "#2"}
			}
		},
		{
			"name": "dhead",
			"from": [11.84846, -1.649, 10.15789],
			"to": [13.08392, 0.02422, 11.77031],
			"rotation": {"angle": 0, "axis": "y", "origin": [8, 3.30384, 10.167]},
			"faces": {
				"north": {"uv": [15.125, 7.625, 14.875, 7.875], "rotation": 180, "texture": "#2"},
				"east": {"uv": [14.875, 6.25, 15.125, 6.5], "rotation": 270, "texture": "#2"},
				"south": {"uv": [15.125, 7.625, 14.875, 7.375], "texture": "#2"},
				"west": {"uv": [14.875, 7.125, 15.125, 7.375], "rotation": 90, "texture": "#2"},
				"up": {"uv": [14.875, 6, 15.125, 6.25], "rotation": 180, "texture": "#2"},
				"down": {"uv": [14.875, 6.875, 15.125, 7.125], "texture": "#2"}
			}
		},
		{
			"name": "dhead",
			"from": [12.68088, -1.64657, 8.21847],
			"to": [14.82347, 0.02178, 9.76522],
			"rotation": {"angle": -22.5, "axis": "y", "origin": [8, 3.30384, 10.167]},
			"faces": {
				"north": {"uv": [14.625, 10.875, 14.25, 11.125], "rotation": 180, "texture": "#2"},
				"east": {"uv": [14.875, 7.875, 15.125, 8.125], "rotation": 270, "texture": "#2"},
				"south": {"uv": [14.625, 10.875, 14.25, 10.625], "texture": "#2"},
				"west": {"uv": [14.875, 8.125, 15.125, 8.375], "rotation": 90, "texture": "#2"},
				"up": {"uv": [14.25, 9.75, 14.625, 10], "rotation": 180, "texture": "#2"},
				"down": {"uv": [14.25, 10, 14.625, 10.25], "texture": "#2"}
			}
		},
		{
			"name": "dhead",
			"from": [11.11882, -0.1514, 7.86509],
			"to": [13.57028, 1.52182, 9.4775],
			"rotation": {"angle": -45, "axis": "y", "origin": [8, 3.46384, 10.167]},
			"faces": {
				"north": {"uv": [12.375, 14.25, 12, 14.5], "rotation": 180, "texture": "#2"},
				"east": {"uv": [14.875, 8.375, 15.125, 8.625], "rotation": 270, "texture": "#2"},
				"south": {"uv": [12, 14.5, 11.625, 14.25], "texture": "#2"},
				"west": {"uv": [14.875, 8.625, 15.125, 8.875], "rotation": 90, "texture": "#2"},
				"up": {"uv": [14.25, 11.125, 14.625, 11.375], "rotation": 180, "texture": "#2"},
				"down": {"uv": [14.25, 11.375, 14.625, 11.625], "texture": "#2"}
			}
		},
		{
			"name": "dhead",
			"from": [6.22386, -3.57353, 4.66007],
			"to": [7.13586, 0.37847, 7.70007],
			"rotation": {"angle": -45, "axis": "z", "origin": [8, 4.10384, 10.167]},
			"faces": {
				"north": {"uv": [8.625, 14.375, 8.5, 15], "rotation": 180, "texture": "#2"},
				"east": {"uv": [5.875, 11.75, 6.5, 12.25], "rotation": 270, "texture": "#2"},
				"south": {"uv": [8.5, 15, 8.375, 14.375], "texture": "#2"},
				"west": {"uv": [6.625, 11.75, 7.25, 12.25], "rotation": 90, "texture": "#2"},
				"up": {"uv": [2.25, 14.875, 2.375, 15.375], "rotation": 180, "texture": "#2"},
				"down": {"uv": [2.625, 14.875, 2.75, 15.375], "texture": "#2"}
			}
		},
		{
			"name": "dhead",
			"from": [3.77904, -1.97016, 6.26007],
			"to": [4.69104, 1.98184, 9.30007],
			"rotation": {"angle": -22.5, "axis": "z", "origin": [3.03504, 1.00584, 6.18007]},
			"faces": {
				"north": {"uv": [8.875, 14.375, 8.75, 15], "rotation": 180, "texture": "#2"},
				"east": {"uv": [7.25, 11.75, 7.875, 12.25], "rotation": 270, "texture": "#2"},
				"south": {"uv": [8.75, 15, 8.625, 14.375], "texture": "#2"},
				"west": {"uv": [11.75, 8, 12.375, 8.5], "rotation": 90, "texture": "#2"},
				"up": {"uv": [3.875, 14.875, 4, 15.375], "rotation": 180, "texture": "#2"},
				"down": {"uv": [7.375, 14.875, 7.5, 15.375], "texture": "#2"}
			}
		},
		{
			"name": "dhead",
			"from": [4.33904, -4.01016, 4.86007],
			"to": [5.25104, -0.05816, 7.90007],
			"rotation": {"angle": -22.5, "axis": "z", "origin": [3.03504, 0.20584, 6.18007]},
			"faces": {
				"north": {"uv": [9.125, 14.375, 9, 15], "rotation": 180, "texture": "#2"},
				"east": {"uv": [11.75, 9.125, 12.375, 9.625], "rotation": 270, "texture": "#2"},
				"south": {"uv": [9, 15, 8.875, 14.375], "texture": "#2"},
				"west": {"uv": [11.75, 10.25, 12.375, 10.75], "rotation": 90, "texture": "#2"},
				"up": {"uv": [14.875, 8.875, 15, 9.375], "rotation": 180, "texture": "#2"},
				"down": {"uv": [10, 14.875, 10.125, 15.375], "texture": "#2"}
			}
		},
		{
			"name": "dhead",
			"from": [10.74896, -4.01016, 4.86007],
			"to": [11.66096, -0.05816, 7.90007],
			"rotation": {"angle": 22.5, "axis": "z", "origin": [12.96496, 0.20584, 6.18007]},
			"faces": {
				"north": {"uv": [13.5, 14.375, 13.375, 15], "rotation": 180, "texture": "#2"},
				"east": {"uv": [11.75, 10.75, 12.375, 11.25], "rotation": 270, "texture": "#2"},
				"south": {"uv": [14.5, 13.625, 14.375, 13], "texture": "#2"},
				"west": {"uv": [11.25, 11.75, 11.875, 12.25], "rotation": 90, "texture": "#2"},
				"up": {"uv": [10.125, 14.875, 10.25, 15.375], "rotation": 180, "texture": "#2"},
				"down": {"uv": [10.375, 14.875, 10.5, 15.375], "texture": "#2"}
			}
		},
		{
			"name": "dhead",
			"from": [11.30896, -1.97016, 6.26007],
			"to": [12.22096, 1.98184, 9.30007],
			"rotation": {"angle": 22.5, "axis": "z", "origin": [12.96496, 1.00584, 6.18007]},
			"faces": {
				"north": {"uv": [13.75, 14.375, 13.625, 15], "rotation": 180, "texture": "#2"},
				"east": {"uv": [1.5, 11.875, 2.125, 12.375], "rotation": 270, "texture": "#2"},
				"south": {"uv": [13.625, 15, 13.5, 14.375], "texture": "#2"},
				"west": {"uv": [2.125, 11.875, 2.75, 12.375], "rotation": 90, "texture": "#2"},
				"up": {"uv": [10.5, 14.875, 10.625, 15.375], "rotation": 180, "texture": "#2"},
				"down": {"uv": [10.625, 14.875, 10.75, 15.375], "texture": "#2"}
			}
		},
		{
			"name": "dhead",
			"from": [8.86414, -3.57353, 4.66007],
			"to": [9.77614, 0.37847, 7.70007],
			"rotation": {"angle": 45, "axis": "z", "origin": [8, 4.10384, 10.167]},
			"faces": {
				"north": {"uv": [14.625, 1.625, 14.5, 2.25], "rotation": 180, "texture": "#2"},
				"east": {"uv": [11.875, 3.875, 12.5, 4.375], "rotation": 270, "texture": "#2"},
				"south": {"uv": [14.5, 14.875, 14.375, 14.25], "texture": "#2"},
				"west": {"uv": [11.875, 11.75, 12.5, 12.25], "rotation": 90, "texture": "#2"},
				"up": {"uv": [10.75, 14.875, 10.875, 15.375], "rotation": 180, "texture": "#2"},
				"down": {"uv": [14.875, 11.625, 15, 12.125], "texture": "#2"}
			}
		}
	],
	"gui_light": "front",
	"display": {
		"thirdperson_righthand": {
			"translation": [0, 8.25, 0.75],
			"scale": [0.7, 0.7, 0.7]
		},
		"thirdperson_lefthand": {
			"translation": [0, 8.25, 0.75],
			"scale": [0.7, 0.7, 0.7]
		},
		"firstperson_righthand": {
			"rotation": [10.48, 0.8, -4.3],
			"translation": [2.75, 4.75, -2],
			"scale": [0.47, 0.47, 0.47]
		},
		"firstperson_lefthand": {
			"rotation": [10.48, 0.8, -4.3],
			"translation": [2.75, 4.75, -2],
			"scale": [0.47, 0.47, 0.47]
		},
		"ground": {
			"rotation": [45, 0, 0],
			"translation": [0, 2, 0],
			"scale": [0.3, 0.3, 0.3]
		},
		"gui": {
			"rotation": [113.5, 45, -90.79],
			"scale": [0.44, 0.44, 0.44]
		},
		"head": {
			"translation": [0, 11.25, -3.75],
			"scale": [0, 0, 0]
		},
		"fixed": {
			"rotation": [180, -90, 180],
			"translation": [0, 0, -2.25],
			"scale": [0.56, 0.56, 0.56]
		}
	},
	"groups": [
		{
			"name": "item/chinese/chinese_dragon_sword",
			"origin": [8.25, 13.875, 8],
			"color": 0,
			"children": [
				0,
				1,
				2,
				3,
				4,
				5,
				6,
				7,
				8,
				9,
				10,
				11,
				12,
				13,
				14,
				15,
				16,
				17,
				{
					"name": "item/chinese/chinese_dragon_helmet",
					"origin": [4.53189, 4.5192, 5.62143],
					"color": 0,
					"children": [18, 19, 20, 21, 22, 23, 24, 25, 26, 27, 28, 29, 30, 31, 32, 33, 34, 35, 36, 37, 38, 39, 40, 41, 42, 43, 44, 45, 46, 47, 48, 49, 50, 51, 52, 53, 54, 55, 56, 57, 58, 59]
				}
			]
		}
	]
}