{"textures":{"0":"item/meg/golem_arcane"},"elements":[{"from":[4.5,9.303301,0.24264145],"to":[11.5,16.303299,7.2426405],"faces":{"east":{"uv":[7.3125,2.3125,7.75,2.75],"tintindex":0,"rotation":0,"texture":"#0"},"south":{"uv":[7.3125,2.8125,7.75,3.25],"tintindex":0,"rotation":0,"texture":"#0"},"north":{"uv":[1.4375,4.75,1.875,5.1875],"tintindex":0,"rotation":0,"texture":"#0"},"west":{"uv":[7.3125,5.25,7.75,5.6875],"tintindex":0,"rotation":0,"texture":"#0"},"up":{"uv":[2.125,7.8125,1.6875,7.375],"tintindex":0,"rotation":0,"texture":"#0"},"down":{"uv":[2.625,7.375,2.1875,7.8125],"tintindex":0,"rotation":0,"texture":"#0"}},"rotation":{"origin":[8.0,11.303301,10.2426405],"angle":-45.0,"axis":"x"}}]}