{
	"credit": "Made with Blockbench",
	"textures": {
		"1": "item/void/void_chest",
		"2": "item/void/void_ef_long"
	},
	"elements": [
		{
			"from": [1, 9, 0.75],
			"to": [4, 10.25, 15.25],
			"rotation": {"angle": 0, "axis": "y", "origin": [8, 9.32892, 14.875]},
			"faces": {
				"north": {"uv": [14.25, 6.5, 15, 6.75], "texture": "#1"},
				"east": {"uv": [11.75, 11.75, 15.5, 12], "texture": "#1"},
				"south": {"uv": [14.25, 6.75, 15, 7], "texture": "#1"},
				"west": {"uv": [11.75, 12, 15.5, 12.25], "texture": "#1"},
				"up": {"uv": [8.25, 14.5, 7.5, 10.75], "texture": "#1"},
				"down": {"uv": [9, 10.75, 8.25, 14.5], "texture": "#1"}
			}
		},
		{
			"from": [6, 9, 0.75],
			"to": [10, 10.25, 15.25],
			"rotation": {"angle": 0, "axis": "y", "origin": [7.5, 9.32892, 14.875]},
			"faces": {
				"north": {"uv": [14.25, 6.5, 15, 6.75], "texture": "#1"},
				"east": {"uv": [11.75, 11.75, 15.5, 12], "texture": "#1"},
				"south": {"uv": [14.25, 6.75, 15, 7], "texture": "#1"},
				"west": {"uv": [11.75, 12, 15.5, 12.25], "texture": "#1"},
				"up": {"uv": [8.25, 14.5, 7.5, 10.75], "texture": "#1"},
				"down": {"uv": [9, 10.75, 8.25, 14.5], "texture": "#1"}
			}
		},
		{
			"from": [3.994, 8.994, 0.744],
			"to": [6.006, 15.006, 15.256],
			"rotation": {"angle": 0, "axis": "y", "origin": [8, 9.32892, 14.875]},
			"faces": {
				"north": {"uv": [11.75, 12.5, 12.25, 14], "texture": "#1"},
				"east": {"uv": [7, 2.25, 10.75, 3.75], "texture": "#1"},
				"south": {"uv": [12.25, 12.5, 12.75, 14], "texture": "#1"},
				"west": {"uv": [6.5, 9.25, 10.25, 10.75], "texture": "#1"},
				"up": {"uv": [9.5, 14.5, 9, 10.75], "texture": "#1"},
				"down": {"uv": [10, 10.75, 9.5, 14.5], "texture": "#1"}
			}
		},
		{
			"from": [0.03999, 9.02046, 0.75],
			"to": [3.83999, 10.27046, 15.25],
			"rotation": {"angle": -22.5, "axis": "z", "origin": [8, 9.32892, 14.875]},
			"faces": {
				"north": {"uv": [13, 9, 14, 9.25], "texture": "#1"},
				"east": {"uv": [11.75, 12.25, 15.5, 12.5], "texture": "#1"},
				"south": {"uv": [14, 6.25, 15, 6.5], "texture": "#1"},
				"west": {"uv": [0.5, 12.5, 4.25, 12.75], "texture": "#1"},
				"up": {"uv": [11.25, 13, 10.25, 9.25], "texture": "#1"},
				"down": {"uv": [7.5, 10.75, 6.5, 14.5], "texture": "#1"}
			}
		},
		{
			"from": [9.994, 8.994, 0.744],
			"to": [12.006, 15.006, 15.256],
			"rotation": {"angle": 0, "axis": "y", "origin": [8, 9.32892, 14.875]},
			"faces": {
				"north": {"uv": [2, 12.75, 2.5, 14.25], "texture": "#1"},
				"east": {"uv": [9.75, 3.75, 13.5, 5.25], "texture": "#1"},
				"south": {"uv": [2.5, 12.75, 3, 14.25], "texture": "#1"},
				"west": {"uv": [9.75, 5.25, 13.5, 6.75], "texture": "#1"},
				"up": {"uv": [11.75, 15, 11.25, 11.25], "texture": "#1"},
				"down": {"uv": [0.5, 11.5, 0, 15.25], "texture": "#1"}
			}
		},
		{
			"from": [12.16001, 9.02046, 0.75],
			"to": [15.96001, 10.27046, 15.25],
			"rotation": {"angle": 22.5, "axis": "z", "origin": [8, 9.32892, 14.875]},
			"faces": {
				"north": {"uv": [14, 9, 13, 9.25], "texture": "#1"},
				"east": {"uv": [4.25, 12.5, 0.5, 12.75], "texture": "#1"},
				"south": {"uv": [15, 6.25, 14, 6.5], "texture": "#1"},
				"west": {"uv": [15.5, 12.25, 11.75, 12.5], "texture": "#1"},
				"up": {"uv": [10.25, 13, 11.25, 9.25], "texture": "#1"},
				"down": {"uv": [6.5, 10.75, 7.5, 14.5], "texture": "#1"}
			}
		},
		{
			"from": [12, 9, 0.75],
			"to": [15, 10.25, 15.25],
			"rotation": {"angle": 0, "axis": "y", "origin": [8, 9.32892, 14.875]},
			"faces": {
				"north": {"uv": [15, 6.5, 14.25, 6.75], "texture": "#1"},
				"east": {"uv": [15.5, 12, 11.75, 12.25], "texture": "#1"},
				"south": {"uv": [15, 6.75, 14.25, 7], "texture": "#1"},
				"west": {"uv": [15.5, 11.75, 11.75, 12], "texture": "#1"},
				"up": {"uv": [7.5, 14.5, 8.25, 10.75], "texture": "#1"},
				"down": {"uv": [8.25, 10.75, 9, 14.5], "texture": "#1"}
			}
		},
		{
			"from": [6.62097, 7.94989, -0.5],
			"to": [9.62097, 10.94989, 0],
			"rotation": {"angle": 45, "axis": "z", "origin": [8, 9.32892, 14.875]},
			"faces": {
				"north": {"uv": [3, 12.75, 3.75, 13.5], "texture": "#1"},
				"east": {"uv": [10, 10.75, 10.25, 11.5], "texture": "#1"},
				"south": {"uv": [12.75, 12.5, 13.5, 13.25], "texture": "#1"},
				"west": {"uv": [10, 11.5, 10.25, 12.25], "texture": "#1"},
				"up": {"uv": [14.75, 13.25, 14, 13], "texture": "#1"},
				"down": {"uv": [15, 3, 14.25, 3.25], "texture": "#1"}
			}
		},
		{
			"from": [6.11297, 7.44189, -0.008],
			"to": [10.12897, 11.45789, 1.508],
			"rotation": {"angle": 45, "axis": "z", "origin": [8, 9.32892, 14.875]},
			"faces": {
				"north": {"uv": [4, 11.5, 5, 12.5], "texture": "#1"},
				"east": {"uv": [3.75, 12.75, 4.25, 13.75], "texture": "#1"},
				"south": {"uv": [5, 11.5, 6, 12.5], "texture": "#1"},
				"west": {"uv": [13, 7.5, 13.5, 8.5], "texture": "#1"},
				"up": {"uv": [1.5, 12.5, 0.5, 12], "texture": "#1"},
				"down": {"uv": [2.5, 12, 1.5, 12.5], "texture": "#1"}
			}
		},
		{
			"from": [6.5, 6, 0],
			"to": [9.5, 9.25, 1.5],
			"rotation": {"angle": 0, "axis": "y", "origin": [8, 9.32892, 14.875]},
			"faces": {
				"north": {"uv": [5.75, 13, 6.5, 13.75], "texture": "#1"},
				"east": {"uv": [13.5, 12.5, 14, 13.25], "texture": "#1"},
				"south": {"uv": [13, 6.75, 13.75, 7.5], "texture": "#1"},
				"west": {"uv": [0.5, 13.75, 1, 14.5], "texture": "#1"},
				"up": {"uv": [1.75, 14.25, 1, 13.75], "texture": "#1"},
				"down": {"uv": [14.5, 1, 13.75, 1.5], "texture": "#1"}
			}
		},
		{
			"from": [4.55639, 5.90836, -0.006],
			"to": [7.16839, 8.52036, 1.506],
			"rotation": {"angle": 45, "axis": "z", "origin": [8.05563, 9.32892, 14.875]},
			"faces": {
				"north": {"uv": [13.5, 5.75, 14, 6.25], "texture": "#1"},
				"east": {"uv": [13.5, 7.5, 14, 8.25], "texture": "#1"},
				"south": {"uv": [10, 13.5, 10.5, 14.25], "texture": "#1"},
				"west": {"uv": [10.5, 13.5, 11, 14], "texture": "#1"},
				"up": {"uv": [5, 14.5, 4.5, 14], "texture": "#1"},
				"down": {"uv": [14.5, 4.75, 14, 5], "texture": "#1"}
			}
		},
		{
			"from": [1.492, 8.992, 1.492],
			"to": [14.508, 14.008, 14.508],
			"rotation": {"angle": 0, "axis": "y", "origin": [8, 9.32892, 14.875]},
			"faces": {
				"north": {"uv": [9.75, 6.75, 13, 8], "texture": "#1"},
				"east": {"uv": [9.75, 8, 13, 9.25], "texture": "#1"},
				"south": {"uv": [0, 10.25, 3.25, 11.5], "texture": "#1"},
				"west": {"uv": [10.25, 0, 13.5, 1.25], "texture": "#1"},
				"up": {"uv": [9.75, 7, 6.5, 3.75], "texture": "#1"},
				"down": {"uv": [3.25, 7, 0, 10.25], "texture": "#1"}
			}
		},
		{
			"from": [1.025, 10.25, 6.5],
			"to": [14.975, 14.5, 9.5],
			"rotation": {"angle": 0, "axis": "y", "origin": [8, 9.32892, 14.875]},
			"faces": {
				"north": {"uv": [10.25, 1.25, 13.75, 2.25], "texture": "#1"},
				"east": {"uv": [0.5, 12.75, 1.25, 13.75], "texture": "#1"},
				"south": {"uv": [10.75, 2.25, 14.25, 3.25], "texture": "#1"},
				"west": {"uv": [1.25, 12.75, 2, 13.75], "texture": "#1"},
				"up": {"uv": [14.75, 10, 11.25, 9.25], "texture": "#1"},
				"down": {"uv": [14.75, 10, 11.25, 10.75], "texture": "#1"}
			}
		},
		{
			"from": [-0.006, -0.006, 1.494],
			"to": [1.506, 1.506, 3.506],
			"rotation": {"angle": 0, "axis": "y", "origin": [2.75, 0.75, -0.5]},
			"faces": {
				"north": {"uv": [3.5, 12, 4, 12.5], "texture": "#1"},
				"east": {"uv": [12.75, 13.75, 13.25, 14.25], "texture": "#1"},
				"south": {"uv": [13.25, 13.75, 13.75, 14.25], "texture": "#1"},
				"west": {"uv": [13.75, 13.25, 14.25, 13.75], "texture": "#1"},
				"up": {"uv": [14.25, 14.25, 13.75, 13.75], "texture": "#1"},
				"down": {"uv": [4.5, 14, 4, 14.5], "texture": "#1"}
			}
		},
		{
			"from": [1.492, 0.492, 1.492],
			"to": [14.508, 9.008, 14.508],
			"rotation": {"angle": 0, "axis": "y", "origin": [8, 4.5, 8]},
			"faces": {
				"north": {"uv": [7, 0, 10.25, 2.25], "texture": "#1"},
				"east": {"uv": [3.25, 7, 6.5, 9.25], "texture": "#1"},
				"south": {"uv": [6.5, 7, 9.75, 9.25], "texture": "#1"},
				"west": {"uv": [3.25, 9.25, 6.5, 11.5], "texture": "#1"},
				"up": {"uv": [3.25, 7, 0, 3.75], "texture": "#1"},
				"down": {"uv": [6.5, 3.75, 3.25, 7], "texture": "#1"}
			}
		},
		{
			"from": [-0.008, -0.008, -0.008],
			"to": [1.508, 3.008, 1.508],
			"rotation": {"angle": 0, "axis": "y", "origin": [8, 4.5, 8]},
			"faces": {
				"north": {"uv": [13.75, 1.5, 14.25, 2.25], "texture": "#1"},
				"east": {"uv": [3.5, 13.75, 4, 14.5], "texture": "#1"},
				"south": {"uv": [5.75, 13.75, 6.25, 14.5], "texture": "#1"},
				"west": {"uv": [13.75, 6.5, 14.25, 7.25], "texture": "#1"},
				"up": {"uv": [5.5, 14.5, 5, 14], "texture": "#1"},
				"down": {"uv": [14.5, 5.25, 14, 5.75], "texture": "#1"}
			}
		},
		{
			"from": [0.742, -0.008, 0.742],
			"to": [2.258, 6.008, 2.258],
			"rotation": {"angle": 0, "axis": "y", "origin": [8, 4.5, 8]},
			"faces": {
				"north": {"uv": [6, 11.5, 6.5, 13], "texture": "#1"},
				"east": {"uv": [4.25, 12.5, 4.75, 14], "texture": "#1"},
				"south": {"uv": [4.75, 12.5, 5.25, 14], "texture": "#1"},
				"west": {"uv": [5.25, 12.5, 5.75, 14], "texture": "#1"},
				"up": {"uv": [14.5, 6.25, 14, 5.75], "texture": "#1"},
				"down": {"uv": [14.5, 7.25, 14, 7.75], "texture": "#1"}
			}
		},
		{
			"from": [2.244, -0.006, 0.744],
			"to": [6.256, 2.006, 2.256],
			"rotation": {"angle": 0, "axis": "y", "origin": [8, 4.5, 8]},
			"faces": {
				"north": {"uv": [2.5, 12, 3.5, 12.5], "texture": "#1"},
				"east": {"uv": [14, 7.75, 14.5, 8.25], "texture": "#1"},
				"south": {"uv": [13, 8.5, 14, 9], "texture": "#1"},
				"west": {"uv": [14, 8.25, 14.5, 8.75], "texture": "#1"},
				"up": {"uv": [11, 13.5, 10, 13], "texture": "#1"},
				"down": {"uv": [13.75, 13.25, 12.75, 13.75], "texture": "#1"}
			}
		},
		{
			"from": [1, 7, 0.75],
			"to": [15, 9, 15.25],
			"rotation": {"angle": 0, "axis": "y", "origin": [11.75, 4.5, 8]},
			"faces": {
				"north": {"uv": [0.5, 11.5, 4, 12], "texture": "#1"},
				"east": {"uv": [10.75, 3.25, 14.5, 3.75], "texture": "#1"},
				"south": {"uv": [11.75, 11.25, 15.25, 11.75], "texture": "#1"},
				"west": {"uv": [11.25, 10.75, 15, 11.25], "texture": "#1"},
				"up": {"uv": [3.5, 3.75, 0, 0], "texture": "#1"},
				"down": {"uv": [7, 0, 3.5, 3.75], "texture": "#1"}
			}
		},
		{
			"from": [6.25, 0, 0.75],
			"to": [9.75, 0.75, 2.25],
			"rotation": {"angle": 0, "axis": "y", "origin": [8, 4.5, 8]},
			"faces": {
				"north": {"uv": [14, 8.75, 15, 9], "texture": "#1"},
				"east": {"uv": [13.5, 8.25, 14, 8.5], "texture": "#1"},
				"south": {"uv": [14, 9, 15, 9.25], "texture": "#1"},
				"west": {"uv": [14.25, 7, 14.75, 7.25], "texture": "#1"},
				"up": {"uv": [14.5, 0.5, 13.5, 0], "texture": "#1"},
				"down": {"uv": [14.5, 0.5, 13.5, 1], "texture": "#1"}
			}
		},
		{
			"from": [13.756, -0.006, 6.256],
			"to": [15.256, 0.744, 9.756],
			"rotation": {"angle": 0, "axis": "y", "origin": [14.506, 0.369, 8.006]},
			"faces": {
				"north": {"uv": [14.25, 7, 14.75, 7.25], "texture": "#1"},
				"east": {"uv": [14, 8.75, 15, 9], "texture": "#1"},
				"south": {"uv": [13.5, 8.25, 14, 8.5], "texture": "#1"},
				"west": {"uv": [14, 9, 15, 9.25], "texture": "#1"},
				"up": {"uv": [14.5, 0.5, 13.5, 0], "rotation": 90, "texture": "#1"},
				"down": {"uv": [14.5, 0.5, 13.5, 1], "rotation": 270, "texture": "#1"}
			}
		},
		{
			"from": [0.744, -0.006, 6.256],
			"to": [2.244, 0.744, 9.756],
			"rotation": {"angle": 0, "axis": "y", "origin": [1.494, 0.369, 8.006]},
			"faces": {
				"north": {"uv": [14.75, 7, 14.25, 7.25], "texture": "#1"},
				"east": {"uv": [15, 9, 14, 9.25], "texture": "#1"},
				"south": {"uv": [14, 8.25, 13.5, 8.5], "texture": "#1"},
				"west": {"uv": [15, 8.75, 14, 9], "texture": "#1"},
				"up": {"uv": [14.5, 0, 13.5, 0.5], "rotation": 90, "texture": "#1"},
				"down": {"uv": [14.5, 1, 13.5, 0.5], "rotation": 270, "texture": "#1"}
			}
		},
		{
			"from": [0.744, -0.006, 2.244],
			"to": [2.256, 2.006, 6.256],
			"rotation": {"angle": 0, "axis": "y", "origin": [1.5, 1, 4.25]},
			"faces": {
				"north": {"uv": [11.75, 14, 12.25, 14.5], "texture": "#1"},
				"east": {"uv": [13.5, 3.75, 14.5, 4.25], "texture": "#1"},
				"south": {"uv": [12.25, 14, 12.75, 14.5], "texture": "#1"},
				"west": {"uv": [13.5, 4.25, 14.5, 4.75], "texture": "#1"},
				"up": {"uv": [3.5, 14.5, 3, 13.5], "texture": "#1"},
				"down": {"uv": [14, 4.75, 13.5, 5.75], "texture": "#1"}
			}
		},
		{
			"from": [1.494, -0.006, -0.006],
			"to": [3.506, 1.506, 1.506],
			"rotation": {"angle": 0, "axis": "y", "origin": [8, 4.5, 8]},
			"faces": {
				"north": {"uv": [14, 12.5, 14.5, 13], "texture": "#1"},
				"east": {"uv": [1, 14.25, 1.5, 14.75], "texture": "#1"},
				"south": {"uv": [1.5, 14.25, 2, 14.75], "texture": "#1"},
				"west": {"uv": [14.25, 1.5, 14.75, 2], "texture": "#1"},
				"up": {"uv": [2.5, 14.75, 2, 14.25], "texture": "#1"},
				"down": {"uv": [14.75, 2, 14.25, 2.5], "texture": "#1"}
			}
		},
		{
			"from": [0.85, 0.5, 0],
			"to": [1.75, 1, 1.5],
			"rotation": {"angle": -45, "axis": "z", "origin": [2.5, 0.75, 0.75]},
			"faces": {
				"north": {"uv": [10, 12.75, 10.25, 13], "texture": "#1"},
				"east": {"uv": [10, 14.25, 10.5, 14.5], "texture": "#1"},
				"south": {"uv": [13.5, 1, 13.75, 1.25], "texture": "#1"},
				"west": {"uv": [10.5, 14.25, 11, 14.5], "texture": "#1"},
				"up": {"uv": [10.25, 12.75, 10, 12.25], "texture": "#1"},
				"down": {"uv": [6, 12.5, 5.75, 13], "texture": "#1"}
			}
		},
		{
			"from": [0.325, 1.4, 0.75],
			"to": [2.675, 2.6, 2.25],
			"rotation": {"angle": -45, "axis": "z", "origin": [2.5, 0.75, 0.75]},
			"faces": {
				"north": {"uv": [12.75, 14.25, 13.25, 14.5], "texture": "#1"},
				"east": {"uv": [13.25, 14.25, 13.75, 14.5], "texture": "#1"},
				"south": {"uv": [14.25, 13.25, 14.75, 13.5], "texture": "#1"},
				"west": {"uv": [14.25, 13.5, 14.75, 13.75], "texture": "#1"},
				"up": {"uv": [3, 14.75, 2.5, 14.25], "texture": "#1"},
				"down": {"uv": [14.75, 2.5, 14.25, 3], "texture": "#1"}
			}
		},
		{
			"from": [14.25, 0.5, 0],
			"to": [15.15, 1, 1.5],
			"rotation": {"angle": 45, "axis": "z", "origin": [13.5, 0.75, 0.75]},
			"faces": {
				"north": {"uv": [10.25, 12.75, 10, 13], "texture": "#1"},
				"east": {"uv": [11, 14.25, 10.5, 14.5], "texture": "#1"},
				"south": {"uv": [13.75, 1, 13.5, 1.25], "texture": "#1"},
				"west": {"uv": [10.5, 14.25, 10, 14.5], "texture": "#1"},
				"up": {"uv": [10, 12.75, 10.25, 12.25], "texture": "#1"},
				"down": {"uv": [5.75, 12.5, 6, 13], "texture": "#1"}
			}
		},
		{
			"from": [12.494, -0.006, -0.006],
			"to": [14.506, 1.506, 1.506],
			"rotation": {"angle": 0, "axis": "y", "origin": [8, 4.5, 8]},
			"faces": {
				"north": {"uv": [14.5, 12.5, 14, 13], "texture": "#1"},
				"east": {"uv": [14.75, 1.5, 14.25, 2], "texture": "#1"},
				"south": {"uv": [2, 14.25, 1.5, 14.75], "texture": "#1"},
				"west": {"uv": [1.5, 14.25, 1, 14.75], "texture": "#1"},
				"up": {"uv": [2, 14.75, 2.5, 14.25], "texture": "#1"},
				"down": {"uv": [14.25, 2, 14.75, 2.5], "texture": "#1"}
			}
		},
		{
			"from": [14.492, -0.008, -0.008],
			"to": [16.008, 3.008, 1.508],
			"rotation": {"angle": 0, "axis": "y", "origin": [8, 4.5, 8]},
			"faces": {
				"north": {"uv": [14.25, 1.5, 13.75, 2.25], "texture": "#1"},
				"east": {"uv": [14.25, 6.5, 13.75, 7.25], "texture": "#1"},
				"south": {"uv": [6.25, 13.75, 5.75, 14.5], "texture": "#1"},
				"west": {"uv": [4, 13.75, 3.5, 14.5], "texture": "#1"},
				"up": {"uv": [5, 14.5, 5.5, 14], "texture": "#1"},
				"down": {"uv": [14, 5.25, 14.5, 5.75], "texture": "#1"}
			}
		},
		{
			"from": [13.742, -0.008, 0.742],
			"to": [15.258, 6.008, 2.258],
			"rotation": {"angle": 0, "axis": "y", "origin": [8, 4.5, 8]},
			"faces": {
				"north": {"uv": [6.5, 11.5, 6, 13], "texture": "#1"},
				"east": {"uv": [5.75, 12.5, 5.25, 14], "texture": "#1"},
				"south": {"uv": [5.25, 12.5, 4.75, 14], "texture": "#1"},
				"west": {"uv": [4.75, 12.5, 4.25, 14], "texture": "#1"},
				"up": {"uv": [14, 6.25, 14.5, 5.75], "texture": "#1"},
				"down": {"uv": [14, 7.25, 14.5, 7.75], "texture": "#1"}
			}
		},
		{
			"from": [13.325, 1.4, 0.75],
			"to": [15.675, 2.6, 2.25],
			"rotation": {"angle": 45, "axis": "z", "origin": [13.5, 0.75, 0.75]},
			"faces": {
				"north": {"uv": [13.25, 14.25, 12.75, 14.5], "texture": "#1"},
				"east": {"uv": [14.75, 13.5, 14.25, 13.75], "texture": "#1"},
				"south": {"uv": [14.75, 13.25, 14.25, 13.5], "texture": "#1"},
				"west": {"uv": [13.75, 14.25, 13.25, 14.5], "texture": "#1"},
				"up": {"uv": [2.5, 14.75, 3, 14.25], "texture": "#1"},
				"down": {"uv": [14.25, 2.5, 14.75, 3], "texture": "#1"}
			}
		},
		{
			"from": [9.744, -0.006, 0.744],
			"to": [13.756, 2.006, 2.256],
			"rotation": {"angle": 0, "axis": "y", "origin": [8, 4.5, 8]},
			"faces": {
				"north": {"uv": [3.5, 12, 2.5, 12.5], "texture": "#1"},
				"east": {"uv": [14.5, 8.25, 14, 8.75], "texture": "#1"},
				"south": {"uv": [14, 8.5, 13, 9], "texture": "#1"},
				"west": {"uv": [14.5, 7.75, 14, 8.25], "texture": "#1"},
				"up": {"uv": [10, 13.5, 11, 13], "texture": "#1"},
				"down": {"uv": [12.75, 13.25, 13.75, 13.75], "texture": "#1"}
			}
		},
		{
			"from": [0.85, 0.5, 14.5],
			"to": [1.75, 1, 16],
			"rotation": {"angle": -45, "axis": "z", "origin": [2.5, 0.75, 15.25]},
			"faces": {
				"north": {"uv": [13.75, 1, 13.5, 1.25], "texture": "#1"},
				"east": {"uv": [10.5, 14.25, 10, 14.5], "texture": "#1"},
				"south": {"uv": [10.25, 12.75, 10, 13], "texture": "#1"},
				"west": {"uv": [11, 14.25, 10.5, 14.5], "texture": "#1"},
				"up": {"uv": [10.25, 12.25, 10, 12.75], "texture": "#1"},
				"down": {"uv": [6, 13, 5.75, 12.5], "texture": "#1"}
			}
		},
		{
			"from": [1.494, -0.006, 14.494],
			"to": [3.506, 1.506, 16.006],
			"rotation": {"angle": 0, "axis": "y", "origin": [8, 4.5, 8]},
			"faces": {
				"north": {"uv": [2, 14.25, 1.5, 14.75], "texture": "#1"},
				"east": {"uv": [1.5, 14.25, 1, 14.75], "texture": "#1"},
				"south": {"uv": [14.5, 12.5, 14, 13], "texture": "#1"},
				"west": {"uv": [14.75, 1.5, 14.25, 2], "texture": "#1"},
				"up": {"uv": [2.5, 14.25, 2, 14.75], "texture": "#1"},
				"down": {"uv": [14.75, 2.5, 14.25, 2], "texture": "#1"}
			}
		},
		{
			"from": [0.325, 1.4, 13.75],
			"to": [2.675, 2.6, 15.25],
			"rotation": {"angle": -45, "axis": "z", "origin": [2.5, 0.75, 15.25]},
			"faces": {
				"north": {"uv": [14.75, 13.25, 14.25, 13.5], "texture": "#1"},
				"east": {"uv": [13.75, 14.25, 13.25, 14.5], "texture": "#1"},
				"south": {"uv": [13.25, 14.25, 12.75, 14.5], "texture": "#1"},
				"west": {"uv": [14.75, 13.5, 14.25, 13.75], "texture": "#1"},
				"up": {"uv": [3, 14.25, 2.5, 14.75], "texture": "#1"},
				"down": {"uv": [14.75, 3, 14.25, 2.5], "texture": "#1"}
			}
		},
		{
			"from": [2.244, -0.006, 13.744],
			"to": [6.256, 2.006, 15.256],
			"rotation": {"angle": 0, "axis": "y", "origin": [8, 4.5, 8]},
			"faces": {
				"north": {"uv": [14, 8.5, 13, 9], "texture": "#1"},
				"east": {"uv": [14.5, 7.75, 14, 8.25], "texture": "#1"},
				"south": {"uv": [3.5, 12, 2.5, 12.5], "texture": "#1"},
				"west": {"uv": [14.5, 8.25, 14, 8.75], "texture": "#1"},
				"up": {"uv": [11, 13, 10, 13.5], "texture": "#1"},
				"down": {"uv": [13.75, 13.75, 12.75, 13.25], "texture": "#1"}
			}
		},
		{
			"from": [6.25, 0, 13.75],
			"to": [9.75, 0.75, 15.25],
			"rotation": {"angle": 0, "axis": "y", "origin": [8, 4.5, 8]},
			"faces": {
				"north": {"uv": [15, 9, 14, 9.25], "texture": "#1"},
				"east": {"uv": [14, 8.25, 13.5, 8.5], "texture": "#1"},
				"south": {"uv": [15, 8.75, 14, 9], "texture": "#1"},
				"west": {"uv": [14.75, 7, 14.25, 7.25], "texture": "#1"},
				"up": {"uv": [14.5, 0, 13.5, 0.5], "texture": "#1"},
				"down": {"uv": [14.5, 1, 13.5, 0.5], "texture": "#1"}
			}
		},
		{
			"from": [9.744, -0.006, 13.744],
			"to": [13.756, 2.006, 15.256],
			"rotation": {"angle": 0, "axis": "y", "origin": [8, 4.5, 8]},
			"faces": {
				"north": {"uv": [13, 8.5, 14, 9], "texture": "#1"},
				"east": {"uv": [14, 8.25, 14.5, 8.75], "texture": "#1"},
				"south": {"uv": [2.5, 12, 3.5, 12.5], "texture": "#1"},
				"west": {"uv": [14, 7.75, 14.5, 8.25], "texture": "#1"},
				"up": {"uv": [10, 13, 11, 13.5], "texture": "#1"},
				"down": {"uv": [12.75, 13.75, 13.75, 13.25], "texture": "#1"}
			}
		},
		{
			"from": [12.494, -0.006, 14.494],
			"to": [14.506, 1.506, 16.006],
			"rotation": {"angle": 0, "axis": "y", "origin": [8, 4.5, 8]},
			"faces": {
				"north": {"uv": [1.5, 14.25, 2, 14.75], "texture": "#1"},
				"east": {"uv": [14.25, 1.5, 14.75, 2], "texture": "#1"},
				"south": {"uv": [14, 12.5, 14.5, 13], "texture": "#1"},
				"west": {"uv": [1, 14.25, 1.5, 14.75], "texture": "#1"},
				"up": {"uv": [2, 14.25, 2.5, 14.75], "texture": "#1"},
				"down": {"uv": [14.25, 2.5, 14.75, 2], "texture": "#1"}
			}
		},
		{
			"from": [14.25, 0.5, 14.5],
			"to": [15.15, 1, 16],
			"rotation": {"angle": 45, "axis": "z", "origin": [13.5, 0.75, 15.25]},
			"faces": {
				"north": {"uv": [13.5, 1, 13.75, 1.25], "texture": "#1"},
				"east": {"uv": [10.5, 14.25, 11, 14.5], "texture": "#1"},
				"south": {"uv": [10, 12.75, 10.25, 13], "texture": "#1"},
				"west": {"uv": [10, 14.25, 10.5, 14.5], "texture": "#1"},
				"up": {"uv": [10, 12.25, 10.25, 12.75], "texture": "#1"},
				"down": {"uv": [5.75, 13, 6, 12.5], "texture": "#1"}
			}
		},
		{
			"from": [13.325, 1.4, 13.75],
			"to": [15.675, 2.6, 15.25],
			"rotation": {"angle": 45, "axis": "z", "origin": [13.5, 0.75, 15.25]},
			"faces": {
				"north": {"uv": [14.25, 13.25, 14.75, 13.5], "texture": "#1"},
				"east": {"uv": [14.25, 13.5, 14.75, 13.75], "texture": "#1"},
				"south": {"uv": [12.75, 14.25, 13.25, 14.5], "texture": "#1"},
				"west": {"uv": [13.25, 14.25, 13.75, 14.5], "texture": "#1"},
				"up": {"uv": [2.5, 14.25, 3, 14.75], "texture": "#1"},
				"down": {"uv": [14.25, 3, 14.75, 2.5], "texture": "#1"}
			}
		},
		{
			"from": [0.75, 2.7, -0.225],
			"to": [2.25, 3.9, 2.125],
			"rotation": {"angle": 45, "axis": "x", "origin": [2.5, 0.75, 0.75]},
			"faces": {
				"north": {"uv": [3.5, 13.5, 3.75, 13.75], "texture": "#1"},
				"east": {"uv": [13.75, 14.25, 14.25, 14.5], "texture": "#1"},
				"south": {"uv": [13.5, 6.5, 13.75, 6.75], "texture": "#1"},
				"west": {"uv": [14.25, 13.75, 14.75, 14], "texture": "#1"},
				"up": {"uv": [11.25, 13.5, 11, 13], "texture": "#1"},
				"down": {"uv": [11.25, 13.5, 11, 14], "texture": "#1"}
			}
		},
		{
			"from": [0, 1.775, 0.3],
			"to": [1.5, 2.275, 1.2],
			"rotation": {"angle": 45, "axis": "x", "origin": [2.5, 0.75, 0.75]},
			"faces": {
				"north": {"uv": [14.25, 14, 14.75, 14.25], "texture": "#1"},
				"east": {"uv": [1.75, 13.75, 2, 14], "texture": "#1"},
				"south": {"uv": [14.25, 14.25, 14.75, 14.5], "texture": "#1"},
				"west": {"uv": [4, 13.75, 4.25, 14], "texture": "#1"},
				"up": {"uv": [15, 0.25, 14.5, 0], "texture": "#1"},
				"down": {"uv": [15, 0.25, 14.5, 0.5], "texture": "#1"}
			}
		},
		{
			"from": [0.744, -0.006, 9.744],
			"to": [2.256, 2.006, 13.756],
			"rotation": {"angle": 0, "axis": "y", "origin": [1.5, 1, 11.75]},
			"faces": {
				"north": {"uv": [12.75, 14, 12.25, 14.5], "texture": "#1"},
				"east": {"uv": [14.5, 3.75, 13.5, 4.25], "texture": "#1"},
				"south": {"uv": [12.25, 14, 11.75, 14.5], "texture": "#1"},
				"west": {"uv": [14.5, 4.25, 13.5, 4.75], "texture": "#1"},
				"up": {"uv": [3.5, 13.5, 3, 14.5], "texture": "#1"},
				"down": {"uv": [14, 5.75, 13.5, 4.75], "texture": "#1"}
			}
		},
		{
			"from": [-0.006, -0.006, 12.494],
			"to": [1.506, 1.506, 14.506],
			"rotation": {"angle": 0, "axis": "y", "origin": [2.75, 0.75, 16.5]},
			"faces": {
				"north": {"uv": [13.75, 13.75, 13.25, 14.25], "texture": "#1"},
				"east": {"uv": [13.25, 13.75, 12.75, 14.25], "texture": "#1"},
				"south": {"uv": [4, 12, 3.5, 12.5], "texture": "#1"},
				"west": {"uv": [14.25, 13.25, 13.75, 13.75], "texture": "#1"},
				"up": {"uv": [14.25, 13.75, 13.75, 14.25], "texture": "#1"},
				"down": {"uv": [4.5, 14.5, 4, 14], "texture": "#1"}
			}
		},
		{
			"from": [0, 1.775, 14.8],
			"to": [1.5, 2.275, 15.7],
			"rotation": {"angle": -45, "axis": "x", "origin": [2.5, 0.75, 15.25]},
			"faces": {
				"north": {"uv": [14.75, 14.25, 14.25, 14.5], "texture": "#1"},
				"east": {"uv": [2, 13.75, 1.75, 14], "texture": "#1"},
				"south": {"uv": [14.75, 14, 14.25, 14.25], "texture": "#1"},
				"west": {"uv": [4.25, 13.75, 4, 14], "texture": "#1"},
				"up": {"uv": [15, 0, 14.5, 0.25], "texture": "#1"},
				"down": {"uv": [15, 0.5, 14.5, 0.25], "texture": "#1"}
			}
		},
		{
			"from": [0.75, 2.7, 13.875],
			"to": [2.25, 3.9, 16.225],
			"rotation": {"angle": -45, "axis": "x", "origin": [2.5, 0.75, 15.25]},
			"faces": {
				"north": {"uv": [13.75, 6.5, 13.5, 6.75], "texture": "#1"},
				"east": {"uv": [14.25, 14.25, 13.75, 14.5], "texture": "#1"},
				"south": {"uv": [3.75, 13.5, 3.5, 13.75], "texture": "#1"},
				"west": {"uv": [14.75, 13.75, 14.25, 14], "texture": "#1"},
				"up": {"uv": [11.25, 13, 11, 13.5], "texture": "#1"},
				"down": {"uv": [11.25, 14, 11, 13.5], "texture": "#1"}
			}
		},
		{
			"from": [14.494, -0.006, 1.494],
			"to": [16.006, 1.506, 3.506],
			"rotation": {"angle": 0, "axis": "y", "origin": [13.25, 0.75, -0.5]},
			"faces": {
				"north": {"uv": [4, 12, 3.5, 12.5], "texture": "#1"},
				"east": {"uv": [14.25, 13.25, 13.75, 13.75], "texture": "#1"},
				"south": {"uv": [13.75, 13.75, 13.25, 14.25], "texture": "#1"},
				"west": {"uv": [13.25, 13.75, 12.75, 14.25], "texture": "#1"},
				"up": {"uv": [13.75, 14.25, 14.25, 13.75], "texture": "#1"},
				"down": {"uv": [4, 14, 4.5, 14.5], "texture": "#1"}
			}
		},
		{
			"from": [14.5, 1.775, 0.3],
			"to": [16, 2.275, 1.2],
			"rotation": {"angle": 45, "axis": "x", "origin": [13.5, 0.75, 0.75]},
			"faces": {
				"north": {"uv": [14.75, 14, 14.25, 14.25], "texture": "#1"},
				"east": {"uv": [4.25, 13.75, 4, 14], "texture": "#1"},
				"south": {"uv": [14.75, 14.25, 14.25, 14.5], "texture": "#1"},
				"west": {"uv": [2, 13.75, 1.75, 14], "texture": "#1"},
				"up": {"uv": [14.5, 0.25, 15, 0], "texture": "#1"},
				"down": {"uv": [14.5, 0.25, 15, 0.5], "texture": "#1"}
			}
		},
		{
			"from": [13.75, 2.7, -0.225],
			"to": [15.25, 3.9, 2.125],
			"rotation": {"angle": 45, "axis": "x", "origin": [13.5, 0.75, 0.75]},
			"faces": {
				"north": {"uv": [3.75, 13.5, 3.5, 13.75], "texture": "#1"},
				"east": {"uv": [14.75, 13.75, 14.25, 14], "texture": "#1"},
				"south": {"uv": [13.75, 6.5, 13.5, 6.75], "texture": "#1"},
				"west": {"uv": [14.25, 14.25, 13.75, 14.5], "texture": "#1"},
				"up": {"uv": [11, 13.5, 11.25, 13], "texture": "#1"},
				"down": {"uv": [11, 13.5, 11.25, 14], "texture": "#1"}
			}
		},
		{
			"from": [13.744, -0.006, 2.244],
			"to": [15.256, 2.006, 6.256],
			"rotation": {"angle": 0, "axis": "y", "origin": [14.5, 1, 4.25]},
			"faces": {
				"north": {"uv": [12.25, 14, 11.75, 14.5], "texture": "#1"},
				"east": {"uv": [14.5, 4.25, 13.5, 4.75], "texture": "#1"},
				"south": {"uv": [12.75, 14, 12.25, 14.5], "texture": "#1"},
				"west": {"uv": [14.5, 3.75, 13.5, 4.25], "texture": "#1"},
				"up": {"uv": [3, 14.5, 3.5, 13.5], "texture": "#1"},
				"down": {"uv": [13.5, 4.75, 14, 5.75], "texture": "#1"}
			}
		},
		{
			"from": [14.5, 1.775, 14.8],
			"to": [16, 2.275, 15.7],
			"rotation": {"angle": -45, "axis": "x", "origin": [13.5, 0.75, 15.25]},
			"faces": {
				"north": {"uv": [14.25, 14.25, 14.75, 14.5], "texture": "#1"},
				"east": {"uv": [4, 13.75, 4.25, 14], "texture": "#1"},
				"south": {"uv": [14.25, 14, 14.75, 14.25], "texture": "#1"},
				"west": {"uv": [1.75, 13.75, 2, 14], "texture": "#1"},
				"up": {"uv": [14.5, 0, 15, 0.25], "texture": "#1"},
				"down": {"uv": [14.5, 0.5, 15, 0.25], "texture": "#1"}
			}
		},
		{
			"from": [14.492, -0.008, 14.492],
			"to": [16.008, 3.008, 16.008],
			"rotation": {"angle": 0, "axis": "y", "origin": [8, 4.5, 8]},
			"faces": {
				"north": {"uv": [5.75, 13.75, 6.25, 14.5], "texture": "#1"},
				"east": {"uv": [13.75, 6.5, 14.25, 7.25], "texture": "#1"},
				"south": {"uv": [13.75, 1.5, 14.25, 2.25], "texture": "#1"},
				"west": {"uv": [3.5, 13.75, 4, 14.5], "texture": "#1"},
				"up": {"uv": [5, 14, 5.5, 14.5], "texture": "#1"},
				"down": {"uv": [14, 5.75, 14.5, 5.25], "texture": "#1"}
			}
		},
		{
			"from": [14.494, -0.006, 12.494],
			"to": [16.006, 1.506, 14.506],
			"rotation": {"angle": 0, "axis": "y", "origin": [13.25, 0.75, 16.5]},
			"faces": {
				"north": {"uv": [13.25, 13.75, 13.75, 14.25], "texture": "#1"},
				"east": {"uv": [13.75, 13.25, 14.25, 13.75], "texture": "#1"},
				"south": {"uv": [3.5, 12, 4, 12.5], "texture": "#1"},
				"west": {"uv": [12.75, 13.75, 13.25, 14.25], "texture": "#1"},
				"up": {"uv": [13.75, 13.75, 14.25, 14.25], "texture": "#1"},
				"down": {"uv": [4, 14.5, 4.5, 14], "texture": "#1"}
			}
		},
		{
			"from": [13.75, 2.7, 13.875],
			"to": [15.25, 3.9, 16.225],
			"rotation": {"angle": -45, "axis": "x", "origin": [13.5, 0.75, 15.25]},
			"faces": {
				"north": {"uv": [13.5, 6.5, 13.75, 6.75], "texture": "#1"},
				"east": {"uv": [14.25, 13.75, 14.75, 14], "texture": "#1"},
				"south": {"uv": [3.5, 13.5, 3.75, 13.75], "texture": "#1"},
				"west": {"uv": [13.75, 14.25, 14.25, 14.5], "texture": "#1"},
				"up": {"uv": [11, 13, 11.25, 13.5], "texture": "#1"},
				"down": {"uv": [11, 14, 11.25, 13.5], "texture": "#1"}
			}
		},
		{
			"from": [13.742, -0.008, 13.742],
			"to": [15.258, 6.008, 15.258],
			"rotation": {"angle": 0, "axis": "y", "origin": [8, 4.5, 8]},
			"faces": {
				"north": {"uv": [4.75, 12.5, 5.25, 14], "texture": "#1"},
				"east": {"uv": [5.25, 12.5, 5.75, 14], "texture": "#1"},
				"south": {"uv": [6, 11.5, 6.5, 13], "texture": "#1"},
				"west": {"uv": [4.25, 12.5, 4.75, 14], "texture": "#1"},
				"up": {"uv": [14, 5.75, 14.5, 6.25], "texture": "#1"},
				"down": {"uv": [14, 7.75, 14.5, 7.25], "texture": "#1"}
			}
		},
		{
			"from": [-0.008, -0.008, 14.492],
			"to": [1.508, 3.008, 16.008],
			"rotation": {"angle": 0, "axis": "y", "origin": [8, 4.5, 8]},
			"faces": {
				"north": {"uv": [6.25, 13.75, 5.75, 14.5], "texture": "#1"},
				"east": {"uv": [4, 13.75, 3.5, 14.5], "texture": "#1"},
				"south": {"uv": [14.25, 1.5, 13.75, 2.25], "texture": "#1"},
				"west": {"uv": [14.25, 6.5, 13.75, 7.25], "texture": "#1"},
				"up": {"uv": [5.5, 14, 5, 14.5], "texture": "#1"},
				"down": {"uv": [14.5, 5.75, 14, 5.25], "texture": "#1"}
			}
		},
		{
			"from": [0.742, -0.008, 13.742],
			"to": [2.258, 6.008, 15.258],
			"rotation": {"angle": 0, "axis": "y", "origin": [8, 4.5, 8]},
			"faces": {
				"north": {"uv": [5.25, 12.5, 4.75, 14], "texture": "#1"},
				"east": {"uv": [4.75, 12.5, 4.25, 14], "texture": "#1"},
				"south": {"uv": [6.5, 11.5, 6, 13], "texture": "#1"},
				"west": {"uv": [5.75, 12.5, 5.25, 14], "texture": "#1"},
				"up": {"uv": [14.5, 5.75, 14, 6.25], "texture": "#1"},
				"down": {"uv": [14.5, 7.75, 14, 7.25], "texture": "#1"}
			}
		},
		{
			"from": [13.744, -0.006, 9.744],
			"to": [15.256, 2.006, 13.756],
			"rotation": {"angle": 0, "axis": "y", "origin": [14.5, 1, 11.75]},
			"faces": {
				"north": {"uv": [12.25, 14, 12.75, 14.5], "texture": "#1"},
				"east": {"uv": [13.5, 4.25, 14.5, 4.75], "texture": "#1"},
				"south": {"uv": [11.75, 14, 12.25, 14.5], "texture": "#1"},
				"west": {"uv": [13.5, 3.75, 14.5, 4.25], "texture": "#1"},
				"up": {"uv": [3, 13.5, 3.5, 14.5], "texture": "#1"},
				"down": {"uv": [13.5, 5.75, 14, 4.75], "texture": "#1"}
			}
		},
		{
			"name": "ef",
			"from": [3.65942, -5.94168, -2.47876],
			"to": [12.34166, 29.18952, -2.47876],
			"rotation": {"angle": 45, "axis": "y", "origin": [8, 11.62392, 8]},
			"faces": {
				"north": {"uv": [10, 0, 12, 16], "texture": "#2"},
				"east": {"uv": [0, 0, 0, 4], "texture": "#2"},
				"south": {"uv": [12, 0, 10, 16], "texture": "#2"},
				"west": {"uv": [0, 0, 0, 4], "texture": "#2"},
				"up": {"uv": [2, 0, 1, 0], "texture": "#2"},
				"down": {"uv": [2, 0, 1, 0], "texture": "#2"}
			}
		},
		{
			"name": "ef",
			"from": [-2.48039, -5.94168, 3.65811],
			"to": [-2.48039, 29.18952, 12.34035],
			"rotation": {"angle": 0, "axis": "y", "origin": [8, 11.62392, 8]},
			"faces": {
				"north": {"uv": [0, 0, 0, 4], "texture": "#2"},
				"east": {"uv": [14, 0, 12, 16], "texture": "#2"},
				"south": {"uv": [0, 0, 0, 4], "texture": "#2"},
				"west": {"uv": [12, 0, 14, 16], "texture": "#2"},
				"up": {"uv": [1, 0, 0, 0], "rotation": 270, "texture": "#2"},
				"down": {"uv": [1, 0, 0, 0], "rotation": 90, "texture": "#2"}
			}
		},
		{
			"name": "ef",
			"from": [3.65834, -5.94168, 18.47985],
			"to": [12.34058, 29.18952, 18.47985],
			"rotation": {"angle": -45, "axis": "y", "origin": [8, 11.62392, 8]},
			"faces": {
				"north": {"uv": [16, 0, 14, 16], "texture": "#2"},
				"east": {"uv": [0, 0, 0, 4], "texture": "#2"},
				"south": {"uv": [14, 0, 16, 16], "texture": "#2"},
				"west": {"uv": [0, 0, 0, 4], "texture": "#2"},
				"up": {"uv": [2, 0, 1, 0], "texture": "#2"},
				"down": {"uv": [2, 0, 1, 0], "texture": "#2"}
			}
		},
		{
			"name": "ef",
			"from": [3.65888, -5.94168, 18.47962],
			"to": [12.34112, 29.18952, 18.47962],
			"rotation": {"angle": 0, "axis": "y", "origin": [8, 11.62392, 8]},
			"faces": {
				"north": {"uv": [2, 0, 0, 16], "texture": "#2"},
				"east": {"uv": [0, 0, 0, 4], "texture": "#2"},
				"south": {"uv": [0, 0, 2, 16], "texture": "#2"},
				"west": {"uv": [0, 0, 0, 4], "texture": "#2"},
				"up": {"uv": [1, 0, 0, 0], "texture": "#2"},
				"down": {"uv": [1, 0, 0, 0], "texture": "#2"}
			}
		},
		{
			"name": "ef",
			"from": [18.48039, -5.94168, 3.65811],
			"to": [18.48039, 29.18952, 12.34035],
			"rotation": {"angle": 0, "axis": "y", "origin": [8, 11.62392, 8]},
			"faces": {
				"north": {"uv": [0, 0, 0, 4], "texture": "#2"},
				"east": {"uv": [4, 0, 6, 16], "texture": "#2"},
				"south": {"uv": [0, 0, 0, 4], "texture": "#2"},
				"west": {"uv": [6, 0, 4, 16], "texture": "#2"},
				"up": {"uv": [1, 0, 0, 0], "rotation": 270, "texture": "#2"},
				"down": {"uv": [1, 0, 0, 0], "rotation": 90, "texture": "#2"}
			}
		},
		{
			"name": "ef",
			"from": [3.65942, -5.94168, 18.47985],
			"to": [12.34166, 29.18952, 18.47985],
			"rotation": {"angle": 45, "axis": "y", "origin": [8, 11.62392, 8]},
			"faces": {
				"north": {"uv": [4, 0, 2, 16], "texture": "#2"},
				"east": {"uv": [0, 0, 0, 4], "texture": "#2"},
				"south": {"uv": [2, 0, 4, 16], "texture": "#2"},
				"west": {"uv": [0, 0, 0, 4], "texture": "#2"},
				"up": {"uv": [1, 0, 0, 0], "texture": "#2"},
				"down": {"uv": [1, 0, 0, 0], "texture": "#2"}
			}
		},
		{
			"name": "ef",
			"from": [3.65735, -5.94168, -2.47962],
			"to": [12.33959, 29.18952, -2.47962],
			"rotation": {"angle": 0, "axis": "y", "origin": [8, 11.62392, 8]},
			"faces": {
				"north": {"uv": [8, 0, 10, 16], "texture": "#2"},
				"east": {"uv": [0, 0, 0, 4], "texture": "#2"},
				"south": {"uv": [10, 0, 8, 16], "texture": "#2"},
				"west": {"uv": [0, 0, 0, 4], "texture": "#2"},
				"up": {"uv": [1, 0, 0, 0], "texture": "#2"},
				"down": {"uv": [1, 0, 0, 0], "texture": "#2"}
			}
		},
		{
			"name": "ef",
			"from": [3.65834, -5.94168, -2.47876],
			"to": [12.34058, 29.18952, -2.47876],
			"rotation": {"angle": -45, "axis": "y", "origin": [8, 11.62392, 8]},
			"faces": {
				"north": {"uv": [6, 0, 8, 16], "texture": "#2"},
				"east": {"uv": [0, 0, 0, 4], "texture": "#2"},
				"south": {"uv": [8, 0, 6, 16], "texture": "#2"},
				"west": {"uv": [0, 0, 0, 4], "texture": "#2"},
				"up": {"uv": [1, 0, 0, 0], "texture": "#2"},
				"down": {"uv": [1, 0, 0, 0], "texture": "#2"}
			}
		},
		{
			"name": "ef",
			"from": [3.66041, -5.94168, 18.47962],
			"to": [12.34265, 29.18952, 18.47962],
			"rotation": {"angle": 0, "axis": "y", "origin": [8, 11.62392, 8]},
			"faces": {
				"north": {"uv": [10, 0, 8, 16], "texture": "#2"},
				"east": {"uv": [0, 0, 0, 4], "texture": "#2"},
				"south": {"uv": [8, 0, 10, 16], "texture": "#2"},
				"west": {"uv": [0, 0, 0, 4], "texture": "#2"},
				"up": {"uv": [0, 0, 1, 0], "texture": "#2"},
				"down": {"uv": [0, 0, 1, 0], "texture": "#2"}
			}
		},
		{
			"name": "ef",
			"from": [3.65834, -5.94168, -2.47985],
			"to": [12.34058, 29.18952, -2.47985],
			"rotation": {"angle": 45, "axis": "y", "origin": [8, 11.62392, 8]},
			"faces": {
				"north": {"uv": [2, 0, 4, 16], "texture": "#2"},
				"east": {"uv": [0, 0, 0, 4], "texture": "#2"},
				"south": {"uv": [4, 0, 2, 16], "texture": "#2"},
				"west": {"uv": [0, 0, 0, 4], "texture": "#2"},
				"up": {"uv": [0, 0, 1, 0], "texture": "#2"},
				"down": {"uv": [0, 0, 1, 0], "texture": "#2"}
			}
		},
		{
			"name": "ef",
			"from": [-2.48039, -5.94168, 3.65965],
			"to": [-2.48039, 29.18952, 12.34189],
			"rotation": {"angle": 0, "axis": "y", "origin": [8, 11.62392, 8]},
			"faces": {
				"north": {"uv": [0, 0, 0, 4], "texture": "#2"},
				"east": {"uv": [6, 0, 4, 16], "texture": "#2"},
				"south": {"uv": [0, 0, 0, 4], "texture": "#2"},
				"west": {"uv": [4, 0, 6, 16], "texture": "#2"},
				"up": {"uv": [0, 0, 1, 0], "rotation": 270, "texture": "#2"},
				"down": {"uv": [0, 0, 1, 0], "rotation": 90, "texture": "#2"}
			}
		},
		{
			"name": "ef",
			"from": [3.65888, -5.94168, -2.47962],
			"to": [12.34112, 29.18952, -2.47962],
			"rotation": {"angle": 0, "axis": "y", "origin": [8, 11.62392, 8]},
			"faces": {
				"north": {"uv": [0, 0, 2, 16], "texture": "#2"},
				"east": {"uv": [0, 0, 0, 4], "texture": "#2"},
				"south": {"uv": [2, 0, 0, 16], "texture": "#2"},
				"west": {"uv": [0, 0, 0, 4], "texture": "#2"},
				"up": {"uv": [0, 0, 1, 0], "texture": "#2"},
				"down": {"uv": [0, 0, 1, 0], "texture": "#2"}
			}
		},
		{
			"name": "ef",
			"from": [3.65942, -5.94168, -2.47985],
			"to": [12.34166, 29.18952, -2.47985],
			"rotation": {"angle": -45, "axis": "y", "origin": [8, 11.62392, 8]},
			"faces": {
				"north": {"uv": [14, 0, 16, 16], "texture": "#2"},
				"east": {"uv": [0, 0, 0, 4], "texture": "#2"},
				"south": {"uv": [16, 0, 14, 16], "texture": "#2"},
				"west": {"uv": [0, 0, 0, 4], "texture": "#2"},
				"up": {"uv": [1, 0, 2, 0], "texture": "#2"},
				"down": {"uv": [1, 0, 2, 0], "texture": "#2"}
			}
		},
		{
			"name": "ef",
			"from": [18.48039, -5.94168, 3.65965],
			"to": [18.48039, 29.18952, 12.34189],
			"rotation": {"angle": 0, "axis": "y", "origin": [8, 11.62392, 8]},
			"faces": {
				"north": {"uv": [0, 0, 0, 4], "texture": "#2"},
				"east": {"uv": [12, 0, 14, 16], "texture": "#2"},
				"south": {"uv": [0, 0, 0, 4], "texture": "#2"},
				"west": {"uv": [14, 0, 12, 16], "texture": "#2"},
				"up": {"uv": [0, 0, 1, 0], "rotation": 270, "texture": "#2"},
				"down": {"uv": [0, 0, 1, 0], "rotation": 90, "texture": "#2"}
			}
		},
		{
			"name": "ef",
			"from": [3.65834, -5.94168, 18.47876],
			"to": [12.34058, 29.18952, 18.47876],
			"rotation": {"angle": 45, "axis": "y", "origin": [8, 11.62392, 8]},
			"faces": {
				"north": {"uv": [12, 0, 10, 16], "texture": "#2"},
				"east": {"uv": [0, 0, 0, 4], "texture": "#2"},
				"south": {"uv": [10, 0, 12, 16], "texture": "#2"},
				"west": {"uv": [0, 0, 0, 4], "texture": "#2"},
				"up": {"uv": [1, 0, 2, 0], "texture": "#2"},
				"down": {"uv": [1, 0, 2, 0], "texture": "#2"}
			}
		},
		{
			"name": "ef",
			"from": [3.65942, -5.94168, 18.47876],
			"to": [12.34166, 29.18952, 18.47876],
			"rotation": {"angle": -45, "axis": "y", "origin": [8, 11.62392, 8]},
			"faces": {
				"north": {"uv": [8, 0, 6, 16], "texture": "#2"},
				"east": {"uv": [0, 0, 0, 4], "texture": "#2"},
				"south": {"uv": [6, 0, 8, 16], "texture": "#2"},
				"west": {"uv": [0, 0, 0, 4], "texture": "#2"},
				"up": {"uv": [0, 0, 1, 0], "texture": "#2"},
				"down": {"uv": [0, 0, 1, 0], "texture": "#2"}
			}
		}
	],
	"gui_light": "front",
	"display": {
		"thirdperson_righthand": {
			"rotation": [164.46, 40.16, -159.55],
			"translation": [0, 3.75, 0.75],
			"scale": [0.51, 0.51, 0.51]
		},
		"thirdperson_lefthand": {
			"rotation": [164.46, 40.16, -159.55],
			"translation": [0, 3.75, 0.75],
			"scale": [0.51, 0.51, 0.51]
		},
		"firstperson_righthand": {
			"rotation": [172.24, 38.05, -177.67],
			"translation": [-1.5, 5.25, 0],
			"scale": [0.54, 0.54, 0.54]
		},
		"firstperson_lefthand": {
			"rotation": [172.24, 38.05, -177.67],
			"translation": [-1.5, 5.25, 0],
			"scale": [0.54, 0.54, 0.54]
		},
		"ground": {
			"translation": [0, 2.75, 0],
			"scale": [0.6, 0.6, 0.6]
		},
		"gui": {
			"rotation": [-160, 20, -180],
			"translation": [0, 0.5, 0],
			"scale": [0.71, 0.71, 0.71]
		},
		"head": {
			"translation": [0, -30.5, 0],
			"scale": [1.6, 1.6, 1.6]
		}
	},
	"groups": [
		{
			"name": "item/void/void_chest",
			"origin": [2.5, 0.75, 0.75],
			"color": 0,
			"nbt": "{}",
			"armAnimationEnabled": false,
			"children": [
				{
					"name": "top",
					"origin": [14.625, 4.5, 8],
					"color": 0,
					"nbt": "{}",
					"armAnimationEnabled": false,
					"children": [0, 1, 2, 3, 4, 5, 6, 7, 8, 9, 10, 11, 12]
				},
				13,
				14,
				15,
				16,
				17,
				18,
				19,
				20,
				21,
				22,
				23,
				24,
				25,
				26,
				27,
				28,
				29,
				30,
				31,
				32,
				33,
				34,
				35,
				36,
				37,
				38,
				39,
				40,
				41,
				42,
				43,
				44,
				45,
				46,
				47,
				48,
				49,
				50,
				51,
				52,
				53,
				54,
				55,
				56,
				57,
				58,
				59,
				60,
				61,
				62,
				63,
				64,
				65,
				66,
				67,
				68,
				69,
				70,
				71,
				72,
				73,
				74
			]
		}
	]
}