{
	"credit": "Made with Blockbench",
	"textures": {
		"0": "item/void/void_all_tools",
		"2": "item/void/void_ef_long",
		"particle": "item/void/void_all_tools"
	},
	"elements": [
		{
			"name": "axe",
			"from": [-1.36245, 9.26783, 7.744],
			"to": [-0.50045, 10.62983, 8.256],
			"rotation": {"angle": -45, "axis": "z", "origin": [4.54011, 7.19595, 8]},
			"faces": {
				"north": {"uv": [9.5, 2, 9.75, 2.25], "texture": "#0"},
				"east": {"uv": [9.5, 9.25, 9.75, 9.5], "texture": "#0"},
				"south": {"uv": [9.75, 7.5, 10, 7.75], "texture": "#0"},
				"west": {"uv": [7.75, 9.75, 8, 10], "texture": "#0"},
				"up": {"uv": [5.75, 10.25, 5.5, 10], "texture": "#0"},
				"down": {"uv": [10.5, 7.25, 10.25, 7.5], "texture": "#0"}
			}
		},
		{
			"from": [7.475, -5, 7.5],
			"to": [8.525, 14, 8.5],
			"rotation": {"angle": 0, "axis": "y", "origin": [8, 4.5, 8]},
			"faces": {
				"north": {"uv": [4.75, 2, 5, 6.75], "texture": "#0"},
				"east": {"uv": [5, 2, 5.25, 6.75], "texture": "#0"},
				"south": {"uv": [5.25, 2, 5.5, 6.75], "texture": "#0"},
				"west": {"uv": [5.5, 2, 5.75, 6.75], "texture": "#0"},
				"up": {"uv": [10.75, 6.75, 10.5, 6.5], "texture": "#0"},
				"down": {"uv": [11, 7, 10.75, 7.25], "texture": "#0"}
			}
		},
		{
			"name": "axe",
			"from": [5.192, 12.992, 7.742],
			"to": [7.308, 17.008, 8.258],
			"rotation": {"angle": 0, "axis": "y", "origin": [4.34011, 6.89595, 8]},
			"faces": {
				"north": {"uv": [7, 2.75, 7.5, 3.75], "texture": "#0"},
				"east": {"uv": [6, 10.25, 6.25, 11.25], "texture": "#0"},
				"south": {"uv": [5, 8.5, 5.5, 9.5], "texture": "#0"},
				"west": {"uv": [8.75, 10.25, 9, 11.25], "texture": "#0"},
				"up": {"uv": [8.5, 3.75, 8, 3.5], "texture": "#0"},
				"down": {"uv": [12.25, 6.5, 11.75, 6.75], "texture": "#0"}
			}
		},
		{
			"name": "axe",
			"from": [4.494, 12.994, 7.744],
			"to": [5.206, 15.406, 8.256],
			"rotation": {"angle": 0, "axis": "y", "origin": [4.39011, 6.89595, 8]},
			"faces": {
				"north": {"uv": [9.5, 10.25, 9.75, 10.75], "texture": "#0"},
				"east": {"uv": [11.75, 9, 12, 9.5], "texture": "#0"},
				"south": {"uv": [10.75, 11.75, 11, 12.25], "texture": "#0"},
				"west": {"uv": [11, 11.75, 11.25, 12.25], "texture": "#0"},
				"up": {"uv": [11.25, 6.5, 11, 6.25], "texture": "#0"},
				"down": {"uv": [11.5, 0.25, 11.25, 0.5], "texture": "#0"}
			}
		},
		{
			"name": "axe",
			"from": [8.6512, 14.26661, 7.75],
			"to": [9.0012, 16.01661, 8.25],
			"rotation": {"angle": 22.5, "axis": "z", "origin": [4.62869, 6.95335, 8]},
			"faces": {
				"north": {"uv": [11.25, 11.75, 11.5, 12.25], "texture": "#0"},
				"east": {"uv": [11.75, 11.25, 12, 11.75], "texture": "#0"},
				"south": {"uv": [11.5, 11.75, 11.75, 12.25], "texture": "#0"},
				"west": {"uv": [11.75, 11.75, 12, 12.25], "texture": "#0"},
				"up": {"uv": [0.75, 13.25, 0.5, 13], "texture": "#0"},
				"down": {"uv": [2, 13, 1.75, 13.25], "texture": "#0"}
			}
		},
		{
			"name": "axe",
			"from": [8.85127, 11.12836, 7.75],
			"to": [10.55127, 12.85336, 8.25],
			"rotation": {"angle": 45, "axis": "z", "origin": [4.41636, 6.81173, 8]},
			"faces": {
				"north": {"uv": [10.25, 6.75, 10.75, 7.25], "texture": "#0"},
				"east": {"uv": [0, 12, 0.25, 12.5], "texture": "#0"},
				"south": {"uv": [9, 10.25, 9.5, 10.75], "texture": "#0"},
				"west": {"uv": [0.25, 12, 0.5, 12.5], "texture": "#0"},
				"up": {"uv": [12.25, 8.75, 11.75, 8.5], "texture": "#0"},
				"down": {"uv": [12.5, 0.25, 12, 0.5], "texture": "#0"}
			}
		},
		{
			"name": "axe",
			"from": [7.85474, 13.4673, 7.75],
			"to": [9.10474, 14.7173, 8.25],
			"rotation": {"angle": 45, "axis": "z", "origin": [4.34011, 6.89595, 8]},
			"faces": {
				"north": {"uv": [13, 1.75, 13.25, 2], "texture": "#0"},
				"east": {"uv": [13, 2.25, 13.25, 2.5], "texture": "#0"},
				"south": {"uv": [13, 2.5, 13.25, 2.75], "texture": "#0"},
				"west": {"uv": [2.75, 13, 3, 13.25], "texture": "#0"},
				"up": {"uv": [13.25, 3, 13, 2.75], "texture": "#0"},
				"down": {"uv": [3.25, 13, 3, 13.25], "texture": "#0"}
			}
		},
		{
			"name": "axe",
			"from": [-1.1301, 14.49465, 7.748],
			"to": [0.2739, 15.84865, 8.252],
			"rotation": {"angle": -22.5, "axis": "z", "origin": [4.94011, 6.39595, 8]},
			"faces": {
				"north": {"uv": [13, 3, 13.25, 3.25], "texture": "#0"},
				"east": {"uv": [13, 3.25, 13.25, 3.5], "texture": "#0"},
				"south": {"uv": [13, 3.5, 13.25, 3.75], "texture": "#0"},
				"west": {"uv": [3.75, 13, 4, 13.25], "texture": "#0"},
				"up": {"uv": [13.25, 4, 13, 3.75], "texture": "#0"},
				"down": {"uv": [4.25, 13, 4, 13.25], "texture": "#0"}
			}
		},
		{
			"name": "axe",
			"from": [3.73245, 15.6813, 7.75],
			"to": [4.23245, 16.8563, 8.25],
			"rotation": {"angle": 0, "axis": "y", "origin": [4.94011, 6.39595, 8]},
			"faces": {
				"north": {"uv": [4.25, 13, 4.5, 13.25], "texture": "#0"},
				"east": {"uv": [13, 4.25, 13.25, 4.5], "texture": "#0"},
				"south": {"uv": [13, 4.5, 13.25, 4.75], "texture": "#0"},
				"west": {"uv": [5, 13, 5.25, 13.25], "texture": "#0"},
				"up": {"uv": [13.25, 5.25, 13, 5], "texture": "#0"},
				"down": {"uv": [5.5, 13, 5.25, 13.25], "texture": "#0"}
			}
		},
		{
			"name": "axe",
			"from": [1.04798, 17.62799, 7.744],
			"to": [2.60998, 19.48999, 8.256],
			"rotation": {"angle": -45, "axis": "z", "origin": [1.84149, 18.66158, 8]},
			"faces": {
				"north": {"uv": [10.25, 9.25, 10.75, 9.75], "texture": "#0"},
				"east": {"uv": [0.5, 12, 0.75, 12.5], "texture": "#0"},
				"south": {"uv": [10.25, 9.75, 10.75, 10.25], "texture": "#0"},
				"west": {"uv": [12, 0.5, 12.25, 1], "texture": "#0"},
				"up": {"uv": [1.25, 12.25, 0.75, 12], "texture": "#0"},
				"down": {"uv": [12.5, 1, 12, 1.25], "texture": "#0"}
			}
		},
		{
			"name": "axe",
			"from": [0.72068, 17.46358, 7.75],
			"to": [1.37068, 18.01358, 8.25],
			"rotation": {"angle": -22.5, "axis": "z", "origin": [1.84149, 18.66158, 8]},
			"faces": {
				"north": {"uv": [13, 5.25, 13.25, 5.5], "texture": "#0"},
				"east": {"uv": [5.5, 13, 5.75, 13.25], "texture": "#0"},
				"south": {"uv": [13, 5.5, 13.25, 5.75], "texture": "#0"},
				"west": {"uv": [13, 5.75, 13.25, 6], "texture": "#0"},
				"up": {"uv": [6.25, 13.25, 6, 13], "texture": "#0"},
				"down": {"uv": [13.25, 6, 13, 6.25], "texture": "#0"}
			}
		},
		{
			"name": "axe",
			"from": [0.35203, 17.3938, 7.748],
			"to": [1.65603, 17.9978, 8.252],
			"rotation": {"angle": 0, "axis": "y", "origin": [1.84149, 18.66158, 8]},
			"faces": {
				"north": {"uv": [6.25, 13, 6.5, 13.25], "texture": "#0"},
				"east": {"uv": [13, 6.25, 13.25, 6.5], "texture": "#0"},
				"south": {"uv": [6.5, 13, 6.75, 13.25], "texture": "#0"},
				"west": {"uv": [6.75, 13, 7, 13.25], "texture": "#0"},
				"up": {"uv": [13.25, 7, 13, 6.75], "texture": "#0"},
				"down": {"uv": [13.25, 7, 13, 7.25], "texture": "#0"}
			}
		},
		{
			"name": "axe",
			"from": [2.24724, 19.07019, 7.748],
			"to": [2.85124, 20.52419, 8.252],
			"rotation": {"angle": -22.5, "axis": "z", "origin": [1.84149, 18.66158, 8]},
			"faces": {
				"north": {"uv": [7.25, 13, 7.5, 13.25], "texture": "#0"},
				"east": {"uv": [13, 7.25, 13.25, 7.5], "texture": "#0"},
				"south": {"uv": [7.5, 13, 7.75, 13.25], "texture": "#0"},
				"west": {"uv": [13, 7.5, 13.25, 7.75], "texture": "#0"},
				"up": {"uv": [8, 13.25, 7.75, 13], "texture": "#0"},
				"down": {"uv": [13.25, 7.75, 13, 8], "texture": "#0"}
			}
		},
		{
			"name": "axe",
			"from": [2.29993, 18.85387, 7.75],
			"to": [3.44993, 19.70387, 8.25],
			"rotation": {"angle": 22.5, "axis": "z", "origin": [1.84149, 18.66158, 8]},
			"faces": {
				"north": {"uv": [8, 13, 8.25, 13.25], "texture": "#0"},
				"east": {"uv": [8.25, 13, 8.5, 13.25], "texture": "#0"},
				"south": {"uv": [8.5, 13, 8.75, 13.25], "texture": "#0"},
				"west": {"uv": [13, 8.5, 13.25, 8.75], "texture": "#0"},
				"up": {"uv": [9, 13.25, 8.75, 13], "texture": "#0"},
				"down": {"uv": [13.25, 8.75, 13, 9], "texture": "#0"}
			}
		},
		{
			"name": "axe",
			"from": [6.40299, 16.52554, 7.75],
			"to": [7.35299, 17.47554, 8.25],
			"rotation": {"angle": 22.5, "axis": "z", "origin": [5.21727, 6.39595, 8]},
			"faces": {
				"north": {"uv": [13, 9, 13.25, 9.25], "texture": "#0"},
				"east": {"uv": [9.25, 13, 9.5, 13.25], "texture": "#0"},
				"south": {"uv": [9.5, 13, 9.75, 13.25], "texture": "#0"},
				"west": {"uv": [9.75, 13, 10, 13.25], "texture": "#0"},
				"up": {"uv": [13.25, 10, 13, 9.75], "texture": "#0"},
				"down": {"uv": [10.25, 13, 10, 13.25], "texture": "#0"}
			}
		},
		{
			"name": "axe",
			"from": [2.15798, 12.08271, 7.746],
			"to": [3.01598, 12.84071, 8.254],
			"rotation": {"angle": 22.5, "axis": "z", "origin": [5.14011, 6.99595, 8]},
			"faces": {
				"north": {"uv": [13, 10, 13.25, 10.25], "texture": "#0"},
				"east": {"uv": [13, 10.25, 13.25, 10.5], "texture": "#0"},
				"south": {"uv": [10.5, 13, 10.75, 13.25], "texture": "#0"},
				"west": {"uv": [13, 10.5, 13.25, 10.75], "texture": "#0"},
				"up": {"uv": [11, 13.25, 10.75, 13], "texture": "#0"},
				"down": {"uv": [11.25, 13, 11, 13.25], "texture": "#0"}
			}
		},
		{
			"name": "axe",
			"from": [0.15203, 11.2522, 7.748],
			"to": [1.50603, 11.7062, 8.252],
			"rotation": {"angle": 0, "axis": "y", "origin": [5.18404, 6.88988, 8]},
			"faces": {
				"north": {"uv": [11.25, 13, 11.5, 13.25], "texture": "#0"},
				"east": {"uv": [13, 11.5, 13.25, 11.75], "texture": "#0"},
				"south": {"uv": [13, 11.75, 13.25, 12], "texture": "#0"},
				"west": {"uv": [13, 12, 13.25, 12.25], "texture": "#0"},
				"up": {"uv": [12.5, 13.25, 12.25, 13], "texture": "#0"},
				"down": {"uv": [13.25, 12.25, 13, 12.5], "texture": "#0"}
			}
		},
		{
			"name": "axe",
			"from": [5.24187, 13.23176, 7.75],
			"to": [5.99187, 13.93176, 8.25],
			"rotation": {"angle": 45, "axis": "z", "origin": [4.39617, 6.80202, 8]},
			"faces": {
				"north": {"uv": [12.5, 13, 12.75, 13.25], "texture": "#0"},
				"east": {"uv": [12.75, 13, 13, 13.25], "texture": "#0"},
				"south": {"uv": [13, 13, 13.25, 13.25], "texture": "#0"},
				"west": {"uv": [0, 13.25, 0.25, 13.5], "texture": "#0"},
				"up": {"uv": [0.5, 13.5, 0.25, 13.25], "texture": "#0"},
				"down": {"uv": [0.75, 13.25, 0.5, 13.5], "texture": "#0"}
			}
		},
		{
			"name": "axe",
			"from": [-2.38391, 10.11476, 7.746],
			"to": [-1.32591, 10.49776, 8.254],
			"rotation": {"angle": -22.5, "axis": "z", "origin": [4.45152, 6.75335, 8]},
			"faces": {
				"north": {"uv": [0.75, 13.25, 1, 13.5], "texture": "#0"},
				"east": {"uv": [1, 13.25, 1.25, 13.5], "texture": "#0"},
				"south": {"uv": [1.25, 13.25, 1.5, 13.5], "texture": "#0"},
				"west": {"uv": [13.25, 1.25, 13.5, 1.5], "texture": "#0"},
				"up": {"uv": [1.75, 13.5, 1.5, 13.25], "texture": "#0"},
				"down": {"uv": [2, 13.25, 1.75, 13.5], "texture": "#0"}
			}
		},
		{
			"name": "axe",
			"from": [-3.70824, 14.3558, 7.75],
			"to": [-2.65824, 14.7308, 8.25],
			"rotation": {"angle": -22.5, "axis": "z", "origin": [4.42869, 6.63855, 8]},
			"faces": {
				"north": {"uv": [13.25, 1.75, 13.5, 2], "texture": "#0"},
				"east": {"uv": [2, 13.25, 2.25, 13.5], "texture": "#0"},
				"south": {"uv": [13.25, 2, 13.5, 2.25], "texture": "#0"},
				"west": {"uv": [2.25, 13.25, 2.5, 13.5], "texture": "#0"},
				"up": {"uv": [13.5, 2.5, 13.25, 2.25], "texture": "#0"},
				"down": {"uv": [2.75, 13.25, 2.5, 13.5], "texture": "#0"}
			}
		},
		{
			"name": "axe",
			"from": [8.14351, 16.69969, 7.746],
			"to": [8.90151, 17.40769, 8.254],
			"rotation": {"angle": 45, "axis": "z", "origin": [4.48404, 6.58988, 8]},
			"faces": {
				"north": {"uv": [13.25, 2.5, 13.5, 2.75], "texture": "#0"},
				"east": {"uv": [2.75, 13.25, 3, 13.5], "texture": "#0"},
				"south": {"uv": [13.25, 2.75, 13.5, 3], "texture": "#0"},
				"west": {"uv": [3, 13.25, 3.25, 13.5], "texture": "#0"},
				"up": {"uv": [13.5, 3.25, 13.25, 3], "texture": "#0"},
				"down": {"uv": [3.5, 13.25, 3.25, 13.5], "texture": "#0"}
			}
		},
		{
			"name": "axe",
			"from": [4.34825, 11.04628, 7.75],
			"to": [5.89825, 12.89628, 8.25],
			"rotation": {"angle": 45, "axis": "z", "origin": [5.14011, 6.99595, 8]},
			"faces": {
				"north": {"uv": [10.25, 10.25, 10.75, 10.75], "texture": "#0"},
				"east": {"uv": [1.25, 12, 1.5, 12.5], "texture": "#0"},
				"south": {"uv": [0, 10.5, 0.5, 11], "texture": "#0"},
				"west": {"uv": [1.5, 12, 1.75, 12.5], "texture": "#0"},
				"up": {"uv": [12.5, 1.5, 12, 1.25], "texture": "#0"},
				"down": {"uv": [12.5, 1.75, 12, 2], "texture": "#0"}
			}
		},
		{
			"name": "axe",
			"from": [-0.58001, 14.71886, 7.742],
			"to": [0.98599, 16.83486, 8.258],
			"rotation": {"angle": 0, "axis": "y", "origin": [4.44011, 6.69595, 8]},
			"faces": {
				"north": {"uv": [0.5, 10.5, 1, 11], "texture": "#0"},
				"east": {"uv": [1.75, 12, 2, 12.5], "texture": "#0"},
				"south": {"uv": [10.5, 0.5, 11, 1], "texture": "#0"},
				"west": {"uv": [12, 2, 12.25, 2.5], "texture": "#0"},
				"up": {"uv": [12.5, 2.75, 12, 2.5], "texture": "#0"},
				"down": {"uv": [12.5, 2.75, 12, 3], "texture": "#0"}
			}
		},
		{
			"name": "axe",
			"from": [-0.58001, 12.46886, 7.742],
			"to": [0.98599, 13.83486, 8.258],
			"rotation": {"angle": 0, "axis": "y", "origin": [4.44011, 6.69595, 8]},
			"faces": {
				"north": {"uv": [12, 3, 12.5, 3.25], "texture": "#0"},
				"east": {"uv": [13.25, 3.25, 13.5, 3.5], "texture": "#0"},
				"south": {"uv": [3.25, 12, 3.75, 12.25], "texture": "#0"},
				"west": {"uv": [3.5, 13.25, 3.75, 13.5], "texture": "#0"},
				"up": {"uv": [12.5, 4, 12, 3.75], "texture": "#0"},
				"down": {"uv": [12.5, 4, 12, 4.25], "texture": "#0"}
			}
		},
		{
			"name": "axe",
			"from": [-0.37801, 13.82086, 7.744],
			"to": [0.68399, 14.73286, 8.256],
			"rotation": {"angle": 0, "axis": "y", "origin": [4.44011, 6.69595, 8]},
			"faces": {
				"north": {"uv": [13.25, 3.5, 13.5, 3.75], "texture": "#0"},
				"east": {"uv": [3.75, 13.25, 4, 13.5], "texture": "#0"},
				"south": {"uv": [13.25, 3.75, 13.5, 4], "texture": "#0"},
				"west": {"uv": [4, 13.25, 4.25, 13.5], "texture": "#0"},
				"up": {"uv": [13.5, 4.25, 13.25, 4], "texture": "#0"},
				"down": {"uv": [4.5, 13.25, 4.25, 13.5], "texture": "#0"}
			}
		},
		{
			"name": "axe",
			"from": [-2.12961, 12.24065, 7.75],
			"to": [-1.85461, 12.79065, 8.25],
			"rotation": {"angle": -22.5, "axis": "z", "origin": [4.42869, 6.63855, 8]},
			"faces": {
				"north": {"uv": [13.25, 4.25, 13.5, 4.5], "texture": "#0"},
				"east": {"uv": [4.5, 13.25, 4.75, 13.5], "texture": "#0"},
				"south": {"uv": [13.25, 4.5, 13.5, 4.75], "texture": "#0"},
				"west": {"uv": [4.75, 13.25, 5, 13.5], "texture": "#0"},
				"up": {"uv": [13.5, 5, 13.25, 4.75], "texture": "#0"},
				"down": {"uv": [5.25, 13.25, 5, 13.5], "texture": "#0"}
			}
		},
		{
			"name": "axe",
			"from": [3.67257, 14.60895, 7.75],
			"to": [3.94757, 15.15895, 8.25],
			"rotation": {"angle": 22.5, "axis": "z", "origin": [4.42869, 6.75335, 8]},
			"faces": {
				"north": {"uv": [13.25, 5, 13.5, 5.25], "texture": "#0"},
				"east": {"uv": [5.25, 13.25, 5.5, 13.5], "texture": "#0"},
				"south": {"uv": [13.25, 5.25, 13.5, 5.5], "texture": "#0"},
				"west": {"uv": [5.5, 13.25, 5.75, 13.5], "texture": "#0"},
				"up": {"uv": [13.5, 5.75, 13.25, 5.5], "texture": "#0"},
				"down": {"uv": [6, 13.25, 5.75, 13.5], "texture": "#0"}
			}
		},
		{
			"name": "axe",
			"from": [-2.92923, 11.36771, 7.746],
			"to": [-2.64623, 11.87571, 8.254],
			"rotation": {"angle": -22.5, "axis": "z", "origin": [4.42282, 6.68406, 8]},
			"faces": {
				"north": {"uv": [13.25, 5.75, 13.5, 6], "texture": "#0"},
				"east": {"uv": [6, 13.25, 6.25, 13.5], "texture": "#0"},
				"south": {"uv": [13.25, 6, 13.5, 6.25], "texture": "#0"},
				"west": {"uv": [6.25, 13.25, 6.5, 13.5], "texture": "#0"},
				"up": {"uv": [13.5, 6.5, 13.25, 6.25], "texture": "#0"},
				"down": {"uv": [6.75, 13.25, 6.5, 13.5], "texture": "#0"}
			}
		},
		{
			"name": "axe",
			"from": [2.89023, 15.537, 7.746],
			"to": [3.17323, 16.045, 8.254],
			"rotation": {"angle": 22.5, "axis": "z", "origin": [4.44011, 6.69595, 8]},
			"faces": {
				"north": {"uv": [13.25, 6.5, 13.5, 6.75], "texture": "#0"},
				"east": {"uv": [6.75, 13.25, 7, 13.5], "texture": "#0"},
				"south": {"uv": [13.25, 6.75, 13.5, 7], "texture": "#0"},
				"west": {"uv": [7, 13.25, 7.25, 13.5], "texture": "#0"},
				"up": {"uv": [13.5, 7.25, 13.25, 7], "texture": "#0"},
				"down": {"uv": [7.5, 13.25, 7.25, 13.5], "texture": "#0"}
			}
		},
		{
			"name": "axe",
			"from": [1.15114, 7.83525, 7.746],
			"to": [2.10914, 8.69325, 8.254],
			"rotation": {"angle": -22.5, "axis": "z", "origin": [5.10759, 7.15942, 8]},
			"faces": {
				"north": {"uv": [13.25, 7.25, 13.5, 7.5], "texture": "#0"},
				"east": {"uv": [7.5, 13.25, 7.75, 13.5], "texture": "#0"},
				"south": {"uv": [13.25, 7.5, 13.5, 7.75], "texture": "#0"},
				"west": {"uv": [7.75, 13.25, 8, 13.5], "texture": "#0"},
				"up": {"uv": [13.5, 8, 13.25, 7.75], "texture": "#0"},
				"down": {"uv": [8.25, 13.25, 8, 13.5], "texture": "#0"}
			}
		},
		{
			"name": "axe",
			"from": [3.52712, 9.75849, 7.748],
			"to": [4.28112, 11.08749, 8.252],
			"rotation": {"angle": 22.5, "axis": "z", "origin": [5.14011, 6.99595, 8]},
			"faces": {
				"north": {"uv": [13.25, 8, 13.5, 8.25], "texture": "#0"},
				"east": {"uv": [8.25, 13.25, 8.5, 13.5], "texture": "#0"},
				"south": {"uv": [13.25, 8.25, 13.5, 8.5], "texture": "#0"},
				"west": {"uv": [8.5, 13.25, 8.75, 13.5], "texture": "#0"},
				"up": {"uv": [13.5, 8.75, 13.25, 8.5], "texture": "#0"},
				"down": {"uv": [9, 13.25, 8.75, 13.5], "texture": "#0"}
			}
		},
		{
			"name": "axe",
			"from": [0.37718, 12.23281, 7.75],
			"to": [1.17718, 12.53281, 8.25],
			"rotation": {"angle": -22.5, "axis": "z", "origin": [4.68809, 7.13435, 8]},
			"faces": {
				"north": {"uv": [13.25, 8.75, 13.5, 9], "texture": "#0"},
				"east": {"uv": [9, 13.25, 9.25, 13.5], "texture": "#0"},
				"south": {"uv": [13.25, 9, 13.5, 9.25], "texture": "#0"},
				"west": {"uv": [9.25, 13.25, 9.5, 13.5], "texture": "#0"},
				"up": {"uv": [13.5, 9.5, 13.25, 9.25], "texture": "#0"},
				"down": {"uv": [9.75, 13.25, 9.5, 13.5], "texture": "#0"}
			}
		},
		{
			"name": "axe",
			"from": [1.86594, 12.23369, 7.75],
			"to": [2.44094, 12.80869, 8.25],
			"rotation": {"angle": 0, "axis": "y", "origin": [4.59115, 7.21991, 8]},
			"faces": {
				"north": {"uv": [13.25, 9.5, 13.5, 9.75], "texture": "#0"},
				"east": {"uv": [9.75, 13.25, 10, 13.5], "texture": "#0"},
				"south": {"uv": [13.25, 9.75, 13.5, 10], "texture": "#0"},
				"west": {"uv": [10, 13.25, 10.25, 13.5], "texture": "#0"},
				"up": {"uv": [13.5, 10.25, 13.25, 10], "texture": "#0"},
				"down": {"uv": [10.5, 13.25, 10.25, 13.5], "texture": "#0"}
			}
		},
		{
			"name": "axe",
			"from": [12.98402, 12.08271, 7.746],
			"to": [13.84202, 12.84071, 8.254],
			"rotation": {"angle": -22.5, "axis": "z", "origin": [10.85989, 6.99595, 8]},
			"faces": {
				"north": {"uv": [13.25, 10, 13, 10.25], "texture": "#0"},
				"east": {"uv": [13.25, 10.5, 13, 10.75], "texture": "#0"},
				"south": {"uv": [10.75, 13, 10.5, 13.25], "texture": "#0"},
				"west": {"uv": [13.25, 10.25, 13, 10.5], "texture": "#0"},
				"up": {"uv": [10.75, 13.25, 11, 13], "texture": "#0"},
				"down": {"uv": [11, 13, 11.25, 13.25], "texture": "#0"}
			}
		},
		{
			"name": "axe",
			"from": [14.49397, 11.2522, 7.748],
			"to": [15.84797, 11.7062, 8.252],
			"rotation": {"angle": 0, "axis": "y", "origin": [10.81596, 6.88988, 8]},
			"faces": {
				"north": {"uv": [11.5, 13, 11.25, 13.25], "texture": "#0"},
				"east": {"uv": [13.25, 12, 13, 12.25], "texture": "#0"},
				"south": {"uv": [13.25, 11.75, 13, 12], "texture": "#0"},
				"west": {"uv": [13.25, 11.5, 13, 11.75], "texture": "#0"},
				"up": {"uv": [12.25, 13.25, 12.5, 13], "texture": "#0"},
				"down": {"uv": [13, 12.25, 13.25, 12.5], "texture": "#0"}
			}
		},
		{
			"name": "axe",
			"from": [11.71888, 9.75849, 7.748],
			"to": [12.47288, 11.08749, 8.252],
			"rotation": {"angle": -22.5, "axis": "z", "origin": [10.85989, 6.99595, 8]},
			"faces": {
				"north": {"uv": [13.5, 8, 13.25, 8.25], "texture": "#0"},
				"east": {"uv": [8.75, 13.25, 8.5, 13.5], "texture": "#0"},
				"south": {"uv": [13.5, 8.25, 13.25, 8.5], "texture": "#0"},
				"west": {"uv": [8.5, 13.25, 8.25, 13.5], "texture": "#0"},
				"up": {"uv": [13.25, 8.75, 13.5, 8.5], "texture": "#0"},
				"down": {"uv": [8.75, 13.25, 9, 13.5], "texture": "#0"}
			}
		},
		{
			"name": "axe",
			"from": [13.89086, 7.83525, 7.746],
			"to": [14.84886, 8.69325, 8.254],
			"rotation": {"angle": 22.5, "axis": "z", "origin": [10.89241, 7.15942, 8]},
			"faces": {
				"north": {"uv": [13.5, 7.25, 13.25, 7.5], "texture": "#0"},
				"east": {"uv": [8, 13.25, 7.75, 13.5], "texture": "#0"},
				"south": {"uv": [13.5, 7.5, 13.25, 7.75], "texture": "#0"},
				"west": {"uv": [7.75, 13.25, 7.5, 13.5], "texture": "#0"},
				"up": {"uv": [13.25, 8, 13.5, 7.75], "texture": "#0"},
				"down": {"uv": [8, 13.25, 8.25, 13.5], "texture": "#0"}
			}
		},
		{
			"name": "axe",
			"from": [10.10175, 11.04628, 7.75],
			"to": [11.65175, 12.89628, 8.25],
			"rotation": {"angle": -45, "axis": "z", "origin": [10.85989, 6.99595, 8]},
			"faces": {
				"north": {"uv": [10.75, 10.25, 10.25, 10.75], "texture": "#0"},
				"east": {"uv": [1.75, 12, 1.5, 12.5], "texture": "#0"},
				"south": {"uv": [0.5, 10.5, 0, 11], "texture": "#0"},
				"west": {"uv": [1.5, 12, 1.25, 12.5], "texture": "#0"},
				"up": {"uv": [12, 1.5, 12.5, 1.25], "texture": "#0"},
				"down": {"uv": [12, 1.75, 12.5, 2], "texture": "#0"}
			}
		},
		{
			"name": "axe",
			"from": [17.32591, 10.11476, 7.746],
			"to": [18.38391, 10.49776, 8.254],
			"rotation": {"angle": 22.5, "axis": "z", "origin": [11.54848, 6.75335, 8]},
			"faces": {
				"north": {"uv": [1, 13.25, 0.75, 13.5], "texture": "#0"},
				"east": {"uv": [13.5, 1.25, 13.25, 1.5], "texture": "#0"},
				"south": {"uv": [1.5, 13.25, 1.25, 13.5], "texture": "#0"},
				"west": {"uv": [1.25, 13.25, 1, 13.5], "texture": "#0"},
				"up": {"uv": [1.5, 13.5, 1.75, 13.25], "texture": "#0"},
				"down": {"uv": [1.75, 13.25, 2, 13.5], "texture": "#0"}
			}
		},
		{
			"name": "axe",
			"from": [10.00813, 13.23176, 7.75],
			"to": [10.75813, 13.93176, 8.25],
			"rotation": {"angle": -45, "axis": "z", "origin": [11.60383, 6.80202, 8]},
			"faces": {
				"north": {"uv": [12.75, 13, 12.5, 13.25], "texture": "#0"},
				"east": {"uv": [0.25, 13.25, 0, 13.5], "texture": "#0"},
				"south": {"uv": [13.25, 13, 13, 13.25], "texture": "#0"},
				"west": {"uv": [13, 13, 12.75, 13.25], "texture": "#0"},
				"up": {"uv": [0.25, 13.5, 0.5, 13.25], "texture": "#0"},
				"down": {"uv": [0.5, 13.25, 0.75, 13.5], "texture": "#0"}
			}
		},
		{
			"name": "axe",
			"from": [15.01401, 12.46886, 7.742],
			"to": [16.58001, 13.83486, 8.258],
			"rotation": {"angle": 0, "axis": "y", "origin": [11.55989, 6.69595, 8]},
			"faces": {
				"north": {"uv": [12.5, 3, 12, 3.25], "texture": "#0"},
				"east": {"uv": [3.75, 13.25, 3.5, 13.5], "texture": "#0"},
				"south": {"uv": [3.75, 12, 3.25, 12.25], "texture": "#0"},
				"west": {"uv": [13.5, 3.25, 13.25, 3.5], "texture": "#0"},
				"up": {"uv": [12, 4, 12.5, 3.75], "texture": "#0"},
				"down": {"uv": [12, 4, 12.5, 4.25], "texture": "#0"}
			}
		},
		{
			"name": "axe",
			"from": [18.64623, 11.36771, 7.746],
			"to": [18.92923, 11.87571, 8.254],
			"rotation": {"angle": 22.5, "axis": "z", "origin": [11.57718, 6.68406, 8]},
			"faces": {
				"north": {"uv": [13.5, 5.75, 13.25, 6], "texture": "#0"},
				"east": {"uv": [6.5, 13.25, 6.25, 13.5], "texture": "#0"},
				"south": {"uv": [13.5, 6, 13.25, 6.25], "texture": "#0"},
				"west": {"uv": [6.25, 13.25, 6, 13.5], "texture": "#0"},
				"up": {"uv": [13.25, 6.5, 13.5, 6.25], "texture": "#0"},
				"down": {"uv": [6.5, 13.25, 6.75, 13.5], "texture": "#0"}
			}
		},
		{
			"name": "axe",
			"from": [12.82677, 15.537, 7.746],
			"to": [13.10977, 16.045, 8.254],
			"rotation": {"angle": -22.5, "axis": "z", "origin": [11.55989, 6.69595, 8]},
			"faces": {
				"north": {"uv": [13.5, 6.5, 13.25, 6.75], "texture": "#0"},
				"east": {"uv": [7.25, 13.25, 7, 13.5], "texture": "#0"},
				"south": {"uv": [13.5, 6.75, 13.25, 7], "texture": "#0"},
				"west": {"uv": [7, 13.25, 6.75, 13.5], "texture": "#0"},
				"up": {"uv": [13.25, 7.25, 13.5, 7], "texture": "#0"},
				"down": {"uv": [7.25, 13.25, 7.5, 13.5], "texture": "#0"}
			}
		},
		{
			"name": "axe",
			"from": [17.85461, 12.24065, 7.75],
			"to": [18.12961, 12.79065, 8.25],
			"rotation": {"angle": 22.5, "axis": "z", "origin": [11.57131, 6.63855, 8]},
			"faces": {
				"north": {"uv": [13.5, 4.25, 13.25, 4.5], "texture": "#0"},
				"east": {"uv": [5, 13.25, 4.75, 13.5], "texture": "#0"},
				"south": {"uv": [13.5, 4.5, 13.25, 4.75], "texture": "#0"},
				"west": {"uv": [4.75, 13.25, 4.5, 13.5], "texture": "#0"},
				"up": {"uv": [13.25, 5, 13.5, 4.75], "texture": "#0"},
				"down": {"uv": [5, 13.25, 5.25, 13.5], "texture": "#0"}
			}
		},
		{
			"name": "axe",
			"from": [12.05243, 14.60895, 7.75],
			"to": [12.32743, 15.15895, 8.25],
			"rotation": {"angle": -22.5, "axis": "z", "origin": [11.57131, 6.75335, 8]},
			"faces": {
				"north": {"uv": [13.5, 5, 13.25, 5.25], "texture": "#0"},
				"east": {"uv": [5.75, 13.25, 5.5, 13.5], "texture": "#0"},
				"south": {"uv": [13.5, 5.25, 13.25, 5.5], "texture": "#0"},
				"west": {"uv": [5.5, 13.25, 5.25, 13.5], "texture": "#0"},
				"up": {"uv": [13.25, 5.75, 13.5, 5.5], "texture": "#0"},
				"down": {"uv": [5.75, 13.25, 6, 13.5], "texture": "#0"}
			}
		},
		{
			"name": "axe",
			"from": [15.31601, 13.82086, 7.744],
			"to": [16.37801, 14.73286, 8.256],
			"rotation": {"angle": 0, "axis": "y", "origin": [11.55989, 6.69595, 8]},
			"faces": {
				"north": {"uv": [13.5, 3.5, 13.25, 3.75], "texture": "#0"},
				"east": {"uv": [4.25, 13.25, 4, 13.5], "texture": "#0"},
				"south": {"uv": [13.5, 3.75, 13.25, 4], "texture": "#0"},
				"west": {"uv": [4, 13.25, 3.75, 13.5], "texture": "#0"},
				"up": {"uv": [13.25, 4.25, 13.5, 4], "texture": "#0"},
				"down": {"uv": [4.25, 13.25, 4.5, 13.5], "texture": "#0"}
			}
		},
		{
			"name": "axe",
			"from": [18.65824, 14.3558, 7.75],
			"to": [19.70824, 14.7308, 8.25],
			"rotation": {"angle": 22.5, "axis": "z", "origin": [11.57131, 6.63855, 8]},
			"faces": {
				"north": {"uv": [13.5, 1.75, 13.25, 2], "texture": "#0"},
				"east": {"uv": [2.5, 13.25, 2.25, 13.5], "texture": "#0"},
				"south": {"uv": [13.5, 2, 13.25, 2.25], "texture": "#0"},
				"west": {"uv": [2.25, 13.25, 2, 13.5], "texture": "#0"},
				"up": {"uv": [13.25, 2.5, 13.5, 2.25], "texture": "#0"},
				"down": {"uv": [2.5, 13.25, 2.75, 13.5], "texture": "#0"}
			}
		},
		{
			"name": "axe",
			"from": [7.09849, 16.69969, 7.746],
			"to": [7.85649, 17.40769, 8.254],
			"rotation": {"angle": -45, "axis": "z", "origin": [11.51596, 6.58988, 8]},
			"faces": {
				"north": {"uv": [13.5, 2.5, 13.25, 2.75], "texture": "#0"},
				"east": {"uv": [3.25, 13.25, 3, 13.5], "texture": "#0"},
				"south": {"uv": [13.5, 2.75, 13.25, 3], "texture": "#0"},
				"west": {"uv": [3, 13.25, 2.75, 13.5], "texture": "#0"},
				"up": {"uv": [13.25, 3.25, 13.5, 3], "texture": "#0"},
				"down": {"uv": [3.25, 13.25, 3.5, 13.5], "texture": "#0"}
			}
		},
		{
			"name": "axe",
			"from": [15.01401, 14.71886, 7.742],
			"to": [16.58001, 16.83486, 8.258],
			"rotation": {"angle": 0, "axis": "y", "origin": [11.55989, 6.69595, 8]},
			"faces": {
				"north": {"uv": [1, 10.5, 0.5, 11], "texture": "#0"},
				"east": {"uv": [12.25, 2, 12, 2.5], "texture": "#0"},
				"south": {"uv": [11, 0.5, 10.5, 1], "texture": "#0"},
				"west": {"uv": [2, 12, 1.75, 12.5], "texture": "#0"},
				"up": {"uv": [12, 2.75, 12.5, 2.5], "texture": "#0"},
				"down": {"uv": [12, 2.75, 12.5, 3], "texture": "#0"}
			}
		},
		{
			"name": "axe",
			"from": [14.62932, 17.46358, 7.75],
			"to": [15.27932, 18.01358, 8.25],
			"rotation": {"angle": 22.5, "axis": "z", "origin": [14.15851, 18.66158, 8]},
			"faces": {
				"north": {"uv": [13.25, 5.25, 13, 5.5], "texture": "#0"},
				"east": {"uv": [13.25, 5.75, 13, 6], "texture": "#0"},
				"south": {"uv": [13.25, 5.5, 13, 5.75], "texture": "#0"},
				"west": {"uv": [5.75, 13, 5.5, 13.25], "texture": "#0"},
				"up": {"uv": [6, 13.25, 6.25, 13], "texture": "#0"},
				"down": {"uv": [13, 6, 13.25, 6.25], "texture": "#0"}
			}
		},
		{
			"name": "axe",
			"from": [14.34397, 17.3938, 7.748],
			"to": [15.64797, 17.9978, 8.252],
			"rotation": {"angle": 0, "axis": "y", "origin": [14.15851, 18.66158, 8]},
			"faces": {
				"north": {"uv": [6.5, 13, 6.25, 13.25], "texture": "#0"},
				"east": {"uv": [7, 13, 6.75, 13.25], "texture": "#0"},
				"south": {"uv": [6.75, 13, 6.5, 13.25], "texture": "#0"},
				"west": {"uv": [13.25, 6.25, 13, 6.5], "texture": "#0"},
				"up": {"uv": [13, 7, 13.25, 6.75], "texture": "#0"},
				"down": {"uv": [13, 7, 13.25, 7.25], "texture": "#0"}
			}
		},
		{
			"name": "axe",
			"from": [13.39002, 17.62799, 7.744],
			"to": [14.95202, 19.48999, 8.256],
			"rotation": {"angle": 45, "axis": "z", "origin": [14.15851, 18.66158, 8]},
			"faces": {
				"north": {"uv": [10.75, 9.25, 10.25, 9.75], "texture": "#0"},
				"east": {"uv": [12.25, 0.5, 12, 1], "texture": "#0"},
				"south": {"uv": [10.75, 9.75, 10.25, 10.25], "texture": "#0"},
				"west": {"uv": [0.75, 12, 0.5, 12.5], "texture": "#0"},
				"up": {"uv": [0.75, 12.25, 1.25, 12], "texture": "#0"},
				"down": {"uv": [12, 1, 12.5, 1.25], "texture": "#0"}
			}
		},
		{
			"name": "axe",
			"from": [12.55007, 18.85387, 7.75],
			"to": [13.70007, 19.70387, 8.25],
			"rotation": {"angle": -22.5, "axis": "z", "origin": [14.15851, 18.66158, 8]},
			"faces": {
				"north": {"uv": [8.25, 13, 8, 13.25], "texture": "#0"},
				"east": {"uv": [13.25, 8.5, 13, 8.75], "texture": "#0"},
				"south": {"uv": [8.75, 13, 8.5, 13.25], "texture": "#0"},
				"west": {"uv": [8.5, 13, 8.25, 13.25], "texture": "#0"},
				"up": {"uv": [8.75, 13.25, 9, 13], "texture": "#0"},
				"down": {"uv": [13, 8.75, 13.25, 9], "texture": "#0"}
			}
		},
		{
			"name": "axe",
			"from": [13.14876, 19.07019, 7.748],
			"to": [13.75276, 20.52419, 8.252],
			"rotation": {"angle": 22.5, "axis": "z", "origin": [14.15851, 18.66158, 8]},
			"faces": {
				"north": {"uv": [7.5, 13, 7.25, 13.25], "texture": "#0"},
				"east": {"uv": [13.25, 7.5, 13, 7.75], "texture": "#0"},
				"south": {"uv": [7.75, 13, 7.5, 13.25], "texture": "#0"},
				"west": {"uv": [13.25, 7.25, 13, 7.5], "texture": "#0"},
				"up": {"uv": [7.75, 13.25, 8, 13], "texture": "#0"},
				"down": {"uv": [13, 7.75, 13.25, 8], "texture": "#0"}
			}
		},
		{
			"name": "axe",
			"from": [13.55906, 12.23369, 7.75],
			"to": [14.13406, 12.80869, 8.25],
			"rotation": {"angle": 0, "axis": "y", "origin": [11.40885, 7.21991, 8]},
			"faces": {
				"north": {"uv": [13.5, 9.5, 13.25, 9.75], "texture": "#0"},
				"east": {"uv": [10.25, 13.25, 10, 13.5], "texture": "#0"},
				"south": {"uv": [13.5, 9.75, 13.25, 10], "texture": "#0"},
				"west": {"uv": [10, 13.25, 9.75, 13.5], "texture": "#0"},
				"up": {"uv": [13.25, 10.25, 13.5, 10], "texture": "#0"},
				"down": {"uv": [10.25, 13.25, 10.5, 13.5], "texture": "#0"}
			}
		},
		{
			"name": "axe",
			"from": [14.82282, 12.23281, 7.75],
			"to": [15.62282, 12.53281, 8.25],
			"rotation": {"angle": 22.5, "axis": "z", "origin": [11.31191, 7.13435, 8]},
			"faces": {
				"north": {"uv": [13.5, 8.75, 13.25, 9], "texture": "#0"},
				"east": {"uv": [9.5, 13.25, 9.25, 13.5], "texture": "#0"},
				"south": {"uv": [13.5, 9, 13.25, 9.25], "texture": "#0"},
				"west": {"uv": [9.25, 13.25, 9, 13.5], "texture": "#0"},
				"up": {"uv": [13.25, 9.5, 13.5, 9.25], "texture": "#0"},
				"down": {"uv": [9.5, 13.25, 9.75, 13.5], "texture": "#0"}
			}
		},
		{
			"name": "axe",
			"from": [16.50045, 9.26783, 7.744],
			"to": [17.36245, 10.62983, 8.256],
			"rotation": {"angle": 45, "axis": "z", "origin": [11.45989, 7.19595, 8]},
			"faces": {
				"north": {"uv": [9.75, 2, 9.5, 2.25], "texture": "#0"},
				"east": {"uv": [8, 9.75, 7.75, 10], "texture": "#0"},
				"south": {"uv": [10, 7.5, 9.75, 7.75], "texture": "#0"},
				"west": {"uv": [9.75, 9.25, 9.5, 9.5], "texture": "#0"},
				"up": {"uv": [5.5, 10.25, 5.75, 10], "texture": "#0"},
				"down": {"uv": [10.25, 7.25, 10.5, 7.5], "texture": "#0"}
			}
		},
		{
			"name": "axe",
			"from": [6.89526, 13.4673, 7.75],
			"to": [8.14526, 14.7173, 8.25],
			"rotation": {"angle": -45, "axis": "z", "origin": [11.65989, 6.89595, 8]},
			"faces": {
				"north": {"uv": [13.25, 1.75, 13, 2], "texture": "#0"},
				"east": {"uv": [3, 13, 2.75, 13.25], "texture": "#0"},
				"south": {"uv": [13.25, 2.5, 13, 2.75], "texture": "#0"},
				"west": {"uv": [13.25, 2.25, 13, 2.5], "texture": "#0"},
				"up": {"uv": [13, 3, 13.25, 2.75], "texture": "#0"},
				"down": {"uv": [3, 13, 3.25, 13.25], "texture": "#0"}
			}
		},
		{
			"name": "axe",
			"from": [8.64701, 16.52554, 7.75],
			"to": [9.59701, 17.47554, 8.25],
			"rotation": {"angle": -22.5, "axis": "z", "origin": [10.78273, 6.39595, 8]},
			"faces": {
				"north": {"uv": [13.25, 9, 13, 9.25], "texture": "#0"},
				"east": {"uv": [10, 13, 9.75, 13.25], "texture": "#0"},
				"south": {"uv": [9.75, 13, 9.5, 13.25], "texture": "#0"},
				"west": {"uv": [9.5, 13, 9.25, 13.25], "texture": "#0"},
				"up": {"uv": [13, 10, 13.25, 9.75], "texture": "#0"},
				"down": {"uv": [10, 13, 10.25, 13.25], "texture": "#0"}
			}
		},
		{
			"name": "axe",
			"from": [15.7261, 14.49465, 7.748],
			"to": [17.1301, 15.84865, 8.252],
			"rotation": {"angle": 22.5, "axis": "z", "origin": [11.05989, 6.39595, 8]},
			"faces": {
				"north": {"uv": [13.25, 3, 13, 3.25], "texture": "#0"},
				"east": {"uv": [4, 13, 3.75, 13.25], "texture": "#0"},
				"south": {"uv": [13.25, 3.5, 13, 3.75], "texture": "#0"},
				"west": {"uv": [13.25, 3.25, 13, 3.5], "texture": "#0"},
				"up": {"uv": [13, 4, 13.25, 3.75], "texture": "#0"},
				"down": {"uv": [4, 13, 4.25, 13.25], "texture": "#0"}
			}
		},
		{
			"name": "axe",
			"from": [11.76755, 15.6813, 7.75],
			"to": [12.26755, 16.8563, 8.25],
			"rotation": {"angle": 0, "axis": "y", "origin": [11.05989, 6.39595, 8]},
			"faces": {
				"north": {"uv": [4.5, 13, 4.25, 13.25], "texture": "#0"},
				"east": {"uv": [5.25, 13, 5, 13.25], "texture": "#0"},
				"south": {"uv": [13.25, 4.5, 13, 4.75], "texture": "#0"},
				"west": {"uv": [13.25, 4.25, 13, 4.5], "texture": "#0"},
				"up": {"uv": [13, 5.25, 13.25, 5], "texture": "#0"},
				"down": {"uv": [5.25, 13, 5.5, 13.25], "texture": "#0"}
			}
		},
		{
			"name": "axe",
			"from": [5.44873, 11.12836, 7.75],
			"to": [7.14873, 12.85336, 8.25],
			"rotation": {"angle": -45, "axis": "z", "origin": [11.58364, 6.81173, 8]},
			"faces": {
				"north": {"uv": [10.75, 6.75, 10.25, 7.25], "texture": "#0"},
				"east": {"uv": [0.5, 12, 0.25, 12.5], "texture": "#0"},
				"south": {"uv": [9.5, 10.25, 9, 10.75], "texture": "#0"},
				"west": {"uv": [0.25, 12, 0, 12.5], "texture": "#0"},
				"up": {"uv": [11.75, 8.75, 12.25, 8.5], "texture": "#0"},
				"down": {"uv": [12, 0.25, 12.5, 0.5], "texture": "#0"}
			}
		},
		{
			"name": "axe",
			"from": [6.9988, 14.26661, 7.75],
			"to": [7.3488, 16.01661, 8.25],
			"rotation": {"angle": -22.5, "axis": "z", "origin": [11.37131, 6.95335, 8]},
			"faces": {
				"north": {"uv": [11.5, 11.75, 11.25, 12.25], "texture": "#0"},
				"east": {"uv": [12, 11.75, 11.75, 12.25], "texture": "#0"},
				"south": {"uv": [11.75, 11.75, 11.5, 12.25], "texture": "#0"},
				"west": {"uv": [12, 11.25, 11.75, 11.75], "texture": "#0"},
				"up": {"uv": [0.5, 13.25, 0.75, 13], "texture": "#0"},
				"down": {"uv": [1.75, 13, 2, 13.25], "texture": "#0"}
			}
		},
		{
			"name": "axe",
			"from": [10.794, 12.994, 7.744],
			"to": [11.506, 15.406, 8.256],
			"rotation": {"angle": 0, "axis": "y", "origin": [11.60989, 6.89595, 8]},
			"faces": {
				"north": {"uv": [9.75, 10.25, 9.5, 10.75], "texture": "#0"},
				"east": {"uv": [11.25, 11.75, 11, 12.25], "texture": "#0"},
				"south": {"uv": [11, 11.75, 10.75, 12.25], "texture": "#0"},
				"west": {"uv": [12, 9, 11.75, 9.5], "texture": "#0"},
				"up": {"uv": [11, 6.5, 11.25, 6.25], "texture": "#0"},
				"down": {"uv": [11.25, 0.25, 11.5, 0.5], "texture": "#0"}
			}
		},
		{
			"name": "axe",
			"from": [8.692, 12.992, 7.742],
			"to": [10.808, 17.008, 8.258],
			"rotation": {"angle": 0, "axis": "y", "origin": [11.65989, 6.89595, 8]},
			"faces": {
				"north": {"uv": [7.5, 2.75, 7, 3.75], "texture": "#0"},
				"east": {"uv": [9, 10.25, 8.75, 11.25], "texture": "#0"},
				"south": {"uv": [5.5, 8.5, 5, 9.5], "texture": "#0"},
				"west": {"uv": [6.25, 10.25, 6, 11.25], "texture": "#0"},
				"up": {"uv": [8, 3.75, 8.5, 3.5], "texture": "#0"},
				"down": {"uv": [11.75, 6.5, 12.25, 6.75], "texture": "#0"}
			}
		},
		{
			"from": [7.1, 14.33234, 6.6],
			"to": [8.9, 16.13234, 9.4],
			"rotation": {"angle": 45, "axis": "z", "origin": [8, 15.23234, 8]},
			"faces": {
				"north": {"uv": [1.5, 10.5, 2, 11], "rotation": 180, "texture": "#0"},
				"east": {"uv": [5, 12, 5.25, 12.5], "rotation": 180, "texture": "#0"},
				"south": {"uv": [10.5, 1.5, 11, 2], "rotation": 180, "texture": "#0"},
				"west": {"uv": [2.25, 12, 2.5, 12.5], "rotation": 180, "texture": "#0"},
				"up": {"uv": [12.5, 5.5, 12, 5.75], "rotation": 180, "texture": "#0"},
				"down": {"uv": [12.5, 5.5, 12, 5.25], "rotation": 180, "texture": "#0"}
			}
		},
		{
			"from": [6.842, 13.542, 7.192],
			"to": [9.158, 16.558, 8.808],
			"rotation": {"angle": 0, "axis": "y", "origin": [7.85316, 19.8315, 2.83898]},
			"faces": {
				"north": {"uv": [9.5, 0.5, 10, 1.25], "texture": "#0"},
				"east": {"uv": [9.5, 1.25, 10, 2], "texture": "#0"},
				"south": {"uv": [5, 9.5, 5.5, 10.25], "texture": "#0"},
				"west": {"uv": [9.5, 7.75, 10, 8.5], "texture": "#0"},
				"up": {"uv": [11, 3.25, 10.5, 2.75], "texture": "#0"},
				"down": {"uv": [3.75, 10.5, 3.25, 11], "texture": "#0"}
			}
		},
		{
			"from": [6.75045, 16.35249, 7.194],
			"to": [7.81245, 17.61449, 8.806],
			"rotation": {"angle": 22.5, "axis": "z", "origin": [8.14684, 19.8315, 2.83898]},
			"faces": {
				"north": {"uv": [13.5, 10.5, 13.25, 10.75], "texture": "#0"},
				"east": {"uv": [12.5, 7, 12, 7.25], "texture": "#0"},
				"south": {"uv": [11, 13.25, 10.75, 13.5], "texture": "#0"},
				"west": {"uv": [12.5, 6.75, 12, 7], "texture": "#0"},
				"up": {"uv": [12, 7.75, 12.25, 7.25], "texture": "#0"},
				"down": {"uv": [12, 7.75, 12.25, 8.25], "texture": "#0"}
			}
		},
		{
			"from": [5.92822, 17.6989, 7.2],
			"to": [6.90322, 18.6739, 8.8],
			"rotation": {"angle": 45, "axis": "z", "origin": [7.85316, 19.8315, 2.83898]},
			"faces": {
				"north": {"uv": [13.25, 10.75, 13.5, 11], "texture": "#0"},
				"east": {"uv": [12, 8.25, 12.5, 8.5], "texture": "#0"},
				"south": {"uv": [11, 13.25, 11.25, 13.5], "texture": "#0"},
				"west": {"uv": [12, 9, 12.5, 9.25], "texture": "#0"},
				"up": {"uv": [12.25, 9.75, 12, 9.25], "texture": "#0"},
				"down": {"uv": [12.25, 9.75, 12, 10.25], "texture": "#0"}
			}
		},
		{
			"from": [8.18955, 16.35449, 7.196],
			"to": [9.24755, 17.61249, 8.804],
			"rotation": {"angle": -22.5, "axis": "z", "origin": [7.85316, 19.8315, 2.83898]},
			"faces": {
				"north": {"uv": [13.25, 10.5, 13.5, 10.75], "texture": "#0"},
				"east": {"uv": [12, 6.75, 12.5, 7], "texture": "#0"},
				"south": {"uv": [10.75, 13.25, 11, 13.5], "texture": "#0"},
				"west": {"uv": [12, 7, 12.5, 7.25], "texture": "#0"},
				"up": {"uv": [12.25, 7.75, 12, 7.25], "texture": "#0"},
				"down": {"uv": [12.25, 7.75, 12, 8.25], "texture": "#0"}
			}
		},
		{
			"from": [6.07621, 14.34027, 6.7],
			"to": [6.32621, 17.54027, 9.3],
			"rotation": {"angle": -45, "axis": "z", "origin": [7.00121, 15.20277, 8]},
			"faces": {
				"north": {"uv": [9.25, 11.75, 9.5, 12.5], "texture": "#0"},
				"east": {"uv": [8.5, 5.75, 9.25, 6.5], "texture": "#0"},
				"south": {"uv": [9.5, 11.75, 9.75, 12.5], "texture": "#0"},
				"west": {"uv": [8.5, 7.75, 9.25, 8.5], "texture": "#0"},
				"up": {"uv": [10, 12.5, 9.75, 11.75], "texture": "#0"},
				"down": {"uv": [12, 9.75, 11.75, 10.5], "texture": "#0"}
			}
		},
		{
			"from": [9.67379, 14.34027, 6.7],
			"to": [9.92379, 17.54027, 9.3],
			"rotation": {"angle": 45, "axis": "z", "origin": [8.99879, 15.20277, 8]},
			"faces": {
				"north": {"uv": [9.5, 11.75, 9.25, 12.5], "texture": "#0"},
				"east": {"uv": [9.25, 7.75, 8.5, 8.5], "texture": "#0"},
				"south": {"uv": [9.75, 11.75, 9.5, 12.5], "texture": "#0"},
				"west": {"uv": [9.25, 5.75, 8.5, 6.5], "texture": "#0"},
				"up": {"uv": [9.75, 12.5, 10, 11.75], "texture": "#0"},
				"down": {"uv": [11.75, 9.75, 12, 10.5], "texture": "#0"}
			}
		},
		{
			"from": [9.61129, 12.92777, 6.7],
			"to": [9.86129, 15.87777, 9.3],
			"rotation": {"angle": -45, "axis": "z", "origin": [8.99879, 15.20277, 8]},
			"faces": {
				"north": {"uv": [5, 11.5, 4.75, 12.25], "texture": "#0"},
				"east": {"uv": [9.25, 3, 8.5, 3.75], "texture": "#0"},
				"south": {"uv": [11.75, 5, 11.5, 5.75], "texture": "#0"},
				"west": {"uv": [9.25, 2.25, 8.5, 3], "texture": "#0"},
				"up": {"uv": [5.25, 12.25, 5.5, 11.5], "texture": "#0"},
				"down": {"uv": [5.5, 11.5, 5.75, 12.25], "texture": "#0"}
			}
		},
		{
			"from": [6.13871, 12.92777, 6.7],
			"to": [6.38871, 15.87777, 9.3],
			"rotation": {"angle": 45, "axis": "z", "origin": [7.00121, 15.20277, 8]},
			"faces": {
				"north": {"uv": [4.75, 11.5, 5, 12.25], "texture": "#0"},
				"east": {"uv": [8.5, 2.25, 9.25, 3], "texture": "#0"},
				"south": {"uv": [11.5, 5, 11.75, 5.75], "texture": "#0"},
				"west": {"uv": [8.5, 3, 9.25, 3.75], "texture": "#0"},
				"up": {"uv": [5.5, 12.25, 5.25, 11.5], "texture": "#0"},
				"down": {"uv": [5.75, 11.5, 5.5, 12.25], "texture": "#0"}
			}
		},
		{
			"from": [2.6434, 14.47954, 7.2],
			"to": [4.2434, 16.07954, 8.8],
			"rotation": {"angle": 45, "axis": "z", "origin": [7.81876, 19.93757, 2.83898]},
			"faces": {
				"north": {"uv": [10.5, 4.25, 11, 4.75], "texture": "#0"},
				"east": {"uv": [10.5, 4.75, 11, 5.25], "texture": "#0"},
				"south": {"uv": [10.5, 5.25, 11, 5.75], "texture": "#0"},
				"west": {"uv": [10.5, 5.75, 11, 6.25], "texture": "#0"},
				"up": {"uv": [7.75, 11, 7.25, 10.5], "texture": "#0"},
				"down": {"uv": [11, 7.25, 10.5, 7.75], "texture": "#0"}
			}
		},
		{
			"from": [7.1, -6, 6.95],
			"to": [8.9, -5, 9.05],
			"rotation": {"angle": 0, "axis": "y", "origin": [7.85316, 9.2815, 2.83898]},
			"faces": {
				"north": {"uv": [12, 4.25, 12.5, 4.5], "texture": "#0"},
				"east": {"uv": [12, 4.5, 12.5, 4.75], "texture": "#0"},
				"south": {"uv": [12, 4.75, 12.5, 5], "texture": "#0"},
				"west": {"uv": [12, 5, 12.5, 5.25], "texture": "#0"},
				"up": {"uv": [1.5, 11, 1, 10.5], "texture": "#0"},
				"down": {"uv": [11, 1, 10.5, 1.5], "texture": "#0"}
			}
		},
		{
			"from": [-4.21582, -3.02443, 7.35],
			"to": [-2.41582, -1.22443, 8.65],
			"rotation": {"angle": 45, "axis": "z", "origin": [7.78245, 9.2815, 2.83898]},
			"faces": {
				"north": {"uv": [1.5, 10.5, 2, 11], "texture": "#0"},
				"east": {"uv": [2.25, 12, 2.5, 12.5], "texture": "#0"},
				"south": {"uv": [10.5, 1.5, 11, 2], "texture": "#0"},
				"west": {"uv": [5, 12, 5.25, 12.5], "texture": "#0"},
				"up": {"uv": [12.5, 5.5, 12, 5.25], "texture": "#0"},
				"down": {"uv": [12.5, 5.5, 12, 5.75], "texture": "#0"}
			}
		},
		{
			"name": "ef",
			"from": [2.58579, -6, 4.41421],
			"to": [6.58579, 24, 4.41421],
			"rotation": {"angle": 45, "axis": "y", "origin": [4.58579, 9, 4.41421]},
			"faces": {
				"north": {"uv": [16, 0, 14, 16], "texture": "#2"},
				"east": {"uv": [0, 0, 0, 4], "texture": "#2"},
				"south": {"uv": [14, 0, 16, 16], "texture": "#2"},
				"west": {"uv": [0, 0, 0, 4], "texture": "#2"},
				"up": {"uv": [2, 0, 1, 0], "texture": "#2"},
				"down": {"uv": [2, 0, 1, 0], "texture": "#2"}
			}
		},
		{
			"name": "ef",
			"from": [6, -6, 3],
			"to": [10, 24, 3],
			"rotation": {"angle": 0, "axis": "y", "origin": [9, 1, 3]},
			"faces": {
				"north": {"uv": [2, 0, 0, 16], "texture": "#2"},
				"east": {"uv": [0, 0, 0, 4], "texture": "#2"},
				"south": {"uv": [0, 0, 2, 16], "texture": "#2"},
				"west": {"uv": [0, 0, 0, 4], "texture": "#2"},
				"up": {"uv": [1, 0, 0, 0], "texture": "#2"},
				"down": {"uv": [1, 0, 0, 0], "texture": "#2"}
			}
		},
		{
			"name": "ef",
			"from": [12.82843, -6, 5.82843],
			"to": [12.82843, 24, 9.82843],
			"rotation": {"angle": 0, "axis": "y", "origin": [12.82843, 9, 7.82843]},
			"faces": {
				"north": {"uv": [0, 0, 0, 4], "texture": "#2"},
				"east": {"uv": [6, 0, 4, 16], "texture": "#2"},
				"south": {"uv": [0, 0, 0, 4], "texture": "#2"},
				"west": {"uv": [4, 0, 6, 16], "texture": "#2"},
				"up": {"uv": [0, 0, 1, 0], "rotation": 270, "texture": "#2"},
				"down": {"uv": [0, 0, 1, 0], "rotation": 90, "texture": "#2"}
			}
		},
		{
			"name": "ef",
			"from": [9.41421, -6, 4.41421],
			"to": [13.41421, 24, 4.41421],
			"rotation": {"angle": -45, "axis": "y", "origin": [11.41421, 9, 4.41421]},
			"faces": {
				"north": {"uv": [4, 0, 2, 16], "texture": "#2"},
				"east": {"uv": [0, 0, 0, 4], "texture": "#2"},
				"south": {"uv": [2, 0, 4, 16], "texture": "#2"},
				"west": {"uv": [0, 0, 0, 4], "texture": "#2"},
				"up": {"uv": [1, 0, 0, 0], "texture": "#2"},
				"down": {"uv": [1, 0, 0, 0], "texture": "#2"}
			}
		},
		{
			"name": "ef",
			"from": [5.99929, -6, 12.65615],
			"to": [9.99929, 24, 12.65615],
			"rotation": {"angle": 0, "axis": "y", "origin": [8.99929, 1, 12.65615]},
			"faces": {
				"north": {"uv": [8, 0, 10, 16], "texture": "#2"},
				"east": {"uv": [0, 0, 0, 4], "texture": "#2"},
				"south": {"uv": [10, 0, 8, 16], "texture": "#2"},
				"west": {"uv": [0, 0, 0, 4], "texture": "#2"},
				"up": {"uv": [1, 0, 0, 0], "texture": "#2"},
				"down": {"uv": [1, 0, 0, 0], "texture": "#2"}
			}
		},
		{
			"name": "ef",
			"from": [9.41351, -6, 11.24193],
			"to": [13.41351, 24, 11.24193],
			"rotation": {"angle": 45, "axis": "y", "origin": [11.41351, 9, 11.24193]},
			"faces": {
				"north": {"uv": [6, 0, 8, 16], "texture": "#2"},
				"east": {"uv": [0, 0, 0, 4], "texture": "#2"},
				"south": {"uv": [8, 0, 6, 16], "texture": "#2"},
				"west": {"uv": [0, 0, 0, 4], "texture": "#2"},
				"up": {"uv": [1, 0, 0, 0], "texture": "#2"},
				"down": {"uv": [1, 0, 0, 0], "texture": "#2"}
			}
		},
		{
			"name": "ef",
			"from": [2.58649, -6, 11.24193],
			"to": [6.58649, 24, 11.24193],
			"rotation": {"angle": -45, "axis": "y", "origin": [4.58649, 9, 11.24193]},
			"faces": {
				"north": {"uv": [10, 0, 12, 16], "texture": "#2"},
				"east": {"uv": [0, 0, 0, 4], "texture": "#2"},
				"south": {"uv": [12, 0, 10, 16], "texture": "#2"},
				"west": {"uv": [0, 0, 0, 4], "texture": "#2"},
				"up": {"uv": [2, 0, 1, 0], "texture": "#2"},
				"down": {"uv": [2, 0, 1, 0], "texture": "#2"}
			}
		},
		{
			"name": "ef",
			"from": [3.17157, -6, 5.82843],
			"to": [3.17157, 24, 9.82843],
			"rotation": {"angle": 0, "axis": "y", "origin": [3.17157, 9, 7.82843]},
			"faces": {
				"north": {"uv": [0, 0, 0, 4], "texture": "#2"},
				"east": {"uv": [12, 0, 14, 16], "texture": "#2"},
				"south": {"uv": [0, 0, 0, 4], "texture": "#2"},
				"west": {"uv": [14, 0, 12, 16], "texture": "#2"},
				"up": {"uv": [0, 0, 1, 0], "rotation": 270, "texture": "#2"},
				"down": {"uv": [0, 0, 1, 0], "rotation": 90, "texture": "#2"}
			}
		}
	],
	"gui_light": "front",
	"display": {
		"thirdperson_righthand": {
			"rotation": [0, 90, 0],
			"translation": [0, 5.25, 1.75]
		},
		"thirdperson_lefthand": {
			"rotation": [0, 90, 0],
			"translation": [0, 5.25, 1.75]
		},
		"firstperson_righthand": {
			"rotation": [-6.58, -69.6, -16.38],
			"translation": [-3, 5.5, 1.75],
			"scale": [0.56, 0.56, 0.56]
		},
		"firstperson_lefthand": {
			"rotation": [-6.58, -69.6, -16.38],
			"translation": [-3, 5.5, 1.75],
			"scale": [0.56, 0.56, 0.56]
		},
		"ground": {
			"rotation": [0, 0, 45],
			"translation": [0, 3, 0],
			"scale": [0.52, 0.52, 0.52]
		},
		"gui": {
			"rotation": [0, 0, -45],
			"translation": [-0.5, -0.75, 0],
			"scale": [0.64, 0.64, 0.64]
		},
		"head": {
			"scale": [0, 0, 0]
		},
		"fixed": {
			"translation": [0, 1.75, -2],
			"scale": [0.73, 0.73, 0.73]
		}
	},
	"groups": [
		{
			"name": "axevoid",
			"origin": [2.4151, 11.71282, 8],
			"color": 0,
			"nbt": "{}",
			"armAnimationEnabled": false,
			"children": [
				0,
				1,
				2,
				3,
				4,
				5,
				6,
				7,
				8,
				9,
				10,
				11,
				12,
				13,
				14,
				15,
				16,
				17,
				18,
				19,
				20,
				21,
				22,
				23,
				24,
				25,
				26,
				27,
				28,
				29,
				30,
				31,
				32,
				33,
				34,
				35,
				36,
				37,
				38,
				39,
				40,
				41,
				42,
				43,
				44,
				45,
				46,
				47,
				48,
				49,
				50,
				51,
				52,
				53,
				54,
				55,
				56,
				57,
				58,
				59,
				60,
				61,
				62,
				63,
				64,
				65,
				66,
				67,
				68,
				69,
				70,
				71,
				72,
				73,
				74,
				75,
				76,
				77,
				78,
				79,
				80,
				81,
				82,
				83,
				84
			]
		}
	]
}