{
	"credit": "Made with Blockbench",
	"textures": {
		"2": "item/magma/magma_np_set"
	},
	"elements": [
		{
			"from": [5.7387, 4.08108, 6.894],
			"to": [13.4507, 11.79308, 7.956],
			"rotation": {"angle": 45, "axis": "z", "origin": [4.79527, 7.66983, 8.2125]},
			"faces": {
				"north": {"uv": [6.75, 3.125, 7.75, 4.125], "texture": "#2"},
				"east": {"uv": [10.875, 3.75, 11, 4.75], "texture": "#2"},
				"south": {"uv": [6.75, 4.875, 7.75, 5.875], "texture": "#2"},
				"west": {"uv": [5.875, 10.875, 6, 11.875], "texture": "#2"},
				"up": {"uv": [11.875, 0.5, 10.875, 0.375], "texture": "#2"},
				"down": {"uv": [11.875, 0.5, 10.875, 0.625], "texture": "#2"}
			}
		},
		{
			"from": [1.86555, 0.47005, 6.898],
			"to": [6.20955, 9.22405, 7.952],
			"rotation": {"angle": 22.5, "axis": "z", "origin": [4.79527, 7.66983, 8.2125]},
			"faces": {
				"north": {"uv": [1, 8.125, 1.5, 9.25], "texture": "#2"},
				"east": {"uv": [9.5, 10.625, 9.625, 11.75], "texture": "#2"},
				"south": {"uv": [1.5, 8.125, 2, 9.25], "texture": "#2"},
				"west": {"uv": [9.625, 10.625, 9.75, 11.75], "texture": "#2"},
				"up": {"uv": [7.75, 3.125, 7.25, 3], "texture": "#2"},
				"down": {"uv": [12, 4.625, 11.5, 4.75], "texture": "#2"}
			}
		},
		{
			"from": [9.79245, 0.47205, 6.9],
			"to": [14.13245, 9.22205, 7.95],
			"rotation": {"angle": -22.5, "axis": "z", "origin": [11.20473, 7.66983, 8.2125]},
			"faces": {
				"north": {"uv": [3.125, 8.625, 3.625, 9.75], "texture": "#2"},
				"east": {"uv": [0.875, 10.75, 1, 11.875], "texture": "#2"},
				"south": {"uv": [3.625, 8.625, 4.125, 9.75], "texture": "#2"},
				"west": {"uv": [9.25, 10.75, 9.375, 11.875], "texture": "#2"},
				"up": {"uv": [12.25, 4.625, 11.75, 4.5], "texture": "#2"},
				"down": {"uv": [12.375, 0.5, 11.875, 0.625], "texture": "#2"}
			}
		},
		{
			"from": [2.91355, -2.33195, 7.106],
			"to": [4.11155, 0.47605, 7.814],
			"rotation": {"angle": 22.5, "axis": "z", "origin": [4.79527, 7.66983, 8.2125]},
			"faces": {
				"north": {"uv": [0.375, 12, 0.5, 12.375], "texture": "#2"},
				"east": {"uv": [0.625, 12, 0.75, 12.375], "texture": "#2"},
				"south": {"uv": [12, 2, 12.125, 2.375], "texture": "#2"},
				"west": {"uv": [12, 2.375, 12.125, 2.75], "texture": "#2"},
				"up": {"uv": [6.625, 12.5, 6.5, 12.375], "texture": "#2"},
				"down": {"uv": [12.5, 6.5, 12.375, 6.625], "texture": "#2"}
			}
		},
		{
			"from": [0.40707, 4.87667, 7.104],
			"to": [1.95907, 6.42867, 7.816],
			"rotation": {"angle": 22.5, "axis": "z", "origin": [4.79527, 7.66983, 8.2125]},
			"faces": {
				"north": {"uv": [1.25, 11.625, 1.5, 11.875], "texture": "#2"},
				"east": {"uv": [9.625, 12.125, 9.75, 12.375], "texture": "#2"},
				"south": {"uv": [1.5, 11.625, 1.75, 11.875], "texture": "#2"},
				"west": {"uv": [9.75, 12.125, 9.875, 12.375], "texture": "#2"},
				"up": {"uv": [12.375, 9.625, 12.125, 9.5], "texture": "#2"},
				"down": {"uv": [10.375, 12.125, 10.125, 12.25], "texture": "#2"}
			}
		},
		{
			"from": [0.73245, 5.67475, 7.104],
			"to": [2.63445, 7.92675, 7.816],
			"rotation": {"angle": 0, "axis": "y", "origin": [4.79527, 7.66983, 8.2125]},
			"faces": {
				"north": {"uv": [2.875, 11.625, 3.125, 11.875], "texture": "#2"},
				"east": {"uv": [11, 12.125, 11.125, 12.375], "texture": "#2"},
				"south": {"uv": [11.625, 3, 11.875, 3.25], "texture": "#2"},
				"west": {"uv": [12.125, 11.375, 12.25, 11.625], "texture": "#2"},
				"up": {"uv": [11.75, 12.25, 11.5, 12.125], "texture": "#2"},
				"down": {"uv": [12.375, 11.625, 12.125, 11.75], "texture": "#2"}
			}
		},
		{
			"from": [1.09464, 7.38035, 7.104],
			"to": [4.39664, 11.03235, 7.816],
			"rotation": {"angle": -22.5, "axis": "z", "origin": [4.79527, 7.66983, 8.2125]},
			"faces": {
				"north": {"uv": [7.375, 6.5, 7.75, 7], "texture": "#2"},
				"east": {"uv": [1.875, 11.625, 2, 12.125], "texture": "#2"},
				"south": {"uv": [9.5, 10.125, 9.875, 10.625], "texture": "#2"},
				"west": {"uv": [11.625, 3.25, 11.75, 3.75], "texture": "#2"},
				"up": {"uv": [12.375, 4.125, 12, 4], "texture": "#2"},
				"down": {"uv": [12.375, 4.125, 12, 4.25], "texture": "#2"}
			}
		},
		{
			"from": [1.26939, 8.81781, 7.106],
			"to": [2.64239, 12.74581, 7.814],
			"rotation": {"angle": 0, "axis": "y", "origin": [4.79527, 7.66983, 8.2125]},
			"faces": {
				"north": {"uv": [11.625, 3.75, 11.75, 4.25], "texture": "#2"},
				"east": {"uv": [4.125, 11.625, 4.25, 12.125], "texture": "#2"},
				"south": {"uv": [4.25, 11.625, 4.375, 12.125], "texture": "#2"},
				"west": {"uv": [4.75, 11.625, 4.875, 12.125], "texture": "#2"},
				"up": {"uv": [7, 12.5, 6.875, 12.375], "texture": "#2"},
				"down": {"uv": [12.5, 6.875, 12.375, 7], "texture": "#2"}
			}
		},
		{
			"from": [-0.39948, 11.00796, 7.11],
			"to": [0.82552, 12.47796, 7.81],
			"rotation": {"angle": -22.5, "axis": "z", "origin": [4.79527, 7.66983, 8.2125]},
			"faces": {
				"north": {"uv": [7, 12.375, 7.125, 12.5], "texture": "#2"},
				"east": {"uv": [7.125, 12.375, 7.25, 12.5], "texture": "#2"},
				"south": {"uv": [7.25, 12.375, 7.375, 12.5], "texture": "#2"},
				"west": {"uv": [12.375, 7.25, 12.5, 7.375], "texture": "#2"},
				"up": {"uv": [7.5, 12.5, 7.375, 12.375], "texture": "#2"},
				"down": {"uv": [12.5, 7.375, 12.375, 7.5], "texture": "#2"}
			}
		},
		{
			"from": [0.59819, 3.6797, 7.11],
			"to": [3.18819, 5.2897, 7.81],
			"rotation": {"angle": -45, "axis": "z", "origin": [4.79527, 7.66983, 8.2125]},
			"faces": {
				"north": {"uv": [11.125, 10.375, 11.5, 10.625], "texture": "#2"},
				"east": {"uv": [11.75, 12.125, 11.875, 12.375], "texture": "#2"},
				"south": {"uv": [11.125, 10.75, 11.5, 11], "texture": "#2"},
				"west": {"uv": [11.875, 12.125, 12, 12.375], "texture": "#2"},
				"up": {"uv": [12.375, 1.125, 12, 1], "texture": "#2"},
				"down": {"uv": [12.375, 1.375, 12, 1.5], "texture": "#2"}
			}
		},
		{
			"from": [2.19741, 2.21927, 7.11],
			"to": [3.73741, 3.75927, 7.81],
			"rotation": {"angle": -22.5, "axis": "z", "origin": [4.79527, 7.66983, 8.2125]},
			"faces": {
				"north": {"uv": [11.625, 1.5, 11.875, 1.75], "texture": "#2"},
				"east": {"uv": [10.375, 12.125, 10.5, 12.375], "texture": "#2"},
				"south": {"uv": [11.625, 1.75, 11.875, 2], "texture": "#2"},
				"west": {"uv": [12.125, 10.375, 12.25, 10.625], "texture": "#2"},
				"up": {"uv": [12.375, 10.75, 12.125, 10.625], "texture": "#2"},
				"down": {"uv": [11, 12.125, 10.75, 12.25], "texture": "#2"}
			}
		},
		{
			"from": [17.45497, 2.56997, 7.208],
			"to": [19.13497, 4.24997, 7.768],
			"rotation": {"angle": -45, "axis": "z", "origin": [11.20473, 6.41983, 8.2125]},
			"faces": {
				"north": {"uv": [7.625, 11.625, 7.375, 11.875], "texture": "#2"},
				"east": {"uv": [2.875, 12.25, 2.75, 12.5], "texture": "#2"},
				"south": {"uv": [7.875, 11.625, 7.625, 11.875], "texture": "#2"},
				"west": {"uv": [2.625, 12.25, 2.5, 12.5], "texture": "#2"},
				"up": {"uv": [12.25, 2.875, 12.5, 2.75], "texture": "#2"},
				"down": {"uv": [2.875, 12.25, 3.125, 12.375], "texture": "#2"}
			}
		},
		{
			"from": [13.53, 0.002, 6.928],
			"to": [14.65, 0.842, 8.048],
			"rotation": {"angle": 45, "axis": "y", "origin": [14.09, 0.422, 7.488]},
			"faces": {
				"north": {"uv": [12.5, 8.75, 12.375, 8.875], "texture": "#2"},
				"east": {"uv": [9.125, 12.375, 9, 12.5], "texture": "#2"},
				"south": {"uv": [12.5, 8.875, 12.375, 9], "texture": "#2"},
				"west": {"uv": [9, 12.375, 8.875, 12.5], "texture": "#2"},
				"up": {"uv": [12.375, 9.125, 12.5, 9], "texture": "#2"},
				"down": {"uv": [12.375, 9.125, 12.5, 9.25], "texture": "#2"}
			}
		},
		{
			"from": [13.67, 0.842, 7.152],
			"to": [14.51, 1.402, 7.824],
			"rotation": {"angle": 0, "axis": "y", "origin": [14.09, 3.212, 7.488]},
			"faces": {
				"north": {"uv": [2.25, 12.5, 2.125, 12.625], "texture": "#2"},
				"east": {"uv": [12.625, 2.25, 12.5, 2.375], "texture": "#2"},
				"south": {"uv": [2.375, 12.5, 2.25, 12.625], "texture": "#2"},
				"west": {"uv": [12.625, 2.125, 12.5, 2.25], "texture": "#2"},
				"up": {"uv": [2.375, 12.625, 2.5, 12.5], "texture": "#2"},
				"down": {"uv": [12.5, 2.375, 12.625, 2.5], "texture": "#2"}
			}
		},
		{
			"from": [13.67, 2.522, 7.152],
			"to": [14.51, 3.082, 7.824],
			"rotation": {"angle": 0, "axis": "y", "origin": [14.09, 3.212, 7.488]},
			"faces": {
				"north": {"uv": [12.625, 1.25, 12.5, 1.375], "texture": "#2"},
				"east": {"uv": [1.75, 12.5, 1.625, 12.625], "texture": "#2"},
				"south": {"uv": [1.625, 12.5, 1.5, 12.625], "texture": "#2"},
				"west": {"uv": [1.5, 12.5, 1.375, 12.625], "texture": "#2"},
				"up": {"uv": [1.875, 12.625, 2, 12.5], "texture": "#2"},
				"down": {"uv": [12.5, 1.875, 12.625, 2], "texture": "#2"}
			}
		},
		{
			"from": [14.51, 0.842, 7.152],
			"to": [15.07, 3.082, 7.824],
			"rotation": {"angle": 0, "axis": "y", "origin": [14.09, 3.212, 7.488]},
			"faces": {
				"north": {"uv": [2.75, 12.375, 2.625, 12.625], "texture": "#2"},
				"east": {"uv": [3.125, 12.375, 3, 12.625], "texture": "#2"},
				"south": {"uv": [12.5, 2.875, 12.375, 3.125], "texture": "#2"},
				"west": {"uv": [3, 12.375, 2.875, 12.625], "texture": "#2"},
				"up": {"uv": [2.5, 12.625, 2.625, 12.5], "texture": "#2"},
				"down": {"uv": [12.5, 2.5, 12.625, 2.625], "texture": "#2"}
			}
		},
		{
			"from": [13.11, 0.842, 7.152],
			"to": [13.67, 3.082, 7.824],
			"rotation": {"angle": 0, "axis": "y", "origin": [14.09, 3.212, 7.488]},
			"faces": {
				"north": {"uv": [1.875, 12.375, 1.75, 12.625], "texture": "#2"},
				"east": {"uv": [12.5, 2.375, 12.375, 2.625], "texture": "#2"},
				"south": {"uv": [12.5, 2.125, 12.375, 2.375], "texture": "#2"},
				"west": {"uv": [12.5, 1.875, 12.375, 2.125], "texture": "#2"},
				"up": {"uv": [2, 12.625, 2.125, 12.5], "texture": "#2"},
				"down": {"uv": [12.5, 2, 12.625, 2.125], "texture": "#2"}
			}
		},
		{
			"from": [13.754, 2.092, 6.508],
			"to": [14.426, 4.332, 7.068],
			"rotation": {"angle": 0, "axis": "y", "origin": [11.20473, 7.66983, 8.2125]},
			"faces": {
				"north": {"uv": [12.375, 1.5, 12.25, 1.75], "texture": "#2"},
				"east": {"uv": [2.125, 12.25, 2, 12.5], "texture": "#2"},
				"south": {"uv": [2, 12.25, 1.875, 12.5], "texture": "#2"},
				"west": {"uv": [12.375, 1.75, 12.25, 2], "texture": "#2"},
				"up": {"uv": [12.375, 7.625, 12.5, 7.5], "texture": "#2"},
				"down": {"uv": [12.375, 7.625, 12.5, 7.75], "texture": "#2"}
			}
		},
		{
			"from": [12.26259, 2.21927, 7.11],
			"to": [13.80259, 3.75927, 7.81],
			"rotation": {"angle": 22.5, "axis": "z", "origin": [11.20473, 7.66983, 8.2125]},
			"faces": {
				"north": {"uv": [11.875, 1.5, 11.625, 1.75], "texture": "#2"},
				"east": {"uv": [12.25, 10.375, 12.125, 10.625], "texture": "#2"},
				"south": {"uv": [11.875, 1.75, 11.625, 2], "texture": "#2"},
				"west": {"uv": [10.5, 12.125, 10.375, 12.375], "texture": "#2"},
				"up": {"uv": [12.125, 10.75, 12.375, 10.625], "texture": "#2"},
				"down": {"uv": [10.75, 12.125, 11, 12.25], "texture": "#2"}
			}
		},
		{
			"from": [14.04093, 4.87667, 7.104],
			"to": [15.59293, 6.42867, 7.816],
			"rotation": {"angle": -22.5, "axis": "z", "origin": [11.20473, 7.66983, 8.2125]},
			"faces": {
				"north": {"uv": [1.5, 11.625, 1.25, 11.875], "texture": "#2"},
				"east": {"uv": [9.875, 12.125, 9.75, 12.375], "texture": "#2"},
				"south": {"uv": [1.75, 11.625, 1.5, 11.875], "texture": "#2"},
				"west": {"uv": [9.75, 12.125, 9.625, 12.375], "texture": "#2"},
				"up": {"uv": [12.125, 9.625, 12.375, 9.5], "texture": "#2"},
				"down": {"uv": [10.125, 12.125, 10.375, 12.25], "texture": "#2"}
			}
		},
		{
			"from": [12.81181, 3.6797, 7.11],
			"to": [15.40181, 5.2897, 7.81],
			"rotation": {"angle": 45, "axis": "z", "origin": [11.20473, 7.66983, 8.2125]},
			"faces": {
				"north": {"uv": [11.5, 10.375, 11.125, 10.625], "texture": "#2"},
				"east": {"uv": [12, 12.125, 11.875, 12.375], "texture": "#2"},
				"south": {"uv": [11.5, 10.75, 11.125, 11], "texture": "#2"},
				"west": {"uv": [11.875, 12.125, 11.75, 12.375], "texture": "#2"},
				"up": {"uv": [12, 1.125, 12.375, 1], "texture": "#2"},
				"down": {"uv": [12, 1.375, 12.375, 1.5], "texture": "#2"}
			}
		},
		{
			"from": [13.36555, 5.67475, 7.104],
			"to": [15.26755, 7.92675, 7.816],
			"rotation": {"angle": 0, "axis": "y", "origin": [11.20473, 7.66983, 8.2125]},
			"faces": {
				"north": {"uv": [3.125, 11.625, 2.875, 11.875], "texture": "#2"},
				"east": {"uv": [12.25, 11.375, 12.125, 11.625], "texture": "#2"},
				"south": {"uv": [11.875, 3, 11.625, 3.25], "texture": "#2"},
				"west": {"uv": [11.125, 12.125, 11, 12.375], "texture": "#2"},
				"up": {"uv": [11.5, 12.25, 11.75, 12.125], "texture": "#2"},
				"down": {"uv": [12.125, 11.625, 12.375, 11.75], "texture": "#2"}
			}
		},
		{
			"from": [9.65, 4.55, 5.92],
			"to": [10.35, 6.3, 6.83],
			"rotation": {"angle": 0, "axis": "y", "origin": [8, 6.425, 6.375]},
			"faces": {
				"north": {"uv": [8.875, 12.125, 8.75, 12.375], "texture": "#2"},
				"east": {"uv": [9.625, 12.125, 9.5, 12.375], "texture": "#2"},
				"south": {"uv": [12.25, 9.25, 12.125, 9.5], "texture": "#2"},
				"west": {"uv": [12.25, 9, 12.125, 9.25], "texture": "#2"},
				"up": {"uv": [6.75, 12.5, 6.875, 12.375], "texture": "#2"},
				"down": {"uv": [12.375, 6.75, 12.5, 6.875], "texture": "#2"}
			}
		},
		{
			"from": [11.62012, 6.25467, 6.65],
			"to": [13.57012, 7.07967, 7.25],
			"rotation": {"angle": -45, "axis": "z", "origin": [12.62012, 6.57967, 6.95]},
			"faces": {
				"north": {"uv": [1.75, 12.375, 1.5, 12.5], "texture": "#2"},
				"east": {"uv": [1.375, 12.5, 1.25, 12.625], "texture": "#2"},
				"south": {"uv": [12.625, 1.5, 12.375, 1.625], "texture": "#2"},
				"west": {"uv": [12.625, 1.125, 12.5, 1.25], "texture": "#2"},
				"up": {"uv": [12.375, 1.75, 12.625, 1.625], "texture": "#2"},
				"down": {"uv": [12.375, 1.75, 12.625, 1.875], "texture": "#2"}
			}
		},
		{
			"from": [7.93534, 5.65911, 6.442],
			"to": [10.95134, 7.67511, 7.458],
			"rotation": {"angle": 22.5, "axis": "z", "origin": [9.44334, 6.66711, 6.95]},
			"faces": {
				"north": {"uv": [11.75, 6.5, 11.375, 6.75], "texture": "#2"},
				"east": {"uv": [1, 12.375, 0.875, 12.625], "texture": "#2"},
				"south": {"uv": [11.75, 6.75, 11.375, 7], "texture": "#2"},
				"west": {"uv": [0.875, 12.375, 0.75, 12.625], "texture": "#2"},
				"up": {"uv": [12, 8.75, 12.375, 8.625], "texture": "#2"},
				"down": {"uv": [12, 8.75, 12.375, 8.875], "texture": "#2"}
			}
		},
		{
			"from": [10.43734, 6.31111, 6.444],
			"to": [12.44934, 7.82311, 7.456],
			"rotation": {"angle": 0, "axis": "y", "origin": [9.44334, 6.66711, 6.95]},
			"faces": {
				"north": {"uv": [2.75, 11.875, 2.5, 12.125], "texture": "#2"},
				"east": {"uv": [12.5, 1.125, 12.375, 1.375], "texture": "#2"},
				"south": {"uv": [3, 11.875, 2.75, 12.125], "texture": "#2"},
				"west": {"uv": [12.5, 0.875, 12.375, 1.125], "texture": "#2"},
				"up": {"uv": [1.25, 12.5, 1.5, 12.375], "texture": "#2"},
				"down": {"uv": [12.375, 1.375, 12.625, 1.5], "texture": "#2"}
			}
		},
		{
			"from": [15.17448, 11.00796, 7.11],
			"to": [16.39948, 12.47796, 7.81],
			"rotation": {"angle": 22.5, "axis": "z", "origin": [11.20473, 7.66983, 8.2125]},
			"faces": {
				"north": {"uv": [7.125, 12.375, 7, 12.5], "texture": "#2"},
				"east": {"uv": [12.5, 7.25, 12.375, 7.375], "texture": "#2"},
				"south": {"uv": [7.375, 12.375, 7.25, 12.5], "texture": "#2"},
				"west": {"uv": [7.25, 12.375, 7.125, 12.5], "texture": "#2"},
				"up": {"uv": [7.375, 12.5, 7.5, 12.375], "texture": "#2"},
				"down": {"uv": [12.375, 7.375, 12.5, 7.5], "texture": "#2"}
			}
		},
		{
			"from": [13.35761, 8.81781, 7.106],
			"to": [14.73061, 12.74581, 7.814],
			"rotation": {"angle": 0, "axis": "y", "origin": [11.20473, 7.66983, 8.2125]},
			"faces": {
				"north": {"uv": [11.75, 3.75, 11.625, 4.25], "texture": "#2"},
				"east": {"uv": [4.875, 11.625, 4.75, 12.125], "texture": "#2"},
				"south": {"uv": [4.375, 11.625, 4.25, 12.125], "texture": "#2"},
				"west": {"uv": [4.25, 11.625, 4.125, 12.125], "texture": "#2"},
				"up": {"uv": [6.875, 12.5, 7, 12.375], "texture": "#2"},
				"down": {"uv": [12.375, 6.875, 12.5, 7], "texture": "#2"}
			}
		},
		{
			"from": [11.60336, 7.38035, 7.104],
			"to": [14.90536, 11.03235, 7.816],
			"rotation": {"angle": 22.5, "axis": "z", "origin": [11.20473, 7.66983, 8.2125]},
			"faces": {
				"north": {"uv": [7.75, 6.5, 7.375, 7], "texture": "#2"},
				"east": {"uv": [11.75, 3.25, 11.625, 3.75], "texture": "#2"},
				"south": {"uv": [9.875, 10.125, 9.5, 10.625], "texture": "#2"},
				"west": {"uv": [2, 11.625, 1.875, 12.125], "texture": "#2"},
				"up": {"uv": [12, 4.125, 12.375, 4], "texture": "#2"},
				"down": {"uv": [12, 4.125, 12.375, 4.25], "texture": "#2"}
			}
		},
		{
			"from": [10.36473, 12.17194, 7.102],
			"to": [11.92073, 13.72794, 7.818],
			"rotation": {"angle": 45, "axis": "z", "origin": [4.79527, 7.66983, 8.2125]},
			"faces": {
				"north": {"uv": [11.625, 4.75, 11.875, 5], "texture": "#2"},
				"east": {"uv": [0, 12.25, 0.125, 12.5], "texture": "#2"},
				"south": {"uv": [4.875, 11.625, 5.125, 11.875], "texture": "#2"},
				"west": {"uv": [12.25, 0, 12.375, 0.25], "texture": "#2"},
				"up": {"uv": [12.375, 12.125, 12.125, 12], "texture": "#2"},
				"down": {"uv": [12.5, 0.25, 12.25, 0.375], "texture": "#2"}
			}
		},
		{
			"from": [4.78, 13.11949, 7.11],
			"to": [6.32, 15.70949, 7.81],
			"rotation": {"angle": 0, "axis": "y", "origin": [4.79527, 7.66983, 8.2125]},
			"faces": {
				"north": {"uv": [11, 11.125, 11.25, 11.5], "texture": "#2"},
				"east": {"uv": [4, 12, 4.125, 12.375], "texture": "#2"},
				"south": {"uv": [1, 11.25, 1.25, 11.625], "texture": "#2"},
				"west": {"uv": [4.5, 12, 4.625, 12.375], "texture": "#2"},
				"up": {"uv": [12.375, 12, 12.125, 11.875], "texture": "#2"},
				"down": {"uv": [12.25, 12.125, 12, 12.25], "texture": "#2"}
			}
		},
		{
			"from": [9.68, 13.11949, 7.11],
			"to": [11.22, 15.70949, 7.81],
			"rotation": {"angle": 0, "axis": "y", "origin": [11.20473, 7.66983, 8.2125]},
			"faces": {
				"north": {"uv": [11.25, 11.125, 11, 11.5], "texture": "#2"},
				"east": {"uv": [4.625, 12, 4.5, 12.375], "texture": "#2"},
				"south": {"uv": [1.25, 11.25, 1, 11.625], "texture": "#2"},
				"west": {"uv": [4.125, 12, 4, 12.375], "texture": "#2"},
				"up": {"uv": [12.125, 12, 12.375, 11.875], "texture": "#2"},
				"down": {"uv": [12, 12.125, 12.25, 12.25], "texture": "#2"}
			}
		},
		{
			"from": [4.07927, 12.17194, 7.102],
			"to": [5.63527, 13.72794, 7.818],
			"rotation": {"angle": -45, "axis": "z", "origin": [11.20473, 7.66983, 8.2125]},
			"faces": {
				"north": {"uv": [11.875, 4.75, 11.625, 5], "texture": "#2"},
				"east": {"uv": [12.375, 0, 12.25, 0.25], "texture": "#2"},
				"south": {"uv": [5.125, 11.625, 4.875, 11.875], "texture": "#2"},
				"west": {"uv": [0.125, 12.25, 0, 12.5], "texture": "#2"},
				"up": {"uv": [12.125, 12.125, 12.375, 12], "texture": "#2"},
				"down": {"uv": [12.25, 0.25, 12.5, 0.375], "texture": "#2"}
			}
		},
		{
			"from": [13.38408, 11.72646, 7.102],
			"to": [14.94008, 13.28246, 7.818],
			"rotation": {"angle": 45, "axis": "z", "origin": [4.79527, 7.66983, 8.2125]},
			"faces": {
				"north": {"uv": [6.5, 11.625, 6.75, 11.875], "texture": "#2"},
				"east": {"uv": [1, 12.25, 1.125, 12.5], "texture": "#2"},
				"south": {"uv": [7.125, 11.625, 7.375, 11.875], "texture": "#2"},
				"west": {"uv": [1.125, 12.25, 1.25, 12.5], "texture": "#2"},
				"up": {"uv": [1.5, 12.375, 1.25, 12.25], "texture": "#2"},
				"down": {"uv": [1.75, 12.25, 1.5, 12.375], "texture": "#2"}
			}
		},
		{
			"from": [7.23, 15.63949, 7.11],
			"to": [8.77, 17.52949, 7.81],
			"rotation": {"angle": 0, "axis": "y", "origin": [4.79527, 7.66983, 8.2125]},
			"faces": {
				"north": {"uv": [6, 11.625, 6.25, 11.875], "texture": "#2"},
				"east": {"uv": [0.125, 12.25, 0.25, 12.5], "texture": "#2"},
				"south": {"uv": [6.25, 11.625, 6.5, 11.875], "texture": "#2"},
				"west": {"uv": [0.5, 12.25, 0.625, 12.5], "texture": "#2"},
				"up": {"uv": [12.5, 0.5, 12.25, 0.375], "texture": "#2"},
				"down": {"uv": [1, 12.25, 0.75, 12.375], "texture": "#2"}
			}
		},
		{
			"from": [6.915, -1.84935, 7.11],
			"to": [9.085, 1.19565, 7.81],
			"rotation": {"angle": 0, "axis": "y", "origin": [4.79527, 7.66983, 8.2125]},
			"faces": {
				"north": {"uv": [10.5, 11.125, 10.75, 11.5], "texture": "#2"},
				"east": {"uv": [3.75, 12, 3.875, 12.375], "texture": "#2"},
				"south": {"uv": [10.75, 11.125, 11, 11.5], "texture": "#2"},
				"west": {"uv": [3.875, 12, 4, 12.375], "texture": "#2"},
				"up": {"uv": [12.375, 7.375, 12.125, 7.25], "texture": "#2"},
				"down": {"uv": [7.75, 12.125, 7.5, 12.25], "texture": "#2"}
			}
		},
		{
			"from": [-0.92236, -2.59747, 7.102],
			"to": [0.84364, -0.79647, 7.818],
			"rotation": {"angle": 45, "axis": "z", "origin": [4.79527, 7.66983, 8.2125]},
			"faces": {
				"north": {"uv": [1, 11.625, 1.25, 11.875], "texture": "#2"},
				"east": {"uv": [7.75, 12.125, 7.875, 12.375], "texture": "#2"},
				"south": {"uv": [11.625, 1.125, 11.875, 1.375], "texture": "#2"},
				"west": {"uv": [12.125, 7.75, 12.25, 8], "texture": "#2"},
				"up": {"uv": [12.375, 8.125, 12.125, 8], "texture": "#2"},
				"down": {"uv": [12.375, 8.875, 12.125, 9], "texture": "#2"}
			}
		},
		{
			"from": [11.40056, 0.12085, 7.106],
			"to": [12.59856, 2.92885, 7.814],
			"rotation": {"angle": -22.5, "axis": "z", "origin": [4.79527, 7.66983, 8.2125]},
			"faces": {
				"north": {"uv": [12, 3.25, 12.125, 3.625], "texture": "#2"},
				"east": {"uv": [3.5, 12, 3.625, 12.375], "texture": "#2"},
				"south": {"uv": [3.625, 12, 3.75, 12.375], "texture": "#2"},
				"west": {"uv": [12, 3.625, 12.125, 4], "texture": "#2"},
				"up": {"uv": [6.75, 12.5, 6.625, 12.375], "texture": "#2"},
				"down": {"uv": [12.5, 6.625, 12.375, 6.75], "texture": "#2"}
			}
		},
		{
			"from": [5.65, 4.55, 5.92],
			"to": [6.35, 6.3, 6.83],
			"rotation": {"angle": 0, "axis": "y", "origin": [8, 6.425, 6.375]},
			"faces": {
				"north": {"uv": [8.75, 12.125, 8.875, 12.375], "texture": "#2"},
				"east": {"uv": [12.125, 9, 12.25, 9.25], "texture": "#2"},
				"south": {"uv": [12.125, 9.25, 12.25, 9.5], "texture": "#2"},
				"west": {"uv": [9.5, 12.125, 9.625, 12.375], "texture": "#2"},
				"up": {"uv": [6.875, 12.5, 6.75, 12.375], "texture": "#2"},
				"down": {"uv": [12.5, 6.75, 12.375, 6.875], "texture": "#2"}
			}
		},
		{
			"from": [1.574, 2.092, 6.508],
			"to": [2.246, 4.332, 7.068],
			"rotation": {"angle": 0, "axis": "y", "origin": [4.79527, 7.66983, 8.2125]},
			"faces": {
				"north": {"uv": [12.25, 1.5, 12.375, 1.75], "texture": "#2"},
				"east": {"uv": [12.25, 1.75, 12.375, 2], "texture": "#2"},
				"south": {"uv": [1.875, 12.25, 2, 12.5], "texture": "#2"},
				"west": {"uv": [2, 12.25, 2.125, 12.5], "texture": "#2"},
				"up": {"uv": [12.5, 7.625, 12.375, 7.5], "texture": "#2"},
				"down": {"uv": [12.5, 7.625, 12.375, 7.75], "texture": "#2"}
			}
		},
		{
			"from": [1.574, 2.092, 7.908],
			"to": [2.246, 4.332, 8.468],
			"rotation": {"angle": 0, "axis": "y", "origin": [4.79527, 7.66983, 8.2125]},
			"faces": {
				"north": {"uv": [2.125, 12.25, 2.25, 12.5], "texture": "#2"},
				"east": {"uv": [2.25, 12.25, 2.375, 12.5], "texture": "#2"},
				"south": {"uv": [2.375, 12.25, 2.5, 12.5], "texture": "#2"},
				"west": {"uv": [12.25, 2.375, 12.375, 2.625], "texture": "#2"},
				"up": {"uv": [7.875, 12.5, 7.75, 12.375], "texture": "#2"},
				"down": {"uv": [12.5, 7.75, 12.375, 7.875], "texture": "#2"}
			}
		},
		{
			"from": [1.574, 3.772, 7.068],
			"to": [2.246, 4.332, 7.908],
			"rotation": {"angle": 0, "axis": "y", "origin": [4.79527, 7.66983, 8.2125]},
			"faces": {
				"north": {"uv": [7.875, 12.375, 8, 12.5], "texture": "#2"},
				"east": {"uv": [12.375, 7.875, 12.5, 8], "texture": "#2"},
				"south": {"uv": [8, 12.375, 8.125, 12.5], "texture": "#2"},
				"west": {"uv": [12.375, 8, 12.5, 8.125], "texture": "#2"},
				"up": {"uv": [12.5, 8.25, 12.375, 8.125], "texture": "#2"},
				"down": {"uv": [12.5, 8.25, 12.375, 8.375], "texture": "#2"}
			}
		},
		{
			"from": [1.574, 2.092, 7.068],
			"to": [2.246, 2.652, 7.908],
			"rotation": {"angle": 0, "axis": "y", "origin": [4.79527, 7.66983, 8.2125]},
			"faces": {
				"north": {"uv": [8.375, 12.375, 8.5, 12.5], "texture": "#2"},
				"east": {"uv": [12.375, 8.375, 12.5, 8.5], "texture": "#2"},
				"south": {"uv": [8.5, 12.375, 8.625, 12.5], "texture": "#2"},
				"west": {"uv": [12.375, 8.5, 12.5, 8.625], "texture": "#2"},
				"up": {"uv": [12.5, 8.75, 12.375, 8.625], "texture": "#2"},
				"down": {"uv": [8.875, 12.375, 8.75, 12.5], "texture": "#2"}
			}
		},
		{
			"from": [0.93, 0.842, 7.152],
			"to": [1.49, 3.082, 7.824],
			"rotation": {"angle": 0, "axis": "y", "origin": [1.91, 3.212, 7.488]},
			"faces": {
				"north": {"uv": [2.625, 12.375, 2.75, 12.625], "texture": "#2"},
				"east": {"uv": [2.875, 12.375, 3, 12.625], "texture": "#2"},
				"south": {"uv": [12.375, 2.875, 12.5, 3.125], "texture": "#2"},
				"west": {"uv": [3, 12.375, 3.125, 12.625], "texture": "#2"},
				"up": {"uv": [2.625, 12.625, 2.5, 12.5], "texture": "#2"},
				"down": {"uv": [12.625, 2.5, 12.5, 2.625], "texture": "#2"}
			}
		},
		{
			"from": [1.49, 0.842, 7.152],
			"to": [2.33, 1.402, 7.824],
			"rotation": {"angle": 0, "axis": "y", "origin": [1.91, 3.212, 7.488]},
			"faces": {
				"north": {"uv": [2.125, 12.5, 2.25, 12.625], "texture": "#2"},
				"east": {"uv": [12.5, 2.125, 12.625, 2.25], "texture": "#2"},
				"south": {"uv": [2.25, 12.5, 2.375, 12.625], "texture": "#2"},
				"west": {"uv": [12.5, 2.25, 12.625, 2.375], "texture": "#2"},
				"up": {"uv": [2.5, 12.625, 2.375, 12.5], "texture": "#2"},
				"down": {"uv": [12.625, 2.375, 12.5, 2.5], "texture": "#2"}
			}
		},
		{
			"from": [2.33, 0.842, 7.152],
			"to": [2.89, 3.082, 7.824],
			"rotation": {"angle": 0, "axis": "y", "origin": [1.91, 3.212, 7.488]},
			"faces": {
				"north": {"uv": [1.75, 12.375, 1.875, 12.625], "texture": "#2"},
				"east": {"uv": [12.375, 1.875, 12.5, 2.125], "texture": "#2"},
				"south": {"uv": [12.375, 2.125, 12.5, 2.375], "texture": "#2"},
				"west": {"uv": [12.375, 2.375, 12.5, 2.625], "texture": "#2"},
				"up": {"uv": [2.125, 12.625, 2, 12.5], "texture": "#2"},
				"down": {"uv": [12.625, 2, 12.5, 2.125], "texture": "#2"}
			}
		},
		{
			"from": [1.49, 2.522, 7.152],
			"to": [2.33, 3.082, 7.824],
			"rotation": {"angle": 0, "axis": "y", "origin": [1.91, 3.212, 7.488]},
			"faces": {
				"north": {"uv": [12.5, 1.25, 12.625, 1.375], "texture": "#2"},
				"east": {"uv": [1.375, 12.5, 1.5, 12.625], "texture": "#2"},
				"south": {"uv": [1.5, 12.5, 1.625, 12.625], "texture": "#2"},
				"west": {"uv": [1.625, 12.5, 1.75, 12.625], "texture": "#2"},
				"up": {"uv": [2, 12.625, 1.875, 12.5], "texture": "#2"},
				"down": {"uv": [12.625, 1.875, 12.5, 2], "texture": "#2"}
			}
		},
		{
			"from": [1.35, 0.002, 6.928],
			"to": [2.47, 0.842, 8.048],
			"rotation": {"angle": -45, "axis": "y", "origin": [1.91, 0.422, 7.488]},
			"faces": {
				"north": {"uv": [12.375, 8.75, 12.5, 8.875], "texture": "#2"},
				"east": {"uv": [8.875, 12.375, 9, 12.5], "texture": "#2"},
				"south": {"uv": [12.375, 8.875, 12.5, 9], "texture": "#2"},
				"west": {"uv": [9, 12.375, 9.125, 12.5], "texture": "#2"},
				"up": {"uv": [12.5, 9.125, 12.375, 9], "texture": "#2"},
				"down": {"uv": [12.5, 9.125, 12.375, 9.25], "texture": "#2"}
			}
		},
		{
			"from": [-3.13497, 2.56997, 7.208],
			"to": [-1.45497, 4.24997, 7.768],
			"rotation": {"angle": 45, "axis": "z", "origin": [4.79527, 6.41983, 8.2125]},
			"faces": {
				"north": {"uv": [7.375, 11.625, 7.625, 11.875], "texture": "#2"},
				"east": {"uv": [2.5, 12.25, 2.625, 12.5], "texture": "#2"},
				"south": {"uv": [7.625, 11.625, 7.875, 11.875], "texture": "#2"},
				"west": {"uv": [2.75, 12.25, 2.875, 12.5], "texture": "#2"},
				"up": {"uv": [12.5, 2.875, 12.25, 2.75], "texture": "#2"},
				"down": {"uv": [3.125, 12.25, 2.875, 12.375], "texture": "#2"}
			}
		},
		{
			"from": [7.3, 8, 7.6],
			"to": [8.7, 9.4, 10.75],
			"rotation": {"angle": 0, "axis": "y", "origin": [4.79527, 7.66983, 8.2125]},
			"faces": {
				"north": {"uv": [12.375, 9.25, 12.5, 9.375], "texture": "#2"},
				"east": {"uv": [12, 4.25, 12.375, 4.375], "texture": "#2"},
				"south": {"uv": [9.375, 12.375, 9.5, 12.5], "texture": "#2"},
				"west": {"uv": [12, 4.375, 12.375, 4.5], "texture": "#2"},
				"up": {"uv": [4.75, 12.375, 4.625, 12], "texture": "#2"},
				"down": {"uv": [5.25, 12, 5.125, 12.375], "texture": "#2"}
			}
		},
		{
			"from": [7.3, 3.8, 7.6],
			"to": [8.7, 5.2, 10.75],
			"rotation": {"angle": 0, "axis": "y", "origin": [4.79527, 7.66983, 8.2125]},
			"faces": {
				"north": {"uv": [12.375, 9.375, 12.5, 9.5], "texture": "#2"},
				"east": {"uv": [12, 4.625, 12.375, 4.75], "texture": "#2"},
				"south": {"uv": [9.5, 12.375, 9.625, 12.5], "texture": "#2"},
				"west": {"uv": [12, 5, 12.375, 5.125], "texture": "#2"},
				"up": {"uv": [5.375, 12.375, 5.25, 12], "texture": "#2"},
				"down": {"uv": [5.5, 12, 5.375, 12.375], "texture": "#2"}
			}
		},
		{
			"from": [7.3, 5.2, 9.35],
			"to": [8.7, 8, 10.75],
			"rotation": {"angle": 0, "axis": "y", "origin": [4.79527, 7.66983, 8.2125]},
			"faces": {
				"north": {"uv": [5.5, 12, 5.625, 12.375], "texture": "#2"},
				"east": {"uv": [12, 5.875, 12.125, 6.25], "texture": "#2"},
				"south": {"uv": [6, 12, 6.125, 12.375], "texture": "#2"},
				"west": {"uv": [6.125, 12, 6.25, 12.375], "texture": "#2"},
				"up": {"uv": [12.5, 9.625, 12.375, 9.5], "texture": "#2"},
				"down": {"uv": [9.75, 12.375, 9.625, 12.5], "texture": "#2"}
			}
		},
		{
			"from": [7.18934, 4.75, 5.925],
			"to": [9.68934, 7.25, 7.925],
			"rotation": {"angle": -45, "axis": "z", "origin": [6.93934, 6, 6.95]},
			"faces": {
				"north": {"uv": [10.75, 6.875, 11.125, 7.25], "texture": "#2"},
				"east": {"uv": [7.875, 11.25, 8.125, 11.625], "texture": "#2"},
				"south": {"uv": [8.875, 10.75, 9.25, 11.125], "texture": "#2"},
				"west": {"uv": [8.125, 11.25, 8.375, 11.625], "texture": "#2"},
				"up": {"uv": [11.625, 11.25, 11.25, 11], "texture": "#2"},
				"down": {"uv": [11.625, 11.25, 11.25, 11.5], "texture": "#2"}
			}
		},
		{
			"from": [7.5, 6.91421, 5.875],
			"to": [8.5, 7.91421, 7.875],
			"rotation": {"angle": -45, "axis": "z", "origin": [8, 7.41421, 6.95]},
			"faces": {
				"north": {"uv": [12.5, 1, 12.625, 1.125], "texture": "#2"},
				"east": {"uv": [0.25, 12.375, 0.5, 12.5], "texture": "#2"},
				"south": {"uv": [1.125, 12.5, 1.25, 12.625], "texture": "#2"},
				"west": {"uv": [12.375, 0.5, 12.625, 0.625], "texture": "#2"},
				"up": {"uv": [0.75, 12.625, 0.625, 12.375], "texture": "#2"},
				"down": {"uv": [12.5, 0.625, 12.375, 0.875], "texture": "#2"}
			}
		},
		{
			"from": [6.5, 5.73744, 6.2],
			"to": [9.5, 8.73744, 7.7],
			"rotation": {"angle": -45, "axis": "z", "origin": [8, 7.23744, 6.95]},
			"faces": {
				"north": {"uv": [10.75, 8.875, 11.125, 9.25], "texture": "#2"},
				"east": {"uv": [0, 11.375, 0.25, 11.75], "texture": "#2"},
				"south": {"uv": [10.75, 9.25, 11.125, 9.625], "texture": "#2"},
				"west": {"uv": [0.25, 11.375, 0.5, 11.75], "texture": "#2"},
				"up": {"uv": [6.375, 11.625, 6, 11.375], "texture": "#2"},
				"down": {"uv": [6.75, 11.375, 6.375, 11.625], "texture": "#2"}
			}
		},
		{
			"from": [5.04866, 5.65911, 6.442],
			"to": [8.06466, 7.67511, 7.458],
			"rotation": {"angle": -22.5, "axis": "z", "origin": [6.55666, 6.66711, 6.95]},
			"faces": {
				"north": {"uv": [11.375, 6.5, 11.75, 6.75], "texture": "#2"},
				"east": {"uv": [0.75, 12.375, 0.875, 12.625], "texture": "#2"},
				"south": {"uv": [11.375, 6.75, 11.75, 7], "texture": "#2"},
				"west": {"uv": [0.875, 12.375, 1, 12.625], "texture": "#2"},
				"up": {"uv": [12.375, 8.75, 12, 8.625], "texture": "#2"},
				"down": {"uv": [12.375, 8.75, 12, 8.875], "texture": "#2"}
			}
		},
		{
			"from": [3.55066, 6.31111, 6.444],
			"to": [5.56266, 7.82311, 7.456],
			"rotation": {"angle": 0, "axis": "y", "origin": [6.55666, 6.66711, 6.95]},
			"faces": {
				"north": {"uv": [2.5, 11.875, 2.75, 12.125], "texture": "#2"},
				"east": {"uv": [12.375, 0.875, 12.5, 1.125], "texture": "#2"},
				"south": {"uv": [2.75, 11.875, 3, 12.125], "texture": "#2"},
				"west": {"uv": [12.375, 1.125, 12.5, 1.375], "texture": "#2"},
				"up": {"uv": [1.5, 12.5, 1.25, 12.375], "texture": "#2"},
				"down": {"uv": [12.625, 1.375, 12.375, 1.5], "texture": "#2"}
			}
		},
		{
			"from": [2.42988, 6.25467, 6.65],
			"to": [4.37988, 7.07967, 7.25],
			"rotation": {"angle": 45, "axis": "z", "origin": [3.37988, 6.57967, 6.95]},
			"faces": {
				"north": {"uv": [1.5, 12.375, 1.75, 12.5], "texture": "#2"},
				"east": {"uv": [12.5, 1.125, 12.625, 1.25], "texture": "#2"},
				"south": {"uv": [12.375, 1.5, 12.625, 1.625], "texture": "#2"},
				"west": {"uv": [1.25, 12.5, 1.375, 12.625], "texture": "#2"},
				"up": {"uv": [12.625, 1.75, 12.375, 1.625], "texture": "#2"},
				"down": {"uv": [12.625, 1.75, 12.375, 1.875], "texture": "#2"}
			}
		}
	],
	"gui_light": "front",
	"display": {
		"thirdperson_righthand": {
			"rotation": [0, -90, 0],
			"translation": [1.5, -0.25, 1.5],
			"scale": [1.2, 1.2, 1.2]
		},
		"thirdperson_lefthand": {
			"rotation": [0, -90, 0],
			"translation": [1.5, -0.25, 1.5],
			"scale": [1.2, 1.2, 1.2]
		},
		"firstperson_righthand": {
			"rotation": [13.46, -11.42, 6.56],
			"translation": [2, 1.25, 0],
			"scale": [0.8, 0.8, 0.8]
		},
		"firstperson_lefthand": {
			"rotation": [13.46, -11.42, 6.56],
			"translation": [2, 1.25, 0],
			"scale": [0.8, 0.8, 0.8]
		},
		"ground": {
			"rotation": [0, 0, 45],
			"translation": [0, 1, 0],
			"scale": [0.4, 0.4, 0.4]
		},
		"gui": {
			"rotation": [180, 0, -135],
			"translation": [1.25, 1.25, -1.25],
			"scale": [0.8, 0.8, 0.8]
		},
		"head": {
			"translation": [0, 1.5, 0],
			"scale": [0, 0, 0]
		},
		"fixed": {
			"translation": [0, 0, -1.25]
		}
	},
	"groups": [
		{
			"name": "magma_shield",
			"origin": [8, 6.25, 9],
			"color": 0,
			"nbt": "{}",
			"children": [
				0,
				1,
				2,
				3,
				4,
				5,
				6,
				7,
				8,
				9,
				10,
				11,
				12,
				13,
				14,
				15,
				16,
				17,
				18,
				19,
				20,
				21,
				22,
				23,
				24,
				25,
				26,
				27,
				28,
				29,
				30,
				31,
				32,
				33,
				34,
				35,
				36,
				37,
				38,
				39,
				40,
				41,
				42,
				43,
				44,
				45,
				46,
				47,
				48,
				49,
				50,
				51,
				52,
				53,
				54,
				55,
				56,
				57
			]
		}
	]
}