{"textures":{"0":"modelengine:entity/horse_pegasus"},"elements":[{"from":[5.6,-3.1000004,4.799999],"to":[11.6,8.9,10.799999],"faces":{"east":{"uv":[3.625,6.25,4.0,7.0],"tintindex":0,"rotation":0,"texture":"#0"},"south":{"uv":[4.0625,6.25,4.4375,7.0],"tintindex":0,"rotation":0,"texture":"#0"},"north":{"uv":[5.25,6.1875,5.625,6.9375],"tintindex":0,"rotation":0,"texture":"#0"},"west":{"uv":[4.5,6.25,4.875,7.0],"tintindex":0,"rotation":0,"texture":"#0"},"up":{"uv":[7.875,3.0,7.5,2.625],"tintindex":0,"rotation":0,"texture":"#0"},"down":{"uv":[7.875,3.875,7.5,4.25],"tintindex":0,"rotation":0,"texture":"#0"}}}]}