{"textures":{"0":"modelengine:entity/horse_pegasus"},"elements":[{"from":[5.579167,2.1147861,2.4141555],"to":[11.579166,13.114786,11.414156],"faces":{"east":{"uv":[5.5,4.5,6.0625,5.1875],"tintindex":0,"rotation":0,"texture":"#0"},"south":{"uv":[2.75,6.3125,3.125,7.0],"tintindex":0,"rotation":0,"texture":"#0"},"north":{"uv":[2.3125,6.3125,2.6875,7.0],"tintindex":0,"rotation":0,"texture":"#0"},"west":{"uv":[0.0,5.5625,0.5625,6.25],"tintindex":0,"rotation":0,"texture":"#0"},"up":{"uv":[7.125,0.5625,6.75,0.0],"tintindex":0,"rotation":0,"texture":"#0"},"down":{"uv":[7.125,5.1875,6.75,5.75],"tintindex":0,"rotation":0,"texture":"#0"}},"rotation":{"origin":[13.579166,6.8138046,-2.8045025],"angle":22.5,"axis":"x"}}]}