{"textures":{"0":"modelengine:entity/horse_pegasus"},"elements":[{"from":[5.14375,13.113373,9.251654],"to":[10.14375,19.113373,17.251656],"faces":{"east":{"uv":[6.75,0.625,7.25,1.0],"tintindex":0,"rotation":0,"texture":"#0"},"south":{"uv":[7.8125,4.3125,8.125,4.6875],"tintindex":0,"rotation":0,"texture":"#0"},"north":{"uv":[7.8125,2.125,8.125,2.5],"tintindex":0,"rotation":0,"texture":"#0"},"west":{"uv":[6.75,5.8125,7.25,6.1875],"tintindex":0,"rotation":0,"texture":"#0"},"up":{"uv":[6.3125,7.5625,6.0,7.0625],"tintindex":0,"rotation":0,"texture":"#0"},"down":{"uv":[0.3125,7.125,0.0,7.625],"tintindex":0,"rotation":0,"texture":"#0"}},"rotation":{"origin":[13.11875,14.064144,-0.24849606],"angle":45.0,"axis":"x"}}]}