{"textures":{"0":"modelengine:entity/horse_pegasus"},"elements":[{"from":[5.0,-3.5,5.0000005],"to":[11.0,-1.5,11.0],"faces":{"east":{"uv":[8.25,1.5,8.625,1.625],"tintindex":0,"rotation":0,"texture":"#0"},"south":{"uv":[8.25,1.6875,8.625,1.8125],"tintindex":0,"rotation":0,"texture":"#0"},"north":{"uv":[8.25,1.3125,8.625,1.4375],"tintindex":0,"rotation":0,"texture":"#0"},"west":{"uv":[8.3125,3.75,8.6875,3.875],"tintindex":0,"rotation":0,"texture":"#0"},"up":{"uv":[8.0,5.5625,7.625,5.1875],"tintindex":0,"rotation":0,"texture":"#0"},"down":{"uv":[8.0,7.25,7.625,7.625],"tintindex":0,"rotation":0,"texture":"#0"}}},{"from":[6.0,-1.5,6.0],"to":[10.0,8.5,10.0],"faces":{"east":{"uv":[1.4375,7.4375,1.6875,8.0625],"tintindex":0,"rotation":0,"texture":"#0"},"south":{"uv":[7.4375,3.1875,7.6875,3.8125],"tintindex":0,"rotation":0,"texture":"#0"},"north":{"uv":[1.125,7.4375,1.375,8.0625],"tintindex":0,"rotation":0,"texture":"#0"},"west":{"uv":[2.0625,7.5,2.3125,8.125],"tintindex":0,"rotation":0,"texture":"#0"},"up":{"uv":[1.375,8.375,1.125,8.125],"tintindex":0,"rotation":0,"texture":"#0"},"down":{"uv":[1.6875,8.125,1.4375,8.375],"tintindex":0,"rotation":0,"texture":"#0"}}}]}