{
	"credit": "Made with Blockbench",
	"texture_size": [32, 32],
	"textures": {
		"0": "item/tempest/tempest_shield",
		"particle": "item/tempest/tempest_shield"
	},
	"elements": [
		{
			"from": [6.5, 10, 8],
			"to": [7.5, 11, 9],
			"rotation": {"angle": 0, "axis": "y", "origin": [8.35583, 8.125, 8.61118]},
			"faces": {
				"north": {"uv": [4, 8, 4.5, 8.5], "texture": "#0"},
				"east": {"uv": [4.5, 8, 5, 8.5], "texture": "#0"},
				"south": {"uv": [5, 8, 5.5, 8.5], "texture": "#0"},
				"west": {"uv": [8, 5, 8.5, 5.5], "texture": "#0"},
				"up": {"uv": [6, 8.5, 5.5, 8], "texture": "#0"},
				"down": {"uv": [8.5, 5.5, 8, 6], "texture": "#0"}
			}
		},
		{
			"from": [6.5, 7.5, 8],
			"to": [7.5, 8.5, 9],
			"rotation": {"angle": 0, "axis": "y", "origin": [8.35583, 8.125, 8.61118]},
			"faces": {
				"north": {"uv": [6, 8, 6.5, 8.5], "texture": "#0"},
				"east": {"uv": [8, 6, 8.5, 6.5], "texture": "#0"},
				"south": {"uv": [6.5, 8, 7, 8.5], "texture": "#0"},
				"west": {"uv": [8, 6.5, 8.5, 7], "texture": "#0"},
				"up": {"uv": [7.5, 8.5, 7, 8], "texture": "#0"},
				"down": {"uv": [8.5, 7, 8, 7.5], "texture": "#0"}
			}
		},
		{
			"from": [6.5, 8.5, 9],
			"to": [7.5, 10, 9],
			"rotation": {"angle": 0, "axis": "y", "origin": [8.35583, 8.125, 8.61118]},
			"faces": {
				"north": {"uv": [8, 2, 8.5, 2.75], "texture": "#0"},
				"east": {"uv": [0, 0, 0, 0.75], "texture": "#0"},
				"south": {"uv": [8, 3, 8.5, 3.75], "texture": "#0"},
				"west": {"uv": [0, 0, 0, 0.75], "texture": "#0"},
				"up": {"uv": [0.5, 0, 0, 0], "texture": "#0"},
				"down": {"uv": [0.5, 0, 0, 0], "texture": "#0"}
			}
		},
		{
			"from": [2.4374, 3.20979, 7.1],
			"to": [6.4874, 7.25979, 8.1],
			"rotation": {"angle": 45, "axis": "z", "origin": [6.35583, 8.125, 8.61118]},
			"faces": {
				"north": {"uv": [0, 4, 2, 6], "texture": "#0"},
				"east": {"uv": [6, 5, 6.5, 7], "texture": "#0"},
				"south": {"uv": [2, 4, 4, 6], "texture": "#0"},
				"west": {"uv": [6.5, 5, 7, 7], "texture": "#0"},
				"up": {"uv": [9, 0.5, 7, 0], "texture": "#0"},
				"down": {"uv": [9, 0.5, 7, 1], "texture": "#0"}
			}
		},
		{
			"from": [7.1374, 3.70979, 7.1],
			"to": [7.1374, 4.70979, 8.1],
			"rotation": {"angle": 45, "axis": "z", "origin": [8.35583, 8.125, 8.61118]},
			"faces": {
				"north": {"uv": [0, 0, 0, 0.5], "texture": "#0"},
				"east": {"uv": [7.5, 8, 8, 8.5], "texture": "#0"},
				"south": {"uv": [0, 0, 0, 0.5], "texture": "#0"},
				"west": {"uv": [8, 7.5, 8.5, 8], "texture": "#0"},
				"up": {"uv": [0, 0.5, 0, 0], "texture": "#0"},
				"down": {"uv": [0, 0, 0, 0.5], "texture": "#0"}
			}
		},
		{
			"from": [1.4374, 7.40979, 7.1],
			"to": [2.4374, 7.40979, 8.1],
			"rotation": {"angle": 45, "axis": "z", "origin": [6.35583, 8.125, 8.61118]},
			"faces": {
				"north": {"uv": [0, 0, 0.5, 0], "texture": "#0"},
				"east": {"uv": [0, 0, 0.5, 0], "texture": "#0"},
				"south": {"uv": [0, 0, 0.5, 0], "texture": "#0"},
				"west": {"uv": [0, 0, 0.5, 0], "texture": "#0"},
				"up": {"uv": [8.5, 8.5, 8, 8], "texture": "#0"},
				"down": {"uv": [9, 2, 8.5, 2.5], "texture": "#0"}
			}
		},
		{
			"from": [4.15, 4.75, 7],
			"to": [9.9, 12.25, 8],
			"rotation": {"angle": 0, "axis": "y", "origin": [6.35583, 8.125, 8.61118]},
			"faces": {
				"north": {"uv": [0, 0, 3, 3.75], "texture": "#0"},
				"east": {"uv": [1, 6, 1.5, 9.75], "texture": "#0"},
				"south": {"uv": [3, 0, 6, 3.75], "texture": "#0"},
				"west": {"uv": [1.5, 6, 2, 9.75], "texture": "#0"},
				"up": {"uv": [9, 4.5, 6, 4], "texture": "#0"},
				"down": {"uv": [9, 4.5, 6, 5], "texture": "#0"}
			}
		},
		{
			"from": [6.25, 10.35, 6.5],
			"to": [8.25, 12.35, 8],
			"rotation": {"angle": 45, "axis": "z", "origin": [5.9, 11.5, 6.5]},
			"faces": {
				"north": {"uv": [7, 1, 8, 2], "texture": "#0"},
				"east": {"uv": [7, 3, 7.75, 4], "texture": "#0"},
				"south": {"uv": [7, 2, 8, 3], "texture": "#0"},
				"west": {"uv": [7, 5, 7.75, 6], "texture": "#0"},
				"up": {"uv": [7, 7.75, 6, 7], "texture": "#0"},
				"down": {"uv": [8, 6, 7, 6.75], "texture": "#0"}
			}
		},
		{
			"from": [9.85454, 4.75, 8.68128],
			"to": [11.85454, 12.25, 9.68128],
			"rotation": {"angle": -45, "axis": "y", "origin": [11.90454, 9.25, 7.83128]},
			"faces": {
				"north": {"uv": [4, 4, 5, 7.75], "texture": "#0"},
				"east": {"uv": [2, 6, 2.5, 9.75], "texture": "#0"},
				"south": {"uv": [5, 4, 6, 7.75], "texture": "#0"},
				"west": {"uv": [2.5, 6, 3, 9.75], "texture": "#0"},
				"up": {"uv": [8, 7.5, 7, 7], "texture": "#0"},
				"down": {"uv": [8, 7.5, 7, 8], "texture": "#0"}
			}
		},
		{
			"from": [11.85454, 12.25, 8.68128],
			"to": [12.85454, 12.25, 9.68128],
			"rotation": {"angle": -45, "axis": "y", "origin": [11.90454, 9.25, 7.83128]},
			"faces": {
				"north": {"uv": [0, 0, 0.5, 0], "texture": "#0"},
				"east": {"uv": [0, 0, 0.5, 0], "texture": "#0"},
				"south": {"uv": [0, 0, 0.5, 0], "texture": "#0"},
				"west": {"uv": [0, 0, 0.5, 0], "texture": "#0"},
				"up": {"uv": [9, 3, 8.5, 2.5], "texture": "#0"},
				"down": {"uv": [9, 3, 8.5, 3.5], "texture": "#0"}
			}
		},
		{
			"from": [2.19546, 4.75, 8.63128],
			"to": [4.19546, 12.25, 9.63128],
			"rotation": {"angle": 45, "axis": "y", "origin": [2.14546, 9.25, 7.83128]},
			"faces": {
				"north": {"uv": [0, 6, 1, 9.75], "texture": "#0"},
				"east": {"uv": [3, 6, 3.5, 9.75], "texture": "#0"},
				"south": {"uv": [6, 0, 7, 3.75], "texture": "#0"},
				"west": {"uv": [3.5, 6, 4, 9.75], "texture": "#0"},
				"up": {"uv": [9, 1.5, 8, 1], "texture": "#0"},
				"down": {"uv": [9, 1.5, 8, 2], "texture": "#0"}
			}
		},
		{
			"from": [1.19546, 12.25, 8.63128],
			"to": [2.19546, 12.25, 9.63128],
			"rotation": {"angle": 45, "axis": "y", "origin": [2.14546, 9.25, 7.83128]},
			"faces": {
				"north": {"uv": [0, 0, 0.5, 0], "texture": "#0"},
				"east": {"uv": [0, 0, 0.5, 0], "texture": "#0"},
				"south": {"uv": [0, 0, 0.5, 0], "texture": "#0"},
				"west": {"uv": [0, 0, 0.5, 0], "texture": "#0"},
				"up": {"uv": [9, 4, 8.5, 3.5], "texture": "#0"},
				"down": {"uv": [4.5, 8.5, 4, 9], "texture": "#0"}
			}
		}
	],
	"display": {
		"thirdperson_righthand": {
			"rotation": [76.95, -75, 9],
			"translation": [2.5, -4, 2.5],
			"scale": [1.5, 1.5, 1.5]
		},
		"thirdperson_lefthand": {
			"rotation": [70, -75, 9],
			"translation": [2.5, -4, 2.5],
			"scale": [1.5, 1.5, 1.5]
		},
		"firstperson_righthand": {
			"translation": [0, 0.5, 1.5],
			"scale": [1.3, 1.3, 1.3]
		},
		"firstperson_lefthand": {
			"translation": [0, 0.5, 1.5],
			"scale": [1.3, 1.3, 1.3]
		},
		"ground": {
			"translation": [0, 7, 0],
			"scale": [1.3, 1.3, 1.3]
		},
		"gui": {
			"rotation": [-165, 0, -145],
			"translation": [-1.25, 0, 0],
			"scale": [1.2, 1.2, 1.2]
		},
		"fixed": {
			"translation": [1, 0, 0],
			"scale": [1.3, 1.3, 1.3]
		}
	},
	"groups": [
		{
			"name": "lightiningshield",
			"origin": [5.5, 9, 8.5],
			"color": 0,
			"children": [0, 1, 2, 3, 4, 5, 6, 7, 8, 9, 10, 11]
		}
	]
}