{
	"credit": "Made with Blockbench",
	"textures": {
		"1": "item/chinese/ef_chinese_dragon_long",
		"2": "item/chinese/chinese_dragon_diamond_helmet"
	},
	"elements": [
		{
			"name": "ef",
			"from": [2, 9.58579, 10.66421],
			"to": [14, 19.58579, 10.66421],
			"rotation": {"angle": 22.5, "axis": "x", "origin": [8, 12.58579, 11.41421]},
			"faces": {
				"north": {"uv": [4, 8.5, 11.75, 16], "texture": "#1"},
				"east": {"uv": [0, 0, 0, 2.125], "texture": "#1"},
				"south": {"uv": [11.75, 8.5, 4, 16], "texture": "#1"},
				"west": {"uv": [0, 0, 0, 2.125], "texture": "#1"},
				"up": {"uv": [0, 0, 2, 0], "texture": "#1"},
				"down": {"uv": [0, 0, 2, 0], "texture": "#1"}
			}
		},
		{
			"name": "ef",
			"from": [0, 12.86931, 10.34943],
			"to": [16, 12.86931, 22.34943],
			"rotation": {"angle": -45, "axis": "x", "origin": [8, 12.86931, 14.84943]},
			"faces": {
				"north": {"uv": [2, 0, 0, 0], "rotation": 180, "texture": "#1"},
				"east": {"uv": [0, 2.125, 0, 0], "rotation": 90, "texture": "#1"},
				"south": {"uv": [2, 0, 0, 0], "texture": "#1"},
				"west": {"uv": [0, 2.125, 0, 0], "rotation": 270, "texture": "#1"},
				"up": {"uv": [11.75, 8.5, 4, 16], "rotation": 180, "texture": "#1"},
				"down": {"uv": [4, 8.5, 11.75, 16], "texture": "#1"}
			}
		},
		{
			"name": "ef",
			"from": [-4.40901, 1.75, 6.94454],
			"to": [6.59099, 9.75, 6.94454],
			"rotation": {"angle": 45, "axis": "y", "origin": [1.09099, 5.75, 6.94454]},
			"faces": {
				"north": {"uv": [0, 1.5, 4.625, 6], "texture": "#1"},
				"east": {"uv": [0, 0, 0, 0.25], "texture": "#missing"},
				"south": {"uv": [4.625, 1.5, 0, 6], "texture": "#1"},
				"west": {"uv": [0, 0, 0, 0.25], "texture": "#missing"},
				"up": {"uv": [0, 0, 0.34375, 0], "texture": "#missing"},
				"down": {"uv": [0, 0, 0.34375, 0], "texture": "#missing"}
			}
		},
		{
			"name": "ef",
			"from": [9.40901, 1.75, 6.94454],
			"to": [20.40901, 9.75, 6.94454],
			"rotation": {"angle": -45, "axis": "y", "origin": [14.90901, 5.75, 6.94454]},
			"faces": {
				"north": {"uv": [4.625, 1.5, 0, 6], "texture": "#1"},
				"east": {"uv": [0, 0, 0, 0.25], "texture": "#missing"},
				"south": {"uv": [0, 1.5, 4.625, 6], "texture": "#1"},
				"west": {"uv": [0, 0, 0, 0.25], "texture": "#missing"},
				"up": {"uv": [0.34375, 0, 0, 0], "texture": "#missing"},
				"down": {"uv": [0.34375, 0, 0, 0], "texture": "#missing"}
			}
		},
		{
			"name": "ef",
			"from": [-1.5, 0, 1.75],
			"to": [3.5, 5, 1.75],
			"rotation": {"angle": 45, "axis": "y", "origin": [1.5, 1.5, 0]},
			"faces": {
				"north": {"uv": [4.6875, 2.6875, 10, 8], "texture": "#1"},
				"east": {"uv": [0, 0, 0, 0.28125], "texture": "#missing"},
				"south": {"uv": [10, 2.6875, 4.6875, 8], "texture": "#1"},
				"west": {"uv": [0, 0, 0, 0.28125], "texture": "#missing"},
				"up": {"uv": [0, 0, 0.28125, 0], "texture": "#missing"},
				"down": {"uv": [0, 0, 0.28125, 0], "texture": "#missing"}
			}
		},
		{
			"name": "ef",
			"from": [10.76363, 7, 4.23845],
			"to": [15.76363, 12, 4.23845],
			"rotation": {"angle": -22.5, "axis": "y", "origin": [13.26363, 9.5, 4.23845]},
			"faces": {
				"north": {"uv": [10.1875, 2.6875, 15.5, 8], "texture": "#1"},
				"east": {"uv": [0, 0, 0, 0.28125], "texture": "#missing"},
				"south": {"uv": [15.5, 2.6875, 10.1875, 8], "texture": "#1"},
				"west": {"uv": [0, 0, 0, 0.28125], "texture": "#missing"},
				"up": {"uv": [0, 0, 0.28125, 0], "texture": "#missing"},
				"down": {"uv": [0, 0, 0.28125, 0], "texture": "#missing"}
			}
		},
		{
			"name": "ef",
			"from": [11, -0.5, 18.5],
			"to": [16, 4.5, 18.5],
			"rotation": {"angle": 45, "axis": "y", "origin": [14.5, 1.5, 16]},
			"faces": {
				"north": {"uv": [10, 2.6875, 4.6875, 8], "texture": "#1"},
				"east": {"uv": [0, 0, 0, 0.28125], "texture": "#missing"},
				"south": {"uv": [4.6875, 2.6875, 10, 8], "texture": "#1"},
				"west": {"uv": [0, 0, 0, 0.28125], "texture": "#missing"},
				"up": {"uv": [0.28125, 0, 0, 0], "texture": "#missing"},
				"down": {"uv": [0.28125, 0, 0, 0], "texture": "#missing"}
			}
		},
		{
			"name": "ef",
			"from": [-2, 5, 19],
			"to": [3, 10, 19],
			"rotation": {"angle": -45, "axis": "y", "origin": [0.5, 13.5, 19]},
			"faces": {
				"north": {"uv": [15.5, 2.6875, 10.1875, 8], "texture": "#1"},
				"east": {"uv": [0, 0, 0, 0.28125], "texture": "#missing"},
				"south": {"uv": [10.1875, 2.6875, 15.5, 8], "texture": "#1"},
				"west": {"uv": [0, 0, 0, 0.28125], "texture": "#missing"},
				"up": {"uv": [0.28125, 0, 0, 0], "texture": "#missing"},
				"down": {"uv": [0.28125, 0, 0, 0], "texture": "#missing"}
			}
		},
		{
			"name": "dhead",
			"from": [3.0064, 1.40201, 5.33969],
			"to": [12.9936, 10.24921, 15.32689],
			"rotation": {"angle": 0, "axis": "y", "origin": [8, 7.91367, 8]},
			"faces": {
				"north": {"uv": [2.5, 0, 5, 2.25], "texture": "#2"},
				"east": {"uv": [2.5, 2.25, 5, 4.5], "texture": "#2"},
				"south": {"uv": [2.5, 4.5, 5, 6.75], "texture": "#2"},
				"west": {"uv": [0, 5, 2.5, 7.25], "texture": "#2"},
				"up": {"uv": [2.5, 2.5, 0, 0], "texture": "#2"},
				"down": {"uv": [2.5, 2.5, 0, 5], "texture": "#2"}
			}
		},
		{
			"name": "dhead",
			"from": [4.0144, 5.65307, 13.80594],
			"to": [11.9856, 9.73427, 15.52714],
			"rotation": {"angle": 22.5, "axis": "x", "origin": [8, 5.31867, 11.54154]},
			"faces": {
				"north": {"uv": [6.75, 3.5, 8.75, 4.5], "texture": "#2"},
				"east": {"uv": [9.5, 9.25, 10, 10.25], "texture": "#2"},
				"south": {"uv": [6.75, 4.5, 8.75, 5.5], "texture": "#2"},
				"west": {"uv": [0, 9.75, 0.5, 10.75], "texture": "#2"},
				"up": {"uv": [10.5, 2.5, 8.5, 2], "texture": "#2"},
				"down": {"uv": [10.5, 7, 8.5, 7.5], "texture": "#2"}
			}
		},
		{
			"name": "dhead",
			"from": [3.0394, 2.47219, 11.99136],
			"to": [12.9606, 4.44339, 16.32256],
			"rotation": {"angle": -45, "axis": "x", "origin": [8, 5.58279, 14.03196]},
			"faces": {
				"north": {"uv": [1.75, 7.75, 4.25, 8.25], "texture": "#2"},
				"east": {"uv": [9.25, 6.5, 10.25, 7], "texture": "#2"},
				"south": {"uv": [4.25, 7.75, 6.75, 8.25], "texture": "#2"},
				"west": {"uv": [9.25, 7.5, 10.25, 8], "texture": "#2"},
				"up": {"uv": [5, 7.75, 2.5, 6.75], "texture": "#2"},
				"down": {"uv": [9.25, 2.5, 6.75, 3.5], "texture": "#2"}
			}
		},
		{
			"name": "dhead",
			"from": [4.0144, 1.99246, 13.91583],
			"to": [11.9856, 3.96366, 16.24703],
			"rotation": {"angle": -22.5, "axis": "x", "origin": [8, 5.22806, 16.08143]},
			"faces": {
				"north": {"uv": [2.5, 9.25, 4.5, 9.75], "texture": "#2"},
				"east": {"uv": [5.25, 10.5, 5.75, 11], "texture": "#2"},
				"south": {"uv": [9.25, 2.5, 11.25, 3], "texture": "#2"},
				"west": {"uv": [5.75, 10.5, 6.25, 11], "texture": "#2"},
				"up": {"uv": [11.25, 3.5, 9.25, 3], "texture": "#2"},
				"down": {"uv": [6.5, 9.25, 4.5, 9.75], "texture": "#2"}
			}
		},
		{
			"name": "dhead",
			"from": [4.2608, 3.22879, -0.46053],
			"to": [11.7392, 6.34479, 9.51067],
			"rotation": {"angle": 0, "axis": "y", "origin": [8, 7.91367, 8]},
			"faces": {
				"north": {"uv": [6.75, 7, 8.5, 7.75], "texture": "#2"},
				"east": {"uv": [6.75, 5.5, 9.25, 6.25], "texture": "#2"},
				"south": {"uv": [0, 7.25, 1.75, 8], "texture": "#2"},
				"west": {"uv": [6.75, 6.25, 9.25, 7], "texture": "#2"},
				"up": {"uv": [6.75, 2.5, 5, 0], "texture": "#2"},
				"down": {"uv": [6.75, 2.5, 5, 5], "texture": "#2"}
			}
		},
		{
			"name": "dhead",
			"from": [4.5108, 1.43894, 0.50751],
			"to": [11.4892, 3.17174, 10.47871],
			"rotation": {"angle": 0, "axis": "y", "origin": [8, 2.30534, 5.49311]},
			"faces": {
				"north": {"uv": [9.25, 5.5, 11, 6], "texture": "#2"},
				"east": {"uv": [6.75, 7.75, 9.25, 8.25], "texture": "#2"},
				"south": {"uv": [9.25, 6, 11, 6.5], "texture": "#2"},
				"west": {"uv": [0, 8.25, 2.5, 8.75], "texture": "#2"},
				"up": {"uv": [6.75, 7.5, 5, 5], "texture": "#2"},
				"down": {"uv": [8.5, 0, 6.75, 2.5], "texture": "#2"}
			}
		},
		{
			"name": "dhead",
			"from": [9.6196, 6.34479, -0.46053],
			"to": [10.666, 7.59119, 2.03227],
			"rotation": {"angle": 0, "axis": "y", "origin": [8, 7.91367, 8]},
			"faces": {
				"north": {"uv": [6.5, 7.5, 6.75, 7.75], "texture": "#2"},
				"east": {"uv": [11.25, 9.25, 11.75, 9.5], "texture": "#2"},
				"south": {"uv": [1.5, 8, 1.75, 8.25], "texture": "#2"},
				"west": {"uv": [11.5, 2.75, 12, 3], "texture": "#2"},
				"up": {"uv": [11.75, 3.5, 11.5, 3], "texture": "#2"},
				"down": {"uv": [11.75, 3.5, 11.5, 4], "texture": "#2"}
			}
		},
		{
			"name": "dhead",
			"from": [5.334, 6.34479, -0.46053],
			"to": [6.3804, 7.59119, 2.03227],
			"rotation": {"angle": 0, "axis": "y", "origin": [8, 7.91367, 8]},
			"faces": {
				"north": {"uv": [10.5, 2.25, 10.75, 2.5], "texture": "#2"},
				"east": {"uv": [11.5, 4, 12, 4.25], "texture": "#2"},
				"south": {"uv": [10.75, 9.5, 11, 9.75], "texture": "#2"},
				"west": {"uv": [11.5, 4.25, 12, 4.5], "texture": "#2"},
				"up": {"uv": [4.25, 12, 4, 11.5], "texture": "#2"},
				"down": {"uv": [5.5, 11.5, 5.25, 12], "texture": "#2"}
			}
		},
		{
			"name": "dhead",
			"from": [4.884, 9.41179, 5.47448],
			"to": [6.1304, 11.90459, 8.45368],
			"rotation": {"angle": 22.5, "axis": "x", "origin": [8, 7.91367, 8]},
			"faces": {
				"north": {"uv": [11.5, 5.25, 11.75, 5.75], "texture": "#2"},
				"east": {"uv": [1.75, 7.25, 2.5, 7.75], "texture": "#2"},
				"south": {"uv": [5.5, 11.5, 5.75, 12], "texture": "#2"},
				"west": {"uv": [9.75, 0, 10.5, 0.5], "texture": "#2"},
				"up": {"uv": [10.25, 12, 10, 11.25], "texture": "#2"},
				"down": {"uv": [10.5, 11.25, 10.25, 12], "texture": "#2"}
			}
		},
		{
			"name": "dhead",
			"from": [4.384, 10.87611, 7.61005],
			"to": [5.6304, 15.26891, 10.58925],
			"rotation": {"angle": 45, "axis": "x", "origin": [8, 7.91367, 8]},
			"faces": {
				"north": {"uv": [6.5, 10.5, 6.75, 11.5], "texture": "#2"},
				"east": {"uv": [6.5, 9.25, 7.25, 10.25], "texture": "#2"},
				"south": {"uv": [6.75, 10.5, 7, 11.5], "texture": "#2"},
				"west": {"uv": [7.25, 9.25, 8, 10.25], "texture": "#2"},
				"up": {"uv": [10.75, 12, 10.5, 11.25], "texture": "#2"},
				"down": {"uv": [11.5, 10.5, 11.25, 11.25], "texture": "#2"}
			}
		},
		{
			"name": "dhead",
			"from": [-0.22072, 12.15319, 10.25557],
			"to": [2.43928, 13.53639, 12.32277],
			"rotation": {"angle": -45, "axis": "z", "origin": [1.7716, 12.5097, 11.28123]},
			"faces": {
				"north": {"uv": [8.5, 7.5, 9.25, 7.75], "texture": "#2"},
				"east": {"uv": [11.5, 4.5, 12, 4.75], "texture": "#2"},
				"south": {"uv": [11.25, 4.75, 12, 5], "texture": "#2"},
				"west": {"uv": [5.75, 11.5, 6.25, 11.75], "texture": "#2"},
				"up": {"uv": [1.25, 10.25, 0.5, 9.75], "texture": "#2"},
				"down": {"uv": [10.5, 0.5, 9.75, 1], "texture": "#2"}
			}
		},
		{
			"name": "dhead",
			"from": [1.03626, 10.84531, 10.23057],
			"to": [2.9697, 12.76355, 12.31601],
			"rotation": {"angle": 0, "axis": "y", "origin": [1.7716, 12.5097, 11.28123]},
			"faces": {
				"north": {"uv": [7, 10.5, 7.5, 11], "texture": "#2"},
				"east": {"uv": [10.5, 7, 11, 7.5], "texture": "#2"},
				"south": {"uv": [7.5, 10.5, 8, 11], "texture": "#2"},
				"west": {"uv": [0, 10.75, 0.5, 11.25], "texture": "#2"},
				"up": {"uv": [11.25, 1.5, 10.75, 1], "texture": "#2"},
				"down": {"uv": [11.25, 1.5, 10.75, 2], "texture": "#2"}
			}
		},
		{
			"name": "dhead",
			"from": [13.56072, 12.15319, 10.25557],
			"to": [16.22072, 13.53639, 12.32277],
			"rotation": {"angle": 45, "axis": "z", "origin": [14.2284, 12.5097, 11.28123]},
			"faces": {
				"north": {"uv": [11.25, 5, 12, 5.25], "texture": "#2"},
				"east": {"uv": [11.5, 5.75, 12, 6], "texture": "#2"},
				"south": {"uv": [11.25, 9, 12, 9.25], "texture": "#2"},
				"west": {"uv": [11.5, 6, 12, 6.25], "texture": "#2"},
				"up": {"uv": [10.5, 1.5, 9.75, 1], "texture": "#2"},
				"down": {"uv": [2, 9.75, 1.25, 10.25], "texture": "#2"}
			}
		},
		{
			"name": "dhead",
			"from": [13.0303, 10.84531, 10.23057],
			"to": [14.96374, 12.76355, 12.31601],
			"rotation": {"angle": 0, "axis": "y", "origin": [14.2284, 12.5097, 11.28123]},
			"faces": {
				"north": {"uv": [10.75, 2, 11.25, 2.5], "texture": "#2"},
				"east": {"uv": [10.75, 3.75, 11.25, 4.25], "texture": "#2"},
				"south": {"uv": [10.75, 4.25, 11.25, 4.75], "texture": "#2"},
				"west": {"uv": [10.75, 4.75, 11.25, 5.25], "texture": "#2"},
				"up": {"uv": [11.25, 8.5, 10.75, 8], "texture": "#2"},
				"down": {"uv": [11.25, 8.5, 10.75, 9], "texture": "#2"}
			}
		},
		{
			"name": "dhead",
			"from": [1.03716, 5.03628, 10.22753],
			"to": [4.10148, 7.0518, 12.31905],
			"rotation": {"angle": -45, "axis": "z", "origin": [8, 7.91367, 7.8]},
			"faces": {
				"north": {"uv": [9.75, 1.5, 10.5, 2], "texture": "#2"},
				"east": {"uv": [9, 10.75, 9.5, 11.25], "texture": "#2"},
				"south": {"uv": [2, 9.75, 2.75, 10.25], "texture": "#2"},
				"west": {"uv": [10.75, 9, 11.25, 9.5], "texture": "#2"},
				"up": {"uv": [3.5, 10.25, 2.75, 9.75], "texture": "#2"},
				"down": {"uv": [4.25, 9.75, 3.5, 10.25], "texture": "#2"}
			}
		},
		{
			"name": "dhead",
			"from": [3.15852, 10.19036, 12.95409],
			"to": [4.38972, 16.26352, 14.26129],
			"rotation": {"angle": 22.5, "axis": "x", "origin": [8, 7.91367, 8]},
			"faces": {
				"north": {"uv": [4.25, 9.75, 4.5, 11.25], "texture": "#2"},
				"east": {"uv": [4.5, 9.75, 4.75, 11.25], "texture": "#2"},
				"south": {"uv": [4.75, 9.75, 5, 11.25], "texture": "#2"},
				"west": {"uv": [5, 9.75, 5.25, 11.25], "texture": "#2"},
				"up": {"uv": [11.25, 10.75, 11, 10.5], "texture": "#2"},
				"down": {"uv": [11.75, 7.25, 11.5, 7.5], "texture": "#2"}
			}
		},
		{
			"name": "dhead",
			"from": [-1.80188, 4.85924, 13.85969],
			"to": [4.27812, 6.09044, 15.16689],
			"rotation": {"angle": -45, "axis": "z", "origin": [8, 7.91367, 8]},
			"faces": {
				"north": {"uv": [5, 7.5, 6.5, 7.75], "texture": "#2"},
				"east": {"uv": [7.5, 11.5, 7.75, 11.75], "texture": "#2"},
				"south": {"uv": [0, 8, 1.5, 8.25], "texture": "#2"},
				"west": {"uv": [11.5, 7.5, 11.75, 7.75], "texture": "#2"},
				"up": {"uv": [10.75, 8.25, 9.25, 8], "texture": "#2"},
				"down": {"uv": [11.5, 3.5, 10, 3.75], "texture": "#2"}
			}
		},
		{
			"name": "dhead",
			"from": [0.25947, 12.22255, 12.11169],
			"to": [1.64267, 14.88255, 14.17889],
			"rotation": {"angle": 22.5, "axis": "z", "origin": [8, 7.91367, 8]},
			"faces": {
				"north": {"uv": [10.75, 11.25, 11, 12], "texture": "#2"},
				"east": {"uv": [5.25, 9.75, 5.75, 10.5], "texture": "#2"},
				"south": {"uv": [11, 11.25, 11.25, 12], "texture": "#2"},
				"west": {"uv": [5.75, 9.75, 6.25, 10.5], "texture": "#2"},
				"up": {"uv": [11.75, 6.75, 11.5, 6.25], "texture": "#2"},
				"down": {"uv": [6.75, 11.5, 6.5, 12], "texture": "#2"}
			}
		},
		{
			"name": "dhead",
			"from": [-0.52934, 5.47801, 12.10257],
			"to": [2.1489, 7.41145, 14.18801],
			"rotation": {"angle": -22.5, "axis": "z", "origin": [8, 7.91367, 8]},
			"faces": {
				"north": {"uv": [10, 3.75, 10.75, 4.25], "texture": "#2"},
				"east": {"uv": [10.25, 10.75, 10.75, 11.25], "texture": "#2"},
				"south": {"uv": [10, 4.25, 10.75, 4.75], "texture": "#2"},
				"west": {"uv": [10.75, 10.75, 11.25, 11.25], "texture": "#2"},
				"up": {"uv": [10.75, 5.25, 10, 4.75], "texture": "#2"},
				"down": {"uv": [10.75, 8.25, 10, 8.75], "texture": "#2"}
			}
		},
		{
			"name": "dhead",
			"from": [1.6451, 7.90229, 12.09953],
			"to": [3.18942, 9.91781, 14.19105],
			"rotation": {"angle": 0, "axis": "y", "origin": [8, 7.91367, 8]},
			"faces": {
				"north": {"uv": [1, 11, 1.5, 11.5], "texture": "#2"},
				"east": {"uv": [5.25, 11, 5.75, 11.5], "texture": "#2"},
				"south": {"uv": [11, 5.5, 11.5, 6], "texture": "#2"},
				"west": {"uv": [5.75, 11, 6.25, 11.5], "texture": "#2"},
				"up": {"uv": [11.5, 6.5, 11, 6], "texture": "#2"},
				"down": {"uv": [11.5, 6.5, 11, 7], "texture": "#2"}
			}
		},
		{
			"name": "dhead",
			"from": [10.3696, 10.87611, 7.61005],
			"to": [11.616, 15.26891, 10.58925],
			"rotation": {"angle": 45, "axis": "x", "origin": [8, 7.91367, 8]},
			"faces": {
				"north": {"uv": [9.5, 10.75, 9.75, 11.75], "texture": "#2"},
				"east": {"uv": [8, 9.25, 8.75, 10.25], "texture": "#2"},
				"south": {"uv": [1.5, 11, 1.75, 12], "texture": "#2"},
				"west": {"uv": [8.75, 9.25, 9.5, 10.25], "texture": "#2"},
				"up": {"uv": [11.5, 12, 11.25, 11.25], "texture": "#2"},
				"down": {"uv": [11.75, 0.5, 11.5, 1.25], "texture": "#2"}
			}
		},
		{
			"name": "dhead",
			"from": [9.8696, 9.41179, 5.47448],
			"to": [11.116, 11.90459, 8.45368],
			"rotation": {"angle": 22.5, "axis": "x", "origin": [8, 7.91367, 8]},
			"faces": {
				"north": {"uv": [6.75, 11.5, 7, 12], "texture": "#2"},
				"east": {"uv": [10, 8.75, 10.75, 9.25], "texture": "#2"},
				"south": {"uv": [11.5, 6.75, 11.75, 7.25], "texture": "#2"},
				"west": {"uv": [10, 9.25, 10.75, 9.75], "texture": "#2"},
				"up": {"uv": [1.25, 12.25, 1, 11.5], "texture": "#2"},
				"down": {"uv": [1.5, 11.5, 1.25, 12.25], "texture": "#2"}
			}
		},
		{
			"name": "dhead",
			"from": [11.61028, 10.19036, 12.95409],
			"to": [12.84148, 16.26352, 14.26129],
			"rotation": {"angle": 22.5, "axis": "x", "origin": [8, 7.91367, 8]},
			"faces": {
				"north": {"uv": [6.25, 9.75, 6.5, 11.25], "texture": "#2"},
				"east": {"uv": [10, 9.75, 10.25, 11.25], "texture": "#2"},
				"south": {"uv": [0.5, 10.25, 0.75, 11.75], "texture": "#2"},
				"west": {"uv": [0.75, 10.25, 1, 11.75], "texture": "#2"},
				"up": {"uv": [8, 11.75, 7.75, 11.5], "texture": "#2"},
				"down": {"uv": [11.75, 7.75, 11.5, 8], "texture": "#2"}
			}
		},
		{
			"name": "dhead",
			"from": [11.72188, 4.85924, 13.85969],
			"to": [17.80188, 6.09044, 15.16689],
			"rotation": {"angle": 45, "axis": "z", "origin": [8, 7.91367, 8]},
			"faces": {
				"north": {"uv": [10, 5.25, 11.5, 5.5], "texture": "#2"},
				"east": {"uv": [8, 11.5, 8.25, 11.75], "texture": "#2"},
				"south": {"uv": [1, 10.25, 2.5, 10.5], "texture": "#2"},
				"west": {"uv": [11.5, 8, 11.75, 8.25], "texture": "#2"},
				"up": {"uv": [4, 10.5, 2.5, 10.25], "texture": "#2"},
				"down": {"uv": [8, 10.25, 6.5, 10.5], "texture": "#2"}
			}
		},
		{
			"name": "dhead",
			"from": [14.35733, 12.22255, 12.11169],
			"to": [15.74053, 14.88255, 14.17889],
			"rotation": {"angle": -22.5, "axis": "z", "origin": [8, 7.91367, 8]},
			"faces": {
				"north": {"uv": [11.5, 1.25, 11.75, 2], "texture": "#2"},
				"east": {"uv": [8, 10.25, 8.5, 11], "texture": "#2"},
				"south": {"uv": [11.5, 2, 11.75, 2.75], "texture": "#2"},
				"west": {"uv": [8.5, 10.25, 9, 11], "texture": "#2"},
				"up": {"uv": [7.25, 12, 7, 11.5], "texture": "#2"},
				"down": {"uv": [7.5, 11.5, 7.25, 12], "texture": "#2"}
			}
		},
		{
			"name": "dhead",
			"from": [12.81058, 7.90229, 12.09953],
			"to": [14.3549, 9.91781, 14.19105],
			"rotation": {"angle": 0, "axis": "y", "origin": [8, 7.91367, 8]},
			"faces": {
				"north": {"uv": [7, 11, 7.5, 11.5], "texture": "#2"},
				"east": {"uv": [11, 7, 11.5, 7.5], "texture": "#2"},
				"south": {"uv": [7.5, 11, 8, 11.5], "texture": "#2"},
				"west": {"uv": [11, 7.5, 11.5, 8], "texture": "#2"},
				"up": {"uv": [8.5, 11.5, 8, 11], "texture": "#2"},
				"down": {"uv": [9, 11, 8.5, 11.5], "texture": "#2"}
			}
		},
		{
			"name": "dhead",
			"from": [13.8511, 5.47801, 12.10257],
			"to": [16.52934, 7.41145, 14.18801],
			"rotation": {"angle": 22.5, "axis": "z", "origin": [8, 7.91367, 8]},
			"faces": {
				"north": {"uv": [10.25, 6.5, 11, 7], "texture": "#2"},
				"east": {"uv": [11, 9.5, 11.5, 10], "texture": "#2"},
				"south": {"uv": [10.25, 7.5, 11, 8], "texture": "#2"},
				"west": {"uv": [11, 10, 11.5, 10.5], "texture": "#2"},
				"up": {"uv": [9.75, 10.75, 9, 10.25], "texture": "#2"},
				"down": {"uv": [11, 9.75, 10.25, 10.25], "texture": "#2"}
			}
		},
		{
			"name": "dhead",
			"from": [11.89852, 5.03628, 10.22753],
			"to": [14.96284, 7.0518, 12.31905],
			"rotation": {"angle": 45, "axis": "z", "origin": [8, 7.91367, 7.8]},
			"faces": {
				"north": {"uv": [10.25, 10.25, 11, 10.75], "texture": "#2"},
				"east": {"uv": [0, 11.25, 0.5, 11.75], "texture": "#2"},
				"south": {"uv": [10.5, 0, 11.25, 0.5], "texture": "#2"},
				"west": {"uv": [11.25, 0, 11.75, 0.5], "texture": "#2"},
				"up": {"uv": [11.25, 1, 10.5, 0.5], "texture": "#2"},
				"down": {"uv": [1.75, 10.5, 1, 11], "texture": "#2"}
			}
		},
		{
			"name": "dhead",
			"from": [5.77983, 1.03001, 11.65672],
			"to": [6.91983, 4.83001, 16.59672],
			"rotation": {"angle": -45, "axis": "y", "origin": [8, 7.91367, 7]},
			"faces": {
				"north": {"uv": [11.25, 0.5, 11.5, 1.5], "texture": "#2"},
				"east": {"uv": [2.5, 8.25, 3.75, 9.25], "texture": "#2"},
				"south": {"uv": [11.25, 1.5, 11.5, 2.5], "texture": "#2"},
				"west": {"uv": [3.75, 8.25, 5, 9.25], "texture": "#2"},
				"up": {"uv": [4.25, 11.5, 4, 10.25], "texture": "#2"},
				"down": {"uv": [10, 10.25, 9.75, 11.5], "texture": "#2"}
			}
		},
		{
			"name": "dhead",
			"from": [2.7238, 3.03001, 9.6525],
			"to": [3.8638, 6.83001, 14.5925],
			"rotation": {"angle": -22.5, "axis": "y", "origin": [1.7938, 2.93001, 10.8725]},
			"faces": {
				"north": {"uv": [11.25, 2.5, 11.5, 3.5], "texture": "#2"},
				"east": {"uv": [5, 8.25, 6.25, 9.25], "texture": "#2"},
				"south": {"uv": [11.25, 3.75, 11.5, 4.75], "texture": "#2"},
				"west": {"uv": [6.25, 8.25, 7.5, 9.25], "texture": "#2"},
				"up": {"uv": [10.75, 2.25, 10.5, 1], "texture": "#2"},
				"down": {"uv": [2, 10.5, 1.75, 11.75], "texture": "#2"}
			}
		},
		{
			"name": "dhead",
			"from": [3.4238, 1.28001, 12.2025],
			"to": [4.5638, 5.08001, 17.1425],
			"rotation": {"angle": -22.5, "axis": "y", "origin": [1.7938, 2.93001, 11.8725]},
			"faces": {
				"north": {"uv": [4.25, 11.25, 4.5, 12.25], "texture": "#2"},
				"east": {"uv": [7.5, 8.25, 8.75, 9.25], "texture": "#2"},
				"south": {"uv": [4.5, 11.25, 4.75, 12.25], "texture": "#2"},
				"west": {"uv": [8.5, 0, 9.75, 1], "texture": "#2"},
				"up": {"uv": [2.25, 11.75, 2, 10.5], "texture": "#2"},
				"down": {"uv": [2.5, 10.5, 2.25, 11.75], "texture": "#2"}
			}
		},
		{
			"name": "dhead",
			"from": [11.4362, 1.28001, 12.2025],
			"to": [12.5762, 5.08001, 17.1425],
			"rotation": {"angle": 22.5, "axis": "y", "origin": [14.2062, 2.93001, 11.8725]},
			"faces": {
				"north": {"uv": [4.75, 11.25, 5, 12.25], "texture": "#2"},
				"east": {"uv": [8.5, 1, 9.75, 2], "texture": "#2"},
				"south": {"uv": [5, 11.25, 5.25, 12.25], "texture": "#2"},
				"west": {"uv": [0, 8.75, 1.25, 9.75], "texture": "#2"},
				"up": {"uv": [2.75, 11.75, 2.5, 10.5], "texture": "#2"},
				"down": {"uv": [3, 10.5, 2.75, 11.75], "texture": "#2"}
			}
		},
		{
			"name": "dhead",
			"from": [12.1362, 3.03001, 9.6525],
			"to": [13.2762, 6.83001, 14.5925],
			"rotation": {"angle": 22.5, "axis": "y", "origin": [14.2062, 2.93001, 10.8725]},
			"faces": {
				"north": {"uv": [6.25, 11.25, 6.5, 12.25], "texture": "#2"},
				"east": {"uv": [1.25, 8.75, 2.5, 9.75], "texture": "#2"},
				"south": {"uv": [11.25, 8, 11.5, 9], "texture": "#2"},
				"west": {"uv": [8.75, 3.5, 10, 4.5], "texture": "#2"},
				"up": {"uv": [3.25, 11.75, 3, 10.5], "texture": "#2"},
				"down": {"uv": [3.5, 10.5, 3.25, 11.75], "texture": "#2"}
			}
		},
		{
			"name": "dhead",
			"from": [9.08017, 1.03001, 11.65672],
			"to": [10.22017, 4.83001, 16.59672],
			"rotation": {"angle": 45, "axis": "y", "origin": [8, 7.91367, 7]},
			"faces": {
				"north": {"uv": [9, 11.25, 9.25, 12.25], "texture": "#2"},
				"east": {"uv": [8.75, 4.5, 10, 5.5], "texture": "#2"},
				"south": {"uv": [9.25, 11.25, 9.5, 12.25], "texture": "#2"},
				"west": {"uv": [8.75, 8.25, 10, 9.25], "texture": "#2"},
				"up": {"uv": [3.75, 11.75, 3.5, 10.5], "texture": "#2"},
				"down": {"uv": [4, 10.5, 3.75, 11.75], "texture": "#2"}
			}
		}
	],
	"gui_light": "front",
	"display": {
		"thirdperson_righthand": {
			"rotation": [-173, 14.31, -173.95],
			"translation": [0, 5.75, 0.75],
			"scale": [0.7, 0.7, 0.7]
		},
		"thirdperson_lefthand": {
			"rotation": [-173, 14.31, -173.95],
			"translation": [0, 5.75, 0.75],
			"scale": [0.7, 0.7, 0.7]
		},
		"firstperson_righthand": {
			"rotation": [-174.76, 32.48, 176.89],
			"translation": [0.25, 5.5, -0.75],
			"scale": [0.49, 0.56, 0.49]
		},
		"firstperson_lefthand": {
			"rotation": [-174.76, 32.48, 176.89],
			"translation": [0.25, 5.5, -0.75],
			"scale": [0.49, 0.56, 0.49]
		},
		"ground": {
			"translation": [0, 0.25, 0],
			"scale": [0.5, 0.5, 0.5]
		},
		"gui": {
			"rotation": [-156.5, 0, -180],
			"translation": [0, -1.25, 0],
			"scale": [0.7, 0.7, 0.7]
		},
		"head": {
			"translation": [0, 11.25, -3.75],
			"scale": [1.6, 1.6, 1.6]
		},
		"fixed": {
			"translation": [0, 0, -7.25]
		}
	},
	"groups": [
		{
			"name": "chinese_dragon_helmet",
			"origin": [3.66487, 4.5192, 4.81014],
			"color": 0,
			"children": [0, 1, 2, 3, 4, 5, 6, 7, 8, 9, 10, 11, 12, 13, 14, 15, 16, 17, 18, 19, 20, 21, 22, 23, 24, 25, 26, 27, 28, 29, 30, 31, 32, 33, 34, 35, 36, 37, 38, 39, 40, 41]
		}
	]
}