{"textures":{"0":"modelengine:entity/frog_royal"},"elements":[{"from":[-1.0,2.4718485,4.370475],"to":[17.0,5.4718485,7.370475],"faces":{"east":{"uv":[2.8125,3.3125,3.0,3.5],"tintindex":0,"rotation":0,"texture":"#0"},"south":{"uv":[6.125,6.25,7.25,6.4375],"tintindex":0,"rotation":0,"texture":"#0"},"north":{"uv":[6.0,0.6875,7.125,0.875],"tintindex":0,"rotation":0,"texture":"#0"},"west":{"uv":[7.1875,5.875,7.375,6.0625],"tintindex":0,"rotation":0,"texture":"#0"},"up":{"uv":[3.0625,6.5,1.9375,6.3125],"tintindex":0,"rotation":0,"texture":"#0"},"down":{"uv":[7.4375,2.3125,6.3125,2.5],"tintindex":0,"rotation":0,"texture":"#0"}}},{"from":[-0.5625,2.9718485,-1.6295252],"to":[16.5625,14.9718485,8.370475],"faces":{"east":{"uv":[1.1875,3.4375,1.8125,4.1875],"tintindex":0,"rotation":0,"texture":"#0"},"south":{"uv":[2.125,0.0,3.1875,0.75],"tintindex":0,"rotation":0,"texture":"#0"},"north":{"uv":[1.0,1.75,2.0625,2.5],"tintindex":0,"rotation":0,"texture":"#0"},"west":{"uv":[3.9375,3.5625,4.5625,4.3125],"tintindex":0,"rotation":0,"texture":"#0"},"up":{"uv":[4.1875,3.5,3.125,2.875],"tintindex":0,"rotation":0,"texture":"#0"},"down":{"uv":[4.3125,0.0,3.25,0.625],"tintindex":0,"rotation":0,"texture":"#0"}}},{"from":[-1.0249996,5.4718485,-0.6295252],"to":[17.025,15.4718485,9.370475],"faces":{"east":{"uv":[0.875,4.25,1.5,4.875],"tintindex":0,"rotation":0,"texture":"#0"},"south":{"uv":[3.125,0.8125,4.25,1.4375],"tintindex":0,"rotation":0,"texture":"#0"},"north":{"uv":[0.0,2.875,1.125,3.5],"tintindex":0,"rotation":0,"texture":"#0"},"west":{"uv":[4.3125,0.6875,4.9375,1.3125],"tintindex":0,"rotation":0,"texture":"#0"},"up":{"uv":[4.25,2.125,3.125,1.5],"tintindex":0,"rotation":0,"texture":"#0"},"down":{"uv":[4.25,2.1875,3.125,2.8125],"tintindex":0,"rotation":0,"texture":"#0"}}},{"from":[-1.0,17.915482,11.173643],"to":[17.0,23.915482,11.173643],"faces":{"south":{"uv":[4.25,2.875,5.375,3.25],"tintindex":0,"rotation":0,"texture":"#0"},"north":{"uv":[2.75,4.1875,3.875,4.5625],"tintindex":0,"rotation":0,"texture":"#0"}},"rotation":{"origin":[8.0,20.915482,11.173643],"angle":22.5,"axis":"x"}},{"from":[-1.0,14.315417,6.6113796],"to":[17.0,16.315418,11.61138],"faces":{"east":{"uv":[4.25,3.3125,4.5625,3.4375],"tintindex":0,"rotation":0,"texture":"#0"},"south":{"uv":[6.875,3.75,8.0,3.875],"tintindex":0,"rotation":0,"texture":"#0"},"north":{"uv":[6.4375,0.5,7.5625,0.625],"tintindex":0,"rotation":0,"texture":"#0"},"west":{"uv":[1.0,5.875,1.3125,6.0],"tintindex":0,"rotation":0,"texture":"#0"},"up":{"uv":[5.4375,2.8125,4.3125,2.5],"tintindex":0,"rotation":0,"texture":"#0"},"down":{"uv":[2.6875,4.8125,1.5625,5.125],"tintindex":0,"rotation":0,"texture":"#0"}},"rotation":{"origin":[8.0,15.315417,8.61138],"angle":-45.0,"axis":"x"}}]}