{"textures":{"0":"modelengine:entity/frog_royal"},"elements":[{"from":[-0.5,-0.5,-4.5],"to":[16.5,8.5,8.5],"faces":{"east":{"uv":[0.0,4.1875,0.8125,4.75],"tintindex":0,"rotation":0,"texture":"#0"},"south":{"uv":[2.8125,3.5625,3.875,4.125],"tintindex":0,"rotation":0,"texture":"#0"},"north":{"uv":[0.0,3.5625,1.0625,4.125],"tintindex":0,"rotation":0,"texture":"#0"},"west":{"uv":[1.875,4.1875,2.6875,4.75],"tintindex":0,"rotation":0,"texture":"#0"},"up":{"uv":[2.0625,0.8125,1.0,0.0],"tintindex":0,"rotation":0,"texture":"#0"},"down":{"uv":[2.0625,0.875,1.0,1.6875],"tintindex":0,"rotation":0,"texture":"#0"}}}]}