{"textures":{"0":"modelengine:entity/frog_royal"},"elements":[{"from":[4.9916663,0.47020054,3.825593],"to":[10.991667,8.470201,9.825593],"faces":{"east":{"uv":[6.6875,0.9375,7.0625,1.4375],"tintindex":0,"rotation":0,"texture":"#0"},"south":{"uv":[6.6875,1.5,7.0625,2.0],"tintindex":0,"rotation":0,"texture":"#0"},"north":{"uv":[1.4375,6.625,1.8125,7.125],"tintindex":0,"rotation":0,"texture":"#0"},"west":{"uv":[4.75,6.6875,5.125,7.1875],"tintindex":0,"rotation":0,"texture":"#0"},"up":{"uv":[7.25,4.3125,6.875,3.9375],"tintindex":0,"rotation":0,"texture":"#0"},"down":{"uv":[4.625,6.875,4.25,7.25],"tintindex":0,"rotation":0,"texture":"#0"}},"rotation":{"origin":[6.9916663,5.4702005,7.575593],"angle":22.5,"axis":"x"}}]}