{
	"credit": "by w11shes",
	"texture_size": [8, 8],
	"textures": {
		"0": "item/dragon/dragonborn_shield",
		"1": "item/dragon/dragonborn_particle",
		"particle": "item/dragon/dragonborn_shield"
	},
	"elements": [
		{
			"from": [1, 5, 5.98],
			"to": [17, 21, 9.02],
			"rotation": {"angle": 45, "axis": "z", "origin": [8, 12, 7.5]},
			"faces": {
				"north": {"uv": [0, 0, 4, 4], "texture": "#0"},
				"east": {"uv": [8.25, 7.25, 9, 11.25], "texture": "#0"},
				"south": {"uv": [0, 4, 4, 8], "texture": "#0"},
				"west": {"uv": [8.75, 2.25, 9.5, 6.25], "texture": "#0"},
				"up": {"uv": [12.75, 7, 8.75, 6.25], "texture": "#0"},
				"down": {"uv": [13, 7, 9, 7.75], "texture": "#0"}
			}
		},
		{
			"from": [3, 21, 7.5],
			"to": [19, 30, 7.55],
			"rotation": {"angle": 45, "axis": "z", "origin": [8, 12, 7.5]},
			"faces": {
				"north": {"uv": [6.25, 0, 10.25, 2.25], "texture": "#0"},
				"south": {"uv": [10.25, 0, 6.25, 2.25], "texture": "#0"}
			}
		},
		{
			"from": [5, 21, 7],
			"to": [8, 26, 8.05],
			"rotation": {"angle": 45, "axis": "z", "origin": [8, 12, 7.5]},
			"faces": {
				"north": {"uv": [9, 1, 9.75, 2.25], "texture": "#0"},
				"east": {"uv": [9, 1, 9.25, 2.25], "texture": "#0"},
				"south": {"uv": [9.75, 1, 9, 2.25], "texture": "#0"},
				"west": {"uv": [9.75, 1, 9.5, 2.25], "texture": "#0"},
				"up": {"uv": [9.75, 1, 9, 1.25], "texture": "#0"}
			}
		},
		{
			"from": [12, 21, 7],
			"to": [15, 26, 8.05],
			"rotation": {"angle": 45, "axis": "z", "origin": [8, 12, 7.5]},
			"faces": {
				"north": {"uv": [7.25, 1, 8, 2.25], "texture": "#0"},
				"east": {"uv": [7.25, 1, 7.5, 2.25], "texture": "#0"},
				"south": {"uv": [8, 1, 7.25, 2.25], "texture": "#0"},
				"west": {"uv": [8, 1, 7.75, 2.25], "texture": "#0"},
				"up": {"uv": [8, 1, 7.25, 1.25], "texture": "#0"}
			}
		},
		{
			"from": [8, 21, 7],
			"to": [11, 26, 8.05],
			"rotation": {"angle": -45, "axis": "z", "origin": [8, 12, 7.5]},
			"faces": {
				"north": {"uv": [9.75, 1, 9, 2.25], "texture": "#0"},
				"east": {"uv": [9.5, 1, 9.75, 2.25], "texture": "#0"},
				"south": {"uv": [9, 1, 9.75, 2.25], "texture": "#0"},
				"west": {"uv": [9.25, 1, 9, 2.25], "texture": "#0"},
				"up": {"uv": [9, 1, 9.75, 1.25], "texture": "#0"}
			}
		},
		{
			"from": [1, 21, 7],
			"to": [4, 26, 8.05],
			"rotation": {"angle": -45, "axis": "z", "origin": [8, 12, 7.5]},
			"faces": {
				"north": {"uv": [8, 1, 7.25, 2.25], "texture": "#0"},
				"east": {"uv": [7.75, 1, 8, 2.25], "texture": "#0"},
				"south": {"uv": [7.25, 1, 8, 2.25], "texture": "#0"},
				"west": {"uv": [7.5, 1, 7.25, 2.25], "texture": "#0"},
				"up": {"uv": [7.25, 1, 8, 1.25], "texture": "#0"}
			}
		},
		{
			"from": [-3, 21, 7.5],
			"to": [13, 30, 7.55],
			"rotation": {"angle": -45, "axis": "z", "origin": [8, 12, 7.5]},
			"faces": {
				"north": {"uv": [10.25, 0, 6.25, 2.25], "texture": "#0"},
				"south": {"uv": [6.25, 0, 10.25, 2.25], "texture": "#0"}
			}
		},
		{
			"from": [7, -11, 5.98],
			"to": [17, -1, 9.02],
			"rotation": {"angle": 45, "axis": "z", "origin": [8, -10, 7.5]},
			"faces": {
				"north": {"uv": [6.25, 2.25, 8.75, 4.75], "texture": "#0"},
				"east": {"uv": [9, 9.25, 9.75, 11.75], "texture": "#0"},
				"south": {"uv": [6.25, 4.75, 8.75, 7.25], "texture": "#0"},
				"west": {"uv": [9.5, 2.25, 10.25, 4.75], "texture": "#0"},
				"up": {"uv": [6, 10.25, 3.5, 9.5], "texture": "#0"},
				"down": {"uv": [12, 4.75, 9.5, 5.5], "texture": "#0"}
			}
		},
		{
			"from": [5.5, 0.9, 4],
			"to": [10.5, 10.9, 6],
			"rotation": {"angle": 0, "axis": "y", "origin": [0, -7.1, -4]},
			"faces": {
				"north": {"uv": [2.25, 8, 3.5, 10.5], "texture": "#0"},
				"east": {"uv": [9.75, 9.25, 10.25, 11.75], "texture": "#0"},
				"south": {"uv": [2.25, 8, 3.5, 10.5], "texture": "#0"},
				"west": {"uv": [10.25, 0, 10.75, 2.5], "texture": "#0"}
			}
		},
		{
			"from": [10.5, 10.9, 5],
			"to": [5.5, 0.9, 4],
			"rotation": {"angle": 0, "axis": "y", "origin": [0, 15.9, -4]},
			"faces": {
				"north": {"uv": [10.75, 2.5, 12, 0], "texture": "#0"},
				"east": {"uv": [10, 11.75, 10.25, 9.25], "texture": "#0"},
				"west": {"uv": [10.25, 2.5, 10.5, 0], "texture": "#0"}
			}
		},
		{
			"from": [6.32843, -1.1, 3.98],
			"to": [9.86396, 2.43553, 5.96],
			"rotation": {"angle": -45, "axis": "z", "origin": [8.32843, 0.9, 4]},
			"faces": {
				"north": {"uv": [3.5, 10.25, 4.5, 11.25], "texture": "#0"},
				"east": {"uv": [3.5, 8, 4, 9], "texture": "#0"},
				"south": {"uv": [11, 2.5, 12, 3.5], "texture": "#0"},
				"down": {"uv": [10.5, 5.5, 9.5, 6], "texture": "#0"}
			}
		},
		{
			"from": [11.32838, 6.4355, 4.98],
			"to": [7.79288, 2.9, 3.98],
			"rotation": {"angle": 45, "axis": "z", "origin": [13.32838, 0.9, 15.04]},
			"faces": {
				"north": {"uv": [12, 2.5, 11, 3.5], "texture": "#0"},
				"east": {"uv": [3.75, 9, 4, 8], "texture": "#0"},
				"up": {"uv": [10.5, 6, 9.5, 5.75], "texture": "#0"}
			}
		},
		{
			"from": [6.32843, 9.36447, 3.98],
			"to": [9.86396, 12.9, 6.02],
			"rotation": {"angle": 45, "axis": "z", "origin": [8.32843, 10.9, 4]},
			"faces": {
				"north": {"uv": [4.5, 10.25, 5.5, 11.25], "texture": "#0"},
				"east": {"uv": [5.5, 10.25, 6, 11.25], "texture": "#0"},
				"up": {"uv": [11.25, 4.5, 10.25, 4], "texture": "#0"}
			}
		},
		{
			"from": [13.20705, 10.97106, 4.96],
			"to": [9.67155, 7.43556, 3.98],
			"rotation": {"angle": 45, "axis": "z", "origin": [7.67155, 5.90002, 24.96]},
			"faces": {
				"north": {"uv": [12, 1, 13, 0], "texture": "#0"},
				"south": {"uv": [4.5, 11.25, 5.5, 10.25], "texture": "#0"},
				"west": {"uv": [5.75, 11.25, 6, 10.25], "texture": "#0"},
				"down": {"uv": [10.25, 4.5, 11.25, 4.25], "texture": "#0"}
			}
		},
		{
			"from": [3.5, -4, 6],
			"to": [12.5, 15, 9],
			"rotation": {"angle": 0, "axis": "y", "origin": [0, -3, 0]},
			"faces": {
				"north": {"uv": [4, 0, 6.25, 4.75], "texture": "#0"},
				"east": {"uv": [7.5, 7.25, 8.25, 12], "texture": "#0"},
				"south": {"uv": [4, 4.75, 6.25, 9.5], "texture": "#0"},
				"west": {"uv": [0, 8, 0.75, 12.75], "texture": "#0"}
			}
		},
		{
			"from": [6.5, 4, 9],
			"to": [9.5, 10, 15],
			"rotation": {"angle": 0, "axis": "y", "origin": [0, -3, 0]},
			"faces": {
				"east": {"uv": [10.5, 7.75, 9, 9.25], "texture": "#0"},
				"south": {"uv": [0.75, 10.25, 1.5, 11.75], "texture": "#0"},
				"west": {"uv": [9, 7.75, 10.5, 9.25], "texture": "#0"},
				"up": {"uv": [2.25, 11.75, 1.5, 10.25], "texture": "#0"},
				"down": {"uv": [11, 2.5, 10.25, 4], "texture": "#0"}
			}
		},
		{
			"from": [9.5, 9, 14],
			"to": [6.5, 5, 9],
			"rotation": {"angle": 0, "axis": "y", "origin": [13, 13, 9]},
			"faces": {
				"north": {"uv": [0.75, 11.5, 1.5, 10.5], "texture": "#0"},
				"up": {"uv": [10.25, 2.75, 11, 4], "texture": "#0"},
				"down": {"uv": [1.5, 11.75, 2.25, 10.5], "texture": "#0"}
			}
		},
		{
			"from": [7.999, 22.72792, 2],
			"to": [8.049, 31.72792, 8],
			"rotation": {"angle": -22.5, "axis": "x", "origin": [7.999, 24.72792, 8]},
			"faces": {
				"east": {"uv": [2.25, 8, 0.75, 10.25], "texture": "#0"},
				"west": {"uv": [0.75, 8, 2.25, 10.25], "texture": "#0"}
			}
		},
		{
			"from": [7.499, 23.72792, 2],
			"to": [8.499, 26.72792, 6],
			"rotation": {"angle": -22.5, "axis": "x", "origin": [7.999, 24.72792, 8]},
			"faces": {
				"north": {"uv": [1, 9.25, 0.75, 10], "texture": "#0"},
				"east": {"uv": [1.75, 9.25, 0.75, 10], "texture": "#0"},
				"south": {"uv": [1.75, 9.25, 1.5, 10], "texture": "#0"},
				"west": {"uv": [0.75, 9.25, 1.75, 10], "texture": "#0"},
				"up": {"uv": [0.75, 9.5, 1.75, 9.25], "rotation": 90, "texture": "#0"},
				"down": {"uv": [1.75, 10, 0.75, 9.75], "rotation": 90, "texture": "#0"}
			}
		},
		{
			"from": [-1.5, -3, 7.5],
			"to": [3.5, 11, 7.55],
			"rotation": {"angle": -45, "axis": "y", "origin": [3.5, -3, 7.5]},
			"faces": {
				"north": {"uv": [6.25, 7.25, 7.5, 10.75], "texture": "#0"},
				"south": {"uv": [7.5, 7.25, 6.25, 10.75], "texture": "#0"}
			}
		},
		{
			"from": [12.5, -3, 7.5],
			"to": [17.5, 11, 7.55],
			"rotation": {"angle": 45, "axis": "y", "origin": [12.5, -3, 7.5]},
			"faces": {
				"north": {"uv": [7.5, 7.25, 6.25, 10.75], "texture": "#0"},
				"south": {"uv": [6.25, 7.25, 7.5, 10.75], "texture": "#0"}
			}
		},
		{
			"from": [5.55, 1.95, 1.95],
			"to": [6.15, 2.55, 2.55],
			"shade": false,
			"rotation": {"angle": 0, "axis": "y", "origin": [0, -10, -1.5]},
			"faces": {
				"north": {"uv": [0, 14, 2, 16], "texture": "#1"},
				"east": {"uv": [0, 14, 2, 16], "texture": "#1"},
				"south": {"uv": [0, 14, 2, 16], "texture": "#1"},
				"west": {"uv": [0, 14, 2, 16], "texture": "#1"},
				"up": {"uv": [0, 14, 2, 16], "texture": "#1"},
				"down": {"uv": [0, 14, 2, 16], "texture": "#1"}
			}
		},
		{
			"from": [6.4, 2.8, 2.8],
			"to": [5.3, 1.7, 1.7],
			"shade": false,
			"rotation": {"angle": 0, "axis": "y", "origin": [0, -10, -1.5]},
			"faces": {
				"north": {"uv": [2, 14, 4, 16], "texture": "#1"},
				"east": {"uv": [2, 14, 4, 16], "texture": "#1"},
				"south": {"uv": [2, 14, 4, 16], "texture": "#1"},
				"west": {"uv": [2, 14, 4, 16], "texture": "#1"},
				"up": {"uv": [2, 14, 4, 16], "texture": "#1"},
				"down": {"uv": [2, 14, 4, 16], "texture": "#1"}
			}
		},
		{
			"from": [9.56436, -0.65616, 1.9],
			"to": [10.26436, 0.04384, 2.6],
			"shade": false,
			"rotation": {"angle": 22.5, "axis": "z", "origin": [0, -10, -1.5]},
			"faces": {
				"north": {"uv": [0, 12, 2, 14], "texture": "#1"},
				"east": {"uv": [0, 12, 2, 14], "texture": "#1"},
				"south": {"uv": [0, 12, 2, 14], "texture": "#1"},
				"west": {"uv": [0, 12, 2, 14], "texture": "#1"},
				"up": {"uv": [0, 12, 2, 14], "texture": "#1"},
				"down": {"uv": [0, 12, 2, 14], "texture": "#1"}
			}
		},
		{
			"from": [10.56436, 0.34384, 2.9],
			"to": [9.26436, -0.95616, 1.6],
			"shade": false,
			"rotation": {"angle": 22.5, "axis": "z", "origin": [0, -10, -1.5]},
			"faces": {
				"north": {"uv": [2, 12, 4, 14], "texture": "#1"},
				"east": {"uv": [2, 12, 4, 14], "texture": "#1"},
				"south": {"uv": [2, 12, 4, 14], "texture": "#1"},
				"west": {"uv": [2, 12, 4, 14], "texture": "#1"},
				"up": {"uv": [2, 12, 4, 14], "texture": "#1"},
				"down": {"uv": [2, 12, 4, 14], "texture": "#1"}
			}
		},
		{
			"from": [12.65219, -4.48959, 1.75],
			"to": [13.65219, -3.48959, 2.75],
			"shade": false,
			"rotation": {"angle": 45, "axis": "z", "origin": [0, -10, -1.5]},
			"faces": {
				"north": {"uv": [0, 10, 2, 12], "texture": "#1"},
				"east": {"uv": [0, 10, 2, 12], "texture": "#1"},
				"south": {"uv": [0, 10, 2, 12], "texture": "#1"},
				"west": {"uv": [0, 10, 2, 12], "texture": "#1"},
				"up": {"uv": [0, 10, 2, 12], "texture": "#1"},
				"down": {"uv": [0, 10, 2, 12], "texture": "#1"}
			}
		},
		{
			"from": [13.90219, -3.23959, 3],
			"to": [12.40219, -4.73959, 1.5],
			"shade": false,
			"rotation": {"angle": 45, "axis": "z", "origin": [0, -10, -1.5]},
			"faces": {
				"north": {"uv": [2, 10, 4, 12], "texture": "#1"},
				"east": {"uv": [2, 10, 4, 12], "texture": "#1"},
				"south": {"uv": [2, 10, 4, 12], "texture": "#1"},
				"west": {"uv": [2, 10, 4, 12], "texture": "#1"},
				"up": {"uv": [2, 10, 4, 12], "texture": "#1"},
				"down": {"uv": [2, 10, 4, 12], "texture": "#1"}
			}
		},
		{
			"from": [-0.73332, 4.82744, 1.75],
			"to": [0.26668, 5.82744, 2.75],
			"shade": false,
			"rotation": {"angle": -22.5, "axis": "z", "origin": [0, -10, -1.5]},
			"faces": {
				"north": {"uv": [0, 8, 2, 10], "rotation": 90, "texture": "#1"},
				"east": {"uv": [0, 8, 2, 10], "rotation": 270, "texture": "#1"},
				"south": {"uv": [0, 8, 2, 10], "rotation": 270, "texture": "#1"},
				"west": {"uv": [0, 8, 2, 10], "rotation": 270, "texture": "#1"},
				"up": {"uv": [0, 8, 2, 10], "rotation": 270, "texture": "#1"},
				"down": {"uv": [0, 8, 2, 10], "rotation": 270, "texture": "#1"}
			}
		},
		{
			"from": [0.51668, 6.07744, 3],
			"to": [-0.98332, 4.57744, 1.5],
			"shade": false,
			"rotation": {"angle": -22.5, "axis": "z", "origin": [0, -10, -1.5]},
			"faces": {
				"north": {"uv": [2, 8, 4, 10], "rotation": 90, "texture": "#1"},
				"east": {"uv": [2, 8, 4, 10], "rotation": 270, "texture": "#1"},
				"south": {"uv": [2, 8, 4, 10], "rotation": 270, "texture": "#1"},
				"west": {"uv": [2, 8, 4, 10], "rotation": 270, "texture": "#1"},
				"up": {"uv": [2, 8, 4, 10], "rotation": 270, "texture": "#1"},
				"down": {"uv": [2, 8, 4, 10], "rotation": 270, "texture": "#1"}
			}
		},
		{
			"from": [5.65, 4.35, 1.75],
			"to": [6.65, 5.35, 2.75],
			"shade": false,
			"rotation": {"angle": 0, "axis": "y", "origin": [0, -10, -1.5]},
			"faces": {
				"north": {"uv": [0, 6, 2, 8], "texture": "#1"},
				"east": {"uv": [0, 6, 2, 8], "texture": "#1"},
				"south": {"uv": [0, 6, 2, 8], "texture": "#1"},
				"west": {"uv": [0, 6, 2, 8], "texture": "#1"},
				"up": {"uv": [0, 6, 2, 8], "texture": "#1"},
				"down": {"uv": [0, 6, 2, 8], "texture": "#1"}
			}
		},
		{
			"from": [6.9, 5.6, 3],
			"to": [5.4, 4.1, 1.5],
			"shade": false,
			"rotation": {"angle": 0, "axis": "y", "origin": [0, -10, -1.5]},
			"faces": {
				"north": {"uv": [2, 6, 4, 8], "texture": "#1"},
				"east": {"uv": [2, 6, 4, 8], "texture": "#1"},
				"south": {"uv": [2, 6, 4, 8], "texture": "#1"},
				"west": {"uv": [2, 6, 4, 8], "texture": "#1"},
				"up": {"uv": [2, 6, 4, 8], "texture": "#1"},
				"down": {"uv": [2, 6, 4, 8], "texture": "#1"}
			}
		},
		{
			"from": [-0.84191, 6.38568, 1.9],
			"to": [-0.14191, 7.08568, 2.6],
			"shade": false,
			"rotation": {"angle": -22.5, "axis": "z", "origin": [0, -10, -1.5]},
			"faces": {
				"north": {"uv": [0, 4, 2, 6], "texture": "#1"},
				"east": {"uv": [0, 4, 2, 6], "texture": "#1"},
				"south": {"uv": [0, 4, 2, 6], "texture": "#1"},
				"west": {"uv": [0, 4, 2, 6], "texture": "#1"},
				"up": {"uv": [0, 4, 2, 6], "texture": "#1"},
				"down": {"uv": [0, 4, 2, 6], "texture": "#1"}
			}
		},
		{
			"from": [0.15809, 7.38568, 2.9],
			"to": [-1.14191, 6.08568, 1.6],
			"shade": false,
			"rotation": {"angle": -22.5, "axis": "z", "origin": [0, -10, -1.5]},
			"faces": {
				"north": {"uv": [2, 4, 4, 6], "texture": "#1"},
				"east": {"uv": [2, 4, 4, 6], "texture": "#1"},
				"south": {"uv": [2, 4, 4, 6], "texture": "#1"},
				"west": {"uv": [2, 4, 4, 6], "texture": "#1"},
				"up": {"uv": [2, 4, 4, 6], "texture": "#1"},
				"down": {"uv": [2, 4, 4, 6], "texture": "#1"}
			}
		},
		{
			"from": [5.4, 5.95, 1.95],
			"to": [6, 6.55, 2.55],
			"shade": false,
			"rotation": {"angle": 0, "axis": "y", "origin": [0, -10, -1.5]},
			"faces": {
				"north": {"uv": [0, 2, 2, 4], "texture": "#1"},
				"east": {"uv": [0, 2, 2, 4], "texture": "#1"},
				"south": {"uv": [0, 2, 2, 4], "texture": "#1"},
				"west": {"uv": [0, 2, 2, 4], "texture": "#1"},
				"up": {"uv": [0, 2, 2, 4], "texture": "#1"},
				"down": {"uv": [0, 2, 2, 4], "texture": "#1"}
			}
		},
		{
			"from": [6.25, 6.8, 2.8],
			"to": [5.15, 5.7, 1.7],
			"shade": false,
			"rotation": {"angle": 0, "axis": "y", "origin": [0, -10, -1.5]},
			"faces": {
				"north": {"uv": [2, 2, 4, 4], "texture": "#1"},
				"east": {"uv": [2, 2, 4, 4], "texture": "#1"},
				"south": {"uv": [2, 2, 4, 4], "texture": "#1"},
				"west": {"uv": [2, 2, 4, 4], "texture": "#1"},
				"up": {"uv": [2, 2, 4, 4], "texture": "#1"},
				"down": {"uv": [2, 2, 4, 4], "texture": "#1"}
			}
		},
		{
			"from": [9.85, 4.95, 1.95],
			"to": [10.45, 5.55, 2.55],
			"shade": false,
			"rotation": {"angle": 0, "axis": "y", "origin": [0, -9, -1.5]},
			"faces": {
				"north": {"uv": [6, 14, 4, 16], "texture": "#1"},
				"east": {"uv": [6, 14, 4, 16], "texture": "#1"},
				"south": {"uv": [6, 14, 4, 16], "texture": "#1"},
				"west": {"uv": [6, 14, 4, 16], "texture": "#1"},
				"up": {"uv": [6, 14, 4, 16], "texture": "#1"},
				"down": {"uv": [6, 14, 4, 16], "texture": "#1"}
			}
		},
		{
			"from": [10.7, 5.8, 2.8],
			"to": [9.6, 4.7, 1.7],
			"shade": false,
			"rotation": {"angle": 0, "axis": "y", "origin": [0, -9, -1.5]},
			"faces": {
				"north": {"uv": [8, 14, 6, 16], "texture": "#1"},
				"east": {"uv": [8, 14, 6, 16], "texture": "#1"},
				"south": {"uv": [8, 14, 6, 16], "texture": "#1"},
				"west": {"uv": [8, 14, 6, 16], "texture": "#1"},
				"up": {"uv": [8, 14, 6, 16], "texture": "#1"},
				"down": {"uv": [8, 14, 6, 16], "texture": "#1"}
			}
		},
		{
			"from": [3.75235, 8.31453, 1.9],
			"to": [4.45235, 9.01453, 2.6],
			"shade": false,
			"rotation": {"angle": -22.5, "axis": "z", "origin": [0, -9, -1.5]},
			"faces": {
				"north": {"uv": [6, 12, 4, 14], "texture": "#1"},
				"east": {"uv": [6, 12, 4, 14], "texture": "#1"},
				"south": {"uv": [6, 12, 4, 14], "texture": "#1"},
				"west": {"uv": [6, 12, 4, 14], "texture": "#1"},
				"up": {"uv": [6, 12, 4, 14], "texture": "#1"},
				"down": {"uv": [6, 12, 4, 14], "texture": "#1"}
			}
		},
		{
			"from": [4.75235, 9.31453, 2.9],
			"to": [3.45235, 8.01453, 1.6],
			"shade": false,
			"rotation": {"angle": -22.5, "axis": "z", "origin": [0, -9, -1.5]},
			"faces": {
				"north": {"uv": [8, 12, 6, 14], "texture": "#1"},
				"east": {"uv": [8, 12, 6, 14], "texture": "#1"},
				"south": {"uv": [8, 12, 6, 14], "texture": "#1"},
				"west": {"uv": [8, 12, 6, 14], "texture": "#1"},
				"up": {"uv": [8, 12, 6, 14], "texture": "#1"},
				"down": {"uv": [8, 12, 6, 14], "texture": "#1"}
			}
		},
		{
			"from": [-3.75269, 9.23833, 1.75],
			"to": [-2.75269, 10.23833, 2.75],
			"shade": false,
			"rotation": {"angle": -45, "axis": "z", "origin": [0, -9, -1.5]},
			"faces": {
				"north": {"uv": [6, 10, 4, 12], "texture": "#1"},
				"east": {"uv": [6, 10, 4, 12], "texture": "#1"},
				"south": {"uv": [6, 10, 4, 12], "texture": "#1"},
				"west": {"uv": [6, 10, 4, 12], "texture": "#1"},
				"up": {"uv": [6, 10, 4, 12], "texture": "#1"},
				"down": {"uv": [6, 10, 4, 12], "texture": "#1"}
			}
		},
		{
			"from": [-2.50269, 10.48833, 3],
			"to": [-4.00269, 8.98833, 1.5],
			"shade": false,
			"rotation": {"angle": -45, "axis": "z", "origin": [0, -9, -1.5]},
			"faces": {
				"north": {"uv": [8, 10, 6, 12], "texture": "#1"},
				"east": {"uv": [8, 10, 6, 12], "texture": "#1"},
				"south": {"uv": [8, 10, 6, 12], "texture": "#1"},
				"west": {"uv": [8, 10, 6, 12], "texture": "#1"},
				"up": {"uv": [8, 10, 6, 12], "texture": "#1"},
				"down": {"uv": [8, 10, 6, 12], "texture": "#1"}
			}
		},
		{
			"from": [15.28076, 1.55227, 1.75],
			"to": [16.28076, 2.55227, 2.75],
			"shade": false,
			"rotation": {"angle": 22.5, "axis": "z", "origin": [0, -9, -1.5]},
			"faces": {
				"north": {"uv": [4, 10, 6, 8], "rotation": 90, "texture": "#1"},
				"east": {"uv": [4, 10, 6, 8], "rotation": 270, "texture": "#1"},
				"south": {"uv": [4, 10, 6, 8], "rotation": 270, "texture": "#1"},
				"west": {"uv": [4, 10, 6, 8], "rotation": 270, "texture": "#1"},
				"up": {"uv": [4, 10, 6, 8], "rotation": 270, "texture": "#1"},
				"down": {"uv": [4, 10, 6, 8], "rotation": 270, "texture": "#1"}
			}
		},
		{
			"from": [16.53076, 2.80227, 3],
			"to": [15.03076, 1.30227, 1.5],
			"shade": false,
			"rotation": {"angle": 22.5, "axis": "z", "origin": [0, -9, -1.5]},
			"faces": {
				"north": {"uv": [6, 10, 8, 8], "rotation": 90, "texture": "#1"},
				"east": {"uv": [6, 10, 8, 8], "rotation": 270, "texture": "#1"},
				"south": {"uv": [6, 10, 8, 8], "rotation": 270, "texture": "#1"},
				"west": {"uv": [6, 10, 8, 8], "rotation": 270, "texture": "#1"},
				"up": {"uv": [6, 10, 8, 8], "rotation": 270, "texture": "#1"},
				"down": {"uv": [6, 10, 8, 8], "rotation": 270, "texture": "#1"}
			}
		},
		{
			"from": [9.35, 7.35, 1.75],
			"to": [10.35, 8.35, 2.75],
			"shade": false,
			"rotation": {"angle": 0, "axis": "y", "origin": [0, -9, -1.5]},
			"faces": {
				"north": {"uv": [6, 6, 4, 8], "texture": "#1"},
				"east": {"uv": [6, 6, 4, 8], "texture": "#1"},
				"south": {"uv": [6, 6, 4, 8], "texture": "#1"},
				"west": {"uv": [6, 6, 4, 8], "texture": "#1"},
				"up": {"uv": [6, 6, 4, 8], "texture": "#1"},
				"down": {"uv": [6, 6, 4, 8], "texture": "#1"}
			}
		},
		{
			"from": [10.6, 8.6, 3],
			"to": [9.1, 7.1, 1.5],
			"shade": false,
			"rotation": {"angle": 0, "axis": "y", "origin": [0, -9, -1.5]},
			"faces": {
				"north": {"uv": [8, 6, 6, 8], "texture": "#1"},
				"east": {"uv": [8, 6, 6, 8], "texture": "#1"},
				"south": {"uv": [8, 6, 6, 8], "texture": "#1"},
				"west": {"uv": [8, 6, 6, 8], "texture": "#1"},
				"up": {"uv": [8, 6, 6, 8], "texture": "#1"},
				"down": {"uv": [8, 6, 6, 8], "texture": "#1"}
			}
		},
		{
			"from": [15.68935, 3.11051, 1.9],
			"to": [16.38935, 3.81051, 2.6],
			"shade": false,
			"rotation": {"angle": 22.5, "axis": "z", "origin": [0, -9, -1.5]},
			"faces": {
				"north": {"uv": [6, 4, 4, 6], "texture": "#1"},
				"east": {"uv": [6, 4, 4, 6], "texture": "#1"},
				"south": {"uv": [6, 4, 4, 6], "texture": "#1"},
				"west": {"uv": [6, 4, 4, 6], "texture": "#1"},
				"up": {"uv": [6, 4, 4, 6], "texture": "#1"},
				"down": {"uv": [6, 4, 4, 6], "texture": "#1"}
			}
		},
		{
			"from": [16.68935, 4.11051, 2.9],
			"to": [15.38935, 2.81051, 1.6],
			"shade": false,
			"rotation": {"angle": 22.5, "axis": "z", "origin": [0, -9, -1.5]},
			"faces": {
				"north": {"uv": [8, 4, 6, 6], "texture": "#1"},
				"east": {"uv": [8, 4, 6, 6], "texture": "#1"},
				"south": {"uv": [8, 4, 6, 6], "texture": "#1"},
				"west": {"uv": [8, 4, 6, 6], "texture": "#1"},
				"up": {"uv": [8, 4, 6, 6], "texture": "#1"},
				"down": {"uv": [8, 4, 6, 6], "texture": "#1"}
			}
		},
		{
			"from": [10, 8.95, 1.95],
			"to": [10.6, 9.55, 2.55],
			"shade": false,
			"rotation": {"angle": 0, "axis": "y", "origin": [0, -9, -1.5]},
			"faces": {
				"north": {"uv": [6, 2, 4, 4], "texture": "#1"},
				"east": {"uv": [6, 2, 4, 4], "texture": "#1"},
				"south": {"uv": [6, 2, 4, 4], "texture": "#1"},
				"west": {"uv": [6, 2, 4, 4], "texture": "#1"},
				"up": {"uv": [6, 2, 4, 4], "texture": "#1"},
				"down": {"uv": [6, 2, 4, 4], "texture": "#1"}
			}
		},
		{
			"from": [10.85, 9.8, 2.8],
			"to": [9.75, 8.7, 1.7],
			"shade": false,
			"rotation": {"angle": 0, "axis": "y", "origin": [0, -9, -1.5]},
			"faces": {
				"north": {"uv": [8, 2, 6, 4], "texture": "#1"},
				"east": {"uv": [8, 2, 6, 4], "texture": "#1"},
				"south": {"uv": [8, 2, 6, 4], "texture": "#1"},
				"west": {"uv": [8, 2, 6, 4], "texture": "#1"},
				"up": {"uv": [8, 2, 6, 4], "texture": "#1"},
				"down": {"uv": [8, 2, 6, 4], "texture": "#1"}
			}
		},
		{
			"from": [6.85, 8.95, 1.95],
			"to": [7.45, 9.55, 2.55],
			"shade": false,
			"rotation": {"angle": 0, "axis": "y", "origin": [-3, -5, -9.5]},
			"faces": {
				"north": {"uv": [14, 14, 12, 16], "texture": "#1"},
				"east": {"uv": [14, 14, 12, 16], "texture": "#1"},
				"south": {"uv": [14, 14, 12, 16], "texture": "#1"},
				"west": {"uv": [14, 14, 12, 16], "texture": "#1"},
				"up": {"uv": [14, 14, 12, 16], "texture": "#1"},
				"down": {"uv": [14, 14, 12, 16], "texture": "#1"}
			}
		},
		{
			"from": [7.7, 9.8, 2.8],
			"to": [6.6, 8.7, 1.7],
			"shade": false,
			"rotation": {"angle": 0, "axis": "y", "origin": [-3, -5, -9.5]},
			"faces": {
				"north": {"uv": [16, 14, 14, 16], "texture": "#1"},
				"east": {"uv": [16, 14, 14, 16], "texture": "#1"},
				"south": {"uv": [16, 14, 14, 16], "texture": "#1"},
				"west": {"uv": [16, 14, 14, 16], "texture": "#1"},
				"up": {"uv": [16, 14, 14, 16], "texture": "#1"},
				"down": {"uv": [16, 14, 14, 16], "texture": "#1"}
			}
		},
		{
			"from": [0.75235, 12.31453, 1.9],
			"to": [1.45235, 13.01453, 2.6],
			"shade": false,
			"rotation": {"angle": -22.5, "axis": "z", "origin": [-3, -5, -9.5]},
			"faces": {
				"north": {"uv": [14, 12, 12, 14], "texture": "#1"},
				"east": {"uv": [14, 12, 12, 14], "texture": "#1"},
				"south": {"uv": [14, 12, 12, 14], "texture": "#1"},
				"west": {"uv": [14, 12, 12, 14], "texture": "#1"},
				"up": {"uv": [14, 12, 12, 14], "texture": "#1"},
				"down": {"uv": [14, 12, 12, 14], "texture": "#1"}
			}
		},
		{
			"from": [1.75235, 13.31453, 2.9],
			"to": [0.45235, 12.01453, 1.6],
			"shade": false,
			"rotation": {"angle": -22.5, "axis": "z", "origin": [-3, -5, -9.5]},
			"faces": {
				"north": {"uv": [16, 12, 14, 14], "texture": "#1"},
				"east": {"uv": [16, 12, 14, 14], "texture": "#1"},
				"south": {"uv": [16, 12, 14, 14], "texture": "#1"},
				"west": {"uv": [16, 12, 14, 14], "texture": "#1"},
				"up": {"uv": [16, 12, 14, 14], "texture": "#1"},
				"down": {"uv": [16, 12, 14, 14], "texture": "#1"}
			}
		},
		{
			"from": [-6.75269, 13.23833, 1.75],
			"to": [-5.75269, 14.23833, 2.75],
			"shade": false,
			"rotation": {"angle": -45, "axis": "z", "origin": [-3, -5, -9.5]},
			"faces": {
				"north": {"uv": [14, 10, 12, 12], "texture": "#1"},
				"east": {"uv": [14, 10, 12, 12], "texture": "#1"},
				"south": {"uv": [14, 10, 12, 12], "texture": "#1"},
				"west": {"uv": [14, 10, 12, 12], "texture": "#1"},
				"up": {"uv": [14, 10, 12, 12], "texture": "#1"},
				"down": {"uv": [14, 10, 12, 12], "texture": "#1"}
			}
		},
		{
			"from": [-5.50269, 14.48833, 3],
			"to": [-7.00269, 12.98833, 1.5],
			"shade": false,
			"rotation": {"angle": -45, "axis": "z", "origin": [-3, -5, -9.5]},
			"faces": {
				"north": {"uv": [16, 10, 14, 12], "texture": "#1"},
				"east": {"uv": [16, 10, 14, 12], "texture": "#1"},
				"south": {"uv": [16, 10, 14, 12], "texture": "#1"},
				"west": {"uv": [16, 10, 14, 12], "texture": "#1"},
				"up": {"uv": [16, 10, 14, 12], "texture": "#1"},
				"down": {"uv": [16, 10, 14, 12], "texture": "#1"}
			}
		},
		{
			"from": [12.28076, 5.55227, 1.75],
			"to": [13.28076, 6.55227, 2.75],
			"shade": false,
			"rotation": {"angle": 22.5, "axis": "z", "origin": [-3, -5, -9.5]},
			"faces": {
				"north": {"uv": [12, 10, 14, 8], "rotation": 90, "texture": "#1"},
				"east": {"uv": [12, 10, 14, 8], "rotation": 270, "texture": "#1"},
				"south": {"uv": [12, 10, 14, 8], "rotation": 270, "texture": "#1"},
				"west": {"uv": [12, 10, 14, 8], "rotation": 270, "texture": "#1"},
				"up": {"uv": [12, 10, 14, 8], "rotation": 270, "texture": "#1"},
				"down": {"uv": [12, 10, 14, 8], "rotation": 270, "texture": "#1"}
			}
		},
		{
			"from": [13.53076, 6.80227, 3],
			"to": [12.03076, 5.30227, 1.5],
			"shade": false,
			"rotation": {"angle": 22.5, "axis": "z", "origin": [-3, -5, -9.5]},
			"faces": {
				"north": {"uv": [14, 10, 16, 8], "rotation": 90, "texture": "#1"},
				"east": {"uv": [14, 10, 16, 8], "rotation": 270, "texture": "#1"},
				"south": {"uv": [14, 10, 16, 8], "rotation": 270, "texture": "#1"},
				"west": {"uv": [14, 10, 16, 8], "rotation": 270, "texture": "#1"},
				"up": {"uv": [14, 10, 16, 8], "rotation": 270, "texture": "#1"},
				"down": {"uv": [14, 10, 16, 8], "rotation": 270, "texture": "#1"}
			}
		},
		{
			"from": [6.35, 11.35, 1.75],
			"to": [7.35, 12.35, 2.75],
			"shade": false,
			"rotation": {"angle": 0, "axis": "y", "origin": [-3, -5, -9.5]},
			"faces": {
				"north": {"uv": [14, 6, 12, 8], "texture": "#1"},
				"east": {"uv": [14, 6, 12, 8], "texture": "#1"},
				"south": {"uv": [14, 6, 12, 8], "texture": "#1"},
				"west": {"uv": [14, 6, 12, 8], "texture": "#1"},
				"up": {"uv": [14, 6, 12, 8], "texture": "#1"},
				"down": {"uv": [14, 6, 12, 8], "texture": "#1"}
			}
		},
		{
			"from": [7.6, 12.6, 3],
			"to": [6.1, 11.1, 1.5],
			"shade": false,
			"rotation": {"angle": 0, "axis": "y", "origin": [-3, -5, -9.5]},
			"faces": {
				"north": {"uv": [16, 6, 14, 8], "texture": "#1"},
				"east": {"uv": [16, 6, 14, 8], "texture": "#1"},
				"south": {"uv": [16, 6, 14, 8], "texture": "#1"},
				"west": {"uv": [16, 6, 14, 8], "texture": "#1"},
				"up": {"uv": [16, 6, 14, 8], "texture": "#1"},
				"down": {"uv": [16, 6, 14, 8], "texture": "#1"}
			}
		},
		{
			"from": [12.68935, 7.11051, 1.9],
			"to": [13.38935, 7.81051, 2.6],
			"shade": false,
			"rotation": {"angle": 22.5, "axis": "z", "origin": [-3, -5, -9.5]},
			"faces": {
				"north": {"uv": [14, 4, 12, 6], "texture": "#1"},
				"east": {"uv": [14, 4, 12, 6], "texture": "#1"},
				"south": {"uv": [14, 4, 12, 6], "texture": "#1"},
				"west": {"uv": [14, 4, 12, 6], "texture": "#1"},
				"up": {"uv": [14, 4, 12, 6], "texture": "#1"},
				"down": {"uv": [14, 4, 12, 6], "texture": "#1"}
			}
		},
		{
			"from": [13.68935, 8.11051, 2.9],
			"to": [12.38935, 6.81051, 1.6],
			"shade": false,
			"rotation": {"angle": 22.5, "axis": "z", "origin": [-3, -5, -9.5]},
			"faces": {
				"north": {"uv": [16, 4, 14, 6], "texture": "#1"},
				"east": {"uv": [16, 4, 14, 6], "texture": "#1"},
				"south": {"uv": [16, 4, 14, 6], "texture": "#1"},
				"west": {"uv": [16, 4, 14, 6], "texture": "#1"},
				"up": {"uv": [16, 4, 14, 6], "texture": "#1"},
				"down": {"uv": [16, 4, 14, 6], "texture": "#1"}
			}
		},
		{
			"from": [7, 12.95, 1.95],
			"to": [7.6, 13.55, 2.55],
			"shade": false,
			"rotation": {"angle": 0, "axis": "y", "origin": [-3, -5, -9.5]},
			"faces": {
				"north": {"uv": [14, 2, 12, 4], "texture": "#1"},
				"east": {"uv": [14, 2, 12, 4], "texture": "#1"},
				"south": {"uv": [14, 2, 12, 4], "texture": "#1"},
				"west": {"uv": [14, 2, 12, 4], "texture": "#1"},
				"up": {"uv": [14, 2, 12, 4], "texture": "#1"},
				"down": {"uv": [14, 2, 12, 4], "texture": "#1"}
			}
		},
		{
			"from": [7.85, 13.8, 2.8],
			"to": [6.75, 12.7, 1.7],
			"shade": false,
			"rotation": {"angle": 0, "axis": "y", "origin": [-3, -5, -9.5]},
			"faces": {
				"north": {"uv": [16, 2, 14, 4], "texture": "#1"},
				"east": {"uv": [16, 2, 14, 4], "texture": "#1"},
				"south": {"uv": [16, 2, 14, 4], "texture": "#1"},
				"west": {"uv": [16, 2, 14, 4], "texture": "#1"},
				"up": {"uv": [16, 2, 14, 4], "texture": "#1"},
				"down": {"uv": [16, 2, 14, 4], "texture": "#1"}
			}
		}
	],
	"groups": [
		0,
		1,
		2,
		3,
		4,
		5,
		6,
		7,
		8,
		9,
		10,
		11,
		12,
		13,
		14,
		15,
		16,
		17,
		18,
		19,
		20,
		{
			"name": "particles",
			"origin": [8, 8, 8],
			"color": 0,
			"children": [
				{
					"name": "particles1",
					"origin": [0, 0, 0],
					"color": 0,
					"children": [
						{
							"name": "particle1",
							"origin": [0, 0, 0],
							"color": 0,
							"children": [21, 22]
						},
						{
							"name": "particle2",
							"origin": [0, 0, 0],
							"color": 0,
							"children": [23, 24]
						},
						{
							"name": "particle3",
							"origin": [0, 0, 0],
							"color": 0,
							"children": [25, 26]
						},
						{
							"name": "particle4",
							"origin": [0, 0, 0],
							"color": 0,
							"children": [27, 28]
						},
						{
							"name": "particle5",
							"origin": [0, 0, 0],
							"color": 0,
							"children": [29, 30]
						},
						{
							"name": "particle6",
							"origin": [0, 0, 0],
							"color": 0,
							"children": [31, 32]
						},
						{
							"name": "particle7",
							"origin": [0, 0, 0],
							"color": 0,
							"children": [33, 34]
						}
					]
				},
				{
					"name": "particles2",
					"origin": [0, 0, 0],
					"color": 0,
					"children": [
						{
							"name": "particle1",
							"origin": [0, 0, 0],
							"color": 0,
							"children": [35, 36]
						},
						{
							"name": "particle2",
							"origin": [0, 0, 0],
							"color": 0,
							"children": [37, 38]
						},
						{
							"name": "particle3",
							"origin": [0, 0, 0],
							"color": 0,
							"children": [39, 40]
						},
						{
							"name": "particle4",
							"origin": [0, 0, 0],
							"color": 0,
							"children": [41, 42]
						},
						{
							"name": "particle5",
							"origin": [0, 0, 0],
							"color": 0,
							"children": [43, 44]
						},
						{
							"name": "particle6",
							"origin": [0, 0, 0],
							"color": 0,
							"children": [45, 46]
						},
						{
							"name": "particle7",
							"origin": [0, 0, 0],
							"color": 0,
							"children": [47, 48]
						}
					]
				},
				{
					"name": "particles3",
					"origin": [0, 0, 0],
					"color": 0,
					"children": [
						{
							"name": "particle1",
							"origin": [0, 0, 0],
							"color": 0,
							"children": [49, 50]
						},
						{
							"name": "particle2",
							"origin": [0, 0, 0],
							"color": 0,
							"children": [51, 52]
						},
						{
							"name": "particle3",
							"origin": [0, 0, 0],
							"color": 0,
							"children": [53, 54]
						},
						{
							"name": "particle4",
							"origin": [0, 0, 0],
							"color": 0,
							"children": [55, 56]
						},
						{
							"name": "particle5",
							"origin": [0, 0, 0],
							"color": 0,
							"children": [57, 58]
						},
						{
							"name": "particle6",
							"origin": [0, 0, 0],
							"color": 0,
							"children": [59, 60]
						},
						{
							"name": "particle7",
							"origin": [0, 0, 0],
							"color": 0,
							"children": [61, 62]
						}
					]
				}
			]
		}
	]
}