{
	"credit": "Made with Blockbench",
	"texture_size": [32, 32],
	"textures": {
		"2": "item/heartandbloodtheme/heartshield",
		"particle": "item/heartandbloodtheme/heartshield"
	},
	"elements": [
		{
			"from": [7.5, 9, 8],
			"to": [8.5, 10, 9],
			"rotation": {"angle": 0, "axis": "y", "origin": [8.35583, 8.125, 8.61118]},
			"faces": {
				"north": {"uv": [11, 5.5, 11.5, 6], "texture": "#2"},
				"east": {"uv": [6, 11, 6.5, 11.5], "texture": "#2"},
				"south": {"uv": [11, 6, 11.5, 6.5], "texture": "#2"},
				"west": {"uv": [6.5, 11, 7, 11.5], "texture": "#2"},
				"up": {"uv": [8, 11.5, 7.5, 11], "texture": "#2"},
				"down": {"uv": [8.5, 11, 8, 11.5], "texture": "#2"}
			}
		},
		{
			"from": [7.5, 5.5, 8],
			"to": [8.5, 6.5, 9],
			"rotation": {"angle": 0, "axis": "y", "origin": [8.35583, 8.125, 8.61118]},
			"faces": {
				"north": {"uv": [9, 11, 9.5, 11.5], "texture": "#2"},
				"east": {"uv": [11, 9, 11.5, 9.5], "texture": "#2"},
				"south": {"uv": [9.5, 11, 10, 11.5], "texture": "#2"},
				"west": {"uv": [11, 9.5, 11.5, 10], "texture": "#2"},
				"up": {"uv": [10.5, 11.5, 10, 11], "texture": "#2"},
				"down": {"uv": [11, 11, 10.5, 11.5], "texture": "#2"}
			}
		},
		{
			"from": [7.5, 6.5, 9],
			"to": [8.5, 9, 9],
			"rotation": {"angle": 0, "axis": "y", "origin": [8.35583, 8.125, 8.61118]},
			"faces": {
				"north": {"uv": [7, 9, 7.5, 10.25], "texture": "#2"},
				"east": {"uv": [0, 0, 0, 1.25], "texture": "#2"},
				"south": {"uv": [5, 9.5, 5.5, 10.75], "texture": "#2"},
				"west": {"uv": [0, 0, 0, 1.25], "texture": "#2"},
				"up": {"uv": [0.5, 0, 0, 0], "texture": "#2"},
				"down": {"uv": [0.5, 0, 0, 0], "texture": "#2"}
			}
		},
		{
			"from": [3.6874, 3.95979, 6.4],
			"to": [5.6874, 5.95979, 8.4],
			"rotation": {"angle": 45, "axis": "z", "origin": [8.35583, 8.125, 8.61118]},
			"faces": {
				"north": {"uv": [6, 9, 7, 10], "texture": "#2"},
				"east": {"uv": [9, 9, 10, 10], "texture": "#2"},
				"south": {"uv": [9.5, 0, 10.5, 1], "texture": "#2"},
				"west": {"uv": [1, 9.5, 2, 10.5], "texture": "#2"},
				"up": {"uv": [10.5, 2, 9.5, 1], "texture": "#2"},
				"down": {"uv": [3, 9.5, 2, 10.5], "texture": "#2"}
			}
		},
		{
			"from": [6.31913, 6.59152, 6.4],
			"to": [8.81913, 9.09152, 7.4],
			"rotation": {"angle": 45, "axis": "z", "origin": [8.35583, 8.125, 8.61118]},
			"faces": {
				"north": {"uv": [7.5, 0, 8.75, 1.25], "texture": "#2"},
				"east": {"uv": [5.5, 9.5, 6, 10.75], "texture": "#2"},
				"south": {"uv": [4.5, 7.5, 5.75, 8.75], "texture": "#2"},
				"west": {"uv": [9.5, 6.5, 10, 7.75], "texture": "#2"},
				"up": {"uv": [11.25, 7, 10, 6.5], "texture": "#2"},
				"down": {"uv": [11.25, 7, 10, 7.5], "texture": "#2"}
			}
		},
		{
			"from": [6.31913, 9.09152, 6.4],
			"to": [8.81913, 11.09152, 7.4],
			"rotation": {"angle": 45, "axis": "z", "origin": [8.35583, 8.125, 8.61118]},
			"faces": {
				"north": {"uv": [7.5, 1.5, 8.75, 2.5], "texture": "#2"},
				"east": {"uv": [6, 10, 6.5, 11], "texture": "#2"},
				"south": {"uv": [6, 8, 7.25, 9], "texture": "#2"},
				"west": {"uv": [6.5, 10, 7, 11], "texture": "#2"},
				"up": {"uv": [11.25, 8, 10, 7.5], "texture": "#2"},
				"down": {"uv": [10.25, 10, 9, 10.5], "texture": "#2"}
			}
		},
		{
			"from": [8.81913, 6.59152, 6.4],
			"to": [10.81913, 9.09152, 7.4],
			"rotation": {"angle": 45, "axis": "z", "origin": [8.35583, 8.125, 8.61118]},
			"faces": {
				"north": {"uv": [7.5, 8, 8.5, 9.25], "texture": "#2"},
				"east": {"uv": [7.5, 9.5, 8, 10.75], "texture": "#2"},
				"south": {"uv": [8.5, 6.5, 9.5, 7.75], "texture": "#2"},
				"west": {"uv": [8, 9.5, 8.5, 10.75], "texture": "#2"},
				"up": {"uv": [11, 9.5, 10, 9], "texture": "#2"},
				"down": {"uv": [11, 9.5, 10, 10], "texture": "#2"}
			}
		},
		{
			"from": [3.33573, 9.35, 4.19418],
			"to": [6.33573, 14.25, 5.19418],
			"rotation": {"angle": 45, "axis": "y", "origin": [8.35583, 8.125, 8.51118]},
			"faces": {
				"north": {"uv": [4.5, 0, 6, 2.5], "texture": "#2"},
				"east": {"uv": [8.5, 8, 9, 10.5], "texture": "#2"},
				"south": {"uv": [4.5, 2.5, 6, 5], "texture": "#2"},
				"west": {"uv": [0, 9, 0.5, 11.5], "texture": "#2"},
				"up": {"uv": [8.5, 7, 7, 6.5], "texture": "#2"},
				"down": {"uv": [11, 2, 9.5, 2.5], "texture": "#2"}
			}
		},
		{
			"from": [3.33573, 7.35, 4.19418],
			"to": [3.33573, 9.35, 5.19418],
			"rotation": {"angle": 45, "axis": "y", "origin": [8.35583, 8.125, 8.51118]},
			"faces": {
				"north": {"uv": [0, 0, 0, 1], "texture": "#2"},
				"east": {"uv": [10.5, 0, 11, 1], "texture": "#2"},
				"south": {"uv": [0, 0, 0, 1], "texture": "#2"},
				"west": {"uv": [1, 10.5, 1.5, 11.5], "texture": "#2"},
				"up": {"uv": [0, 0.5, 0, 0], "texture": "#2"},
				"down": {"uv": [0, 0, 0, 0.5], "texture": "#2"}
			}
		},
		{
			"from": [3.33573, 7.35, 4.19418],
			"to": [4.33573, 9.35, 4.19418],
			"rotation": {"angle": 45, "axis": "y", "origin": [8.35583, 8.125, 8.51118]},
			"faces": {
				"north": {"uv": [10.5, 1, 11, 2], "texture": "#2"},
				"east": {"uv": [0, 0, 0, 1], "texture": "#2"},
				"south": {"uv": [1.5, 10.5, 2, 11.5], "texture": "#2"},
				"west": {"uv": [0, 0, 0, 1], "texture": "#2"},
				"up": {"uv": [0.5, 0, 0, 0], "texture": "#2"},
				"down": {"uv": [0.5, 0, 0, 0], "texture": "#2"}
			}
		},
		{
			"from": [3.9, 4, 6.9],
			"to": [12.15, 12.25, 8],
			"rotation": {"angle": 0, "axis": "y", "origin": [8.35583, 8.125, 8.61118]},
			"faces": {
				"north": {"uv": [0, 0, 4.25, 4.25], "texture": "#2"},
				"east": {"uv": [6, 2.5, 6.5, 6.75], "texture": "#2"},
				"south": {"uv": [0, 4.5, 4.25, 8.75], "texture": "#2"},
				"west": {"uv": [6.5, 2.5, 7, 6.75], "texture": "#2"},
				"up": {"uv": [11.25, 3, 7, 2.5], "texture": "#2"},
				"down": {"uv": [11.25, 3, 7, 3.5], "texture": "#2"}
			}
		},
		{
			"from": [12.15, 2, 6.9],
			"to": [12.15, 4, 7.9],
			"rotation": {"angle": 0, "axis": "y", "origin": [8.35583, 8.125, 8.61118]},
			"faces": {
				"north": {"uv": [0, 0, 0, 1], "texture": "#2"},
				"east": {"uv": [2, 10.5, 2.5, 11.5], "texture": "#2"},
				"south": {"uv": [0, 0, 0, 1], "texture": "#2"},
				"west": {"uv": [2.5, 10.5, 3, 11.5], "texture": "#2"},
				"up": {"uv": [0, 0.5, 0, 0], "texture": "#2"},
				"down": {"uv": [0, 0, 0, 0.5], "texture": "#2"}
			}
		},
		{
			"from": [3.9, 2, 6.9],
			"to": [3.9, 4, 7.9],
			"rotation": {"angle": 0, "axis": "y", "origin": [8.35583, 8.125, 8.61118]},
			"faces": {
				"north": {"uv": [0, 0, 0, 1], "texture": "#2"},
				"east": {"uv": [3, 10.5, 3.5, 11.5], "texture": "#2"},
				"south": {"uv": [0, 0, 0, 1], "texture": "#2"},
				"west": {"uv": [3.5, 10.5, 4, 11.5], "texture": "#2"},
				"up": {"uv": [0, 0.5, 0, 0], "texture": "#2"},
				"down": {"uv": [0, 0, 0, 0.5], "texture": "#2"}
			}
		},
		{
			"from": [9.91365, 9.35, 4.73191],
			"to": [12.91365, 14.25, 5.73191],
			"rotation": {"angle": -45, "axis": "y", "origin": [8.35583, 8.125, 8.51118]},
			"faces": {
				"north": {"uv": [4.5, 5, 6, 7.5], "texture": "#2"},
				"east": {"uv": [9, 0, 9.5, 2.5], "texture": "#2"},
				"south": {"uv": [6, 0, 7.5, 2.5], "texture": "#2"},
				"west": {"uv": [0.5, 9, 1, 11.5], "texture": "#2"},
				"up": {"uv": [11, 6, 9.5, 5.5], "texture": "#2"},
				"down": {"uv": [11, 6, 9.5, 6.5], "texture": "#2"}
			}
		},
		{
			"from": [12.91365, 7.35, 4.73191],
			"to": [12.91365, 9.35, 5.73191],
			"rotation": {"angle": -45, "axis": "y", "origin": [8.35583, 8.125, 8.51118]},
			"faces": {
				"north": {"uv": [0, 0, 0, 1], "texture": "#2"},
				"east": {"uv": [10.5, 3.5, 11, 4.5], "texture": "#2"},
				"south": {"uv": [0, 0, 0, 1], "texture": "#2"},
				"west": {"uv": [4, 10.5, 4.5, 11.5], "texture": "#2"},
				"up": {"uv": [0, 0.5, 0, 0], "texture": "#2"},
				"down": {"uv": [0, 0, 0, 0.5], "texture": "#2"}
			}
		},
		{
			"from": [11.91365, 7.35, 4.73191],
			"to": [12.91365, 9.35, 4.73191],
			"rotation": {"angle": -45, "axis": "y", "origin": [8.35583, 8.125, 8.51118]},
			"faces": {
				"north": {"uv": [4.5, 10.5, 5, 11.5], "texture": "#2"},
				"east": {"uv": [0, 0, 0, 1], "texture": "#2"},
				"south": {"uv": [10.5, 4.5, 11, 5.5], "texture": "#2"},
				"west": {"uv": [0, 0, 0, 1], "texture": "#2"},
				"up": {"uv": [0.5, 0, 0, 0], "texture": "#2"},
				"down": {"uv": [0.5, 0, 0, 0], "texture": "#2"}
			}
		},
		{
			"from": [10.15, 12.25, 6.9],
			"to": [12.15, 14.25, 8],
			"rotation": {"angle": 0, "axis": "y", "origin": [8.35583, 8.125, 8.51118]},
			"faces": {
				"north": {"uv": [3, 9.5, 4, 10.5], "texture": "#2"},
				"east": {"uv": [7, 10.5, 7.5, 11.5], "texture": "#2"},
				"south": {"uv": [9.5, 3.5, 10.5, 4.5], "texture": "#2"},
				"west": {"uv": [8.5, 10.5, 9, 11.5], "texture": "#2"},
				"up": {"uv": [10, 11, 9, 10.5], "texture": "#2"},
				"down": {"uv": [11, 10.5, 10, 11], "texture": "#2"}
			}
		},
		{
			"from": [3.9, 12.25, 6.9],
			"to": [5.9, 14.25, 8],
			"rotation": {"angle": 0, "axis": "y", "origin": [8.35583, 8.125, 8.51118]},
			"faces": {
				"north": {"uv": [4, 9.5, 5, 10.5], "texture": "#2"},
				"east": {"uv": [11, 0, 11.5, 1], "texture": "#2"},
				"south": {"uv": [9.5, 4.5, 10.5, 5.5], "texture": "#2"},
				"west": {"uv": [11, 1, 11.5, 2], "texture": "#2"},
				"up": {"uv": [11.5, 10.5, 10.5, 10], "texture": "#2"},
				"down": {"uv": [12, 2, 11, 2.5], "texture": "#2"}
			}
		},
		{
			"from": [5.80303, 2.86329, 7],
			"to": [10.25303, 4.21329, 8],
			"rotation": {"angle": 22.5, "axis": "z", "origin": [8.35583, 8.125, 8.61118]},
			"faces": {
				"north": {"uv": [7, 3.5, 9.25, 4.25], "texture": "#2"},
				"east": {"uv": [11, 3.5, 11.5, 4.25], "texture": "#2"},
				"south": {"uv": [7, 4.5, 9.25, 5.25], "texture": "#2"},
				"west": {"uv": [11, 4.5, 11.5, 5.25], "texture": "#2"},
				"up": {"uv": [3.25, 9.5, 1, 9], "texture": "#2"},
				"down": {"uv": [5.75, 9, 3.5, 9.5], "texture": "#2"}
			}
		},
		{
			"from": [5.84733, 2.61009, 7.1],
			"to": [10.29733, 3.96009, 8],
			"rotation": {"angle": -22.5, "axis": "z", "origin": [8.35583, 8.125, 8.61118]},
			"faces": {
				"north": {"uv": [7, 5.5, 9.25, 6.25], "texture": "#2"},
				"east": {"uv": [5, 11, 5.5, 11.75], "texture": "#2"},
				"south": {"uv": [6, 7, 8.25, 7.75], "texture": "#2"},
				"west": {"uv": [5.5, 11, 6, 11.75], "texture": "#2"},
				"up": {"uv": [11.25, 8.5, 9, 8], "texture": "#2"},
				"down": {"uv": [11.25, 8.5, 9, 9], "texture": "#2"}
			}
		}
	],
	"display": {
		"thirdperson_righthand": {
			"rotation": [75, -70, 7],
			"translation": [2, -2, 2],
			"scale": [1.4, 1.4, 1.4]
		},
		"thirdperson_lefthand": {
			"rotation": [75, -70, 7],
			"translation": [2, -2, 2],
			"scale": [1.4, 1.4, 1.4]
		},
		"firstperson_righthand": {
			"translation": [0, 1, 0]
		},
		"firstperson_lefthand": {
			"translation": [0, 1, 0]
		},
		"ground": {
			"translation": [0, 3, 0]
		},
		"gui": {
			"rotation": [180, 10, -150],
			"translation": [-0.75, -0.75, 0]
		}
	},
	"groups": [
		{
			"name": "heartshield",
			"origin": [5.5, 9, 8.5],
			"color": 0,
			"children": [0, 1, 2, 3, 4, 5, 6, 7, 8, 9, 10, 11, 12, 13, 14, 15, 16, 17, 18, 19]
		}
	]
}