{"textures":{"1":"modelengine:entity/azriel_book"},"elements":[{"from":[-7.959856,7.073406,19.125],"to":[-3.959856,8.073406,23.125],"faces":{"east":{"uv":[1.25,8.125,1.75,8.25],"tintindex":0,"rotation":0,"texture":"#1"},"south":{"uv":[1.75,8.125,2.25,8.25],"tintindex":0,"rotation":0,"texture":"#1"},"north":{"uv":[7.75,8.0,8.25,8.125],"tintindex":0,"rotation":0,"texture":"#1"},"west":{"uv":[2.25,8.125,2.75,8.25],"tintindex":0,"rotation":0,"texture":"#1"},"up":{"uv":[8.25,6.25,7.75,5.75],"tintindex":0,"rotation":0,"texture":"#1"},"down":{"uv":[8.25,6.25,7.75,6.75],"tintindex":0,"rotation":0,"texture":"#1"}}},{"from":[-7.959856,8.073406,-1.875],"to":[8.040144,9.073406,23.125],"faces":{"east":{"uv":[7.75,4.0,10.875,4.125],"tintindex":0,"rotation":0,"texture":"#1"},"south":{"uv":[7.75,4.625,9.75,4.75],"tintindex":0,"rotation":0,"texture":"#1"},"north":{"uv":[7.75,4.5,9.75,4.625],"tintindex":0,"rotation":0,"texture":"#1"},"west":{"uv":[7.75,4.125,10.875,4.25],"tintindex":0,"rotation":0,"texture":"#1"},"up":{"uv":[2.0,6.25,0.0,3.125],"tintindex":0,"rotation":0,"texture":"#1"},"down":{"uv":[4.0,3.125,2.0,6.25],"tintindex":0,"rotation":0,"texture":"#1"}}},{"from":[-7.959856,7.073406,-1.875],"to":[-3.959856,8.073406,2.125],"faces":{"east":{"uv":[1.25,7.875,1.75,8.0],"tintindex":0,"rotation":0,"texture":"#1"},"south":{"uv":[1.75,7.875,2.25,8.0],"tintindex":0,"rotation":0,"texture":"#1"},"north":{"uv":[7.75,7.75,8.25,7.875],"tintindex":0,"rotation":0,"texture":"#1"},"west":{"uv":[2.25,7.875,2.75,8.0],"tintindex":0,"rotation":0,"texture":"#1"},"up":{"uv":[3.625,7.75,3.125,7.25],"tintindex":0,"rotation":0,"texture":"#1"},"down":{"uv":[3.625,7.75,3.125,8.25],"tintindex":0,"rotation":0,"texture":"#1"}}},{"from":[-7.503134,8.369507,-0.875],"to":[7.496866,11.369507,22.125],"faces":{"east":{"uv":[7.75,0.75,10.625,1.125],"tintindex":0,"rotation":0,"texture":"#1"},"south":{"uv":[7.75,2.375,9.625,2.75],"tintindex":0,"rotation":0,"texture":"#1"},"north":{"uv":[7.75,2.0,9.625,2.375],"tintindex":0,"rotation":0,"texture":"#1"},"west":{"uv":[7.75,1.125,10.625,1.5],"tintindex":0,"rotation":0,"texture":"#1"},"up":{"uv":[5.875,8.625,4.0,5.75],"tintindex":0,"rotation":0,"texture":"#1"},"down":{"uv":[7.75,0.0,5.875,2.875],"tintindex":0,"rotation":0,"texture":"#1"}}},{"from":[-9.253134,10.369507,-0.875],"to":[5.746866,10.369507,22.125],"faces":{"up":{"uv":[7.75,5.75,5.875,2.875],"tintindex":0,"rotation":0,"texture":"#1"},"down":{"uv":[7.75,5.75,5.875,8.625],"tintindex":0,"rotation":0,"texture":"#1"}},"rotation":{"origin":[-0.0031337738,9.869507,10.625],"angle":-22.5,"axis":"y"}}]}