{"textures":{"2":"modelengine:entity/azriel"},"elements":[{"from":[4.2779255,-0.65745735,4.0],"to":[4.2779255,11.342541,14.0],"faces":{"east":{"uv":[8.3125,4.0,8.9375,4.75],"tintindex":0,"rotation":0,"texture":"#2"},"west":{"uv":[1.0,8.375,1.625,9.125],"tintindex":0,"rotation":0,"texture":"#2"}},"rotation":{"origin":[4.2779255,3.8425426,8.5],"angle":-22.5,"axis":"z"}},{"from":[7.0,-4.0,3.0],"to":[10.0,8.0,12.0],"faces":{"east":{"uv":[8.4375,6.375,9.0,7.125],"tintindex":0,"rotation":0,"texture":"#2"},"south":{"uv":[2.4375,9.3125,2.625,10.0625],"tintindex":0,"rotation":0,"texture":"#2"},"north":{"uv":[1.4375,9.125,1.625,9.875],"tintindex":0,"rotation":0,"texture":"#2"},"west":{"uv":[7.25,8.5,7.8125,9.25],"tintindex":0,"rotation":0,"texture":"#2"},"up":{"uv":[5.8125,9.875,5.625,9.3125],"tintindex":0,"rotation":0,"texture":"#2"},"down":{"uv":[6.0,9.3125,5.8125,9.875],"tintindex":0,"rotation":0,"texture":"#2"}}}]}