{"textures":{"0":"modelengine:entity/dragon_desert"},"elements":[{"from":[6.0,-0.52980137,2.403668],"to":[6.0,3.4701986,5.403668],"faces":{"east":{"uv":[10.125,6.4375,9.9375,6.6875],"tintindex":0,"rotation":0,"texture":"#0"},"west":{"uv":[9.9375,6.4375,10.125,6.6875],"tintindex":0,"rotation":0,"texture":"#0"}}},{"from":[7.0,2.991837,2.8017182],"to":[9.0,5.991837,4.801718],"faces":{"east":{"uv":[8.1875,8.75,8.0625,8.9375],"tintindex":0,"rotation":0,"texture":"#0"},"south":{"uv":[7.0625,7.3125,6.9375,7.5],"tintindex":0,"rotation":0,"texture":"#0"},"north":{"uv":[6.6875,2.375,6.5625,2.5625],"tintindex":0,"rotation":0,"texture":"#0"},"west":{"uv":[4.8125,7.0625,4.6875,7.25],"tintindex":0,"rotation":0,"texture":"#0"},"up":{"uv":[8.25,5.875,8.375,5.75],"tintindex":0,"rotation":0,"texture":"#0"},"down":{"uv":[5.875,9.5,6.0,9.625],"tintindex":0,"rotation":0,"texture":"#0"}},"rotation":{"origin":[8.0,4.491837,3.8017182],"angle":22.5,"axis":"x"}},{"from":[8.0,-0.52980137,2.403668],"to":[8.0,3.4701986,5.403668],"faces":{"east":{"uv":[10.125,6.4375,9.9375,6.6875],"tintindex":0,"rotation":0,"texture":"#0"},"west":{"uv":[9.9375,6.4375,10.125,6.6875],"tintindex":0,"rotation":0,"texture":"#0"}}},{"from":[10.0,-0.52980137,2.403668],"to":[10.0,3.4701986,5.403668],"faces":{"east":{"uv":[10.125,6.4375,9.9375,6.6875],"tintindex":0,"rotation":0,"texture":"#0"},"west":{"uv":[9.9375,6.4375,10.125,6.6875],"tintindex":0,"rotation":0,"texture":"#0"}}},{"from":[9.0,2.991837,2.8017182],"to":[11.0,5.991837,4.801718],"faces":{"east":{"uv":[8.1875,8.75,8.0625,8.9375],"tintindex":0,"rotation":0,"texture":"#0"},"south":{"uv":[7.0625,7.3125,6.9375,7.5],"tintindex":0,"rotation":0,"texture":"#0"},"north":{"uv":[6.6875,2.375,6.5625,2.5625],"tintindex":0,"rotation":0,"texture":"#0"},"west":{"uv":[4.8125,7.0625,4.6875,7.25],"tintindex":0,"rotation":0,"texture":"#0"},"up":{"uv":[8.25,5.875,8.375,5.75],"tintindex":0,"rotation":0,"texture":"#0"},"down":{"uv":[5.875,9.5,6.0,9.625],"tintindex":0,"rotation":0,"texture":"#0"}},"rotation":{"origin":[10.0,4.491837,3.8017182],"angle":22.5,"axis":"x"}},{"from":[5.5,4.6138935,4.1338444],"to":[10.5,8.6138935,9.133844],"faces":{"east":{"uv":[1.0625,9.5,0.75,9.75],"tintindex":0,"rotation":0,"texture":"#0"},"south":{"uv":[6.375,9.375,6.0625,9.625],"tintindex":0,"rotation":0,"texture":"#0"},"north":{"uv":[6.375,9.375,6.0625,9.625],"tintindex":0,"rotation":0,"texture":"#0"},"west":{"uv":[1.0625,9.5,0.75,9.75],"tintindex":0,"rotation":0,"texture":"#0"},"up":{"uv":[2.625,9.625,2.9375,9.3125],"tintindex":0,"rotation":0,"texture":"#0"},"down":{"uv":[2.625,9.625,2.9375,9.3125],"tintindex":0,"rotation":0,"texture":"#0"}},"rotation":{"origin":[8.0,6.613893,6.6338444],"angle":-45.0,"axis":"x"}},{"from":[5.0,2.991837,2.8017182],"to":[7.0,5.991837,4.801718],"faces":{"east":{"uv":[8.1875,8.75,8.0625,8.9375],"tintindex":0,"rotation":0,"texture":"#0"},"south":{"uv":[7.0625,7.3125,6.9375,7.5],"tintindex":0,"rotation":0,"texture":"#0"},"north":{"uv":[6.6875,2.375,6.5625,2.5625],"tintindex":0,"rotation":0,"texture":"#0"},"west":{"uv":[4.8125,7.0625,4.6875,7.25],"tintindex":0,"rotation":0,"texture":"#0"},"up":{"uv":[8.25,5.875,8.375,5.75],"tintindex":0,"rotation":0,"texture":"#0"},"down":{"uv":[5.875,9.5,6.0,9.625],"tintindex":0,"rotation":0,"texture":"#0"}},"rotation":{"origin":[6.0,4.491837,3.8017182],"angle":22.5,"axis":"x"}}]}