{"textures":{"0":"modelengine:entity/frog_permafrost"},"elements":[{"from":[-1.4441376,3.3947387,4.505104],"to":[10.555862,11.394739,11.505104],"faces":{"east":{"uv":[11.0,4.625,11.875,5.625],"tintindex":0,"rotation":0,"texture":"#0"},"south":{"uv":[8.625,3.875,10.125,4.875],"tintindex":0,"rotation":0,"texture":"#0"},"north":{"uv":[8.625,2.75,10.125,3.75],"tintindex":0,"rotation":0,"texture":"#0"},"west":{"uv":[0.875,11.5,1.75,12.5],"tintindex":0,"rotation":0,"texture":"#0"},"up":{"uv":[11.75,3.5,10.25,2.625],"tintindex":0,"rotation":0,"texture":"#0"},"down":{"uv":[11.75,3.625,10.25,4.5],"tintindex":0,"rotation":0,"texture":"#0"}},"rotation":{"origin":[4.555863,8.394739,8.005104],"angle":-22.5,"axis":"z"}}]}