{"textures":{"0":"modelengine:entity/frog_permafrost"},"elements":[{"from":[7.208704,0.20124912,5.3401384],"to":[13.208704,10.201249,10.340138],"faces":{"east":{"uv":[6.125,11.625,6.75,12.875],"tintindex":0,"rotation":0,"texture":"#0"},"south":{"uv":[8.0,11.375,8.75,12.625],"tintindex":0,"rotation":0,"texture":"#0"},"north":{"uv":[7.125,11.375,7.875,12.625],"tintindex":0,"rotation":0,"texture":"#0"},"west":{"uv":[12.0,3.75,12.625,5.0],"tintindex":0,"rotation":0,"texture":"#0"},"up":{"uv":[14.0,10.125,13.25,9.5],"tintindex":0,"rotation":0,"texture":"#0"},"down":{"uv":[14.0,10.25,13.25,10.875],"tintindex":0,"rotation":0,"texture":"#0"}},"rotation":{"origin":[11.708704,3.2012491,6.8401384],"angle":22.5,"axis":"z"}}]}