{"textures":{"0":"modelengine:entity/frog_permafrost"},"elements":[{"from":[0.5,6.962894,-0.1283617],"to":[15.5,19.962894,11.871638],"faces":{"east":{"uv":[2.375,5.125,3.875,6.75],"tintindex":0,"rotation":0,"texture":"#0"},"south":{"uv":[4.25,1.625,6.125,3.25],"tintindex":0,"rotation":0,"texture":"#0"},"north":{"uv":[0.0,4.0,1.875,5.625],"tintindex":0,"rotation":0,"texture":"#0"},"west":{"uv":[4.0,6.625,5.5,8.25],"tintindex":0,"rotation":0,"texture":"#0"},"up":{"uv":[6.125,4.875,4.25,3.375],"tintindex":0,"rotation":0,"texture":"#0"},"down":{"uv":[6.125,5.0,4.25,6.5],"tintindex":0,"rotation":0,"texture":"#0"}},"rotation":{"origin":[8.0,15.712894,2.3716383],"angle":22.5,"axis":"x"}}]}