{
	"credit": "Made with Blockbench",
	"textures": {
		"0": "item/void/void_atlas",
		"2": "item/void/void_ef_long",
		"particle": "item/void/void_atlas"
	},
	"elements": [
		{
			"from": [7.5, -5, 7.5],
			"to": [8.5, 3, 8.5],
			"rotation": {"angle": 0, "axis": "y", "origin": [8, 9.71744, 8]},
			"faces": {
				"north": {"uv": [6.5, 0, 6.75, 2], "texture": "#0"},
				"east": {"uv": [2.25, 7.75, 2.5, 9.75], "texture": "#0"},
				"south": {"uv": [7.25, 7.75, 7.5, 9.75], "texture": "#0"},
				"west": {"uv": [8.5, 8.5, 8.75, 10.5], "texture": "#0"},
				"up": {"uv": [13.5, 10.5, 13.25, 10.25], "texture": "#0"},
				"down": {"uv": [10.75, 13.25, 10.5, 13.5], "texture": "#0"}
			}
		},
		{
			"from": [7.1, -6, 6.95],
			"to": [8.9, -5, 9.05],
			"rotation": {"angle": 0, "axis": "y", "origin": [8, 9.71744, 8]},
			"faces": {
				"north": {"uv": [12, 4.25, 12.5, 4.5], "texture": "#0"},
				"east": {"uv": [12, 4.5, 12.5, 4.75], "texture": "#0"},
				"south": {"uv": [12, 4.75, 12.5, 5], "texture": "#0"},
				"west": {"uv": [12, 5, 12.5, 5.25], "texture": "#0"},
				"up": {"uv": [1.5, 11, 1, 10.5], "texture": "#0"},
				"down": {"uv": [11, 1, 10.5, 1.5], "texture": "#0"}
			}
		},
		{
			"from": [-4.46036, -2.74291, 7.35],
			"to": [-2.66036, -0.94291, 8.65],
			"rotation": {"angle": 45, "axis": "z", "origin": [8, 9.71744, 8]},
			"faces": {
				"north": {"uv": [1.5, 10.5, 2, 11], "texture": "#0"},
				"east": {"uv": [2.25, 12, 2.5, 12.5], "texture": "#0"},
				"south": {"uv": [10.5, 1.5, 11, 2], "texture": "#0"},
				"west": {"uv": [5, 12, 5.25, 12.5], "texture": "#0"},
				"up": {"uv": [12.5, 5.5, 12, 5.25], "texture": "#0"},
				"down": {"uv": [12.5, 5.5, 12, 5.75], "texture": "#0"}
			}
		},
		{
			"from": [3.53964, 5.25709, 6.6],
			"to": [5.33964, 7.05709, 9.4],
			"rotation": {"angle": 45, "axis": "z", "origin": [8, 9.71744, 8]},
			"faces": {
				"north": {"uv": [1.5, 10.5, 2, 11], "rotation": 180, "texture": "#0"},
				"east": {"uv": [5, 12, 5.25, 12.5], "rotation": 180, "texture": "#0"},
				"south": {"uv": [10.5, 1.5, 11, 2], "rotation": 180, "texture": "#0"},
				"west": {"uv": [2.25, 12, 2.5, 12.5], "rotation": 180, "texture": "#0"},
				"up": {"uv": [12.5, 5.5, 12, 5.75], "rotation": 180, "texture": "#0"},
				"down": {"uv": [12.5, 5.5, 12, 5.25], "rotation": 180, "texture": "#0"}
			}
		},
		{
			"from": [6.842, 2.992, 7.192],
			"to": [9.158, 6.008, 8.808],
			"rotation": {"angle": 0, "axis": "y", "origin": [8, 9.71744, 8]},
			"faces": {
				"north": {"uv": [9.5, 0.5, 10, 1.25], "texture": "#0"},
				"east": {"uv": [9.5, 1.25, 10, 2], "texture": "#0"},
				"south": {"uv": [5, 9.5, 5.5, 10.25], "texture": "#0"},
				"west": {"uv": [9.5, 7.75, 10, 8.5], "texture": "#0"},
				"up": {"uv": [11, 3.25, 10.5, 2.75], "texture": "#0"},
				"down": {"uv": [3.75, 10.5, 3.25, 11], "texture": "#0"}
			}
		},
		{
			"from": [8.36756, 5.78149, 7.196],
			"to": [9.42556, 7.03949, 8.804],
			"rotation": {"angle": -22.5, "axis": "z", "origin": [8, 9.71744, 8]},
			"faces": {
				"north": {"uv": [13.25, 10.5, 13.5, 10.75], "texture": "#0"},
				"east": {"uv": [12, 6.75, 12.5, 7], "texture": "#0"},
				"south": {"uv": [10.75, 13.25, 11, 13.5], "texture": "#0"},
				"west": {"uv": [12, 7, 12.5, 7.25], "texture": "#0"},
				"up": {"uv": [12.25, 7.75, 12, 7.25], "texture": "#0"},
				"down": {"uv": [12.25, 7.75, 12, 8.25], "texture": "#0"}
			}
		},
		{
			"from": [5.66297, 7.38042, 7.2],
			"to": [6.63797, 8.35542, 8.8],
			"rotation": {"angle": 45, "axis": "z", "origin": [8, 9.71744, 8]},
			"faces": {
				"north": {"uv": [13.25, 10.75, 13.5, 11], "texture": "#0"},
				"east": {"uv": [12, 8.25, 12.5, 8.5], "texture": "#0"},
				"south": {"uv": [11, 13.25, 11.25, 13.5], "texture": "#0"},
				"west": {"uv": [12, 9, 12.5, 9.25], "texture": "#0"},
				"up": {"uv": [12.25, 9.75, 12, 9.25], "texture": "#0"},
				"down": {"uv": [12.25, 9.75, 12, 10.25], "texture": "#0"}
			}
		},
		{
			"from": [2.46322, 4.15432, 7.2],
			"to": [4.06322, 5.75432, 8.8],
			"rotation": {"angle": 45, "axis": "z", "origin": [8, 9.71744, 8]},
			"faces": {
				"north": {"uv": [10.5, 4.25, 11, 4.75], "texture": "#0"},
				"east": {"uv": [10.5, 4.75, 11, 5.25], "texture": "#0"},
				"south": {"uv": [10.5, 5.25, 11, 5.75], "texture": "#0"},
				"west": {"uv": [10.5, 5.75, 11, 6.25], "texture": "#0"},
				"up": {"uv": [7.75, 11, 7.25, 10.5], "texture": "#0"},
				"down": {"uv": [11, 7.25, 10.5, 7.75], "texture": "#0"}
			}
		},
		{
			"from": [4.442, 2.992, 7.192],
			"to": [6.908, 5.508, 8.808],
			"rotation": {"angle": 0, "axis": "y", "origin": [8, 9.71744, 8]},
			"faces": {
				"north": {"uv": [9.5, 8.5, 10, 9.25], "texture": "#0"},
				"east": {"uv": [8.75, 9.5, 9.25, 10.25], "texture": "#0"},
				"south": {"uv": [9.25, 9.5, 9.75, 10.25], "texture": "#0"},
				"west": {"uv": [0, 9.75, 0.5, 10.5], "texture": "#0"},
				"up": {"uv": [8.25, 11, 7.75, 10.5], "texture": "#0"},
				"down": {"uv": [11, 7.75, 10.5, 8.25], "texture": "#0"}
			}
		},
		{
			"from": [5.23108, 2.41594, 7.194],
			"to": [7.19308, 4.42794, 8.806],
			"rotation": {"angle": -22.5, "axis": "z", "origin": [8, 9.71744, 8]},
			"faces": {
				"north": {"uv": [8.25, 10.5, 8.75, 11], "texture": "#0"},
				"east": {"uv": [10.5, 8.25, 11, 8.75], "texture": "#0"},
				"south": {"uv": [2.5, 10.75, 3, 11.25], "texture": "#0"},
				"west": {"uv": [3.75, 10.75, 4.25, 11.25], "texture": "#0"},
				"up": {"uv": [6.75, 11.25, 6.25, 10.75], "texture": "#0"},
				"down": {"uv": [11.25, 6.5, 10.75, 7], "texture": "#0"}
			}
		},
		{
			"from": [1.53511, 6.97205, 7.2],
			"to": [2.33511, 9.22205, 8.8],
			"rotation": {"angle": 22.5, "axis": "z", "origin": [8, 9.71744, 8]},
			"faces": {
				"north": {"uv": [12, 10.25, 12.25, 10.75], "texture": "#0"},
				"east": {"uv": [6.75, 10.75, 7.25, 11.25], "texture": "#0"},
				"south": {"uv": [12, 10.75, 12.25, 11.25], "texture": "#0"},
				"west": {"uv": [9, 10.75, 9.5, 11.25], "texture": "#0"},
				"up": {"uv": [12.25, 11.75, 12, 11.25], "texture": "#0"},
				"down": {"uv": [12.25, 11.75, 12, 12.25], "texture": "#0"}
			}
		},
		{
			"from": [7.16115, 2.06597, 6.95],
			"to": [7.71115, 5.06597, 9.05],
			"rotation": {"angle": -22.5, "axis": "z", "origin": [8, 9.71744, 8]},
			"faces": {
				"north": {"uv": [11.5, 4.25, 11.75, 5], "texture": "#0"},
				"east": {"uv": [0.5, 9.75, 1, 10.5], "texture": "#0"},
				"south": {"uv": [4.5, 11.5, 4.75, 12.25], "texture": "#0"},
				"west": {"uv": [1, 9.75, 1.5, 10.5], "texture": "#0"},
				"up": {"uv": [12.5, 1, 12.25, 0.5], "texture": "#0"},
				"down": {"uv": [1, 12.25, 0.75, 12.75], "texture": "#0"}
			}
		},
		{
			"from": [7.4047, 2.28285, 6.95],
			"to": [7.9547, 4.18285, 9.05],
			"rotation": {"angle": -45, "axis": "z", "origin": [8, 9.71744, 8]},
			"faces": {
				"north": {"uv": [1, 12.25, 1.25, 12.75], "texture": "#0"},
				"east": {"uv": [10.75, 9.25, 11.25, 9.75], "texture": "#0"},
				"south": {"uv": [2, 12.25, 2.25, 12.75], "texture": "#0"},
				"west": {"uv": [9.5, 10.75, 10, 11.25], "texture": "#0"},
				"up": {"uv": [12.5, 2.5, 12.25, 2], "texture": "#0"},
				"down": {"uv": [3.5, 12.25, 3.25, 12.75], "texture": "#0"}
			}
		},
		{
			"from": [8.0453, 2.28285, 6.95],
			"to": [8.5953, 4.18285, 9.05],
			"rotation": {"angle": 45, "axis": "z", "origin": [8, 9.71744, 8]},
			"faces": {
				"north": {"uv": [1.25, 12.25, 1, 12.75], "texture": "#0"},
				"east": {"uv": [10, 10.75, 9.5, 11.25], "texture": "#0"},
				"south": {"uv": [2.25, 12.25, 2, 12.75], "texture": "#0"},
				"west": {"uv": [11.25, 9.25, 10.75, 9.75], "texture": "#0"},
				"up": {"uv": [12.25, 2.5, 12.5, 2], "texture": "#0"},
				"down": {"uv": [3.25, 12.25, 3.5, 12.75], "texture": "#0"}
			}
		},
		{
			"from": [13.66489, 6.97205, 7.2],
			"to": [14.46489, 9.22205, 8.8],
			"rotation": {"angle": -22.5, "axis": "z", "origin": [8, 9.71744, 8]},
			"faces": {
				"north": {"uv": [12.25, 10.25, 12, 10.75], "texture": "#0"},
				"east": {"uv": [9.5, 10.75, 9, 11.25], "texture": "#0"},
				"south": {"uv": [12.25, 10.75, 12, 11.25], "texture": "#0"},
				"west": {"uv": [7.25, 10.75, 6.75, 11.25], "texture": "#0"},
				"up": {"uv": [12, 11.75, 12.25, 11.25], "texture": "#0"},
				"down": {"uv": [12, 11.75, 12.25, 12.25], "texture": "#0"}
			}
		},
		{
			"from": [8.28885, 2.06597, 6.95],
			"to": [8.83885, 5.06597, 9.05],
			"rotation": {"angle": 22.5, "axis": "z", "origin": [8, 9.71744, 8]},
			"faces": {
				"north": {"uv": [11.75, 4.25, 11.5, 5], "texture": "#0"},
				"east": {"uv": [1.5, 9.75, 1, 10.5], "texture": "#0"},
				"south": {"uv": [4.75, 11.5, 4.5, 12.25], "texture": "#0"},
				"west": {"uv": [1, 9.75, 0.5, 10.5], "texture": "#0"},
				"up": {"uv": [12.25, 1, 12.5, 0.5], "texture": "#0"},
				"down": {"uv": [0.75, 12.25, 1, 12.75], "texture": "#0"}
			}
		},
		{
			"from": [8.80692, 2.41594, 7.194],
			"to": [10.76892, 4.42794, 8.806],
			"rotation": {"angle": 22.5, "axis": "z", "origin": [8, 9.71744, 8]},
			"faces": {
				"north": {"uv": [8.75, 10.5, 8.25, 11], "texture": "#0"},
				"east": {"uv": [4.25, 10.75, 3.75, 11.25], "texture": "#0"},
				"south": {"uv": [3, 10.75, 2.5, 11.25], "texture": "#0"},
				"west": {"uv": [11, 8.25, 10.5, 8.75], "texture": "#0"},
				"up": {"uv": [6.25, 11.25, 6.75, 10.75], "texture": "#0"},
				"down": {"uv": [10.75, 6.5, 11.25, 7], "texture": "#0"}
			}
		},
		{
			"from": [9.092, 2.992, 7.192],
			"to": [11.558, 5.508, 8.808],
			"rotation": {"angle": 0, "axis": "y", "origin": [8, 9.71744, 8]},
			"faces": {
				"north": {"uv": [10, 8.5, 9.5, 9.25], "texture": "#0"},
				"east": {"uv": [0.5, 9.75, 0, 10.5], "texture": "#0"},
				"south": {"uv": [9.75, 9.5, 9.25, 10.25], "texture": "#0"},
				"west": {"uv": [9.25, 9.5, 8.75, 10.25], "texture": "#0"},
				"up": {"uv": [7.75, 11, 8.25, 10.5], "texture": "#0"},
				"down": {"uv": [10.5, 7.75, 11, 8.25], "texture": "#0"}
			}
		},
		{
			"from": [6.57244, 5.77949, 7.194],
			"to": [7.63444, 7.04149, 8.806],
			"rotation": {"angle": 22.5, "axis": "z", "origin": [8, 9.71744, 8]},
			"faces": {
				"north": {"uv": [13.5, 10.5, 13.25, 10.75], "texture": "#0"},
				"east": {"uv": [12.5, 7, 12, 7.25], "texture": "#0"},
				"south": {"uv": [11, 13.25, 10.75, 13.5], "texture": "#0"},
				"west": {"uv": [12.5, 6.75, 12, 7], "texture": "#0"},
				"up": {"uv": [12, 7.75, 12.25, 7.25], "texture": "#0"},
				"down": {"uv": [12, 7.75, 12.25, 8.25], "texture": "#0"}
			}
		},
		{
			"from": [9.95001, 4.56743, 6.7],
			"to": [10.20001, 7.76743, 9.3],
			"rotation": {"angle": -45, "axis": "z", "origin": [8, 9.71744, 8]},
			"faces": {
				"north": {"uv": [9.25, 11.75, 9.5, 12.5], "texture": "#0"},
				"east": {"uv": [8.5, 5.75, 9.25, 6.5], "texture": "#0"},
				"south": {"uv": [9.5, 11.75, 9.75, 12.5], "texture": "#0"},
				"west": {"uv": [8.5, 7.75, 9.25, 8.5], "texture": "#0"},
				"up": {"uv": [10, 12.5, 9.75, 11.75], "texture": "#0"},
				"down": {"uv": [12, 9.75, 11.75, 10.5], "texture": "#0"}
			}
		},
		{
			"from": [2.84999, 4.56743, 6.7],
			"to": [3.09999, 7.51743, 9.3],
			"rotation": {"angle": 45, "axis": "z", "origin": [8, 9.71744, 8]},
			"faces": {
				"north": {"uv": [4.75, 11.5, 5, 12.25], "texture": "#0"},
				"east": {"uv": [8.5, 2.25, 9.25, 3], "texture": "#0"},
				"south": {"uv": [11.5, 5, 11.75, 5.75], "texture": "#0"},
				"west": {"uv": [8.5, 3, 9.25, 3.75], "texture": "#0"},
				"up": {"uv": [5.5, 12.25, 5.25, 11.5], "texture": "#0"},
				"down": {"uv": [5.75, 11.5, 5.5, 12.25], "texture": "#0"}
			}
		},
		{
			"from": [12.90001, 4.56743, 6.7],
			"to": [13.15001, 7.51743, 9.3],
			"rotation": {"angle": -45, "axis": "z", "origin": [8, 9.71744, 8]},
			"faces": {
				"north": {"uv": [5, 11.5, 4.75, 12.25], "texture": "#0"},
				"east": {"uv": [9.25, 3, 8.5, 3.75], "texture": "#0"},
				"south": {"uv": [11.75, 5, 11.5, 5.75], "texture": "#0"},
				"west": {"uv": [9.25, 2.25, 8.5, 3], "texture": "#0"},
				"up": {"uv": [5.25, 12.25, 5.5, 11.5], "texture": "#0"},
				"down": {"uv": [5.5, 11.5, 5.75, 12.25], "texture": "#0"}
			}
		},
		{
			"from": [5.79999, 4.56743, 6.7],
			"to": [6.04999, 7.76743, 9.3],
			"rotation": {"angle": 45, "axis": "z", "origin": [8, 9.71744, 8]},
			"faces": {
				"north": {"uv": [9.5, 11.75, 9.25, 12.5], "texture": "#0"},
				"east": {"uv": [9.25, 7.75, 8.5, 8.5], "texture": "#0"},
				"south": {"uv": [9.75, 11.75, 9.5, 12.5], "texture": "#0"},
				"west": {"uv": [9.25, 5.75, 8.5, 6.5], "texture": "#0"},
				"up": {"uv": [9.75, 12.5, 10, 11.75], "texture": "#0"},
				"down": {"uv": [11.75, 9.75, 12, 10.5], "texture": "#0"}
			}
		},
		{
			"from": [6.692, 5.242, 7.742],
			"to": [9.308, 24.258, 8.258],
			"rotation": {"angle": 0, "axis": "y", "origin": [8, 9.71744, 8]},
			"faces": {
				"north": {"uv": [2.5, 2.75, 3.25, 7.5], "texture": "#0"},
				"east": {"uv": [4, 5.5, 4.25, 10.25], "texture": "#0"},
				"south": {"uv": [3.25, 2.75, 4, 7.5], "texture": "#0"},
				"west": {"uv": [4.25, 5.5, 4.5, 10.25], "texture": "#0"},
				"up": {"uv": [12, 9.75, 11.25, 9.5], "texture": "#0"},
				"down": {"uv": [12.25, 5.75, 11.5, 6], "texture": "#0"}
			}
		},
		{
			"from": [5.96574, 9.33379, 7.75],
			"to": [8.56574, 12.13379, 8.25],
			"rotation": {"angle": 45, "axis": "z", "origin": [8, 9.71744, 8]},
			"faces": {
				"north": {"uv": [8.5, 4.25, 9.25, 5], "texture": "#0"},
				"east": {"uv": [5.75, 11.5, 6, 12.25], "texture": "#0"},
				"south": {"uv": [8.5, 5, 9.25, 5.75], "texture": "#0"},
				"west": {"uv": [11.5, 7, 11.75, 7.75], "texture": "#0"},
				"up": {"uv": [12.25, 6.25, 11.5, 6], "texture": "#0"},
				"down": {"uv": [8, 11.5, 7.25, 11.75], "texture": "#0"}
			}
		},
		{
			"from": [7.43426, 9.33379, 7.75],
			"to": [10.03426, 12.13379, 8.25],
			"rotation": {"angle": -45, "axis": "z", "origin": [8, 9.71744, 8]},
			"faces": {
				"north": {"uv": [9.25, 4.25, 8.5, 5], "texture": "#0"},
				"east": {"uv": [11.75, 7, 11.5, 7.75], "texture": "#0"},
				"south": {"uv": [9.25, 5, 8.5, 5.75], "texture": "#0"},
				"west": {"uv": [6, 11.5, 5.75, 12.25], "texture": "#0"},
				"up": {"uv": [11.5, 6.25, 12.25, 6], "texture": "#0"},
				"down": {"uv": [7.25, 11.5, 8, 11.75], "texture": "#0"}
			}
		},
		{
			"from": [1.24901, 22.61692, 7.75],
			"to": [2.49901, 24.61692, 8.25],
			"rotation": {"angle": -22.5, "axis": "z", "origin": [8, 9.71744, 8]},
			"faces": {
				"north": {"uv": [3.5, 12.25, 3.75, 12.75], "texture": "#0"},
				"east": {"uv": [4.5, 12.25, 4.75, 12.75], "texture": "#0"},
				"south": {"uv": [4.75, 12.25, 5, 12.75], "texture": "#0"},
				"west": {"uv": [5.25, 12.25, 5.5, 12.75], "texture": "#0"},
				"up": {"uv": [13.5, 11.5, 13.25, 11.25], "texture": "#0"},
				"down": {"uv": [11.75, 13.25, 11.5, 13.5], "texture": "#0"}
			}
		},
		{
			"from": [13.49699, 22.61292, 7.746],
			"to": [14.75499, 24.62092, 8.254],
			"rotation": {"angle": 22.5, "axis": "z", "origin": [8, 9.71744, 8]},
			"faces": {
				"north": {"uv": [5.5, 12.25, 5.75, 12.75], "texture": "#0"},
				"east": {"uv": [5.75, 12.25, 6, 12.75], "texture": "#0"},
				"south": {"uv": [12.25, 5.75, 12.5, 6.25], "texture": "#0"},
				"west": {"uv": [7, 12.25, 7.25, 12.75], "texture": "#0"},
				"up": {"uv": [13.5, 11.75, 13.25, 11.5], "texture": "#0"},
				"down": {"uv": [12, 13.25, 11.75, 13.5], "texture": "#0"}
			}
		},
		{
			"from": [-3.93783, 20.90033, 7.744],
			"to": [-3.17583, 21.66233, 8.256],
			"rotation": {"angle": -45, "axis": "z", "origin": [8, 9.71744, 8]},
			"faces": {
				"north": {"uv": [13.25, 11.75, 13.5, 12], "texture": "#0"},
				"east": {"uv": [12, 13.25, 12.25, 13.5], "texture": "#0"},
				"south": {"uv": [13.25, 12, 13.5, 12.25], "texture": "#0"},
				"west": {"uv": [12.25, 13.25, 12.5, 13.5], "texture": "#0"},
				"up": {"uv": [13.5, 12.5, 13.25, 12.25], "texture": "#0"},
				"down": {"uv": [12.75, 13.25, 12.5, 13.5], "texture": "#0"}
			}
		},
		{
			"from": [7.5, 6.18879, 7.45],
			"to": [8.5, 9.43879, 8.55],
			"rotation": {"angle": 0, "axis": "y", "origin": [8, 9.71744, 8]},
			"faces": {
				"north": {"uv": [11.5, 7.75, 11.75, 8.5], "texture": "#0"},
				"east": {"uv": [8, 11.5, 8.25, 12.25], "texture": "#0"},
				"south": {"uv": [8.25, 11.5, 8.5, 12.25], "texture": "#0"},
				"west": {"uv": [8.5, 11.5, 8.75, 12.25], "texture": "#0"},
				"up": {"uv": [1.5, 13.75, 1.25, 13.5], "texture": "#0"},
				"down": {"uv": [13.75, 1.25, 13.5, 1.5], "texture": "#0"}
			}
		},
		{
			"from": [7.45721, 9.16215, 7.448],
			"to": [8.16121, 9.89115, 8.552],
			"rotation": {"angle": 45, "axis": "z", "origin": [8, 9.71744, 8]},
			"faces": {
				"north": {"uv": [1.5, 13.5, 1.75, 13.75], "texture": "#0"},
				"east": {"uv": [13.5, 1.5, 13.75, 1.75], "texture": "#0"},
				"south": {"uv": [1.75, 13.5, 2, 13.75], "texture": "#0"},
				"west": {"uv": [13.5, 1.75, 13.75, 2], "texture": "#0"},
				"up": {"uv": [2.25, 13.75, 2, 13.5], "texture": "#0"},
				"down": {"uv": [13.75, 2, 13.5, 2.25], "texture": "#0"}
			}
		},
		{
			"name": "ef",
			"from": [6, -3, 3],
			"to": [10, 27, 3],
			"rotation": {"angle": 0, "axis": "y", "origin": [7, 4, 3]},
			"faces": {
				"north": {"uv": [0, 0, 2, 16], "texture": "#2"},
				"east": {"uv": [0, 0, 0, 4], "texture": "#2"},
				"south": {"uv": [2, 0, 0, 16], "texture": "#2"},
				"west": {"uv": [0, 0, 0, 4], "texture": "#2"},
				"up": {"uv": [0, 0, 1, 0], "texture": "#2"},
				"down": {"uv": [0, 0, 1, 0], "texture": "#2"}
			}
		},
		{
			"name": "ef",
			"from": [3.17157, -3, 5.82843],
			"to": [3.17157, 27, 9.82843],
			"rotation": {"angle": 0, "axis": "y", "origin": [3.17157, 12, 7.82843]},
			"faces": {
				"north": {"uv": [0, 0, 0, 4], "texture": "#2"},
				"east": {"uv": [6, 0, 4, 16], "texture": "#2"},
				"south": {"uv": [0, 0, 0, 4], "texture": "#2"},
				"west": {"uv": [4, 0, 6, 16], "texture": "#2"},
				"up": {"uv": [0, 0, 1, 0], "rotation": 270, "texture": "#2"},
				"down": {"uv": [0, 0, 1, 0], "rotation": 90, "texture": "#2"}
			}
		},
		{
			"name": "ef",
			"from": [2.58579, -3, 4.41421],
			"to": [6.58579, 27, 4.41421],
			"rotation": {"angle": 45, "axis": "y", "origin": [4.58579, 12, 4.41421]},
			"faces": {
				"north": {"uv": [2, 0, 4, 16], "texture": "#2"},
				"east": {"uv": [0, 0, 0, 4], "texture": "#2"},
				"south": {"uv": [4, 0, 2, 16], "texture": "#2"},
				"west": {"uv": [0, 0, 0, 4], "texture": "#2"},
				"up": {"uv": [0, 0, 1, 0], "texture": "#2"},
				"down": {"uv": [0, 0, 1, 0], "texture": "#2"}
			}
		},
		{
			"name": "ef",
			"from": [6.00071, -3, 12.65615],
			"to": [10.00071, 27, 12.65615],
			"rotation": {"angle": 0, "axis": "y", "origin": [7.00071, 4, 12.65615]},
			"faces": {
				"north": {"uv": [10, 0, 8, 16], "texture": "#2"},
				"east": {"uv": [0, 0, 0, 4], "texture": "#2"},
				"south": {"uv": [8, 0, 10, 16], "texture": "#2"},
				"west": {"uv": [0, 0, 0, 4], "texture": "#2"},
				"up": {"uv": [0, 0, 1, 0], "texture": "#2"},
				"down": {"uv": [0, 0, 1, 0], "texture": "#2"}
			}
		},
		{
			"name": "ef",
			"from": [2.58649, -3, 11.24193],
			"to": [6.58649, 27, 11.24193],
			"rotation": {"angle": -45, "axis": "y", "origin": [4.58649, 12, 11.24193]},
			"faces": {
				"north": {"uv": [8, 0, 6, 16], "texture": "#2"},
				"east": {"uv": [0, 0, 0, 4], "texture": "#2"},
				"south": {"uv": [6, 0, 8, 16], "texture": "#2"},
				"west": {"uv": [0, 0, 0, 4], "texture": "#2"},
				"up": {"uv": [0, 0, 1, 0], "texture": "#2"},
				"down": {"uv": [0, 0, 1, 0], "texture": "#2"}
			}
		},
		{
			"name": "ef",
			"from": [9.41351, -3, 11.24193],
			"to": [13.41351, 27, 11.24193],
			"rotation": {"angle": 45, "axis": "y", "origin": [11.41351, 12, 11.24193]},
			"faces": {
				"north": {"uv": [12, 0, 10, 16], "texture": "#2"},
				"east": {"uv": [0, 0, 0, 4], "texture": "#2"},
				"south": {"uv": [10, 0, 12, 16], "texture": "#2"},
				"west": {"uv": [0, 0, 0, 4], "texture": "#2"},
				"up": {"uv": [1, 0, 2, 0], "texture": "#2"},
				"down": {"uv": [1, 0, 2, 0], "texture": "#2"}
			}
		},
		{
			"name": "ef",
			"from": [12.82843, -3, 5.82843],
			"to": [12.82843, 27, 9.82843],
			"rotation": {"angle": 0, "axis": "y", "origin": [12.82843, 12, 7.82843]},
			"faces": {
				"north": {"uv": [0, 0, 0, 4], "texture": "#2"},
				"east": {"uv": [12, 0, 14, 16], "texture": "#2"},
				"south": {"uv": [0, 0, 0, 4], "texture": "#2"},
				"west": {"uv": [14, 0, 12, 16], "texture": "#2"},
				"up": {"uv": [0, 0, 1, 0], "rotation": 270, "texture": "#2"},
				"down": {"uv": [0, 0, 1, 0], "rotation": 90, "texture": "#2"}
			}
		},
		{
			"name": "ef",
			"from": [9.41421, -3, 4.41421],
			"to": [13.41421, 27, 4.41421],
			"rotation": {"angle": -45, "axis": "y", "origin": [11.41421, 12, 4.41421]},
			"faces": {
				"north": {"uv": [14, 0, 16, 16], "texture": "#2"},
				"east": {"uv": [0, 0, 0, 4], "texture": "#2"},
				"south": {"uv": [16, 0, 14, 16], "texture": "#2"},
				"west": {"uv": [0, 0, 0, 4], "texture": "#2"},
				"up": {"uv": [1, 0, 2, 0], "texture": "#2"},
				"down": {"uv": [1, 0, 2, 0], "texture": "#2"}
			}
		}
	],
	"gui_light": "front",
	"display": {
		"thirdperson_righthand": {
			"rotation": [0, 90, 0],
			"translation": [0, 6, 1.75]
		},
		"thirdperson_lefthand": {
			"rotation": [0, 90, 0],
			"translation": [0, 6, 1.75]
		},
		"firstperson_righthand": {
			"rotation": [-138.8, -80.6, -143.48],
			"translation": [1, 3.75, 0],
			"scale": [0.66, 0.66, 0.66]
		},
		"firstperson_lefthand": {
			"rotation": [-138.8, -80.6, -143.48],
			"translation": [1, 3.75, 0],
			"scale": [0.66, 0.66, 0.66]
		},
		"ground": {
			"rotation": [0, 0, 45],
			"translation": [0, 3, 0],
			"scale": [0.52, 0.52, 0.52]
		},
		"gui": {
			"rotation": [0, 0, -45],
			"translation": [-0.5, -0.75, 0],
			"scale": [0.64, 0.64, 0.64]
		},
		"head": {
			"scale": [0, 0, 0]
		},
		"fixed": {
			"translation": [0, -1, -1.25],
			"scale": [0.73, 0.73, 0.73]
		}
	},
	"groups": [
		{
			"name": "swordvoid",
			"origin": [-9.03414, 9.50499, 8],
			"color": 0,
			"nbt": "{}",
			"armAnimationEnabled": false,
			"children": [0, 1, 2, 3, 4, 5, 6, 7, 8, 9, 10, 11, 12, 13, 14, 15, 16, 17, 18, 19, 20, 21, 22, 23, 24, 25, 26, 27, 28, 29, 30, 31, 32, 33, 34, 35, 36, 37, 38]
		}
	]
}