{
  "parent": "builtin/entity",
  "textures": {
    "particle": "block/oak_planks"
  },
  "overrides": [
    {
      "predicate": {
        "damage": 0
      },
      "model": "item/chest"
    },
    {
      "predicate": {
        "custom_model_data": 1
      },
      "model": "christmas/christmas_chest"
    },
    {
      "predicate": {
        "custom_model_data": 2
      },
      "model": "void/void_chest"
    },
    {
      "predicate": {
        "custom_model_data": 3
      },
      "model": "magma/magma_chest"
    },
    {
      "predicate": {
        "custom_model_data": 4
      },
      "model": "chinese/chinese_dragon_chest"
    },
    {
      "predicate": {
        "custom_model_data": 5
      },
      "model": "valentine/valentine_chest"
    },
    {
      "predicate": {
        "custom_model_data": 6
      },
      "model": "dragon/dragonborn_chest"
    },
    {
      "predicate": {
        "custom_model_data": 7
      },
      "model": "patrick/chest"
    },
    {
      "predicate": {
        "custom_model_data": 8
      },
      "model": "stpatrick/chest"
    },
    {
      "predicate": {
        "custom_model_data": 9
      },
      "model": "firework/firework_chest"
    },
    {
      "predicate": {
        "custom_model_data": 10
      },
      "model": "drill/drill_gold"
    },
    {
      "predicate": {
        "custom_model_data": 11
      },
      "model": "drill/drill_iron"
    },
    {
      "predicate": {
        "custom_model_data": 12
      },
      "model": "drill/drill_diamond"
    },
    {
      "predicate": {
        "custom_model_data": 13
      },
      "model": "drill/drill_netherite"
    },
    {
      "predicate": {
        "custom_model_data": 14
      },
      "model": "cannon/tnt_cannon"
    },
    {
      "predicate": {
        "custom_model_data": 15
      },
      "model": "drill/up/drill_gold_up"
    },
    {
      "predicate": {
        "custom_model_data": 16
      },
      "model": "drill/up/drill_iron_up"
    },
    {
      "predicate": {
        "custom_model_data": 17
      },
      "model": "drill/up/drill_diamond_up"
    },
    {
      "predicate": {
        "custom_model_data": 18
      },
      "model": "drill/up/drill_netherite_up"
    },
    {
      "predicate": {
        "custom_model_data": 19
      },
      "model": "drill/down/drill_gold_down"
    },
    {
      "predicate": {
        "custom_model_data": 20
      },
      "model": "drill/down/drill_iron_down"
    },
    {
      "predicate": {
        "custom_model_data": 21
      },
      "model": "drill/down/drill_diamond_down"
    },
    {
      "predicate": {
        "custom_model_data": 22
      },
      "model": "drill/down/drill_netherite_down"
    },
    {
      "predicate": {
        "custom_model_data": 23
      },
      "model": "landmine/landmine"
    },
    {
      "predicate": {
        "custom_model_data": 24
      },
      "model": "raidtnt/raid_tnt"
    }
  ],
  "display": {
    "gui": {
      "rotation": [
        30,
        45,
        0
      ],
      "translation": [
        0,
        0,
        0
      ],
      "scale": [
        0.625,
        0.625,
        0.625
      ]
    },
    "ground": {
      "rotation": [
        0,
        0,
        0
      ],
      "translation": [
        0,
        3,
        0
      ],
      "scale": [
        0.25,
        0.25,
        0.25
      ]
    },
    "head": {
      "rotation": [
        0,
        180,
        0
      ],
      "translation": [
        0,
        0,
        0
      ],
      "scale": [
        1,
        1,
        1
      ]
    },
    "fixed": {
      "rotation": [
        0,
        180,
        0
      ],
      "translation": [
        0,
        0,
        0
      ],
      "scale": [
        0.5,
        0.5,
        0.5
      ]
    },
    "thirdperson_righthand": {
      "rotation": [
        75,
        315,
        0
      ],
      "translation": [
        0,
        2.5,
        0
      ],
      "scale": [
        0.375,
        0.375,
        0.375
      ]
    },
    "firstperson_righthand": {
      "rotation": [
        0,
        315,
        0
      ],
      "translation": [
        0,
        0,
        0
      ],
      "scale": [
        0.4,
        0.4,
        0.4
      ]
    }
  }
}