{
  "credit": "Pologony Creation Co.,Ltd.",
  "textures": {
    "2": "item/nanoedge/nanoedge_ef1_long",
    "3": "item/nanoedge/nanoedge_ef2_long",
    "6": "item/nanoedge/nanoedge_crossbow",
    "particle": "item/nanoedge/nanoedge_ef1_long"
  },
  "elements": [
    {
      "from": [
        10.58369,
        8.60334,
        -2.24439
      ],
      "to": [
        13.08369,
        10.60334,
        -1.24439
      ],
      "rotation": {
        "angle": 22.5,
        "axis": "y",
        "origin": [
          13.65,
          9.60334,
          0.22911
        ]
      },
      "faces": {
        "north": {
          "uv": [
            3,
            8,
            3.66667,
            8.83333
          ],
          "rotation": 270,
          "texture": "#6"
        },
        "east": {
          "uv": [
            6.66667,
            4.66667,
            6,
            4.33333
          ],
          "rotation": 90,
          "texture": "#6"
        },
        "south": {
          "uv": [
            4,
            8.66667,
            4.66667,
            9.5
          ],
          "rotation": 90,
          "texture": "#6"
        },
        "west": {
          "uv": [
            11.66667,
            12.33333,
            11,
            12.66667
          ],
          "rotation": 90,
          "texture": "#6"
        },
        "up": {
          "uv": [
            11.66667,
            11,
            12,
            11.83333
          ],
          "rotation": 90,
          "texture": "#6"
        },
        "down": {
          "uv": [
            10.33333,
            11.66667,
            10.66667,
            12.5
          ],
          "rotation": 90,
          "texture": "#6"
        }
      }
    },
    {
      "from": [
        10.83369,
        8.75334,
        -1.24439
      ],
      "to": [
        12.83369,
        10.45334,
        0.75561
      ],
      "rotation": {
        "angle": 22.5,
        "axis": "y",
        "origin": [
          13.65,
          9.60334,
          0.22911
        ]
      },
      "faces": {
        "east": {
          "uv": [
            6.16667,
            11.66667,
            5.66667,
            11
          ],
          "rotation": 90,
          "texture": "#6"
        },
        "south": {
          "uv": [
            4.66667,
            11,
            5.16667,
            11.66667
          ],
          "rotation": 90,
          "texture": "#6"
        },
        "west": {
          "uv": [
            11.5,
            10,
            11,
            10.66667
          ],
          "rotation": 90,
          "texture": "#6"
        },
        "up": {
          "uv": [
            3.66667,
            10,
            4.33333,
            10.66667
          ],
          "rotation": 90,
          "texture": "#6"
        },
        "down": {
          "uv": [
            0,
            10,
            0.66667,
            10.66667
          ],
          "rotation": 90,
          "texture": "#6"
        }
      }
    },
    {
      "from": [
        6.75,
        6.5,
        6.5
      ],
      "to": [
        9.25,
        9.5,
        9.5
      ],
      "rotation": {
        "angle": -45,
        "axis": "x",
        "origin": [
          8,
          8,
          8
        ]
      },
      "faces": {
        "north": {
          "uv": [
            5.33333,
            6,
            6.16667,
            7
          ],
          "texture": "#6"
        },
        "east": {
          "uv": [
            6,
            3,
            7,
            4
          ],
          "texture": "#6"
        },
        "south": {
          "uv": [
            6.66667,
            6,
            7.5,
            7
          ],
          "texture": "#6"
        },
        "west": {
          "uv": [
            4,
            6,
            5,
            7
          ],
          "texture": "#6"
        },
        "up": {
          "uv": [
            7.83333,
            1,
            7,
            0
          ],
          "texture": "#6"
        },
        "down": {
          "uv": [
            7.83333,
            1.33333,
            7,
            2.33333
          ],
          "texture": "#6"
        }
      }
    },
    {
      "from": [
        6.5,
        6.12868,
        8.25
      ],
      "to": [
        9.5,
        8.62868,
        10.75
      ],
      "rotation": {
        "angle": -45,
        "axis": "x",
        "origin": [
          7,
          5.87868,
          8
        ]
      },
      "faces": {
        "north": {
          "uv": [
            7,
            4.33333,
            8,
            5.16667
          ],
          "texture": "#6"
        },
        "east": {
          "uv": [
            6.66667,
            7.33333,
            7.5,
            8.16667
          ],
          "texture": "#6"
        },
        "south": {
          "uv": [
            7.33333,
            2.66667,
            8.33333,
            3.5
          ],
          "texture": "#6"
        },
        "west": {
          "uv": [
            8,
            5.66667,
            8.83333,
            6.5
          ],
          "texture": "#6"
        },
        "up": {
          "uv": [
            5,
            8.16667,
            4,
            7.33333
          ],
          "texture": "#6"
        },
        "down": {
          "uv": [
            6.33333,
            7.33333,
            5.33333,
            8.16667
          ],
          "texture": "#6"
        }
      }
    },
    {
      "from": [
        10.30276,
        9.35334,
        -0.76803
      ],
      "to": [
        11.05276,
        9.85334,
        1.98197
      ],
      "rotation": {
        "angle": -45,
        "axis": "y",
        "origin": [
          13.65,
          9.60334,
          0.22911
        ]
      },
      "faces": {
        "east": {
          "uv": [
            13.5,
            11.91667,
            13.33333,
            11
          ],
          "rotation": 90,
          "texture": "#6"
        },
        "up": {
          "uv": [
            12.33333,
            9.33333,
            13.25,
            9.58333
          ],
          "rotation": 90,
          "texture": "#6"
        },
        "down": {
          "uv": [
            12,
            5.66667,
            12.91667,
            5.91667
          ],
          "rotation": 90,
          "texture": "#6"
        }
      }
    },
    {
      "from": [
        10.92757,
        9.09834,
        -3.54994
      ],
      "to": [
        12.67757,
        10.10834,
        -2.29994
      ],
      "rotation": {
        "angle": 0,
        "axis": "y",
        "origin": [
          13.65,
          9.60334,
          0.22911
        ]
      },
      "faces": {
        "north": {
          "uv": [
            2.33333,
            13,
            2.66667,
            13.58333
          ],
          "rotation": 270,
          "texture": "#6"
        },
        "east": {
          "uv": [
            14.33333,
            1.41667,
            14,
            1
          ],
          "rotation": 90,
          "texture": "#6"
        },
        "south": {
          "uv": [
            10,
            13,
            10.33333,
            13.58333
          ],
          "rotation": 90,
          "texture": "#6"
        },
        "west": {
          "uv": [
            14.33333,
            2,
            14,
            2.41667
          ],
          "rotation": 90,
          "texture": "#6"
        },
        "up": {
          "uv": [
            0,
            12.33333,
            0.41667,
            12.91667
          ],
          "rotation": 90,
          "texture": "#6"
        },
        "down": {
          "uv": [
            12,
            10,
            12.41667,
            10.58333
          ],
          "rotation": 90,
          "texture": "#6"
        }
      }
    },
    {
      "from": [
        9.05276,
        9.10334,
        -0.51803
      ],
      "to": [
        10.30276,
        10.10334,
        1.98197
      ],
      "rotation": {
        "angle": -45,
        "axis": "y",
        "origin": [
          13.65,
          9.60334,
          0.22911
        ]
      },
      "faces": {
        "east": {
          "uv": [
            12.33333,
            0.83333,
            12,
            0
          ],
          "rotation": 90,
          "texture": "#6"
        },
        "south": {
          "uv": [
            2.33333,
            14,
            2.66667,
            14.41667
          ],
          "rotation": 90,
          "texture": "#6"
        },
        "west": {
          "uv": [
            12.33333,
            1.33333,
            12,
            2.16667
          ],
          "rotation": 90,
          "texture": "#6"
        },
        "up": {
          "uv": [
            10.66667,
            1,
            11.5,
            1.41667
          ],
          "rotation": 90,
          "texture": "#6"
        },
        "down": {
          "uv": [
            10.66667,
            0,
            11.5,
            0.41667
          ],
          "rotation": 90,
          "texture": "#6"
        }
      }
    },
    {
      "from": [
        5.23953,
        7.625,
        6.48953
      ],
      "to": [
        5.98953,
        8.375,
        7.23953
      ],
      "rotation": {
        "angle": -45,
        "axis": "y",
        "origin": [
          6.75,
          8,
          8
        ]
      },
      "faces": {
        "north": {
          "uv": [
            14.66667,
            10.33333,
            14.91667,
            10.58333
          ],
          "texture": "#6"
        },
        "east": {
          "uv": [
            14.66667,
            11,
            14.91667,
            11.25
          ],
          "texture": "#6"
        },
        "south": {
          "uv": [
            11.33333,
            14.66667,
            11.58333,
            14.91667
          ],
          "texture": "#6"
        },
        "west": {
          "uv": [
            14.66667,
            11.66667,
            14.91667,
            11.91667
          ],
          "texture": "#6"
        },
        "up": {
          "uv": [
            12.25,
            14.91667,
            12,
            14.66667
          ],
          "texture": "#6"
        },
        "down": {
          "uv": [
            14.91667,
            12.33333,
            14.66667,
            12.58333
          ],
          "texture": "#6"
        }
      }
    },
    {
      "from": [
        5.23953,
        7.625,
        8.76047
      ],
      "to": [
        5.98953,
        8.375,
        9.51047
      ],
      "rotation": {
        "angle": 45,
        "axis": "y",
        "origin": [
          6.75,
          8,
          8
        ]
      },
      "faces": {
        "north": {
          "uv": [
            14.66667,
            13,
            14.91667,
            13.25
          ],
          "texture": "#6"
        },
        "east": {
          "uv": [
            14.66667,
            13.66667,
            14.91667,
            13.91667
          ],
          "texture": "#6"
        },
        "south": {
          "uv": [
            14.66667,
            14.33333,
            14.91667,
            14.58333
          ],
          "texture": "#6"
        },
        "west": {
          "uv": [
            0,
            15,
            0.25,
            15.25
          ],
          "texture": "#6"
        },
        "up": {
          "uv": [
            0.91667,
            15.25,
            0.66667,
            15
          ],
          "texture": "#6"
        },
        "down": {
          "uv": [
            2.58333,
            15,
            2.33333,
            15.25
          ],
          "texture": "#6"
        }
      }
    },
    {
      "from": [
        6.375,
        6.0192,
        7.625
      ],
      "to": [
        7.125,
        6.7692,
        8.375
      ],
      "rotation": {
        "angle": 45,
        "axis": "z",
        "origin": [
          6.75,
          6.3942,
          8
        ]
      },
      "faces": {
        "north": {
          "uv": [
            15,
            2.66667,
            15.25,
            2.91667
          ],
          "texture": "#6"
        },
        "east": {
          "uv": [
            3.66667,
            15,
            3.91667,
            15.25
          ],
          "texture": "#6"
        },
        "south": {
          "uv": [
            4.33333,
            15,
            4.58333,
            15.25
          ],
          "texture": "#6"
        },
        "west": {
          "uv": [
            15,
            4.33333,
            15.25,
            4.58333
          ],
          "texture": "#6"
        },
        "up": {
          "uv": [
            5.25,
            15.25,
            5,
            15
          ],
          "texture": "#6"
        },
        "down": {
          "uv": [
            7.58333,
            15,
            7.33333,
            15.25
          ],
          "texture": "#6"
        }
      }
    },
    {
      "from": [
        6.375,
        9.2308,
        7.625
      ],
      "to": [
        7.125,
        9.9808,
        8.375
      ],
      "rotation": {
        "angle": -45,
        "axis": "z",
        "origin": [
          6.75,
          9.6058,
          8
        ]
      },
      "faces": {
        "north": {
          "uv": [
            8.66667,
            15,
            8.91667,
            15.25
          ],
          "texture": "#6"
        },
        "east": {
          "uv": [
            15,
            9,
            15.25,
            9.25
          ],
          "texture": "#6"
        },
        "south": {
          "uv": [
            12.66667,
            15,
            12.91667,
            15.25
          ],
          "texture": "#6"
        },
        "west": {
          "uv": [
            13.33333,
            15,
            13.58333,
            15.25
          ],
          "texture": "#6"
        },
        "up": {
          "uv": [
            14.25,
            15.25,
            14,
            15
          ],
          "texture": "#6"
        },
        "down": {
          "uv": [
            14.91667,
            15,
            14.66667,
            15.25
          ],
          "texture": "#6"
        }
      }
    },
    {
      "from": [
        10.01047,
        7.625,
        8.76047
      ],
      "to": [
        10.76047,
        8.375,
        9.51047
      ],
      "rotation": {
        "angle": -45,
        "axis": "y",
        "origin": [
          9.25,
          8,
          8
        ]
      },
      "faces": {
        "north": {
          "uv": [
            15.33333,
            0,
            15.58333,
            0.25
          ],
          "texture": "#6"
        },
        "east": {
          "uv": [
            15.33333,
            0.66667,
            15.58333,
            0.91667
          ],
          "texture": "#6"
        },
        "south": {
          "uv": [
            1.33333,
            15.33333,
            1.58333,
            15.58333
          ],
          "texture": "#6"
        },
        "west": {
          "uv": [
            15.33333,
            1.33333,
            15.58333,
            1.58333
          ],
          "texture": "#6"
        },
        "up": {
          "uv": [
            15.58333,
            2.25,
            15.33333,
            2
          ],
          "texture": "#6"
        },
        "down": {
          "uv": [
            3.25,
            15.33333,
            3,
            15.58333
          ],
          "texture": "#6"
        }
      }
    },
    {
      "from": [
        8.875,
        9.2308,
        7.625
      ],
      "to": [
        9.625,
        9.9808,
        8.375
      ],
      "rotation": {
        "angle": 45,
        "axis": "z",
        "origin": [
          9.25,
          9.6058,
          8
        ]
      },
      "faces": {
        "north": {
          "uv": [
            15.33333,
            5,
            15.58333,
            5.25
          ],
          "texture": "#6"
        },
        "east": {
          "uv": [
            5.66667,
            15.33333,
            5.91667,
            15.58333
          ],
          "texture": "#6"
        },
        "south": {
          "uv": [
            15.33333,
            5.66667,
            15.58333,
            5.91667
          ],
          "texture": "#6"
        },
        "west": {
          "uv": [
            6.33333,
            15.33333,
            6.58333,
            15.58333
          ],
          "texture": "#6"
        },
        "up": {
          "uv": [
            15.58333,
            7.58333,
            15.33333,
            7.33333
          ],
          "texture": "#6"
        },
        "down": {
          "uv": [
            8.25,
            15.33333,
            8,
            15.58333
          ],
          "texture": "#6"
        }
      }
    },
    {
      "from": [
        10.01047,
        7.625,
        6.48953
      ],
      "to": [
        10.76047,
        8.375,
        7.23953
      ],
      "rotation": {
        "angle": 45,
        "axis": "y",
        "origin": [
          9.25,
          8,
          8
        ]
      },
      "faces": {
        "north": {
          "uv": [
            15.33333,
            8,
            15.58333,
            8.25
          ],
          "texture": "#6"
        },
        "east": {
          "uv": [
            9.33333,
            15.33333,
            9.58333,
            15.58333
          ],
          "texture": "#6"
        },
        "south": {
          "uv": [
            10,
            15.33333,
            10.25,
            15.58333
          ],
          "texture": "#6"
        },
        "west": {
          "uv": [
            15.33333,
            10.33333,
            15.58333,
            10.58333
          ],
          "texture": "#6"
        },
        "up": {
          "uv": [
            10.91667,
            15.58333,
            10.66667,
            15.33333
          ],
          "texture": "#6"
        },
        "down": {
          "uv": [
            15.58333,
            11,
            15.33333,
            11.25
          ],
          "texture": "#6"
        }
      }
    },
    {
      "from": [
        8.875,
        6.0192,
        7.625
      ],
      "to": [
        9.625,
        6.7692,
        8.375
      ],
      "rotation": {
        "angle": -45,
        "axis": "z",
        "origin": [
          9.25,
          6.3942,
          8
        ]
      },
      "faces": {
        "north": {
          "uv": [
            11.33333,
            15.33333,
            11.58333,
            15.58333
          ],
          "texture": "#6"
        },
        "east": {
          "uv": [
            15.33333,
            11.66667,
            15.58333,
            11.91667
          ],
          "texture": "#6"
        },
        "south": {
          "uv": [
            12,
            15.33333,
            12.25,
            15.58333
          ],
          "texture": "#6"
        },
        "west": {
          "uv": [
            15.33333,
            12.33333,
            15.58333,
            12.58333
          ],
          "texture": "#6"
        },
        "up": {
          "uv": [
            15.58333,
            13.25,
            15.33333,
            13
          ],
          "texture": "#6"
        },
        "down": {
          "uv": [
            15.58333,
            13.66667,
            15.33333,
            13.91667
          ],
          "texture": "#6"
        }
      }
    },
    {
      "from": [
        11.8179,
        8.97834,
        0.37906
      ],
      "to": [
        14.8179,
        10.22834,
        1.12906
      ],
      "rotation": {
        "angle": -22.5,
        "axis": "y",
        "origin": [
          13.65,
          9.60334,
          0.22911
        ]
      },
      "faces": {
        "north": {
          "uv": [
            1,
            10.33333,
            1.41667,
            11.33333
          ],
          "rotation": 270,
          "texture": "#6"
        },
        "east": {
          "uv": [
            14.75,
            0.25,
            14.33333,
            0
          ],
          "rotation": 90,
          "texture": "#6"
        },
        "south": {
          "uv": [
            2,
            10.33333,
            2.41667,
            11.33333
          ],
          "rotation": 90,
          "texture": "#6"
        },
        "west": {
          "uv": [
            1.08333,
            14.33333,
            0.66667,
            14.58333
          ],
          "rotation": 90,
          "texture": "#6"
        },
        "up": {
          "uv": [
            5,
            12,
            5.25,
            13
          ],
          "rotation": 90,
          "texture": "#6"
        },
        "down": {
          "uv": [
            4.33333,
            12,
            4.58333,
            13
          ],
          "rotation": 90,
          "texture": "#6"
        }
      }
    },
    {
      "from": [
        14.4928,
        9.10334,
        -0.1532
      ],
      "to": [
        17.4928,
        10.10334,
        0.5968
      ],
      "rotation": {
        "angle": -45,
        "axis": "y",
        "origin": [
          13.65,
          9.60334,
          0.22911
        ]
      },
      "faces": {
        "north": {
          "uv": [
            11,
            11,
            11.33333,
            12
          ],
          "rotation": 270,
          "texture": "#6"
        },
        "east": {
          "uv": [
            7.66667,
            14.58333,
            7.33333,
            14.33333
          ],
          "rotation": 90,
          "texture": "#6"
        },
        "south": {
          "uv": [
            11.33333,
            5,
            11.66667,
            6
          ],
          "rotation": 90,
          "texture": "#6"
        },
        "west": {
          "uv": [
            14.66667,
            9,
            14.33333,
            9.25
          ],
          "rotation": 90,
          "texture": "#6"
        },
        "up": {
          "uv": [
            7.66667,
            12,
            7.91667,
            13
          ],
          "rotation": 90,
          "texture": "#6"
        },
        "down": {
          "uv": [
            5.66667,
            12,
            5.91667,
            13
          ],
          "rotation": 90,
          "texture": "#6"
        }
      }
    },
    {
      "from": [
        14.3179,
        8.97834,
        -0.62094
      ],
      "to": [
        14.8179,
        10.22834,
        0.37906
      ],
      "rotation": {
        "angle": -22.5,
        "axis": "y",
        "origin": [
          13.65,
          9.60334,
          0.22911
        ]
      },
      "faces": {
        "north": {
          "uv": [
            14.66667,
            6.66667,
            15.08333,
            6.83333
          ],
          "rotation": 270,
          "texture": "#6"
        },
        "east": {
          "uv": [
            3.41667,
            14.33333,
            3,
            14
          ],
          "rotation": 90,
          "texture": "#6"
        },
        "south": {
          "uv": [
            9.33333,
            14.66667,
            9.75,
            14.83333
          ],
          "rotation": 90,
          "texture": "#6"
        },
        "west": {
          "uv": [
            14.41667,
            3,
            14,
            3.33333
          ],
          "rotation": 90,
          "texture": "#6"
        },
        "up": {
          "uv": [
            0.66667,
            15.66667,
            1,
            15.83333
          ],
          "rotation": 90,
          "texture": "#6"
        },
        "down": {
          "uv": [
            0,
            15.66667,
            0.33333,
            15.83333
          ],
          "rotation": 90,
          "texture": "#6"
        }
      }
    },
    {
      "from": [
        11.8179,
        9.22834,
        -0.37094
      ],
      "to": [
        14.3179,
        9.97834,
        0.37906
      ],
      "rotation": {
        "angle": -22.5,
        "axis": "y",
        "origin": [
          13.65,
          9.60334,
          0.22911
        ]
      },
      "faces": {
        "north": {
          "uv": [
            8.33333,
            12,
            8.58333,
            12.83333
          ],
          "rotation": 270,
          "texture": "#6"
        },
        "up": {
          "uv": [
            12.66667,
            0,
            12.91667,
            0.83333
          ],
          "rotation": 90,
          "texture": "#6"
        },
        "down": {
          "uv": [
            12,
            12.33333,
            12.25,
            13.16667
          ],
          "rotation": 90,
          "texture": "#6"
        }
      }
    },
    {
      "from": [
        14.2428,
        9.22834,
        -0.6532
      ],
      "to": [
        17.4928,
        9.97834,
        -0.1532
      ],
      "rotation": {
        "angle": -45,
        "axis": "y",
        "origin": [
          13.65,
          9.60334,
          0.22911
        ]
      },
      "faces": {
        "north": {
          "uv": [
            12,
            4,
            12.25,
            5.08333
          ],
          "rotation": 270,
          "texture": "#6"
        },
        "up": {
          "uv": [
            11.33333,
            13,
            11.5,
            14.08333
          ],
          "rotation": 90,
          "texture": "#6"
        },
        "down": {
          "uv": [
            10.66667,
            13,
            10.83333,
            14.08333
          ],
          "rotation": 90,
          "texture": "#6"
        }
      }
    },
    {
      "from": [
        12.5323,
        8.97834,
        4.0719
      ],
      "to": [
        14.7823,
        10.22834,
        5.3219
      ],
      "rotation": {
        "angle": 45,
        "axis": "y",
        "origin": [
          13.65,
          9.60334,
          0.22911
        ]
      },
      "faces": {
        "north": {
          "uv": [
            11.33333,
            8.66667,
            11.75,
            9.41667
          ],
          "rotation": 270,
          "texture": "#6"
        },
        "east": {
          "uv": [
            13.41667,
            10.41667,
            13,
            10
          ],
          "rotation": 90,
          "texture": "#6"
        },
        "south": {
          "uv": [
            2,
            11.66667,
            2.41667,
            12.41667
          ],
          "rotation": 90,
          "texture": "#6"
        },
        "west": {
          "uv": [
            13.75,
            0,
            13.33333,
            0.41667
          ],
          "rotation": 90,
          "texture": "#6"
        },
        "up": {
          "uv": [
            11.66667,
            7,
            12.08333,
            7.75
          ],
          "rotation": 90,
          "texture": "#6"
        },
        "down": {
          "uv": [
            1,
            11.66667,
            1.41667,
            12.41667
          ],
          "rotation": 90,
          "texture": "#6"
        }
      }
    },
    {
      "from": [
        12.7823,
        8.72834,
        4.3219
      ],
      "to": [
        14.5323,
        10.47834,
        5.0719
      ],
      "rotation": {
        "angle": 45,
        "axis": "y",
        "origin": [
          13.65,
          9.60334,
          0.22911
        ]
      },
      "faces": {
        "north": {
          "uv": [
            3.66667,
            11,
            4.25,
            11.58333
          ],
          "rotation": 270,
          "texture": "#6"
        },
        "east": {
          "uv": [
            13.25,
            13.91667,
            12.66667,
            13.66667
          ],
          "rotation": 90,
          "texture": "#6"
        },
        "south": {
          "uv": [
            11,
            4,
            11.58333,
            4.58333
          ],
          "rotation": 90,
          "texture": "#6"
        },
        "west": {
          "uv": [
            14.25,
            13.66667,
            13.66667,
            13.91667
          ],
          "rotation": 90,
          "texture": "#6"
        },
        "up": {
          "uv": [
            12,
            13.66667,
            12.25,
            14.25
          ],
          "rotation": 90,
          "texture": "#6"
        },
        "down": {
          "uv": [
            13.66667,
            9,
            13.91667,
            9.58333
          ],
          "rotation": 90,
          "texture": "#6"
        }
      }
    },
    {
      "from": [
        12.98373,
        7.2413,
        0.18884
      ],
      "to": [
        13.98373,
        8.2413,
        0.93884
      ],
      "rotation": {
        "angle": 22.5,
        "axis": "z",
        "origin": [
          10.90873,
          5.8038,
          0.55134
        ]
      },
      "faces": {
        "north": {
          "uv": [
            14,
            11.33333,
            14.33333,
            11.66667
          ],
          "rotation": 270,
          "texture": "#6"
        },
        "east": {
          "uv": [
            15,
            2.25,
            14.66667,
            2
          ],
          "rotation": 90,
          "texture": "#6"
        },
        "south": {
          "uv": [
            14,
            12,
            14.33333,
            12.33333
          ],
          "rotation": 90,
          "texture": "#6"
        },
        "west": {
          "uv": [
            3.33333,
            14.66667,
            3,
            14.91667
          ],
          "rotation": 90,
          "texture": "#6"
        },
        "up": {
          "uv": [
            14.66667,
            1.33333,
            14.91667,
            1.66667
          ],
          "rotation": 90,
          "texture": "#6"
        },
        "down": {
          "uv": [
            14.66667,
            0.66667,
            14.91667,
            1
          ],
          "rotation": 90,
          "texture": "#6"
        }
      }
    },
    {
      "from": [
        9.48373,
        7.1163,
        0.03884
      ],
      "to": [
        10.98373,
        8.1163,
        1.03884
      ],
      "rotation": {
        "angle": 22.5,
        "axis": "z",
        "origin": [
          10.90873,
          5.8038,
          0.55134
        ]
      },
      "faces": {
        "north": {
          "uv": [
            13.33333,
            5.66667,
            13.66667,
            6.16667
          ],
          "rotation": 270,
          "texture": "#6"
        },
        "east": {
          "uv": [
            14.33333,
            10.33333,
            14,
            10
          ],
          "rotation": 90,
          "texture": "#6"
        },
        "south": {
          "uv": [
            6.66667,
            13.33333,
            7,
            13.83333
          ],
          "rotation": 90,
          "texture": "#6"
        },
        "west": {
          "uv": [
            14.33333,
            10.66667,
            14,
            11
          ],
          "rotation": 90,
          "texture": "#6"
        },
        "up": {
          "uv": [
            13.33333,
            6.66667,
            13.66667,
            7.16667
          ],
          "rotation": 90,
          "texture": "#6"
        },
        "down": {
          "uv": [
            6,
            13.33333,
            6.33333,
            13.83333
          ],
          "rotation": 90,
          "texture": "#6"
        }
      }
    },
    {
      "from": [
        10.98373,
        7.2413,
        0.16384
      ],
      "to": [
        12.23373,
        7.9913,
        0.91384
      ],
      "rotation": {
        "angle": 22.5,
        "axis": "z",
        "origin": [
          10.90873,
          5.8038,
          0.55134
        ]
      },
      "faces": {
        "north": {
          "uv": [
            1.66667,
            14.33333,
            1.91667,
            14.75
          ],
          "rotation": 270,
          "texture": "#6"
        },
        "east": {
          "uv": [
            15.58333,
            14.58333,
            15.33333,
            14.33333
          ],
          "rotation": 90,
          "texture": "#6"
        },
        "south": {
          "uv": [
            6,
            14.33333,
            6.25,
            14.75
          ],
          "rotation": 90,
          "texture": "#6"
        },
        "west": {
          "uv": [
            15.58333,
            15,
            15.33333,
            15.25
          ],
          "rotation": 90,
          "texture": "#6"
        },
        "up": {
          "uv": [
            6.66667,
            14.33333,
            6.91667,
            14.75
          ],
          "rotation": 90,
          "texture": "#6"
        },
        "down": {
          "uv": [
            14.33333,
            4.33333,
            14.58333,
            4.75
          ],
          "rotation": 90,
          "texture": "#6"
        }
      }
    },
    {
      "from": [
        12.23373,
        7.3663,
        0.28884
      ],
      "to": [
        12.98373,
        7.8663,
        0.78884
      ],
      "rotation": {
        "angle": 22.5,
        "axis": "z",
        "origin": [
          10.90873,
          5.8038,
          0.55134
        ]
      },
      "faces": {
        "north": {
          "uv": [
            15.66667,
            4,
            15.83333,
            4.25
          ],
          "rotation": 270,
          "texture": "#6"
        },
        "east": {
          "uv": [
            15.83333,
            8.83333,
            15.66667,
            8.66667
          ],
          "rotation": 90,
          "texture": "#6"
        },
        "south": {
          "uv": [
            5,
            15.66667,
            5.16667,
            15.91667
          ],
          "rotation": 90,
          "texture": "#6"
        },
        "west": {
          "uv": [
            15.83333,
            9.33333,
            15.66667,
            9.5
          ],
          "rotation": 90,
          "texture": "#6"
        },
        "up": {
          "uv": [
            15.66667,
            6.33333,
            15.83333,
            6.58333
          ],
          "rotation": 90,
          "texture": "#6"
        },
        "down": {
          "uv": [
            4.33333,
            15.66667,
            4.5,
            15.91667
          ],
          "rotation": 90,
          "texture": "#6"
        }
      }
    },
    {
      "from": [
        7,
        7,
        -1
      ],
      "to": [
        9,
        9,
        7
      ],
      "rotation": {
        "angle": 0,
        "axis": "y",
        "origin": [
          7,
          7,
          0
        ]
      },
      "faces": {
        "north": {
          "uv": [
            4.66667,
            10,
            5.33333,
            10.66667
          ],
          "texture": "#6"
        },
        "east": {
          "uv": [
            1,
            5,
            3.66667,
            5.66667
          ],
          "texture": "#6"
        },
        "south": {
          "uv": [
            5.66667,
            10,
            6.33333,
            10.66667
          ],
          "texture": "#6"
        },
        "west": {
          "uv": [
            4,
            5,
            6.66667,
            5.66667
          ],
          "texture": "#6"
        },
        "up": {
          "uv": [
            6.66667,
            2.66667,
            6,
            0
          ],
          "texture": "#6"
        },
        "down": {
          "uv": [
            1.66667,
            6,
            1,
            8.66667
          ],
          "texture": "#6"
        }
      }
    },
    {
      "from": [
        7.25,
        6.5,
        -1
      ],
      "to": [
        8.75,
        7,
        7.5
      ],
      "rotation": {
        "angle": 0,
        "axis": "y",
        "origin": [
          7,
          6.5,
          0
        ]
      },
      "faces": {
        "north": {
          "uv": [
            14.66667,
            3.66667,
            15.16667,
            3.83333
          ],
          "texture": "#6"
        },
        "east": {
          "uv": [
            10,
            2.66667,
            12.83333,
            2.83333
          ],
          "texture": "#6"
        },
        "west": {
          "uv": [
            10,
            3.33333,
            12.83333,
            3.5
          ],
          "texture": "#6"
        },
        "down": {
          "uv": [
            2.5,
            6,
            2,
            8.83333
          ],
          "texture": "#6"
        }
      }
    },
    {
      "from": [
        6.75,
        6.25,
        -0.5
      ],
      "to": [
        9.25,
        8.5,
        2
      ],
      "rotation": {
        "angle": 0,
        "axis": "y",
        "origin": [
          7,
          7,
          0.25
        ]
      },
      "faces": {
        "north": {
          "uv": [
            8.33333,
            1.33333,
            9.16667,
            2.08333
          ],
          "texture": "#6"
        },
        "east": {
          "uv": [
            8.33333,
            4,
            9.16667,
            4.75
          ],
          "texture": "#6"
        },
        "south": {
          "uv": [
            8,
            8.33333,
            8.83333,
            9.08333
          ],
          "texture": "#6"
        },
        "west": {
          "uv": [
            8.66667,
            2.66667,
            9.5,
            3.41667
          ],
          "texture": "#6"
        },
        "up": {
          "uv": [
            8.83333,
            7.83333,
            8,
            7
          ],
          "texture": "#6"
        },
        "down": {
          "uv": [
            9.16667,
            0,
            8.33333,
            0.83333
          ],
          "texture": "#6"
        }
      }
    },
    {
      "from": [
        7.25,
        6,
        8
      ],
      "to": [
        8.75,
        7,
        11
      ],
      "rotation": {
        "angle": 0,
        "axis": "y",
        "origin": [
          7,
          0,
          0
        ]
      },
      "faces": {
        "north": {
          "uv": [
            12.66667,
            7.66667,
            13.16667,
            8
          ],
          "texture": "#6"
        },
        "east": {
          "uv": [
            10.66667,
            2,
            11.66667,
            2.33333
          ],
          "texture": "#6"
        },
        "south": {
          "uv": [
            3,
            13.33333,
            3.5,
            13.66667
          ],
          "texture": "#6"
        },
        "west": {
          "uv": [
            11.33333,
            6.33333,
            12.33333,
            6.66667
          ],
          "texture": "#6"
        },
        "up": {
          "uv": [
            10.16667,
            1,
            9.66667,
            0
          ],
          "texture": "#6"
        },
        "down": {
          "uv": [
            10.16667,
            1.33333,
            9.66667,
            2.33333
          ],
          "texture": "#6"
        }
      }
    },
    {
      "from": [
        7.5,
        5,
        11.5
      ],
      "to": [
        8.5,
        7.75,
        12
      ],
      "rotation": {
        "angle": 0,
        "axis": "y",
        "origin": [
          7,
          0,
          0
        ]
      },
      "faces": {
        "east": {
          "uv": [
            13.33333,
            12.33333,
            13.5,
            13.25
          ],
          "texture": "#6"
        },
        "south": {
          "uv": [
            9,
            11.66667,
            9.33333,
            12.58333
          ],
          "texture": "#6"
        },
        "west": {
          "uv": [
            13.66667,
            7.66667,
            13.83333,
            8.58333
          ],
          "texture": "#6"
        },
        "up": {
          "uv": [
            2.33333,
            15.83333,
            2,
            15.66667
          ],
          "texture": "#6"
        },
        "down": {
          "uv": [
            16,
            2.66667,
            15.66667,
            2.83333
          ],
          "texture": "#6"
        }
      }
    },
    {
      "from": [
        7.5,
        6,
        12
      ],
      "to": [
        8.5,
        7.75,
        14.5
      ],
      "rotation": {
        "angle": 0,
        "axis": "y",
        "origin": [
          7,
          0,
          0
        ]
      },
      "faces": {
        "east": {
          "uv": [
            9.66667,
            4,
            10.5,
            4.58333
          ],
          "texture": "#6"
        },
        "west": {
          "uv": [
            8,
            9.66667,
            8.83333,
            10.25
          ],
          "texture": "#6"
        },
        "up": {
          "uv": [
            3.33333,
            12.83333,
            3,
            12
          ],
          "texture": "#6"
        },
        "down": {
          "uv": [
            4,
            12,
            3.66667,
            12.83333
          ],
          "texture": "#6"
        }
      }
    },
    {
      "from": [
        7.75,
        5.25,
        12
      ],
      "to": [
        8.25,
        6,
        14.5
      ],
      "rotation": {
        "angle": 0,
        "axis": "y",
        "origin": [
          7,
          0,
          0
        ]
      },
      "faces": {
        "east": {
          "uv": [
            12.66667,
            1.33333,
            13.5,
            1.58333
          ],
          "texture": "#6"
        },
        "west": {
          "uv": [
            12.66667,
            2,
            13.5,
            2.25
          ],
          "texture": "#6"
        },
        "down": {
          "uv": [
            8.16667,
            14,
            8,
            14.83333
          ],
          "texture": "#6"
        }
      }
    },
    {
      "from": [
        7.5,
        5,
        14.5
      ],
      "to": [
        8.5,
        7.75,
        15.75
      ],
      "rotation": {
        "angle": 0,
        "axis": "y",
        "origin": [
          7,
          0,
          0
        ]
      },
      "faces": {
        "north": {
          "uv": [
            9.66667,
            11.66667,
            10,
            12.58333
          ],
          "texture": "#6"
        },
        "east": {
          "uv": [
            10.33333,
            8.66667,
            10.75,
            9.58333
          ],
          "texture": "#6"
        },
        "west": {
          "uv": [
            9.33333,
            10.33333,
            9.75,
            11.25
          ],
          "texture": "#6"
        },
        "down": {
          "uv": [
            14.33333,
            5.66667,
            14,
            6.08333
          ],
          "texture": "#6"
        }
      }
    },
    {
      "from": [
        7.25,
        4.75,
        11
      ],
      "to": [
        8.75,
        8,
        11.5
      ],
      "rotation": {
        "angle": 0,
        "axis": "y",
        "origin": [
          7,
          0,
          0
        ]
      },
      "faces": {
        "north": {
          "uv": [
            7,
            8.66667,
            7.5,
            9.75
          ],
          "texture": "#6"
        },
        "east": {
          "uv": [
            0,
            13.33333,
            0.16667,
            14.41667
          ],
          "texture": "#6"
        },
        "south": {
          "uv": [
            9.33333,
            5.33333,
            9.83333,
            6.41667
          ],
          "texture": "#6"
        },
        "west": {
          "uv": [
            13.33333,
            2.66667,
            13.5,
            3.75
          ],
          "texture": "#6"
        },
        "up": {
          "uv": [
            13.16667,
            14.5,
            12.66667,
            14.33333
          ],
          "texture": "#6"
        },
        "down": {
          "uv": [
            14.16667,
            14.33333,
            13.66667,
            14.5
          ],
          "texture": "#6"
        }
      }
    },
    {
      "from": [
        7.25,
        4.75,
        15.225
      ],
      "to": [
        8.75,
        8,
        16.225
      ],
      "rotation": {
        "angle": -22.5,
        "axis": "x",
        "origin": [
          8,
          6,
          15.5
        ]
      },
      "faces": {
        "north": {
          "uv": [
            9.33333,
            7,
            9.83333,
            8.08333
          ],
          "texture": "#6"
        },
        "east": {
          "uv": [
            3,
            10.33333,
            3.33333,
            11.41667
          ],
          "texture": "#6"
        },
        "south": {
          "uv": [
            9.33333,
            8.66667,
            9.83333,
            9.75
          ],
          "texture": "#6"
        },
        "west": {
          "uv": [
            10.33333,
            10,
            10.66667,
            11.08333
          ],
          "texture": "#6"
        },
        "up": {
          "uv": [
            5.5,
            13.66667,
            5,
            13.33333
          ],
          "texture": "#6"
        },
        "down": {
          "uv": [
            13.83333,
            5,
            13.33333,
            5.33333
          ],
          "texture": "#6"
        }
      }
    },
    {
      "from": [
        7.25,
        7,
        9
      ],
      "to": [
        8.75,
        8,
        10
      ],
      "rotation": {
        "angle": 0,
        "axis": "y",
        "origin": [
          7,
          0,
          0
        ]
      },
      "faces": {
        "east": {
          "uv": [
            9.33333,
            14,
            9.66667,
            14.33333
          ],
          "texture": "#6"
        },
        "south": {
          "uv": [
            4,
            13.33333,
            4.5,
            13.66667
          ],
          "texture": "#6"
        },
        "west": {
          "uv": [
            10,
            14,
            10.33333,
            14.33333
          ],
          "texture": "#6"
        },
        "down": {
          "uv": [
            13.83333,
            4.33333,
            13.33333,
            4.66667
          ],
          "texture": "#6"
        }
      }
    },
    {
      "from": [
        7.5,
        7,
        10
      ],
      "to": [
        8.5,
        7.75,
        11
      ],
      "rotation": {
        "angle": 0,
        "axis": "y",
        "origin": [
          7,
          0,
          1
        ]
      },
      "faces": {
        "east": {
          "uv": [
            14.66667,
            5.33333,
            15,
            5.58333
          ],
          "texture": "#6"
        },
        "west": {
          "uv": [
            14.66667,
            6,
            15,
            6.25
          ],
          "texture": "#6"
        },
        "up": {
          "uv": [
            14.33333,
            13,
            14,
            12.66667
          ],
          "texture": "#6"
        }
      }
    },
    {
      "from": [
        7.5,
        4.75,
        8
      ],
      "to": [
        8.5,
        6,
        9
      ],
      "rotation": {
        "angle": 0,
        "axis": "y",
        "origin": [
          7,
          0,
          0
        ]
      },
      "faces": {
        "east": {
          "uv": [
            4,
            14,
            4.33333,
            14.41667
          ],
          "texture": "#6"
        },
        "south": {
          "uv": [
            4.66667,
            14,
            5,
            14.41667
          ],
          "texture": "#6"
        },
        "west": {
          "uv": [
            5.33333,
            14,
            5.66667,
            14.41667
          ],
          "texture": "#6"
        },
        "down": {
          "uv": [
            14.33333,
            3.66667,
            14,
            4
          ],
          "texture": "#6"
        }
      }
    },
    {
      "from": [
        7.625,
        5,
        9
      ],
      "to": [
        8.375,
        6,
        11
      ],
      "rotation": {
        "angle": 0,
        "axis": "y",
        "origin": [
          6.875,
          0,
          1
        ]
      },
      "faces": {
        "east": {
          "uv": [
            12.33333,
            11,
            13,
            11.33333
          ],
          "texture": "#6"
        },
        "west": {
          "uv": [
            12.33333,
            11.66667,
            13,
            12
          ],
          "texture": "#6"
        },
        "down": {
          "uv": [
            7.58333,
            13.33333,
            7.33333,
            14
          ],
          "texture": "#6"
        }
      }
    },
    {
      "from": [
        8.15103,
        6.96267,
        -0.25
      ],
      "to": [
        9.65103,
        9.46267,
        1.75
      ],
      "rotation": {
        "angle": -22.5,
        "axis": "z",
        "origin": [
          10.68302,
          8.36098,
          0.64442
        ]
      },
      "faces": {
        "north": {
          "uv": [
            10.33333,
            5,
            10.83333,
            5.83333
          ],
          "texture": "#6"
        },
        "east": {
          "uv": [
            5,
            8.66667,
            5.66667,
            9.5
          ],
          "texture": "#6"
        },
        "south": {
          "uv": [
            10.33333,
            6.33333,
            10.83333,
            7.16667
          ],
          "texture": "#6"
        },
        "west": {
          "uv": [
            6,
            8.66667,
            6.66667,
            9.5
          ],
          "texture": "#6"
        },
        "up": {
          "uv": [
            7.16667,
            12,
            6.66667,
            11.33333
          ],
          "texture": "#6"
        }
      }
    },
    {
      "from": [
        8.76537,
        8.84776,
        -0.2465
      ],
      "to": [
        11.26537,
        10.34776,
        1.7465
      ],
      "rotation": {
        "angle": 0,
        "axis": "y",
        "origin": [
          10.68302,
          8.36098,
          0.64442
        ]
      },
      "faces": {
        "north": {
          "uv": [
            6.66667,
            10.33333,
            7.5,
            10.83333
          ],
          "texture": "#6"
        },
        "south": {
          "uv": [
            10.33333,
            7.66667,
            11.16667,
            8.16667
          ],
          "texture": "#6"
        },
        "up": {
          "uv": [
            1.83333,
            10,
            1,
            9.33333
          ],
          "texture": "#6"
        },
        "down": {
          "uv": [
            3.16667,
            9.33333,
            2.33333,
            10
          ],
          "texture": "#6"
        }
      }
    },
    {
      "from": [
        2.91631,
        8.60334,
        -2.24439
      ],
      "to": [
        5.41631,
        10.60334,
        -1.24439
      ],
      "rotation": {
        "angle": -22.5,
        "axis": "y",
        "origin": [
          2.35,
          9.60334,
          0.22911
        ]
      },
      "faces": {
        "north": {
          "uv": [
            3,
            8.83333,
            3.66667,
            8
          ],
          "rotation": 270,
          "texture": "#6"
        },
        "east": {
          "uv": [
            11.66667,
            12.66667,
            11,
            12.33333
          ],
          "rotation": 90,
          "texture": "#6"
        },
        "south": {
          "uv": [
            4,
            9.5,
            4.66667,
            8.66667
          ],
          "rotation": 90,
          "texture": "#6"
        },
        "west": {
          "uv": [
            6.66667,
            4.33333,
            6,
            4.66667
          ],
          "rotation": 90,
          "texture": "#6"
        },
        "up": {
          "uv": [
            11.66667,
            11.83333,
            12,
            11
          ],
          "rotation": 90,
          "texture": "#6"
        },
        "down": {
          "uv": [
            10.33333,
            12.5,
            10.66667,
            11.66667
          ],
          "rotation": 90,
          "texture": "#6"
        }
      }
    },
    {
      "from": [
        3.16631,
        8.75334,
        -1.24439
      ],
      "to": [
        5.16631,
        10.45334,
        0.75561
      ],
      "rotation": {
        "angle": -22.5,
        "axis": "y",
        "origin": [
          2.35,
          9.60334,
          0.22911
        ]
      },
      "faces": {
        "east": {
          "uv": [
            11.5,
            10.66667,
            11,
            10
          ],
          "rotation": 90,
          "texture": "#6"
        },
        "south": {
          "uv": [
            4.66667,
            11.66667,
            5.16667,
            11
          ],
          "rotation": 90,
          "texture": "#6"
        },
        "west": {
          "uv": [
            6.16667,
            11,
            5.66667,
            11.66667
          ],
          "rotation": 90,
          "texture": "#6"
        },
        "up": {
          "uv": [
            3.66667,
            10.66667,
            4.33333,
            10
          ],
          "rotation": 90,
          "texture": "#6"
        },
        "down": {
          "uv": [
            0,
            10.66667,
            0.66667,
            10
          ],
          "rotation": 90,
          "texture": "#6"
        }
      }
    },
    {
      "from": [
        4.94724,
        9.35334,
        -0.76803
      ],
      "to": [
        5.69724,
        9.85334,
        1.98197
      ],
      "rotation": {
        "angle": 45,
        "axis": "y",
        "origin": [
          2.35,
          9.60334,
          0.22911
        ]
      },
      "faces": {
        "west": {
          "uv": [
            13.5,
            11,
            13.33333,
            11.91667
          ],
          "rotation": 90,
          "texture": "#6"
        },
        "up": {
          "uv": [
            12.33333,
            9.58333,
            13.25,
            9.33333
          ],
          "rotation": 90,
          "texture": "#6"
        },
        "down": {
          "uv": [
            12,
            5.91667,
            12.91667,
            5.66667
          ],
          "rotation": 90,
          "texture": "#6"
        }
      }
    },
    {
      "from": [
        3.32243,
        9.09834,
        -3.54994
      ],
      "to": [
        5.07243,
        10.10834,
        -2.29994
      ],
      "rotation": {
        "angle": 0,
        "axis": "y",
        "origin": [
          2.35,
          9.60334,
          0.22911
        ]
      },
      "faces": {
        "north": {
          "uv": [
            2.33333,
            13.58333,
            2.66667,
            13
          ],
          "rotation": 270,
          "texture": "#6"
        },
        "east": {
          "uv": [
            14.33333,
            2.41667,
            14,
            2
          ],
          "rotation": 90,
          "texture": "#6"
        },
        "south": {
          "uv": [
            10,
            13.58333,
            10.33333,
            13
          ],
          "rotation": 90,
          "texture": "#6"
        },
        "west": {
          "uv": [
            14.33333,
            1,
            14,
            1.41667
          ],
          "rotation": 90,
          "texture": "#6"
        },
        "up": {
          "uv": [
            0,
            12.91667,
            0.41667,
            12.33333
          ],
          "rotation": 90,
          "texture": "#6"
        },
        "down": {
          "uv": [
            12,
            10.58333,
            12.41667,
            10
          ],
          "rotation": 90,
          "texture": "#6"
        }
      }
    },
    {
      "from": [
        5.69724,
        9.10334,
        -0.51803
      ],
      "to": [
        6.94724,
        10.10334,
        1.98197
      ],
      "rotation": {
        "angle": 45,
        "axis": "y",
        "origin": [
          2.35,
          9.60334,
          0.22911
        ]
      },
      "faces": {
        "east": {
          "uv": [
            12.33333,
            2.16667,
            12,
            1.33333
          ],
          "rotation": 90,
          "texture": "#6"
        },
        "south": {
          "uv": [
            2.33333,
            14.41667,
            2.66667,
            14
          ],
          "rotation": 90,
          "texture": "#6"
        },
        "west": {
          "uv": [
            12.33333,
            0,
            12,
            0.83333
          ],
          "rotation": 90,
          "texture": "#6"
        },
        "up": {
          "uv": [
            10.66667,
            1.41667,
            11.5,
            1
          ],
          "rotation": 90,
          "texture": "#6"
        },
        "down": {
          "uv": [
            10.66667,
            0.41667,
            11.5,
            0
          ],
          "rotation": 90,
          "texture": "#6"
        }
      }
    },
    {
      "from": [
        1.1821,
        8.97834,
        0.37906
      ],
      "to": [
        4.1821,
        10.22834,
        1.12906
      ],
      "rotation": {
        "angle": 22.5,
        "axis": "y",
        "origin": [
          2.35,
          9.60334,
          0.22911
        ]
      },
      "faces": {
        "north": {
          "uv": [
            1,
            11.33333,
            1.41667,
            10.33333
          ],
          "rotation": 270,
          "texture": "#6"
        },
        "east": {
          "uv": [
            1.08333,
            14.58333,
            0.66667,
            14.33333
          ],
          "rotation": 90,
          "texture": "#6"
        },
        "south": {
          "uv": [
            2,
            11.33333,
            2.41667,
            10.33333
          ],
          "rotation": 90,
          "texture": "#6"
        },
        "west": {
          "uv": [
            14.75,
            0,
            14.33333,
            0.25
          ],
          "rotation": 90,
          "texture": "#6"
        },
        "up": {
          "uv": [
            5,
            13,
            5.25,
            12
          ],
          "rotation": 90,
          "texture": "#6"
        },
        "down": {
          "uv": [
            4.33333,
            13,
            4.58333,
            12
          ],
          "rotation": 90,
          "texture": "#6"
        }
      }
    },
    {
      "from": [
        1.6821,
        9.22834,
        -0.37094
      ],
      "to": [
        4.1821,
        9.97834,
        0.37906
      ],
      "rotation": {
        "angle": 22.5,
        "axis": "y",
        "origin": [
          2.35,
          9.60334,
          0.22911
        ]
      },
      "faces": {
        "north": {
          "uv": [
            8.33333,
            12.83333,
            8.58333,
            12
          ],
          "rotation": 270,
          "texture": "#6"
        },
        "up": {
          "uv": [
            12.66667,
            0.83333,
            12.91667,
            0
          ],
          "rotation": 90,
          "texture": "#6"
        },
        "down": {
          "uv": [
            12,
            13.16667,
            12.25,
            12.33333
          ],
          "rotation": 90,
          "texture": "#6"
        }
      }
    },
    {
      "from": [
        1.1821,
        8.97834,
        -0.62094
      ],
      "to": [
        1.6821,
        10.22834,
        0.37906
      ],
      "rotation": {
        "angle": 22.5,
        "axis": "y",
        "origin": [
          2.35,
          9.60334,
          0.22911
        ]
      },
      "faces": {
        "north": {
          "uv": [
            14.66667,
            6.83333,
            15.08333,
            6.66667
          ],
          "rotation": 270,
          "texture": "#6"
        },
        "east": {
          "uv": [
            14.41667,
            3.33333,
            14,
            3
          ],
          "rotation": 90,
          "texture": "#6"
        },
        "south": {
          "uv": [
            9.33333,
            14.83333,
            9.75,
            14.66667
          ],
          "rotation": 90,
          "texture": "#6"
        },
        "west": {
          "uv": [
            3.41667,
            14,
            3,
            14.33333
          ],
          "rotation": 90,
          "texture": "#6"
        },
        "up": {
          "uv": [
            0.66667,
            15.83333,
            1,
            15.66667
          ],
          "rotation": 90,
          "texture": "#6"
        },
        "down": {
          "uv": [
            0,
            15.83333,
            0.33333,
            15.66667
          ],
          "rotation": 90,
          "texture": "#6"
        }
      }
    },
    {
      "from": [
        -1.4928,
        9.10334,
        -0.1532
      ],
      "to": [
        1.5072,
        10.10334,
        0.5968
      ],
      "rotation": {
        "angle": 45,
        "axis": "y",
        "origin": [
          2.35,
          9.60334,
          0.22911
        ]
      },
      "faces": {
        "north": {
          "uv": [
            11,
            12,
            11.33333,
            11
          ],
          "rotation": 270,
          "texture": "#6"
        },
        "east": {
          "uv": [
            14.66667,
            9.25,
            14.33333,
            9
          ],
          "rotation": 90,
          "texture": "#6"
        },
        "south": {
          "uv": [
            11.33333,
            6,
            11.66667,
            5
          ],
          "rotation": 90,
          "texture": "#6"
        },
        "west": {
          "uv": [
            7.66667,
            14.33333,
            7.33333,
            14.58333
          ],
          "rotation": 90,
          "texture": "#6"
        },
        "up": {
          "uv": [
            7.66667,
            13,
            7.91667,
            12
          ],
          "rotation": 90,
          "texture": "#6"
        },
        "down": {
          "uv": [
            5.66667,
            13,
            5.91667,
            12
          ],
          "rotation": 90,
          "texture": "#6"
        }
      }
    },
    {
      "from": [
        -1.4928,
        9.22834,
        -0.6532
      ],
      "to": [
        1.7572,
        9.97834,
        -0.1532
      ],
      "rotation": {
        "angle": 45,
        "axis": "y",
        "origin": [
          2.35,
          9.60334,
          0.22911
        ]
      },
      "faces": {
        "north": {
          "uv": [
            12,
            5.08333,
            12.25,
            4
          ],
          "rotation": 270,
          "texture": "#6"
        },
        "up": {
          "uv": [
            11.33333,
            14.08333,
            11.5,
            13
          ],
          "rotation": 90,
          "texture": "#6"
        },
        "down": {
          "uv": [
            10.66667,
            14.08333,
            10.83333,
            13
          ],
          "rotation": 90,
          "texture": "#6"
        }
      }
    },
    {
      "from": [
        1.2177,
        8.97834,
        4.0719
      ],
      "to": [
        3.4677,
        10.22834,
        5.3219
      ],
      "rotation": {
        "angle": -45,
        "axis": "y",
        "origin": [
          2.35,
          9.60334,
          0.22911
        ]
      },
      "faces": {
        "north": {
          "uv": [
            11.33333,
            9.41667,
            11.75,
            8.66667
          ],
          "rotation": 270,
          "texture": "#6"
        },
        "east": {
          "uv": [
            13.75,
            0.41667,
            13.33333,
            0
          ],
          "rotation": 90,
          "texture": "#6"
        },
        "south": {
          "uv": [
            2,
            12.41667,
            2.41667,
            11.66667
          ],
          "rotation": 90,
          "texture": "#6"
        },
        "west": {
          "uv": [
            13.41667,
            10,
            13,
            10.41667
          ],
          "rotation": 90,
          "texture": "#6"
        },
        "up": {
          "uv": [
            11.66667,
            7.75,
            12.08333,
            7
          ],
          "rotation": 90,
          "texture": "#6"
        },
        "down": {
          "uv": [
            1,
            12.41667,
            1.41667,
            11.66667
          ],
          "rotation": 90,
          "texture": "#6"
        }
      }
    },
    {
      "from": [
        1.4677,
        8.72834,
        4.3219
      ],
      "to": [
        3.2177,
        10.47834,
        5.0719
      ],
      "rotation": {
        "angle": -45,
        "axis": "y",
        "origin": [
          2.35,
          9.60334,
          0.22911
        ]
      },
      "faces": {
        "north": {
          "uv": [
            3.66667,
            11.58333,
            4.25,
            11
          ],
          "rotation": 270,
          "texture": "#6"
        },
        "east": {
          "uv": [
            14.25,
            13.91667,
            13.66667,
            13.66667
          ],
          "rotation": 90,
          "texture": "#6"
        },
        "south": {
          "uv": [
            11,
            4.58333,
            11.58333,
            4
          ],
          "rotation": 90,
          "texture": "#6"
        },
        "west": {
          "uv": [
            13.25,
            13.66667,
            12.66667,
            13.91667
          ],
          "rotation": 90,
          "texture": "#6"
        },
        "up": {
          "uv": [
            12,
            14.25,
            12.25,
            13.66667
          ],
          "rotation": 90,
          "texture": "#6"
        },
        "down": {
          "uv": [
            13.66667,
            9.58333,
            13.91667,
            9
          ],
          "rotation": 90,
          "texture": "#6"
        }
      }
    },
    {
      "from": [
        3.01627,
        7.3663,
        0.28884
      ],
      "to": [
        3.76627,
        7.8663,
        0.78884
      ],
      "rotation": {
        "angle": -22.5,
        "axis": "z",
        "origin": [
          5.09127,
          5.8038,
          0.55134
        ]
      },
      "faces": {
        "north": {
          "uv": [
            15.66667,
            4.25,
            15.83333,
            4
          ],
          "rotation": 270,
          "texture": "#6"
        },
        "east": {
          "uv": [
            15.83333,
            9.5,
            15.66667,
            9.33333
          ],
          "rotation": 90,
          "texture": "#6"
        },
        "south": {
          "uv": [
            5,
            15.91667,
            5.16667,
            15.66667
          ],
          "rotation": 90,
          "texture": "#6"
        },
        "west": {
          "uv": [
            15.83333,
            8.66667,
            15.66667,
            8.83333
          ],
          "rotation": 90,
          "texture": "#6"
        },
        "up": {
          "uv": [
            15.66667,
            6.58333,
            15.83333,
            6.33333
          ],
          "rotation": 90,
          "texture": "#6"
        },
        "down": {
          "uv": [
            4.33333,
            15.91667,
            4.5,
            15.66667
          ],
          "rotation": 90,
          "texture": "#6"
        }
      }
    },
    {
      "from": [
        3.76627,
        7.2413,
        0.16384
      ],
      "to": [
        5.01627,
        7.9913,
        0.91384
      ],
      "rotation": {
        "angle": -22.5,
        "axis": "z",
        "origin": [
          5.09127,
          5.8038,
          0.55134
        ]
      },
      "faces": {
        "north": {
          "uv": [
            1.66667,
            14.75,
            1.91667,
            14.33333
          ],
          "rotation": 270,
          "texture": "#6"
        },
        "east": {
          "uv": [
            15.58333,
            15.25,
            15.33333,
            15
          ],
          "rotation": 90,
          "texture": "#6"
        },
        "south": {
          "uv": [
            6,
            14.75,
            6.25,
            14.33333
          ],
          "rotation": 90,
          "texture": "#6"
        },
        "west": {
          "uv": [
            15.58333,
            14.33333,
            15.33333,
            14.58333
          ],
          "rotation": 90,
          "texture": "#6"
        },
        "up": {
          "uv": [
            6.66667,
            14.75,
            6.91667,
            14.33333
          ],
          "rotation": 90,
          "texture": "#6"
        },
        "down": {
          "uv": [
            14.33333,
            4.75,
            14.58333,
            4.33333
          ],
          "rotation": 90,
          "texture": "#6"
        }
      }
    },
    {
      "from": [
        5.01627,
        7.1163,
        0.03884
      ],
      "to": [
        6.51627,
        8.1163,
        1.03884
      ],
      "rotation": {
        "angle": -22.5,
        "axis": "z",
        "origin": [
          5.09127,
          5.8038,
          0.55134
        ]
      },
      "faces": {
        "north": {
          "uv": [
            13.33333,
            6.16667,
            13.66667,
            5.66667
          ],
          "rotation": 270,
          "texture": "#6"
        },
        "east": {
          "uv": [
            14.33333,
            11,
            14,
            10.66667
          ],
          "rotation": 90,
          "texture": "#6"
        },
        "south": {
          "uv": [
            6.66667,
            13.83333,
            7,
            13.33333
          ],
          "rotation": 90,
          "texture": "#6"
        },
        "west": {
          "uv": [
            14.33333,
            10,
            14,
            10.33333
          ],
          "rotation": 90,
          "texture": "#6"
        },
        "up": {
          "uv": [
            13.33333,
            7.16667,
            13.66667,
            6.66667
          ],
          "rotation": 90,
          "texture": "#6"
        },
        "down": {
          "uv": [
            6,
            13.83333,
            6.33333,
            13.33333
          ],
          "rotation": 90,
          "texture": "#6"
        }
      }
    },
    {
      "from": [
        2.01627,
        7.2413,
        0.18884
      ],
      "to": [
        3.01627,
        8.2413,
        0.93884
      ],
      "rotation": {
        "angle": -22.5,
        "axis": "z",
        "origin": [
          5.09127,
          5.8038,
          0.55134
        ]
      },
      "faces": {
        "north": {
          "uv": [
            14,
            11.66667,
            14.33333,
            11.33333
          ],
          "rotation": 270,
          "texture": "#6"
        },
        "east": {
          "uv": [
            3.33333,
            14.91667,
            3,
            14.66667
          ],
          "rotation": 90,
          "texture": "#6"
        },
        "south": {
          "uv": [
            14,
            12.33333,
            14.33333,
            12
          ],
          "rotation": 90,
          "texture": "#6"
        },
        "west": {
          "uv": [
            15,
            2,
            14.66667,
            2.25
          ],
          "rotation": 90,
          "texture": "#6"
        },
        "up": {
          "uv": [
            14.66667,
            1.66667,
            14.91667,
            1.33333
          ],
          "rotation": 90,
          "texture": "#6"
        },
        "down": {
          "uv": [
            14.66667,
            1,
            14.91667,
            0.66667
          ],
          "rotation": 90,
          "texture": "#6"
        }
      }
    },
    {
      "from": [
        6.34897,
        6.96267,
        -0.25
      ],
      "to": [
        7.84897,
        9.46267,
        1.75
      ],
      "rotation": {
        "angle": 22.5,
        "axis": "z",
        "origin": [
          5.31698,
          8.36098,
          0.64442
        ]
      },
      "faces": {
        "north": {
          "uv": [
            10.83333,
            5,
            10.33333,
            5.83333
          ],
          "texture": "#6"
        },
        "east": {
          "uv": [
            6.66667,
            8.66667,
            6,
            9.5
          ],
          "texture": "#6"
        },
        "south": {
          "uv": [
            10.83333,
            6.33333,
            10.33333,
            7.16667
          ],
          "texture": "#6"
        },
        "west": {
          "uv": [
            5.66667,
            8.66667,
            5,
            9.5
          ],
          "texture": "#6"
        },
        "up": {
          "uv": [
            6.66667,
            12,
            7.16667,
            11.33333
          ],
          "texture": "#6"
        }
      }
    },
    {
      "from": [
        4.73463,
        8.84776,
        -0.2465
      ],
      "to": [
        7.23463,
        10.34776,
        1.7465
      ],
      "rotation": {
        "angle": 0,
        "axis": "y",
        "origin": [
          5.31698,
          8.36098,
          0.64442
        ]
      },
      "faces": {
        "north": {
          "uv": [
            7.5,
            10.33333,
            6.66667,
            10.83333
          ],
          "texture": "#6"
        },
        "south": {
          "uv": [
            11.16667,
            7.66667,
            10.33333,
            8.16667
          ],
          "texture": "#6"
        },
        "up": {
          "uv": [
            1,
            10,
            1.83333,
            9.33333
          ],
          "texture": "#6"
        },
        "down": {
          "uv": [
            2.33333,
            9.33333,
            3.16667,
            10
          ],
          "texture": "#6"
        }
      }
    },
    {
      "from": [
        7.375,
        4.5,
        8.25
      ],
      "to": [
        8.625,
        7,
        9
      ],
      "rotation": {
        "angle": -22.5,
        "axis": "x",
        "origin": [
          7.375,
          3.75,
          8
        ]
      },
      "faces": {
        "north": {
          "uv": [
            8,
            10.66667,
            8.41667,
            11.5
          ],
          "texture": "#6"
        },
        "east": {
          "uv": [
            12.66667,
            4,
            12.91667,
            4.83333
          ],
          "texture": "#6"
        },
        "south": {
          "uv": [
            0,
            11,
            0.41667,
            11.83333
          ],
          "texture": "#6"
        },
        "west": {
          "uv": [
            12.66667,
            6.33333,
            12.91667,
            7.16667
          ],
          "texture": "#6"
        }
      }
    },
    {
      "from": [
        7.375,
        4,
        7.25
      ],
      "to": [
        8.625,
        4.5,
        9
      ],
      "rotation": {
        "angle": -22.5,
        "axis": "x",
        "origin": [
          7.375,
          3.75,
          8
        ]
      },
      "faces": {
        "north": {
          "uv": [
            14.66667,
            9.66667,
            15.08333,
            9.83333
          ],
          "texture": "#6"
        },
        "east": {
          "uv": [
            14.33333,
            7.66667,
            14.91667,
            7.83333
          ],
          "texture": "#6"
        },
        "south": {
          "uv": [
            10.33333,
            14.66667,
            10.75,
            14.83333
          ],
          "texture": "#6"
        },
        "west": {
          "uv": [
            14.33333,
            8.33333,
            14.91667,
            8.5
          ],
          "texture": "#6"
        },
        "up": {
          "uv": [
            6.75,
            12.91667,
            6.33333,
            12.33333
          ],
          "texture": "#6"
        },
        "down": {
          "uv": [
            12.75,
            8.33333,
            12.33333,
            8.91667
          ],
          "texture": "#6"
        }
      }
    },
    {
      "from": [
        7.625,
        4.5,
        7.5
      ],
      "to": [
        8.375,
        7,
        8.25
      ],
      "rotation": {
        "angle": -22.5,
        "axis": "x",
        "origin": [
          7.375,
          3.75,
          8
        ]
      },
      "faces": {
        "north": {
          "uv": [
            12.66667,
            12.33333,
            12.91667,
            13.16667
          ],
          "texture": "#6"
        },
        "east": {
          "uv": [
            1,
            13,
            1.25,
            13.83333
          ],
          "texture": "#6"
        },
        "west": {
          "uv": [
            1.66667,
            13,
            1.91667,
            13.83333
          ],
          "texture": "#6"
        }
      }
    },
    {
      "from": [
        6.15,
        4.96447,
        8.5
      ],
      "to": [
        6.15,
        8.96447,
        12.5
      ],
      "rotation": {
        "angle": -45,
        "axis": "x",
        "origin": [
          6.15,
          4.46447,
          8
        ]
      },
      "faces": {
        "west": {
          "uv": [
            0,
            0,
            16,
            16
          ],
          "texture": "#2"
        }
      }
    },
    {
      "from": [
        5.65,
        5.96447,
        9.5
      ],
      "to": [
        5.65,
        7.96447,
        11.5
      ],
      "rotation": {
        "angle": -45,
        "axis": "x",
        "origin": [
          5.65,
          4.46447,
          8
        ]
      },
      "faces": {
        "west": {
          "uv": [
            0,
            0,
            8,
            8
          ],
          "texture": "#3"
        }
      }
    },
    {
      "from": [
        10.35,
        5.96447,
        9.5
      ],
      "to": [
        10.35,
        7.96447,
        11.5
      ],
      "rotation": {
        "angle": -45,
        "axis": "x",
        "origin": [
          10.35,
          4.46447,
          8
        ]
      },
      "faces": {
        "east": {
          "uv": [
            8,
            0,
            0,
            8
          ],
          "texture": "#3"
        }
      }
    },
    {
      "from": [
        9.85,
        4.96447,
        8.5
      ],
      "to": [
        9.85,
        8.96447,
        12.5
      ],
      "rotation": {
        "angle": -45,
        "axis": "x",
        "origin": [
          9.85,
          4.46447,
          8
        ]
      },
      "faces": {
        "east": {
          "uv": [
            16,
            0,
            0,
            16
          ],
          "texture": "#2"
        }
      }
    },
    {
      "from": [
        7.875,
        6,
        5.75
      ],
      "to": [
        8.125,
        6.5,
        6.75
      ],
      "rotation": {
        "angle": 0,
        "axis": "y",
        "origin": [
          7.875,
          0,
          0.25
        ]
      },
      "faces": {
        "east": {
          "uv": [
            15.66667,
            3.33333,
            16,
            3.5
          ],
          "texture": "#6"
        },
        "west": {
          "uv": [
            3.66667,
            15.66667,
            4,
            15.83333
          ],
          "texture": "#6"
        },
        "down": {
          "uv": [
            12.75,
            15.66667,
            12.66667,
            16
          ],
          "texture": "#6"
        }
      }
    },
    {
      "from": [
        7.75,
        5.85,
        5.6
      ],
      "to": [
        8.25,
        6.6,
        5.85
      ],
      "rotation": {
        "angle": 22.5,
        "axis": "x",
        "origin": [
          8,
          6.225,
          5.725
        ]
      },
      "faces": {
        "north": {
          "uv": [
            7,
            15.66667,
            7.16667,
            15.91667
          ],
          "texture": "#6"
        },
        "east": {
          "uv": [
            13.33333,
            15.66667,
            13.41667,
            15.91667
          ],
          "texture": "#6"
        },
        "south": {
          "uv": [
            8.66667,
            15.66667,
            8.83333,
            15.91667
          ],
          "texture": "#6"
        },
        "west": {
          "uv": [
            14,
            15.66667,
            14.08333,
            15.91667
          ],
          "texture": "#6"
        },
        "down": {
          "uv": [
            14.83333,
            15.66667,
            14.66667,
            15.75
          ],
          "texture": "#6"
        }
      }
    },
    {
      "from": [
        7.25,
        9.09759,
        6.34881
      ],
      "to": [
        8.75,
        10.34759,
        7.34881
      ],
      "rotation": {
        "angle": 22.5,
        "axis": "x",
        "origin": [
          7,
          8.84759,
          5.84881
        ]
      },
      "faces": {
        "north": {
          "uv": [
            9,
            13,
            9.5,
            13.41667
          ],
          "texture": "#6"
        },
        "east": {
          "uv": [
            14,
            6.66667,
            14.33333,
            7.08333
          ],
          "texture": "#6"
        },
        "west": {
          "uv": [
            8.66667,
            14,
            9,
            14.41667
          ],
          "texture": "#6"
        },
        "up": {
          "uv": [
            8.5,
            13.66667,
            8,
            13.33333
          ],
          "texture": "#6"
        }
      }
    },
    {
      "from": [
        -0.25,
        9.595,
        3.4
      ],
      "to": [
        16.25,
        9.605,
        7.15
      ],
      "rotation": {
        "angle": 0,
        "axis": "y",
        "origin": [
          8,
          15.5,
          6.9
        ]
      },
      "faces": {
        "up": {
          "uv": [
            5.5,
            4.58333,
            0,
            3.33333
          ],
          "texture": "#6"
        },
        "down": {
          "uv": [
            5.5,
            3.33333,
            0,
            4.58333
          ],
          "texture": "#6"
        }
      }
    }
  ],
  "gui_light": "front",
  "display": {
    "thirdperson_righthand": {
      "translation": [
        -0.5,
        1.5,
        2.25
      ]
    },
    "thirdperson_lefthand": {
      "translation": [
        -0.5,
        1.5,
        2.25
      ]
    },
    "firstperson_righthand": {
      "rotation": [
        0,
        -13.25,
        0
      ],
      "translation": [
        14,
        1.25,
        0.5
      ]
    },
    "firstperson_lefthand": {
      "rotation": [
        0,
        -13.25,
        0
      ],
      "translation": [
        14,
        1.25,
        0.5
      ]
    },
    "ground": {
      "rotation": [
        25,
        0,
        0
      ],
      "translation": [
        0,
        3,
        0
      ],
      "scale": [
        0.7,
        0.7,
        0.7
      ]
    },
    "gui": {
      "rotation": [
        90,
        45,
        0
      ],
      "translation": [
        1.75,
        -1.75,
        0
      ],
      "scale": [
        0.8,
        0.8,
        0.8
      ]
    },
    "fixed": {
      "rotation": [
        -90,
        0,
        0
      ],
      "translation": [
        0,
        0,
        -5
      ],
      "scale": [
        2,
        2,
        2
      ]
    }
  },
  "USER": "48320",
  "NONCE": "022f20bb984d2458314ef7d7cd68fcce",
  "TIMESTAMP": "1757941311",
  "RESOURCE": "12629",
  "MCMODELS": "1",
  "mcmodels": "022f20bb984d2458314ef7d7cd68fcce"
}