{
  "credit": "Pologony Creation Co.,Ltd.",
  "textures": {
    "2": "item/nanoedge/nanoedge_ef1_long",
    "3": "item/nanoedge/nanoedge_ef2_long",
    "5": "item/nanoedge/nanoedge_bow",
    "particle": "item/nanoedge/nanoedge_ef1_long"
  },
  "elements": [
    {
      "from": [
        7.35355,
        11,
        7.5
      ],
      "to": [
        8.85355,
        11.5,
        9
      ],
      "rotation": {
        "angle": -45,
        "axis": "y",
        "origin": [
          8.35355,
          11,
          8
        ]
      },
      "faces": {
        "north": {
          "uv": [
            4,
            13.81818,
            4.54545,
            14
          ],
          "texture": "#5"
        },
        "east": {
          "uv": [
            13.81818,
            4.72727,
            14.36364,
            4.90909
          ],
          "texture": "#5"
        },
        "south": {
          "uv": [
            13.81818,
            5.45455,
            14.36364,
            5.63636
          ],
          "texture": "#5"
        },
        "west": {
          "uv": [
            6.54545,
            13.81818,
            7.09091,
            14
          ],
          "texture": "#5"
        },
        "up": {
          "uv": [
            11.81818,
            6.72727,
            11.27273,
            6.18182
          ],
          "texture": "#5"
        },
        "down": {
          "uv": [
            12.54545,
            11.27273,
            12,
            11.81818
          ],
          "texture": "#5"
        }
      }
    },
    {
      "from": [
        7.60355,
        10.5,
        7.57322
      ],
      "to": [
        8.85355,
        11,
        8.82322
      ],
      "rotation": {
        "angle": -45,
        "axis": "y",
        "origin": [
          8.35355,
          10.5,
          7.82322
        ]
      },
      "faces": {
        "north": {
          "uv": [
            14.18182,
            2.90909,
            14.63636,
            3.09091
          ],
          "texture": "#5"
        },
        "east": {
          "uv": [
            14.18182,
            6.18182,
            14.63636,
            6.36364
          ],
          "texture": "#5"
        },
        "south": {
          "uv": [
            14.18182,
            6.90909,
            14.63636,
            7.09091
          ],
          "texture": "#5"
        },
        "west": {
          "uv": [
            14.18182,
            7.63636,
            14.63636,
            7.81818
          ],
          "texture": "#5"
        }
      }
    },
    {
      "from": [
        7.35355,
        10,
        7.5
      ],
      "to": [
        8.85355,
        10.5,
        9
      ],
      "rotation": {
        "angle": -45,
        "axis": "y",
        "origin": [
          8.35355,
          10,
          8
        ]
      },
      "faces": {
        "north": {
          "uv": [
            13.81818,
            9.09091,
            14.36364,
            9.27273
          ],
          "texture": "#5"
        },
        "east": {
          "uv": [
            13.81818,
            10.90909,
            14.36364,
            11.09091
          ],
          "texture": "#5"
        },
        "south": {
          "uv": [
            13.81818,
            11.63636,
            14.36364,
            11.81818
          ],
          "texture": "#5"
        },
        "west": {
          "uv": [
            13.81818,
            13.45455,
            14.36364,
            13.63636
          ],
          "texture": "#5"
        },
        "up": {
          "uv": [
            0.54545,
            12.90909,
            0,
            12.36364
          ],
          "texture": "#5"
        },
        "down": {
          "uv": [
            12.90909,
            0,
            12.36364,
            0.54545
          ],
          "texture": "#5"
        }
      }
    },
    {
      "from": [
        7.35355,
        5.5,
        7.5
      ],
      "to": [
        8.85355,
        6,
        9
      ],
      "rotation": {
        "angle": -45,
        "axis": "y",
        "origin": [
          8.35355,
          6,
          8
        ]
      },
      "faces": {
        "north": {
          "uv": [
            13.81818,
            9.27273,
            14.36364,
            9.09091
          ],
          "texture": "#5"
        },
        "east": {
          "uv": [
            13.81818,
            11.09091,
            14.36364,
            10.90909
          ],
          "texture": "#5"
        },
        "south": {
          "uv": [
            13.81818,
            11.81818,
            14.36364,
            11.63636
          ],
          "texture": "#5"
        },
        "west": {
          "uv": [
            13.81818,
            13.63636,
            14.36364,
            13.45455
          ],
          "texture": "#5"
        },
        "up": {
          "uv": [
            12.90909,
            0.54545,
            12.36364,
            0
          ],
          "texture": "#5"
        },
        "down": {
          "uv": [
            0.54545,
            12.36364,
            0,
            12.90909
          ],
          "texture": "#5"
        }
      }
    },
    {
      "from": [
        7.60355,
        5,
        7.57322
      ],
      "to": [
        8.85355,
        5.5,
        8.82322
      ],
      "rotation": {
        "angle": -45,
        "axis": "y",
        "origin": [
          8.35355,
          5.5,
          7.82322
        ]
      },
      "faces": {
        "north": {
          "uv": [
            14.18182,
            3.09091,
            14.63636,
            2.90909
          ],
          "texture": "#5"
        },
        "east": {
          "uv": [
            14.18182,
            6.36364,
            14.63636,
            6.18182
          ],
          "texture": "#5"
        },
        "south": {
          "uv": [
            14.18182,
            7.09091,
            14.63636,
            6.90909
          ],
          "texture": "#5"
        },
        "west": {
          "uv": [
            14.18182,
            7.81818,
            14.63636,
            7.63636
          ],
          "texture": "#5"
        }
      }
    },
    {
      "from": [
        7.35355,
        4.5,
        7.5
      ],
      "to": [
        8.85355,
        5,
        9
      ],
      "rotation": {
        "angle": -45,
        "axis": "y",
        "origin": [
          8.35355,
          5,
          8
        ]
      },
      "faces": {
        "north": {
          "uv": [
            4,
            14,
            4.54545,
            13.81818
          ],
          "texture": "#5"
        },
        "east": {
          "uv": [
            13.81818,
            4.90909,
            14.36364,
            4.72727
          ],
          "texture": "#5"
        },
        "south": {
          "uv": [
            13.81818,
            5.63636,
            14.36364,
            5.45455
          ],
          "texture": "#5"
        },
        "west": {
          "uv": [
            6.54545,
            14,
            7.09091,
            13.81818
          ],
          "texture": "#5"
        },
        "up": {
          "uv": [
            12.54545,
            11.81818,
            12,
            11.27273
          ],
          "texture": "#5"
        },
        "down": {
          "uv": [
            11.81818,
            6.18182,
            11.27273,
            6.72727
          ],
          "texture": "#5"
        }
      }
    },
    {
      "from": [
        7.85355,
        6,
        7.64645
      ],
      "to": [
        8.85355,
        10,
        8.64645
      ],
      "rotation": {
        "angle": -45,
        "axis": "y",
        "origin": [
          8.35355,
          6,
          7.64645
        ]
      },
      "faces": {
        "north": {
          "uv": [
            10.18182,
            7.27273,
            10.54545,
            8.72727
          ],
          "texture": "#5"
        },
        "east": {
          "uv": [
            0,
            10.54545,
            0.36364,
            12
          ],
          "texture": "#5"
        },
        "south": {
          "uv": [
            0.72727,
            10.54545,
            1.09091,
            12
          ],
          "texture": "#5"
        },
        "west": {
          "uv": [
            1.45455,
            10.54545,
            1.81818,
            12
          ],
          "texture": "#5"
        }
      }
    },
    {
      "from": [
        7,
        11.5,
        5.5
      ],
      "to": [
        9,
        14,
        6.5
      ],
      "rotation": {
        "angle": -22.5,
        "axis": "x",
        "origin": [
          6.5,
          10.5,
          5.5
        ]
      },
      "faces": {
        "north": {
          "uv": [
            10.18182,
            4.36364,
            10.90909,
            5.27273
          ],
          "texture": "#5"
        },
        "east": {
          "uv": [
            12,
            3.27273,
            12.36364,
            4.18182
          ],
          "texture": "#5"
        },
        "south": {
          "uv": [
            10.18182,
            5.81818,
            10.90909,
            6.72727
          ],
          "texture": "#5"
        },
        "west": {
          "uv": [
            8,
            12,
            8.36364,
            12.90909
          ],
          "texture": "#5"
        },
        "up": {
          "uv": [
            13.09091,
            6.54545,
            12.36364,
            6.18182
          ],
          "texture": "#5"
        },
        "down": {
          "uv": [
            13.09091,
            6.90909,
            12.36364,
            7.27273
          ],
          "texture": "#5"
        }
      }
    },
    {
      "from": [
        7.25,
        11.75,
        6.5
      ],
      "to": [
        8.75,
        13.75,
        8.5
      ],
      "rotation": {
        "angle": -22.5,
        "axis": "x",
        "origin": [
          6.5,
          10.5,
          5.5
        ]
      },
      "faces": {
        "east": {
          "uv": [
            2.18182,
            10.54545,
            2.90909,
            11.27273
          ],
          "texture": "#5"
        },
        "south": {
          "uv": [
            11.27273,
            0,
            11.81818,
            0.72727
          ],
          "texture": "#5"
        },
        "west": {
          "uv": [
            3.27273,
            10.54545,
            4,
            11.27273
          ],
          "texture": "#5"
        },
        "up": {
          "uv": [
            11.81818,
            1.81818,
            11.27273,
            1.09091
          ],
          "texture": "#5"
        },
        "down": {
          "uv": [
            11.81818,
            2.18182,
            11.27273,
            2.90909
          ],
          "texture": "#5"
        }
      }
    },
    {
      "from": [
        6.75,
        10.87868,
        8
      ],
      "to": [
        9.25,
        13.87868,
        11
      ],
      "rotation": {
        "angle": -45,
        "axis": "x",
        "origin": [
          7,
          10.87868,
          8
        ]
      },
      "faces": {
        "north": {
          "uv": [
            8.72727,
            8.36364,
            9.63636,
            9.45455
          ],
          "texture": "#5"
        },
        "east": {
          "uv": [
            8.72727,
            5.45455,
            9.81818,
            6.54545
          ],
          "texture": "#5"
        },
        "south": {
          "uv": [
            0,
            9.09091,
            0.90909,
            10.18182
          ],
          "texture": "#5"
        },
        "west": {
          "uv": [
            8.72727,
            6.90909,
            9.81818,
            8
          ],
          "texture": "#5"
        },
        "up": {
          "uv": [
            2.36364,
            10.18182,
            1.45455,
            9.09091
          ],
          "texture": "#5"
        },
        "down": {
          "uv": [
            3.81818,
            9.09091,
            2.90909,
            10.18182
          ],
          "texture": "#5"
        }
      }
    },
    {
      "from": [
        6.5,
        11.12868,
        8.25
      ],
      "to": [
        9.5,
        13.62868,
        10.75
      ],
      "rotation": {
        "angle": -45,
        "axis": "x",
        "origin": [
          7,
          10.87868,
          8
        ]
      },
      "faces": {
        "north": {
          "uv": [
            4.36364,
            9.09091,
            5.45455,
            10
          ],
          "texture": "#5"
        },
        "east": {
          "uv": [
            9.81818,
            1.45455,
            10.72727,
            2.36364
          ],
          "texture": "#5"
        },
        "south": {
          "uv": [
            5.81818,
            9.09091,
            6.90909,
            10
          ],
          "texture": "#5"
        },
        "west": {
          "uv": [
            9.81818,
            2.90909,
            10.72727,
            3.81818
          ],
          "texture": "#5"
        },
        "up": {
          "uv": [
            8.36364,
            10,
            7.27273,
            9.09091
          ],
          "texture": "#5"
        },
        "down": {
          "uv": [
            10.90909,
            0,
            9.81818,
            0.90909
          ],
          "texture": "#5"
        }
      }
    },
    {
      "from": [
        7.75,
        13.1,
        2.85
      ],
      "to": [
        8.25,
        13.85,
        5.6
      ],
      "rotation": {
        "angle": 45,
        "axis": "x",
        "origin": [
          8,
          12.95,
          3.53661
        ]
      },
      "faces": {
        "east": {
          "uv": [
            12.36364,
            4.72727,
            13.36364,
            5
          ],
          "texture": "#5"
        },
        "west": {
          "uv": [
            12.36364,
            5.45455,
            13.36364,
            5.72727
          ],
          "texture": "#5"
        },
        "up": {
          "uv": [
            3.45455,
            14.09091,
            3.27273,
            13.09091
          ],
          "texture": "#5"
        }
      }
    },
    {
      "from": [
        7.495,
        12.48091,
        2.45006
      ],
      "to": [
        8.505,
        14.23091,
        3.70006
      ],
      "rotation": {
        "angle": 0,
        "axis": "y",
        "origin": [
          8,
          12.89697,
          3.625
        ]
      },
      "faces": {
        "north": {
          "uv": [
            12.72727,
            3.27273,
            13.09091,
            3.90909
          ],
          "texture": "#5"
        },
        "east": {
          "uv": [
            12.36364,
            1.09091,
            12.81818,
            1.72727
          ],
          "texture": "#5"
        },
        "south": {
          "uv": [
            4.36364,
            12.72727,
            4.72727,
            13.36364
          ],
          "texture": "#5"
        },
        "west": {
          "uv": [
            12.36364,
            2.18182,
            12.81818,
            2.81818
          ],
          "texture": "#5"
        },
        "up": {
          "uv": [
            13.81818,
            7.72727,
            13.45455,
            7.27273
          ],
          "texture": "#5"
        },
        "down": {
          "uv": [
            8,
            13.45455,
            7.63636,
            13.90909
          ],
          "texture": "#5"
        }
      }
    },
    {
      "from": [
        7.5,
        11.85,
        3.1
      ],
      "to": [
        8.5,
        13.1,
        5.6
      ],
      "rotation": {
        "angle": 45,
        "axis": "x",
        "origin": [
          8,
          12.95,
          3.53661
        ]
      },
      "faces": {
        "east": {
          "uv": [
            10.90909,
            7.27273,
            11.81818,
            7.72727
          ],
          "texture": "#5"
        },
        "south": {
          "uv": [
            8.36364,
            13.45455,
            8.72727,
            13.90909
          ],
          "texture": "#5"
        },
        "west": {
          "uv": [
            10.90909,
            8.36364,
            11.81818,
            8.81818
          ],
          "texture": "#5"
        },
        "up": {
          "uv": [
            9.09091,
            12.90909,
            8.72727,
            12
          ],
          "texture": "#5"
        },
        "down": {
          "uv": [
            9.81818,
            12,
            9.45455,
            12.90909
          ],
          "texture": "#5"
        }
      }
    },
    {
      "from": [
        7.5,
        11.93753,
        5.94553
      ],
      "to": [
        8.5,
        12.93753,
        7.94553
      ],
      "rotation": {
        "angle": 22.5,
        "axis": "x",
        "origin": [
          7.5,
          12.03753,
          5.94553
        ]
      },
      "faces": {
        "east": {
          "uv": [
            12.36364,
            7.63636,
            13.09091,
            8
          ],
          "texture": "#5"
        },
        "west": {
          "uv": [
            12.36364,
            8.36364,
            13.09091,
            8.72727
          ],
          "texture": "#5"
        },
        "down": {
          "uv": [
            12.36364,
            12.36364,
            12,
            13.09091
          ],
          "texture": "#5"
        }
      }
    },
    {
      "from": [
        5.23953,
        12.625,
        6.48953
      ],
      "to": [
        5.98953,
        13.375,
        7.23953
      ],
      "rotation": {
        "angle": -45,
        "axis": "y",
        "origin": [
          6.75,
          13,
          8
        ]
      },
      "faces": {
        "north": {
          "uv": [
            2.54545,
            14.18182,
            2.81818,
            14.45455
          ],
          "texture": "#5"
        },
        "east": {
          "uv": [
            14.18182,
            12.36364,
            14.45455,
            12.63636
          ],
          "texture": "#5"
        },
        "south": {
          "uv": [
            13.81818,
            14.18182,
            14.09091,
            14.45455
          ],
          "texture": "#5"
        },
        "west": {
          "uv": [
            14.54545,
            0,
            14.81818,
            0.27273
          ],
          "texture": "#5"
        },
        "up": {
          "uv": [
            1,
            14.81818,
            0.72727,
            14.54545
          ],
          "texture": "#5"
        },
        "down": {
          "uv": [
            3.54545,
            14.54545,
            3.27273,
            14.81818
          ],
          "texture": "#5"
        }
      }
    },
    {
      "from": [
        5.23953,
        12.625,
        8.76047
      ],
      "to": [
        5.98953,
        13.375,
        9.51047
      ],
      "rotation": {
        "angle": 45,
        "axis": "y",
        "origin": [
          6.75,
          13,
          8
        ]
      },
      "faces": {
        "north": {
          "uv": [
            14.54545,
            3.63636,
            14.81818,
            3.90909
          ],
          "texture": "#5"
        },
        "east": {
          "uv": [
            4,
            14.54545,
            4.27273,
            14.81818
          ],
          "texture": "#5"
        },
        "south": {
          "uv": [
            4.72727,
            14.54545,
            5,
            14.81818
          ],
          "texture": "#5"
        },
        "west": {
          "uv": [
            5.45455,
            14.54545,
            5.72727,
            14.81818
          ],
          "texture": "#5"
        },
        "up": {
          "uv": [
            6.45455,
            14.81818,
            6.18182,
            14.54545
          ],
          "texture": "#5"
        },
        "down": {
          "uv": [
            7.18182,
            14.54545,
            6.90909,
            14.81818
          ],
          "texture": "#5"
        }
      }
    },
    {
      "from": [
        6.375,
        11.0192,
        7.625
      ],
      "to": [
        7.125,
        11.7692,
        8.375
      ],
      "rotation": {
        "angle": 45,
        "axis": "z",
        "origin": [
          6.75,
          11.3942,
          8
        ]
      },
      "faces": {
        "north": {
          "uv": [
            7.63636,
            14.54545,
            7.90909,
            14.81818
          ],
          "texture": "#5"
        },
        "east": {
          "uv": [
            8.36364,
            14.54545,
            8.63636,
            14.81818
          ],
          "texture": "#5"
        },
        "south": {
          "uv": [
            14.54545,
            8.36364,
            14.81818,
            8.63636
          ],
          "texture": "#5"
        },
        "west": {
          "uv": [
            14.54545,
            9.81818,
            14.81818,
            10.09091
          ],
          "texture": "#5"
        },
        "up": {
          "uv": [
            11.54545,
            14.81818,
            11.27273,
            14.54545
          ],
          "texture": "#5"
        },
        "down": {
          "uv": [
            12.27273,
            14.54545,
            12,
            14.81818
          ],
          "texture": "#5"
        }
      }
    },
    {
      "from": [
        6.375,
        14.2308,
        7.625
      ],
      "to": [
        7.125,
        14.9808,
        8.375
      ],
      "rotation": {
        "angle": -45,
        "axis": "z",
        "origin": [
          6.75,
          14.6058,
          8
        ]
      },
      "faces": {
        "north": {
          "uv": [
            12.72727,
            14.54545,
            13,
            14.81818
          ],
          "texture": "#5"
        },
        "east": {
          "uv": [
            14.54545,
            14.18182,
            14.81818,
            14.45455
          ],
          "texture": "#5"
        },
        "south": {
          "uv": [
            0,
            14.90909,
            0.27273,
            15.18182
          ],
          "texture": "#5"
        },
        "west": {
          "uv": [
            14.90909,
            0.72727,
            15.18182,
            1
          ],
          "texture": "#5"
        },
        "up": {
          "uv": [
            1.72727,
            15.18182,
            1.45455,
            14.90909
          ],
          "texture": "#5"
        },
        "down": {
          "uv": [
            15.18182,
            1.45455,
            14.90909,
            1.72727
          ],
          "texture": "#5"
        }
      }
    },
    {
      "from": [
        10.01047,
        12.625,
        8.76047
      ],
      "to": [
        10.76047,
        13.375,
        9.51047
      ],
      "rotation": {
        "angle": -45,
        "axis": "y",
        "origin": [
          9.25,
          13,
          8
        ]
      },
      "faces": {
        "north": {
          "uv": [
            2.18182,
            14.90909,
            2.45455,
            15.18182
          ],
          "texture": "#5"
        },
        "east": {
          "uv": [
            14.90909,
            2.18182,
            15.18182,
            2.45455
          ],
          "texture": "#5"
        },
        "south": {
          "uv": [
            14.90909,
            4.36364,
            15.18182,
            4.63636
          ],
          "texture": "#5"
        },
        "west": {
          "uv": [
            14.90909,
            5.09091,
            15.18182,
            5.36364
          ],
          "texture": "#5"
        },
        "up": {
          "uv": [
            9.36364,
            15.18182,
            9.09091,
            14.90909
          ],
          "texture": "#5"
        },
        "down": {
          "uv": [
            15.18182,
            9.09091,
            14.90909,
            9.36364
          ],
          "texture": "#5"
        }
      }
    },
    {
      "from": [
        8.875,
        14.2308,
        7.625
      ],
      "to": [
        9.625,
        14.9808,
        8.375
      ],
      "rotation": {
        "angle": 45,
        "axis": "z",
        "origin": [
          9.25,
          14.6058,
          8
        ]
      },
      "faces": {
        "north": {
          "uv": [
            9.81818,
            14.90909,
            10.09091,
            15.18182
          ],
          "texture": "#5"
        },
        "east": {
          "uv": [
            10.54545,
            14.90909,
            10.81818,
            15.18182
          ],
          "texture": "#5"
        },
        "south": {
          "uv": [
            14.90909,
            10.54545,
            15.18182,
            10.81818
          ],
          "texture": "#5"
        },
        "west": {
          "uv": [
            14.90909,
            11.27273,
            15.18182,
            11.54545
          ],
          "texture": "#5"
        },
        "up": {
          "uv": [
            15.18182,
            12.27273,
            14.90909,
            12
          ],
          "texture": "#5"
        },
        "down": {
          "uv": [
            15.18182,
            12.72727,
            14.90909,
            13
          ],
          "texture": "#5"
        }
      }
    },
    {
      "from": [
        10.01047,
        12.625,
        6.48953
      ],
      "to": [
        10.76047,
        13.375,
        7.23953
      ],
      "rotation": {
        "angle": 45,
        "axis": "y",
        "origin": [
          9.25,
          13,
          8
        ]
      },
      "faces": {
        "north": {
          "uv": [
            13.45455,
            14.90909,
            13.72727,
            15.18182
          ],
          "texture": "#5"
        },
        "east": {
          "uv": [
            14.90909,
            13.45455,
            15.18182,
            13.72727
          ],
          "texture": "#5"
        },
        "south": {
          "uv": [
            14.18182,
            14.90909,
            14.45455,
            15.18182
          ],
          "texture": "#5"
        },
        "west": {
          "uv": [
            14.90909,
            14.90909,
            15.18182,
            15.18182
          ],
          "texture": "#5"
        },
        "up": {
          "uv": [
            15.54545,
            0.27273,
            15.27273,
            0
          ],
          "texture": "#5"
        },
        "down": {
          "uv": [
            1,
            15.27273,
            0.72727,
            15.54545
          ],
          "texture": "#5"
        }
      }
    },
    {
      "from": [
        8.875,
        11.0192,
        7.625
      ],
      "to": [
        9.625,
        11.7692,
        8.375
      ],
      "rotation": {
        "angle": -45,
        "axis": "z",
        "origin": [
          9.25,
          11.3942,
          8
        ]
      },
      "faces": {
        "north": {
          "uv": [
            2.90909,
            15.27273,
            3.18182,
            15.54545
          ],
          "texture": "#5"
        },
        "east": {
          "uv": [
            15.27273,
            2.90909,
            15.54545,
            3.18182
          ],
          "texture": "#5"
        },
        "south": {
          "uv": [
            3.63636,
            15.27273,
            3.90909,
            15.54545
          ],
          "texture": "#5"
        },
        "west": {
          "uv": [
            15.27273,
            3.63636,
            15.54545,
            3.90909
          ],
          "texture": "#5"
        },
        "up": {
          "uv": [
            4.63636,
            15.54545,
            4.36364,
            15.27273
          ],
          "texture": "#5"
        },
        "down": {
          "uv": [
            5.36364,
            15.27273,
            5.09091,
            15.54545
          ],
          "texture": "#5"
        }
      }
    },
    {
      "from": [
        6.15,
        9.96447,
        8.5
      ],
      "to": [
        6.15,
        13.96447,
        12.5
      ],
      "rotation": {
        "angle": -45,
        "axis": "x",
        "origin": [
          6.15,
          9.46447,
          8
        ]
      },
      "faces": {
        "west": {
          "uv": [
            0,
            0,
            16,
            16
          ],
          "texture": "#2"
        }
      }
    },
    {
      "from": [
        5.65,
        10.96447,
        9.5
      ],
      "to": [
        5.65,
        12.96447,
        11.5
      ],
      "rotation": {
        "angle": -45,
        "axis": "x",
        "origin": [
          5.65,
          9.46447,
          8
        ]
      },
      "faces": {
        "west": {
          "uv": [
            0,
            0,
            8,
            8
          ],
          "texture": "#3"
        }
      }
    },
    {
      "from": [
        10.35,
        10.96447,
        9.5
      ],
      "to": [
        10.35,
        12.96447,
        11.5
      ],
      "rotation": {
        "angle": -45,
        "axis": "x",
        "origin": [
          10.35,
          9.46447,
          8
        ]
      },
      "faces": {
        "east": {
          "uv": [
            8,
            0,
            0,
            8
          ],
          "texture": "#3"
        }
      }
    },
    {
      "from": [
        9.85,
        9.96447,
        8.5
      ],
      "to": [
        9.85,
        13.96447,
        12.5
      ],
      "rotation": {
        "angle": -45,
        "axis": "x",
        "origin": [
          9.85,
          9.46447,
          8
        ]
      },
      "faces": {
        "east": {
          "uv": [
            16,
            0,
            0,
            16
          ],
          "texture": "#2"
        }
      }
    },
    {
      "from": [
        10.35,
        3.03553,
        9.5
      ],
      "to": [
        10.35,
        5.03553,
        11.5
      ],
      "rotation": {
        "angle": 45,
        "axis": "x",
        "origin": [
          10.35,
          6.53553,
          8
        ]
      },
      "faces": {
        "east": {
          "uv": [
            8,
            8,
            0,
            0
          ],
          "texture": "#3"
        }
      }
    },
    {
      "from": [
        9.85,
        2.03553,
        8.5
      ],
      "to": [
        9.85,
        6.03553,
        12.5
      ],
      "rotation": {
        "angle": 45,
        "axis": "x",
        "origin": [
          9.85,
          6.53553,
          8
        ]
      },
      "faces": {
        "east": {
          "uv": [
            16,
            16,
            0,
            0
          ],
          "texture": "#2"
        }
      }
    },
    {
      "from": [
        5.65,
        3.03553,
        9.5
      ],
      "to": [
        5.65,
        5.03553,
        11.5
      ],
      "rotation": {
        "angle": 45,
        "axis": "x",
        "origin": [
          5.65,
          6.53553,
          8
        ]
      },
      "faces": {
        "west": {
          "uv": [
            0,
            8,
            8,
            0
          ],
          "texture": "#3"
        }
      }
    },
    {
      "from": [
        6.15,
        2.03553,
        8.5
      ],
      "to": [
        6.15,
        6.03553,
        12.5
      ],
      "rotation": {
        "angle": 45,
        "axis": "x",
        "origin": [
          6.15,
          6.53553,
          8
        ]
      },
      "faces": {
        "west": {
          "uv": [
            0,
            16,
            16,
            0
          ],
          "texture": "#2"
        }
      }
    },
    {
      "from": [
        7.375,
        13.75,
        5.825
      ],
      "to": [
        8.625,
        18.75,
        6.575
      ],
      "rotation": {
        "angle": 22.5,
        "axis": "x",
        "origin": [
          7.125,
          14,
          5
        ]
      },
      "faces": {
        "north": {
          "uv": [
            8.72727,
            9.81818,
            9.18182,
            11.63636
          ],
          "texture": "#5"
        },
        "east": {
          "uv": [
            4.36364,
            10.54545,
            4.63636,
            12.36364
          ],
          "texture": "#5"
        },
        "south": {
          "uv": [
            9.81818,
            9.81818,
            10.27273,
            11.63636
          ],
          "texture": "#5"
        },
        "west": {
          "uv": [
            5.09091,
            10.54545,
            5.36364,
            12.36364
          ],
          "texture": "#5"
        },
        "up": {
          "uv": [
            10.27273,
            13.72727,
            9.81818,
            13.45455
          ],
          "texture": "#5"
        },
        "down": {
          "uv": [
            13.90909,
            10.18182,
            13.45455,
            10.45455
          ],
          "texture": "#5"
        }
      }
    },
    {
      "from": [
        7.5,
        17.7357,
        8.66946
      ],
      "to": [
        8.5,
        20.7357,
        9.41946
      ],
      "rotation": {
        "angle": 45,
        "axis": "x",
        "origin": [
          8,
          19.4107,
          8.26946
        ]
      },
      "faces": {
        "north": {
          "uv": [
            8,
            10.54545,
            8.36364,
            11.63636
          ],
          "texture": "#5"
        },
        "east": {
          "uv": [
            10.18182,
            12,
            10.45455,
            13.09091
          ],
          "texture": "#5"
        },
        "south": {
          "uv": [
            11.27273,
            3.27273,
            11.63636,
            4.36364
          ],
          "texture": "#5"
        },
        "west": {
          "uv": [
            1.09091,
            12.36364,
            1.36364,
            13.45455
          ],
          "texture": "#5"
        },
        "up": {
          "uv": [
            1.45455,
            14.09091,
            1.09091,
            13.81818
          ],
          "texture": "#5"
        },
        "down": {
          "uv": [
            0.36364,
            14.18182,
            0,
            14.45455
          ],
          "texture": "#5"
        }
      }
    },
    {
      "from": [
        7.625,
        18.48895,
        9.33293
      ],
      "to": [
        8.375,
        19.48895,
        10.08293
      ],
      "rotation": {
        "angle": 22.5,
        "axis": "x",
        "origin": [
          8,
          18.73895,
          10.10793
        ]
      },
      "faces": {
        "north": {
          "uv": [
            14.18182,
            0.72727,
            14.45455,
            1.09091
          ],
          "texture": "#5"
        },
        "east": {
          "uv": [
            14.18182,
            1.45455,
            14.45455,
            1.81818
          ],
          "texture": "#5"
        },
        "south": {
          "uv": [
            1.81818,
            14.18182,
            2.09091,
            14.54545
          ],
          "texture": "#5"
        },
        "west": {
          "uv": [
            14.18182,
            2.18182,
            14.45455,
            2.54545
          ],
          "texture": "#5"
        },
        "up": {
          "uv": [
            6.09091,
            15.54545,
            5.81818,
            15.27273
          ],
          "texture": "#5"
        },
        "down": {
          "uv": [
            15.54545,
            5.81818,
            15.27273,
            6.09091
          ],
          "texture": "#5"
        }
      }
    },
    {
      "from": [
        7.5,
        13.48895,
        9.18293
      ],
      "to": [
        8.5,
        14.98895,
        10.18293
      ],
      "rotation": {
        "angle": 22.5,
        "axis": "x",
        "origin": [
          8.125,
          18.73895,
          10.10793
        ]
      },
      "faces": {
        "north": {
          "uv": [
            12.72727,
            10.18182,
            13.09091,
            10.72727
          ],
          "texture": "#5"
        },
        "east": {
          "uv": [
            12.72727,
            12.36364,
            13.09091,
            12.90909
          ],
          "texture": "#5"
        },
        "south": {
          "uv": [
            1.81818,
            13.09091,
            2.18182,
            13.63636
          ],
          "texture": "#5"
        },
        "west": {
          "uv": [
            2.54545,
            13.09091,
            2.90909,
            13.63636
          ],
          "texture": "#5"
        },
        "up": {
          "uv": [
            10.54545,
            9.45455,
            10.18182,
            9.09091
          ],
          "texture": "#5"
        },
        "down": {
          "uv": [
            9.45455,
            13.45455,
            9.09091,
            13.81818
          ],
          "texture": "#5"
        }
      }
    },
    {
      "from": [
        7.625,
        14.98895,
        9.30793
      ],
      "to": [
        8.375,
        16.73895,
        10.05793
      ],
      "rotation": {
        "angle": 22.5,
        "axis": "x",
        "origin": [
          8.25,
          18.73895,
          10.10793
        ]
      },
      "faces": {
        "north": {
          "uv": [
            13.45455,
            0.72727,
            13.72727,
            1.36364
          ],
          "texture": "#5"
        },
        "east": {
          "uv": [
            13.45455,
            1.81818,
            13.72727,
            2.45455
          ],
          "texture": "#5"
        },
        "south": {
          "uv": [
            13.45455,
            2.90909,
            13.72727,
            3.54545
          ],
          "texture": "#5"
        },
        "west": {
          "uv": [
            13.45455,
            6.18182,
            13.72727,
            6.81818
          ],
          "texture": "#5"
        },
        "up": {
          "uv": [
            6.81818,
            15.54545,
            6.54545,
            15.27273
          ],
          "texture": "#5"
        },
        "down": {
          "uv": [
            15.54545,
            6.54545,
            15.27273,
            6.81818
          ],
          "texture": "#5"
        }
      }
    },
    {
      "from": [
        7.75,
        16.73895,
        9.43293
      ],
      "to": [
        8.25,
        18.48895,
        9.93293
      ],
      "rotation": {
        "angle": 22.5,
        "axis": "x",
        "origin": [
          8.125,
          18.73895,
          10.10793
        ]
      },
      "faces": {
        "north": {
          "uv": [
            11.63636,
            13.45455,
            11.81818,
            14.09091
          ],
          "texture": "#5"
        },
        "east": {
          "uv": [
            12.36364,
            13.45455,
            12.54545,
            14.09091
          ],
          "texture": "#5"
        },
        "south": {
          "uv": [
            13.45455,
            12.36364,
            13.63636,
            13
          ],
          "texture": "#5"
        },
        "west": {
          "uv": [
            13.09091,
            13.45455,
            13.27273,
            14.09091
          ],
          "texture": "#5"
        },
        "up": {
          "uv": [
            8.18182,
            15.45455,
            8,
            15.27273
          ],
          "texture": "#5"
        },
        "down": {
          "uv": [
            15.45455,
            8,
            15.27273,
            8.18182
          ],
          "texture": "#5"
        }
      }
    },
    {
      "from": [
        7.375,
        18.25,
        4.825
      ],
      "to": [
        8.625,
        18.75,
        5.825
      ],
      "rotation": {
        "angle": 22.5,
        "axis": "x",
        "origin": [
          7.125,
          14,
          5
        ]
      },
      "faces": {
        "north": {
          "uv": [
            9.09091,
            14.18182,
            9.54545,
            14.36364
          ],
          "texture": "#5"
        },
        "east": {
          "uv": [
            7.27273,
            15.27273,
            7.63636,
            15.45455
          ],
          "texture": "#5"
        },
        "south": {
          "uv": [
            10.18182,
            14.18182,
            10.63636,
            14.36364
          ],
          "texture": "#5"
        },
        "west": {
          "uv": [
            15.27273,
            7.27273,
            15.63636,
            7.45455
          ],
          "texture": "#5"
        },
        "up": {
          "uv": [
            13.90909,
            4.36364,
            13.45455,
            4
          ],
          "texture": "#5"
        },
        "down": {
          "uv": [
            13.90909,
            8.36364,
            13.45455,
            8.72727
          ],
          "texture": "#5"
        }
      }
    },
    {
      "from": [
        7.625,
        13.75,
        5.075
      ],
      "to": [
        8.375,
        18.25,
        5.825
      ],
      "rotation": {
        "angle": 22.5,
        "axis": "x",
        "origin": [
          7.125,
          14,
          5
        ]
      },
      "faces": {
        "north": {
          "uv": [
            5.81818,
            10.54545,
            6.09091,
            12.18182
          ],
          "texture": "#5"
        },
        "east": {
          "uv": [
            6.54545,
            10.54545,
            6.81818,
            12.18182
          ],
          "texture": "#5"
        },
        "west": {
          "uv": [
            7.27273,
            10.54545,
            7.54545,
            12.18182
          ],
          "texture": "#5"
        }
      }
    },
    {
      "from": [
        7.625,
        17.69605,
        8.11161
      ],
      "to": [
        8.375,
        20.94605,
        8.61161
      ],
      "rotation": {
        "angle": 45,
        "axis": "x",
        "origin": [
          8,
          19.44605,
          7.98661
        ]
      },
      "faces": {
        "north": {
          "uv": [
            12,
            9.45455,
            12.27273,
            10.63636
          ],
          "texture": "#5"
        },
        "east": {
          "uv": [
            5.09091,
            12.72727,
            5.27273,
            13.90909
          ],
          "texture": "#5"
        },
        "west": {
          "uv": [
            5.81818,
            12.72727,
            6,
            13.90909
          ],
          "texture": "#5"
        }
      }
    },
    {
      "from": [
        7.375,
        19.15056,
        10.90343
      ],
      "to": [
        8.625,
        21.40056,
        12.15343
      ],
      "rotation": {
        "angle": -45,
        "axis": "x",
        "origin": [
          8.625,
          18.65056,
          10.90343
        ]
      },
      "faces": {
        "north": {
          "uv": [
            11.27273,
            4.72727,
            11.72727,
            5.54545
          ],
          "texture": "#5"
        },
        "east": {
          "uv": [
            2.18182,
            11.63636,
            2.63636,
            12.45455
          ],
          "texture": "#5"
        },
        "south": {
          "uv": [
            3.27273,
            11.63636,
            3.72727,
            12.45455
          ],
          "texture": "#5"
        },
        "west": {
          "uv": [
            10.90909,
            11.63636,
            11.36364,
            12.45455
          ],
          "texture": "#5"
        },
        "up": {
          "uv": [
            7,
            13.18182,
            6.54545,
            12.72727
          ],
          "texture": "#5"
        },
        "down": {
          "uv": [
            13.18182,
            9.09091,
            12.72727,
            9.54545
          ],
          "texture": "#5"
        }
      }
    },
    {
      "from": [
        7.125,
        19.40056,
        11.15343
      ],
      "to": [
        8.875,
        21.15056,
        11.90343
      ],
      "rotation": {
        "angle": -45,
        "axis": "x",
        "origin": [
          8.625,
          18.65056,
          10.90343
        ]
      },
      "faces": {
        "north": {
          "uv": [
            10.90909,
            9.45455,
            11.54545,
            10.09091
          ],
          "texture": "#5"
        },
        "east": {
          "uv": [
            10.90909,
            13.09091,
            11.18182,
            13.72727
          ],
          "texture": "#5"
        },
        "south": {
          "uv": [
            10.90909,
            10.54545,
            11.54545,
            11.18182
          ],
          "texture": "#5"
        },
        "west": {
          "uv": [
            13.09091,
            11.27273,
            13.36364,
            11.90909
          ],
          "texture": "#5"
        },
        "up": {
          "uv": [
            0.63636,
            13.72727,
            0,
            13.45455
          ],
          "texture": "#5"
        },
        "down": {
          "uv": [
            14.09091,
            0,
            13.45455,
            0.27273
          ],
          "texture": "#5"
        }
      }
    },
    {
      "from": [
        7,
        2,
        5.5
      ],
      "to": [
        9,
        4.5,
        6.5
      ],
      "rotation": {
        "angle": 22.5,
        "axis": "x",
        "origin": [
          6.5,
          5.5,
          5.5
        ]
      },
      "faces": {
        "north": {
          "uv": [
            10.18182,
            5.27273,
            10.90909,
            4.36364
          ],
          "texture": "#5"
        },
        "east": {
          "uv": [
            12,
            4.18182,
            12.36364,
            3.27273
          ],
          "texture": "#5"
        },
        "south": {
          "uv": [
            10.18182,
            6.72727,
            10.90909,
            5.81818
          ],
          "texture": "#5"
        },
        "west": {
          "uv": [
            8,
            12.90909,
            8.36364,
            12
          ],
          "texture": "#5"
        },
        "up": {
          "uv": [
            13.09091,
            7.27273,
            12.36364,
            6.90909
          ],
          "texture": "#5"
        },
        "down": {
          "uv": [
            13.09091,
            6.18182,
            12.36364,
            6.54545
          ],
          "texture": "#5"
        }
      }
    },
    {
      "from": [
        7.25,
        2.25,
        6.5
      ],
      "to": [
        8.75,
        4.25,
        8.5
      ],
      "rotation": {
        "angle": 22.5,
        "axis": "x",
        "origin": [
          6.5,
          5.5,
          5.5
        ]
      },
      "faces": {
        "east": {
          "uv": [
            2.18182,
            11.27273,
            2.90909,
            10.54545
          ],
          "texture": "#5"
        },
        "south": {
          "uv": [
            11.27273,
            0.72727,
            11.81818,
            0
          ],
          "texture": "#5"
        },
        "west": {
          "uv": [
            3.27273,
            11.27273,
            4,
            10.54545
          ],
          "texture": "#5"
        },
        "up": {
          "uv": [
            11.81818,
            2.90909,
            11.27273,
            2.18182
          ],
          "texture": "#5"
        },
        "down": {
          "uv": [
            11.81818,
            1.09091,
            11.27273,
            1.81818
          ],
          "texture": "#5"
        }
      }
    },
    {
      "from": [
        6.75,
        2.12132,
        8
      ],
      "to": [
        9.25,
        5.12132,
        11
      ],
      "rotation": {
        "angle": 45,
        "axis": "x",
        "origin": [
          7,
          5.12132,
          8
        ]
      },
      "faces": {
        "north": {
          "uv": [
            8.72727,
            9.45455,
            9.63636,
            8.36364
          ],
          "texture": "#5"
        },
        "east": {
          "uv": [
            8.72727,
            6.54545,
            9.81818,
            5.45455
          ],
          "texture": "#5"
        },
        "south": {
          "uv": [
            0,
            10.18182,
            0.90909,
            9.09091
          ],
          "texture": "#5"
        },
        "west": {
          "uv": [
            8.72727,
            8,
            9.81818,
            6.90909
          ],
          "texture": "#5"
        },
        "up": {
          "uv": [
            3.81818,
            10.18182,
            2.90909,
            9.09091
          ],
          "texture": "#5"
        },
        "down": {
          "uv": [
            2.36364,
            9.09091,
            1.45455,
            10.18182
          ],
          "texture": "#5"
        }
      }
    },
    {
      "from": [
        6.5,
        2.37132,
        8.25
      ],
      "to": [
        9.5,
        4.87132,
        10.75
      ],
      "rotation": {
        "angle": 45,
        "axis": "x",
        "origin": [
          7,
          5.12132,
          8
        ]
      },
      "faces": {
        "north": {
          "uv": [
            4.36364,
            10,
            5.45455,
            9.09091
          ],
          "texture": "#5"
        },
        "east": {
          "uv": [
            9.81818,
            2.36364,
            10.72727,
            1.45455
          ],
          "texture": "#5"
        },
        "south": {
          "uv": [
            5.81818,
            10,
            6.90909,
            9.09091
          ],
          "texture": "#5"
        },
        "west": {
          "uv": [
            9.81818,
            3.81818,
            10.72727,
            2.90909
          ],
          "texture": "#5"
        },
        "up": {
          "uv": [
            10.90909,
            0.90909,
            9.81818,
            0
          ],
          "texture": "#5"
        },
        "down": {
          "uv": [
            8.36364,
            9.09091,
            7.27273,
            10
          ],
          "texture": "#5"
        }
      }
    },
    {
      "from": [
        7.75,
        2.15,
        2.85
      ],
      "to": [
        8.25,
        2.9,
        5.6
      ],
      "rotation": {
        "angle": -45,
        "axis": "x",
        "origin": [
          8,
          3.05,
          3.53661
        ]
      },
      "faces": {
        "east": {
          "uv": [
            12.36364,
            5,
            13.36364,
            4.72727
          ],
          "texture": "#5"
        },
        "west": {
          "uv": [
            12.36364,
            5.72727,
            13.36364,
            5.45455
          ],
          "texture": "#5"
        },
        "down": {
          "uv": [
            3.45455,
            13.09091,
            3.27273,
            14.09091
          ],
          "texture": "#5"
        }
      }
    },
    {
      "from": [
        7.495,
        1.76909,
        2.45006
      ],
      "to": [
        8.505,
        3.51909,
        3.70006
      ],
      "rotation": {
        "angle": 0,
        "axis": "y",
        "origin": [
          8,
          3.10303,
          3.625
        ]
      },
      "faces": {
        "north": {
          "uv": [
            12.72727,
            3.90909,
            13.09091,
            3.27273
          ],
          "texture": "#5"
        },
        "east": {
          "uv": [
            12.36364,
            1.72727,
            12.81818,
            1.09091
          ],
          "texture": "#5"
        },
        "south": {
          "uv": [
            4.36364,
            13.36364,
            4.72727,
            12.72727
          ],
          "texture": "#5"
        },
        "west": {
          "uv": [
            12.36364,
            2.81818,
            12.81818,
            2.18182
          ],
          "texture": "#5"
        },
        "up": {
          "uv": [
            8,
            13.90909,
            7.63636,
            13.45455
          ],
          "texture": "#5"
        },
        "down": {
          "uv": [
            13.81818,
            7.27273,
            13.45455,
            7.72727
          ],
          "texture": "#5"
        }
      }
    },
    {
      "from": [
        7.5,
        2.9,
        3.1
      ],
      "to": [
        8.5,
        4.15,
        5.6
      ],
      "rotation": {
        "angle": -45,
        "axis": "x",
        "origin": [
          8,
          3.05,
          3.53661
        ]
      },
      "faces": {
        "east": {
          "uv": [
            10.90909,
            7.72727,
            11.81818,
            7.27273
          ],
          "texture": "#5"
        },
        "south": {
          "uv": [
            8.36364,
            13.90909,
            8.72727,
            13.45455
          ],
          "texture": "#5"
        },
        "west": {
          "uv": [
            10.90909,
            8.81818,
            11.81818,
            8.36364
          ],
          "texture": "#5"
        },
        "up": {
          "uv": [
            9.81818,
            12.90909,
            9.45455,
            12
          ],
          "texture": "#5"
        },
        "down": {
          "uv": [
            9.09091,
            12,
            8.72727,
            12.90909
          ],
          "texture": "#5"
        }
      }
    },
    {
      "from": [
        7.5,
        3.06247,
        5.94553
      ],
      "to": [
        8.5,
        4.06247,
        7.94553
      ],
      "rotation": {
        "angle": -22.5,
        "axis": "x",
        "origin": [
          7.5,
          3.96247,
          5.94553
        ]
      },
      "faces": {
        "east": {
          "uv": [
            12.36364,
            8,
            13.09091,
            7.63636
          ],
          "texture": "#5"
        },
        "west": {
          "uv": [
            12.36364,
            8.72727,
            13.09091,
            8.36364
          ],
          "texture": "#5"
        },
        "up": {
          "uv": [
            12.36364,
            13.09091,
            12,
            12.36364
          ],
          "texture": "#5"
        }
      }
    },
    {
      "from": [
        5.23953,
        2.625,
        6.48953
      ],
      "to": [
        5.98953,
        3.375,
        7.23953
      ],
      "rotation": {
        "angle": -45,
        "axis": "y",
        "origin": [
          6.75,
          3,
          8
        ]
      },
      "faces": {
        "north": {
          "uv": [
            2.54545,
            14.45455,
            2.81818,
            14.18182
          ],
          "texture": "#5"
        },
        "east": {
          "uv": [
            14.18182,
            12.63636,
            14.45455,
            12.36364
          ],
          "texture": "#5"
        },
        "south": {
          "uv": [
            13.81818,
            14.45455,
            14.09091,
            14.18182
          ],
          "texture": "#5"
        },
        "west": {
          "uv": [
            14.54545,
            0.27273,
            14.81818,
            0
          ],
          "texture": "#5"
        },
        "up": {
          "uv": [
            3.54545,
            14.81818,
            3.27273,
            14.54545
          ],
          "texture": "#5"
        },
        "down": {
          "uv": [
            1,
            14.54545,
            0.72727,
            14.81818
          ],
          "texture": "#5"
        }
      }
    },
    {
      "from": [
        5.23953,
        2.625,
        8.76047
      ],
      "to": [
        5.98953,
        3.375,
        9.51047
      ],
      "rotation": {
        "angle": 45,
        "axis": "y",
        "origin": [
          6.75,
          3,
          8
        ]
      },
      "faces": {
        "north": {
          "uv": [
            14.54545,
            3.90909,
            14.81818,
            3.63636
          ],
          "texture": "#5"
        },
        "east": {
          "uv": [
            4,
            14.81818,
            4.27273,
            14.54545
          ],
          "texture": "#5"
        },
        "south": {
          "uv": [
            4.72727,
            14.81818,
            5,
            14.54545
          ],
          "texture": "#5"
        },
        "west": {
          "uv": [
            5.45455,
            14.81818,
            5.72727,
            14.54545
          ],
          "texture": "#5"
        },
        "up": {
          "uv": [
            7.18182,
            14.81818,
            6.90909,
            14.54545
          ],
          "texture": "#5"
        },
        "down": {
          "uv": [
            6.45455,
            14.54545,
            6.18182,
            14.81818
          ],
          "texture": "#5"
        }
      }
    },
    {
      "from": [
        6.375,
        4.2308,
        7.625
      ],
      "to": [
        7.125,
        4.9808,
        8.375
      ],
      "rotation": {
        "angle": -45,
        "axis": "z",
        "origin": [
          6.75,
          4.6058,
          8
        ]
      },
      "faces": {
        "north": {
          "uv": [
            7.63636,
            14.81818,
            7.90909,
            14.54545
          ],
          "texture": "#5"
        },
        "east": {
          "uv": [
            8.36364,
            14.81818,
            8.63636,
            14.54545
          ],
          "texture": "#5"
        },
        "south": {
          "uv": [
            14.54545,
            8.63636,
            14.81818,
            8.36364
          ],
          "texture": "#5"
        },
        "west": {
          "uv": [
            14.54545,
            10.09091,
            14.81818,
            9.81818
          ],
          "texture": "#5"
        },
        "up": {
          "uv": [
            12.27273,
            14.81818,
            12,
            14.54545
          ],
          "texture": "#5"
        },
        "down": {
          "uv": [
            11.54545,
            14.54545,
            11.27273,
            14.81818
          ],
          "texture": "#5"
        }
      }
    },
    {
      "from": [
        6.375,
        1.0192,
        7.625
      ],
      "to": [
        7.125,
        1.7692,
        8.375
      ],
      "rotation": {
        "angle": 45,
        "axis": "z",
        "origin": [
          6.75,
          1.3942,
          8
        ]
      },
      "faces": {
        "north": {
          "uv": [
            12.72727,
            14.81818,
            13,
            14.54545
          ],
          "texture": "#5"
        },
        "east": {
          "uv": [
            14.54545,
            14.45455,
            14.81818,
            14.18182
          ],
          "texture": "#5"
        },
        "south": {
          "uv": [
            0,
            15.18182,
            0.27273,
            14.90909
          ],
          "texture": "#5"
        },
        "west": {
          "uv": [
            14.90909,
            1,
            15.18182,
            0.72727
          ],
          "texture": "#5"
        },
        "up": {
          "uv": [
            15.18182,
            1.72727,
            14.90909,
            1.45455
          ],
          "texture": "#5"
        },
        "down": {
          "uv": [
            1.72727,
            14.90909,
            1.45455,
            15.18182
          ],
          "texture": "#5"
        }
      }
    },
    {
      "from": [
        10.01047,
        2.625,
        8.76047
      ],
      "to": [
        10.76047,
        3.375,
        9.51047
      ],
      "rotation": {
        "angle": -45,
        "axis": "y",
        "origin": [
          9.25,
          3,
          8
        ]
      },
      "faces": {
        "north": {
          "uv": [
            2.18182,
            15.18182,
            2.45455,
            14.90909
          ],
          "texture": "#5"
        },
        "east": {
          "uv": [
            14.90909,
            2.45455,
            15.18182,
            2.18182
          ],
          "texture": "#5"
        },
        "south": {
          "uv": [
            14.90909,
            4.63636,
            15.18182,
            4.36364
          ],
          "texture": "#5"
        },
        "west": {
          "uv": [
            14.90909,
            5.36364,
            15.18182,
            5.09091
          ],
          "texture": "#5"
        },
        "up": {
          "uv": [
            15.18182,
            9.36364,
            14.90909,
            9.09091
          ],
          "texture": "#5"
        },
        "down": {
          "uv": [
            9.36364,
            14.90909,
            9.09091,
            15.18182
          ],
          "texture": "#5"
        }
      }
    },
    {
      "from": [
        8.875,
        1.0192,
        7.625
      ],
      "to": [
        9.625,
        1.7692,
        8.375
      ],
      "rotation": {
        "angle": -45,
        "axis": "z",
        "origin": [
          9.25,
          1.3942,
          8
        ]
      },
      "faces": {
        "north": {
          "uv": [
            9.81818,
            15.18182,
            10.09091,
            14.90909
          ],
          "texture": "#5"
        },
        "east": {
          "uv": [
            10.54545,
            15.18182,
            10.81818,
            14.90909
          ],
          "texture": "#5"
        },
        "south": {
          "uv": [
            14.90909,
            10.81818,
            15.18182,
            10.54545
          ],
          "texture": "#5"
        },
        "west": {
          "uv": [
            14.90909,
            11.54545,
            15.18182,
            11.27273
          ],
          "texture": "#5"
        },
        "up": {
          "uv": [
            15.18182,
            13,
            14.90909,
            12.72727
          ],
          "texture": "#5"
        },
        "down": {
          "uv": [
            15.18182,
            12,
            14.90909,
            12.27273
          ],
          "texture": "#5"
        }
      }
    },
    {
      "from": [
        10.01047,
        2.625,
        6.48953
      ],
      "to": [
        10.76047,
        3.375,
        7.23953
      ],
      "rotation": {
        "angle": 45,
        "axis": "y",
        "origin": [
          9.25,
          3,
          8
        ]
      },
      "faces": {
        "north": {
          "uv": [
            13.45455,
            15.18182,
            13.72727,
            14.90909
          ],
          "texture": "#5"
        },
        "east": {
          "uv": [
            14.90909,
            13.72727,
            15.18182,
            13.45455
          ],
          "texture": "#5"
        },
        "south": {
          "uv": [
            14.18182,
            15.18182,
            14.45455,
            14.90909
          ],
          "texture": "#5"
        },
        "west": {
          "uv": [
            14.90909,
            15.18182,
            15.18182,
            14.90909
          ],
          "texture": "#5"
        },
        "up": {
          "uv": [
            1,
            15.54545,
            0.72727,
            15.27273
          ],
          "texture": "#5"
        },
        "down": {
          "uv": [
            15.54545,
            0,
            15.27273,
            0.27273
          ],
          "texture": "#5"
        }
      }
    },
    {
      "from": [
        8.875,
        4.2308,
        7.625
      ],
      "to": [
        9.625,
        4.9808,
        8.375
      ],
      "rotation": {
        "angle": 45,
        "axis": "z",
        "origin": [
          9.25,
          4.6058,
          8
        ]
      },
      "faces": {
        "north": {
          "uv": [
            2.90909,
            15.54545,
            3.18182,
            15.27273
          ],
          "texture": "#5"
        },
        "east": {
          "uv": [
            15.27273,
            3.18182,
            15.54545,
            2.90909
          ],
          "texture": "#5"
        },
        "south": {
          "uv": [
            3.63636,
            15.54545,
            3.90909,
            15.27273
          ],
          "texture": "#5"
        },
        "west": {
          "uv": [
            15.27273,
            3.90909,
            15.54545,
            3.63636
          ],
          "texture": "#5"
        },
        "up": {
          "uv": [
            5.36364,
            15.54545,
            5.09091,
            15.27273
          ],
          "texture": "#5"
        },
        "down": {
          "uv": [
            4.63636,
            15.27273,
            4.36364,
            15.54545
          ],
          "texture": "#5"
        }
      }
    },
    {
      "from": [
        7.375,
        -2.75,
        5.825
      ],
      "to": [
        8.625,
        2.25,
        6.575
      ],
      "rotation": {
        "angle": -22.5,
        "axis": "x",
        "origin": [
          7.125,
          2,
          5
        ]
      },
      "faces": {
        "north": {
          "uv": [
            8.72727,
            11.63636,
            9.18182,
            9.81818
          ],
          "texture": "#5"
        },
        "east": {
          "uv": [
            4.36364,
            12.36364,
            4.63636,
            10.54545
          ],
          "texture": "#5"
        },
        "south": {
          "uv": [
            9.81818,
            11.63636,
            10.27273,
            9.81818
          ],
          "texture": "#5"
        },
        "west": {
          "uv": [
            5.09091,
            12.36364,
            5.36364,
            10.54545
          ],
          "texture": "#5"
        },
        "up": {
          "uv": [
            13.90909,
            10.45455,
            13.45455,
            10.18182
          ],
          "texture": "#5"
        },
        "down": {
          "uv": [
            10.27273,
            13.45455,
            9.81818,
            13.72727
          ],
          "texture": "#5"
        }
      }
    },
    {
      "from": [
        7.625,
        -2.25,
        5.075
      ],
      "to": [
        8.375,
        2.25,
        5.825
      ],
      "rotation": {
        "angle": -22.5,
        "axis": "x",
        "origin": [
          7.125,
          2,
          5
        ]
      },
      "faces": {
        "north": {
          "uv": [
            5.81818,
            12.18182,
            6.09091,
            10.54545
          ],
          "texture": "#5"
        },
        "east": {
          "uv": [
            6.54545,
            12.18182,
            6.81818,
            10.54545
          ],
          "texture": "#5"
        },
        "west": {
          "uv": [
            7.27273,
            12.18182,
            7.54545,
            10.54545
          ],
          "texture": "#5"
        }
      }
    },
    {
      "from": [
        7.375,
        -2.75,
        4.825
      ],
      "to": [
        8.625,
        -2.25,
        5.825
      ],
      "rotation": {
        "angle": -22.5,
        "axis": "x",
        "origin": [
          7.125,
          2,
          5
        ]
      },
      "faces": {
        "north": {
          "uv": [
            9.09091,
            14.36364,
            9.54545,
            14.18182
          ],
          "texture": "#5"
        },
        "east": {
          "uv": [
            7.27273,
            15.45455,
            7.63636,
            15.27273
          ],
          "texture": "#5"
        },
        "south": {
          "uv": [
            10.18182,
            14.36364,
            10.63636,
            14.18182
          ],
          "texture": "#5"
        },
        "west": {
          "uv": [
            15.27273,
            7.45455,
            15.63636,
            7.27273
          ],
          "texture": "#5"
        },
        "up": {
          "uv": [
            13.90909,
            8.72727,
            13.45455,
            8.36364
          ],
          "texture": "#5"
        },
        "down": {
          "uv": [
            13.90909,
            4,
            13.45455,
            4.36364
          ],
          "texture": "#5"
        }
      }
    },
    {
      "from": [
        7.5,
        -4.7357,
        8.66946
      ],
      "to": [
        8.5,
        -1.7357,
        9.41946
      ],
      "rotation": {
        "angle": -45,
        "axis": "x",
        "origin": [
          8,
          -3.4107,
          8.26946
        ]
      },
      "faces": {
        "north": {
          "uv": [
            8,
            11.63636,
            8.36364,
            10.54545
          ],
          "texture": "#5"
        },
        "east": {
          "uv": [
            10.18182,
            13.09091,
            10.45455,
            12
          ],
          "texture": "#5"
        },
        "south": {
          "uv": [
            11.27273,
            4.36364,
            11.63636,
            3.27273
          ],
          "texture": "#5"
        },
        "west": {
          "uv": [
            1.09091,
            13.45455,
            1.36364,
            12.36364
          ],
          "texture": "#5"
        },
        "up": {
          "uv": [
            0.36364,
            14.45455,
            0,
            14.18182
          ],
          "texture": "#5"
        },
        "down": {
          "uv": [
            1.45455,
            13.81818,
            1.09091,
            14.09091
          ],
          "texture": "#5"
        }
      }
    },
    {
      "from": [
        7.625,
        -4.94605,
        8.11161
      ],
      "to": [
        8.375,
        -1.69605,
        8.61161
      ],
      "rotation": {
        "angle": -45,
        "axis": "x",
        "origin": [
          8,
          -3.44605,
          7.98661
        ]
      },
      "faces": {
        "north": {
          "uv": [
            12,
            10.63636,
            12.27273,
            9.45455
          ],
          "texture": "#5"
        },
        "east": {
          "uv": [
            5.09091,
            13.90909,
            5.27273,
            12.72727
          ],
          "texture": "#5"
        },
        "west": {
          "uv": [
            5.81818,
            13.90909,
            6,
            12.72727
          ],
          "texture": "#5"
        }
      }
    },
    {
      "from": [
        7.375,
        -5.40056,
        10.90343
      ],
      "to": [
        8.625,
        -3.15056,
        12.15343
      ],
      "rotation": {
        "angle": 45,
        "axis": "x",
        "origin": [
          8.625,
          -2.65056,
          10.90343
        ]
      },
      "faces": {
        "north": {
          "uv": [
            11.27273,
            5.54545,
            11.72727,
            4.72727
          ],
          "texture": "#5"
        },
        "east": {
          "uv": [
            2.18182,
            12.45455,
            2.63636,
            11.63636
          ],
          "texture": "#5"
        },
        "south": {
          "uv": [
            3.27273,
            12.45455,
            3.72727,
            11.63636
          ],
          "texture": "#5"
        },
        "west": {
          "uv": [
            10.90909,
            12.45455,
            11.36364,
            11.63636
          ],
          "texture": "#5"
        },
        "up": {
          "uv": [
            13.18182,
            9.54545,
            12.72727,
            9.09091
          ],
          "texture": "#5"
        },
        "down": {
          "uv": [
            7,
            12.72727,
            6.54545,
            13.18182
          ],
          "texture": "#5"
        }
      }
    },
    {
      "from": [
        7.125,
        -5.15056,
        11.15343
      ],
      "to": [
        8.875,
        -3.40056,
        11.90343
      ],
      "rotation": {
        "angle": 45,
        "axis": "x",
        "origin": [
          8.625,
          -2.65056,
          10.90343
        ]
      },
      "faces": {
        "north": {
          "uv": [
            10.90909,
            10.09091,
            11.54545,
            9.45455
          ],
          "texture": "#5"
        },
        "east": {
          "uv": [
            10.90909,
            13.72727,
            11.18182,
            13.09091
          ],
          "texture": "#5"
        },
        "south": {
          "uv": [
            10.90909,
            11.18182,
            11.54545,
            10.54545
          ],
          "texture": "#5"
        },
        "west": {
          "uv": [
            13.09091,
            11.90909,
            13.36364,
            11.27273
          ],
          "texture": "#5"
        },
        "up": {
          "uv": [
            14.09091,
            0.27273,
            13.45455,
            0
          ],
          "texture": "#5"
        },
        "down": {
          "uv": [
            0.63636,
            13.45455,
            0,
            13.72727
          ],
          "texture": "#5"
        }
      }
    },
    {
      "from": [
        7.625,
        -3.48895,
        9.33293
      ],
      "to": [
        8.375,
        -2.48895,
        10.08293
      ],
      "rotation": {
        "angle": -22.5,
        "axis": "x",
        "origin": [
          8,
          -2.73895,
          10.10793
        ]
      },
      "faces": {
        "north": {
          "uv": [
            14.18182,
            1.09091,
            14.45455,
            0.72727
          ],
          "texture": "#5"
        },
        "east": {
          "uv": [
            14.18182,
            1.81818,
            14.45455,
            1.45455
          ],
          "texture": "#5"
        },
        "south": {
          "uv": [
            1.81818,
            14.54545,
            2.09091,
            14.18182
          ],
          "texture": "#5"
        },
        "west": {
          "uv": [
            14.18182,
            2.54545,
            14.45455,
            2.18182
          ],
          "texture": "#5"
        },
        "up": {
          "uv": [
            15.54545,
            6.09091,
            15.27273,
            5.81818
          ],
          "texture": "#5"
        },
        "down": {
          "uv": [
            6.09091,
            15.27273,
            5.81818,
            15.54545
          ],
          "texture": "#5"
        }
      }
    },
    {
      "from": [
        7.5,
        1.01105,
        9.18293
      ],
      "to": [
        8.5,
        2.51105,
        10.18293
      ],
      "rotation": {
        "angle": -22.5,
        "axis": "x",
        "origin": [
          8.125,
          -2.73895,
          10.10793
        ]
      },
      "faces": {
        "north": {
          "uv": [
            12.72727,
            10.72727,
            13.09091,
            10.18182
          ],
          "texture": "#5"
        },
        "east": {
          "uv": [
            12.72727,
            12.90909,
            13.09091,
            12.36364
          ],
          "texture": "#5"
        },
        "south": {
          "uv": [
            1.81818,
            13.63636,
            2.18182,
            13.09091
          ],
          "texture": "#5"
        },
        "west": {
          "uv": [
            2.54545,
            13.63636,
            2.90909,
            13.09091
          ],
          "texture": "#5"
        },
        "up": {
          "uv": [
            9.45455,
            13.81818,
            9.09091,
            13.45455
          ],
          "texture": "#5"
        },
        "down": {
          "uv": [
            10.54545,
            9.09091,
            10.18182,
            9.45455
          ],
          "texture": "#5"
        }
      }
    },
    {
      "from": [
        7.625,
        -0.73895,
        9.30793
      ],
      "to": [
        8.375,
        1.01105,
        10.05793
      ],
      "rotation": {
        "angle": -22.5,
        "axis": "x",
        "origin": [
          8.25,
          -2.73895,
          10.10793
        ]
      },
      "faces": {
        "north": {
          "uv": [
            13.45455,
            1.36364,
            13.72727,
            0.72727
          ],
          "texture": "#5"
        },
        "east": {
          "uv": [
            13.45455,
            2.45455,
            13.72727,
            1.81818
          ],
          "texture": "#5"
        },
        "south": {
          "uv": [
            13.45455,
            3.54545,
            13.72727,
            2.90909
          ],
          "texture": "#5"
        },
        "west": {
          "uv": [
            13.45455,
            6.81818,
            13.72727,
            6.18182
          ],
          "texture": "#5"
        },
        "up": {
          "uv": [
            15.54545,
            6.81818,
            15.27273,
            6.54545
          ],
          "texture": "#5"
        },
        "down": {
          "uv": [
            6.81818,
            15.27273,
            6.54545,
            15.54545
          ],
          "texture": "#5"
        }
      }
    },
    {
      "from": [
        7.75,
        -2.48895,
        9.43293
      ],
      "to": [
        8.25,
        -0.73895,
        9.93293
      ],
      "rotation": {
        "angle": -22.5,
        "axis": "x",
        "origin": [
          8.125,
          -2.73895,
          10.10793
        ]
      },
      "faces": {
        "north": {
          "uv": [
            11.63636,
            14.09091,
            11.81818,
            13.45455
          ],
          "texture": "#5"
        },
        "east": {
          "uv": [
            12.36364,
            14.09091,
            12.54545,
            13.45455
          ],
          "texture": "#5"
        },
        "south": {
          "uv": [
            13.45455,
            13,
            13.63636,
            12.36364
          ],
          "texture": "#5"
        },
        "west": {
          "uv": [
            13.09091,
            14.09091,
            13.27273,
            13.45455
          ],
          "texture": "#5"
        },
        "up": {
          "uv": [
            15.45455,
            8.18182,
            15.27273,
            8
          ],
          "texture": "#5"
        },
        "down": {
          "uv": [
            8.18182,
            15.27273,
            8,
            15.45455
          ],
          "texture": "#5"
        }
      }
    },
    {
      "from": [
        7.995,
        -4,
        10.5
      ],
      "to": [
        8.005,
        20,
        17.5
      ],
      "rotation": {
        "angle": 0,
        "axis": "y",
        "origin": [
          7.995,
          -2.5,
          10.5
        ]
      },
      "faces": {
        "east": {
          "uv": [
            2.54545,
            0,
            0,
            8.72727
          ],
          "texture": "#5"
        },
        "west": {
          "uv": [
            0,
            0,
            2.54545,
            8.72727
          ],
          "texture": "#5"
        }
      }
    },
    {
      "from": [
        7.985,
        7,
        -3.25
      ],
      "to": [
        8.015,
        9,
        10.75
      ],
      "rotation": {
        "angle": 0,
        "axis": "y",
        "origin": [
          8,
          8,
          3.75
        ]
      },
      "faces": {
        "east": {
          "uv": [
            9.45455,
            0,
            8.72727,
            5.09091
          ],
          "rotation": 270,
          "texture": "#5"
        },
        "west": {
          "uv": [
            9.45455,
            5.09091,
            8.72727,
            0
          ],
          "rotation": 270,
          "texture": "#5"
        }
      }
    },
    {
      "from": [
        7,
        7.985,
        -3.25
      ],
      "to": [
        9,
        8.015,
        10.75
      ],
      "rotation": {
        "angle": 0,
        "axis": "y",
        "origin": [
          8,
          8,
          3.75
        ]
      },
      "faces": {
        "up": {
          "uv": [
            9.45455,
            5.09091,
            8.72727,
            0
          ],
          "texture": "#5"
        },
        "down": {
          "uv": [
            9.45455,
            0,
            8.72727,
            5.09091
          ],
          "texture": "#5"
        }
      }
    }
  ],
  "gui_light": "front",
  "display": {
    "thirdperson_righthand": {
      "translation": [
        -0.5,
        -2,
        1
      ]
    },
    "thirdperson_lefthand": {
      "translation": [
        -0.5,
        -2,
        1
      ]
    },
    "firstperson_righthand": {
      "rotation": [
        18.71,
        4.94,
        -0.89
      ],
      "translation": [
        4.5,
        3.5,
        -4
      ],
      "scale": [
        0.7,
        0.7,
        0.7
      ]
    },
    "firstperson_lefthand": {
      "rotation": [
        19.9,
        -35.05,
        -1.43
      ],
      "translation": [
        6.75,
        1.9,
        -0.1
      ],
      "scale": [
        0.7,
        0.7,
        0.7
      ]
    },
    "ground": {
      "rotation": [
        45,
        0,
        0
      ],
      "translation": [
        0,
        3,
        0
      ],
      "scale": [
        0.7,
        0.7,
        0.7
      ]
    },
    "gui": {
      "rotation": [
        -90,
        135,
        90
      ],
      "translation": [
        -1,
        1,
        0
      ],
      "scale": [
        0.8,
        0.8,
        0.8
      ]
    },
    "head": {
      "rotation": [
        0,
        -90,
        0
      ]
    },
    "fixed": {
      "rotation": [
        0,
        -90,
        0
      ],
      "translation": [
        0,
        0,
        -2.25
      ],
      "scale": [
        2,
        2,
        2
      ]
    }
  },
  "USER": "48320",
  "NONCE": "022f20bb984d2458314ef7d7cd68fcce",
  "TIMESTAMP": "1757941311",
  "RESOURCE": "12629",
  "MCMODELS": "1",
  "mcmodels": "022f20bb984d2458314ef7d7cd68fcce"
}