{
	"credit": "Made with Blockbench",
	"texture_size": [32, 32],
	"textures": {
		"1": "item/fire/fire_ef_long",
		"2": "item/fire/fire_pickaxe",
		"particle": "item/fire/fire_pickaxe"
	},
	"elements": [
		{
			"from": [5.592, 10.442, 7.492],
			"to": [10.408, 13.458, 8.508],
			"shade": false,
			"rotation": {"angle": 0, "axis": "y", "origin": [7.975, 11.95, 8]},
			"faces": {
				"north": {"uv": [0, 0, 2.5, 1.5], "texture": "#2"},
				"east": {"uv": [2, 3, 2.5, 4.5], "texture": "#2"},
				"south": {"uv": [0, 1.5, 2.5, 3], "texture": "#2"},
				"west": {"uv": [5, 8, 5.5, 9.5], "texture": "#2"},
				"up": {"uv": [5.5, 8, 3, 7.5], "texture": "#2"},
				"down": {"uv": [10, 3.5, 7.5, 4], "texture": "#2"}
			}
		},
		{
			"from": [10.39589, 11.11546, 7.496],
			"to": [12.40389, 13.87346, 8.504],
			"shade": false,
			"rotation": {"angle": 22.5, "axis": "z", "origin": [11.01435, 11.62619, 8]},
			"faces": {
				"north": {"uv": [1.5, 4.5, 2.5, 6], "texture": "#2"},
				"east": {"uv": [0.5, 8.5, 1, 10], "texture": "#2"},
				"south": {"uv": [1.5, 6, 2.5, 7.5], "texture": "#2"},
				"west": {"uv": [1, 8.5, 1.5, 10], "texture": "#2"},
				"up": {"uv": [1.5, 7.5, 0.5, 7], "texture": "#2"},
				"down": {"uv": [10, 2, 9, 2.5], "texture": "#2"}
			}
		},
		{
			"from": [10.34969, 9.2336, 7.494],
			"to": [12.36169, 12.2456, 8.506],
			"shade": false,
			"rotation": {"angle": -22.5, "axis": "z", "origin": [11.01435, 11.62619, 8]},
			"faces": {
				"north": {"uv": [4.5, 6, 5.5, 7.5], "texture": "#2"},
				"east": {"uv": [1.5, 8.5, 2, 10], "texture": "#2"},
				"south": {"uv": [5.5, 6, 6.5, 7.5], "texture": "#2"},
				"west": {"uv": [8.5, 2, 9, 3.5], "texture": "#2"},
				"up": {"uv": [10, 3, 9, 2.5], "texture": "#2"},
				"down": {"uv": [4, 9, 3, 9.5], "texture": "#2"}
			}
		},
		{
			"from": [10.98144, 9.88893, 7.742],
			"to": [13.74744, 12.90493, 8.258],
			"shade": false,
			"rotation": {"angle": -22.5, "axis": "z", "origin": [12.36444, 11.14693, 8]},
			"faces": {
				"north": {"uv": [3, 0, 4.5, 1.5], "texture": "#2"},
				"east": {"uv": [8.5, 9, 8.75, 10.5], "texture": "#2"},
				"south": {"uv": [0.5, 3, 2, 4.5], "texture": "#2"},
				"west": {"uv": [9, 9, 9.25, 10.5], "texture": "#2"},
				"up": {"uv": [4.5, 9.75, 3, 9.5], "texture": "#2"},
				"down": {"uv": [11, 4, 9.5, 4.25], "texture": "#2"}
			}
		},
		{
			"from": [11.40228, 12.69193, 8],
			"to": [14.80228, 14.69193, 8],
			"shade": false,
			"rotation": {"angle": -22.5, "axis": "z", "origin": [13.42728, 13.69193, 8]},
			"faces": {
				"north": {"uv": [4.5, 4, 6.25, 5], "texture": "#2"},
				"south": {"uv": [4.5, 5, 6.25, 6], "texture": "#2"}
			}
		},
		{
			"from": [13.86727, 11.17243, 7.992],
			"to": [17.28327, 13.18843, 8.008],
			"shade": false,
			"rotation": {"angle": -45, "axis": "z", "origin": [15.57527, 12.18043, 8]},
			"faces": {
				"north": {"uv": [5.55625, 0, 7.25, 0.975], "texture": "#2"},
				"south": {"uv": [7.25, 0, 5.55625, 0.975], "texture": "#2"}
			}
		},
		{
			"from": [15.48446, 7.28546, 8],
			"to": [17.48446, 11.68546, 8],
			"shade": false,
			"rotation": {"angle": 0, "axis": "y", "origin": [16.48446, 9.48546, 8]},
			"faces": {
				"north": {"uv": [4.5, 0.3, 5.5, 2.25], "texture": "#2"},
				"south": {"uv": [5.5, 0.3, 4.5, 2.25], "texture": "#2"}
			}
		},
		{
			"from": [12.66876, 9.01484, 7.744],
			"to": [15.43076, 11.77684, 8.256],
			"shade": false,
			"rotation": {"angle": -45, "axis": "z", "origin": [14.04976, 10.02084, 8]},
			"faces": {
				"north": {"uv": [3, 1.5, 4.5, 3], "texture": "#2"},
				"east": {"uv": [4.5, 9.5, 4.75, 11], "texture": "#2"},
				"south": {"uv": [3, 3, 4.5, 4.5], "texture": "#2"},
				"west": {"uv": [9.5, 4.5, 9.75, 6], "texture": "#2"},
				"up": {"uv": [6.5, 9.75, 5, 9.5], "texture": "#2"},
				"down": {"uv": [8, 9.5, 6.5, 9.75], "texture": "#2"}
			}
		},
		{
			"from": [14.30878, 8.32401, 7.746],
			"to": [16.26678, 10.28201, 8.254],
			"shade": false,
			"rotation": {"angle": 0, "axis": "y", "origin": [14.88778, 8.90301, 8]},
			"faces": {
				"north": {"uv": [8.5, 4.2625, 7.6, 5], "texture": "#2"},
				"east": {"uv": [3.5, 10.25, 3.75, 11], "texture": "#2"},
				"south": {"uv": [8.5, 4.2625, 7.6, 5], "texture": "#2"},
				"west": {"uv": [4, 10, 4.25, 11], "texture": "#2"},
				"up": {"uv": [11, 5.25, 10, 5], "texture": "#2"},
				"down": {"uv": [11, 5.5, 10, 5.75], "texture": "#2"}
			}
		},
		{
			"from": [-1.48446, 7.28546, 8],
			"to": [0.51554, 11.68546, 8],
			"shade": false,
			"rotation": {"angle": 0, "axis": "y", "origin": [-0.48446, 9.48546, 8]},
			"faces": {
				"north": {"uv": [5.5, 0, 4.5, 2.25], "texture": "#2"},
				"south": {"uv": [1.5, 4.5, 0.5, 6.75], "texture": "#2"}
			}
		},
		{
			"from": [-1.28327, 11.17243, 7.992],
			"to": [2.13273, 13.18843, 8.008],
			"shade": false,
			"rotation": {"angle": 45, "axis": "z", "origin": [0.42473, 12.18043, 8]},
			"faces": {
				"north": {"uv": [7.25, 0, 5.5, 1], "texture": "#2"},
				"south": {"uv": [7.25, 1, 5.5, 2], "texture": "#2"}
			}
		},
		{
			"from": [1.19772, 12.69193, 8],
			"to": [4.59772, 14.69193, 8],
			"shade": false,
			"rotation": {"angle": 22.5, "axis": "z", "origin": [2.57272, 13.69193, 8]},
			"faces": {
				"north": {"uv": [6.25, 4, 4.5, 5], "texture": "#2"},
				"south": {"uv": [6.25, 5, 4.5, 6], "texture": "#2"}
			}
		},
		{
			"from": [-0.26678, 8.32401, 7.746],
			"to": [1.69122, 10.28201, 8.254],
			"shade": false,
			"rotation": {"angle": 0, "axis": "y", "origin": [1.11222, 8.90301, 8]},
			"faces": {
				"north": {"uv": [8.5, 4, 7.5, 5], "texture": "#2"},
				"east": {"uv": [4.25, 10, 4, 11], "texture": "#2"},
				"south": {"uv": [8.5, 5, 7.5, 6], "texture": "#2"},
				"west": {"uv": [3.75, 10, 3.5, 11], "texture": "#2"},
				"up": {"uv": [10, 5.25, 11, 5], "texture": "#2"},
				"down": {"uv": [10, 5.5, 11, 5.75], "texture": "#2"}
			}
		},
		{
			"from": [0.56924, 9.01484, 7.744],
			"to": [3.33124, 11.77684, 8.256],
			"shade": false,
			"rotation": {"angle": 45, "axis": "z", "origin": [1.95024, 10.02084, 8]},
			"faces": {
				"north": {"uv": [4.5, 1.5, 3, 3], "texture": "#2"},
				"east": {"uv": [9.75, 4.5, 9.5, 6], "texture": "#2"},
				"south": {"uv": [4.5, 3, 3, 4.5], "texture": "#2"},
				"west": {"uv": [4.75, 9.5, 4.5, 11], "texture": "#2"},
				"up": {"uv": [5, 9.75, 6.5, 9.5], "texture": "#2"},
				"down": {"uv": [6.5, 9.5, 8, 9.75], "texture": "#2"}
			}
		},
		{
			"from": [2.25256, 9.88893, 7.742],
			"to": [5.01856, 12.90493, 8.258],
			"shade": false,
			"rotation": {"angle": 22.5, "axis": "z", "origin": [3.63556, 11.14693, 8]},
			"faces": {
				"north": {"uv": [4.5, 0, 3, 1.5], "texture": "#2"},
				"east": {"uv": [9.25, 9, 9, 10.5], "texture": "#2"},
				"south": {"uv": [2, 3, 0.5, 4.5], "texture": "#2"},
				"west": {"uv": [8.75, 9, 8.5, 10.5], "texture": "#2"},
				"up": {"uv": [3, 9.75, 4.5, 9.5], "texture": "#2"},
				"down": {"uv": [9.5, 4, 11, 4.25], "texture": "#2"}
			}
		},
		{
			"from": [3.63831, 9.2336, 7.494],
			"to": [5.65031, 12.2456, 8.506],
			"shade": false,
			"rotation": {"angle": 22.5, "axis": "z", "origin": [4.98565, 11.62619, 8]},
			"faces": {
				"north": {"uv": [5.5, 6, 4.5, 7.5], "texture": "#2"},
				"east": {"uv": [9, 2, 8.5, 3.5], "texture": "#2"},
				"south": {"uv": [6.5, 6, 5.5, 7.5], "texture": "#2"},
				"west": {"uv": [2, 8.5, 1.5, 10], "texture": "#2"},
				"up": {"uv": [9, 3, 10, 2.5], "texture": "#2"},
				"down": {"uv": [3, 9, 4, 9.5], "texture": "#2"}
			}
		},
		{
			"from": [3.59611, 11.11546, 7.496],
			"to": [5.60411, 13.87346, 8.504],
			"shade": false,
			"rotation": {"angle": -22.5, "axis": "z", "origin": [4.98565, 11.62619, 8]},
			"faces": {
				"north": {"uv": [2.5, 4.5, 1.5, 6], "texture": "#2"},
				"east": {"uv": [1.5, 8.5, 1, 10], "texture": "#2"},
				"south": {"uv": [2.5, 6, 1.5, 7.5], "texture": "#2"},
				"west": {"uv": [1, 8.5, 0.5, 10], "texture": "#2"},
				"up": {"uv": [0.5, 7.5, 1.5, 7], "texture": "#2"},
				"down": {"uv": [9, 2, 10, 2.5], "texture": "#2"}
			}
		},
		{
			"from": [7.5, -3, 7.5],
			"to": [8.5, 11, 8.5],
			"shade": false,
			"rotation": {"angle": 0, "axis": "y", "origin": [9, 3, 7]},
			"faces": {
				"north": {"uv": [2.5, 0, 3, 7], "texture": "#2"},
				"east": {"uv": [0, 3, 0.5, 10], "texture": "#2"},
				"south": {"uv": [2.5, 0, 3, 7], "texture": "#2"},
				"west": {"uv": [0, 3, 0.5, 10], "texture": "#2"}
			}
		},
		{
			"from": [6.75, 7.75, 6.75],
			"to": [9.25, 8.75, 9.25],
			"shade": false,
			"rotation": {"angle": 0, "axis": "y", "origin": [8, 8.25, 8]},
			"faces": {
				"up": {"uv": [7.25, 3.25, 6, 2], "texture": "#2"},
				"down": {"uv": [4.25, 6, 3, 7.25], "texture": "#2"}
			}
		},
		{
			"from": [7, 6.25, 7],
			"to": [9, 7.25, 9],
			"shade": false,
			"rotation": {"angle": 45, "axis": "y", "origin": [8, 6.75, 8]},
			"faces": {
				"north": {"uv": [9, 3, 10, 3.5], "texture": "#2"},
				"east": {"uv": [4, 9, 5, 9.5], "texture": "#2"},
				"south": {"uv": [9, 6, 10, 6.5], "texture": "#2"},
				"west": {"uv": [9, 6.5, 10, 7], "texture": "#2"},
				"up": {"uv": [6.5, 8.5, 5.5, 7.5], "texture": "#2"},
				"down": {"uv": [7.5, 7.5, 6.5, 8.5], "texture": "#2"}
			}
		},
		{
			"from": [6.46695, 7.76802, 6.75],
			"to": [6.66695, 8.30902, 9.25],
			"shade": false,
			"rotation": {"angle": -22.5, "axis": "z", "origin": [7.71695, 7.81802, 8]},
			"faces": {
				"north": {"uv": [3, 11, 3.25, 11.25], "texture": "#2"},
				"south": {"uv": [3.5, 11, 3.75, 11.25], "texture": "#2"},
				"west": {"uv": [10, 1.5, 11.25, 1.75], "texture": "#2"}
			}
		},
		{
			"from": [6.64472, 7.76724, 6.748],
			"to": [6.84872, 8.31224, 9.252],
			"shade": false,
			"rotation": {"angle": 22.5, "axis": "z", "origin": [6.74672, 8.01924, 8]},
			"faces": {
				"north": {"uv": [4, 11, 4.25, 11.25], "texture": "#2"},
				"south": {"uv": [11, 4, 11.25, 4.25], "texture": "#2"},
				"west": {"uv": [2, 10, 3.25, 10.25], "texture": "#2"}
			}
		},
		{
			"from": [9.15128, 7.76724, 6.748],
			"to": [9.35528, 8.31224, 9.252],
			"shade": false,
			"rotation": {"angle": -22.5, "axis": "z", "origin": [9.25328, 8.01924, 8]},
			"faces": {
				"north": {"uv": [11, 5, 11.25, 5.25], "texture": "#2"},
				"east": {"uv": [10, 2.5, 11.25, 2.75], "texture": "#2"},
				"south": {"uv": [5.5, 11, 5.75, 11.25], "texture": "#2"}
			}
		},
		{
			"from": [9.33305, 7.76802, 6.75],
			"to": [9.53305, 8.30902, 9.25],
			"shade": false,
			"rotation": {"angle": 22.5, "axis": "z", "origin": [8.28305, 7.81802, 8]},
			"faces": {
				"north": {"uv": [4.5, 11, 4.75, 11.25], "texture": "#2"},
				"east": {"uv": [10, 2, 11.25, 2.25], "texture": "#2"},
				"south": {"uv": [5, 11, 5.25, 11.25], "texture": "#2"}
			}
		},
		{
			"from": [6.748, 7.76724, 6.64472],
			"to": [9.252, 8.31224, 6.84872],
			"shade": false,
			"rotation": {"angle": -22.5, "axis": "x", "origin": [8, 8.01924, 6.74672]},
			"faces": {
				"north": {"uv": [5, 10, 6.25, 10.25], "texture": "#2"},
				"east": {"uv": [8, 11, 8.25, 11.25], "texture": "#2"},
				"west": {"uv": [8.5, 11, 8.75, 11.25], "texture": "#2"}
			}
		},
		{
			"from": [6.75, 7.76802, 6.46695],
			"to": [9.25, 8.30902, 6.66695],
			"shade": false,
			"rotation": {"angle": 22.5, "axis": "x", "origin": [8, 7.81802, 7.71695]},
			"faces": {
				"north": {"uv": [10, 4.5, 11.25, 4.75], "texture": "#2"},
				"east": {"uv": [11, 7, 11.25, 7.25], "texture": "#2"},
				"west": {"uv": [7.5, 11, 7.75, 11.25], "texture": "#2"}
			}
		},
		{
			"from": [6.748, 7.76724, 9.15128],
			"to": [9.252, 8.31224, 9.35528],
			"shade": false,
			"rotation": {"angle": 22.5, "axis": "x", "origin": [8, 8.01924, 9.25328]},
			"faces": {
				"east": {"uv": [11, 6.5, 11.25, 6.75], "texture": "#2"},
				"south": {"uv": [10, 3.5, 11.25, 3.75], "texture": "#2"},
				"west": {"uv": [7, 11, 7.25, 11.25], "texture": "#2"}
			}
		},
		{
			"from": [6.75, 7.76802, 9.33305],
			"to": [9.25, 8.30902, 9.53305],
			"shade": false,
			"rotation": {"angle": -22.5, "axis": "x", "origin": [8, 7.81802, 8.28305]},
			"faces": {
				"east": {"uv": [11, 5.5, 11.25, 5.75], "texture": "#2"},
				"south": {"uv": [10, 3, 11.25, 3.25], "texture": "#2"},
				"west": {"uv": [6, 11, 6.25, 11.25], "texture": "#2"}
			}
		},
		{
			"from": [7.53033, 8.92678, 7.5],
			"to": [8.53033, 9.92678, 8.5],
			"shade": false,
			"rotation": {"angle": 45, "axis": "z", "origin": [8.03033, 8.67678, 8]},
			"faces": {
				"north": {"uv": [5.5, 2, 6, 2.5], "texture": "#2"},
				"south": {"uv": [6, 3.5, 6.5, 4], "texture": "#2"},
				"west": {"uv": [2.5, 7, 3, 7.5], "texture": "#2"},
				"up": {"uv": [8, 6.5, 7.5, 6], "texture": "#2"}
			}
		},
		{
			"from": [7.46967, 8.92678, 7.5],
			"to": [8.46967, 9.92678, 8.5],
			"shade": false,
			"rotation": {"angle": -45, "axis": "z", "origin": [7.96967, 8.67678, 8]},
			"faces": {
				"north": {"uv": [8, 7, 8.5, 7.5], "texture": "#2"},
				"east": {"uv": [10, 6, 10.5, 6.5], "texture": "#2"},
				"south": {"uv": [6.5, 10, 7, 10.5], "texture": "#2"},
				"up": {"uv": [10.5, 7, 10, 6.5], "texture": "#2"}
			}
		},
		{
			"from": [7.5, 9.06066, 7.14645],
			"to": [8.5, 10.06066, 8.14645],
			"shade": false,
			"rotation": {"angle": -45, "axis": "x", "origin": [8, 9.20711, 8]},
			"faces": {
				"north": {"uv": [0.5, 10.5, 1, 11], "texture": "#2"},
				"east": {"uv": [10.5, 0.5, 11, 1], "texture": "#2"},
				"west": {"uv": [1, 10.5, 1.5, 11], "texture": "#2"},
				"up": {"uv": [11, 1.5, 10.5, 1], "texture": "#2"}
			}
		},
		{
			"from": [7.5, 9.06066, 7.85355],
			"to": [8.5, 10.06066, 8.85355],
			"shade": false,
			"rotation": {"angle": 45, "axis": "x", "origin": [8, 9.20711, 8]},
			"faces": {
				"east": {"uv": [7, 10, 7.5, 10.5], "texture": "#2"},
				"south": {"uv": [7.5, 10, 8, 10.5], "texture": "#2"},
				"west": {"uv": [9.5, 10, 10, 10.5], "texture": "#2"},
				"up": {"uv": [10.5, 10.5, 10, 10], "texture": "#2"}
			}
		},
		{
			"from": [7.61332, -2.754, 7.246],
			"to": [8.87132, -1.996, 8.754],
			"shade": false,
			"rotation": {"angle": -22.5, "axis": "z", "origin": [7.61732, -3, 8]},
			"faces": {
				"north": {"uv": [9.5, 7, 10.25, 7.5], "texture": "#2"},
				"east": {"uv": [9.5, 7.5, 10.25, 8], "texture": "#2"},
				"south": {"uv": [9.5, 8, 10.25, 8.5], "texture": "#2"},
				"west": {"uv": [9.5, 8.5, 10.25, 9], "texture": "#2"},
				"up": {"uv": [9.75, 1.75, 9, 1], "texture": "#2"},
				"down": {"uv": [2.75, 9, 2, 9.75], "texture": "#2"}
			}
		},
		{
			"from": [7.55273, -3.92861, 7.242],
			"to": [8.79373, -2.68761, 8.758],
			"shade": false,
			"rotation": {"angle": -45, "axis": "z", "origin": [8.16073, -3.07061, 8]},
			"faces": {
				"north": {"uv": [3, 10.5, 3.5, 11], "texture": "#2"},
				"east": {"uv": [10, 0, 10.75, 0.5], "texture": "#2"},
				"south": {"uv": [5, 10.5, 5.5, 11], "texture": "#2"},
				"west": {"uv": [0.5, 10, 1.25, 10.5], "texture": "#2"},
				"up": {"uv": [10.5, 1.25, 10, 0.5], "texture": "#2"},
				"down": {"uv": [2, 10, 1.5, 10.75], "texture": "#2"}
			}
		},
		{
			"from": [7.1, -5.39654, 8],
			"to": [8.9, -3.17154, 8],
			"shade": false,
			"rotation": {"angle": 0, "axis": "y", "origin": [8, -4.03404, 8]},
			"faces": {
				"north": {"uv": [7.5, 7.5, 8.5, 8.5], "texture": "#2"},
				"east": {"uv": [0, 0, 0, 1], "texture": "#2"},
				"south": {"uv": [3, 8, 4, 9], "texture": "#2"},
				"west": {"uv": [0, 0, 0, 1], "texture": "#2"},
				"up": {"uv": [1, 0, 0, 0], "texture": "#2"},
				"down": {"uv": [1, 0, 0, 0], "texture": "#2"}
			}
		},
		{
			"from": [7.81073, -3.42061, 7],
			"to": [8.53573, -2.69561, 9],
			"shade": false,
			"rotation": {"angle": -45, "axis": "z", "origin": [8.16073, -2.82061, 8]},
			"faces": {
				"north": {"uv": [0, 15.5, 0.5, 16], "texture": "#2"},
				"east": {"uv": [0, 15.5, 0.25, 16], "texture": "#2"},
				"south": {"uv": [0.5, 15.5, 0, 16], "texture": "#2"},
				"west": {"uv": [0.5, 15.5, 0.25, 16], "texture": "#2"},
				"up": {"uv": [0.5, 15.5, 0, 15.75], "texture": "#2"},
				"down": {"uv": [0.5, 15.75, 0, 16], "texture": "#2"}
			}
		},
		{
			"from": [6.9734, -2.9854, 7.244],
			"to": [8.2354, -2.2234, 8.756],
			"shade": false,
			"rotation": {"angle": 22.5, "axis": "z", "origin": [7.7294, -2.7294, 8]},
			"faces": {
				"north": {"uv": [2, 10.5, 2.5, 11], "texture": "#2"},
				"east": {"uv": [9.5, 9, 10.25, 9.5], "texture": "#2"},
				"south": {"uv": [2.5, 10.5, 3, 11], "texture": "#2"},
				"west": {"uv": [9.5, 9.5, 10.25, 10], "texture": "#2"},
				"up": {"uv": [8.5, 10.25, 8, 9.5], "texture": "#2"},
				"down": {"uv": [0.5, 10, 0, 10.75], "texture": "#2"}
			}
		},
		{
			"from": [6.492, 10.492, 6.992],
			"to": [9.508, 13.458, 9.008],
			"shade": false,
			"rotation": {"angle": 0, "axis": "y", "origin": [7, 10, 7]},
			"faces": {
				"north": {"uv": [4.5, 2.5, 6, 4], "texture": "#2"},
				"east": {"uv": [6.5, 3.5, 7.5, 5], "texture": "#2"},
				"south": {"uv": [3, 4.5, 4.5, 6], "texture": "#2"},
				"west": {"uv": [6.5, 5, 7.5, 6.5], "texture": "#2"},
				"up": {"uv": [8, 7.5, 6.5, 6.5], "texture": "#2"},
				"down": {"uv": [9, 0, 7.5, 1], "texture": "#2"}
			}
		},
		{
			"from": [7.23501, 13.59629, 6.996],
			"to": [8.85801, 14.17929, 9.004],
			"shade": false,
			"rotation": {"angle": -22.5, "axis": "z", "origin": [7.36401, 12.20029, 8]},
			"faces": {
				"north": {"uv": [10, 10.5, 10.75, 10.75], "texture": "#2"},
				"east": {"uv": [7, 10.5, 8, 10.75], "texture": "#2"},
				"south": {"uv": [10.5, 10, 11.25, 10.25], "texture": "#2"},
				"west": {"uv": [10.5, 7.5, 11.5, 7.75], "texture": "#2"},
				"up": {"uv": [9.25, 5, 8.5, 4], "texture": "#2"},
				"down": {"uv": [9.25, 5, 8.5, 6], "texture": "#2"}
			}
		},
		{
			"from": [7.14522, 13.60412, 7],
			"to": [8.76022, 14.17912, 9],
			"shade": false,
			"rotation": {"angle": 22.5, "axis": "z", "origin": [8.64522, 12.20412, 8]},
			"faces": {
				"north": {"uv": [0, 11, 0.75, 11.25], "texture": "#2"},
				"east": {"uv": [8, 10.5, 9, 10.75], "texture": "#2"},
				"south": {"uv": [11, 0, 11.75, 0.25], "texture": "#2"},
				"west": {"uv": [10.5, 8, 11.5, 8.25], "texture": "#2"},
				"up": {"uv": [6.25, 9.5, 5.5, 8.5], "texture": "#2"},
				"down": {"uv": [7.25, 8.5, 6.5, 9.5], "texture": "#2"}
			}
		},
		{
			"from": [7.14522, 9.77088, 7],
			"to": [8.76022, 10.34588, 9],
			"shade": false,
			"rotation": {"angle": -22.5, "axis": "z", "origin": [8.64522, 11.74588, 8]},
			"faces": {
				"north": {"uv": [11, 1, 11.75, 1.25], "texture": "#2"},
				"east": {"uv": [10.5, 9, 11.5, 9.25], "texture": "#2"},
				"south": {"uv": [2, 11, 2.75, 11.25], "texture": "#2"},
				"west": {"uv": [10.5, 9.5, 11.5, 9.75], "texture": "#2"},
				"up": {"uv": [9.25, 9, 8.5, 8], "texture": "#2"},
				"down": {"uv": [9.75, 0, 9, 1], "texture": "#2"}
			}
		},
		{
			"from": [7.23301, 9.76871, 6.994],
			"to": [8.86001, 10.35571, 9.006],
			"shade": false,
			"rotation": {"angle": 22.5, "axis": "z", "origin": [7.36401, 11.74971, 8]},
			"faces": {
				"north": {"uv": [11, 0.5, 11.75, 0.75], "texture": "#2"},
				"east": {"uv": [10.5, 8.5, 11.5, 8.75], "texture": "#2"},
				"south": {"uv": [1, 11, 1.75, 11.25], "texture": "#2"},
				"west": {"uv": [9, 10.5, 10, 10.75], "texture": "#2"},
				"up": {"uv": [9.25, 8, 8.5, 7], "texture": "#2"},
				"down": {"uv": [8.25, 8.5, 7.5, 9.5], "texture": "#2"}
			}
		},
		{
			"from": [6.992, 10.942, 6.492],
			"to": [9.008, 12.958, 9.508],
			"shade": false,
			"rotation": {"angle": 45, "axis": "z", "origin": [8, 11.95, 8]},
			"faces": {
				"north": {"uv": [4, 8, 5, 9], "texture": "#2"},
				"east": {"uv": [0.5, 7.5, 2, 8.5], "texture": "#2"},
				"south": {"uv": [8, 6, 9, 7], "texture": "#2"},
				"west": {"uv": [7.5, 1, 9, 2], "texture": "#2"},
				"up": {"uv": [3, 9, 2, 7.5], "texture": "#2"},
				"down": {"uv": [8.5, 2, 7.5, 3.5], "texture": "#2"}
			}
		},
		{
			"name": "ef",
			"from": [3, 8, 8],
			"to": [12.5, 24, 8],
			"shade": false,
			"rotation": {"angle": 0, "axis": "y", "origin": [6.75, -1, 8]},
			"faces": {
				"north": {"uv": [0.75, 7, 7.75, 16], "texture": "#1"},
				"east": {"uv": [0, 0, 0, 9], "texture": "#1"},
				"south": {"uv": [0.75, 7, 7.75, 16], "texture": "#1"},
				"west": {"uv": [0, 0, 0, 9], "texture": "#1"},
				"up": {"uv": [0, 0, 5, 0], "texture": "#1"},
				"down": {"uv": [0, 0, 5, 0], "texture": "#1"}
			}
		},
		{
			"name": "1",
			"from": [2.35, 6.5, 6.6],
			"to": [2.65, 6.8, 6.9],
			"shade": false,
			"rotation": {"angle": 0, "axis": "y", "origin": [2.5, 7.7, 6.75]},
			"faces": {
				"north": {"uv": [15.75, 15.75, 16, 16], "texture": "#1"},
				"east": {"uv": [15.75, 15.75, 16, 16], "texture": "#1"},
				"south": {"uv": [15.75, 15.75, 16, 16], "texture": "#1"},
				"west": {"uv": [15.75, 15.75, 16, 16], "texture": "#1"},
				"up": {"uv": [15.75, 15.75, 16, 16], "texture": "#1"},
				"down": {"uv": [15.75, 15.75, 16, 16], "texture": "#1"}
			}
		},
		{
			"name": "2",
			"from": [2.275, 6.88209, 6.23799],
			"to": [2.725, 7.33209, 6.68799],
			"shade": false,
			"rotation": {"angle": -22.5, "axis": "x", "origin": [2.5, 7.8, 6.75]},
			"faces": {
				"north": {"uv": [15.5, 15.75, 15.75, 16], "texture": "#1"},
				"east": {"uv": [15.5, 15.75, 15.75, 16], "texture": "#1"},
				"south": {"uv": [15.5, 15.75, 15.75, 16], "texture": "#1"},
				"west": {"uv": [15.5, 15.75, 15.75, 16], "texture": "#1"},
				"up": {"uv": [15.5, 15.75, 15.75, 16], "texture": "#1"},
				"down": {"uv": [15.5, 15.75, 15.75, 16], "texture": "#1"}
			}
		},
		{
			"name": "3",
			"from": [1.96716, 7.41716, 6.5],
			"to": [2.46716, 7.91716, 7],
			"shade": false,
			"rotation": {"angle": 45, "axis": "z", "origin": [2.5, 7.95, 6.75]},
			"faces": {
				"north": {"uv": [15.25, 15.75, 15.5, 16], "texture": "#1"},
				"east": {"uv": [15.25, 15.75, 15.5, 16], "texture": "#1"},
				"south": {"uv": [15.25, 15.75, 15.5, 16], "texture": "#1"},
				"west": {"uv": [15.25, 15.75, 15.5, 16], "texture": "#1"},
				"up": {"uv": [15.25, 15.75, 15.5, 16], "texture": "#1"},
				"down": {"uv": [15.25, 15.75, 15.5, 16], "texture": "#1"}
			}
		},
		{
			"name": "4",
			"from": [2.25, 7.91142, 6.5574],
			"to": [2.75, 8.41142, 7.0574],
			"shade": false,
			"rotation": {"angle": 22.5, "axis": "x", "origin": [2.5, 8.3, 6.75]},
			"faces": {
				"north": {"uv": [15, 15.75, 15.25, 16], "texture": "#1"},
				"east": {"uv": [15, 15.75, 15.25, 16], "texture": "#1"},
				"south": {"uv": [15, 15.75, 15.25, 16], "texture": "#1"},
				"west": {"uv": [15, 15.75, 15.25, 16], "texture": "#1"},
				"up": {"uv": [15, 15.75, 15.25, 16], "texture": "#1"},
				"down": {"uv": [15, 15.75, 15.25, 16], "texture": "#1"}
			}
		},
		{
			"name": "5",
			"from": [2.25, 8.45, 6.5],
			"to": [2.75, 8.95, 7],
			"shade": false,
			"rotation": {"angle": 0, "axis": "y", "origin": [2.5, 8.65, 6.75]},
			"faces": {
				"north": {"uv": [14.75, 15.75, 15, 16], "texture": "#1"},
				"east": {"uv": [14.75, 15.75, 15, 16], "texture": "#1"},
				"south": {"uv": [14.75, 15.75, 15, 16], "texture": "#1"},
				"west": {"uv": [14.75, 15.75, 15, 16], "texture": "#1"},
				"up": {"uv": [14.75, 15.75, 15, 16], "texture": "#1"},
				"down": {"uv": [14.75, 15.75, 15, 16], "texture": "#1"}
			}
		},
		{
			"name": "6",
			"from": [2.25, 9.02336, 6.36606],
			"to": [2.75, 9.52336, 6.86606],
			"shade": false,
			"rotation": {"angle": 22.5, "axis": "x", "origin": [2.5, 8.95, 6.75]},
			"faces": {
				"north": {"uv": [14.5, 15.75, 14.75, 16], "texture": "#1"},
				"east": {"uv": [14.5, 15.75, 14.75, 16], "texture": "#1"},
				"south": {"uv": [14.5, 15.75, 14.75, 16], "texture": "#1"},
				"west": {"uv": [14.5, 15.75, 14.75, 16], "texture": "#1"},
				"up": {"uv": [14.5, 15.75, 14.75, 16], "texture": "#1"},
				"down": {"uv": [14.5, 15.75, 14.75, 16], "texture": "#1"}
			}
		},
		{
			"name": "7",
			"from": [2.75962, 9.35962, 6.525],
			"to": [3.15962, 9.75962, 6.975],
			"shade": false,
			"rotation": {"angle": 45, "axis": "z", "origin": [2.5, 9.1, 6.75]},
			"faces": {
				"north": {"uv": [14.25, 15.75, 14.5, 16], "texture": "#1"},
				"east": {"uv": [14.25, 15.75, 14.5, 16], "texture": "#1"},
				"south": {"uv": [14.25, 15.75, 14.5, 16], "texture": "#1"},
				"west": {"uv": [14.25, 15.75, 14.5, 16], "texture": "#1"},
				"up": {"uv": [14.25, 15.75, 14.5, 16], "texture": "#1"},
				"down": {"uv": [14.25, 15.75, 14.5, 16], "texture": "#1"}
			}
		},
		{
			"name": "8",
			"from": [2.25, 9.84507, 6.09818],
			"to": [2.75, 10.34507, 6.59818],
			"shade": false,
			"rotation": {"angle": 22.5, "axis": "x", "origin": [2.5, 9.125, 6.75]},
			"faces": {
				"north": {"uv": [14, 15.75, 14.25, 16], "texture": "#1"},
				"east": {"uv": [14, 15.75, 14.25, 16], "texture": "#1"},
				"south": {"uv": [14, 15.75, 14.25, 16], "texture": "#1"},
				"west": {"uv": [14, 15.75, 14.25, 16], "texture": "#1"},
				"up": {"uv": [14, 15.75, 14.25, 16], "texture": "#1"},
				"down": {"uv": [14, 15.75, 14.25, 16], "texture": "#1"}
			}
		},
		{
			"name": "9",
			"from": [2.25, 10.25, 6.5],
			"to": [2.75, 10.75, 7],
			"shade": false,
			"rotation": {"angle": -22.5, "axis": "y", "origin": [2.5, 10.5, 6.75]},
			"faces": {
				"north": {"uv": [13.75, 15.75, 14, 16], "texture": "#1"},
				"east": {"uv": [13.75, 15.75, 14, 16], "texture": "#1"},
				"south": {"uv": [13.75, 15.75, 14, 16], "texture": "#1"},
				"west": {"uv": [13.75, 15.75, 14, 16], "texture": "#1"},
				"up": {"uv": [13.75, 15.75, 14, 16], "texture": "#1"},
				"down": {"uv": [13.75, 15.75, 14, 16], "texture": "#1"}
			}
		},
		{
			"name": "10",
			"from": [2.25, 10.7, 6.5],
			"to": [2.75, 11.2, 7],
			"shade": false,
			"rotation": {"angle": 45, "axis": "z", "origin": [2.5, 10.95, 6.75]},
			"faces": {
				"north": {"uv": [13.5, 15.75, 13.75, 16], "texture": "#1"},
				"east": {"uv": [13.5, 15.75, 13.75, 16], "texture": "#1"},
				"south": {"uv": [13.5, 15.75, 13.75, 16], "texture": "#1"},
				"west": {"uv": [13.5, 15.75, 13.75, 16], "texture": "#1"},
				"up": {"uv": [13.5, 15.75, 13.75, 16], "texture": "#1"},
				"down": {"uv": [13.5, 15.75, 13.75, 16], "texture": "#1"}
			}
		},
		{
			"name": "11",
			"from": [2.25, 11.1, 6.5],
			"to": [2.75, 11.6, 7],
			"shade": false,
			"rotation": {"angle": 22.5, "axis": "z", "origin": [2.5, 11.35, 6.75]},
			"faces": {
				"north": {"uv": [13.25, 15.75, 13.5, 16], "texture": "#1"},
				"east": {"uv": [13.25, 15.75, 13.5, 16], "texture": "#1"},
				"south": {"uv": [13.25, 15.75, 13.5, 16], "texture": "#1"},
				"west": {"uv": [13.25, 15.75, 13.5, 16], "texture": "#1"},
				"up": {"uv": [13.25, 15.75, 13.5, 16], "texture": "#1"},
				"down": {"uv": [13.25, 15.75, 13.5, 16], "texture": "#1"}
			}
		},
		{
			"name": "12",
			"from": [2.3, 11.6, 6.55],
			"to": [2.7, 12, 6.95],
			"shade": false,
			"rotation": {"angle": -45, "axis": "x", "origin": [2.5, 11.8, 6.75]},
			"faces": {
				"north": {"uv": [13, 15.75, 13.25, 16], "texture": "#1"},
				"east": {"uv": [13, 15.75, 13.25, 16], "texture": "#1"},
				"south": {"uv": [13, 15.75, 13.25, 16], "texture": "#1"},
				"west": {"uv": [13, 15.75, 13.25, 16], "texture": "#1"},
				"up": {"uv": [13, 15.75, 13.25, 16], "texture": "#1"},
				"down": {"uv": [13, 15.75, 13.25, 16], "texture": "#1"}
			}
		},
		{
			"name": "1",
			"from": [14.35, 9.25, 9.1],
			"to": [14.65, 9.55, 9.4],
			"shade": false,
			"rotation": {"angle": 0, "axis": "y", "origin": [14.5, 10.45, 9.25]},
			"faces": {
				"north": {"uv": [15.75, 15.5, 16, 15.75], "texture": "#1"},
				"east": {"uv": [15.75, 15.5, 16, 15.75], "texture": "#1"},
				"south": {"uv": [15.75, 15.5, 16, 15.75], "texture": "#1"},
				"west": {"uv": [15.75, 15.5, 16, 15.75], "texture": "#1"},
				"up": {"uv": [16, 15.75, 15.75, 15.5], "texture": "#1"},
				"down": {"uv": [16, 15.75, 15.75, 15.5], "texture": "#1"}
			}
		},
		{
			"name": "2",
			"from": [14.275, 9.63209, 9.31201],
			"to": [14.725, 10.08209, 9.76201],
			"shade": false,
			"rotation": {"angle": 22.5, "axis": "x", "origin": [14.5, 10.55, 9.25]},
			"faces": {
				"north": {"uv": [15.5, 15.5, 15.75, 15.75], "texture": "#1"},
				"east": {"uv": [15.5, 15.5, 15.75, 15.75], "texture": "#1"},
				"south": {"uv": [15.5, 15.5, 15.75, 15.75], "texture": "#1"},
				"west": {"uv": [15.5, 15.5, 15.75, 15.75], "texture": "#1"},
				"up": {"uv": [15.75, 15.75, 15.5, 15.5], "texture": "#1"},
				"down": {"uv": [15.75, 15.75, 15.5, 15.5], "texture": "#1"}
			}
		},
		{
			"name": "3",
			"from": [14.53284, 10.16716, 9],
			"to": [15.03284, 10.66716, 9.5],
			"shade": false,
			"rotation": {"angle": -45, "axis": "z", "origin": [14.5, 10.7, 9.25]},
			"faces": {
				"north": {"uv": [15.25, 15.5, 15.5, 15.75], "texture": "#1"},
				"east": {"uv": [15.25, 15.5, 15.5, 15.75], "texture": "#1"},
				"south": {"uv": [15.25, 15.5, 15.5, 15.75], "texture": "#1"},
				"west": {"uv": [15.25, 15.5, 15.5, 15.75], "texture": "#1"},
				"up": {"uv": [15.5, 15.75, 15.25, 15.5], "texture": "#1"},
				"down": {"uv": [15.5, 15.75, 15.25, 15.5], "texture": "#1"}
			}
		},
		{
			"name": "4",
			"from": [14.25, 10.66142, 8.9426],
			"to": [14.75, 11.16142, 9.4426],
			"shade": false,
			"rotation": {"angle": -22.5, "axis": "x", "origin": [14.5, 11.05, 9.25]},
			"faces": {
				"north": {"uv": [15, 15.5, 15.25, 15.75], "texture": "#1"},
				"east": {"uv": [15, 15.5, 15.25, 15.75], "texture": "#1"},
				"south": {"uv": [15, 15.5, 15.25, 15.75], "texture": "#1"},
				"west": {"uv": [15, 15.5, 15.25, 15.75], "texture": "#1"},
				"up": {"uv": [15.25, 15.75, 15, 15.5], "texture": "#1"},
				"down": {"uv": [15.25, 15.75, 15, 15.5], "texture": "#1"}
			}
		},
		{
			"name": "5",
			"from": [14.25, 11.2, 9],
			"to": [14.75, 11.7, 9.5],
			"shade": false,
			"rotation": {"angle": 0, "axis": "y", "origin": [14.5, 11.4, 9.25]},
			"faces": {
				"north": {"uv": [14.75, 15.5, 15, 15.75], "texture": "#1"},
				"east": {"uv": [14.75, 15.5, 15, 15.75], "texture": "#1"},
				"south": {"uv": [14.75, 15.5, 15, 15.75], "texture": "#1"},
				"west": {"uv": [14.75, 15.5, 15, 15.75], "texture": "#1"},
				"up": {"uv": [15, 15.75, 14.75, 15.5], "texture": "#1"},
				"down": {"uv": [15, 15.75, 14.75, 15.5], "texture": "#1"}
			}
		},
		{
			"name": "6",
			"from": [14.25, 11.77336, 9.13394],
			"to": [14.75, 12.27336, 9.63394],
			"shade": false,
			"rotation": {"angle": -22.5, "axis": "x", "origin": [14.5, 11.7, 9.25]},
			"faces": {
				"north": {"uv": [14.5, 15.5, 14.75, 15.75], "texture": "#1"},
				"east": {"uv": [14.5, 15.5, 14.75, 15.75], "texture": "#1"},
				"south": {"uv": [14.5, 15.5, 14.75, 15.75], "texture": "#1"},
				"west": {"uv": [14.5, 15.5, 14.75, 15.75], "texture": "#1"},
				"up": {"uv": [14.75, 15.75, 14.5, 15.5], "texture": "#1"},
				"down": {"uv": [14.75, 15.75, 14.5, 15.5], "texture": "#1"}
			}
		},
		{
			"name": "7",
			"from": [13.84038, 12.10962, 9.025],
			"to": [14.24038, 12.50962, 9.475],
			"shade": false,
			"rotation": {"angle": -45, "axis": "z", "origin": [14.5, 11.85, 9.25]},
			"faces": {
				"north": {"uv": [14.25, 15.5, 14.5, 15.75], "texture": "#1"},
				"east": {"uv": [14.25, 15.5, 14.5, 15.75], "texture": "#1"},
				"south": {"uv": [14.25, 15.5, 14.5, 15.75], "texture": "#1"},
				"west": {"uv": [14.25, 15.5, 14.5, 15.75], "texture": "#1"},
				"up": {"uv": [14.5, 15.75, 14.25, 15.5], "texture": "#1"},
				"down": {"uv": [14.5, 15.75, 14.25, 15.5], "texture": "#1"}
			}
		},
		{
			"name": "8",
			"from": [14.25, 12.59507, 9.40182],
			"to": [14.75, 13.09507, 9.90182],
			"shade": false,
			"rotation": {"angle": -22.5, "axis": "x", "origin": [14.5, 11.875, 9.25]},
			"faces": {
				"north": {"uv": [14, 15.5, 14.25, 15.75], "texture": "#1"},
				"east": {"uv": [14, 15.5, 14.25, 15.75], "texture": "#1"},
				"south": {"uv": [14, 15.5, 14.25, 15.75], "texture": "#1"},
				"west": {"uv": [14, 15.5, 14.25, 15.75], "texture": "#1"},
				"up": {"uv": [14.25, 15.75, 14, 15.5], "texture": "#1"},
				"down": {"uv": [14.25, 15.75, 14, 15.5], "texture": "#1"}
			}
		},
		{
			"name": "9",
			"from": [14.25, 13, 9],
			"to": [14.75, 13.5, 9.5],
			"shade": false,
			"rotation": {"angle": -22.5, "axis": "y", "origin": [14.5, 13.25, 9.25]},
			"faces": {
				"north": {"uv": [13.75, 15.5, 14, 15.75], "texture": "#1"},
				"east": {"uv": [13.75, 15.5, 14, 15.75], "texture": "#1"},
				"south": {"uv": [13.75, 15.5, 14, 15.75], "texture": "#1"},
				"west": {"uv": [13.75, 15.5, 14, 15.75], "texture": "#1"},
				"up": {"uv": [14, 15.75, 13.75, 15.5], "texture": "#1"},
				"down": {"uv": [14, 15.75, 13.75, 15.5], "texture": "#1"}
			}
		},
		{
			"name": "10",
			"from": [14.25, 13.45, 9],
			"to": [14.75, 13.95, 9.5],
			"shade": false,
			"rotation": {"angle": -45, "axis": "z", "origin": [14.5, 13.7, 9.25]},
			"faces": {
				"north": {"uv": [13.5, 15.5, 13.75, 15.75], "texture": "#1"},
				"east": {"uv": [13.5, 15.5, 13.75, 15.75], "texture": "#1"},
				"south": {"uv": [13.5, 15.5, 13.75, 15.75], "texture": "#1"},
				"west": {"uv": [13.5, 15.5, 13.75, 15.75], "texture": "#1"},
				"up": {"uv": [13.75, 15.75, 13.5, 15.5], "texture": "#1"},
				"down": {"uv": [13.75, 15.75, 13.5, 15.5], "texture": "#1"}
			}
		},
		{
			"name": "11",
			"from": [14.25, 13.85, 9],
			"to": [14.75, 14.35, 9.5],
			"shade": false,
			"rotation": {"angle": -22.5, "axis": "z", "origin": [14.5, 14.1, 9.25]},
			"faces": {
				"north": {"uv": [13.25, 15.5, 13.5, 15.75], "texture": "#1"},
				"east": {"uv": [13.25, 15.5, 13.5, 15.75], "texture": "#1"},
				"south": {"uv": [13.25, 15.5, 13.5, 15.75], "texture": "#1"},
				"west": {"uv": [13.25, 15.5, 13.5, 15.75], "texture": "#1"},
				"up": {"uv": [13.5, 15.75, 13.25, 15.5], "texture": "#1"},
				"down": {"uv": [13.5, 15.75, 13.25, 15.5], "texture": "#1"}
			}
		},
		{
			"name": "12",
			"from": [14.3, 14.35, 9.05],
			"to": [14.7, 14.75, 9.45],
			"shade": false,
			"rotation": {"angle": 45, "axis": "x", "origin": [14.5, 14.55, 9.25]},
			"faces": {
				"north": {"uv": [13, 15.5, 13.25, 15.75], "texture": "#1"},
				"east": {"uv": [13, 15.5, 13.25, 15.75], "texture": "#1"},
				"south": {"uv": [13, 15.5, 13.25, 15.75], "texture": "#1"},
				"west": {"uv": [13, 15.5, 13.25, 15.75], "texture": "#1"},
				"up": {"uv": [13.25, 15.75, 13, 15.5], "texture": "#1"},
				"down": {"uv": [13.25, 15.75, 13, 15.5], "texture": "#1"}
			}
		},
		{
			"name": "1",
			"from": [6.35, 13.5, 8.1],
			"to": [6.65, 13.8, 8.4],
			"shade": false,
			"rotation": {"angle": 0, "axis": "y", "origin": [6.5, 14.7, 8.25]},
			"faces": {
				"north": {"uv": [15.75, 15.25, 16, 15.5], "texture": "#1"},
				"east": {"uv": [15.75, 15.25, 16, 15.5], "texture": "#1"},
				"south": {"uv": [15.75, 15.25, 16, 15.5], "texture": "#1"},
				"west": {"uv": [15.75, 15.25, 16, 15.5], "texture": "#1"},
				"up": {"uv": [16, 15.5, 15.75, 15.25], "texture": "#1"},
				"down": {"uv": [16, 15.5, 15.75, 15.25], "texture": "#1"}
			}
		},
		{
			"name": "2",
			"from": [6.275, 13.88209, 8.31201],
			"to": [6.725, 14.33209, 8.76201],
			"shade": false,
			"rotation": {"angle": 22.5, "axis": "x", "origin": [6.5, 14.8, 8.25]},
			"faces": {
				"north": {"uv": [15.5, 15.25, 15.75, 15.5], "texture": "#1"},
				"east": {"uv": [15.5, 15.25, 15.75, 15.5], "texture": "#1"},
				"south": {"uv": [15.5, 15.25, 15.75, 15.5], "texture": "#1"},
				"west": {"uv": [15.5, 15.25, 15.75, 15.5], "texture": "#1"},
				"up": {"uv": [15.75, 15.5, 15.5, 15.25], "texture": "#1"},
				"down": {"uv": [15.75, 15.5, 15.5, 15.25], "texture": "#1"}
			}
		},
		{
			"name": "3",
			"from": [6.53284, 14.41716, 8],
			"to": [7.03284, 14.91716, 8.5],
			"shade": false,
			"rotation": {"angle": -45, "axis": "z", "origin": [6.5, 14.95, 8.25]},
			"faces": {
				"north": {"uv": [15.25, 15.25, 15.5, 15.5], "texture": "#1"},
				"east": {"uv": [15.25, 15.25, 15.5, 15.5], "texture": "#1"},
				"south": {"uv": [15.25, 15.25, 15.5, 15.5], "texture": "#1"},
				"west": {"uv": [15.25, 15.25, 15.5, 15.5], "texture": "#1"},
				"up": {"uv": [15.5, 15.5, 15.25, 15.25], "texture": "#1"},
				"down": {"uv": [15.5, 15.5, 15.25, 15.25], "texture": "#1"}
			}
		},
		{
			"name": "4",
			"from": [6.25, 14.91142, 7.9426],
			"to": [6.75, 15.41142, 8.4426],
			"shade": false,
			"rotation": {"angle": -22.5, "axis": "x", "origin": [6.5, 15.3, 8.25]},
			"faces": {
				"north": {"uv": [15, 15.25, 15.25, 15.5], "texture": "#1"},
				"east": {"uv": [15, 15.25, 15.25, 15.5], "texture": "#1"},
				"south": {"uv": [15, 15.25, 15.25, 15.5], "texture": "#1"},
				"west": {"uv": [15, 15.25, 15.25, 15.5], "texture": "#1"},
				"up": {"uv": [15.25, 15.5, 15, 15.25], "texture": "#1"},
				"down": {"uv": [15.25, 15.5, 15, 15.25], "texture": "#1"}
			}
		},
		{
			"name": "5",
			"from": [6.25, 15.45, 8],
			"to": [6.75, 15.95, 8.5],
			"shade": false,
			"rotation": {"angle": 0, "axis": "y", "origin": [6.5, 15.65, 8.25]},
			"faces": {
				"north": {"uv": [14.75, 15.25, 15, 15.5], "texture": "#1"},
				"east": {"uv": [14.75, 15.25, 15, 15.5], "texture": "#1"},
				"south": {"uv": [14.75, 15.25, 15, 15.5], "texture": "#1"},
				"west": {"uv": [14.75, 15.25, 15, 15.5], "texture": "#1"},
				"up": {"uv": [15, 15.5, 14.75, 15.25], "texture": "#1"},
				"down": {"uv": [15, 15.5, 14.75, 15.25], "texture": "#1"}
			}
		},
		{
			"name": "6",
			"from": [6.25, 16.02336, 8.13394],
			"to": [6.75, 16.52336, 8.63394],
			"shade": false,
			"rotation": {"angle": -22.5, "axis": "x", "origin": [6.5, 15.95, 8.25]},
			"faces": {
				"north": {"uv": [14.5, 15.25, 14.75, 15.5], "texture": "#1"},
				"east": {"uv": [14.5, 15.25, 14.75, 15.5], "texture": "#1"},
				"south": {"uv": [14.5, 15.25, 14.75, 15.5], "texture": "#1"},
				"west": {"uv": [14.5, 15.25, 14.75, 15.5], "texture": "#1"},
				"up": {"uv": [14.75, 15.5, 14.5, 15.25], "texture": "#1"},
				"down": {"uv": [14.75, 15.5, 14.5, 15.25], "texture": "#1"}
			}
		},
		{
			"name": "7",
			"from": [5.84038, 16.35962, 8.025],
			"to": [6.24038, 16.75962, 8.475],
			"shade": false,
			"rotation": {"angle": -45, "axis": "z", "origin": [6.5, 16.1, 8.25]},
			"faces": {
				"north": {"uv": [14.25, 15.25, 14.5, 15.5], "texture": "#1"},
				"east": {"uv": [14.25, 15.25, 14.5, 15.5], "texture": "#1"},
				"south": {"uv": [14.25, 15.25, 14.5, 15.5], "texture": "#1"},
				"west": {"uv": [14.25, 15.25, 14.5, 15.5], "texture": "#1"},
				"up": {"uv": [14.5, 15.5, 14.25, 15.25], "texture": "#1"},
				"down": {"uv": [14.5, 15.5, 14.25, 15.25], "texture": "#1"}
			}
		},
		{
			"name": "8",
			"from": [6.25, 16.84507, 8.40182],
			"to": [6.75, 17.34507, 8.90182],
			"shade": false,
			"rotation": {"angle": -22.5, "axis": "x", "origin": [6.5, 16.125, 8.25]},
			"faces": {
				"north": {"uv": [14, 15.25, 14.25, 15.5], "texture": "#1"},
				"east": {"uv": [14, 15.25, 14.25, 15.5], "texture": "#1"},
				"south": {"uv": [14, 15.25, 14.25, 15.5], "texture": "#1"},
				"west": {"uv": [14, 15.25, 14.25, 15.5], "texture": "#1"},
				"up": {"uv": [14.25, 15.5, 14, 15.25], "texture": "#1"},
				"down": {"uv": [14.25, 15.5, 14, 15.25], "texture": "#1"}
			}
		},
		{
			"name": "9",
			"from": [6.25, 17.25, 8],
			"to": [6.75, 17.75, 8.5],
			"shade": false,
			"rotation": {"angle": -22.5, "axis": "y", "origin": [6.5, 17.5, 8.25]},
			"faces": {
				"north": {"uv": [13.75, 15.25, 14, 15.5], "texture": "#1"},
				"east": {"uv": [13.75, 15.25, 14, 15.5], "texture": "#1"},
				"south": {"uv": [13.75, 15.25, 14, 15.5], "texture": "#1"},
				"west": {"uv": [13.75, 15.25, 14, 15.5], "texture": "#1"},
				"up": {"uv": [14, 15.5, 13.75, 15.25], "texture": "#1"},
				"down": {"uv": [14, 15.5, 13.75, 15.25], "texture": "#1"}
			}
		},
		{
			"name": "10",
			"from": [6.25, 17.7, 8],
			"to": [6.75, 18.2, 8.5],
			"shade": false,
			"rotation": {"angle": -45, "axis": "z", "origin": [6.5, 17.95, 8.25]},
			"faces": {
				"north": {"uv": [13.5, 15.25, 13.75, 15.5], "texture": "#1"},
				"east": {"uv": [13.5, 15.25, 13.75, 15.5], "texture": "#1"},
				"south": {"uv": [13.5, 15.25, 13.75, 15.5], "texture": "#1"},
				"west": {"uv": [13.5, 15.25, 13.75, 15.5], "texture": "#1"},
				"up": {"uv": [13.75, 15.5, 13.5, 15.25], "texture": "#1"},
				"down": {"uv": [13.75, 15.5, 13.5, 15.25], "texture": "#1"}
			}
		},
		{
			"name": "11",
			"from": [6.25, 18.1, 8],
			"to": [6.75, 18.6, 8.5],
			"shade": false,
			"rotation": {"angle": -22.5, "axis": "z", "origin": [6.5, 18.35, 8.25]},
			"faces": {
				"north": {"uv": [13.25, 15.25, 13.5, 15.5], "texture": "#1"},
				"east": {"uv": [13.25, 15.25, 13.5, 15.5], "texture": "#1"},
				"south": {"uv": [13.25, 15.25, 13.5, 15.5], "texture": "#1"},
				"west": {"uv": [13.25, 15.25, 13.5, 15.5], "texture": "#1"},
				"up": {"uv": [13.5, 15.5, 13.25, 15.25], "texture": "#1"},
				"down": {"uv": [13.5, 15.5, 13.25, 15.25], "texture": "#1"}
			}
		},
		{
			"name": "12",
			"from": [6.3, 18.6, 8.05],
			"to": [6.7, 19, 8.45],
			"shade": false,
			"rotation": {"angle": 45, "axis": "x", "origin": [6.5, 18.8, 8.25]},
			"faces": {
				"north": {"uv": [13, 15.25, 13.25, 15.5], "texture": "#1"},
				"east": {"uv": [13, 15.25, 13.25, 15.5], "texture": "#1"},
				"south": {"uv": [13, 15.25, 13.25, 15.5], "texture": "#1"},
				"west": {"uv": [13, 15.25, 13.25, 15.5], "texture": "#1"},
				"up": {"uv": [13.25, 15.5, 13, 15.25], "texture": "#1"},
				"down": {"uv": [13.25, 15.5, 13, 15.25], "texture": "#1"}
			}
		}
	],
	"gui_light": "front",
	"display": {
		"thirdperson_righthand": {
			"rotation": [0, 90, 0],
			"translation": [0, 5.25, 2]
		},
		"thirdperson_lefthand": {
			"rotation": [0, 90, 0],
			"translation": [0, 5.25, 2]
		},
		"firstperson_righthand": {
			"rotation": [96.83, 81.78, -89.52],
			"translation": [2.5, 3, -2]
		},
		"firstperson_lefthand": {
			"rotation": [96.83, 81.78, -89.52],
			"translation": [2.5, 3, -2]
		},
		"ground": {
			"rotation": [0, 0, 45],
			"translation": [0, -1, 0],
			"scale": [0.3, 0.3, 0.3]
		},
		"gui": {
			"rotation": [-180, 0, -135],
			"translation": [0.5, 0.5, 0],
			"scale": [0.85, 0.85, 0.85]
		},
		"head": {
			"scale": [0, 0, 0]
		},
		"fixed": {
			"translation": [0, 1.25, -0.75],
			"scale": [0.8, 0.8, 0.8]
		}
	},
	"groups": [
		0,
		1,
		2,
		3,
		4,
		5,
		6,
		7,
		8,
		9,
		10,
		11,
		12,
		13,
		14,
		15,
		16,
		17,
		18,
		19,
		20,
		21,
		22,
		23,
		24,
		25,
		26,
		27,
		28,
		29,
		30,
		31,
		32,
		33,
		34,
		35,
		36,
		37,
		38,
		39,
		40,
		41,
		42,
		{
			"name": "all_ef",
			"origin": [8, 8, 8],
			"color": 0,
			"shade": false,
			"children": [
				43,
				{
					"name": "efy",
					"origin": [-2, 2.9, 5],
					"color": 0,
					"shade": false,
					"children": [44, 45, 46, 47, 48, 49, 50, 51, 52, 53, 54, 55]
				},
				{
					"name": "efy",
					"origin": [-2, 2.9, 5],
					"color": 0,
					"shade": false,
					"children": [56, 57, 58, 59, 60, 61, 62, 63, 64, 65, 66, 67]
				},
				{
					"name": "efy",
					"origin": [-2, 2.9, 5],
					"color": 0,
					"shade": false,
					"children": [68, 69, 70, 71, 72, 73, 74, 75, 76, 77, 78, 79]
				}
			]
		}
	]
}