{
	"credit": "Made with Blockbench",
	"parent": "ghoul_bow",
	"texture_size": [64, 64],
	"textures": {
		"2": "item/ghoul_set/ghoul_bow/ghoul_bow_green"
	},
	"elements": [
		{
			"name": "bow",
			"from": [8, 8, 7.7],
			"to": [8, 20.8, 8.3],
			"rotation": {"angle": 0, "axis": "y", "origin": [7, -4, 7]},
			"faces": {
				"north": {"uv": [0.008, 3.1875, 0.008, 0.008], "texture": "#2"},
				"east": {"uv": [1.008, 6.9375, 1.125, 3.758], "texture": "#2"},
				"south": {"uv": [0.008, 3.1875, 0.008, 0.008], "texture": "#2"},
				"west": {"uv": [1.258, 6.9375, 1.375, 3.758], "texture": "#2"},
				"up": {"uv": [0.008, 0.125, 0.008, 0.008], "texture": "#2"},
				"down": {"uv": [0.008, 0.008, 0.008, 0.125], "texture": "#2"}
			}
		},
		{
			"name": "bow",
			"from": [7.29807, 1.26284, 3.51187],
			"to": [8.70193, 2.83286, 4.00322],
			"rotation": {"angle": -22.5, "axis": "x", "origin": [8, 2.04785, 3.75755]},
			"faces": {
				"north": {"uv": [8.008, 0.008, 8.375, 0.375], "texture": "#2"},
				"east": {"uv": [9.758, 8.508, 9.875, 8.875], "texture": "#2"},
				"south": {"uv": [0.758, 8.008, 1.125, 8.375], "texture": "#2"},
				"west": {"uv": [9.008, 9.758, 9.125, 10.125], "texture": "#2"},
				"up": {"uv": [10.125, 9.125, 9.758, 9.008], "texture": "#2"},
				"down": {"uv": [9.625, 9.758, 9.258, 9.875], "texture": "#2"}
			}
		},
		{
			"name": "bow",
			"from": [7.298, -0.1108, 5.33062],
			"to": [8.702, 1.0772, 5.82202],
			"rotation": {"angle": 0, "axis": "y", "origin": [8.702, 1.0772, 4.62862]},
			"faces": {
				"north": {"uv": [8.008, 5.008, 8.375, 5.3125], "texture": "#2"},
				"east": {"uv": [10.008, 10.758, 10.125, 11.0625], "texture": "#2"},
				"south": {"uv": [8.008, 5.508, 8.375, 5.8125], "texture": "#2"},
				"west": {"uv": [10.258, 10.758, 10.375, 11.0625], "texture": "#2"},
				"up": {"uv": [10.125, 9.375, 9.758, 9.258], "texture": "#2"},
				"down": {"uv": [10.125, 9.758, 9.758, 9.875], "texture": "#2"}
			}
		},
		{
			"name": "bow",
			"from": [7.298, 0.3796, 4.63156],
			"to": [8.702, 1.9834, 5.12296],
			"rotation": {"angle": -22.5, "axis": "x", "origin": [8.702, 2.4856, 3.92956]},
			"faces": {
				"north": {"uv": [8.008, 1.008, 8.375, 1.375], "texture": "#2"},
				"east": {"uv": [0.008, 10.008, 0.125, 10.375], "texture": "#2"},
				"south": {"uv": [8.008, 1.508, 8.375, 1.875], "texture": "#2"},
				"west": {"uv": [0.258, 10.008, 0.375, 10.375], "texture": "#2"},
				"up": {"uv": [0.875, 10.125, 0.508, 10.008], "texture": "#2"},
				"down": {"uv": [1.375, 10.008, 1.008, 10.125], "texture": "#2"}
			}
		},
		{
			"name": "bow",
			"from": [7.298, -4.42677, 6.16752],
			"to": [8.702, -2.06574, 6.65713],
			"rotation": {"angle": 0, "axis": "y", "origin": [8, -1.35085, 6.41233]},
			"faces": {
				"north": {"uv": [3.508, 6.508, 3.875, 7.0625], "texture": "#2"},
				"east": {"uv": [9.258, 7.008, 9.375, 7.5625], "texture": "#2"},
				"south": {"uv": [6.508, 3.758, 6.875, 4.3125], "texture": "#2"},
				"west": {"uv": [7.758, 9.258, 7.875, 9.8125], "texture": "#2"},
				"up": {"uv": [10.375, 1.125, 10.008, 1.008], "texture": "#2"},
				"down": {"uv": [10.375, 1.258, 10.008, 1.375], "texture": "#2"}
			}
		},
		{
			"name": "bow",
			"from": [7.31906, -2.75031, 5.92099],
			"to": [8.68094, 0.00083, 6.39591],
			"rotation": {"angle": -22.5, "axis": "x", "origin": [8, -1.37474, 6.15845]},
			"faces": {
				"north": {"uv": [2.508, 6.258, 2.8125, 6.9375], "texture": "#2"},
				"east": {"uv": [9.008, 2.758, 9.125, 3.4375], "texture": "#2"},
				"south": {"uv": [3.008, 6.258, 3.3125, 6.9375], "texture": "#2"},
				"west": {"uv": [9.008, 3.508, 9.125, 4.1875], "texture": "#2"},
				"up": {"uv": [11.0625, 10.125, 10.758, 10.008], "texture": "#2"},
				"down": {"uv": [10.8125, 10.758, 10.508, 10.875], "texture": "#2"}
			}
		},
		{
			"name": "bow",
			"from": [7.30502, -4.3709, 4.76175],
			"to": [8.69498, 1.71941, 5.24646],
			"rotation": {"angle": -22.5, "axis": "x", "origin": [8, -0.86383, 5.51224]},
			"faces": {
				"north": {"uv": [1.008, 2.258, 1.375, 3.742], "texture": "#2"},
				"east": {"uv": [5.258, 6.508, 5.375, 7.992], "texture": "#2"},
				"south": {"uv": [1.508, 2.258, 1.875, 3.742], "texture": "#2"},
				"west": {"uv": [6.508, 6.258, 6.625, 7.742], "texture": "#2"},
				"up": {"uv": [1.875, 10.125, 1.508, 10.008], "texture": "#2"},
				"down": {"uv": [10.375, 1.508, 10.008, 1.625], "texture": "#2"}
			}
		},
		{
			"name": "bow",
			"from": [7.298, 14.1398, 7.90363],
			"to": [8.702, 15.8948, 8.39503],
			"rotation": {"angle": -45, "axis": "x", "origin": [8, 11.1212, 7.69303]},
			"faces": {
				"north": {"uv": [0.758, 7.508, 1.125, 7.9375], "texture": "#2"},
				"east": {"uv": [9.758, 4.258, 9.875, 4.6875], "texture": "#2"},
				"south": {"uv": [7.508, 1.258, 7.875, 1.6875], "texture": "#2"},
				"west": {"uv": [4.508, 9.758, 4.625, 10.1875], "texture": "#2"},
				"up": {"uv": [10.375, 2.375, 10.008, 2.258], "texture": "#2"},
				"down": {"uv": [2.875, 10.008, 2.508, 10.125], "texture": "#2"}
			}
		},
		{
			"name": "bow",
			"from": [7.298, 3.29039, 2.90184],
			"to": [8.702, 6.44939, 3.39324],
			"rotation": {"angle": -45, "axis": "x", "origin": [7.298, 6.87059, 3.04224]},
			"faces": {
				"north": {"uv": [4.008, 3.258, 4.375, 4.0625], "texture": "#2"},
				"east": {"uv": [8.508, 4.508, 8.625, 5.3125], "texture": "#2"},
				"south": {"uv": [4.258, 0.008, 4.625, 0.8125], "texture": "#2"},
				"west": {"uv": [8.508, 5.508, 8.625, 6.3125], "texture": "#2"},
				"up": {"uv": [10.375, 2.625, 10.008, 2.508], "texture": "#2"},
				"down": {"uv": [10.375, 2.758, 10.008, 2.875], "texture": "#2"}
			}
		},
		{
			"name": "bow",
			"from": [7.298, 3.63355, 5.31932],
			"to": [8.702, 4.71232, 5.81072],
			"rotation": {"angle": 22.5, "axis": "x", "origin": [8, 4.06764, 5.56502]},
			"faces": {
				"north": {"uv": [4.008, 8.758, 4.375, 8.992], "texture": "#2"},
				"east": {"uv": [7.508, 7.258, 7.625, 7.492], "texture": "#2"},
				"south": {"uv": [4.508, 8.758, 4.875, 8.992], "texture": "#2"},
				"west": {"uv": [7.758, 1.008, 7.875, 1.242], "texture": "#2"},
				"up": {"uv": [3.375, 10.125, 3.008, 10.008], "texture": "#2"},
				"down": {"uv": [10.375, 3.008, 10.008, 3.125], "texture": "#2"}
			}
		},
		{
			"name": "bow",
			"from": [7.298, 2.93285, 5.17191],
			"to": [8.702, 3.76062, 5.66331],
			"rotation": {"angle": 0, "axis": "y", "origin": [8, 2.97553, 5.41761]},
			"faces": {
				"north": {"uv": [9.258, 6.258, 9.625, 6.4375], "texture": "#2"},
				"east": {"uv": [11.008, 10.508, 11.125, 10.6875], "texture": "#2"},
				"south": {"uv": [9.258, 7.758, 9.625, 7.9375], "texture": "#2"},
				"west": {"uv": [11.008, 10.758, 11.125, 10.9375], "texture": "#2"},
				"up": {"uv": [10.375, 3.375, 10.008, 3.258], "texture": "#2"},
				"down": {"uv": [3.875, 10.008, 3.508, 10.125], "texture": "#2"}
			}
		},
		{
			"name": "bow",
			"from": [7.298, 4.7276, 3.22462],
			"to": [8.702, 6.4826, 3.71602],
			"rotation": {"angle": 0, "axis": "y", "origin": [7.298, 3.815, 3.36502]},
			"faces": {
				"north": {"uv": [7.508, 1.758, 7.875, 2.1875], "texture": "#2"},
				"east": {"uv": [4.758, 9.758, 4.875, 10.1875], "texture": "#2"},
				"south": {"uv": [7.508, 2.258, 7.875, 2.6875], "texture": "#2"},
				"west": {"uv": [5.008, 9.758, 5.125, 10.1875], "texture": "#2"},
				"up": {"uv": [10.375, 3.625, 10.008, 3.508], "texture": "#2"},
				"down": {"uv": [10.375, 3.758, 10.008, 3.875], "texture": "#2"}
			}
		},
		{
			"name": "bow",
			"from": [7.298, 12.62455, 5.10872],
			"to": [8.702, 13.70332, 5.60012],
			"rotation": {"angle": 22.5, "axis": "x", "origin": [8, 13.05864, 5.35442]},
			"faces": {
				"north": {"uv": [5.008, 8.758, 5.375, 8.992], "texture": "#2"},
				"east": {"uv": [5.258, 8.008, 5.375, 8.242], "texture": "#2"},
				"south": {"uv": [8.758, 5.258, 9.125, 5.492], "texture": "#2"},
				"west": {"uv": [8.008, 7.008, 8.125, 7.242], "texture": "#2"},
				"up": {"uv": [4.375, 10.125, 4.008, 10.008], "texture": "#2"},
				"down": {"uv": [10.375, 4.008, 10.008, 4.125], "texture": "#2"}
			}
		},
		{
			"name": "bow",
			"from": [7.298, 2.19045, 4.75071],
			"to": [8.702, 3.40962, 5.17191],
			"rotation": {"angle": 0, "axis": "y", "origin": [8, 2.41393, 4.78581]},
			"faces": {
				"north": {"uv": [8.008, 6.508, 8.375, 6.8125], "texture": "#2"},
				"east": {"uv": [1.008, 11.008, 1.125, 11.3125], "texture": "#2"},
				"south": {"uv": [7.258, 8.008, 7.625, 8.3125], "texture": "#2"},
				"west": {"uv": [11.008, 1.008, 11.125, 1.3125], "texture": "#2"},
				"up": {"uv": [10.375, 4.375, 10.008, 4.258], "texture": "#2"},
				"down": {"uv": [10.375, 4.508, 10.008, 4.625], "texture": "#2"}
			}
		},
		{
			"name": "bow",
			"from": [7.29112, 2.54202, 3.29667],
			"to": [8.70888, 4.67287, 3.79289],
			"rotation": {"angle": 0, "axis": "y", "origin": [8, 3.60745, 3.54478]},
			"faces": {
				"north": {"uv": [0.008, 6.758, 0.375, 7.242], "texture": "#2"},
				"east": {"uv": [3.758, 9.508, 3.875, 9.992], "texture": "#2"},
				"south": {"uv": [6.758, 0.008, 7.125, 0.492], "texture": "#2"},
				"west": {"uv": [9.758, 2.758, 9.875, 3.242], "texture": "#2"},
				"up": {"uv": [10.375, 5.125, 10.008, 5.008], "texture": "#2"},
				"down": {"uv": [5.625, 10.008, 5.258, 10.125], "texture": "#2"}
			}
		},
		{
			"name": "bow",
			"from": [7.298, 14.49688, 4.21051],
			"to": [8.702, 15.08828, 4.78811],
			"rotation": {"angle": 0, "axis": "y", "origin": [8, 14.74258, 5.10401]},
			"faces": {
				"north": {"uv": [10.008, 5.258, 10.375, 5.375], "texture": "#2"},
				"east": {"uv": [11.758, 2.508, 11.875, 2.625], "texture": "#2"},
				"south": {"uv": [10.008, 5.508, 10.375, 5.625], "texture": "#2"},
				"west": {"uv": [3.008, 11.758, 3.125, 11.875], "texture": "#2"},
				"up": {"uv": [6.125, 10.125, 5.758, 10.008], "texture": "#2"},
				"down": {"uv": [10.375, 5.758, 10.008, 5.875], "texture": "#2"}
			}
		},
		{
			"name": "bow",
			"from": [7.30502, 14.7343, 4.72316],
			"to": [8.69498, 17.14121, 5.20786],
			"rotation": {"angle": 45, "axis": "x", "origin": [8, 15.93776, 4.96551]},
			"faces": {
				"north": {"uv": [5.508, 2.508, 5.875, 3.125], "texture": "#2"},
				"east": {"uv": [4.758, 9.008, 4.875, 9.625], "texture": "#2"},
				"south": {"uv": [3.008, 5.508, 3.375, 6.125], "texture": "#2"},
				"west": {"uv": [5.008, 9.008, 5.125, 9.625], "texture": "#2"},
				"up": {"uv": [10.375, 6.125, 10.008, 6.008], "texture": "#2"},
				"down": {"uv": [6.625, 10.008, 6.258, 10.125], "texture": "#2"}
			}
		},
		{
			"name": "bow",
			"from": [7.29112, 14.75725, 4.97513],
			"to": [8.70888, 20.96936, 5.46952],
			"rotation": {"angle": 22.5, "axis": "x", "origin": [8, 17.86331, 5.22233]},
			"faces": {
				"north": {"uv": [2.008, 2.258, 2.375, 3.742], "texture": "#2"},
				"east": {"uv": [1.508, 6.758, 1.625, 8.242], "texture": "#2"},
				"south": {"uv": [2.508, 1.508, 2.875, 2.992], "texture": "#2"},
				"west": {"uv": [1.758, 6.758, 1.875, 8.242], "texture": "#2"},
				"up": {"uv": [10.375, 6.625, 10.008, 6.508], "texture": "#2"},
				"down": {"uv": [7.125, 10.008, 6.758, 10.125], "texture": "#2"}
			}
		},
		{
			"name": "bow",
			"from": [7.298, 19.17119, 8.4438],
			"to": [8.702, 22.44758, 8.9352],
			"rotation": {"angle": 45, "axis": "x", "origin": [8, 22.68119, 9.1458]},
			"faces": {
				"north": {"uv": [4.008, 4.258, 4.375, 5.0625], "texture": "#2"},
				"east": {"uv": [6.008, 8.508, 6.125, 9.3125], "texture": "#2"},
				"south": {"uv": [4.508, 1.008, 4.875, 1.8125], "texture": "#2"},
				"west": {"uv": [6.258, 8.508, 6.375, 9.3125], "texture": "#2"},
				"up": {"uv": [10.375, 6.875, 10.008, 6.758], "texture": "#2"},
				"down": {"uv": [10.375, 7.008, 10.008, 7.125], "texture": "#2"}
			}
		},
		{
			"name": "bow",
			"from": [7.32608, 18.38296, 6.37732],
			"to": [8.67392, 20.64955, 6.64734],
			"rotation": {"angle": 0, "axis": "y", "origin": [8, 19.51625, 6.41233]},
			"faces": {
				"north": {"uv": [2.508, 7.008, 2.8125, 7.5625], "texture": "#2"},
				"east": {"uv": [7.258, 11.008, 7.3125, 11.5625], "texture": "#2"},
				"south": {"uv": [7.008, 2.758, 7.3125, 3.3125], "texture": "#2"},
				"west": {"uv": [7.508, 11.008, 7.5625, 11.5625], "texture": "#2"},
				"up": {"uv": [11.5625, 11.5625, 11.258, 11.508], "texture": "#2"},
				"down": {"uv": [0.3125, 11.758, 0.008, 11.8125], "texture": "#2"}
			}
		},
		{
			"name": "bow",
			"from": [7.29098, 18.78306, 7.67015],
			"to": [8.70902, 23.03718, 8.16646],
			"rotation": {"angle": 22.5, "axis": "x", "origin": [8, 20.91012, 7.9183]},
			"faces": {
				"north": {"uv": [3.258, 0.008, 3.625, 1.0625], "texture": "#2"},
				"east": {"uv": [7.008, 7.758, 7.125, 8.8125], "texture": "#2"},
				"south": {"uv": [3.508, 1.258, 3.875, 2.3125], "texture": "#2"},
				"west": {"uv": [8.008, 2.508, 8.125, 3.5625], "texture": "#2"},
				"up": {"uv": [7.625, 10.125, 7.258, 10.008], "texture": "#2"},
				"down": {"uv": [8.125, 10.008, 7.758, 10.125], "texture": "#2"}
			}
		},
		{
			"name": "bow",
			"from": [7.32643, 18.38452, 6.61866],
			"to": [8.67357, 19.19288, 7.09015],
			"rotation": {"angle": 45, "axis": "x", "origin": [8, 18.7887, 6.85441]},
			"faces": {
				"north": {"uv": [3.258, 9.758, 3.5625, 9.9375], "texture": "#2"},
				"east": {"uv": [11.008, 11.008, 11.125, 11.1875], "texture": "#2"},
				"south": {"uv": [4.008, 9.758, 4.3125, 9.9375], "texture": "#2"},
				"west": {"uv": [11.258, 0.008, 11.375, 0.1875], "texture": "#2"},
				"up": {"uv": [1.5625, 11.125, 1.258, 11.008], "texture": "#2"},
				"down": {"uv": [11.3125, 1.508, 11.008, 1.625], "texture": "#2"}
			}
		},
		{
			"name": "bow",
			"from": [7.31906, 14.10439, 5.11751],
			"to": [8.68094, 15.39818, 5.59417],
			"rotation": {"angle": 22.5, "axis": "x", "origin": [8, 14.75128, 5.35584]},
			"faces": {
				"north": {"uv": [8.508, 6.508, 8.8125, 6.8125], "texture": "#2"},
				"east": {"uv": [1.758, 11.008, 1.875, 11.3125], "texture": "#2"},
				"south": {"uv": [8.758, 0.508, 9.0625, 0.8125], "texture": "#2"},
				"west": {"uv": [2.008, 11.008, 2.125, 11.3125], "texture": "#2"},
				"up": {"uv": [11.3125, 2.125, 11.008, 2.008], "texture": "#2"},
				"down": {"uv": [2.5625, 11.008, 2.258, 11.125], "texture": "#2"}
			}
		},
		{
			"name": "bow",
			"from": [7.298, 15.1928, 5.33062],
			"to": [8.702, 18.7008, 5.82202],
			"rotation": {"angle": 0, "axis": "y", "origin": [8.702, 15.1928, 4.62862]},
			"faces": {
				"north": {"uv": [4.008, 1.258, 4.375, 2.125], "texture": "#2"},
				"east": {"uv": [1.008, 8.508, 1.125, 9.375], "texture": "#2"},
				"south": {"uv": [4.008, 2.258, 4.375, 3.125], "texture": "#2"},
				"west": {"uv": [2.258, 8.508, 2.375, 9.375], "texture": "#2"},
				"up": {"uv": [8.625, 10.125, 8.258, 10.008], "texture": "#2"},
				"down": {"uv": [10.375, 8.508, 10.008, 8.625], "texture": "#2"}
			}
		},
		{
			"name": "bow",
			"from": [7.298, 10.33905, 5.17191],
			"to": [8.702, 11.34762, 5.66331],
			"rotation": {"angle": 0, "axis": "y", "origin": [8, 10.56253, 5.41761]},
			"faces": {
				"north": {"uv": [5.508, 8.758, 5.875, 8.992], "texture": "#2"},
				"east": {"uv": [0.508, 8.258, 0.625, 8.492], "texture": "#2"},
				"south": {"uv": [8.758, 5.508, 9.125, 5.742], "texture": "#2"},
				"west": {"uv": [1.758, 8.258, 1.875, 8.492], "texture": "#2"},
				"up": {"uv": [10.375, 8.875, 10.008, 8.758], "texture": "#2"},
				"down": {"uv": [9.625, 10.008, 9.258, 10.125], "texture": "#2"}
			}
		},
		{
			"name": "bow",
			"from": [7.298, 11.22055, 5.31932],
			"to": [8.702, 12.29932, 5.81072],
			"rotation": {"angle": 22.5, "axis": "x", "origin": [8, 11.65464, 5.56502]},
			"faces": {
				"north": {"uv": [8.758, 5.758, 9.125, 5.992], "texture": "#2"},
				"east": {"uv": [8.258, 3.508, 8.375, 3.742], "texture": "#2"},
				"south": {"uv": [8.758, 6.008, 9.125, 6.242], "texture": "#2"},
				"west": {"uv": [8.258, 4.258, 8.375, 4.492], "texture": "#2"},
				"up": {"uv": [10.375, 9.625, 10.008, 9.508], "texture": "#2"},
				"down": {"uv": [10.125, 10.008, 9.758, 10.125], "texture": "#2"}
			}
		},
		{
			"name": "bow",
			"from": [7.298, 10.87739, 2.90184],
			"to": [8.702, 13.54499, 3.39324],
			"rotation": {"angle": -45, "axis": "x", "origin": [7.298, 14.45759, 3.04224]},
			"faces": {
				"north": {"uv": [5.008, 4.258, 5.375, 4.9375], "texture": "#2"},
				"east": {"uv": [4.008, 9.008, 4.125, 9.6875], "texture": "#2"},
				"south": {"uv": [4.508, 5.008, 4.875, 5.6875], "texture": "#2"},
				"west": {"uv": [4.258, 9.008, 4.375, 9.6875], "texture": "#2"},
				"up": {"uv": [10.625, 0.125, 10.258, 0.008], "texture": "#2"},
				"down": {"uv": [10.625, 0.258, 10.258, 0.375], "texture": "#2"}
			}
		},
		{
			"name": "bow",
			"from": [7.29098, 10.12867, 4.13433],
			"to": [8.70902, 12.89385, 4.63065],
			"rotation": {"angle": -45, "axis": "x", "origin": [8, 11.51126, 4.38249]},
			"faces": {
				"north": {"uv": [5.008, 5.008, 5.375, 5.6875], "texture": "#2"},
				"east": {"uv": [9.008, 4.258, 9.125, 4.9375], "texture": "#2"},
				"south": {"uv": [5.258, 0.008, 5.625, 0.6875], "texture": "#2"},
				"west": {"uv": [4.508, 9.008, 4.625, 9.6875], "texture": "#2"},
				"up": {"uv": [0.875, 10.375, 0.508, 10.258], "texture": "#2"},
				"down": {"uv": [10.625, 0.758, 10.258, 0.875], "texture": "#2"}
			}
		},
		{
			"name": "bow",
			"from": [7.298, 12.3146, 3.22462],
			"to": [8.702, 13.5782, 3.71602],
			"rotation": {"angle": 0, "axis": "y", "origin": [7.298, 11.402, 3.36502]},
			"faces": {
				"north": {"uv": [8.258, 0.508, 8.625, 0.8125], "texture": "#2"},
				"east": {"uv": [11.008, 2.258, 11.125, 2.5625], "texture": "#2"},
				"south": {"uv": [1.258, 8.258, 1.625, 8.5625], "texture": "#2"},
				"west": {"uv": [2.758, 11.008, 2.875, 11.3125], "texture": "#2"},
				"up": {"uv": [1.375, 10.375, 1.008, 10.258], "texture": "#2"},
				"down": {"uv": [1.875, 10.258, 1.508, 10.375], "texture": "#2"}
			}
		},
		{
			"name": "bow",
			"from": [7.298, 12.97217, 4.77081],
			"to": [8.702, 13.69995, 5.26221],
			"rotation": {"angle": 22.5, "axis": "x", "origin": [8, 17.18417, 5.47281]},
			"faces": {
				"north": {"uv": [9.258, 8.008, 9.625, 8.1875], "texture": "#2"},
				"east": {"uv": [11.258, 0.258, 11.375, 0.4375], "texture": "#2"},
				"south": {"uv": [9.258, 8.258, 9.625, 8.4375], "texture": "#2"},
				"west": {"uv": [0.508, 11.258, 0.625, 11.4375], "texture": "#2"},
				"up": {"uv": [10.625, 1.875, 10.258, 1.758], "texture": "#2"},
				"down": {"uv": [2.375, 10.258, 2.008, 10.375], "texture": "#2"}
			}
		},
		{
			"name": "bow",
			"from": [7.30502, 0.31035, 4.23661],
			"to": [8.69498, 3.29342, 4.7231],
			"rotation": {"angle": -45, "axis": "x", "origin": [8, 1.80189, 4.47986]},
			"faces": {
				"north": {"uv": [5.008, 2.008, 5.375, 2.742], "texture": "#2"},
				"east": {"uv": [6.508, 8.758, 6.625, 9.492], "texture": "#2"},
				"south": {"uv": [5.008, 2.758, 5.375, 3.492], "texture": "#2"},
				"west": {"uv": [6.758, 8.758, 6.875, 9.492], "texture": "#2"},
				"up": {"uv": [2.875, 10.375, 2.508, 10.258], "texture": "#2"},
				"down": {"uv": [3.375, 10.258, 3.008, 10.375], "texture": "#2"}
			}
		},
		{
			"name": "bow",
			"from": [7.29098, -2.97975, 6.53554],
			"to": [8.70902, -1.91622, 7.03185],
			"rotation": {"angle": -45, "axis": "x", "origin": [8, -2.44799, 6.78369]},
			"faces": {
				"north": {"uv": [8.758, 6.258, 9.125, 6.492], "texture": "#2"},
				"east": {"uv": [8.008, 9.258, 8.125, 9.492], "texture": "#2"},
				"south": {"uv": [8.758, 7.008, 9.125, 7.242], "texture": "#2"},
				"west": {"uv": [1.008, 9.508, 1.125, 9.742], "texture": "#2"},
				"up": {"uv": [3.875, 10.375, 3.508, 10.258], "texture": "#2"},
				"down": {"uv": [4.375, 10.258, 4.008, 10.375], "texture": "#2"}
			}
		},
		{
			"name": "bow",
			"from": [7.30502, 20.23482, 7.55481],
			"to": [8.69498, 20.7213, 8.45828],
			"rotation": {"angle": -22.5, "axis": "x", "origin": [8, 20.47806, 8.00654]},
			"faces": {
				"north": {"uv": [4.508, 10.258, 4.875, 10.375], "texture": "#2"},
				"east": {"uv": [8.758, 10.008, 8.992, 10.125], "texture": "#2"},
				"south": {"uv": [10.258, 4.758, 10.625, 4.875], "texture": "#2"},
				"west": {"uv": [11.008, 7.008, 11.242, 7.125], "texture": "#2"},
				"up": {"uv": [9.125, 7.492, 8.758, 7.258], "texture": "#2"},
				"down": {"uv": [9.125, 7.508, 8.758, 7.742], "texture": "#2"}
			}
		},
		{
			"name": "bow",
			"from": [7.298, -1.14421, 4.71945],
			"to": [8.702, 1.28702, 5.20905],
			"rotation": {"angle": -45, "axis": "x", "origin": [8, 0.07141, 4.96425]},
			"faces": {
				"north": {"uv": [5.508, 3.258, 5.875, 3.875], "texture": "#2"},
				"east": {"uv": [5.258, 9.008, 5.375, 9.625], "texture": "#2"},
				"south": {"uv": [5.508, 4.008, 5.875, 4.625], "texture": "#2"},
				"west": {"uv": [5.508, 9.008, 5.625, 9.625], "texture": "#2"},
				"up": {"uv": [5.375, 10.375, 5.008, 10.258], "texture": "#2"},
				"down": {"uv": [5.875, 10.258, 5.508, 10.375], "texture": "#2"}
			}
		},
		{
			"name": "bow",
			"from": [7.298, 11.00895, 2.98729],
			"to": [8.702, 11.58656, 3.47869],
			"rotation": {"angle": -22.5, "axis": "x", "origin": [8, 11.09575, 4.02631]},
			"faces": {
				"north": {"uv": [6.008, 10.258, 6.375, 10.375], "texture": "#2"},
				"east": {"uv": [3.258, 11.758, 3.375, 11.875], "texture": "#2"},
				"south": {"uv": [10.258, 6.258, 10.625, 6.375], "texture": "#2"},
				"west": {"uv": [3.508, 11.758, 3.625, 11.875], "texture": "#2"},
				"up": {"uv": [6.875, 10.375, 6.508, 10.258], "texture": "#2"},
				"down": {"uv": [7.375, 10.258, 7.008, 10.375], "texture": "#2"}
			}
		},
		{
			"name": "bow",
			"from": [7.30502, 10.24017, 3.1411],
			"to": [8.69498, 10.72666, 4.87855],
			"rotation": {"angle": 22.5, "axis": "x", "origin": [8, 10.48342, 4.00983]},
			"faces": {
				"north": {"uv": [10.258, 7.258, 10.625, 7.375], "texture": "#2"},
				"east": {"uv": [9.758, 4.758, 10.1875, 4.875], "texture": "#2"},
				"south": {"uv": [7.508, 10.258, 7.875, 10.375], "texture": "#2"},
				"west": {"uv": [5.258, 9.758, 5.6875, 9.875], "texture": "#2"},
				"up": {"uv": [7.875, 3.1875, 7.508, 2.758], "texture": "#2"},
				"down": {"uv": [7.875, 3.258, 7.508, 3.6875], "texture": "#2"}
			}
		},
		{
			"name": "bow",
			"from": [7.298, 4.40825, 5.49725],
			"to": [8.702, 4.81344, 6.69065],
			"rotation": {"angle": -22.5, "axis": "x", "origin": [8, 5.30425, 5.65162]},
			"faces": {
				"north": {"uv": [10.258, 7.508, 10.625, 7.625], "texture": "#2"},
				"east": {"uv": [11.008, 2.758, 11.3125, 2.875], "texture": "#2"},
				"south": {"uv": [10.258, 7.758, 10.625, 7.875], "texture": "#2"},
				"west": {"uv": [3.008, 11.008, 3.3125, 11.125], "texture": "#2"},
				"up": {"uv": [2.875, 8.5625, 2.508, 8.258], "texture": "#2"},
				"down": {"uv": [8.625, 2.508, 8.258, 2.8125], "texture": "#2"}
			}
		},
		{
			"name": "bow",
			"from": [7.298, 4.81344, 6.19925],
			"to": [8.702, 5.39105, 6.69065],
			"rotation": {"angle": -22.5, "axis": "x", "origin": [8, 5.30425, 5.65162]},
			"faces": {
				"north": {"uv": [8.008, 10.258, 8.375, 10.375], "texture": "#2"},
				"east": {"uv": [3.758, 11.758, 3.875, 11.875], "texture": "#2"},
				"south": {"uv": [10.258, 8.008, 10.625, 8.125], "texture": "#2"},
				"west": {"uv": [11.758, 3.758, 11.875, 3.875], "texture": "#2"},
				"up": {"uv": [10.625, 8.375, 10.258, 8.258], "texture": "#2"},
				"down": {"uv": [8.875, 10.258, 8.508, 10.375], "texture": "#2"}
			}
		},
		{
			"name": "bow",
			"from": [7.298, 5.63058, 4.55503],
			"to": [8.702, 6.12198, 6.31003],
			"rotation": {"angle": 22.5, "axis": "x", "origin": [8, 5.30425, 5.65162]},
			"faces": {
				"north": {"uv": [9.008, 10.258, 9.375, 10.375], "texture": "#2"},
				"east": {"uv": [5.758, 9.758, 6.1875, 9.875], "texture": "#2"},
				"south": {"uv": [10.258, 9.008, 10.625, 9.125], "texture": "#2"},
				"west": {"uv": [6.258, 9.758, 6.6875, 9.875], "texture": "#2"},
				"up": {"uv": [7.875, 4.1875, 7.508, 3.758], "texture": "#2"},
				"down": {"uv": [7.875, 4.508, 7.508, 4.9375], "texture": "#2"}
			}
		},
		{
			"name": "bow",
			"from": [7.298, 11.58656, 2.98729],
			"to": [8.702, 11.99175, 4.18069],
			"rotation": {"angle": -22.5, "axis": "x", "origin": [8, 11.09575, 4.02631]},
			"faces": {
				"north": {"uv": [10.258, 9.258, 10.625, 9.375], "texture": "#2"},
				"east": {"uv": [11.008, 3.008, 11.3125, 3.125], "texture": "#2"},
				"south": {"uv": [9.508, 10.258, 9.875, 10.375], "texture": "#2"},
				"west": {"uv": [11.008, 3.258, 11.3125, 3.375], "texture": "#2"},
				"up": {"uv": [3.375, 8.5625, 3.008, 8.258], "texture": "#2"},
				"down": {"uv": [8.625, 3.008, 8.258, 3.3125], "texture": "#2"}
			}
		},
		{
			"name": "bow",
			"from": [7.4, 17, 5.13897],
			"to": [8.6, 22.5, 7.83897],
			"rotation": {"angle": 0, "axis": "y", "origin": [7, 17.1, 6.03897]},
			"faces": {
				"north": {"uv": [2.758, 0.008, 3.0625, 1.375], "texture": "#2"},
				"east": {"uv": [0.008, 0.008, 0.6875, 1.375], "texture": "#2"},
				"south": {"uv": [3.008, 1.508, 3.3125, 2.875], "texture": "#2"},
				"west": {"uv": [0.758, 0.008, 1.4375, 1.375], "texture": "#2"},
				"up": {"uv": [4.3125, 6.9375, 4.008, 6.258], "texture": "#2"},
				"down": {"uv": [5.8125, 6.258, 5.508, 6.9375], "texture": "#2"}
			}
		},
		{
			"name": "bow",
			"from": [7.4, 10.7, 2.93897],
			"to": [8.6, 11.6, 5.03897],
			"rotation": {"angle": 45, "axis": "x", "origin": [8, 11.2, 3.93897]},
			"faces": {
				"north": {"uv": [9.008, 5.008, 9.3125, 5.242], "texture": "#2"},
				"east": {"uv": [7.758, 4.258, 8.242, 4.492], "texture": "#2"},
				"south": {"uv": [9.008, 6.508, 9.3125, 6.742], "texture": "#2"},
				"west": {"uv": [8.008, 3.758, 8.492, 3.992], "texture": "#2"},
				"up": {"uv": [4.3125, 8.242, 4.008, 7.758], "texture": "#2"},
				"down": {"uv": [5.8125, 7.758, 5.508, 8.242], "texture": "#2"}
			}
		},
		{
			"name": "bow",
			"from": [7.4, 4.8, 4.76103],
			"to": [8.6, 5.7, 6.86103],
			"rotation": {"angle": 0, "axis": "y", "origin": [8, 5.3, 5.86103]},
			"faces": {
				"north": {"uv": [9.008, 6.758, 9.3125, 6.992], "texture": "#2"},
				"east": {"uv": [8.008, 4.008, 8.492, 4.242], "texture": "#2"},
				"south": {"uv": [7.758, 9.008, 8.0625, 9.242], "texture": "#2"},
				"west": {"uv": [8.008, 4.508, 8.492, 4.742], "texture": "#2"},
				"up": {"uv": [6.8125, 8.242, 6.508, 7.758], "texture": "#2"},
				"down": {"uv": [8.0625, 7.258, 7.758, 7.742], "texture": "#2"}
			}
		},
		{
			"name": "bow",
			"from": [7.4, 4.3, 3.03897],
			"to": [8.6, 5.2, 5.93897],
			"rotation": {"angle": 45, "axis": "x", "origin": [8, 4.8, 4.43897]},
			"faces": {
				"north": {"uv": [8.758, 9.008, 9.0625, 9.242], "texture": "#2"},
				"east": {"uv": [6.758, 0.508, 7.492, 0.742], "texture": "#2"},
				"south": {"uv": [0.008, 9.258, 0.3125, 9.492], "texture": "#2"},
				"west": {"uv": [6.758, 4.508, 7.492, 4.742], "texture": "#2"},
				"up": {"uv": [5.8125, 5.492, 5.508, 4.758], "texture": "#2"},
				"down": {"uv": [5.8125, 5.508, 5.508, 6.242], "texture": "#2"}
			}
		},
		{
			"name": "bow",
			"from": [7.4, 2.6, 3.03897],
			"to": [8.6, 3.6, 5.93897],
			"rotation": {"angle": 45, "axis": "x", "origin": [8, 3.1, 4.23897]},
			"faces": {
				"north": {"uv": [0.508, 9.258, 0.8125, 9.492], "texture": "#2"},
				"east": {"uv": [6.758, 4.758, 7.492, 4.992], "texture": "#2"},
				"south": {"uv": [9.258, 0.508, 9.5625, 0.742], "texture": "#2"},
				"west": {"uv": [6.758, 5.008, 7.492, 5.242], "texture": "#2"},
				"up": {"uv": [6.0625, 0.742, 5.758, 0.008], "texture": "#2"},
				"down": {"uv": [3.8125, 5.758, 3.508, 6.492], "texture": "#2"}
			}
		},
		{
			"name": "bow",
			"from": [7.4, 0.5, 3.63897],
			"to": [8.6, 1.5, 6.53897],
			"rotation": {"angle": 45, "axis": "x", "origin": [8, 1, 4.83897]},
			"faces": {
				"north": {"uv": [9.258, 0.758, 9.5625, 0.992], "texture": "#2"},
				"east": {"uv": [6.758, 5.258, 7.492, 5.492], "texture": "#2"},
				"south": {"uv": [1.758, 9.258, 2.0625, 9.492], "texture": "#2"},
				"west": {"uv": [6.758, 6.258, 7.492, 6.492], "texture": "#2"},
				"up": {"uv": [4.8125, 6.492, 4.508, 5.758], "texture": "#2"},
				"down": {"uv": [5.3125, 5.758, 5.008, 6.492], "texture": "#2"}
			}
		},
		{
			"name": "bow",
			"from": [7.4, -3.4, 5.03897],
			"to": [8.6, -0.1, 6.03897],
			"rotation": {"angle": -22.5, "axis": "x", "origin": [8, -1.3, 5.53897]},
			"faces": {
				"north": {"uv": [4.008, 5.258, 4.3125, 6.0625], "texture": "#2"},
				"east": {"uv": [4.508, 6.508, 4.742, 7.3125], "texture": "#2"},
				"south": {"uv": [5.508, 0.758, 5.8125, 1.5625], "texture": "#2"},
				"west": {"uv": [6.508, 4.508, 6.742, 5.3125], "texture": "#2"},
				"up": {"uv": [9.5625, 2.992, 9.258, 2.758], "texture": "#2"},
				"down": {"uv": [9.5625, 3.008, 9.258, 3.242], "texture": "#2"}
			}
		},
		{
			"name": "bow",
			"from": [7.4, -6.2, 6.17794],
			"to": [8.6, -0.8, 7.83897],
			"rotation": {"angle": 0, "axis": "y", "origin": [7, -0.8, 6.03897]},
			"faces": {
				"north": {"uv": [2.508, 3.008, 2.8125, 4.375], "texture": "#2"},
				"east": {"uv": [0.008, 2.258, 0.4375, 3.625], "texture": "#2"},
				"south": {"uv": [3.008, 3.008, 3.3125, 4.375], "texture": "#2"},
				"west": {"uv": [0.508, 2.258, 0.9375, 3.625], "texture": "#2"},
				"up": {"uv": [2.3125, 8.4375, 2.008, 8.008], "texture": "#2"},
				"down": {"uv": [8.3125, 2.008, 8.008, 2.4375], "texture": "#2"}
			}
		},
		{
			"name": "bow",
			"from": [7.4, -6.2, 7.83897],
			"to": [8.6, -3.4, 12.33897],
			"rotation": {"angle": 0, "axis": "y", "origin": [7, -0.8, 6.03897]},
			"faces": {
				"north": {"uv": [6.508, 0.758, 6.8125, 1.4375], "texture": "#2"},
				"east": {"uv": [0.008, 1.508, 1.125, 2.1875], "texture": "#2"},
				"south": {"uv": [6.508, 1.508, 6.8125, 2.1875], "texture": "#2"},
				"west": {"uv": [1.508, 0.008, 2.625, 0.6875], "texture": "#2"},
				"up": {"uv": [4.0625, 1.125, 3.758, 0.008], "texture": "#2"},
				"down": {"uv": [1.8125, 3.758, 1.508, 4.875], "texture": "#2"}
			}
		},
		{
			"name": "bow",
			"from": [7.298, -7.12876, 10.93497],
			"to": [8.702, -6.14596, 11.21577],
			"rotation": {"angle": -45, "axis": "x", "origin": [8, -4.9212, 10.21097]},
			"faces": {
				"north": {"uv": [7.758, 8.758, 8.125, 8.992], "texture": "#2"},
				"east": {"uv": [4.008, 11.758, 4.0625, 11.992], "texture": "#2"},
				"south": {"uv": [8.758, 7.758, 9.125, 7.992], "texture": "#2"},
				"west": {"uv": [11.758, 4.008, 11.8125, 4.242], "texture": "#2"},
				"up": {"uv": [11.625, 1.8125, 11.258, 1.758], "texture": "#2"},
				"down": {"uv": [2.625, 11.258, 2.258, 11.3125], "texture": "#2"}
			}
		},
		{
			"name": "bow",
			"from": [7.30502, -4.4213, 7.55481],
			"to": [8.69498, -3.93482, 8.45828],
			"rotation": {"angle": 22.5, "axis": "x", "origin": [8, -4.17806, 8.00654]},
			"faces": {
				"north": {"uv": [10.508, 3.008, 10.875, 3.125], "texture": "#2"},
				"east": {"uv": [11.008, 8.508, 11.242, 8.625], "texture": "#2"},
				"south": {"uv": [10.508, 3.258, 10.875, 3.375], "texture": "#2"},
				"west": {"uv": [8.758, 11.008, 8.992, 11.125], "texture": "#2"},
				"up": {"uv": [9.125, 8.742, 8.758, 8.508], "texture": "#2"},
				"down": {"uv": [9.125, 8.758, 8.758, 8.992], "texture": "#2"}
			}
		},
		{
			"name": "bow",
			"from": [7.30502, -7.03853, 3.49854],
			"to": [8.69498, -3.7949, 3.98502],
			"rotation": {"angle": -45, "axis": "x", "origin": [8, -0.86383, 5.51224]},
			"faces": {
				"north": {"uv": [3.008, 4.508, 3.375, 5.3125], "texture": "#2"},
				"east": {"uv": [8.258, 8.508, 8.375, 9.3125], "texture": "#2"},
				"south": {"uv": [4.508, 3.008, 4.875, 3.8125], "texture": "#2"},
				"west": {"uv": [8.508, 8.508, 8.625, 9.3125], "texture": "#2"},
				"up": {"uv": [10.875, 4.125, 10.508, 4.008], "texture": "#2"},
				"down": {"uv": [10.875, 4.258, 10.508, 4.375], "texture": "#2"}
			}
		},
		{
			"name": "bow",
			"from": [8, -4.8, 7.7],
			"to": [8, 8, 8.3],
			"rotation": {"angle": 0, "axis": "y", "origin": [7, 20, 7]},
			"faces": {
				"north": {"uv": [0.008, 0.008, 0.008, 3.1875], "texture": "#2"},
				"east": {"uv": [1.008, 3.758, 1.125, 6.9375], "texture": "#2"},
				"south": {"uv": [0.008, 0.008, 0.008, 3.1875], "texture": "#2"},
				"west": {"uv": [1.258, 3.758, 1.375, 6.9375], "texture": "#2"},
				"up": {"uv": [0.008, 0.125, 0.008, 0.008], "texture": "#2"},
				"down": {"uv": [0.008, 0.008, 0.008, 0.125], "texture": "#2"}
			}
		},
		{
			"name": "bow",
			"from": [7.3331, 16.57699, 6.13933],
			"to": [8.6669, 18.98665, 6.46851],
			"rotation": {"angle": 22.5, "axis": "x", "origin": [8, 17.83182, 6.23594]},
			"faces": {
				"north": {"uv": [4.758, 6.508, 5.0625, 7.125], "texture": "#2"},
				"east": {"uv": [11.008, 4.008, 11.0625, 4.625], "texture": "#2"},
				"south": {"uv": [6.508, 5.508, 6.8125, 6.125], "texture": "#2"},
				"west": {"uv": [4.508, 11.008, 4.5625, 11.625], "texture": "#2"},
				"up": {"uv": [1.3125, 11.8125, 1.008, 11.758], "texture": "#2"},
				"down": {"uv": [12.0625, 1.008, 11.758, 1.0625], "texture": "#2"}
			}
		},
		{
			"name": "bow",
			"from": [7.45, 5.84, 3.94212],
			"to": [8.55, 6.92, 6.77712],
			"rotation": {"angle": -45, "axis": "x", "origin": [8, 6.38, 5.42712]},
			"faces": {
				"north": {"uv": [3.258, 1.258, 3.492, 1.492], "texture": "#2"},
				"east": {"uv": [7.9375, 0.008, 7.258, 0.242], "texture": "#2"},
				"south": {"uv": [4.258, 1.008, 4.492, 1.242], "texture": "#2"},
				"west": {"uv": [7.258, 0.008, 7.9375, 0.242], "texture": "#2"},
				"up": {"uv": [6.242, 7.9375, 6.008, 7.258], "texture": "#2"},
				"down": {"uv": [6.492, 7.258, 6.258, 7.9375], "texture": "#2"}
			}
		},
		{
			"name": "bow",
			"from": [7.45, 9.08, 3.94212],
			"to": [8.55, 10.16, 6.77712],
			"rotation": {"angle": 45, "axis": "x", "origin": [8, 9.62, 5.42712]},
			"faces": {
				"north": {"uv": [5.258, 0.758, 5.492, 0.992], "texture": "#2"},
				"east": {"uv": [7.258, 0.258, 7.9375, 0.492], "texture": "#2"},
				"south": {"uv": [7.508, 0.508, 7.742, 0.742], "texture": "#2"},
				"west": {"uv": [7.258, 6.508, 7.9375, 6.742], "texture": "#2"},
				"up": {"uv": [7.492, 7.4375, 7.258, 6.758], "texture": "#2"},
				"down": {"uv": [0.742, 7.508, 0.508, 8.1875], "texture": "#2"}
			}
		},
		{
			"name": "bow",
			"from": [7.298, -6.50065, 9.06996],
			"to": [8.702, -3.20125, 9.56136],
			"rotation": {"angle": -45, "axis": "x", "origin": [8, -4.9212, 10.21097]},
			"faces": {
				"north": {"uv": [4.508, 4.008, 4.875, 4.8125], "texture": "#2"},
				"east": {"uv": [1.258, 8.758, 1.375, 9.5625], "texture": "#2"},
				"south": {"uv": [4.758, 0.008, 5.125, 0.8125], "texture": "#2"},
				"west": {"uv": [1.508, 8.758, 1.625, 9.5625], "texture": "#2"},
				"up": {"uv": [4.875, 10.625, 4.508, 10.508], "texture": "#2"},
				"down": {"uv": [10.875, 4.508, 10.508, 4.625], "texture": "#2"}
			}
		},
		{
			"name": "bow",
			"from": [7.298, -4.69647, 8.65868],
			"to": [8.702, -4.27527, 9.85208],
			"rotation": {"angle": 0, "axis": "y", "origin": [8, -4.9212, 10.21097]},
			"faces": {
				"north": {"uv": [5.008, 10.508, 5.375, 10.625], "texture": "#2"},
				"east": {"uv": [4.758, 11.008, 5.0625, 11.125], "texture": "#2"},
				"south": {"uv": [10.508, 5.008, 10.875, 5.125], "texture": "#2"},
				"west": {"uv": [11.008, 5.008, 11.3125, 5.125], "texture": "#2"},
				"up": {"uv": [6.875, 8.5625, 6.508, 8.258], "texture": "#2"},
				"down": {"uv": [8.625, 7.008, 8.258, 7.3125], "texture": "#2"}
			}
		},
		{
			"name": "bow",
			"from": [7.30502, -5.02711, 9.68302],
			"to": [8.69498, -4.67962, 11.76796],
			"rotation": {"angle": 22.5, "axis": "x", "origin": [8, -4.85337, 10.72549]},
			"faces": {
				"north": {"uv": [11.258, 7.008, 11.625, 7.0625], "texture": "#2"},
				"east": {"uv": [11.008, 8.758, 11.492, 8.8125], "texture": "#2"},
				"south": {"uv": [11.258, 7.258, 11.625, 7.3125], "texture": "#2"},
				"west": {"uv": [9.008, 11.008, 9.492, 11.0625], "texture": "#2"},
				"up": {"uv": [7.125, 6.992, 6.758, 6.508], "texture": "#2"},
				"down": {"uv": [0.875, 7.008, 0.508, 7.492], "texture": "#2"}
			}
		},
		{
			"name": "bow",
			"from": [7.30502, -6.05518, 9.89871],
			"to": [8.69498, -5.63819, 11.56666],
			"rotation": {"angle": 0, "axis": "y", "origin": [8, -5.84668, 10.73268]},
			"faces": {
				"north": {"uv": [10.508, 5.258, 10.875, 5.375], "texture": "#2"},
				"east": {"uv": [7.258, 9.758, 7.6875, 9.875], "texture": "#2"},
				"south": {"uv": [5.508, 10.508, 5.875, 10.625], "texture": "#2"},
				"west": {"uv": [9.758, 7.758, 10.1875, 7.875], "texture": "#2"},
				"up": {"uv": [7.875, 6.4375, 7.508, 6.008], "texture": "#2"},
				"down": {"uv": [7.875, 6.758, 7.508, 7.1875], "texture": "#2"}
			}
		},
		{
			"name": "bow",
			"from": [7.31197, -4.69173, 10.47813],
			"to": [8.68803, -4.21011, 11.16616],
			"rotation": {"angle": -45, "axis": "x", "origin": [8, -4.45092, 10.82214]},
			"faces": {
				"north": {"uv": [10.508, 5.508, 10.875, 5.625], "texture": "#2"},
				"east": {"uv": [7.008, 11.258, 7.1875, 11.375], "texture": "#2"},
				"south": {"uv": [10.508, 5.758, 10.875, 5.875], "texture": "#2"},
				"west": {"uv": [11.258, 7.508, 11.4375, 7.625], "texture": "#2"},
				"up": {"uv": [9.875, 1.4375, 9.508, 1.258], "texture": "#2"},
				"down": {"uv": [9.875, 1.508, 9.508, 1.6875], "texture": "#2"}
			}
		},
		{
			"name": "bow",
			"from": [7.32608, -4.11997, 8.37489],
			"to": [8.67392, -3.71562, 10.69882],
			"rotation": {"angle": -22.5, "axis": "x", "origin": [8, -3.91779, 9.58685]},
			"faces": {
				"north": {"uv": [5.258, 11.008, 5.5625, 11.125], "texture": "#2"},
				"east": {"uv": [1.758, 9.508, 2.3125, 9.625], "texture": "#2"},
				"south": {"uv": [11.008, 5.258, 11.3125, 5.375], "texture": "#2"},
				"west": {"uv": [9.508, 1.758, 10.0625, 1.875], "texture": "#2"},
				"up": {"uv": [7.3125, 6.0625, 7.008, 5.508], "texture": "#2"},
				"down": {"uv": [7.0625, 7.008, 6.758, 7.5625], "texture": "#2"}
			}
		},
		{
			"name": "bow",
			"from": [7.30502, -4.76442, 11.15236],
			"to": [8.69498, -4.34744, 11.63885],
			"rotation": {"angle": -22.5, "axis": "x", "origin": [8, -4.9165, 10.21708]},
			"faces": {
				"north": {"uv": [6.008, 10.508, 6.375, 10.625], "texture": "#2"},
				"east": {"uv": [4.758, 11.758, 4.875, 11.875], "texture": "#2"},
				"south": {"uv": [10.508, 6.008, 10.875, 6.125], "texture": "#2"},
				"west": {"uv": [11.758, 4.758, 11.875, 4.875], "texture": "#2"},
				"up": {"uv": [6.875, 10.625, 6.508, 10.508], "texture": "#2"},
				"down": {"uv": [10.875, 6.508, 10.508, 6.625], "texture": "#2"}
			}
		},
		{
			"name": "bow",
			"from": [7.298, -4.19156, 11.31781],
			"to": [8.702, -3.84056, 11.80921],
			"rotation": {"angle": 0, "axis": "y", "origin": [8, -4.9212, 10.21097]},
			"faces": {
				"north": {"uv": [7.758, 11.258, 8.125, 11.3125], "texture": "#2"},
				"east": {"uv": [12.008, 0.008, 12.125, 0.0625], "texture": "#2"},
				"south": {"uv": [11.258, 7.758, 11.625, 7.8125], "texture": "#2"},
				"west": {"uv": [0.258, 12.008, 0.375, 12.0625], "texture": "#2"},
				"up": {"uv": [10.875, 6.875, 10.508, 6.758], "texture": "#2"},
				"down": {"uv": [7.375, 10.508, 7.008, 10.625], "texture": "#2"}
			}
		},
		{
			"name": "bow",
			"from": [7.25588, -3.71704, 10.51372],
			"to": [8.74412, -3.34498, 11.65995],
			"rotation": {"angle": 0, "axis": "y", "origin": [8, -3.53101, 11.14623]},
			"faces": {
				"north": {"uv": [11.258, 8.258, 11.625, 8.3125], "texture": "#2"},
				"east": {"uv": [11.758, 1.258, 12.0625, 1.3125], "texture": "#2"},
				"south": {"uv": [11.258, 8.508, 11.625, 8.5625], "texture": "#2"},
				"west": {"uv": [1.508, 11.758, 1.8125, 11.8125], "texture": "#2"},
				"up": {"uv": [8.625, 7.8125, 8.258, 7.508], "texture": "#2"},
				"down": {"uv": [8.125, 8.258, 7.758, 8.5625], "texture": "#2"}
			}
		},
		{
			"name": "bow",
			"from": [7.26992, -4.43288, 12.16887],
			"to": [8.73008, -3.55679, 12.4609],
			"rotation": {"angle": -45, "axis": "x", "origin": [8, -3.99484, 12.31488]},
			"faces": {
				"north": {"uv": [0.008, 9.008, 0.375, 9.242], "texture": "#2"},
				"east": {"uv": [5.008, 11.758, 5.0625, 11.992], "texture": "#2"},
				"south": {"uv": [9.008, 0.008, 9.375, 0.242], "texture": "#2"},
				"west": {"uv": [5.258, 11.758, 5.3125, 11.992], "texture": "#2"},
				"up": {"uv": [9.625, 11.3125, 9.258, 11.258], "texture": "#2"},
				"down": {"uv": [11.625, 9.258, 11.258, 9.3125], "texture": "#2"}
			}
		},
		{
			"name": "bow",
			"from": [7.298, -7.4186, 11.70329],
			"to": [8.702, -6.5762, 11.98409],
			"rotation": {"angle": -22.5, "axis": "x", "origin": [8, -4.9212, 10.21097]},
			"faces": {
				"north": {"uv": [9.508, 2.508, 9.875, 2.6875], "texture": "#2"},
				"east": {"uv": [9.008, 11.758, 9.0625, 11.9375], "texture": "#2"},
				"south": {"uv": [3.258, 9.508, 3.625, 9.6875], "texture": "#2"},
				"west": {"uv": [11.758, 9.008, 11.8125, 9.1875], "texture": "#2"},
				"up": {"uv": [10.125, 11.3125, 9.758, 11.258], "texture": "#2"},
				"down": {"uv": [11.625, 9.758, 11.258, 9.8125], "texture": "#2"}
			}
		},
		{
			"name": "bow",
			"from": [7.298, -7.12876, 10.93497],
			"to": [8.702, -6.14596, 11.21577],
			"rotation": {"angle": -45, "axis": "x", "origin": [8, -4.9212, 10.21097]},
			"faces": {
				"north": {"uv": [9.008, 0.258, 9.375, 0.492], "texture": "#2"},
				"east": {"uv": [5.508, 11.758, 5.5625, 11.992], "texture": "#2"},
				"south": {"uv": [0.508, 9.008, 0.875, 9.242], "texture": "#2"},
				"west": {"uv": [11.758, 5.508, 11.8125, 5.742], "texture": "#2"},
				"up": {"uv": [11.625, 10.0625, 11.258, 10.008], "texture": "#2"},
				"down": {"uv": [10.625, 11.258, 10.258, 11.3125], "texture": "#2"}
			}
		},
		{
			"name": "bow",
			"from": [7.29098, -6.70103, 12.16253],
			"to": [8.70902, -5.8502, 12.44614],
			"rotation": {"angle": -45, "axis": "x", "origin": [8, -6.27561, 12.30434]},
			"faces": {
				"north": {"uv": [9.508, 5.008, 9.875, 5.1875], "texture": "#2"},
				"east": {"uv": [9.258, 11.758, 9.3125, 11.9375], "texture": "#2"},
				"south": {"uv": [5.758, 9.508, 6.125, 9.6875], "texture": "#2"},
				"west": {"uv": [11.758, 9.258, 11.8125, 9.4375], "texture": "#2"},
				"up": {"uv": [11.625, 10.5625, 11.258, 10.508], "texture": "#2"},
				"down": {"uv": [11.125, 11.258, 10.758, 11.3125], "texture": "#2"}
			}
		},
		{
			"name": "bow",
			"from": [7.298, -5.43152, 11.76629],
			"to": [8.702, -5.08052, 12.32789],
			"rotation": {"angle": 22.5, "axis": "x", "origin": [8, -4.9212, 10.21097]},
			"faces": {
				"north": {"uv": [11.258, 10.758, 11.625, 10.8125], "texture": "#2"},
				"east": {"uv": [12.008, 0.508, 12.125, 0.5625], "texture": "#2"},
				"south": {"uv": [11.258, 11.008, 11.625, 11.0625], "texture": "#2"},
				"west": {"uv": [0.758, 12.008, 0.875, 12.0625], "texture": "#2"},
				"up": {"uv": [8.375, 10.625, 8.008, 10.508], "texture": "#2"},
				"down": {"uv": [8.875, 10.508, 8.508, 10.625], "texture": "#2"}
			}
		},
		{
			"name": "bow",
			"from": [7.29098, -6.4213, 8.23362],
			"to": [8.70902, -5.92499, 10.66753],
			"rotation": {"angle": 22.5, "axis": "x", "origin": [8, -6.17314, 9.45057]},
			"faces": {
				"north": {"uv": [10.508, 8.508, 10.875, 8.625], "texture": "#2"},
				"east": {"uv": [9.258, 3.758, 9.875, 3.875], "texture": "#2"},
				"south": {"uv": [10.508, 8.758, 10.875, 8.875], "texture": "#2"},
				"west": {"uv": [9.258, 4.008, 9.875, 4.125], "texture": "#2"},
				"up": {"uv": [1.875, 6.625, 1.508, 6.008], "texture": "#2"},
				"down": {"uv": [6.375, 1.508, 6.008, 2.125], "texture": "#2"}
			}
		},
		{
			"name": "bow",
			"from": [7.4, 11.9, 3.03897],
			"to": [8.6, 12.8, 5.93897],
			"rotation": {"angle": 45, "axis": "x", "origin": [8, 12.4, 4.43897]},
			"faces": {
				"north": {"uv": [3.508, 9.258, 3.8125, 9.492], "texture": "#2"},
				"east": {"uv": [7.008, 0.758, 7.742, 0.992], "texture": "#2"},
				"south": {"uv": [9.258, 4.258, 9.5625, 4.492], "texture": "#2"},
				"west": {"uv": [7.008, 1.008, 7.742, 1.242], "texture": "#2"},
				"up": {"uv": [2.3125, 6.742, 2.008, 6.008], "texture": "#2"},
				"down": {"uv": [6.3125, 2.258, 6.008, 2.992], "texture": "#2"}
			}
		},
		{
			"name": "bow",
			"from": [7.4, 13.4, 3.73897],
			"to": [8.6, 14.3, 5.83897],
			"rotation": {"angle": 45, "axis": "x", "origin": [8, 13.9, 4.73897]},
			"faces": {
				"north": {"uv": [9.258, 4.508, 9.5625, 4.742], "texture": "#2"},
				"east": {"uv": [4.758, 8.008, 5.242, 8.242], "texture": "#2"},
				"south": {"uv": [9.258, 4.758, 9.5625, 4.992], "texture": "#2"},
				"west": {"uv": [8.008, 4.758, 8.492, 4.992], "texture": "#2"},
				"up": {"uv": [8.0625, 8.242, 7.758, 7.758], "texture": "#2"},
				"down": {"uv": [0.3125, 8.008, 0.008, 8.492], "texture": "#2"}
			}
		},
		{
			"name": "bow",
			"from": [7.4, 14.4, 4.33897],
			"to": [8.6, 17.3, 5.73897],
			"rotation": {"angle": 22.5, "axis": "x", "origin": [8, 15.9, 4.83897]},
			"faces": {
				"north": {"uv": [6.008, 3.008, 6.3125, 3.742], "texture": "#2"},
				"east": {"uv": [3.508, 5.008, 3.875, 5.742], "texture": "#2"},
				"south": {"uv": [6.008, 3.758, 6.3125, 4.492], "texture": "#2"},
				"west": {"uv": [5.008, 3.508, 5.375, 4.242], "texture": "#2"},
				"up": {"uv": [8.5625, 8.375, 8.258, 8.008], "texture": "#2"},
				"down": {"uv": [0.3125, 8.508, 0.008, 8.875], "texture": "#2"}
			}
		},
		{
			"name": "bow",
			"from": [7.298, 22.14596, 10.93497],
			"to": [8.702, 23.12876, 11.21577],
			"rotation": {"angle": 45, "axis": "x", "origin": [8, 20.9212, 10.21097]},
			"faces": {
				"north": {"uv": [9.008, 1.008, 9.375, 1.242], "texture": "#2"},
				"east": {"uv": [5.758, 11.758, 5.8125, 11.992], "texture": "#2"},
				"south": {"uv": [9.008, 1.258, 9.375, 1.492], "texture": "#2"},
				"west": {"uv": [6.008, 11.758, 6.0625, 11.992], "texture": "#2"},
				"up": {"uv": [0.875, 11.5625, 0.508, 11.508], "texture": "#2"},
				"down": {"uv": [11.875, 0.508, 11.508, 0.5625], "texture": "#2"}
			}
		},
		{
			"name": "bow",
			"from": [7.26992, 19.55679, 12.16887],
			"to": [8.73008, 20.43288, 12.4609],
			"rotation": {"angle": 45, "axis": "x", "origin": [8, 19.99484, 12.31488]},
			"faces": {
				"north": {"uv": [9.008, 1.508, 9.375, 1.742], "texture": "#2"},
				"east": {"uv": [6.258, 11.758, 6.3125, 11.992], "texture": "#2"},
				"south": {"uv": [1.758, 9.008, 2.125, 9.242], "texture": "#2"},
				"west": {"uv": [11.758, 6.258, 11.8125, 6.492], "texture": "#2"},
				"up": {"uv": [11.875, 1.5625, 11.508, 1.508], "texture": "#2"},
				"down": {"uv": [2.375, 11.508, 2.008, 11.5625], "texture": "#2"}
			}
		},
		{
			"name": "bow",
			"from": [7.2629, 19.48599, 11.57762],
			"to": [8.7371, 19.78083, 12.09359],
			"rotation": {"angle": -22.5, "axis": "x", "origin": [8, 19.63341, 11.8356]},
			"faces": {
				"north": {"uv": [11.508, 2.008, 11.875, 2.0625], "texture": "#2"},
				"east": {"uv": [1.508, 12.008, 1.625, 12.0625], "texture": "#2"},
				"south": {"uv": [2.508, 11.508, 2.875, 11.5625], "texture": "#2"},
				"west": {"uv": [12.008, 1.508, 12.125, 1.5625], "texture": "#2"},
				"up": {"uv": [10.875, 10.375, 10.508, 10.258], "texture": "#2"},
				"down": {"uv": [10.875, 10.508, 10.508, 10.625], "texture": "#2"}
			}
		},
		{
			"name": "bow",
			"from": [7.25588, 19.34498, 10.51372],
			"to": [8.74412, 19.71704, 11.65995],
			"rotation": {"angle": 0, "axis": "y", "origin": [8, 19.53101, 11.14623]},
			"faces": {
				"north": {"uv": [11.508, 2.758, 11.875, 2.8125], "texture": "#2"},
				"east": {"uv": [11.758, 1.758, 12.0625, 1.8125], "texture": "#2"},
				"south": {"uv": [3.008, 11.508, 3.375, 11.5625], "texture": "#2"},
				"west": {"uv": [2.008, 11.758, 2.3125, 11.8125], "texture": "#2"},
				"up": {"uv": [8.875, 0.3125, 8.508, 0.008], "texture": "#2"},
				"down": {"uv": [0.875, 8.508, 0.508, 8.8125], "texture": "#2"}
			}
		},
		{
			"name": "bow",
			"from": [7.298, 19.3112, 11.27401],
			"to": [8.702, 19.592, 12.11641],
			"rotation": {"angle": -22.5, "axis": "x", "origin": [8, 20.9212, 10.21097]},
			"faces": {
				"north": {"uv": [11.508, 3.008, 11.875, 3.0625], "texture": "#2"},
				"east": {"uv": [11.758, 10.008, 11.9375, 10.0625], "texture": "#2"},
				"south": {"uv": [11.508, 3.258, 11.875, 3.3125], "texture": "#2"},
				"west": {"uv": [10.258, 11.758, 10.4375, 11.8125], "texture": "#2"},
				"up": {"uv": [9.875, 7.1875, 9.508, 7.008], "texture": "#2"},
				"down": {"uv": [7.625, 9.508, 7.258, 9.6875], "texture": "#2"}
			}
		},
		{
			"name": "bow",
			"from": [7.298, 19.84056, 11.31781],
			"to": [8.702, 20.19156, 11.80921],
			"rotation": {"angle": 0, "axis": "y", "origin": [8, 20.9212, 10.21097]},
			"faces": {
				"north": {"uv": [3.508, 11.508, 3.875, 11.5625], "texture": "#2"},
				"east": {"uv": [1.758, 12.008, 1.875, 12.0625], "texture": "#2"},
				"south": {"uv": [11.508, 3.508, 11.875, 3.5625], "texture": "#2"},
				"west": {"uv": [2.008, 12.008, 2.125, 12.0625], "texture": "#2"},
				"up": {"uv": [0.375, 10.875, 0.008, 10.758], "texture": "#2"},
				"down": {"uv": [11.125, 0.008, 10.758, 0.125], "texture": "#2"}
			}
		},
		{
			"name": "bow",
			"from": [7.30502, 20.34744, 11.15236],
			"to": [8.69498, 20.76442, 11.63885],
			"rotation": {"angle": 22.5, "axis": "x", "origin": [8, 20.9165, 10.21708]},
			"faces": {
				"north": {"uv": [10.758, 0.258, 11.125, 0.375], "texture": "#2"},
				"east": {"uv": [6.508, 11.758, 6.625, 11.875], "texture": "#2"},
				"south": {"uv": [0.508, 10.758, 0.875, 10.875], "texture": "#2"},
				"west": {"uv": [6.758, 11.758, 6.875, 11.875], "texture": "#2"},
				"up": {"uv": [11.125, 0.875, 10.758, 0.758], "texture": "#2"},
				"down": {"uv": [1.375, 10.758, 1.008, 10.875], "texture": "#2"}
			}
		},
		{
			"name": "bow",
			"from": [7.32608, 19.71562, 8.37489],
			"to": [8.67392, 20.11997, 10.69882],
			"rotation": {"angle": 22.5, "axis": "x", "origin": [8, 19.91779, 9.58685]},
			"faces": {
				"north": {"uv": [11.008, 5.508, 11.3125, 5.625], "texture": "#2"},
				"east": {"uv": [9.508, 7.258, 10.0625, 7.375], "texture": "#2"},
				"south": {"uv": [5.758, 11.008, 6.0625, 11.125], "texture": "#2"},
				"west": {"uv": [9.508, 7.508, 10.0625, 7.625], "texture": "#2"},
				"up": {"uv": [0.3125, 7.8125, 0.008, 7.258], "texture": "#2"},
				"down": {"uv": [2.3125, 7.258, 2.008, 7.8125], "texture": "#2"}
			}
		},
		{
			"name": "bow",
			"from": [7.31197, 20.21011, 10.47813],
			"to": [8.68803, 20.69173, 11.16616],
			"rotation": {"angle": 45, "axis": "x", "origin": [8, 20.45092, 10.82214]},
			"faces": {
				"north": {"uv": [1.508, 10.758, 1.875, 10.875], "texture": "#2"},
				"east": {"uv": [11.508, 3.758, 11.6875, 3.875], "texture": "#2"},
				"south": {"uv": [10.758, 1.758, 11.125, 1.875], "texture": "#2"},
				"west": {"uv": [4.008, 11.508, 4.1875, 11.625], "texture": "#2"},
				"up": {"uv": [8.375, 9.6875, 8.008, 9.508], "texture": "#2"},
				"down": {"uv": [8.875, 9.508, 8.508, 9.6875], "texture": "#2"}
			}
		},
		{
			"name": "bow",
			"from": [7.30502, 20.67962, 9.68302],
			"to": [8.69498, 21.02711, 11.76796],
			"rotation": {"angle": -22.5, "axis": "x", "origin": [8, 20.85337, 10.72549]},
			"faces": {
				"north": {"uv": [4.758, 11.508, 5.125, 11.5625], "texture": "#2"},
				"east": {"uv": [9.508, 11.008, 9.992, 11.0625], "texture": "#2"},
				"south": {"uv": [11.508, 5.008, 11.875, 5.0625], "texture": "#2"},
				"west": {"uv": [11.008, 9.508, 11.492, 9.5625], "texture": "#2"},
				"up": {"uv": [1.375, 7.492, 1.008, 7.008], "texture": "#2"},
				"down": {"uv": [7.375, 1.258, 7.008, 1.742], "texture": "#2"}
			}
		},
		{
			"name": "bow",
			"from": [7.298, 20.27527, 8.65868],
			"to": [8.702, 20.69647, 9.85208],
			"rotation": {"angle": 0, "axis": "y", "origin": [8, 20.9212, 10.21097]},
			"faces": {
				"north": {"uv": [3.008, 10.758, 3.375, 10.875], "texture": "#2"},
				"east": {"uv": [11.008, 5.758, 11.3125, 5.875], "texture": "#2"},
				"south": {"uv": [3.508, 10.758, 3.875, 10.875], "texture": "#2"},
				"west": {"uv": [11.008, 6.008, 11.3125, 6.125], "texture": "#2"},
				"up": {"uv": [8.875, 1.3125, 8.508, 1.008], "texture": "#2"},
				"down": {"uv": [8.875, 1.508, 8.508, 1.8125], "texture": "#2"}
			}
		},
		{
			"name": "bow",
			"from": [7.298, 19.20125, 9.06996],
			"to": [8.702, 22.50065, 9.56136],
			"rotation": {"angle": 45, "axis": "x", "origin": [8, 20.9212, 10.21097]},
			"faces": {
				"north": {"uv": [1.508, 5.008, 1.875, 5.8125], "texture": "#2"},
				"east": {"uv": [2.758, 8.758, 2.875, 9.5625], "texture": "#2"},
				"south": {"uv": [2.008, 5.008, 2.375, 5.8125], "texture": "#2"},
				"west": {"uv": [3.008, 8.758, 3.125, 9.5625], "texture": "#2"},
				"up": {"uv": [11.125, 4.875, 10.758, 4.758], "texture": "#2"},
				"down": {"uv": [5.375, 10.758, 5.008, 10.875], "texture": "#2"}
			}
		},
		{
			"name": "bow",
			"from": [7.298, 20.27527, 8.65868],
			"to": [8.702, 20.69647, 9.85208],
			"rotation": {"angle": 0, "axis": "y", "origin": [8, 20.9212, 10.21097]},
			"faces": {
				"north": {"uv": [5.508, 10.758, 5.875, 10.875], "texture": "#2"},
				"east": {"uv": [6.258, 11.008, 6.5625, 11.125], "texture": "#2"},
				"south": {"uv": [6.008, 10.758, 6.375, 10.875], "texture": "#2"},
				"west": {"uv": [11.008, 6.508, 11.3125, 6.625], "texture": "#2"},
				"up": {"uv": [2.125, 8.8125, 1.758, 8.508], "texture": "#2"},
				"down": {"uv": [8.875, 2.008, 8.508, 2.3125], "texture": "#2"}
			}
		},
		{
			"name": "bow",
			"from": [7.30502, 20.67962, 9.68302],
			"to": [8.69498, 21.02711, 11.76796],
			"rotation": {"angle": -22.5, "axis": "x", "origin": [8, 20.85337, 10.72549]},
			"faces": {
				"north": {"uv": [5.258, 11.508, 5.625, 11.5625], "texture": "#2"},
				"east": {"uv": [11.008, 10.258, 11.492, 10.3125], "texture": "#2"},
				"south": {"uv": [11.508, 5.258, 11.875, 5.3125], "texture": "#2"},
				"west": {"uv": [10.508, 11.008, 10.992, 11.0625], "texture": "#2"},
				"up": {"uv": [7.375, 2.242, 7.008, 1.758], "texture": "#2"},
				"down": {"uv": [7.375, 2.258, 7.008, 2.742], "texture": "#2"}
			}
		},
		{
			"name": "bow",
			"from": [7.31197, 20.21011, 10.47813],
			"to": [8.68803, 20.69173, 11.16616],
			"rotation": {"angle": 45, "axis": "x", "origin": [8, 20.45092, 10.82214]},
			"faces": {
				"north": {"uv": [7.008, 10.758, 7.375, 10.875], "texture": "#2"},
				"east": {"uv": [4.258, 11.508, 4.4375, 11.625], "texture": "#2"},
				"south": {"uv": [10.758, 7.258, 11.125, 7.375], "texture": "#2"},
				"west": {"uv": [11.508, 5.508, 11.6875, 5.625], "texture": "#2"},
				"up": {"uv": [9.375, 9.6875, 9.008, 9.508], "texture": "#2"},
				"down": {"uv": [9.875, 9.508, 9.508, 9.6875], "texture": "#2"}
			}
		},
		{
			"name": "bow",
			"from": [7.32608, 19.71562, 8.37489],
			"to": [8.67392, 20.11997, 10.69882],
			"rotation": {"angle": 22.5, "axis": "x", "origin": [8, 19.91779, 9.58685]},
			"faces": {
				"north": {"uv": [6.758, 11.008, 7.0625, 11.125], "texture": "#2"},
				"east": {"uv": [0.008, 9.758, 0.5625, 9.875], "texture": "#2"},
				"south": {"uv": [11.008, 6.758, 11.3125, 6.875], "texture": "#2"},
				"west": {"uv": [9.758, 0.508, 10.3125, 0.625], "texture": "#2"},
				"up": {"uv": [3.8125, 7.8125, 3.508, 7.258], "texture": "#2"},
				"down": {"uv": [5.0625, 7.258, 4.758, 7.8125], "texture": "#2"}
			}
		},
		{
			"name": "bow",
			"from": [7.30502, 20.34744, 11.15236],
			"to": [8.69498, 20.76442, 11.63885],
			"rotation": {"angle": 22.5, "axis": "x", "origin": [8, 20.9165, 10.21708]},
			"faces": {
				"north": {"uv": [7.508, 10.758, 7.875, 10.875], "texture": "#2"},
				"east": {"uv": [7.008, 11.758, 7.125, 11.875], "texture": "#2"},
				"south": {"uv": [10.758, 7.508, 11.125, 7.625], "texture": "#2"},
				"west": {"uv": [11.758, 7.008, 11.875, 7.125], "texture": "#2"},
				"up": {"uv": [11.125, 7.875, 10.758, 7.758], "texture": "#2"},
				"down": {"uv": [8.375, 10.758, 8.008, 10.875], "texture": "#2"}
			}
		},
		{
			"name": "bow",
			"from": [7.298, 19.84056, 11.31781],
			"to": [8.702, 20.19156, 11.80921],
			"rotation": {"angle": 0, "axis": "y", "origin": [8, 20.9212, 10.21097]},
			"faces": {
				"north": {"uv": [5.758, 11.508, 6.125, 11.5625], "texture": "#2"},
				"east": {"uv": [12.008, 2.008, 12.125, 2.0625], "texture": "#2"},
				"south": {"uv": [11.508, 5.758, 11.875, 5.8125], "texture": "#2"},
				"west": {"uv": [2.258, 12.008, 2.375, 12.0625], "texture": "#2"},
				"up": {"uv": [11.125, 8.125, 10.758, 8.008], "texture": "#2"},
				"down": {"uv": [11.125, 8.258, 10.758, 8.375], "texture": "#2"}
			}
		},
		{
			"name": "bow",
			"from": [7.298, 19.3112, 11.27401],
			"to": [8.702, 19.592, 12.11641],
			"rotation": {"angle": -22.5, "axis": "x", "origin": [8, 20.9212, 10.21097]},
			"faces": {
				"north": {"uv": [11.508, 6.008, 11.875, 6.0625], "texture": "#2"},
				"east": {"uv": [10.508, 11.758, 10.6875, 11.8125], "texture": "#2"},
				"south": {"uv": [6.258, 11.508, 6.625, 11.5625], "texture": "#2"},
				"west": {"uv": [11.758, 10.508, 11.9375, 10.5625], "texture": "#2"},
				"up": {"uv": [1.125, 9.9375, 0.758, 9.758], "texture": "#2"},
				"down": {"uv": [10.125, 0.758, 9.758, 0.9375], "texture": "#2"}
			}
		},
		{
			"name": "bow",
			"from": [7.25588, 19.34498, 10.51372],
			"to": [8.74412, 19.71704, 11.65995],
			"rotation": {"angle": 0, "axis": "y", "origin": [8, 19.53101, 11.14623]},
			"faces": {
				"north": {"uv": [11.508, 6.508, 11.875, 6.5625], "texture": "#2"},
				"east": {"uv": [11.758, 2.258, 12.0625, 2.3125], "texture": "#2"},
				"south": {"uv": [6.758, 11.508, 7.125, 11.5625], "texture": "#2"},
				"west": {"uv": [2.508, 11.758, 2.8125, 11.8125], "texture": "#2"},
				"up": {"uv": [8.875, 3.8125, 8.508, 3.508], "texture": "#2"},
				"down": {"uv": [8.875, 4.008, 8.508, 4.3125], "texture": "#2"}
			}
		},
		{
			"name": "bow",
			"from": [7.2629, 19.48599, 11.57762],
			"to": [8.7371, 19.78083, 12.09359],
			"rotation": {"angle": -22.5, "axis": "x", "origin": [8, 19.63341, 11.8356]},
			"faces": {
				"north": {"uv": [11.508, 6.758, 11.875, 6.8125], "texture": "#2"},
				"east": {"uv": [2.508, 12.008, 2.625, 12.0625], "texture": "#2"},
				"south": {"uv": [11.508, 7.508, 11.875, 7.5625], "texture": "#2"},
				"west": {"uv": [12.008, 2.508, 12.125, 2.5625], "texture": "#2"},
				"up": {"uv": [8.875, 10.875, 8.508, 10.758], "texture": "#2"},
				"down": {"uv": [9.375, 10.758, 9.008, 10.875], "texture": "#2"}
			}
		},
		{
			"name": "bow",
			"from": [7.26992, 19.55679, 12.16887],
			"to": [8.73008, 20.43288, 12.4609],
			"rotation": {"angle": 45, "axis": "x", "origin": [8, 19.99484, 12.31488]},
			"faces": {
				"north": {"uv": [9.008, 1.758, 9.375, 1.992], "texture": "#2"},
				"east": {"uv": [7.258, 11.758, 7.3125, 11.992], "texture": "#2"},
				"south": {"uv": [9.008, 2.008, 9.375, 2.242], "texture": "#2"},
				"west": {"uv": [11.758, 7.258, 11.8125, 7.492], "texture": "#2"},
				"up": {"uv": [8.125, 11.5625, 7.758, 11.508], "texture": "#2"},
				"down": {"uv": [8.625, 11.508, 8.258, 11.5625], "texture": "#2"}
			}
		},
		{
			"name": "bow",
			"from": [7.30502, 22.55965, 11.68836],
			"to": [8.69498, 23.39363, 11.96635],
			"rotation": {"angle": 22.5, "axis": "x", "origin": [8, 20.9212, 10.21097]},
			"faces": {
				"north": {"uv": [1.258, 9.758, 1.625, 9.9375], "texture": "#2"},
				"east": {"uv": [10.758, 11.758, 10.8125, 11.9375], "texture": "#2"},
				"south": {"uv": [1.758, 9.758, 2.125, 9.9375], "texture": "#2"},
				"west": {"uv": [11.758, 10.758, 11.8125, 10.9375], "texture": "#2"},
				"up": {"uv": [9.125, 11.5625, 8.758, 11.508], "texture": "#2"},
				"down": {"uv": [11.875, 8.758, 11.508, 8.8125], "texture": "#2"}
			}
		},
		{
			"name": "bow",
			"from": [7.298, 22.14596, 10.93497],
			"to": [8.702, 23.12876, 11.21577],
			"rotation": {"angle": 45, "axis": "x", "origin": [8, 20.9212, 10.21097]},
			"faces": {
				"north": {"uv": [9.008, 2.258, 9.375, 2.492], "texture": "#2"},
				"east": {"uv": [7.508, 11.758, 7.5625, 11.992], "texture": "#2"},
				"south": {"uv": [9.008, 2.508, 9.375, 2.742], "texture": "#2"},
				"west": {"uv": [7.758, 11.758, 7.8125, 11.992], "texture": "#2"},
				"up": {"uv": [9.625, 11.5625, 9.258, 11.508], "texture": "#2"},
				"down": {"uv": [11.875, 9.508, 11.508, 9.5625], "texture": "#2"}
			}
		},
		{
			"name": "bow",
			"from": [7.298, 22.93795, 10.59309],
			"to": [8.702, 23.78035, 10.87389],
			"rotation": {"angle": 45, "axis": "x", "origin": [8, 20.9212, 10.21097]},
			"faces": {
				"north": {"uv": [2.258, 9.758, 2.625, 9.9375], "texture": "#2"},
				"east": {"uv": [11.008, 11.758, 11.0625, 11.9375], "texture": "#2"},
				"south": {"uv": [2.758, 9.758, 3.125, 9.9375], "texture": "#2"},
				"west": {"uv": [11.758, 11.008, 11.8125, 11.1875], "texture": "#2"},
				"up": {"uv": [10.125, 11.5625, 9.758, 11.508], "texture": "#2"},
				"down": {"uv": [10.625, 11.508, 10.258, 11.5625], "texture": "#2"}
			}
		},
		{
			"name": "bow",
			"from": [7.298, 21.08052, 11.76629],
			"to": [8.702, 21.43152, 12.32789],
			"rotation": {"angle": -22.5, "axis": "x", "origin": [8, 20.9212, 10.21097]},
			"faces": {
				"north": {"uv": [11.508, 10.258, 11.875, 10.3125], "texture": "#2"},
				"east": {"uv": [2.758, 12.008, 2.875, 12.0625], "texture": "#2"},
				"south": {"uv": [10.758, 11.508, 11.125, 11.5625], "texture": "#2"},
				"west": {"uv": [12.008, 2.758, 12.125, 2.8125], "texture": "#2"},
				"up": {"uv": [11.125, 9.125, 10.758, 9.008], "texture": "#2"},
				"down": {"uv": [11.125, 9.258, 10.758, 9.375], "texture": "#2"}
			}
		},
		{
			"name": "bow",
			"from": [7.4, 19.4, 7.83897],
			"to": [8.6, 22.2, 12.33897],
			"rotation": {"angle": 0, "axis": "y", "origin": [7, 16.8, 6.03897]},
			"faces": {
				"north": {"uv": [6.508, 2.258, 6.8125, 2.9375], "texture": "#2"},
				"east": {"uv": [1.508, 0.758, 2.625, 1.4375], "texture": "#2"},
				"south": {"uv": [6.508, 3.008, 6.8125, 3.6875], "texture": "#2"},
				"west": {"uv": [1.258, 1.508, 2.375, 2.1875], "texture": "#2"},
				"up": {"uv": [2.3125, 4.875, 2.008, 3.758], "texture": "#2"},
				"down": {"uv": [3.8125, 3.758, 3.508, 4.875], "texture": "#2"}
			}
		},
		{
			"name": "bow",
			"from": [7.435, 6.9674, 5.43174],
			"to": [8.565, 9.0674, 6.73387],
			"rotation": {"angle": 0, "axis": "y", "origin": [8, 8, 6.20212]},
			"faces": {
				"north": {"uv": [5.508, 7.0377, 5.742, 7.492], "texture": "#2"},
				"east": {"uv": [5.5109, 7.03145, 5.742, 7.492], "texture": "#2"},
				"south": {"uv": [4.508, 7.5377, 4.742, 7.992], "texture": "#2"},
				"west": {"uv": [5.508, 7.0377, 5.742, 7.492], "texture": "#2"},
				"up": {"uv": [5.992, 9.3125, 5.758, 9.0484], "texture": "#2"},
				"down": {"uv": [7.242, 9.0484, 7.008, 9.3125], "texture": "#2"}
			}
		},
		{
			"name": "bow",
			"from": [7.2768, 21.92002, 8.20928],
			"to": [8.7232, 22.42626, 10.69187],
			"rotation": {"angle": -22.5, "axis": "x", "origin": [8, 22.17314, 9.45057]},
			"faces": {
				"north": {"uv": [9.008, 10.508, 9.375, 10.625], "texture": "#2"},
				"east": {"uv": [9.258, 5.258, 9.875, 5.375], "texture": "#2"},
				"south": {"uv": [9.508, 10.508, 9.875, 10.625], "texture": "#2"},
				"west": {"uv": [9.258, 5.508, 9.875, 5.625], "texture": "#2"},
				"up": {"uv": [6.375, 5.125, 6.008, 4.508], "texture": "#2"},
				"down": {"uv": [6.375, 5.258, 6.008, 5.875], "texture": "#2"}
			}
		},
		{
			"name": "bow",
			"from": [7.30502, 21.63819, 9.89871],
			"to": [8.69498, 22.05518, 11.56666],
			"rotation": {"angle": 0, "axis": "y", "origin": [8, 21.84668, 10.73268]},
			"faces": {
				"north": {"uv": [10.758, 6.258, 11.125, 6.375], "texture": "#2"},
				"east": {"uv": [9.758, 8.258, 10.1875, 8.375], "texture": "#2"},
				"south": {"uv": [6.508, 10.758, 6.875, 10.875], "texture": "#2"},
				"west": {"uv": [8.508, 9.758, 8.9375, 9.875], "texture": "#2"},
				"up": {"uv": [2.875, 8.1875, 2.508, 7.758], "texture": "#2"},
				"down": {"uv": [3.375, 7.758, 3.008, 8.1875], "texture": "#2"}
			}
		},
		{
			"name": "bow",
			"from": [7.298, 13.79488, 3.80531],
			"to": [8.702, 15.08828, 4.21051],
			"rotation": {"angle": 0, "axis": "y", "origin": [8, 14.74258, 5.10401]},
			"faces": {
				"north": {"uv": [6.008, 8.008, 6.375, 8.3125], "texture": "#2"},
				"east": {"uv": [0.008, 11.008, 0.125, 11.3125], "texture": "#2"},
				"south": {"uv": [8.008, 6.008, 8.375, 6.3125], "texture": "#2"},
				"west": {"uv": [0.258, 11.008, 0.375, 11.3125], "texture": "#2"},
				"up": {"uv": [2.375, 10.125, 2.008, 10.008], "texture": "#2"},
				"down": {"uv": [10.375, 2.008, 10.008, 2.125], "texture": "#2"}
			}
		},
		{
			"name": "bow",
			"from": [7.298, -6.38119, 8.4438],
			"to": [8.702, -2.16919, 8.9352],
			"rotation": {"angle": -22.5, "axis": "x", "origin": [8, -6.38119, 9.1458]},
			"faces": {
				"north": {"uv": [3.508, 2.508, 3.875, 3.5625], "texture": "#2"},
				"east": {"uv": [3.508, 8.008, 3.625, 9.0625], "texture": "#2"},
				"south": {"uv": [0.008, 3.758, 0.375, 4.8125], "texture": "#2"},
				"west": {"uv": [3.758, 8.008, 3.875, 9.0625], "texture": "#2"},
				"up": {"uv": [10.875, 3.875, 10.508, 3.758], "texture": "#2"},
				"down": {"uv": [4.375, 10.508, 4.008, 10.625], "texture": "#2"}
			}
		},
		{
			"name": "bow",
			"from": [7.2629, -3.78083, 11.57762],
			"to": [8.7371, -3.48599, 12.09359],
			"rotation": {"angle": 22.5, "axis": "x", "origin": [8, -3.63341, 11.8356]},
			"faces": {
				"north": {"uv": [8.758, 11.258, 9.125, 11.3125], "texture": "#2"},
				"east": {"uv": [12.008, 0.258, 12.125, 0.3125], "texture": "#2"},
				"south": {"uv": [11.258, 9.008, 11.625, 9.0625], "texture": "#2"},
				"west": {"uv": [0.508, 12.008, 0.625, 12.0625], "texture": "#2"},
				"up": {"uv": [10.875, 7.125, 10.508, 7.008], "texture": "#2"},
				"down": {"uv": [7.875, 10.508, 7.508, 10.625], "texture": "#2"}
			}
		},
		{
			"name": "bow",
			"from": [7.298, -3.592, 11.27401],
			"to": [8.702, -3.3112, 12.11641],
			"rotation": {"angle": 22.5, "axis": "x", "origin": [8, -4.9212, 10.21097]},
			"faces": {
				"north": {"uv": [11.258, 8.008, 11.625, 8.0625], "texture": "#2"},
				"east": {"uv": [11.758, 8.508, 11.9375, 8.5625], "texture": "#2"},
				"south": {"uv": [8.258, 11.258, 8.625, 11.3125], "texture": "#2"},
				"west": {"uv": [8.758, 11.758, 8.9375, 11.8125], "texture": "#2"},
				"up": {"uv": [9.875, 2.1875, 9.508, 2.008], "texture": "#2"},
				"down": {"uv": [9.875, 2.258, 9.508, 2.4375], "texture": "#2"}
			}
		},
		{
			"name": "bow",
			"from": [7.29098, 2.62867, 4.13433],
			"to": [8.70902, 5.39385, 4.63065],
			"rotation": {"angle": -45, "axis": "x", "origin": [8, 4.01126, 4.38249]},
			"faces": {
				"north": {"uv": [5.008, 5.008, 5.375, 5.6875], "texture": "#2"},
				"east": {"uv": [9.008, 4.258, 9.125, 4.9375], "texture": "#2"},
				"south": {"uv": [5.258, 0.008, 5.625, 0.6875], "texture": "#2"},
				"west": {"uv": [4.508, 9.008, 4.625, 9.6875], "texture": "#2"},
				"up": {"uv": [0.875, 10.375, 0.508, 10.258], "texture": "#2"},
				"down": {"uv": [10.625, 0.758, 10.258, 0.875], "texture": "#2"}
			}
		},
		{
			"name": "bow",
			"from": [7.25502, 14.78059, 4.76175],
			"to": [8.74498, 20.5709, 5.14646],
			"rotation": {"angle": 22.5, "axis": "x", "origin": [7.95, 17.36383, 5.51224]},
			"faces": {
				"north": {"uv": [1.008, 3.742, 1.375, 2.258], "texture": "#2"},
				"east": {"uv": [5.258, 7.992, 5.375, 6.508], "texture": "#2"},
				"south": {"uv": [1.508, 3.742, 1.875, 2.258], "texture": "#2"},
				"west": {"uv": [6.508, 7.742, 6.625, 6.258], "texture": "#2"},
				"up": {"uv": [10.375, 1.625, 10.008, 1.508], "texture": "#2"},
				"down": {"uv": [1.875, 10.008, 1.508, 10.125], "texture": "#2"}
			}
		}
	],
	"gui_light": "front",
	"display": {
		"thirdperson_righthand": {
			"translation": [0, -1.75, 3.5],
			"scale": [0.65, 1, 1]
		},
		"thirdperson_lefthand": {
			"translation": [0, -1.75, 3.5],
			"scale": [0.65, 1, 1]
		},
		"firstperson_righthand": {
			"rotation": [0, 10, -9],
			"translation": [3.25, 4, 0],
			"scale": [0.38, 0.88, 0.88]
		},
		"firstperson_lefthand": {
			"rotation": [0, 10, -9],
			"translation": [3.25, 4, 0],
			"scale": [0.38, 0.88, 0.88]
		},
		"ground": {
			"rotation": [15, 0, 0],
			"translation": [0, 10.5, 0],
			"scale": [0.41, 0.67, 0.67]
		},
		"gui": {
			"rotation": [90, -45, -90],
			"translation": [0.75, 0.75, 0.75],
			"scale": [0.62, 0.62, 0.62]
		},
		"fixed": {
			"rotation": [90, 45, -90],
			"translation": [-1, 0.75, 0.75],
			"scale": [0.46, 0.73, 0.73]
		}
	},
	"groups": [
		{
			"name": "ghoul_bow",
			"origin": [8, 8, 8],
			"color": 0,
			"children": [
				{
					"name": "bow",
					"origin": [7.95, 17.36383, 5.51224],
					"color": 0,
					"children": [
						0,
						1,
						2,
						3,
						4,
						5,
						6,
						7,
						8,
						9,
						10,
						11,
						12,
						13,
						14,
						15,
						16,
						17,
						18,
						19,
						20,
						21,
						22,
						23,
						24,
						25,
						26,
						27,
						28,
						29,
						30,
						31,
						32,
						33,
						34,
						35,
						36,
						37,
						38,
						39,
						40,
						41,
						42,
						43,
						44,
						45,
						46,
						47,
						48,
						49,
						50,
						51,
						52,
						53,
						54,
						55,
						56,
						57,
						58,
						59,
						60,
						61,
						62,
						63,
						64,
						65,
						66,
						67,
						68,
						69,
						70,
						71,
						72,
						73,
						74,
						75,
						76,
						77,
						78,
						79,
						80,
						81,
						82,
						83,
						84,
						85,
						86,
						87,
						88,
						89,
						90,
						91,
						92,
						93,
						94,
						95,
						96,
						97,
						98,
						99,
						100,
						101,
						102,
						103,
						104,
						105,
						106,
						107,
						108,
						109
					]
				}
			]
		}
	]
}