{
	"credit": "Made with Blockbench",
	"textures": {
		"0": "item/chinese/chinese_dragon",
		"1": "item/chinese/ef_chinese_dragon_long",
		"particle": "item/chinese/chinese_dragon"
	},
	"elements": [
		{
			"from": [-2.625, 19.875, 2],
			"to": [-1.375, 22.875, 5],
			"rotation": {"angle": -45, "axis": "x", "origin": [-2, 21.375, 3.5]},
			"faces": {
				"north": {"uv": [14.5, 6.75, 14.875, 6.875], "rotation": 90, "texture": "#0"},
				"east": {"uv": [6.5, 13.875, 6.125, 14.25], "rotation": 270, "texture": "#0"},
				"south": {"uv": [8.25, 14.5, 8.625, 14.625], "rotation": 270, "texture": "#0"},
				"west": {"uv": [2.875, 14.25, 2.5, 13.875], "rotation": 270, "texture": "#0"},
				"up": {"uv": [14.5, 6.875, 14.875, 7], "rotation": 270, "texture": "#0"},
				"down": {"uv": [14.5, 8.875, 14.875, 9], "rotation": 270, "texture": "#0"}
			}
		},
		{
			"from": [0.375, 2.875, 3.25],
			"to": [1.625, 5.875, 6.25],
			"rotation": {"angle": -45, "axis": "x", "origin": [1, 4.375, 4.75]},
			"faces": {
				"north": {"uv": [14.5, 6.75, 14.875, 6.875], "rotation": 90, "texture": "#0"},
				"east": {"uv": [6.5, 13.875, 6.125, 14.25], "rotation": 270, "texture": "#0"},
				"south": {"uv": [8.25, 14.5, 8.625, 14.625], "rotation": 270, "texture": "#0"},
				"west": {"uv": [2.875, 14.25, 2.5, 13.875], "rotation": 270, "texture": "#0"},
				"up": {"uv": [14.5, 6.875, 14.875, 7], "rotation": 270, "texture": "#0"},
				"down": {"uv": [14.5, 8.875, 14.875, 9], "rotation": 270, "texture": "#0"}
			}
		},
		{
			"from": [7.375, -3.94607, 3.5],
			"to": [8.625, -0.94607, 6.5],
			"rotation": {"angle": -45, "axis": "x", "origin": [8, -2.69607, 4.75]},
			"faces": {
				"north": {"uv": [14.5, 6.75, 14.875, 6.875], "rotation": 90, "texture": "#0"},
				"east": {"uv": [6.5, 13.875, 6.125, 14.25], "rotation": 270, "texture": "#0"},
				"south": {"uv": [8.25, 14.5, 8.625, 14.625], "rotation": 270, "texture": "#0"},
				"west": {"uv": [2.875, 14.25, 2.5, 13.875], "rotation": 270, "texture": "#0"},
				"up": {"uv": [14.5, 6.875, 14.875, 7], "rotation": 270, "texture": "#0"},
				"down": {"uv": [14.5, 8.875, 14.875, 9], "rotation": 270, "texture": "#0"}
			}
		},
		{
			"from": [3.025, 12.87473, 1.84379],
			"to": [4.275, 15.87473, 4.84379],
			"rotation": {"angle": 22.5, "axis": "x", "origin": [3.65, 14.37473, 3.34379]},
			"faces": {
				"north": {"uv": [14.5, 6.875, 14.875, 7], "rotation": 90, "texture": "#0"},
				"east": {"uv": [6.5, 13.875, 6.125, 14.25], "texture": "#0"},
				"south": {"uv": [14.5, 8.875, 14.875, 9], "rotation": 270, "texture": "#0"},
				"west": {"uv": [2.875, 14.25, 2.5, 13.875], "rotation": 180, "texture": "#0"},
				"up": {"uv": [8.25, 14.5, 8.625, 14.625], "rotation": 270, "texture": "#0"},
				"down": {"uv": [14.5, 6.75, 14.875, 6.875], "rotation": 270, "texture": "#0"}
			}
		},
		{
			"from": [11.725, 12.87473, 1.84379],
			"to": [12.975, 15.87473, 4.84379],
			"rotation": {"angle": 22.5, "axis": "x", "origin": [12.25, 14.37473, 3.34379]},
			"faces": {
				"north": {"uv": [14.5, 7, 14.875, 6.875], "rotation": 90, "texture": "#0"},
				"east": {"uv": [2.5, 14.25, 2.875, 13.875], "rotation": 180, "texture": "#0"},
				"south": {"uv": [14.5, 9, 14.875, 8.875], "rotation": 270, "texture": "#0"},
				"west": {"uv": [6.125, 13.875, 6.5, 14.25], "texture": "#0"},
				"up": {"uv": [8.25, 14.625, 8.625, 14.5], "rotation": 270, "texture": "#0"},
				"down": {"uv": [14.5, 6.875, 14.875, 6.75], "rotation": 270, "texture": "#0"}
			}
		},
		{
			"from": [14.375, 2.875, 3.25],
			"to": [15.625, 5.875, 6.25],
			"rotation": {"angle": -45, "axis": "x", "origin": [15, 4.375, 4.75]},
			"faces": {
				"north": {"uv": [14.5, 6.875, 14.875, 6.75], "rotation": 90, "texture": "#0"},
				"east": {"uv": [2.875, 13.875, 2.5, 14.25], "rotation": 270, "texture": "#0"},
				"south": {"uv": [8.25, 14.625, 8.625, 14.5], "rotation": 270, "texture": "#0"},
				"west": {"uv": [6.5, 14.25, 6.125, 13.875], "rotation": 270, "texture": "#0"},
				"up": {"uv": [14.5, 7, 14.875, 6.875], "rotation": 270, "texture": "#0"},
				"down": {"uv": [14.5, 9, 14.875, 8.875], "rotation": 270, "texture": "#0"}
			}
		},
		{
			"from": [17.375, 19.875, 2],
			"to": [18.625, 22.875, 5],
			"rotation": {"angle": -45, "axis": "x", "origin": [18, 21.375, 3.5]},
			"faces": {
				"north": {"uv": [14.5, 6.875, 14.875, 6.75], "rotation": 90, "texture": "#0"},
				"east": {"uv": [2.875, 13.875, 2.5, 14.25], "rotation": 270, "texture": "#0"},
				"south": {"uv": [8.25, 14.625, 8.625, 14.5], "rotation": 270, "texture": "#0"},
				"west": {"uv": [6.5, 14.25, 6.125, 13.875], "rotation": 270, "texture": "#0"},
				"up": {"uv": [14.5, 7, 14.875, 6.875], "rotation": 270, "texture": "#0"},
				"down": {"uv": [14.5, 9, 14.875, 8.875], "rotation": 270, "texture": "#0"}
			}
		},
		{
			"from": [-0.69637, -3.51317, 3.5448],
			"to": [1.11403, 7.29723, 5.9552],
			"rotation": {"angle": 45, "axis": "z", "origin": [2.90883, 7.29203, 4.75]},
			"faces": {
				"north": {"uv": [4.875, 12, 5.125, 13.375], "texture": "#0"},
				"east": {"uv": [0.75, 12.625, 1, 14], "texture": "#0"},
				"south": {"uv": [5.625, 12.625, 5.875, 14], "texture": "#0"},
				"west": {"uv": [5.875, 12.625, 6.125, 14], "texture": "#0"},
				"up": {"uv": [14.75, 1.25, 14.5, 1], "texture": "#0"},
				"down": {"uv": [14.75, 1.75, 14.5, 2], "texture": "#0"}
			}
		},
		{
			"from": [0.7976, 5.16831, 4.1476],
			"to": [15.2024, 25.57311, 5.3524],
			"rotation": {"angle": 0, "axis": "y", "origin": [6.8, -2.02929, -0.95]},
			"faces": {
				"north": {"uv": [6.875, 4.5, 8.625, 7], "texture": "#0"},
				"east": {"uv": [7.875, 12.625, 8, 15.125], "texture": "#0"},
				"south": {"uv": [6.875, 7, 8.625, 9.5], "texture": "#0"},
				"west": {"uv": [11.5, 12.625, 11.625, 15.125], "texture": "#0"},
				"up": {"uv": [15, 11.75, 13.25, 11.625], "texture": "#0"},
				"down": {"uv": [15.375, 6.625, 13.625, 6.75], "texture": "#0"}
			}
		},
		{
			"from": [6.8, 9.97071, 5.35],
			"to": [9.2, 18.37071, 11.35],
			"rotation": {"angle": 0, "axis": "y", "origin": [6.8, -2.02929, -0.95]},
			"faces": {
				"north": {"uv": [7.5, 13, 7.75, 14], "texture": "#0"},
				"east": {"uv": [11.875, 7, 12.625, 8], "texture": "#0"},
				"south": {"uv": [10.375, 13, 10.625, 14], "texture": "#0"},
				"west": {"uv": [11.875, 8, 12.625, 9], "texture": "#0"},
				"up": {"uv": [12.5, 3.25, 12.25, 2.5], "texture": "#0"},
				"down": {"uv": [7.5, 13.5, 7.25, 14.25], "texture": "#0"}
			}
		},
		{
			"from": [-1.55917, 17.61814, 2.9456],
			"to": [8.64963, 25.42694, 4.1544],
			"rotation": {"angle": -45, "axis": "z", "origin": [3.54523, 21.52254, 3.55]},
			"faces": {
				"north": {"uv": [0, 10.625, 1.25, 11.625], "texture": "#0"},
				"east": {"uv": [9.75, 11.5, 9.875, 12.5], "texture": "#0"},
				"south": {"uv": [1.25, 10.625, 2.5, 11.625], "texture": "#0"},
				"west": {"uv": [6, 14, 6.125, 15], "texture": "#0"},
				"up": {"uv": [15, 2.25, 13.75, 2.125], "texture": "#0"},
				"down": {"uv": [15, 2.25, 13.75, 2.375], "texture": "#0"}
			}
		},
		{
			"from": [-2.15477, 17.02254, 2.65],
			"to": [8.64523, 18.52254, 4.45],
			"rotation": {"angle": -45, "axis": "z", "origin": [3.54523, 21.52254, 3.55]},
			"faces": {
				"north": {"uv": [12.625, 9.625, 13.9625, 9.875], "texture": "#0"},
				"east": {"uv": [5.625, 14.375, 5.875, 14.625], "texture": "#0"},
				"south": {"uv": [12.625, 9.875, 14, 10.125], "texture": "#0"},
				"west": {"uv": [14.375, 5.625, 14.625, 5.875], "texture": "#0"},
				"up": {"uv": [14, 10.375, 12.625, 10.125], "texture": "#0"},
				"down": {"uv": [14, 10.375, 12.625, 10.625], "texture": "#0"}
			}
		},
		{
			"from": [-2.61414, 22.81353, 2.65],
			"to": [-1.11414, 28.51353, 4.45],
			"rotation": {"angle": -45, "axis": "z", "origin": [-1.86414, 23.11353, 3.55]},
			"faces": {
				"north": {"uv": [11.625, 13.625, 11.875, 14.375], "texture": "#0"},
				"east": {"uv": [12.875, 13.625, 13.125, 14.375], "texture": "#0"},
				"south": {"uv": [13.125, 13.625, 13.375, 14.375], "texture": "#0"},
				"west": {"uv": [0, 13.75, 0.25, 14.5], "texture": "#0"},
				"up": {"uv": [14.625, 6.625, 14.375, 6.375], "texture": "#0"},
				"down": {"uv": [6.75, 14.375, 6.5, 14.625], "texture": "#0"}
			}
		},
		{
			"from": [-2.15477, 24.22254, 2.65],
			"to": [7.14523, 25.72254, 4.45],
			"rotation": {"angle": -45, "axis": "z", "origin": [3.54523, 21.52254, 3.55]},
			"faces": {
				"north": {"uv": [12.875, 4, 13.9625, 4.25], "texture": "#0"},
				"east": {"uv": [14.375, 5.875, 14.625, 6.125], "texture": "#0"},
				"south": {"uv": [12.875, 4.25, 14, 4.5], "texture": "#0"},
				"west": {"uv": [14.375, 6.125, 14.625, 6.375], "texture": "#0"},
				"up": {"uv": [14, 4.75, 12.875, 4.5], "texture": "#0"},
				"down": {"uv": [14, 4.75, 12.875, 5], "texture": "#0"}
			}
		},
		{
			"from": [-0.09117, -2.90797, 4.15],
			"to": [10.10883, 7.29203, 5.35],
			"rotation": {"angle": 45, "axis": "z", "origin": [2.90883, 7.29203, 4.75]},
			"faces": {
				"north": {"uv": [2.75, 6.5, 4, 7.75], "texture": "#0"},
				"east": {"uv": [3.25, 13.75, 3.375, 15], "texture": "#0"},
				"south": {"uv": [2.75, 7.75, 4, 9], "texture": "#0"},
				"west": {"uv": [8.75, 13.75, 8.875, 15], "texture": "#0"},
				"up": {"uv": [4, 9.625, 2.75, 9.5], "texture": "#0"},
				"down": {"uv": [15, 2, 13.75, 2.125], "texture": "#0"}
			}
		},
		{
			"from": [0.36325, 4.74645, 3.55],
			"to": [2.16325, 26.94645, 5.95],
			"rotation": {"angle": 0, "axis": "y", "origin": [1.26325, 10.14645, 4.75]},
			"faces": {
				"north": {"uv": [3.875, 12, 4.125, 14.75], "texture": "#0"},
				"east": {"uv": [4.125, 12, 4.375, 14.75], "texture": "#0"},
				"south": {"uv": [4.375, 12.01563, 4.625, 14.75], "texture": "#0"},
				"west": {"uv": [4.625, 12, 4.875, 14.75], "texture": "#0"},
				"up": {"uv": [14.75, 0.75, 14.5, 0.5], "texture": "#0"},
				"down": {"uv": [14.75, 0.75, 14.5, 1], "texture": "#0"}
			}
		},
		{
			"from": [7.35237, 17.62014, 2.9476],
			"to": [17.55717, 25.42494, 4.1524],
			"rotation": {"angle": 45, "axis": "z", "origin": [12.45477, 21.52254, 3.55]},
			"faces": {
				"north": {"uv": [1.25, 10.625, 0, 11.625], "texture": "#0"},
				"east": {"uv": [6.125, 14, 6, 15], "texture": "#0"},
				"south": {"uv": [2.5, 10.625, 1.25, 11.625], "texture": "#0"},
				"west": {"uv": [9.875, 11.5, 9.75, 12.5], "texture": "#0"},
				"up": {"uv": [13.75, 2.25, 15, 2.125], "texture": "#0"},
				"down": {"uv": [13.75, 2.25, 15, 2.375], "texture": "#0"}
			}
		},
		{
			"from": [7.35477, 17.02254, 2.65],
			"to": [18.15477, 18.52254, 4.45],
			"rotation": {"angle": 45, "axis": "z", "origin": [12.45477, 21.52254, 3.55]},
			"faces": {
				"north": {"uv": [13.9625, 9.625, 12.625, 9.875], "texture": "#0"},
				"east": {"uv": [14.625, 5.625, 14.375, 5.875], "texture": "#0"},
				"south": {"uv": [14, 9.875, 12.625, 10.125], "texture": "#0"},
				"west": {"uv": [5.875, 14.375, 5.625, 14.625], "texture": "#0"},
				"up": {"uv": [12.625, 10.375, 14, 10.125], "texture": "#0"},
				"down": {"uv": [12.625, 10.375, 14, 10.625], "texture": "#0"}
			}
		},
		{
			"from": [17.11414, 22.81353, 2.65],
			"to": [18.61414, 28.51353, 4.45],
			"rotation": {"angle": 45, "axis": "z", "origin": [17.86414, 23.11353, 3.55]},
			"faces": {
				"north": {"uv": [11.875, 13.625, 11.625, 14.375], "texture": "#0"},
				"east": {"uv": [0.25, 13.75, 0, 14.5], "texture": "#0"},
				"south": {"uv": [13.375, 13.625, 13.125, 14.375], "texture": "#0"},
				"west": {"uv": [13.125, 13.625, 12.875, 14.375], "texture": "#0"},
				"up": {"uv": [14.375, 6.625, 14.625, 6.375], "texture": "#0"},
				"down": {"uv": [6.5, 14.375, 6.75, 14.625], "texture": "#0"}
			}
		},
		{
			"from": [8.85477, 24.22254, 2.65],
			"to": [18.15477, 25.72254, 4.45],
			"rotation": {"angle": 45, "axis": "z", "origin": [12.45477, 21.52254, 3.55]},
			"faces": {
				"north": {"uv": [13.9625, 4, 12.875, 4.25], "texture": "#0"},
				"east": {"uv": [14.625, 6.125, 14.375, 6.375], "texture": "#0"},
				"south": {"uv": [14, 4.25, 12.875, 4.5], "texture": "#0"},
				"west": {"uv": [14.625, 5.875, 14.375, 6.125], "texture": "#0"},
				"up": {"uv": [12.875, 4.75, 14, 4.5], "texture": "#0"},
				"down": {"uv": [12.875, 4.75, 14, 5], "texture": "#0"}
			}
		},
		{
			"from": [2.13675, 25.14645, 3.55],
			"to": [13.83675, 26.94645, 5.95],
			"rotation": {"angle": 0, "axis": "y", "origin": [2.73675, 26.04645, 4.75]},
			"faces": {
				"north": {"uv": [14, 5.75, 12.5, 6], "texture": "#0"},
				"east": {"uv": [14.625, 5.375, 14.375, 5.625], "texture": "#0"},
				"south": {"uv": [14.125, 8.875, 12.625, 9.125], "texture": "#0"},
				"west": {"uv": [5.625, 14.375, 5.375, 14.625], "texture": "#0"},
				"up": {"uv": [12.625, 9.375, 14.125, 9.125], "texture": "#0"},
				"down": {"uv": [12.625, 9.375, 14.125, 9.625], "texture": "#0"}
			}
		},
		{
			"from": [13.83675, 4.74645, 3.55],
			"to": [15.63675, 26.94645, 5.95],
			"rotation": {"angle": 0, "axis": "y", "origin": [14.73675, 10.14645, 4.75]},
			"faces": {
				"north": {"uv": [4.125, 12, 3.875, 14.75], "texture": "#0"},
				"east": {"uv": [4.875, 12, 4.625, 14.75], "texture": "#0"},
				"south": {"uv": [4.625, 12.0125, 4.37813, 14.75], "texture": "#0"},
				"west": {"uv": [4.375, 12, 4.125, 14.75], "texture": "#0"},
				"up": {"uv": [14.5, 0.75, 14.75, 0.5], "texture": "#0"},
				"down": {"uv": [14.5, 0.75, 14.75, 1], "texture": "#0"}
			}
		},
		{
			"from": [14.88397, -3.51517, 3.5428],
			"to": [16.69837, 7.29923, 5.9572],
			"rotation": {"angle": -45, "axis": "z", "origin": [13.09117, 7.29203, 4.75]},
			"faces": {
				"north": {"uv": [5.125, 12, 4.875, 13.375], "texture": "#0"},
				"east": {"uv": [6.125, 12.625, 5.875, 14], "texture": "#0"},
				"south": {"uv": [5.875, 12.625, 5.625, 14], "texture": "#0"},
				"west": {"uv": [1, 12.625, 0.75, 14], "texture": "#0"},
				"up": {"uv": [14.5, 1.25, 14.75, 1], "texture": "#0"},
				"down": {"uv": [14.5, 1.75, 14.75, 2], "texture": "#0"}
			}
		},
		{
			"name": "dhead",
			"from": [4.3297, 14.06557, 1.52436],
			"to": [11.6703, 20.56826, 4.86495],
			"rotation": {"angle": 0, "axis": "y", "origin": [8, 18.7388, 3.77533]},
			"faces": {
				"north": {"uv": [9.875, 10.25, 11.125, 11.375], "texture": "#0"},
				"east": {"uv": [11, 5.375, 10.375, 6.5], "texture": "#0"},
				"south": {"uv": [15.75, 0, 16, 0.375], "texture": "#0"},
				"west": {"uv": [10.375, 5.375, 11, 6.5], "texture": "#0"},
				"up": {"uv": [11.375, 10.25, 10.125, 9.625], "texture": "#0"},
				"down": {"uv": [9.875, 10.875, 8.625, 11.5], "texture": "#0"}
			}
		},
		{
			"name": "dhead",
			"from": [5.25169, 15.40825, -2.7388],
			"to": [10.74831, 17.69851, 4.59003],
			"rotation": {"angle": 0, "axis": "y", "origin": [8, 18.7388, 3.77533]},
			"faces": {
				"north": {"uv": [7, 12.625, 7.875, 13], "texture": "#0"},
				"east": {"uv": [12.5, 12.25, 13.75, 12.625], "texture": "#0"},
				"south": {"uv": [9.875, 12.625, 10.75, 13], "texture": "#0"},
				"west": {"uv": [12.625, 7, 13.875, 7.375], "texture": "#0"},
				"up": {"uv": [8, 12.625, 7.125, 11.375], "texture": "#0"},
				"down": {"uv": [12.25, 9, 11.375, 10.25], "texture": "#0"}
			}
		},
		{
			"name": "dhead",
			"from": [5.43544, 14.09271, -2.02729],
			"to": [10.56456, 15.36632, 5.30154],
			"rotation": {"angle": 0, "axis": "y", "origin": [8, 18.7388, 3.77533]},
			"faces": {
				"north": {"uv": [13.625, 6.75, 14.5, 7], "texture": "#0"},
				"east": {"uv": [12.875, 3, 14.125, 3.25], "texture": "#0"},
				"south": {"uv": [13.625, 10.625, 14.5, 10.875], "texture": "#0"},
				"west": {"uv": [12.875, 3.25, 14.125, 3.5], "texture": "#0"},
				"up": {"uv": [10.75, 12.625, 9.875, 11.375], "texture": "#0"},
				"down": {"uv": [3.375, 11.5, 2.5, 12.75], "texture": "#0"}
			}
		},
		{
			"name": "dhead",
			"from": [9.19041, 17.69851, -2.7388],
			"to": [9.95951, 18.61461, -0.90659],
			"rotation": {"angle": 0, "axis": "y", "origin": [8, 18.7388, 3.77533]},
			"faces": {
				"north": {"uv": [14.75, 9.375, 14.625, 9.5], "texture": "#0"},
				"east": {"uv": [14.875, 7.875, 14.625, 8], "texture": "#0"},
				"south": {"uv": [14.75, 9.5, 14.625, 9.625], "texture": "#0"},
				"west": {"uv": [14.875, 4.125, 14.625, 4.25], "texture": "#0"},
				"up": {"uv": [7.375, 14.875, 7.5, 14.625], "texture": "#0"},
				"down": {"uv": [8, 14.625, 8.125, 14.875], "texture": "#0"}
			}
		},
		{
			"name": "dhead",
			"from": [6.04049, 17.69851, -2.7388],
			"to": [6.80959, 18.61461, -0.90659],
			"rotation": {"angle": 0, "axis": "y", "origin": [8, 18.7388, 3.77533]},
			"faces": {
				"north": {"uv": [14.625, 9.375, 14.75, 9.5], "texture": "#0"},
				"east": {"uv": [14.625, 4.125, 14.875, 4.25], "texture": "#0"},
				"south": {"uv": [14.625, 9.5, 14.75, 9.625], "texture": "#0"},
				"west": {"uv": [14.625, 7.875, 14.875, 8], "texture": "#0"},
				"up": {"uv": [7.5, 14.875, 7.375, 14.625], "texture": "#0"},
				"down": {"uv": [8.125, 14.625, 8, 14.875], "texture": "#0"}
			}
		},
		{
			"name": "dhead",
			"from": [5.70974, 19.83103, 1.60276],
			"to": [6.62584, 21.66323, 3.79247],
			"rotation": {"angle": 22.5, "axis": "x", "origin": [8, 18.7388, 3.77533]},
			"faces": {
				"north": {"uv": [14.625, 8, 14.75, 8.25], "texture": "#0"},
				"east": {"uv": [0.25, 14.25, 0.625, 14.5], "texture": "#0"},
				"south": {"uv": [8.125, 14.625, 8.25, 14.875], "texture": "#0"},
				"west": {"uv": [14.25, 2.375, 14.625, 2.625], "texture": "#0"},
				"up": {"uv": [14.75, 5.625, 14.625, 5.25], "texture": "#0"},
				"down": {"uv": [5.5, 14.625, 5.375, 15], "texture": "#0"}
			}
		},
		{
			"name": "dhead",
			"from": [9.37416, 19.83103, 1.60276],
			"to": [10.29026, 21.66323, 3.79247],
			"rotation": {"angle": 22.5, "axis": "x", "origin": [8, 18.7388, 3.77533]},
			"faces": {
				"north": {"uv": [14.75, 8, 14.625, 8.25], "texture": "#0"},
				"east": {"uv": [14.625, 2.375, 14.25, 2.625], "texture": "#0"},
				"south": {"uv": [8.25, 14.625, 8.125, 14.875], "texture": "#0"},
				"west": {"uv": [0.625, 14.25, 0.25, 14.5], "texture": "#0"},
				"up": {"uv": [14.625, 5.625, 14.75, 5.25], "texture": "#0"},
				"down": {"uv": [5.375, 14.625, 5.5, 15], "texture": "#0"}
			}
		},
		{
			"name": "ef",
			"from": [10.2109, 17.81726, -0.82424],
			"to": [14.2109, 21.81726, -0.82424],
			"rotation": {"angle": -22.5, "axis": "y", "origin": [12.2109, 19.81726, -0.82424]},
			"faces": {
				"north": {"uv": [10.1875, 2.6875, 15.5, 8], "texture": "#1"},
				"east": {"uv": [0, 0, 0, 1.125], "texture": "#missing"},
				"south": {"uv": [15.5, 2.6875, 10.1875, 8], "texture": "#1"},
				"west": {"uv": [0, 0, 0, 1.125], "texture": "#missing"},
				"up": {"uv": [0, 0, 1.125, 0], "texture": "#missing"},
				"down": {"uv": [0, 0, 1.125, 0], "texture": "#missing"}
			}
		},
		{
			"name": "ef",
			"from": [-0.35, 12.21726, -1.065],
			"to": [3.65, 16.21726, -1.065],
			"rotation": {"angle": 45, "axis": "y", "origin": [2.8, 13.41726, -4.215]},
			"faces": {
				"north": {"uv": [4.6875, 2.6875, 10, 8], "texture": "#1"},
				"east": {"uv": [0, 0, 0, 1.125], "texture": "#missing"},
				"south": {"uv": [10, 2.6875, 4.6875, 8], "texture": "#1"},
				"west": {"uv": [0, 0, 0, 1.125], "texture": "#missing"},
				"up": {"uv": [0, 0, 1.125, 0], "texture": "#missing"},
				"down": {"uv": [0, 0, 1.125, 0], "texture": "#missing"}
			}
		},
		{
			"name": "ef",
			"from": [-0.64254, -0.78274, 1.75718],
			"to": [7.35746, 7.21726, 1.75718],
			"rotation": {"angle": 22.5, "axis": "y", "origin": [3.35746, 3.21726, 1.75718]},
			"faces": {
				"north": {"uv": [4.6875, 2.6875, 10, 8], "texture": "#1"},
				"east": {"uv": [0, 0, 0, 1.125], "texture": "#missing"},
				"south": {"uv": [10, 2.6875, 4.6875, 8], "texture": "#1"},
				"west": {"uv": [0, 0, 0, 1.125], "texture": "#missing"},
				"up": {"uv": [0, 0, 1.125, 0], "texture": "#missing"},
				"down": {"uv": [0, 0, 1.125, 0], "texture": "#missing"}
			}
		},
		{
			"name": "ef",
			"from": [-1.64254, 22.21726, -1.24282],
			"to": [6.35746, 30.21726, -1.24282],
			"rotation": {"angle": 22.5, "axis": "y", "origin": [3.35746, 3.21726, 1.75718]},
			"faces": {
				"north": {"uv": [4.6875, 2.6875, 10, 8], "texture": "#1"},
				"east": {"uv": [0, 0, 0, 1.125], "texture": "#missing"},
				"south": {"uv": [10, 2.6875, 4.6875, 8], "texture": "#1"},
				"west": {"uv": [0, 0, 0, 1.125], "texture": "#missing"},
				"up": {"uv": [0, 0, 1.125, 0], "texture": "#missing"},
				"down": {"uv": [0, 0, 1.125, 0], "texture": "#missing"}
			}
		},
		{
			"name": "ef",
			"from": [10.64254, 9.21726, -0.24282],
			"to": [18.64254, 17.21726, -0.24282],
			"rotation": {"angle": -22.5, "axis": "y", "origin": [12.64254, 3.21726, 1.75718]},
			"faces": {
				"north": {"uv": [15.5, 2.6875, 10.1875, 8], "texture": "#1"},
				"east": {"uv": [0, 0, 0, 1.125], "texture": "#missing"},
				"south": {"uv": [10.1875, 2.6875, 15.5, 8], "texture": "#1"},
				"west": {"uv": [0, 0, 0, 1.125], "texture": "#missing"},
				"up": {"uv": [1.125, 0, 0, 0], "texture": "#missing"},
				"down": {"uv": [1.125, 0, 0, 0], "texture": "#missing"}
			}
		},
		{
			"name": "ef",
			"from": [-1.92721, 14.66726, 1.69063],
			"to": [6.87279, 21.06726, 1.69063],
			"rotation": {"angle": 22.5, "axis": "y", "origin": [2.47279, 17.86726, 2.69063]},
			"faces": {
				"north": {"uv": [0, 1.5, 4.625, 6], "texture": "#1"},
				"east": {"uv": [0, 0, 0, 1], "texture": "#missing"},
				"south": {"uv": [4.625, 1.5, 0, 6], "texture": "#1"},
				"west": {"uv": [0, 0, 0, 1], "texture": "#missing"},
				"up": {"uv": [0, 0, 1.375, 0], "texture": "#missing"},
				"down": {"uv": [0, 0, 1.375, 0], "texture": "#missing"}
			}
		},
		{
			"name": "ef",
			"from": [9.12721, 14.66726, 1.69063],
			"to": [17.92721, 21.06726, 1.69063],
			"rotation": {"angle": -22.5, "axis": "y", "origin": [13.52721, 17.86726, 2.69063]},
			"faces": {
				"north": {"uv": [4.625, 1.5, 0, 6], "texture": "#1"},
				"east": {"uv": [0, 0, 0, 1], "texture": "#missing"},
				"south": {"uv": [0, 1.5, 4.625, 6], "texture": "#1"},
				"west": {"uv": [0, 0, 0, 1], "texture": "#missing"},
				"up": {"uv": [1.375, 0, 0, 0], "texture": "#missing"},
				"down": {"uv": [1.375, 0, 0, 0], "texture": "#missing"}
			}
		}
	],
	"gui_light": "front",
	"display": {
		"thirdperson_righthand": {
			"rotation": [0, -90, 0],
			"translation": [0, -6.5, 2.5],
			"scale": [0.7, 0.7, 0.7]
		},
		"thirdperson_lefthand": {
			"rotation": [0, -90, 0],
			"translation": [0, -6.5, 2.5],
			"scale": [0.7, 0.7, 0.7]
		},
		"firstperson_righthand": {
			"translation": [2.5, -3, 1],
			"scale": [0.61, 0.61, 0.61]
		},
		"firstperson_lefthand": {
			"translation": [2.5, -3, 1],
			"scale": [0.61, 0.61, 0.61]
		},
		"ground": {
			"rotation": [0, 0, 45],
			"scale": [0.3, 0.3, 0.3]
		},
		"gui": {
			"rotation": [-180, 0, -135],
			"translation": [-2.25, -2.75, 0],
			"scale": [0.53, 0.53, 0.53]
		},
		"head": {
			"translation": [0, 11.25, -3.75],
			"scale": [0, 0, 0]
		},
		"fixed": {
			"translation": [0, -3.25, -2.25],
			"scale": [0.82, 0.82, 0.82]
		}
	},
	"groups": [
		{
			"name": "item/chinese/chinese_dragon_shield",
			"origin": [14.73675, 10.14645, 4.75],
			"color": 0,
			"children": [
				0,
				1,
				2,
				3,
				4,
				5,
				6,
				7,
				8,
				9,
				10,
				11,
				12,
				13,
				14,
				15,
				16,
				17,
				18,
				19,
				20,
				21,
				22,
				{
					"name": "item/chinese/chinese_dragon_helmet",
					"origin": [4.81368, 4.5192, 4.81014],
					"color": 0,
					"children": [23, 24, 25, 26, 27, 28, 29, 30, 31, 32, 33, 34, 35, 36]
				}
			]
		}
	]
}