{
	"credit": "by w11shes",
	"texture_size": [32, 32],
	"textures": {
		"0": "item/dragon/dragonborn_sword",
		"1": "item/dragon/dragonborn_particle",
		"particle": "item/dragon/dragonborn_sword"
	},
	"elements": [
		{
			"from": [6, -8.5, 6],
			"to": [10, -4.5, 10],
			"rotation": {"angle": -45, "axis": "z", "origin": [8, -6.5, 8]},
			"faces": {
				"north": {"uv": [9.5, 6, 11.5, 8], "texture": "#0"},
				"east": {"uv": [9.5, 8, 11.5, 10], "texture": "#0"},
				"south": {"uv": [11.5, 6, 9.5, 8], "texture": "#0"},
				"west": {"uv": [9.5, 10, 11.5, 12], "texture": "#0"},
				"up": {"uv": [13, 4.5, 11, 2.5], "texture": "#0"},
				"down": {"uv": [7.5, 11, 5.5, 13], "texture": "#0"}
			}
		},
		{
			"from": [6.32843, 2.5, 5.48],
			"to": [9.86396, 6.03553, 10.52],
			"rotation": {"angle": -45, "axis": "z", "origin": [8.32843, 4.5, 8.5]},
			"faces": {
				"north": {"uv": [7.5, 11, 9.5, 13], "texture": "#0"},
				"east": {"uv": [7, 7, 9.5, 9], "texture": "#0"},
				"south": {"uv": [9.5, 11, 7.5, 13], "texture": "#0"},
				"down": {"uv": [11, 3.5, 9, 6], "texture": "#0"}
			}
		},
		{
			"from": [6.32843, 2.5, 6.48],
			"to": [9.86396, 6.03553, 9.52],
			"rotation": {"angle": -45, "axis": "z", "origin": [8.32843, 4.5, 8.5]},
			"faces": {
				"north": {"uv": [14, 3.5, 16, 5.5], "texture": "#0"},
				"south": {"uv": [16, 3.5, 14, 5.5], "texture": "#0"}
			}
		},
		{
			"from": [8.20707, 10.0355, 10.52],
			"to": [4.67157, 6.5, 5.48],
			"rotation": {"angle": -45, "axis": "z", "origin": [2.67157, 4.5, 17.46]},
			"faces": {
				"north": {"uv": [9.5, 13, 7.5, 11], "texture": "#0"},
				"south": {"uv": [7.5, 13, 9.5, 11], "texture": "#0"},
				"west": {"uv": [7, 9, 9.5, 7], "texture": "#0"},
				"up": {"uv": [9, 3.5, 11, 6], "texture": "#0"}
			}
		},
		{
			"from": [6.32843, 9.96447, 5.48],
			"to": [9.86396, 13.5, 10.52],
			"rotation": {"angle": 45, "axis": "z", "origin": [8.32843, 11.5, 8.5]},
			"faces": {
				"north": {"uv": [11.5, 0, 13.5, 2], "texture": "#0"},
				"east": {"uv": [7, 9, 9.5, 11], "texture": "#0"},
				"south": {"uv": [13.5, 0, 11.5, 2], "texture": "#0"},
				"up": {"uv": [11.5, 2.5, 9.5, 0], "texture": "#0"}
			}
		},
		{
			"from": [6.32843, 9.96447, 6.48],
			"to": [9.86396, 13.5, 9.52],
			"rotation": {"angle": 45, "axis": "z", "origin": [8.32843, 11.5, 8.5]},
			"faces": {
				"north": {"uv": [14, 5.5, 16, 7.5], "texture": "#0"},
				"south": {"uv": [16, 5.5, 14, 7.5], "texture": "#0"}
			}
		},
		{
			"from": [13.20705, 11.57106, 10.52],
			"to": [9.67155, 8.03556, 5.48],
			"rotation": {"angle": 45, "axis": "z", "origin": [7.67155, 6.50002, 19.46]},
			"faces": {
				"north": {"uv": [13.5, 2, 11.5, 0], "texture": "#0"},
				"south": {"uv": [11.5, 2, 13.5, 0], "texture": "#0"},
				"west": {"uv": [7, 11, 9.5, 9], "texture": "#0"},
				"down": {"uv": [9.5, 2.5, 11.5, 0], "texture": "#0"}
			}
		},
		{
			"from": [7, -5.3, 7],
			"to": [9, 3.7, 9],
			"rotation": {"angle": -45, "axis": "y", "origin": [8, -1, 8]},
			"faces": {
				"north": {"uv": [5.5, 9.5, 4.5, 14], "texture": "#0"},
				"east": {"uv": [4.5, 9.5, 5.5, 14], "texture": "#0"},
				"south": {"uv": [5.5, 9.5, 4.5, 14], "texture": "#0"},
				"west": {"uv": [4.5, 9.5, 5.5, 14], "texture": "#0"}
			}
		},
		{
			"from": [5.5, 4.5, 5.5],
			"to": [10.5, 11.5, 10.5],
			"rotation": {"angle": 0, "axis": "y", "origin": [0, -6.5, 0.5]},
			"faces": {
				"north": {"uv": [4.5, 0, 7, 3.5], "texture": "#0"},
				"east": {"uv": [4.5, 3.5, 7, 7], "texture": "#0"},
				"south": {"uv": [4.5, 0, 7, 3.5], "texture": "#0"},
				"west": {"uv": [7, 0, 9.5, 3.5], "texture": "#0"}
			}
		},
		{
			"from": [5.5, 4.5, 6.5],
			"to": [10.5, 11.5, 9.5],
			"rotation": {"angle": 0, "axis": "y", "origin": [0, -6.5, 0.5]},
			"faces": {
				"north": {"uv": [13.5, 0, 16, 3.5], "texture": "#0"},
				"south": {"uv": [13.5, 0, 16, 3.5], "texture": "#0"}
			}
		},
		{
			"from": [10.5, 11.5, 10.5],
			"to": [5.5, 4.5, 5.5],
			"rotation": {"angle": 0, "axis": "y", "origin": [11, 15.5, -0.5]},
			"faces": {
				"north": {"uv": [4.5, 3.5, 7, 0], "texture": "#0"},
				"east": {"uv": [7, 3.5, 9.5, 0], "texture": "#0"},
				"south": {"uv": [4.5, 3.5, 7, 0], "texture": "#0"},
				"west": {"uv": [4.5, 7, 7, 3.5], "texture": "#0"}
			}
		},
		{
			"from": [4.5, 7.5, 7.5],
			"to": [11.5, 25.5, 8.5],
			"rotation": {"angle": 0, "axis": "y", "origin": [0, -6.5, 0]},
			"faces": {
				"north": {"uv": [4, 3, 0.5, 12], "texture": "#0"},
				"east": {"uv": [3.5, 3, 4, 12], "texture": "#0"},
				"south": {"uv": [0.5, 3, 4, 12], "texture": "#0"},
				"west": {"uv": [0.5, 3, 1, 12], "texture": "#0"},
				"up": {"uv": [0.5, 3, 4, 3.5], "texture": "#0"}
			}
		},
		{
			"from": [3.5, 7.5, 8],
			"to": [12.5, 31.5, 8.05],
			"rotation": {"angle": 0, "axis": "y", "origin": [0, -6.5, 0.5]},
			"faces": {
				"north": {"uv": [4.5, 0, 0, 12], "texture": "#0"},
				"south": {"uv": [0, 0, 4.5, 12], "texture": "#0"}
			}
		},
		{
			"from": [1.5, 4.5, 6.5],
			"to": [5.5, 7.5, 9.5],
			"rotation": {"angle": 0, "axis": "y", "origin": [-0.5, -6.5, -1]},
			"faces": {
				"north": {"uv": [11, 4.5, 13, 6], "texture": "#0"},
				"south": {"uv": [13, 4.5, 11, 6], "texture": "#0"},
				"west": {"uv": [5.5, 9.5, 7, 11], "texture": "#0"},
				"up": {"uv": [13.5, 7.5, 11.5, 6], "texture": "#0"},
				"down": {"uv": [13.5, 7.5, 11.5, 9], "texture": "#0"}
			}
		},
		{
			"from": [3.32517, 3.66957, 8],
			"to": [7.32517, 10.66957, 8.05],
			"rotation": {"angle": 22.5, "axis": "z", "origin": [1.32517, -5.53043, -4]},
			"faces": {
				"north": {"uv": [7, 3.5, 9, 7], "texture": "#0"},
				"south": {"uv": [9, 3.5, 7, 7], "texture": "#0"}
			}
		},
		{
			"from": [10.5, 4.5, 6.5],
			"to": [14.5, 7.5, 9.5],
			"rotation": {"angle": 0, "axis": "y", "origin": [16.5, -6.5, -1]},
			"faces": {
				"north": {"uv": [13, 4.5, 11, 6], "texture": "#0"},
				"east": {"uv": [7, 9.5, 5.5, 11], "texture": "#0"},
				"south": {"uv": [11, 4.5, 13, 6], "texture": "#0"},
				"up": {"uv": [11.5, 7.5, 13.5, 6], "texture": "#0"},
				"down": {"uv": [11.5, 7.5, 13.5, 9], "texture": "#0"}
			}
		},
		{
			"from": [8.67483, 3.66957, 8],
			"to": [12.67483, 10.66957, 8.05],
			"rotation": {"angle": -22.5, "axis": "z", "origin": [14.67483, -5.53043, -4]},
			"faces": {
				"north": {"uv": [9, 3.5, 7, 7], "texture": "#0"},
				"south": {"uv": [7, 3.5, 9, 7], "texture": "#0"}
			}
		},
		{
			"from": [3.5, -14.8, 8],
			"to": [10.5, -6.8, 8.05],
			"rotation": {"angle": 0, "axis": "y", "origin": [0, -6, 0]},
			"faces": {
				"north": {"uv": [11.5, 9, 15, 13], "texture": "#0"},
				"south": {"uv": [15, 9, 11.5, 13], "texture": "#0"}
			}
		},
		{
			"from": [5.5, -11.8, 7.5],
			"to": [10.5, -6.8, 8.5],
			"rotation": {"angle": 0, "axis": "y", "origin": [0, -6, 0]},
			"faces": {
				"north": {"uv": [11.5, 9, 14, 11.5], "texture": "#0"},
				"east": {"uv": [11.5, 9, 12, 11.5], "texture": "#0"},
				"south": {"uv": [14, 9, 11.5, 11.5], "texture": "#0"},
				"west": {"uv": [13.5, 9, 14, 11.5], "texture": "#0"},
				"down": {"uv": [14, 11, 11.5, 11.5], "texture": "#0"}
			}
		},
		{
			"from": [5.55, 3.95, 3.45],
			"to": [6.15, 4.55, 4.05],
			"shade": false,
			"rotation": {"angle": 0, "axis": "y", "origin": [0, -8, 0]},
			"faces": {
				"north": {"uv": [0, 14, 2, 16], "texture": "#1"},
				"east": {"uv": [0, 14, 2, 16], "texture": "#1"},
				"south": {"uv": [0, 14, 2, 16], "texture": "#1"},
				"west": {"uv": [0, 14, 2, 16], "texture": "#1"},
				"up": {"uv": [0, 14, 2, 16], "texture": "#1"},
				"down": {"uv": [0, 14, 2, 16], "texture": "#1"}
			}
		},
		{
			"from": [6.4, 4.8, 4.3],
			"to": [5.3, 3.7, 3.2],
			"shade": false,
			"rotation": {"angle": 0, "axis": "y", "origin": [0, -8, 0]},
			"faces": {
				"north": {"uv": [2, 14, 4, 16], "texture": "#1"},
				"east": {"uv": [2, 14, 4, 16], "texture": "#1"},
				"south": {"uv": [2, 14, 4, 16], "texture": "#1"},
				"west": {"uv": [2, 14, 4, 16], "texture": "#1"},
				"up": {"uv": [2, 14, 4, 16], "texture": "#1"},
				"down": {"uv": [2, 14, 4, 16], "texture": "#1"}
			}
		},
		{
			"from": [9.56436, 1.34384, 3.4],
			"to": [10.26436, 2.04384, 4.1],
			"shade": false,
			"rotation": {"angle": 22.5, "axis": "z", "origin": [0, -8, 0]},
			"faces": {
				"north": {"uv": [0, 12, 2, 14], "texture": "#1"},
				"east": {"uv": [0, 12, 2, 14], "texture": "#1"},
				"south": {"uv": [0, 12, 2, 14], "texture": "#1"},
				"west": {"uv": [0, 12, 2, 14], "texture": "#1"},
				"up": {"uv": [0, 12, 2, 14], "texture": "#1"},
				"down": {"uv": [0, 12, 2, 14], "texture": "#1"}
			}
		},
		{
			"from": [10.56436, 2.34384, 4.4],
			"to": [9.26436, 1.04384, 3.1],
			"shade": false,
			"rotation": {"angle": 22.5, "axis": "z", "origin": [0, -8, 0]},
			"faces": {
				"north": {"uv": [2, 12, 4, 14], "texture": "#1"},
				"east": {"uv": [2, 12, 4, 14], "texture": "#1"},
				"south": {"uv": [2, 12, 4, 14], "texture": "#1"},
				"west": {"uv": [2, 12, 4, 14], "texture": "#1"},
				"up": {"uv": [2, 12, 4, 14], "texture": "#1"},
				"down": {"uv": [2, 12, 4, 14], "texture": "#1"}
			}
		},
		{
			"from": [12.65219, -2.48959, 3.25],
			"to": [13.65219, -1.48959, 4.25],
			"shade": false,
			"rotation": {"angle": 45, "axis": "z", "origin": [0, -8, 0]},
			"faces": {
				"north": {"uv": [0, 10, 2, 12], "texture": "#1"},
				"east": {"uv": [0, 10, 2, 12], "texture": "#1"},
				"south": {"uv": [0, 10, 2, 12], "texture": "#1"},
				"west": {"uv": [0, 10, 2, 12], "texture": "#1"},
				"up": {"uv": [0, 10, 2, 12], "texture": "#1"},
				"down": {"uv": [0, 10, 2, 12], "texture": "#1"}
			}
		},
		{
			"from": [13.90219, -1.23959, 4.5],
			"to": [12.40219, -2.73959, 3],
			"shade": false,
			"rotation": {"angle": 45, "axis": "z", "origin": [0, -8, 0]},
			"faces": {
				"north": {"uv": [2, 10, 4, 12], "texture": "#1"},
				"east": {"uv": [2, 10, 4, 12], "texture": "#1"},
				"south": {"uv": [2, 10, 4, 12], "texture": "#1"},
				"west": {"uv": [2, 10, 4, 12], "texture": "#1"},
				"up": {"uv": [2, 10, 4, 12], "texture": "#1"},
				"down": {"uv": [2, 10, 4, 12], "texture": "#1"}
			}
		},
		{
			"from": [-0.73332, 6.82744, 3.25],
			"to": [0.26668, 7.82744, 4.25],
			"shade": false,
			"rotation": {"angle": -22.5, "axis": "z", "origin": [0, -8, 0]},
			"faces": {
				"north": {"uv": [0, 8, 2, 10], "rotation": 90, "texture": "#1"},
				"east": {"uv": [0, 8, 2, 10], "rotation": 270, "texture": "#1"},
				"south": {"uv": [0, 8, 2, 10], "rotation": 270, "texture": "#1"},
				"west": {"uv": [0, 8, 2, 10], "rotation": 270, "texture": "#1"},
				"up": {"uv": [0, 8, 2, 10], "rotation": 270, "texture": "#1"},
				"down": {"uv": [0, 8, 2, 10], "rotation": 270, "texture": "#1"}
			}
		},
		{
			"from": [0.51668, 8.07744, 4.5],
			"to": [-0.98332, 6.57744, 3],
			"shade": false,
			"rotation": {"angle": -22.5, "axis": "z", "origin": [0, -8, 0]},
			"faces": {
				"north": {"uv": [2, 8, 4, 10], "rotation": 90, "texture": "#1"},
				"east": {"uv": [2, 8, 4, 10], "rotation": 270, "texture": "#1"},
				"south": {"uv": [2, 8, 4, 10], "rotation": 270, "texture": "#1"},
				"west": {"uv": [2, 8, 4, 10], "rotation": 270, "texture": "#1"},
				"up": {"uv": [2, 8, 4, 10], "rotation": 270, "texture": "#1"},
				"down": {"uv": [2, 8, 4, 10], "rotation": 270, "texture": "#1"}
			}
		},
		{
			"from": [5.65, 6.35, 3.25],
			"to": [6.65, 7.35, 4.25],
			"shade": false,
			"rotation": {"angle": 0, "axis": "y", "origin": [0, -8, 0]},
			"faces": {
				"north": {"uv": [0, 6, 2, 8], "texture": "#1"},
				"east": {"uv": [0, 6, 2, 8], "texture": "#1"},
				"south": {"uv": [0, 6, 2, 8], "texture": "#1"},
				"west": {"uv": [0, 6, 2, 8], "texture": "#1"},
				"up": {"uv": [0, 6, 2, 8], "texture": "#1"},
				"down": {"uv": [0, 6, 2, 8], "texture": "#1"}
			}
		},
		{
			"from": [6.9, 7.6, 4.5],
			"to": [5.4, 6.1, 3],
			"shade": false,
			"rotation": {"angle": 0, "axis": "y", "origin": [0, -8, 0]},
			"faces": {
				"north": {"uv": [2, 6, 4, 8], "texture": "#1"},
				"east": {"uv": [2, 6, 4, 8], "texture": "#1"},
				"south": {"uv": [2, 6, 4, 8], "texture": "#1"},
				"west": {"uv": [2, 6, 4, 8], "texture": "#1"},
				"up": {"uv": [2, 6, 4, 8], "texture": "#1"},
				"down": {"uv": [2, 6, 4, 8], "texture": "#1"}
			}
		},
		{
			"from": [-0.84191, 8.38568, 3.4],
			"to": [-0.14191, 9.08568, 4.1],
			"shade": false,
			"rotation": {"angle": -22.5, "axis": "z", "origin": [0, -8, 0]},
			"faces": {
				"north": {"uv": [0, 4, 2, 6], "texture": "#1"},
				"east": {"uv": [0, 4, 2, 6], "texture": "#1"},
				"south": {"uv": [0, 4, 2, 6], "texture": "#1"},
				"west": {"uv": [0, 4, 2, 6], "texture": "#1"},
				"up": {"uv": [0, 4, 2, 6], "texture": "#1"},
				"down": {"uv": [0, 4, 2, 6], "texture": "#1"}
			}
		},
		{
			"from": [0.15809, 9.38568, 4.4],
			"to": [-1.14191, 8.08568, 3.1],
			"shade": false,
			"rotation": {"angle": -22.5, "axis": "z", "origin": [0, -8, 0]},
			"faces": {
				"north": {"uv": [2, 4, 4, 6], "texture": "#1"},
				"east": {"uv": [2, 4, 4, 6], "texture": "#1"},
				"south": {"uv": [2, 4, 4, 6], "texture": "#1"},
				"west": {"uv": [2, 4, 4, 6], "texture": "#1"},
				"up": {"uv": [2, 4, 4, 6], "texture": "#1"},
				"down": {"uv": [2, 4, 4, 6], "texture": "#1"}
			}
		},
		{
			"from": [5.4, 7.95, 3.45],
			"to": [6, 8.55, 4.05],
			"shade": false,
			"rotation": {"angle": 0, "axis": "y", "origin": [0, -8, 0]},
			"faces": {
				"north": {"uv": [0, 2, 2, 4], "texture": "#1"},
				"east": {"uv": [0, 2, 2, 4], "texture": "#1"},
				"south": {"uv": [0, 2, 2, 4], "texture": "#1"},
				"west": {"uv": [0, 2, 2, 4], "texture": "#1"},
				"up": {"uv": [0, 2, 2, 4], "texture": "#1"},
				"down": {"uv": [0, 2, 2, 4], "texture": "#1"}
			}
		},
		{
			"from": [6.25, 8.8, 4.3],
			"to": [5.15, 7.7, 3.2],
			"shade": false,
			"rotation": {"angle": 0, "axis": "y", "origin": [0, -8, 0]},
			"faces": {
				"north": {"uv": [2, 2, 4, 4], "texture": "#1"},
				"east": {"uv": [2, 2, 4, 4], "texture": "#1"},
				"south": {"uv": [2, 2, 4, 4], "texture": "#1"},
				"west": {"uv": [2, 2, 4, 4], "texture": "#1"},
				"up": {"uv": [2, 2, 4, 4], "texture": "#1"},
				"down": {"uv": [2, 2, 4, 4], "texture": "#1"}
			}
		},
		{
			"from": [9.85, 6.95, 3.45],
			"to": [10.45, 7.55, 4.05],
			"shade": false,
			"rotation": {"angle": 0, "axis": "y", "origin": [0, -7, 0]},
			"faces": {
				"north": {"uv": [6, 14, 4, 16], "texture": "#1"},
				"east": {"uv": [6, 14, 4, 16], "texture": "#1"},
				"south": {"uv": [6, 14, 4, 16], "texture": "#1"},
				"west": {"uv": [6, 14, 4, 16], "texture": "#1"},
				"up": {"uv": [6, 14, 4, 16], "texture": "#1"},
				"down": {"uv": [6, 14, 4, 16], "texture": "#1"}
			}
		},
		{
			"from": [10.7, 7.8, 4.3],
			"to": [9.6, 6.7, 3.2],
			"shade": false,
			"rotation": {"angle": 0, "axis": "y", "origin": [0, -7, 0]},
			"faces": {
				"north": {"uv": [8, 14, 6, 16], "texture": "#1"},
				"east": {"uv": [8, 14, 6, 16], "texture": "#1"},
				"south": {"uv": [8, 14, 6, 16], "texture": "#1"},
				"west": {"uv": [8, 14, 6, 16], "texture": "#1"},
				"up": {"uv": [8, 14, 6, 16], "texture": "#1"},
				"down": {"uv": [8, 14, 6, 16], "texture": "#1"}
			}
		},
		{
			"from": [3.75235, 10.31453, 3.4],
			"to": [4.45235, 11.01453, 4.1],
			"shade": false,
			"rotation": {"angle": -22.5, "axis": "z", "origin": [0, -7, 0]},
			"faces": {
				"north": {"uv": [6, 12, 4, 14], "texture": "#1"},
				"east": {"uv": [6, 12, 4, 14], "texture": "#1"},
				"south": {"uv": [6, 12, 4, 14], "texture": "#1"},
				"west": {"uv": [6, 12, 4, 14], "texture": "#1"},
				"up": {"uv": [6, 12, 4, 14], "texture": "#1"},
				"down": {"uv": [6, 12, 4, 14], "texture": "#1"}
			}
		},
		{
			"from": [4.75235, 11.31453, 4.4],
			"to": [3.45235, 10.01453, 3.1],
			"shade": false,
			"rotation": {"angle": -22.5, "axis": "z", "origin": [0, -7, 0]},
			"faces": {
				"north": {"uv": [8, 12, 6, 14], "texture": "#1"},
				"east": {"uv": [8, 12, 6, 14], "texture": "#1"},
				"south": {"uv": [8, 12, 6, 14], "texture": "#1"},
				"west": {"uv": [8, 12, 6, 14], "texture": "#1"},
				"up": {"uv": [8, 12, 6, 14], "texture": "#1"},
				"down": {"uv": [8, 12, 6, 14], "texture": "#1"}
			}
		},
		{
			"from": [-3.75269, 11.23833, 3.25],
			"to": [-2.75269, 12.23833, 4.25],
			"shade": false,
			"rotation": {"angle": -45, "axis": "z", "origin": [0, -7, 0]},
			"faces": {
				"north": {"uv": [6, 10, 4, 12], "texture": "#1"},
				"east": {"uv": [6, 10, 4, 12], "texture": "#1"},
				"south": {"uv": [6, 10, 4, 12], "texture": "#1"},
				"west": {"uv": [6, 10, 4, 12], "texture": "#1"},
				"up": {"uv": [6, 10, 4, 12], "texture": "#1"},
				"down": {"uv": [6, 10, 4, 12], "texture": "#1"}
			}
		},
		{
			"from": [-2.50269, 12.48833, 4.5],
			"to": [-4.00269, 10.98833, 3],
			"shade": false,
			"rotation": {"angle": -45, "axis": "z", "origin": [0, -7, 0]},
			"faces": {
				"north": {"uv": [8, 10, 6, 12], "texture": "#1"},
				"east": {"uv": [8, 10, 6, 12], "texture": "#1"},
				"south": {"uv": [8, 10, 6, 12], "texture": "#1"},
				"west": {"uv": [8, 10, 6, 12], "texture": "#1"},
				"up": {"uv": [8, 10, 6, 12], "texture": "#1"},
				"down": {"uv": [8, 10, 6, 12], "texture": "#1"}
			}
		},
		{
			"from": [15.28076, 3.55227, 3.25],
			"to": [16.28076, 4.55227, 4.25],
			"shade": false,
			"rotation": {"angle": 22.5, "axis": "z", "origin": [0, -7, 0]},
			"faces": {
				"north": {"uv": [4, 10, 6, 8], "rotation": 90, "texture": "#1"},
				"east": {"uv": [4, 10, 6, 8], "rotation": 270, "texture": "#1"},
				"south": {"uv": [4, 10, 6, 8], "rotation": 270, "texture": "#1"},
				"west": {"uv": [4, 10, 6, 8], "rotation": 270, "texture": "#1"},
				"up": {"uv": [4, 10, 6, 8], "rotation": 270, "texture": "#1"},
				"down": {"uv": [4, 10, 6, 8], "rotation": 270, "texture": "#1"}
			}
		},
		{
			"from": [16.53076, 4.80227, 4.5],
			"to": [15.03076, 3.30227, 3],
			"shade": false,
			"rotation": {"angle": 22.5, "axis": "z", "origin": [0, -7, 0]},
			"faces": {
				"north": {"uv": [6, 10, 8, 8], "rotation": 90, "texture": "#1"},
				"east": {"uv": [6, 10, 8, 8], "rotation": 270, "texture": "#1"},
				"south": {"uv": [6, 10, 8, 8], "rotation": 270, "texture": "#1"},
				"west": {"uv": [6, 10, 8, 8], "rotation": 270, "texture": "#1"},
				"up": {"uv": [6, 10, 8, 8], "rotation": 270, "texture": "#1"},
				"down": {"uv": [6, 10, 8, 8], "rotation": 270, "texture": "#1"}
			}
		},
		{
			"from": [9.35, 9.35, 3.25],
			"to": [10.35, 10.35, 4.25],
			"shade": false,
			"rotation": {"angle": 0, "axis": "y", "origin": [0, -7, 0]},
			"faces": {
				"north": {"uv": [6, 6, 4, 8], "texture": "#1"},
				"east": {"uv": [6, 6, 4, 8], "texture": "#1"},
				"south": {"uv": [6, 6, 4, 8], "texture": "#1"},
				"west": {"uv": [6, 6, 4, 8], "texture": "#1"},
				"up": {"uv": [6, 6, 4, 8], "texture": "#1"},
				"down": {"uv": [6, 6, 4, 8], "texture": "#1"}
			}
		},
		{
			"from": [10.6, 10.6, 4.5],
			"to": [9.1, 9.1, 3],
			"shade": false,
			"rotation": {"angle": 0, "axis": "y", "origin": [0, -7, 0]},
			"faces": {
				"north": {"uv": [8, 6, 6, 8], "texture": "#1"},
				"east": {"uv": [8, 6, 6, 8], "texture": "#1"},
				"south": {"uv": [8, 6, 6, 8], "texture": "#1"},
				"west": {"uv": [8, 6, 6, 8], "texture": "#1"},
				"up": {"uv": [8, 6, 6, 8], "texture": "#1"},
				"down": {"uv": [8, 6, 6, 8], "texture": "#1"}
			}
		},
		{
			"from": [15.68935, 5.11051, 3.4],
			"to": [16.38935, 5.81051, 4.1],
			"shade": false,
			"rotation": {"angle": 22.5, "axis": "z", "origin": [0, -7, 0]},
			"faces": {
				"north": {"uv": [6, 4, 4, 6], "texture": "#1"},
				"east": {"uv": [6, 4, 4, 6], "texture": "#1"},
				"south": {"uv": [6, 4, 4, 6], "texture": "#1"},
				"west": {"uv": [6, 4, 4, 6], "texture": "#1"},
				"up": {"uv": [6, 4, 4, 6], "texture": "#1"},
				"down": {"uv": [6, 4, 4, 6], "texture": "#1"}
			}
		},
		{
			"from": [16.68935, 6.11051, 4.4],
			"to": [15.38935, 4.81051, 3.1],
			"shade": false,
			"rotation": {"angle": 22.5, "axis": "z", "origin": [0, -7, 0]},
			"faces": {
				"north": {"uv": [8, 4, 6, 6], "texture": "#1"},
				"east": {"uv": [8, 4, 6, 6], "texture": "#1"},
				"south": {"uv": [8, 4, 6, 6], "texture": "#1"},
				"west": {"uv": [8, 4, 6, 6], "texture": "#1"},
				"up": {"uv": [8, 4, 6, 6], "texture": "#1"},
				"down": {"uv": [8, 4, 6, 6], "texture": "#1"}
			}
		},
		{
			"from": [10, 10.95, 3.45],
			"to": [10.6, 11.55, 4.05],
			"shade": false,
			"rotation": {"angle": 0, "axis": "y", "origin": [0, -7, 0]},
			"faces": {
				"north": {"uv": [6, 2, 4, 4], "texture": "#1"},
				"east": {"uv": [6, 2, 4, 4], "texture": "#1"},
				"south": {"uv": [6, 2, 4, 4], "texture": "#1"},
				"west": {"uv": [6, 2, 4, 4], "texture": "#1"},
				"up": {"uv": [6, 2, 4, 4], "texture": "#1"},
				"down": {"uv": [6, 2, 4, 4], "texture": "#1"}
			}
		},
		{
			"from": [10.85, 11.8, 4.3],
			"to": [9.75, 10.7, 3.2],
			"shade": false,
			"rotation": {"angle": 0, "axis": "y", "origin": [0, -7, 0]},
			"faces": {
				"north": {"uv": [8, 2, 6, 4], "texture": "#1"},
				"east": {"uv": [8, 2, 6, 4], "texture": "#1"},
				"south": {"uv": [8, 2, 6, 4], "texture": "#1"},
				"west": {"uv": [8, 2, 6, 4], "texture": "#1"},
				"up": {"uv": [8, 2, 6, 4], "texture": "#1"},
				"down": {"uv": [8, 2, 6, 4], "texture": "#1"}
			}
		},
		{
			"from": [6.85, 10.95, 3.45],
			"to": [7.45, 11.55, 4.05],
			"shade": false,
			"rotation": {"angle": 0, "axis": "y", "origin": [-3, -3, -8]},
			"faces": {
				"north": {"uv": [14, 14, 12, 16], "texture": "#1"},
				"east": {"uv": [14, 14, 12, 16], "texture": "#1"},
				"south": {"uv": [14, 14, 12, 16], "texture": "#1"},
				"west": {"uv": [14, 14, 12, 16], "texture": "#1"},
				"up": {"uv": [14, 14, 12, 16], "texture": "#1"},
				"down": {"uv": [14, 14, 12, 16], "texture": "#1"}
			}
		},
		{
			"from": [7.7, 11.8, 4.3],
			"to": [6.6, 10.7, 3.2],
			"shade": false,
			"rotation": {"angle": 0, "axis": "y", "origin": [-3, -3, -8]},
			"faces": {
				"north": {"uv": [16, 14, 14, 16], "texture": "#1"},
				"east": {"uv": [16, 14, 14, 16], "texture": "#1"},
				"south": {"uv": [16, 14, 14, 16], "texture": "#1"},
				"west": {"uv": [16, 14, 14, 16], "texture": "#1"},
				"up": {"uv": [16, 14, 14, 16], "texture": "#1"},
				"down": {"uv": [16, 14, 14, 16], "texture": "#1"}
			}
		},
		{
			"from": [0.75235, 14.31453, 3.4],
			"to": [1.45235, 15.01453, 4.1],
			"shade": false,
			"rotation": {"angle": -22.5, "axis": "z", "origin": [-3, -3, -8]},
			"faces": {
				"north": {"uv": [14, 12, 12, 14], "texture": "#1"},
				"east": {"uv": [14, 12, 12, 14], "texture": "#1"},
				"south": {"uv": [14, 12, 12, 14], "texture": "#1"},
				"west": {"uv": [14, 12, 12, 14], "texture": "#1"},
				"up": {"uv": [14, 12, 12, 14], "texture": "#1"},
				"down": {"uv": [14, 12, 12, 14], "texture": "#1"}
			}
		},
		{
			"from": [1.75235, 15.31453, 4.4],
			"to": [0.45235, 14.01453, 3.1],
			"shade": false,
			"rotation": {"angle": -22.5, "axis": "z", "origin": [-3, -3, -8]},
			"faces": {
				"north": {"uv": [16, 12, 14, 14], "texture": "#1"},
				"east": {"uv": [16, 12, 14, 14], "texture": "#1"},
				"south": {"uv": [16, 12, 14, 14], "texture": "#1"},
				"west": {"uv": [16, 12, 14, 14], "texture": "#1"},
				"up": {"uv": [16, 12, 14, 14], "texture": "#1"},
				"down": {"uv": [16, 12, 14, 14], "texture": "#1"}
			}
		},
		{
			"from": [-6.75269, 15.23833, 3.25],
			"to": [-5.75269, 16.23833, 4.25],
			"shade": false,
			"rotation": {"angle": -45, "axis": "z", "origin": [-3, -3, -8]},
			"faces": {
				"north": {"uv": [14, 10, 12, 12], "texture": "#1"},
				"east": {"uv": [14, 10, 12, 12], "texture": "#1"},
				"south": {"uv": [14, 10, 12, 12], "texture": "#1"},
				"west": {"uv": [14, 10, 12, 12], "texture": "#1"},
				"up": {"uv": [14, 10, 12, 12], "texture": "#1"},
				"down": {"uv": [14, 10, 12, 12], "texture": "#1"}
			}
		},
		{
			"from": [-5.50269, 16.48833, 4.5],
			"to": [-7.00269, 14.98833, 3],
			"shade": false,
			"rotation": {"angle": -45, "axis": "z", "origin": [-3, -3, -8]},
			"faces": {
				"north": {"uv": [16, 10, 14, 12], "texture": "#1"},
				"east": {"uv": [16, 10, 14, 12], "texture": "#1"},
				"south": {"uv": [16, 10, 14, 12], "texture": "#1"},
				"west": {"uv": [16, 10, 14, 12], "texture": "#1"},
				"up": {"uv": [16, 10, 14, 12], "texture": "#1"},
				"down": {"uv": [16, 10, 14, 12], "texture": "#1"}
			}
		},
		{
			"from": [12.28076, 7.55227, 3.25],
			"to": [13.28076, 8.55227, 4.25],
			"shade": false,
			"rotation": {"angle": 22.5, "axis": "z", "origin": [-3, -3, -8]},
			"faces": {
				"north": {"uv": [12, 10, 14, 8], "rotation": 90, "texture": "#1"},
				"east": {"uv": [12, 10, 14, 8], "rotation": 270, "texture": "#1"},
				"south": {"uv": [12, 10, 14, 8], "rotation": 270, "texture": "#1"},
				"west": {"uv": [12, 10, 14, 8], "rotation": 270, "texture": "#1"},
				"up": {"uv": [12, 10, 14, 8], "rotation": 270, "texture": "#1"},
				"down": {"uv": [12, 10, 14, 8], "rotation": 270, "texture": "#1"}
			}
		},
		{
			"from": [13.53076, 8.80227, 4.5],
			"to": [12.03076, 7.30227, 3],
			"shade": false,
			"rotation": {"angle": 22.5, "axis": "z", "origin": [-3, -3, -8]},
			"faces": {
				"north": {"uv": [14, 10, 16, 8], "rotation": 90, "texture": "#1"},
				"east": {"uv": [14, 10, 16, 8], "rotation": 270, "texture": "#1"},
				"south": {"uv": [14, 10, 16, 8], "rotation": 270, "texture": "#1"},
				"west": {"uv": [14, 10, 16, 8], "rotation": 270, "texture": "#1"},
				"up": {"uv": [14, 10, 16, 8], "rotation": 270, "texture": "#1"},
				"down": {"uv": [14, 10, 16, 8], "rotation": 270, "texture": "#1"}
			}
		},
		{
			"from": [6.35, 13.35, 3.25],
			"to": [7.35, 14.35, 4.25],
			"shade": false,
			"rotation": {"angle": 0, "axis": "y", "origin": [-3, -3, -8]},
			"faces": {
				"north": {"uv": [14, 6, 12, 8], "texture": "#1"},
				"east": {"uv": [14, 6, 12, 8], "texture": "#1"},
				"south": {"uv": [14, 6, 12, 8], "texture": "#1"},
				"west": {"uv": [14, 6, 12, 8], "texture": "#1"},
				"up": {"uv": [14, 6, 12, 8], "texture": "#1"},
				"down": {"uv": [14, 6, 12, 8], "texture": "#1"}
			}
		},
		{
			"from": [7.6, 14.6, 4.5],
			"to": [6.1, 13.1, 3],
			"shade": false,
			"rotation": {"angle": 0, "axis": "y", "origin": [-3, -3, -8]},
			"faces": {
				"north": {"uv": [16, 6, 14, 8], "texture": "#1"},
				"east": {"uv": [16, 6, 14, 8], "texture": "#1"},
				"south": {"uv": [16, 6, 14, 8], "texture": "#1"},
				"west": {"uv": [16, 6, 14, 8], "texture": "#1"},
				"up": {"uv": [16, 6, 14, 8], "texture": "#1"},
				"down": {"uv": [16, 6, 14, 8], "texture": "#1"}
			}
		},
		{
			"from": [12.68935, 9.11051, 3.4],
			"to": [13.38935, 9.81051, 4.1],
			"shade": false,
			"rotation": {"angle": 22.5, "axis": "z", "origin": [-3, -3, -8]},
			"faces": {
				"north": {"uv": [14, 4, 12, 6], "texture": "#1"},
				"east": {"uv": [14, 4, 12, 6], "texture": "#1"},
				"south": {"uv": [14, 4, 12, 6], "texture": "#1"},
				"west": {"uv": [14, 4, 12, 6], "texture": "#1"},
				"up": {"uv": [14, 4, 12, 6], "texture": "#1"},
				"down": {"uv": [14, 4, 12, 6], "texture": "#1"}
			}
		},
		{
			"from": [13.68935, 10.11051, 4.4],
			"to": [12.38935, 8.81051, 3.1],
			"shade": false,
			"rotation": {"angle": 22.5, "axis": "z", "origin": [-3, -3, -8]},
			"faces": {
				"north": {"uv": [16, 4, 14, 6], "texture": "#1"},
				"east": {"uv": [16, 4, 14, 6], "texture": "#1"},
				"south": {"uv": [16, 4, 14, 6], "texture": "#1"},
				"west": {"uv": [16, 4, 14, 6], "texture": "#1"},
				"up": {"uv": [16, 4, 14, 6], "texture": "#1"},
				"down": {"uv": [16, 4, 14, 6], "texture": "#1"}
			}
		},
		{
			"from": [7, 14.95, 3.45],
			"to": [7.6, 15.55, 4.05],
			"shade": false,
			"rotation": {"angle": 0, "axis": "y", "origin": [-3, -3, -8]},
			"faces": {
				"north": {"uv": [14, 2, 12, 4], "texture": "#1"},
				"east": {"uv": [14, 2, 12, 4], "texture": "#1"},
				"south": {"uv": [14, 2, 12, 4], "texture": "#1"},
				"west": {"uv": [14, 2, 12, 4], "texture": "#1"},
				"up": {"uv": [14, 2, 12, 4], "texture": "#1"},
				"down": {"uv": [14, 2, 12, 4], "texture": "#1"}
			}
		},
		{
			"from": [7.85, 15.8, 4.3],
			"to": [6.75, 14.7, 3.2],
			"shade": false,
			"rotation": {"angle": 0, "axis": "y", "origin": [-3, -3, -8]},
			"faces": {
				"north": {"uv": [16, 2, 14, 4], "texture": "#1"},
				"east": {"uv": [16, 2, 14, 4], "texture": "#1"},
				"south": {"uv": [16, 2, 14, 4], "texture": "#1"},
				"west": {"uv": [16, 2, 14, 4], "texture": "#1"},
				"up": {"uv": [16, 2, 14, 4], "texture": "#1"},
				"down": {"uv": [16, 2, 14, 4], "texture": "#1"}
			}
		},
		{
			"from": [9.85, 6.95, 11.95],
			"to": [10.45, 7.55, 12.55],
			"shade": false,
			"rotation": {"angle": 0, "axis": "y", "origin": [0, -7, 0.5]},
			"faces": {
				"north": {"uv": [14, 14, 12, 16], "texture": "#1"},
				"east": {"uv": [14, 14, 12, 16], "texture": "#1"},
				"south": {"uv": [14, 14, 12, 16], "texture": "#1"},
				"west": {"uv": [14, 14, 12, 16], "texture": "#1"},
				"up": {"uv": [14, 14, 12, 16], "texture": "#1"},
				"down": {"uv": [14, 14, 12, 16], "texture": "#1"}
			}
		},
		{
			"from": [10.7, 7.8, 12.8],
			"to": [9.6, 6.7, 11.7],
			"shade": false,
			"rotation": {"angle": 0, "axis": "y", "origin": [0, -7, 0.5]},
			"faces": {
				"north": {"uv": [16, 14, 14, 16], "texture": "#1"},
				"east": {"uv": [16, 14, 14, 16], "texture": "#1"},
				"south": {"uv": [16, 14, 14, 16], "texture": "#1"},
				"west": {"uv": [16, 14, 14, 16], "texture": "#1"},
				"up": {"uv": [16, 14, 14, 16], "texture": "#1"},
				"down": {"uv": [16, 14, 14, 16], "texture": "#1"}
			}
		},
		{
			"from": [3.75235, 10.31453, 11.9],
			"to": [4.45235, 11.01453, 12.6],
			"shade": false,
			"rotation": {"angle": -22.5, "axis": "z", "origin": [0, -7, 0.5]},
			"faces": {
				"north": {"uv": [14, 12, 12, 14], "texture": "#1"},
				"east": {"uv": [14, 12, 12, 14], "texture": "#1"},
				"south": {"uv": [14, 12, 12, 14], "texture": "#1"},
				"west": {"uv": [14, 12, 12, 14], "texture": "#1"},
				"up": {"uv": [14, 12, 12, 14], "texture": "#1"},
				"down": {"uv": [14, 12, 12, 14], "texture": "#1"}
			}
		},
		{
			"from": [4.75235, 11.31453, 12.9],
			"to": [3.45235, 10.01453, 11.6],
			"shade": false,
			"rotation": {"angle": -22.5, "axis": "z", "origin": [0, -7, 0.5]},
			"faces": {
				"north": {"uv": [16, 12, 14, 14], "texture": "#1"},
				"east": {"uv": [16, 12, 14, 14], "texture": "#1"},
				"south": {"uv": [16, 12, 14, 14], "texture": "#1"},
				"west": {"uv": [16, 12, 14, 14], "texture": "#1"},
				"up": {"uv": [16, 12, 14, 14], "texture": "#1"},
				"down": {"uv": [16, 12, 14, 14], "texture": "#1"}
			}
		},
		{
			"from": [-3.75269, 11.23833, 11.75],
			"to": [-2.75269, 12.23833, 12.75],
			"shade": false,
			"rotation": {"angle": -45, "axis": "z", "origin": [0, -7, 0.5]},
			"faces": {
				"north": {"uv": [14, 10, 12, 12], "texture": "#1"},
				"east": {"uv": [14, 10, 12, 12], "texture": "#1"},
				"south": {"uv": [14, 10, 12, 12], "texture": "#1"},
				"west": {"uv": [14, 10, 12, 12], "texture": "#1"},
				"up": {"uv": [14, 10, 12, 12], "texture": "#1"},
				"down": {"uv": [14, 10, 12, 12], "texture": "#1"}
			}
		},
		{
			"from": [-2.50269, 12.48833, 13],
			"to": [-4.00269, 10.98833, 11.5],
			"shade": false,
			"rotation": {"angle": -45, "axis": "z", "origin": [0, -7, 0.5]},
			"faces": {
				"north": {"uv": [16, 10, 14, 12], "texture": "#1"},
				"east": {"uv": [16, 10, 14, 12], "texture": "#1"},
				"south": {"uv": [16, 10, 14, 12], "texture": "#1"},
				"west": {"uv": [16, 10, 14, 12], "texture": "#1"},
				"up": {"uv": [16, 10, 14, 12], "texture": "#1"},
				"down": {"uv": [16, 10, 14, 12], "texture": "#1"}
			}
		},
		{
			"from": [15.28076, 3.55227, 11.75],
			"to": [16.28076, 4.55227, 12.75],
			"shade": false,
			"rotation": {"angle": 22.5, "axis": "z", "origin": [0, -7, 0.5]},
			"faces": {
				"north": {"uv": [12, 10, 14, 8], "rotation": 90, "texture": "#1"},
				"east": {"uv": [12, 10, 14, 8], "rotation": 270, "texture": "#1"},
				"south": {"uv": [12, 10, 14, 8], "rotation": 270, "texture": "#1"},
				"west": {"uv": [12, 10, 14, 8], "rotation": 270, "texture": "#1"},
				"up": {"uv": [12, 10, 14, 8], "rotation": 270, "texture": "#1"},
				"down": {"uv": [12, 10, 14, 8], "rotation": 270, "texture": "#1"}
			}
		},
		{
			"from": [16.53076, 4.80227, 13],
			"to": [15.03076, 3.30227, 11.5],
			"shade": false,
			"rotation": {"angle": 22.5, "axis": "z", "origin": [0, -7, 0.5]},
			"faces": {
				"north": {"uv": [14, 10, 16, 8], "rotation": 90, "texture": "#1"},
				"east": {"uv": [14, 10, 16, 8], "rotation": 270, "texture": "#1"},
				"south": {"uv": [14, 10, 16, 8], "rotation": 270, "texture": "#1"},
				"west": {"uv": [14, 10, 16, 8], "rotation": 270, "texture": "#1"},
				"up": {"uv": [14, 10, 16, 8], "rotation": 270, "texture": "#1"},
				"down": {"uv": [14, 10, 16, 8], "rotation": 270, "texture": "#1"}
			}
		},
		{
			"from": [9.35, 9.35, 11.75],
			"to": [10.35, 10.35, 12.75],
			"shade": false,
			"rotation": {"angle": 0, "axis": "y", "origin": [0, -7, 0.5]},
			"faces": {
				"north": {"uv": [14, 6, 12, 8], "texture": "#1"},
				"east": {"uv": [14, 6, 12, 8], "texture": "#1"},
				"south": {"uv": [14, 6, 12, 8], "texture": "#1"},
				"west": {"uv": [14, 6, 12, 8], "texture": "#1"},
				"up": {"uv": [14, 6, 12, 8], "texture": "#1"},
				"down": {"uv": [14, 6, 12, 8], "texture": "#1"}
			}
		},
		{
			"from": [10.6, 10.6, 13],
			"to": [9.1, 9.1, 11.5],
			"shade": false,
			"rotation": {"angle": 0, "axis": "y", "origin": [0, -7, 0.5]},
			"faces": {
				"north": {"uv": [16, 6, 14, 8], "texture": "#1"},
				"east": {"uv": [16, 6, 14, 8], "texture": "#1"},
				"south": {"uv": [16, 6, 14, 8], "texture": "#1"},
				"west": {"uv": [16, 6, 14, 8], "texture": "#1"},
				"up": {"uv": [16, 6, 14, 8], "texture": "#1"},
				"down": {"uv": [16, 6, 14, 8], "texture": "#1"}
			}
		},
		{
			"from": [15.68935, 5.11051, 11.9],
			"to": [16.38935, 5.81051, 12.6],
			"shade": false,
			"rotation": {"angle": 22.5, "axis": "z", "origin": [0, -7, 0.5]},
			"faces": {
				"north": {"uv": [14, 4, 12, 6], "texture": "#1"},
				"east": {"uv": [14, 4, 12, 6], "texture": "#1"},
				"south": {"uv": [14, 4, 12, 6], "texture": "#1"},
				"west": {"uv": [14, 4, 12, 6], "texture": "#1"},
				"up": {"uv": [14, 4, 12, 6], "texture": "#1"},
				"down": {"uv": [14, 4, 12, 6], "texture": "#1"}
			}
		},
		{
			"from": [16.68935, 6.11051, 12.9],
			"to": [15.38935, 4.81051, 11.6],
			"shade": false,
			"rotation": {"angle": 22.5, "axis": "z", "origin": [0, -7, 0.5]},
			"faces": {
				"north": {"uv": [16, 4, 14, 6], "texture": "#1"},
				"east": {"uv": [16, 4, 14, 6], "texture": "#1"},
				"south": {"uv": [16, 4, 14, 6], "texture": "#1"},
				"west": {"uv": [16, 4, 14, 6], "texture": "#1"},
				"up": {"uv": [16, 4, 14, 6], "texture": "#1"},
				"down": {"uv": [16, 4, 14, 6], "texture": "#1"}
			}
		},
		{
			"from": [10, 10.95, 11.95],
			"to": [10.6, 11.55, 12.55],
			"shade": false,
			"rotation": {"angle": 0, "axis": "y", "origin": [0, -7, 0.5]},
			"faces": {
				"north": {"uv": [14, 2, 12, 4], "texture": "#1"},
				"east": {"uv": [14, 2, 12, 4], "texture": "#1"},
				"south": {"uv": [14, 2, 12, 4], "texture": "#1"},
				"west": {"uv": [14, 2, 12, 4], "texture": "#1"},
				"up": {"uv": [14, 2, 12, 4], "texture": "#1"},
				"down": {"uv": [14, 2, 12, 4], "texture": "#1"}
			}
		},
		{
			"from": [10.85, 11.8, 12.8],
			"to": [9.75, 10.7, 11.7],
			"shade": false,
			"rotation": {"angle": 0, "axis": "y", "origin": [0, -7, 0.5]},
			"faces": {
				"north": {"uv": [16, 2, 14, 4], "texture": "#1"},
				"east": {"uv": [16, 2, 14, 4], "texture": "#1"},
				"south": {"uv": [16, 2, 14, 4], "texture": "#1"},
				"west": {"uv": [16, 2, 14, 4], "texture": "#1"},
				"up": {"uv": [16, 2, 14, 4], "texture": "#1"},
				"down": {"uv": [16, 2, 14, 4], "texture": "#1"}
			}
		},
		{
			"from": [5.55, 3.95, 11.95],
			"to": [6.15, 4.55, 12.55],
			"shade": false,
			"rotation": {"angle": 0, "axis": "y", "origin": [0, -8, 0.5]},
			"faces": {
				"north": {"uv": [8, 14, 10, 16], "texture": "#1"},
				"east": {"uv": [8, 14, 10, 16], "texture": "#1"},
				"south": {"uv": [8, 14, 10, 16], "texture": "#1"},
				"west": {"uv": [8, 14, 10, 16], "texture": "#1"},
				"up": {"uv": [8, 14, 10, 16], "texture": "#1"},
				"down": {"uv": [8, 14, 10, 16], "texture": "#1"}
			}
		},
		{
			"from": [6.4, 4.8, 12.8],
			"to": [5.3, 3.7, 11.7],
			"shade": false,
			"rotation": {"angle": 0, "axis": "y", "origin": [0, -8, 0.5]},
			"faces": {
				"north": {"uv": [10, 14, 12, 16], "texture": "#1"},
				"east": {"uv": [10, 14, 12, 16], "texture": "#1"},
				"south": {"uv": [10, 14, 12, 16], "texture": "#1"},
				"west": {"uv": [10, 14, 12, 16], "texture": "#1"},
				"up": {"uv": [10, 14, 12, 16], "texture": "#1"},
				"down": {"uv": [10, 14, 12, 16], "texture": "#1"}
			}
		},
		{
			"from": [9.56436, 1.34384, 11.9],
			"to": [10.26436, 2.04384, 12.6],
			"shade": false,
			"rotation": {"angle": 22.5, "axis": "z", "origin": [0, -8, 0.5]},
			"faces": {
				"north": {"uv": [8, 12, 10, 14], "texture": "#1"},
				"east": {"uv": [8, 12, 10, 14], "texture": "#1"},
				"south": {"uv": [8, 12, 10, 14], "texture": "#1"},
				"west": {"uv": [8, 12, 10, 14], "texture": "#1"},
				"up": {"uv": [8, 12, 10, 14], "texture": "#1"},
				"down": {"uv": [8, 12, 10, 14], "texture": "#1"}
			}
		},
		{
			"from": [10.56436, 2.34384, 12.9],
			"to": [9.26436, 1.04384, 11.6],
			"shade": false,
			"rotation": {"angle": 22.5, "axis": "z", "origin": [0, -8, 0.5]},
			"faces": {
				"north": {"uv": [10, 12, 12, 14], "texture": "#1"},
				"east": {"uv": [10, 12, 12, 14], "texture": "#1"},
				"south": {"uv": [10, 12, 12, 14], "texture": "#1"},
				"west": {"uv": [10, 12, 12, 14], "texture": "#1"},
				"up": {"uv": [10, 12, 12, 14], "texture": "#1"},
				"down": {"uv": [10, 12, 12, 14], "texture": "#1"}
			}
		},
		{
			"from": [12.65219, -2.48959, 11.75],
			"to": [13.65219, -1.48959, 12.75],
			"shade": false,
			"rotation": {"angle": 45, "axis": "z", "origin": [0, -8, 0.5]},
			"faces": {
				"north": {"uv": [8, 10, 10, 12], "texture": "#1"},
				"east": {"uv": [8, 10, 10, 12], "texture": "#1"},
				"south": {"uv": [8, 10, 10, 12], "texture": "#1"},
				"west": {"uv": [8, 10, 10, 12], "texture": "#1"},
				"up": {"uv": [8, 10, 10, 12], "texture": "#1"},
				"down": {"uv": [8, 10, 10, 12], "texture": "#1"}
			}
		},
		{
			"from": [13.90219, -1.23959, 13],
			"to": [12.40219, -2.73959, 11.5],
			"shade": false,
			"rotation": {"angle": 45, "axis": "z", "origin": [0, -8, 0.5]},
			"faces": {
				"north": {"uv": [10, 10, 12, 12], "texture": "#1"},
				"east": {"uv": [10, 10, 12, 12], "texture": "#1"},
				"south": {"uv": [10, 10, 12, 12], "texture": "#1"},
				"west": {"uv": [10, 10, 12, 12], "texture": "#1"},
				"up": {"uv": [10, 10, 12, 12], "texture": "#1"},
				"down": {"uv": [10, 10, 12, 12], "texture": "#1"}
			}
		},
		{
			"from": [-0.73332, 6.82744, 11.75],
			"to": [0.26668, 7.82744, 12.75],
			"shade": false,
			"rotation": {"angle": -22.5, "axis": "z", "origin": [0, -8, 0.5]},
			"faces": {
				"north": {"uv": [8, 8, 10, 10], "rotation": 90, "texture": "#1"},
				"east": {"uv": [8, 8, 10, 10], "rotation": 270, "texture": "#1"},
				"south": {"uv": [8, 8, 10, 10], "rotation": 270, "texture": "#1"},
				"west": {"uv": [8, 8, 10, 10], "rotation": 270, "texture": "#1"},
				"up": {"uv": [8, 8, 10, 10], "rotation": 270, "texture": "#1"},
				"down": {"uv": [8, 8, 10, 10], "rotation": 270, "texture": "#1"}
			}
		},
		{
			"from": [0.51668, 8.07744, 13],
			"to": [-0.98332, 6.57744, 11.5],
			"shade": false,
			"rotation": {"angle": -22.5, "axis": "z", "origin": [0, -8, 0.5]},
			"faces": {
				"north": {"uv": [10, 8, 12, 10], "rotation": 90, "texture": "#1"},
				"east": {"uv": [10, 8, 12, 10], "rotation": 270, "texture": "#1"},
				"south": {"uv": [10, 8, 12, 10], "rotation": 270, "texture": "#1"},
				"west": {"uv": [10, 8, 12, 10], "rotation": 270, "texture": "#1"},
				"up": {"uv": [10, 8, 12, 10], "rotation": 270, "texture": "#1"},
				"down": {"uv": [10, 8, 12, 10], "rotation": 270, "texture": "#1"}
			}
		},
		{
			"from": [5.65, 6.35, 11.75],
			"to": [6.65, 7.35, 12.75],
			"shade": false,
			"rotation": {"angle": 0, "axis": "y", "origin": [0, -8, 0.5]},
			"faces": {
				"north": {"uv": [8, 6, 10, 8], "texture": "#1"},
				"east": {"uv": [8, 6, 10, 8], "texture": "#1"},
				"south": {"uv": [8, 6, 10, 8], "texture": "#1"},
				"west": {"uv": [8, 6, 10, 8], "texture": "#1"},
				"up": {"uv": [8, 6, 10, 8], "texture": "#1"},
				"down": {"uv": [8, 6, 10, 8], "texture": "#1"}
			}
		},
		{
			"from": [6.9, 7.6, 13],
			"to": [5.4, 6.1, 11.5],
			"shade": false,
			"rotation": {"angle": 0, "axis": "y", "origin": [0, -8, 0.5]},
			"faces": {
				"north": {"uv": [10, 6, 12, 8], "texture": "#1"},
				"east": {"uv": [10, 6, 12, 8], "texture": "#1"},
				"south": {"uv": [10, 6, 12, 8], "texture": "#1"},
				"west": {"uv": [10, 6, 12, 8], "texture": "#1"},
				"up": {"uv": [10, 6, 12, 8], "texture": "#1"},
				"down": {"uv": [10, 6, 12, 8], "texture": "#1"}
			}
		},
		{
			"from": [-0.84191, 8.38568, 11.9],
			"to": [-0.14191, 9.08568, 12.6],
			"shade": false,
			"rotation": {"angle": -22.5, "axis": "z", "origin": [0, -8, 0.5]},
			"faces": {
				"north": {"uv": [8, 4, 10, 6], "texture": "#1"},
				"east": {"uv": [8, 4, 10, 6], "texture": "#1"},
				"south": {"uv": [8, 4, 10, 6], "texture": "#1"},
				"west": {"uv": [8, 4, 10, 6], "texture": "#1"},
				"up": {"uv": [8, 4, 10, 6], "texture": "#1"},
				"down": {"uv": [8, 4, 10, 6], "texture": "#1"}
			}
		},
		{
			"from": [0.15809, 9.38568, 12.9],
			"to": [-1.14191, 8.08568, 11.6],
			"shade": false,
			"rotation": {"angle": -22.5, "axis": "z", "origin": [0, -8, 0.5]},
			"faces": {
				"north": {"uv": [10, 4, 12, 6], "texture": "#1"},
				"east": {"uv": [10, 4, 12, 6], "texture": "#1"},
				"south": {"uv": [10, 4, 12, 6], "texture": "#1"},
				"west": {"uv": [10, 4, 12, 6], "texture": "#1"},
				"up": {"uv": [10, 4, 12, 6], "texture": "#1"},
				"down": {"uv": [10, 4, 12, 6], "texture": "#1"}
			}
		},
		{
			"from": [5.4, 7.95, 11.95],
			"to": [6, 8.55, 12.55],
			"shade": false,
			"rotation": {"angle": 0, "axis": "y", "origin": [0, -8, 0.5]},
			"faces": {
				"north": {"uv": [8, 2, 10, 4], "texture": "#1"},
				"east": {"uv": [8, 2, 10, 4], "texture": "#1"},
				"south": {"uv": [8, 2, 10, 4], "texture": "#1"},
				"west": {"uv": [8, 2, 10, 4], "texture": "#1"},
				"up": {"uv": [8, 2, 10, 4], "texture": "#1"},
				"down": {"uv": [8, 2, 10, 4], "texture": "#1"}
			}
		},
		{
			"from": [6.25, 8.8, 12.8],
			"to": [5.15, 7.7, 11.7],
			"shade": false,
			"rotation": {"angle": 0, "axis": "y", "origin": [0, -8, 0.5]},
			"faces": {
				"north": {"uv": [10, 2, 12, 4], "texture": "#1"},
				"east": {"uv": [10, 2, 12, 4], "texture": "#1"},
				"south": {"uv": [10, 2, 12, 4], "texture": "#1"},
				"west": {"uv": [10, 2, 12, 4], "texture": "#1"},
				"up": {"uv": [10, 2, 12, 4], "texture": "#1"},
				"down": {"uv": [10, 2, 12, 4], "texture": "#1"}
			}
		},
		{
			"from": [7.85, 10.95, 11.95],
			"to": [8.45, 11.55, 12.55],
			"shade": false,
			"rotation": {"angle": 0, "axis": "y", "origin": [-2, -3, 8.5]},
			"faces": {
				"north": {"uv": [6, 14, 4, 16], "texture": "#1"},
				"east": {"uv": [6, 14, 4, 16], "texture": "#1"},
				"south": {"uv": [6, 14, 4, 16], "texture": "#1"},
				"west": {"uv": [6, 14, 4, 16], "texture": "#1"},
				"up": {"uv": [6, 14, 4, 16], "texture": "#1"},
				"down": {"uv": [6, 14, 4, 16], "texture": "#1"}
			}
		},
		{
			"from": [8.7, 11.8, 12.8],
			"to": [7.6, 10.7, 11.7],
			"shade": false,
			"rotation": {"angle": 0, "axis": "y", "origin": [-2, -3, 8.5]},
			"faces": {
				"north": {"uv": [8, 14, 6, 16], "texture": "#1"},
				"east": {"uv": [8, 14, 6, 16], "texture": "#1"},
				"south": {"uv": [8, 14, 6, 16], "texture": "#1"},
				"west": {"uv": [8, 14, 6, 16], "texture": "#1"},
				"up": {"uv": [8, 14, 6, 16], "texture": "#1"},
				"down": {"uv": [8, 14, 6, 16], "texture": "#1"}
			}
		},
		{
			"from": [1.75235, 14.31453, 11.9],
			"to": [2.45235, 15.01453, 12.6],
			"shade": false,
			"rotation": {"angle": -22.5, "axis": "z", "origin": [-2, -3, 8.5]},
			"faces": {
				"north": {"uv": [6, 12, 4, 14], "texture": "#1"},
				"east": {"uv": [6, 12, 4, 14], "texture": "#1"},
				"south": {"uv": [6, 12, 4, 14], "texture": "#1"},
				"west": {"uv": [6, 12, 4, 14], "texture": "#1"},
				"up": {"uv": [6, 12, 4, 14], "texture": "#1"},
				"down": {"uv": [6, 12, 4, 14], "texture": "#1"}
			}
		},
		{
			"from": [2.75235, 15.31453, 12.9],
			"to": [1.45235, 14.01453, 11.6],
			"shade": false,
			"rotation": {"angle": -22.5, "axis": "z", "origin": [-2, -3, 8.5]},
			"faces": {
				"north": {"uv": [8, 12, 6, 14], "texture": "#1"},
				"east": {"uv": [8, 12, 6, 14], "texture": "#1"},
				"south": {"uv": [8, 12, 6, 14], "texture": "#1"},
				"west": {"uv": [8, 12, 6, 14], "texture": "#1"},
				"up": {"uv": [8, 12, 6, 14], "texture": "#1"},
				"down": {"uv": [8, 12, 6, 14], "texture": "#1"}
			}
		},
		{
			"from": [-5.75269, 15.23833, 11.75],
			"to": [-4.75269, 16.23833, 12.75],
			"shade": false,
			"rotation": {"angle": -45, "axis": "z", "origin": [-2, -3, 8.5]},
			"faces": {
				"north": {"uv": [6, 10, 4, 12], "texture": "#1"},
				"east": {"uv": [6, 10, 4, 12], "texture": "#1"},
				"south": {"uv": [6, 10, 4, 12], "texture": "#1"},
				"west": {"uv": [6, 10, 4, 12], "texture": "#1"},
				"up": {"uv": [6, 10, 4, 12], "texture": "#1"},
				"down": {"uv": [6, 10, 4, 12], "texture": "#1"}
			}
		},
		{
			"from": [-4.50269, 16.48833, 13],
			"to": [-6.00269, 14.98833, 11.5],
			"shade": false,
			"rotation": {"angle": -45, "axis": "z", "origin": [-2, -3, 8.5]},
			"faces": {
				"north": {"uv": [8, 10, 6, 12], "texture": "#1"},
				"east": {"uv": [8, 10, 6, 12], "texture": "#1"},
				"south": {"uv": [8, 10, 6, 12], "texture": "#1"},
				"west": {"uv": [8, 10, 6, 12], "texture": "#1"},
				"up": {"uv": [8, 10, 6, 12], "texture": "#1"},
				"down": {"uv": [8, 10, 6, 12], "texture": "#1"}
			}
		},
		{
			"from": [13.28076, 7.55227, 11.75],
			"to": [14.28076, 8.55227, 12.75],
			"shade": false,
			"rotation": {"angle": 22.5, "axis": "z", "origin": [-2, -3, 8.5]},
			"faces": {
				"north": {"uv": [4, 10, 6, 8], "rotation": 90, "texture": "#1"},
				"east": {"uv": [4, 10, 6, 8], "rotation": 270, "texture": "#1"},
				"south": {"uv": [4, 10, 6, 8], "rotation": 270, "texture": "#1"},
				"west": {"uv": [4, 10, 6, 8], "rotation": 270, "texture": "#1"},
				"up": {"uv": [4, 10, 6, 8], "rotation": 270, "texture": "#1"},
				"down": {"uv": [4, 10, 6, 8], "rotation": 270, "texture": "#1"}
			}
		},
		{
			"from": [14.53076, 8.80227, 13],
			"to": [13.03076, 7.30227, 11.5],
			"shade": false,
			"rotation": {"angle": 22.5, "axis": "z", "origin": [-2, -3, 8.5]},
			"faces": {
				"north": {"uv": [6, 10, 8, 8], "rotation": 90, "texture": "#1"},
				"east": {"uv": [6, 10, 8, 8], "rotation": 270, "texture": "#1"},
				"south": {"uv": [6, 10, 8, 8], "rotation": 270, "texture": "#1"},
				"west": {"uv": [6, 10, 8, 8], "rotation": 270, "texture": "#1"},
				"up": {"uv": [6, 10, 8, 8], "rotation": 270, "texture": "#1"},
				"down": {"uv": [6, 10, 8, 8], "rotation": 270, "texture": "#1"}
			}
		},
		{
			"from": [7.35, 13.35, 11.75],
			"to": [8.35, 14.35, 12.75],
			"shade": false,
			"rotation": {"angle": 0, "axis": "y", "origin": [-2, -3, 8.5]},
			"faces": {
				"north": {"uv": [6, 6, 4, 8], "texture": "#1"},
				"east": {"uv": [6, 6, 4, 8], "texture": "#1"},
				"south": {"uv": [6, 6, 4, 8], "texture": "#1"},
				"west": {"uv": [6, 6, 4, 8], "texture": "#1"},
				"up": {"uv": [6, 6, 4, 8], "texture": "#1"},
				"down": {"uv": [6, 6, 4, 8], "texture": "#1"}
			}
		},
		{
			"from": [8.6, 14.6, 13],
			"to": [7.1, 13.1, 11.5],
			"shade": false,
			"rotation": {"angle": 0, "axis": "y", "origin": [-2, -3, 8.5]},
			"faces": {
				"north": {"uv": [8, 6, 6, 8], "texture": "#1"},
				"east": {"uv": [8, 6, 6, 8], "texture": "#1"},
				"south": {"uv": [8, 6, 6, 8], "texture": "#1"},
				"west": {"uv": [8, 6, 6, 8], "texture": "#1"},
				"up": {"uv": [8, 6, 6, 8], "texture": "#1"},
				"down": {"uv": [8, 6, 6, 8], "texture": "#1"}
			}
		},
		{
			"from": [13.68935, 9.11051, 11.9],
			"to": [14.38935, 9.81051, 12.6],
			"shade": false,
			"rotation": {"angle": 22.5, "axis": "z", "origin": [-2, -3, 8.5]},
			"faces": {
				"north": {"uv": [6, 4, 4, 6], "texture": "#1"},
				"east": {"uv": [6, 4, 4, 6], "texture": "#1"},
				"south": {"uv": [6, 4, 4, 6], "texture": "#1"},
				"west": {"uv": [6, 4, 4, 6], "texture": "#1"},
				"up": {"uv": [6, 4, 4, 6], "texture": "#1"},
				"down": {"uv": [6, 4, 4, 6], "texture": "#1"}
			}
		},
		{
			"from": [14.68935, 10.11051, 12.9],
			"to": [13.38935, 8.81051, 11.6],
			"shade": false,
			"rotation": {"angle": 22.5, "axis": "z", "origin": [-2, -3, 8.5]},
			"faces": {
				"north": {"uv": [8, 4, 6, 6], "texture": "#1"},
				"east": {"uv": [8, 4, 6, 6], "texture": "#1"},
				"south": {"uv": [8, 4, 6, 6], "texture": "#1"},
				"west": {"uv": [8, 4, 6, 6], "texture": "#1"},
				"up": {"uv": [8, 4, 6, 6], "texture": "#1"},
				"down": {"uv": [8, 4, 6, 6], "texture": "#1"}
			}
		},
		{
			"from": [8, 14.95, 11.95],
			"to": [8.6, 15.55, 12.55],
			"shade": false,
			"rotation": {"angle": 0, "axis": "y", "origin": [-2, -3, 8.5]},
			"faces": {
				"north": {"uv": [6, 2, 4, 4], "texture": "#1"},
				"east": {"uv": [6, 2, 4, 4], "texture": "#1"},
				"south": {"uv": [6, 2, 4, 4], "texture": "#1"},
				"west": {"uv": [6, 2, 4, 4], "texture": "#1"},
				"up": {"uv": [6, 2, 4, 4], "texture": "#1"},
				"down": {"uv": [6, 2, 4, 4], "texture": "#1"}
			}
		},
		{
			"from": [8.85, 15.8, 12.8],
			"to": [7.75, 14.7, 11.7],
			"shade": false,
			"rotation": {"angle": 0, "axis": "y", "origin": [-2, -3, 8.5]},
			"faces": {
				"north": {"uv": [8, 2, 6, 4], "texture": "#1"},
				"east": {"uv": [8, 2, 6, 4], "texture": "#1"},
				"south": {"uv": [8, 2, 6, 4], "texture": "#1"},
				"west": {"uv": [8, 2, 6, 4], "texture": "#1"},
				"up": {"uv": [8, 2, 6, 4], "texture": "#1"},
				"down": {"uv": [8, 2, 6, 4], "texture": "#1"}
			}
		}
	],
	"groups": [
		0,
		1,
		2,
		3,
		4,
		5,
		6,
		7,
		8,
		9,
		10,
		11,
		12,
		13,
		14,
		15,
		16,
		17,
		18,
		{
			"name": "particles",
			"origin": [8, 8, 8],
			"color": 0,
			"children": [
				{
					"name": "particles1",
					"origin": [0, 0, 0],
					"color": 0,
					"children": [
						{
							"name": "particle1",
							"origin": [0, 0, 0],
							"color": 0,
							"children": [19, 20]
						},
						{
							"name": "particle2",
							"origin": [0, 0, 0],
							"color": 0,
							"children": [21, 22]
						},
						{
							"name": "particle3",
							"origin": [0, 0, 0],
							"color": 0,
							"children": [23, 24]
						},
						{
							"name": "particle4",
							"origin": [0, 0, 0],
							"color": 0,
							"children": [25, 26]
						},
						{
							"name": "particle5",
							"origin": [0, 0, 0],
							"color": 0,
							"children": [27, 28]
						},
						{
							"name": "particle6",
							"origin": [0, 0, 0],
							"color": 0,
							"children": [29, 30]
						},
						{
							"name": "particle7",
							"origin": [0, 0, 0],
							"color": 0,
							"children": [31, 32]
						}
					]
				},
				{
					"name": "particles2",
					"origin": [0, 0, 0],
					"color": 0,
					"children": [
						{
							"name": "particle1",
							"origin": [0, 0, 0],
							"color": 0,
							"children": [33, 34]
						},
						{
							"name": "particle2",
							"origin": [0, 0, 0],
							"color": 0,
							"children": [35, 36]
						},
						{
							"name": "particle3",
							"origin": [0, 0, 0],
							"color": 0,
							"children": [37, 38]
						},
						{
							"name": "particle4",
							"origin": [0, 0, 0],
							"color": 0,
							"children": [39, 40]
						},
						{
							"name": "particle5",
							"origin": [0, 0, 0],
							"color": 0,
							"children": [41, 42]
						},
						{
							"name": "particle6",
							"origin": [0, 0, 0],
							"color": 0,
							"children": [43, 44]
						},
						{
							"name": "particle7",
							"origin": [0, 0, 0],
							"color": 0,
							"children": [45, 46]
						}
					]
				},
				{
					"name": "particles3",
					"origin": [0, 0, 0],
					"color": 0,
					"children": [
						{
							"name": "particle1",
							"origin": [0, 0, 0],
							"color": 0,
							"children": [47, 48]
						},
						{
							"name": "particle2",
							"origin": [0, 0, 0],
							"color": 0,
							"children": [49, 50]
						},
						{
							"name": "particle3",
							"origin": [0, 0, 0],
							"color": 0,
							"children": [51, 52]
						},
						{
							"name": "particle4",
							"origin": [0, 0, 0],
							"color": 0,
							"children": [53, 54]
						},
						{
							"name": "particle5",
							"origin": [0, 0, 0],
							"color": 0,
							"children": [55, 56]
						},
						{
							"name": "particle6",
							"origin": [0, 0, 0],
							"color": 0,
							"children": [57, 58]
						},
						{
							"name": "particle7",
							"origin": [0, 0, 0],
							"color": 0,
							"children": [59, 60]
						}
					]
				},
				{
					"name": "particles4",
					"origin": [0, 0, 0],
					"color": 0,
					"children": [
						{
							"name": "particle1",
							"origin": [0, 0, 0],
							"color": 0,
							"children": [61, 62]
						},
						{
							"name": "particle2",
							"origin": [0, 0, 0],
							"color": 0,
							"children": [63, 64]
						},
						{
							"name": "particle3",
							"origin": [0, 0, 0],
							"color": 0,
							"children": [65, 66]
						},
						{
							"name": "particle4",
							"origin": [0, 0, 0],
							"color": 0,
							"children": [67, 68]
						},
						{
							"name": "particle5",
							"origin": [0, 0, 0],
							"color": 0,
							"children": [69, 70]
						},
						{
							"name": "particle6",
							"origin": [0, 0, 0],
							"color": 0,
							"children": [71, 72]
						},
						{
							"name": "particle7",
							"origin": [0, 0, 0],
							"color": 0,
							"children": [73, 74]
						}
					]
				},
				{
					"name": "particles5",
					"origin": [0, 0, 0],
					"color": 0,
					"children": [
						{
							"name": "particle1",
							"origin": [0, 0, 0],
							"color": 0,
							"children": [75, 76]
						},
						{
							"name": "particle2",
							"origin": [0, 0, 0],
							"color": 0,
							"children": [77, 78]
						},
						{
							"name": "particle3",
							"origin": [0, 0, 0],
							"color": 0,
							"children": [79, 80]
						},
						{
							"name": "particle4",
							"origin": [0, 0, 0],
							"color": 0,
							"children": [81, 82]
						},
						{
							"name": "particle5",
							"origin": [0, 0, 0],
							"color": 0,
							"children": [83, 84]
						},
						{
							"name": "particle6",
							"origin": [0, 0, 0],
							"color": 0,
							"children": [85, 86]
						},
						{
							"name": "particle7",
							"origin": [0, 0, 0],
							"color": 0,
							"children": [87, 88]
						}
					]
				},
				{
					"name": "particles6",
					"origin": [0, 0, 0],
					"color": 0,
					"children": [
						{
							"name": "particle1",
							"origin": [0, 0, 0],
							"color": 0,
							"children": [89, 90]
						},
						{
							"name": "particle2",
							"origin": [0, 0, 0],
							"color": 0,
							"children": [91, 92]
						},
						{
							"name": "particle3",
							"origin": [0, 0, 0],
							"color": 0,
							"children": [93, 94]
						},
						{
							"name": "particle4",
							"origin": [0, 0, 0],
							"color": 0,
							"children": [95, 96]
						},
						{
							"name": "particle5",
							"origin": [0, 0, 0],
							"color": 0,
							"children": [97, 98]
						},
						{
							"name": "particle6",
							"origin": [0, 0, 0],
							"color": 0,
							"children": [99, 100]
						},
						{
							"name": "particle7",
							"origin": [0, 0, 0],
							"color": 0,
							"children": [101, 102]
						}
					]
				}
			]
		}
	]
}