{
	"credit": "Made with Blockbench",
	"texture_size": [64, 64],
	"textures": {
		"1": "item/vampire/vampire_ef_long",
		"2": "item/vampire/vampire_shovel",
		"particle": "item/vampire/vampire_ef_long"
	},
	"elements": [
		{
			"from": [7.35, -10, 7.1],
			"to": [8.65, 12.5, 8.9],
			"shade": false,
			"rotation": {"angle": 0, "axis": "y", "origin": [8, 3.125, 10.45521]},
			"faces": {
				"north": {"uv": [4, 2.5, 4.375, 8.125], "texture": "#2"},
				"east": {"uv": [0, 2.5, 0.5, 8.125], "texture": "#2"},
				"south": {"uv": [1, 4.25, 1.375, 9.875], "texture": "#2"},
				"west": {"uv": [0.5, 2.5, 1, 8.125], "texture": "#2"},
				"up": {"uv": [9.125, 7, 8.75, 6.5], "texture": "#2"},
				"down": {"uv": [9.375, 2.75, 9, 3.25], "texture": "#2"}
			}
		},
		{
			"from": [6.75, -9.89543, 16.70345],
			"to": [9.25, -6.59543, 20.00345],
			"shade": false,
			"rotation": {"angle": 45, "axis": "x", "origin": [8, 3.125, 10.45521]},
			"faces": {
				"north": {"uv": [1.5, 5.75, 2.125, 6.625], "texture": "#2"},
				"east": {"uv": [3, 4.25, 3.875, 5.125], "texture": "#2"},
				"south": {"uv": [2.25, 5.75, 2.875, 6.625], "texture": "#2"},
				"west": {"uv": [4.5, 2.25, 5.375, 3.125], "texture": "#2"},
				"up": {"uv": [6.625, 0.875, 6, 0], "texture": "#2"},
				"down": {"uv": [6.625, 1, 6, 1.875], "texture": "#2"}
			}
		},
		{
			"from": [6.75, -5.25, 6.35],
			"to": [9.25, -3.75, 9.65],
			"shade": false,
			"rotation": {"angle": 0, "axis": "y", "origin": [8, 2.875, 10.45521]},
			"faces": {
				"north": {"uv": [8.25, 7, 8.875, 7.375], "texture": "#2"},
				"east": {"uv": [7.25, 5.25, 8.125, 5.625], "texture": "#2"},
				"south": {"uv": [8.25, 7.5, 8.875, 7.875], "texture": "#2"},
				"west": {"uv": [7.5, 3, 8.375, 3.375], "texture": "#2"},
				"up": {"uv": [6.875, 2.875, 6.25, 2], "texture": "#2"},
				"down": {"uv": [3.625, 6.25, 3, 7.125], "texture": "#2"}
			}
		},
		{
			"from": [6.75, -2, 6.35],
			"to": [9.25, -0.5, 9.65],
			"shade": false,
			"rotation": {"angle": 0, "axis": "y", "origin": [8, 0.125, 10.45521]},
			"faces": {
				"north": {"uv": [7.75, 8.25, 8.375, 8.625], "texture": "#2"},
				"east": {"uv": [7.5, 3.5, 8.375, 3.875], "texture": "#2"},
				"south": {"uv": [8.5, 0, 9.125, 0.375], "texture": "#2"},
				"west": {"uv": [7.5, 4, 8.375, 4.375], "texture": "#2"},
				"up": {"uv": [6.875, 3.875, 6.25, 3], "texture": "#2"},
				"down": {"uv": [6.875, 4, 6.25, 4.875], "texture": "#2"}
			}
		},
		{
			"from": [7.1, 12.84102, 6.56865],
			"to": [8.9, 16.79102, 7.56865],
			"shade": false,
			"rotation": {"angle": -22.5, "axis": "x", "origin": [8, 13.125, 10.45521]},
			"faces": {
				"north": {"uv": [2.5, 6.75, 3, 7.75], "texture": "#2"},
				"east": {"uv": [4, 8.25, 4.25, 9.25], "texture": "#2"},
				"south": {"uv": [7, 1.5, 7.5, 2.5], "texture": "#2"},
				"west": {"uv": [4.25, 8.25, 4.5, 9.25], "texture": "#2"},
				"up": {"uv": [8, 1, 7.5, 0.75], "texture": "#2"},
				"down": {"uv": [8.5, 2.75, 8, 3], "texture": "#2"}
			}
		},
		{
			"from": [7.6, 11.28688, 7.50513],
			"to": [8.4, 14.96188, 8.80513],
			"shade": false,
			"rotation": {"angle": 22.5, "axis": "x", "origin": [8, 13.125, 10.45521]},
			"faces": {
				"north": {"uv": [2.5, 8.75, 2.75, 9.625], "texture": "#2"},
				"east": {"uv": [6.5, 7.5, 6.875, 8.375], "texture": "#2"},
				"south": {"uv": [3.75, 8.75, 4, 9.625], "texture": "#2"},
				"west": {"uv": [2.25, 7.75, 2.625, 8.625], "texture": "#2"},
				"up": {"uv": [6.5, 6.125, 6.25, 5.75], "texture": "#2"},
				"down": {"uv": [7, 1.5, 6.75, 1.875], "texture": "#2"}
			}
		},
		{
			"from": [7.598, 13.16402, 7.56665],
			"to": [8.402, 16.84302, 8.87065],
			"shade": false,
			"rotation": {"angle": -22.5, "axis": "x", "origin": [8, 13.125, 10.45521]},
			"faces": {
				"north": {"uv": [4.75, 8.75, 5, 9.625], "texture": "#2"},
				"east": {"uv": [7.75, 7.25, 8.125, 8.125], "texture": "#2"},
				"south": {"uv": [5, 8.75, 5.25, 9.625], "texture": "#2"},
				"west": {"uv": [8, 0, 8.375, 0.875], "texture": "#2"},
				"up": {"uv": [7.25, 4.875, 7, 4.5], "texture": "#2"},
				"down": {"uv": [2.5, 7.25, 2.25, 7.625], "texture": "#2"}
			}
		},
		{
			"from": [7.092, 16.77822, 6.57045],
			"to": [8.908, 17.79422, 9.73645],
			"shade": false,
			"rotation": {"angle": -22.5, "axis": "x", "origin": [8, 13.125, 10.45521]},
			"faces": {
				"north": {"uv": [9, 5.5, 9.5, 5.75], "texture": "#2"},
				"east": {"uv": [9, 3.25, 9.75, 3.5], "texture": "#2"},
				"south": {"uv": [9, 8.75, 9.5, 9], "texture": "#2"},
				"west": {"uv": [9, 3.5, 9.75, 3.75], "texture": "#2"},
				"up": {"uv": [7.75, 8, 7.25, 7.25], "texture": "#2"},
				"down": {"uv": [8, 0, 7.5, 0.75], "texture": "#2"}
			}
		},
		{
			"from": [7.092, 14.89908, 6.63734],
			"to": [8.908, 15.91508, 9.80334],
			"shade": false,
			"rotation": {"angle": 22.5, "axis": "x", "origin": [8, 13.125, 10.45521]},
			"faces": {
				"north": {"uv": [9, 9, 9.5, 9.25], "texture": "#2"},
				"east": {"uv": [9, 3.75, 9.75, 4], "texture": "#2"},
				"south": {"uv": [0, 9.25, 0.5, 9.5], "texture": "#2"},
				"west": {"uv": [9, 4, 9.75, 4.25], "texture": "#2"},
				"up": {"uv": [8, 2.25, 7.5, 1.5], "texture": "#2"},
				"down": {"uv": [8, 2.25, 7.5, 3], "texture": "#2"}
			}
		},
		{
			"from": [7.1, 10.96188, 8.80513],
			"to": [8.9, 14.91188, 9.80513],
			"shade": false,
			"rotation": {"angle": 22.5, "axis": "x", "origin": [8, 13.125, 10.45521]},
			"faces": {
				"north": {"uv": [7, 2.5, 7.5, 3.5], "texture": "#2"},
				"east": {"uv": [4.5, 8.25, 4.75, 9.25], "texture": "#2"},
				"south": {"uv": [7, 3.5, 7.5, 4.5], "texture": "#2"},
				"west": {"uv": [8.25, 4.5, 8.5, 5.5], "texture": "#2"},
				"up": {"uv": [9.75, 0.25, 9.25, 0], "texture": "#2"},
				"down": {"uv": [9.75, 0.25, 9.25, 0.5], "texture": "#2"}
			}
		},
		{
			"from": [6.342, 16.07561, 9.93363],
			"to": [9.658, 18.59161, 12.44963],
			"shade": false,
			"rotation": {"angle": -45, "axis": "x", "origin": [8, 13.125, 10.45521]},
			"faces": {
				"north": {"uv": [4.5, 6.25, 5.375, 6.875], "texture": "#2"},
				"east": {"uv": [1.5, 7.25, 2.125, 7.875], "texture": "#2"},
				"south": {"uv": [6.25, 5, 7.125, 5.625], "texture": "#2"},
				"west": {"uv": [3, 7.25, 3.625, 7.875], "texture": "#2"},
				"up": {"uv": [6.375, 6.875, 5.5, 6.25], "texture": "#2"},
				"down": {"uv": [7.375, 5.75, 6.5, 6.375], "texture": "#2"}
			}
		},
		{
			"from": [6.344, 12.58642, 7.47598],
			"to": [9.656, 16.09842, 8.48798],
			"shade": false,
			"rotation": {"angle": 22.5, "axis": "x", "origin": [8, 13.125, 10.45521]},
			"faces": {
				"north": {"uv": [4.5, 3.25, 5.375, 4.125], "texture": "#2"},
				"east": {"uv": [5.25, 8.75, 5.5, 9.625], "texture": "#2"},
				"south": {"uv": [4.5, 4.25, 5.375, 5.125], "texture": "#2"},
				"west": {"uv": [5.5, 8.75, 5.75, 9.625], "texture": "#2"},
				"up": {"uv": [9.625, 1.5, 8.75, 1.25], "texture": "#2"},
				"down": {"uv": [9.625, 2.25, 8.75, 2.5], "texture": "#2"}
			}
		},
		{
			"from": [6.346, 14.46756, 7.8878],
			"to": [9.654, 17.97556, 8.8958],
			"shade": false,
			"rotation": {"angle": -22.5, "axis": "x", "origin": [8, 13.125, 10.45521]},
			"faces": {
				"north": {"uv": [3, 5.25, 3.875, 6.125], "texture": "#2"},
				"east": {"uv": [5.75, 8.75, 6, 9.625], "texture": "#2"},
				"south": {"uv": [4.5, 5.25, 5.375, 6.125], "texture": "#2"},
				"west": {"uv": [6, 8.75, 6.25, 9.625], "texture": "#2"},
				"up": {"uv": [9.625, 2.75, 8.75, 2.5], "texture": "#2"},
				"down": {"uv": [9.625, 6.25, 8.75, 6.5], "texture": "#2"}
			}
		},
		{
			"from": [6.348, 14.74512, 8.60314],
			"to": [9.652, 15.34912, 9.20714],
			"shade": false,
			"rotation": {"angle": -45, "axis": "x", "origin": [8, 13.125, 10.45521]},
			"faces": {
				"north": {"uv": [9.25, 0.5, 10.125, 0.625], "texture": "#2"},
				"east": {"uv": [9.5, 6, 9.625, 6.125], "texture": "#2"},
				"south": {"uv": [9.25, 0.75, 10.125, 0.875], "texture": "#2"},
				"west": {"uv": [9.5, 8, 9.625, 8.125], "texture": "#2"},
				"up": {"uv": [10.125, 1.625, 9.25, 1.5], "texture": "#2"},
				"down": {"uv": [10.125, 1.75, 9.25, 1.875], "texture": "#2"}
			}
		},
		{
			"from": [7.75, 15.72502, 5.25],
			"to": [7.75, 21.72502, 10.75],
			"shade": false,
			"rotation": {"angle": 0, "axis": "y", "origin": [7.75, 17.22502, 8]},
			"faces": {
				"north": {"uv": [0, 0, 0, 1.5], "texture": "#2"},
				"east": {"uv": [2.875, 4.25, 1.5, 5.75], "texture": "#2"},
				"south": {"uv": [0, 0, 0, 1.5], "texture": "#2"},
				"west": {"uv": [1.5, 4.25, 2.875, 5.75], "texture": "#2"},
				"up": {"uv": [0, 1.375, 0, 0], "texture": "#2"},
				"down": {"uv": [0, 0, 0, 1.375], "texture": "#2"}
			}
		},
		{
			"from": [8.25, 15.72502, 5.25],
			"to": [8.25, 21.72502, 10.75],
			"shade": false,
			"rotation": {"angle": 0, "axis": "y", "origin": [8.25, 17.22502, 8]},
			"faces": {
				"north": {"uv": [0, 0, 0, 1.5], "texture": "#2"},
				"east": {"uv": [2.875, 4.25, 1.5, 5.75], "texture": "#2"},
				"south": {"uv": [0, 0, 0, 1.5], "texture": "#2"},
				"west": {"uv": [1.5, 4.25, 2.875, 5.75], "texture": "#2"},
				"up": {"uv": [0, 1.375, 0, 0], "texture": "#2"},
				"down": {"uv": [0, 0, 0, 1.375], "texture": "#2"}
			}
		},
		{
			"from": [8, -2, 5.1],
			"to": [8, 0.5, 10.9],
			"shade": false,
			"rotation": {"angle": 0, "axis": "y", "origin": [8, 0.125, 10.45521]},
			"faces": {
				"north": {"uv": [0, 0, 0, 0.625], "texture": "#2"},
				"east": {"uv": [4.5, 0, 6, 0.625], "texture": "#2"},
				"south": {"uv": [0, 0, 0, 0.625], "texture": "#2"},
				"west": {"uv": [4.5, 0, 6, 0.625], "texture": "#2"},
				"up": {"uv": [0, 1.5, 0, 0], "texture": "#2"},
				"down": {"uv": [0, 0, 0, 1.5], "texture": "#2"}
			}
		},
		{
			"from": [8, -5.25, 5.1],
			"to": [8, -2.75, 10.9],
			"shade": false,
			"rotation": {"angle": 0, "axis": "y", "origin": [8, -3.125, 10.45521]},
			"faces": {
				"north": {"uv": [0, 0, 0, 0.625], "texture": "#2"},
				"east": {"uv": [4.5, 0.75, 6, 1.375], "texture": "#2"},
				"south": {"uv": [0, 0, 0, 0.625], "texture": "#2"},
				"west": {"uv": [4.5, 1.5, 6, 2.125], "texture": "#2"},
				"up": {"uv": [0, 1.5, 0, 0], "texture": "#2"},
				"down": {"uv": [0, 0, 0, 1.5], "texture": "#2"}
			}
		},
		{
			"from": [8, -16, 3.85],
			"to": [8, -6.59543, 12.15],
			"shade": false,
			"rotation": {"angle": 0, "axis": "y", "origin": [8, 1.125, 0.10177]},
			"faces": {
				"north": {"uv": [0, 0, 0, 2.375], "texture": "#2"},
				"east": {"uv": [0, 0, 2.125, 2.375], "texture": "#2"},
				"south": {"uv": [0, 0, 0, 2.375], "texture": "#2"},
				"west": {"uv": [2.25, 0, 4.375, 2.375], "texture": "#2"},
				"up": {"uv": [0, 2.125, 0, 0], "texture": "#2"},
				"down": {"uv": [0, 0, 0, 2.125], "texture": "#2"}
			}
		},
		{
			"from": [7.25, -11.39543, 16.95345],
			"to": [8.75, -8.84543, 19.50345],
			"shade": false,
			"rotation": {"angle": 45, "axis": "x", "origin": [8, 1.125, 10.45521]},
			"faces": {
				"north": {"uv": [8.5, 2.75, 8.875, 3.375], "texture": "#2"},
				"east": {"uv": [7.25, 4.5, 7.875, 5.125], "texture": "#2"},
				"south": {"uv": [8.5, 3.5, 8.875, 4.125], "texture": "#2"},
				"west": {"uv": [7.25, 6.5, 7.875, 7.125], "texture": "#2"},
				"up": {"uv": [8.875, 4.875, 8.5, 4.25], "texture": "#2"},
				"down": {"uv": [8.875, 5, 8.5, 5.625], "texture": "#2"}
			}
		},
		{
			"from": [6.75, 11, 6.35],
			"to": [9.25, 12.5, 9.65],
			"shade": false,
			"rotation": {"angle": 0, "axis": "y", "origin": [8, 13.125, 10.45521]},
			"faces": {
				"north": {"uv": [8.5, 0.5, 9.125, 0.875], "texture": "#2"},
				"east": {"uv": [7.5, 5.75, 8.375, 6.125], "texture": "#2"},
				"south": {"uv": [8.5, 5.75, 9.125, 6.125], "texture": "#2"},
				"west": {"uv": [7.75, 1, 8.625, 1.375], "texture": "#2"},
				"up": {"uv": [7.125, 7.375, 6.5, 6.5], "texture": "#2"},
				"down": {"uv": [7.375, 0, 6.75, 0.875], "texture": "#2"}
			}
		},
		{
			"from": [7.592, 14.90361, 1.95539],
			"to": [8.408, 15.91961, 6.97139],
			"shade": false,
			"rotation": {"angle": 22.5, "axis": "x", "origin": [8, 15.41161, 4.83839]},
			"faces": {
				"north": {"uv": [6, 2, 6.25, 2.25], "texture": "#2"},
				"east": {"uv": [7.5, 6.25, 8.75, 6.5], "texture": "#2"},
				"south": {"uv": [8, 7, 8.25, 7.25], "texture": "#2"},
				"west": {"uv": [8, 1.5, 9.25, 1.75], "texture": "#2"},
				"up": {"uv": [4, 7.5, 3.75, 6.25], "texture": "#2"},
				"down": {"uv": [4, 7.5, 3.75, 8.75], "texture": "#2"}
			}
		},
		{
			"from": [7.594, 18.39299, 2.79496],
			"to": [8.406, 21.15499, 3.80696],
			"shade": false,
			"rotation": {"angle": -45, "axis": "x", "origin": [8, 20.89899, 3.30096]},
			"faces": {
				"north": {"uv": [8, 4.5, 8.25, 5.25], "texture": "#2"},
				"east": {"uv": [8.5, 8.75, 8.75, 9.5], "texture": "#2"},
				"south": {"uv": [8.75, 8.75, 9, 9.5], "texture": "#2"},
				"west": {"uv": [2.75, 9, 3, 9.75], "texture": "#2"},
				"up": {"uv": [9.5, 7.5, 9.25, 7.25], "texture": "#2"},
				"down": {"uv": [9.5, 7.5, 9.25, 7.75], "texture": "#2"}
			}
		},
		{
			"from": [7.594, 15.88488, 2.36878],
			"to": [8.406, 19.74688, 3.38078],
			"shade": false,
			"rotation": {"angle": 45, "axis": "x", "origin": [8, 17.64088, 2.87478]},
			"faces": {
				"north": {"uv": [3.25, 8, 3.5, 9], "texture": "#2"},
				"east": {"uv": [3.5, 8, 3.75, 9], "texture": "#2"},
				"south": {"uv": [7.25, 8, 7.5, 9], "texture": "#2"},
				"west": {"uv": [7.5, 8, 7.75, 9], "texture": "#2"},
				"up": {"uv": [8.5, 5.75, 8.25, 5.5], "texture": "#2"},
				"down": {"uv": [9.5, 2, 9.25, 2.25], "texture": "#2"}
			}
		},
		{
			"from": [7.596, 20.34609, 3.63744],
			"to": [8.404, 25.00409, 4.64544],
			"shade": false,
			"rotation": {"angle": 22.5, "axis": "x", "origin": [8, 22.72509, 4.14144]},
			"faces": {
				"north": {"uv": [1.5, 8, 1.75, 9.125], "texture": "#2"},
				"east": {"uv": [1.75, 8, 2, 9.125], "texture": "#2"},
				"south": {"uv": [2, 8, 2.25, 9.125], "texture": "#2"},
				"west": {"uv": [3, 8, 3.25, 9.125], "texture": "#2"},
				"up": {"uv": [9.5, 8, 9.25, 7.75], "texture": "#2"},
				"down": {"uv": [9.5, 8, 9.25, 8.25], "texture": "#2"}
			}
		},
		{
			"from": [7.598, 25.05558, 4.54998],
			"to": [8.402, 26.05958, 8.27898],
			"shade": false,
			"rotation": {"angle": -22.5, "axis": "x", "origin": [8, 25.55758, 7.15198]},
			"faces": {
				"north": {"uv": [9, 9.25, 9.25, 9.5], "texture": "#2"},
				"east": {"uv": [8.25, 8, 9.125, 8.25], "texture": "#2"},
				"south": {"uv": [9.25, 9.25, 9.5, 9.5], "texture": "#2"},
				"west": {"uv": [8.5, 8.25, 9.375, 8.5], "texture": "#2"},
				"up": {"uv": [6.5, 9.125, 6.25, 8.25], "texture": "#2"},
				"down": {"uv": [6.75, 8.5, 6.5, 9.375], "texture": "#2"}
			}
		},
		{
			"from": [7.598, 25.05558, 7.72102],
			"to": [8.402, 26.05958, 11.45002],
			"shade": false,
			"rotation": {"angle": 22.5, "axis": "x", "origin": [8, 25.55758, 8.84802]},
			"faces": {
				"north": {"uv": [9.5, 9.25, 9.25, 9.5], "texture": "#2"},
				"east": {"uv": [9.125, 8, 8.25, 8.25], "texture": "#2"},
				"south": {"uv": [9.25, 9.25, 9, 9.5], "texture": "#2"},
				"west": {"uv": [9.375, 8.25, 8.5, 8.5], "texture": "#2"},
				"up": {"uv": [6.5, 8.25, 6.25, 9.125], "texture": "#2"},
				"down": {"uv": [6.75, 9.375, 6.5, 8.5], "texture": "#2"}
			}
		},
		{
			"from": [7.596, 20.34609, 11.35456],
			"to": [8.404, 25.00409, 12.36256],
			"shade": false,
			"rotation": {"angle": -22.5, "axis": "x", "origin": [8, 22.72509, 11.85856]},
			"faces": {
				"north": {"uv": [2.25, 8, 2, 9.125], "texture": "#2"},
				"east": {"uv": [2, 8, 1.75, 9.125], "texture": "#2"},
				"south": {"uv": [1.75, 8, 1.5, 9.125], "texture": "#2"},
				"west": {"uv": [3.25, 8, 3, 9.125], "texture": "#2"},
				"up": {"uv": [9.5, 7.75, 9.25, 8], "texture": "#2"},
				"down": {"uv": [9.5, 8.25, 9.25, 8], "texture": "#2"}
			}
		},
		{
			"from": [7.594, 18.39299, 12.19304],
			"to": [8.406, 21.15499, 13.20504],
			"shade": false,
			"rotation": {"angle": 45, "axis": "x", "origin": [8, 20.89899, 12.69904]},
			"faces": {
				"north": {"uv": [9, 8.75, 8.75, 9.5], "texture": "#2"},
				"east": {"uv": [8.75, 8.75, 8.5, 9.5], "texture": "#2"},
				"south": {"uv": [8.25, 4.5, 8, 5.25], "texture": "#2"},
				"west": {"uv": [3, 9, 2.75, 9.75], "texture": "#2"},
				"up": {"uv": [9.5, 7.25, 9.25, 7.5], "texture": "#2"},
				"down": {"uv": [9.5, 7.75, 9.25, 7.5], "texture": "#2"}
			}
		},
		{
			"from": [7.592, 14.90361, 9.02861],
			"to": [8.408, 15.91961, 14.04461],
			"shade": false,
			"rotation": {"angle": -22.5, "axis": "x", "origin": [8, 15.41161, 11.16161]},
			"faces": {
				"north": {"uv": [8.25, 7, 8, 7.25], "texture": "#2"},
				"east": {"uv": [8.75, 6.25, 7.5, 6.5], "texture": "#2"},
				"south": {"uv": [6.25, 2, 6, 2.25], "texture": "#2"},
				"west": {"uv": [9.25, 1.5, 8, 1.75], "texture": "#2"},
				"up": {"uv": [4, 6.25, 3.75, 7.5], "texture": "#2"},
				"down": {"uv": [4, 8.75, 3.75, 7.5], "texture": "#2"}
			}
		},
		{
			"from": [7.594, 15.88488, 12.61922],
			"to": [8.406, 19.74688, 13.63122],
			"shade": false,
			"rotation": {"angle": -45, "axis": "x", "origin": [8, 17.64088, 13.12522]},
			"faces": {
				"north": {"uv": [7.5, 8, 7.25, 9], "texture": "#2"},
				"east": {"uv": [3.75, 8, 3.5, 9], "texture": "#2"},
				"south": {"uv": [3.5, 8, 3.25, 9], "texture": "#2"},
				"west": {"uv": [7.75, 8, 7.5, 9], "texture": "#2"},
				"up": {"uv": [8.5, 5.5, 8.25, 5.75], "texture": "#2"},
				"down": {"uv": [9.5, 2.25, 9.25, 2], "texture": "#2"}
			}
		},
		{
			"from": [7.792, 15.992, 4.992],
			"to": [8.208, 22.308, 11.008],
			"shade": false,
			"rotation": {"angle": 0, "axis": "y", "origin": [8, 0.625, 8.04479]},
			"faces": {
				"north": {"uv": [7, 8.75, 7.125, 10.375], "texture": "#2"},
				"east": {"uv": [1, 2.5, 2.5, 4.125], "texture": "#2"},
				"south": {"uv": [7.75, 8.75, 7.875, 10.375], "texture": "#2"},
				"west": {"uv": [2.5, 2.5, 4, 4.125], "texture": "#2"},
				"up": {"uv": [8.125, 10.25, 8, 8.75], "texture": "#2"},
				"down": {"uv": [8.375, 8.75, 8.25, 10.25], "texture": "#2"}
			}
		},
		{
			"from": [7.794, 22.294, 5.994],
			"to": [8.206, 24.306, 10.006],
			"shade": false,
			"rotation": {"angle": 0, "axis": "y", "origin": [8, 0.625, 8.04479]},
			"faces": {
				"north": {"uv": [9.25, 5, 9.375, 5.5], "texture": "#2"},
				"east": {"uv": [6.75, 1, 7.75, 1.5], "texture": "#2"},
				"south": {"uv": [9.25, 5.75, 9.375, 6.25], "texture": "#2"},
				"west": {"uv": [1.5, 6.75, 2.5, 7.25], "texture": "#2"},
				"up": {"uv": [9.125, 8, 9, 7], "texture": "#2"},
				"down": {"uv": [7.625, 9, 7.5, 10], "texture": "#2"}
			}
		},
		{
			"from": [7.796, 19.89073, 10.32362],
			"to": [8.204, 24.69873, 11.73162],
			"shade": false,
			"rotation": {"angle": -22.5, "axis": "x", "origin": [8, 21.54473, 11.02762]},
			"faces": {
				"north": {"uv": [3.25, 9, 3.375, 10.25], "texture": "#2"},
				"east": {"uv": [4.5, 7, 4.875, 8.25], "texture": "#2"},
				"south": {"uv": [3.5, 9, 3.625, 10.25], "texture": "#2"},
				"west": {"uv": [5, 7, 5.375, 8.25], "texture": "#2"},
				"up": {"uv": [9.625, 4.875, 9.5, 4.5], "texture": "#2"},
				"down": {"uv": [9.625, 5, 9.5, 5.375], "texture": "#2"}
			}
		},
		{
			"from": [7.796, 19.89073, 4.26838],
			"to": [8.204, 24.69873, 5.67638],
			"shade": false,
			"rotation": {"angle": 22.5, "axis": "x", "origin": [8, 21.54473, 4.97238]},
			"faces": {
				"north": {"uv": [9, 4.25, 9.125, 5.5], "texture": "#2"},
				"east": {"uv": [5.5, 7, 5.875, 8.25], "texture": "#2"},
				"south": {"uv": [7.25, 9, 7.375, 10.25], "texture": "#2"},
				"west": {"uv": [6, 7, 6.375, 8.25], "texture": "#2"},
				"up": {"uv": [9.625, 5.875, 9.5, 5.5], "texture": "#2"},
				"down": {"uv": [6.625, 9.5, 6.5, 9.875], "texture": "#2"}
			}
		},
		{
			"from": [7.798, 23.77752, 6.4004],
			"to": [8.202, 25.18152, 9.0594],
			"shade": false,
			"rotation": {"angle": -22.5, "axis": "x", "origin": [8, 22.77952, 7.1024]},
			"faces": {
				"north": {"uv": [9.5, 6.5, 9.625, 6.875], "texture": "#2"},
				"east": {"uv": [8, 2.25, 8.625, 2.625], "texture": "#2"},
				"south": {"uv": [6.75, 9.5, 6.875, 9.875], "texture": "#2"},
				"west": {"uv": [8, 6.5, 8.625, 6.875], "texture": "#2"},
				"up": {"uv": [4.125, 9.875, 4, 9.25], "texture": "#2"},
				"down": {"uv": [4.375, 9.25, 4.25, 9.875], "texture": "#2"}
			}
		},
		{
			"from": [7.8, 23.78143, 6.93193],
			"to": [8.2, 25.18143, 9.58693],
			"shade": false,
			"rotation": {"angle": 22.5, "axis": "x", "origin": [8, 22.78143, 8.88193]},
			"faces": {
				"north": {"uv": [9.5, 7, 9.625, 7.375], "texture": "#2"},
				"east": {"uv": [4.75, 8.25, 5.375, 8.625], "texture": "#2"},
				"south": {"uv": [9.5, 7.5, 9.625, 7.875], "texture": "#2"},
				"west": {"uv": [5.5, 8.25, 6.125, 8.625], "texture": "#2"},
				"up": {"uv": [9.375, 4.875, 9.25, 4.25], "texture": "#2"},
				"down": {"uv": [4.625, 9.25, 4.5, 9.875], "texture": "#2"}
			}
		},
		{
			"from": [7.794, 16.76666, 4.20683],
			"to": [8.206, 20.17866, 6.91883],
			"shade": false,
			"rotation": {"angle": 22.5, "axis": "x", "origin": [8, 20.52266, 3.61283]},
			"faces": {
				"north": {"uv": [0.5, 9.25, 0.625, 10.125], "texture": "#2"},
				"east": {"uv": [5.5, 2.25, 6.125, 3.125], "texture": "#2"},
				"south": {"uv": [0.75, 9.25, 0.875, 10.125], "texture": "#2"},
				"west": {"uv": [5.5, 3.25, 6.125, 4.125], "texture": "#2"},
				"up": {"uv": [2.125, 9.875, 2, 9.25], "texture": "#2"},
				"down": {"uv": [3.125, 9.25, 3, 9.875], "texture": "#2"}
			}
		},
		{
			"from": [7.594, 15.88488, 12.61922],
			"to": [8.406, 19.74688, 13.63122],
			"shade": false,
			"rotation": {"angle": -45, "axis": "x", "origin": [8, 17.64088, 13.12522]},
			"faces": {
				"north": {"uv": [0, 8.25, 0.25, 9.25], "texture": "#2"},
				"east": {"uv": [0.25, 8.25, 0.5, 9.25], "texture": "#2"},
				"south": {"uv": [0.5, 8.25, 0.75, 9.25], "texture": "#2"},
				"west": {"uv": [0.75, 8.25, 1, 9.25], "texture": "#2"},
				"up": {"uv": [9.75, 3.25, 9.5, 3], "texture": "#2"},
				"down": {"uv": [9.75, 4.25, 9.5, 4.5], "texture": "#2"}
			}
		},
		{
			"from": [7.794, 16.76666, 9.08117],
			"to": [8.206, 20.17866, 11.79317],
			"shade": false,
			"rotation": {"angle": -22.5, "axis": "x", "origin": [8, 20.52266, 12.38717]},
			"faces": {
				"north": {"uv": [1.5, 9.25, 1.625, 10.125], "texture": "#2"},
				"east": {"uv": [5.5, 4.25, 6.125, 5.125], "texture": "#2"},
				"south": {"uv": [1.75, 9.25, 1.875, 10.125], "texture": "#2"},
				"west": {"uv": [5.5, 5.25, 6.125, 6.125], "texture": "#2"},
				"up": {"uv": [6.375, 9.875, 6.25, 9.25], "texture": "#2"},
				"down": {"uv": [9.375, 6.5, 9.25, 7.125], "texture": "#2"}
			}
		},
		{
			"name": "ef",
			"from": [8.8, 28.5, 15],
			"to": [8.8, 1.5, 1],
			"shade": false,
			"rotation": {"angle": 0, "axis": "y", "origin": [8.8, 9, 8]},
			"faces": {
				"east": {"uv": [5.75, 16, 0, 6.5], "texture": "#1"},
				"west": {"uv": [0, 16, 5.75, 6.5], "texture": "#1"}
			}
		},
		{
			"name": "ef",
			"from": [9, 0.75, 3.5],
			"to": [9, 14.75, 12.5],
			"shade": false,
			"rotation": {"angle": 0, "axis": "y", "origin": [9, 7.75, 8]},
			"faces": {
				"east": {"uv": [6.5, 8.25, 11.5, 16], "texture": "#1"},
				"west": {"uv": [11.5, 8.25, 6.5, 16], "texture": "#1"}
			}
		},
		{
			"name": "ef",
			"from": [8.6, 0, 1.5],
			"to": [8.6, 29, 14.5],
			"shade": false,
			"rotation": {"angle": 0, "axis": "y", "origin": [8.6, 14.5, 8]},
			"faces": {
				"east": {"uv": [16, 7, 11.75, 16], "texture": "#1"},
				"west": {"uv": [11.75, 7, 16, 16], "texture": "#1"}
			}
		},
		{
			"name": "ef",
			"from": [7.4, 0, 1.5],
			"to": [7.4, 29, 14.5],
			"shade": false,
			"rotation": {"angle": 0, "axis": "y", "origin": [7.4, 14.5, 8]},
			"faces": {
				"east": {"uv": [11.75, 7, 16, 16], "texture": "#1"},
				"west": {"uv": [16, 7, 11.75, 16], "texture": "#1"}
			}
		},
		{
			"name": "ef",
			"from": [7, 0.75, 3.5],
			"to": [7, 14.75, 12.5],
			"shade": false,
			"rotation": {"angle": 0, "axis": "y", "origin": [7, 7.75, 8]},
			"faces": {
				"east": {"uv": [11.5, 8.25, 6.5, 16], "texture": "#1"},
				"west": {"uv": [6.5, 8.25, 11.5, 16], "texture": "#1"}
			}
		},
		{
			"name": "ef",
			"from": [7.2, 28.5, 15],
			"to": [7.2, 1.5, 1],
			"shade": false,
			"rotation": {"angle": 0, "axis": "y", "origin": [7.2, 9, 8]},
			"faces": {
				"east": {"uv": [0, 16, 5.75, 6.5], "texture": "#1"},
				"west": {"uv": [5.75, 16, 0, 6.5], "texture": "#1"}
			}
		},
		{
			"name": "efblack",
			"from": [9.75, 1.5, 5],
			"to": [9.75, 12.5, 7],
			"shade": false,
			"rotation": {"angle": 22.5, "axis": "y", "origin": [9.75, 7, 6]},
			"faces": {
				"east": {"uv": [12.25, 0, 11.25, 5.25], "texture": "#1"},
				"west": {"uv": [11.25, 0, 12.25, 5.25], "texture": "#1"}
			}
		},
		{
			"name": "efblack",
			"from": [9.5, 17, 8.75],
			"to": [9.5, 28, 10.75],
			"shade": false,
			"rotation": {"angle": -22.5, "axis": "y", "origin": [9.5, 22.5, 9.75]},
			"faces": {
				"east": {"uv": [7, 0, 8, 5.25], "texture": "#1"},
				"west": {"uv": [8, 0, 7, 5.25], "texture": "#1"}
			}
		},
		{
			"name": "efblack",
			"from": [6.75, 14, 4],
			"to": [6.75, 25, 6],
			"shade": false,
			"rotation": {"angle": -45, "axis": "y", "origin": [6.75, 19.5, 5]},
			"faces": {
				"east": {"uv": [10.25, 0, 9.25, 5.25], "texture": "#1"},
				"west": {"uv": [9.25, 0, 10.25, 5.25], "texture": "#1"}
			}
		},
		{
			"name": "efblack",
			"from": [6.25, 7.5, 10],
			"to": [6.25, 18.5, 12],
			"shade": false,
			"rotation": {"angle": 22.5, "axis": "y", "origin": [6.25, 13, 11]},
			"faces": {
				"east": {"uv": [12.25, 0, 11.25, 5.25], "texture": "#1"},
				"west": {"uv": [11.25, 0, 12.25, 5.25], "texture": "#1"}
			}
		}
	],
	"gui_light": "front",
	"display": {
		"thirdperson_righthand": {
			"translation": [0, 7, 2.5],
			"scale": [0.7, 0.7, 0.7]
		},
		"thirdperson_lefthand": {
			"translation": [0, 7, 2.5],
			"scale": [0.7, 0.7, 0.7]
		},
		"firstperson_righthand": {
			"rotation": [7.72, -9.88, 0.4],
			"translation": [25.25, -0.5, -21.5]
		},
		"firstperson_lefthand": {
			"rotation": [7.72, -9.88, 0.4],
			"translation": [25.25, -0.5, -21.5]
		},
		"gui": {
			"rotation": [90, 45, -90],
			"translation": [0.5, 0.75, 0],
			"scale": [0.48, 0.48, 0.48]
		},
		"fixed": {
			"rotation": [0, -90, 0],
			"translation": [0, 1, 0],
			"scale": [0.47, 0.47, 0.47]
		}
	},
	"groups": [
		{
			"name": "group",
			"origin": [8, 13.125, 10.45521],
			"color": 0,
			"shade": false,
			"children": [0, 1, 2, 3, 4, 5, 6, 7, 8, 9, 10, 11, 12, 13, 14, 15, 16, 17, 18, 19, 20]
		},
		21,
		22,
		23,
		24,
		25,
		26,
		27,
		28,
		29,
		30,
		31,
		32,
		33,
		34,
		35,
		36,
		37,
		38,
		39,
		40,
		41,
		42,
		43,
		44,
		45,
		46,
		47,
		48,
		49
	]
}