{
	"credit": "Made with Blockbench",
	"texture_size": [64, 64],
	"textures": {
		"1": "item/vampire/vampire_pickaxe",
		"2": "item/vampire/vampire_ef_long",
		"particle": "item/vampire/vampire_ef_long"
	},
	"elements": [
		{
			"from": [7.35, -10, 7.1],
			"to": [8.65, 12.5, 8.9],
			"shade": false,
			"rotation": {"angle": 0, "axis": "y", "origin": [8, 3.125, 10.45521]},
			"faces": {
				"north": {"uv": [1, 2.5, 1.375, 8.125], "texture": "#1"},
				"east": {"uv": [0, 2.5, 0.5, 8.125], "texture": "#1"},
				"south": {"uv": [1.5, 2.5, 1.875, 8.125], "texture": "#1"},
				"west": {"uv": [0.5, 2.5, 1, 8.125], "texture": "#1"},
				"up": {"uv": [9.125, 8, 8.75, 7.5], "texture": "#1"},
				"down": {"uv": [2.375, 9, 2, 9.5], "texture": "#1"}
			}
		},
		{
			"from": [6.75, -9.89543, 16.70345],
			"to": [9.25, -6.59543, 20.00345],
			"shade": false,
			"rotation": {"angle": 45, "axis": "x", "origin": [8, 3.125, 10.45521]},
			"faces": {
				"north": {"uv": [6, 5.5, 6.625, 6.375], "texture": "#1"},
				"east": {"uv": [5, 2.25, 5.875, 3.125], "texture": "#1"},
				"south": {"uv": [2, 6.25, 2.625, 7.125], "texture": "#1"},
				"west": {"uv": [2, 5.25, 2.875, 6.125], "texture": "#1"},
				"up": {"uv": [3.375, 7.125, 2.75, 6.25], "texture": "#1"},
				"down": {"uv": [4.125, 6.5, 3.5, 7.375], "texture": "#1"}
			}
		},
		{
			"from": [6.75, -5.25, 6.35],
			"to": [9.25, -3.75, 9.65],
			"shade": false,
			"rotation": {"angle": 0, "axis": "y", "origin": [8, 2.875, 10.45521]},
			"faces": {
				"north": {"uv": [8.25, 7, 8.875, 7.375], "texture": "#1"},
				"east": {"uv": [7.75, 7.5, 8.625, 7.875], "texture": "#1"},
				"south": {"uv": [8.25, 8, 8.875, 8.375], "texture": "#1"},
				"west": {"uv": [8, 0, 8.875, 0.375], "texture": "#1"},
				"up": {"uv": [4.875, 7.375, 4.25, 6.5], "texture": "#1"},
				"down": {"uv": [5.625, 6.5, 5, 7.375], "texture": "#1"}
			}
		},
		{
			"from": [6.75, -2, 6.35],
			"to": [9.25, -0.5, 9.65],
			"shade": false,
			"rotation": {"angle": 0, "axis": "y", "origin": [8, 0.125, 10.45521]},
			"faces": {
				"north": {"uv": [8.5, 1.5, 9.125, 1.875], "texture": "#1"},
				"east": {"uv": [8, 0.5, 8.875, 0.875], "texture": "#1"},
				"south": {"uv": [2, 8.5, 2.625, 8.875], "texture": "#1"},
				"west": {"uv": [8, 1, 8.875, 1.375], "texture": "#1"},
				"up": {"uv": [6.375, 7.375, 5.75, 6.5], "texture": "#1"},
				"down": {"uv": [7.125, 6.5, 6.5, 7.375], "texture": "#1"}
			}
		},
		{
			"from": [7.1, 12.84102, 6.56865],
			"to": [8.9, 16.79102, 7.56865],
			"shade": false,
			"rotation": {"angle": -22.5, "axis": "x", "origin": [8, 13.125, 10.45521]},
			"faces": {
				"north": {"uv": [3, 7.25, 3.5, 8.25], "texture": "#1"},
				"east": {"uv": [3, 8.25, 3.25, 9.25], "texture": "#1"},
				"south": {"uv": [7.25, 6.25, 7.75, 7.25], "texture": "#1"},
				"west": {"uv": [3.25, 8.25, 3.5, 9.25], "texture": "#1"},
				"up": {"uv": [4, 6.5, 3.5, 6.25], "texture": "#1"},
				"down": {"uv": [7.25, 6.25, 6.75, 6.5], "texture": "#1"}
			}
		},
		{
			"from": [7.6, 11.28688, 7.50513],
			"to": [8.4, 14.96188, 8.80513],
			"shade": false,
			"rotation": {"angle": 22.5, "axis": "x", "origin": [8, 13.125, 10.45521]},
			"faces": {
				"north": {"uv": [8.5, 6, 8.75, 6.875], "texture": "#1"},
				"east": {"uv": [8, 1.5, 8.375, 2.375], "texture": "#1"},
				"south": {"uv": [6.5, 8.5, 6.75, 9.375], "texture": "#1"},
				"west": {"uv": [7.75, 8, 8.125, 8.875], "texture": "#1"},
				"up": {"uv": [6.5, 9.375, 6.25, 9], "texture": "#1"},
				"down": {"uv": [9.5, 0.5, 9.25, 0.875], "texture": "#1"}
			}
		},
		{
			"from": [7.598, 13.16402, 7.56665],
			"to": [8.402, 16.84302, 8.87065],
			"shade": false,
			"rotation": {"angle": -22.5, "axis": "x", "origin": [8, 13.125, 10.45521]},
			"faces": {
				"north": {"uv": [8.25, 8.5, 8.5, 9.375], "texture": "#1"},
				"east": {"uv": [0, 8.25, 0.375, 9.125], "texture": "#1"},
				"south": {"uv": [8.5, 8.5, 8.75, 9.375], "texture": "#1"},
				"west": {"uv": [0.5, 8.25, 0.875, 9.125], "texture": "#1"},
				"up": {"uv": [9.5, 1.375, 9.25, 1], "texture": "#1"},
				"down": {"uv": [9.5, 1.5, 9.25, 1.875], "texture": "#1"}
			}
		},
		{
			"from": [7.092, 16.77822, 6.57045],
			"to": [8.908, 17.79422, 9.73645],
			"shade": false,
			"rotation": {"angle": -22.5, "axis": "x", "origin": [8, 13.125, 10.45521]},
			"faces": {
				"north": {"uv": [5.75, 9, 6.25, 9.25], "texture": "#1"},
				"east": {"uv": [9, 3.75, 9.75, 4], "texture": "#1"},
				"south": {"uv": [7.25, 9, 7.75, 9.25], "texture": "#1"},
				"west": {"uv": [4, 9, 4.75, 9.25], "texture": "#1"},
				"up": {"uv": [8.25, 4.5, 7.75, 3.75], "texture": "#1"},
				"down": {"uv": [8.25, 5.25, 7.75, 6], "texture": "#1"}
			}
		},
		{
			"from": [7.092, 14.89908, 6.63734],
			"to": [8.908, 15.91508, 9.80334],
			"shade": false,
			"rotation": {"angle": 22.5, "axis": "x", "origin": [8, 13.125, 10.45521]},
			"faces": {
				"north": {"uv": [9, 7.25, 9.5, 7.5], "texture": "#1"},
				"east": {"uv": [9, 4, 9.75, 4.25], "texture": "#1"},
				"south": {"uv": [7.75, 9, 8.25, 9.25], "texture": "#1"},
				"west": {"uv": [9, 4.5, 9.75, 4.75], "texture": "#1"},
				"up": {"uv": [8.25, 6.75, 7.75, 6], "texture": "#1"},
				"down": {"uv": [8.25, 6.75, 7.75, 7.5], "texture": "#1"}
			}
		},
		{
			"from": [7.1, 10.96188, 8.80513],
			"to": [8.9, 14.91188, 9.80513],
			"shade": false,
			"rotation": {"angle": 22.5, "axis": "x", "origin": [8, 13.125, 10.45521]},
			"faces": {
				"north": {"uv": [7.25, 7.25, 7.75, 8.25], "texture": "#1"},
				"east": {"uv": [8.25, 6, 8.5, 7], "texture": "#1"},
				"south": {"uv": [3.5, 7.5, 4, 8.5], "texture": "#1"},
				"west": {"uv": [6.75, 8.25, 7, 9.25], "texture": "#1"},
				"up": {"uv": [9.5, 8.25, 9, 8], "texture": "#1"},
				"down": {"uv": [9.5, 8.25, 9, 8.5], "texture": "#1"}
			}
		},
		{
			"from": [6.342, 16.07561, 9.93363],
			"to": [9.658, 18.59161, 12.44963],
			"shade": false,
			"rotation": {"angle": -45, "axis": "x", "origin": [8, 13.125, 10.45521]},
			"faces": {
				"north": {"uv": [6.75, 3.25, 7.625, 3.875], "texture": "#1"},
				"east": {"uv": [4.75, 7.5, 5.375, 8.125], "texture": "#1"},
				"south": {"uv": [6.75, 4, 7.625, 4.625], "texture": "#1"},
				"west": {"uv": [5.5, 7.5, 6.125, 8.125], "texture": "#1"},
				"up": {"uv": [7.625, 6.125, 6.75, 5.5], "texture": "#1"},
				"down": {"uv": [7.875, 0, 7, 0.625], "texture": "#1"}
			}
		},
		{
			"from": [6.344, 12.58642, 7.47598],
			"to": [9.656, 16.09842, 8.48798],
			"shade": false,
			"rotation": {"angle": 22.5, "axis": "x", "origin": [8, 13.125, 10.45521]},
			"faces": {
				"north": {"uv": [3, 5.25, 3.875, 6.125], "texture": "#1"},
				"east": {"uv": [1, 8.75, 1.25, 9.625], "texture": "#1"},
				"south": {"uv": [4, 5.5, 4.875, 6.375], "texture": "#1"},
				"west": {"uv": [1.25, 8.75, 1.5, 9.625], "texture": "#1"},
				"up": {"uv": [9.625, 3.5, 8.75, 3.25], "texture": "#1"},
				"down": {"uv": [9.625, 3.5, 8.75, 3.75], "texture": "#1"}
			}
		},
		{
			"from": [6.346, 14.46756, 7.8878],
			"to": [9.654, 17.97556, 8.8958],
			"shade": false,
			"rotation": {"angle": -22.5, "axis": "x", "origin": [8, 13.125, 10.45521]},
			"faces": {
				"north": {"uv": [5, 5.5, 5.875, 6.375], "texture": "#1"},
				"east": {"uv": [1.5, 8.75, 1.75, 9.625], "texture": "#1"},
				"south": {"uv": [5.75, 3.25, 6.625, 4.125], "texture": "#1"},
				"west": {"uv": [1.75, 8.75, 2, 9.625], "texture": "#1"},
				"up": {"uv": [9.625, 6.25, 8.75, 6], "texture": "#1"},
				"down": {"uv": [9.625, 6.25, 8.75, 6.5], "texture": "#1"}
			}
		},
		{
			"from": [6.348, 14.74512, 8.60314],
			"to": [9.652, 15.34912, 9.20714],
			"shade": false,
			"rotation": {"angle": -45, "axis": "x", "origin": [8, 13.125, 10.45521]},
			"faces": {
				"north": {"uv": [9, 8.5, 9.875, 8.625], "texture": "#1"},
				"east": {"uv": [5.5, 9.25, 5.625, 9.375], "texture": "#1"},
				"south": {"uv": [9, 8.75, 9.875, 8.875], "texture": "#1"},
				"west": {"uv": [9.25, 5.5, 9.375, 5.625], "texture": "#1"},
				"up": {"uv": [9.875, 9.125, 9, 9], "texture": "#1"},
				"down": {"uv": [0.875, 9.25, 0, 9.375], "texture": "#1"}
			}
		},
		{
			"from": [8, 15.72502, 5.25],
			"to": [8, 21.72502, 10.75],
			"shade": false,
			"rotation": {"angle": 0, "axis": "y", "origin": [8, 17.22502, 8]},
			"faces": {
				"north": {"uv": [0, 0, 0, 1.5], "texture": "#1"},
				"east": {"uv": [2, 2.5, 3.375, 4], "texture": "#1"},
				"south": {"uv": [0, 0, 0, 1.5], "texture": "#1"},
				"west": {"uv": [3.375, 2.5, 2, 4], "texture": "#1"},
				"up": {"uv": [0, 1.375, 0, 0], "texture": "#1"},
				"down": {"uv": [0, 0, 0, 1.375], "texture": "#1"}
			}
		},
		{
			"from": [8, -2, 5.1],
			"to": [8, 0.5, 10.9],
			"shade": false,
			"rotation": {"angle": 0, "axis": "y", "origin": [8, 0.125, 10.45521]},
			"faces": {
				"north": {"uv": [0, 0, 0, 0.625], "texture": "#1"},
				"east": {"uv": [4.5, 0, 6, 0.625], "texture": "#1"},
				"south": {"uv": [0, 0, 0, 0.625], "texture": "#1"},
				"west": {"uv": [4.5, 0, 6, 0.625], "texture": "#1"},
				"up": {"uv": [0, 1.5, 0, 0], "texture": "#1"},
				"down": {"uv": [0, 0, 0, 1.5], "texture": "#1"}
			}
		},
		{
			"from": [8, -5.25, 5.1],
			"to": [8, -2.75, 10.9],
			"shade": false,
			"rotation": {"angle": 0, "axis": "y", "origin": [8, -3.125, 10.45521]},
			"faces": {
				"north": {"uv": [0, 0, 0, 0.625], "texture": "#1"},
				"east": {"uv": [4.5, 0.75, 6, 1.375], "texture": "#1"},
				"south": {"uv": [0, 0, 0, 0.625], "texture": "#1"},
				"west": {"uv": [4.5, 1.5, 6, 2.125], "texture": "#1"},
				"up": {"uv": [0, 1.5, 0, 0], "texture": "#1"},
				"down": {"uv": [0, 0, 0, 1.5], "texture": "#1"}
			}
		},
		{
			"from": [8, -16, 3.85],
			"to": [8, -6.59543, 12.15],
			"shade": false,
			"rotation": {"angle": 0, "axis": "y", "origin": [8, 1.125, 0.10177]},
			"faces": {
				"north": {"uv": [0, 0, 0, 2.375], "texture": "#1"},
				"east": {"uv": [0, 0, 2.125, 2.375], "texture": "#1"},
				"south": {"uv": [0, 0, 0, 2.375], "texture": "#1"},
				"west": {"uv": [2.25, 0, 4.375, 2.375], "texture": "#1"},
				"up": {"uv": [0, 2.125, 0, 0], "texture": "#1"},
				"down": {"uv": [0, 0, 0, 2.125], "texture": "#1"}
			}
		},
		{
			"from": [7.25, -11.39543, 16.95345],
			"to": [8.75, -8.84543, 19.50345],
			"shade": false,
			"rotation": {"angle": 45, "axis": "x", "origin": [8, 1.125, 10.45521]},
			"faces": {
				"north": {"uv": [7.25, 8.25, 7.625, 8.875], "texture": "#1"},
				"east": {"uv": [6.25, 7.5, 6.875, 8.125], "texture": "#1"},
				"south": {"uv": [3.5, 8.5, 3.875, 9.125], "texture": "#1"},
				"west": {"uv": [2, 7.75, 2.625, 8.375], "texture": "#1"},
				"up": {"uv": [5.125, 9.125, 4.75, 8.5], "texture": "#1"},
				"down": {"uv": [5.625, 8.5, 5.25, 9.125], "texture": "#1"}
			}
		},
		{
			"from": [6.75, 11, 6.35],
			"to": [9.25, 12.5, 9.65],
			"shade": false,
			"rotation": {"angle": 0, "axis": "y", "origin": [8, 13.125, 10.45521]},
			"faces": {
				"north": {"uv": [8.5, 2, 9.125, 2.375], "texture": "#1"},
				"east": {"uv": [8, 4.5, 8.875, 4.875], "texture": "#1"},
				"south": {"uv": [5.75, 8.5, 6.375, 8.875], "texture": "#1"},
				"west": {"uv": [1, 8.25, 1.875, 8.625], "texture": "#1"},
				"up": {"uv": [7.875, 1.625, 7.25, 0.75], "texture": "#1"},
				"down": {"uv": [7.875, 1.75, 7.25, 2.625], "texture": "#1"}
			}
		},
		{
			"from": [5.494, 13.494, 0.919],
			"to": [10.506, 15.406, 5.331],
			"shade": false,
			"rotation": {"angle": 0, "axis": "y", "origin": [10.5, 15.2, 4.625]},
			"faces": {
				"north": {"uv": [5.75, 5, 7, 5.5], "texture": "#1"},
				"east": {"uv": [6, 2.25, 7.125, 2.75], "texture": "#1"},
				"south": {"uv": [6, 0.75, 7.25, 1.25], "texture": "#1"},
				"west": {"uv": [6, 2.75, 7.125, 3.25], "texture": "#1"},
				"up": {"uv": [3.25, 5.125, 2, 4], "texture": "#1"},
				"down": {"uv": [4.5, 4, 3.25, 5.125], "texture": "#1"}
			}
		},
		{
			"from": [5.496, 12.87396, 0.38632],
			"to": [10.504, 14.63196, 1.11932],
			"shade": false,
			"rotation": {"angle": 22.5, "axis": "x", "origin": [8, 13.67796, 2.59032]},
			"faces": {
				"north": {"uv": [6, 1.25, 7.25, 1.75], "texture": "#1"},
				"east": {"uv": [3, 9.25, 3.125, 9.75], "texture": "#1"},
				"south": {"uv": [6, 1.75, 7.25, 2.25], "texture": "#1"},
				"west": {"uv": [3.25, 9.25, 3.375, 9.75], "texture": "#1"},
				"up": {"uv": [10.25, 4.875, 9, 4.75], "texture": "#1"},
				"down": {"uv": [10.25, 7, 9, 7.125], "texture": "#1"}
			}
		},
		{
			"from": [5.992, 13.36996, -1.46432],
			"to": [10.008, 14.63596, 1.45168],
			"shade": false,
			"rotation": {"angle": -22.5, "axis": "x", "origin": [8, 13.67796, -0.75632]},
			"faces": {
				"north": {"uv": [7.25, 2.75, 8.25, 3.125], "texture": "#1"},
				"east": {"uv": [8.25, 3.75, 9, 4.125], "texture": "#1"},
				"south": {"uv": [7.75, 3.25, 8.75, 3.625], "texture": "#1"},
				"west": {"uv": [4, 8.25, 4.75, 8.625], "texture": "#1"},
				"up": {"uv": [6.75, 5, 5.75, 4.25], "texture": "#1"},
				"down": {"uv": [7, 0, 6, 0.75], "texture": "#1"}
			}
		},
		{
			"from": [6.492, 12.97876, -3.24162],
			"to": [9.508, 13.51976, -0.72562],
			"shade": false,
			"rotation": {"angle": -45, "axis": "x", "origin": [8, 12.63676, -2.18362]},
			"faces": {
				"north": {"uv": [9.25, 0, 10, 0.125], "texture": "#1"},
				"east": {"uv": [9.25, 2, 9.875, 2.125], "texture": "#1"},
				"south": {"uv": [9.25, 0.25, 10, 0.375], "texture": "#1"},
				"west": {"uv": [9.25, 2.25, 9.875, 2.375], "texture": "#1"},
				"up": {"uv": [5.75, 3.875, 5, 3.25], "texture": "#1"},
				"down": {"uv": [4.75, 7.5, 4, 8.125], "texture": "#1"}
			}
		},
		{
			"from": [5.492, 11.96996, 4.70168],
			"to": [10.508, 14.63596, 5.86768],
			"shade": false,
			"rotation": {"angle": -22.5, "axis": "x", "origin": [8, 13.67796, 3.65968]},
			"faces": {
				"north": {"uv": [4.5, 4, 5.75, 4.625], "texture": "#1"},
				"east": {"uv": [2.5, 9, 2.75, 9.625], "texture": "#1"},
				"south": {"uv": [4.5, 4.75, 5.75, 5.375], "texture": "#1"},
				"west": {"uv": [2.75, 9, 3, 9.625], "texture": "#1"},
				"up": {"uv": [9.25, 2.75, 8, 2.5], "texture": "#1"},
				"down": {"uv": [9.25, 5, 8, 5.25], "texture": "#1"}
			}
		},
		{
			"from": [5.992, 12.17416, 5.74173],
			"to": [10.008, 13.09016, 7.90773],
			"shade": false,
			"rotation": {"angle": 22.5, "axis": "x", "origin": [8, 13.50716, 6.32473]},
			"faces": {
				"north": {"uv": [8.25, 4.25, 9.25, 4.5], "texture": "#1"},
				"east": {"uv": [4.5, 2.25, 5, 2.5], "texture": "#1"},
				"south": {"uv": [4.75, 8.25, 5.75, 8.5], "texture": "#1"},
				"west": {"uv": [4, 5.25, 4.5, 5.5], "texture": "#1"},
				"up": {"uv": [8, 5.25, 7, 4.75], "texture": "#1"},
				"down": {"uv": [3, 7.25, 2, 7.75], "texture": "#1"}
			}
		},
		{
			"from": [9.992, 14.792, 0.542],
			"to": [11.008, 15.808, 5.058],
			"shade": false,
			"rotation": {"angle": 0, "axis": "y", "origin": [8, 16.8, -1]},
			"faces": {
				"north": {"uv": [6.75, 4.75, 7, 5], "texture": "#1"},
				"east": {"uv": [8.25, 2.75, 9.375, 3], "texture": "#1"},
				"south": {"uv": [7.75, 4.5, 8, 4.75], "texture": "#1"},
				"west": {"uv": [8.25, 3, 9.375, 3.25], "texture": "#1"},
				"up": {"uv": [7.25, 8.625, 7, 7.5], "texture": "#1"},
				"down": {"uv": [3, 7.75, 2.75, 8.875], "texture": "#1"}
			}
		},
		{
			"from": [10, 13.83223, 4.11066],
			"to": [11, 14.53223, 4.81066],
			"shade": false,
			"rotation": {"angle": 45, "axis": "x", "origin": [10.5, 14.03223, 6.11066]},
			"faces": {
				"north": {"uv": [4.5, 9.25, 4.75, 9.375], "texture": "#1"},
				"east": {"uv": [5.25, 9.25, 5.375, 9.375], "texture": "#1"},
				"south": {"uv": [4.75, 9.25, 5, 9.375], "texture": "#1"},
				"west": {"uv": [9.25, 5.25, 9.375, 5.375], "texture": "#1"},
				"up": {"uv": [5.25, 9.375, 5, 9.25], "texture": "#1"},
				"down": {"uv": [9.5, 5, 9.25, 5.125], "texture": "#1"}
			}
		},
		{
			"from": [9.5, 13.97702, -1.83739],
			"to": [10.5, 14.97702, 0.91261],
			"shade": false,
			"rotation": {"angle": -22.5, "axis": "x", "origin": [10, 14.47702, -1.33739]},
			"faces": {
				"north": {"uv": [9.25, 2.5, 9.5, 2.75], "texture": "#1"},
				"east": {"uv": [7, 5.25, 7.75, 5.5], "texture": "#1"},
				"south": {"uv": [3.5, 9.25, 3.75, 9.5], "texture": "#1"},
				"west": {"uv": [4, 8.75, 4.75, 9], "texture": "#1"},
				"up": {"uv": [7.25, 9.5, 7, 8.75], "texture": "#1"},
				"down": {"uv": [9, 8.5, 8.75, 9.25], "texture": "#1"}
			}
		},
		{
			"from": [8.992, 12.9138, -3.99239],
			"to": [10.008, 13.9298, -1.22639],
			"shade": false,
			"rotation": {"angle": -45, "axis": "x", "origin": [9.5, 13.4218, -2.60939]},
			"faces": {
				"north": {"uv": [3.75, 9.25, 4, 9.5], "texture": "#1"},
				"east": {"uv": [8.75, 6.5, 9.5, 6.75], "texture": "#1"},
				"south": {"uv": [4, 9.25, 4.25, 9.5], "texture": "#1"},
				"west": {"uv": [8.75, 6.75, 9.5, 7], "texture": "#1"},
				"up": {"uv": [9.25, 0.75, 9, 0], "texture": "#1"},
				"down": {"uv": [9.25, 0.75, 9, 1.5], "texture": "#1"}
			}
		},
		{
			"from": [5, 13.83223, 4.11066],
			"to": [6, 14.53223, 4.81066],
			"shade": false,
			"rotation": {"angle": 45, "axis": "x", "origin": [5.5, 14.03223, 6.11066]},
			"faces": {
				"north": {"uv": [4.75, 9.25, 4.5, 9.375], "texture": "#1"},
				"east": {"uv": [9.375, 5.25, 9.25, 5.375], "texture": "#1"},
				"south": {"uv": [5, 9.25, 4.75, 9.375], "texture": "#1"},
				"west": {"uv": [5.375, 9.25, 5.25, 9.375], "texture": "#1"},
				"up": {"uv": [5, 9.375, 5.25, 9.25], "texture": "#1"},
				"down": {"uv": [9.25, 5, 9.5, 5.125], "texture": "#1"}
			}
		},
		{
			"from": [4.992, 14.792, 0.542],
			"to": [6.008, 15.808, 5.058],
			"shade": false,
			"rotation": {"angle": 0, "axis": "y", "origin": [8, 16.8, -1]},
			"faces": {
				"north": {"uv": [7, 4.75, 6.75, 5], "texture": "#1"},
				"east": {"uv": [9.375, 3, 8.25, 3.25], "texture": "#1"},
				"south": {"uv": [8, 4.5, 7.75, 4.75], "texture": "#1"},
				"west": {"uv": [9.375, 2.75, 8.25, 3], "texture": "#1"},
				"up": {"uv": [7, 8.625, 7.25, 7.5], "texture": "#1"},
				"down": {"uv": [2.75, 7.75, 3, 8.875], "texture": "#1"}
			}
		},
		{
			"from": [5.5, 13.97702, -1.83739],
			"to": [6.5, 14.97702, 0.91261],
			"shade": false,
			"rotation": {"angle": -22.5, "axis": "x", "origin": [6, 14.47702, -1.33739]},
			"faces": {
				"north": {"uv": [9.5, 2.5, 9.25, 2.75], "texture": "#1"},
				"east": {"uv": [4.75, 8.75, 4, 9], "texture": "#1"},
				"south": {"uv": [3.75, 9.25, 3.5, 9.5], "texture": "#1"},
				"west": {"uv": [7.75, 5.25, 7, 5.5], "texture": "#1"},
				"up": {"uv": [7, 9.5, 7.25, 8.75], "texture": "#1"},
				"down": {"uv": [8.75, 8.5, 9, 9.25], "texture": "#1"}
			}
		},
		{
			"from": [5.992, 12.9138, -3.99239],
			"to": [7.008, 13.9298, -1.22639],
			"shade": false,
			"rotation": {"angle": -45, "axis": "x", "origin": [6.5, 13.4218, -2.60939]},
			"faces": {
				"north": {"uv": [4, 9.25, 3.75, 9.5], "texture": "#1"},
				"east": {"uv": [9.5, 6.75, 8.75, 7], "texture": "#1"},
				"south": {"uv": [4.25, 9.25, 4, 9.5], "texture": "#1"},
				"west": {"uv": [9.5, 6.5, 8.75, 6.75], "texture": "#1"},
				"up": {"uv": [9, 0.75, 9.25, 0], "texture": "#1"},
				"down": {"uv": [9, 0.75, 9.25, 1.5], "texture": "#1"}
			}
		},
		{
			"from": [6, 11.80308, -3.93521],
			"to": [10, 12.80308, -2.93521],
			"shade": false,
			"rotation": {"angle": 0, "axis": "y", "origin": [8, 12.30308, -3.43521]},
			"faces": {
				"north": {"uv": [8.25, 5.25, 9.25, 5.5], "texture": "#1"},
				"east": {"uv": [4.25, 9.25, 4.5, 9.5], "texture": "#1"},
				"south": {"uv": [8.25, 5.5, 9.25, 5.75], "texture": "#1"},
				"west": {"uv": [9.25, 4.25, 9.5, 4.5], "texture": "#1"},
				"up": {"uv": [6.75, 8.5, 5.75, 8.25], "texture": "#1"},
				"down": {"uv": [9.25, 5.75, 8.25, 6], "texture": "#1"}
			}
		},
		{
			"from": [5, 13.83223, 11.18934],
			"to": [6, 14.53223, 11.88934],
			"shade": false,
			"rotation": {"angle": -45, "axis": "x", "origin": [5.5, 14.03223, 9.88934]},
			"faces": {
				"north": {"uv": [4.75, 9.25, 5, 9.375], "texture": "#1"},
				"east": {"uv": [9.25, 5.25, 9.375, 5.375], "texture": "#1"},
				"south": {"uv": [4.5, 9.25, 4.75, 9.375], "texture": "#1"},
				"west": {"uv": [5.25, 9.25, 5.375, 9.375], "texture": "#1"},
				"up": {"uv": [5, 9.25, 5.25, 9.375], "texture": "#1"},
				"down": {"uv": [9.25, 5.125, 9.5, 5], "texture": "#1"}
			}
		},
		{
			"from": [4.992, 14.792, 10.942],
			"to": [6.008, 15.808, 15.458],
			"shade": false,
			"rotation": {"angle": 0, "axis": "y", "origin": [8, 16.8, 17]},
			"faces": {
				"north": {"uv": [7.75, 4.5, 8, 4.75], "texture": "#1"},
				"east": {"uv": [8.25, 3, 9.375, 3.25], "texture": "#1"},
				"south": {"uv": [6.75, 4.75, 7, 5], "texture": "#1"},
				"west": {"uv": [8.25, 2.75, 9.375, 3], "texture": "#1"},
				"up": {"uv": [7, 7.5, 7.25, 8.625], "texture": "#1"},
				"down": {"uv": [2.75, 8.875, 3, 7.75], "texture": "#1"}
			}
		},
		{
			"from": [5.5, 13.97702, 15.08739],
			"to": [6.5, 14.97702, 17.83739],
			"shade": false,
			"rotation": {"angle": 22.5, "axis": "x", "origin": [6, 14.47702, 17.33739]},
			"faces": {
				"north": {"uv": [3.5, 9.25, 3.75, 9.5], "texture": "#1"},
				"east": {"uv": [4, 8.75, 4.75, 9], "texture": "#1"},
				"south": {"uv": [9.25, 2.5, 9.5, 2.75], "texture": "#1"},
				"west": {"uv": [7, 5.25, 7.75, 5.5], "texture": "#1"},
				"up": {"uv": [7, 8.75, 7.25, 9.5], "texture": "#1"},
				"down": {"uv": [8.75, 9.25, 9, 8.5], "texture": "#1"}
			}
		},
		{
			"from": [5.992, 12.9138, 17.22639],
			"to": [7.008, 13.9298, 19.99239],
			"shade": false,
			"rotation": {"angle": 45, "axis": "x", "origin": [6.5, 13.4218, 18.60939]},
			"faces": {
				"north": {"uv": [4, 9.25, 4.25, 9.5], "texture": "#1"},
				"east": {"uv": [8.75, 6.75, 9.5, 7], "texture": "#1"},
				"south": {"uv": [3.75, 9.25, 4, 9.5], "texture": "#1"},
				"west": {"uv": [8.75, 6.5, 9.5, 6.75], "texture": "#1"},
				"up": {"uv": [9, 0, 9.25, 0.75], "texture": "#1"},
				"down": {"uv": [9, 1.5, 9.25, 0.75], "texture": "#1"}
			}
		},
		{
			"from": [10, 13.83223, 11.18934],
			"to": [11, 14.53223, 11.88934],
			"shade": false,
			"rotation": {"angle": -45, "axis": "x", "origin": [10.5, 14.03223, 9.88934]},
			"faces": {
				"north": {"uv": [5, 9.25, 4.75, 9.375], "texture": "#1"},
				"east": {"uv": [5.375, 9.25, 5.25, 9.375], "texture": "#1"},
				"south": {"uv": [4.75, 9.25, 4.5, 9.375], "texture": "#1"},
				"west": {"uv": [9.375, 5.25, 9.25, 5.375], "texture": "#1"},
				"up": {"uv": [5.25, 9.25, 5, 9.375], "texture": "#1"},
				"down": {"uv": [9.5, 5.125, 9.25, 5], "texture": "#1"}
			}
		},
		{
			"from": [6, 11.80308, 18.93521],
			"to": [10, 12.80308, 19.93521],
			"shade": false,
			"rotation": {"angle": 0, "axis": "y", "origin": [8, 12.30308, 19.43521]},
			"faces": {
				"north": {"uv": [9.25, 5.5, 8.25, 5.75], "texture": "#1"},
				"east": {"uv": [4.5, 9.25, 4.25, 9.5], "texture": "#1"},
				"south": {"uv": [9.25, 5.25, 8.25, 5.5], "texture": "#1"},
				"west": {"uv": [9.5, 4.25, 9.25, 4.5], "texture": "#1"},
				"up": {"uv": [6.75, 8.25, 5.75, 8.5], "texture": "#1"},
				"down": {"uv": [9.25, 6, 8.25, 5.75], "texture": "#1"}
			}
		},
		{
			"from": [8.992, 12.9138, 17.22639],
			"to": [10.008, 13.9298, 19.99239],
			"shade": false,
			"rotation": {"angle": 45, "axis": "x", "origin": [9.5, 13.4218, 18.60939]},
			"faces": {
				"north": {"uv": [4.25, 9.25, 4, 9.5], "texture": "#1"},
				"east": {"uv": [9.5, 6.5, 8.75, 6.75], "texture": "#1"},
				"south": {"uv": [4, 9.25, 3.75, 9.5], "texture": "#1"},
				"west": {"uv": [9.5, 6.75, 8.75, 7], "texture": "#1"},
				"up": {"uv": [9.25, 0, 9, 0.75], "texture": "#1"},
				"down": {"uv": [9.25, 1.5, 9, 0.75], "texture": "#1"}
			}
		},
		{
			"from": [9.5, 13.97702, 15.08739],
			"to": [10.5, 14.97702, 17.83739],
			"shade": false,
			"rotation": {"angle": 22.5, "axis": "x", "origin": [10, 14.47702, 17.33739]},
			"faces": {
				"north": {"uv": [3.75, 9.25, 3.5, 9.5], "texture": "#1"},
				"east": {"uv": [7.75, 5.25, 7, 5.5], "texture": "#1"},
				"south": {"uv": [9.5, 2.5, 9.25, 2.75], "texture": "#1"},
				"west": {"uv": [4.75, 8.75, 4, 9], "texture": "#1"},
				"up": {"uv": [7.25, 8.75, 7, 9.5], "texture": "#1"},
				"down": {"uv": [9, 9.25, 8.75, 8.5], "texture": "#1"}
			}
		},
		{
			"from": [5.496, 12.87396, 14.88068],
			"to": [10.504, 14.63196, 15.61368],
			"shade": false,
			"rotation": {"angle": -22.5, "axis": "x", "origin": [8, 13.67796, 13.40968]},
			"faces": {
				"north": {"uv": [7.25, 1.75, 6, 2.25], "texture": "#1"},
				"east": {"uv": [3.125, 9.25, 3, 9.75], "texture": "#1"},
				"south": {"uv": [7.25, 1.25, 6, 1.75], "texture": "#1"},
				"west": {"uv": [3.375, 9.25, 3.25, 9.75], "texture": "#1"},
				"up": {"uv": [10.25, 4.75, 9, 4.875], "texture": "#1"},
				"down": {"uv": [10.25, 7.125, 9, 7], "texture": "#1"}
			}
		},
		{
			"from": [6.492, 12.97876, 16.72562],
			"to": [9.508, 13.51976, 19.24162],
			"shade": false,
			"rotation": {"angle": 45, "axis": "x", "origin": [8, 12.63676, 18.18362]},
			"faces": {
				"north": {"uv": [10, 0.25, 9.25, 0.375], "texture": "#1"},
				"east": {"uv": [9.875, 2, 9.25, 2.125], "texture": "#1"},
				"south": {"uv": [10, 0, 9.25, 0.125], "texture": "#1"},
				"west": {"uv": [9.875, 2.25, 9.25, 2.375], "texture": "#1"},
				"up": {"uv": [5.75, 3.25, 5, 3.875], "texture": "#1"},
				"down": {"uv": [4.75, 8.125, 4, 7.5], "texture": "#1"}
			}
		},
		{
			"from": [5.992, 13.36996, 14.54832],
			"to": [10.008, 14.63596, 17.46432],
			"shade": false,
			"rotation": {"angle": 22.5, "axis": "x", "origin": [8, 13.67796, 16.75632]},
			"faces": {
				"north": {"uv": [8.75, 3.25, 7.75, 3.625], "texture": "#1"},
				"east": {"uv": [9, 3.75, 8.25, 4.125], "texture": "#1"},
				"south": {"uv": [8.25, 2.75, 7.25, 3.125], "texture": "#1"},
				"west": {"uv": [4.75, 8.25, 4, 8.625], "texture": "#1"},
				"up": {"uv": [6.75, 4.25, 5.75, 5], "texture": "#1"},
				"down": {"uv": [7, 0.75, 6, 0], "texture": "#1"}
			}
		},
		{
			"from": [5.992, 12.17416, 8.09227],
			"to": [10.008, 13.09016, 10.25827],
			"shade": false,
			"rotation": {"angle": -22.5, "axis": "x", "origin": [8, 13.50716, 9.67527]},
			"faces": {
				"north": {"uv": [5.75, 8.25, 4.75, 8.5], "texture": "#1"},
				"east": {"uv": [5, 2.25, 4.5, 2.5], "texture": "#1"},
				"south": {"uv": [9.25, 4.25, 8.25, 4.5], "texture": "#1"},
				"west": {"uv": [4.5, 5.25, 4, 5.5], "texture": "#1"},
				"up": {"uv": [8, 4.75, 7, 5.25], "texture": "#1"},
				"down": {"uv": [3, 7.75, 2, 7.25], "texture": "#1"}
			}
		},
		{
			"from": [5.492, 11.96996, 10.13232],
			"to": [10.508, 14.63596, 11.29832],
			"shade": false,
			"rotation": {"angle": 22.5, "axis": "x", "origin": [8, 13.67796, 12.34032]},
			"faces": {
				"north": {"uv": [5.75, 4.75, 4.5, 5.375], "texture": "#1"},
				"east": {"uv": [2.75, 9, 2.5, 9.625], "texture": "#1"},
				"south": {"uv": [5.75, 4, 4.5, 4.625], "texture": "#1"},
				"west": {"uv": [3, 9, 2.75, 9.625], "texture": "#1"},
				"up": {"uv": [9.25, 2.5, 8, 2.75], "texture": "#1"},
				"down": {"uv": [9.25, 5.25, 8, 5], "texture": "#1"}
			}
		},
		{
			"from": [9.992, 14.792, 10.942],
			"to": [11.008, 15.808, 15.458],
			"shade": false,
			"rotation": {"angle": 0, "axis": "y", "origin": [8, 16.8, 17]},
			"faces": {
				"north": {"uv": [8, 4.5, 7.75, 4.75], "texture": "#1"},
				"east": {"uv": [9.375, 2.75, 8.25, 3], "texture": "#1"},
				"south": {"uv": [7, 4.75, 6.75, 5], "texture": "#1"},
				"west": {"uv": [9.375, 3, 8.25, 3.25], "texture": "#1"},
				"up": {"uv": [7.25, 7.5, 7, 8.625], "texture": "#1"},
				"down": {"uv": [3, 8.875, 2.75, 7.75], "texture": "#1"}
			}
		},
		{
			"from": [5.494, 13.494, 10.669],
			"to": [10.506, 15.406, 15.081],
			"shade": false,
			"rotation": {"angle": 0, "axis": "y", "origin": [10.5, 15.2, 11.375]},
			"faces": {
				"north": {"uv": [7.25, 0.75, 6, 1.25], "texture": "#1"},
				"east": {"uv": [7.125, 2.25, 6, 2.75], "texture": "#1"},
				"south": {"uv": [7, 5, 5.75, 5.5], "texture": "#1"},
				"west": {"uv": [7.125, 2.75, 6, 3.25], "texture": "#1"},
				"up": {"uv": [3.25, 4, 2, 5.125], "texture": "#1"},
				"down": {"uv": [4.5, 5.125, 3.25, 4], "texture": "#1"}
			}
		},
		{
			"name": "ef",
			"from": [8.8, 28.5, 15],
			"to": [8.8, 1.5, 1],
			"shade": false,
			"rotation": {"angle": 0, "axis": "y", "origin": [8.8, 11.375, 8]},
			"faces": {
				"east": {"uv": [5.75, 16, 0, 6.5], "texture": "#2"},
				"west": {"uv": [0, 16, 5.75, 6.5], "texture": "#2"}
			}
		},
		{
			"name": "ef",
			"from": [9, 8.25, -8],
			"to": [9, 17.25, 6],
			"shade": false,
			"rotation": {"angle": -22.5, "axis": "x", "origin": [9, 12.75, -1]},
			"faces": {
				"east": {"uv": [6.5, 8.25, 11.5, 16], "rotation": 90, "texture": "#2"},
				"west": {"uv": [11.5, 8.25, 6.5, 16], "rotation": 270, "texture": "#2"}
			}
		},
		{
			"name": "ef",
			"from": [8.6, 0, 1.5],
			"to": [8.6, 29, 14.5],
			"shade": false,
			"rotation": {"angle": 0, "axis": "y", "origin": [8.8, 11.375, 8]},
			"faces": {
				"east": {"uv": [16, 7, 11.75, 16], "texture": "#2"},
				"west": {"uv": [11.75, 7, 16, 16], "texture": "#2"}
			}
		},
		{
			"name": "ef",
			"from": [7.4, 0, 1.5],
			"to": [7.4, 29, 14.5],
			"shade": false,
			"rotation": {"angle": 0, "axis": "y", "origin": [7.2, 11.375, 8]},
			"faces": {
				"east": {"uv": [11.75, 7, 16, 16], "texture": "#2"},
				"west": {"uv": [16, 7, 11.75, 16], "texture": "#2"}
			}
		},
		{
			"name": "ef",
			"from": [7, 8.25, 10],
			"to": [7, 17.25, 24],
			"shade": false,
			"rotation": {"angle": 22.5, "axis": "x", "origin": [7, 12.75, 17]},
			"faces": {
				"east": {"uv": [11.5, 8.25, 6.5, 16], "rotation": 270, "texture": "#2"},
				"west": {"uv": [6.5, 8.25, 11.5, 16], "rotation": 90, "texture": "#2"}
			}
		},
		{
			"name": "ef",
			"from": [7.2, 28.5, 15],
			"to": [7.2, 1.5, 1],
			"shade": false,
			"rotation": {"angle": 0, "axis": "y", "origin": [7.2, 11.375, 8]},
			"faces": {
				"east": {"uv": [0, 16, 5.75, 6.5], "texture": "#2"},
				"west": {"uv": [5.75, 16, 0, 6.5], "texture": "#2"}
			}
		},
		{
			"name": "efblack",
			"from": [9.5, 14, 8.75],
			"to": [9.5, 25, 10.75],
			"shade": false,
			"rotation": {"angle": -22.5, "axis": "y", "origin": [9.5, 19.5, 9.75]},
			"faces": {
				"east": {"uv": [7, 0, 8, 5.25], "texture": "#2"},
				"west": {"uv": [8, 0, 7, 5.25], "texture": "#2"}
			}
		},
		{
			"name": "efblack",
			"from": [6.75, 7, 4],
			"to": [6.75, 18, 6],
			"shade": false,
			"rotation": {"angle": -45, "axis": "y", "origin": [6.75, 12.5, 5]},
			"faces": {
				"east": {"uv": [10.25, 0, 9.25, 5.25], "texture": "#2"},
				"west": {"uv": [9.25, 0, 10.25, 5.25], "texture": "#2"}
			}
		},
		{
			"name": "efblack",
			"from": [6.25, 2.5, 10],
			"to": [6.25, 13.5, 12],
			"shade": false,
			"rotation": {"angle": 22.5, "axis": "y", "origin": [6.25, 8, 11]},
			"faces": {
				"east": {"uv": [12.25, 0, 11.25, 5.25], "texture": "#2"},
				"west": {"uv": [11.25, 0, 12.25, 5.25], "texture": "#2"}
			}
		},
		{
			"name": "efblack",
			"from": [9.75, -6.5, 5],
			"to": [9.75, 4.5, 7],
			"shade": false,
			"rotation": {"angle": 22.5, "axis": "y", "origin": [9.75, -1, 6]},
			"faces": {
				"east": {"uv": [12.25, 0, 11.25, 5.25], "texture": "#2"},
				"west": {"uv": [11.25, 0, 12.25, 5.25], "texture": "#2"}
			}
		}
	],
	"gui_light": "front",
	"display": {
		"thirdperson_righthand": {
			"translation": [0, 7, 2.5],
			"scale": [0.7, 0.7, 0.7]
		},
		"thirdperson_lefthand": {
			"translation": [0, 7, 2.5],
			"scale": [0.7, 0.7, 0.7]
		},
		"firstperson_righthand": {
			"rotation": [7.72, -9.88, 0.4],
			"translation": [25.25, -0.5, -21.5]
		},
		"firstperson_lefthand": {
			"rotation": [7.72, -9.88, 0.4],
			"translation": [25.25, -0.5, -21.5]
		},
		"gui": {
			"rotation": [90, 45, -90],
			"translation": [1.25, 1.25, 0],
			"scale": [0.53, 0.53, 0.53]
		},
		"fixed": {
			"rotation": [0, -90, 0],
			"translation": [0, 1.5, 0],
			"scale": [0.47, 0.47, 0.47]
		}
	},
	"groups": [
		{
			"name": "group",
			"origin": [8, 13.125, 10.45521],
			"color": 0,
			"shade": false,
			"children": [0, 1, 2, 3, 4, 5, 6, 7, 8, 9, 10, 11, 12, 13, 14, 15, 16, 17, 18, 19]
		},
		20,
		21,
		22,
		23,
		24,
		25,
		26,
		27,
		28,
		29,
		30,
		31,
		32,
		33,
		34,
		35,
		36,
		37,
		38,
		39,
		40,
		41,
		42,
		43,
		44,
		45,
		46,
		47,
		48,
		49,
		50,
		51,
		52,
		53,
		54,
		55,
		56,
		57,
		58,
		59
	]
}