{
	"credit": "Made with Blockbench",
	"texture_size": [64, 64],
	"textures": {
		"1": "item/lightning/lightning_ef_long",
		"2": "item/lightning/lightning_shield",
		"particle": "item/lightning/lightning_shield"
	},
	"elements": [
		{
			"from": [2, 4, 6.6],
			"to": [8, 16, 7.4],
			"shade": false,
			"rotation": {"angle": 22.5, "axis": "y", "origin": [8, 8.85, 6.6]},
			"faces": {
				"north": {"uv": [1.75, 9.5, 0.25, 12.5], "texture": "#2"},
				"east": {"uv": [0.2, 9.25, 0, 12.25], "texture": "#2"},
				"south": {"uv": [3.25, 9.5, 1.75, 12.5], "texture": "#2"},
				"west": {"uv": [0.2, 9.25, 0, 12.25], "texture": "#2"},
				"up": {"uv": [1.75, 9.25, 0.25, 9.45], "texture": "#2"},
				"down": {"uv": [1.75, 9.25, 0.25, 9.45], "texture": "#2"}
			}
		},
		{
			"from": [1.5, 3, 6.1],
			"to": [8, 4, 7.9],
			"shade": false,
			"rotation": {"angle": 22.5, "axis": "y", "origin": [8, 8.85, 6.6]},
			"faces": {
				"north": {"uv": [2.125, 8.375, 0.5, 8.625], "texture": "#2"},
				"east": {"uv": [0.45, 8.375, 0, 8.625], "texture": "#2"},
				"south": {"uv": [2.125, 7.75, 0.5, 8], "texture": "#2"},
				"west": {"uv": [0.45, 7.75, 0, 8], "texture": "#2"},
				"up": {"uv": [1.625, 8.625, 0, 9.075], "texture": "#2"},
				"down": {"uv": [1.625, 8, 0, 8.375], "texture": "#2"}
			}
		},
		{
			"from": [1.5, 16, 6.1],
			"to": [8.2, 17, 7.9],
			"shade": false,
			"rotation": {"angle": 22.5, "axis": "y", "origin": [8, 21.85, 6.6]},
			"faces": {
				"north": {"uv": [2.125, 8.375, 0.5, 8.625], "texture": "#2"},
				"east": {"uv": [0.45, 8.375, 0, 8.625], "texture": "#2"},
				"south": {"uv": [2.125, 7.75, 0.5, 8], "texture": "#2"},
				"west": {"uv": [0.45, 7.75, 0, 8], "texture": "#2"},
				"up": {"uv": [1.625, 8.625, 0, 9.075], "texture": "#2"},
				"down": {"uv": [1.625, 8, 0, 8.45], "texture": "#2"}
			}
		},
		{
			"from": [2.5, 2, 6],
			"to": [4.5, 3, 8],
			"shade": false,
			"rotation": {"angle": 22.5, "axis": "y", "origin": [8, 7.85, 6.6]},
			"faces": {
				"north": {"uv": [3.125, 8.5, 2.625, 8.75], "texture": "#2"},
				"east": {"uv": [2.625, 8.5, 2.125, 8.75], "texture": "#2"},
				"south": {"uv": [3.125, 7.75, 2.625, 8], "texture": "#2"},
				"west": {"uv": [2.625, 7.75, 2.125, 8], "texture": "#2"},
				"up": {"uv": [2.625, 8.75, 2.125, 9.25], "texture": "#2"},
				"down": {"uv": [2.625, 8, 2.125, 8.5], "texture": "#2"}
			}
		},
		{
			"from": [2.75, 1, 6.25],
			"to": [4.25, 2, 7.75],
			"shade": false,
			"rotation": {"angle": 22.5, "axis": "y", "origin": [8, 6.85, 6.6]},
			"faces": {
				"north": {"uv": [3.875, 8.375, 3.5, 8.625], "texture": "#2"},
				"east": {"uv": [3.5, 8.375, 3.125, 8.625], "texture": "#2"},
				"south": {"uv": [3.875, 7.75, 3.5, 8], "texture": "#2"},
				"west": {"uv": [3.5, 7.75, 3.125, 8], "texture": "#2"},
				"up": {"uv": [3.5, 8.625, 3.125, 9], "texture": "#2"},
				"down": {"uv": [3.5, 8, 3.125, 8.375], "texture": "#2"}
			}
		},
		{
			"from": [8, 4, 6.6],
			"to": [14, 16, 7.4],
			"shade": false,
			"rotation": {"angle": -22.5, "axis": "y", "origin": [8, 8.85, 6.6]},
			"faces": {
				"north": {"uv": [0.25, 9.5, 1.75, 12.5], "texture": "#2"},
				"east": {"uv": [0, 9.25, 0.2, 12.25], "texture": "#2"},
				"south": {"uv": [1.75, 9.5, 3.25, 12.5], "texture": "#2"},
				"west": {"uv": [0, 9.25, 0.2, 12.25], "texture": "#2"},
				"up": {"uv": [0.25, 9.25, 1.75, 9.45], "texture": "#2"},
				"down": {"uv": [0.25, 9.25, 1.75, 9.45], "texture": "#2"}
			}
		},
		{
			"from": [8, 3, 6.1],
			"to": [14.5, 4, 7.9],
			"shade": false,
			"rotation": {"angle": -22.5, "axis": "y", "origin": [8, 8.85, 6.6]},
			"faces": {
				"north": {"uv": [0.5, 8.375, 2.125, 8.625], "texture": "#2"},
				"east": {"uv": [0, 7.75, 0.45, 8], "texture": "#2"},
				"south": {"uv": [0.5, 7.75, 2.125, 8], "texture": "#2"},
				"west": {"uv": [0, 8.375, 0.45, 8.625], "texture": "#2"},
				"up": {"uv": [0, 8.625, 1.625, 9.075], "texture": "#2"},
				"down": {"uv": [1.625, 8, 0, 8.375], "texture": "#2"}
			}
		},
		{
			"from": [7.8, 16, 6.1],
			"to": [14.5, 17, 7.9],
			"shade": false,
			"rotation": {"angle": -22.5, "axis": "y", "origin": [8, 21.85, 6.6]},
			"faces": {
				"north": {"uv": [0.5, 8.375, 2.125, 8.625], "texture": "#2"},
				"east": {"uv": [0, 7.75, 0.45, 8], "texture": "#2"},
				"south": {"uv": [0.5, 7.75, 2.125, 8], "texture": "#2"},
				"west": {"uv": [0, 8.375, 0.45, 8.625], "texture": "#2"},
				"up": {"uv": [0, 8.625, 1.625, 9.075], "texture": "#2"},
				"down": {"uv": [0, 8, 1.625, 8.45], "texture": "#2"}
			}
		},
		{
			"from": [11.5, 2, 6],
			"to": [13.5, 3, 8],
			"shade": false,
			"rotation": {"angle": -22.5, "axis": "y", "origin": [8, 7.85, 6.6]},
			"faces": {
				"north": {"uv": [2.625, 8.5, 3.125, 8.75], "texture": "#2"},
				"east": {"uv": [2.125, 7.75, 2.625, 8], "texture": "#2"},
				"south": {"uv": [2.625, 7.75, 3.125, 8], "texture": "#2"},
				"west": {"uv": [2.125, 8.5, 2.625, 8.75], "texture": "#2"},
				"up": {"uv": [2.125, 8.75, 2.625, 9.25], "texture": "#2"},
				"down": {"uv": [2.125, 8, 2.625, 8.5], "texture": "#2"}
			}
		},
		{
			"from": [11.75, 1, 6.25],
			"to": [13.25, 2, 7.75],
			"shade": false,
			"rotation": {"angle": -22.5, "axis": "y", "origin": [8, 6.85, 6.6]},
			"faces": {
				"north": {"uv": [3.5, 8.375, 3.875, 8.625], "texture": "#2"},
				"east": {"uv": [3.125, 7.75, 3.5, 8], "texture": "#2"},
				"south": {"uv": [3.5, 7.75, 3.875, 8], "texture": "#2"},
				"west": {"uv": [3.125, 8.375, 3.5, 8.625], "texture": "#2"},
				"up": {"uv": [3.125, 8.625, 3.5, 9], "texture": "#2"},
				"down": {"uv": [3.125, 8, 3.5, 8.375], "texture": "#2"}
			}
		},
		{
			"from": [4.367, 14.992, 7.592],
			"to": [11.633, 18.608, 8.408],
			"shade": false,
			"rotation": {"angle": 0, "axis": "y", "origin": [5.375, 8.85, 8]},
			"faces": {
				"north": {"uv": [0, 4.5, 1.875, 5.3], "texture": "#2"},
				"east": {"uv": [3.75, 5.5, 4, 6.375], "texture": "#2"},
				"south": {"uv": [2, 4.5, 3.875, 5.375], "texture": "#2"},
				"west": {"uv": [2, 6.5, 2.25, 7.375], "texture": "#2"},
				"up": {"uv": [7.375, 5.5, 5.5, 5.25], "texture": "#2"},
				"down": {"uv": [7.375, 5.5, 5.5, 5.75], "texture": "#2"}
			}
		},
		{
			"from": [10.94185, 14.6841, 7.594],
			"to": [13.70385, 17.7961, 8.406],
			"shade": false,
			"rotation": {"angle": -22.5, "axis": "z", "origin": [13.32285, 16.4901, 8]},
			"faces": {
				"north": {"uv": [5, 1.5, 5.75, 2.25], "texture": "#2"},
				"east": {"uv": [2.25, 6.5, 2.5, 7.25], "texture": "#2"},
				"south": {"uv": [5, 2.25, 5.75, 3], "texture": "#2"},
				"west": {"uv": [2.5, 6.5, 2.75, 7.25], "texture": "#2"},
				"up": {"uv": [7.25, 3.25, 6.5, 3], "texture": "#2"},
				"down": {"uv": [7.25, 3.25, 6.5, 3.5], "texture": "#2"}
			}
		},
		{
			"from": [12.6651, 14.17465, 7.596],
			"to": [15.6731, 17.03265, 8.404],
			"shade": false,
			"rotation": {"angle": -45, "axis": "z", "origin": [14.0441, 15.47865, 8]},
			"faces": {
				"north": {"uv": [5, 3, 5.75, 3.75], "texture": "#2"},
				"east": {"uv": [2.75, 6.5, 3, 7.25], "texture": "#2"},
				"south": {"uv": [5, 3.75, 5.75, 4.5], "texture": "#2"},
				"west": {"uv": [3, 6.5, 3.25, 7.25], "texture": "#2"},
				"up": {"uv": [7.25, 3.75, 6.5, 3.5], "texture": "#2"},
				"down": {"uv": [7.25, 3.75, 6.5, 4], "texture": "#2"}
			}
		},
		{
			"from": [13.93749, 12.97282, 7.598],
			"to": [16.79149, 15.82682, 8.402],
			"shade": false,
			"rotation": {"angle": 0, "axis": "y", "origin": [14.86449, 13.82482, 8]},
			"faces": {
				"north": {"uv": [0, 5.5, 0.75, 6.25], "texture": "#2"},
				"east": {"uv": [3.75, 6.5, 4, 7.25], "texture": "#2"},
				"south": {"uv": [0.75, 5.5, 1.5, 6.25], "texture": "#2"},
				"west": {"uv": [6.5, 5.75, 6.75, 6.5], "texture": "#2"},
				"up": {"uv": [7.25, 4.25, 6.5, 4], "texture": "#2"},
				"down": {"uv": [7.25, 4.25, 6.5, 4.5], "texture": "#2"}
			}
		},
		{
			"from": [-0.79149, 12.97282, 7.598],
			"to": [2.06251, 15.82682, 8.402],
			"shade": false,
			"rotation": {"angle": 0, "axis": "y", "origin": [1.13551, 13.82482, 8]},
			"faces": {
				"north": {"uv": [0.75, 5.5, 0, 6.25], "texture": "#2"},
				"east": {"uv": [6.75, 5.75, 6.5, 6.5], "texture": "#2"},
				"south": {"uv": [1.5, 5.5, 0.75, 6.25], "texture": "#2"},
				"west": {"uv": [4, 6.5, 3.75, 7.25], "texture": "#2"},
				"up": {"uv": [6.5, 4.25, 7.25, 4], "texture": "#2"},
				"down": {"uv": [6.5, 4.25, 7.25, 4.5], "texture": "#2"}
			}
		},
		{
			"from": [0.3269, 14.17465, 7.596],
			"to": [3.3349, 17.03265, 8.404],
			"shade": false,
			"rotation": {"angle": 45, "axis": "z", "origin": [1.9559, 15.47865, 8]},
			"faces": {
				"north": {"uv": [5.75, 3, 5, 3.75], "texture": "#2"},
				"east": {"uv": [3.25, 6.5, 3, 7.25], "texture": "#2"},
				"south": {"uv": [5.75, 3.75, 5, 4.5], "texture": "#2"},
				"west": {"uv": [3, 6.5, 2.75, 7.25], "texture": "#2"},
				"up": {"uv": [6.5, 3.75, 7.25, 3.5], "texture": "#2"},
				"down": {"uv": [6.5, 3.75, 7.25, 4], "texture": "#2"}
			}
		},
		{
			"from": [2.29615, 14.6841, 7.594],
			"to": [5.05815, 17.7961, 8.406],
			"shade": false,
			"rotation": {"angle": 22.5, "axis": "z", "origin": [2.67715, 16.4901, 8]},
			"faces": {
				"north": {"uv": [5.75, 1.5, 5, 2.25], "texture": "#2"},
				"east": {"uv": [2.75, 6.5, 2.5, 7.25], "texture": "#2"},
				"south": {"uv": [5.75, 2.25, 5, 3], "texture": "#2"},
				"west": {"uv": [2.5, 6.5, 2.25, 7.25], "texture": "#2"},
				"up": {"uv": [6.5, 3.25, 7.25, 3], "texture": "#2"},
				"down": {"uv": [6.5, 3.25, 7.25, 3.5], "texture": "#2"}
			}
		},
		{
			"from": [4.3742, 15.09407, 8.3947],
			"to": [11.6258, 15.66067, 8.9613],
			"shade": false,
			"rotation": {"angle": -45, "axis": "x", "origin": [8, 14.36987, 8.7955]},
			"faces": {
				"north": {"uv": [6.5, 2, 8.375, 2.125], "texture": "#2"},
				"east": {"uv": [7.25, 7.25, 7.375, 7.375], "texture": "#2"},
				"south": {"uv": [6.5, 2.25, 8.375, 2.375], "texture": "#2"},
				"west": {"uv": [0, 7.5, 0.125, 7.625], "texture": "#2"},
				"up": {"uv": [8.375, 2.625, 6.5, 2.5], "texture": "#2"},
				"down": {"uv": [8.375, 2.75, 6.5, 2.875], "texture": "#2"}
			}
		},
		{
			"from": [5.4992, 14.09407, 8.3947],
			"to": [10.5008, 14.66067, 8.9613],
			"shade": false,
			"rotation": {"angle": -45, "axis": "x", "origin": [7.625, 13.36987, 8.7955]},
			"faces": {
				"north": {"uv": [6.5, 6.5, 7.75, 6.625], "texture": "#2"},
				"east": {"uv": [7.5, 0, 7.625, 0.125], "texture": "#2"},
				"south": {"uv": [0.5, 6.75, 1.75, 6.875], "texture": "#2"},
				"west": {"uv": [0.25, 7.5, 0.375, 7.625], "texture": "#2"},
				"up": {"uv": [6.25, 6.875, 5, 6.75], "texture": "#2"},
				"down": {"uv": [8, 5.75, 6.75, 5.875], "texture": "#2"}
			}
		},
		{
			"from": [-2, 11.55, 8],
			"to": [18, 19.6, 8],
			"shade": false,
			"rotation": {"angle": 0, "axis": "y", "origin": [8, 14.8, 8]},
			"faces": {
				"north": {"uv": [0, 0, 5, 2.125], "texture": "#2"},
				"east": {"uv": [0, 0, 0, 2.125], "texture": "#2"},
				"south": {"uv": [5, 0, 0, 2.125], "texture": "#2"},
				"west": {"uv": [0, 0, 0, 2.125], "texture": "#2"},
				"up": {"uv": [5, 0, 0, 0], "texture": "#2"}
			}
		},
		{
			"from": [7, 3, 11],
			"to": [9, 4, 13],
			"shade": false,
			"rotation": {"angle": 0, "axis": "y", "origin": [7, 10, 11]},
			"faces": {
				"north": {"uv": [1, 7.25, 1.5, 7], "texture": "#2"},
				"east": {"uv": [7, 1.25, 7.5, 1], "texture": "#2"},
				"south": {"uv": [7, 1.5, 7.5, 1.25], "texture": "#2"},
				"west": {"uv": [1.5, 7.25, 2, 7], "texture": "#2"},
				"up": {"uv": [6, 6.75, 5.5, 6.25], "texture": "#2"},
				"down": {"uv": [3.75, 6.25, 3.25, 6.75], "texture": "#2"}
			}
		},
		{
			"from": [7, 14, 11],
			"to": [9, 15, 13],
			"shade": false,
			"rotation": {"angle": 0, "axis": "y", "origin": [7, 8, 11]},
			"faces": {
				"north": {"uv": [1, 7, 1.5, 7.25], "texture": "#2"},
				"east": {"uv": [7, 1, 7.5, 1.25], "texture": "#2"},
				"south": {"uv": [7, 1.25, 7.5, 1.5], "texture": "#2"},
				"west": {"uv": [1.5, 7, 2, 7.25], "texture": "#2"},
				"up": {"uv": [3.75, 6.75, 3.25, 6.25], "texture": "#2"},
				"down": {"uv": [6, 6.25, 5.5, 6.75], "texture": "#2"}
			}
		},
		{
			"from": [7.5, 15.5, 9],
			"to": [8.5, 16.5, 13],
			"shade": false,
			"rotation": {"angle": 22.5, "axis": "x", "origin": [8, 16.5, 9]},
			"faces": {
				"north": {"uv": [7.75, 0, 8, 0.25], "texture": "#2"},
				"east": {"uv": [8, 0, 9, 0.25], "texture": "#2"},
				"south": {"uv": [7.75, 0, 8, 0.25], "texture": "#2"},
				"west": {"uv": [8, 0, 9, 0.25], "texture": "#2"},
				"up": {"uv": [7.75, 0.25, 8, 1.25], "texture": "#2"},
				"down": {"uv": [7.75, 0.25, 8, 1.25], "texture": "#2"}
			}
		},
		{
			"from": [7.5, 1.5, 8],
			"to": [8.5, 2.5, 13],
			"shade": false,
			"rotation": {"angle": -22.5, "axis": "x", "origin": [8, 1.5, 9]},
			"faces": {
				"north": {"uv": [7.75, 0.25, 8, 0], "texture": "#2"},
				"east": {"uv": [8, 0.25, 9, 0], "texture": "#2"},
				"south": {"uv": [7.75, 0.25, 8, 0], "texture": "#2"},
				"west": {"uv": [8, 0.25, 9, 0], "texture": "#2"},
				"up": {"uv": [7.75, 1.25, 8, 0.25], "texture": "#2"},
				"down": {"uv": [7.75, 1.25, 8, 0.25], "texture": "#2"}
			}
		},
		{
			"from": [7.25, 4.1, 11.25],
			"to": [8.75, 14.1, 12.75],
			"shade": false,
			"rotation": {"angle": 0, "axis": "y", "origin": [7, 2.25, 11]},
			"faces": {
				"north": {"uv": [4, 5.75, 4.375, 8.25], "texture": "#2"},
				"east": {"uv": [4, 5.75, 4.375, 8.25], "texture": "#2"},
				"south": {"uv": [4, 5.75, 4.375, 8.25], "texture": "#2"},
				"west": {"uv": [4, 5.75, 4.375, 8.25], "texture": "#2"},
				"up": {"uv": [3.625, 7.125, 3.25, 6.75], "texture": "#2"},
				"down": {"uv": [7.125, 6, 6.75, 6.375], "texture": "#2"}
			}
		},
		{
			"from": [7, 18, 7],
			"to": [9, 19, 9],
			"shade": false,
			"rotation": {"angle": 0, "axis": "y", "origin": [7, 12, 7]},
			"faces": {
				"north": {"uv": [7, 1.5, 7.5, 1.75], "texture": "#2"},
				"east": {"uv": [7, 1.75, 7.5, 2], "texture": "#2"},
				"south": {"uv": [4.5, 7, 5, 7.25], "texture": "#2"},
				"west": {"uv": [5, 7, 5.5, 7.25], "texture": "#2"},
				"up": {"uv": [6.5, 6.75, 6, 6.25], "texture": "#2"},
				"down": {"uv": [7, 0.5, 6.5, 1], "texture": "#2"}
			}
		},
		{
			"from": [7, 14.5, 7],
			"to": [9.75, 17.25, 9],
			"shade": false,
			"rotation": {"angle": 45, "axis": "z", "origin": [8, 15.5, 8]},
			"faces": {
				"north": {"uv": [1.5, 5.5, 2.25, 6.25], "texture": "#2"},
				"east": {"uv": [5, 6, 5.5, 6.75], "texture": "#2"},
				"south": {"uv": [2.25, 5.5, 3, 6.25], "texture": "#2"},
				"west": {"uv": [0, 6.25, 0.5, 7], "texture": "#2"},
				"up": {"uv": [1.25, 6.75, 0.5, 6.25], "texture": "#2"},
				"down": {"uv": [2, 6.25, 1.25, 6.75], "texture": "#2"}
			}
		},
		{
			"from": [7.35, 18.35, 7.25],
			"to": [8.65, 19.65, 8.75],
			"shade": false,
			"rotation": {"angle": 45, "axis": "z", "origin": [8, 19, 8]},
			"faces": {
				"north": {"uv": [6.25, 6.75, 6.625, 7.125], "texture": "#2"},
				"east": {"uv": [6.75, 6.75, 7.125, 7.125], "texture": "#2"},
				"south": {"uv": [0, 7, 0.375, 7.375], "texture": "#2"},
				"west": {"uv": [7, 0, 7.375, 0.375], "texture": "#2"},
				"up": {"uv": [0.875, 7.375, 0.5, 7], "texture": "#2"},
				"down": {"uv": [7.375, 0.5, 7, 0.875], "texture": "#2"}
			}
		},
		{
			"from": [6.35, 19, 7.975],
			"to": [9.65, 24.3, 7.975],
			"shade": false,
			"rotation": {"angle": 0, "axis": "y", "origin": [8, 21.65, 7.975]},
			"faces": {
				"north": {"uv": [4.5, 4.5, 5.375, 5.875], "texture": "#2"},
				"south": {"uv": [5, 0, 5.875, 1.375], "texture": "#2"}
			}
		},
		{
			"from": [6.5, 2, 6.25],
			"to": [9.5, 5, 8.75],
			"shade": false,
			"rotation": {"angle": 0, "axis": "y", "origin": [7, 2, 6.5]},
			"faces": {
				"north": {"uv": [3, 6.25, 3.75, 5.5], "texture": "#2"},
				"east": {"uv": [5.75, 2.25, 6.375, 1.5], "texture": "#2"},
				"south": {"uv": [5.5, 5.25, 6.25, 4.5], "texture": "#2"},
				"west": {"uv": [5.75, 3, 6.375, 2.25], "texture": "#2"},
				"up": {"uv": [6.5, 4.375, 5.75, 3.75], "texture": "#2"},
				"down": {"uv": [6.5, 3, 5.75, 3.625], "texture": "#2"}
			}
		},
		{
			"from": [7, 2.5, 5.75],
			"to": [9, 4.5, 9.25],
			"shade": false,
			"rotation": {"angle": 0, "axis": "y", "origin": [7, 2, 6.5]},
			"faces": {
				"north": {"uv": [6.5, 1.5, 7, 1], "texture": "#2"},
				"east": {"uv": [5.5, 6.25, 6.375, 5.75], "texture": "#2"},
				"south": {"uv": [6.5, 2, 7, 1.5], "texture": "#2"},
				"west": {"uv": [6, 0.5, 6.875, 0], "texture": "#2"},
				"up": {"uv": [5, 6.875, 4.5, 6], "texture": "#2"},
				"down": {"uv": [6.5, 0.5, 6, 1.375], "texture": "#2"}
			}
		},
		{
			"from": [7.14116, 0.55158, 6.75],
			"to": [7.34116, 0.90158, 8.25],
			"shade": false,
			"rotation": {"angle": -45, "axis": "z", "origin": [7.24116, 0.78908, 7.5]},
			"faces": {
				"north": {"uv": [7.5, 0.375, 7.625, 0.25], "texture": "#2"},
				"south": {"uv": [0.5, 7.625, 0.625, 7.5], "texture": "#2"},
				"west": {"uv": [5, 7.375, 5.375, 7.25], "texture": "#2"}
			}
		},
		{
			"from": [7.15076, 0.10952, 6.748],
			"to": [7.37976, 0.76352, 8.252],
			"shade": false,
			"rotation": {"angle": 22.5, "axis": "z", "origin": [7.25276, 0.34902, 7.5]},
			"faces": {
				"north": {"uv": [7.5, 0.625, 7.625, 0.5], "texture": "#2"},
				"south": {"uv": [0.75, 7.625, 0.875, 7.5], "texture": "#2"},
				"west": {"uv": [5.5, 7.375, 5.875, 7.25], "texture": "#2"}
			}
		},
		{
			"from": [4.90901, 1.59835, 6.75],
			"to": [5.65901, 2.34835, 8.25],
			"shade": false,
			"rotation": {"angle": -45, "axis": "z", "origin": [5.65901, -0.65165, 7.5]},
			"faces": {
				"north": {"uv": [7.25, 3.5, 7.5, 3.25], "texture": "#2"},
				"south": {"uv": [7.25, 3.75, 7.5, 3.5], "texture": "#2"},
				"west": {"uv": [5.5, 7.25, 5.875, 7], "texture": "#2"},
				"down": {"uv": [6.25, 7, 6, 7.375], "texture": "#2"}
			}
		},
		{
			"from": [8.62024, 0.10952, 6.748],
			"to": [8.84924, 0.76352, 8.252],
			"shade": false,
			"rotation": {"angle": -22.5, "axis": "z", "origin": [8.74724, 0.34902, 7.5]},
			"faces": {
				"north": {"uv": [7.5, 0.875, 7.625, 0.75], "texture": "#2"},
				"east": {"uv": [7.25, 6.125, 7.625, 6], "texture": "#2"},
				"south": {"uv": [1, 7.625, 1.125, 7.5], "texture": "#2"}
			}
		},
		{
			"from": [8.65884, 0.55158, 6.75],
			"to": [8.85884, 0.90158, 8.25],
			"shade": false,
			"rotation": {"angle": 45, "axis": "z", "origin": [8.75884, 0.78908, 7.5]},
			"faces": {
				"north": {"uv": [7.5, 1.125, 7.625, 1], "texture": "#2"},
				"east": {"uv": [6.25, 7.375, 6.625, 7.25], "texture": "#2"},
				"south": {"uv": [1.25, 7.625, 1.375, 7.5], "texture": "#2"}
			}
		},
		{
			"from": [10.34099, 1.59835, 6.75],
			"to": [11.09099, 2.34835, 8.25],
			"shade": false,
			"rotation": {"angle": 45, "axis": "z", "origin": [10.34099, -0.65165, 7.5]},
			"faces": {
				"north": {"uv": [3.75, 7.5, 4, 7.25], "texture": "#2"},
				"east": {"uv": [1, 7.5, 1.375, 7.25], "texture": "#2"},
				"south": {"uv": [7.25, 4, 7.5, 3.75], "texture": "#2"},
				"down": {"uv": [1.75, 7.25, 1.5, 7.625], "texture": "#2"}
			}
		},
		{
			"from": [7.248, 0.44139, 8.29417],
			"to": [8.752, 1.09539, 8.52317],
			"shade": false,
			"rotation": {"angle": 22.5, "axis": "x", "origin": [8, 0.95216, 7.5]},
			"faces": {
				"east": {"uv": [7.5, 1.375, 7.625, 1.25], "texture": "#2"},
				"south": {"uv": [7.25, 6.375, 7.625, 6.25], "texture": "#2"},
				"west": {"uv": [7.5, 1.625, 7.625, 1.5], "texture": "#2"}
			}
		},
		{
			"from": [7.25, 0.06276, 7.82127],
			"to": [8.75, 0.41276, 8.02127],
			"shade": false,
			"rotation": {"angle": -45, "axis": "x", "origin": [8, 0.95216, 7.5]},
			"faces": {
				"east": {"uv": [1.75, 7.625, 1.875, 7.5], "texture": "#2"},
				"south": {"uv": [6.75, 7.375, 7.125, 7.25], "texture": "#2"},
				"west": {"uv": [7.5, 1.875, 7.625, 1.75], "texture": "#2"}
			}
		},
		{
			"from": [7.25, 0.41276, 8.02127],
			"to": [8.75, 1.16276, 8.77127],
			"shade": false,
			"rotation": {"angle": -45, "axis": "x", "origin": [8, 0.95216, 7.5]},
			"faces": {
				"east": {"uv": [7.25, 4.25, 7.5, 4], "texture": "#2"},
				"south": {"uv": [2.25, 7.5, 2.625, 7.25], "texture": "#2"},
				"west": {"uv": [7.25, 4.5, 7.5, 4.25], "texture": "#2"},
				"down": {"uv": [3.125, 7.25, 2.75, 7.5], "texture": "#2"}
			}
		},
		{
			"from": [7.248, 0.44139, 6.47683],
			"to": [8.752, 1.09539, 6.70583],
			"shade": false,
			"rotation": {"angle": -22.5, "axis": "x", "origin": [8, 0.95216, 7.5]},
			"faces": {
				"north": {"uv": [7.25, 6.875, 7.625, 6.75], "texture": "#2"},
				"east": {"uv": [2, 7.625, 2.125, 7.5], "texture": "#2"},
				"west": {"uv": [2.25, 7.625, 2.375, 7.5], "texture": "#2"}
			}
		},
		{
			"from": [7.25, 0.06276, 6.97873],
			"to": [8.75, 0.41276, 7.17873],
			"shade": false,
			"rotation": {"angle": 45, "axis": "x", "origin": [8, 0.95216, 7.5]},
			"faces": {
				"north": {"uv": [7.25, 7.125, 7.625, 7], "texture": "#2"},
				"east": {"uv": [2.5, 7.625, 2.625, 7.5], "texture": "#2"},
				"west": {"uv": [2.75, 7.625, 2.875, 7.5], "texture": "#2"}
			}
		},
		{
			"from": [7.25, 0.41276, 6.22873],
			"to": [8.75, 1.16276, 6.97873],
			"shade": false,
			"rotation": {"angle": 45, "axis": "x", "origin": [8, 0.95216, 7.5]},
			"faces": {
				"north": {"uv": [7.25, 3.25, 7.625, 3], "texture": "#2"},
				"east": {"uv": [4.5, 7.5, 4.75, 7.25], "texture": "#2"},
				"west": {"uv": [4.75, 7.5, 5, 7.25], "texture": "#2"},
				"down": {"uv": [3.625, 7.25, 3.25, 7.5], "texture": "#2"}
			}
		},
		{
			"name": "ef",
			"from": [2.5, 7.25, 8],
			"to": [12.5, 17.25, 8],
			"shade": false,
			"rotation": {"angle": -22.5, "axis": "y", "origin": [7.5, 12.25, 8]},
			"faces": {
				"north": {"uv": [16, 8, 8.5, 15.75], "texture": "#1"},
				"east": {"uv": [0, 0, 0, 2.5], "texture": "#1"},
				"south": {"uv": [8.5, 8, 16, 15.75], "texture": "#1"},
				"west": {"uv": [0, 0, 0, 2.5], "texture": "#1"},
				"up": {"uv": [2.5, 0, 0, 0], "texture": "#1"},
				"down": {"uv": [2.5, 0, 0, 0], "texture": "#1"}
			}
		},
		{
			"name": "ef",
			"from": [-4, 9.5, 8],
			"to": [6, 19.5, 8],
			"shade": false,
			"rotation": {"angle": 22.5, "axis": "y", "origin": [1, 14.5, 8]},
			"faces": {
				"north": {"uv": [0.625, 1, 7, 7.25], "texture": "#1"},
				"east": {"uv": [0, 0, 0, 2.5], "texture": "#1"},
				"south": {"uv": [7, 1, 0.625, 7.25], "texture": "#1"},
				"west": {"uv": [0, 0, 0, 2.5], "texture": "#1"},
				"up": {"uv": [2.5, 0, 0, 0], "rotation": 180, "texture": "#1"},
				"down": {"uv": [2.5, 0, 0, 0], "rotation": 180, "texture": "#1"}
			}
		},
		{
			"name": "ef",
			"from": [3.25, 17, 8],
			"to": [13.25, 25.5, 8],
			"shade": false,
			"rotation": {"angle": -45, "axis": "y", "origin": [8.25, 21, 8]},
			"faces": {
				"north": {"uv": [15.5, 0.875, 8.5, 7.375], "texture": "#1"},
				"east": {"uv": [0, 0, 0, 2.5], "texture": "#1"},
				"south": {"uv": [8.5, 0.875, 15.5, 7.375], "texture": "#1"},
				"west": {"uv": [0, 0, 0, 2.5], "texture": "#1"},
				"up": {"uv": [2.5, 0, 0, 0], "texture": "#1"},
				"down": {"uv": [2.5, 0, 0, 0], "texture": "#1"}
			}
		},
		{
			"name": "ef",
			"from": [9.25, 10.25, 8.5],
			"to": [19.25, 20.25, 8.5],
			"shade": false,
			"rotation": {"angle": 22.5, "axis": "y", "origin": [14.25, 15.25, 8.5]},
			"faces": {
				"north": {"uv": [1.125, 9.5, 7.5, 15.75], "texture": "#1"},
				"east": {"uv": [0, 0, 0, 2.5], "texture": "#1"},
				"south": {"uv": [7.5, 9.5, 1.125, 15.75], "texture": "#1"},
				"west": {"uv": [0, 0, 0, 2.5], "texture": "#1"},
				"up": {"uv": [2.5, 0, 0, 0], "texture": "#1"},
				"down": {"uv": [2.5, 0, 0, 0], "texture": "#1"}
			}
		}
	],
	"gui_light": "front",
	"display": {
		"thirdperson_righthand": {
			"rotation": [0, -90, 0],
			"translation": [3.75, -4, 1.75]
		},
		"thirdperson_lefthand": {
			"rotation": [0, -90, 0],
			"translation": [3.75, -4, 1.75]
		},
		"firstperson_righthand": {
			"rotation": [7.54, -67.7, 1.74],
			"translation": [3, -3.5, -3]
		},
		"firstperson_lefthand": {
			"rotation": [7.54, -67.7, 1.74],
			"translation": [3, -3.5, -3]
		},
		"ground": {
			"rotation": [0, 0, 45],
			"scale": [0.4, 0.4, 0.4]
		},
		"gui": {
			"rotation": [180, 0, -135],
			"translation": [-1.5, -1.75, 0],
			"scale": [0.7, 0.7, 0.7]
		},
		"head": {
			"scale": [0, 0, 0]
		},
		"fixed": {
			"translation": [0, -1, 0],
			"scale": [0.78, 0.78, 0.78]
		}
	},
	"groups": [
		{
			"name": "group",
			"origin": [8, 6.85, 6.6],
			"color": 0,
			"children": [0, 1, 2, 3, 4]
		},
		{
			"name": "group",
			"origin": [8, 6.85, 6.6],
			"color": 0,
			"children": [5, 6, 7, 8, 9]
		},
		10,
		11,
		12,
		13,
		14,
		15,
		16,
		17,
		18,
		19,
		{
			"name": "group",
			"origin": [7, 1.25, 12],
			"color": 0,
			"children": [20, 21, 22, 23, 24]
		},
		25,
		26,
		27,
		28,
		{
			"name": "group",
			"origin": [8, 1.04784, 8],
			"color": 0,
			"children": [29, 30, 31, 32, 33, 34, 35, 36, 37, 38, 39, 40, 41, 42]
		},
		43,
		44,
		45,
		46
	]
}