{
  "menu": {
    "title": "Choose a Skin Category",
    "rows": 5,
    "items": {
      "30": {
        "item": "netherite_sword name{&2&lSamurai Skins} lore{ ,&cClick to view &2&lSamurai Skins!} model{18}",
        "menu": {
          "title": "Samurai Skins",
          "rows": 6,
          "slots": [
            11,
            12,
            15,
            20,
            21,
            24,
            29,
            30,
            33,
            42
          ],
          "skins": [
            {
              "model": 18,
              "type": "SWORD",
              "displayName": "&2&lSamurai Sword",
              "permission": "gengaming.skins.swords.samurai",
              "slot": 11
            },
            {
              "model": 18,
              "type": "PICKAXE",
              "displayName": "&2&lSamurai Pickaxe",
              "permission": "gengaming.skins.pickaxes.samurai",
              "slot": 12
            },
            {
              "model": 18,
              "type": "AXE",
              "displayName": "&2&lSamurai Axe",
              "permission": "gengaming.skins.axes.samurai",
              "slot": 20
            },
            {
              "model": 18,
              "type": "SHOVEL",
              "displayName": "&2&lSamurai Shovel",
              "permission": "gengaming.skins.shovels.samurai",
              "slot": 21
            },
            {
              "model": 18,
              "type": "BOW",
              "displayName": "&2&lSamurai Bow",
              "permission": "gengaming.skins.bows.samurai",
              "slot": 29
            },
            {
              "model": 18,
              "type": "SHIELD",
              "displayName": "&2&lSamurai Shield",
              "permission": "gengaming.skins.shields.samurai",
              "slot": 30
            },
            {
              "coloredModels": {
                "214,0,22": {
                  "model": 23,
                  "type": "IRON_PUMPKIN",
                  "identifier": "samurai:samuraiironarmor_helmet"
                },
                "214,0,21": {
                  "model": 22,
                  "type": "GOLDEN_PUMPKIN",
                  "identifier": "samurai:samuraigoldarmor_helmet"
                },
                "214,0,20": {
                  "model": 21,
                  "type": "DIAMOND_PUMPKIN",
                  "identifier": "samurai:samuraidiamondarmor_helmet"
                },
                "214,0,23": {
                  "model": 24,
                  "type": "NETHERITE_PUMPKIN",
                  "identifier": "samurai:samurainetheritearmor_helmet"
                }
              },
              "slot": 15,
              "displayName": "&c&lHelmet",
              "permission": "gengaming.skins.armor.samurai"
            },
            {
              "coloredModels": {
                "214,0,22": {
                  "model": 23,
                  "type": "IRON_CHESTPLATE",
                  "identifier": "samurai:samuraiironarmor_chestplate"
                },
                "214,0,21": {
                  "model": 22,
                  "type": "GOLDEN_CHESTPLATE",
                  "identifier": "samurai:samuraigoldarmor_chestplate"
                },
                "214,0,20": {
                  "model": 21,
                  "type": "DIAMOND_CHESTPLATE",
                  "identifier": "samurai:samuraidiamondarmor_chestplate"
                },
                "214,0,23": {
                  "model": 24,
                  "type": "NETHERITE_CHESTPLATE",
                  "identifier": "samurai:samurainetheritearmor_chestplate"
                }
              },
              "slot": 24,
              "displayName": "&c&lChestplate",
              "permission": "gengaming.skins.armor.samurai"
            },
            {
              "coloredModels": {
                "214,0,22": {
                  "model": 23,
                  "type": "IRON_LEGGINGS",
                  "identifier": "samurai:samuraiironarmor_leggings"
                },
                "214,0,21": {
                  "model": 22,
                  "type": "GOLDEN_LEGGINGS",
                  "identifier": "samurai:samuraigoldarmor_leggings"
                },
                "214,0,20": {
                  "model": 21,
                  "type": "DIAMOND_LEGGINGS",
                  "identifier": "samurai:samuraidiamondarmor_leggings"
                },
                "214,0,23": {
                  "model": 24,
                  "type": "NETHERITE_LEGGINGS",
                  "identifier": "samurai:samurainetheritearmor_leggings"
                }
              },
              "slot": 33,
              "displayName": "&c&lLeggings",
              "permission": "gengaming.skins.armor.samurai"
            },
            {
              "coloredModels": {
                "214,0,22": {
                  "model": 23,
                  "type": "IRON_BOOTS",
                  "identifier": "samurai:samuraiironarmor_boots"
                },
                "214,0,21": {
                  "model": 22,
                  "type": "GOLDEN_BOOTS",
                  "identifier": "samurai:samuraigoldarmor_leggings_boots"
                },
                "214,0,20": {
                  "model": 21,
                  "type": "DIAMOND_BOOTS",
                  "identifier": "samurai:samuraidiamondarmor_boots"
                },
                "214,0,23": {
                  "model": 24,
                  "type": "NETHERITE_BOOTS",
                  "identifier": "samurai:samurainetheritearmor_boots"
                }
              },
              "slot": 42,
              "displayName": "&c&lBoots",
              "permission": "gengaming.skins.armor.samurai"
            }
          ]
        }
      }
    }
  }
}