{
  "model": {
    "type": "minecraft:range_dispatch",
    "property": "custom_model_data",
    "cases": [
      {
        "model": {
          "type": "minecraft:model",
          "model": "minecraft:item/crossbow_arrow"
        },
        "when": "arrow"
      },
      {
        "model": {
          "type": "minecraft:model",
          "model": "minecraft:item/crossbow_firework"
        },
        "when": "rocket"
      }
    ],
    "fallback": {
      "type": "minecraft:condition",
      "on_false": {
        "type": "minecraft:model",
        "model": "minecraft:item/crossbow"
      },
      "on_true": {
        "type": "minecraft:range_dispatch",
        "entries": [
          {
            "model": {
              "type": "minecraft:model",
              "model": "minecraft:item/crossbow_pulling_1"
            },
            "threshold": 0.58
          },
          {
            "model": {
              "type": "minecraft:model",
              "model": "minecraft:item/crossbow_pulling_2"
            },
            "threshold": 1.0
          }
        ],
        "fallback": {
          "type": "minecraft:model",
          "model": "minecraft:item/crossbow_pulling_0"
        },
        "property": "minecraft:crossbow/pull"
      },
      "property": "minecraft:using_item"
    },
    "entries": [
      {
        "threshold": 1,
        "model": {
          "type": "minecraft:condition",
          "property": "minecraft:using_item",
          "cases": [
            {
              "model": {
                "type": "minecraft:model",
                "model": "demon/demon_crossbow_charged"
              },
              "when": "arrow"
            },
            {
              "model": {
                "type": "minecraft:model",
                "model": "demon/demon_crossbow_firework"
              },
              "when": "rocket"
            }
          ],
          "on_false": {
            "type": "minecraft:model",
            "model": "demon/demon_crossbow"
          },
          "on_true": {
            "type": "minecraft:range_dispatch",
            "property": "minecraft:crossbow/pull",
            "fallback": {
              "type": "minecraft:model",
              "model": "demon/demon_crossbow_0"
            },
            "entries": [
              {
                "model": {
                  "type": "minecraft:model",
                  "model": "demon/demon_crossbow_1"
                },
                "threshold": 0.58
              },
              {
                "model": {
                  "type": "minecraft:model",
                  "model": "demon/demon_crossbow_2"
                },
                "threshold": 1.0
              }
            ]
          }
        }
      },
      {
        "threshold": 2,
        "model": {
          "type": "minecraft:condition",
          "property": "minecraft:using_item",
          "cases": [
            {
              "model": {
                "type": "minecraft:model",
                "model": "axolotl/axolotl_crossbow_charged"
              },
              "when": "arrow"
            },
            {
              "model": {
                "type": "minecraft:model",
                "model": "axolotl/axolotl_crossbow_firework"
              },
              "when": "rocket"
            }
          ],
          "on_false": {
            "type": "minecraft:model",
            "model": "axolotl/axolotl_crossbow"
          },
          "on_true": {
            "type": "minecraft:range_dispatch",
            "property": "minecraft:crossbow/pull",
            "fallback": {
              "type": "minecraft:model",
              "model": "axolotl/axolotl_crossbow_0"
            },
            "entries": [
              {
                "model": {
                  "type": "minecraft:model",
                  "model": "axolotl/axolotl_crossbow_1"
                },
                "threshold": 0.58
              },
              {
                "model": {
                  "type": "minecraft:model",
                  "model": "axolotl/axolotl_crossbow_2"
                },
                "threshold": 1.0
              }
            ]
          }
        }
      },
      {
        "threshold": 3,
        "model": {
          "type": "minecraft:condition",
          "property": "minecraft:using_item",
          "cases": [
            {
              "model": {
                "type": "minecraft:model",
                "model": "nanoedge/nanoedge_crossbow_charged"
              },
              "when": "arrow"
            },
            {
              "model": {
                "type": "minecraft:model",
                "model": "nanoedge/nanoedge_crossbow_firework"
              },
              "when": "rocket"
            }
          ],
          "on_false": {
            "type": "minecraft:model",
            "model": "nanoedge/nanoedge_crossbow"
          },
          "on_true": {
            "type": "minecraft:range_dispatch",
            "property": "minecraft:crossbow/pull",
            "fallback": {
              "type": "minecraft:model",
              "model": "nanoedge/nanoedge_crossbow_0"
            },
            "entries": [
              {
                "model": {
                  "type": "minecraft:model",
                  "model": "nanoedge/nanoedge_crossbow_1"
                },
                "threshold": 0.58
              },
              {
                "model": {
                  "type": "minecraft:model",
                  "model": "nanoedge/nanoedge_crossbow_2"
                },
                "threshold": 1.0
              }
            ]
          }
        }
      },
      {
        "threshold": 4,
        "model": {
          "type": "minecraft:condition",
          "property": "minecraft:using_item",
          "cases": [
            {
              "model": {
                "type": "minecraft:model",
                "model": "necros/necros_crossbow_charged"
              },
              "when": "arrow"
            },
            {
              "model": {
                "type": "minecraft:model",
                "model": "necros/necros_crossbow_firework"
              },
              "when": "rocket"
            }
          ],
          "on_false": {
            "type": "minecraft:model",
            "model": "necros/necros_crossbow"
          },
          "on_true": {
            "type": "minecraft:range_dispatch",
            "property": "minecraft:crossbow/pull",
            "fallback": {
              "type": "minecraft:model",
              "model": "necros/necros_crossbow_0"
            },
            "entries": [
              {
                "model": {
                  "type": "minecraft:model",
                  "model": "necros/necros_crossbow_1"
                },
                "threshold": 0.58
              },
              {
                "model": {
                  "type": "minecraft:model",
                  "model": "necros/necros_crossbow_2"
                },
                "threshold": 1.0
              }
            ]
          }
        }
      },
      {
        "threshold": 5,
        "model": {
          "type": "minecraft:condition",
          "property": "minecraft:using_item",
          "cases": [
            {
              "model": {
                "type": "minecraft:model",
                "model": "pyrosoul/pyrosoul_crossbow_charged"
              },
              "when": "arrow"
            },
            {
              "model": {
                "type": "minecraft:model",
                "model": "pyrosoul/pyrosoul_crossbow_firework"
              },
              "when": "rocket"
            }
          ],
          "on_false": {
            "type": "minecraft:model",
            "model": "pyrosoul/pyrosoul_crossbow"
          },
          "on_true": {
            "type": "minecraft:range_dispatch",
            "property": "minecraft:crossbow/pull",
            "fallback": {
              "type": "minecraft:model",
              "model": "pyrosoul/pyrosoul_crossbow_0"
            },
            "entries": [
              {
                "model": {
                  "type": "minecraft:model",
                  "model": "pyrosoul/pyrosoul_crossbow_1"
                },
                "threshold": 0.58
              },
              {
                "model": {
                  "type": "minecraft:model",
                  "model": "pyrosoul/pyrosoul_crossbow_2"
                },
                "threshold": 1.0
              }
            ]
          }
        }
      }
    ]
  }
}