{
  "model": {
    "type": "range_dispatch",
    "property": "custom_model_data",
    "fallback": {
      "type": "model",
      "model": "minecraft:item/diamond_sword"
    },
    "entries": [
      {
        "threshold": 1,
        "model": {
          "type": "model",
          "model": "lifesteal/lifesteal_sword"
        }
      },
      {
        "threshold": 2,
        "model": {
          "type": "model",
          "model": "tempest/tempest_sword"
        }
      },
      {
        "threshold": 3,
        "model": {
          "type": "model",
          "model": "christmas/christmas_sword"
        }
      },
      {
        "threshold": 4,
        "model": {
          "type": "model",
          "model": "void/void_sword"
        }
      },
      {
        "threshold": 5,
        "model": {
          "type": "model",
          "model": "magma/magma_sword"
        }
      },
      {
        "threshold": 6,
        "model": {
          "type": "model",
          "model": "chinese/chinese_dragon_sword"
        }
      },
      {
        "threshold": 7,
        "model": {
          "type": "model",
          "model": "valentine/valentine_sword"
        }
      },
      {
        "threshold": 8,
        "model": {
          "type": "model",
          "model": "firework/firework_sword"
        }
      },
      {
        "threshold": 9,
        "model": {
          "type": "model",
          "model": "easter/easter_sword"
        }
      },
      {
        "threshold": 10,
        "model": {
          "type": "model",
          "model": "samurai/samurai_sword"
        }
      },
      {
        "threshold": 11,
        "model": {
          "type": "model",
          "model": "swashbuckler/swashbuckler_sword"
        }
      },
      {
        "threshold": 12,
        "model": {
          "type": "model",
          "model": "heart/heart_sword"
        }
      },
      {
        "threshold": 13,
        "model": {
          "type": "model",
          "model": "vampire/vampire_sword"
        }
      },
      {
        "threshold": 14,
        "model": {
          "type": "model",
          "model": "harvest/harvest_sword"
        }
      },
      {
        "threshold": 15,
        "model": {
          "type": "model",
          "model": "fire/fire_sword"
        }
      },
      {
        "threshold": 16,
        "model": {
          "type": "model",
          "model": "lightning/lightning_sword"
        }
      },
      {
        "threshold": 17,
        "model": {
          "type": "model",
          "model": "ghoul/sword/ghoul_sword_blue"
        }
      },
      {
        "threshold": 18,
        "model": {
          "type": "model",
          "model": "ghoul/sword/ghoul_sword_green"
        }
      },
      {
        "threshold": 19,
        "model": {
          "type": "model",
          "model": "ghoul/sword/ghoul_sword_purple"
        }
      },
      {
        "threshold": 20,
        "model": {
          "type": "model",
          "model": "ghoul/sword/ghoul_sword_red"
        }
      },
      {
        "threshold": 21,
        "model": {
          "type": "model",
          "model": "ghoul/sword/ghoul_sword_yellow"
        }
      },
      {
        "threshold": 22,
        "model": {
          "type": "model",
          "model": "starwarrior/lightsaber_blue"
        }
      },
      {
        "threshold": 23,
        "model": {
          "type": "model",
          "model": "starwarrior/lightsaber_green"
        }
      },
      {
        "threshold": 24,
        "model": {
          "type": "model",
          "model": "starwarrior/lightsaber_purple"
        }
      },
      {
        "threshold": 25,
        "model": {
          "type": "model",
          "model": "starwarrior/lightsaber_red"
        }
      },
      {
        "threshold": 26,
        "model": {
          "type": "model",
          "model": "galactic/sword/galactic_sword_blue"
        }
      },
      {
        "threshold": 27,
        "model": {
          "type": "model",
          "model": "galactic/sword/galactic_sword_green"
        }
      },
      {
        "threshold": 28,
        "model": {
          "type": "model",
          "model": "galactic/sword/galactic_sword_purple"
        }
      },
      {
        "threshold": 29,
        "model": {
          "type": "model",
          "model": "galactic/sword/galactic_sword_red"
        }
      },
      {
        "threshold": 30,
        "model": {
          "type": "model",
          "model": "galactic/sword/galactic_sword_gold"
        }
      },
      {
        "threshold": 31,
        "model": {
          "type": "model",
          "model": "demon/demon_sword"
        }
      },
      {
        "threshold": 32,
        "model": {
          "type": "model",
          "model": "axolotl/axolotl_sword"
        }
      },
      {
        "threshold": 33,
        "model": {
          "type": "model",
          "model": "nanoedge/nanoedge_sword"
        }
      },
      {
        "threshold": 34,
        "model": {
          "type": "model",
          "model": "necros/necros_sword"
        }
      },
      {
        "threshold": 35,
        "model": {
          "type": "model",
          "model": "pyrosoul/pyrosoul_sword"
        }
      }
    ]
  }
}