{
  "model": {
    "type": "range_dispatch",
    "property": "custom_model_data",
    "fallback": {
      "type": "model",
      "model": "minecraft:item/netherite_pickaxe"
    },
    "entries": [
      {
        "threshold": 1,
        "model": {
          "type": "model",
          "model": "lifesteal/lifesteal_pickaxe"
        }
      },
      {
        "threshold": 2,
        "model": {
          "type": "model",
          "model": "tempest/tempest_pickaxe"
        }
      },
      {
        "threshold": 3,
        "model": {
          "type": "model",
          "model": "christmas/christmas_pickaxe"
        }
      },
      {
        "threshold": 4,
        "model": {
          "type": "model",
          "model": "void/void_pickaxe"
        }
      },
      {
        "threshold": 5,
        "model": {
          "type": "model",
          "model": "magma/magma_pickaxe"
        }
      },
      {
        "threshold": 6,
        "model": {
          "type": "model",
          "model": "chinese/chinese_dragon_pickaxe"
        }
      },
      {
        "threshold": 7,
        "model": {
          "type": "model",
          "model": "valentine/valentine_pickaxe"
        }
      },
      {
        "threshold": 8,
        "model": {
          "type": "model",
          "model": "firework/firework_pickaxe"
        }
      },
      {
        "threshold": 9,
        "model": {
          "type": "model",
          "model": "easter/easter_pickaxe"
        }
      },
      {
        "threshold": 10,
        "model": {
          "type": "model",
          "model": "samurai/samurai_pickaxe"
        }
      },
      {
        "threshold": 11,
        "model": {
          "type": "model",
          "model": "swashbuckler/swashbuckler_pickaxe"
        }
      },
      {
        "threshold": 12,
        "model": {
          "type": "model",
          "model": "heart/heart_pickaxe"
        }
      },
      {
        "threshold": 13,
        "model": {
          "type": "model",
          "model": "vampire/vampire_pickaxe"
        }
      },
      {
        "threshold": 14,
        "model": {
          "type": "model",
          "model": "harvest/harvest_pickaxe"
        }
      },
      {
        "threshold": 15,
        "model": {
          "type": "model",
          "model": "fire/fire_pickaxe"
        }
      },
      {
        "threshold": 16,
        "model": {
          "type": "model",
          "model": "lightning/lightning_pickaxe"
        }
      },
      {
        "threshold": 17,
        "model": {
          "type": "model",
          "model": "ghoul/pickaxe/ghoul_pickaxe_blue"
        }
      },
      {
        "threshold": 18,
        "model": {
          "type": "model",
          "model": "ghoul/pickaxe/ghoul_pickaxe_green"
        }
      },
      {
        "threshold": 19,
        "model": {
          "type": "model",
          "model": "ghoul/pickaxe/ghoul_pickaxe_purple"
        }
      },
      {
        "threshold": 20,
        "model": {
          "type": "model",
          "model": "ghoul/pickaxe/ghoul_pickaxe_red"
        }
      },
      {
        "threshold": 21,
        "model": {
          "type": "model",
          "model": "ghoul/pickaxe/ghoul_pickaxe_yellow"
        }
      },
      {
        "threshold": 22,
        "model": {
          "type": "model",
          "model": "galactic/pickaxe/galactic_pickaxe_blue"
        }
      },
      {
        "threshold": 23,
        "model": {
          "type": "model",
          "model": "galactic/pickaxe/galactic_pickaxe_green"
        }
      },
      {
        "threshold": 24,
        "model": {
          "type": "model",
          "model": "galactic/pickaxe/galactic_pickaxe_purple"
        }
      },
      {
        "threshold": 25,
        "model": {
          "type": "model",
          "model": "galactic/pickaxe/galactic_pickaxe_red"
        }
      },
      {
        "threshold": 26,
        "model": {
          "type": "model",
          "model": "galactic/pickaxe/galactic_pickaxe_gold"
        }
      },
      {
        "threshold": 27,
        "model": {
          "type": "model",
          "model": "demon/demon_pickaxe"
        }
      },
      {
        "threshold": 28,
        "model": {
          "type": "model",
          "model": "axolotl/axolotl_pickaxe"
        }
      },
      {
        "threshold": 29,
        "model": {
          "type": "model",
          "model": "nanoedge/nanoedge_pickaxe"
        }
      },
      {
        "threshold": 30,
        "model": {
          "type": "model",
          "model": "necros/necros_pickaxe"
        }
      },
      {
        "threshold": 31,
        "model": {
          "type": "model",
          "model": "pyrosoul/pyrosoul_pickaxe"
        }
      }
    ]
  }
}