{
	"credit": "Made with Blockbench",
	"texture_size": [32, 32],
	"textures": {
		"1": "item/fire/fire_axe",
		"2": "item/fire/fire_ef_long",
		"particle": "item/fire/fire_ef_long"
	},
	"elements": [
		{
			"from": [7.5, -3, 7.5],
			"to": [8.5, 11, 8.5],
			"shade": false,
			"rotation": {"angle": 0, "axis": "y", "origin": [9, 3, 7]},
			"faces": {
				"north": {"uv": [2.5, 4, 3, 11], "texture": "#1"},
				"east": {"uv": [3, 4, 2.5, 11], "texture": "#1"},
				"south": {"uv": [2.5, 4, 3, 11], "texture": "#1"},
				"west": {"uv": [3, 4, 2.5, 11], "texture": "#1"}
			}
		},
		{
			"from": [6.75, 7.75, 6.75],
			"to": [9.25, 8.75, 9.25],
			"shade": false,
			"rotation": {"angle": 0, "axis": "y", "origin": [8, 8.25, 8]},
			"faces": {
				"up": {"uv": [1.25, 8.25, 0, 7], "texture": "#1"},
				"down": {"uv": [8.75, 0, 7.5, 1.25], "texture": "#1"}
			}
		},
		{
			"from": [7, 6.25, 7],
			"to": [9, 7.25, 9],
			"shade": false,
			"rotation": {"angle": 45, "axis": "y", "origin": [8, 6.75, 8]},
			"faces": {
				"north": {"uv": [10.5, 7.5, 11.5, 8], "texture": "#1"},
				"east": {"uv": [3, 11, 4, 11.5], "texture": "#1"},
				"south": {"uv": [11, 8, 12, 8.5], "texture": "#1"},
				"west": {"uv": [8.5, 11, 9.5, 11.5], "texture": "#1"},
				"up": {"uv": [10, 3.5, 9, 2.5], "texture": "#1"},
				"down": {"uv": [10, 3.5, 9, 4.5], "texture": "#1"}
			}
		},
		{
			"from": [6.46695, 7.76802, 6.75],
			"to": [6.66695, 8.30902, 9.25],
			"shade": false,
			"rotation": {"angle": -22.5, "axis": "z", "origin": [7.71695, 7.81802, 8]},
			"faces": {
				"north": {"uv": [9.5, 13, 9.75, 13.25], "texture": "#1"},
				"south": {"uv": [10, 13, 10.25, 13.25], "texture": "#1"},
				"west": {"uv": [11, 11.5, 12.25, 11.75], "texture": "#1"}
			}
		},
		{
			"from": [6.64472, 7.76724, 6.748],
			"to": [6.84872, 8.31224, 9.252],
			"shade": false,
			"rotation": {"angle": 22.5, "axis": "z", "origin": [6.74672, 8.01924, 8]},
			"faces": {
				"north": {"uv": [10.5, 13, 10.75, 13.25], "texture": "#1"},
				"south": {"uv": [13, 10.5, 13.25, 10.75], "texture": "#1"},
				"west": {"uv": [11.5, 11, 12.75, 11.25], "texture": "#1"}
			}
		},
		{
			"from": [9.15128, 7.76724, 6.748],
			"to": [9.35528, 8.31224, 9.252],
			"shade": false,
			"rotation": {"angle": -22.5, "axis": "z", "origin": [9.25328, 8.01924, 8]},
			"faces": {
				"north": {"uv": [11.5, 13, 11.75, 13.25], "texture": "#1"},
				"east": {"uv": [1, 12, 2.25, 12.25], "texture": "#1"},
				"south": {"uv": [12, 13, 12.25, 13.25], "texture": "#1"}
			}
		},
		{
			"from": [9.33305, 7.76802, 6.75],
			"to": [9.53305, 8.30902, 9.25],
			"shade": false,
			"rotation": {"angle": 22.5, "axis": "z", "origin": [8.28305, 7.81802, 8]},
			"faces": {
				"north": {"uv": [11, 13, 11.25, 13.25], "texture": "#1"},
				"east": {"uv": [12, 0.5, 13.25, 0.75], "texture": "#1"},
				"south": {"uv": [13, 11, 13.25, 11.25], "texture": "#1"}
			}
		},
		{
			"from": [6.748, 7.76724, 6.64472],
			"to": [9.252, 8.31224, 6.84872],
			"shade": false,
			"rotation": {"angle": -22.5, "axis": "x", "origin": [8, 8.01924, 6.74672]},
			"faces": {
				"north": {"uv": [12, 2.5, 13.25, 2.75], "texture": "#1"},
				"east": {"uv": [13.5, 1, 13.75, 1.25], "texture": "#1"},
				"west": {"uv": [13.5, 1.5, 13.75, 1.75], "texture": "#1"}
			}
		},
		{
			"from": [6.75, 7.76802, 6.46695],
			"to": [9.25, 8.30902, 6.66695],
			"shade": false,
			"rotation": {"angle": 22.5, "axis": "x", "origin": [8, 7.81802, 7.71695]},
			"faces": {
				"north": {"uv": [12, 2, 13.25, 2.25], "texture": "#1"},
				"east": {"uv": [0.5, 13.5, 0.75, 13.75], "texture": "#1"},
				"west": {"uv": [13.5, 0.5, 13.75, 0.75], "texture": "#1"}
			}
		},
		{
			"from": [6.748, 7.76724, 9.15128],
			"to": [9.252, 8.31224, 9.35528],
			"shade": false,
			"rotation": {"angle": 22.5, "axis": "x", "origin": [8, 8.01924, 9.25328]},
			"faces": {
				"east": {"uv": [0, 13.5, 0.25, 13.75], "texture": "#1"},
				"south": {"uv": [12, 1.5, 13.25, 1.75], "texture": "#1"},
				"west": {"uv": [13.5, 0, 13.75, 0.25], "texture": "#1"}
			}
		},
		{
			"from": [6.75, 7.76802, 9.33305],
			"to": [9.25, 8.30902, 9.53305],
			"shade": false,
			"rotation": {"angle": -22.5, "axis": "x", "origin": [8, 7.81802, 8.28305]},
			"faces": {
				"east": {"uv": [12.5, 13, 12.75, 13.25], "texture": "#1"},
				"south": {"uv": [12, 1, 13.25, 1.25], "texture": "#1"},
				"west": {"uv": [13, 13, 13.25, 13.25], "texture": "#1"}
			}
		},
		{
			"from": [7.53033, 8.92678, 7.5],
			"to": [8.53033, 9.92678, 8.5],
			"shade": false,
			"rotation": {"angle": 45, "axis": "z", "origin": [8.03033, 8.67678, 8]},
			"faces": {
				"north": {"uv": [9.5, 2, 10, 2.5], "texture": "#1"},
				"south": {"uv": [9.5, 10.5, 10, 11], "texture": "#1"},
				"west": {"uv": [6.5, 12, 7, 12.5], "texture": "#1"},
				"up": {"uv": [7.5, 12.5, 7, 12], "texture": "#1"}
			}
		},
		{
			"from": [7.46967, 8.92678, 7.5],
			"to": [8.46967, 9.92678, 8.5],
			"shade": false,
			"rotation": {"angle": -45, "axis": "z", "origin": [7.96967, 8.67678, 8]},
			"faces": {
				"north": {"uv": [12, 8.5, 12.5, 9], "texture": "#1"},
				"east": {"uv": [12, 9, 12.5, 9.5], "texture": "#1"},
				"south": {"uv": [9.5, 12, 10, 12.5], "texture": "#1"},
				"up": {"uv": [12.5, 10, 12, 9.5], "texture": "#1"}
			}
		},
		{
			"from": [7.5, 9.06066, 7.14645],
			"to": [8.5, 10.06066, 8.14645],
			"shade": false,
			"rotation": {"angle": -45, "axis": "x", "origin": [8, 9.20711, 8]},
			"faces": {
				"north": {"uv": [1, 12.5, 1.5, 13], "texture": "#1"},
				"east": {"uv": [1.5, 12.5, 2, 13], "texture": "#1"},
				"west": {"uv": [2, 12.5, 2.5, 13], "texture": "#1"},
				"up": {"uv": [5, 13, 4.5, 12.5], "texture": "#1"}
			}
		},
		{
			"from": [7.5, 9.06066, 7.85355],
			"to": [8.5, 10.06066, 8.85355],
			"shade": false,
			"rotation": {"angle": 45, "axis": "x", "origin": [8, 9.20711, 8]},
			"faces": {
				"east": {"uv": [12, 10, 12.5, 10.5], "texture": "#1"},
				"south": {"uv": [11, 12, 11.5, 12.5], "texture": "#1"},
				"west": {"uv": [11.5, 12, 12, 12.5], "texture": "#1"},
				"up": {"uv": [12.5, 12.5, 12, 12], "texture": "#1"}
			}
		},
		{
			"from": [12.994, 8.444, 7.744],
			"to": [15.506, 11.956, 8.256],
			"shade": false,
			"rotation": {"angle": -22.5, "axis": "z", "origin": [14.75, 10.7, 8]},
			"faces": {
				"north": {"uv": [0, 5, 1.25, 6.75], "texture": "#1"},
				"east": {"uv": [0, 11.5, 0.25, 13.25], "texture": "#1"},
				"south": {"uv": [6, 0, 7.25, 1.75], "texture": "#1"},
				"west": {"uv": [0.5, 11.5, 0.75, 13.25], "texture": "#1"},
				"up": {"uv": [13.25, 3.25, 12, 3], "texture": "#1"},
				"down": {"uv": [13.25, 3.5, 12, 3.75], "texture": "#1"}
			}
		},
		{
			"from": [11.69957, 6.71625, 7.746],
			"to": [14.20757, 9.22425, 8.254],
			"shade": false,
			"rotation": {"angle": 45, "axis": "z", "origin": [12.45357, 7.97025, 8]},
			"faces": {
				"north": {"uv": [7.5, 1.5, 8.75, 2.75], "texture": "#1"},
				"east": {"uv": [2.5, 12, 2.75, 13.25], "texture": "#1"},
				"south": {"uv": [7.5, 3, 8.75, 4.25], "texture": "#1"},
				"west": {"uv": [6, 12, 6.25, 13.25], "texture": "#1"},
				"up": {"uv": [13.25, 5.25, 12, 5], "texture": "#1"},
				"down": {"uv": [13.25, 5.5, 12, 5.75], "texture": "#1"}
			}
		},
		{
			"from": [10.94637, 8.97912, 7.494],
			"to": [12.95837, 11.99112, 8.506],
			"shade": false,
			"rotation": {"angle": -22.5, "axis": "z", "origin": [12.45237, 10.48512, 8]},
			"faces": {
				"north": {"uv": [1.5, 5, 2.5, 6.5], "texture": "#1"},
				"east": {"uv": [1, 9.5, 1.5, 11], "texture": "#1"},
				"south": {"uv": [1.5, 6.5, 2.5, 8], "texture": "#1"},
				"west": {"uv": [1.5, 9.5, 2, 11], "texture": "#1"},
				"up": {"uv": [12, 9, 11, 8.5], "texture": "#1"},
				"down": {"uv": [12, 9, 11, 9.5], "texture": "#1"}
			}
		},
		{
			"from": [9.508, 10.442, 7.492],
			"to": [11.324, 13.458, 8.508],
			"shade": false,
			"rotation": {"angle": 0, "axis": "y", "origin": [10.391, 11.95, 8]},
			"faces": {
				"north": {"uv": [5.5, 7.5, 6.5, 9], "texture": "#1"},
				"east": {"uv": [9.5, 9, 10, 10.5], "texture": "#1"},
				"south": {"uv": [7.5, 6, 8.5, 7.5], "texture": "#1"},
				"west": {"uv": [10, 0, 10.5, 1.5], "texture": "#1"},
				"up": {"uv": [12, 10.5, 11, 10], "texture": "#1"},
				"down": {"uv": [11.5, 11, 10.5, 11.5], "texture": "#1"}
			}
		},
		{
			"from": [10.9962, 11.38825, 7.496],
			"to": [13.0042, 14.14625, 8.504],
			"shade": false,
			"rotation": {"angle": 22.5, "axis": "z", "origin": [12.5002, 12.76725, 8]},
			"faces": {
				"north": {"uv": [4.5, 7.5, 5.5, 9], "texture": "#1"},
				"east": {"uv": [2, 9.5, 2.5, 11], "texture": "#1"},
				"south": {"uv": [7.5, 4.5, 8.5, 6], "texture": "#1"},
				"west": {"uv": [9.5, 7.5, 10, 9], "texture": "#1"},
				"up": {"uv": [10.5, 11.5, 9.5, 11], "texture": "#1"},
				"down": {"uv": [12, 9.5, 11, 10], "texture": "#1"}
			}
		},
		{
			"from": [3.17605, 10.50752, 7.494],
			"to": [6.30805, 13.63952, 8.506],
			"shade": false,
			"rotation": {"angle": -45, "axis": "z", "origin": [4.68205, 11.78852, 8]},
			"faces": {
				"north": {"uv": [4.5, 0, 6, 1.5], "texture": "#1"},
				"east": {"uv": [5.5, 10, 6, 11.5], "texture": "#1"},
				"south": {"uv": [4.5, 1.5, 6, 3], "texture": "#1"},
				"west": {"uv": [6, 10, 6.5, 11.5], "texture": "#1"},
				"up": {"uv": [11.5, 6.5, 10, 6], "texture": "#1"},
				"down": {"uv": [8, 10, 6.5, 10.5], "texture": "#1"}
			}
		},
		{
			"from": [2.67405, 10.00552, 7.742],
			"to": [6.81005, 14.14152, 8.258],
			"shade": false,
			"rotation": {"angle": -45, "axis": "z", "origin": [4.68205, 11.78852, 8]},
			"faces": {
				"north": {"uv": [2.5, 0, 4.5, 2], "texture": "#1"},
				"east": {"uv": [7.5, 10.5, 7.75, 12.5], "texture": "#1"},
				"south": {"uv": [2.5, 2, 4.5, 4], "texture": "#1"},
				"west": {"uv": [4, 11, 4.25, 13], "texture": "#1"},
				"up": {"uv": [13, 10.75, 11, 10.5], "texture": "#1"},
				"down": {"uv": [13.5, 0, 11.5, 0.25], "texture": "#1"}
			}
		},
		{
			"from": [1.67405, 9.00552, 7.992],
			"to": [6.81005, 14.14152, 8.008],
			"shade": false,
			"rotation": {"angle": -45, "axis": "z", "origin": [4.68205, 11.78852, 8]},
			"faces": {
				"north": {"uv": [0, 0, 2.5, 2.5], "texture": "#1"},
				"east": {"uv": [0, 0, 0, 2.5], "texture": "#1"},
				"south": {"uv": [0, 2.5, 2.5, 5], "texture": "#1"},
				"west": {"uv": [0, 0, 0, 2.5], "texture": "#1"},
				"up": {"uv": [2.5, 0, 0, 0], "texture": "#1"},
				"down": {"uv": [2.5, 0, 0, 0], "texture": "#1"}
			}
		},
		{
			"from": [5.576, 10.442, 7.492],
			"to": [6.492, 13.458, 8.508],
			"shade": false,
			"rotation": {"angle": 0, "axis": "y", "origin": [5.609, 11.95, 8]},
			"faces": {
				"north": {"uv": [10, 1.5, 10.5, 3], "texture": "#1"},
				"east": {"uv": [10, 3, 10.5, 4.5], "texture": "#1"},
				"south": {"uv": [10, 4.5, 10.5, 6], "texture": "#1"},
				"west": {"uv": [5, 10, 5.5, 11.5], "texture": "#1"},
				"up": {"uv": [13, 5, 12.5, 4.5], "texture": "#1"},
				"down": {"uv": [5.5, 12.5, 5, 13], "texture": "#1"}
			}
		},
		{
			"from": [10.45686, 6.97815, 7.748],
			"to": [12.76086, 7.93215, 8.252],
			"shade": false,
			"rotation": {"angle": -22.5, "axis": "z", "origin": [11.70886, 6.68015, 8]},
			"faces": {
				"north": {"uv": [10.5, 5, 11.75, 5.5], "texture": "#1"},
				"east": {"uv": [2, 13, 2.25, 13.5], "texture": "#1"},
				"south": {"uv": [10.5, 5.5, 11.75, 6], "texture": "#1"},
				"west": {"uv": [8.5, 13, 8.75, 13.5], "texture": "#1"},
				"up": {"uv": [13.25, 7.25, 12, 7], "texture": "#1"},
				"down": {"uv": [13.25, 7.5, 12, 7.75], "texture": "#1"}
			}
		},
		{
			"from": [12.0933, 10.61217, 7.742],
			"to": [14.6093, 14.12817, 8.258],
			"shade": false,
			"rotation": {"angle": 22.5, "axis": "z", "origin": [12.85739, 14.4163, 8]},
			"faces": {
				"north": {"uv": [6, 2, 7.25, 3.75], "texture": "#1"},
				"east": {"uv": [11.5, 0.5, 11.75, 2.25], "texture": "#1"},
				"south": {"uv": [6, 4, 7.25, 5.75], "texture": "#1"},
				"west": {"uv": [11.5, 2.5, 11.75, 4.25], "texture": "#1"},
				"up": {"uv": [13.25, 4.25, 12, 4], "texture": "#1"},
				"down": {"uv": [5.75, 12, 4.5, 12.25], "texture": "#1"}
			}
		},
		{
			"from": [15.20551, 11.62663, 7.992],
			"to": [16.22151, 15.14263, 8.008],
			"shade": false,
			"rotation": {"angle": 22.5, "axis": "z", "origin": [15.71351, 13.38463, 8]},
			"faces": {
				"north": {"uv": [9, 9, 9.5, 10.75], "texture": "#1"},
				"east": {"uv": [0, 0, 0, 1.75], "texture": "#1"},
				"south": {"uv": [0, 9.5, 0.5, 11.25], "texture": "#1"},
				"west": {"uv": [0, 0, 0, 1.75], "texture": "#1"},
				"up": {"uv": [0.5, 0, 0, 0], "texture": "#1"},
				"down": {"uv": [0.5, 0, 0, 0], "texture": "#1"}
			}
		},
		{
			"from": [15.20751, 8.02773, 7.994],
			"to": [16.21951, 12.28973, 8.006],
			"shade": false,
			"rotation": {"angle": -22.5, "axis": "z", "origin": [15.71351, 10.53373, 8]},
			"faces": {
				"north": {"uv": [9, 0, 9.5, 2.25], "texture": "#1"},
				"east": {"uv": [0, 0, 0, 2.25], "texture": "#1"},
				"south": {"uv": [4.5, 9, 5, 11.25], "texture": "#1"},
				"west": {"uv": [0, 0, 0, 2.25], "texture": "#1"},
				"up": {"uv": [0.5, 0, 0, 0], "texture": "#1"},
				"down": {"uv": [0.5, 0, 0, 0], "texture": "#1"}
			}
		},
		{
			"from": [12.85858, 6.25464, 7.996],
			"to": [13.86658, 9.01264, 8.004],
			"shade": false,
			"rotation": {"angle": -45, "axis": "z", "origin": [13.36258, 6.88364, 8]},
			"faces": {
				"north": {"uv": [10, 6.5, 10.5, 8], "texture": "#1"},
				"east": {"uv": [0, 0, 0, 1.5], "texture": "#1"},
				"south": {"uv": [8, 10, 8.5, 11.5], "texture": "#1"},
				"west": {"uv": [0, 0, 0, 1.5], "texture": "#1"},
				"up": {"uv": [0.5, 0, 0, 0], "texture": "#1"},
				"down": {"uv": [0.5, 0, 0, 0], "texture": "#1"}
			}
		},
		{
			"from": [13.41076, 14.32264, 7.996],
			"to": [14.41876, 17.83064, 8.004],
			"shade": false,
			"rotation": {"angle": 45, "axis": "z", "origin": [13.91476, 16.07664, 8]},
			"faces": {
				"north": {"uv": [9.5, 0, 10, 1.75], "texture": "#1"},
				"east": {"uv": [0, 0, 0, 1.75], "texture": "#1"},
				"south": {"uv": [0.5, 9.5, 1, 11.25], "texture": "#1"},
				"west": {"uv": [0, 0, 0, 1.75], "texture": "#1"},
				"up": {"uv": [0.5, 0, 0, 0], "texture": "#1"},
				"down": {"uv": [0.5, 0, 0, 0], "texture": "#1"}
			}
		},
		{
			"from": [12.00168, 13.48168, 7.744],
			"to": [14.36368, 16.49368, 8.256],
			"shade": false,
			"rotation": {"angle": 45, "axis": "z", "origin": [12.85739, 14.4163, 8]},
			"faces": {
				"north": {"uv": [4.5, 6, 5.75, 7.5], "texture": "#1"},
				"east": {"uv": [3, 11.5, 3.25, 13], "texture": "#1"},
				"south": {"uv": [6, 6, 7.25, 7.5], "texture": "#1"},
				"west": {"uv": [3.5, 11.5, 3.75, 13], "texture": "#1"},
				"up": {"uv": [9.25, 12.25, 8, 12], "texture": "#1"},
				"down": {"uv": [13.25, 8, 12, 8.25], "texture": "#1"}
			}
		},
		{
			"from": [10.78657, 15.28616, 7.746],
			"to": [12.44957, 16.94916, 8.254],
			"shade": false,
			"rotation": {"angle": 0, "axis": "y", "origin": [12.85739, 14.4163, 8]},
			"faces": {
				"north": {"uv": [6.5, 10.5, 7.25, 11.25], "texture": "#1"},
				"east": {"uv": [1, 13, 1.25, 13.75], "texture": "#1"},
				"south": {"uv": [10.5, 6.5, 11.25, 7.25], "texture": "#1"},
				"west": {"uv": [1.5, 13, 1.75, 13.75], "texture": "#1"},
				"up": {"uv": [3.75, 13.25, 3, 13], "texture": "#1"},
				"down": {"uv": [4.75, 13, 4, 13.25], "texture": "#1"}
			}
		},
		{
			"from": [7.61332, -2.754, 7.246],
			"to": [8.87132, -1.996, 8.754],
			"shade": false,
			"rotation": {"angle": -22.5, "axis": "z", "origin": [7.61732, -3, 8]},
			"faces": {
				"north": {"uv": [4.5, 11.5, 5.25, 12], "texture": "#1"},
				"east": {"uv": [11.5, 4.5, 12.25, 5], "texture": "#1"},
				"south": {"uv": [5.5, 11.5, 6.25, 12], "texture": "#1"},
				"west": {"uv": [11.5, 6, 12.25, 6.5], "texture": "#1"},
				"up": {"uv": [1.75, 11.75, 1, 11], "texture": "#1"},
				"down": {"uv": [2.75, 11, 2, 11.75], "texture": "#1"}
			}
		},
		{
			"from": [7.55273, -3.92861, 7.242],
			"to": [8.79373, -2.68761, 8.758],
			"shade": false,
			"rotation": {"angle": -45, "axis": "z", "origin": [8.16073, -3.07061, 8]},
			"faces": {
				"north": {"uv": [6.5, 12.5, 7, 13], "texture": "#1"},
				"east": {"uv": [8, 11.5, 8.75, 12], "texture": "#1"},
				"south": {"uv": [12.5, 6.5, 13, 7], "texture": "#1"},
				"west": {"uv": [9, 11.5, 9.75, 12], "texture": "#1"},
				"up": {"uv": [10.5, 12.25, 10, 11.5], "texture": "#1"},
				"down": {"uv": [11, 11.5, 10.5, 12.25], "texture": "#1"}
			}
		},
		{
			"from": [7.1, -5.39654, 8],
			"to": [8.9, -3.17154, 8],
			"shade": false,
			"rotation": {"angle": 0, "axis": "y", "origin": [8, -4.03404, 8]},
			"faces": {
				"north": {"uv": [5, 9, 6, 10], "texture": "#1"},
				"east": {"uv": [0, 0, 0, 1], "texture": "#1"},
				"south": {"uv": [6, 9, 7, 10], "texture": "#1"},
				"west": {"uv": [0, 0, 0, 1], "texture": "#1"},
				"up": {"uv": [1, 0, 0, 0], "texture": "#1"},
				"down": {"uv": [1, 0, 0, 0], "texture": "#1"}
			}
		},
		{
			"from": [7.81073, -3.42061, 7],
			"to": [8.53573, -2.69561, 9],
			"shade": false,
			"rotation": {"angle": -45, "axis": "z", "origin": [8.16073, -2.82061, 8]},
			"faces": {
				"north": {"uv": [0, 15.5, 0.5, 16], "texture": "#1"},
				"east": {"uv": [0, 15.5, 0.25, 16], "texture": "#1"},
				"south": {"uv": [0.5, 15.5, 0, 16], "texture": "#1"},
				"west": {"uv": [0.5, 15.5, 0.25, 16], "texture": "#1"},
				"up": {"uv": [0.5, 15.5, 0, 15.75], "texture": "#1"},
				"down": {"uv": [0.5, 15.75, 0, 16], "texture": "#1"}
			}
		},
		{
			"from": [6.9734, -2.9854, 7.244],
			"to": [8.2354, -2.2234, 8.756],
			"shade": false,
			"rotation": {"angle": 22.5, "axis": "z", "origin": [7.7294, -2.7294, 8]},
			"faces": {
				"north": {"uv": [5.5, 12.5, 6, 13], "texture": "#1"},
				"east": {"uv": [6.5, 11.5, 7.25, 12], "texture": "#1"},
				"south": {"uv": [12.5, 6, 13, 6.5], "texture": "#1"},
				"west": {"uv": [11.5, 6.5, 12.25, 7], "texture": "#1"},
				"up": {"uv": [9, 10.75, 8.5, 10], "texture": "#1"},
				"down": {"uv": [12, 7, 11.5, 7.75], "texture": "#1"}
			}
		},
		{
			"from": [6.492, 10.492, 6.992],
			"to": [9.508, 13.458, 9.008],
			"shade": false,
			"rotation": {"angle": 0, "axis": "y", "origin": [7, 10, 7]},
			"faces": {
				"north": {"uv": [4.5, 3, 6, 4.5], "texture": "#1"},
				"east": {"uv": [6.5, 7.5, 7.5, 9], "texture": "#1"},
				"south": {"uv": [4.5, 4.5, 6, 6], "texture": "#1"},
				"west": {"uv": [7.5, 7.5, 8.5, 9], "texture": "#1"},
				"up": {"uv": [1.5, 9.5, 0, 8.5], "texture": "#1"},
				"down": {"uv": [10, 4.5, 8.5, 5.5], "texture": "#1"}
			}
		},
		{
			"from": [7.23501, 13.59629, 6.996],
			"to": [8.85801, 14.17929, 9.004],
			"shade": false,
			"rotation": {"angle": -22.5, "axis": "z", "origin": [7.36401, 12.20029, 8]},
			"faces": {
				"north": {"uv": [13, 4.5, 13.75, 4.75], "texture": "#1"},
				"east": {"uv": [9.5, 12.5, 10.5, 12.75], "texture": "#1"},
				"south": {"uv": [5, 13, 5.75, 13.25], "texture": "#1"},
				"west": {"uv": [12.5, 9.5, 13.5, 9.75], "texture": "#1"},
				"up": {"uv": [10.75, 9, 10, 8], "texture": "#1"},
				"down": {"uv": [10.75, 9, 10, 10], "texture": "#1"}
			}
		},
		{
			"from": [7.14522, 13.60412, 7],
			"to": [8.76022, 14.17912, 9],
			"shade": false,
			"rotation": {"angle": 22.5, "axis": "z", "origin": [8.64522, 12.20412, 8]},
			"faces": {
				"north": {"uv": [13, 6, 13.75, 6.25], "texture": "#1"},
				"east": {"uv": [12.5, 10, 13.5, 10.25], "texture": "#1"},
				"south": {"uv": [6.5, 13, 7.25, 13.25], "texture": "#1"},
				"west": {"uv": [10.5, 12.5, 11.5, 12.75], "texture": "#1"},
				"up": {"uv": [10.75, 11, 10, 10], "texture": "#1"},
				"down": {"uv": [11.25, 0, 10.5, 1], "texture": "#1"}
			}
		},
		{
			"from": [7.14522, 9.77088, 7],
			"to": [8.76022, 10.34588, 9],
			"shade": false,
			"rotation": {"angle": -22.5, "axis": "z", "origin": [8.64522, 11.74588, 8]},
			"faces": {
				"north": {"uv": [13, 8.5, 13.75, 8.75], "texture": "#1"},
				"east": {"uv": [12.5, 12, 13.5, 12.25], "texture": "#1"},
				"south": {"uv": [13, 9, 13.75, 9.25], "texture": "#1"},
				"west": {"uv": [12.5, 12.5, 13.5, 12.75], "texture": "#1"},
				"up": {"uv": [11.25, 4, 10.5, 3], "texture": "#1"},
				"down": {"uv": [11.25, 4, 10.5, 5], "texture": "#1"}
			}
		},
		{
			"from": [7.23301, 9.76871, 6.994],
			"to": [8.86001, 10.35571, 9.006],
			"shade": false,
			"rotation": {"angle": 22.5, "axis": "z", "origin": [7.36401, 11.74971, 8]},
			"faces": {
				"north": {"uv": [13, 6.5, 13.75, 6.75], "texture": "#1"},
				"east": {"uv": [11.5, 12.5, 12.5, 12.75], "texture": "#1"},
				"south": {"uv": [7.5, 13, 8.25, 13.25], "texture": "#1"},
				"west": {"uv": [12.5, 11.5, 13.5, 11.75], "texture": "#1"},
				"up": {"uv": [11.25, 2, 10.5, 1], "texture": "#1"},
				"down": {"uv": [11.25, 2, 10.5, 3], "texture": "#1"}
			}
		},
		{
			"from": [6.992, 10.942, 6.492],
			"to": [9.008, 12.958, 9.508],
			"shade": false,
			"rotation": {"angle": 45, "axis": "z", "origin": [8, 11.95, 8]},
			"faces": {
				"north": {"uv": [7, 9, 8, 10], "texture": "#1"},
				"east": {"uv": [8.5, 5.5, 10, 6.5], "texture": "#1"},
				"south": {"uv": [8, 9, 9, 10], "texture": "#1"},
				"west": {"uv": [8.5, 6.5, 10, 7.5], "texture": "#1"},
				"up": {"uv": [2.5, 9.5, 1.5, 8], "texture": "#1"},
				"down": {"uv": [9.5, 7.5, 8.5, 9], "texture": "#1"}
			}
		},
		{
			"name": "ef",
			"from": [3, 8, 8],
			"to": [12.5, 24, 8],
			"shade": false,
			"rotation": {"angle": 0, "axis": "y", "origin": [6.75, -1, 8]},
			"faces": {
				"north": {"uv": [0.75, 7, 7.75, 16], "texture": "#2"},
				"east": {"uv": [0, 0, 0, 9], "texture": "#2"},
				"south": {"uv": [0.75, 7, 7.75, 16], "texture": "#2"},
				"west": {"uv": [0, 0, 0, 9], "texture": "#2"},
				"up": {"uv": [0, 0, 5, 0], "texture": "#2"},
				"down": {"uv": [0, 0, 5, 0], "texture": "#2"}
			}
		},
		{
			"name": "1",
			"from": [4.35, 6.5, 6.6],
			"to": [4.65, 6.8, 6.9],
			"shade": false,
			"rotation": {"angle": 0, "axis": "y", "origin": [4.5, 7.7, 6.75]},
			"faces": {
				"north": {"uv": [15.75, 15.75, 16, 16], "texture": "#2"},
				"east": {"uv": [15.75, 15.75, 16, 16], "texture": "#2"},
				"south": {"uv": [15.75, 15.75, 16, 16], "texture": "#2"},
				"west": {"uv": [15.75, 15.75, 16, 16], "texture": "#2"},
				"up": {"uv": [15.75, 15.75, 16, 16], "texture": "#2"},
				"down": {"uv": [15.75, 15.75, 16, 16], "texture": "#2"}
			}
		},
		{
			"name": "2",
			"from": [4.275, 6.88209, 6.23799],
			"to": [4.725, 7.33209, 6.68799],
			"shade": false,
			"rotation": {"angle": -22.5, "axis": "x", "origin": [4.5, 7.8, 6.75]},
			"faces": {
				"north": {"uv": [15.5, 15.75, 15.75, 16], "texture": "#2"},
				"east": {"uv": [15.5, 15.75, 15.75, 16], "texture": "#2"},
				"south": {"uv": [15.5, 15.75, 15.75, 16], "texture": "#2"},
				"west": {"uv": [15.5, 15.75, 15.75, 16], "texture": "#2"},
				"up": {"uv": [15.5, 15.75, 15.75, 16], "texture": "#2"},
				"down": {"uv": [15.5, 15.75, 15.75, 16], "texture": "#2"}
			}
		},
		{
			"name": "3",
			"from": [3.96716, 7.41716, 6.5],
			"to": [4.46716, 7.91716, 7],
			"shade": false,
			"rotation": {"angle": 45, "axis": "z", "origin": [4.5, 7.95, 6.75]},
			"faces": {
				"north": {"uv": [15.25, 15.75, 15.5, 16], "texture": "#2"},
				"east": {"uv": [15.25, 15.75, 15.5, 16], "texture": "#2"},
				"south": {"uv": [15.25, 15.75, 15.5, 16], "texture": "#2"},
				"west": {"uv": [15.25, 15.75, 15.5, 16], "texture": "#2"},
				"up": {"uv": [15.25, 15.75, 15.5, 16], "texture": "#2"},
				"down": {"uv": [15.25, 15.75, 15.5, 16], "texture": "#2"}
			}
		},
		{
			"name": "4",
			"from": [4.25, 7.91142, 6.5574],
			"to": [4.75, 8.41142, 7.0574],
			"shade": false,
			"rotation": {"angle": 22.5, "axis": "x", "origin": [4.5, 8.3, 6.75]},
			"faces": {
				"north": {"uv": [15, 15.75, 15.25, 16], "texture": "#2"},
				"east": {"uv": [15, 15.75, 15.25, 16], "texture": "#2"},
				"south": {"uv": [15, 15.75, 15.25, 16], "texture": "#2"},
				"west": {"uv": [15, 15.75, 15.25, 16], "texture": "#2"},
				"up": {"uv": [15, 15.75, 15.25, 16], "texture": "#2"},
				"down": {"uv": [15, 15.75, 15.25, 16], "texture": "#2"}
			}
		},
		{
			"name": "5",
			"from": [4.25, 8.45, 6.5],
			"to": [4.75, 8.95, 7],
			"shade": false,
			"rotation": {"angle": 0, "axis": "y", "origin": [4.5, 8.65, 6.75]},
			"faces": {
				"north": {"uv": [14.75, 15.75, 15, 16], "texture": "#2"},
				"east": {"uv": [14.75, 15.75, 15, 16], "texture": "#2"},
				"south": {"uv": [14.75, 15.75, 15, 16], "texture": "#2"},
				"west": {"uv": [14.75, 15.75, 15, 16], "texture": "#2"},
				"up": {"uv": [14.75, 15.75, 15, 16], "texture": "#2"},
				"down": {"uv": [14.75, 15.75, 15, 16], "texture": "#2"}
			}
		},
		{
			"name": "6",
			"from": [4.25, 9.02336, 6.36606],
			"to": [4.75, 9.52336, 6.86606],
			"shade": false,
			"rotation": {"angle": 22.5, "axis": "x", "origin": [4.5, 8.95, 6.75]},
			"faces": {
				"north": {"uv": [14.5, 15.75, 14.75, 16], "texture": "#2"},
				"east": {"uv": [14.5, 15.75, 14.75, 16], "texture": "#2"},
				"south": {"uv": [14.5, 15.75, 14.75, 16], "texture": "#2"},
				"west": {"uv": [14.5, 15.75, 14.75, 16], "texture": "#2"},
				"up": {"uv": [14.5, 15.75, 14.75, 16], "texture": "#2"},
				"down": {"uv": [14.5, 15.75, 14.75, 16], "texture": "#2"}
			}
		},
		{
			"name": "7",
			"from": [4.75962, 9.35962, 6.525],
			"to": [5.15962, 9.75962, 6.975],
			"shade": false,
			"rotation": {"angle": 45, "axis": "z", "origin": [4.5, 9.1, 6.75]},
			"faces": {
				"north": {"uv": [14.25, 15.75, 14.5, 16], "texture": "#2"},
				"east": {"uv": [14.25, 15.75, 14.5, 16], "texture": "#2"},
				"south": {"uv": [14.25, 15.75, 14.5, 16], "texture": "#2"},
				"west": {"uv": [14.25, 15.75, 14.5, 16], "texture": "#2"},
				"up": {"uv": [14.25, 15.75, 14.5, 16], "texture": "#2"},
				"down": {"uv": [14.25, 15.75, 14.5, 16], "texture": "#2"}
			}
		},
		{
			"name": "8",
			"from": [4.25, 9.84507, 6.09818],
			"to": [4.75, 10.34507, 6.59818],
			"shade": false,
			"rotation": {"angle": 22.5, "axis": "x", "origin": [4.5, 9.125, 6.75]},
			"faces": {
				"north": {"uv": [14, 15.75, 14.25, 16], "texture": "#2"},
				"east": {"uv": [14, 15.75, 14.25, 16], "texture": "#2"},
				"south": {"uv": [14, 15.75, 14.25, 16], "texture": "#2"},
				"west": {"uv": [14, 15.75, 14.25, 16], "texture": "#2"},
				"up": {"uv": [14, 15.75, 14.25, 16], "texture": "#2"},
				"down": {"uv": [14, 15.75, 14.25, 16], "texture": "#2"}
			}
		},
		{
			"name": "9",
			"from": [4.25, 10.25, 6.5],
			"to": [4.75, 10.75, 7],
			"shade": false,
			"rotation": {"angle": -22.5, "axis": "y", "origin": [4.5, 10.5, 6.75]},
			"faces": {
				"north": {"uv": [13.75, 15.75, 14, 16], "texture": "#2"},
				"east": {"uv": [13.75, 15.75, 14, 16], "texture": "#2"},
				"south": {"uv": [13.75, 15.75, 14, 16], "texture": "#2"},
				"west": {"uv": [13.75, 15.75, 14, 16], "texture": "#2"},
				"up": {"uv": [13.75, 15.75, 14, 16], "texture": "#2"},
				"down": {"uv": [13.75, 15.75, 14, 16], "texture": "#2"}
			}
		},
		{
			"name": "10",
			"from": [4.25, 10.7, 6.5],
			"to": [4.75, 11.2, 7],
			"shade": false,
			"rotation": {"angle": 45, "axis": "z", "origin": [4.5, 10.95, 6.75]},
			"faces": {
				"north": {"uv": [13.5, 15.75, 13.75, 16], "texture": "#2"},
				"east": {"uv": [13.5, 15.75, 13.75, 16], "texture": "#2"},
				"south": {"uv": [13.5, 15.75, 13.75, 16], "texture": "#2"},
				"west": {"uv": [13.5, 15.75, 13.75, 16], "texture": "#2"},
				"up": {"uv": [13.5, 15.75, 13.75, 16], "texture": "#2"},
				"down": {"uv": [13.5, 15.75, 13.75, 16], "texture": "#2"}
			}
		},
		{
			"name": "11",
			"from": [4.25, 11.1, 6.5],
			"to": [4.75, 11.6, 7],
			"shade": false,
			"rotation": {"angle": 22.5, "axis": "z", "origin": [4.5, 11.35, 6.75]},
			"faces": {
				"north": {"uv": [13.25, 15.75, 13.5, 16], "texture": "#2"},
				"east": {"uv": [13.25, 15.75, 13.5, 16], "texture": "#2"},
				"south": {"uv": [13.25, 15.75, 13.5, 16], "texture": "#2"},
				"west": {"uv": [13.25, 15.75, 13.5, 16], "texture": "#2"},
				"up": {"uv": [13.25, 15.75, 13.5, 16], "texture": "#2"},
				"down": {"uv": [13.25, 15.75, 13.5, 16], "texture": "#2"}
			}
		},
		{
			"name": "12",
			"from": [4.3, 11.6, 6.55],
			"to": [4.7, 12, 6.95],
			"shade": false,
			"rotation": {"angle": -45, "axis": "x", "origin": [4.5, 11.8, 6.75]},
			"faces": {
				"north": {"uv": [13, 15.75, 13.25, 16], "texture": "#2"},
				"east": {"uv": [13, 15.75, 13.25, 16], "texture": "#2"},
				"south": {"uv": [13, 15.75, 13.25, 16], "texture": "#2"},
				"west": {"uv": [13, 15.75, 13.25, 16], "texture": "#2"},
				"up": {"uv": [13, 15.75, 13.25, 16], "texture": "#2"},
				"down": {"uv": [13, 15.75, 13.25, 16], "texture": "#2"}
			}
		},
		{
			"name": "1",
			"from": [13.35, 11, 9.1],
			"to": [13.65, 11.3, 9.4],
			"shade": false,
			"rotation": {"angle": 0, "axis": "y", "origin": [13.5, 12.2, 9.25]},
			"faces": {
				"north": {"uv": [15.75, 15.5, 16, 15.75], "texture": "#2"},
				"east": {"uv": [15.75, 15.5, 16, 15.75], "texture": "#2"},
				"south": {"uv": [15.75, 15.5, 16, 15.75], "texture": "#2"},
				"west": {"uv": [15.75, 15.5, 16, 15.75], "texture": "#2"},
				"up": {"uv": [16, 15.75, 15.75, 15.5], "texture": "#2"},
				"down": {"uv": [16, 15.75, 15.75, 15.5], "texture": "#2"}
			}
		},
		{
			"name": "2",
			"from": [13.275, 11.38209, 9.31201],
			"to": [13.725, 11.83209, 9.76201],
			"shade": false,
			"rotation": {"angle": 22.5, "axis": "x", "origin": [13.5, 12.3, 9.25]},
			"faces": {
				"north": {"uv": [15.5, 15.5, 15.75, 15.75], "texture": "#2"},
				"east": {"uv": [15.5, 15.5, 15.75, 15.75], "texture": "#2"},
				"south": {"uv": [15.5, 15.5, 15.75, 15.75], "texture": "#2"},
				"west": {"uv": [15.5, 15.5, 15.75, 15.75], "texture": "#2"},
				"up": {"uv": [15.75, 15.75, 15.5, 15.5], "texture": "#2"},
				"down": {"uv": [15.75, 15.75, 15.5, 15.5], "texture": "#2"}
			}
		},
		{
			"name": "3",
			"from": [13.53284, 11.91716, 9],
			"to": [14.03284, 12.41716, 9.5],
			"shade": false,
			"rotation": {"angle": -45, "axis": "z", "origin": [13.5, 12.45, 9.25]},
			"faces": {
				"north": {"uv": [15.25, 15.5, 15.5, 15.75], "texture": "#2"},
				"east": {"uv": [15.25, 15.5, 15.5, 15.75], "texture": "#2"},
				"south": {"uv": [15.25, 15.5, 15.5, 15.75], "texture": "#2"},
				"west": {"uv": [15.25, 15.5, 15.5, 15.75], "texture": "#2"},
				"up": {"uv": [15.5, 15.75, 15.25, 15.5], "texture": "#2"},
				"down": {"uv": [15.5, 15.75, 15.25, 15.5], "texture": "#2"}
			}
		},
		{
			"name": "4",
			"from": [13.25, 12.41142, 8.9426],
			"to": [13.75, 12.91142, 9.4426],
			"shade": false,
			"rotation": {"angle": -22.5, "axis": "x", "origin": [13.5, 12.8, 9.25]},
			"faces": {
				"north": {"uv": [15, 15.5, 15.25, 15.75], "texture": "#2"},
				"east": {"uv": [15, 15.5, 15.25, 15.75], "texture": "#2"},
				"south": {"uv": [15, 15.5, 15.25, 15.75], "texture": "#2"},
				"west": {"uv": [15, 15.5, 15.25, 15.75], "texture": "#2"},
				"up": {"uv": [15.25, 15.75, 15, 15.5], "texture": "#2"},
				"down": {"uv": [15.25, 15.75, 15, 15.5], "texture": "#2"}
			}
		},
		{
			"name": "5",
			"from": [13.25, 12.95, 9],
			"to": [13.75, 13.45, 9.5],
			"shade": false,
			"rotation": {"angle": 0, "axis": "y", "origin": [13.5, 13.15, 9.25]},
			"faces": {
				"north": {"uv": [14.75, 15.5, 15, 15.75], "texture": "#2"},
				"east": {"uv": [14.75, 15.5, 15, 15.75], "texture": "#2"},
				"south": {"uv": [14.75, 15.5, 15, 15.75], "texture": "#2"},
				"west": {"uv": [14.75, 15.5, 15, 15.75], "texture": "#2"},
				"up": {"uv": [15, 15.75, 14.75, 15.5], "texture": "#2"},
				"down": {"uv": [15, 15.75, 14.75, 15.5], "texture": "#2"}
			}
		},
		{
			"name": "6",
			"from": [13.25, 13.52336, 9.13394],
			"to": [13.75, 14.02336, 9.63394],
			"shade": false,
			"rotation": {"angle": -22.5, "axis": "x", "origin": [13.5, 13.45, 9.25]},
			"faces": {
				"north": {"uv": [14.5, 15.5, 14.75, 15.75], "texture": "#2"},
				"east": {"uv": [14.5, 15.5, 14.75, 15.75], "texture": "#2"},
				"south": {"uv": [14.5, 15.5, 14.75, 15.75], "texture": "#2"},
				"west": {"uv": [14.5, 15.5, 14.75, 15.75], "texture": "#2"},
				"up": {"uv": [14.75, 15.75, 14.5, 15.5], "texture": "#2"},
				"down": {"uv": [14.75, 15.75, 14.5, 15.5], "texture": "#2"}
			}
		},
		{
			"name": "7",
			"from": [12.84038, 13.85962, 9.025],
			"to": [13.24038, 14.25962, 9.475],
			"shade": false,
			"rotation": {"angle": -45, "axis": "z", "origin": [13.5, 13.6, 9.25]},
			"faces": {
				"north": {"uv": [14.25, 15.5, 14.5, 15.75], "texture": "#2"},
				"east": {"uv": [14.25, 15.5, 14.5, 15.75], "texture": "#2"},
				"south": {"uv": [14.25, 15.5, 14.5, 15.75], "texture": "#2"},
				"west": {"uv": [14.25, 15.5, 14.5, 15.75], "texture": "#2"},
				"up": {"uv": [14.5, 15.75, 14.25, 15.5], "texture": "#2"},
				"down": {"uv": [14.5, 15.75, 14.25, 15.5], "texture": "#2"}
			}
		},
		{
			"name": "8",
			"from": [13.25, 14.34507, 9.40182],
			"to": [13.75, 14.84507, 9.90182],
			"shade": false,
			"rotation": {"angle": -22.5, "axis": "x", "origin": [13.5, 13.625, 9.25]},
			"faces": {
				"north": {"uv": [14, 15.5, 14.25, 15.75], "texture": "#2"},
				"east": {"uv": [14, 15.5, 14.25, 15.75], "texture": "#2"},
				"south": {"uv": [14, 15.5, 14.25, 15.75], "texture": "#2"},
				"west": {"uv": [14, 15.5, 14.25, 15.75], "texture": "#2"},
				"up": {"uv": [14.25, 15.75, 14, 15.5], "texture": "#2"},
				"down": {"uv": [14.25, 15.75, 14, 15.5], "texture": "#2"}
			}
		},
		{
			"name": "9",
			"from": [13.25, 14.75, 9],
			"to": [13.75, 15.25, 9.5],
			"shade": false,
			"rotation": {"angle": -22.5, "axis": "y", "origin": [13.5, 15, 9.25]},
			"faces": {
				"north": {"uv": [13.75, 15.5, 14, 15.75], "texture": "#2"},
				"east": {"uv": [13.75, 15.5, 14, 15.75], "texture": "#2"},
				"south": {"uv": [13.75, 15.5, 14, 15.75], "texture": "#2"},
				"west": {"uv": [13.75, 15.5, 14, 15.75], "texture": "#2"},
				"up": {"uv": [14, 15.75, 13.75, 15.5], "texture": "#2"},
				"down": {"uv": [14, 15.75, 13.75, 15.5], "texture": "#2"}
			}
		},
		{
			"name": "10",
			"from": [13.25, 15.2, 9],
			"to": [13.75, 15.7, 9.5],
			"shade": false,
			"rotation": {"angle": -45, "axis": "z", "origin": [13.5, 15.45, 9.25]},
			"faces": {
				"north": {"uv": [13.5, 15.5, 13.75, 15.75], "texture": "#2"},
				"east": {"uv": [13.5, 15.5, 13.75, 15.75], "texture": "#2"},
				"south": {"uv": [13.5, 15.5, 13.75, 15.75], "texture": "#2"},
				"west": {"uv": [13.5, 15.5, 13.75, 15.75], "texture": "#2"},
				"up": {"uv": [13.75, 15.75, 13.5, 15.5], "texture": "#2"},
				"down": {"uv": [13.75, 15.75, 13.5, 15.5], "texture": "#2"}
			}
		},
		{
			"name": "11",
			"from": [13.25, 15.6, 9],
			"to": [13.75, 16.1, 9.5],
			"shade": false,
			"rotation": {"angle": -22.5, "axis": "z", "origin": [13.5, 15.85, 9.25]},
			"faces": {
				"north": {"uv": [13.25, 15.5, 13.5, 15.75], "texture": "#2"},
				"east": {"uv": [13.25, 15.5, 13.5, 15.75], "texture": "#2"},
				"south": {"uv": [13.25, 15.5, 13.5, 15.75], "texture": "#2"},
				"west": {"uv": [13.25, 15.5, 13.5, 15.75], "texture": "#2"},
				"up": {"uv": [13.5, 15.75, 13.25, 15.5], "texture": "#2"},
				"down": {"uv": [13.5, 15.75, 13.25, 15.5], "texture": "#2"}
			}
		},
		{
			"name": "12",
			"from": [13.3, 16.1, 9.05],
			"to": [13.7, 16.5, 9.45],
			"shade": false,
			"rotation": {"angle": 45, "axis": "x", "origin": [13.5, 16.3, 9.25]},
			"faces": {
				"north": {"uv": [13, 15.5, 13.25, 15.75], "texture": "#2"},
				"east": {"uv": [13, 15.5, 13.25, 15.75], "texture": "#2"},
				"south": {"uv": [13, 15.5, 13.25, 15.75], "texture": "#2"},
				"west": {"uv": [13, 15.5, 13.25, 15.75], "texture": "#2"},
				"up": {"uv": [13.25, 15.75, 13, 15.5], "texture": "#2"},
				"down": {"uv": [13.25, 15.75, 13, 15.5], "texture": "#2"}
			}
		},
		{
			"name": "1",
			"from": [9.35, 13.5, 8.1],
			"to": [9.65, 13.8, 8.4],
			"shade": false,
			"rotation": {"angle": 0, "axis": "y", "origin": [9.5, 14.7, 8.25]},
			"faces": {
				"north": {"uv": [15.75, 15.25, 16, 15.5], "texture": "#2"},
				"east": {"uv": [15.75, 15.25, 16, 15.5], "texture": "#2"},
				"south": {"uv": [15.75, 15.25, 16, 15.5], "texture": "#2"},
				"west": {"uv": [15.75, 15.25, 16, 15.5], "texture": "#2"},
				"up": {"uv": [16, 15.5, 15.75, 15.25], "texture": "#2"},
				"down": {"uv": [16, 15.5, 15.75, 15.25], "texture": "#2"}
			}
		},
		{
			"name": "2",
			"from": [9.275, 13.88209, 8.31201],
			"to": [9.725, 14.33209, 8.76201],
			"shade": false,
			"rotation": {"angle": 22.5, "axis": "x", "origin": [9.5, 14.8, 8.25]},
			"faces": {
				"north": {"uv": [15.5, 15.25, 15.75, 15.5], "texture": "#2"},
				"east": {"uv": [15.5, 15.25, 15.75, 15.5], "texture": "#2"},
				"south": {"uv": [15.5, 15.25, 15.75, 15.5], "texture": "#2"},
				"west": {"uv": [15.5, 15.25, 15.75, 15.5], "texture": "#2"},
				"up": {"uv": [15.75, 15.5, 15.5, 15.25], "texture": "#2"},
				"down": {"uv": [15.75, 15.5, 15.5, 15.25], "texture": "#2"}
			}
		},
		{
			"name": "3",
			"from": [9.53284, 14.41716, 8],
			"to": [10.03284, 14.91716, 8.5],
			"shade": false,
			"rotation": {"angle": -45, "axis": "z", "origin": [9.5, 14.95, 8.25]},
			"faces": {
				"north": {"uv": [15.25, 15.25, 15.5, 15.5], "texture": "#2"},
				"east": {"uv": [15.25, 15.25, 15.5, 15.5], "texture": "#2"},
				"south": {"uv": [15.25, 15.25, 15.5, 15.5], "texture": "#2"},
				"west": {"uv": [15.25, 15.25, 15.5, 15.5], "texture": "#2"},
				"up": {"uv": [15.5, 15.5, 15.25, 15.25], "texture": "#2"},
				"down": {"uv": [15.5, 15.5, 15.25, 15.25], "texture": "#2"}
			}
		},
		{
			"name": "4",
			"from": [9.25, 14.91142, 7.9426],
			"to": [9.75, 15.41142, 8.4426],
			"shade": false,
			"rotation": {"angle": -22.5, "axis": "x", "origin": [9.5, 15.3, 8.25]},
			"faces": {
				"north": {"uv": [15, 15.25, 15.25, 15.5], "texture": "#2"},
				"east": {"uv": [15, 15.25, 15.25, 15.5], "texture": "#2"},
				"south": {"uv": [15, 15.25, 15.25, 15.5], "texture": "#2"},
				"west": {"uv": [15, 15.25, 15.25, 15.5], "texture": "#2"},
				"up": {"uv": [15.25, 15.5, 15, 15.25], "texture": "#2"},
				"down": {"uv": [15.25, 15.5, 15, 15.25], "texture": "#2"}
			}
		},
		{
			"name": "5",
			"from": [9.25, 15.45, 8],
			"to": [9.75, 15.95, 8.5],
			"shade": false,
			"rotation": {"angle": 0, "axis": "y", "origin": [9.5, 15.65, 8.25]},
			"faces": {
				"north": {"uv": [14.75, 15.25, 15, 15.5], "texture": "#2"},
				"east": {"uv": [14.75, 15.25, 15, 15.5], "texture": "#2"},
				"south": {"uv": [14.75, 15.25, 15, 15.5], "texture": "#2"},
				"west": {"uv": [14.75, 15.25, 15, 15.5], "texture": "#2"},
				"up": {"uv": [15, 15.5, 14.75, 15.25], "texture": "#2"},
				"down": {"uv": [15, 15.5, 14.75, 15.25], "texture": "#2"}
			}
		},
		{
			"name": "6",
			"from": [9.25, 16.02336, 8.13394],
			"to": [9.75, 16.52336, 8.63394],
			"shade": false,
			"rotation": {"angle": -22.5, "axis": "x", "origin": [9.5, 15.95, 8.25]},
			"faces": {
				"north": {"uv": [14.5, 15.25, 14.75, 15.5], "texture": "#2"},
				"east": {"uv": [14.5, 15.25, 14.75, 15.5], "texture": "#2"},
				"south": {"uv": [14.5, 15.25, 14.75, 15.5], "texture": "#2"},
				"west": {"uv": [14.5, 15.25, 14.75, 15.5], "texture": "#2"},
				"up": {"uv": [14.75, 15.5, 14.5, 15.25], "texture": "#2"},
				"down": {"uv": [14.75, 15.5, 14.5, 15.25], "texture": "#2"}
			}
		},
		{
			"name": "7",
			"from": [8.84038, 16.35962, 8.025],
			"to": [9.24038, 16.75962, 8.475],
			"shade": false,
			"rotation": {"angle": -45, "axis": "z", "origin": [9.5, 16.1, 8.25]},
			"faces": {
				"north": {"uv": [14.25, 15.25, 14.5, 15.5], "texture": "#2"},
				"east": {"uv": [14.25, 15.25, 14.5, 15.5], "texture": "#2"},
				"south": {"uv": [14.25, 15.25, 14.5, 15.5], "texture": "#2"},
				"west": {"uv": [14.25, 15.25, 14.5, 15.5], "texture": "#2"},
				"up": {"uv": [14.5, 15.5, 14.25, 15.25], "texture": "#2"},
				"down": {"uv": [14.5, 15.5, 14.25, 15.25], "texture": "#2"}
			}
		},
		{
			"name": "8",
			"from": [9.25, 16.84507, 8.40182],
			"to": [9.75, 17.34507, 8.90182],
			"shade": false,
			"rotation": {"angle": -22.5, "axis": "x", "origin": [9.5, 16.125, 8.25]},
			"faces": {
				"north": {"uv": [14, 15.25, 14.25, 15.5], "texture": "#2"},
				"east": {"uv": [14, 15.25, 14.25, 15.5], "texture": "#2"},
				"south": {"uv": [14, 15.25, 14.25, 15.5], "texture": "#2"},
				"west": {"uv": [14, 15.25, 14.25, 15.5], "texture": "#2"},
				"up": {"uv": [14.25, 15.5, 14, 15.25], "texture": "#2"},
				"down": {"uv": [14.25, 15.5, 14, 15.25], "texture": "#2"}
			}
		},
		{
			"name": "9",
			"from": [9.25, 17.25, 8],
			"to": [9.75, 17.75, 8.5],
			"shade": false,
			"rotation": {"angle": -22.5, "axis": "y", "origin": [9.5, 17.5, 8.25]},
			"faces": {
				"north": {"uv": [13.75, 15.25, 14, 15.5], "texture": "#2"},
				"east": {"uv": [13.75, 15.25, 14, 15.5], "texture": "#2"},
				"south": {"uv": [13.75, 15.25, 14, 15.5], "texture": "#2"},
				"west": {"uv": [13.75, 15.25, 14, 15.5], "texture": "#2"},
				"up": {"uv": [14, 15.5, 13.75, 15.25], "texture": "#2"},
				"down": {"uv": [14, 15.5, 13.75, 15.25], "texture": "#2"}
			}
		},
		{
			"name": "10",
			"from": [9.25, 17.7, 8],
			"to": [9.75, 18.2, 8.5],
			"shade": false,
			"rotation": {"angle": -45, "axis": "z", "origin": [9.5, 17.95, 8.25]},
			"faces": {
				"north": {"uv": [13.5, 15.25, 13.75, 15.5], "texture": "#2"},
				"east": {"uv": [13.5, 15.25, 13.75, 15.5], "texture": "#2"},
				"south": {"uv": [13.5, 15.25, 13.75, 15.5], "texture": "#2"},
				"west": {"uv": [13.5, 15.25, 13.75, 15.5], "texture": "#2"},
				"up": {"uv": [13.75, 15.5, 13.5, 15.25], "texture": "#2"},
				"down": {"uv": [13.75, 15.5, 13.5, 15.25], "texture": "#2"}
			}
		},
		{
			"name": "11",
			"from": [9.25, 18.1, 8],
			"to": [9.75, 18.6, 8.5],
			"shade": false,
			"rotation": {"angle": -22.5, "axis": "z", "origin": [9.5, 18.35, 8.25]},
			"faces": {
				"north": {"uv": [13.25, 15.25, 13.5, 15.5], "texture": "#2"},
				"east": {"uv": [13.25, 15.25, 13.5, 15.5], "texture": "#2"},
				"south": {"uv": [13.25, 15.25, 13.5, 15.5], "texture": "#2"},
				"west": {"uv": [13.25, 15.25, 13.5, 15.5], "texture": "#2"},
				"up": {"uv": [13.5, 15.5, 13.25, 15.25], "texture": "#2"},
				"down": {"uv": [13.5, 15.5, 13.25, 15.25], "texture": "#2"}
			}
		},
		{
			"name": "12",
			"from": [9.3, 18.6, 8.05],
			"to": [9.7, 19, 8.45],
			"shade": false,
			"rotation": {"angle": 45, "axis": "x", "origin": [9.5, 18.8, 8.25]},
			"faces": {
				"north": {"uv": [13, 15.25, 13.25, 15.5], "texture": "#2"},
				"east": {"uv": [13, 15.25, 13.25, 15.5], "texture": "#2"},
				"south": {"uv": [13, 15.25, 13.25, 15.5], "texture": "#2"},
				"west": {"uv": [13, 15.25, 13.25, 15.5], "texture": "#2"},
				"up": {"uv": [13.25, 15.5, 13, 15.25], "texture": "#2"},
				"down": {"uv": [13.25, 15.5, 13, 15.25], "texture": "#2"}
			}
		}
	],
	"gui_light": "front",
	"display": {
		"thirdperson_righthand": {
			"rotation": [0, 90, 0],
			"translation": [0, 5.25, 2]
		},
		"thirdperson_lefthand": {
			"rotation": [0, -90, 0],
			"translation": [0, 5.25, 2]
		},
		"firstperson_righthand": {
			"rotation": [98.44, 76.6, -98.67],
			"translation": [4, 2.25, -1.75]
		},
		"firstperson_lefthand": {
			"rotation": [-96.87, -75.95, -96.23],
			"translation": [4, 2.25, -1.75]
		},
		"ground": {
			"rotation": [0, 0, 45],
			"translation": [0, -1, 0],
			"scale": [0.3, 0.3, 0.3]
		},
		"gui": {
			"rotation": [-180, 0, -135],
			"translation": [-0.25, -0.5, 0],
			"scale": [0.76, 0.76, 0.76]
		},
		"head": {
			"scale": [0, 0, 0]
		},
		"fixed": {
			"translation": [0, 1.25, -0.75],
			"scale": [0.8, 0.8, 0.8]
		}
	},
	"groups": [
		0,
		1,
		2,
		3,
		4,
		5,
		6,
		7,
		8,
		9,
		10,
		11,
		12,
		13,
		14,
		15,
		16,
		17,
		18,
		19,
		20,
		21,
		22,
		23,
		24,
		25,
		26,
		27,
		28,
		29,
		30,
		31,
		32,
		33,
		34,
		35,
		36,
		37,
		38,
		39,
		40,
		41,
		42,
		{
			"name": "all_ef",
			"origin": [8, 8, 8],
			"color": 0,
			"shade": false,
			"children": [
				43,
				{
					"name": "efy",
					"origin": [-2, 2.9, 5],
					"color": 0,
					"shade": false,
					"children": [44, 45, 46, 47, 48, 49, 50, 51, 52, 53, 54, 55]
				},
				{
					"name": "efy",
					"origin": [-2, 2.9, 5],
					"color": 0,
					"shade": false,
					"children": [56, 57, 58, 59, 60, 61, 62, 63, 64, 65, 66, 67]
				},
				{
					"name": "efy",
					"origin": [-2, 2.9, 5],
					"color": 0,
					"shade": false,
					"children": [68, 69, 70, 71, 72, 73, 74, 75, 76, 77, 78, 79]
				}
			]
		}
	]
}