{
	"credit": "Made with Blockbench",
	"texture_size": [64, 64],
	"textures": {
		"2": "item/crown/crown_n_3_long",
		"particle": "item/crown/crown_n_3_long"
	},
	"elements": [
		{
			"from": [-0.002, 3.998, -0.002],
			"to": [16.002, 5.002, 1.002],
			"shade": false,
			"rotation": {"angle": 0, "axis": "y", "origin": [7, 4, 0]},
			"faces": {
				"north": {"uv": [8, 10.5, 12, 10.75], "texture": "#2"},
				"east": {"uv": [12.75, 11.25, 13, 11.5], "texture": "#2"},
				"south": {"uv": [8, 10.75, 12, 11], "texture": "#2"},
				"west": {"uv": [13, 7.75, 13.25, 8], "texture": "#2"},
				"up": {"uv": [4, 11.25, 0, 11], "texture": "#2"},
				"down": {"uv": [8, 11, 4, 11.25], "texture": "#2"}
			}
		},
		{
			"from": [-0.752, 4.998, 0.198],
			"to": [16.752, 9.002, 0.202],
			"shade": false,
			"rotation": {"angle": 0, "axis": "y", "origin": [7, 4, 0.2]},
			"faces": {
				"north": {"uv": [7.5, 7, 11.875, 8], "texture": "#2"},
				"east": {"uv": [0, 0, 0, 1], "texture": "#2"},
				"south": {"uv": [11.875, 7, 7.5, 8], "texture": "#2"},
				"west": {"uv": [0, 0, 0, 1], "texture": "#2"},
				"up": {"uv": [4.375, 0, 0, 0], "texture": "#2"},
				"down": {"uv": [4.375, 0, 0, 0], "texture": "#2"}
			}
		},
		{
			"from": [-0.752, 4.998, 15.798],
			"to": [16.752, 9.002, 15.802],
			"shade": false,
			"rotation": {"angle": 0, "axis": "y", "origin": [7, 4, 15.8]},
			"faces": {
				"north": {"uv": [12.875, 1, 8.5, 2], "texture": "#2"},
				"east": {"uv": [0, 0, 0, 1], "texture": "#2"},
				"south": {"uv": [8.5, 1, 12.875, 2], "texture": "#2"},
				"west": {"uv": [0, 0, 0, 1], "texture": "#2"},
				"up": {"uv": [4.375, 0, 0, 0], "texture": "#2"},
				"down": {"uv": [4.375, 0, 0, 0], "texture": "#2"}
			}
		},
		{
			"from": [-0.502, 4.998, 0.498],
			"to": [16.502, 18.852, 0.502],
			"shade": false,
			"rotation": {"angle": 0, "axis": "y", "origin": [7, 4, 0]},
			"faces": {
				"north": {"uv": [0, 0, 4.25, 3.5], "texture": "#2"},
				"east": {"uv": [0, 0, 0, 3.5], "texture": "#2"},
				"south": {"uv": [0, 3.5, 4.25, 7], "texture": "#2"},
				"west": {"uv": [0, 0, 0, 3.5], "texture": "#2"},
				"up": {"uv": [4.25, 0, 0, 0], "texture": "#2"},
				"down": {"uv": [4.25, 0, 0, 0], "texture": "#2"}
			}
		},
		{
			"from": [-0.502, 4.998, 15.498],
			"to": [16.502, 18.852, 15.502],
			"shade": false,
			"rotation": {"angle": 0, "axis": "y", "origin": [7, 4, 16]},
			"faces": {
				"north": {"uv": [4.25, 0, 8.5, 3.5], "texture": "#2"},
				"east": {"uv": [0, 0, 0, 3.5], "texture": "#2"},
				"south": {"uv": [4.25, 3.5, 8.5, 7], "texture": "#2"},
				"west": {"uv": [0, 0, 0, 3.5], "texture": "#2"},
				"up": {"uv": [4.25, 0, 0, 0], "texture": "#2"},
				"down": {"uv": [4.25, 0, 0, 0], "texture": "#2"}
			}
		},
		{
			"from": [-0.502, 4.998, 0.498],
			"to": [-0.498, 18.852, 15.502],
			"shade": false,
			"rotation": {"angle": 0, "axis": "y", "origin": [-0.5, 9.925, 8.5]},
			"faces": {
				"north": {"uv": [0, 0, 0, 3.5], "texture": "#2"},
				"east": {"uv": [0, 7, 3.75, 10.5], "texture": "#2"},
				"south": {"uv": [0, 0, 0, 3.5], "texture": "#2"},
				"west": {"uv": [3.75, 7, 7.5, 10.5], "texture": "#2"},
				"up": {"uv": [0, 3.75, 0, 0], "texture": "#2"},
				"down": {"uv": [0, 0, 0, 3.75], "texture": "#2"}
			}
		},
		{
			"from": [5.998, 4.498, -0.252],
			"to": [10.002, 5.502, 1.002],
			"shade": false,
			"rotation": {"angle": 0, "axis": "y", "origin": [7, 4.5, 0]},
			"faces": {
				"north": {"uv": [12.5, 8.5, 13.5, 8.75], "texture": "#2"},
				"east": {"uv": [7, 14, 7.375, 14.25], "texture": "#2"},
				"south": {"uv": [12.75, 6.75, 13.75, 7], "texture": "#2"},
				"west": {"uv": [7.75, 14, 8.125, 14.25], "texture": "#2"},
				"up": {"uv": [3.75, 12.625, 2.75, 12.25], "texture": "#2"},
				"down": {"uv": [4.75, 12.25, 3.75, 12.625], "texture": "#2"}
			}
		},
		{
			"from": [5.992, 5.492, -0.258],
			"to": [7.008, 7.508, 1.008],
			"shade": false,
			"rotation": {"angle": 0, "axis": "y", "origin": [4, 4.5, 0]},
			"faces": {
				"north": {"uv": [3, 14, 3.25, 14.5], "texture": "#2"},
				"east": {"uv": [1.25, 13.5, 1.625, 14], "texture": "#2"},
				"south": {"uv": [14, 4.75, 14.25, 5.25], "texture": "#2"},
				"west": {"uv": [13.5, 3, 13.875, 3.5], "texture": "#2"},
				"up": {"uv": [14.25, 8.125, 14, 7.75], "texture": "#2"},
				"down": {"uv": [8.5, 14, 8.25, 14.375], "texture": "#2"}
			}
		},
		{
			"from": [-1.002, 5.498, 6.748],
			"to": [0.252, 6.502, 8.752],
			"shade": false,
			"rotation": {"angle": 0, "axis": "y", "origin": [0, 5.5, 7.75]},
			"faces": {
				"north": {"uv": [6.5, 14.25, 6.875, 14.5], "texture": "#2"},
				"east": {"uv": [13.75, 8.75, 14.25, 9], "texture": "#2"},
				"south": {"uv": [7, 14.25, 7.375, 14.5], "texture": "#2"},
				"west": {"uv": [13.75, 10.5, 14.25, 10.75], "texture": "#2"},
				"up": {"uv": [10.875, 14, 10.5, 13.5], "texture": "#2"},
				"down": {"uv": [13.875, 11.25, 13.5, 11.75], "texture": "#2"}
			}
		},
		{
			"from": [-1.002, 5.498, 8.748],
			"to": [0.252, 8.502, 9.752],
			"shade": false,
			"rotation": {"angle": 0, "axis": "y", "origin": [0, 5.5, 7.75]},
			"faces": {
				"north": {"uv": [10, 12.75, 10.375, 13.5], "texture": "#2"},
				"east": {"uv": [1.75, 13.5, 2, 14.25], "texture": "#2"},
				"south": {"uv": [10.5, 12.75, 10.875, 13.5], "texture": "#2"},
				"west": {"uv": [8.75, 13.5, 9, 14.25], "texture": "#2"},
				"up": {"uv": [7.875, 14.5, 7.5, 14.25], "texture": "#2"},
				"down": {"uv": [14.625, 7.5, 14.25, 7.75], "texture": "#2"}
			}
		},
		{
			"from": [-1.002, 7.498, 9.748],
			"to": [0.252, 8.502, 16.127],
			"shade": false,
			"rotation": {"angle": 0, "axis": "y", "origin": [0, 6.5, 7.75]},
			"faces": {
				"north": {"uv": [14.25, 7.75, 14.625, 8], "texture": "#2"},
				"east": {"uv": [12, 8.75, 13.625, 9], "texture": "#2"},
				"south": {"uv": [14.25, 8, 14.625, 8.25], "texture": "#2"},
				"west": {"uv": [12, 10.5, 13.625, 10.75], "texture": "#2"},
				"up": {"uv": [12.375, 8.625, 12, 7], "texture": "#2"},
				"down": {"uv": [9.375, 12, 9, 13.625], "texture": "#2"}
			}
		},
		{
			"from": [0.248, 7.498, 14.873],
			"to": [15.752, 8.502, 16.127],
			"shade": false,
			"rotation": {"angle": 0, "axis": "y", "origin": [8, 8, 15.5]},
			"faces": {
				"north": {"uv": [1, 12, 4.875, 12.25], "texture": "#2"},
				"east": {"uv": [14.25, 10.75, 14.625, 11], "texture": "#2"},
				"south": {"uv": [5, 12, 8.875, 12.25], "texture": "#2"},
				"west": {"uv": [14.25, 11, 14.625, 11.25], "texture": "#2"},
				"up": {"uv": [3.875, 10.875, 0, 10.5], "texture": "#2"},
				"down": {"uv": [7.875, 10.5, 4, 10.875], "texture": "#2"}
			}
		},
		{
			"from": [-1.002, 6.498, 6.748],
			"to": [0.252, 7.502, 7.752],
			"shade": false,
			"rotation": {"angle": 0, "axis": "y", "origin": [0, 4.5, 4.75]},
			"faces": {
				"north": {"uv": [14.25, 5.25, 14.625, 5.5], "texture": "#2"},
				"east": {"uv": [14.5, 0, 14.75, 0.25], "texture": "#2"},
				"south": {"uv": [14.25, 5.5, 14.625, 5.75], "texture": "#2"},
				"west": {"uv": [14.5, 0.25, 14.75, 0.5], "texture": "#2"},
				"up": {"uv": [14.625, 6, 14.25, 5.75], "texture": "#2"},
				"down": {"uv": [14.625, 6, 14.25, 6.25], "texture": "#2"}
			}
		},
		{
			"from": [5.43251, 6.84955, -0.256],
			"to": [6.44451, 10.86155, 1.006],
			"shade": false,
			"rotation": {"angle": 45, "axis": "z", "origin": [5.93851, 7.85555, 0.375]},
			"faces": {
				"north": {"uv": [2, 13, 2.25, 14], "texture": "#2"},
				"east": {"uv": [4.75, 12.25, 5.125, 13.25], "texture": "#2"},
				"south": {"uv": [13, 2, 13.25, 3], "texture": "#2"},
				"west": {"uv": [5.25, 12.25, 5.625, 13.25], "texture": "#2"},
				"up": {"uv": [14.25, 8.625, 14, 8.25], "texture": "#2"},
				"down": {"uv": [8.75, 14, 8.5, 14.375], "texture": "#2"}
			}
		},
		{
			"from": [6.42851, 8.0126, -0.008],
			"to": [7.44451, 12.2786, 1.258],
			"shade": false,
			"rotation": {"angle": 45, "axis": "z", "origin": [6.93651, 9.0206, 0.625]},
			"faces": {
				"north": {"uv": [8.75, 12.25, 9, 13.375], "texture": "#2"},
				"east": {"uv": [11.5, 12, 11.875, 13.125], "texture": "#2"},
				"south": {"uv": [4.5, 12.75, 4.75, 13.875], "texture": "#2"},
				"west": {"uv": [12, 12, 12.375, 13.125], "texture": "#2"},
				"up": {"uv": [14.25, 11.125, 14, 10.75], "texture": "#2"},
				"down": {"uv": [11.25, 14, 11, 14.375], "texture": "#2"}
			}
		},
		{
			"from": [4.27803, 10.96114, -0.006],
			"to": [5.29003, 13.22314, 1.256],
			"shade": false,
			"rotation": {"angle": 0, "axis": "y", "origin": [4.78403, 12.84214, 0.625]},
			"faces": {
				"north": {"uv": [13.75, 5.5, 14, 6.125], "texture": "#2"},
				"east": {"uv": [13, 5, 13.375, 5.625], "texture": "#2"},
				"south": {"uv": [9, 13.75, 9.25, 14.375], "texture": "#2"},
				"west": {"uv": [13, 7, 13.375, 7.625], "texture": "#2"},
				"up": {"uv": [11.5, 14.375, 11.25, 14], "texture": "#2"},
				"down": {"uv": [14.25, 11.25, 14, 11.625], "texture": "#2"}
			}
		},
		{
			"from": [4.92991, 12.53208, -0.004],
			"to": [5.93791, 14.79008, 1.254],
			"shade": false,
			"rotation": {"angle": -45, "axis": "z", "origin": [5.43391, 13.66108, 0.625]},
			"faces": {
				"north": {"uv": [9.25, 13.75, 9.5, 14.375], "texture": "#2"},
				"east": {"uv": [13, 11.25, 13.375, 11.875], "texture": "#2"},
				"south": {"uv": [13.75, 11.75, 14, 12.375], "texture": "#2"},
				"west": {"uv": [12.5, 13, 12.875, 13.625], "texture": "#2"},
				"up": {"uv": [11.75, 14.375, 11.5, 14], "texture": "#2"},
				"down": {"uv": [12, 14, 11.75, 14.375], "texture": "#2"}
			}
		},
		{
			"from": [8.55549, 8.0126, -0.008],
			"to": [9.57149, 12.2786, 1.258],
			"shade": false,
			"rotation": {"angle": -45, "axis": "z", "origin": [9.06349, 9.0206, 0.625]},
			"faces": {
				"north": {"uv": [12.75, 5, 13, 6.125], "texture": "#2"},
				"east": {"uv": [1, 12.25, 1.375, 13.375], "texture": "#2"},
				"south": {"uv": [6.75, 12.75, 7, 13.875], "texture": "#2"},
				"west": {"uv": [1.5, 12.25, 1.875, 13.375], "texture": "#2"},
				"up": {"uv": [14, 14.375, 13.75, 14], "texture": "#2"},
				"down": {"uv": [14.25, 14, 14, 14.375], "texture": "#2"}
			}
		},
		{
			"from": [10.70997, 10.96114, -0.006],
			"to": [11.72197, 13.22314, 1.256],
			"shade": false,
			"rotation": {"angle": 0, "axis": "y", "origin": [11.21597, 12.84214, 0.625]},
			"faces": {
				"north": {"uv": [14, 0, 14.25, 0.625], "texture": "#2"},
				"east": {"uv": [5.25, 13.25, 5.625, 13.875], "texture": "#2"},
				"south": {"uv": [1.25, 14, 1.5, 14.625], "texture": "#2"},
				"west": {"uv": [5.75, 13.25, 6.125, 13.875], "texture": "#2"},
				"up": {"uv": [13.75, 14.375, 13.5, 14], "texture": "#2"},
				"down": {"uv": [14.25, 13.5, 14, 13.875], "texture": "#2"}
			}
		},
		{
			"from": [10.06209, 12.53208, -0.004],
			"to": [11.07009, 14.79008, 1.254],
			"shade": false,
			"rotation": {"angle": 45, "axis": "z", "origin": [10.56609, 13.66108, 0.625]},
			"faces": {
				"north": {"uv": [12.5, 13.75, 12.75, 14.375], "texture": "#2"},
				"east": {"uv": [2.75, 13.25, 3.125, 13.875], "texture": "#2"},
				"south": {"uv": [12.75, 13.75, 13, 14.375], "texture": "#2"},
				"west": {"uv": [4.75, 13.25, 5.125, 13.875], "texture": "#2"},
				"up": {"uv": [13.25, 14.375, 13, 14], "texture": "#2"},
				"down": {"uv": [13.5, 14, 13.25, 14.375], "texture": "#2"}
			}
		},
		{
			"from": [5.98217, 14.27845, -0.002],
			"to": [8.28617, 15.28245, 1.252],
			"shade": false,
			"rotation": {"angle": 22.5, "axis": "z", "origin": [7.10917, 14.78045, 0.625]},
			"faces": {
				"north": {"uv": [13.25, 12.75, 13.875, 13], "texture": "#2"},
				"east": {"uv": [14, 11.75, 14.375, 12], "texture": "#2"},
				"south": {"uv": [13.5, 1.75, 14.125, 2], "texture": "#2"},
				"west": {"uv": [12, 14, 12.375, 14.25], "texture": "#2"},
				"up": {"uv": [13.625, 6.125, 13, 5.75], "texture": "#2"},
				"down": {"uv": [13.625, 13, 13, 13.375], "texture": "#2"}
			}
		},
		{
			"from": [7.72477, 14.28045, 0],
			"to": [10.02477, 15.28045, 1.25],
			"shade": false,
			"rotation": {"angle": -22.5, "axis": "z", "origin": [8.89977, 14.78045, 0.625]},
			"faces": {
				"north": {"uv": [13.5, 7.5, 14.125, 7.75], "texture": "#2"},
				"east": {"uv": [14, 12, 14.375, 12.25], "texture": "#2"},
				"south": {"uv": [13.75, 6.75, 14.375, 7], "texture": "#2"},
				"west": {"uv": [14, 12.25, 14.375, 12.5], "texture": "#2"},
				"up": {"uv": [13.875, 2.375, 13.25, 2], "texture": "#2"},
				"down": {"uv": [13.875, 2.5, 13.25, 2.875], "texture": "#2"}
			}
		},
		{
			"from": [2.84581, 9.69909, -0.254],
			"to": [3.85381, 13.20709, 1.004],
			"shade": false,
			"rotation": {"angle": 22.5, "axis": "z", "origin": [3.34981, 11.20309, 0.375]},
			"faces": {
				"north": {"uv": [3.25, 13.25, 3.5, 14.125], "texture": "#2"},
				"east": {"uv": [8.25, 12.25, 8.625, 13.125], "texture": "#2"},
				"south": {"uv": [7.5, 13.25, 7.75, 14.125], "texture": "#2"},
				"west": {"uv": [12.5, 2, 12.875, 2.875], "texture": "#2"},
				"up": {"uv": [9.75, 14.375, 9.5, 14], "texture": "#2"},
				"down": {"uv": [10, 14, 9.75, 14.375], "texture": "#2"}
			}
		},
		{
			"from": [2.11989, 12.86059, -0.252],
			"to": [3.12389, 14.86459, 1.002],
			"shade": false,
			"rotation": {"angle": 0, "axis": "y", "origin": [2.62189, 13.86259, 0.375]},
			"faces": {
				"north": {"uv": [5, 14, 5.25, 14.5], "texture": "#2"},
				"east": {"uv": [3.5, 13.5, 3.875, 14], "texture": "#2"},
				"south": {"uv": [5.25, 14, 5.5, 14.5], "texture": "#2"},
				"west": {"uv": [13.5, 3.5, 13.875, 4], "texture": "#2"},
				"up": {"uv": [14.5, 0.375, 14.25, 0], "texture": "#2"},
				"down": {"uv": [14.5, 0.5, 14.25, 0.875], "texture": "#2"}
			}
		},
		{
			"from": [1.5524, 14.21015, -0.258],
			"to": [2.5684, 16.47615, 1.008],
			"shade": false,
			"rotation": {"angle": 45, "axis": "z", "origin": [2.0604, 15.21815, 0.375]},
			"faces": {
				"north": {"uv": [14, 2, 14.25, 2.625], "texture": "#2"},
				"east": {"uv": [11.5, 13.25, 11.875, 13.875], "texture": "#2"},
				"south": {"uv": [2.25, 14, 2.5, 14.625], "texture": "#2"},
				"west": {"uv": [12, 13.25, 12.375, 13.875], "texture": "#2"},
				"up": {"uv": [2, 14.625, 1.75, 14.25], "texture": "#2"},
				"down": {"uv": [3.5, 14.25, 3.25, 14.625], "texture": "#2"}
			}
		},
		{
			"from": [-0.58425, 15.91991, -0.256],
			"to": [1.42775, 16.93191, 1.006],
			"shade": false,
			"rotation": {"angle": -22.5, "axis": "z", "origin": [0.29675, 16.42591, 0.375]},
			"faces": {
				"north": {"uv": [13.75, 12.5, 14.25, 12.75], "texture": "#2"},
				"east": {"uv": [14.25, 8.25, 14.625, 8.5], "texture": "#2"},
				"south": {"uv": [14, 6.25, 14.5, 6.5], "texture": "#2"},
				"west": {"uv": [14.25, 8.5, 14.625, 8.75], "texture": "#2"},
				"up": {"uv": [13.5, 13.875, 13, 13.5], "texture": "#2"},
				"down": {"uv": [14, 13.5, 13.5, 13.875], "texture": "#2"}
			}
		},
		{
			"from": [-1.18849, 14.21615, 2.33175],
			"to": [0.06551, 16.47015, 3.33575],
			"shade": false,
			"rotation": {"angle": -45, "axis": "x", "origin": [-0.56149, 15.21815, 2.83375]},
			"faces": {
				"north": {"uv": [13.25, 12, 13.625, 12.625], "texture": "#2"},
				"east": {"uv": [2.5, 14, 2.75, 14.625], "texture": "#2"},
				"south": {"uv": [13.5, 0, 13.875, 0.625], "texture": "#2"},
				"west": {"uv": [2.75, 14, 3, 14.625], "texture": "#2"},
				"up": {"uv": [10.875, 14.5, 10.5, 14.25], "texture": "#2"},
				"down": {"uv": [14.625, 10.5, 14.25, 10.75], "texture": "#2"}
			}
		},
		{
			"from": [-1.18649, 15.92591, 0.4451],
			"to": [0.06351, 16.92591, 2.1951],
			"shade": false,
			"rotation": {"angle": 22.5, "axis": "x", "origin": [-0.56149, 16.42591, 1.0701]},
			"faces": {
				"north": {"uv": [14.25, 8.75, 14.625, 9], "texture": "#2"},
				"east": {"uv": [6.5, 14, 7, 14.25], "texture": "#2"},
				"south": {"uv": [10, 14.25, 10.375, 14.5], "texture": "#2"},
				"west": {"uv": [14, 6.5, 14.5, 6.75], "texture": "#2"},
				"up": {"uv": [14.125, 1.25, 13.75, 0.75], "texture": "#2"},
				"down": {"uv": [14.125, 1.25, 13.75, 1.75], "texture": "#2"}
			}
		},
		{
			"from": [-1.19049, 12.85859, 2.89124],
			"to": [0.06751, 14.86659, 3.89924],
			"shade": false,
			"rotation": {"angle": 0, "axis": "y", "origin": [-0.56149, 13.86259, 3.39524]},
			"faces": {
				"north": {"uv": [9.5, 13.5, 9.875, 14], "texture": "#2"},
				"east": {"uv": [6, 14, 6.25, 14.5], "texture": "#2"},
				"south": {"uv": [10, 13.5, 10.375, 14], "texture": "#2"},
				"west": {"uv": [6.25, 14, 6.5, 14.5], "texture": "#2"},
				"up": {"uv": [14.625, 5, 14.25, 4.75], "texture": "#2"},
				"down": {"uv": [14.625, 5, 14.25, 5.25], "texture": "#2"}
			}
		},
		{
			"from": [-1.19249, 9.69709, 3.61716],
			"to": [0.06951, 13.20909, 4.62916],
			"shade": false,
			"rotation": {"angle": -22.5, "axis": "x", "origin": [-0.56149, 11.20309, 4.12316]},
			"faces": {
				"north": {"uv": [12.5, 3, 12.875, 3.875], "texture": "#2"},
				"east": {"uv": [13.5, 0.75, 13.75, 1.625], "texture": "#2"},
				"south": {"uv": [12.5, 7, 12.875, 7.875], "texture": "#2"},
				"west": {"uv": [1, 13.5, 1.25, 14.375], "texture": "#2"},
				"up": {"uv": [14.625, 2.5, 14.25, 2.25], "texture": "#2"},
				"down": {"uv": [14.625, 2.5, 14.25, 2.75], "texture": "#2"}
			}
		},
		{
			"from": [-1.19449, 6.84755, 6.20387],
			"to": [0.07151, 10.86355, 7.21987],
			"shade": false,
			"rotation": {"angle": -45, "axis": "x", "origin": [-0.56149, 7.85555, 6.71187]},
			"faces": {
				"north": {"uv": [5.75, 12.25, 6.125, 13.25], "texture": "#2"},
				"east": {"uv": [2.25, 13, 2.5, 14], "texture": "#2"},
				"south": {"uv": [6.25, 12.25, 6.625, 13.25], "texture": "#2"},
				"west": {"uv": [2.5, 13, 2.75, 14], "texture": "#2"},
				"up": {"uv": [14.375, 13, 14, 12.75], "texture": "#2"},
				"down": {"uv": [14.625, 2, 14.25, 2.25], "texture": "#2"}
			}
		},
		{
			"from": [16.002, -0.002, -0.002],
			"to": [17.006, 1.002, 16.002],
			"shade": false,
			"rotation": {"angle": 0, "axis": "y", "origin": [16.51258, 2.5, 8]},
			"faces": {
				"north": {"uv": [13.75, 11.75, 13.5, 12], "texture": "#2"},
				"east": {"uv": [15.25, 9.25, 11.25, 9.5], "texture": "#2"},
				"south": {"uv": [12.25, 14.25, 12, 14.5], "texture": "#2"},
				"west": {"uv": [15.25, 9, 11.25, 9.25], "texture": "#2"},
				"up": {"uv": [0, 15.5, 0.25, 11.5], "texture": "#2"},
				"down": {"uv": [0.25, 11.5, 0.5, 15.5], "texture": "#2"}
			}
		},
		{
			"from": [16.4913, 0.9913, 0.4663],
			"to": [16.5087, 4.0087, 15.5337],
			"shade": false,
			"rotation": {"angle": 0, "axis": "y", "origin": [16.49142, 2.5, 8]},
			"faces": {
				"north": {"uv": [0, 0, 0, 0.75], "texture": "#2"},
				"east": {"uv": [11.25, 9.75, 7.5, 10.5], "texture": "#2"},
				"south": {"uv": [0, 0, 0, 0.75], "texture": "#2"},
				"west": {"uv": [11.25, 9, 7.5, 9.75], "texture": "#2"},
				"up": {"uv": [0, 3.75, 0, 0], "texture": "#2"},
				"down": {"uv": [0, 0, 0, 3.75], "texture": "#2"}
			}
		},
		{
			"from": [16.002, 3.998, -0.002],
			"to": [17.006, 5.002, 16.002],
			"shade": false,
			"rotation": {"angle": 0, "axis": "y", "origin": [16.51258, 2.5, 8]},
			"faces": {
				"north": {"uv": [12.5, 14.25, 12.25, 14.5], "texture": "#2"},
				"east": {"uv": [15.25, 9.75, 11.25, 10], "texture": "#2"},
				"south": {"uv": [14.5, 12.5, 14.25, 12.75], "texture": "#2"},
				"west": {"uv": [15.25, 9.5, 11.25, 9.75], "texture": "#2"},
				"up": {"uv": [0.5, 15.5, 0.75, 11.5], "texture": "#2"},
				"down": {"uv": [0.75, 11.5, 1, 15.5], "texture": "#2"}
			}
		},
		{
			"from": [15.748, 7.498, 9.748],
			"to": [17.002, 8.502, 16.127],
			"shade": false,
			"rotation": {"angle": 0, "axis": "y", "origin": [16, 6.5, 7.75]},
			"faces": {
				"north": {"uv": [14.625, 7.75, 14.25, 8], "texture": "#2"},
				"east": {"uv": [13.625, 10.5, 12, 10.75], "texture": "#2"},
				"south": {"uv": [14.625, 8, 14.25, 8.25], "texture": "#2"},
				"west": {"uv": [13.625, 8.75, 12, 9], "texture": "#2"},
				"up": {"uv": [12, 8.625, 12.375, 7], "texture": "#2"},
				"down": {"uv": [9, 12, 9.375, 13.625], "texture": "#2"}
			}
		},
		{
			"from": [15.748, 5.498, 8.748],
			"to": [17.002, 8.502, 9.752],
			"shade": false,
			"rotation": {"angle": 0, "axis": "y", "origin": [16, 5.5, 7.75]},
			"faces": {
				"north": {"uv": [10.375, 12.75, 10, 13.5], "texture": "#2"},
				"east": {"uv": [9, 13.5, 8.75, 14.25], "texture": "#2"},
				"south": {"uv": [10.875, 12.75, 10.5, 13.5], "texture": "#2"},
				"west": {"uv": [2, 13.5, 1.75, 14.25], "texture": "#2"},
				"up": {"uv": [7.5, 14.5, 7.875, 14.25], "texture": "#2"},
				"down": {"uv": [14.25, 7.5, 14.625, 7.75], "texture": "#2"}
			}
		},
		{
			"from": [15.748, 5.498, 6.748],
			"to": [17.002, 6.502, 8.752],
			"shade": false,
			"rotation": {"angle": 0, "axis": "y", "origin": [16, 5.5, 7.75]},
			"faces": {
				"north": {"uv": [6.875, 14.25, 6.5, 14.5], "texture": "#2"},
				"east": {"uv": [14.25, 10.5, 13.75, 10.75], "texture": "#2"},
				"south": {"uv": [7.375, 14.25, 7, 14.5], "texture": "#2"},
				"west": {"uv": [14.25, 8.75, 13.75, 9], "texture": "#2"},
				"up": {"uv": [10.5, 14, 10.875, 13.5], "texture": "#2"},
				"down": {"uv": [13.5, 11.25, 13.875, 11.75], "texture": "#2"}
			}
		},
		{
			"from": [15.748, 6.498, 6.748],
			"to": [17.002, 7.502, 7.752],
			"shade": false,
			"rotation": {"angle": 0, "axis": "y", "origin": [16, 4.5, 4.75]},
			"faces": {
				"north": {"uv": [14.625, 5.25, 14.25, 5.5], "texture": "#2"},
				"east": {"uv": [14.75, 0.25, 14.5, 0.5], "texture": "#2"},
				"south": {"uv": [14.625, 5.5, 14.25, 5.75], "texture": "#2"},
				"west": {"uv": [14.75, 0, 14.5, 0.25], "texture": "#2"},
				"up": {"uv": [14.25, 6, 14.625, 5.75], "texture": "#2"},
				"down": {"uv": [14.25, 6, 14.625, 6.25], "texture": "#2"}
			}
		},
		{
			"from": [15.93449, 6.85355, 6.20987],
			"to": [17.18849, 10.85755, 7.21387],
			"shade": false,
			"rotation": {"angle": -45, "axis": "x", "origin": [16.56149, 7.85555, 6.71187]},
			"faces": {
				"north": {"uv": [6.125, 12.25, 5.75, 13.25], "texture": "#2"},
				"east": {"uv": [2.75, 13, 2.5, 14], "texture": "#2"},
				"south": {"uv": [6.625, 12.25, 6.25, 13.25], "texture": "#2"},
				"west": {"uv": [2.5, 13, 2.25, 14], "texture": "#2"},
				"up": {"uv": [14, 13, 14.375, 12.75], "texture": "#2"},
				"down": {"uv": [14.25, 2, 14.625, 2.25], "texture": "#2"}
			}
		},
		{
			"from": [15.93449, 9.70109, 3.62116],
			"to": [17.18849, 13.20509, 4.62516],
			"shade": false,
			"rotation": {"angle": -22.5, "axis": "x", "origin": [16.56149, 11.20309, 4.12316]},
			"faces": {
				"north": {"uv": [12.875, 3, 12.5, 3.875], "texture": "#2"},
				"east": {"uv": [1.25, 13.5, 1, 14.375], "texture": "#2"},
				"south": {"uv": [12.875, 7, 12.5, 7.875], "texture": "#2"},
				"west": {"uv": [13.75, 0.75, 13.5, 1.625], "texture": "#2"},
				"up": {"uv": [14.25, 2.5, 14.625, 2.25], "texture": "#2"},
				"down": {"uv": [14.25, 2.5, 14.625, 2.75], "texture": "#2"}
			}
		},
		{
			"from": [15.93449, 12.86059, 2.89324],
			"to": [17.18849, 14.86459, 3.89724],
			"shade": false,
			"rotation": {"angle": 0, "axis": "y", "origin": [16.56149, 13.86259, 3.39524]},
			"faces": {
				"north": {"uv": [9.875, 13.5, 9.5, 14], "texture": "#2"},
				"east": {"uv": [6.5, 14, 6.25, 14.5], "texture": "#2"},
				"south": {"uv": [10.375, 13.5, 10, 14], "texture": "#2"},
				"west": {"uv": [6.25, 14, 6, 14.5], "texture": "#2"},
				"up": {"uv": [14.25, 5, 14.625, 4.75], "texture": "#2"},
				"down": {"uv": [14.25, 5, 14.625, 5.25], "texture": "#2"}
			}
		},
		{
			"from": [15.93449, 14.21615, 2.33175],
			"to": [17.18849, 16.47015, 3.33575],
			"shade": false,
			"rotation": {"angle": -45, "axis": "x", "origin": [16.56149, 15.21815, 2.83375]},
			"faces": {
				"north": {"uv": [13.625, 12, 13.25, 12.625], "texture": "#2"},
				"east": {"uv": [3, 14, 2.75, 14.625], "texture": "#2"},
				"south": {"uv": [13.875, 0, 13.5, 0.625], "texture": "#2"},
				"west": {"uv": [2.75, 14, 2.5, 14.625], "texture": "#2"},
				"up": {"uv": [10.5, 14.5, 10.875, 14.25], "texture": "#2"},
				"down": {"uv": [14.25, 10.5, 14.625, 10.75], "texture": "#2"}
			}
		},
		{
			"from": [15.93449, 15.92391, 0.4431],
			"to": [17.18849, 16.92791, 2.1971],
			"shade": false,
			"rotation": {"angle": 22.5, "axis": "x", "origin": [16.56149, 16.42591, 1.0701]},
			"faces": {
				"north": {"uv": [14.625, 8.75, 14.25, 9], "texture": "#2"},
				"east": {"uv": [14.5, 6.5, 14, 6.75], "texture": "#2"},
				"south": {"uv": [10.375, 14.25, 10, 14.5], "texture": "#2"},
				"west": {"uv": [7, 14, 6.5, 14.25], "texture": "#2"},
				"up": {"uv": [13.75, 1.25, 14.125, 0.75], "texture": "#2"},
				"down": {"uv": [13.75, 1.25, 14.125, 1.75], "texture": "#2"}
			}
		},
		{
			"from": [16.752, 4.998, 0.198],
			"to": [16.756, 9.002, 15.802],
			"shade": false,
			"rotation": {"angle": 0, "axis": "y", "origin": [16.26258, 2.5, 8]},
			"faces": {
				"north": {"uv": [0, 0, 0, 1], "texture": "#2"},
				"east": {"uv": [12.375, 3, 8.5, 4], "texture": "#2"},
				"south": {"uv": [0, 0, 0, 1], "texture": "#2"},
				"west": {"uv": [8.5, 3, 12.375, 4], "texture": "#2"},
				"up": {"uv": [0, 3.875, 0, 0], "texture": "#2"},
				"down": {"uv": [0, 0, 0, 3.875], "texture": "#2"}
			}
		},
		{
			"from": [16.498, 4.998, 0.498],
			"to": [16.502, 18.852, 15.502],
			"shade": false,
			"rotation": {"angle": 0, "axis": "y", "origin": [16.5, 9.925, 8.5]},
			"faces": {
				"north": {"uv": [0, 0, 0, 3.5], "texture": "#2"},
				"east": {"uv": [7.5, 7, 3.75, 10.5], "texture": "#2"},
				"south": {"uv": [0, 0, 0, 3.5], "texture": "#2"},
				"west": {"uv": [3.75, 7, 0, 10.5], "texture": "#2"},
				"up": {"uv": [0, 3.75, 0, 0], "texture": "#2"},
				"down": {"uv": [0, 0, 0, 3.75], "texture": "#2"}
			}
		},
		{
			"from": [15.748, 7.498, 9.748],
			"to": [17.002, 8.502, 16.127],
			"shade": false,
			"rotation": {"angle": 0, "axis": "y", "origin": [16, 6.5, 7.75]},
			"faces": {
				"north": {"uv": [14.625, 7.75, 14.25, 8], "texture": "#2"},
				"east": {"uv": [13.625, 10.5, 12, 10.75], "texture": "#2"},
				"south": {"uv": [14.625, 8, 14.25, 8.25], "texture": "#2"},
				"west": {"uv": [13.625, 8.75, 12, 9], "texture": "#2"},
				"up": {"uv": [12, 8.625, 12.375, 7], "texture": "#2"},
				"down": {"uv": [9, 12, 9.375, 13.625], "texture": "#2"}
			}
		},
		{
			"from": [15.748, 5.498, 8.748],
			"to": [17.002, 8.502, 9.752],
			"shade": false,
			"rotation": {"angle": 0, "axis": "y", "origin": [16, 5.5, 7.75]},
			"faces": {
				"north": {"uv": [10.375, 12.75, 10, 13.5], "texture": "#2"},
				"east": {"uv": [9, 13.5, 8.75, 14.25], "texture": "#2"},
				"south": {"uv": [10.875, 12.75, 10.5, 13.5], "texture": "#2"},
				"west": {"uv": [2, 13.5, 1.75, 14.25], "texture": "#2"},
				"up": {"uv": [7.5, 14.5, 7.875, 14.25], "texture": "#2"},
				"down": {"uv": [14.25, 7.5, 14.625, 7.75], "texture": "#2"}
			}
		},
		{
			"from": [15.748, 6.498, 6.748],
			"to": [17.002, 7.502, 7.752],
			"shade": false,
			"rotation": {"angle": 0, "axis": "y", "origin": [16, 4.5, 4.75]},
			"faces": {
				"north": {"uv": [14.625, 5.25, 14.25, 5.5], "texture": "#2"},
				"east": {"uv": [14.75, 0.25, 14.5, 0.5], "texture": "#2"},
				"south": {"uv": [14.625, 5.5, 14.25, 5.75], "texture": "#2"},
				"west": {"uv": [14.75, 0, 14.5, 0.25], "texture": "#2"},
				"up": {"uv": [14.25, 6, 14.625, 5.75], "texture": "#2"},
				"down": {"uv": [14.25, 6, 14.625, 6.25], "texture": "#2"}
			}
		},
		{
			"from": [15.748, 5.498, 6.748],
			"to": [17.002, 6.502, 8.752],
			"shade": false,
			"rotation": {"angle": 0, "axis": "y", "origin": [16, 5.5, 7.75]},
			"faces": {
				"north": {"uv": [6.875, 14.25, 6.5, 14.5], "texture": "#2"},
				"east": {"uv": [14.25, 10.5, 13.75, 10.75], "texture": "#2"},
				"south": {"uv": [7.375, 14.25, 7, 14.5], "texture": "#2"},
				"west": {"uv": [14.25, 8.75, 13.75, 9], "texture": "#2"},
				"up": {"uv": [10.5, 14, 10.875, 13.5], "texture": "#2"},
				"down": {"uv": [13.5, 11.25, 13.875, 11.75], "texture": "#2"}
			}
		},
		{
			"from": [15.92849, 6.84755, 6.20387],
			"to": [17.19449, 10.86355, 7.21987],
			"shade": false,
			"rotation": {"angle": -45, "axis": "x", "origin": [16.56149, 7.85555, 6.71187]},
			"faces": {
				"north": {"uv": [6.125, 12.25, 5.75, 13.25], "texture": "#2"},
				"east": {"uv": [2.75, 13, 2.5, 14], "texture": "#2"},
				"south": {"uv": [6.625, 12.25, 6.25, 13.25], "texture": "#2"},
				"west": {"uv": [2.5, 13, 2.25, 14], "texture": "#2"},
				"up": {"uv": [14, 13, 14.375, 12.75], "texture": "#2"},
				"down": {"uv": [14.25, 2, 14.625, 2.25], "texture": "#2"}
			}
		},
		{
			"from": [15.93049, 9.69709, 3.61716],
			"to": [17.19249, 13.20909, 4.62916],
			"shade": false,
			"rotation": {"angle": -22.5, "axis": "x", "origin": [16.56149, 11.20309, 4.12316]},
			"faces": {
				"north": {"uv": [12.875, 3, 12.5, 3.875], "texture": "#2"},
				"east": {"uv": [1.25, 13.5, 1, 14.375], "texture": "#2"},
				"south": {"uv": [12.875, 7, 12.5, 7.875], "texture": "#2"},
				"west": {"uv": [13.75, 0.75, 13.5, 1.625], "texture": "#2"},
				"up": {"uv": [14.25, 2.5, 14.625, 2.25], "texture": "#2"},
				"down": {"uv": [14.25, 2.5, 14.625, 2.75], "texture": "#2"}
			}
		},
		{
			"from": [15.93249, 12.85859, 2.89124],
			"to": [17.19049, 14.86659, 3.89924],
			"shade": false,
			"rotation": {"angle": 0, "axis": "y", "origin": [16.56149, 13.86259, 3.39524]},
			"faces": {
				"north": {"uv": [9.875, 13.5, 9.5, 14], "texture": "#2"},
				"east": {"uv": [6.5, 14, 6.25, 14.5], "texture": "#2"},
				"south": {"uv": [10.375, 13.5, 10, 14], "texture": "#2"},
				"west": {"uv": [6.25, 14, 6, 14.5], "texture": "#2"},
				"up": {"uv": [14.25, 5, 14.625, 4.75], "texture": "#2"},
				"down": {"uv": [14.25, 5, 14.625, 5.25], "texture": "#2"}
			}
		},
		{
			"from": [15.93449, 14.21615, 2.33175],
			"to": [17.18849, 16.47015, 3.33575],
			"shade": false,
			"rotation": {"angle": -45, "axis": "x", "origin": [16.56149, 15.21815, 2.83375]},
			"faces": {
				"north": {"uv": [13.625, 12, 13.25, 12.625], "texture": "#2"},
				"east": {"uv": [3, 14, 2.75, 14.625], "texture": "#2"},
				"south": {"uv": [13.875, 0, 13.5, 0.625], "texture": "#2"},
				"west": {"uv": [2.75, 14, 2.5, 14.625], "texture": "#2"},
				"up": {"uv": [10.5, 14.5, 10.875, 14.25], "texture": "#2"},
				"down": {"uv": [14.25, 10.5, 14.625, 10.75], "texture": "#2"}
			}
		},
		{
			"from": [15.93649, 15.92591, 0.4451],
			"to": [17.18649, 16.92591, 2.1951],
			"shade": false,
			"rotation": {"angle": 22.5, "axis": "x", "origin": [16.56149, 16.42591, 1.0701]},
			"faces": {
				"north": {"uv": [14.625, 8.75, 14.25, 9], "texture": "#2"},
				"east": {"uv": [14.5, 6.5, 14, 6.75], "texture": "#2"},
				"south": {"uv": [10.375, 14.25, 10, 14.5], "texture": "#2"},
				"west": {"uv": [7, 14, 6.5, 14.25], "texture": "#2"},
				"up": {"uv": [13.75, 1.25, 14.125, 0.75], "texture": "#2"},
				"down": {"uv": [13.75, 1.25, 14.125, 1.75], "texture": "#2"}
			}
		},
		{
			"from": [3.11989, 12.86059, -0.752],
			"to": [4.27389, 14.86459, 1.502],
			"shade": false,
			"rotation": {"angle": 0, "axis": "y", "origin": [3.62189, 13.86259, -0.125]},
			"faces": {
				"north": {"uv": [14, 5.25, 14.25, 5.75], "texture": "#2"},
				"east": {"uv": [12.5, 8, 13.125, 8.5], "texture": "#2"},
				"south": {"uv": [5.5, 14, 5.75, 14.5], "texture": "#2"},
				"west": {"uv": [12.5, 12, 13.125, 12.5], "texture": "#2"},
				"up": {"uv": [1.75, 14.625, 1.5, 14], "texture": "#2"},
				"down": {"uv": [2.25, 14, 2, 14.625], "texture": "#2"}
			}
		},
		{
			"from": [3.65341, 14.15711, -0.758],
			"to": [5.06941, 16.42311, 1.508],
			"shade": false,
			"rotation": {"angle": -45, "axis": "z", "origin": [4.23641, 15.16511, 0.375]},
			"faces": {
				"north": {"uv": [4, 13.5, 4.375, 14], "texture": "#2"},
				"east": {"uv": [12.5, 12.5, 13.125, 13], "texture": "#2"},
				"south": {"uv": [13.5, 4, 13.875, 4.5], "texture": "#2"},
				"west": {"uv": [2.75, 12.75, 3.375, 13.25], "texture": "#2"},
				"up": {"uv": [6.625, 13.875, 6.25, 13.25], "texture": "#2"},
				"down": {"uv": [7.375, 13.25, 7, 13.875], "texture": "#2"}
			}
		},
		{
			"from": [4.89256, 15.53513, -0.506],
			"to": [6.65456, 16.94713, 1.256],
			"shade": false,
			"rotation": {"angle": 22.5, "axis": "z", "origin": [6.02356, 16.24113, 0.375]},
			"faces": {
				"north": {"uv": [13.75, 13, 14.125, 13.375], "texture": "#2"},
				"east": {"uv": [13.5, 4.5, 14, 4.875], "texture": "#2"},
				"south": {"uv": [14, 2.75, 14.375, 3.125], "texture": "#2"},
				"west": {"uv": [13.5, 5, 14, 5.375], "texture": "#2"},
				"up": {"uv": [13.875, 6.75, 13.5, 6.25], "texture": "#2"},
				"down": {"uv": [13.875, 7, 13.5, 7.5], "texture": "#2"}
			}
		},
		{
			"from": [6.20869, 16.04391, -0.252],
			"to": [7.21269, 17.94791, 1.002],
			"shade": false,
			"rotation": {"angle": -22.5, "axis": "z", "origin": [6.51069, 16.79591, 0.375]},
			"faces": {
				"north": {"uv": [5.75, 14, 6, 14.5], "texture": "#2"},
				"east": {"uv": [7.75, 13.5, 8.125, 14], "texture": "#2"},
				"south": {"uv": [14, 5.75, 14.25, 6.25], "texture": "#2"},
				"west": {"uv": [13.5, 8.25, 13.875, 8.75], "texture": "#2"},
				"up": {"uv": [14.5, 1.375, 14.25, 1], "texture": "#2"},
				"down": {"uv": [14.5, 1.5, 14.25, 1.875], "texture": "#2"}
			}
		},
		{
			"from": [8.78731, 16.04391, -0.252],
			"to": [9.79131, 17.94791, 1.002],
			"shade": false,
			"rotation": {"angle": 22.5, "axis": "z", "origin": [9.48931, 16.79591, 0.375]},
			"faces": {
				"north": {"uv": [6, 14, 5.75, 14.5], "texture": "#2"},
				"east": {"uv": [13.875, 8.25, 13.5, 8.75], "texture": "#2"},
				"south": {"uv": [14.25, 5.75, 14, 6.25], "texture": "#2"},
				"west": {"uv": [8.125, 13.5, 7.75, 14], "texture": "#2"},
				"up": {"uv": [14.25, 1.375, 14.5, 1], "texture": "#2"},
				"down": {"uv": [14.25, 1.5, 14.5, 1.875], "texture": "#2"}
			}
		},
		{
			"from": [9.34544, 15.53513, -0.506],
			"to": [11.10744, 16.94713, 1.256],
			"shade": false,
			"rotation": {"angle": -22.5, "axis": "z", "origin": [9.97644, 16.24113, 0.375]},
			"faces": {
				"north": {"uv": [14.125, 13, 13.75, 13.375], "texture": "#2"},
				"east": {"uv": [14, 5, 13.5, 5.375], "texture": "#2"},
				"south": {"uv": [14.375, 2.75, 14, 3.125], "texture": "#2"},
				"west": {"uv": [14, 4.5, 13.5, 4.875], "texture": "#2"},
				"up": {"uv": [13.5, 6.75, 13.875, 6.25], "texture": "#2"},
				"down": {"uv": [13.5, 7, 13.875, 7.5], "texture": "#2"}
			}
		},
		{
			"from": [10.93059, 14.15711, -0.758],
			"to": [12.34659, 16.42311, 1.508],
			"shade": false,
			"rotation": {"angle": 45, "axis": "z", "origin": [11.76359, 15.16511, 0.375]},
			"faces": {
				"north": {"uv": [4.375, 13.5, 4, 14], "texture": "#2"},
				"east": {"uv": [3.375, 12.75, 2.75, 13.25], "texture": "#2"},
				"south": {"uv": [13.875, 4, 13.5, 4.5], "texture": "#2"},
				"west": {"uv": [13.125, 12.5, 12.5, 13], "texture": "#2"},
				"up": {"uv": [6.25, 13.875, 6.625, 13.25], "texture": "#2"},
				"down": {"uv": [7, 13.25, 7.375, 13.875], "texture": "#2"}
			}
		},
		{
			"from": [11.72611, 12.86059, -0.752],
			"to": [12.88011, 14.86459, 1.502],
			"shade": false,
			"rotation": {"angle": 0, "axis": "y", "origin": [12.37811, 13.86259, -0.125]},
			"faces": {
				"north": {"uv": [14.25, 5.25, 14, 5.75], "texture": "#2"},
				"east": {"uv": [13.125, 12, 12.5, 12.5], "texture": "#2"},
				"south": {"uv": [5.75, 14, 5.5, 14.5], "texture": "#2"},
				"west": {"uv": [13.125, 8, 12.5, 8.5], "texture": "#2"},
				"up": {"uv": [1.5, 14.625, 1.75, 14], "texture": "#2"},
				"down": {"uv": [2, 14, 2.25, 14.625], "texture": "#2"}
			}
		},
		{
			"from": [14.57225, 15.91991, -0.256],
			"to": [16.58425, 16.93191, 1.006],
			"shade": false,
			"rotation": {"angle": 22.5, "axis": "z", "origin": [15.70325, 16.42591, 0.375]},
			"faces": {
				"north": {"uv": [14.25, 12.5, 13.75, 12.75], "texture": "#2"},
				"east": {"uv": [14.625, 8.5, 14.25, 8.75], "texture": "#2"},
				"south": {"uv": [14.5, 6.25, 14, 6.5], "texture": "#2"},
				"west": {"uv": [14.625, 8.25, 14.25, 8.5], "texture": "#2"},
				"up": {"uv": [13, 13.875, 13.5, 13.5], "texture": "#2"},
				"down": {"uv": [13.5, 13.5, 14, 13.875], "texture": "#2"}
			}
		},
		{
			"from": [13.4316, 14.21015, -0.258],
			"to": [14.4476, 16.47615, 1.008],
			"shade": false,
			"rotation": {"angle": -45, "axis": "z", "origin": [13.9396, 15.21815, 0.375]},
			"faces": {
				"north": {"uv": [14.25, 2, 14, 2.625], "texture": "#2"},
				"east": {"uv": [12.375, 13.25, 12, 13.875], "texture": "#2"},
				"south": {"uv": [2.5, 14, 2.25, 14.625], "texture": "#2"},
				"west": {"uv": [11.875, 13.25, 11.5, 13.875], "texture": "#2"},
				"up": {"uv": [1.75, 14.625, 2, 14.25], "texture": "#2"},
				"down": {"uv": [3.25, 14.25, 3.5, 14.625], "texture": "#2"}
			}
		},
		{
			"from": [12.87611, 12.86059, -0.252],
			"to": [13.88011, 14.86459, 1.002],
			"shade": false,
			"rotation": {"angle": 0, "axis": "y", "origin": [13.37811, 13.86259, 0.375]},
			"faces": {
				"north": {"uv": [5.25, 14, 5, 14.5], "texture": "#2"},
				"east": {"uv": [13.875, 3.5, 13.5, 4], "texture": "#2"},
				"south": {"uv": [5.5, 14, 5.25, 14.5], "texture": "#2"},
				"west": {"uv": [3.875, 13.5, 3.5, 14], "texture": "#2"},
				"up": {"uv": [14.25, 0.375, 14.5, 0], "texture": "#2"},
				"down": {"uv": [14.25, 0.5, 14.5, 0.875], "texture": "#2"}
			}
		},
		{
			"from": [12.14619, 9.69909, -0.254],
			"to": [13.15419, 13.20709, 1.004],
			"shade": false,
			"rotation": {"angle": -22.5, "axis": "z", "origin": [12.65019, 11.20309, 0.375]},
			"faces": {
				"north": {"uv": [3.5, 13.25, 3.25, 14.125], "texture": "#2"},
				"east": {"uv": [12.875, 2, 12.5, 2.875], "texture": "#2"},
				"south": {"uv": [7.75, 13.25, 7.5, 14.125], "texture": "#2"},
				"west": {"uv": [8.625, 12.25, 8.25, 13.125], "texture": "#2"},
				"up": {"uv": [9.5, 14.375, 9.75, 14], "texture": "#2"},
				"down": {"uv": [9.75, 14, 10, 14.375], "texture": "#2"}
			}
		},
		{
			"from": [9.55549, 6.84955, -0.256],
			"to": [10.56749, 10.86155, 1.006],
			"shade": false,
			"rotation": {"angle": -45, "axis": "z", "origin": [10.06149, 7.85555, 0.375]},
			"faces": {
				"north": {"uv": [2.25, 13, 2, 14], "texture": "#2"},
				"east": {"uv": [5.625, 12.25, 5.25, 13.25], "texture": "#2"},
				"south": {"uv": [13.25, 2, 13, 3], "texture": "#2"},
				"west": {"uv": [5.125, 12.25, 4.75, 13.25], "texture": "#2"},
				"up": {"uv": [14, 8.625, 14.25, 8.25], "texture": "#2"},
				"down": {"uv": [8.5, 14, 8.75, 14.375], "texture": "#2"}
			}
		},
		{
			"from": [8.992, 5.492, -0.258],
			"to": [10.008, 7.508, 1.008],
			"shade": false,
			"rotation": {"angle": 0, "axis": "y", "origin": [12, 4.5, 0]},
			"faces": {
				"north": {"uv": [3.25, 14, 3, 14.5], "texture": "#2"},
				"east": {"uv": [13.875, 3, 13.5, 3.5], "texture": "#2"},
				"south": {"uv": [14.25, 4.75, 14, 5.25], "texture": "#2"},
				"west": {"uv": [1.625, 13.5, 1.25, 14], "texture": "#2"},
				"up": {"uv": [14, 8.125, 14.25, 7.75], "texture": "#2"},
				"down": {"uv": [8.25, 14, 8.5, 14.375], "texture": "#2"}
			}
		},
		{
			"from": [6.66782, 17.16238, -0.502],
			"to": [9.37182, 19.86638, 1.252],
			"shade": false,
			"rotation": {"angle": -45, "axis": "z", "origin": [8.01982, 18.51438, 0.375]},
			"faces": {
				"north": {"uv": [12, 10.75, 12.625, 11.375], "texture": "#2"},
				"east": {"uv": [3.5, 12.75, 4, 13.375], "texture": "#2"},
				"south": {"uv": [2, 12.25, 2.625, 12.875], "texture": "#2"},
				"west": {"uv": [4, 12.75, 4.5, 13.375], "texture": "#2"},
				"up": {"uv": [13.375, 4.5, 12.75, 4], "texture": "#2"},
				"down": {"uv": [13.375, 4.5, 12.75, 5], "texture": "#2"}
			}
		},
		{
			"from": [7.16782, 17.66238, -1.002],
			"to": [8.87182, 19.36638, 1.752],
			"shade": false,
			"rotation": {"angle": -45, "axis": "z", "origin": [8.01982, 18.51438, 0.375]},
			"faces": {
				"north": {"uv": [14, 3.25, 14.375, 3.625], "texture": "#2"},
				"east": {"uv": [12.75, 6.25, 13.5, 6.625], "texture": "#2"},
				"south": {"uv": [3.5, 14, 3.875, 14.375], "texture": "#2"},
				"west": {"uv": [7, 12.75, 7.75, 13.125], "texture": "#2"},
				"up": {"uv": [8.125, 13.5, 7.75, 12.75], "texture": "#2"},
				"down": {"uv": [9.875, 12.75, 9.5, 13.5], "texture": "#2"}
			}
		},
		{
			"from": [6.998, 6.248, -0.502],
			"to": [9.002, 8.252, 1.252],
			"shade": false,
			"rotation": {"angle": 45, "axis": "z", "origin": [8, 7.25, 0.375]},
			"faces": {
				"north": {"uv": [12.75, 10.75, 13.25, 11.25], "texture": "#2"},
				"east": {"uv": [11, 12.75, 11.5, 13.25], "texture": "#2"},
				"south": {"uv": [13, 0, 13.5, 0.5], "texture": "#2"},
				"west": {"uv": [13, 0.5, 13.5, 1], "texture": "#2"},
				"up": {"uv": [13.5, 1.5, 13, 1], "texture": "#2"},
				"down": {"uv": [13.5, 1.5, 13, 2], "texture": "#2"}
			}
		},
		{
			"from": [7.348, 6.598, -0.852],
			"to": [8.652, 7.902, 1.602],
			"shade": false,
			"rotation": {"angle": 45, "axis": "z", "origin": [8, 7.25, 0.375]},
			"faces": {
				"north": {"uv": [14, 3.75, 14.375, 4.125], "texture": "#2"},
				"east": {"uv": [13.25, 7.75, 13.875, 8.125], "texture": "#2"},
				"south": {"uv": [4, 14, 4.375, 14.375], "texture": "#2"},
				"west": {"uv": [13.25, 10.75, 13.875, 11.125], "texture": "#2"},
				"up": {"uv": [8.625, 13.875, 8.25, 13.25], "texture": "#2"},
				"down": {"uv": [11.375, 13.25, 11, 13.875], "texture": "#2"}
			}
		},
		{
			"from": [-0.508, 0.992, 0.47484],
			"to": [16.508, 4.008, 0.49084],
			"shade": false,
			"rotation": {"angle": 0, "axis": "y", "origin": [7, 4, -0.01716]},
			"faces": {
				"north": {"uv": [8.5, 4, 12.75, 4.75], "texture": "#2"},
				"east": {"uv": [0, 0, 0, 0.75], "texture": "#2"},
				"south": {"uv": [8.5, 4.75, 12.75, 5.5], "texture": "#2"},
				"west": {"uv": [0, 0, 0, 0.75], "texture": "#2"},
				"up": {"uv": [4.25, 0, 0, 0], "texture": "#2"},
				"down": {"uv": [4.25, 0, 0, 0], "texture": "#2"}
			}
		},
		{
			"from": [6.998, 1.498, -0.01916],
			"to": [9.002, 3.502, 0.48484],
			"shade": false,
			"rotation": {"angle": 45, "axis": "z", "origin": [8, 2.5, 0.10784]},
			"faces": {
				"north": {"uv": [13, 3, 13.5, 3.5], "texture": "#2"},
				"east": {"uv": [14.5, 0.5, 14.625, 1], "texture": "#2"},
				"south": {"uv": [13, 3.5, 13.5, 4], "texture": "#2"},
				"west": {"uv": [1, 14.5, 1.125, 15], "texture": "#2"},
				"up": {"uv": [15, 1.125, 14.5, 1], "texture": "#2"},
				"down": {"uv": [15, 1.25, 14.5, 1.375], "texture": "#2"}
			}
		},
		{
			"from": [0.248, 1.248, 0.23084],
			"to": [3.752, 3.752, 0.48484],
			"shade": false,
			"rotation": {"angle": 0, "axis": "y", "origin": [2, 2.5, -0.14216]},
			"faces": {
				"north": {"uv": [9.5, 12, 10.375, 12.625], "texture": "#2"},
				"east": {"uv": [8, 14.25, 8.125, 14.875], "texture": "#2"},
				"south": {"uv": [10.5, 12, 11.375, 12.625], "texture": "#2"},
				"west": {"uv": [8.75, 14.25, 8.875, 14.875], "texture": "#2"},
				"up": {"uv": [14.875, 7.125, 14, 7], "texture": "#2"},
				"down": {"uv": [14.875, 7.25, 14, 7.375], "texture": "#2"}
			}
		},
		{
			"from": [0.498, 1.498, -0.01916],
			"to": [3.502, 3.502, 0.23484],
			"shade": false,
			"rotation": {"angle": 0, "axis": "y", "origin": [2, 2.5, -0.14216]},
			"faces": {
				"north": {"uv": [6.75, 12.25, 7.5, 12.75], "texture": "#2"},
				"east": {"uv": [14.5, 2.75, 14.625, 3.25], "texture": "#2"},
				"south": {"uv": [7.5, 12.25, 8.25, 12.75], "texture": "#2"},
				"west": {"uv": [3, 14.5, 3.125, 15], "texture": "#2"},
				"up": {"uv": [15, 11.375, 14.25, 11.25], "texture": "#2"},
				"down": {"uv": [15, 11.5, 14.25, 11.625], "texture": "#2"}
			}
		},
		{
			"from": [7.248, 1.748, -0.26916],
			"to": [8.752, 3.252, -0.01516],
			"shade": false,
			"rotation": {"angle": 45, "axis": "z", "origin": [8, 2.5, 0.10784]},
			"faces": {
				"north": {"uv": [14, 4.25, 14.375, 4.625], "texture": "#2"},
				"east": {"uv": [4, 14.5, 4.125, 14.875], "texture": "#2"},
				"south": {"uv": [4.5, 14, 4.875, 14.375], "texture": "#2"},
				"west": {"uv": [14.5, 4, 14.625, 4.375], "texture": "#2"},
				"up": {"uv": [4.625, 14.625, 4.25, 14.5], "texture": "#2"},
				"down": {"uv": [14.875, 4.5, 14.5, 4.625], "texture": "#2"}
			}
		},
		{
			"from": [4.498, 1.998, -0.01916],
			"to": [5.502, 3.002, 0.48484],
			"shade": false,
			"rotation": {"angle": 45, "axis": "z", "origin": [5, 2.5, 0.10784]},
			"faces": {
				"north": {"uv": [14.5, 1.5, 14.75, 1.75], "texture": "#2"},
				"east": {"uv": [6, 14.5, 6.125, 14.75], "texture": "#2"},
				"south": {"uv": [14.5, 1.75, 14.75, 2], "texture": "#2"},
				"west": {"uv": [6.25, 14.5, 6.375, 14.75], "texture": "#2"},
				"up": {"uv": [14.75, 6.375, 14.5, 6.25], "texture": "#2"},
				"down": {"uv": [6.75, 14.5, 6.5, 14.625], "texture": "#2"}
			}
		},
		{
			"from": [12.248, 1.248, 0.23084],
			"to": [15.752, 3.752, 0.48484],
			"shade": false,
			"rotation": {"angle": 0, "axis": "y", "origin": [14, 2.5, -0.14216]},
			"faces": {
				"north": {"uv": [10.375, 12, 9.5, 12.625], "texture": "#2"},
				"east": {"uv": [8.875, 14.25, 8.75, 14.875], "texture": "#2"},
				"south": {"uv": [11.375, 12, 10.5, 12.625], "texture": "#2"},
				"west": {"uv": [8.125, 14.25, 8, 14.875], "texture": "#2"},
				"up": {"uv": [14, 7.125, 14.875, 7], "texture": "#2"},
				"down": {"uv": [14, 7.25, 14.875, 7.375], "texture": "#2"}
			}
		},
		{
			"from": [12.498, 1.498, -0.01916],
			"to": [15.502, 3.502, 0.23484],
			"shade": false,
			"rotation": {"angle": 0, "axis": "y", "origin": [14, 2.5, -0.14216]},
			"faces": {
				"north": {"uv": [7.5, 12.25, 6.75, 12.75], "texture": "#2"},
				"east": {"uv": [3.125, 14.5, 3, 15], "texture": "#2"},
				"south": {"uv": [8.25, 12.25, 7.5, 12.75], "texture": "#2"},
				"west": {"uv": [14.625, 2.75, 14.5, 3.25], "texture": "#2"},
				"up": {"uv": [14.25, 11.375, 15, 11.25], "texture": "#2"},
				"down": {"uv": [14.25, 11.5, 15, 11.625], "texture": "#2"}
			}
		},
		{
			"from": [10.498, 1.998, -0.01916],
			"to": [11.502, 3.002, 0.48484],
			"shade": false,
			"rotation": {"angle": -45, "axis": "z", "origin": [11, 2.5, 0.10784]},
			"faces": {
				"north": {"uv": [14.75, 1.5, 14.5, 1.75], "texture": "#2"},
				"east": {"uv": [6.375, 14.5, 6.25, 14.75], "texture": "#2"},
				"south": {"uv": [14.75, 1.75, 14.5, 2], "texture": "#2"},
				"west": {"uv": [6.125, 14.5, 6, 14.75], "texture": "#2"},
				"up": {"uv": [14.5, 6.375, 14.75, 6.25], "texture": "#2"},
				"down": {"uv": [6.5, 14.5, 6.75, 14.625], "texture": "#2"}
			}
		},
		{
			"from": [-1.002, 4.11932, 9.41932],
			"to": [-0.498, 5.12332, 10.42332],
			"shade": false,
			"rotation": {"angle": 45, "axis": "x", "origin": [-0.75, 2.5, 7.8]},
			"faces": {
				"north": {"uv": [6, 14.5, 6.125, 14.75], "texture": "#2"},
				"east": {"uv": [14.5, 1.75, 14.75, 2], "texture": "#2"},
				"south": {"uv": [6.25, 14.5, 6.375, 14.75], "texture": "#2"},
				"west": {"uv": [14.5, 1.5, 14.75, 1.75], "texture": "#2"},
				"up": {"uv": [14.5, 6.25, 14.75, 6.375], "rotation": 90, "texture": "#2"},
				"down": {"uv": [6.5, 14.625, 6.75, 14.5], "rotation": 270, "texture": "#2"}
			}
		},
		{
			"from": [-1.277, 1.748, 1.55584],
			"to": [-1.023, 3.252, 3.05984],
			"shade": false,
			"rotation": {"angle": -45, "axis": "x", "origin": [-0.9, 2.5, 2.30784]},
			"faces": {
				"north": {"uv": [14.625, 4, 14.5, 4.375], "texture": "#2"},
				"east": {"uv": [4.875, 14, 4.5, 14.375], "texture": "#2"},
				"south": {"uv": [4.125, 14.5, 4, 14.875], "texture": "#2"},
				"west": {"uv": [14.375, 4.25, 14, 4.625], "texture": "#2"},
				"up": {"uv": [4.625, 14.5, 4.25, 14.625], "rotation": 90, "texture": "#2"},
				"down": {"uv": [14.875, 4.625, 14.5, 4.5], "rotation": 270, "texture": "#2"}
			}
		},
		{
			"from": [-1.027, 1.498, 1.30584],
			"to": [-0.523, 3.502, 3.30984],
			"shade": false,
			"rotation": {"angle": -45, "axis": "x", "origin": [-0.9, 2.5, 2.30784]},
			"faces": {
				"north": {"uv": [1.125, 14.5, 1, 15], "texture": "#2"},
				"east": {"uv": [13.5, 3.5, 13, 4], "texture": "#2"},
				"south": {"uv": [14.625, 0.5, 14.5, 1], "texture": "#2"},
				"west": {"uv": [13.5, 3, 13, 3.5], "texture": "#2"},
				"up": {"uv": [15, 1, 14.5, 1.125], "rotation": 90, "texture": "#2"},
				"down": {"uv": [15, 1.375, 14.5, 1.25], "rotation": 270, "texture": "#2"}
			}
		},
		{
			"from": [-1.027, 1.498, 12.65584],
			"to": [-0.523, 3.502, 14.65984],
			"shade": false,
			"rotation": {"angle": -45, "axis": "x", "origin": [-0.9, 2.5, 13.65784]},
			"faces": {
				"north": {"uv": [1.125, 14.5, 1, 15], "texture": "#2"},
				"east": {"uv": [13.5, 3.5, 13, 4], "texture": "#2"},
				"south": {"uv": [14.625, 0.5, 14.5, 1], "texture": "#2"},
				"west": {"uv": [13.5, 3, 13, 3.5], "texture": "#2"},
				"up": {"uv": [15, 1, 14.5, 1.125], "rotation": 90, "texture": "#2"},
				"down": {"uv": [15, 1.375, 14.5, 1.25], "rotation": 270, "texture": "#2"}
			}
		},
		{
			"from": [-1.277, 1.748, 12.90584],
			"to": [-1.023, 3.252, 14.40984],
			"shade": false,
			"rotation": {"angle": -45, "axis": "x", "origin": [-0.9, 2.5, 13.65784]},
			"faces": {
				"north": {"uv": [14.625, 4, 14.5, 4.375], "texture": "#2"},
				"east": {"uv": [4.875, 14, 4.5, 14.375], "texture": "#2"},
				"south": {"uv": [4.125, 14.5, 4, 14.875], "texture": "#2"},
				"west": {"uv": [14.375, 4.25, 14, 4.625], "texture": "#2"},
				"up": {"uv": [4.625, 14.5, 4.25, 14.625], "rotation": 90, "texture": "#2"},
				"down": {"uv": [14.875, 4.625, 14.5, 4.5], "rotation": 270, "texture": "#2"}
			}
		},
		{
			"from": [-1.002, 4.11932, 5.32668],
			"to": [-0.498, 5.12332, 6.33068],
			"shade": false,
			"rotation": {"angle": -45, "axis": "x", "origin": [-0.75, 2.5, 7.95]},
			"faces": {
				"north": {"uv": [6.375, 14.5, 6.25, 14.75], "texture": "#2"},
				"east": {"uv": [14.75, 1.75, 14.5, 2], "texture": "#2"},
				"south": {"uv": [6.125, 14.5, 6, 14.75], "texture": "#2"},
				"west": {"uv": [14.75, 1.5, 14.5, 1.75], "texture": "#2"},
				"up": {"uv": [14.75, 6.25, 14.5, 6.375], "rotation": 90, "texture": "#2"},
				"down": {"uv": [6.75, 14.625, 6.5, 14.5], "rotation": 270, "texture": "#2"}
			}
		},
		{
			"from": [-0.752, 1.248, 5.998],
			"to": [-0.498, 3.752, 9.502],
			"shade": false,
			"rotation": {"angle": 0, "axis": "y", "origin": [-0.75, 2.5, 13.75]},
			"faces": {
				"north": {"uv": [8.875, 14.25, 8.75, 14.875], "texture": "#2"},
				"east": {"uv": [11.375, 12, 10.5, 12.625], "texture": "#2"},
				"south": {"uv": [8.125, 14.25, 8, 14.875], "texture": "#2"},
				"west": {"uv": [10.375, 12, 9.5, 12.625], "texture": "#2"},
				"up": {"uv": [14.875, 7, 14, 7.125], "rotation": 90, "texture": "#2"},
				"down": {"uv": [14.875, 7.375, 14, 7.25], "rotation": 270, "texture": "#2"}
			}
		},
		{
			"from": [16.523, 1.498, 12.65584],
			"to": [17.027, 3.502, 14.65984],
			"shade": false,
			"rotation": {"angle": -45, "axis": "x", "origin": [16.9, 2.5, 13.65784]},
			"faces": {
				"north": {"uv": [1, 14.5, 1.125, 15], "texture": "#2"},
				"east": {"uv": [13, 3, 13.5, 3.5], "texture": "#2"},
				"south": {"uv": [14.5, 0.5, 14.625, 1], "texture": "#2"},
				"west": {"uv": [13, 3.5, 13.5, 4], "texture": "#2"},
				"up": {"uv": [15, 1.125, 14.5, 1], "rotation": 90, "texture": "#2"},
				"down": {"uv": [15, 1.25, 14.5, 1.375], "rotation": 270, "texture": "#2"}
			}
		},
		{
			"from": [17.023, 1.748, 12.90584],
			"to": [17.277, 3.252, 14.40984],
			"shade": false,
			"rotation": {"angle": -45, "axis": "x", "origin": [16.9, 2.5, 13.65784]},
			"faces": {
				"north": {"uv": [14.5, 4, 14.625, 4.375], "texture": "#2"},
				"east": {"uv": [14, 4.25, 14.375, 4.625], "texture": "#2"},
				"south": {"uv": [4, 14.5, 4.125, 14.875], "texture": "#2"},
				"west": {"uv": [4.5, 14, 4.875, 14.375], "texture": "#2"},
				"up": {"uv": [4.625, 14.625, 4.25, 14.5], "rotation": 90, "texture": "#2"},
				"down": {"uv": [14.875, 4.5, 14.5, 4.625], "rotation": 270, "texture": "#2"}
			}
		},
		{
			"from": [16.498, 4.11932, 9.41932],
			"to": [17.002, 5.12332, 10.42332],
			"shade": false,
			"rotation": {"angle": 45, "axis": "x", "origin": [16.75, 2.5, 7.8]},
			"faces": {
				"north": {"uv": [6.125, 14.5, 6, 14.75], "texture": "#2"},
				"east": {"uv": [14.75, 1.5, 14.5, 1.75], "texture": "#2"},
				"south": {"uv": [6.375, 14.5, 6.25, 14.75], "texture": "#2"},
				"west": {"uv": [14.75, 1.75, 14.5, 2], "texture": "#2"},
				"up": {"uv": [14.5, 6.375, 14.75, 6.25], "rotation": 90, "texture": "#2"},
				"down": {"uv": [6.5, 14.5, 6.75, 14.625], "rotation": 270, "texture": "#2"}
			}
		},
		{
			"from": [16.498, 1.248, 5.998],
			"to": [16.752, 3.752, 9.502],
			"shade": false,
			"rotation": {"angle": 0, "axis": "y", "origin": [16.75, 2.5, 13.75]},
			"faces": {
				"north": {"uv": [8.75, 14.25, 8.875, 14.875], "texture": "#2"},
				"east": {"uv": [9.5, 12, 10.375, 12.625], "texture": "#2"},
				"south": {"uv": [8, 14.25, 8.125, 14.875], "texture": "#2"},
				"west": {"uv": [10.5, 12, 11.375, 12.625], "texture": "#2"},
				"up": {"uv": [14.875, 7.125, 14, 7], "rotation": 90, "texture": "#2"},
				"down": {"uv": [14.875, 7.25, 14, 7.375], "rotation": 270, "texture": "#2"}
			}
		},
		{
			"from": [16.748, 1.498, 6.248],
			"to": [17.002, 3.502, 9.252],
			"shade": false,
			"rotation": {"angle": 0, "axis": "y", "origin": [16.75, 2.5, 13.75]},
			"faces": {
				"north": {"uv": [3, 14.5, 3.125, 15], "texture": "#2"},
				"east": {"uv": [6.75, 12.25, 7.5, 12.75], "texture": "#2"},
				"south": {"uv": [14.5, 2.75, 14.625, 3.25], "texture": "#2"},
				"west": {"uv": [7.5, 12.25, 8.25, 12.75], "texture": "#2"},
				"up": {"uv": [15, 11.375, 14.25, 11.25], "rotation": 90, "texture": "#2"},
				"down": {"uv": [15, 11.5, 14.25, 11.625], "rotation": 270, "texture": "#2"}
			}
		},
		{
			"from": [16.498, 4.11932, 5.32668],
			"to": [17.002, 5.12332, 6.33068],
			"shade": false,
			"rotation": {"angle": -45, "axis": "x", "origin": [16.75, 2.5, 7.95]},
			"faces": {
				"north": {"uv": [6.25, 14.5, 6.375, 14.75], "texture": "#2"},
				"east": {"uv": [14.5, 1.5, 14.75, 1.75], "texture": "#2"},
				"south": {"uv": [6, 14.5, 6.125, 14.75], "texture": "#2"},
				"west": {"uv": [14.5, 1.75, 14.75, 2], "texture": "#2"},
				"up": {"uv": [14.75, 6.375, 14.5, 6.25], "rotation": 90, "texture": "#2"},
				"down": {"uv": [6.75, 14.5, 6.5, 14.625], "rotation": 270, "texture": "#2"}
			}
		},
		{
			"from": [17.023, 1.748, 1.55584],
			"to": [17.277, 3.252, 3.05984],
			"shade": false,
			"rotation": {"angle": -45, "axis": "x", "origin": [16.9, 2.5, 2.30784]},
			"faces": {
				"north": {"uv": [14.5, 4, 14.625, 4.375], "texture": "#2"},
				"east": {"uv": [14, 4.25, 14.375, 4.625], "texture": "#2"},
				"south": {"uv": [4, 14.5, 4.125, 14.875], "texture": "#2"},
				"west": {"uv": [4.5, 14, 4.875, 14.375], "texture": "#2"},
				"up": {"uv": [4.625, 14.625, 4.25, 14.5], "rotation": 90, "texture": "#2"},
				"down": {"uv": [14.875, 4.5, 14.5, 4.625], "rotation": 270, "texture": "#2"}
			}
		},
		{
			"from": [16.523, 1.498, 1.30584],
			"to": [17.027, 3.502, 3.30984],
			"shade": false,
			"rotation": {"angle": -45, "axis": "x", "origin": [16.9, 2.5, 2.30784]},
			"faces": {
				"north": {"uv": [1, 14.5, 1.125, 15], "texture": "#2"},
				"east": {"uv": [13, 3, 13.5, 3.5], "texture": "#2"},
				"south": {"uv": [14.5, 0.5, 14.625, 1], "texture": "#2"},
				"west": {"uv": [13, 3.5, 13.5, 4], "texture": "#2"},
				"up": {"uv": [15, 1.125, 14.5, 1], "rotation": 90, "texture": "#2"},
				"down": {"uv": [15, 1.25, 14.5, 1.375], "rotation": 270, "texture": "#2"}
			}
		},
		{
			"from": [-1.002, 1.498, 6.248],
			"to": [-0.748, 3.502, 9.252],
			"shade": false,
			"rotation": {"angle": 0, "axis": "y", "origin": [-0.75, 2.5, 13.75]},
			"faces": {
				"north": {"uv": [3.125, 14.5, 3, 15], "texture": "#2"},
				"east": {"uv": [8.25, 12.25, 7.5, 12.75], "texture": "#2"},
				"south": {"uv": [14.625, 2.75, 14.5, 3.25], "texture": "#2"},
				"west": {"uv": [7.5, 12.25, 6.75, 12.75], "texture": "#2"},
				"up": {"uv": [15, 11.25, 14.25, 11.375], "rotation": 90, "texture": "#2"},
				"down": {"uv": [15, 11.625, 14.25, 11.5], "rotation": 270, "texture": "#2"}
			}
		},
		{
			"from": [-0.002, -0.002, -0.002],
			"to": [16.002, 1.002, 1.002],
			"shade": false,
			"rotation": {"angle": 0, "axis": "y", "origin": [7, 0, 0]},
			"faces": {
				"north": {"uv": [8, 11, 12, 11.25], "texture": "#2"},
				"east": {"uv": [13.25, 8.25, 13.5, 8.5], "texture": "#2"},
				"south": {"uv": [0, 11.25, 4, 11.5], "texture": "#2"},
				"west": {"uv": [13.5, 5.5, 13.75, 5.75], "texture": "#2"},
				"up": {"uv": [8, 11.5, 4, 11.25], "texture": "#2"},
				"down": {"uv": [12, 11.25, 8, 11.5], "texture": "#2"}
			}
		},
		{
			"from": [-0.002, -0.002, 14.998],
			"to": [16.002, 1.002, 16.002],
			"shade": false,
			"rotation": {"angle": 0, "axis": "y", "origin": [7, 0, 16]},
			"faces": {
				"north": {"uv": [9, 11.5, 13, 11.75], "texture": "#2"},
				"east": {"uv": [14.25, 13.5, 14.5, 13.75], "texture": "#2"},
				"south": {"uv": [1, 11.75, 5, 12], "texture": "#2"},
				"west": {"uv": [14.25, 13.75, 14.5, 14], "texture": "#2"},
				"up": {"uv": [9, 12, 5, 11.75], "texture": "#2"},
				"down": {"uv": [13, 11.75, 9, 12], "texture": "#2"}
			}
		},
		{
			"from": [-0.5087, 0.9913, 15.50846],
			"to": [16.5087, 4.0087, 15.52586],
			"shade": false,
			"rotation": {"angle": 0, "axis": "y", "origin": [7, 4, 16.01716]},
			"faces": {
				"north": {"uv": [8.5, 5.5, 12.75, 6.25], "texture": "#2"},
				"east": {"uv": [0, 0, 0, 0.75], "texture": "#2"},
				"south": {"uv": [8.5, 6.25, 12.75, 7], "texture": "#2"},
				"west": {"uv": [0, 0, 0, 0.75], "texture": "#2"},
				"up": {"uv": [4.25, 0, 0, 0], "texture": "#2"},
				"down": {"uv": [4.25, 0, 0, 0], "texture": "#2"}
			}
		},
		{
			"from": [-0.002, 3.998, 14.998],
			"to": [16.002, 5.002, 16.002],
			"shade": false,
			"rotation": {"angle": 0, "axis": "y", "origin": [7, 4, 16]},
			"faces": {
				"north": {"uv": [11.25, 10, 15.25, 10.25], "texture": "#2"},
				"east": {"uv": [14.25, 13, 14.5, 13.25], "texture": "#2"},
				"south": {"uv": [11.25, 10.25, 15.25, 10.5], "texture": "#2"},
				"west": {"uv": [14.25, 13.25, 14.5, 13.5], "texture": "#2"},
				"up": {"uv": [5, 11.75, 1, 11.5], "texture": "#2"},
				"down": {"uv": [9, 11.5, 5, 11.75], "texture": "#2"}
			}
		},
		{
			"from": [-0.5087, 0.9913, 0.4663],
			"to": [-0.4913, 4.0087, 15.5337],
			"shade": false,
			"rotation": {"angle": 0, "axis": "y", "origin": [-0.49142, 2.5, 8]},
			"faces": {
				"north": {"uv": [0, 0, 0, 0.75], "texture": "#2"},
				"east": {"uv": [7.5, 9, 11.25, 9.75], "texture": "#2"},
				"south": {"uv": [0, 0, 0, 0.75], "texture": "#2"},
				"west": {"uv": [7.5, 9.75, 11.25, 10.5], "texture": "#2"},
				"up": {"uv": [0, 3.75, 0, 0], "texture": "#2"},
				"down": {"uv": [0, 0, 0, 3.75], "texture": "#2"}
			}
		},
		{
			"from": [-1.006, 3.998, -0.002],
			"to": [-0.002, 5.002, 16.002],
			"shade": false,
			"rotation": {"angle": 0, "axis": "y", "origin": [-0.51258, 2.5, 8]},
			"faces": {
				"north": {"uv": [12.25, 14.25, 12.5, 14.5], "texture": "#2"},
				"east": {"uv": [11.25, 9.5, 15.25, 9.75], "texture": "#2"},
				"south": {"uv": [14.25, 12.5, 14.5, 12.75], "texture": "#2"},
				"west": {"uv": [11.25, 9.75, 15.25, 10], "texture": "#2"},
				"up": {"uv": [0.75, 15.5, 0.5, 11.5], "texture": "#2"},
				"down": {"uv": [1, 11.5, 0.75, 15.5], "texture": "#2"}
			}
		},
		{
			"from": [-0.756, 4.998, 0.198],
			"to": [-0.752, 9.002, 15.802],
			"shade": false,
			"rotation": {"angle": 0, "axis": "y", "origin": [-0.26258, 2.5, 8]},
			"faces": {
				"north": {"uv": [0, 0, 0, 1], "texture": "#2"},
				"east": {"uv": [12.375, 3, 8.5, 4], "texture": "#2"},
				"south": {"uv": [0, 0, 0, 1], "texture": "#2"},
				"west": {"uv": [8.5, 3, 12.375, 4], "texture": "#2"},
				"up": {"uv": [0, 3.875, 0, 0], "texture": "#2"},
				"down": {"uv": [0, 0, 0, 3.875], "texture": "#2"}
			}
		},
		{
			"from": [-1.006, -0.002, -0.002],
			"to": [-0.002, 1.002, 16.002],
			"shade": false,
			"rotation": {"angle": 0, "axis": "y", "origin": [-0.51258, 2.5, 8]},
			"faces": {
				"north": {"uv": [13.5, 11.75, 13.75, 12], "texture": "#2"},
				"east": {"uv": [11.25, 9, 15.25, 9.25], "texture": "#2"},
				"south": {"uv": [12, 14.25, 12.25, 14.5], "texture": "#2"},
				"west": {"uv": [11.25, 9.25, 15.25, 9.5], "texture": "#2"},
				"up": {"uv": [0.25, 15.5, 0, 11.5], "texture": "#2"},
				"down": {"uv": [0.5, 11.5, 0.25, 15.5], "texture": "#2"}
			}
		},
		{
			"name": "heart",
			"from": [8.36, 13.95, -0.40562],
			"to": [9.8, 14.67, 0.41437],
			"shade": false,
			"rotation": {"angle": 0, "axis": "y", "origin": [8, 11.74258, -0.00437]},
			"faces": {
				"north": {"uv": [14.5, 3.25, 14.875, 3.375], "texture": "#2"},
				"east": {"uv": [14.5, 3.25, 14.875, 3.375], "texture": "#2"},
				"south": {"uv": [14.5, 3.25, 14.875, 3.375], "texture": "#2"},
				"west": {"uv": [14.5, 3.25, 14.875, 3.375], "texture": "#2"},
				"up": {"uv": [10.375, 14.25, 10, 14], "texture": "#2"}
			}
		},
		{
			"name": "heart",
			"from": [6.2, 13.95, -0.40562],
			"to": [7.64, 14.67, 0.41437],
			"shade": false,
			"rotation": {"angle": 0, "axis": "y", "origin": [8, 11.74258, -0.00437]},
			"faces": {
				"north": {"uv": [3.5, 14.5, 3.875, 14.625], "texture": "#2"},
				"east": {"uv": [3.5, 14.5, 3.875, 14.625], "texture": "#2"},
				"south": {"uv": [3.5, 14.5, 3.875, 14.625], "texture": "#2"},
				"west": {"uv": [3.5, 14.5, 3.875, 14.625], "texture": "#2"},
				"up": {"uv": [10.875, 14.25, 10.5, 14], "texture": "#2"}
			}
		},
		{
			"name": "heart",
			"from": [7.64, 13.23, -0.40562],
			"to": [8.36, 13.95, 0.41437],
			"shade": false,
			"rotation": {"angle": 0, "axis": "y", "origin": [8, 11.74258, -0.00437]},
			"faces": {
				"north": {"uv": [3.5, 14.5, 3.875, 14.625], "texture": "#2"},
				"south": {"uv": [3.5, 14.5, 3.875, 14.625], "texture": "#2"},
				"up": {"uv": [10.875, 14.25, 10.5, 14], "texture": "#2"}
			}
		},
		{
			"name": "heart",
			"from": [6.2, 13.23, -0.40562],
			"to": [7.64, 13.95, 0.41437],
			"shade": false,
			"rotation": {"angle": 0, "axis": "y", "origin": [8, 11.74258, -0.00437]},
			"faces": {
				"north": {"uv": [14.5, 3.5, 14.875, 3.625], "texture": "#2"},
				"south": {"uv": [14.5, 3.5, 14.875, 3.625], "texture": "#2"}
			}
		},
		{
			"name": "heart",
			"from": [8.36, 13.23, -0.40562],
			"to": [9.8, 13.95, 0.41437],
			"shade": false,
			"rotation": {"angle": 0, "axis": "y", "origin": [8, 11.74258, -0.00437]},
			"faces": {
				"north": {"uv": [14.5, 3.75, 14.875, 3.875], "texture": "#2"},
				"south": {"uv": [14.5, 3.75, 14.875, 3.875], "texture": "#2"}
			}
		},
		{
			"name": "heart",
			"from": [9.8, 13.23, -0.40562],
			"to": [10.52, 13.95, 0.41437],
			"shade": false,
			"rotation": {"angle": 0, "axis": "y", "origin": [8, 11.74258, -0.00437]},
			"faces": {
				"north": {"uv": [14.5, 3.25, 14.875, 3.375], "texture": "#2"},
				"east": {"uv": [14.5, 3.25, 14.875, 3.375], "texture": "#2"},
				"south": {"uv": [14.5, 3.25, 14.875, 3.375], "texture": "#2"},
				"up": {"uv": [10.375, 14.25, 10, 14], "texture": "#2"}
			}
		},
		{
			"name": "heart",
			"from": [10.52, 11.07, -0.40562],
			"to": [11.24, 13.23, 0.41437],
			"shade": false,
			"rotation": {"angle": 0, "axis": "y", "origin": [8, 11.74258, -0.00437]},
			"faces": {
				"north": {"uv": [14.5, 3.25, 14.875, 3.375], "texture": "#2"},
				"east": {"uv": [14.5, 3.25, 14.875, 3.375], "texture": "#2"},
				"south": {"uv": [14.5, 3.25, 14.875, 3.375], "texture": "#2"},
				"up": {"uv": [10.375, 14.25, 10, 14], "texture": "#2"},
				"down": {"uv": [4.875, 14.5, 4.75, 14.75], "texture": "#2"}
			}
		},
		{
			"name": "heart",
			"from": [5.48, 11.79, -0.40562],
			"to": [10.52, 13.23, 0.41437],
			"shade": false,
			"rotation": {"angle": 0, "axis": "y", "origin": [8, 11.74258, -0.00437]},
			"faces": {
				"north": {"uv": [14.5, 3.5, 14.875, 3.625], "texture": "#2"},
				"south": {"uv": [14.5, 3.5, 14.875, 3.625], "texture": "#2"}
			}
		},
		{
			"name": "heart",
			"from": [4.76, 11.07, -0.40562],
			"to": [5.48, 13.23, 0.41437],
			"shade": false,
			"rotation": {"angle": 0, "axis": "y", "origin": [8, 11.74258, -0.00437]},
			"faces": {
				"north": {"uv": [14.25, 14, 14.375, 14.5], "texture": "#2"},
				"south": {"uv": [14.25, 14, 14.375, 14.5], "texture": "#2"},
				"west": {"uv": [14.25, 14, 14.375, 14.5], "texture": "#2"},
				"up": {"uv": [5.125, 14.75, 5, 14.5], "texture": "#2"},
				"down": {"uv": [5.375, 14.5, 5.25, 14.75], "texture": "#2"}
			}
		},
		{
			"name": "heart",
			"from": [5.48, 11.07, -0.40562],
			"to": [6.2, 11.79, 0.41437],
			"shade": false,
			"rotation": {"angle": 0, "axis": "y", "origin": [8, 11.74258, -0.00437]},
			"faces": {
				"north": {"uv": [14.5, 6.5, 14.625, 6.625], "texture": "#2"},
				"south": {"uv": [14.5, 6.5, 14.625, 6.625], "texture": "#2"}
			}
		},
		{
			"name": "heart",
			"from": [6.2, 11.07, -0.40562],
			"to": [9.8, 11.79, 0.41437],
			"shade": false,
			"rotation": {"angle": 0, "axis": "y", "origin": [8, 11.74258, -0.00437]},
			"faces": {
				"north": {"uv": [14.5, 3.5, 14.875, 3.625], "texture": "#2"},
				"south": {"uv": [14.5, 3.5, 14.875, 3.625], "texture": "#2"}
			}
		},
		{
			"name": "heart",
			"from": [9.8, 11.07, -0.40562],
			"to": [10.52, 11.79, 0.41437],
			"shade": false,
			"rotation": {"angle": 0, "axis": "y", "origin": [8, 11.74258, -0.00437]},
			"faces": {
				"north": {"uv": [6.75, 14.5, 6.875, 14.625], "texture": "#2"},
				"south": {"uv": [6.75, 14.5, 6.875, 14.625], "texture": "#2"}
			}
		},
		{
			"name": "heart",
			"from": [9.8, 10.35, -0.40562],
			"to": [10.52, 11.07, 0.41437],
			"shade": false,
			"rotation": {"angle": 0, "axis": "y", "origin": [8, 11.74258, -0.00437]},
			"faces": {
				"north": {"uv": [14.5, 3.25, 14.875, 3.375], "texture": "#2"},
				"east": {"uv": [14.5, 3.25, 14.875, 3.375], "texture": "#2"},
				"south": {"uv": [14.5, 3.25, 14.875, 3.375], "texture": "#2"},
				"down": {"uv": [4.875, 14.5, 4.75, 14.75], "texture": "#2"}
			}
		},
		{
			"name": "heart",
			"from": [9.08, 10.35, -0.40562],
			"to": [9.8, 11.07, 0.41437],
			"shade": false,
			"rotation": {"angle": 0, "axis": "y", "origin": [8, 11.74258, -0.00437]},
			"faces": {
				"north": {"uv": [6.75, 14.5, 6.875, 14.625], "texture": "#2"},
				"south": {"uv": [6.75, 14.5, 6.875, 14.625], "texture": "#2"}
			}
		},
		{
			"name": "heart",
			"from": [9.08, 9.63, -0.40562],
			"to": [9.8, 10.35, 0.41437],
			"shade": false,
			"rotation": {"angle": 0, "axis": "y", "origin": [8, 11.74258, -0.00437]},
			"faces": {
				"north": {"uv": [14.5, 3.25, 14.875, 3.375], "texture": "#2"},
				"east": {"uv": [14.5, 3.25, 14.875, 3.375], "texture": "#2"},
				"south": {"uv": [14.5, 3.25, 14.875, 3.375], "texture": "#2"},
				"down": {"uv": [4.875, 14.5, 4.75, 14.75], "texture": "#2"}
			}
		},
		{
			"name": "heart",
			"from": [6.92, 10.35, -0.40562],
			"to": [9.08, 11.07, 0.41437],
			"shade": false,
			"rotation": {"angle": 0, "axis": "y", "origin": [8, 11.74258, -0.00437]},
			"faces": {
				"north": {"uv": [14.5, 3.5, 14.875, 3.625], "texture": "#2"},
				"south": {"uv": [14.5, 3.5, 14.875, 3.625], "texture": "#2"}
			}
		},
		{
			"name": "heart",
			"from": [8.36, 9.63, -0.40562],
			"to": [9.08, 10.35, 0.41437],
			"shade": false,
			"rotation": {"angle": 0, "axis": "y", "origin": [8, 11.74258, -0.00437]},
			"faces": {
				"north": {"uv": [6.75, 14.5, 6.875, 14.625], "texture": "#2"},
				"south": {"uv": [6.75, 14.5, 6.875, 14.625], "texture": "#2"}
			}
		},
		{
			"name": "heart",
			"from": [7.64, 9.63, -0.40562],
			"to": [8.36, 10.35, 0.41437],
			"shade": false,
			"rotation": {"angle": 0, "axis": "y", "origin": [8, 11.74258, -0.00437]},
			"faces": {
				"north": {"uv": [14.5, 3.5, 14.875, 3.625], "texture": "#2"},
				"south": {"uv": [14.5, 3.5, 14.875, 3.625], "texture": "#2"}
			}
		},
		{
			"name": "heart",
			"from": [8.36, 8.91, -0.40562],
			"to": [9.08, 9.63, 0.41437],
			"shade": false,
			"rotation": {"angle": 0, "axis": "y", "origin": [8, 11.74258, -0.00437]},
			"faces": {
				"north": {"uv": [14.5, 3.25, 14.875, 3.375], "texture": "#2"},
				"east": {"uv": [14.5, 3.25, 14.875, 3.375], "texture": "#2"},
				"south": {"uv": [14.5, 3.25, 14.875, 3.375], "texture": "#2"},
				"down": {"uv": [4.875, 14.5, 4.75, 14.75], "texture": "#2"}
			}
		},
		{
			"name": "heart",
			"from": [7.64, 8.91, -0.40562],
			"to": [8.36, 9.63, 0.41437],
			"shade": false,
			"rotation": {"angle": 0, "axis": "y", "origin": [8, 11.74258, -0.00437]},
			"faces": {
				"north": {"uv": [14.5, 6.5, 14.625, 6.625], "texture": "#2"},
				"south": {"uv": [14.5, 6.5, 14.625, 6.625], "texture": "#2"}
			}
		},
		{
			"name": "heart",
			"from": [7.64, 8.19, -0.40562],
			"to": [8.36, 8.91, 0.41437],
			"shade": false,
			"rotation": {"angle": 0, "axis": "y", "origin": [8, 11.74258, -0.00437]},
			"faces": {
				"north": {"uv": [3.5, 14.5, 3.875, 14.625], "texture": "#2"},
				"east": {"uv": [3.5, 14.5, 3.875, 14.625], "texture": "#2"},
				"south": {"uv": [3.5, 14.5, 3.875, 14.625], "texture": "#2"},
				"west": {"uv": [3.5, 14.5, 3.875, 14.625], "texture": "#2"},
				"down": {"uv": [5.625, 14.5, 5.5, 14.75], "texture": "#2"}
			}
		},
		{
			"name": "heart",
			"from": [6.92, 8.91, -0.40562],
			"to": [7.64, 9.63, 0.41437],
			"shade": false,
			"rotation": {"angle": 0, "axis": "y", "origin": [8, 11.74258, -0.00437]},
			"faces": {
				"north": {"uv": [3.5, 14.5, 3.875, 14.625], "texture": "#2"},
				"south": {"uv": [3.5, 14.5, 3.875, 14.625], "texture": "#2"},
				"west": {"uv": [3.5, 14.5, 3.875, 14.625], "texture": "#2"},
				"down": {"uv": [5.625, 14.5, 5.5, 14.75], "texture": "#2"}
			}
		},
		{
			"name": "heart",
			"from": [6.92, 9.63, -0.40562],
			"to": [7.64, 10.35, 0.41437],
			"shade": false,
			"rotation": {"angle": 0, "axis": "y", "origin": [8, 11.74258, -0.00437]},
			"faces": {
				"north": {"uv": [14.5, 6.5, 14.625, 6.625], "texture": "#2"},
				"south": {"uv": [14.5, 6.5, 14.625, 6.625], "texture": "#2"}
			}
		},
		{
			"name": "heart",
			"from": [6.2, 9.63, -0.40562],
			"to": [6.92, 10.35, 0.41437],
			"shade": false,
			"rotation": {"angle": 0, "axis": "y", "origin": [8, 11.74258, -0.00437]},
			"faces": {
				"north": {"uv": [3.5, 14.5, 3.875, 14.625], "texture": "#2"},
				"south": {"uv": [3.5, 14.5, 3.875, 14.625], "texture": "#2"},
				"west": {"uv": [3.5, 14.5, 3.875, 14.625], "texture": "#2"},
				"down": {"uv": [5.625, 14.5, 5.5, 14.75], "texture": "#2"}
			}
		},
		{
			"name": "heart",
			"from": [5.48, 10.35, -0.40562],
			"to": [6.2, 11.07, 0.41437],
			"shade": false,
			"rotation": {"angle": 0, "axis": "y", "origin": [8, 11.74258, -0.00437]},
			"faces": {
				"north": {"uv": [3.5, 14.5, 3.875, 14.625], "texture": "#2"},
				"south": {"uv": [3.5, 14.5, 3.875, 14.625], "texture": "#2"},
				"west": {"uv": [3.5, 14.5, 3.875, 14.625], "texture": "#2"},
				"down": {"uv": [5.625, 14.5, 5.5, 14.75], "texture": "#2"}
			}
		},
		{
			"name": "heart",
			"from": [6.2, 10.35, -0.40562],
			"to": [6.92, 11.07, 0.41437],
			"shade": false,
			"rotation": {"angle": 0, "axis": "y", "origin": [8, 11.74258, -0.00437]},
			"faces": {
				"north": {"uv": [14.5, 6.5, 14.625, 6.625], "texture": "#2"},
				"south": {"uv": [14.5, 6.5, 14.625, 6.625], "texture": "#2"}
			}
		},
		{
			"name": "heart",
			"from": [6.44051, 11.37254, -0.73562],
			"to": [7.09051, 12.58504, 0.40187],
			"shade": false,
			"rotation": {"angle": 0, "axis": "y", "origin": [8, 11.65379, -0.00437]},
			"faces": {
				"north": {"uv": [5.75, 14.5, 5.875, 14.75], "texture": "#2"},
				"east": {"uv": [5.75, 14.5, 5.875, 14.75], "texture": "#2"},
				"south": {"uv": [5.75, 14.5, 5.875, 14.75], "texture": "#2"},
				"west": {"uv": [5.75, 14.5, 5.875, 14.75], "texture": "#2"},
				"up": {"uv": [5.875, 14.75, 5.75, 14.5], "texture": "#2"},
				"down": {"uv": [5.875, 14.5, 5.75, 14.75], "texture": "#2"}
			}
		},
		{
			"name": "heart",
			"from": [7.09051, 10.72254, -0.73562],
			"to": [7.74051, 11.93504, 0.40187],
			"shade": false,
			"rotation": {"angle": 0, "axis": "y", "origin": [8, 11.65379, -0.00437]},
			"faces": {
				"north": {"uv": [5.75, 14.5, 5.875, 14.75], "texture": "#2"},
				"east": {"uv": [5.75, 14.5, 5.875, 14.75], "texture": "#2"},
				"south": {"uv": [5.75, 14.5, 5.875, 14.75], "texture": "#2"},
				"west": {"uv": [5.75, 14.5, 5.875, 14.75], "texture": "#2"},
				"up": {"uv": [5.875, 14.75, 5.75, 14.5], "texture": "#2"},
				"down": {"uv": [5.875, 14.5, 5.75, 14.75], "texture": "#2"}
			}
		},
		{
			"name": "heart",
			"from": [8.25949, 10.72254, -0.73562],
			"to": [8.90949, 11.93504, 0.40187],
			"shade": false,
			"rotation": {"angle": 0, "axis": "y", "origin": [8, 11.65379, -0.00437]},
			"faces": {
				"north": {"uv": [5.75, 14.5, 5.875, 14.75], "texture": "#2"},
				"east": {"uv": [5.75, 14.5, 5.875, 14.75], "texture": "#2"},
				"south": {"uv": [5.75, 14.5, 5.875, 14.75], "texture": "#2"},
				"west": {"uv": [5.75, 14.5, 5.875, 14.75], "texture": "#2"},
				"up": {"uv": [5.875, 14.75, 5.75, 14.5], "texture": "#2"},
				"down": {"uv": [5.875, 14.5, 5.75, 14.75], "texture": "#2"}
			}
		},
		{
			"name": "heart",
			"from": [8.90949, 11.37254, -0.73562],
			"to": [9.55949, 12.58504, 0.40187],
			"shade": false,
			"rotation": {"angle": 0, "axis": "y", "origin": [8, 11.65379, -0.00437]},
			"faces": {
				"north": {"uv": [5.75, 14.5, 5.875, 14.75], "texture": "#2"},
				"east": {"uv": [5.75, 14.5, 5.875, 14.75], "texture": "#2"},
				"south": {"uv": [5.75, 14.5, 5.875, 14.75], "texture": "#2"},
				"west": {"uv": [5.75, 14.5, 5.875, 14.75], "texture": "#2"},
				"up": {"uv": [5.875, 14.75, 5.75, 14.5], "texture": "#2"},
				"down": {"uv": [5.875, 14.5, 5.75, 14.75], "texture": "#2"}
			}
		},
		{
			"name": "heart",
			"from": [5.48, 13.23, -0.40562],
			"to": [6.2, 13.95, 0.41437],
			"shade": false,
			"rotation": {"angle": 0, "axis": "y", "origin": [8, 11.74258, -0.00437]},
			"faces": {
				"north": {"uv": [3.5, 14.5, 3.875, 14.625], "texture": "#2"},
				"south": {"uv": [3.5, 14.5, 3.875, 14.625], "texture": "#2"},
				"west": {"uv": [3.5, 14.5, 3.875, 14.625], "texture": "#2"},
				"up": {"uv": [10.875, 14.25, 10.5, 14], "texture": "#2"}
			}
		},
		{
			"name": "ef1",
			"from": [-4, -1.75, -0.75],
			"to": [0.5, 3.75, -0.75],
			"shade": false,
			"rotation": {"angle": 22.5, "axis": "y", "origin": [-1.75, 1, -0.75]},
			"faces": {
				"north": {"uv": [10.625, 14.75, 11.75, 15.875], "texture": "#2"},
				"east": {"uv": [0, 0, 0, 1.5], "texture": "#missing"},
				"south": {"uv": [11.75, 14.75, 10.625, 15.875], "texture": "#2"},
				"west": {"uv": [0, 0, 0, 1.5], "texture": "#missing"},
				"up": {"uv": [0, 0, 1.5, 0], "texture": "#missing"},
				"down": {"uv": [0, 0, 1.5, 0], "texture": "#missing"}
			}
		},
		{
			"name": "ef1",
			"from": [15.5, -1.75, 16.75],
			"to": [20, 3.75, 16.75],
			"shade": false,
			"rotation": {"angle": 22.5, "axis": "y", "origin": [17.75, 1, 16.75]},
			"faces": {
				"north": {"uv": [11.75, 14.75, 10.625, 15.875], "texture": "#2"},
				"east": {"uv": [0, 0, 0, 1.5], "texture": "#missing"},
				"south": {"uv": [10.625, 14.75, 11.75, 15.875], "texture": "#2"},
				"west": {"uv": [0, 0, 0, 1.5], "texture": "#missing"},
				"up": {"uv": [1.5, 0, 0, 0], "texture": "#missing"},
				"down": {"uv": [1.5, 0, 0, 0], "texture": "#missing"}
			}
		},
		{
			"name": "ef2",
			"from": [16.25, 4, -1.25],
			"to": [19.25, 8, -1.25],
			"shade": false,
			"rotation": {"angle": -45, "axis": "y", "origin": [17.75, 6, -1.25]},
			"faces": {
				"north": {"uv": [14.5, 14.75, 15.625, 15.875], "texture": "#2"},
				"east": {"uv": [0, 0, 0, 1.5], "texture": "#missing"},
				"south": {"uv": [15.625, 14.75, 14.5, 15.875], "texture": "#2"},
				"west": {"uv": [0, 0, 0, 1.5], "texture": "#missing"},
				"up": {"uv": [0, 0, 1.5, 0], "texture": "#missing"},
				"down": {"uv": [0, 0, 1.5, 0], "texture": "#missing"}
			}
		},
		{
			"name": "ef3",
			"from": [-4, 0, 17],
			"to": [2, 6, 17],
			"shade": false,
			"rotation": {"angle": -22.5, "axis": "y", "origin": [-1, 3, 17]},
			"faces": {
				"north": {"uv": [12.625, 14.75, 13.75, 15.875], "texture": "#2"},
				"east": {"uv": [0, 0, 0, 1.5], "texture": "#missing"},
				"south": {"uv": [13.75, 14.75, 12.625, 15.875], "texture": "#2"},
				"west": {"uv": [0, 0, 0, 1.5], "texture": "#missing"},
				"up": {"uv": [0, 0, 1.5, 0], "texture": "#missing"},
				"down": {"uv": [0, 0, 1.5, 0], "texture": "#missing"}
			}
		}
	],
	"gui_light": "front",
	"display": {
		"thirdperson_righthand": {
			"rotation": [142.3, 41.34, -159.98],
			"translation": [0, 1.25, 0],
			"scale": [0.18, 0.18, 0.18]
		},
		"thirdperson_lefthand": {
			"rotation": [142.3, 41.34, -159.98],
			"translation": [0, 1.25, 0],
			"scale": [0.18, 0.18, 0.18]
		},
		"firstperson_righthand": {
			"rotation": [168.06, 45.67, -176.11],
			"translation": [0.25, 3.75, 1],
			"scale": [0.3, 0.3, 0.3]
		},
		"firstperson_lefthand": {
			"rotation": [168.06, 45.67, -176.11],
			"translation": [0.25, 3.75, 1],
			"scale": [0.3, 0.3, 0.3]
		},
		"ground": {
			"translation": [0, 1.5, 0],
			"scale": [0.25, 0.25, 0.25]
		},
		"gui": {
			"rotation": [-160, 25, -180],
			"translation": [-0.25, 0.25, 0],
			"scale": [0.64, 0.64, 0.64]
		},
		"head": {
			"rotation": [1.75, 0, 0],
			"translation": [0, 9.75, 0],
			"scale": [0.89, 0.89, 0.89]
		},
		"fixed": {
			"translation": [0, -1.5, -2.5],
			"scale": [0.61, 0.61, 0.61]
		}
	},
	"groups": [
		0,
		1,
		2,
		3,
		4,
		5,
		6,
		7,
		8,
		9,
		10,
		11,
		12,
		13,
		14,
		15,
		16,
		17,
		18,
		19,
		20,
		21,
		22,
		23,
		24,
		25,
		26,
		27,
		28,
		29,
		30,
		31,
		32,
		33,
		34,
		35,
		36,
		37,
		38,
		39,
		40,
		41,
		42,
		43,
		44,
		45,
		46,
		47,
		48,
		49,
		50,
		51,
		52,
		53,
		54,
		55,
		56,
		57,
		58,
		59,
		60,
		61,
		62,
		63,
		64,
		65,
		66,
		67,
		68,
		69,
		70,
		71,
		72,
		73,
		74,
		75,
		76,
		77,
		78,
		79,
		80,
		81,
		82,
		83,
		84,
		85,
		86,
		87,
		88,
		89,
		90,
		91,
		92,
		93,
		94,
		95,
		96,
		97,
		98,
		99,
		100,
		101,
		102,
		103,
		104,
		{
			"name": "heart",
			"origin": [10.16, 9.35, 44.14438],
			"color": 0,
			"shade": false,
			"children": [105, 106, 107, 108, 109, 110, 111, 112, 113, 114, 115, 116, 117, 118, 119, 120, 121, 122, 123, 124, 125, 126, 127, 128, 129, 130, 131, 132, 133, 134, 135]
		},
		136,
		137,
		138,
		139
	]
}