{
	"credit": "Made with Blockbench",
	"texture_size": [64, 64],
	"textures": {
		"1": "item/lightning/lightning_ef_long",
		"2": "item/lightning/lightning_shovel",
		"particle": "item/lightning/lightning_shovel"
	},
	"elements": [
		{
			"from": [5.49573, 13.157, 7.594],
			"to": [8.85773, 16.669, 8.406],
			"shade": false,
			"rotation": {"angle": -45, "axis": "z", "origin": [8.88388, 13.13874, 8]},
			"faces": {
				"north": {"uv": [5.5, 5.875, 6.375, 5], "rotation": 90, "texture": "#2"},
				"east": {"uv": [3.625, 7, 2.75, 7.25], "rotation": 270, "texture": "#2"},
				"south": {"uv": [5.5, 5, 6.375, 5.875], "rotation": 90, "texture": "#2"},
				"west": {"uv": [8.125, 5.5, 7.25, 5.25], "rotation": 270, "texture": "#2"},
				"up": {"uv": [0.25, 8.375, 0.5, 7.5], "rotation": 270, "texture": "#2"},
				"down": {"uv": [0.5, 8.375, 0.75, 7.5], "rotation": 270, "texture": "#2"}
			}
		},
		{
			"from": [7.0991, 16.40426, 7.596],
			"to": [10.2071, 19.91226, 8.404],
			"shade": false,
			"rotation": {"angle": -22.5, "axis": "z", "origin": [8.88388, 13.13874, 8]},
			"faces": {
				"north": {"uv": [1, 6.75, 1.875, 6.05], "rotation": 90, "texture": "#2"},
				"east": {"uv": [1.875, 7.5, 1, 7.75], "rotation": 270, "texture": "#2"},
				"south": {"uv": [1, 6.05, 1.875, 6.75], "rotation": 90, "texture": "#2"},
				"west": {"uv": [2.875, 7.75, 2, 7.5], "rotation": 270, "texture": "#2"},
				"up": {"uv": [3.5, 8.25, 3.75, 7.5], "rotation": 270, "texture": "#2"},
				"down": {"uv": [3.75, 8.25, 4, 7.5], "rotation": 270, "texture": "#2"}
			}
		},
		{
			"from": [11.90182, 16.99148, 7.598],
			"to": [14.60582, 19.24548, 8.402],
			"shade": false,
			"rotation": {"angle": 22.5, "axis": "z", "origin": [8.88388, 13.13874, 8]},
			"faces": {
				"north": {"uv": [6.125, 6.875, 5.625, 7.375], "rotation": 180, "texture": "#2"},
				"east": {"uv": [4.25, 7.625, 4, 8.125], "rotation": 180, "texture": "#2"},
				"south": {"uv": [5.625, 6.875, 6.125, 7.375], "rotation": 180, "texture": "#2"},
				"west": {"uv": [4.5, 7.5, 4.25, 8.125], "rotation": 180, "texture": "#2"},
				"up": {"uv": [7.75, 0, 8.375, 0.25], "rotation": 180, "texture": "#2"},
				"down": {"uv": [6.25, 7.75, 6.875, 7.5], "rotation": 180, "texture": "#2"}
			}
		},
		{
			"from": [6.70398, 19.59338, 7.6],
			"to": [8.61098, 21.50038, 8.4],
			"shade": false,
			"rotation": {"angle": -22.5, "axis": "z", "origin": [8.88388, 13.13874, 8]},
			"faces": {
				"north": {"uv": [4, 7.5, 4.5, 7], "rotation": 90, "texture": "#2"},
				"east": {"uv": [8.25, 0.25, 7.75, 0.5], "rotation": 270, "texture": "#2"},
				"south": {"uv": [7.25, 2.75, 7.75, 2.25], "rotation": 270, "texture": "#2"},
				"west": {"uv": [5.25, 8, 4.75, 7.75], "rotation": 270, "texture": "#2"},
				"up": {"uv": [7, 8, 7.25, 7.5], "rotation": 270, "texture": "#2"},
				"down": {"uv": [4.5, 8.25, 4.75, 7.75], "rotation": 270, "texture": "#2"}
			}
		},
		{
			"from": [7.14227, 13.157, 7.594],
			"to": [10.50427, 16.669, 8.406],
			"shade": false,
			"rotation": {"angle": 45, "axis": "z", "origin": [7.11612, 13.13874, 8]},
			"faces": {
				"north": {"uv": [5.5, 5, 6.375, 5.875], "rotation": 90, "texture": "#2"},
				"east": {"uv": [8.125, 5.25, 7.25, 5.5], "rotation": 270, "texture": "#2"},
				"south": {"uv": [5.5, 5.875, 6.375, 5], "rotation": 90, "texture": "#2"},
				"west": {"uv": [3.625, 7.25, 2.75, 7], "rotation": 270, "texture": "#2"},
				"up": {"uv": [0.25, 7.5, 0.5, 8.375], "rotation": 270, "texture": "#2"},
				"down": {"uv": [0.5, 7.5, 0.75, 8.375], "rotation": 270, "texture": "#2"}
			}
		},
		{
			"from": [5.7929, 16.40426, 7.596],
			"to": [8.9009, 19.91226, 8.404],
			"shade": false,
			"rotation": {"angle": 22.5, "axis": "z", "origin": [7.11612, 13.13874, 8]},
			"faces": {
				"north": {"uv": [1, 6.05, 1.875, 6.75], "rotation": 90, "texture": "#2"},
				"east": {"uv": [2.875, 7.5, 2, 7.75], "rotation": 270, "texture": "#2"},
				"south": {"uv": [1, 6.75, 1.875, 6.05], "rotation": 90, "texture": "#2"},
				"west": {"uv": [1.875, 7.75, 1, 7.5], "rotation": 270, "texture": "#2"},
				"up": {"uv": [3.5, 7.5, 3.75, 8.25], "rotation": 270, "texture": "#2"},
				"down": {"uv": [3.75, 7.5, 4, 8.25], "rotation": 270, "texture": "#2"}
			}
		},
		{
			"from": [1.39418, 16.99148, 7.598],
			"to": [4.09818, 19.24548, 8.402],
			"shade": false,
			"rotation": {"angle": -22.5, "axis": "z", "origin": [7.11612, 13.13874, 8]},
			"faces": {
				"north": {"uv": [5.625, 6.875, 6.125, 7.375], "rotation": 180, "texture": "#2"},
				"east": {"uv": [4.25, 7.5, 4.5, 8.125], "rotation": 180, "texture": "#2"},
				"south": {"uv": [6.125, 6.875, 5.625, 7.375], "rotation": 180, "texture": "#2"},
				"west": {"uv": [4, 7.625, 4.25, 8.125], "rotation": 180, "texture": "#2"},
				"up": {"uv": [8.375, 0, 7.75, 0.25], "rotation": 180, "texture": "#2"},
				"down": {"uv": [6.875, 7.75, 6.25, 7.5], "rotation": 180, "texture": "#2"}
			}
		},
		{
			"from": [7.38902, 19.59338, 7.6],
			"to": [9.29602, 21.50038, 8.4],
			"shade": false,
			"rotation": {"angle": 22.5, "axis": "z", "origin": [7.11612, 13.13874, 8]},
			"faces": {
				"north": {"uv": [4, 7, 4.5, 7.5], "rotation": 90, "texture": "#2"},
				"east": {"uv": [5.25, 7.75, 4.75, 8], "rotation": 270, "texture": "#2"},
				"south": {"uv": [7.25, 2.25, 7.75, 2.75], "rotation": 270, "texture": "#2"},
				"west": {"uv": [8.25, 0.5, 7.75, 0.25], "rotation": 270, "texture": "#2"},
				"up": {"uv": [7, 7.5, 7.25, 8], "rotation": 270, "texture": "#2"},
				"down": {"uv": [4.5, 7.75, 4.75, 8.25], "rotation": 270, "texture": "#2"}
			}
		},
		{
			"from": [3.8742, 15.09407, 8.3947],
			"to": [12.1258, 15.66067, 8.9613],
			"shade": false,
			"rotation": {"angle": -45, "axis": "x", "origin": [7.5, 14.36987, 8.7955]},
			"faces": {
				"north": {"uv": [7, 1.5, 9.125, 1.625], "texture": "#2"},
				"east": {"uv": [8.25, 2.5, 8.375, 2.625], "texture": "#2"},
				"south": {"uv": [7, 1.75, 9.125, 1.875], "texture": "#2"},
				"west": {"uv": [2.75, 8.25, 2.875, 8.375], "texture": "#2"},
				"up": {"uv": [3.875, 7.375, 1.75, 7.25], "texture": "#2"},
				"down": {"uv": [9.375, 2, 7.25, 2.125], "texture": "#2"}
			}
		},
		{
			"from": [5.492, 13.992, 7.592],
			"to": [10.508, 15.008, 8.408],
			"shade": false,
			"rotation": {"angle": 0, "axis": "y", "origin": [8.25, 8.85, 8]},
			"faces": {
				"north": {"uv": [7, 0.5, 8.25, 0.75], "texture": "#2"},
				"east": {"uv": [2.75, 6.75, 3, 7], "texture": "#2"},
				"south": {"uv": [7, 0.75, 8.25, 1], "texture": "#2"},
				"west": {"uv": [3.75, 7, 4, 7.25], "texture": "#2"},
				"up": {"uv": [8.25, 1.25, 7, 1], "texture": "#2"},
				"down": {"uv": [8.25, 1.25, 7, 1.5], "texture": "#2"}
			}
		},
		{
			"from": [5.4992, 14.09407, 8.3947],
			"to": [10.5008, 14.66067, 8.9613],
			"shade": false,
			"rotation": {"angle": -45, "axis": "x", "origin": [7.625, 13.36987, 8.7955]},
			"faces": {
				"north": {"uv": [7.5, 5.75, 8.75, 5.875], "texture": "#2"},
				"east": {"uv": [8.25, 3.25, 8.375, 3.375], "texture": "#2"},
				"south": {"uv": [7.5, 6, 8.75, 6.125], "texture": "#2"},
				"west": {"uv": [3.5, 8.25, 3.625, 8.375], "texture": "#2"},
				"up": {"uv": [8.75, 6.375, 7.5, 6.25], "texture": "#2"},
				"down": {"uv": [8.75, 6.5, 7.5, 6.625], "texture": "#2"}
			}
		},
		{
			"from": [7.25, 1.85, 7.25],
			"to": [8.75, 18, 8.75],
			"shade": false,
			"rotation": {"angle": 0, "axis": "y", "origin": [7, 0, 7]},
			"faces": {
				"north": {"uv": [5, 2, 5.375, 6], "texture": "#2"},
				"east": {"uv": [5, 2, 5.375, 6], "texture": "#2"},
				"south": {"uv": [5, 2, 5.375, 6], "texture": "#2"},
				"west": {"uv": [5, 2, 5.375, 6], "texture": "#2"},
				"up": {"uv": [1.375, 8.125, 1, 7.75], "texture": "#2"},
				"down": {"uv": [1.875, 7.75, 1.5, 8.125], "texture": "#2"}
			}
		},
		{
			"from": [7, 13, 7],
			"to": [9, 14, 9],
			"shade": false,
			"rotation": {"angle": 0, "axis": "y", "origin": [7, 7, 7]},
			"faces": {
				"north": {"uv": [7.75, 4.75, 8.25, 5], "texture": "#2"},
				"east": {"uv": [7.75, 5, 8.25, 5.25], "texture": "#2"},
				"south": {"uv": [5.25, 7.75, 5.75, 8], "texture": "#2"},
				"west": {"uv": [5.75, 7.75, 6.25, 8], "texture": "#2"},
				"up": {"uv": [7.75, 3.75, 7.25, 3.25], "texture": "#2"},
				"down": {"uv": [7.75, 3.75, 7.25, 4.25], "texture": "#2"}
			}
		},
		{
			"from": [7, 18, 7],
			"to": [9, 19, 9],
			"shade": false,
			"rotation": {"angle": 0, "axis": "y", "origin": [7, 12, 7]},
			"faces": {
				"north": {"uv": [6.25, 7.75, 6.75, 8], "texture": "#2"},
				"east": {"uv": [7.75, 6.75, 8.25, 7], "texture": "#2"},
				"south": {"uv": [7.75, 7, 8.25, 7.25], "texture": "#2"},
				"west": {"uv": [7.25, 7.75, 7.75, 8], "texture": "#2"},
				"up": {"uv": [7.75, 4.75, 7.25, 4.25], "texture": "#2"},
				"down": {"uv": [7.75, 4.75, 7.25, 5.25], "texture": "#2"}
			}
		},
		{
			"from": [6.5, 17.75, 7.75],
			"to": [9.5, 22.75, 8.25],
			"shade": false,
			"rotation": {"angle": 0, "axis": "y", "origin": [7.5, 15.75, 7.5]},
			"faces": {
				"north": {"uv": [9.75, 0, 10.5, 1.25], "texture": "#2"},
				"east": {"uv": [8.75, 0, 8.875, 1.25], "texture": "#2"},
				"south": {"uv": [9, 0.25, 9.75, 1.5], "texture": "#2"},
				"west": {"uv": [8.75, 0, 8.875, 1.25], "texture": "#2"},
				"up": {"uv": [9, 0, 9.75, 0.125], "texture": "#2"},
				"down": {"uv": [9, 0, 9.75, 0.125], "texture": "#2"}
			}
		},
		{
			"from": [7, 14.5, 7],
			"to": [9.75, 17.25, 9],
			"shade": false,
			"rotation": {"angle": 45, "axis": "z", "origin": [8, 15.5, 8]},
			"faces": {
				"north": {"uv": [4.5, 6, 5.25, 6.75], "texture": "#2"},
				"east": {"uv": [6.25, 6.75, 6.75, 7.5], "texture": "#2"},
				"south": {"uv": [5.25, 6, 6, 6.75], "texture": "#2"},
				"west": {"uv": [6.75, 6.75, 7.25, 7.5], "texture": "#2"},
				"up": {"uv": [0.75, 7.5, 0, 7], "texture": "#2"},
				"down": {"uv": [7.75, 0, 7, 0.5], "texture": "#2"}
			}
		},
		{
			"from": [7.35, 18.35, 7.25],
			"to": [8.65, 19.65, 8.75],
			"shade": false,
			"rotation": {"angle": 45, "axis": "z", "origin": [8, 19, 8]},
			"faces": {
				"north": {"uv": [2, 7.75, 2.375, 8.125], "texture": "#2"},
				"east": {"uv": [7.75, 2.25, 8.125, 2.625], "texture": "#2"},
				"south": {"uv": [2.5, 7.75, 2.875, 8.125], "texture": "#2"},
				"west": {"uv": [7.75, 3.25, 8.125, 3.625], "texture": "#2"},
				"up": {"uv": [8.125, 4.125, 7.75, 3.75], "texture": "#2"},
				"down": {"uv": [8.125, 4.25, 7.75, 4.625], "texture": "#2"}
			}
		},
		{
			"from": [6.14229, 21.99229, 7.5994],
			"to": [8.56849, 23.39349, 8.4006],
			"shade": false,
			"rotation": {"angle": 22.5, "axis": "z", "origin": [7.14289, 22.14289, 8]},
			"faces": {
				"north": {"uv": [5.375, 3.125, 5.98125, 3.475], "texture": "#2"},
				"east": {"uv": [5.375, 2.75, 5.575, 3.1], "texture": "#2"},
				"south": {"uv": [5.98125, 3.125, 5.375, 3.475], "texture": "#2"},
				"west": {"uv": [5.375, 2.75, 5.575, 3.1], "texture": "#2"},
				"up": {"uv": [6.23125, 2.75, 5.625, 2.95], "texture": "#2"},
				"down": {"uv": [9.73125, 1.5, 9.125, 1.7], "texture": "#2"}
			}
		},
		{
			"from": [7.43171, 21.99249, 7.5996],
			"to": [9.85751, 23.39329, 8.4004],
			"shade": false,
			"rotation": {"angle": -22.5, "axis": "z", "origin": [8.85711, 22.14289, 8]},
			"faces": {
				"north": {"uv": [5.375, 2.375, 5.98125, 2.725], "texture": "#2"},
				"east": {"uv": [5.375, 2, 5.575, 2.35], "texture": "#2"},
				"south": {"uv": [5.375, 2.375, 5.98125, 2.725], "texture": "#2"},
				"west": {"uv": [5.375, 2, 5.575, 2.35], "texture": "#2"},
				"up": {"uv": [6.23125, 2, 5.625, 2.2], "texture": "#2"},
				"down": {"uv": [9.73125, 1.5, 9.125, 1.7], "texture": "#2"}
			}
		},
		{
			"from": [4.90901, -0.34835, 7.25],
			"to": [5.65901, 0.40165, 8.75],
			"shade": false,
			"rotation": {"angle": 45, "axis": "z", "origin": [5.65901, 2.65165, 8]},
			"faces": {
				"north": {"uv": [0.75, 8, 1, 8.25], "texture": "#2"},
				"south": {"uv": [7, 8, 7.25, 8.25], "texture": "#2"},
				"west": {"uv": [7.75, 7.25, 8.125, 7.5], "texture": "#2"},
				"up": {"uv": [7, 8.125, 6.75, 7.75], "texture": "#2"}
			}
		},
		{
			"from": [7.14116, 1.09842, 7.25],
			"to": [7.34116, 1.44842, 8.75],
			"shade": false,
			"rotation": {"angle": 45, "axis": "z", "origin": [7.24116, 1.21092, 8]},
			"faces": {
				"north": {"uv": [8.25, 3.5, 8.375, 3.625], "texture": "#2"},
				"south": {"uv": [3.75, 8.25, 3.875, 8.375], "texture": "#2"},
				"west": {"uv": [0.75, 8.25, 1.125, 8.375], "texture": "#2"}
			}
		},
		{
			"from": [7.15076, 1.23648, 7.248],
			"to": [7.37976, 1.89048, 8.752],
			"shade": false,
			"rotation": {"angle": -22.5, "axis": "z", "origin": [7.25276, 1.65098, 8]},
			"faces": {
				"north": {"uv": [8.25, 3.75, 8.375, 3.875], "texture": "#2"},
				"south": {"uv": [4, 8.25, 4.125, 8.375], "texture": "#2"},
				"west": {"uv": [8.25, 0.75, 8.625, 0.875], "texture": "#2"}
			}
		},
		{
			"from": [10.34099, -0.34835, 7.25],
			"to": [11.09099, 0.40165, 8.75],
			"shade": false,
			"rotation": {"angle": -45, "axis": "z", "origin": [10.34099, 2.65165, 8]},
			"faces": {
				"north": {"uv": [7.25, 8, 7.5, 8.25], "texture": "#2"},
				"east": {"uv": [7.75, 7.5, 8.125, 7.75], "texture": "#2"},
				"south": {"uv": [7.5, 8, 7.75, 8.25], "texture": "#2"},
				"up": {"uv": [8, 8.125, 7.75, 7.75], "texture": "#2"}
			}
		},
		{
			"from": [8.65884, 1.09842, 7.25],
			"to": [8.85884, 1.44842, 8.75],
			"shade": false,
			"rotation": {"angle": -45, "axis": "z", "origin": [8.75884, 1.21092, 8]},
			"faces": {
				"north": {"uv": [8.25, 4.25, 8.375, 4.375], "texture": "#2"},
				"east": {"uv": [1.25, 8.25, 1.625, 8.375], "texture": "#2"},
				"south": {"uv": [4.5, 8.25, 4.625, 8.375], "texture": "#2"}
			}
		},
		{
			"from": [8.62024, 1.23648, 7.248],
			"to": [8.84924, 1.89048, 8.752],
			"shade": false,
			"rotation": {"angle": 22.5, "axis": "z", "origin": [8.74724, 1.65098, 8]},
			"faces": {
				"north": {"uv": [8.25, 4, 8.375, 4.125], "texture": "#2"},
				"east": {"uv": [8.25, 1, 8.625, 1.125], "texture": "#2"},
				"south": {"uv": [4.25, 8.25, 4.375, 8.375], "texture": "#2"}
			}
		},
		{
			"from": [7.25, 0.83724, 6.72873],
			"to": [8.75, 1.58724, 7.47873],
			"shade": false,
			"rotation": {"angle": -45, "axis": "x", "origin": [8, 1.04784, 8]},
			"faces": {
				"north": {"uv": [5.75, 8, 6.125, 8.25], "texture": "#2"},
				"east": {"uv": [8.25, 0.25, 8.5, 0.5], "texture": "#2"},
				"west": {"uv": [8.25, 0.5, 8.5, 0.75], "texture": "#2"},
				"up": {"uv": [6.625, 8.25, 6.25, 8], "texture": "#2"}
			}
		},
		{
			"from": [7.25, 1.58724, 7.47873],
			"to": [8.75, 1.93724, 7.67873],
			"shade": false,
			"rotation": {"angle": -45, "axis": "x", "origin": [8, 1.04784, 8]},
			"faces": {
				"north": {"uv": [8.25, 2.25, 8.625, 2.375], "texture": "#2"},
				"east": {"uv": [8.25, 5.25, 8.375, 5.375], "texture": "#2"},
				"west": {"uv": [5.5, 8.25, 5.625, 8.375], "texture": "#2"}
			}
		},
		{
			"from": [7.248, 0.90461, 6.97683],
			"to": [8.752, 1.55861, 7.20583],
			"shade": false,
			"rotation": {"angle": 22.5, "axis": "x", "origin": [8, 1.04784, 8]},
			"faces": {
				"north": {"uv": [2.25, 8.25, 2.625, 8.375], "texture": "#2"},
				"east": {"uv": [8.25, 5, 8.375, 5.125], "texture": "#2"},
				"west": {"uv": [5.25, 8.25, 5.375, 8.375], "texture": "#2"}
			}
		},
		{
			"from": [7.25, 0.83724, 8.52127],
			"to": [8.75, 1.58724, 9.27127],
			"shade": false,
			"rotation": {"angle": 45, "axis": "x", "origin": [8, 1.04784, 8]},
			"faces": {
				"east": {"uv": [8, 7.75, 8.25, 8], "texture": "#2"},
				"south": {"uv": [4.75, 8, 5.125, 8.25], "texture": "#2"},
				"west": {"uv": [8, 8, 8.25, 8.25], "texture": "#2"},
				"up": {"uv": [5.625, 8.25, 5.25, 8], "texture": "#2"}
			}
		},
		{
			"from": [7.25, 1.58724, 8.32127],
			"to": [8.75, 1.93724, 8.52127],
			"shade": false,
			"rotation": {"angle": 45, "axis": "x", "origin": [8, 1.04784, 8]},
			"faces": {
				"east": {"uv": [8.25, 4.75, 8.375, 4.875], "texture": "#2"},
				"south": {"uv": [1.75, 8.25, 2.125, 8.375], "texture": "#2"},
				"west": {"uv": [5, 8.25, 5.125, 8.375], "texture": "#2"}
			}
		},
		{
			"from": [7.248, 0.90461, 8.79417],
			"to": [8.752, 1.55861, 9.02317],
			"shade": false,
			"rotation": {"angle": -22.5, "axis": "x", "origin": [8, 1.04784, 8]},
			"faces": {
				"east": {"uv": [8.25, 4.5, 8.375, 4.625], "texture": "#2"},
				"south": {"uv": [8.25, 1.25, 8.625, 1.375], "texture": "#2"},
				"west": {"uv": [4.75, 8.25, 4.875, 8.375], "texture": "#2"}
			}
		},
		{
			"from": [6.5, -3, 6.75],
			"to": [9.5, 0, 9.25],
			"shade": false,
			"rotation": {"angle": 0, "axis": "y", "origin": [7, 0, 7]},
			"faces": {
				"north": {"uv": [6, 6, 6.75, 6.75], "texture": "#2"},
				"east": {"uv": [6.5, 3.25, 7.125, 4], "texture": "#2"},
				"south": {"uv": [6.5, 2, 7.25, 2.75], "texture": "#2"},
				"west": {"uv": [6.5, 4, 7.125, 4.75], "texture": "#2"},
				"up": {"uv": [7.25, 5.375, 6.5, 4.75], "texture": "#2"},
				"down": {"uv": [1.75, 6.75, 1, 7.375], "texture": "#2"}
			}
		},
		{
			"from": [7, -2.5, 6.25],
			"to": [9, -0.5, 9.75],
			"shade": false,
			"rotation": {"angle": 0, "axis": "y", "origin": [7, 0, 7]},
			"faces": {
				"north": {"uv": [7.25, 6.75, 7.75, 7.25], "texture": "#2"},
				"east": {"uv": [6.5, 5.5, 7.375, 6], "texture": "#2"},
				"south": {"uv": [7.25, 7.25, 7.75, 7.75], "texture": "#2"},
				"west": {"uv": [1.75, 6.75, 2.625, 7.25], "texture": "#2"},
				"up": {"uv": [5, 7.625, 4.5, 6.75], "texture": "#2"},
				"down": {"uv": [5.5, 6.75, 5, 7.625], "texture": "#2"}
			}
		},
		{
			"name": "ef",
			"from": [-3.25, 13.25, 8.5],
			"to": [6.75, 23.25, 8.5],
			"shade": false,
			"rotation": {"angle": -22.5, "axis": "y", "origin": [1.75, 18.25, 8.5]},
			"faces": {
				"north": {"uv": [7.5, 9.5, 1.125, 15.75], "texture": "#1"},
				"east": {"uv": [0, 0, 0, 2.5], "texture": "#1"},
				"south": {"uv": [1.125, 9.5, 7.5, 15.75], "texture": "#1"},
				"west": {"uv": [0, 0, 0, 2.5], "texture": "#1"},
				"up": {"uv": [0, 0, 2.5, 0], "texture": "#1"},
				"down": {"uv": [0, 0, 2.5, 0], "texture": "#1"}
			}
		},
		{
			"name": "ef",
			"from": [3.5, 7.25, 8],
			"to": [13.5, 17.25, 8],
			"shade": false,
			"rotation": {"angle": 22.5, "axis": "y", "origin": [8.5, 12.25, 8]},
			"faces": {
				"north": {"uv": [8.5, 8, 16, 15.75], "texture": "#1"},
				"east": {"uv": [0, 0, 0, 2.5], "texture": "#1"},
				"south": {"uv": [16, 8, 8.5, 15.75], "texture": "#1"},
				"west": {"uv": [0, 0, 0, 2.5], "texture": "#1"},
				"up": {"uv": [0, 0, 2.5, 0], "texture": "#1"},
				"down": {"uv": [0, 0, 2.5, 0], "texture": "#1"}
			}
		},
		{
			"name": "ef",
			"from": [10, 9.5, 8],
			"to": [20, 19.5, 8],
			"shade": false,
			"rotation": {"angle": -22.5, "axis": "y", "origin": [15, 14.5, 8]},
			"faces": {
				"north": {"uv": [7, 1, 0.625, 7.25], "texture": "#1"},
				"east": {"uv": [0, 0, 0, 2.5], "texture": "#1"},
				"south": {"uv": [0.625, 1, 7, 7.25], "texture": "#1"},
				"west": {"uv": [0, 0, 0, 2.5], "texture": "#1"},
				"up": {"uv": [0, 0, 2.5, 0], "rotation": 180, "texture": "#1"},
				"down": {"uv": [0, 0, 2.5, 0], "rotation": 180, "texture": "#1"}
			}
		},
		{
			"name": "ef",
			"from": [2.75, 17, 8],
			"to": [12.75, 25.5, 8],
			"shade": false,
			"rotation": {"angle": 45, "axis": "y", "origin": [7.75, 21, 8]},
			"faces": {
				"north": {"uv": [8.5, 0.875, 15.5, 7.375], "texture": "#1"},
				"east": {"uv": [0, 0, 0, 2.5], "texture": "#1"},
				"south": {"uv": [15.5, 0.875, 8.5, 7.375], "texture": "#1"},
				"west": {"uv": [0, 0, 0, 2.5], "texture": "#1"},
				"up": {"uv": [0, 0, 2.5, 0], "texture": "#1"},
				"down": {"uv": [0, 0, 2.5, 0], "texture": "#1"}
			}
		}
	],
	"gui_light": "front",
	"display": {
		"thirdperson_righthand": {
			"rotation": [0, 90, 0],
			"translation": [0, 2.25, 1.75]
		},
		"thirdperson_lefthand": {
			"rotation": [0, -90, 0],
			"translation": [0, 2.25, 1.75]
		},
		"firstperson_righthand": {
			"rotation": [-142.62, 89.72, 152.36],
			"translation": [3, -2.5, -3]
		},
		"firstperson_lefthand": {
			"rotation": [18.42, -81, 10.18],
			"translation": [3, -2.25, -3]
		},
		"ground": {
			"rotation": [0, 0, 45],
			"scale": [0.4, 0.4, 0.4]
		},
		"gui": {
			"rotation": [180, 0, -135],
			"translation": [-1.5, -1.75, 0],
			"scale": [0.7, 0.7, 0.7]
		},
		"head": {
			"scale": [0, 0, 0]
		},
		"fixed": {
			"translation": [0, -1, 0],
			"scale": [0.78, 0.78, 0.78]
		}
	},
	"groups": [
		{
			"name": "group",
			"origin": [11.61612, 18.63874, 8],
			"color": 0,
			"children": [0, 1, 2, 3]
		},
		{
			"name": "group",
			"origin": [11.61612, 18.63874, 8],
			"color": 0,
			"children": [4, 5, 6, 7]
		},
		8,
		9,
		10,
		11,
		12,
		13,
		14,
		15,
		16,
		17,
		18,
		19,
		20,
		21,
		22,
		23,
		24,
		25,
		26,
		27,
		28,
		29,
		30,
		31,
		32,
		{
			"name": "group",
			"origin": [7.75, 21, 8],
			"color": 0,
			"children": [33, 34, 35, 36]
		}
	]
}