{
    "model": {
        "type": "range_dispatch",
        "property": "custom_model_data",
        "fallback": {
            "type": "model",
            "model": "minecraft:item/diamond_shovel"
        },
        "entries": [
            {
                "threshold": 1,
                "model": {
                    "type": "model",
                    "model": "lifesteal/lifesteal_shovel"
                }
            },
            {
                "threshold": 2,
                "model": {
                    "type": "model",
                    "model": "tempest/tempest_shovel"
                }
            },
            {
                "threshold": 3,
                "model": {
                    "type": "model",
                    "model": "christmas/christmas_shovel"
                }
            },
            {
                "threshold": 4,
                "model": {
                    "type": "model",
                    "model": "void/void_shovel"
                }
            },
            {
                "threshold": 5,
                "model": {
                    "type": "model",
                    "model": "magma/magma_shovel"
                }
            },
            {
                "threshold": 6,
                "model": {
                    "type": "model",
                    "model": "chinese/chinese_dragon_shovel"
                }
            },
            {
                "threshold": 7,
                "model": {
                    "type": "model",
                    "model": "valentine/valentine_shovel"
                }
            },
            {
                "threshold": 8,
                "model": {
                    "type": "model",
                    "model": "firework/firework_shovel"
                }
            },
            {
                "threshold": 9,
                "model": {
                    "type": "model",
                    "model": "easter/easter_shovel"
                }
            },
            {
                "threshold": 10,
                "model": {
                    "type": "model",
                    "model": "samurai/samurai_shovel"
                }
            },
            {
                "threshold": 11,
                "model": {
                    "type": "model",
                    "model": "swashbuckler/swashbuckler_shovel"
                }
            },
            {
                "threshold": 12,
                "model": {
                    "type": "model",
                    "model": "heart/heart_shovel"
                }
            },
            {
                "threshold": 13,
                "model": {
                    "type": "model",
                    "model": "vampire/vampire_shovel"
                }
            },
            {
                "threshold": 14,
                "model": {
                    "type": "model",
                    "model": "harvest/harvest_shovel"
                }
            },
            {
                "threshold": 15,
                "model": {
                    "type": "model",
                    "model": "fire/fire_shovel"
                }
            },
            {
                "threshold": 16,
                "model": {
                    "type": "model",
                    "model": "lightning/lightning_shovel"
                }
            }
        ]
    }
}