{
    "model": {
        "type": "range_dispatch",
        "property": "custom_model_data",
        "fallback": {
            "type": "model",
            "model": "minecraft:item/netherite_axe"
        },
        "entries": [
            {
                "threshold": 1,
                "model": {
                    "type": "model",
                    "model": "lifesteal/lifesteal_axe"
                }
            },
            {
                "threshold": 2,
                "model": {
                    "type": "model",
                    "model": "tempest/tempest_axe"
                }
            },
            {
                "threshold": 3,
                "model": {
                    "type": "model",
                    "model": "christmas/christmas_axe"
                }
            },
            {
                "threshold": 4,
                "model": {
                    "type": "model",
                    "model": "void/void_axe"
                }
            },
            {
                "threshold": 5,
                "model": {
                    "type": "model",
                    "model": "magma/magma_axe"
                }
            },
            {
                "threshold": 6,
                "model": {
                    "type": "model",
                    "model": "chinese/chinese_dragon_axe"
                }
            },
            {
                "threshold": 7,
                "model": {
                    "type": "model",
                    "model": "valentine/valentine_axe"
                }
            },
            {
                "threshold": 8,
                "model": {
                    "type": "model",
                    "model": "firework/firework_axe"
                }
            },
            {
                "threshold": 9,
                "model": {
                    "type": "model",
                    "model": "easter/easter_axe"
                }
            },
            {
                "threshold": 10,
                "model": {
                    "type": "model",
                    "model": "samurai/samurai_axe"
                }
            },
            {
                "threshold": 11,
                "model": {
                    "type": "model",
                    "model": "swashbuckler/swashbuckler_axe"
                }
            },
            {
                "threshold": 12,
                "model": {
                    "type": "model",
                    "model": "heart/heart_axe"
                }
            },
            {
                "threshold": 13,
                "model": {
                    "type": "model",
                    "model": "vampire/vampire_axe"
                }
            },
            {
                "threshold": 14,
                "model": {
                    "type": "model",
                    "model": "harvest/harvest_axe"
                }
            },
            {
                "threshold": 15,
                "model": {
                    "type": "model",
                    "model": "fire/fire_axe"
                }
            },
            {
                "threshold": 16,
                "model": {
                    "type": "model",
                    "model": "lightning/lightning_axe"
                }
            },
            {
                "threshold": 17,
                "model": {
                    "type": "model",
                    "model": "ghoul/axe/ghoul_axe_blue"
                }
            },
            {
                "threshold": 18,
                "model": {
                    "type": "model",
                    "model": "ghoul/axe/ghoul_axe_green"
                }
            },
            {
                "threshold": 19,
                "model": {
                    "type": "model",
                    "model": "ghoul/axe/ghoul_axe_purple"
                }
            },
            {
                "threshold": 20,
                "model": {
                    "type": "model",
                    "model": "ghoul/axe/ghoul_axe_red"
                }
            },
            {
                "threshold": 21,
                "model": {
                    "type": "model",
                    "model": "ghoul/axe/ghoul_axe_yellow"
                }
            },
            {
                "threshold": 22,
                "model": {
                    "type": "model",
                    "model": "galactic/axe/galactic_axe_blue"
                }
            },
            {
                "threshold": 23,
                "model": {
                    "type": "model",
                    "model": "galactic/axe/galactic_axe_green"
                }
            },
            {
                "threshold": 24,
                "model": {
                    "type": "model",
                    "model": "galactic/axe/galactic_axe_purple"
                }
            },
            {
                "threshold": 25,
                "model": {
                    "type": "model",
                    "model": "galactic/axe/galactic_axe_red"
                }
            },
            {
                "threshold": 26,
                "model": {
                    "type": "model",
                    "model": "galactic/axe/galactic_axe_gold"
                }
            }
        ]
    }
}