{
    "model": {
        "type": "range_dispatch",
        "property": "custom_model_data",
        "fallback": {
            "type": "minecraft:condition",
            "property": "minecraft:using_item",
            "on_false": {
                "type": "minecraft:special",
                "base": "minecraft:item/shield",
                "model": {
                    "type": "minecraft:shield"
                }
            },
            "on_true": {
                "type": "minecraft:special",
                "base": "minecraft:item/shield_blocking",
                "model": {
                    "type": "minecraft:shield"
                }
            }
        },
        "entries": [
            {
                "threshold": 1,
                "model": {
                    "type": "minecraft:condition",
                    "property": "minecraft:using_item",
                    "on_false": {
                        "type": "minecraft:model",
                        "model": "lifesteal/lifesteal_shield"
                    },
                    "on_true": {
                        "type": "minecraft:model",
                        "model": "lifesteal/lifesteal_shield_blocking"
                    }
                }
            },
            {
                "threshold": 2,
                "model": {
                    "type": "minecraft:condition",
                    "property": "minecraft:using_item",
                    "on_false": {
                        "type": "minecraft:model",
                        "model": "tempest/tempest_shield"
                    },
                    "on_true": {
                        "type": "minecraft:model",
                        "model": "tempest/tempest_shield_blocking"
                    }
                }
            },
            {
                "threshold": 3,
                "model": {
                    "type": "minecraft:condition",
                    "property": "minecraft:using_item",
                    "on_false": {
                        "type": "minecraft:model",
                        "model": "christmas/christmas_shield"
                    },
                    "on_true": {
                        "type": "minecraft:model",
                        "model": "christmas/christmas_shield_blocking"
                    }
                }
            },
            {
                "threshold": 4,
                "model": {
                    "type": "minecraft:condition",
                    "property": "minecraft:using_item",
                    "on_false": {
                        "type": "minecraft:model",
                        "model": "void/void_shield"
                    },
                    "on_true": {
                        "type": "minecraft:model",
                        "model": "void/void_shield_blocking"
                    }
                }
            },
            {
                "threshold": 5,
                "model": {
                    "type": "minecraft:condition",
                    "property": "minecraft:using_item",
                    "on_false": {
                        "type": "minecraft:model",
                        "model": "magma/magma_shield"
                    },
                    "on_true": {
                        "type": "minecraft:model",
                        "model": "magma/magma_shield_blocking"
                    }
                }
            },
            {
                "threshold": 6,
                "model": {
                    "type": "minecraft:condition",
                    "property": "minecraft:using_item",
                    "on_false": {
                        "type": "minecraft:model",
                        "model": "chinese/chinese_dragon_shield"
                    },
                    "on_true": {
                        "type": "minecraft:model",
                        "model": "chinese/chinese_dragon_shield_blocking"
                    }
                }
            },
            {
                "threshold": 7,
                "model": {
                    "type": "minecraft:condition",
                    "property": "minecraft:using_item",
                    "on_false": {
                        "type": "minecraft:model",
                        "model": "valentine/valentine_shield"
                    },
                    "on_true": {
                        "type": "minecraft:model",
                        "model": "valentine/valentine_shield_blocking"
                    }
                }
            },
            {
                "threshold": 8,
                "model": {
                    "type": "minecraft:condition",
                    "property": "minecraft:using_item",
                    "on_false": {
                        "type": "minecraft:model",
                        "model": "firework/firework_shield"
                    },
                    "on_true": {
                        "type": "minecraft:model",
                        "model": "firework/firework_shield_blocking"
                    }
                }
            },
            {
                "threshold": 9,
                "model": {
                    "type": "minecraft:condition",
                    "property": "minecraft:using_item",
                    "on_false": {
                        "type": "minecraft:model",
                        "model": "easter/easter_shield"
                    },
                    "on_true": {
                        "type": "minecraft:model",
                        "model": "easter/easter_shield_blocking"
                    }
                }
            },
            {
                "threshold": 10,
                "model": {
                    "type": "minecraft:condition",
                    "property": "minecraft:using_item",
                    "on_false": {
                        "type": "minecraft:model",
                        "model": "samurai/samurai_shield"
                    },
                    "on_true": {
                        "type": "minecraft:model",
                        "model": "samurai/samurai_shield_blocking"
                    }
                }
            },
            {
                "threshold": 11,
                "model": {
                    "type": "minecraft:condition",
                    "property": "minecraft:using_item",
                    "on_false": {
                        "type": "minecraft:model",
                        "model": "swashbuckler/swashbuckler_shield"
                    },
                    "on_true": {
                        "type": "minecraft:model",
                        "model": "swashbuckler/swashbuckler_shield_blocking"
                    }
                }
            },
            {
                "threshold": 12,
                "model": {
                    "type": "minecraft:condition",
                    "property": "minecraft:using_item",
                    "on_false": {
                        "type": "minecraft:model",
                        "model": "heart/heart_shield"
                    },
                    "on_true": {
                        "type": "minecraft:model",
                        "model": "heart/heart_shield_blocking"
                    }
                }
            },
            {
                "threshold": 13,
                "model": {
                    "type": "minecraft:condition",
                    "property": "minecraft:using_item",
                    "on_false": {
                        "type": "minecraft:model",
                        "model": "harvest/harvest_shield"
                    },
                    "on_true": {
                        "type": "minecraft:model",
                        "model": "harvest/harvest_shield_blocking"
                    }
                }
            },
            {
                "threshold": 14,
                "model": {
                    "type": "minecraft:condition",
                    "property": "minecraft:using_item",
                    "on_false": {
                        "type": "minecraft:model",
                        "model": "fire/fire_shield"
                    },
                    "on_true": {
                        "type": "minecraft:model",
                        "model": "fire/fire_shield_blocking"
                    }
                }
            },
            {
                "threshold": 15,
                "model": {
                    "type": "minecraft:condition",
                    "property": "minecraft:using_item",
                    "on_false": {
                        "type": "minecraft:model",
                        "model": "lightning/lightning_shield"
                    },
                    "on_true": {
                        "type": "minecraft:model",
                        "model": "lightning/lightning_shield_blocking"
                    }
                }
            }
        ]
    },
    "display": {
        "firstperson_lefthand": {
            "rotation": [
                0,
                180,
                5
            ],
            "scale": [
                1.25,
                1.25,
                1.25
            ],
            "translation": [
                10,
                0,
                -10
            ]
        },
        "firstperson_righthand": {
            "rotation": [
                0,
                180,
                5
            ],
            "scale": [
                1.25,
                1.25,
                1.25
            ],
            "translation": [
                -10,
                2,
                -10
            ]
        },
        "fixed": {
            "rotation": [
                0,
                180,
                0
            ],
            "scale": [
                0.5,
                0.5,
                0.5
            ],
            "translation": [
                -2,
                4,
                -5
            ]
        },
        "ground": {
            "rotation": [
                0,
                0,
                0
            ],
            "scale": [
                0.25,
                0.25,
                0.25
            ],
            "translation": [
                4,
                4,
                2
            ]
        },
        "gui": {
            "rotation": [
                15,
                -25,
                -5
            ],
            "scale": [
                0.65,
                0.65,
                0.65
            ],
            "translation": [
                2,
                3,
                0
            ]
        },
        "thirdperson_lefthand": {
            "rotation": [
                0,
                90,
                0
            ],
            "scale": [
                1,
                1,
                1
            ],
            "translation": [
                10,
                6,
                12
            ]
        },
        "thirdperson_righthand": {
            "rotation": [
                0,
                90,
                0
            ],
            "scale": [
                1,
                1,
                1
            ],
            "translation": [
                10,
                6,
                -4
            ]
        }
    }
}