{
  "credit": "Made with Blockbench",
  "texture_size": [
    12,
    12
  ],
  "textures": {
    "1": "item/demon/demon_sword",
    "2": "item/demon/demon_ef2_long",
    "particle": "item/demon/demon_ef2_long"
  },
  "elements": [
    {
      "from": [
        7.25,
        1.75,
        7.25
      ],
      "to": [
        8.75,
        2.25,
        8.75
      ],
      "rotation": {
        "angle": 45,
        "axis": "y",
        "origin": [
          8,
          2.5,
          8
        ]
      },
      "faces": {
        "north": {
          "uv": [
            5.71429,
            13.14286,
            6.57143,
            13.42857
          ],
          "texture": "#1"
        },
        "east": {
          "uv": [
            13.14286,
            5.71429,
            14,
            6
          ],
          "texture": "#1"
        },
        "south": {
          "uv": [
            13.14286,
            6.28571,
            14,
            6.57143
          ],
          "texture": "#1"
        },
        "west": {
          "uv": [
            6.85714,
            13.14286,
            7.71429,
            13.42857
          ],
          "texture": "#1"
        },
        "up": {
          "uv": [
            9.42857,
            11.14286,
            8.57143,
            10.28571
          ],
          "texture": "#1"
        },
        "down": {
          "uv": [
            11.14286,
            9.14286,
            10.28571,
            10
          ],
          "texture": "#1"
        }
      }
    },
    {
      "from": [
        7.25,
        2.5,
        7.25
      ],
      "to": [
        8.75,
        3,
        8.75
      ],
      "rotation": {
        "angle": 45,
        "axis": "y",
        "origin": [
          8,
          2.25,
          8
        ]
      },
      "faces": {
        "north": {
          "uv": [
            13.14286,
            6.85714,
            14,
            7.14286
          ],
          "texture": "#1"
        },
        "east": {
          "uv": [
            13.14286,
            7.42857,
            14,
            7.71429
          ],
          "texture": "#1"
        },
        "south": {
          "uv": [
            8,
            13.14286,
            8.85714,
            13.42857
          ],
          "texture": "#1"
        },
        "west": {
          "uv": [
            13.14286,
            8,
            14,
            8.28571
          ],
          "texture": "#1"
        },
        "up": {
          "uv": [
            11.14286,
            11.14286,
            10.28571,
            10.28571
          ],
          "texture": "#1"
        },
        "down": {
          "uv": [
            11.71429,
            0,
            10.85714,
            0.85714
          ],
          "texture": "#1"
        }
      }
    },
    {
      "from": [
        7.25,
        7.15,
        7.25
      ],
      "to": [
        8.75,
        7.65,
        8.75
      ],
      "rotation": {
        "angle": 45,
        "axis": "y",
        "origin": [
          8,
          6.9,
          8
        ]
      },
      "faces": {
        "north": {
          "uv": [
            13.14286,
            8.57143,
            14,
            8.85714
          ],
          "texture": "#1"
        },
        "east": {
          "uv": [
            9.14286,
            13.14286,
            10,
            13.42857
          ],
          "texture": "#1"
        },
        "south": {
          "uv": [
            13.14286,
            9.14286,
            14,
            9.42857
          ],
          "texture": "#1"
        },
        "west": {
          "uv": [
            13.14286,
            9.71429,
            14,
            10
          ],
          "texture": "#1"
        },
        "up": {
          "uv": [
            11.71429,
            2,
            10.85714,
            1.14286
          ],
          "texture": "#1"
        },
        "down": {
          "uv": [
            11.71429,
            2.28571,
            10.85714,
            3.14286
          ],
          "texture": "#1"
        }
      }
    },
    {
      "from": [
        7.25,
        6.4,
        7.25
      ],
      "to": [
        8.75,
        6.9,
        8.75
      ],
      "rotation": {
        "angle": 45,
        "axis": "y",
        "origin": [
          8,
          7.15,
          8
        ]
      },
      "faces": {
        "north": {
          "uv": [
            10.28571,
            13.14286,
            11.14286,
            13.42857
          ],
          "texture": "#1"
        },
        "east": {
          "uv": [
            13.14286,
            10.28571,
            14,
            10.57143
          ],
          "texture": "#1"
        },
        "south": {
          "uv": [
            13.14286,
            10.85714,
            14,
            11.14286
          ],
          "texture": "#1"
        },
        "west": {
          "uv": [
            11.42857,
            13.14286,
            12.28571,
            13.42857
          ],
          "texture": "#1"
        },
        "up": {
          "uv": [
            4.28571,
            11.71429,
            3.42857,
            10.85714
          ],
          "texture": "#1"
        },
        "down": {
          "uv": [
            5.42857,
            10.85714,
            4.57143,
            11.71429
          ],
          "texture": "#1"
        }
      }
    },
    {
      "from": [
        7.25,
        -0.15,
        7.7
      ],
      "to": [
        8.75,
        1.45,
        9.3
      ],
      "rotation": {
        "angle": -45,
        "axis": "x",
        "origin": [
          7.5,
          0.15,
          8
        ]
      },
      "faces": {
        "north": {
          "uv": [
            10.85714,
            4.57143,
            11.71429,
            5.42857
          ],
          "texture": "#1"
        },
        "east": {
          "uv": [
            10.85714,
            5.71429,
            11.71429,
            6.57143
          ],
          "texture": "#1"
        },
        "south": {
          "uv": [
            10.85714,
            6.85714,
            11.71429,
            7.71429
          ],
          "texture": "#1"
        },
        "west": {
          "uv": [
            0,
            11.42857,
            0.85714,
            12.28571
          ],
          "texture": "#1"
        },
        "up": {
          "uv": [
            2,
            12.28571,
            1.14286,
            11.42857
          ],
          "texture": "#1"
        },
        "down": {
          "uv": [
            3.14286,
            11.42857,
            2.28571,
            12.28571
          ],
          "texture": "#1"
        }
      }
    },
    {
      "from": [
        7,
        0.1,
        7.95
      ],
      "to": [
        9,
        1.2,
        9.05
      ],
      "rotation": {
        "angle": -45,
        "axis": "x",
        "origin": [
          7.5,
          0.15,
          8
        ]
      },
      "faces": {
        "north": {
          "uv": [
            3.42857,
            12,
            4.57143,
            12.57143
          ],
          "texture": "#1"
        },
        "east": {
          "uv": [
            12.57143,
            3.42857,
            13.14286,
            4
          ],
          "texture": "#1"
        },
        "south": {
          "uv": [
            4.57143,
            12,
            5.71429,
            12.57143
          ],
          "texture": "#1"
        },
        "west": {
          "uv": [
            12.57143,
            4,
            13.14286,
            4.57143
          ],
          "texture": "#1"
        },
        "up": {
          "uv": [
            13.14286,
            5.14286,
            12,
            4.57143
          ],
          "texture": "#1"
        },
        "down": {
          "uv": [
            13.14286,
            5.14286,
            12,
            5.71429
          ],
          "texture": "#1"
        }
      }
    },
    {
      "from": [
        7.25,
        7.45,
        7.7
      ],
      "to": [
        8.75,
        10.05,
        10.3
      ],
      "rotation": {
        "angle": -45,
        "axis": "x",
        "origin": [
          7.5,
          7.75,
          8
        ]
      },
      "faces": {
        "north": {
          "uv": [
            8.57143,
            4.57143,
            9.42857,
            6
          ],
          "texture": "#1"
        },
        "east": {
          "uv": [
            8,
            0,
            9.42857,
            1.42857
          ],
          "texture": "#1"
        },
        "south": {
          "uv": [
            5.71429,
            8.57143,
            6.57143,
            10
          ],
          "texture": "#1"
        },
        "west": {
          "uv": [
            8,
            1.71429,
            9.42857,
            3.14286
          ],
          "texture": "#1"
        },
        "up": {
          "uv": [
            9.42857,
            7.71429,
            8.57143,
            6.28571
          ],
          "texture": "#1"
        },
        "down": {
          "uv": [
            7.71429,
            8.57143,
            6.85714,
            10
          ],
          "texture": "#1"
        }
      }
    },
    {
      "from": [
        7,
        7.95,
        8.2
      ],
      "to": [
        9,
        9.55,
        9.8
      ],
      "rotation": {
        "angle": -45,
        "axis": "x",
        "origin": [
          7.5,
          7.75,
          8
        ]
      },
      "faces": {
        "north": {
          "uv": [
            3.42857,
            9.71429,
            4.57143,
            10.57143
          ],
          "texture": "#1"
        },
        "east": {
          "uv": [
            11.42857,
            3.42857,
            12.28571,
            4.28571
          ],
          "texture": "#1"
        },
        "south": {
          "uv": [
            4.57143,
            9.71429,
            5.71429,
            10.57143
          ],
          "texture": "#1"
        },
        "west": {
          "uv": [
            7.42857,
            11.42857,
            8.28571,
            12.28571
          ],
          "texture": "#1"
        },
        "up": {
          "uv": [
            10.85714,
            5.42857,
            9.71429,
            4.57143
          ],
          "texture": "#1"
        },
        "down": {
          "uv": [
            10.85714,
            5.71429,
            9.71429,
            6.57143
          ],
          "texture": "#1"
        }
      }
    },
    {
      "from": [
        7.29289,
        0.75,
        8
      ],
      "to": [
        8.29289,
        3.25,
        9
      ],
      "rotation": {
        "angle": 45,
        "axis": "y",
        "origin": [
          7.29289,
          0.75,
          8
        ]
      },
      "faces": {
        "north": {
          "uv": [
            9.71429,
            9.14286,
            10.28571,
            10.57143
          ],
          "texture": "#1"
        },
        "east": {
          "uv": [
            5.71429,
            10.28571,
            6.28571,
            11.71429
          ],
          "texture": "#1"
        },
        "south": {
          "uv": [
            6.28571,
            10.28571,
            6.85714,
            11.71429
          ],
          "texture": "#1"
        },
        "west": {
          "uv": [
            6.85714,
            10.28571,
            7.42857,
            11.71429
          ],
          "texture": "#1"
        },
        "up": {
          "uv": [
            5.14286,
            13.14286,
            4.57143,
            12.57143
          ],
          "texture": "#1"
        },
        "down": {
          "uv": [
            5.71429,
            12.57143,
            5.14286,
            13.14286
          ],
          "texture": "#1"
        }
      }
    },
    {
      "from": [
        7.39289,
        3.25,
        8.1
      ],
      "to": [
        8.19289,
        6.15,
        8.9
      ],
      "rotation": {
        "angle": 45,
        "axis": "y",
        "origin": [
          7.29289,
          3.25,
          8
        ]
      },
      "faces": {
        "north": {
          "uv": [
            9.71429,
            10.85714,
            10.14286,
            12.57143
          ],
          "texture": "#1"
        },
        "east": {
          "uv": [
            11.42857,
            8,
            11.85714,
            9.71429
          ],
          "texture": "#1"
        },
        "south": {
          "uv": [
            8.57143,
            11.42857,
            9,
            13.14286
          ],
          "texture": "#1"
        },
        "west": {
          "uv": [
            9.14286,
            11.42857,
            9.57143,
            13.14286
          ],
          "texture": "#1"
        }
      }
    },
    {
      "from": [
        7.29289,
        6.15,
        8
      ],
      "to": [
        8.29289,
        8.15,
        9
      ],
      "rotation": {
        "angle": 45,
        "axis": "y",
        "origin": [
          7.29289,
          0.65,
          8
        ]
      },
      "faces": {
        "north": {
          "uv": [
            5.71429,
            12,
            6.28571,
            13.14286
          ],
          "texture": "#1"
        },
        "east": {
          "uv": [
            12,
            5.71429,
            12.57143,
            6.85714
          ],
          "texture": "#1"
        },
        "south": {
          "uv": [
            6.28571,
            12,
            6.85714,
            13.14286
          ],
          "texture": "#1"
        },
        "west": {
          "uv": [
            6.85714,
            12,
            7.42857,
            13.14286
          ],
          "texture": "#1"
        },
        "up": {
          "uv": [
            13.14286,
            6.28571,
            12.57143,
            5.71429
          ],
          "texture": "#1"
        },
        "down": {
          "uv": [
            13.14286,
            6.28571,
            12.57143,
            6.85714
          ],
          "texture": "#1"
        }
      }
    },
    {
      "from": [
        8,
        8.45711,
        6
      ],
      "to": [
        9,
        9.45711,
        10
      ],
      "rotation": {
        "angle": 45,
        "axis": "z",
        "origin": [
          8,
          8.45711,
          3
        ]
      },
      "faces": {
        "north": {
          "uv": [
            12.57143,
            6.85714,
            13.14286,
            7.42857
          ],
          "texture": "#1"
        },
        "east": {
          "uv": [
            8,
            3.42857,
            10.28571,
            4
          ],
          "texture": "#1"
        },
        "south": {
          "uv": [
            7.42857,
            12.57143,
            8,
            13.14286
          ],
          "texture": "#1"
        },
        "west": {
          "uv": [
            8,
            4,
            10.28571,
            4.57143
          ],
          "texture": "#1"
        },
        "up": {
          "uv": [
            8.57143,
            6.85714,
            8,
            4.57143
          ],
          "texture": "#1"
        },
        "down": {
          "uv": [
            8.57143,
            6.85714,
            8,
            9.14286
          ],
          "texture": "#1"
        }
      }
    },
    {
      "from": [
        8,
        8.45711,
        3.6
      ],
      "to": [
        9,
        9.45711,
        4.6
      ],
      "rotation": {
        "angle": 45,
        "axis": "z",
        "origin": [
          8,
          8.45711,
          4.4
        ]
      },
      "faces": {
        "north": {
          "uv": [
            12.57143,
            7.42857,
            13.14286,
            8
          ],
          "texture": "#1"
        },
        "east": {
          "uv": [
            8,
            12.57143,
            8.57143,
            13.14286
          ],
          "texture": "#1"
        },
        "south": {
          "uv": [
            12.57143,
            8,
            13.14286,
            8.57143
          ],
          "texture": "#1"
        },
        "west": {
          "uv": [
            12.57143,
            8.57143,
            13.14286,
            9.14286
          ],
          "texture": "#1"
        },
        "up": {
          "uv": [
            10.28571,
            13.14286,
            9.71429,
            12.57143
          ],
          "texture": "#1"
        },
        "down": {
          "uv": [
            13.14286,
            9.71429,
            12.57143,
            10.28571
          ],
          "texture": "#1"
        }
      }
    },
    {
      "from": [
        8.2,
        8.65711,
        4.6
      ],
      "to": [
        8.8,
        9.25711,
        6
      ],
      "rotation": {
        "angle": 45,
        "axis": "z",
        "origin": [
          8,
          8.45711,
          4.4
        ]
      },
      "faces": {
        "east": {
          "uv": [
            13.14286,
            11.42857,
            14,
            11.71429
          ],
          "texture": "#1"
        },
        "west": {
          "uv": [
            13.14286,
            12,
            14,
            12.28571
          ],
          "texture": "#1"
        },
        "up": {
          "uv": [
            12.85714,
            14,
            12.57143,
            13.14286
          ],
          "texture": "#1"
        },
        "down": {
          "uv": [
            13.42857,
            12.57143,
            13.14286,
            13.42857
          ],
          "texture": "#1"
        }
      }
    },
    {
      "from": [
        7.985,
        8.78921,
        2.1
      ],
      "to": [
        8.015,
        9.53921,
        3.6
      ],
      "rotation": {
        "angle": -45,
        "axis": "z",
        "origin": [
          8,
          9.16421,
          2.85
        ]
      },
      "faces": {
        "east": {
          "uv": [
            12.85714,
            9.14286,
            12,
            9.57143
          ],
          "texture": "#1"
        },
        "west": {
          "uv": [
            12,
            9.14286,
            12.85714,
            9.57143
          ],
          "texture": "#1"
        }
      }
    },
    {
      "from": [
        7.625,
        9.14921,
        2.1
      ],
      "to": [
        8.375,
        9.17921,
        3.6
      ],
      "rotation": {
        "angle": -45,
        "axis": "z",
        "origin": [
          8,
          9.16421,
          2.85
        ]
      },
      "faces": {
        "up": {
          "uv": [
            12.85714,
            9.14286,
            12,
            9.57143
          ],
          "rotation": 270,
          "texture": "#1"
        },
        "down": {
          "uv": [
            12,
            9.14286,
            12.85714,
            9.57143
          ],
          "rotation": 270,
          "texture": "#1"
        }
      }
    },
    {
      "from": [
        7.625,
        9.20437,
        6.34973
      ],
      "to": [
        8.375,
        10.45437,
        7.59973
      ],
      "rotation": {
        "angle": -22.5,
        "axis": "x",
        "origin": [
          7.875,
          9.20437,
          6.34973
        ]
      },
      "faces": {
        "north": {
          "uv": [
            13.14286,
            3.42857,
            13.57143,
            4.14286
          ],
          "texture": "#1"
        },
        "east": {
          "uv": [
            12.57143,
            0,
            13.28571,
            0.71429
          ],
          "texture": "#1"
        },
        "west": {
          "uv": [
            1.14286,
            12.57143,
            1.85714,
            13.28571
          ],
          "texture": "#1"
        },
        "up": {
          "uv": [
            5,
            13.85714,
            4.57143,
            13.14286
          ],
          "texture": "#1"
        }
      }
    },
    {
      "from": [
        7.625,
        9.20437,
        8.40027
      ],
      "to": [
        8.375,
        10.45437,
        9.65027
      ],
      "rotation": {
        "angle": 22.5,
        "axis": "x",
        "origin": [
          7.875,
          9.20437,
          9.65027
        ]
      },
      "faces": {
        "east": {
          "uv": [
            12.57143,
            1.14286,
            13.28571,
            1.85714
          ],
          "texture": "#1"
        },
        "south": {
          "uv": [
            13.14286,
            4.57143,
            13.57143,
            5.28571
          ],
          "texture": "#1"
        },
        "west": {
          "uv": [
            2.28571,
            12.57143,
            3,
            13.28571
          ],
          "texture": "#1"
        },
        "up": {
          "uv": [
            5.57143,
            13.85714,
            5.14286,
            13.14286
          ],
          "texture": "#1"
        }
      }
    },
    {
      "from": [
        7.375,
        7.70437,
        5.09973
      ],
      "to": [
        8.625,
        8.95437,
        7.59973
      ],
      "rotation": {
        "angle": -22.5,
        "axis": "x",
        "origin": [
          7.875,
          7.70437,
          6.34973
        ]
      },
      "faces": {
        "east": {
          "uv": [
            8.57143,
            8,
            10,
            8.71429
          ],
          "texture": "#1"
        },
        "west": {
          "uv": [
            8,
            9.14286,
            9.42857,
            9.85714
          ],
          "texture": "#1"
        },
        "up": {
          "uv": [
            10.42857,
            1.42857,
            9.71429,
            0
          ],
          "texture": "#1"
        },
        "down": {
          "uv": [
            10.42857,
            1.71429,
            9.71429,
            3.14286
          ],
          "texture": "#1"
        }
      }
    },
    {
      "from": [
        7.3745,
        6.99765,
        5.09293
      ],
      "to": [
        8.6255,
        8.99765,
        6.34293
      ],
      "rotation": {
        "angle": 22.5,
        "axis": "x",
        "origin": [
          7.8745,
          9.99765,
          6.34293
        ]
      },
      "faces": {
        "north": {
          "uv": [
            9.71429,
            6.85714,
            10.42857,
            8
          ],
          "texture": "#1"
        },
        "east": {
          "uv": [
            10.28571,
            3.42857,
            11,
            4.57143
          ],
          "texture": "#1"
        },
        "south": {
          "uv": [
            7.42857,
            10.28571,
            8.14286,
            11.42857
          ],
          "texture": "#1"
        },
        "west": {
          "uv": [
            10.28571,
            8,
            11,
            9.14286
          ],
          "texture": "#1"
        },
        "up": {
          "uv": [
            13.28571,
            3,
            12.57143,
            2.28571
          ],
          "texture": "#1"
        },
        "down": {
          "uv": [
            4.14286,
            12.57143,
            3.42857,
            13.28571
          ],
          "texture": "#1"
        }
      }
    },
    {
      "from": [
        7.5123,
        9.04905,
        4.90932
      ],
      "to": [
        8.48769,
        10.16405,
        5.88432
      ],
      "rotation": {
        "angle": 0,
        "axis": "y",
        "origin": [
          7.9023,
          9.97405,
          6.28432
        ]
      },
      "faces": {
        "north": {
          "uv": [
            10.28571,
            12.57143,
            10.85714,
            13.14286
          ],
          "texture": "#1"
        },
        "east": {
          "uv": [
            12.57143,
            10.28571,
            13.14286,
            10.85714
          ],
          "texture": "#1"
        },
        "south": {
          "uv": [
            10.85714,
            12.57143,
            11.42857,
            13.14286
          ],
          "texture": "#1"
        },
        "west": {
          "uv": [
            12.57143,
            12,
            13.14286,
            12.57143
          ],
          "texture": "#1"
        },
        "up": {
          "uv": [
            13.14286,
            13.14286,
            12.57143,
            12.57143
          ],
          "texture": "#1"
        }
      }
    },
    {
      "from": [
        7.6196,
        10.0392,
        4.74157
      ],
      "to": [
        8.3804,
        11.1039,
        5.50207
      ],
      "rotation": {
        "angle": -22.5,
        "axis": "x",
        "origin": [
          8,
          10.84655,
          5.39682
        ]
      },
      "faces": {
        "north": {
          "uv": [
            0,
            13.71429,
            0.42857,
            14.28571
          ],
          "texture": "#1"
        },
        "east": {
          "uv": [
            13.71429,
            0,
            14.14286,
            0.57143
          ],
          "texture": "#1"
        },
        "south": {
          "uv": [
            0.57143,
            13.71429,
            1,
            14.28571
          ],
          "texture": "#1"
        },
        "west": {
          "uv": [
            13.71429,
            0.57143,
            14.14286,
            1.14286
          ],
          "texture": "#1"
        },
        "up": {
          "uv": [
            14.14286,
            2.71429,
            13.71429,
            2.28571
          ],
          "texture": "#1"
        }
      }
    },
    {
      "from": [
        7.72991,
        10.85816,
        4.42033
      ],
      "to": [
        8.27009,
        11.6141,
        4.96029
      ],
      "rotation": {
        "angle": -45,
        "axis": "x",
        "origin": [
          8,
          11.41113,
          4.86531
        ]
      },
      "faces": {
        "north": {
          "uv": [
            3.42857,
            13.71429,
            3.71429,
            14.14286
          ],
          "texture": "#1"
        },
        "east": {
          "uv": [
            13.71429,
            3.42857,
            14,
            3.85714
          ],
          "texture": "#1"
        },
        "south": {
          "uv": [
            4,
            13.71429,
            4.28571,
            14.14286
          ],
          "texture": "#1"
        },
        "west": {
          "uv": [
            13.71429,
            4,
            14,
            4.42857
          ],
          "texture": "#1"
        },
        "up": {
          "uv": [
            14,
            4.85714,
            13.71429,
            4.57143
          ],
          "texture": "#1"
        }
      }
    },
    {
      "from": [
        8,
        8.45711,
        11.4
      ],
      "to": [
        9,
        9.45711,
        12.4
      ],
      "rotation": {
        "angle": 45,
        "axis": "z",
        "origin": [
          8,
          8.45711,
          11.6
        ]
      },
      "faces": {
        "north": {
          "uv": [
            13.14286,
            8,
            12.57143,
            8.57143
          ],
          "texture": "#1"
        },
        "east": {
          "uv": [
            8.57143,
            12.57143,
            8,
            13.14286
          ],
          "texture": "#1"
        },
        "south": {
          "uv": [
            13.14286,
            7.42857,
            12.57143,
            8
          ],
          "texture": "#1"
        },
        "west": {
          "uv": [
            13.14286,
            8.57143,
            12.57143,
            9.14286
          ],
          "texture": "#1"
        },
        "up": {
          "uv": [
            10.28571,
            12.57143,
            9.71429,
            13.14286
          ],
          "texture": "#1"
        },
        "down": {
          "uv": [
            13.14286,
            10.28571,
            12.57143,
            9.71429
          ],
          "texture": "#1"
        }
      }
    },
    {
      "from": [
        8.2,
        8.65711,
        10
      ],
      "to": [
        8.8,
        9.25711,
        11.4
      ],
      "rotation": {
        "angle": 45,
        "axis": "z",
        "origin": [
          8,
          8.45711,
          11.6
        ]
      },
      "faces": {
        "east": {
          "uv": [
            14,
            11.42857,
            13.14286,
            11.71429
          ],
          "texture": "#1"
        },
        "west": {
          "uv": [
            14,
            12,
            13.14286,
            12.28571
          ],
          "texture": "#1"
        },
        "up": {
          "uv": [
            12.85714,
            13.14286,
            12.57143,
            14
          ],
          "texture": "#1"
        },
        "down": {
          "uv": [
            13.42857,
            13.42857,
            13.14286,
            12.57143
          ],
          "texture": "#1"
        }
      }
    },
    {
      "from": [
        7.985,
        8.78921,
        12.4
      ],
      "to": [
        8.015,
        9.53921,
        13.9
      ],
      "rotation": {
        "angle": -45,
        "axis": "z",
        "origin": [
          8,
          9.16421,
          13.15
        ]
      },
      "faces": {
        "east": {
          "uv": [
            12,
            9.14286,
            12.85714,
            9.57143
          ],
          "texture": "#1"
        },
        "west": {
          "uv": [
            12.85714,
            9.14286,
            12,
            9.57143
          ],
          "texture": "#1"
        }
      }
    },
    {
      "from": [
        7.375,
        7.70437,
        8.40027
      ],
      "to": [
        8.625,
        8.95437,
        10.90027
      ],
      "rotation": {
        "angle": 22.5,
        "axis": "x",
        "origin": [
          7.875,
          7.70437,
          9.65027
        ]
      },
      "faces": {
        "east": {
          "uv": [
            10,
            8,
            8.57143,
            8.71429
          ],
          "texture": "#1"
        },
        "west": {
          "uv": [
            9.42857,
            9.14286,
            8,
            9.85714
          ],
          "texture": "#1"
        },
        "up": {
          "uv": [
            10.42857,
            0,
            9.71429,
            1.42857
          ],
          "texture": "#1"
        },
        "down": {
          "uv": [
            10.42857,
            3.14286,
            9.71429,
            1.71429
          ],
          "texture": "#1"
        }
      }
    },
    {
      "from": [
        7.3745,
        6.99765,
        9.65707
      ],
      "to": [
        8.6255,
        8.99765,
        10.90707
      ],
      "rotation": {
        "angle": -22.5,
        "axis": "x",
        "origin": [
          7.8745,
          9.99765,
          9.65707
        ]
      },
      "faces": {
        "north": {
          "uv": [
            8.14286,
            10.28571,
            7.42857,
            11.42857
          ],
          "texture": "#1"
        },
        "east": {
          "uv": [
            11,
            3.42857,
            10.28571,
            4.57143
          ],
          "texture": "#1"
        },
        "south": {
          "uv": [
            10.42857,
            6.85714,
            9.71429,
            8
          ],
          "texture": "#1"
        },
        "west": {
          "uv": [
            11,
            8,
            10.28571,
            9.14286
          ],
          "texture": "#1"
        },
        "up": {
          "uv": [
            13.28571,
            2.28571,
            12.57143,
            3
          ],
          "texture": "#1"
        },
        "down": {
          "uv": [
            4.14286,
            13.28571,
            3.42857,
            12.57143
          ],
          "texture": "#1"
        }
      }
    },
    {
      "from": [
        7.5123,
        9.04905,
        10.11568
      ],
      "to": [
        8.48769,
        10.16405,
        11.09068
      ],
      "rotation": {
        "angle": 0,
        "axis": "y",
        "origin": [
          7.9023,
          9.97405,
          9.71568
        ]
      },
      "faces": {
        "north": {
          "uv": [
            11.42857,
            12.57143,
            10.85714,
            13.14286
          ],
          "texture": "#1"
        },
        "east": {
          "uv": [
            13.14286,
            10.28571,
            12.57143,
            10.85714
          ],
          "texture": "#1"
        },
        "south": {
          "uv": [
            10.85714,
            12.57143,
            10.28571,
            13.14286
          ],
          "texture": "#1"
        },
        "west": {
          "uv": [
            13.14286,
            12,
            12.57143,
            12.57143
          ],
          "texture": "#1"
        },
        "up": {
          "uv": [
            13.14286,
            12.57143,
            12.57143,
            13.14286
          ],
          "texture": "#1"
        }
      }
    },
    {
      "from": [
        7.6196,
        10.0392,
        10.49793
      ],
      "to": [
        8.3804,
        11.1039,
        11.25843
      ],
      "rotation": {
        "angle": 22.5,
        "axis": "x",
        "origin": [
          8,
          10.84655,
          10.60318
        ]
      },
      "faces": {
        "north": {
          "uv": [
            1,
            13.71429,
            0.57143,
            14.28571
          ],
          "texture": "#1"
        },
        "east": {
          "uv": [
            14.14286,
            0,
            13.71429,
            0.57143
          ],
          "texture": "#1"
        },
        "south": {
          "uv": [
            0.42857,
            13.71429,
            0,
            14.28571
          ],
          "texture": "#1"
        },
        "west": {
          "uv": [
            14.14286,
            0.57143,
            13.71429,
            1.14286
          ],
          "texture": "#1"
        },
        "up": {
          "uv": [
            14.14286,
            2.28571,
            13.71429,
            2.71429
          ],
          "texture": "#1"
        }
      }
    },
    {
      "from": [
        7.72991,
        10.85816,
        11.03971
      ],
      "to": [
        8.27009,
        11.6141,
        11.57967
      ],
      "rotation": {
        "angle": 45,
        "axis": "x",
        "origin": [
          8,
          11.41113,
          11.13469
        ]
      },
      "faces": {
        "north": {
          "uv": [
            4.28571,
            13.71429,
            4,
            14.14286
          ],
          "texture": "#1"
        },
        "east": {
          "uv": [
            14,
            3.42857,
            13.71429,
            3.85714
          ],
          "texture": "#1"
        },
        "south": {
          "uv": [
            3.71429,
            13.71429,
            3.42857,
            14.14286
          ],
          "texture": "#1"
        },
        "west": {
          "uv": [
            14,
            4,
            13.71429,
            4.42857
          ],
          "texture": "#1"
        },
        "up": {
          "uv": [
            14,
            4.57143,
            13.71429,
            4.85714
          ],
          "texture": "#1"
        }
      }
    },
    {
      "from": [
        7.625,
        9.14921,
        12.4
      ],
      "to": [
        8.375,
        9.17921,
        13.9
      ],
      "rotation": {
        "angle": -45,
        "axis": "z",
        "origin": [
          8,
          9.16421,
          13.15
        ]
      },
      "faces": {
        "up": {
          "uv": [
            12,
            9.14286,
            12.85714,
            9.57143
          ],
          "rotation": 270,
          "texture": "#1"
        },
        "down": {
          "uv": [
            12.85714,
            9.14286,
            12,
            9.57143
          ],
          "rotation": 270,
          "texture": "#1"
        }
      }
    },
    {
      "from": [
        7.5,
        9.33579,
        8
      ],
      "to": [
        8.5,
        11.33579,
        10
      ],
      "rotation": {
        "angle": -45,
        "axis": "x",
        "origin": [
          7.5,
          9.33579,
          8
        ]
      },
      "faces": {
        "north": {
          "uv": [
            12,
            6.85714,
            12.57143,
            8
          ],
          "texture": "#1"
        },
        "east": {
          "uv": [
            3.42857,
            8.57143,
            4.57143,
            9.71429
          ],
          "texture": "#1"
        },
        "south": {
          "uv": [
            12,
            8,
            12.57143,
            9.14286
          ],
          "texture": "#1"
        },
        "west": {
          "uv": [
            4.57143,
            8.57143,
            5.71429,
            9.71429
          ],
          "texture": "#1"
        },
        "up": {
          "uv": [
            12,
            13.14286,
            11.42857,
            12
          ],
          "texture": "#1"
        },
        "down": {
          "uv": [
            12.57143,
            12,
            12,
            13.14286
          ],
          "texture": "#1"
        }
      }
    },
    {
      "from": [
        7.75,
        11,
        6.875
      ],
      "to": [
        8.25,
        26,
        9.125
      ],
      "rotation": {
        "angle": 0,
        "axis": "y",
        "origin": [
          7.75,
          11,
          6.875
        ]
      },
      "faces": {
        "north": {
          "uv": [
            6.85714,
            0,
            7.14286,
            8.57143
          ],
          "texture": "#1"
        },
        "east": {
          "uv": [
            3.42857,
            0,
            4.71429,
            8.57143
          ],
          "texture": "#1"
        },
        "south": {
          "uv": [
            7.42857,
            0,
            7.71429,
            8.57143
          ],
          "texture": "#1"
        },
        "west": {
          "uv": [
            5.14286,
            0,
            6.42857,
            8.57143
          ],
          "texture": "#1"
        }
      }
    },
    {
      "from": [
        7.7475,
        24.87499,
        8
      ],
      "to": [
        8.2525,
        26.46599,
        9.591
      ],
      "rotation": {
        "angle": -45,
        "axis": "x",
        "origin": [
          7.7475,
          24.87499,
          8
        ]
      },
      "faces": {
        "north": {
          "uv": [
            1.14286,
            13.71429,
            1.42857,
            14.57143
          ],
          "texture": "#1"
        },
        "east": {
          "uv": [
            11.42857,
            9.71429,
            12.28571,
            10.57143
          ],
          "texture": "#1"
        },
        "south": {
          "uv": [
            13.71429,
            1.14286,
            14,
            2
          ],
          "texture": "#1"
        },
        "west": {
          "uv": [
            10.28571,
            11.42857,
            11.14286,
            12.28571
          ],
          "texture": "#1"
        },
        "up": {
          "uv": [
            2,
            14.57143,
            1.71429,
            13.71429
          ],
          "texture": "#1"
        },
        "down": {
          "uv": [
            2.57143,
            13.71429,
            2.28571,
            14.57143
          ],
          "texture": "#1"
        }
      }
    },
    {
      "from": [
        7.985,
        10.25,
        5.375
      ],
      "to": [
        8.015,
        30.25,
        10.625
      ],
      "rotation": {
        "angle": 0,
        "axis": "y",
        "origin": [
          7.985,
          10.35922,
          4.625
        ]
      },
      "faces": {
        "east": {
          "uv": [
            3,
            0,
            0,
            11.42857
          ],
          "texture": "#1"
        },
        "west": {
          "uv": [
            0,
            0,
            3,
            11.42857
          ],
          "texture": "#1"
        }
      }
    },
    {
      "from": [
        8.1,
        0.25,
        6.6
      ],
      "to": [
        8.9,
        1.05,
        9.4
      ],
      "rotation": {
        "angle": 45,
        "axis": "z",
        "origin": [
          8,
          0.15,
          7.5
        ]
      },
      "faces": {
        "north": {
          "uv": [
            2.85714,
            13.71429,
            3.28571,
            14.14286
          ],
          "texture": "#1"
        },
        "east": {
          "uv": [
            11.42857,
            10.85714,
            13,
            11.28571
          ],
          "texture": "#1"
        },
        "south": {
          "uv": [
            13.71429,
            2.85714,
            14.14286,
            3.28571
          ],
          "texture": "#1"
        },
        "west": {
          "uv": [
            11.42857,
            11.42857,
            13,
            11.85714
          ],
          "texture": "#1"
        },
        "up": {
          "uv": [
            12.42857,
            1.57143,
            12,
            0
          ],
          "texture": "#1"
        },
        "down": {
          "uv": [
            12.42857,
            1.71429,
            12,
            3.28571
          ],
          "texture": "#1"
        }
      }
    },
    {
      "from": [
        8,
        0.22279,
        5.1
      ],
      "to": [
        8.03,
        1.47279,
        6.6
      ],
      "rotation": {
        "angle": -45,
        "axis": "z",
        "origin": [
          8.015,
          0.84779,
          5.85
        ]
      },
      "faces": {
        "east": {
          "uv": [
            0.85714,
            12.57143,
            0,
            13.28571
          ],
          "texture": "#1"
        },
        "west": {
          "uv": [
            0,
            12.57143,
            0.85714,
            13.28571
          ],
          "texture": "#1"
        }
      }
    },
    {
      "from": [
        8,
        0.22279,
        5.1
      ],
      "to": [
        8.03,
        1.47279,
        6.6
      ],
      "rotation": {
        "angle": 45,
        "axis": "z",
        "origin": [
          8.015,
          0.84779,
          5.85
        ]
      },
      "faces": {
        "east": {
          "uv": [
            0.85714,
            12.57143,
            0,
            13.28571
          ],
          "texture": "#1"
        },
        "west": {
          "uv": [
            0,
            12.57143,
            0.85714,
            13.28571
          ],
          "texture": "#1"
        }
      }
    },
    {
      "from": [
        8,
        0.22279,
        9.4
      ],
      "to": [
        8.03,
        1.47279,
        10.9
      ],
      "rotation": {
        "angle": -45,
        "axis": "z",
        "origin": [
          8.015,
          0.84779,
          10.15
        ]
      },
      "faces": {
        "east": {
          "uv": [
            0,
            12.57143,
            0.85714,
            13.28571
          ],
          "texture": "#1"
        },
        "west": {
          "uv": [
            0.85714,
            12.57143,
            0,
            13.28571
          ],
          "texture": "#1"
        }
      }
    },
    {
      "from": [
        8,
        0.22279,
        9.4
      ],
      "to": [
        8.03,
        1.47279,
        10.9
      ],
      "rotation": {
        "angle": 45,
        "axis": "z",
        "origin": [
          8.015,
          0.84779,
          10.15
        ]
      },
      "faces": {
        "east": {
          "uv": [
            0,
            12.57143,
            0.85714,
            13.28571
          ],
          "texture": "#1"
        },
        "west": {
          "uv": [
            0.85714,
            12.57143,
            0,
            13.28571
          ],
          "texture": "#1"
        }
      }
    },
    {
      "from": [
        7.1,
        4.125,
        3
      ],
      "to": [
        7.1,
        14.125,
        13
      ],
      "rotation": {
        "angle": 0,
        "axis": "y",
        "origin": [
          7.1,
          9.125,
          8
        ]
      },
      "faces": {
        "west": {
          "uv": [
            1.33333,
            1.33333,
            14.66667,
            14.66667
          ],
          "texture": "#2"
        }
      }
    },
    {
      "from": [
        8.9,
        4.125,
        3
      ],
      "to": [
        8.9,
        14.125,
        13
      ],
      "rotation": {
        "angle": 0,
        "axis": "y",
        "origin": [
          8.9,
          9.125,
          8
        ]
      },
      "faces": {
        "east": {
          "uv": [
            14.66667,
            1.33333,
            1.33333,
            14.66667
          ],
          "texture": "#2"
        }
      }
    }
  ],
  "gui_light": "front",
  "display": {
    "thirdperson_righthand": {
      "translation": [
        0,
        1.75,
        1
      ]
    },
    "thirdperson_lefthand": {
      "translation": [
        0,
        1.75,
        1
      ]
    },
    "firstperson_righthand": {
      "rotation": [
        5,
        0,
        0
      ],
      "translation": [
        2.25,
        1.25,
        -0.5
      ]
    },
    "firstperson_lefthand": {
      "rotation": [
        5,
        0,
        0
      ],
      "translation": [
        2.25,
        1.25,
        -0.5
      ]
    },
    "ground": {
      "rotation": [
        -45,
        0,
        0
      ],
      "translation": [
        0,
        5,
        0
      ],
      "scale": [
        0.7,
        0.7,
        0.7
      ]
    },
    "gui": {
      "rotation": [
        -90,
        45,
        90
      ],
      "translation": [
        3,
        -3,
        0
      ],
      "scale": [
        0.7,
        0.7,
        0.7
      ]
    },
    "head": {
      "rotation": [
        0,
        -90,
        0
      ]
    },
    "fixed": {
      "rotation": [
        0,
        -90,
        0
      ],
      "translation": [
        0,
        0,
        -1
      ],
      "scale": [
        2,
        2,
        2
      ]
    }
  },
  "mcmodels": "e5a18b91c6507d23f5d6487c566c162a"
}