{
  "credit": "Made with Blockbench",
  "texture_size": [
    12,
    12
  ],
  "textures": {
    "1": "item/demon/demon_crossbow",
    "2": "item/demon/demon_ef2_long",
    "3": "item/demon/demon_ef1_long",
    "particle": "item/demon/demon_ef2_long"
  },
  "elements": [
    {
      "from": [
        9.25,
        6.8,
        -1
      ],
      "to": [
        9.75,
        8.3,
        0.5
      ],
      "rotation": {
        "angle": 45,
        "axis": "x",
        "origin": [
          9,
          7.55,
          -0.25
        ]
      },
      "faces": {
        "north": {
          "uv": [
            15.25,
            6,
            16,
            6.25
          ],
          "rotation": 270,
          "texture": "#1"
        },
        "east": {
          "uv": [
            14,
            13.25,
            13.25,
            12.5
          ],
          "rotation": 90,
          "texture": "#1"
        },
        "south": {
          "uv": [
            15.25,
            7.5,
            16,
            7.75
          ],
          "rotation": 90,
          "texture": "#1"
        },
        "west": {
          "uv": [
            2.5,
            13.5,
            1.75,
            14.25
          ],
          "rotation": 90,
          "texture": "#1"
        },
        "up": {
          "uv": [
            8.25,
            15,
            9,
            15.25
          ],
          "rotation": 90,
          "texture": "#1"
        },
        "down": {
          "uv": [
            7.25,
            15,
            8,
            15.25
          ],
          "rotation": 90,
          "texture": "#1"
        }
      }
    },
    {
      "from": [
        9.5,
        6.8,
        -0.55
      ],
      "to": [
        12.1,
        8.3,
        2.05
      ],
      "rotation": {
        "angle": 45,
        "axis": "y",
        "origin": [
          9.8,
          8.05,
          -0.25
        ]
      },
      "faces": {
        "north": {
          "uv": [
            5.25,
            11.5,
            6,
            12.75
          ],
          "rotation": 270,
          "texture": "#1"
        },
        "east": {
          "uv": [
            8,
            12.75,
            7.25,
            11.5
          ],
          "rotation": 90,
          "texture": "#1"
        },
        "south": {
          "uv": [
            6.25,
            11.5,
            7,
            12.75
          ],
          "rotation": 90,
          "texture": "#1"
        },
        "west": {
          "uv": [
            2.5,
            12,
            1.75,
            13.25
          ],
          "rotation": 90,
          "texture": "#1"
        },
        "up": {
          "uv": [
            3.75,
            9,
            5,
            10.25
          ],
          "rotation": 90,
          "texture": "#1"
        },
        "down": {
          "uv": [
            9.25,
            2,
            10.5,
            3.25
          ],
          "rotation": 90,
          "texture": "#1"
        }
      }
    },
    {
      "from": [
        10,
        6.55,
        -0.05
      ],
      "to": [
        11.6,
        8.55,
        1.55
      ],
      "rotation": {
        "angle": 45,
        "axis": "y",
        "origin": [
          9.8,
          8.05,
          -0.25
        ]
      },
      "faces": {
        "north": {
          "uv": [
            3.75,
            12.5,
            4.75,
            13.25
          ],
          "rotation": 270,
          "texture": "#1"
        },
        "east": {
          "uv": [
            13.25,
            13.25,
            12.25,
            12.5
          ],
          "rotation": 90,
          "texture": "#1"
        },
        "south": {
          "uv": [
            8.25,
            12.5,
            9.25,
            13.25
          ],
          "rotation": 90,
          "texture": "#1"
        },
        "west": {
          "uv": [
            3.75,
            13,
            2.75,
            13.75
          ],
          "rotation": 90,
          "texture": "#1"
        },
        "up": {
          "uv": [
            13.75,
            2.5,
            14.5,
            3.25
          ],
          "rotation": 90,
          "texture": "#1"
        },
        "down": {
          "uv": [
            13.75,
            1.5,
            14.5,
            2.25
          ],
          "rotation": 90,
          "texture": "#1"
        }
      }
    },
    {
      "from": [
        10.50711,
        6.55,
        -2.25
      ],
      "to": [
        11.50711,
        7.55,
        -1.25
      ],
      "rotation": {
        "angle": 45,
        "axis": "z",
        "origin": [
          10.50711,
          7.55,
          -5.25
        ]
      },
      "faces": {
        "north": {
          "uv": [
            13.25,
            11,
            13.75,
            11.5
          ],
          "rotation": 270,
          "texture": "#1"
        },
        "east": {
          "uv": [
            15.25,
            9.5,
            14.75,
            9
          ],
          "rotation": 90,
          "texture": "#1"
        },
        "south": {
          "uv": [
            5.25,
            14.5,
            5.75,
            15
          ],
          "rotation": 90,
          "texture": "#1"
        },
        "west": {
          "uv": [
            10.25,
            14.5,
            9.75,
            15
          ],
          "rotation": 90,
          "texture": "#1"
        },
        "up": {
          "uv": [
            14.75,
            8.5,
            15.25,
            9
          ],
          "rotation": 90,
          "texture": "#1"
        },
        "down": {
          "uv": [
            13.75,
            12,
            14.25,
            12.5
          ],
          "rotation": 90,
          "texture": "#1"
        }
      }
    },
    {
      "from": [
        10.50711,
        6.55,
        -4.65
      ],
      "to": [
        11.50711,
        7.55,
        -3.65
      ],
      "rotation": {
        "angle": 45,
        "axis": "z",
        "origin": [
          10.50711,
          7.55,
          -3.85
        ]
      },
      "faces": {
        "north": {
          "uv": [
            14.75,
            9.5,
            15.25,
            10
          ],
          "rotation": 270,
          "texture": "#1"
        },
        "east": {
          "uv": [
            15.25,
            11,
            14.75,
            10.5
          ],
          "rotation": 90,
          "texture": "#1"
        },
        "south": {
          "uv": [
            14.75,
            10,
            15.25,
            10.5
          ],
          "rotation": 90,
          "texture": "#1"
        },
        "west": {
          "uv": [
            11.75,
            14.5,
            11.25,
            15
          ],
          "rotation": 90,
          "texture": "#1"
        },
        "up": {
          "uv": [
            10.75,
            14.5,
            11.25,
            15
          ],
          "rotation": 90,
          "texture": "#1"
        },
        "down": {
          "uv": [
            10.25,
            14.5,
            10.75,
            15
          ],
          "rotation": 90,
          "texture": "#1"
        }
      }
    },
    {
      "from": [
        10.70711,
        6.75,
        -3.65
      ],
      "to": [
        11.30711,
        7.35,
        -2.25
      ],
      "rotation": {
        "angle": 45,
        "axis": "z",
        "origin": [
          10.50711,
          7.55,
          -3.85
        ]
      },
      "faces": {
        "east": {
          "uv": [
            15.5,
            9.75,
            15.25,
            9
          ],
          "rotation": 90,
          "texture": "#1"
        },
        "west": {
          "uv": [
            10.5,
            15,
            10.25,
            15.75
          ],
          "rotation": 90,
          "texture": "#1"
        },
        "up": {
          "uv": [
            9.25,
            15,
            10,
            15.25
          ],
          "rotation": 90,
          "texture": "#1"
        },
        "down": {
          "uv": [
            15.25,
            8.5,
            16,
            8.75
          ],
          "rotation": 90,
          "texture": "#1"
        }
      }
    },
    {
      "from": [
        10.83921,
        7.535,
        -6.15
      ],
      "to": [
        11.58921,
        7.565,
        -4.65
      ],
      "rotation": {
        "angle": -45,
        "axis": "z",
        "origin": [
          11.21421,
          7.55,
          -5.4
        ]
      },
      "faces": {
        "up": {
          "uv": [
            8.75,
            14.5,
            9.5,
            14.875
          ],
          "rotation": 90,
          "texture": "#1"
        },
        "down": {
          "uv": [
            9.5,
            14.5,
            8.75,
            14.875
          ],
          "rotation": 90,
          "texture": "#1"
        }
      }
    },
    {
      "from": [
        10.83921,
        7.535,
        -6.15
      ],
      "to": [
        11.58921,
        7.565,
        -4.65
      ],
      "rotation": {
        "angle": 45,
        "axis": "z",
        "origin": [
          11.21421,
          7.55,
          -5.4
        ]
      },
      "faces": {
        "up": {
          "uv": [
            8.75,
            14.5,
            9.5,
            14.875
          ],
          "rotation": 90,
          "texture": "#1"
        },
        "down": {
          "uv": [
            9.5,
            14.5,
            8.75,
            14.875
          ],
          "rotation": 90,
          "texture": "#1"
        }
      }
    },
    {
      "from": [
        11.25437,
        7.175,
        -1.90027
      ],
      "to": [
        12.50437,
        7.925,
        -0.65027
      ],
      "rotation": {
        "angle": 22.5,
        "axis": "y",
        "origin": [
          11.25437,
          7.675,
          -1.90027
        ]
      },
      "faces": {
        "north": {
          "uv": [
            15.25,
            3.5,
            15.625,
            4.125
          ],
          "rotation": 270,
          "texture": "#1"
        },
        "east": {
          "uv": [
            15.625,
            5.125,
            15.25,
            4.5
          ],
          "rotation": 90,
          "texture": "#1"
        },
        "up": {
          "uv": [
            11.75,
            13.5,
            12.375,
            14.125
          ],
          "rotation": 90,
          "texture": "#1"
        },
        "down": {
          "uv": [
            13.75,
            11,
            14.375,
            11.625
          ],
          "rotation": 90,
          "texture": "#1"
        }
      }
    },
    {
      "from": [
        9.75437,
        6.925,
        -3.15027
      ],
      "to": [
        11.00437,
        8.175,
        -0.65027
      ],
      "rotation": {
        "angle": 22.5,
        "axis": "y",
        "origin": [
          9.75437,
          7.675,
          -1.90027
        ]
      },
      "faces": {
        "east": {
          "uv": [
            13.375,
            2.75,
            12.75,
            1.5
          ],
          "rotation": 90,
          "texture": "#1"
        },
        "west": {
          "uv": [
            13.375,
            3,
            12.75,
            4.25
          ],
          "rotation": 90,
          "texture": "#1"
        },
        "up": {
          "uv": [
            12.75,
            0.5,
            14,
            1.125
          ],
          "rotation": 90,
          "texture": "#1"
        },
        "down": {
          "uv": [
            12.25,
            11.5,
            13.5,
            12.125
          ],
          "rotation": 90,
          "texture": "#1"
        }
      }
    },
    {
      "from": [
        9.04765,
        6.9245,
        -3.15707
      ],
      "to": [
        11.04765,
        8.1755,
        -1.90707
      ],
      "rotation": {
        "angle": -22.5,
        "axis": "y",
        "origin": [
          12.04765,
          7.6755,
          -1.90707
        ]
      },
      "faces": {
        "north": {
          "uv": [
            5.75,
            13,
            6.375,
            14
          ],
          "rotation": 270,
          "texture": "#1"
        },
        "east": {
          "uv": [
            13.375,
            14.125,
            12.75,
            13.5
          ],
          "rotation": 90,
          "texture": "#1"
        },
        "south": {
          "uv": [
            6.75,
            13,
            7.375,
            14
          ],
          "rotation": 90,
          "texture": "#1"
        },
        "west": {
          "uv": [
            14.375,
            13.5,
            13.75,
            14.125
          ],
          "rotation": 90,
          "texture": "#1"
        },
        "up": {
          "uv": [
            13.25,
            7,
            13.875,
            8
          ],
          "rotation": 90,
          "texture": "#1"
        },
        "down": {
          "uv": [
            13.25,
            6,
            13.875,
            7
          ],
          "rotation": 90,
          "texture": "#1"
        }
      }
    },
    {
      "from": [
        11.09905,
        7.06231,
        -3.34068
      ],
      "to": [
        12.21405,
        8.0377,
        -2.36568
      ],
      "rotation": {
        "angle": 0,
        "axis": "y",
        "origin": [
          12.02405,
          7.6477,
          -1.96568
        ]
      },
      "faces": {
        "north": {
          "uv": [
            14.75,
            11,
            15.25,
            11.5
          ],
          "rotation": 270,
          "texture": "#1"
        },
        "east": {
          "uv": [
            15.25,
            12.5,
            14.75,
            12
          ],
          "rotation": 90,
          "texture": "#1"
        },
        "south": {
          "uv": [
            14.75,
            11.5,
            15.25,
            12
          ],
          "rotation": 90,
          "texture": "#1"
        },
        "up": {
          "uv": [
            12.25,
            14.5,
            12.75,
            15
          ],
          "rotation": 90,
          "texture": "#1"
        },
        "down": {
          "uv": [
            11.75,
            14.5,
            12.25,
            15
          ],
          "rotation": 90,
          "texture": "#1"
        }
      }
    },
    {
      "from": [
        12.0892,
        7.1696,
        -3.50843
      ],
      "to": [
        13.1539,
        7.9304,
        -2.74793
      ],
      "rotation": {
        "angle": 22.5,
        "axis": "y",
        "origin": [
          12.89655,
          7.55,
          -2.85318
        ]
      },
      "faces": {
        "north": {
          "uv": [
            15.25,
            10,
            15.625,
            10.5
          ],
          "rotation": 270,
          "texture": "#1"
        },
        "east": {
          "uv": [
            15.125,
            15.375,
            14.75,
            15
          ],
          "rotation": 90,
          "texture": "#1"
        },
        "south": {
          "uv": [
            15.25,
            10.5,
            15.625,
            11
          ],
          "rotation": 90,
          "texture": "#1"
        },
        "up": {
          "uv": [
            11.25,
            15,
            11.625,
            15.5
          ],
          "rotation": 90,
          "texture": "#1"
        },
        "down": {
          "uv": [
            10.75,
            15,
            11.125,
            15.5
          ],
          "rotation": 90,
          "texture": "#1"
        }
      }
    },
    {
      "from": [
        12.90816,
        7.27991,
        -3.82967
      ],
      "to": [
        13.6641,
        7.82009,
        -3.28971
      ],
      "rotation": {
        "angle": 45,
        "axis": "y",
        "origin": [
          13.46113,
          7.55,
          -3.38469
        ]
      },
      "faces": {
        "north": {
          "uv": [
            15.25,
            15,
            15.5,
            15.375
          ],
          "rotation": 270,
          "texture": "#1"
        },
        "east": {
          "uv": [
            2.5,
            15.75,
            2.25,
            15.5
          ],
          "rotation": 90,
          "texture": "#1"
        },
        "south": {
          "uv": [
            15.75,
            0.5,
            16,
            0.875
          ],
          "rotation": 90,
          "texture": "#1"
        },
        "up": {
          "uv": [
            1.25,
            15.5,
            1.5,
            15.875
          ],
          "rotation": 90,
          "texture": "#1"
        },
        "down": {
          "uv": [
            0.75,
            15.5,
            1,
            15.875
          ],
          "rotation": 90,
          "texture": "#1"
        }
      }
    },
    {
      "from": [
        12.2,
        6.95,
        -1.4
      ],
      "to": [
        14.9,
        8.15,
        -0.2
      ],
      "rotation": {
        "angle": -22.5,
        "axis": "y",
        "origin": [
          13.05,
          8.3,
          -1.75
        ]
      },
      "faces": {
        "north": {
          "uv": [
            12.25,
            7,
            12.875,
            8.375
          ],
          "rotation": 270,
          "texture": "#1"
        },
        "east": {
          "uv": [
            1.375,
            14.625,
            0.75,
            14
          ],
          "rotation": 90,
          "texture": "#1"
        },
        "south": {
          "uv": [
            12.25,
            10,
            12.875,
            11.375
          ],
          "rotation": 90,
          "texture": "#1"
        },
        "west": {
          "uv": [
            14.875,
            0.5,
            14.25,
            1.125
          ],
          "rotation": 90,
          "texture": "#1"
        },
        "up": {
          "uv": [
            11.25,
            12,
            11.875,
            13.375
          ],
          "rotation": 90,
          "texture": "#1"
        },
        "down": {
          "uv": [
            12.25,
            8.5,
            12.875,
            9.875
          ],
          "rotation": 90,
          "texture": "#1"
        }
      }
    },
    {
      "from": [
        14.10809,
        7.1,
        0.25074
      ],
      "to": [
        15.80809,
        8,
        1.15074
      ],
      "rotation": {
        "angle": -45,
        "axis": "y",
        "origin": [
          15.45809,
          7.55,
          0.27574
        ]
      },
      "faces": {
        "north": {
          "uv": [
            13.75,
            9,
            14.25,
            9.875
          ],
          "rotation": 270,
          "texture": "#1"
        },
        "east": {
          "uv": [
            13.25,
            15,
            12.75,
            14.5
          ],
          "rotation": 90,
          "texture": "#1"
        },
        "south": {
          "uv": [
            13.75,
            10,
            14.25,
            10.875
          ],
          "rotation": 90,
          "texture": "#1"
        },
        "up": {
          "uv": [
            11.25,
            13.5,
            11.75,
            14.375
          ],
          "rotation": 90,
          "texture": "#1"
        },
        "down": {
          "uv": [
            10.25,
            13.5,
            10.75,
            14.375
          ],
          "rotation": 90,
          "texture": "#1"
        }
      }
    },
    {
      "from": [
        15.59678,
        7.2,
        0.29047
      ],
      "to": [
        16.29678,
        7.9,
        1.49047
      ],
      "rotation": {
        "angle": 22.5,
        "axis": "y",
        "origin": [
          16.57178,
          7.55,
          1.99047
        ]
      },
      "faces": {
        "east": {
          "uv": [
            6.625,
            15.625,
            6.25,
            15
          ],
          "rotation": 90,
          "texture": "#1"
        },
        "south": {
          "uv": [
            15.25,
            14.5,
            15.625,
            14.875
          ],
          "rotation": 90,
          "texture": "#1"
        },
        "west": {
          "uv": [
            7.125,
            15,
            6.75,
            15.625
          ],
          "rotation": 90,
          "texture": "#1"
        },
        "up": {
          "uv": [
            15.25,
            5.5,
            15.875,
            5.875
          ],
          "rotation": 90,
          "texture": "#1"
        },
        "down": {
          "uv": [
            5.25,
            15,
            5.875,
            15.375
          ],
          "rotation": 90,
          "texture": "#1"
        }
      }
    },
    {
      "from": [
        15.54039,
        7.05,
        1.27851
      ],
      "to": [
        16.54039,
        8.05,
        2.27851
      ],
      "rotation": {
        "angle": -22.5,
        "axis": "y",
        "origin": [
          15.54039,
          8.05,
          1.27851
        ]
      },
      "faces": {
        "north": {
          "uv": [
            14.75,
            12.5,
            15.25,
            13
          ],
          "rotation": 270,
          "texture": "#1"
        },
        "east": {
          "uv": [
            15.25,
            14,
            14.75,
            13.5
          ],
          "rotation": 90,
          "texture": "#1"
        },
        "south": {
          "uv": [
            14.75,
            13,
            15.25,
            13.5
          ],
          "rotation": 90,
          "texture": "#1"
        },
        "west": {
          "uv": [
            14.75,
            14.5,
            14.25,
            15
          ],
          "rotation": 90,
          "texture": "#1"
        },
        "up": {
          "uv": [
            13.75,
            14.5,
            14.25,
            15
          ],
          "rotation": 90,
          "texture": "#1"
        },
        "down": {
          "uv": [
            13.25,
            14.5,
            13.75,
            15
          ],
          "rotation": 90,
          "texture": "#1"
        }
      }
    },
    {
      "from": [
        15.79039,
        6.8,
        1.52851
      ],
      "to": [
        16.29039,
        8.3,
        2.02851
      ],
      "rotation": {
        "angle": -22.5,
        "axis": "y",
        "origin": [
          15.54039,
          8.05,
          1.27851
        ]
      },
      "faces": {
        "north": {
          "uv": [
            15.25,
            11,
            16,
            11.25
          ],
          "rotation": 270,
          "texture": "#1"
        },
        "east": {
          "uv": [
            16,
            11.75,
            15.25,
            11.5
          ],
          "rotation": 90,
          "texture": "#1"
        },
        "south": {
          "uv": [
            11.75,
            15,
            12.5,
            15.25
          ],
          "rotation": 90,
          "texture": "#1"
        },
        "west": {
          "uv": [
            16,
            12,
            15.25,
            12.25
          ],
          "rotation": 90,
          "texture": "#1"
        },
        "up": {
          "uv": [
            2.75,
            15.5,
            3,
            15.75
          ],
          "rotation": 90,
          "texture": "#1"
        },
        "down": {
          "uv": [
            15.75,
            2,
            16,
            2.25
          ],
          "rotation": 90,
          "texture": "#1"
        }
      }
    },
    {
      "from": [
        12.43356,
        7.535,
        -2.24163
      ],
      "to": [
        15.43356,
        7.565,
        4.75837
      ],
      "rotation": {
        "angle": 22.5,
        "axis": "y",
        "origin": [
          13.18356,
          7.565,
          -3.64163
        ]
      },
      "faces": {
        "up": {
          "uv": [
            8,
            0,
            11.5,
            1.5
          ],
          "rotation": 90,
          "texture": "#1"
        },
        "down": {
          "uv": [
            11.5,
            0,
            8,
            1.5
          ],
          "rotation": 90,
          "texture": "#1"
        }
      }
    },
    {
      "from": [
        3.9,
        6.8,
        -0.55
      ],
      "to": [
        6.5,
        8.3,
        2.05
      ],
      "rotation": {
        "angle": -45,
        "axis": "y",
        "origin": [
          6.2,
          8.05,
          -0.25
        ]
      },
      "faces": {
        "north": {
          "uv": [
            5.25,
            12.75,
            6,
            11.5
          ],
          "rotation": 270,
          "texture": "#1"
        },
        "east": {
          "uv": [
            2.5,
            13.25,
            1.75,
            12
          ],
          "rotation": 90,
          "texture": "#1"
        },
        "south": {
          "uv": [
            6.25,
            12.75,
            7,
            11.5
          ],
          "rotation": 90,
          "texture": "#1"
        },
        "west": {
          "uv": [
            8,
            11.5,
            7.25,
            12.75
          ],
          "rotation": 90,
          "texture": "#1"
        },
        "up": {
          "uv": [
            3.75,
            10.25,
            5,
            9
          ],
          "rotation": 90,
          "texture": "#1"
        },
        "down": {
          "uv": [
            9.25,
            3.25,
            10.5,
            2
          ],
          "rotation": 90,
          "texture": "#1"
        }
      }
    },
    {
      "from": [
        4.4,
        6.55,
        -0.05
      ],
      "to": [
        6,
        8.55,
        1.55
      ],
      "rotation": {
        "angle": -45,
        "axis": "y",
        "origin": [
          6.2,
          8.05,
          -0.25
        ]
      },
      "faces": {
        "north": {
          "uv": [
            3.75,
            13.25,
            4.75,
            12.5
          ],
          "rotation": 270,
          "texture": "#1"
        },
        "east": {
          "uv": [
            3.75,
            13.75,
            2.75,
            13
          ],
          "rotation": 90,
          "texture": "#1"
        },
        "south": {
          "uv": [
            8.25,
            13.25,
            9.25,
            12.5
          ],
          "rotation": 90,
          "texture": "#1"
        },
        "west": {
          "uv": [
            13.25,
            12.5,
            12.25,
            13.25
          ],
          "rotation": 90,
          "texture": "#1"
        },
        "up": {
          "uv": [
            13.75,
            3.25,
            14.5,
            2.5
          ],
          "rotation": 90,
          "texture": "#1"
        },
        "down": {
          "uv": [
            13.75,
            2.25,
            14.5,
            1.5
          ],
          "rotation": 90,
          "texture": "#1"
        }
      }
    },
    {
      "from": [
        4.49289,
        6.55,
        -2.25
      ],
      "to": [
        5.49289,
        7.55,
        -1.25
      ],
      "rotation": {
        "angle": -45,
        "axis": "z",
        "origin": [
          5.49289,
          7.55,
          -5.25
        ]
      },
      "faces": {
        "north": {
          "uv": [
            13.25,
            11.5,
            13.75,
            11
          ],
          "rotation": 270,
          "texture": "#1"
        },
        "east": {
          "uv": [
            10.25,
            15,
            9.75,
            14.5
          ],
          "rotation": 90,
          "texture": "#1"
        },
        "south": {
          "uv": [
            5.25,
            15,
            5.75,
            14.5
          ],
          "rotation": 90,
          "texture": "#1"
        },
        "west": {
          "uv": [
            15.25,
            9,
            14.75,
            9.5
          ],
          "rotation": 90,
          "texture": "#1"
        },
        "up": {
          "uv": [
            14.75,
            9,
            15.25,
            8.5
          ],
          "rotation": 90,
          "texture": "#1"
        },
        "down": {
          "uv": [
            13.75,
            12.5,
            14.25,
            12
          ],
          "rotation": 90,
          "texture": "#1"
        }
      }
    },
    {
      "from": [
        4.49289,
        6.55,
        -4.65
      ],
      "to": [
        5.49289,
        7.55,
        -3.65
      ],
      "rotation": {
        "angle": -45,
        "axis": "z",
        "origin": [
          5.49289,
          7.55,
          -3.85
        ]
      },
      "faces": {
        "north": {
          "uv": [
            14.75,
            10,
            15.25,
            9.5
          ],
          "rotation": 270,
          "texture": "#1"
        },
        "east": {
          "uv": [
            11.75,
            15,
            11.25,
            14.5
          ],
          "rotation": 90,
          "texture": "#1"
        },
        "south": {
          "uv": [
            14.75,
            10.5,
            15.25,
            10
          ],
          "rotation": 90,
          "texture": "#1"
        },
        "west": {
          "uv": [
            15.25,
            10.5,
            14.75,
            11
          ],
          "rotation": 90,
          "texture": "#1"
        },
        "up": {
          "uv": [
            10.75,
            15,
            11.25,
            14.5
          ],
          "rotation": 90,
          "texture": "#1"
        },
        "down": {
          "uv": [
            10.25,
            15,
            10.75,
            14.5
          ],
          "rotation": 90,
          "texture": "#1"
        }
      }
    },
    {
      "from": [
        4.69289,
        6.75,
        -3.65
      ],
      "to": [
        5.29289,
        7.35,
        -2.25
      ],
      "rotation": {
        "angle": -45,
        "axis": "z",
        "origin": [
          5.49289,
          7.55,
          -3.85
        ]
      },
      "faces": {
        "east": {
          "uv": [
            10.5,
            15.75,
            10.25,
            15
          ],
          "rotation": 90,
          "texture": "#1"
        },
        "west": {
          "uv": [
            15.5,
            9,
            15.25,
            9.75
          ],
          "rotation": 90,
          "texture": "#1"
        },
        "up": {
          "uv": [
            9.25,
            15.25,
            10,
            15
          ],
          "rotation": 90,
          "texture": "#1"
        },
        "down": {
          "uv": [
            15.25,
            8.75,
            16,
            8.5
          ],
          "rotation": 90,
          "texture": "#1"
        }
      }
    },
    {
      "from": [
        3.49563,
        7.175,
        -1.90027
      ],
      "to": [
        4.74563,
        7.925,
        -0.65027
      ],
      "rotation": {
        "angle": -22.5,
        "axis": "y",
        "origin": [
          4.74563,
          7.675,
          -1.90027
        ]
      },
      "faces": {
        "north": {
          "uv": [
            15.25,
            4.125,
            15.625,
            3.5
          ],
          "rotation": 270,
          "texture": "#1"
        },
        "west": {
          "uv": [
            15.625,
            4.5,
            15.25,
            5.125
          ],
          "rotation": 90,
          "texture": "#1"
        },
        "up": {
          "uv": [
            11.75,
            14.125,
            12.375,
            13.5
          ],
          "rotation": 90,
          "texture": "#1"
        },
        "down": {
          "uv": [
            13.75,
            11.625,
            14.375,
            11
          ],
          "rotation": 90,
          "texture": "#1"
        }
      }
    },
    {
      "from": [
        4.99563,
        6.925,
        -3.15027
      ],
      "to": [
        6.24563,
        8.175,
        -0.65027
      ],
      "rotation": {
        "angle": -22.5,
        "axis": "y",
        "origin": [
          6.24563,
          7.675,
          -1.90027
        ]
      },
      "faces": {
        "east": {
          "uv": [
            13.375,
            4.25,
            12.75,
            3
          ],
          "rotation": 90,
          "texture": "#1"
        },
        "west": {
          "uv": [
            13.375,
            1.5,
            12.75,
            2.75
          ],
          "rotation": 90,
          "texture": "#1"
        },
        "up": {
          "uv": [
            12.75,
            1.125,
            14,
            0.5
          ],
          "rotation": 90,
          "texture": "#1"
        },
        "down": {
          "uv": [
            12.25,
            12.125,
            13.5,
            11.5
          ],
          "rotation": 90,
          "texture": "#1"
        }
      }
    },
    {
      "from": [
        4.95235,
        6.9245,
        -3.15707
      ],
      "to": [
        6.95235,
        8.1755,
        -1.90707
      ],
      "rotation": {
        "angle": 22.5,
        "axis": "y",
        "origin": [
          3.95235,
          7.6755,
          -1.90707
        ]
      },
      "faces": {
        "north": {
          "uv": [
            5.75,
            14,
            6.375,
            13
          ],
          "rotation": 270,
          "texture": "#1"
        },
        "east": {
          "uv": [
            14.375,
            14.125,
            13.75,
            13.5
          ],
          "rotation": 90,
          "texture": "#1"
        },
        "south": {
          "uv": [
            6.75,
            14,
            7.375,
            13
          ],
          "rotation": 90,
          "texture": "#1"
        },
        "west": {
          "uv": [
            13.375,
            13.5,
            12.75,
            14.125
          ],
          "rotation": 90,
          "texture": "#1"
        },
        "up": {
          "uv": [
            13.25,
            8,
            13.875,
            7
          ],
          "rotation": 90,
          "texture": "#1"
        },
        "down": {
          "uv": [
            13.25,
            7,
            13.875,
            6
          ],
          "rotation": 90,
          "texture": "#1"
        }
      }
    },
    {
      "from": [
        3.78595,
        7.06231,
        -3.34068
      ],
      "to": [
        4.90095,
        8.0377,
        -2.36568
      ],
      "rotation": {
        "angle": 0,
        "axis": "y",
        "origin": [
          3.97595,
          7.6477,
          -1.96568
        ]
      },
      "faces": {
        "north": {
          "uv": [
            14.75,
            11.5,
            15.25,
            11
          ],
          "rotation": 270,
          "texture": "#1"
        },
        "south": {
          "uv": [
            14.75,
            12,
            15.25,
            11.5
          ],
          "rotation": 90,
          "texture": "#1"
        },
        "west": {
          "uv": [
            15.25,
            12,
            14.75,
            12.5
          ],
          "rotation": 90,
          "texture": "#1"
        },
        "up": {
          "uv": [
            12.25,
            15,
            12.75,
            14.5
          ],
          "rotation": 90,
          "texture": "#1"
        },
        "down": {
          "uv": [
            11.75,
            15,
            12.25,
            14.5
          ],
          "rotation": 90,
          "texture": "#1"
        }
      }
    },
    {
      "from": [
        2.8461,
        7.1696,
        -3.50843
      ],
      "to": [
        3.9108,
        7.9304,
        -2.74793
      ],
      "rotation": {
        "angle": -22.5,
        "axis": "y",
        "origin": [
          3.10345,
          7.55,
          -2.85318
        ]
      },
      "faces": {
        "north": {
          "uv": [
            15.25,
            10.5,
            15.625,
            10
          ],
          "rotation": 270,
          "texture": "#1"
        },
        "south": {
          "uv": [
            15.25,
            11,
            15.625,
            10.5
          ],
          "rotation": 90,
          "texture": "#1"
        },
        "west": {
          "uv": [
            15.125,
            15,
            14.75,
            15.375
          ],
          "rotation": 90,
          "texture": "#1"
        },
        "up": {
          "uv": [
            11.25,
            15.5,
            11.625,
            15
          ],
          "rotation": 90,
          "texture": "#1"
        },
        "down": {
          "uv": [
            10.75,
            15.5,
            11.125,
            15
          ],
          "rotation": 90,
          "texture": "#1"
        }
      }
    },
    {
      "from": [
        2.3359,
        7.27991,
        -3.82967
      ],
      "to": [
        3.09184,
        7.82009,
        -3.28971
      ],
      "rotation": {
        "angle": -45,
        "axis": "y",
        "origin": [
          2.53887,
          7.55,
          -3.38469
        ]
      },
      "faces": {
        "north": {
          "uv": [
            15.25,
            15.375,
            15.5,
            15
          ],
          "rotation": 270,
          "texture": "#1"
        },
        "south": {
          "uv": [
            15.75,
            0.875,
            16,
            0.5
          ],
          "rotation": 90,
          "texture": "#1"
        },
        "west": {
          "uv": [
            2.5,
            15.5,
            2.25,
            15.75
          ],
          "rotation": 90,
          "texture": "#1"
        },
        "up": {
          "uv": [
            1.25,
            15.875,
            1.5,
            15.5
          ],
          "rotation": 90,
          "texture": "#1"
        },
        "down": {
          "uv": [
            0.75,
            15.875,
            1,
            15.5
          ],
          "rotation": 90,
          "texture": "#1"
        }
      }
    },
    {
      "from": [
        1.1,
        6.95,
        -1.4
      ],
      "to": [
        3.8,
        8.15,
        -0.2
      ],
      "rotation": {
        "angle": 22.5,
        "axis": "y",
        "origin": [
          2.95,
          8.3,
          -1.75
        ]
      },
      "faces": {
        "north": {
          "uv": [
            12.25,
            8.375,
            12.875,
            7
          ],
          "rotation": 270,
          "texture": "#1"
        },
        "east": {
          "uv": [
            14.875,
            1.125,
            14.25,
            0.5
          ],
          "rotation": 90,
          "texture": "#1"
        },
        "south": {
          "uv": [
            12.25,
            11.375,
            12.875,
            10
          ],
          "rotation": 90,
          "texture": "#1"
        },
        "west": {
          "uv": [
            1.375,
            14,
            0.75,
            14.625
          ],
          "rotation": 90,
          "texture": "#1"
        },
        "up": {
          "uv": [
            11.25,
            13.375,
            11.875,
            12
          ],
          "rotation": 90,
          "texture": "#1"
        },
        "down": {
          "uv": [
            12.25,
            9.875,
            12.875,
            8.5
          ],
          "rotation": 90,
          "texture": "#1"
        }
      }
    },
    {
      "from": [
        0.19191,
        7.1,
        0.25074
      ],
      "to": [
        1.89191,
        8,
        1.15074
      ],
      "rotation": {
        "angle": 45,
        "axis": "y",
        "origin": [
          0.54191,
          7.55,
          0.27574
        ]
      },
      "faces": {
        "north": {
          "uv": [
            13.75,
            9.875,
            14.25,
            9
          ],
          "rotation": 270,
          "texture": "#1"
        },
        "south": {
          "uv": [
            13.75,
            10.875,
            14.25,
            10
          ],
          "rotation": 90,
          "texture": "#1"
        },
        "west": {
          "uv": [
            13.25,
            14.5,
            12.75,
            15
          ],
          "rotation": 90,
          "texture": "#1"
        },
        "up": {
          "uv": [
            11.25,
            14.375,
            11.75,
            13.5
          ],
          "rotation": 90,
          "texture": "#1"
        },
        "down": {
          "uv": [
            10.25,
            14.375,
            10.75,
            13.5
          ],
          "rotation": 90,
          "texture": "#1"
        }
      }
    },
    {
      "from": [
        -0.29678,
        7.2,
        0.29047
      ],
      "to": [
        0.40322,
        7.9,
        1.49047
      ],
      "rotation": {
        "angle": -22.5,
        "axis": "y",
        "origin": [
          -0.57178,
          7.55,
          1.99047
        ]
      },
      "faces": {
        "east": {
          "uv": [
            7.125,
            15.625,
            6.75,
            15
          ],
          "rotation": 90,
          "texture": "#1"
        },
        "south": {
          "uv": [
            15.25,
            14.875,
            15.625,
            14.5
          ],
          "rotation": 90,
          "texture": "#1"
        },
        "west": {
          "uv": [
            6.625,
            15,
            6.25,
            15.625
          ],
          "rotation": 90,
          "texture": "#1"
        },
        "up": {
          "uv": [
            15.25,
            5.875,
            15.875,
            5.5
          ],
          "rotation": 90,
          "texture": "#1"
        },
        "down": {
          "uv": [
            5.25,
            15.375,
            5.875,
            15
          ],
          "rotation": 90,
          "texture": "#1"
        }
      }
    },
    {
      "from": [
        -0.54039,
        7.05,
        1.27851
      ],
      "to": [
        0.45961,
        8.05,
        2.27851
      ],
      "rotation": {
        "angle": 22.5,
        "axis": "y",
        "origin": [
          0.45961,
          8.05,
          1.27851
        ]
      },
      "faces": {
        "north": {
          "uv": [
            14.75,
            13,
            15.25,
            12.5
          ],
          "rotation": 270,
          "texture": "#1"
        },
        "east": {
          "uv": [
            14.75,
            15,
            14.25,
            14.5
          ],
          "rotation": 90,
          "texture": "#1"
        },
        "south": {
          "uv": [
            14.75,
            13.5,
            15.25,
            13
          ],
          "rotation": 90,
          "texture": "#1"
        },
        "west": {
          "uv": [
            15.25,
            13.5,
            14.75,
            14
          ],
          "rotation": 90,
          "texture": "#1"
        },
        "up": {
          "uv": [
            13.75,
            15,
            14.25,
            14.5
          ],
          "rotation": 90,
          "texture": "#1"
        },
        "down": {
          "uv": [
            13.25,
            15,
            13.75,
            14.5
          ],
          "rotation": 90,
          "texture": "#1"
        }
      }
    },
    {
      "from": [
        0.56644,
        7.535,
        -2.24163
      ],
      "to": [
        3.56644,
        7.565,
        4.75837
      ],
      "rotation": {
        "angle": -22.5,
        "axis": "y",
        "origin": [
          2.81644,
          7.565,
          -3.64163
        ]
      },
      "faces": {
        "up": {
          "uv": [
            8,
            1.5,
            11.5,
            0
          ],
          "rotation": 90,
          "texture": "#1"
        },
        "down": {
          "uv": [
            11.5,
            1.5,
            8,
            0
          ],
          "rotation": 90,
          "texture": "#1"
        }
      }
    },
    {
      "from": [
        -0.29039,
        6.8,
        1.52851
      ],
      "to": [
        0.20961,
        8.3,
        2.02851
      ],
      "rotation": {
        "angle": 22.5,
        "axis": "y",
        "origin": [
          0.45961,
          8.05,
          1.27851
        ]
      },
      "faces": {
        "north": {
          "uv": [
            15.25,
            11.25,
            16,
            11
          ],
          "rotation": 270,
          "texture": "#1"
        },
        "east": {
          "uv": [
            16,
            12.25,
            15.25,
            12
          ],
          "rotation": 90,
          "texture": "#1"
        },
        "south": {
          "uv": [
            11.75,
            15.25,
            12.5,
            15
          ],
          "rotation": 90,
          "texture": "#1"
        },
        "west": {
          "uv": [
            16,
            11.5,
            15.25,
            11.75
          ],
          "rotation": 90,
          "texture": "#1"
        },
        "up": {
          "uv": [
            2.75,
            15.75,
            3,
            15.5
          ],
          "rotation": 90,
          "texture": "#1"
        },
        "down": {
          "uv": [
            15.75,
            2.25,
            16,
            2
          ],
          "rotation": 90,
          "texture": "#1"
        }
      }
    },
    {
      "from": [
        4.41079,
        7.535,
        -6.15
      ],
      "to": [
        5.16079,
        7.565,
        -4.65
      ],
      "rotation": {
        "angle": 45,
        "axis": "z",
        "origin": [
          4.78579,
          7.55,
          -5.4
        ]
      },
      "faces": {
        "up": {
          "uv": [
            8.75,
            14.875,
            9.5,
            14.5
          ],
          "rotation": 90,
          "texture": "#1"
        },
        "down": {
          "uv": [
            9.5,
            14.875,
            8.75,
            14.5
          ],
          "rotation": 90,
          "texture": "#1"
        }
      }
    },
    {
      "from": [
        4.41079,
        7.535,
        -6.15
      ],
      "to": [
        5.16079,
        7.565,
        -4.65
      ],
      "rotation": {
        "angle": -45,
        "axis": "z",
        "origin": [
          4.78579,
          7.55,
          -5.4
        ]
      },
      "faces": {
        "up": {
          "uv": [
            8.75,
            14.875,
            9.5,
            14.5
          ],
          "rotation": 90,
          "texture": "#1"
        },
        "down": {
          "uv": [
            9.5,
            14.875,
            8.75,
            14.5
          ],
          "rotation": 90,
          "texture": "#1"
        }
      }
    },
    {
      "from": [
        6.25,
        6.8,
        -1
      ],
      "to": [
        6.75,
        8.3,
        0.5
      ],
      "rotation": {
        "angle": 45,
        "axis": "x",
        "origin": [
          7,
          7.55,
          -0.25
        ]
      },
      "faces": {
        "north": {
          "uv": [
            15.25,
            6.25,
            16,
            6
          ],
          "rotation": 270,
          "texture": "#1"
        },
        "east": {
          "uv": [
            2.5,
            14.25,
            1.75,
            13.5
          ],
          "rotation": 90,
          "texture": "#1"
        },
        "south": {
          "uv": [
            15.25,
            7.75,
            16,
            7.5
          ],
          "rotation": 90,
          "texture": "#1"
        },
        "west": {
          "uv": [
            14,
            12.5,
            13.25,
            13.25
          ],
          "rotation": 90,
          "texture": "#1"
        },
        "up": {
          "uv": [
            8.25,
            15.25,
            9,
            15
          ],
          "rotation": 90,
          "texture": "#1"
        },
        "down": {
          "uv": [
            7.25,
            15.25,
            8,
            15
          ],
          "rotation": 90,
          "texture": "#1"
        }
      }
    },
    {
      "from": [
        0.5,
        7.47,
        1.75
      ],
      "to": [
        15.5,
        7.5,
        6.5
      ],
      "rotation": {
        "angle": 0,
        "axis": "y",
        "origin": [
          8.5,
          10.5,
          4.75
        ]
      },
      "faces": {
        "up": {
          "uv": [
            7.5,
            2.375,
            0,
            0
          ],
          "texture": "#1"
        },
        "down": {
          "uv": [
            7.5,
            0,
            0,
            2.375
          ],
          "texture": "#1"
        }
      }
    },
    {
      "from": [
        7.5,
        6,
        -0.75
      ],
      "to": [
        10,
        8.5,
        0.25
      ],
      "rotation": {
        "angle": 45,
        "axis": "z",
        "origin": [
          8,
          6.5,
          -1.5
        ]
      },
      "faces": {
        "north": {
          "uv": [
            9.25,
            3.5,
            10.5,
            4.75
          ],
          "texture": "#1"
        },
        "east": {
          "uv": [
            7.75,
            13,
            8.25,
            14.25
          ],
          "texture": "#1"
        },
        "south": {
          "uv": [
            5.25,
            9,
            6.5,
            10.25
          ],
          "texture": "#1"
        },
        "west": {
          "uv": [
            13.25,
            8,
            13.75,
            9.25
          ],
          "texture": "#1"
        },
        "up": {
          "uv": [
            14,
            5,
            12.75,
            4.5
          ],
          "texture": "#1"
        },
        "down": {
          "uv": [
            10.5,
            13,
            9.25,
            13.5
          ],
          "texture": "#1"
        }
      }
    },
    {
      "from": [
        7.5,
        6.25,
        0.25
      ],
      "to": [
        8.75,
        7.5,
        6.5
      ],
      "rotation": {
        "angle": 45,
        "axis": "z",
        "origin": [
          8,
          6.75,
          -0.5
        ]
      },
      "faces": {
        "north": {
          "uv": [
            2.75,
            14,
            3.375,
            14.625
          ],
          "texture": "#1"
        },
        "east": {
          "uv": [
            3.75,
            8,
            6.875,
            8.625
          ],
          "texture": "#1"
        },
        "south": {
          "uv": [
            14.25,
            4.5,
            14.875,
            5.125
          ],
          "texture": "#1"
        },
        "west": {
          "uv": [
            8.25,
            5,
            11.375,
            5.625
          ],
          "texture": "#1"
        },
        "up": {
          "uv": [
            8.875,
            9.125,
            8.25,
            6
          ],
          "texture": "#1"
        },
        "down": {
          "uv": [
            7.875,
            8,
            7.25,
            11.125
          ],
          "texture": "#1"
        }
      }
    },
    {
      "from": [
        7.5,
        5.75,
        -0.5
      ],
      "to": [
        8.75,
        7,
        4
      ],
      "rotation": {
        "angle": 45,
        "axis": "z",
        "origin": [
          8,
          6.25,
          0.5
        ]
      },
      "faces": {
        "north": {
          "uv": [
            5.75,
            14,
            6.375,
            14.625
          ],
          "texture": "#1"
        },
        "east": {
          "uv": [
            4.75,
            10.5,
            7,
            11.125
          ],
          "texture": "#1"
        },
        "south": {
          "uv": [
            14.25,
            5.5,
            14.875,
            6.125
          ],
          "texture": "#1"
        },
        "west": {
          "uv": [
            10.75,
            6,
            13,
            6.625
          ],
          "texture": "#1"
        },
        "up": {
          "uv": [
            9.875,
            12.75,
            9.25,
            10.5
          ],
          "texture": "#1"
        },
        "down": {
          "uv": [
            10.875,
            10.5,
            10.25,
            12.75
          ],
          "texture": "#1"
        }
      }
    },
    {
      "from": [
        7,
        6,
        6.5
      ],
      "to": [
        9,
        8,
        9.5
      ],
      "rotation": {
        "angle": 0,
        "axis": "y",
        "origin": [
          7,
          6,
          6.5
        ]
      },
      "faces": {
        "north": {
          "uv": [
            11.75,
            3,
            12.75,
            4
          ],
          "texture": "#1"
        },
        "east": {
          "uv": [
            9.25,
            6,
            10.75,
            7
          ],
          "texture": "#1"
        },
        "south": {
          "uv": [
            11.75,
            4,
            12.75,
            5
          ],
          "texture": "#1"
        },
        "west": {
          "uv": [
            9.25,
            7,
            10.75,
            8
          ],
          "texture": "#1"
        },
        "up": {
          "uv": [
            10.25,
            9.5,
            9.25,
            8
          ],
          "texture": "#1"
        },
        "down": {
          "uv": [
            9.25,
            9.5,
            8.25,
            11
          ],
          "texture": "#1"
        }
      }
    },
    {
      "from": [
        7.5,
        4.21967,
        7.40165
      ],
      "to": [
        8.5,
        6.21967,
        9.90165
      ],
      "rotation": {
        "angle": 22.5,
        "axis": "x",
        "origin": [
          8,
          5.21967,
          10.15165
        ]
      },
      "faces": {
        "north": {
          "uv": [
            2.75,
            12,
            3.25,
            13
          ],
          "texture": "#1"
        },
        "east": {
          "uv": [
            10.75,
            7,
            12,
            8
          ],
          "texture": "#1"
        },
        "south": {
          "uv": [
            4.75,
            13.5,
            5.25,
            14.5
          ],
          "texture": "#1"
        },
        "west": {
          "uv": [
            1.75,
            11,
            3,
            12
          ],
          "texture": "#1"
        },
        "up": {
          "uv": [
            13.75,
            10.75,
            13.25,
            9.5
          ],
          "texture": "#1"
        },
        "down": {
          "uv": [
            11.25,
            13,
            10.75,
            14.25
          ],
          "texture": "#1"
        }
      }
    },
    {
      "from": [
        7.5,
        4.21967,
        9.90165
      ],
      "to": [
        8.5,
        7.21967,
        11.40165
      ],
      "rotation": {
        "angle": 22.5,
        "axis": "x",
        "origin": [
          8,
          5.21967,
          10.15165
        ]
      },
      "faces": {
        "north": {
          "uv": [
            6.75,
            9,
            7.25,
            10.5
          ],
          "texture": "#1"
        },
        "east": {
          "uv": [
            8.25,
            11,
            9,
            12.5
          ],
          "texture": "#1"
        },
        "south": {
          "uv": [
            5.25,
            13,
            5.75,
            14.5
          ],
          "texture": "#1"
        },
        "west": {
          "uv": [
            11.25,
            9,
            12,
            10.5
          ],
          "texture": "#1"
        },
        "up": {
          "uv": [
            7.25,
            14.75,
            6.75,
            14
          ],
          "texture": "#1"
        },
        "down": {
          "uv": [
            14.75,
            6.5,
            14.25,
            7.25
          ],
          "texture": "#1"
        }
      }
    },
    {
      "from": [
        7.5035,
        5.6631,
        10.68605
      ],
      "to": [
        8.4965,
        7.1631,
        14.68605
      ],
      "rotation": {
        "angle": 0,
        "axis": "y",
        "origin": [
          8.0035,
          8.9131,
          11.68605
        ]
      },
      "faces": {
        "north": {
          "uv": [
            7.25,
            14,
            7.75,
            14.75
          ],
          "texture": "#1"
        },
        "east": {
          "uv": [
            9.25,
            9.5,
            11.25,
            10.25
          ],
          "texture": "#1"
        },
        "south": {
          "uv": [
            14.25,
            9,
            14.75,
            9.75
          ],
          "texture": "#1"
        },
        "west": {
          "uv": [
            1.75,
            10,
            3.75,
            10.75
          ],
          "texture": "#1"
        },
        "up": {
          "uv": [
            3.75,
            13,
            3.25,
            11
          ],
          "texture": "#1"
        },
        "down": {
          "uv": [
            5.25,
            11.5,
            4.75,
            13.5
          ],
          "texture": "#1"
        }
      }
    },
    {
      "from": [
        7.7535,
        4.9131,
        10.68605
      ],
      "to": [
        8.2465,
        5.6631,
        15.18605
      ],
      "rotation": {
        "angle": 0,
        "axis": "y",
        "origin": [
          8.0035,
          8.9131,
          11.68605
        ]
      },
      "faces": {
        "north": {
          "uv": [
            15.75,
            1,
            16,
            1.375
          ],
          "texture": "#1"
        },
        "east": {
          "uv": [
            11.75,
            5,
            14,
            5.375
          ],
          "texture": "#1"
        },
        "south": {
          "uv": [
            15.75,
            1.5,
            16,
            1.875
          ],
          "texture": "#1"
        },
        "west": {
          "uv": [
            11.75,
            5.5,
            14,
            5.875
          ],
          "texture": "#1"
        },
        "up": {
          "uv": [
            4,
            15.75,
            3.75,
            13.5
          ],
          "texture": "#1"
        },
        "down": {
          "uv": [
            4.5,
            13.5,
            4.25,
            15.75
          ],
          "texture": "#1"
        }
      }
    },
    {
      "from": [
        7.25,
        4.9131,
        14.68605
      ],
      "to": [
        8.75,
        7.9131,
        15.18605
      ],
      "rotation": {
        "angle": -22.5,
        "axis": "x",
        "origin": [
          8,
          5.9131,
          15.93605
        ]
      },
      "faces": {
        "north": {
          "uv": [
            11.25,
            10.5,
            12,
            12
          ],
          "texture": "#1"
        },
        "east": {
          "uv": [
            14.25,
            12,
            14.5,
            13.5
          ],
          "texture": "#1"
        },
        "south": {
          "uv": [
            11.75,
            0.5,
            12.5,
            2
          ],
          "texture": "#1"
        },
        "west": {
          "uv": [
            1.75,
            14.5,
            2,
            16
          ],
          "texture": "#1"
        },
        "up": {
          "uv": [
            13.5,
            15.25,
            12.75,
            15
          ],
          "texture": "#1"
        },
        "down": {
          "uv": [
            16,
            12.5,
            15.25,
            12.75
          ],
          "texture": "#1"
        }
      }
    },
    {
      "from": [
        7.375,
        5,
        6.75
      ],
      "to": [
        8.625,
        6,
        7.75
      ],
      "rotation": {
        "angle": 0,
        "axis": "y",
        "origin": [
          7.375,
          4.5,
          6.5
        ]
      },
      "faces": {
        "north": {
          "uv": [
            14.75,
            6.5,
            15.375,
            7
          ],
          "texture": "#1"
        },
        "east": {
          "uv": [
            14.75,
            14,
            15.25,
            14.5
          ],
          "texture": "#1"
        },
        "south": {
          "uv": [
            14.75,
            7,
            15.375,
            7.5
          ],
          "texture": "#1"
        },
        "west": {
          "uv": [
            14.75,
            14.5,
            15.25,
            15
          ],
          "texture": "#1"
        },
        "up": {
          "uv": [
            8.375,
            15,
            7.75,
            14.5
          ],
          "texture": "#1"
        },
        "down": {
          "uv": [
            15.375,
            8,
            14.75,
            8.5
          ],
          "texture": "#1"
        }
      }
    },
    {
      "from": [
        6,
        7.1,
        -0.25
      ],
      "to": [
        10,
        11.1,
        -0.22
      ],
      "rotation": {
        "angle": 0,
        "axis": "y",
        "origin": [
          0,
          3.1,
          0
        ]
      },
      "faces": {
        "north": {
          "uv": [
            1.5,
            7.75,
            3.5,
            9.75
          ],
          "texture": "#1"
        },
        "south": {
          "uv": [
            3.5,
            7.75,
            1.5,
            9.75
          ],
          "texture": "#1"
        }
      }
    },
    {
      "from": [
        7.5,
        7.25,
        5.75
      ],
      "to": [
        8.5,
        8.75,
        6.75
      ],
      "rotation": {
        "angle": 22.5,
        "axis": "x",
        "origin": [
          7.5,
          7.25,
          5.75
        ]
      },
      "faces": {
        "north": {
          "uv": [
            14.25,
            10,
            14.75,
            10.75
          ],
          "texture": "#1"
        },
        "east": {
          "uv": [
            14.75,
            1.5,
            15.25,
            2.25
          ],
          "texture": "#1"
        },
        "south": {
          "uv": [
            2.25,
            14.5,
            2.75,
            15.25
          ],
          "texture": "#1"
        },
        "west": {
          "uv": [
            14.75,
            2.5,
            15.25,
            3.25
          ],
          "texture": "#1"
        },
        "up": {
          "uv": [
            1.25,
            15.5,
            0.75,
            15
          ],
          "texture": "#1"
        },
        "down": {
          "uv": [
            15.75,
            0.5,
            15.25,
            1
          ],
          "texture": "#1"
        }
      }
    },
    {
      "from": [
        7.5,
        8,
        7.75
      ],
      "to": [
        8.5,
        9,
        9.25
      ],
      "rotation": {
        "angle": 0,
        "axis": "y",
        "origin": [
          7.5,
          8,
          8.25
        ]
      },
      "faces": {
        "north": {
          "uv": [
            1.25,
            15,
            1.75,
            15.5
          ],
          "texture": "#1"
        },
        "east": {
          "uv": [
            10.25,
            9,
            11,
            9.5
          ],
          "texture": "#1"
        },
        "south": {
          "uv": [
            15.25,
            1,
            15.75,
            1.5
          ],
          "texture": "#1"
        },
        "west": {
          "uv": [
            14.25,
            7.5,
            15,
            8
          ],
          "texture": "#1"
        },
        "up": {
          "uv": [
            15.25,
            4.25,
            14.75,
            3.5
          ],
          "texture": "#1"
        },
        "down": {
          "uv": [
            5.25,
            14.5,
            4.75,
            15.25
          ],
          "texture": "#1"
        }
      }
    },
    {
      "from": [
        7.25,
        8.75,
        6.5
      ],
      "to": [
        8.75,
        10.25,
        10.5
      ],
      "rotation": {
        "angle": 45,
        "axis": "z",
        "origin": [
          8,
          9.5,
          8.25
        ]
      },
      "faces": {
        "north": {
          "uv": [
            13.75,
            3.5,
            14.5,
            4.25
          ],
          "texture": "#1"
        },
        "east": {
          "uv": [
            10.25,
            8,
            12.25,
            8.75
          ],
          "texture": "#1"
        },
        "south": {
          "uv": [
            8.25,
            13.5,
            9,
            14.25
          ],
          "texture": "#1"
        },
        "west": {
          "uv": [
            10.75,
            2,
            12.75,
            2.75
          ],
          "texture": "#1"
        },
        "up": {
          "uv": [
            11.5,
            5,
            10.75,
            3
          ],
          "texture": "#1"
        },
        "down": {
          "uv": [
            12.75,
            2,
            10.75,
            2.75
          ],
          "rotation": 90,
          "texture": "#1"
        }
      }
    },
    {
      "from": [
        7.29289,
        9.75,
        9
      ],
      "to": [
        8.29289,
        10.75,
        10
      ],
      "rotation": {
        "angle": 45,
        "axis": "y",
        "origin": [
          7.29289,
          9.75,
          9
        ]
      },
      "faces": {
        "north": {
          "uv": [
            15.25,
            1.5,
            15.75,
            2
          ],
          "texture": "#1"
        },
        "east": {
          "uv": [
            15.25,
            2,
            15.75,
            2.5
          ],
          "texture": "#1"
        },
        "south": {
          "uv": [
            2.75,
            15,
            3.25,
            15.5
          ],
          "texture": "#1"
        },
        "west": {
          "uv": [
            15.25,
            2.5,
            15.75,
            3
          ],
          "texture": "#1"
        },
        "up": {
          "uv": [
            3.75,
            15.5,
            3.25,
            15
          ],
          "texture": "#1"
        },
        "down": {
          "uv": [
            15.75,
            3,
            15.25,
            3.5
          ],
          "texture": "#1"
        }
      }
    },
    {
      "from": [
        7.04289,
        10.75,
        8.75
      ],
      "to": [
        8.54289,
        11.25,
        10.25
      ],
      "rotation": {
        "angle": 45,
        "axis": "y",
        "origin": [
          7.29289,
          10.5,
          9
        ]
      },
      "faces": {
        "north": {
          "uv": [
            15.25,
            13,
            16,
            13.25
          ],
          "texture": "#1"
        },
        "east": {
          "uv": [
            13.75,
            15,
            14.5,
            15.25
          ],
          "texture": "#1"
        },
        "south": {
          "uv": [
            15.25,
            13.5,
            16,
            13.75
          ],
          "texture": "#1"
        },
        "west": {
          "uv": [
            15.25,
            14,
            16,
            14.25
          ],
          "texture": "#1"
        },
        "up": {
          "uv": [
            14.5,
            8.75,
            13.75,
            8
          ],
          "texture": "#1"
        },
        "down": {
          "uv": [
            10,
            13.5,
            9.25,
            14.25
          ],
          "texture": "#1"
        }
      }
    },
    {
      "from": [
        6.875,
        8,
        -5.5
      ],
      "to": [
        9.125,
        8.03,
        6.5
      ],
      "rotation": {
        "angle": 45,
        "axis": "z",
        "origin": [
          8,
          8.015,
          0.5
        ]
      },
      "faces": {
        "up": {
          "uv": [
            1.25,
            13.75,
            0.125,
            7.75
          ],
          "texture": "#1"
        },
        "down": {
          "uv": [
            1.25,
            7.75,
            0.125,
            13.75
          ],
          "texture": "#1"
        }
      }
    },
    {
      "from": [
        7.985,
        6.89,
        -5.5
      ],
      "to": [
        8.015,
        9.14,
        6.5
      ],
      "rotation": {
        "angle": 45,
        "axis": "z",
        "origin": [
          8,
          8.015,
          0.5
        ]
      },
      "faces": {
        "east": {
          "uv": [
            1.25,
            7.75,
            0.125,
            13.75
          ],
          "rotation": 270,
          "texture": "#1"
        },
        "west": {
          "uv": [
            1.25,
            13.75,
            0.125,
            7.75
          ],
          "rotation": 270,
          "texture": "#1"
        }
      }
    },
    {
      "from": [
        -0.25,
        8.325,
        -5.25
      ],
      "to": [
        9.75,
        8.325,
        4.75
      ],
      "rotation": {
        "angle": 22.5,
        "axis": "y",
        "origin": [
          4.75,
          8.325,
          -0.25
        ]
      },
      "faces": {
        "up": {
          "uv": [
            1.33333,
            1.33333,
            14.66667,
            14.66667
          ],
          "rotation": 90,
          "texture": "#2"
        }
      }
    },
    {
      "from": [
        7.985,
        3,
        -9.5
      ],
      "to": [
        8.015,
        13,
        0.5
      ],
      "rotation": {
        "angle": -45,
        "axis": "y",
        "origin": [
          8,
          8,
          -4.5
        ]
      },
      "faces": {
        "east": {
          "uv": [
            14.66667,
            1.33333,
            1.33333,
            14.66667
          ],
          "texture": "#3"
        },
        "west": {
          "uv": [
            1.33333,
            1.33333,
            14.66667,
            14.66667
          ],
          "texture": "#3"
        }
      }
    },
    {
      "from": [
        3,
        3,
        -4.515
      ],
      "to": [
        13,
        13,
        -4.485
      ],
      "rotation": {
        "angle": -45,
        "axis": "y",
        "origin": [
          8,
          8,
          -4.5
        ]
      },
      "faces": {
        "north": {
          "uv": [
            14.66667,
            1.33333,
            1.33333,
            14.66667
          ],
          "texture": "#3"
        },
        "south": {
          "uv": [
            1.33333,
            1.33333,
            14.66667,
            14.66667
          ],
          "texture": "#3"
        }
      }
    },
    {
      "from": [
        6.25,
        8.325,
        -5.25
      ],
      "to": [
        16.25,
        8.325,
        4.75
      ],
      "rotation": {
        "angle": -22.5,
        "axis": "y",
        "origin": [
          11.25,
          8.325,
          -0.25
        ]
      },
      "faces": {
        "up": {
          "uv": [
            1.33333,
            14.66667,
            14.66667,
            1.33333
          ],
          "rotation": 90,
          "texture": "#2"
        }
      }
    }
  ],
  "gui_light": "front",
  "display": {
    "thirdperson_righthand": {
      "translation": [
        0,
        2,
        1.75
      ]
    },
    "thirdperson_lefthand": {
      "translation": [
        0,
        2,
        1.75
      ]
    },
    "firstperson_righthand": {
      "rotation": [
        0,
        -9.5,
        0
      ],
      "translation": [
        1.18,
        2,
        0.75
      ]
    },
    "firstperson_lefthand": {
      "rotation": [
        0,
        -9.5,
        0
      ],
      "translation": [
        1.12,
        2,
        0.75
      ]
    },
    "ground": {
      "rotation": [
        30,
        0,
        0
      ],
      "translation": [
        0,
        5,
        0
      ],
      "scale": [
        0.7,
        0.7,
        0.7
      ]
    },
    "gui": {
      "rotation": [
        90,
        45,
        0
      ],
      "translation": [
        3,
        -3,
        0
      ]
    },
    "head": {
      "rotation": [
        -21,
        180,
        0
      ]
    },
    "fixed": {
      "rotation": [
        -90,
        0,
        0
      ],
      "translation": [
        0,
        0,
        -5.25
      ],
      "scale": [
        2,
        2,
        2
      ]
    }
  },
  "mcmodels": "e5a18b91c6507d23f5d6487c566c162a"
}