{
  "parent": "minecraft:item/handheld",
  "textures": {
    "layer0": "minecraft:item/netherite_pickaxe"
  },
  "overrides": [
    {
      "predicate": {
        "damage": 0
      },
      "model": "item/netherite_pickaxe"
    },
    {
      "predicate": {
        "custom_model_data": 1
      },
      "model": "heartandbloodtheme/heartpickaxe"
    },
    {
      "predicate": {
        "custom_model_data": 2
      },
      "model": "lightiningtheme/lightpickaxe"
    },
    {
      "predicate": {
        "custom_model_data": 3
      },
      "model": "christmas/noparticles/christmas_pickaxe"
    },
    {
      "predicate": {
        "custom_model_data": 4
      },
      "model": "christmas/christmas_pickaxe"
    },
    {
      "predicate": {
        "custom_model_data": 5
      },
      "model": "void/noparticles/void_pickaxe"
    },
    {
      "predicate": {
        "custom_model_data": 6
      },
      "model": "void/void_pickaxe"
    },
    {
      "predicate": {
        "custom_model_data": 7
      },
      "model": "magma/noparticles/magma_pickaxe"
    },
    {
      "predicate": {
        "custom_model_data": 8
      },
      "model": "magma/magma_pickaxe"
    },
    {
      "predicate": {
        "custom_model_data": 9
      },
      "model": "chinese/noparticles/chinese_dragon_pickaxe"
    },
    {
      "predicate": {
        "custom_model_data": 10
      },
      "model": "chinese/chinese_dragon_pickaxe"
    },
    {
      "predicate": {
        "custom_model_data": 11
      },
      "model": "valentine/noparticles/valentine_pickaxe"
    },
    {
      "predicate": {
        "custom_model_data": 12
      },
      "model": "valentine/valentine_pickaxe"
    },
    {
      "predicate": {
        "custom_model_data": 13
      },
      "model": "dragon/dragonborn_pickaxe"
    },
    {
      "predicate": {
        "custom_model_data": 14
      },
      "model": "patrick/pickaxe"
    },
    {
      "predicate": {
        "custom_model_data": 15
      },
      "model": "stpatrick/pickaxe"
    },
    {
      "predicate": {
        "custom_model_data": 16
      },
      "model": "firework/firework_pickaxe"
    },
    {
      "predicate": {
        "custom_model_data": 17
      },
      "model": "easter/pickaxe_easter"
    },
    {
      "predicate": {
        "custom_model_data": 18
      },
      "model": "samurai/pickaxe_samurai"
    },
    {
      "predicate": {
        "custom_model_data": 19
      },
      "model": "pirate/pickaxe_pirate"
    },
    {
      "predicate": {
        "custom_model_data": 20
      },
      "model": "heart/pickaxe_heart_penguin"
    },  {
      "predicate": {
        "custom_model_data": 21
      },
      "model": "purplelightning/pickaxe_purple_lightning"
    },
    {
      "predicate": {
        "custom_model_data": 22
      },
      "model": "vampire/pickaxe_vampire_penguin"
    },
    {
      "predicate": {
        "custom_model_data": 23
      },
      "model": "ancient/ancient_pickaxe_penguin"
    },
    {
      "predicate": {
        "custom_model_data": 24
      },
      "model": "fire/fire_pickaxe"
    },
    {
      "predicate": {
        "custom_model_data": 25
      },
      "model": "lightning/lightning_pickaxe"
    },

    {"predicate": {"custom_model_data":26}, "model": "ghoul_set/ghoul_pickaxe/ghoul_pickaxe_blue"},
    {"predicate": {"custom_model_data":27}, "model": "ghoul_set/ghoul_pickaxe/ghoul_pickaxe_green"},
    {"predicate": {"custom_model_data":28}, "model": "ghoul_set/ghoul_pickaxe/ghoul_pickaxe_purple"},
    {"predicate": {"custom_model_data":29}, "model": "ghoul_set/ghoul_pickaxe/ghoul_pickaxe_red"},
    {"predicate": {"custom_model_data":30}, "model": "ghoul_set/ghoul_pickaxe/ghoul_pickaxe_yellow"}
  ]
}