{
  "format_version": "1.9.0",
  "credit": "Pologony Creation Co.,Ltd.",
  "texture_size": [
    40,
    40
  ],
  "textures": {
    "1": "item/axolotl/axolotl_little",
    "5": "item/axolotl/axolotl_ef2_long",
    "6": "item/axolotl/axolotl_pickaxe",
    "particle": "item/axolotl/axolotl_little"
  },
  "elements": [
    {
      "from": [
        6.75,
        0,
        6.75
      ],
      "to": [
        9.25,
        0.5,
        9.25
      ],
      "rotation": {
        "angle": 0,
        "axis": "y",
        "origin": [
          7,
          0,
          7
        ]
      },
      "faces": {
        "north": {
          "uv": [
            12,
            8.8,
            13,
            9
          ],
          "texture": "#6"
        },
        "east": {
          "uv": [
            12,
            9.6,
            13,
            9.8
          ],
          "texture": "#6"
        },
        "south": {
          "uv": [
            12,
            10.4,
            13,
            10.6
          ],
          "texture": "#6"
        },
        "west": {
          "uv": [
            12,
            11.2,
            13,
            11.4
          ],
          "texture": "#6"
        },
        "up": {
          "uv": [
            5.4,
            1,
            4.4,
            0
          ],
          "texture": "#6"
        },
        "down": {
          "uv": [
            1,
            4.8,
            0,
            5.8
          ],
          "texture": "#6"
        }
      }
    },
    {
      "from": [
        6.75,
        6,
        6.75
      ],
      "to": [
        9.25,
        6.5,
        9.25
      ],
      "rotation": {
        "angle": 0,
        "axis": "y",
        "origin": [
          7,
          6,
          7
        ]
      },
      "faces": {
        "north": {
          "uv": [
            12,
            12,
            13,
            12.2
          ],
          "texture": "#6"
        },
        "east": {
          "uv": [
            12.4,
            2.4,
            13.4,
            2.6
          ],
          "texture": "#6"
        },
        "south": {
          "uv": [
            12.4,
            6.8,
            13.4,
            7
          ],
          "texture": "#6"
        },
        "west": {
          "uv": [
            9.2,
            12.4,
            10.2,
            12.6
          ],
          "texture": "#6"
        },
        "up": {
          "uv": [
            2.6,
            5.8,
            1.6,
            4.8
          ],
          "texture": "#6"
        },
        "down": {
          "uv": [
            5.8,
            1.6,
            4.8,
            2.6
          ],
          "texture": "#6"
        }
      }
    },
    {
      "from": [
        7.5,
        -1.75,
        7
      ],
      "to": [
        8.5,
        0.25,
        9
      ],
      "rotation": {
        "angle": -45,
        "axis": "x",
        "origin": [
          8,
          -0.75,
          8
        ]
      },
      "faces": {
        "north": {
          "uv": [
            4.8,
            10.8,
            5.2,
            11.6
          ],
          "texture": "#6"
        },
        "east": {
          "uv": [
            7.2,
            4.8,
            8,
            5.6
          ],
          "texture": "#6"
        },
        "west": {
          "uv": [
            7.2,
            6,
            8,
            6.8
          ],
          "texture": "#6"
        },
        "down": {
          "uv": [
            6,
            10.8,
            5.6,
            11.6
          ],
          "texture": "#6"
        }
      }
    },
    {
      "from": [
        7.25,
        -0.25,
        6.75
      ],
      "to": [
        8.75,
        0.5,
        8.75
      ],
      "rotation": {
        "angle": -45,
        "axis": "x",
        "origin": [
          8,
          -0.75,
          7.75
        ]
      },
      "faces": {
        "north": {
          "uv": [
            4.4,
            12,
            5,
            12.4
          ],
          "texture": "#6"
        },
        "east": {
          "uv": [
            10.4,
            7.6,
            11.2,
            8
          ],
          "texture": "#6"
        },
        "west": {
          "uv": [
            6.4,
            10.8,
            7.2,
            11.2
          ],
          "texture": "#6"
        },
        "up": {
          "uv": [
            9,
            4.8,
            8.4,
            4
          ],
          "texture": "#6"
        },
        "down": {
          "uv": [
            9,
            5.2,
            8.4,
            6
          ],
          "texture": "#6"
        }
      }
    },
    {
      "from": [
        7.25,
        -0.25,
        7.25
      ],
      "to": [
        8.75,
        0.5,
        9.25
      ],
      "rotation": {
        "angle": 45,
        "axis": "x",
        "origin": [
          8,
          -0.75,
          8.25
        ]
      },
      "faces": {
        "east": {
          "uv": [
            10.8,
            8.4,
            11.6,
            8.8
          ],
          "texture": "#6"
        },
        "south": {
          "uv": [
            12,
            4.4,
            12.6,
            4.8
          ],
          "texture": "#6"
        },
        "west": {
          "uv": [
            10.8,
            9.2,
            11.6,
            9.6
          ],
          "texture": "#6"
        },
        "up": {
          "uv": [
            9,
            7.2,
            8.4,
            6.4
          ],
          "texture": "#6"
        },
        "down": {
          "uv": [
            7.8,
            8.4,
            7.2,
            9.2
          ],
          "texture": "#6"
        }
      }
    },
    {
      "from": [
        7,
        0.5,
        7
      ],
      "to": [
        9,
        2,
        9
      ],
      "rotation": {
        "angle": 0,
        "axis": "y",
        "origin": [
          7,
          1,
          7
        ]
      },
      "faces": {
        "north": {
          "uv": [
            8.4,
            7.6,
            9.2,
            8.2
          ],
          "texture": "#6"
        },
        "east": {
          "uv": [
            8.8,
            1.2,
            9.6,
            1.8
          ],
          "texture": "#6"
        },
        "south": {
          "uv": [
            8.8,
            2.4,
            9.6,
            3
          ],
          "texture": "#6"
        },
        "west": {
          "uv": [
            8.4,
            8.8,
            9.2,
            9.4
          ],
          "texture": "#6"
        },
        "up": {
          "uv": [
            8,
            8,
            7.2,
            7.2
          ],
          "texture": "#6"
        }
      }
    },
    {
      "from": [
        7,
        5,
        7
      ],
      "to": [
        9,
        6,
        9
      ],
      "rotation": {
        "angle": 0,
        "axis": "y",
        "origin": [
          7,
          5,
          7
        ]
      },
      "faces": {
        "north": {
          "uv": [
            9.6,
            10.8,
            10.4,
            11.2
          ],
          "texture": "#6"
        },
        "east": {
          "uv": [
            10.8,
            10,
            11.6,
            10.4
          ],
          "texture": "#6"
        },
        "south": {
          "uv": [
            10.8,
            10.8,
            11.6,
            11.2
          ],
          "texture": "#6"
        },
        "west": {
          "uv": [
            2.4,
            11.2,
            3.2,
            11.6
          ],
          "texture": "#6"
        },
        "down": {
          "uv": [
            8.4,
            1.6,
            7.6,
            2.4
          ],
          "texture": "#6"
        }
      }
    },
    {
      "from": [
        7.25,
        2,
        7.25
      ],
      "to": [
        8.75,
        5,
        8.75
      ],
      "rotation": {
        "angle": 0,
        "axis": "y",
        "origin": [
          7,
          4,
          7
        ]
      },
      "faces": {
        "north": {
          "uv": [
            3.6,
            6.4,
            4.2,
            7.6
          ],
          "texture": "#6"
        },
        "east": {
          "uv": [
            4.8,
            6.4,
            5.4,
            7.6
          ],
          "texture": "#6"
        },
        "south": {
          "uv": [
            6,
            6.4,
            6.6,
            7.6
          ],
          "texture": "#6"
        },
        "west": {
          "uv": [
            7.2,
            0,
            7.8,
            1.2
          ],
          "texture": "#6"
        }
      }
    },
    {
      "from": [
        6.75,
        11,
        6.75
      ],
      "to": [
        9.25,
        12,
        9.25
      ],
      "rotation": {
        "angle": 0,
        "axis": "y",
        "origin": [
          7,
          11,
          7
        ]
      },
      "faces": {
        "north": {
          "uv": [
            10,
            2.8,
            11,
            3.2
          ],
          "texture": "#6"
        },
        "east": {
          "uv": [
            4.8,
            10,
            5.8,
            10.4
          ],
          "texture": "#6"
        },
        "south": {
          "uv": [
            10.4,
            3.6,
            11.4,
            4
          ],
          "texture": "#6"
        },
        "west": {
          "uv": [
            10.4,
            4.4,
            11.4,
            4.8
          ],
          "texture": "#6"
        },
        "up": {
          "uv": [
            4.2,
            5.8,
            3.2,
            4.8
          ],
          "texture": "#6"
        },
        "down": {
          "uv": [
            5.8,
            3.2,
            4.8,
            4.2
          ],
          "texture": "#6"
        }
      }
    },
    {
      "from": [
        7,
        6.5,
        7
      ],
      "to": [
        9,
        11,
        9
      ],
      "rotation": {
        "angle": 0,
        "axis": "y",
        "origin": [
          7,
          11,
          7
        ]
      },
      "faces": {
        "north": {
          "uv": [
            0,
            2.4,
            0.8,
            4.2
          ],
          "texture": "#6"
        },
        "east": {
          "uv": [
            1.2,
            2.4,
            2,
            4.2
          ],
          "texture": "#6"
        },
        "south": {
          "uv": [
            2.4,
            2.4,
            3.2,
            4.2
          ],
          "texture": "#6"
        },
        "west": {
          "uv": [
            3.6,
            2.4,
            4.4,
            4.2
          ],
          "texture": "#6"
        }
      }
    },
    {
      "from": [
        7.0035,
        11.5,
        6.49632
      ],
      "to": [
        8.9965,
        12.575,
        9.49632
      ],
      "rotation": {
        "angle": 0,
        "axis": "y",
        "origin": [
          7.5035,
          11.5,
          6.49632
        ]
      },
      "faces": {
        "east": {
          "uv": [
            0,
            9.2,
            1.2,
            9.6
          ],
          "texture": "#6"
        },
        "west": {
          "uv": [
            1.6,
            9.2,
            2.8,
            9.6
          ],
          "texture": "#6"
        },
        "up": {
          "uv": [
            5.6,
            6,
            4.8,
            4.8
          ],
          "texture": "#6"
        },
        "down": {
          "uv": [
            6.8,
            0,
            6,
            1.2
          ],
          "texture": "#6"
        }
      }
    },
    {
      "from": [
        7,
        11.41421,
        5.28921
      ],
      "to": [
        9,
        13.41421,
        6.28921
      ],
      "rotation": {
        "angle": -45,
        "axis": "x",
        "origin": [
          8,
          12.91421,
          5.78921
        ]
      },
      "faces": {
        "north": {
          "uv": [
            7.6,
            2.8,
            8.4,
            3.6
          ],
          "texture": "#6"
        },
        "east": {
          "uv": [
            7.6,
            10.8,
            8,
            11.6
          ],
          "texture": "#6"
        },
        "south": {
          "uv": [
            0,
            8,
            0.8,
            8.8
          ],
          "texture": "#6"
        },
        "west": {
          "uv": [
            3.6,
            11.2,
            4,
            12
          ],
          "texture": "#6"
        },
        "up": {
          "uv": [
            9.2,
            11.6,
            8.4,
            11.2
          ],
          "texture": "#6"
        },
        "down": {
          "uv": [
            0.8,
            11.6,
            0,
            12
          ],
          "texture": "#6"
        }
      }
    },
    {
      "from": [
        7,
        15.41421,
        5.28921
      ],
      "to": [
        9,
        17.41421,
        6.28921
      ],
      "rotation": {
        "angle": 45,
        "axis": "x",
        "origin": [
          8,
          15.91421,
          5.78921
        ]
      },
      "faces": {
        "north": {
          "uv": [
            1.2,
            8,
            2,
            8.8
          ],
          "texture": "#6"
        },
        "east": {
          "uv": [
            1.2,
            11.6,
            1.6,
            12.4
          ],
          "texture": "#6"
        },
        "south": {
          "uv": [
            2.4,
            8,
            3.2,
            8.8
          ],
          "texture": "#6"
        },
        "west": {
          "uv": [
            11.6,
            2.4,
            12,
            3.2
          ],
          "texture": "#6"
        },
        "up": {
          "uv": [
            12.4,
            5.6,
            11.6,
            5.2
          ],
          "texture": "#6"
        },
        "down": {
          "uv": [
            12.4,
            6,
            11.6,
            6.4
          ],
          "texture": "#6"
        }
      }
    },
    {
      "from": [
        7.0035,
        16.25343,
        6.49632
      ],
      "to": [
        8.9965,
        17.32843,
        9.49632
      ],
      "rotation": {
        "angle": 0,
        "axis": "y",
        "origin": [
          7.5035,
          17.32843,
          6.49632
        ]
      },
      "faces": {
        "east": {
          "uv": [
            3.2,
            9.2,
            4.4,
            9.6
          ],
          "texture": "#6"
        },
        "west": {
          "uv": [
            4.8,
            9.2,
            6,
            9.6
          ],
          "texture": "#6"
        },
        "up": {
          "uv": [
            6.8,
            6,
            6,
            4.8
          ],
          "texture": "#6"
        },
        "down": {
          "uv": [
            0.8,
            6.4,
            0,
            7.6
          ],
          "texture": "#6"
        }
      }
    },
    {
      "from": [
        7.0035,
        12.91421,
        5.08211
      ],
      "to": [
        8.9965,
        15.91421,
        6.15711
      ],
      "rotation": {
        "angle": 0,
        "axis": "y",
        "origin": [
          8.0035,
          14.41421,
          5.58211
        ]
      },
      "faces": {
        "north": {
          "uv": [
            1.2,
            6.4,
            2,
            7.6
          ],
          "texture": "#6"
        },
        "east": {
          "uv": [
            6.4,
            9.2,
            6.8,
            10.4
          ],
          "texture": "#6"
        },
        "south": {
          "uv": [
            6.4,
            1.6,
            7.2,
            2.8
          ],
          "texture": "#6"
        },
        "west": {
          "uv": [
            9.6,
            3.6,
            10,
            4.8
          ],
          "texture": "#6"
        }
      }
    },
    {
      "from": [
        7,
        15.41421,
        9.71079
      ],
      "to": [
        9,
        17.41421,
        10.71079
      ],
      "rotation": {
        "angle": -45,
        "axis": "x",
        "origin": [
          8,
          15.91421,
          10.21079
        ]
      },
      "faces": {
        "north": {
          "uv": [
            3.6,
            8,
            4.4,
            8.8
          ],
          "texture": "#6"
        },
        "east": {
          "uv": [
            6.4,
            11.6,
            6.8,
            12.4
          ],
          "texture": "#6"
        },
        "south": {
          "uv": [
            4.8,
            8,
            5.6,
            8.8
          ],
          "texture": "#6"
        },
        "west": {
          "uv": [
            11.6,
            6.8,
            12,
            7.6
          ],
          "texture": "#6"
        },
        "up": {
          "uv": [
            10.4,
            12,
            9.6,
            11.6
          ],
          "texture": "#6"
        },
        "down": {
          "uv": [
            11.6,
            11.6,
            10.8,
            12
          ],
          "texture": "#6"
        }
      }
    },
    {
      "from": [
        7.0035,
        12.91421,
        9.84289
      ],
      "to": [
        8.9965,
        15.91421,
        10.91789
      ],
      "rotation": {
        "angle": 0,
        "axis": "y",
        "origin": [
          8.0035,
          14.41421,
          10.41789
        ]
      },
      "faces": {
        "north": {
          "uv": [
            2.4,
            6.4,
            3.2,
            7.6
          ],
          "texture": "#6"
        },
        "east": {
          "uv": [
            9.6,
            5.2,
            10,
            6.4
          ],
          "texture": "#6"
        },
        "south": {
          "uv": [
            6.4,
            3.2,
            7.2,
            4.4
          ],
          "texture": "#6"
        },
        "west": {
          "uv": [
            9.6,
            6.8,
            10,
            8
          ],
          "texture": "#6"
        }
      }
    },
    {
      "from": [
        7,
        11.41421,
        9.71079
      ],
      "to": [
        9,
        13.41421,
        10.71079
      ],
      "rotation": {
        "angle": 45,
        "axis": "x",
        "origin": [
          8,
          12.91421,
          10.21079
        ]
      },
      "faces": {
        "north": {
          "uv": [
            6,
            8,
            6.8,
            8.8
          ],
          "texture": "#6"
        },
        "east": {
          "uv": [
            12,
            0,
            12.4,
            0.8
          ],
          "texture": "#6"
        },
        "south": {
          "uv": [
            8.4,
            0,
            9.2,
            0.8
          ],
          "texture": "#6"
        },
        "west": {
          "uv": [
            12,
            1.2,
            12.4,
            2
          ],
          "texture": "#6"
        },
        "up": {
          "uv": [
            2.8,
            12.4,
            2,
            12
          ],
          "texture": "#6"
        },
        "down": {
          "uv": [
            12.8,
            3.6,
            12,
            4
          ],
          "texture": "#6"
        }
      }
    },
    {
      "from": [
        7.25,
        15.46967,
        10.01256
      ],
      "to": [
        8.75,
        16.96967,
        12.01256
      ],
      "rotation": {
        "angle": -22.5,
        "axis": "x",
        "origin": [
          8,
          17.21967,
          11.76256
        ]
      },
      "faces": {
        "east": {
          "uv": [
            9.6,
            0,
            10.4,
            0.6
          ],
          "texture": "#6"
        },
        "south": {
          "uv": [
            8.4,
            10,
            9,
            10.6
          ],
          "texture": "#6"
        },
        "west": {
          "uv": [
            7.2,
            9.6,
            8,
            10.2
          ],
          "texture": "#6"
        },
        "up": {
          "uv": [
            10.2,
            9.2,
            9.6,
            8.4
          ],
          "texture": "#6"
        },
        "down": {
          "uv": [
            10.2,
            9.6,
            9.6,
            10.4
          ],
          "texture": "#6"
        }
      }
    },
    {
      "from": [
        7.5,
        14.89326,
        13.15972
      ],
      "to": [
        8.5,
        17.89326,
        14.15972
      ],
      "rotation": {
        "angle": 0,
        "axis": "y",
        "origin": [
          8,
          17.33656,
          14.28342
        ]
      },
      "faces": {
        "north": {
          "uv": [
            0,
            10,
            0.4,
            11.2
          ],
          "texture": "#6"
        },
        "east": {
          "uv": [
            0.8,
            10,
            1.2,
            11.2
          ],
          "texture": "#6"
        },
        "south": {
          "uv": [
            10,
            1.2,
            10.4,
            2.4
          ],
          "texture": "#6"
        },
        "west": {
          "uv": [
            1.6,
            10,
            2,
            11.2
          ],
          "texture": "#6"
        },
        "up": {
          "uv": [
            8,
            4.4,
            7.6,
            4
          ],
          "texture": "#6"
        },
        "down": {
          "uv": [
            0.4,
            12.4,
            0,
            12.8
          ],
          "texture": "#6"
        }
      }
    },
    {
      "from": [
        7.5,
        14.89326,
        14.15972
      ],
      "to": [
        8.5,
        15.89326,
        15.65972
      ],
      "rotation": {
        "angle": 0,
        "axis": "y",
        "origin": [
          8,
          17.33656,
          14.28342
        ]
      },
      "faces": {
        "east": {
          "uv": [
            7.2,
            12,
            7.8,
            12.4
          ],
          "texture": "#6"
        },
        "south": {
          "uv": [
            3.2,
            12.4,
            3.6,
            12.8
          ],
          "texture": "#6"
        },
        "west": {
          "uv": [
            12,
            8,
            12.6,
            8.4
          ],
          "texture": "#6"
        },
        "up": {
          "uv": [
            6,
            12.6,
            5.6,
            12
          ],
          "texture": "#6"
        },
        "down": {
          "uv": [
            8.8,
            12,
            8.4,
            12.6
          ],
          "texture": "#6"
        }
      }
    },
    {
      "from": [
        7.5,
        15.89326,
        15.15972
      ],
      "to": [
        8.5,
        16.89326,
        15.65972
      ],
      "rotation": {
        "angle": 0,
        "axis": "y",
        "origin": [
          8,
          17.33656,
          14.28342
        ]
      },
      "faces": {
        "north": {
          "uv": [
            10.8,
            12.4,
            11.2,
            12.8
          ],
          "texture": "#6"
        },
        "east": {
          "uv": [
            4.8,
            12.8,
            5,
            13.2
          ],
          "texture": "#6"
        },
        "south": {
          "uv": [
            12.8,
            0,
            13.2,
            0.4
          ],
          "texture": "#6"
        },
        "west": {
          "uv": [
            12.8,
            5.2,
            13,
            5.6
          ],
          "texture": "#6"
        },
        "up": {
          "uv": [
            13.2,
            6.2,
            12.8,
            6
          ],
          "texture": "#6"
        }
      }
    },
    {
      "from": [
        7.5,
        15.89326,
        12.15972
      ],
      "to": [
        8.5,
        16.89326,
        13.15972
      ],
      "rotation": {
        "angle": 0,
        "axis": "y",
        "origin": [
          8,
          17.33656,
          14.28342
        ]
      },
      "faces": {
        "east": {
          "uv": [
            0.8,
            12.8,
            1.2,
            13.2
          ],
          "texture": "#6"
        },
        "west": {
          "uv": [
            12.8,
            0.8,
            13.2,
            1.2
          ],
          "texture": "#6"
        },
        "up": {
          "uv": [
            2,
            13.2,
            1.6,
            12.8
          ],
          "texture": "#6"
        },
        "down": {
          "uv": [
            13.2,
            1.6,
            12.8,
            2
          ],
          "texture": "#6"
        }
      }
    },
    {
      "from": [
        7.5,
        16.39326,
        15.65972
      ],
      "to": [
        8.5,
        16.89326,
        16.65972
      ],
      "rotation": {
        "angle": 0,
        "axis": "y",
        "origin": [
          8,
          17.33656,
          14.28342
        ]
      },
      "faces": {
        "east": {
          "uv": [
            6.4,
            12.8,
            6.8,
            13
          ],
          "texture": "#6"
        },
        "south": {
          "uv": [
            7.2,
            12.8,
            7.6,
            13
          ],
          "texture": "#6"
        },
        "west": {
          "uv": [
            11.6,
            12.8,
            12,
            13
          ],
          "texture": "#6"
        },
        "up": {
          "uv": [
            2.8,
            13.2,
            2.4,
            12.8
          ],
          "texture": "#6"
        },
        "down": {
          "uv": [
            4.4,
            12.8,
            4,
            13.2
          ],
          "texture": "#6"
        }
      }
    },
    {
      "from": [
        7.985,
        14.41766,
        15.72159
      ],
      "to": [
        8.015,
        15.91766,
        17.72159
      ],
      "rotation": {
        "angle": -22.5,
        "axis": "x",
        "origin": [
          7.99,
          15.16766,
          16.72159
        ]
      },
      "faces": {
        "east": {
          "uv": [
            2.4,
            10,
            3.2,
            10.6
          ],
          "texture": "#6"
        },
        "west": {
          "uv": [
            3.6,
            10,
            4.4,
            10.6
          ],
          "texture": "#6"
        }
      }
    },
    {
      "from": [
        7.99,
        17.37318,
        14.09062
      ],
      "to": [
        8.01,
        18.87318,
        15.59062
      ],
      "rotation": {
        "angle": 22.5,
        "axis": "x",
        "origin": [
          7.995,
          18.12318,
          14.84062
        ]
      },
      "faces": {
        "east": {
          "uv": [
            10.4,
            5.2,
            11,
            5.8
          ],
          "texture": "#6"
        },
        "west": {
          "uv": [
            10.4,
            6.4,
            11,
            7
          ],
          "texture": "#6"
        }
      }
    },
    {
      "from": [
        7.5,
        17.39326,
        12.65972
      ],
      "to": [
        8.5,
        17.89326,
        13.15972
      ],
      "rotation": {
        "angle": 0,
        "axis": "y",
        "origin": [
          8,
          17.33656,
          14.28342
        ]
      },
      "faces": {
        "north": {
          "uv": [
            12.4,
            12.8,
            12.8,
            13
          ],
          "texture": "#6"
        },
        "east": {
          "uv": [
            13.2,
            3.2,
            13.4,
            3.4
          ],
          "texture": "#6"
        },
        "west": {
          "uv": [
            13.2,
            4,
            13.4,
            4.2
          ],
          "texture": "#6"
        },
        "up": {
          "uv": [
            0.4,
            13.4,
            0,
            13.2
          ],
          "texture": "#6"
        },
        "down": {
          "uv": [
            3.6,
            13.2,
            3.2,
            13.4
          ],
          "texture": "#6"
        }
      }
    },
    {
      "from": [
        7.985,
        13.47318,
        12.08438
      ],
      "to": [
        8.015,
        14.97318,
        13.58438
      ],
      "rotation": {
        "angle": -22.5,
        "axis": "x",
        "origin": [
          7.99,
          14.22318,
          12.83438
        ]
      },
      "faces": {
        "east": {
          "uv": [
            10.8,
            0,
            11.4,
            0.6
          ],
          "texture": "#6"
        },
        "west": {
          "uv": [
            10.8,
            1.2,
            11.4,
            1.8
          ],
          "texture": "#6"
        }
      }
    },
    {
      "from": [
        7.25,
        15.46967,
        3.98744
      ],
      "to": [
        8.75,
        16.96967,
        5.98744
      ],
      "rotation": {
        "angle": 22.5,
        "axis": "x",
        "origin": [
          8,
          17.21967,
          4.23744
        ]
      },
      "faces": {
        "north": {
          "uv": [
            9,
            10,
            8.4,
            10.6
          ],
          "texture": "#6"
        },
        "east": {
          "uv": [
            10.4,
            0,
            9.6,
            0.6
          ],
          "texture": "#6"
        },
        "west": {
          "uv": [
            8,
            9.6,
            7.2,
            10.2
          ],
          "texture": "#6"
        },
        "up": {
          "uv": [
            10.2,
            8.4,
            9.6,
            9.2
          ],
          "texture": "#6"
        },
        "down": {
          "uv": [
            10.2,
            10.4,
            9.6,
            9.6
          ],
          "texture": "#6"
        }
      }
    },
    {
      "from": [
        7.5,
        14.89326,
        1.84028
      ],
      "to": [
        8.5,
        17.89326,
        2.84028
      ],
      "rotation": {
        "angle": 0,
        "axis": "y",
        "origin": [
          8,
          17.33656,
          1.71658
        ]
      },
      "faces": {
        "north": {
          "uv": [
            10.4,
            1.2,
            10,
            2.4
          ],
          "texture": "#6"
        },
        "east": {
          "uv": [
            1.2,
            10,
            0.8,
            11.2
          ],
          "texture": "#6"
        },
        "south": {
          "uv": [
            0.4,
            10,
            0,
            11.2
          ],
          "texture": "#6"
        },
        "west": {
          "uv": [
            2,
            10,
            1.6,
            11.2
          ],
          "texture": "#6"
        },
        "up": {
          "uv": [
            8,
            4,
            7.6,
            4.4
          ],
          "texture": "#6"
        },
        "down": {
          "uv": [
            0.4,
            12.8,
            0,
            12.4
          ],
          "texture": "#6"
        }
      }
    },
    {
      "from": [
        7.5,
        14.89326,
        0.34028
      ],
      "to": [
        8.5,
        15.89326,
        1.84028
      ],
      "rotation": {
        "angle": 0,
        "axis": "y",
        "origin": [
          8,
          17.33656,
          1.71658
        ]
      },
      "faces": {
        "north": {
          "uv": [
            3.6,
            12.4,
            3.2,
            12.8
          ],
          "texture": "#6"
        },
        "east": {
          "uv": [
            7.8,
            12,
            7.2,
            12.4
          ],
          "texture": "#6"
        },
        "west": {
          "uv": [
            12.6,
            8,
            12,
            8.4
          ],
          "texture": "#6"
        },
        "up": {
          "uv": [
            6,
            12,
            5.6,
            12.6
          ],
          "texture": "#6"
        },
        "down": {
          "uv": [
            8.8,
            12.6,
            8.4,
            12
          ],
          "texture": "#6"
        }
      }
    },
    {
      "from": [
        7.5,
        15.89326,
        0.34028
      ],
      "to": [
        8.5,
        16.89326,
        0.84028
      ],
      "rotation": {
        "angle": 0,
        "axis": "y",
        "origin": [
          8,
          17.33656,
          1.71658
        ]
      },
      "faces": {
        "north": {
          "uv": [
            13.2,
            0,
            12.8,
            0.4
          ],
          "texture": "#6"
        },
        "east": {
          "uv": [
            5,
            12.8,
            4.8,
            13.2
          ],
          "texture": "#6"
        },
        "south": {
          "uv": [
            11.2,
            12.4,
            10.8,
            12.8
          ],
          "texture": "#6"
        },
        "west": {
          "uv": [
            13,
            5.2,
            12.8,
            5.6
          ],
          "texture": "#6"
        },
        "up": {
          "uv": [
            13.2,
            6,
            12.8,
            6.2
          ],
          "texture": "#6"
        }
      }
    },
    {
      "from": [
        7.5,
        15.89326,
        2.84028
      ],
      "to": [
        8.5,
        16.89326,
        3.84028
      ],
      "rotation": {
        "angle": 0,
        "axis": "y",
        "origin": [
          8,
          17.33656,
          1.71658
        ]
      },
      "faces": {
        "east": {
          "uv": [
            1.2,
            12.8,
            0.8,
            13.2
          ],
          "texture": "#6"
        },
        "west": {
          "uv": [
            13.2,
            0.8,
            12.8,
            1.2
          ],
          "texture": "#6"
        },
        "up": {
          "uv": [
            2,
            12.8,
            1.6,
            13.2
          ],
          "texture": "#6"
        },
        "down": {
          "uv": [
            13.2,
            2,
            12.8,
            1.6
          ],
          "texture": "#6"
        }
      }
    },
    {
      "from": [
        7.5,
        16.39326,
        -0.65972
      ],
      "to": [
        8.5,
        16.89326,
        0.34028
      ],
      "rotation": {
        "angle": 0,
        "axis": "y",
        "origin": [
          8,
          17.33656,
          1.71658
        ]
      },
      "faces": {
        "north": {
          "uv": [
            7.6,
            12.8,
            7.2,
            13
          ],
          "texture": "#6"
        },
        "east": {
          "uv": [
            6.8,
            12.8,
            6.4,
            13
          ],
          "texture": "#6"
        },
        "west": {
          "uv": [
            12,
            12.8,
            11.6,
            13
          ],
          "texture": "#6"
        },
        "up": {
          "uv": [
            2.8,
            12.8,
            2.4,
            13.2
          ],
          "texture": "#6"
        },
        "down": {
          "uv": [
            4.4,
            13.2,
            4,
            12.8
          ],
          "texture": "#6"
        }
      }
    },
    {
      "from": [
        7.985,
        14.41766,
        -1.72159
      ],
      "to": [
        8.015,
        15.91766,
        0.27841
      ],
      "rotation": {
        "angle": 22.5,
        "axis": "x",
        "origin": [
          7.99,
          15.16766,
          -0.72159
        ]
      },
      "faces": {
        "east": {
          "uv": [
            3.2,
            10,
            2.4,
            10.6
          ],
          "texture": "#6"
        },
        "west": {
          "uv": [
            4.4,
            10,
            3.6,
            10.6
          ],
          "texture": "#6"
        }
      }
    },
    {
      "from": [
        7.99,
        17.37318,
        0.40938
      ],
      "to": [
        8.01,
        18.87318,
        1.90938
      ],
      "rotation": {
        "angle": -22.5,
        "axis": "x",
        "origin": [
          7.995,
          18.12318,
          1.15938
        ]
      },
      "faces": {
        "east": {
          "uv": [
            11,
            5.2,
            10.4,
            5.8
          ],
          "texture": "#6"
        },
        "west": {
          "uv": [
            11,
            6.4,
            10.4,
            7
          ],
          "texture": "#6"
        }
      }
    },
    {
      "from": [
        7.5,
        17.39326,
        2.84028
      ],
      "to": [
        8.5,
        17.89326,
        3.34028
      ],
      "rotation": {
        "angle": 0,
        "axis": "y",
        "origin": [
          8,
          17.33656,
          1.71658
        ]
      },
      "faces": {
        "east": {
          "uv": [
            13.4,
            3.2,
            13.2,
            3.4
          ],
          "texture": "#6"
        },
        "south": {
          "uv": [
            12.8,
            12.8,
            12.4,
            13
          ],
          "texture": "#6"
        },
        "west": {
          "uv": [
            13.4,
            4,
            13.2,
            4.2
          ],
          "texture": "#6"
        },
        "up": {
          "uv": [
            0.4,
            13.2,
            0,
            13.4
          ],
          "texture": "#6"
        },
        "down": {
          "uv": [
            3.6,
            13.4,
            3.2,
            13.2
          ],
          "texture": "#6"
        }
      }
    },
    {
      "from": [
        7.985,
        13.47318,
        2.41562
      ],
      "to": [
        8.015,
        14.97318,
        3.91562
      ],
      "rotation": {
        "angle": 22.5,
        "axis": "x",
        "origin": [
          7.99,
          14.22318,
          3.16562
        ]
      },
      "faces": {
        "east": {
          "uv": [
            11.4,
            0,
            10.8,
            0.6
          ],
          "texture": "#6"
        },
        "west": {
          "uv": [
            11.4,
            1.2,
            10.8,
            1.8
          ],
          "texture": "#6"
        }
      }
    },
    {
      "name": "tail",
      "from": [
        8.22915,
        10.18212,
        7.99
      ],
      "to": [
        10.72915,
        12.68212,
        8.01
      ],
      "rotation": {
        "angle": 22.5,
        "axis": "z",
        "origin": [
          8.4443,
          14.31968,
          8
        ]
      },
      "faces": {
        "north": {
          "uv": [
            1.75,
            3,
            3,
            4.25
          ],
          "rotation": 270,
          "texture": "#1"
        },
        "south": {
          "uv": [
            3,
            3,
            1.75,
            4.25
          ],
          "rotation": 90,
          "texture": "#1"
        }
      }
    },
    {
      "name": "tail",
      "from": [
        9.8136,
        7.69645,
        7.995
      ],
      "to": [
        12.1386,
        11.19645,
        8.005
      ],
      "rotation": {
        "angle": 0,
        "axis": "y",
        "origin": [
          8.4443,
          14.31968,
          8
        ]
      },
      "faces": {
        "north": {
          "uv": [
            0,
            3,
            1.75,
            4.25
          ],
          "rotation": 270,
          "texture": "#1"
        },
        "south": {
          "uv": [
            1.75,
            3,
            0,
            4.25
          ],
          "rotation": 90,
          "texture": "#1"
        }
      }
    },
    {
      "name": "leg4",
      "from": [
        7.08767,
        10.5094,
        5.25
      ],
      "to": [
        7.09767,
        12.0094,
        6.75
      ],
      "rotation": {
        "angle": 45,
        "axis": "z",
        "origin": [
          8.4443,
          14.31968,
          8
        ]
      },
      "faces": {
        "east": {
          "uv": [
            6.5,
            10.5,
            7.25,
            11.25
          ],
          "texture": "#1"
        },
        "west": {
          "uv": [
            6.5,
            10.5,
            7.25,
            11.25
          ],
          "texture": "#1"
        }
      }
    },
    {
      "name": "leg5",
      "from": [
        9.11863,
        11.72679,
        5.25
      ],
      "to": [
        9.12863,
        12.72679,
        6.75
      ],
      "rotation": {
        "angle": 0,
        "axis": "y",
        "origin": [
          8.4443,
          14.31968,
          8
        ]
      },
      "faces": {
        "east": {
          "uv": [
            7.25,
            10,
            6.5,
            10.5
          ],
          "texture": "#1"
        },
        "west": {
          "uv": [
            6.5,
            10,
            7.25,
            10.5
          ],
          "texture": "#1"
        }
      }
    },
    {
      "name": "leg5",
      "from": [
        7.08767,
        10.5094,
        9.25
      ],
      "to": [
        7.09767,
        12.0094,
        10.75
      ],
      "rotation": {
        "angle": 45,
        "axis": "z",
        "origin": [
          8.4443,
          14.31968,
          8
        ]
      },
      "faces": {
        "east": {
          "uv": [
            7.25,
            10.5,
            6.5,
            11.25
          ],
          "texture": "#1"
        },
        "west": {
          "uv": [
            7.25,
            10.5,
            6.5,
            11.25
          ],
          "texture": "#1"
        }
      }
    },
    {
      "name": "leg6",
      "from": [
        9.11863,
        11.72679,
        9.25
      ],
      "to": [
        9.12863,
        12.72679,
        10.75
      ],
      "rotation": {
        "angle": 0,
        "axis": "y",
        "origin": [
          8.4443,
          14.31968,
          8
        ]
      },
      "faces": {
        "east": {
          "uv": [
            6.5,
            10,
            7.25,
            10.5
          ],
          "texture": "#1"
        },
        "west": {
          "uv": [
            7.25,
            10,
            6.5,
            10.5
          ],
          "texture": "#1"
        }
      }
    },
    {
      "name": "leg4",
      "from": [
        6.86149,
        12.7803,
        9.25
      ],
      "to": [
        6.87149,
        14.2803,
        10.75
      ],
      "rotation": {
        "angle": 0,
        "axis": "y",
        "origin": [
          9.32622,
          14.06968,
          8
        ]
      },
      "faces": {
        "east": {
          "uv": [
            7.25,
            10.5,
            6.5,
            11.25
          ],
          "texture": "#1"
        },
        "west": {
          "uv": [
            7.25,
            10.5,
            6.5,
            11.25
          ],
          "texture": "#1"
        }
      }
    },
    {
      "name": "leg5",
      "from": [
        6.67053,
        14.24032,
        9.25
      ],
      "to": [
        6.68053,
        15.24032,
        10.75
      ],
      "rotation": {
        "angle": 22.5,
        "axis": "z",
        "origin": [
          6.67553,
          14.74032,
          8
        ]
      },
      "faces": {
        "east": {
          "uv": [
            6.5,
            10,
            7.25,
            10.5
          ],
          "texture": "#1"
        },
        "west": {
          "uv": [
            7.25,
            10,
            6.5,
            10.5
          ],
          "texture": "#1"
        }
      }
    },
    {
      "name": "leg4",
      "from": [
        6.67053,
        14.24032,
        5.25
      ],
      "to": [
        6.68053,
        15.24032,
        6.75
      ],
      "rotation": {
        "angle": 22.5,
        "axis": "z",
        "origin": [
          6.67553,
          14.74032,
          8
        ]
      },
      "faces": {
        "east": {
          "uv": [
            7.25,
            10,
            6.5,
            10.5
          ],
          "texture": "#1"
        },
        "west": {
          "uv": [
            6.5,
            10,
            7.25,
            10.5
          ],
          "texture": "#1"
        }
      }
    },
    {
      "name": "leg3",
      "from": [
        6.86149,
        12.7803,
        5.25
      ],
      "to": [
        6.87149,
        14.2803,
        6.75
      ],
      "rotation": {
        "angle": 0,
        "axis": "y",
        "origin": [
          9.32622,
          14.06968,
          8
        ]
      },
      "faces": {
        "east": {
          "uv": [
            6.5,
            10.5,
            7.25,
            11.25
          ],
          "texture": "#1"
        },
        "west": {
          "uv": [
            6.5,
            10.5,
            7.25,
            11.25
          ],
          "texture": "#1"
        }
      }
    },
    {
      "name": "body",
      "from": [
        6.33158,
        13.30394,
        7.985
      ],
      "to": [
        10.83158,
        15.80394,
        8.015
      ],
      "rotation": {
        "angle": -45,
        "axis": "z",
        "origin": [
          8.4443,
          14.31968,
          8
        ]
      },
      "faces": {
        "north": {
          "uv": [
            0,
            5,
            2.25,
            6.25
          ],
          "texture": "#1"
        },
        "south": {
          "uv": [
            2.25,
            5,
            0,
            6.25
          ],
          "texture": "#1"
        }
      }
    },
    {
      "name": "body",
      "from": [
        5.83158,
        13.30394,
        6
      ],
      "to": [
        10.83158,
        15.30394,
        10
      ],
      "rotation": {
        "angle": -45,
        "axis": "z",
        "origin": [
          8.4443,
          14.31968,
          8
        ]
      },
      "faces": {
        "north": {
          "uv": [
            2.5,
            7,
            5,
            8
          ],
          "texture": "#1"
        },
        "east": {
          "uv": [
            8,
            4,
            10,
            5
          ],
          "texture": "#1"
        },
        "south": {
          "uv": [
            5.5,
            7,
            8,
            8
          ],
          "texture": "#1"
        },
        "west": {
          "uv": [
            8,
            0,
            10,
            1
          ],
          "texture": "#1"
        },
        "up": {
          "uv": [
            2,
            2.5,
            0,
            0
          ],
          "rotation": 270,
          "texture": "#1"
        },
        "down": {
          "uv": [
            4.5,
            0,
            2.5,
            2.5
          ],
          "rotation": 90,
          "texture": "#1"
        }
      }
    },
    {
      "name": "right_gills",
      "from": [
        5.81703,
        16,
        9.18216
      ],
      "to": [
        5.82703,
        19.5,
        10.68216
      ],
      "rotation": {
        "angle": 22.5,
        "axis": "y",
        "origin": [
          8.1943,
          14.31968,
          8
        ]
      },
      "faces": {
        "east": {
          "uv": [
            0,
            9,
            0.75,
            10.75
          ],
          "texture": "#1"
        },
        "west": {
          "uv": [
            0.75,
            9,
            0,
            10.75
          ],
          "texture": "#1"
        }
      }
    },
    {
      "name": "left_gills",
      "from": [
        5.81703,
        16,
        5.31784
      ],
      "to": [
        5.82703,
        19.5,
        6.81784
      ],
      "rotation": {
        "angle": -22.5,
        "axis": "y",
        "origin": [
          8.1943,
          14.31968,
          8
        ]
      },
      "faces": {
        "east": {
          "uv": [
            0.75,
            9,
            0,
            10.75
          ],
          "texture": "#1"
        },
        "west": {
          "uv": [
            0,
            9,
            0.75,
            10.75
          ],
          "texture": "#1"
        }
      }
    },
    {
      "name": "top_gills",
      "from": [
        4.98266,
        17.51619,
        6
      ],
      "to": [
        4.99266,
        19.01619,
        10
      ],
      "rotation": {
        "angle": -22.5,
        "axis": "z",
        "origin": [
          8.1943,
          14.31968,
          8
        ]
      },
      "faces": {
        "east": {
          "uv": [
            10,
            5.5,
            8,
            6.25
          ],
          "texture": "#1"
        },
        "west": {
          "uv": [
            8,
            5.5,
            10,
            6.25
          ],
          "texture": "#1"
        }
      }
    },
    {
      "name": "head",
      "from": [
        4.675,
        15.975,
        5.975
      ],
      "to": [
        7.225,
        18.525,
        10.025
      ],
      "rotation": {
        "angle": 0,
        "axis": "y",
        "origin": [
          8.4443,
          14.31968,
          8
        ]
      },
      "faces": {
        "north": {
          "uv": [
            2.5,
            8.5,
            3.75,
            9.75
          ],
          "texture": "#1"
        },
        "east": {
          "uv": [
            5.5,
            5,
            7.5,
            6.25
          ],
          "texture": "#1"
        },
        "south": {
          "uv": [
            4.5,
            8.5,
            5.75,
            9.75
          ],
          "texture": "#1"
        },
        "west": {
          "uv": [
            3,
            5,
            5,
            6.25
          ],
          "texture": "#1"
        },
        "up": {
          "uv": [
            2,
            8.25,
            0,
            7
          ],
          "rotation": 270,
          "texture": "#1"
        },
        "down": {
          "uv": [
            9,
            2,
            7,
            3.25
          ],
          "rotation": 90,
          "texture": "#1"
        }
      }
    },
    {
      "from": [
        7.99,
        7.64326,
        11.65972
      ],
      "to": [
        8.01,
        14.64326,
        18.15972
      ],
      "rotation": {
        "angle": 0,
        "axis": "y",
        "origin": [
          7.99,
          8.64326,
          17.15972
        ]
      },
      "faces": {
        "east": {
          "uv": [
            0,
            0,
            13,
            14
          ],
          "texture": "#5"
        },
        "west": {
          "uv": [
            13,
            0,
            0,
            14
          ],
          "texture": "#5"
        }
      }
    },
    {
      "from": [
        7.99,
        7.64326,
        -2.15972
      ],
      "to": [
        8.01,
        14.64326,
        4.34028
      ],
      "rotation": {
        "angle": 0,
        "axis": "y",
        "origin": [
          7.99,
          8.64326,
          -1.15972
        ]
      },
      "faces": {
        "east": {
          "uv": [
            13,
            0,
            0,
            14
          ],
          "texture": "#5"
        },
        "west": {
          "uv": [
            0,
            0,
            13,
            14
          ],
          "texture": "#5"
        }
      }
    },
    {
      "from": [
        7.995,
        13,
        9
      ],
      "to": [
        8.005,
        17.5,
        18.5
      ],
      "rotation": {
        "angle": 22.5,
        "axis": "x",
        "origin": [
          7.995,
          12,
          9
        ]
      },
      "faces": {
        "east": {
          "uv": [
            3.8,
            0,
            0,
            1.8
          ],
          "texture": "#6"
        },
        "west": {
          "uv": [
            0,
            0,
            3.8,
            1.8
          ],
          "texture": "#6"
        }
      }
    },
    {
      "from": [
        7.995,
        13,
        -2.5
      ],
      "to": [
        8.005,
        17.5,
        7
      ],
      "rotation": {
        "angle": -22.5,
        "axis": "x",
        "origin": [
          7.995,
          12,
          7
        ]
      },
      "faces": {
        "east": {
          "uv": [
            0,
            0,
            3.8,
            1.8
          ],
          "texture": "#6"
        },
        "west": {
          "uv": [
            3.8,
            0,
            0,
            1.8
          ],
          "texture": "#6"
        }
      }
    }
  ],
  "gui_light": "front",
  "display": {
    "thirdperson_righthand": {
      "translation": [
        0,
        3,
        0.75
      ]
    },
    "thirdperson_lefthand": {
      "translation": [
        0,
        3,
        0.75
      ]
    },
    "firstperson_righthand": {
      "rotation": [
        5,
        0,
        0
      ],
      "translation": [
        1.75,
        1.5,
        0
      ],
      "scale": [
        0.8,
        0.8,
        0.8
      ]
    },
    "firstperson_lefthand": {
      "translation": [
        1.75,
        1.5,
        0
      ],
      "scale": [
        0.8,
        0.8,
        0.8
      ]
    },
    "ground": {
      "rotation": [
        45,
        0,
        0
      ],
      "translation": [
        0,
        5,
        0
      ],
      "scale": [
        0.7,
        0.7,
        0.7
      ]
    },
    "gui": {
      "rotation": [
        -90,
        135,
        90
      ],
      "translation": [
        -2,
        -2,
        0
      ],
      "scale": [
        0.9,
        0.9,
        0.9
      ]
    },
    "head": {
      "rotation": [
        0,
        -90,
        0
      ]
    },
    "fixed": {
      "rotation": [
        0,
        -90,
        0
      ],
      "translation": [
        0,
        0,
        -2.5
      ],
      "scale": [
        2,
        2,
        2
      ]
    }
  },
  "groups": [
    {
      "name": "pickaxe",
      "origin": [
        7,
        0,
        7
      ],
      "color": 0,
      "children": [
        0,
        1,
        2,
        3,
        4,
        5,
        6,
        7,
        8,
        9,
        10,
        11,
        12,
        13,
        14,
        15,
        16,
        17,
        18,
        19,
        20,
        21,
        22,
        23,
        24,
        25,
        26,
        27,
        28,
        29,
        30,
        31,
        32,
        33,
        34,
        35,
        36,
        37,
        {
          "name": "axolotl",
          "origin": [
            0,
            6,
            5
          ],
          "color": 0,
          "children": [
            38,
            39,
            40,
            41,
            42,
            43,
            44,
            45,
            46,
            47,
            48,
            49,
            50,
            51,
            52,
            53
          ]
        },
        {
          "name": "animated",
          "origin": [
            8,
            23,
            8
          ],
          "color": 0,
          "children": [
            54,
            55
          ]
        },
        56,
        57
      ]
    }
  ],
  "mcmodels": "bdf65020759a47e486c6d613bf067f30"
}