{"textures":{"0":"item/meg/chest_vampire_penguin"},"elements":[{"from":[7.1,5.0,7.4],"to":[8.9,8.0,8.6],"faces":{"east":{"uv":[8.375,4.875,8.5,5.25],"tintindex":0,"rotation":0,"texture":"#0"},"south":{"uv":[7.375,7.5,7.625,7.875],"tintindex":0,"rotation":0,"texture":"#0"},"north":{"uv":[7.125,7.5,7.375,7.875],"tintindex":0,"rotation":0,"texture":"#0"},"west":{"uv":[8.375,5.625,8.5,6.0],"tintindex":0,"rotation":0,"texture":"#0"},"up":{"uv":[8.75,3.875,8.5,3.75],"tintindex":0,"rotation":0,"texture":"#0"},"down":{"uv":[8.75,4.875,8.5,5.0],"tintindex":0,"rotation":0,"texture":"#0"}}}]}