{"textures":{"0":"modelengine:entity/horse_magma"},"elements":[{"from":[5.14375,13.113373,9.251654],"to":[10.14375,19.113373,17.251656],"faces":{"east":{"uv":[4.3125,5.875,3.8125,5.5],"tintindex":0,"rotation":0,"texture":"#0"},"south":{"uv":[3.25,6.5,3.5625,6.875],"tintindex":0,"rotation":0,"texture":"#0"},"north":{"uv":[3.25,6.5,3.5625,6.875],"tintindex":0,"rotation":0,"texture":"#0"},"west":{"uv":[3.8125,5.5,4.3125,5.875],"tintindex":0,"rotation":0,"texture":"#0"},"up":{"uv":[2.375,6.4375,2.6875,5.9375],"tintindex":0,"rotation":0,"texture":"#0"},"down":{"uv":[2.6875,5.9375,2.375,6.4375],"tintindex":0,"rotation":0,"texture":"#0"}},"rotation":{"origin":[13.11875,14.064144,-0.24849606],"angle":45.0,"axis":"x"}}]}