{
	"credit": "Made with Blockbench",
	"textures": {
		"0": "item/void/void_atlas",
		"2": "item/void/void_ef_long",
		"particle": "item/void/void_atlas"
	},
	"elements": [
		{
			"name": "shovel",
			"from": [5.2146, 17.42748, 7.75],
			"to": [5.4896, 17.97748, 8.25],
			"rotation": {"angle": -22.5, "axis": "z", "origin": [5.3146, 17.87748, 8]},
			"faces": {
				"north": {"uv": [9.25, 13.5, 9.5, 13.75], "texture": "#0"},
				"east": {"uv": [13.5, 9.25, 13.75, 9.5], "texture": "#0"},
				"south": {"uv": [9.5, 13.5, 9.75, 13.75], "texture": "#0"},
				"west": {"uv": [13.5, 9.5, 13.75, 9.75], "texture": "#0"},
				"up": {"uv": [10, 13.75, 9.75, 13.5], "texture": "#0"},
				"down": {"uv": [13.75, 9.75, 13.5, 10], "texture": "#0"}
			}
		},
		{
			"name": "shovel",
			"from": [15.77866, 17.95215, 7.748],
			"to": [16.73266, 19.00615, 8.252],
			"rotation": {"angle": 45, "axis": "z", "origin": [7.25316, 8.0315, 2.83898]},
			"faces": {
				"north": {"uv": [4.5, 13.5, 4.75, 13.75], "texture": "#0"},
				"east": {"uv": [13.5, 4.5, 13.75, 4.75], "texture": "#0"},
				"south": {"uv": [4.75, 13.5, 5, 13.75], "texture": "#0"},
				"west": {"uv": [13.5, 4.75, 13.75, 5], "texture": "#0"},
				"up": {"uv": [5.25, 13.75, 5, 13.5], "texture": "#0"},
				"down": {"uv": [13.75, 5, 13.5, 5.25], "texture": "#0"}
			}
		},
		{
			"name": "shovel",
			"from": [11.84091, 20.79094, 7.75],
			"to": [12.24091, 21.76594, 8.25],
			"rotation": {"angle": 22.5, "axis": "z", "origin": [7.1935, 7.93932, 2.83898]},
			"faces": {
				"north": {"uv": [5.25, 13.5, 5.5, 13.75], "texture": "#0"},
				"east": {"uv": [13.5, 5.25, 13.75, 5.5], "texture": "#0"},
				"south": {"uv": [5.5, 13.5, 5.75, 13.75], "texture": "#0"},
				"west": {"uv": [13.5, 5.5, 13.75, 5.75], "texture": "#0"},
				"up": {"uv": [6, 13.75, 5.75, 13.5], "texture": "#0"},
				"down": {"uv": [13.75, 5.75, 13.5, 6], "texture": "#0"}
			}
		},
		{
			"name": "shovel",
			"from": [10.91131, 20.463, 7.75],
			"to": [11.31131, 21.438, 8.25],
			"rotation": {"angle": 22.5, "axis": "z", "origin": [7.24374, 8.08973, 2.83898]},
			"faces": {
				"north": {"uv": [6, 13.5, 6.25, 13.75], "texture": "#0"},
				"east": {"uv": [13.5, 6, 13.75, 6.25], "texture": "#0"},
				"south": {"uv": [6.25, 13.5, 6.5, 13.75], "texture": "#0"},
				"west": {"uv": [13.5, 6.25, 13.75, 6.5], "texture": "#0"},
				"up": {"uv": [6.75, 13.75, 6.5, 13.5], "texture": "#0"},
				"down": {"uv": [13.75, 6.5, 13.5, 6.75], "texture": "#0"}
			}
		},
		{
			"name": "shovel",
			"from": [5.1574, 20.23994, 7.75],
			"to": [6.2074, 20.66494, 8.25],
			"rotation": {"angle": -22.5, "axis": "z", "origin": [5.7574, 20.63994, 8]},
			"faces": {
				"north": {"uv": [3.75, 13.5, 4, 13.75], "texture": "#0"},
				"east": {"uv": [13.5, 3.75, 13.75, 4], "texture": "#0"},
				"south": {"uv": [4, 13.5, 4.25, 13.75], "texture": "#0"},
				"west": {"uv": [13.5, 4, 13.75, 4.25], "texture": "#0"},
				"up": {"uv": [4.5, 13.75, 4.25, 13.5], "texture": "#0"},
				"down": {"uv": [13.75, 4.25, 13.5, 4.5], "texture": "#0"}
			}
		},
		{
			"name": "shovel",
			"from": [5.046, 18.496, 7.746],
			"to": [6.179, 20.504, 8.254],
			"rotation": {"angle": 0, "axis": "y", "origin": [6.85316, 9.2815, 2.83898]},
			"faces": {
				"north": {"uv": [11.5, 9.75, 11.75, 10.5], "texture": "#0"},
				"east": {"uv": [11.5, 10.5, 11.75, 11.25], "texture": "#0"},
				"south": {"uv": [11.75, 0.75, 12, 1.5], "texture": "#0"},
				"west": {"uv": [2.5, 11.75, 2.75, 12.5], "texture": "#0"},
				"up": {"uv": [3.75, 13.75, 3.5, 13.5], "texture": "#0"},
				"down": {"uv": [13.75, 3.5, 13.5, 3.75], "texture": "#0"}
			}
		},
		{
			"name": "shovel",
			"from": [5.64378, 16.06648, 7.742],
			"to": [7.05978, 18.33248, 8.258],
			"rotation": {"angle": 45, "axis": "z", "origin": [6.35178, 17.19948, 8]},
			"faces": {
				"north": {"uv": [3, 12.5, 3.25, 13], "texture": "#0"},
				"east": {"uv": [12.5, 3.5, 12.75, 4], "texture": "#0"},
				"south": {"uv": [3.75, 12.5, 4, 13], "texture": "#0"},
				"west": {"uv": [4, 12.5, 4.25, 13], "texture": "#0"},
				"up": {"uv": [7.75, 13.75, 7.5, 13.5], "texture": "#0"},
				"down": {"uv": [13.75, 7.5, 13.5, 7.75], "texture": "#0"}
			}
		},
		{
			"name": "shovel",
			"from": [9.12962, 15.94657, 7.744],
			"to": [9.99162, 18.65857, 8.256],
			"rotation": {"angle": 22.5, "axis": "z", "origin": [6.84174, 9.3389, 2.83898]},
			"faces": {
				"north": {"uv": [2.75, 11.75, 3, 12.5], "texture": "#0"},
				"east": {"uv": [3, 11.75, 3.25, 12.5], "texture": "#0"},
				"south": {"uv": [3.75, 11.75, 4, 12.5], "texture": "#0"},
				"west": {"uv": [4, 11.75, 4.25, 12.5], "texture": "#0"},
				"up": {"uv": [10.25, 13.75, 10, 13.5], "texture": "#0"},
				"down": {"uv": [13.75, 10, 13.5, 10.25], "texture": "#0"}
			}
		},
		{
			"name": "shovel",
			"from": [5.21355, 17.79074, 7.748],
			"to": [5.66755, 18.56974, 8.252],
			"rotation": {"angle": 22.5, "axis": "z", "origin": [5.30305, 18.11774, 8]},
			"faces": {
				"north": {"uv": [8.5, 13.5, 8.75, 13.75], "texture": "#0"},
				"east": {"uv": [13.5, 8.5, 13.75, 8.75], "texture": "#0"},
				"south": {"uv": [8.75, 13.5, 9, 13.75], "texture": "#0"},
				"west": {"uv": [13.5, 8.75, 13.75, 9], "texture": "#0"},
				"up": {"uv": [9.25, 13.75, 9, 13.5], "texture": "#0"},
				"down": {"uv": [13.75, 9, 13.5, 9.25], "texture": "#0"}
			}
		},
		{
			"name": "shovel",
			"from": [8.94022, 16.06648, 7.742],
			"to": [10.35622, 18.33248, 8.258],
			"rotation": {"angle": -45, "axis": "z", "origin": [9.64822, 17.19948, 8]},
			"faces": {
				"north": {"uv": [3.25, 12.5, 3, 13], "texture": "#0"},
				"east": {"uv": [4.25, 12.5, 4, 13], "texture": "#0"},
				"south": {"uv": [4, 12.5, 3.75, 13], "texture": "#0"},
				"west": {"uv": [12.75, 3.5, 12.5, 4], "texture": "#0"},
				"up": {"uv": [7.5, 13.75, 7.75, 13.5], "texture": "#0"},
				"down": {"uv": [13.5, 7.5, 13.75, 7.75], "texture": "#0"}
			}
		},
		{
			"name": "shovel",
			"from": [10.5104, 17.42748, 7.75],
			"to": [10.7854, 17.97748, 8.25],
			"rotation": {"angle": 22.5, "axis": "z", "origin": [10.6854, 17.87748, 8]},
			"faces": {
				"north": {"uv": [9.5, 13.5, 9.25, 13.75], "texture": "#0"},
				"east": {"uv": [13.75, 9.5, 13.5, 9.75], "texture": "#0"},
				"south": {"uv": [9.75, 13.5, 9.5, 13.75], "texture": "#0"},
				"west": {"uv": [13.75, 9.25, 13.5, 9.5], "texture": "#0"},
				"up": {"uv": [9.75, 13.75, 10, 13.5], "texture": "#0"},
				"down": {"uv": [13.5, 9.75, 13.75, 10], "texture": "#0"}
			}
		},
		{
			"name": "shovel",
			"from": [10.33245, 17.79074, 7.748],
			"to": [10.78645, 18.56974, 8.252],
			"rotation": {"angle": -22.5, "axis": "z", "origin": [10.69695, 18.11774, 8]},
			"faces": {
				"north": {"uv": [8.75, 13.5, 8.5, 13.75], "texture": "#0"},
				"east": {"uv": [13.75, 8.75, 13.5, 9], "texture": "#0"},
				"south": {"uv": [9, 13.5, 8.75, 13.75], "texture": "#0"},
				"west": {"uv": [13.75, 8.5, 13.5, 8.75], "texture": "#0"},
				"up": {"uv": [9, 13.75, 9.25, 13.5], "texture": "#0"},
				"down": {"uv": [13.5, 9, 13.75, 9.25], "texture": "#0"}
			}
		},
		{
			"name": "shovel",
			"from": [6.00838, 15.94657, 7.744],
			"to": [6.87038, 18.65857, 8.256],
			"rotation": {"angle": -22.5, "axis": "z", "origin": [9.15826, 9.3389, 2.83898]},
			"faces": {
				"north": {"uv": [3, 11.75, 2.75, 12.5], "texture": "#0"},
				"east": {"uv": [4.25, 11.75, 4, 12.5], "texture": "#0"},
				"south": {"uv": [4, 11.75, 3.75, 12.5], "texture": "#0"},
				"west": {"uv": [3.25, 11.75, 3, 12.5], "texture": "#0"},
				"up": {"uv": [10, 13.75, 10.25, 13.5], "texture": "#0"},
				"down": {"uv": [13.5, 10, 13.75, 10.25], "texture": "#0"}
			}
		},
		{
			"name": "shovel",
			"from": [9.821, 18.496, 7.746],
			"to": [10.954, 20.504, 8.254],
			"rotation": {"angle": 0, "axis": "y", "origin": [9.14684, 9.2815, 2.83898]},
			"faces": {
				"north": {"uv": [11.75, 9.75, 11.5, 10.5], "texture": "#0"},
				"east": {"uv": [2.75, 11.75, 2.5, 12.5], "texture": "#0"},
				"south": {"uv": [12, 0.75, 11.75, 1.5], "texture": "#0"},
				"west": {"uv": [11.75, 10.5, 11.5, 11.25], "texture": "#0"},
				"up": {"uv": [3.5, 13.75, 3.75, 13.5], "texture": "#0"},
				"down": {"uv": [13.5, 3.5, 13.75, 3.75], "texture": "#0"}
			}
		},
		{
			"name": "shovel",
			"from": [9.7926, 20.23994, 7.75],
			"to": [10.8426, 20.66494, 8.25],
			"rotation": {"angle": 22.5, "axis": "z", "origin": [10.2426, 20.63994, 8]},
			"faces": {
				"north": {"uv": [4, 13.5, 3.75, 13.75], "texture": "#0"},
				"east": {"uv": [13.75, 4, 13.5, 4.25], "texture": "#0"},
				"south": {"uv": [4.25, 13.5, 4, 13.75], "texture": "#0"},
				"west": {"uv": [13.75, 3.75, 13.5, 4], "texture": "#0"},
				"up": {"uv": [4.25, 13.75, 4.5, 13.5], "texture": "#0"},
				"down": {"uv": [13.5, 4.25, 13.75, 4.5], "texture": "#0"}
			}
		},
		{
			"name": "shovel",
			"from": [4.68869, 20.463, 7.75],
			"to": [5.08869, 21.438, 8.25],
			"rotation": {"angle": -22.5, "axis": "z", "origin": [8.75626, 8.08973, 2.83898]},
			"faces": {
				"north": {"uv": [6.25, 13.5, 6, 13.75], "texture": "#0"},
				"east": {"uv": [13.75, 6.25, 13.5, 6.5], "texture": "#0"},
				"south": {"uv": [6.5, 13.5, 6.25, 13.75], "texture": "#0"},
				"west": {"uv": [13.75, 6, 13.5, 6.25], "texture": "#0"},
				"up": {"uv": [6.5, 13.75, 6.75, 13.5], "texture": "#0"},
				"down": {"uv": [13.5, 6.5, 13.75, 6.75], "texture": "#0"}
			}
		},
		{
			"name": "shovel",
			"from": [3.75909, 20.79094, 7.75],
			"to": [4.15909, 21.76594, 8.25],
			"rotation": {"angle": -22.5, "axis": "z", "origin": [8.8065, 7.93932, 2.83898]},
			"faces": {
				"north": {"uv": [5.5, 13.5, 5.25, 13.75], "texture": "#0"},
				"east": {"uv": [13.75, 5.5, 13.5, 5.75], "texture": "#0"},
				"south": {"uv": [5.75, 13.5, 5.5, 13.75], "texture": "#0"},
				"west": {"uv": [13.75, 5.25, 13.5, 5.5], "texture": "#0"},
				"up": {"uv": [5.75, 13.75, 6, 13.5], "texture": "#0"},
				"down": {"uv": [13.5, 5.75, 13.75, 6], "texture": "#0"}
			}
		},
		{
			"name": "shovel",
			"from": [-0.73266, 17.95215, 7.748],
			"to": [0.22134, 19.00615, 8.252],
			"rotation": {"angle": -45, "axis": "z", "origin": [8.74684, 8.0315, 2.83898]},
			"faces": {
				"north": {"uv": [4.75, 13.5, 4.5, 13.75], "texture": "#0"},
				"east": {"uv": [13.75, 4.75, 13.5, 5], "texture": "#0"},
				"south": {"uv": [5, 13.5, 4.75, 13.75], "texture": "#0"},
				"west": {"uv": [13.75, 4.5, 13.5, 4.75], "texture": "#0"},
				"up": {"uv": [5, 13.75, 5.25, 13.5], "texture": "#0"},
				"down": {"uv": [13.5, 5, 13.75, 5.25], "texture": "#0"}
			}
		},
		{
			"from": [6.74645, 19.48919, 7.75],
			"to": [8.54645, 21.28919, 8.25],
			"rotation": {"angle": 45, "axis": "z", "origin": [7.64645, 20.88919, 8]},
			"faces": {
				"north": {"uv": [1.5, 10.5, 2, 11], "rotation": 180, "texture": "#0"},
				"east": {"uv": [5, 12, 5.25, 12.5], "rotation": 180, "texture": "#0"},
				"south": {"uv": [10.5, 1.5, 11, 2], "rotation": 180, "texture": "#0"},
				"west": {"uv": [2.25, 12, 2.5, 12.5], "rotation": 180, "texture": "#0"},
				"up": {"uv": [12.5, 5.5, 12, 5.75], "rotation": 180, "texture": "#0"},
				"down": {"uv": [12.5, 5.5, 12, 5.25], "rotation": 180, "texture": "#0"}
			}
		},
		{
			"from": [7.475, -5, 7.5],
			"to": [8.525, 14, 8.5],
			"rotation": {"angle": 0, "axis": "y", "origin": [8, 4.5, 8]},
			"faces": {
				"north": {"uv": [4.75, 2, 5, 6.75], "texture": "#0"},
				"east": {"uv": [5, 2, 5.25, 6.75], "texture": "#0"},
				"south": {"uv": [5.25, 2, 5.5, 6.75], "texture": "#0"},
				"west": {"uv": [5.5, 2, 5.75, 6.75], "texture": "#0"},
				"up": {"uv": [10.75, 6.75, 10.5, 6.5], "texture": "#0"},
				"down": {"uv": [11, 7, 10.75, 7.25], "texture": "#0"}
			}
		},
		{
			"from": [7.1, -6, 6.95],
			"to": [8.9, -5, 9.05],
			"rotation": {"angle": 0, "axis": "y", "origin": [7.85316, 9.2815, 2.83898]},
			"faces": {
				"north": {"uv": [12, 4.25, 12.5, 4.5], "texture": "#0"},
				"east": {"uv": [12, 4.5, 12.5, 4.75], "texture": "#0"},
				"south": {"uv": [12, 4.75, 12.5, 5], "texture": "#0"},
				"west": {"uv": [12, 5, 12.5, 5.25], "texture": "#0"},
				"up": {"uv": [1.5, 11, 1, 10.5], "texture": "#0"},
				"down": {"uv": [11, 1, 10.5, 1.5], "texture": "#0"}
			}
		},
		{
			"from": [-4.21582, -3.02443, 7.35],
			"to": [-2.41582, -1.22443, 8.65],
			"rotation": {"angle": 45, "axis": "z", "origin": [7.78245, 9.2815, 2.83898]},
			"faces": {
				"north": {"uv": [1.5, 10.5, 2, 11], "texture": "#0"},
				"east": {"uv": [2.25, 12, 2.5, 12.5], "texture": "#0"},
				"south": {"uv": [10.5, 1.5, 11, 2], "texture": "#0"},
				"west": {"uv": [5, 12, 5.25, 12.5], "texture": "#0"},
				"up": {"uv": [12.5, 5.5, 12, 5.25], "texture": "#0"},
				"down": {"uv": [12.5, 5.5, 12, 5.75], "texture": "#0"}
			}
		},
		{
			"from": [7.1, 14.33234, 6.6],
			"to": [8.9, 16.13234, 9.4],
			"rotation": {"angle": 45, "axis": "z", "origin": [8, 15.23234, 8]},
			"faces": {
				"north": {"uv": [1.5, 10.5, 2, 11], "rotation": 180, "texture": "#0"},
				"east": {"uv": [5, 12, 5.25, 12.5], "rotation": 180, "texture": "#0"},
				"south": {"uv": [10.5, 1.5, 11, 2], "rotation": 180, "texture": "#0"},
				"west": {"uv": [2.25, 12, 2.5, 12.5], "rotation": 180, "texture": "#0"},
				"up": {"uv": [12.5, 5.5, 12, 5.75], "rotation": 180, "texture": "#0"},
				"down": {"uv": [12.5, 5.5, 12, 5.25], "rotation": 180, "texture": "#0"}
			}
		},
		{
			"from": [6.842, 13.542, 7.192],
			"to": [9.158, 16.558, 8.808],
			"rotation": {"angle": 0, "axis": "y", "origin": [7.85316, 19.8315, 2.83898]},
			"faces": {
				"north": {"uv": [9.5, 0.5, 10, 1.25], "texture": "#0"},
				"east": {"uv": [9.5, 1.25, 10, 2], "texture": "#0"},
				"south": {"uv": [5, 9.5, 5.5, 10.25], "texture": "#0"},
				"west": {"uv": [9.5, 7.75, 10, 8.5], "texture": "#0"},
				"up": {"uv": [11, 3.25, 10.5, 2.75], "texture": "#0"},
				"down": {"uv": [3.75, 10.5, 3.25, 11], "texture": "#0"}
			}
		},
		{
			"from": [6.75045, 16.35249, 7.194],
			"to": [7.81245, 17.61449, 8.806],
			"rotation": {"angle": 22.5, "axis": "z", "origin": [8.14684, 19.8315, 2.83898]},
			"faces": {
				"north": {"uv": [13.5, 10.5, 13.25, 10.75], "texture": "#0"},
				"east": {"uv": [12.5, 7, 12, 7.25], "texture": "#0"},
				"south": {"uv": [11, 13.25, 10.75, 13.5], "texture": "#0"},
				"west": {"uv": [12.5, 6.75, 12, 7], "texture": "#0"},
				"up": {"uv": [12, 7.75, 12.25, 7.25], "texture": "#0"},
				"down": {"uv": [12, 7.75, 12.25, 8.25], "texture": "#0"}
			}
		},
		{
			"from": [5.92822, 17.6989, 7.2],
			"to": [6.90322, 18.6739, 8.8],
			"rotation": {"angle": 45, "axis": "z", "origin": [7.85316, 19.8315, 2.83898]},
			"faces": {
				"north": {"uv": [13.25, 10.75, 13.5, 11], "texture": "#0"},
				"east": {"uv": [12, 8.25, 12.5, 8.5], "texture": "#0"},
				"south": {"uv": [11, 13.25, 11.25, 13.5], "texture": "#0"},
				"west": {"uv": [12, 9, 12.5, 9.25], "texture": "#0"},
				"up": {"uv": [12.25, 9.75, 12, 9.25], "texture": "#0"},
				"down": {"uv": [12.25, 9.75, 12, 10.25], "texture": "#0"}
			}
		},
		{
			"from": [8.18955, 16.35449, 7.196],
			"to": [9.24755, 17.61249, 8.804],
			"rotation": {"angle": -22.5, "axis": "z", "origin": [7.85316, 19.8315, 2.83898]},
			"faces": {
				"north": {"uv": [13.25, 10.5, 13.5, 10.75], "texture": "#0"},
				"east": {"uv": [12, 6.75, 12.5, 7], "texture": "#0"},
				"south": {"uv": [10.75, 13.25, 11, 13.5], "texture": "#0"},
				"west": {"uv": [12, 7, 12.5, 7.25], "texture": "#0"},
				"up": {"uv": [12.25, 7.75, 12, 7.25], "texture": "#0"},
				"down": {"uv": [12.25, 7.75, 12, 8.25], "texture": "#0"}
			}
		},
		{
			"from": [6.07621, 14.34027, 6.7],
			"to": [6.32621, 17.54027, 9.3],
			"rotation": {"angle": -45, "axis": "z", "origin": [7.00121, 15.20277, 8]},
			"faces": {
				"north": {"uv": [9.25, 11.75, 9.5, 12.5], "texture": "#0"},
				"east": {"uv": [8.5, 5.75, 9.25, 6.5], "texture": "#0"},
				"south": {"uv": [9.5, 11.75, 9.75, 12.5], "texture": "#0"},
				"west": {"uv": [8.5, 7.75, 9.25, 8.5], "texture": "#0"},
				"up": {"uv": [10, 12.5, 9.75, 11.75], "texture": "#0"},
				"down": {"uv": [12, 9.75, 11.75, 10.5], "texture": "#0"}
			}
		},
		{
			"from": [9.67379, 14.34027, 6.7],
			"to": [9.92379, 17.54027, 9.3],
			"rotation": {"angle": 45, "axis": "z", "origin": [8.99879, 15.20277, 8]},
			"faces": {
				"north": {"uv": [9.5, 11.75, 9.25, 12.5], "texture": "#0"},
				"east": {"uv": [9.25, 7.75, 8.5, 8.5], "texture": "#0"},
				"south": {"uv": [9.75, 11.75, 9.5, 12.5], "texture": "#0"},
				"west": {"uv": [9.25, 5.75, 8.5, 6.5], "texture": "#0"},
				"up": {"uv": [9.75, 12.5, 10, 11.75], "texture": "#0"},
				"down": {"uv": [11.75, 9.75, 12, 10.5], "texture": "#0"}
			}
		},
		{
			"from": [9.61129, 12.92777, 6.7],
			"to": [9.86129, 15.87777, 9.3],
			"rotation": {"angle": -45, "axis": "z", "origin": [8.99879, 15.20277, 8]},
			"faces": {
				"north": {"uv": [5, 11.5, 4.75, 12.25], "texture": "#0"},
				"east": {"uv": [9.25, 3, 8.5, 3.75], "texture": "#0"},
				"south": {"uv": [11.75, 5, 11.5, 5.75], "texture": "#0"},
				"west": {"uv": [9.25, 2.25, 8.5, 3], "texture": "#0"},
				"up": {"uv": [5.25, 12.25, 5.5, 11.5], "texture": "#0"},
				"down": {"uv": [5.5, 11.5, 5.75, 12.25], "texture": "#0"}
			}
		},
		{
			"from": [6.13871, 12.92777, 6.7],
			"to": [6.38871, 15.87777, 9.3],
			"rotation": {"angle": 45, "axis": "z", "origin": [7.00121, 15.20277, 8]},
			"faces": {
				"north": {"uv": [4.75, 11.5, 5, 12.25], "texture": "#0"},
				"east": {"uv": [8.5, 2.25, 9.25, 3], "texture": "#0"},
				"south": {"uv": [11.5, 5, 11.75, 5.75], "texture": "#0"},
				"west": {"uv": [8.5, 3, 9.25, 3.75], "texture": "#0"},
				"up": {"uv": [5.5, 12.25, 5.25, 11.5], "texture": "#0"},
				"down": {"uv": [5.75, 11.5, 5.5, 12.25], "texture": "#0"}
			}
		},
		{
			"from": [2.6434, 14.47954, 7.2],
			"to": [4.2434, 16.07954, 8.8],
			"rotation": {"angle": 45, "axis": "z", "origin": [7.81876, 19.93757, 2.83898]},
			"faces": {
				"north": {"uv": [10.5, 4.25, 11, 4.75], "texture": "#0"},
				"east": {"uv": [10.5, 4.75, 11, 5.25], "texture": "#0"},
				"south": {"uv": [10.5, 5.25, 11, 5.75], "texture": "#0"},
				"west": {"uv": [10.5, 5.75, 11, 6.25], "texture": "#0"},
				"up": {"uv": [7.75, 11, 7.25, 10.5], "texture": "#0"},
				"down": {"uv": [11, 7.25, 10.5, 7.75], "texture": "#0"}
			}
		},
		{
			"name": "ef",
			"from": [12.82843, -6, 5.82843],
			"to": [12.82843, 24, 9.82843],
			"rotation": {"angle": 0, "axis": "y", "origin": [12.82843, 9, 7.82843]},
			"faces": {
				"north": {"uv": [0, 0, 0, 4], "texture": "#2"},
				"east": {"uv": [12, 0, 14, 16], "texture": "#2"},
				"south": {"uv": [0, 0, 0, 4], "texture": "#2"},
				"west": {"uv": [14, 0, 12, 16], "texture": "#2"},
				"up": {"uv": [0, 0, 1, 0], "rotation": 270, "texture": "#2"},
				"down": {"uv": [0, 0, 1, 0], "rotation": 90, "texture": "#2"}
			}
		},
		{
			"name": "ef",
			"from": [9.41421, -6, 4.41421],
			"to": [13.41421, 24, 4.41421],
			"rotation": {"angle": -45, "axis": "y", "origin": [11.41421, 9, 4.41421]},
			"faces": {
				"north": {"uv": [14, 0, 16, 16], "texture": "#2"},
				"east": {"uv": [0, 0, 0, 4], "texture": "#2"},
				"south": {"uv": [16, 0, 14, 16], "texture": "#2"},
				"west": {"uv": [0, 0, 0, 4], "texture": "#2"},
				"up": {"uv": [1, 0, 2, 0], "texture": "#2"},
				"down": {"uv": [1, 0, 2, 0], "texture": "#2"}
			}
		},
		{
			"name": "ef",
			"from": [6, -6, 3],
			"to": [10, 24, 3],
			"rotation": {"angle": 0, "axis": "y", "origin": [7, 1, 3]},
			"faces": {
				"north": {"uv": [0, 0, 2, 16], "texture": "#2"},
				"east": {"uv": [0, 0, 0, 4], "texture": "#2"},
				"south": {"uv": [2, 0, 0, 16], "texture": "#2"},
				"west": {"uv": [0, 0, 0, 4], "texture": "#2"},
				"up": {"uv": [0, 0, 1, 0], "texture": "#2"},
				"down": {"uv": [0, 0, 1, 0], "texture": "#2"}
			}
		},
		{
			"name": "ef",
			"from": [3.17157, -6, 5.82843],
			"to": [3.17157, 24, 9.82843],
			"rotation": {"angle": 0, "axis": "y", "origin": [3.17157, 9, 7.82843]},
			"faces": {
				"north": {"uv": [0, 0, 0, 4], "texture": "#2"},
				"east": {"uv": [6, 0, 4, 16], "texture": "#2"},
				"south": {"uv": [0, 0, 0, 4], "texture": "#2"},
				"west": {"uv": [4, 0, 6, 16], "texture": "#2"},
				"up": {"uv": [0, 0, 1, 0], "rotation": 270, "texture": "#2"},
				"down": {"uv": [0, 0, 1, 0], "rotation": 90, "texture": "#2"}
			}
		},
		{
			"name": "ef",
			"from": [2.58579, -6, 4.41421],
			"to": [6.58579, 24, 4.41421],
			"rotation": {"angle": 45, "axis": "y", "origin": [4.58579, 9, 4.41421]},
			"faces": {
				"north": {"uv": [2, 0, 4, 16], "texture": "#2"},
				"east": {"uv": [0, 0, 0, 4], "texture": "#2"},
				"south": {"uv": [4, 0, 2, 16], "texture": "#2"},
				"west": {"uv": [0, 0, 0, 4], "texture": "#2"},
				"up": {"uv": [0, 0, 1, 0], "texture": "#2"},
				"down": {"uv": [0, 0, 1, 0], "texture": "#2"}
			}
		},
		{
			"name": "ef",
			"from": [6.00071, -6, 12.65615],
			"to": [10.00071, 24, 12.65615],
			"rotation": {"angle": 0, "axis": "y", "origin": [7.00071, 1, 12.65615]},
			"faces": {
				"north": {"uv": [10, 0, 8, 16], "texture": "#2"},
				"east": {"uv": [0, 0, 0, 4], "texture": "#2"},
				"south": {"uv": [8, 0, 10, 16], "texture": "#2"},
				"west": {"uv": [0, 0, 0, 4], "texture": "#2"},
				"up": {"uv": [0, 0, 1, 0], "texture": "#2"},
				"down": {"uv": [0, 0, 1, 0], "texture": "#2"}
			}
		},
		{
			"name": "ef",
			"from": [2.58649, -6, 11.24193],
			"to": [6.58649, 24, 11.24193],
			"rotation": {"angle": -45, "axis": "y", "origin": [4.58649, 9, 11.24193]},
			"faces": {
				"north": {"uv": [8, 0, 6, 16], "texture": "#2"},
				"east": {"uv": [0, 0, 0, 4], "texture": "#2"},
				"south": {"uv": [6, 0, 8, 16], "texture": "#2"},
				"west": {"uv": [0, 0, 0, 4], "texture": "#2"},
				"up": {"uv": [0, 0, 1, 0], "texture": "#2"},
				"down": {"uv": [0, 0, 1, 0], "texture": "#2"}
			}
		},
		{
			"name": "ef",
			"from": [9.41351, -6, 11.24193],
			"to": [13.41351, 24, 11.24193],
			"rotation": {"angle": 45, "axis": "y", "origin": [11.41351, 9, 11.24193]},
			"faces": {
				"north": {"uv": [12, 0, 10, 16], "texture": "#2"},
				"east": {"uv": [0, 0, 0, 4], "texture": "#2"},
				"south": {"uv": [10, 0, 12, 16], "texture": "#2"},
				"west": {"uv": [0, 0, 0, 4], "texture": "#2"},
				"up": {"uv": [1, 0, 2, 0], "texture": "#2"},
				"down": {"uv": [1, 0, 2, 0], "texture": "#2"}
			}
		}
	],
	"gui_light": "front",
	"display": {
		"thirdperson_righthand": {
			"rotation": [0, 90, 0],
			"translation": [0, 5.25, 1.75]
		},
		"thirdperson_lefthand": {
			"rotation": [0, 90, 0],
			"translation": [0, 5.25, 1.75]
		},
		"firstperson_righthand": {
			"rotation": [-1.28, -85.49, -10.83],
			"translation": [-3, 4.25, 3.75],
			"scale": [0.56, 0.56, 0.56]
		},
		"firstperson_lefthand": {
			"rotation": [-1.28, -85.49, -10.83],
			"translation": [-3, 4.25, 3.75],
			"scale": [0.56, 0.56, 0.56]
		},
		"ground": {
			"rotation": [0, 0, 45],
			"translation": [0, 3, 0],
			"scale": [0.52, 0.52, 0.52]
		},
		"gui": {
			"rotation": [0, 0, -45],
			"translation": [-0.5, -0.5, 0],
			"scale": [0.64, 0.64, 0.64]
		},
		"head": {
			"scale": [0, 0, 0]
		},
		"fixed": {
			"translation": [0, 1.75, -2],
			"scale": [0.73, 0.73, 0.73]
		}
	},
	"groups": [
		{
			"name": "shovelvoid",
			"origin": [6.50354, 17.35377, 8],
			"color": 0,
			"nbt": "{}",
			"armAnimationEnabled": false,
			"children": [0, 1, 2, 3, 4, 5, 6, 7, 8, 9, 10, 11, 12, 13, 14, 15, 16, 17, 18, 19, 20, 21, 22, 23, 24, 25, 26, 27, 28, 29, 30, 31, 32, 33, 34, 35, 36, 37, 38, 39]
		}
	]
}