{
	"credit": "Made with Blockbench",
	"textures": {
		"0": "item/easter/easter_atlas",
		"1": "item/easter/easter_ef_long",
		"particle": "item/easter/easter_atlas"
	},
	"elements": [
		{
			"from": [7.21065, -7.15, 7.19],
			"to": [8.77065, 10.85, 8.75],
			"rotation": {"angle": 0, "axis": "y", "origin": [6.79065, -3.55, 6.77]},
			"faces": {
				"north": {"uv": [5, 5.625, 4.75, 7.875], "texture": "#0"},
				"east": {"uv": [5.25, 5.625, 5, 7.875], "texture": "#0"},
				"south": {"uv": [5.25, 5.625, 5.5, 7.875], "texture": "#0"},
				"west": {"uv": [1, 6, 1.25, 8.25], "texture": "#0"},
				"up": {"uv": [9.75, 3.875, 9.5, 3.625], "texture": "#0"},
				"down": {"uv": [9.75, 3.875, 9.5, 4.125], "texture": "#0"}
			}
		},
		{
			"from": [6.61065, 3.95, 6.59],
			"to": [9.37065, 8.15, 9.35],
			"rotation": {"angle": 45, "axis": "y", "origin": [7.99065, 11.45, 7.97]},
			"faces": {
				"north": {"uv": [1.25, 7.875, 1.625, 8.375], "texture": "#0"},
				"east": {"uv": [8, 5.25, 8.375, 5.75], "texture": "#0"},
				"south": {"uv": [8.375, 5.25, 8, 5.75], "texture": "#0"},
				"west": {"uv": [8, 5.25, 8.375, 5.75], "texture": "#0"},
				"up": {"uv": [8.625, 4.625, 9, 5], "texture": "#0"},
				"down": {"uv": [9, 4.625, 8.625, 5], "texture": "#0"}
			}
		},
		{
			"from": [7.69065, 10.98664, 4.235],
			"to": [8.29065, 13.03332, 11.765],
			"rotation": {"angle": 0, "axis": "y", "origin": [7.99065, 19.52498, 7.37]},
			"faces": {
				"east": {"uv": [7, 6.25, 8, 6.5], "texture": "#0"},
				"west": {"uv": [7.375, 1.75, 8.375, 2], "texture": "#0"},
				"up": {"uv": [4, 9.875, 3.875, 8.875], "texture": "#0"},
				"down": {"uv": [1, 9, 0.875, 10], "texture": "#0"}
			}
		},
		{
			"from": [7.6952, 2.33346, 12.3631],
			"to": [8.3048, 5.88975, 15.9727],
			"rotation": {"angle": 0, "axis": "y", "origin": [8, 4.1116, 14.1679]},
			"faces": {
				"north": {"uv": [0.125, 9.5, 0, 10], "texture": "#0"},
				"east": {"uv": [8, 7.375, 7.5, 7.875], "texture": "#0"},
				"south": {"uv": [9.5, 9.375, 9.375, 9.875], "texture": "#0"},
				"west": {"uv": [4, 7.625, 3.5, 8.125], "texture": "#0"},
				"down": {"uv": [0.75, 10, 0.625, 9.5], "texture": "#0"}
			}
		},
		{
			"from": [8, -1.26174, 12.3679],
			"to": [8, 2.33826, 15.9679],
			"rotation": {"angle": 0, "axis": "y", "origin": [8, 3.5116, 14.1679]},
			"faces": {
				"north": {"uv": [0, 0, 0, 0.5], "texture": "#0"},
				"east": {"uv": [7.75, 4.75, 8.125, 5.25], "texture": "#0"},
				"south": {"uv": [0, 0, 0, 0.5], "texture": "#0"},
				"west": {"uv": [8.125, 4.75, 7.75, 5.25], "texture": "#0"},
				"up": {"uv": [0, 0, 0, 0.5], "texture": "#0"},
				"down": {"uv": [0, 0.5, 0, 0], "texture": "#0"}
			}
		},
		{
			"from": [7.692, 4.37941, 10.19903],
			"to": [8.308, 7.99541, 17.45171],
			"rotation": {"angle": -45, "axis": "x", "origin": [8, 7.98741, 14.47037]},
			"faces": {
				"north": {"uv": [9.375, 9.375, 9.25, 9.875], "texture": "#0"},
				"east": {"uv": [6.375, 6, 5.5, 6.5], "texture": "#0"},
				"south": {"uv": [9.5, 8.625, 9.375, 9.125], "texture": "#0"},
				"west": {"uv": [7.125, 0, 6.25, 0.5], "texture": "#0"},
				"down": {"uv": [4.875, 9.875, 4.75, 9], "texture": "#0"}
			}
		},
		{
			"from": [7.6988, 4.98868, 11.77164],
			"to": [8.3012, 7.93777, 16.57404],
			"rotation": {"angle": 0, "axis": "y", "origin": [8, 14.11323, 14.17284]},
			"faces": {
				"north": {"uv": [8.5, 9.5, 8.375, 9.875], "texture": "#0"},
				"east": {"uv": [8.375, 3.5, 7.75, 3.875], "texture": "#0"},
				"west": {"uv": [8.375, 3.875, 7.75, 4.25], "texture": "#0"},
				"up": {"uv": [2.5, 9.25, 2.375, 9.875], "texture": "#0"}
			}
		},
		{
			"from": [7.7, 7.86988, 12.97284],
			"to": [8.3, 10.08988, 16.57284],
			"rotation": {"angle": 0, "axis": "y", "origin": [8, 14.11323, 14.17284]},
			"faces": {
				"north": {"uv": [9.75, 3.125, 9.625, 3.375], "texture": "#0"},
				"east": {"uv": [9.5, 0.25, 9, 0.5], "texture": "#0"},
				"west": {"uv": [9.5, 0.875, 9, 1.125], "texture": "#0"}
			}
		},
		{
			"from": [7.7, 10.08988, 11.77284],
			"to": [8.3, 13.03657, 16.57284],
			"rotation": {"angle": 0, "axis": "y", "origin": [8, 14.11323, 14.17284]},
			"faces": {
				"north": {"uv": [9.625, 8.125, 9.5, 8.5], "texture": "#0"},
				"east": {"uv": [8.125, 2.875, 7.5, 3.25], "texture": "#0"},
				"south": {"uv": [8.25, 9.5, 8.125, 9.875], "texture": "#0"},
				"west": {"uv": [8.375, 0, 7.75, 0.375], "texture": "#0"},
				"down": {"uv": [2.125, 9.875, 2, 9.25], "texture": "#0"}
			}
		},
		{
			"from": [7.694, 11.95399, 12.07915],
			"to": [8.306, 14.01267, 17.19115],
			"rotation": {"angle": 22.5, "axis": "x", "origin": [8, 13.28333, 14.63515]},
			"faces": {
				"north": {"uv": [9.75, 2.875, 9.625, 3.125], "texture": "#0"},
				"east": {"uv": [9, 2, 8.375, 2.25], "texture": "#0"},
				"south": {"uv": [9.75, 2.625, 9.625, 2.875], "texture": "#0"},
				"west": {"uv": [9, 2.25, 8.375, 2.5], "texture": "#0"},
				"up": {"uv": [2.25, 9.25, 2.125, 9.875], "texture": "#0"}
			}
		},
		{
			"from": [7.6952, 2.33346, 0.0273],
			"to": [8.3048, 5.88975, 3.6369],
			"rotation": {"angle": 0, "axis": "y", "origin": [8, 4.1116, 1.8321]},
			"faces": {
				"north": {"uv": [9.375, 9.375, 9.5, 9.875], "texture": "#0"},
				"east": {"uv": [7.5, 7.375, 8, 7.875], "texture": "#0"},
				"south": {"uv": [0, 9.5, 0.125, 10], "texture": "#0"},
				"west": {"uv": [3.5, 7.625, 4, 8.125], "texture": "#0"},
				"down": {"uv": [0.75, 9.5, 0.625, 10], "texture": "#0"}
			}
		},
		{
			"from": [8, -1.26174, 0.0321],
			"to": [8, 2.33826, 3.6321],
			"rotation": {"angle": 0, "axis": "y", "origin": [8, 3.5116, 1.8321]},
			"faces": {
				"north": {"uv": [0, 0, 0, 0.5], "texture": "#0"},
				"east": {"uv": [8.125, 4.75, 7.75, 5.25], "texture": "#0"},
				"south": {"uv": [0, 0, 0, 0.5], "texture": "#0"},
				"west": {"uv": [7.75, 4.75, 8.125, 5.25], "texture": "#0"},
				"up": {"uv": [0, 0.5, 0, 0], "texture": "#0"},
				"down": {"uv": [0, 0, 0, 0.5], "texture": "#0"}
			}
		},
		{
			"from": [7.6988, 4.98868, -0.57404],
			"to": [8.3012, 7.93777, 4.22836],
			"rotation": {"angle": 0, "axis": "y", "origin": [8, 14.11323, 1.82716]},
			"faces": {
				"east": {"uv": [7.75, 3.5, 8.375, 3.875], "texture": "#0"},
				"south": {"uv": [8.375, 9.5, 8.5, 9.875], "texture": "#0"},
				"west": {"uv": [7.75, 3.875, 8.375, 4.25], "texture": "#0"},
				"up": {"uv": [2.5, 9.875, 2.375, 9.25], "texture": "#0"}
			}
		},
		{
			"from": [7.692, 4.37941, -1.45171],
			"to": [8.308, 7.99541, 5.80097],
			"rotation": {"angle": 45, "axis": "x", "origin": [8, 7.98741, 1.52963]},
			"faces": {
				"north": {"uv": [9.375, 8.625, 9.5, 9.125], "texture": "#0"},
				"east": {"uv": [5.5, 6, 6.375, 6.5], "texture": "#0"},
				"south": {"uv": [9.25, 9.375, 9.375, 9.875], "texture": "#0"},
				"west": {"uv": [6.25, 0, 7.125, 0.5], "texture": "#0"},
				"down": {"uv": [4.875, 9, 4.75, 9.875], "texture": "#0"}
			}
		},
		{
			"from": [7.7, 7.86988, -0.57284],
			"to": [8.3, 10.08988, 3.02716],
			"rotation": {"angle": 0, "axis": "y", "origin": [8, 14.11323, 1.82716]},
			"faces": {
				"east": {"uv": [9, 0.25, 9.5, 0.5], "texture": "#0"},
				"south": {"uv": [9.625, 3.125, 9.75, 3.375], "texture": "#0"},
				"west": {"uv": [9, 0.875, 9.5, 1.125], "texture": "#0"}
			}
		},
		{
			"from": [7.7, 10.08988, -0.57284],
			"to": [8.3, 13.03657, 4.22716],
			"rotation": {"angle": 0, "axis": "y", "origin": [8, 14.11323, 1.82716]},
			"faces": {
				"north": {"uv": [8.125, 9.5, 8.25, 9.875], "texture": "#0"},
				"east": {"uv": [7.5, 2.875, 8.125, 3.25], "texture": "#0"},
				"south": {"uv": [9.5, 8.125, 9.625, 8.5], "texture": "#0"},
				"west": {"uv": [7.75, 0, 8.375, 0.375], "texture": "#0"},
				"down": {"uv": [2.125, 9.25, 2, 9.875], "texture": "#0"}
			}
		},
		{
			"from": [7.694, 11.95399, -1.19115],
			"to": [8.306, 14.01267, 3.92085],
			"rotation": {"angle": -22.5, "axis": "x", "origin": [8, 13.28333, 1.36485]},
			"faces": {
				"north": {"uv": [9.625, 2.625, 9.75, 2.875], "texture": "#0"},
				"east": {"uv": [8.375, 2, 9, 2.25], "texture": "#0"},
				"south": {"uv": [9.625, 2.875, 9.75, 3.125], "texture": "#0"},
				"west": {"uv": [8.375, 2.25, 9, 2.5], "texture": "#0"},
				"up": {"uv": [2.25, 9.875, 2.125, 9.25], "texture": "#0"}
			}
		},
		{
			"from": [7.68305, 4.97904, 4.2274],
			"to": [8.29825, 7.04092, 11.7726],
			"rotation": {"angle": 0, "axis": "y", "origin": [7.99065, 19.52498, 7.37]},
			"faces": {
				"east": {"uv": [7.375, 2, 8.375, 2.25], "texture": "#0"},
				"west": {"uv": [7.375, 2.25, 8.375, 2.5], "texture": "#0"},
				"up": {"uv": [9.125, 4.125, 9, 3.125], "texture": "#0"},
				"down": {"uv": [4.375, 9, 4.25, 10], "texture": "#0"}
			}
		},
		{
			"from": [6.61298, -6.68241, 20.98124],
			"to": [9.37298, -3.92241, 23.74124],
			"rotation": {"angle": 45, "axis": "x", "origin": [8, 9.39435, 8.81]},
			"faces": {
				"north": {"uv": [1.625, 8.5, 2, 8.875], "texture": "#0"},
				"east": {"uv": [2, 8.5, 2.375, 8.875], "texture": "#0"},
				"south": {"uv": [2.625, 8.5, 3, 8.875], "texture": "#0"},
				"west": {"uv": [3, 8.5, 3.375, 8.875], "texture": "#0"},
				"up": {"uv": [6.25, 8.875, 5.875, 8.5], "texture": "#0"},
				"down": {"uv": [6.625, 8.5, 6.25, 8.875], "texture": "#0"}
			}
		},
		{
			"from": [6.61098, -10.582, 6.04639],
			"to": [9.37498, -8.358, 9.95039],
			"rotation": {"angle": 0, "axis": "y", "origin": [8, 9.39435, 8.81]},
			"faces": {
				"north": {"uv": [9, 1.75, 9.375, 2], "texture": "#0"},
				"east": {"uv": [1.25, 6, 1.75, 6.25], "texture": "#0"},
				"south": {"uv": [9, 2, 9.375, 2.25], "texture": "#0"},
				"west": {"uv": [8.625, 0.625, 9.125, 0.875], "texture": "#0"},
				"up": {"uv": [0.5, 8.25, 0.125, 7.75], "texture": "#0"},
				"down": {"uv": [2.25, 7.75, 1.875, 8.25], "texture": "#0"}
			}
		},
		{
			"from": [7.18779, -7.96, 6.85228],
			"to": [9.94779, -6.76, 9.61228],
			"rotation": {"angle": 45, "axis": "y", "origin": [8, 9.39435, 8.81]},
			"faces": {
				"north": {"uv": [9.375, 6.75, 9.75, 6.875], "texture": "#0"},
				"east": {"uv": [9.375, 7.375, 9.75, 7.5], "texture": "#0"},
				"south": {"uv": [9.5, 1, 9.875, 1.125], "texture": "#0"},
				"west": {"uv": [9.5, 4.125, 9.875, 4.25], "texture": "#0"},
				"up": {"uv": [9, 4.25, 8.625, 3.875], "texture": "#0"},
				"down": {"uv": [4.625, 8.625, 4.25, 9], "texture": "#0"}
			}
		},
		{
			"from": [7.18779, 10.135, 6.85228],
			"to": [9.94779, 11.335, 9.61228],
			"rotation": {"angle": 45, "axis": "y", "origin": [8, 18.05565, 8.81]},
			"faces": {
				"north": {"uv": [9.375, 6.875, 9.75, 6.75], "texture": "#0"},
				"east": {"uv": [9.375, 7.5, 9.75, 7.375], "texture": "#0"},
				"south": {"uv": [9.5, 1.125, 9.875, 1], "texture": "#0"},
				"west": {"uv": [9.5, 4.25, 9.875, 4.125], "texture": "#0"},
				"up": {"uv": [4.625, 9, 4.25, 8.625], "texture": "#0"},
				"down": {"uv": [9, 3.875, 8.625, 4.25], "texture": "#0"}
			}
		},
		{
			"from": [7.18779, 14.365, 6.85228],
			"to": [9.94779, 15.565, 9.61228],
			"rotation": {"angle": 45, "axis": "y", "origin": [8, 1.56935, 8.81]},
			"faces": {
				"north": {"uv": [9.375, 6.75, 9.75, 6.875], "texture": "#0"},
				"east": {"uv": [9.375, 7.375, 9.75, 7.5], "texture": "#0"},
				"south": {"uv": [9.5, 1, 9.875, 1.125], "texture": "#0"},
				"west": {"uv": [9.5, 4.125, 9.875, 4.25], "texture": "#0"},
				"up": {"uv": [9, 4.25, 8.625, 3.875], "texture": "#0"},
				"down": {"uv": [4.625, 8.625, 4.25, 9], "texture": "#0"}
			}
		},
		{
			"from": [7.41235, 11.85, 8.23228],
			"to": [10.23235, 13.65, 11.05228],
			"rotation": {"angle": -45, "axis": "y", "origin": [8, 20.84435, 8.81]},
			"faces": {
				"north": {"uv": [9, 2.25, 9.375, 2.5], "texture": "#0"},
				"east": {"uv": [9, 2.625, 9.375, 2.875], "texture": "#0"},
				"south": {"uv": [5.125, 9, 5.5, 9.25], "texture": "#0"},
				"west": {"uv": [9, 5.25, 9.375, 5.5], "texture": "#0"},
				"up": {"uv": [8.875, 6.875, 8.5, 6.5], "texture": "#0"},
				"down": {"uv": [8.875, 6.875, 8.5, 7.25], "texture": "#0"}
			}
		},
		{
			"from": [6.01098, 11.848, 6.018],
			"to": [9.97498, 13.652, 9.982],
			"rotation": {"angle": 0, "axis": "y", "origin": [8, 20.84435, 8.81]},
			"faces": {
				"north": {"uv": [8.625, 5.625, 9.125, 5.875], "texture": "#0"},
				"east": {"uv": [8.75, 1.5, 9.25, 1.75], "texture": "#0"},
				"south": {"uv": [8.75, 7.625, 9.25, 7.875], "texture": "#0"},
				"west": {"uv": [8.875, 2.875, 9.375, 3.125], "texture": "#0"},
				"up": {"uv": [7.625, 6, 7.125, 5.5], "texture": "#0"},
				"down": {"uv": [7.625, 6.875, 7.125, 7.375], "texture": "#0"}
			}
		},
		{
			"from": [4.62214, 11.85, 5.42221],
			"to": [7.44214, 13.65, 8.24221],
			"rotation": {"angle": -45, "axis": "y", "origin": [8, 20.84435, 8.81]},
			"faces": {
				"north": {"uv": [7.5, 9, 7.875, 9.25], "texture": "#0"},
				"east": {"uv": [7.875, 9, 8.25, 9.25], "texture": "#0"},
				"south": {"uv": [9, 7.875, 9.375, 8.125], "texture": "#0"},
				"west": {"uv": [8.25, 9, 8.625, 9.25], "texture": "#0"},
				"up": {"uv": [9, 0.625, 8.625, 0.25], "texture": "#0"},
				"down": {"uv": [1, 8.625, 0.625, 9], "texture": "#0"}
			}
		},
		{
			"from": [7.1, 15.39224, 6.81039],
			"to": [8.9, 18.05224, 7.81039],
			"rotation": {"angle": -22.5, "axis": "x", "origin": [8, 16.31434, 8.24902]},
			"faces": {
				"north": {"uv": [3.375, 8.875, 3.625, 9.375], "texture": "#0"},
				"east": {"uv": [9.25, 1.75, 9.75, 1.625], "rotation": 90, "texture": "#0"},
				"south": {"uv": [3.125, 9.375, 3.375, 8.875], "rotation": 180, "texture": "#0"},
				"west": {"uv": [5.375, 9.375, 5.875, 9.25], "rotation": 270, "texture": "#0"},
				"up": {"uv": [6.625, 4.75, 6.875, 4.625], "texture": "#0"},
				"down": {"uv": [6.125, 6.625, 6.375, 6.5], "rotation": 180, "texture": "#0"}
			}
		},
		{
			"from": [7.3, 15.27863, 7.70968],
			"to": [8.7, 18.23863, 8.70968],
			"rotation": {"angle": 0, "axis": "y", "origin": [8, 16.31434, 8.24902]},
			"faces": {
				"north": {"uv": [3.375, 8.875, 3.625, 9.375], "texture": "#0"},
				"east": {"uv": [9.25, 1.75, 9.75, 1.625], "rotation": 90, "texture": "#0"},
				"south": {"uv": [3.125, 9.375, 3.375, 8.875], "rotation": 180, "texture": "#0"},
				"west": {"uv": [5.375, 9.375, 5.875, 9.25], "rotation": 270, "texture": "#0"},
				"up": {"uv": [6.625, 4.75, 6.875, 4.625], "texture": "#0"},
				"down": {"uv": [6.125, 6.625, 6.375, 6.5], "rotation": 180, "texture": "#0"}
			}
		},
		{
			"from": [7.2, 15.36488, 8.39502],
			"to": [8.8, 18.32488, 9.39502],
			"rotation": {"angle": 45, "axis": "x", "origin": [8, 16.31434, 8.24902]},
			"faces": {
				"north": {"uv": [3.375, 8.875, 3.625, 9.375], "texture": "#0"},
				"east": {"uv": [9.25, 1.75, 9.75, 1.625], "rotation": 90, "texture": "#0"},
				"south": {"uv": [3.125, 9.375, 3.375, 8.875], "rotation": 180, "texture": "#0"},
				"west": {"uv": [5.375, 9.375, 5.875, 9.25], "rotation": 270, "texture": "#0"},
				"up": {"uv": [6.625, 4.75, 6.875, 4.625], "texture": "#0"},
				"down": {"uv": [6.125, 6.625, 6.375, 6.5], "rotation": 180, "texture": "#0"}
			}
		},
		{
			"name": "stoke",
			"from": [11.03067, 14.35442, 9.71631],
			"to": [4.96026, 11.35223, 6.27055],
			"rotation": {"angle": 0, "axis": "y", "origin": [7.99546, 12.85333, 8.86144]},
			"faces": {
				"east": {"uv": [7.625, 5.125, 7.75, 5.25], "rotation": 90, "texture": "#0"},
				"west": {"uv": [7.625, 5.125, 7.75, 5.25], "rotation": 270, "texture": "#0"},
				"up": {"uv": [7.625, 5.125, 7.75, 5.25], "texture": "#0"},
				"down": {"uv": [7.625, 5.125, 7.75, 5.25], "rotation": 180, "texture": "#0"}
			}
		},
		{
			"name": "stoke",
			"from": [10.15717, 14.35442, 8.42318],
			"to": [5.85191, 11.35223, 4.11792],
			"rotation": {"angle": 45, "axis": "y", "origin": [8.00454, 12.85333, 6.27055]},
			"faces": {
				"south": {"uv": [7.625, 5.25, 7.75, 5.125], "rotation": 90, "texture": "#0"},
				"west": {"uv": [7.625, 5.25, 7.75, 5.125], "rotation": 90, "texture": "#0"},
				"up": {"uv": [7.75, 5.125, 7.625, 5.25], "texture": "#0"},
				"down": {"uv": [7.75, 5.125, 7.625, 5.25], "rotation": 180, "texture": "#0"}
			}
		},
		{
			"name": "stoke",
			"from": [9.53432, 14.35442, 11.62785],
			"to": [5.22906, 11.35223, 7.32259],
			"rotation": {"angle": 45, "axis": "y", "origin": [7.99546, 12.85333, 8.86144]},
			"faces": {
				"north": {"uv": [7.625, 5.125, 7.75, 5.25], "rotation": 270, "texture": "#0"},
				"east": {"uv": [7.625, 5.125, 7.75, 5.25], "rotation": 90, "texture": "#0"},
				"up": {"uv": [7.625, 5.125, 7.75, 5.25], "texture": "#0"},
				"down": {"uv": [7.625, 5.125, 7.75, 5.25], "rotation": 180, "texture": "#0"}
			}
		},
		{
			"name": "stoke",
			"from": [9.78701, -7.92744, 10.52934],
			"to": [6.21299, -10.79891, 5.47066],
			"rotation": {"angle": 0, "axis": "y", "origin": [8, -8.88045, 5.6407]},
			"faces": {
				"north": {"uv": [7.625, 5.125, 7.75, 5.25], "texture": "#0"},
				"east": {"uv": [7.625, 5.125, 7.75, 5.25], "texture": "#0"},
				"south": {"uv": [7.625, 5.125, 7.75, 5.25], "texture": "#0"},
				"west": {"uv": [7.625, 5.125, 7.75, 5.25], "texture": "#0"},
				"down": {"uv": [7.625, 5.125, 7.75, 5.25], "texture": "#0"}
			}
		},
		{
			"name": "stoke",
			"from": [9.78701, -9.0272, 13.16743],
			"to": [6.21299, -12.61492, 9.57971],
			"rotation": {"angle": 45, "axis": "x", "origin": [8, -6.7432, 9.70031]},
			"faces": {
				"north": {"uv": [7.625, 5.125, 7.75, 5.25], "texture": "#0"},
				"east": {"uv": [7.625, 5.125, 7.75, 5.25], "texture": "#0"},
				"west": {"uv": [7.625, 5.125, 7.75, 5.25], "texture": "#0"},
				"up": {"uv": [7.625, 5.125, 7.75, 5.25], "texture": "#0"}
			}
		},
		{
			"name": "ef",
			"from": [9.37263, 4, 10.1733],
			"to": [9.37263, 29.6, 16.1733],
			"rotation": {"angle": -22.5, "axis": "y", "origin": [8.12263, 16.8, 13.1733]},
			"faces": {
				"north": {"uv": [0, 0, 0, 4], "texture": "#missing"},
				"east": {"uv": [12.25, 0, 15.6875, 16], "texture": "#1"},
				"south": {"uv": [0, 0, 0, 4], "texture": "#missing"},
				"west": {"uv": [15.6875, 0, 12.25, 16], "texture": "#1"},
				"up": {"uv": [0, 0, 0, 1.1875], "rotation": 180, "texture": "#missing"},
				"down": {"uv": [0, 0, 0, 1.1875], "rotation": 180, "texture": "#missing"}
			}
		},
		{
			"name": "ef",
			"from": [9.87737, 3.4, -1.2285],
			"to": [9.87737, 29, 4.7715],
			"rotation": {"angle": 22.5, "axis": "y", "origin": [7.87737, 16.2, 1.7715]},
			"faces": {
				"north": {"uv": [0, 0, 0, 4], "texture": "#missing"},
				"east": {"uv": [7.6875, 0, 4.25, 16], "texture": "#1"},
				"south": {"uv": [0, 0, 0, 4], "texture": "#missing"},
				"west": {"uv": [4.25, 0, 7.6875, 16], "texture": "#1"},
				"up": {"uv": [0, 1.1875, 0, 0], "rotation": 180, "texture": "#missing"},
				"down": {"uv": [0, 1.1875, 0, 0], "rotation": 180, "texture": "#missing"}
			}
		},
		{
			"name": "ef",
			"from": [6.9535, -9.4, 12.62358],
			"to": [6.9535, 16.2, 18.62358],
			"rotation": {"angle": 22.5, "axis": "y", "origin": [6.9535, 6.4, 15.62358]},
			"faces": {
				"north": {"uv": [0, 0, 0, 4], "texture": "#missing"},
				"east": {"uv": [8.25, 0, 11.6875, 16], "texture": "#1"},
				"south": {"uv": [0, 0, 0, 4], "texture": "#missing"},
				"west": {"uv": [11.6875, 0, 8.25, 16], "texture": "#1"},
				"up": {"uv": [0, 1.1875, 0, 0], "texture": "#missing"},
				"down": {"uv": [0, 1.1875, 0, 0], "texture": "#missing"}
			}
		},
		{
			"name": "ef",
			"from": [3.34019, -3.8, 0.07319],
			"to": [3.34019, 21.8, 6.07319],
			"rotation": {"angle": -22.5, "axis": "y", "origin": [17.12454, 12.6, 8]},
			"faces": {
				"north": {"uv": [0, 0, 0, 4], "texture": "#missing"},
				"east": {"uv": [3.6875, 0, 0.25, 16], "texture": "#1"},
				"south": {"uv": [0, 0, 0, 4], "texture": "#missing"},
				"west": {"uv": [0.25, 0, 3.6875, 16], "texture": "#1"},
				"up": {"uv": [0, 0, 0, 1.1875], "texture": "#missing"},
				"down": {"uv": [0, 0, 0, 1.1875], "texture": "#missing"}
			}
		}
	],
	"gui_light": "front",
	"display": {
		"thirdperson_righthand": {
			"translation": [0, 8, 2],
			"scale": [0.8, 0.8, 0.8]
		},
		"thirdperson_lefthand": {
			"translation": [0, 8, 2],
			"scale": [0.8, 0.8, 0.8]
		},
		"firstperson_righthand": {
			"rotation": [9.53, 0.54, -0.71],
			"translation": [18.5, 13, -20],
			"scale": [1.44, 1.44, 1.44]
		},
		"firstperson_lefthand": {
			"rotation": [9.53, 0.54, -0.71],
			"translation": [18.5, 13, -20],
			"scale": [1.44, 1.44, 1.44]
		},
		"ground": {
			"rotation": [45, 0, 0],
			"translation": [0, 2.5, 0.5],
			"scale": [0.3, 0.3, 0.3]
		},
		"gui": {
			"rotation": [83.92, 45, -85.7],
			"translation": [1.5, 1.5, 0],
			"scale": [0.59, 0.59, 0.59]
		},
		"head": {
			"translation": [0, 6.5, 0],
			"scale": [0, 0, 0]
		},
		"fixed": {
			"rotation": [0, -90, 0],
			"translation": [-0.25, 5.25, -0.75],
			"scale": [0.71, 0.71, 0.71]
		}
	},
	"groups": [
		{
			"name": "easter_axe",
			"origin": [8.67175, 13.75, 9.65],
			"color": 0,
			"nbt": "{}",
			"children": [0, 1, 2, 3, 4, 5, 6, 7, 8, 9, 10, 11, 12, 13, 14, 15, 16, 17, 18, 19, 20, 21, 22, 23, 24, 25, 26, 27, 28, 29, 30, 31, 32, 33, 34, 35, 36, 37]
		}
	]
}