{
  "format_version": "1.9.0",
  "credit": "Pologony Creation Co.,Ltd.",
  "textures": {
    "1": "item/pyrosoul/pyrosoul_pickaxe",
    "2": "item/pyrosoul/pyrosoul_ef5_long",
    "3": "item/pyrosoul/pyrosoul_ef3_long",
    "particle": "item/pyrosoul/pyrosoul_ef5_long"
  },
  "elements": [
    {
      "from": [
        7.5,
        -0.25,
        7.5
      ],
      "to": [
        8.5,
        1.75,
        9.5
      ],
      "rotation": {
        "angle": -45,
        "axis": "x",
        "origin": [
          7.5,
          0.25,
          8
        ]
      },
      "faces": {
        "north": {
          "uv": [
            9.5,
            3.5,
            10,
            4.5
          ],
          "texture": "#1"
        },
        "east": {
          "uv": [
            0,
            6,
            1,
            7
          ],
          "texture": "#1"
        },
        "south": {
          "uv": [
            10,
            1.5,
            10.5,
            2.5
          ],
          "texture": "#1"
        },
        "west": {
          "uv": [
            6,
            0,
            7,
            1
          ],
          "texture": "#1"
        },
        "up": {
          "uv": [
            10.5,
            6,
            10,
            5
          ],
          "texture": "#1"
        },
        "down": {
          "uv": [
            0.5,
            10.5,
            0,
            11.5
          ],
          "texture": "#1"
        }
      }
    },
    {
      "from": [
        7.25,
        0,
        7.75
      ],
      "to": [
        8.75,
        1.5,
        9.25
      ],
      "rotation": {
        "angle": -45,
        "axis": "x",
        "origin": [
          7.5,
          0.25,
          8
        ]
      },
      "faces": {
        "north": {
          "uv": [
            3,
            9,
            3.75,
            9.75
          ],
          "texture": "#1"
        },
        "east": {
          "uv": [
            4.5,
            9,
            5.25,
            9.75
          ],
          "texture": "#1"
        },
        "south": {
          "uv": [
            6,
            9,
            6.75,
            9.75
          ],
          "texture": "#1"
        },
        "west": {
          "uv": [
            7.5,
            9,
            8.25,
            9.75
          ],
          "texture": "#1"
        },
        "up": {
          "uv": [
            9.75,
            8.25,
            9,
            7.5
          ],
          "texture": "#1"
        },
        "down": {
          "uv": [
            9.75,
            9,
            9,
            9.75
          ],
          "texture": "#1"
        }
      }
    },
    {
      "from": [
        7.29289,
        3.12132,
        7.92678
      ],
      "to": [
        8.54289,
        4.37132,
        9.17678
      ],
      "rotation": {
        "angle": 45,
        "axis": "y",
        "origin": [
          7.29289,
          3.12132,
          8.17678
        ]
      },
      "faces": {
        "north": {
          "uv": [
            1,
            11,
            1.625,
            11.625
          ],
          "texture": "#1"
        },
        "east": {
          "uv": [
            11,
            1,
            11.625,
            1.625
          ],
          "texture": "#1"
        },
        "south": {
          "uv": [
            11,
            5,
            11.625,
            5.625
          ],
          "texture": "#1"
        },
        "west": {
          "uv": [
            2.5,
            11.5,
            3.125,
            12.125
          ],
          "texture": "#1"
        },
        "up": {
          "uv": [
            4.625,
            12.125,
            4,
            11.5
          ],
          "texture": "#1"
        }
      }
    },
    {
      "from": [
        7.29289,
        4.37132,
        8
      ],
      "to": [
        8.29289,
        5.62132,
        9
      ],
      "rotation": {
        "angle": 45,
        "axis": "y",
        "origin": [
          7.29289,
          4.37132,
          8
        ]
      },
      "faces": {
        "north": {
          "uv": [
            12.5,
            0,
            13,
            0.625
          ],
          "texture": "#1"
        },
        "east": {
          "uv": [
            1,
            12.5,
            1.5,
            13.125
          ],
          "texture": "#1"
        },
        "south": {
          "uv": [
            12.5,
            4.5,
            13,
            5.125
          ],
          "texture": "#1"
        },
        "west": {
          "uv": [
            13,
            1.5,
            13.5,
            2.125
          ],
          "texture": "#1"
        }
      }
    },
    {
      "from": [
        7.29289,
        5.62132,
        7.92678
      ],
      "to": [
        8.54289,
        6.87132,
        9.17678
      ],
      "rotation": {
        "angle": 45,
        "axis": "y",
        "origin": [
          7.29289,
          5.62132,
          8.17678
        ]
      },
      "faces": {
        "north": {
          "uv": [
            5.5,
            11.5,
            6.125,
            12.125
          ],
          "texture": "#1"
        },
        "east": {
          "uv": [
            7,
            11.5,
            7.625,
            12.125
          ],
          "texture": "#1"
        },
        "south": {
          "uv": [
            8.5,
            11.5,
            9.125,
            12.125
          ],
          "texture": "#1"
        },
        "west": {
          "uv": [
            10,
            11.5,
            10.625,
            12.125
          ],
          "texture": "#1"
        },
        "down": {
          "uv": [
            12.125,
            11.5,
            11.5,
            12.125
          ],
          "texture": "#1"
        }
      }
    },
    {
      "from": [
        7.04289,
        6.87132,
        7.67678
      ],
      "to": [
        8.79289,
        10.87132,
        9.42678
      ],
      "rotation": {
        "angle": 45,
        "axis": "y",
        "origin": [
          7.29289,
          6.87132,
          8.17678
        ]
      },
      "faces": {
        "north": {
          "uv": [
            4.5,
            0,
            5.375,
            2
          ],
          "texture": "#1"
        },
        "east": {
          "uv": [
            2,
            5,
            2.875,
            7
          ],
          "texture": "#1"
        },
        "south": {
          "uv": [
            3.5,
            5,
            4.375,
            7
          ],
          "texture": "#1"
        },
        "west": {
          "uv": [
            5,
            5,
            5.875,
            7
          ],
          "texture": "#1"
        },
        "down": {
          "uv": [
            9.875,
            0,
            9,
            0.875
          ],
          "texture": "#1"
        }
      }
    },
    {
      "from": [
        6.79289,
        11.87132,
        7.5
      ],
      "to": [
        8.79289,
        12.37132,
        9.5
      ],
      "rotation": {
        "angle": 45,
        "axis": "y",
        "origin": [
          7.29289,
          11.87132,
          8
        ]
      },
      "faces": {
        "north": {
          "uv": [
            12,
            10.5,
            13,
            10.75
          ],
          "texture": "#1"
        },
        "east": {
          "uv": [
            5,
            13,
            6,
            13.25
          ],
          "texture": "#1"
        },
        "south": {
          "uv": [
            13,
            6,
            14,
            6.25
          ],
          "texture": "#1"
        },
        "west": {
          "uv": [
            6.5,
            13,
            7.5,
            13.25
          ],
          "texture": "#1"
        },
        "up": {
          "uv": [
            7,
            2.5,
            6,
            1.5
          ],
          "texture": "#1"
        },
        "down": {
          "uv": [
            7,
            3,
            6,
            4
          ],
          "texture": "#1"
        }
      }
    },
    {
      "from": [
        7.04289,
        11.37132,
        7.75
      ],
      "to": [
        8.54289,
        11.87132,
        9.25
      ],
      "rotation": {
        "angle": 45,
        "axis": "y",
        "origin": [
          7.29289,
          11.37132,
          8
        ]
      },
      "faces": {
        "north": {
          "uv": [
            8.5,
            14,
            9.25,
            14.25
          ],
          "texture": "#1"
        },
        "east": {
          "uv": [
            10,
            14,
            10.75,
            14.25
          ],
          "texture": "#1"
        },
        "south": {
          "uv": [
            11.5,
            14,
            12.25,
            14.25
          ],
          "texture": "#1"
        },
        "west": {
          "uv": [
            14,
            12.5,
            14.75,
            12.75
          ],
          "texture": "#1"
        }
      }
    },
    {
      "from": [
        6.79289,
        10.87132,
        7.5
      ],
      "to": [
        8.79289,
        11.37132,
        9.5
      ],
      "rotation": {
        "angle": 45,
        "axis": "y",
        "origin": [
          7.29289,
          10.87132,
          8
        ]
      },
      "faces": {
        "north": {
          "uv": [
            13,
            7,
            14,
            7.25
          ],
          "texture": "#1"
        },
        "east": {
          "uv": [
            8,
            13,
            9,
            13.25
          ],
          "texture": "#1"
        },
        "south": {
          "uv": [
            13,
            8,
            14,
            8.25
          ],
          "texture": "#1"
        },
        "west": {
          "uv": [
            13,
            9,
            14,
            9.25
          ],
          "texture": "#1"
        },
        "up": {
          "uv": [
            7.5,
            5.5,
            6.5,
            4.5
          ],
          "texture": "#1"
        },
        "down": {
          "uv": [
            7.5,
            6,
            6.5,
            7
          ],
          "texture": "#1"
        }
      }
    },
    {
      "from": [
        7.0035,
        11.75707,
        5.53492
      ],
      "to": [
        8.9965,
        12.68207,
        7.53492
      ],
      "rotation": {
        "angle": -22.5,
        "axis": "x",
        "origin": [
          7.0035,
          11.68207,
          5.53492
        ]
      },
      "faces": {
        "north": {
          "uv": [
            10,
            6.5,
            11,
            7
          ],
          "texture": "#1"
        },
        "east": {
          "uv": [
            10.5,
            0,
            11.5,
            0.5
          ],
          "texture": "#1"
        },
        "west": {
          "uv": [
            3,
            10.5,
            4,
            11
          ],
          "texture": "#1"
        },
        "up": {
          "uv": [
            1,
            8.5,
            0,
            7.5
          ],
          "texture": "#1"
        },
        "down": {
          "uv": [
            8.5,
            0,
            7.5,
            1
          ],
          "texture": "#1"
        }
      }
    },
    {
      "from": [
        7,
        12.37132,
        7
      ],
      "to": [
        9,
        13.37132,
        9
      ],
      "rotation": {
        "angle": 0,
        "axis": "y",
        "origin": [
          8,
          12.87132,
          8
        ]
      },
      "faces": {
        "north": {
          "uv": [
            10.5,
            3,
            11.5,
            3.5
          ],
          "texture": "#1"
        },
        "east": {
          "uv": [
            10.5,
            4,
            11.5,
            4.5
          ],
          "texture": "#1"
        },
        "south": {
          "uv": [
            4.5,
            10.5,
            5.5,
            11
          ],
          "texture": "#1"
        },
        "west": {
          "uv": [
            6,
            10.5,
            7,
            11
          ],
          "texture": "#1"
        },
        "up": {
          "uv": [
            2.5,
            8.5,
            1.5,
            7.5
          ],
          "texture": "#1"
        },
        "down": {
          "uv": [
            8.5,
            1.5,
            7.5,
            2.5
          ],
          "texture": "#1"
        }
      }
    },
    {
      "from": [
        7.0035,
        12.68207,
        5.53492
      ],
      "to": [
        8.9965,
        13.68207,
        6.03492
      ],
      "rotation": {
        "angle": -22.5,
        "axis": "x",
        "origin": [
          7.0035,
          11.68207,
          5.53492
        ]
      },
      "faces": {
        "north": {
          "uv": [
            7.5,
            10.5,
            8.5,
            11
          ],
          "texture": "#1"
        },
        "east": {
          "uv": [
            14.5,
            6.5,
            14.75,
            7
          ],
          "texture": "#1"
        },
        "south": {
          "uv": [
            10.5,
            7.5,
            11.5,
            8
          ],
          "texture": "#1"
        },
        "west": {
          "uv": [
            14.5,
            7.5,
            14.75,
            8
          ],
          "texture": "#1"
        },
        "up": {
          "uv": [
            10.5,
            13.25,
            9.5,
            13
          ],
          "texture": "#1"
        }
      }
    },
    {
      "from": [
        6.79289,
        12.87132,
        7.5
      ],
      "to": [
        8.79289,
        13.87132,
        9.5
      ],
      "rotation": {
        "angle": 45,
        "axis": "y",
        "origin": [
          7.29289,
          11.87132,
          8
        ]
      },
      "faces": {
        "north": {
          "uv": [
            10.5,
            8.5,
            11.5,
            9
          ],
          "texture": "#1"
        },
        "east": {
          "uv": [
            9,
            10.5,
            10,
            11
          ],
          "texture": "#1"
        },
        "south": {
          "uv": [
            10.5,
            9.5,
            11.5,
            10
          ],
          "texture": "#1"
        },
        "west": {
          "uv": [
            10.5,
            10.5,
            11.5,
            11
          ],
          "texture": "#1"
        },
        "up": {
          "uv": [
            4,
            8.5,
            3,
            7.5
          ],
          "texture": "#1"
        },
        "down": {
          "uv": [
            8.5,
            3,
            7.5,
            4
          ],
          "texture": "#1"
        }
      }
    },
    {
      "from": [
        7.0035,
        13.18207,
        6.03492
      ],
      "to": [
        8.9965,
        13.68207,
        6.53492
      ],
      "rotation": {
        "angle": -22.5,
        "axis": "x",
        "origin": [
          7.0035,
          11.68207,
          5.53492
        ]
      },
      "faces": {
        "east": {
          "uv": [
            0,
            15,
            0.25,
            15.25
          ],
          "texture": "#1"
        },
        "south": {
          "uv": [
            11,
            13,
            12,
            13.25
          ],
          "texture": "#1"
        },
        "west": {
          "uv": [
            15,
            0,
            15.25,
            0.25
          ],
          "texture": "#1"
        },
        "up": {
          "uv": [
            14,
            11.75,
            13,
            11.5
          ],
          "texture": "#1"
        },
        "down": {
          "uv": [
            13.5,
            13,
            12.5,
            13.25
          ],
          "texture": "#1"
        }
      }
    },
    {
      "from": [
        7.75,
        12.70711,
        8
      ],
      "to": [
        8.25,
        15.45711,
        10.75
      ],
      "rotation": {
        "angle": -45,
        "axis": "x",
        "origin": [
          7.75,
          12.70711,
          8
        ]
      },
      "faces": {
        "north": {
          "uv": [
            0,
            12,
            0.25,
            13.375
          ],
          "texture": "#1"
        },
        "east": {
          "uv": [
            2,
            3,
            3.375,
            4.375
          ],
          "texture": "#1"
        },
        "south": {
          "uv": [
            12,
            2.5,
            12.25,
            3.875
          ],
          "texture": "#1"
        },
        "west": {
          "uv": [
            4,
            3,
            5.375,
            4.375
          ],
          "texture": "#1"
        },
        "up": {
          "uv": [
            12.25,
            7.875,
            12,
            6.5
          ],
          "texture": "#1"
        },
        "down": {
          "uv": [
            12.25,
            8.5,
            12,
            9.875
          ],
          "texture": "#1"
        }
      }
    },
    {
      "from": [
        7.995,
        -3.11289,
        5.04523
      ],
      "to": [
        8.005,
        1.63711,
        7.79523
      ],
      "rotation": {
        "angle": 0,
        "axis": "y",
        "origin": [
          7.995,
          -1.48789,
          6.54523
        ]
      },
      "faces": {
        "east": {
          "uv": [
            1.375,
            3,
            0,
            5.375
          ],
          "texture": "#1"
        },
        "west": {
          "uv": [
            0,
            3,
            1.375,
            5.375
          ],
          "texture": "#1"
        }
      }
    },
    {
      "from": [
        7.995,
        -3.11289,
        8.20477
      ],
      "to": [
        8.005,
        1.63711,
        10.95477
      ],
      "rotation": {
        "angle": 0,
        "axis": "y",
        "origin": [
          7.995,
          -1.48789,
          9.45477
        ]
      },
      "faces": {
        "east": {
          "uv": [
            0,
            3,
            1.375,
            5.375
          ],
          "texture": "#1"
        },
        "west": {
          "uv": [
            1.375,
            3,
            0,
            5.375
          ],
          "texture": "#1"
        }
      }
    },
    {
      "from": [
        6.79289,
        2.62132,
        7.5
      ],
      "to": [
        8.79289,
        3.12132,
        9.5
      ],
      "rotation": {
        "angle": 45,
        "axis": "y",
        "origin": [
          7.29289,
          2.62132,
          8
        ]
      },
      "faces": {
        "north": {
          "uv": [
            13.5,
            0,
            14.5,
            0.25
          ],
          "texture": "#1"
        },
        "east": {
          "uv": [
            13.5,
            4.5,
            14.5,
            4.75
          ],
          "texture": "#1"
        },
        "south": {
          "uv": [
            13.5,
            10,
            14.5,
            10.25
          ],
          "texture": "#1"
        },
        "west": {
          "uv": [
            0,
            14,
            1,
            14.25
          ],
          "texture": "#1"
        },
        "up": {
          "uv": [
            5.5,
            8.5,
            4.5,
            7.5
          ],
          "texture": "#1"
        },
        "down": {
          "uv": [
            7,
            7.5,
            6,
            8.5
          ],
          "texture": "#1"
        }
      }
    },
    {
      "from": [
        7.04289,
        2.12132,
        7.75
      ],
      "to": [
        8.54289,
        2.62132,
        9.25
      ],
      "rotation": {
        "angle": 45,
        "axis": "y",
        "origin": [
          7.29289,
          2.12132,
          8
        ]
      },
      "faces": {
        "north": {
          "uv": [
            14,
            13.5,
            14.75,
            13.75
          ],
          "texture": "#1"
        },
        "east": {
          "uv": [
            1.5,
            14.5,
            2.25,
            14.75
          ],
          "texture": "#1"
        },
        "south": {
          "uv": [
            3,
            14.5,
            3.75,
            14.75
          ],
          "texture": "#1"
        },
        "west": {
          "uv": [
            14.5,
            5.5,
            15.25,
            5.75
          ],
          "texture": "#1"
        }
      }
    },
    {
      "from": [
        6.79289,
        1.62132,
        7.5
      ],
      "to": [
        8.79289,
        2.12132,
        9.5
      ],
      "rotation": {
        "angle": 45,
        "axis": "y",
        "origin": [
          7.29289,
          1.62132,
          8
        ]
      },
      "faces": {
        "north": {
          "uv": [
            14,
            1,
            15,
            1.25
          ],
          "texture": "#1"
        },
        "east": {
          "uv": [
            14,
            2,
            15,
            2.25
          ],
          "texture": "#1"
        },
        "south": {
          "uv": [
            14,
            3,
            15,
            3.25
          ],
          "texture": "#1"
        },
        "west": {
          "uv": [
            5,
            14,
            6,
            14.25
          ],
          "texture": "#1"
        },
        "up": {
          "uv": [
            8.5,
            8.5,
            7.5,
            7.5
          ],
          "texture": "#1"
        },
        "down": {
          "uv": [
            9,
            4.5,
            8,
            5.5
          ],
          "texture": "#1"
        }
      }
    },
    {
      "from": [
        7.5035,
        14.68207,
        5.03492
      ],
      "to": [
        8.4965,
        15.18207,
        5.53492
      ],
      "rotation": {
        "angle": -22.5,
        "axis": "x",
        "origin": [
          7.0035,
          11.68207,
          5.53492
        ]
      },
      "faces": {
        "east": {
          "uv": [
            15,
            4,
            15.25,
            4.25
          ],
          "texture": "#1"
        },
        "south": {
          "uv": [
            14.5,
            8.5,
            15,
            8.75
          ],
          "texture": "#1"
        },
        "west": {
          "uv": [
            4.5,
            15,
            4.75,
            15.25
          ],
          "texture": "#1"
        },
        "up": {
          "uv": [
            15,
            11.25,
            14.5,
            11
          ],
          "texture": "#1"
        },
        "down": {
          "uv": [
            14.5,
            14.5,
            14,
            14.75
          ],
          "texture": "#1"
        }
      }
    },
    {
      "from": [
        7.5035,
        13.93207,
        4.28492
      ],
      "to": [
        8.4965,
        15.18207,
        5.03492
      ],
      "rotation": {
        "angle": -22.5,
        "axis": "x",
        "origin": [
          7.0035,
          11.68207,
          5.53492
        ]
      },
      "faces": {
        "north": {
          "uv": [
            13,
            3,
            13.5,
            3.625
          ],
          "texture": "#1"
        },
        "east": {
          "uv": [
            6.5,
            14,
            6.875,
            14.625
          ],
          "texture": "#1"
        },
        "south": {
          "uv": [
            4,
            13,
            4.5,
            13.625
          ],
          "texture": "#1"
        },
        "west": {
          "uv": [
            7.5,
            14,
            7.875,
            14.625
          ],
          "texture": "#1"
        },
        "up": {
          "uv": [
            13.5,
            14.375,
            13,
            14
          ],
          "texture": "#1"
        }
      }
    },
    {
      "from": [
        7.5035,
        12.68207,
        4.28492
      ],
      "to": [
        8.4965,
        13.93207,
        6.78492
      ],
      "rotation": {
        "angle": -22.5,
        "axis": "x",
        "origin": [
          7.0035,
          11.68207,
          5.53492
        ]
      },
      "faces": {
        "north": {
          "uv": [
            2,
            13,
            2.5,
            13.625
          ],
          "texture": "#1"
        },
        "east": {
          "uv": [
            8,
            6,
            9.25,
            6.625
          ],
          "texture": "#1"
        },
        "south": {
          "uv": [
            3,
            13,
            3.5,
            13.625
          ],
          "texture": "#1"
        },
        "west": {
          "uv": [
            0,
            9,
            1.25,
            9.625
          ],
          "texture": "#1"
        },
        "up": {
          "uv": [
            9.5,
            2.75,
            9,
            1.5
          ],
          "texture": "#1"
        },
        "down": {
          "uv": [
            2.5,
            9,
            2,
            10.25
          ],
          "texture": "#1"
        }
      }
    },
    {
      "from": [
        7.995,
        9.02869,
        -0.53403
      ],
      "to": [
        8.005,
        13.77869,
        7.46597
      ],
      "rotation": {
        "angle": -22.5,
        "axis": "x",
        "origin": [
          7.995,
          10.90369,
          0.71597
        ]
      },
      "faces": {
        "east": {
          "uv": [
            4,
            0,
            0,
            2.375
          ],
          "texture": "#1"
        },
        "west": {
          "uv": [
            0,
            0,
            4,
            2.375
          ],
          "texture": "#1"
        }
      }
    },
    {
      "from": [
        7.0035,
        11.75707,
        8.46508
      ],
      "to": [
        8.9965,
        12.68207,
        10.46508
      ],
      "rotation": {
        "angle": 22.5,
        "axis": "x",
        "origin": [
          7.0035,
          11.68207,
          10.46508
        ]
      },
      "faces": {
        "east": {
          "uv": [
            11.5,
            0,
            10.5,
            0.5
          ],
          "texture": "#1"
        },
        "south": {
          "uv": [
            11,
            6.5,
            10,
            7
          ],
          "texture": "#1"
        },
        "west": {
          "uv": [
            4,
            10.5,
            3,
            11
          ],
          "texture": "#1"
        },
        "up": {
          "uv": [
            1,
            7.5,
            0,
            8.5
          ],
          "texture": "#1"
        },
        "down": {
          "uv": [
            8.5,
            1,
            7.5,
            0
          ],
          "texture": "#1"
        }
      }
    },
    {
      "from": [
        7.0035,
        12.68207,
        9.96508
      ],
      "to": [
        8.9965,
        13.68207,
        10.46508
      ],
      "rotation": {
        "angle": 22.5,
        "axis": "x",
        "origin": [
          7.0035,
          11.68207,
          10.46508
        ]
      },
      "faces": {
        "north": {
          "uv": [
            11.5,
            7.5,
            10.5,
            8
          ],
          "texture": "#1"
        },
        "east": {
          "uv": [
            14.75,
            6.5,
            14.5,
            7
          ],
          "texture": "#1"
        },
        "south": {
          "uv": [
            8.5,
            10.5,
            7.5,
            11
          ],
          "texture": "#1"
        },
        "west": {
          "uv": [
            14.75,
            7.5,
            14.5,
            8
          ],
          "texture": "#1"
        },
        "up": {
          "uv": [
            10.5,
            13,
            9.5,
            13.25
          ],
          "texture": "#1"
        }
      }
    },
    {
      "from": [
        7.0035,
        13.18207,
        9.46508
      ],
      "to": [
        8.9965,
        13.68207,
        9.96508
      ],
      "rotation": {
        "angle": 22.5,
        "axis": "x",
        "origin": [
          7.0035,
          11.68207,
          10.46508
        ]
      },
      "faces": {
        "north": {
          "uv": [
            12,
            13,
            11,
            13.25
          ],
          "texture": "#1"
        },
        "east": {
          "uv": [
            0.25,
            15,
            0,
            15.25
          ],
          "texture": "#1"
        },
        "west": {
          "uv": [
            15.25,
            0,
            15,
            0.25
          ],
          "texture": "#1"
        },
        "up": {
          "uv": [
            14,
            11.5,
            13,
            11.75
          ],
          "texture": "#1"
        },
        "down": {
          "uv": [
            13.5,
            13.25,
            12.5,
            13
          ],
          "texture": "#1"
        }
      }
    },
    {
      "from": [
        7.5035,
        12.68207,
        9.21508
      ],
      "to": [
        8.4965,
        13.93207,
        11.71508
      ],
      "rotation": {
        "angle": 22.5,
        "axis": "x",
        "origin": [
          7.0035,
          11.68207,
          10.46508
        ]
      },
      "faces": {
        "north": {
          "uv": [
            3.5,
            13,
            3,
            13.625
          ],
          "texture": "#1"
        },
        "east": {
          "uv": [
            9.25,
            6,
            8,
            6.625
          ],
          "texture": "#1"
        },
        "south": {
          "uv": [
            2.5,
            13,
            2,
            13.625
          ],
          "texture": "#1"
        },
        "west": {
          "uv": [
            1.25,
            9,
            0,
            9.625
          ],
          "texture": "#1"
        },
        "up": {
          "uv": [
            9.5,
            1.5,
            9,
            2.75
          ],
          "texture": "#1"
        },
        "down": {
          "uv": [
            2.5,
            10.25,
            2,
            9
          ],
          "texture": "#1"
        }
      }
    },
    {
      "from": [
        7.5035,
        13.93207,
        10.96508
      ],
      "to": [
        8.4965,
        15.18207,
        11.71508
      ],
      "rotation": {
        "angle": 22.5,
        "axis": "x",
        "origin": [
          7.0035,
          11.68207,
          10.46508
        ]
      },
      "faces": {
        "north": {
          "uv": [
            4.5,
            13,
            4,
            13.625
          ],
          "texture": "#1"
        },
        "east": {
          "uv": [
            6.875,
            14,
            6.5,
            14.625
          ],
          "texture": "#1"
        },
        "south": {
          "uv": [
            13.5,
            3,
            13,
            3.625
          ],
          "texture": "#1"
        },
        "west": {
          "uv": [
            7.875,
            14,
            7.5,
            14.625
          ],
          "texture": "#1"
        },
        "up": {
          "uv": [
            13.5,
            14,
            13,
            14.375
          ],
          "texture": "#1"
        }
      }
    },
    {
      "from": [
        7.5035,
        14.68207,
        10.46508
      ],
      "to": [
        8.4965,
        15.18207,
        10.96508
      ],
      "rotation": {
        "angle": 22.5,
        "axis": "x",
        "origin": [
          7.0035,
          11.68207,
          10.46508
        ]
      },
      "faces": {
        "north": {
          "uv": [
            15,
            8.5,
            14.5,
            8.75
          ],
          "texture": "#1"
        },
        "east": {
          "uv": [
            15.25,
            4,
            15,
            4.25
          ],
          "texture": "#1"
        },
        "west": {
          "uv": [
            4.75,
            15,
            4.5,
            15.25
          ],
          "texture": "#1"
        },
        "up": {
          "uv": [
            15,
            11,
            14.5,
            11.25
          ],
          "texture": "#1"
        },
        "down": {
          "uv": [
            14.5,
            14.75,
            14,
            14.5
          ],
          "texture": "#1"
        }
      }
    },
    {
      "from": [
        7.995,
        9.02869,
        8.53403
      ],
      "to": [
        8.005,
        13.77869,
        16.53403
      ],
      "rotation": {
        "angle": 22.5,
        "axis": "x",
        "origin": [
          7.995,
          10.90369,
          15.28403
        ]
      },
      "faces": {
        "east": {
          "uv": [
            0,
            0,
            4,
            2.375
          ],
          "texture": "#1"
        },
        "west": {
          "uv": [
            4,
            0,
            0,
            2.375
          ],
          "texture": "#1"
        }
      }
    },
    {
      "from": [
        6.475,
        7.45022,
        -2.59724
      ],
      "to": [
        9.525,
        11.50022,
        6.90276
      ],
      "rotation": {
        "angle": -22.5,
        "axis": "x",
        "origin": [
          8,
          13.47522,
          -4.34724
        ]
      },
      "faces": {
        "east": {
          "uv": [
            10,
            0,
            14,
            9.25
          ],
          "rotation": 270,
          "texture": "#2"
        },
        "west": {
          "uv": [
            3,
            0,
            7,
            9.25
          ],
          "rotation": 90,
          "texture": "#2"
        },
        "up": {
          "uv": [
            0,
            0,
            3,
            9.25
          ],
          "rotation": 180,
          "texture": "#2"
        },
        "down": {
          "uv": [
            7,
            0,
            10,
            9.25
          ],
          "texture": "#2"
        }
      }
    },
    {
      "name": "cube inverted",
      "from": [
        9.5,
        11.47522,
        6.90276
      ],
      "to": [
        6.5,
        7.47522,
        -2.59724
      ],
      "rotation": {
        "angle": -22.5,
        "axis": "x",
        "origin": [
          8,
          13.47522,
          -4.34724
        ]
      },
      "faces": {
        "east": {
          "uv": [
            3,
            9.25,
            7,
            0
          ],
          "rotation": 270,
          "texture": "#2"
        },
        "west": {
          "uv": [
            10,
            9.25,
            14,
            0
          ],
          "rotation": 90,
          "texture": "#2"
        },
        "up": {
          "uv": [
            7,
            9.25,
            10,
            0
          ],
          "rotation": 180,
          "texture": "#2"
        },
        "down": {
          "uv": [
            0,
            9.25,
            3,
            0
          ],
          "texture": "#2"
        }
      }
    },
    {
      "from": [
        6.475,
        7.45022,
        9.09724
      ],
      "to": [
        9.525,
        11.50022,
        18.59724
      ],
      "rotation": {
        "angle": 22.5,
        "axis": "x",
        "origin": [
          8,
          13.47522,
          20.34724
        ]
      },
      "faces": {
        "east": {
          "uv": [
            3,
            0,
            7,
            9.25
          ],
          "rotation": 90,
          "texture": "#2"
        },
        "west": {
          "uv": [
            10,
            0,
            14,
            9.25
          ],
          "rotation": 270,
          "texture": "#2"
        },
        "up": {
          "uv": [
            3,
            9.25,
            0,
            0
          ],
          "rotation": 180,
          "texture": "#2"
        },
        "down": {
          "uv": [
            10,
            9.25,
            7,
            0
          ],
          "texture": "#2"
        }
      }
    },
    {
      "name": "cube inverted",
      "from": [
        9.5,
        11.47522,
        18.59724
      ],
      "to": [
        6.5,
        7.47522,
        9.09724
      ],
      "rotation": {
        "angle": 22.5,
        "axis": "x",
        "origin": [
          8,
          13.47522,
          20.34724
        ]
      },
      "faces": {
        "east": {
          "uv": [
            10,
            9.25,
            14,
            0
          ],
          "rotation": 90,
          "texture": "#2"
        },
        "west": {
          "uv": [
            3,
            9.25,
            7,
            0
          ],
          "rotation": 270,
          "texture": "#2"
        },
        "up": {
          "uv": [
            10,
            0,
            7,
            9.25
          ],
          "rotation": 180,
          "texture": "#2"
        },
        "down": {
          "uv": [
            3,
            0,
            0,
            9.25
          ],
          "texture": "#2"
        }
      }
    },
    {
      "name": "cube inverted",
      "from": [
        9.58579,
        1,
        11
      ],
      "to": [
        5.58579,
        -2,
        7
      ],
      "rotation": {
        "angle": 45,
        "axis": "y",
        "origin": [
          6.58579,
          0,
          8
        ]
      },
      "faces": {
        "north": {
          "uv": [
            0,
            3,
            4,
            0
          ],
          "texture": "#3"
        },
        "east": {
          "uv": [
            12,
            3,
            16,
            0
          ],
          "texture": "#3"
        },
        "south": {
          "uv": [
            8,
            3,
            12,
            0
          ],
          "texture": "#3"
        },
        "west": {
          "uv": [
            4,
            3,
            8,
            0
          ],
          "texture": "#3"
        }
      }
    },
    {
      "name": "cube inverted",
      "from": [
        9.08579,
        -2,
        10.5
      ],
      "to": [
        6.08579,
        -5,
        7.5
      ],
      "rotation": {
        "angle": 45,
        "axis": "y",
        "origin": [
          6.58579,
          -3,
          8
        ]
      },
      "faces": {
        "north": {
          "uv": [
            2,
            6,
            5,
            3
          ],
          "texture": "#3"
        },
        "east": {
          "uv": [
            11,
            6,
            14,
            3
          ],
          "texture": "#3"
        },
        "south": {
          "uv": [
            8,
            6,
            11,
            3
          ],
          "texture": "#3"
        },
        "west": {
          "uv": [
            5,
            6,
            8,
            3
          ],
          "texture": "#3"
        }
      }
    },
    {
      "from": [
        6.06079,
        -5,
        7.475
      ],
      "to": [
        9.11079,
        -2,
        10.525
      ],
      "rotation": {
        "angle": 45,
        "axis": "y",
        "origin": [
          6.58579,
          -3,
          8
        ]
      },
      "faces": {
        "north": {
          "uv": [
            8,
            3,
            11,
            6
          ],
          "texture": "#3"
        },
        "east": {
          "uv": [
            5,
            3,
            8,
            6
          ],
          "texture": "#3"
        },
        "south": {
          "uv": [
            2,
            3,
            5,
            6
          ],
          "texture": "#3"
        },
        "west": {
          "uv": [
            11,
            3,
            14,
            6
          ],
          "texture": "#3"
        }
      }
    },
    {
      "from": [
        5.56079,
        -2,
        6.975
      ],
      "to": [
        9.61079,
        1,
        11.025
      ],
      "rotation": {
        "angle": 45,
        "axis": "y",
        "origin": [
          6.58579,
          0,
          8
        ]
      },
      "faces": {
        "north": {
          "uv": [
            8,
            0,
            12,
            3
          ],
          "texture": "#3"
        },
        "east": {
          "uv": [
            4,
            0,
            8,
            3
          ],
          "texture": "#3"
        },
        "south": {
          "uv": [
            0,
            0,
            4,
            3
          ],
          "texture": "#3"
        },
        "west": {
          "uv": [
            12,
            0,
            16,
            3
          ],
          "texture": "#3"
        }
      }
    }
  ],
  "display": {
    "thirdperson_righthand": {
      "translation": [
        0,
        1,
        0.75
      ]
    },
    "thirdperson_lefthand": {
      "translation": [
        0,
        1,
        0.75
      ]
    },
    "firstperson_righthand": {
      "rotation": [
        5,
        0,
        0
      ],
      "translation": [
        1.75,
        1.5,
        0
      ]
    },
    "firstperson_lefthand": {
      "rotation": [
        5,
        0,
        0
      ],
      "translation": [
        1.75,
        1.5,
        0
      ]
    },
    "ground": {
      "rotation": [
        45,
        0,
        0
      ],
      "translation": [
        0,
        5,
        0
      ],
      "scale": [
        0.7,
        0.7,
        0.7
      ]
    },
    "gui": {
      "rotation": [
        -90,
        135,
        90
      ],
      "translation": [
        -1.25,
        -1.25,
        0
      ],
      "scale": [
        0.95,
        0.95,
        0.95
      ]
    },
    "head": {
      "rotation": [
        0,
        90,
        0
      ]
    },
    "fixed": {
      "rotation": [
        0,
        -90,
        0
      ],
      "translation": [
        0,
        0,
        -1
      ],
      "scale": [
        2,
        2,
        2
      ]
    }
  },
  "groups": [
    {
      "name": "pickaxe",
      "origin": [
        7.5,
        0.25,
        8
      ],
      "color": 0,
      "children": [
        0,
        1,
        2,
        3,
        4,
        5,
        6,
        7,
        8,
        9,
        10,
        11,
        12,
        13,
        14,
        15,
        16,
        17,
        18,
        19,
        20,
        21,
        22,
        23,
        24,
        25,
        26,
        27,
        28,
        29,
        30,
        31,
        32,
        33,
        34,
        35,
        36,
        37,
        38
      ]
    }
  ],
  "gui_light": "front",
  "mcmodels": "2a379f214ae6024802d9871d548294e9"
}