{
	"credit": "Made with Blockbench",
	"texture_size": [32, 32],
	"textures": {
		"2": "item/heartandbloodtheme/heartsword",
		"particle": "item/heartandbloodtheme/heartsword"
	},
	"elements": [
		{
			"from": [7, 5.89366, 12.97103],
			"to": [9, 8.64366, 15.72103],
			"rotation": {"angle": 45, "axis": "x", "origin": [8, 13.6545, 8.09612]},
			"faces": {
				"north": {"uv": [7, 7.5, 8, 9], "texture": "#2"},
				"east": {"uv": [6.5, 2, 8, 3.5], "texture": "#2"},
				"south": {"uv": [8, 2, 9, 3.5], "texture": "#2"},
				"west": {"uv": [2.5, 6.5, 4, 8], "texture": "#2"},
				"up": {"uv": [3.5, 9.5, 2.5, 8], "texture": "#2"},
				"down": {"uv": [9, 7.5, 8, 9], "texture": "#2"}
			}
		},
		{
			"from": [6.75, 11.14366, 7.47103],
			"to": [9.25, 13.14366, 9.47103],
			"rotation": {"angle": 45, "axis": "x", "origin": [8, 12.6545, 8.09612]},
			"faces": {
				"north": {"uv": [7.5, 5, 8.75, 6], "texture": "#2"},
				"east": {"uv": [1.5, 9.5, 2.5, 10.5], "texture": "#2"},
				"south": {"uv": [8.5, 0, 9.75, 1], "texture": "#2"},
				"west": {"uv": [2.5, 9.5, 3.5, 10.5], "texture": "#2"},
				"up": {"uv": [1.75, 9.5, 0.5, 8.5], "texture": "#2"},
				"down": {"uv": [9.75, 1, 8.5, 2], "texture": "#2"}
			}
		},
		{
			"from": [6.75, 13.14366, 7.47103],
			"to": [9.25, 14.14366, 9.47103],
			"rotation": {"angle": 45, "axis": "x", "origin": [8, 12.6545, 8.09612]},
			"faces": {
				"north": {"uv": [10, 1.5, 11.25, 2], "texture": "#2"},
				"east": {"uv": [11, 1, 12, 1.5], "texture": "#2"},
				"south": {"uv": [8.5, 10, 9.75, 10.5], "texture": "#2"},
				"west": {"uv": [11, 3, 12, 3.5], "texture": "#2"},
				"up": {"uv": [9.75, 7, 8.5, 6], "texture": "#2"},
				"down": {"uv": [10.25, 2, 9, 3], "texture": "#2"}
			}
		},
		{
			"from": [6.75, 11.14366, 6.47103],
			"to": [9.25, 13.14366, 7.47103],
			"rotation": {"angle": 45, "axis": "x", "origin": [8, 12.6545, 8.09612]},
			"faces": {
				"north": {"uv": [9, 3, 10.25, 4], "texture": "#2"},
				"east": {"uv": [3.5, 8, 4, 9], "texture": "#2"},
				"south": {"uv": [3.5, 9, 4.75, 10], "texture": "#2"},
				"west": {"uv": [2, 8.5, 2.5, 9.5], "texture": "#2"},
				"up": {"uv": [11.25, 9.5, 10, 9], "texture": "#2"},
				"down": {"uv": [11.25, 9.5, 10, 10], "texture": "#2"}
			}
		},
		{
			"from": [7.25, 12.08111, 4.39977],
			"to": [8.75, 13.58111, 7.39977],
			"rotation": {"angle": 22.5, "axis": "x", "origin": [8, 12.68111, 5.79977]},
			"faces": {
				"north": {"uv": [2.5, 10.5, 3.25, 11.25], "texture": "#2"},
				"east": {"uv": [9, 4, 10.5, 4.75], "texture": "#2"},
				"south": {"uv": [6.5, 10.5, 7.25, 11.25], "texture": "#2"},
				"west": {"uv": [5, 9, 6.5, 9.75], "texture": "#2"},
				"up": {"uv": [7.25, 10.5, 6.5, 9], "texture": "#2"},
				"down": {"uv": [9.75, 7, 9, 8.5], "texture": "#2"}
			}
		},
		{
			"from": [7.25, 10.08111, 4.39977],
			"to": [8.75, 12.08111, 4.39977],
			"rotation": {"angle": 22.5, "axis": "x", "origin": [8, 12.68111, 5.79977]},
			"faces": {
				"north": {"uv": [10, 6, 10.75, 7], "texture": "#2"},
				"east": {"uv": [0, 0, 0, 1], "texture": "#2"},
				"south": {"uv": [10, 7, 10.75, 8], "texture": "#2"},
				"west": {"uv": [0, 0, 0, 1], "texture": "#2"},
				"up": {"uv": [0.75, 0, 0, 0], "texture": "#2"},
				"down": {"uv": [0.75, 0, 0, 0], "texture": "#2"}
			}
		},
		{
			"from": [7.25, 10.57402, 8.33814],
			"to": [8.75, 12.07402, 11.33814],
			"rotation": {"angle": -22.5, "axis": "x", "origin": [8, 12.72402, 6.08814]},
			"faces": {
				"north": {"uv": [11, 0, 11.75, 0.75], "texture": "#2"},
				"east": {"uv": [9, 5, 10.5, 5.75], "texture": "#2"},
				"south": {"uv": [0.5, 11, 1.25, 11.75], "texture": "#2"},
				"west": {"uv": [7.5, 9, 9, 9.75], "texture": "#2"},
				"up": {"uv": [9.75, 10, 9, 8.5], "texture": "#2"},
				"down": {"uv": [1.25, 9.5, 0.5, 11], "texture": "#2"}
			}
		},
		{
			"from": [7.25, 8.57402, 11.33814],
			"to": [8.75, 10.57402, 11.33814],
			"rotation": {"angle": -22.5, "axis": "x", "origin": [8, 12.72402, 6.08814]},
			"faces": {
				"north": {"uv": [7.5, 10, 8.25, 11], "texture": "#2"},
				"east": {"uv": [0, 0, 0, 1], "texture": "#2"},
				"south": {"uv": [10, 8, 10.75, 9], "texture": "#2"},
				"west": {"uv": [0, 0, 0, 1], "texture": "#2"},
				"up": {"uv": [0.75, 0, 0, 0], "texture": "#2"},
				"down": {"uv": [0.75, 0, 0, 0], "texture": "#2"}
			}
		},
		{
			"from": [7.25, 10.57402, 11.33814],
			"to": [8.75, 13.07402, 12.33814],
			"rotation": {"angle": -22.5, "axis": "x", "origin": [8, 12.72402, 6.08814]},
			"faces": {
				"north": {"uv": [10, 0, 10.75, 1.25], "texture": "#2"},
				"east": {"uv": [10, 10, 10.5, 11.25], "texture": "#2"},
				"south": {"uv": [3.5, 10, 4.25, 11.25], "texture": "#2"},
				"west": {"uv": [1.5, 10.5, 2, 11.75], "texture": "#2"},
				"up": {"uv": [9.75, 11.5, 9, 11], "texture": "#2"},
				"down": {"uv": [11.25, 11, 10.5, 11.5], "texture": "#2"}
			}
		},
		{
			"from": [7.25, 9.57402, 12.33814],
			"to": [8.75, 10.57402, 12.33814],
			"rotation": {"angle": -22.5, "axis": "x", "origin": [8, 12.72402, 6.08814]},
			"faces": {
				"north": {"uv": [11.5, 1.5, 12.25, 2], "texture": "#2"},
				"east": {"uv": [0, 0, 0, 0.5], "texture": "#2"},
				"south": {"uv": [2.5, 11.5, 3.25, 12], "texture": "#2"},
				"west": {"uv": [0, 0, 0, 0.5], "texture": "#2"},
				"up": {"uv": [0.75, 0, 0, 0], "texture": "#2"},
				"down": {"uv": [0.75, 0, 0, 0], "texture": "#2"}
			}
		},
		{
			"from": [7.25, 13.07402, 10.33814],
			"to": [8.75, 13.07402, 11.33814],
			"rotation": {"angle": -22.5, "axis": "x", "origin": [8, 12.72402, 6.08814]},
			"faces": {
				"north": {"uv": [0, 0, 0.75, 0], "texture": "#2"},
				"east": {"uv": [0, 0, 0.5, 0], "texture": "#2"},
				"south": {"uv": [0, 0, 0.75, 0], "texture": "#2"},
				"west": {"uv": [0, 0, 0.5, 0], "texture": "#2"},
				"up": {"uv": [4.25, 12, 3.5, 11.5], "texture": "#2"},
				"down": {"uv": [5.25, 11.5, 4.5, 12], "texture": "#2"}
			}
		},
		{
			"from": [7.25, 12.08111, 3.39977],
			"to": [8.75, 14.58111, 4.39977],
			"rotation": {"angle": 22.5, "axis": "x", "origin": [8, 12.68111, 5.79977]},
			"faces": {
				"north": {"uv": [4.5, 10, 5.25, 11.25], "texture": "#2"},
				"east": {"uv": [2, 10.5, 2.5, 11.75], "texture": "#2"},
				"south": {"uv": [5.5, 10, 6.25, 11.25], "texture": "#2"},
				"west": {"uv": [10.5, 2, 11, 3.25], "texture": "#2"},
				"up": {"uv": [6.25, 12, 5.5, 11.5], "texture": "#2"},
				"down": {"uv": [7.25, 11.5, 6.5, 12], "texture": "#2"}
			}
		},
		{
			"from": [7.25, 11.08111, 3.39977],
			"to": [8.75, 12.08111, 3.39977],
			"rotation": {"angle": 22.5, "axis": "x", "origin": [8, 12.68111, 5.79977]},
			"faces": {
				"north": {"uv": [11.5, 8, 12.25, 8.5], "texture": "#2"},
				"east": {"uv": [0, 0, 0, 0.5], "texture": "#2"},
				"south": {"uv": [11.5, 8.5, 12.25, 9], "texture": "#2"},
				"west": {"uv": [0, 0, 0, 0.5], "texture": "#2"},
				"up": {"uv": [0.75, 0, 0, 0], "texture": "#2"},
				"down": {"uv": [0.75, 0, 0, 0], "texture": "#2"}
			}
		},
		{
			"from": [7.25, 14.58111, 4.39977],
			"to": [8.75, 14.58111, 5.39977],
			"rotation": {"angle": 22.5, "axis": "x", "origin": [8, 12.68111, 5.79977]},
			"faces": {
				"north": {"uv": [0, 0, 0.75, 0], "texture": "#2"},
				"east": {"uv": [0, 0, 0.5, 0], "texture": "#2"},
				"south": {"uv": [0, 0, 0.75, 0], "texture": "#2"},
				"west": {"uv": [0, 0, 0.5, 0], "texture": "#2"},
				"up": {"uv": [9.75, 12, 9, 11.5], "texture": "#2"},
				"down": {"uv": [12.25, 9, 11.5, 9.5], "texture": "#2"}
			}
		},
		{
			"from": [7.25, 6.65, 7.25],
			"to": [8.75, 11.65, 8.75],
			"rotation": {"angle": 0, "axis": "y", "origin": [8, 12.6545, 8.09612]},
			"faces": {
				"north": {"uv": [6.5, 3.5, 7.25, 6], "texture": "#2"},
				"east": {"uv": [4, 6.5, 4.75, 9], "texture": "#2"},
				"south": {"uv": [5, 6.5, 5.75, 9], "texture": "#2"},
				"west": {"uv": [6, 6.5, 6.75, 9], "texture": "#2"},
				"up": {"uv": [11.75, 2.75, 11, 2], "texture": "#2"},
				"down": {"uv": [11.75, 6, 11, 6.75], "texture": "#2"}
			}
		},
		{
			"from": [8, 1.15, 6.25],
			"to": [8, 4.65, 9.75],
			"rotation": {"angle": 45, "axis": "x", "origin": [8, 2.9, 8]},
			"faces": {
				"north": {"uv": [0, 0, 0, 1.75], "texture": "#2"},
				"east": {"uv": [6.5, 0, 8.25, 1.75], "texture": "#2"},
				"south": {"uv": [0, 0, 0, 1.75], "texture": "#2"},
				"west": {"uv": [0.5, 6.5, 2.25, 8.25], "texture": "#2"},
				"up": {"uv": [0, 1.75, 0, 0], "texture": "#2"},
				"down": {"uv": [0, 0, 0, 1.75], "texture": "#2"}
			}
		},
		{
			"from": [6.75, 5.65, 6.75],
			"to": [9.25, 6.65, 9.25],
			"rotation": {"angle": 0, "axis": "y", "origin": [8, 13.6545, 8.09612]},
			"faces": {
				"north": {"uv": [10.5, 3.5, 11.75, 4], "texture": "#2"},
				"east": {"uv": [10.5, 4, 11.75, 4.5], "texture": "#2"},
				"south": {"uv": [10.5, 4.5, 11.75, 5], "texture": "#2"},
				"west": {"uv": [10.5, 5, 11.75, 5.5], "texture": "#2"},
				"up": {"uv": [8.25, 7.25, 7, 6], "texture": "#2"},
				"down": {"uv": [8.75, 3.5, 7.5, 4.75], "texture": "#2"}
			}
		},
		{
			"from": [9.25, 4.65, 6.75],
			"to": [9.25, 5.65, 9.25],
			"rotation": {"angle": 0, "axis": "y", "origin": [8, 13.6545, 8.09612]},
			"faces": {
				"north": {"uv": [0, 0, 0, 0.5], "texture": "#2"},
				"east": {"uv": [10.5, 5.5, 11.75, 6], "texture": "#2"},
				"south": {"uv": [0, 0, 0, 0.5], "texture": "#2"},
				"west": {"uv": [8.5, 10.5, 9.75, 11], "texture": "#2"},
				"up": {"uv": [0, 1.25, 0, 0], "texture": "#2"},
				"down": {"uv": [0, 0, 0, 1.25], "texture": "#2"}
			}
		},
		{
			"from": [6.75, 4.65, 6.75],
			"to": [6.75, 5.65, 9.25],
			"rotation": {"angle": 0, "axis": "y", "origin": [8, 13.6545, 8.09612]},
			"faces": {
				"north": {"uv": [0, 0, 0, 0.5], "texture": "#2"},
				"east": {"uv": [10.5, 10, 11.75, 10.5], "texture": "#2"},
				"south": {"uv": [0, 0, 0, 0.5], "texture": "#2"},
				"west": {"uv": [10.5, 10.5, 11.75, 11], "texture": "#2"},
				"up": {"uv": [0, 1.25, 0, 0], "texture": "#2"},
				"down": {"uv": [0, 0, 0, 1.25], "texture": "#2"}
			}
		},
		{
			"from": [7.5, 23.00647, 12.76215],
			"to": [8.5, 24.35647, 14.16215],
			"rotation": {"angle": -45, "axis": "x", "origin": [8, 18.1545, 8.09612]},
			"faces": {
				"north": {"uv": [10, 11.5, 10.5, 12.25], "texture": "#2"},
				"east": {"uv": [11, 7, 11.75, 7.75], "texture": "#2"},
				"south": {"uv": [10.5, 11.5, 11, 12.25], "texture": "#2"},
				"west": {"uv": [7.5, 11, 8.25, 11.75], "texture": "#2"},
				"up": {"uv": [11.5, 12.25, 11, 11.5], "texture": "#2"},
				"down": {"uv": [12, 11, 11.5, 11.75], "texture": "#2"}
			}
		},
		{
			"from": [7.5, 13.4, 7],
			"to": [8.5, 25.9, 9],
			"rotation": {"angle": 0, "axis": "y", "origin": [8, 18.1545, 8.09612]},
			"faces": {
				"north": {"uv": [6, 0, 6.5, 6.25], "texture": "#2"},
				"east": {"uv": [4, 0, 5, 6.25], "texture": "#2"},
				"south": {"uv": [0, 6.5, 0.5, 12.75], "texture": "#2"},
				"west": {"uv": [5, 0, 6, 6.25], "texture": "#2"},
				"up": {"uv": [11.5, 9, 11, 8], "texture": "#2"},
				"down": {"uv": [9, 11, 8.5, 12], "texture": "#2"}
			}
		},
		{
			"from": [8, 12.9, 6.25],
			"to": [8, 25.9, 9.75],
			"rotation": {"angle": 0, "axis": "y", "origin": [8, 16.1545, 8.09612]},
			"faces": {
				"north": {"uv": [0, 0, 0, 6.5], "texture": "#2"},
				"east": {"uv": [0, 0, 1.75, 6.5], "texture": "#2"},
				"south": {"uv": [0, 0, 0, 6.5], "texture": "#2"},
				"west": {"uv": [2, 0, 3.75, 6.5], "texture": "#2"},
				"up": {"uv": [0, 1.75, 0, 0], "texture": "#2"},
				"down": {"uv": [0, 0, 0, 1.75], "texture": "#2"}
			}
		}
	],
	"display": {
		"thirdperson_righthand": {
			"translation": [0, -3, 0],
			"scale": [1.2, 1.2, 1.2]
		},
		"thirdperson_lefthand": {
			"translation": [0, -3, 0],
			"scale": [1.2, 1.2, 1.2]
		},
		"firstperson_righthand": {
			"translation": [0, -2.5, 0]
		},
		"firstperson_lefthand": {
			"translation": [0, -2.5, 0]
		},
		"ground": {
			"translation": [0, 6, 0]
		},
		"gui": {
			"rotation": [100, 45, -90],
			"translation": [-3.75, -3.25, 0],
			"scale": [0.9, 0.9, 0.9]
		},
		"fixed": {
			"rotation": [-90, 45, 90],
			"translation": [4, -4, 0]
		}
	},
	"groups": [
		{
			"name": "heartsword",
			"origin": [8, 18.9, 8],
			"color": 0,
			"children": [0, 1, 2, 3, 4, 5, 6, 7, 8, 9, 10, 11, 12, 13, 14, 15, 16, 17, 18, 19, 20, 21]
		}
	]
}