{
	"credit": "Made with Blockbench",
	"parent": "drill_gold_up",
	"textures": {
		"1": "item/drill/drill_gold"
	},
	"elements": [
		{
			"name": "cubed",
			"from": [6.992, 28.082, 10.63],
			"to": [9.008, 31.106, 12.646],
			"shade": false,
			"rotation": {"angle": 45, "axis": "y", "origin": [8, 20.69, 11.638]},
			"faces": {
				"north": {"uv": [3.375, 9.3125, 3.625, 9], "texture": "#1"},
				"east": {"uv": [5.125, 6.75, 5.4375, 6.5], "rotation": 270, "texture": "#1"},
				"south": {"uv": [3.625, 9, 3.875, 9.3125], "rotation": 180, "texture": "#1"},
				"west": {"uv": [5.125, 7, 5.4375, 6.75], "rotation": 90, "texture": "#1"},
				"up": {"uv": [3.25, 8.75, 3.5, 8.5], "rotation": 180, "texture": "#1"},
				"down": {"uv": [9, 3, 9.25, 2.75], "texture": "#1"}
			}
		},
		{
			"name": "cubed",
			"from": [5.984, 24.386, 9.622],
			"to": [10.016, 28.082, 13.654],
			"shade": false,
			"rotation": {"angle": 45, "axis": "y", "origin": [8, 20.69, 11.638]},
			"faces": {
				"north": {"uv": [4.375, 9.0625, 4.8125, 8.625], "texture": "#1"},
				"east": {"uv": [8.5, 0.4375, 8.9375, 0], "rotation": 270, "texture": "#1"},
				"south": {"uv": [8.625, 5, 9.0625, 5.4375], "rotation": 180, "texture": "#1"},
				"west": {"uv": [5.625, 8.9375, 6.0625, 8.5], "rotation": 90, "texture": "#1"},
				"up": {"uv": [0, 8.9375, 0.4375, 8.5], "rotation": 180, "texture": "#1"},
				"down": {"uv": [2.75, 8.9375, 3.1875, 8.5], "texture": "#1"}
			}
		},
		{
			"name": "cubed",
			"from": [4.64, 20.018, 8.278],
			"to": [11.36, 24.386, 14.998],
			"shade": false,
			"rotation": {"angle": 45, "axis": "y", "origin": [8, 20.69, 11.638]},
			"faces": {
				"north": {"uv": [7.875, 8.375, 8.625, 7.875], "texture": "#1"},
				"east": {"uv": [4, 7.375, 4.5, 6.625], "rotation": 270, "texture": "#1"},
				"south": {"uv": [0, 8, 0.75, 8.5], "rotation": 180, "texture": "#1"},
				"west": {"uv": [7.375, 8.625, 7.875, 7.875], "rotation": 90, "texture": "#1"},
				"up": {"uv": [6.875, 4.625, 7.625, 3.875], "rotation": 180, "texture": "#1"},
				"down": {"uv": [6.875, 5.375, 7.625, 4.625], "texture": "#1"}
			}
		},
		{
			"name": "cubed",
			"from": [3.632, 14.978, 7.27],
			"to": [12.368, 20.018, 16.006],
			"shade": false,
			"rotation": {"angle": 45, "axis": "y", "origin": [8, 20.69, 11.638]},
			"faces": {
				"north": {"uv": [6.625, 3.0625, 7.625, 2.5], "texture": "#1"},
				"east": {"uv": [0, 8, 0.5625, 7], "rotation": 270, "texture": "#1"},
				"south": {"uv": [7, 3.125, 8, 3.6875], "rotation": 180, "texture": "#1"},
				"west": {"uv": [0.625, 8, 1.1875, 7], "rotation": 90, "texture": "#1"},
				"up": {"uv": [4.75, 4.125, 5.75, 3.125], "rotation": 180, "texture": "#1"},
				"down": {"uv": [4.5, 6.5, 5.5, 5.5], "texture": "#1"}
			}
		},
		{
			"name": "cubed",
			"from": [2.624, 8.594, 6.262],
			"to": [13.376, 14.978, 17.014],
			"shade": false,
			"rotation": {"angle": 45, "axis": "y", "origin": [8, 20.69, 11.638]},
			"faces": {
				"north": {"uv": [5.75, 3.8125, 6.9375, 3.125], "texture": "#1"},
				"east": {"uv": [5.875, 2.9375, 6.5625, 1.75], "rotation": 270, "texture": "#1"},
				"south": {"uv": [5.5, 6.25, 6.6875, 6.9375], "rotation": 180, "texture": "#1"},
				"west": {"uv": [6, 1.1875, 6.6875, 0], "rotation": 90, "texture": "#1"},
				"up": {"uv": [2, 6.5625, 3.1875, 5.375], "rotation": 180, "texture": "#1"},
				"down": {"uv": [3.25, 6.5625, 4.4375, 5.375], "texture": "#1"}
			}
		},
		{
			"from": [-0.008, -3.62, 0.742],
			"to": [16.008, 9.396, 23.758],
			"shade": false,
			"rotation": {"angle": 0, "axis": "y", "origin": [8, 3.388, 13.25]},
			"faces": {
				"north": {"uv": [2, 4.125, 0, 5.875], "texture": "#1"},
				"east": {"uv": [0, 4.125, 2.375, 2.375], "rotation": 180, "texture": "#1"},
				"south": {"uv": [6, 0, 4, 1.75], "texture": "#1"},
				"west": {"uv": [2.375, 4.125, 4.75, 2.375], "rotation": 180, "texture": "#1"},
				"up": {"uv": [0, 2.375, 2, 0], "rotation": 180, "texture": "#1"},
				"down": {"uv": [2, 0, 4, 2.375], "rotation": 180, "texture": "#1"}
			}
		},
		{
			"from": [4, -1, -2.25],
			"to": [12, 5, 0.75],
			"shade": false,
			"rotation": {"angle": 0, "axis": "y", "origin": [3.5, 1.5, 0.5]},
			"faces": {
				"north": {"uv": [4, 7.375, 3, 6.625], "rotation": 180, "texture": "#1"},
				"east": {"uv": [8.125, 1.375, 8.875, 1.75], "rotation": 90, "texture": "#1"},
				"south": {"uv": [7.75, 0, 6.75, 0.75], "texture": "#1"},
				"west": {"uv": [5.625, 8.125, 6.375, 8.5], "rotation": 270, "texture": "#1"},
				"up": {"uv": [8, 1.875, 9, 2.25], "texture": "#1"},
				"down": {"uv": [7.625, 5, 8.625, 5.375], "rotation": 180, "texture": "#1"}
			}
		},
		{
			"from": [-1.5, 0.9, -1.25],
			"to": [6, 2.9, 4.75],
			"shade": false,
			"rotation": {"angle": 0, "axis": "y", "origin": [5.5, 2.4, 0.5]},
			"faces": {
				"north": {"uv": [9.25, 2.5, 8, 2.25], "rotation": 180, "texture": "#1"},
				"east": {"uv": [1.75, 5.875, 2, 6.625], "rotation": 90, "texture": "#1"},
				"south": {"uv": [9.375, 1.125, 8.125, 1.375], "texture": "#1"},
				"west": {"uv": [0.5, 8.5, 0.75, 9.25], "rotation": 270, "texture": "#1"},
				"up": {"uv": [5.625, 4.125, 6.875, 4.875], "texture": "#1"},
				"down": {"uv": [5.5, 5.5, 6.75, 6.25], "rotation": 180, "texture": "#1"}
			}
		},
		{
			"from": [10, 5, -0.75],
			"to": [12, 10.95, 5.75],
			"shade": false,
			"rotation": {"angle": 0, "axis": "y", "origin": [7.22985, 3.89689, 15.15587]},
			"faces": {
				"north": {"uv": [4.375, 9, 4.125, 9.3125], "texture": "#1"},
				"east": {"uv": [8.9375, 7, 8.125, 7.3125], "texture": "#1"},
				"south": {"uv": [4.125, 9, 3.875, 9.3125], "texture": "#1"},
				"west": {"uv": [8.9375, 7.375, 8.125, 7.6875], "texture": "#1"},
				"up": {"uv": [2.75, 8.375, 2.5, 9.1875], "texture": "#1"},
				"down": {"uv": [8.625, 6.1875, 8.375, 5.375], "texture": "#1"}
			}
		},
		{
			"from": [3, -0.25, 23.5],
			"to": [13, 9.75, 28.5],
			"shade": false,
			"rotation": {"angle": 0, "axis": "y", "origin": [8.47985, 7.39689, 7.09413]},
			"faces": {
				"north": {"uv": [2, 4.125, 3.25, 5.375], "texture": "#1"},
				"east": {"uv": [4.5, 6.5, 5.125, 7.75], "texture": "#1"},
				"south": {"uv": [3.25, 4.125, 4.5, 5.375], "texture": "#1"},
				"west": {"uv": [6.625, 1.25, 7.25, 2.5], "texture": "#1"},
				"up": {"uv": [6.875, 5.5, 5.625, 4.875], "texture": "#1"},
				"down": {"uv": [3, 6.625, 1.75, 7.25], "texture": "#1"}
			}
		},
		{
			"from": [-1, 6.25, 23.5],
			"to": [3, 10.25, 29.5],
			"shade": false,
			"rotation": {"angle": 0, "axis": "y", "origin": [8.47985, 7.39689, 7.09413]},
			"faces": {
				"north": {"uv": [6, 1.25, 6.5, 1.75], "texture": "#1"},
				"east": {"uv": [2.75, 8, 3.5, 8.5], "texture": "#1"},
				"south": {"uv": [6.25, 7, 6.75, 7.5], "texture": "#1"},
				"west": {"uv": [8, 3.125, 8.75, 3.625], "texture": "#1"},
				"up": {"uv": [1.25, 8.75, 0.75, 8], "texture": "#1"},
				"down": {"uv": [4, 8, 3.5, 8.75], "texture": "#1"}
			}
		},
		{
			"from": [13, 6.25, 23.5],
			"to": [17, 10.25, 29.5],
			"shade": false,
			"rotation": {"angle": 0, "axis": "y", "origin": [8.47985, 7.39689, 7.09413]},
			"faces": {
				"north": {"uv": [6.5, 1.25, 6, 1.75], "texture": "#1"},
				"east": {"uv": [8.75, 3.125, 8, 3.625], "texture": "#1"},
				"south": {"uv": [6.75, 7, 6.25, 7.5], "texture": "#1"},
				"west": {"uv": [3.5, 8, 2.75, 8.5], "texture": "#1"},
				"up": {"uv": [0.75, 8.75, 1.25, 8], "texture": "#1"},
				"down": {"uv": [3.5, 8, 4, 8.75], "texture": "#1"}
			}
		},
		{
			"from": [4.55, 7.41361, 26.86238],
			"to": [11.45, 10.91361, 31.16238],
			"shade": false,
			"rotation": {"angle": 22.5, "axis": "x", "origin": [8.47985, 7.39689, 7.09413]},
			"faces": {
				"north": {"uv": [7.875, 0.625, 8.75, 1.0625], "texture": "#1"},
				"east": {"uv": [1.875, 8.375, 2.4375, 8.8125], "texture": "#1"},
				"south": {"uv": [1.875, 7.875, 2.75, 8.3125], "texture": "#1"},
				"west": {"uv": [8.375, 2.5, 8.9375, 2.9375], "texture": "#1"},
				"up": {"uv": [2.125, 7.8125, 1.25, 7.25], "texture": "#1"},
				"down": {"uv": [8.125, 1.25, 7.25, 1.8125], "texture": "#1"}
			}
		},
		{
			"from": [3.4, 8.71794, 27.6],
			"to": [12.6, 10.11794, 31.5],
			"shade": false,
			"rotation": {"angle": 22.5, "axis": "x", "origin": [8.47985, 7.39689, 7.09413]},
			"faces": {
				"north": {"uv": [8.375, 4.25, 9.5, 4.4375], "texture": "#1"},
				"east": {"uv": [1.25, 7, 1.75, 7.1875], "texture": "#1"},
				"south": {"uv": [8.375, 4.5, 9.5, 4.6875], "texture": "#1"},
				"west": {"uv": [0, 9, 0.5, 9.1875], "texture": "#1"},
				"up": {"uv": [7.875, 1.25, 6.75, 0.75], "texture": "#1"},
				"down": {"uv": [6.25, 7, 5.125, 7.5], "texture": "#1"}
			}
		},
		{
			"name": "left_wheel_1",
			"from": [-6.3055, -5.008, 22.952],
			"to": [-0.2245, -3.177, 27.808],
			"shade": false,
			"rotation": {"angle": 0, "axis": "y", "origin": [-3.265, 0.8424, 25.375]},
			"faces": {
				"north": {"uv": [8.625, 5.5, 9.375, 5.75], "texture": "#1"},
				"east": {"uv": [8.75, 8.25, 9.375, 8.5], "texture": "#1"},
				"south": {"uv": [8.625, 5.75, 9.375, 6], "texture": "#1"},
				"west": {"uv": [8.75, 8.5, 9.375, 8.75], "texture": "#1"},
				"up": {"uv": [4.75, 2.375, 4, 1.75], "texture": "#1"},
				"down": {"uv": [8, 1.875, 7.25, 2.5], "texture": "#1"}
			}
		},
		{
			"name": "left_wheel_1",
			"from": [-6.3055, -1.5856, 29.3994],
			"to": [-0.2245, 3.2704, 31.2304],
			"shade": false,
			"rotation": {"angle": 0, "axis": "y", "origin": [-3.265, 0.8424, 25.375]},
			"faces": {
				"north": {"uv": [2.125, 7.25, 2.875, 7.875], "texture": "#1"},
				"east": {"uv": [6.125, 8.5, 6.375, 9.125], "texture": "#1"},
				"south": {"uv": [2.875, 7.375, 3.625, 8], "texture": "#1"},
				"west": {"uv": [1.5, 8.75, 1.75, 9.375], "texture": "#1"},
				"up": {"uv": [9.375, 6.25, 8.625, 6], "texture": "#1"},
				"down": {"uv": [8, 8.625, 7.25, 8.875], "texture": "#1"}
			}
		},
		{
			"name": "left_wheel_1",
			"from": [-6.2975, -5.00354, 22.95854],
			"to": [-0.2325, -3.18854, 27.79854],
			"shade": false,
			"rotation": {"angle": -45, "axis": "x", "origin": [-3.265, 0.8424, 25.375]},
			"faces": {
				"north": {"uv": [8.625, 7.75, 9.375, 8], "texture": "#1"},
				"east": {"uv": [8.75, 8.75, 9.375, 9], "texture": "#1"},
				"south": {"uv": [8, 8.625, 8.75, 8.875], "texture": "#1"},
				"west": {"uv": [8.875, 1.375, 9.5, 1.625], "texture": "#1"},
				"up": {"uv": [4.375, 8, 3.625, 7.375], "texture": "#1"},
				"down": {"uv": [8.125, 5.375, 7.375, 6], "texture": "#1"}
			}
		},
		{
			"name": "left_wheel_1",
			"from": [-6.2975, 4.87333, 22.95854],
			"to": [-0.2325, 6.68833, 27.79854],
			"shade": false,
			"rotation": {"angle": 45, "axis": "x", "origin": [-3.265, 0.8424, 25.375]},
			"faces": {
				"north": {"uv": [8.625, 8, 9.375, 8.25], "texture": "#1"},
				"east": {"uv": [8.875, 1.625, 9.5, 1.875], "texture": "#1"},
				"south": {"uv": [8.75, 0.5, 9.5, 0.75], "texture": "#1"},
				"west": {"uv": [1.75, 8.875, 2.375, 9.125], "texture": "#1"},
				"up": {"uv": [8.125, 6.625, 7.375, 6], "texture": "#1"},
				"down": {"uv": [8.125, 6.625, 7.375, 7.25], "texture": "#1"}
			}
		},
		{
			"name": "left_wheel_1",
			"from": [-6.2975, -5.00354, 22.95146],
			"to": [-0.2325, -3.18854, 27.79146],
			"shade": false,
			"rotation": {"angle": 45, "axis": "x", "origin": [-3.265, 0.8424, 25.375]},
			"faces": {
				"north": {"uv": [0.75, 8.75, 1.5, 9], "texture": "#1"},
				"east": {"uv": [6.875, 8.875, 7.5, 9.125], "texture": "#1"},
				"south": {"uv": [8.75, 0.75, 9.5, 1], "texture": "#1"},
				"west": {"uv": [7.5, 8.875, 8.125, 9.125], "texture": "#1"},
				"up": {"uv": [8.125, 7.875, 7.375, 7.25], "texture": "#1"},
				"down": {"uv": [5.875, 7.5, 5.125, 8.125], "texture": "#1"}
			}
		},
		{
			"name": "left_wheel_1",
			"from": [-6.3055, -1.5856, 19.5196],
			"to": [-0.2245, 3.2704, 21.3506],
			"shade": false,
			"rotation": {"angle": 0, "axis": "y", "origin": [-3.265, 0.8424, 25.375]},
			"faces": {
				"north": {"uv": [5.875, 7.5, 6.625, 8.125], "texture": "#1"},
				"east": {"uv": [8.125, 8.875, 8.375, 9.5], "texture": "#1"},
				"south": {"uv": [6.625, 7.5, 7.375, 8.125], "texture": "#1"},
				"west": {"uv": [8.375, 8.875, 8.625, 9.5], "texture": "#1"},
				"up": {"uv": [9.5, 3.25, 8.75, 3], "texture": "#1"},
				"down": {"uv": [4, 8.75, 3.25, 9], "texture": "#1"}
			}
		},
		{
			"name": "left_wheel_1",
			"from": [-6.2975, 4.87333, 22.95146],
			"to": [-0.2325, 6.68833, 27.79146],
			"shade": false,
			"rotation": {"angle": -45, "axis": "x", "origin": [-3.265, 0.8424, 25.375]},
			"faces": {
				"north": {"uv": [8.75, 3.25, 9.5, 3.5], "texture": "#1"},
				"east": {"uv": [9, 0, 9.625, 0.25], "texture": "#1"},
				"south": {"uv": [8.75, 3.5, 9.5, 3.75], "texture": "#1"},
				"west": {"uv": [9, 0.25, 9.625, 0.5], "texture": "#1"},
				"up": {"uv": [8.375, 3.125, 7.625, 2.5], "texture": "#1"},
				"down": {"uv": [8.375, 3.75, 7.625, 4.375], "texture": "#1"}
			}
		},
		{
			"name": "left_wheel_1",
			"from": [-6.3055, 4.86179, 22.952],
			"to": [-0.2245, 6.69279, 27.808],
			"shade": false,
			"rotation": {"angle": 0, "axis": "y", "origin": [-3.265, 0.8424, 25.375]},
			"faces": {
				"north": {"uv": [8.75, 3.75, 9.5, 4], "texture": "#1"},
				"east": {"uv": [0.75, 9, 1.375, 9.25], "texture": "#1"},
				"south": {"uv": [8.75, 4, 9.5, 4.25], "texture": "#1"},
				"west": {"uv": [9, 1.875, 9.625, 2.125], "texture": "#1"},
				"up": {"uv": [8.375, 5, 7.625, 4.375], "texture": "#1"},
				"down": {"uv": [8.5, 0, 7.75, 0.625], "texture": "#1"}
			}
		},
		{
			"name": "left_wheel_1",
			"from": [-0.25, -3.25, 21.225],
			"to": [-0.25, 4.85, 29.525],
			"shade": false,
			"rotation": {"angle": 0, "axis": "y", "origin": [-2.25, -4.5, 23.475]},
			"faces": {
				"north": {"uv": [0, 0, 0, 1], "texture": "#missing"},
				"east": {"uv": [8.125, 9.0625, 8.1875, 9.1875], "texture": "#1"},
				"south": {"uv": [0, 0, 0, 1], "texture": "#missing"},
				"west": {"uv": [0, 0, 1, 1], "texture": "#missing"},
				"up": {"uv": [0, 0, 0, 1], "texture": "#missing"},
				"down": {"uv": [0, 0, 0, 1], "texture": "#missing"}
			}
		},
		{
			"name": "left_swheel_1",
			"from": [-8.25, -3, 20.25],
			"to": [-6.25, 8, 30.75],
			"shade": false,
			"rotation": {"angle": 0, "axis": "y", "origin": [-8.25, 0, 25.75]},
			"faces": {
				"north": {"uv": [5.375, 8.125, 5.625, 9.5], "texture": "#1"},
				"east": {"uv": [4.5, 4.125, 5.5625, 5.5], "texture": "#1"},
				"south": {"uv": [8.125, 5.375, 8.375, 6.75], "texture": "#1"},
				"west": {"uv": [4.75, 1.75, 5.8125, 3.125], "texture": "#1"},
				"up": {"uv": [6.625, 9.1875, 6.375, 8.125], "texture": "#1"},
				"down": {"uv": [6.875, 8.125, 6.625, 9.1875], "texture": "#1"}
			}
		},
		{
			"name": "left_swheel_1",
			"from": [-6.25, 6, 20.25],
			"to": [0, 8, 30.75],
			"shade": false,
			"rotation": {"angle": 0, "axis": "y", "origin": [-0.75, 7, 25.5]},
			"faces": {
				"north": {"uv": [8.375, 6.5, 9.1875, 6.75], "texture": "#1"},
				"east": {"uv": [5.75, 3.875, 6.8125, 4.125], "texture": "#1"},
				"south": {"uv": [7.875, 8.375, 8.6875, 8.625], "texture": "#1"},
				"west": {"uv": [8.125, 6.75, 9.1875, 7], "texture": "#1"},
				"up": {"uv": [0.8125, 6.9375, 0, 5.875], "texture": "#1"},
				"down": {"uv": [1.6875, 5.875, 0.875, 6.9375], "texture": "#1"}
			}
		},
		{
			"name": "left_wheel_2",
			"from": [-6.3055, 4.86179, 11.202],
			"to": [-0.2245, 6.69279, 16.058],
			"shade": false,
			"rotation": {"angle": 0, "axis": "y", "origin": [-3.265, 0.8424, 13.625]},
			"faces": {
				"north": {"uv": [8.75, 3.75, 9.5, 4], "texture": "#1"},
				"east": {"uv": [0.75, 9, 1.375, 9.25], "texture": "#1"},
				"south": {"uv": [8.75, 4, 9.5, 4.25], "texture": "#1"},
				"west": {"uv": [9, 1.875, 9.625, 2.125], "texture": "#1"},
				"up": {"uv": [8.375, 5, 7.625, 4.375], "texture": "#1"},
				"down": {"uv": [8.5, 0, 7.75, 0.625], "texture": "#1"}
			}
		},
		{
			"name": "left_wheel_2",
			"from": [-6.2975, 4.87333, 11.20146],
			"to": [-0.2325, 6.68833, 16.04146],
			"shade": false,
			"rotation": {"angle": -45, "axis": "x", "origin": [-3.265, 0.8424, 13.625]},
			"faces": {
				"north": {"uv": [8.75, 3.25, 9.5, 3.5], "texture": "#1"},
				"east": {"uv": [9, 0, 9.625, 0.25], "texture": "#1"},
				"south": {"uv": [8.75, 3.5, 9.5, 3.75], "texture": "#1"},
				"west": {"uv": [9, 0.25, 9.625, 0.5], "texture": "#1"},
				"up": {"uv": [8.375, 3.125, 7.625, 2.5], "texture": "#1"},
				"down": {"uv": [8.375, 3.75, 7.625, 4.375], "texture": "#1"}
			}
		},
		{
			"name": "left_wheel_2",
			"from": [-6.3055, -1.5856, 7.7696],
			"to": [-0.2245, 3.2704, 9.6006],
			"shade": false,
			"rotation": {"angle": 0, "axis": "y", "origin": [-3.265, 0.8424, 13.625]},
			"faces": {
				"north": {"uv": [5.875, 7.5, 6.625, 8.125], "texture": "#1"},
				"east": {"uv": [8.125, 8.875, 8.375, 9.5], "texture": "#1"},
				"south": {"uv": [6.625, 7.5, 7.375, 8.125], "texture": "#1"},
				"west": {"uv": [8.375, 8.875, 8.625, 9.5], "texture": "#1"},
				"up": {"uv": [9.5, 3.25, 8.75, 3], "texture": "#1"},
				"down": {"uv": [4, 8.75, 3.25, 9], "texture": "#1"}
			}
		},
		{
			"name": "left_wheel_2",
			"from": [-6.2975, -5.00354, 11.20146],
			"to": [-0.2325, -3.18854, 16.04146],
			"shade": false,
			"rotation": {"angle": 45, "axis": "x", "origin": [-3.265, 0.8424, 13.625]},
			"faces": {
				"north": {"uv": [0.75, 8.75, 1.5, 9], "texture": "#1"},
				"east": {"uv": [6.875, 8.875, 7.5, 9.125], "texture": "#1"},
				"south": {"uv": [8.75, 0.75, 9.5, 1], "texture": "#1"},
				"west": {"uv": [7.5, 8.875, 8.125, 9.125], "texture": "#1"},
				"up": {"uv": [8.125, 7.875, 7.375, 7.25], "texture": "#1"},
				"down": {"uv": [5.875, 7.5, 5.125, 8.125], "texture": "#1"}
			}
		},
		{
			"name": "left_wheel_2",
			"from": [-6.2975, 4.87333, 11.20854],
			"to": [-0.2325, 6.68833, 16.04854],
			"shade": false,
			"rotation": {"angle": 45, "axis": "x", "origin": [-3.265, 0.8424, 13.625]},
			"faces": {
				"north": {"uv": [8.625, 8, 9.375, 8.25], "texture": "#1"},
				"east": {"uv": [8.875, 1.625, 9.5, 1.875], "texture": "#1"},
				"south": {"uv": [8.75, 0.5, 9.5, 0.75], "texture": "#1"},
				"west": {"uv": [1.75, 8.875, 2.375, 9.125], "texture": "#1"},
				"up": {"uv": [8.125, 6.625, 7.375, 6], "texture": "#1"},
				"down": {"uv": [8.125, 6.625, 7.375, 7.25], "texture": "#1"}
			}
		},
		{
			"name": "left_wheel_2",
			"from": [-6.2975, -5.00354, 11.20854],
			"to": [-0.2325, -3.18854, 16.04854],
			"shade": false,
			"rotation": {"angle": -45, "axis": "x", "origin": [-3.265, 0.8424, 13.625]},
			"faces": {
				"north": {"uv": [8.625, 7.75, 9.375, 8], "texture": "#1"},
				"east": {"uv": [8.75, 8.75, 9.375, 9], "texture": "#1"},
				"south": {"uv": [8, 8.625, 8.75, 8.875], "texture": "#1"},
				"west": {"uv": [8.875, 1.375, 9.5, 1.625], "texture": "#1"},
				"up": {"uv": [4.375, 8, 3.625, 7.375], "texture": "#1"},
				"down": {"uv": [8.125, 5.375, 7.375, 6], "texture": "#1"}
			}
		},
		{
			"name": "left_wheel_2",
			"from": [-6.3055, -1.5856, 17.6494],
			"to": [-0.2245, 3.2704, 19.4804],
			"shade": false,
			"rotation": {"angle": 0, "axis": "y", "origin": [-3.265, 0.8424, 13.625]},
			"faces": {
				"north": {"uv": [2.125, 7.25, 2.875, 7.875], "texture": "#1"},
				"east": {"uv": [6.125, 8.5, 6.375, 9.125], "texture": "#1"},
				"south": {"uv": [2.875, 7.375, 3.625, 8], "texture": "#1"},
				"west": {"uv": [1.5, 8.75, 1.75, 9.375], "texture": "#1"},
				"up": {"uv": [9.375, 6.25, 8.625, 6], "texture": "#1"},
				"down": {"uv": [8, 8.625, 7.25, 8.875], "texture": "#1"}
			}
		},
		{
			"name": "left_wheel_2",
			"from": [-6.3055, -5.008, 11.202],
			"to": [-0.2245, -3.177, 16.058],
			"shade": false,
			"rotation": {"angle": 0, "axis": "y", "origin": [-3.265, 0.8424, 13.625]},
			"faces": {
				"north": {"uv": [8.625, 5.5, 9.375, 5.75], "texture": "#1"},
				"east": {"uv": [8.75, 8.25, 9.375, 8.5], "texture": "#1"},
				"south": {"uv": [8.625, 5.75, 9.375, 6], "texture": "#1"},
				"west": {"uv": [8.75, 8.5, 9.375, 8.75], "texture": "#1"},
				"up": {"uv": [4.75, 2.375, 4, 1.75], "texture": "#1"},
				"down": {"uv": [8, 1.875, 7.25, 2.5], "texture": "#1"}
			}
		},
		{
			"name": "left_wheel_2",
			"from": [-0.25, -3.25, 9.475],
			"to": [-0.25, 4.85, 17.775],
			"shade": false,
			"rotation": {"angle": 0, "axis": "y", "origin": [-2.25, -4.5, 11.725]},
			"faces": {
				"north": {"uv": [0, 0, 0, 1], "texture": "#missing"},
				"east": {"uv": [8.125, 9.0625, 8.1875, 9.1875], "texture": "#1"},
				"south": {"uv": [0, 0, 0, 1], "texture": "#missing"},
				"west": {"uv": [0, 0, 1, 1], "texture": "#missing"},
				"up": {"uv": [0, 0, 0, 1], "texture": "#missing"},
				"down": {"uv": [0, 0, 0, 1], "texture": "#missing"}
			}
		},
		{
			"name": "left_swheel_2",
			"from": [-6.25, 6, 8.5],
			"to": [0, 8, 19],
			"shade": false,
			"rotation": {"angle": 0, "axis": "y", "origin": [-0.75, 7, 13.75]},
			"faces": {
				"north": {"uv": [8.375, 6.5, 9.1875, 6.75], "texture": "#1"},
				"east": {"uv": [5.75, 3.875, 6.8125, 4.125], "texture": "#1"},
				"south": {"uv": [7.875, 8.375, 8.6875, 8.625], "texture": "#1"},
				"west": {"uv": [8.125, 6.75, 9.1875, 7], "texture": "#1"},
				"up": {"uv": [0.8125, 6.9375, 0, 5.875], "texture": "#1"},
				"down": {"uv": [1.6875, 5.875, 0.875, 6.9375], "texture": "#1"}
			}
		},
		{
			"name": "left_swheel_2",
			"from": [-8.25, -3, 8.5],
			"to": [-6.25, 8, 19],
			"shade": false,
			"rotation": {"angle": 0, "axis": "y", "origin": [-8.25, 0, 14]},
			"faces": {
				"north": {"uv": [5.375, 8.125, 5.625, 9.5], "texture": "#1"},
				"east": {"uv": [4.5, 4.125, 5.5625, 5.5], "texture": "#1"},
				"south": {"uv": [8.125, 5.375, 8.375, 6.75], "texture": "#1"},
				"west": {"uv": [4.75, 1.75, 5.8125, 3.125], "texture": "#1"},
				"up": {"uv": [6.625, 9.1875, 6.375, 8.125], "texture": "#1"},
				"down": {"uv": [6.875, 8.125, 6.625, 9.1875], "texture": "#1"}
			}
		},
		{
			"name": "left_wheel_3",
			"from": [-6.3055, -5.008, -0.548],
			"to": [-0.2245, -3.177, 4.308],
			"shade": false,
			"rotation": {"angle": 0, "axis": "y", "origin": [-3.265, 0.8424, 1.875]},
			"faces": {
				"north": {"uv": [8.625, 5.5, 9.375, 5.75], "texture": "#1"},
				"east": {"uv": [8.75, 8.25, 9.375, 8.5], "texture": "#1"},
				"south": {"uv": [8.625, 5.75, 9.375, 6], "texture": "#1"},
				"west": {"uv": [8.75, 8.5, 9.375, 8.75], "texture": "#1"},
				"up": {"uv": [4.75, 2.375, 4, 1.75], "texture": "#1"},
				"down": {"uv": [8, 1.875, 7.25, 2.5], "texture": "#1"}
			}
		},
		{
			"name": "left_wheel_3",
			"from": [-6.3055, -1.5856, 5.8994],
			"to": [-0.2245, 3.2704, 7.7304],
			"shade": false,
			"rotation": {"angle": 0, "axis": "y", "origin": [-3.265, 0.8424, 1.875]},
			"faces": {
				"north": {"uv": [2.125, 7.25, 2.875, 7.875], "texture": "#1"},
				"east": {"uv": [6.125, 8.5, 6.375, 9.125], "texture": "#1"},
				"south": {"uv": [2.875, 7.375, 3.625, 8], "texture": "#1"},
				"west": {"uv": [1.5, 8.75, 1.75, 9.375], "texture": "#1"},
				"up": {"uv": [9.375, 6.25, 8.625, 6], "texture": "#1"},
				"down": {"uv": [8, 8.625, 7.25, 8.875], "texture": "#1"}
			}
		},
		{
			"name": "left_wheel_3",
			"from": [-6.2975, -5.00354, -0.54146],
			"to": [-0.2325, -3.18854, 4.29854],
			"shade": false,
			"rotation": {"angle": -45, "axis": "x", "origin": [-3.265, 0.8424, 1.875]},
			"faces": {
				"north": {"uv": [8.625, 7.75, 9.375, 8], "texture": "#1"},
				"east": {"uv": [8.75, 8.75, 9.375, 9], "texture": "#1"},
				"south": {"uv": [8, 8.625, 8.75, 8.875], "texture": "#1"},
				"west": {"uv": [8.875, 1.375, 9.5, 1.625], "texture": "#1"},
				"up": {"uv": [4.375, 8, 3.625, 7.375], "texture": "#1"},
				"down": {"uv": [8.125, 5.375, 7.375, 6], "texture": "#1"}
			}
		},
		{
			"name": "left_wheel_3",
			"from": [-6.2975, 4.87333, -0.54146],
			"to": [-0.2325, 6.68833, 4.29854],
			"shade": false,
			"rotation": {"angle": 45, "axis": "x", "origin": [-3.265, 0.8424, 1.875]},
			"faces": {
				"north": {"uv": [8.625, 8, 9.375, 8.25], "texture": "#1"},
				"east": {"uv": [8.875, 1.625, 9.5, 1.875], "texture": "#1"},
				"south": {"uv": [8.75, 0.5, 9.5, 0.75], "texture": "#1"},
				"west": {"uv": [1.75, 8.875, 2.375, 9.125], "texture": "#1"},
				"up": {"uv": [8.125, 6.625, 7.375, 6], "texture": "#1"},
				"down": {"uv": [8.125, 6.625, 7.375, 7.25], "texture": "#1"}
			}
		},
		{
			"name": "left_wheel_3",
			"from": [-6.2975, -5.00354, -0.54854],
			"to": [-0.2325, -3.18854, 4.29146],
			"shade": false,
			"rotation": {"angle": 45, "axis": "x", "origin": [-3.265, 0.8424, 1.875]},
			"faces": {
				"north": {"uv": [0.75, 8.75, 1.5, 9], "texture": "#1"},
				"east": {"uv": [6.875, 8.875, 7.5, 9.125], "texture": "#1"},
				"south": {"uv": [8.75, 0.75, 9.5, 1], "texture": "#1"},
				"west": {"uv": [7.5, 8.875, 8.125, 9.125], "texture": "#1"},
				"up": {"uv": [8.125, 7.875, 7.375, 7.25], "texture": "#1"},
				"down": {"uv": [5.875, 7.5, 5.125, 8.125], "texture": "#1"}
			}
		},
		{
			"name": "left_wheel_3",
			"from": [-6.3055, -1.5856, -3.9804],
			"to": [-0.2245, 3.2704, -2.1494],
			"shade": false,
			"rotation": {"angle": 0, "axis": "y", "origin": [-3.265, 0.8424, 1.875]},
			"faces": {
				"north": {"uv": [5.875, 7.5, 6.625, 8.125], "texture": "#1"},
				"east": {"uv": [8.125, 8.875, 8.375, 9.5], "texture": "#1"},
				"south": {"uv": [6.625, 7.5, 7.375, 8.125], "texture": "#1"},
				"west": {"uv": [8.375, 8.875, 8.625, 9.5], "texture": "#1"},
				"up": {"uv": [9.5, 3.25, 8.75, 3], "texture": "#1"},
				"down": {"uv": [4, 8.75, 3.25, 9], "texture": "#1"}
			}
		},
		{
			"name": "left_wheel_3",
			"from": [-6.2975, 4.87333, -0.54854],
			"to": [-0.2325, 6.68833, 4.29146],
			"shade": false,
			"rotation": {"angle": -45, "axis": "x", "origin": [-3.265, 0.8424, 1.875]},
			"faces": {
				"north": {"uv": [8.75, 3.25, 9.5, 3.5], "texture": "#1"},
				"east": {"uv": [9, 0, 9.625, 0.25], "texture": "#1"},
				"south": {"uv": [8.75, 3.5, 9.5, 3.75], "texture": "#1"},
				"west": {"uv": [9, 0.25, 9.625, 0.5], "texture": "#1"},
				"up": {"uv": [8.375, 3.125, 7.625, 2.5], "texture": "#1"},
				"down": {"uv": [8.375, 3.75, 7.625, 4.375], "texture": "#1"}
			}
		},
		{
			"name": "left_wheel_3",
			"from": [-0.25, -3.25, -2.25],
			"to": [-0.25, 4.85, 6.05],
			"shade": false,
			"rotation": {"angle": 0, "axis": "y", "origin": [-2.25, -4.5, 0]},
			"faces": {
				"north": {"uv": [0, 0, 0, 1], "texture": "#missing"},
				"east": {"uv": [8.125, 9.0625, 8.1875, 9.1875], "texture": "#1"},
				"south": {"uv": [0, 0, 0, 1], "texture": "#missing"},
				"west": {"uv": [0, 0, 1, 1], "texture": "#missing"},
				"up": {"uv": [0, 0, 0, 1], "texture": "#missing"},
				"down": {"uv": [0, 0, 0, 1], "texture": "#missing"}
			}
		},
		{
			"name": "left_swheel_3",
			"from": [-6.3055, 4.86179, -0.548],
			"to": [-0.2245, 6.69279, 4.308],
			"shade": false,
			"rotation": {"angle": 0, "axis": "y", "origin": [-3.265, 0.8424, 1.875]},
			"faces": {
				"north": {"uv": [8.75, 3.75, 9.5, 4], "texture": "#1"},
				"east": {"uv": [0.75, 9, 1.375, 9.25], "texture": "#1"},
				"south": {"uv": [8.75, 4, 9.5, 4.25], "texture": "#1"},
				"west": {"uv": [9, 1.875, 9.625, 2.125], "texture": "#1"},
				"up": {"uv": [8.375, 5, 7.625, 4.375], "texture": "#1"},
				"down": {"uv": [8.5, 0, 7.75, 0.625], "texture": "#1"}
			}
		},
		{
			"name": "left_swheel_3",
			"from": [-8.25, -3, -3.25],
			"to": [-6.25, 8, 7.25],
			"shade": false,
			"rotation": {"angle": 0, "axis": "y", "origin": [-8.25, 0, 2.25]},
			"faces": {
				"north": {"uv": [5.375, 8.125, 5.625, 9.5], "texture": "#1"},
				"east": {"uv": [4.5, 4.125, 5.5625, 5.5], "texture": "#1"},
				"south": {"uv": [8.125, 5.375, 8.375, 6.75], "texture": "#1"},
				"west": {"uv": [4.75, 1.75, 5.8125, 3.125], "texture": "#1"},
				"up": {"uv": [6.625, 9.1875, 6.375, 8.125], "texture": "#1"},
				"down": {"uv": [6.875, 8.125, 6.625, 9.1875], "texture": "#1"}
			}
		},
		{
			"name": "left_swheel_2",
			"from": [-6.25, 6, -3.25],
			"to": [0, 8, 7.25],
			"shade": false,
			"rotation": {"angle": 0, "axis": "y", "origin": [-0.75, 7, 2]},
			"faces": {
				"north": {"uv": [8.375, 6.5, 9.1875, 6.75], "texture": "#1"},
				"east": {"uv": [5.75, 3.875, 6.8125, 4.125], "texture": "#1"},
				"south": {"uv": [7.875, 8.375, 8.6875, 8.625], "texture": "#1"},
				"west": {"uv": [8.125, 6.75, 9.1875, 7], "texture": "#1"},
				"up": {"uv": [0.8125, 6.9375, 0, 5.875], "texture": "#1"},
				"down": {"uv": [1.6875, 5.875, 0.875, 6.9375], "texture": "#1"}
			}
		},
		{
			"name": "right_swheel_1",
			"from": [16, 6, 20.25],
			"to": [22.25, 8, 30.75],
			"rotation": {"angle": 0, "axis": "y", "origin": [16.75, 7, 25.5]},
			"faces": {
				"north": {"uv": [9.1875, 6.5, 8.375, 6.75], "texture": "#1"},
				"east": {"uv": [9.1875, 6.75, 8.125, 7], "texture": "#1"},
				"south": {"uv": [8.6875, 8.375, 7.875, 8.625], "texture": "#1"},
				"west": {"uv": [6.8125, 3.875, 5.75, 4.125], "texture": "#1"},
				"up": {"uv": [0, 6.9375, 0.8125, 5.875], "texture": "#1"},
				"down": {"uv": [0.875, 5.875, 1.6875, 6.9375], "texture": "#1"}
			}
		},
		{
			"name": "right_swheel_1",
			"from": [22.25, -3, 20.25],
			"to": [24.25, 8, 30.75],
			"rotation": {"angle": 0, "axis": "y", "origin": [24.25, 0, 25.75]},
			"faces": {
				"north": {"uv": [5.625, 8.125, 5.375, 9.5], "texture": "#1"},
				"east": {"uv": [5.8125, 1.75, 4.75, 3.125], "texture": "#1"},
				"south": {"uv": [8.375, 5.375, 8.125, 6.75], "texture": "#1"},
				"west": {"uv": [5.5625, 4.125, 4.5, 5.5], "texture": "#1"},
				"up": {"uv": [6.375, 9.1875, 6.625, 8.125], "texture": "#1"},
				"down": {"uv": [6.625, 8.125, 6.875, 9.1875], "texture": "#1"}
			}
		},
		{
			"name": "right_wheel_1",
			"from": [16.25, -3.25, 21.225],
			"to": [16.25, 4.85, 29.525],
			"rotation": {"angle": 0, "axis": "y", "origin": [18.25, -4.5, 23.475]},
			"faces": {
				"north": {"uv": [0, 0, 0, 1], "texture": "#missing"},
				"east": {"uv": [1, 0, 0, 1], "texture": "#missing"},
				"south": {"uv": [0, 0, 0, 1], "texture": "#missing"},
				"west": {"uv": [8.1875, 9.0625, 8.125, 9.1875], "texture": "#1"},
				"up": {"uv": [0, 0, 0, 1], "texture": "#missing"},
				"down": {"uv": [0, 0, 0, 1], "texture": "#missing"}
			}
		},
		{
			"name": "right_wheel_1",
			"from": [16.2245, 4.86179, 22.952],
			"to": [22.3055, 6.69279, 27.808],
			"shade": false,
			"rotation": {"angle": 0, "axis": "y", "origin": [19.265, 0.8424, 25.375]},
			"faces": {
				"north": {"uv": [9.5, 3.75, 8.75, 4], "texture": "#1"},
				"east": {"uv": [9.625, 1.875, 9, 2.125], "texture": "#1"},
				"south": {"uv": [9.5, 4, 8.75, 4.25], "texture": "#1"},
				"west": {"uv": [1.375, 9, 0.75, 9.25], "texture": "#1"},
				"up": {"uv": [7.625, 5, 8.375, 4.375], "texture": "#1"},
				"down": {"uv": [7.75, 0, 8.5, 0.625], "texture": "#1"}
			}
		},
		{
			"name": "right_wheel_1",
			"from": [16.2325, 4.87333, 22.95146],
			"to": [22.2975, 6.68833, 27.79146],
			"shade": false,
			"rotation": {"angle": -45, "axis": "x", "origin": [19.265, 0.8424, 25.375]},
			"faces": {
				"north": {"uv": [9.5, 3.25, 8.75, 3.5], "texture": "#1"},
				"east": {"uv": [9.625, 0.25, 9, 0.5], "texture": "#1"},
				"south": {"uv": [9.5, 3.5, 8.75, 3.75], "texture": "#1"},
				"west": {"uv": [9.625, 0, 9, 0.25], "texture": "#1"},
				"up": {"uv": [7.625, 3.125, 8.375, 2.5], "texture": "#1"},
				"down": {"uv": [7.625, 3.75, 8.375, 4.375], "texture": "#1"}
			}
		},
		{
			"name": "right_wheel_1",
			"from": [16.2245, -1.5856, 19.5196],
			"to": [22.3055, 3.2704, 21.3506],
			"shade": false,
			"rotation": {"angle": 0, "axis": "y", "origin": [19.265, 0.8424, 25.375]},
			"faces": {
				"north": {"uv": [6.625, 7.5, 5.875, 8.125], "texture": "#1"},
				"east": {"uv": [8.625, 8.875, 8.375, 9.5], "texture": "#1"},
				"south": {"uv": [7.375, 7.5, 6.625, 8.125], "texture": "#1"},
				"west": {"uv": [8.375, 8.875, 8.125, 9.5], "texture": "#1"},
				"up": {"uv": [8.75, 3.25, 9.5, 3], "texture": "#1"},
				"down": {"uv": [3.25, 8.75, 4, 9], "texture": "#1"}
			}
		},
		{
			"name": "right_wheel_1",
			"from": [16.2325, -5.00354, 22.95146],
			"to": [22.2975, -3.18854, 27.79146],
			"shade": false,
			"rotation": {"angle": 45, "axis": "x", "origin": [19.265, 0.8424, 25.375]},
			"faces": {
				"north": {"uv": [1.5, 8.75, 0.75, 9], "texture": "#1"},
				"east": {"uv": [8.125, 8.875, 7.5, 9.125], "texture": "#1"},
				"south": {"uv": [9.5, 0.75, 8.75, 1], "texture": "#1"},
				"west": {"uv": [7.5, 8.875, 6.875, 9.125], "texture": "#1"},
				"up": {"uv": [7.375, 7.875, 8.125, 7.25], "texture": "#1"},
				"down": {"uv": [5.125, 7.5, 5.875, 8.125], "texture": "#1"}
			}
		},
		{
			"name": "right_wheel_1",
			"from": [16.2325, 4.87333, 22.95854],
			"to": [22.2975, 6.68833, 27.79854],
			"shade": false,
			"rotation": {"angle": 45, "axis": "x", "origin": [19.265, 0.8424, 25.375]},
			"faces": {
				"north": {"uv": [9.375, 8, 8.625, 8.25], "texture": "#1"},
				"east": {"uv": [2.375, 8.875, 1.75, 9.125], "texture": "#1"},
				"south": {"uv": [9.5, 0.5, 8.75, 0.75], "texture": "#1"},
				"west": {"uv": [9.5, 1.625, 8.875, 1.875], "texture": "#1"},
				"up": {"uv": [7.375, 6.625, 8.125, 6], "texture": "#1"},
				"down": {"uv": [7.375, 6.625, 8.125, 7.25], "texture": "#1"}
			}
		},
		{
			"name": "right_wheel_1",
			"from": [16.2325, -5.00354, 22.95854],
			"to": [22.2975, -3.18854, 27.79854],
			"shade": false,
			"rotation": {"angle": -45, "axis": "x", "origin": [19.265, 0.8424, 25.375]},
			"faces": {
				"north": {"uv": [9.375, 7.75, 8.625, 8], "texture": "#1"},
				"east": {"uv": [9.5, 1.375, 8.875, 1.625], "texture": "#1"},
				"south": {"uv": [8.75, 8.625, 8, 8.875], "texture": "#1"},
				"west": {"uv": [9.375, 8.75, 8.75, 9], "texture": "#1"},
				"up": {"uv": [3.625, 8, 4.375, 7.375], "texture": "#1"},
				"down": {"uv": [7.375, 5.375, 8.125, 6], "texture": "#1"}
			}
		},
		{
			"name": "right_wheel_1",
			"from": [16.2245, -1.5856, 29.3994],
			"to": [22.3055, 3.2704, 31.2304],
			"shade": false,
			"rotation": {"angle": 0, "axis": "y", "origin": [19.265, 0.8424, 25.375]},
			"faces": {
				"north": {"uv": [2.875, 7.25, 2.125, 7.875], "texture": "#1"},
				"east": {"uv": [1.75, 8.75, 1.5, 9.375], "texture": "#1"},
				"south": {"uv": [3.625, 7.375, 2.875, 8], "texture": "#1"},
				"west": {"uv": [6.375, 8.5, 6.125, 9.125], "texture": "#1"},
				"up": {"uv": [8.625, 6.25, 9.375, 6], "texture": "#1"},
				"down": {"uv": [7.25, 8.625, 8, 8.875], "texture": "#1"}
			}
		},
		{
			"name": "right_wheel_1",
			"from": [16.2245, -5.008, 22.952],
			"to": [22.3055, -3.177, 27.808],
			"shade": false,
			"rotation": {"angle": 0, "axis": "y", "origin": [19.265, 0.8424, 25.375]},
			"faces": {
				"north": {"uv": [9.375, 5.5, 8.625, 5.75], "texture": "#1"},
				"east": {"uv": [9.375, 8.5, 8.75, 8.75], "texture": "#1"},
				"south": {"uv": [9.375, 5.75, 8.625, 6], "texture": "#1"},
				"west": {"uv": [9.375, 8.25, 8.75, 8.5], "texture": "#1"},
				"up": {"uv": [4, 2.375, 4.75, 1.75], "texture": "#1"},
				"down": {"uv": [7.25, 1.875, 8, 2.5], "texture": "#1"}
			}
		},
		{
			"name": "right_swheel_2",
			"from": [22.25, -3, 8.5],
			"to": [24.25, 8, 19],
			"rotation": {"angle": 0, "axis": "y", "origin": [24.25, 0, 14]},
			"faces": {
				"north": {"uv": [5.625, 8.125, 5.375, 9.5], "texture": "#1"},
				"east": {"uv": [5.8125, 1.75, 4.75, 3.125], "texture": "#1"},
				"south": {"uv": [8.375, 5.375, 8.125, 6.75], "texture": "#1"},
				"west": {"uv": [5.5625, 4.125, 4.5, 5.5], "texture": "#1"},
				"up": {"uv": [6.375, 9.1875, 6.625, 8.125], "texture": "#1"},
				"down": {"uv": [6.625, 8.125, 6.875, 9.1875], "texture": "#1"}
			}
		},
		{
			"name": "right_swheel_2",
			"from": [16, 6, 8.5],
			"to": [22.25, 8, 19],
			"rotation": {"angle": 0, "axis": "y", "origin": [16.75, 7, 13.75]},
			"faces": {
				"north": {"uv": [9.1875, 6.5, 8.375, 6.75], "texture": "#1"},
				"east": {"uv": [9.1875, 6.75, 8.125, 7], "texture": "#1"},
				"south": {"uv": [8.6875, 8.375, 7.875, 8.625], "texture": "#1"},
				"west": {"uv": [6.8125, 3.875, 5.75, 4.125], "texture": "#1"},
				"up": {"uv": [0, 6.9375, 0.8125, 5.875], "texture": "#1"},
				"down": {"uv": [0.875, 5.875, 1.6875, 6.9375], "texture": "#1"}
			}
		},
		{
			"name": "right_wheel_2",
			"from": [16.25, -3.25, 9.475],
			"to": [16.25, 4.85, 17.775],
			"rotation": {"angle": 0, "axis": "y", "origin": [18.25, -4.5, 11.725]},
			"faces": {
				"north": {"uv": [0, 0, 0, 1], "texture": "#missing"},
				"east": {"uv": [1, 0, 0, 1], "texture": "#missing"},
				"south": {"uv": [0, 0, 0, 1], "texture": "#missing"},
				"west": {"uv": [8.1875, 9.0625, 8.125, 9.1875], "texture": "#1"},
				"up": {"uv": [0, 0, 0, 1], "texture": "#missing"},
				"down": {"uv": [0, 0, 0, 1], "texture": "#missing"}
			}
		},
		{
			"name": "right_wheel_2",
			"from": [16.2245, -5.008, 11.202],
			"to": [22.3055, -3.177, 16.058],
			"shade": false,
			"rotation": {"angle": 0, "axis": "y", "origin": [19.265, 0.8424, 13.625]},
			"faces": {
				"north": {"uv": [9.375, 5.5, 8.625, 5.75], "texture": "#1"},
				"east": {"uv": [9.375, 8.5, 8.75, 8.75], "texture": "#1"},
				"south": {"uv": [9.375, 5.75, 8.625, 6], "texture": "#1"},
				"west": {"uv": [9.375, 8.25, 8.75, 8.5], "texture": "#1"},
				"up": {"uv": [4, 2.375, 4.75, 1.75], "texture": "#1"},
				"down": {"uv": [7.25, 1.875, 8, 2.5], "texture": "#1"}
			}
		},
		{
			"name": "right_wheel_2",
			"from": [16.2245, -1.5856, 17.6494],
			"to": [22.3055, 3.2704, 19.4804],
			"shade": false,
			"rotation": {"angle": 0, "axis": "y", "origin": [19.265, 0.8424, 13.625]},
			"faces": {
				"north": {"uv": [2.875, 7.25, 2.125, 7.875], "texture": "#1"},
				"east": {"uv": [1.75, 8.75, 1.5, 9.375], "texture": "#1"},
				"south": {"uv": [3.625, 7.375, 2.875, 8], "texture": "#1"},
				"west": {"uv": [6.375, 8.5, 6.125, 9.125], "texture": "#1"},
				"up": {"uv": [8.625, 6.25, 9.375, 6], "texture": "#1"},
				"down": {"uv": [7.25, 8.625, 8, 8.875], "texture": "#1"}
			}
		},
		{
			"name": "right_wheel_2",
			"from": [16.2325, -5.00354, 11.20854],
			"to": [22.2975, -3.18854, 16.04854],
			"shade": false,
			"rotation": {"angle": -45, "axis": "x", "origin": [19.265, 0.8424, 13.625]},
			"faces": {
				"north": {"uv": [9.375, 7.75, 8.625, 8], "texture": "#1"},
				"east": {"uv": [9.5, 1.375, 8.875, 1.625], "texture": "#1"},
				"south": {"uv": [8.75, 8.625, 8, 8.875], "texture": "#1"},
				"west": {"uv": [9.375, 8.75, 8.75, 9], "texture": "#1"},
				"up": {"uv": [3.625, 8, 4.375, 7.375], "texture": "#1"},
				"down": {"uv": [7.375, 5.375, 8.125, 6], "texture": "#1"}
			}
		},
		{
			"name": "right_wheel_2",
			"from": [16.2325, 4.87333, 11.20854],
			"to": [22.2975, 6.68833, 16.04854],
			"shade": false,
			"rotation": {"angle": 45, "axis": "x", "origin": [19.265, 0.8424, 13.625]},
			"faces": {
				"north": {"uv": [9.375, 8, 8.625, 8.25], "texture": "#1"},
				"east": {"uv": [2.375, 8.875, 1.75, 9.125], "texture": "#1"},
				"south": {"uv": [9.5, 0.5, 8.75, 0.75], "texture": "#1"},
				"west": {"uv": [9.5, 1.625, 8.875, 1.875], "texture": "#1"},
				"up": {"uv": [7.375, 6.625, 8.125, 6], "texture": "#1"},
				"down": {"uv": [7.375, 6.625, 8.125, 7.25], "texture": "#1"}
			}
		},
		{
			"name": "right_wheel_2",
			"from": [16.2325, -5.00354, 11.20146],
			"to": [22.2975, -3.18854, 16.04146],
			"shade": false,
			"rotation": {"angle": 45, "axis": "x", "origin": [19.265, 0.8424, 13.625]},
			"faces": {
				"north": {"uv": [1.5, 8.75, 0.75, 9], "texture": "#1"},
				"east": {"uv": [8.125, 8.875, 7.5, 9.125], "texture": "#1"},
				"south": {"uv": [9.5, 0.75, 8.75, 1], "texture": "#1"},
				"west": {"uv": [7.5, 8.875, 6.875, 9.125], "texture": "#1"},
				"up": {"uv": [7.375, 7.875, 8.125, 7.25], "texture": "#1"},
				"down": {"uv": [5.125, 7.5, 5.875, 8.125], "texture": "#1"}
			}
		},
		{
			"name": "right_wheel_2",
			"from": [16.2245, -1.5856, 7.7696],
			"to": [22.3055, 3.2704, 9.6006],
			"shade": false,
			"rotation": {"angle": 0, "axis": "y", "origin": [19.265, 0.8424, 13.625]},
			"faces": {
				"north": {"uv": [6.625, 7.5, 5.875, 8.125], "texture": "#1"},
				"east": {"uv": [8.625, 8.875, 8.375, 9.5], "texture": "#1"},
				"south": {"uv": [7.375, 7.5, 6.625, 8.125], "texture": "#1"},
				"west": {"uv": [8.375, 8.875, 8.125, 9.5], "texture": "#1"},
				"up": {"uv": [8.75, 3.25, 9.5, 3], "texture": "#1"},
				"down": {"uv": [3.25, 8.75, 4, 9], "texture": "#1"}
			}
		},
		{
			"name": "right_wheel_2",
			"from": [16.2325, 4.87333, 11.20146],
			"to": [22.2975, 6.68833, 16.04146],
			"shade": false,
			"rotation": {"angle": -45, "axis": "x", "origin": [19.265, 0.8424, 13.625]},
			"faces": {
				"north": {"uv": [9.5, 3.25, 8.75, 3.5], "texture": "#1"},
				"east": {"uv": [9.625, 0.25, 9, 0.5], "texture": "#1"},
				"south": {"uv": [9.5, 3.5, 8.75, 3.75], "texture": "#1"},
				"west": {"uv": [9.625, 0, 9, 0.25], "texture": "#1"},
				"up": {"uv": [7.625, 3.125, 8.375, 2.5], "texture": "#1"},
				"down": {"uv": [7.625, 3.75, 8.375, 4.375], "texture": "#1"}
			}
		},
		{
			"name": "right_wheel_2",
			"from": [16.2245, 4.86179, 11.202],
			"to": [22.3055, 6.69279, 16.058],
			"shade": false,
			"rotation": {"angle": 0, "axis": "y", "origin": [19.265, 0.8424, 13.625]},
			"faces": {
				"north": {"uv": [9.5, 3.75, 8.75, 4], "texture": "#1"},
				"east": {"uv": [9.625, 1.875, 9, 2.125], "texture": "#1"},
				"south": {"uv": [9.5, 4, 8.75, 4.25], "texture": "#1"},
				"west": {"uv": [1.375, 9, 0.75, 9.25], "texture": "#1"},
				"up": {"uv": [7.625, 5, 8.375, 4.375], "texture": "#1"},
				"down": {"uv": [7.75, 0, 8.5, 0.625], "texture": "#1"}
			}
		},
		{
			"name": "right_wheel_3",
			"from": [16.2245, -5.008, -0.548],
			"to": [22.3055, -3.177, 4.308],
			"shade": false,
			"rotation": {"angle": 0, "axis": "y", "origin": [19.265, 0.8424, 1.875]},
			"faces": {
				"north": {"uv": [9.375, 5.5, 8.625, 5.75], "texture": "#1"},
				"east": {"uv": [9.375, 8.5, 8.75, 8.75], "texture": "#1"},
				"south": {"uv": [9.375, 5.75, 8.625, 6], "texture": "#1"},
				"west": {"uv": [9.375, 8.25, 8.75, 8.5], "texture": "#1"},
				"up": {"uv": [4, 2.375, 4.75, 1.75], "texture": "#1"},
				"down": {"uv": [7.25, 1.875, 8, 2.5], "texture": "#1"}
			}
		},
		{
			"name": "right_swheel_3",
			"from": [22.25, -3, -3.25],
			"to": [24.25, 8, 7.25],
			"rotation": {"angle": 0, "axis": "y", "origin": [24.25, 0, 2.25]},
			"faces": {
				"north": {"uv": [5.625, 8.125, 5.375, 9.5], "texture": "#1"},
				"east": {"uv": [5.8125, 1.75, 4.75, 3.125], "texture": "#1"},
				"south": {"uv": [8.375, 5.375, 8.125, 6.75], "texture": "#1"},
				"west": {"uv": [5.5625, 4.125, 4.5, 5.5], "texture": "#1"},
				"up": {"uv": [6.375, 9.1875, 6.625, 8.125], "texture": "#1"},
				"down": {"uv": [6.625, 8.125, 6.875, 9.1875], "texture": "#1"}
			}
		},
		{
			"name": "right_swheel_2",
			"from": [16, 6, -3.25],
			"to": [22.25, 8, 7.25],
			"rotation": {"angle": 0, "axis": "y", "origin": [16.75, 7, 2]},
			"faces": {
				"north": {"uv": [9.1875, 6.5, 8.375, 6.75], "texture": "#1"},
				"east": {"uv": [9.1875, 6.75, 8.125, 7], "texture": "#1"},
				"south": {"uv": [8.6875, 8.375, 7.875, 8.625], "texture": "#1"},
				"west": {"uv": [6.8125, 3.875, 5.75, 4.125], "texture": "#1"},
				"up": {"uv": [0, 6.9375, 0.8125, 5.875], "texture": "#1"},
				"down": {"uv": [0.875, 5.875, 1.6875, 6.9375], "texture": "#1"}
			}
		},
		{
			"name": "right_swheel_3",
			"from": [16.2245, 4.86179, -0.548],
			"to": [22.3055, 6.69279, 4.308],
			"shade": false,
			"rotation": {"angle": 0, "axis": "y", "origin": [19.265, 0.8424, 1.875]},
			"faces": {
				"north": {"uv": [9.5, 3.75, 8.75, 4], "texture": "#1"},
				"east": {"uv": [9.625, 1.875, 9, 2.125], "texture": "#1"},
				"south": {"uv": [9.5, 4, 8.75, 4.25], "texture": "#1"},
				"west": {"uv": [1.375, 9, 0.75, 9.25], "texture": "#1"},
				"up": {"uv": [7.625, 5, 8.375, 4.375], "texture": "#1"},
				"down": {"uv": [7.75, 0, 8.5, 0.625], "texture": "#1"}
			}
		},
		{
			"name": "right_wheel_3",
			"from": [16.25, -3.25, -2.25],
			"to": [16.25, 4.85, 6.05],
			"rotation": {"angle": 0, "axis": "y", "origin": [18.25, -4.5, 0]},
			"faces": {
				"north": {"uv": [0, 0, 0, 1], "texture": "#missing"},
				"east": {"uv": [1, 0, 0, 1], "texture": "#missing"},
				"south": {"uv": [0, 0, 0, 1], "texture": "#missing"},
				"west": {"uv": [8.1875, 9.0625, 8.125, 9.1875], "texture": "#1"},
				"up": {"uv": [0, 0, 0, 1], "texture": "#missing"},
				"down": {"uv": [0, 0, 0, 1], "texture": "#missing"}
			}
		},
		{
			"name": "right_wheel_3",
			"from": [16.2325, 4.87333, -0.54854],
			"to": [22.2975, 6.68833, 4.29146],
			"shade": false,
			"rotation": {"angle": -45, "axis": "x", "origin": [19.265, 0.8424, 1.875]},
			"faces": {
				"north": {"uv": [9.5, 3.25, 8.75, 3.5], "texture": "#1"},
				"east": {"uv": [9.625, 0.25, 9, 0.5], "texture": "#1"},
				"south": {"uv": [9.5, 3.5, 8.75, 3.75], "texture": "#1"},
				"west": {"uv": [9.625, 0, 9, 0.25], "texture": "#1"},
				"up": {"uv": [7.625, 3.125, 8.375, 2.5], "texture": "#1"},
				"down": {"uv": [7.625, 3.75, 8.375, 4.375], "texture": "#1"}
			}
		},
		{
			"name": "right_wheel_3",
			"from": [16.2245, -1.5856, -3.9804],
			"to": [22.3055, 3.2704, -2.1494],
			"shade": false,
			"rotation": {"angle": 0, "axis": "y", "origin": [19.265, 0.8424, 1.875]},
			"faces": {
				"north": {"uv": [6.625, 7.5, 5.875, 8.125], "texture": "#1"},
				"east": {"uv": [8.625, 8.875, 8.375, 9.5], "texture": "#1"},
				"south": {"uv": [7.375, 7.5, 6.625, 8.125], "texture": "#1"},
				"west": {"uv": [8.375, 8.875, 8.125, 9.5], "texture": "#1"},
				"up": {"uv": [8.75, 3.25, 9.5, 3], "texture": "#1"},
				"down": {"uv": [3.25, 8.75, 4, 9], "texture": "#1"}
			}
		},
		{
			"name": "right_wheel_3",
			"from": [16.2325, -5.00354, -0.54854],
			"to": [22.2975, -3.18854, 4.29146],
			"shade": false,
			"rotation": {"angle": 45, "axis": "x", "origin": [19.265, 0.8424, 1.875]},
			"faces": {
				"north": {"uv": [1.5, 8.75, 0.75, 9], "texture": "#1"},
				"east": {"uv": [8.125, 8.875, 7.5, 9.125], "texture": "#1"},
				"south": {"uv": [9.5, 0.75, 8.75, 1], "texture": "#1"},
				"west": {"uv": [7.5, 8.875, 6.875, 9.125], "texture": "#1"},
				"up": {"uv": [7.375, 7.875, 8.125, 7.25], "texture": "#1"},
				"down": {"uv": [5.125, 7.5, 5.875, 8.125], "texture": "#1"}
			}
		},
		{
			"name": "right_wheel_3",
			"from": [16.2325, 4.87333, -0.54146],
			"to": [22.2975, 6.68833, 4.29854],
			"shade": false,
			"rotation": {"angle": 45, "axis": "x", "origin": [19.265, 0.8424, 1.875]},
			"faces": {
				"north": {"uv": [9.375, 8, 8.625, 8.25], "texture": "#1"},
				"east": {"uv": [2.375, 8.875, 1.75, 9.125], "texture": "#1"},
				"south": {"uv": [9.5, 0.5, 8.75, 0.75], "texture": "#1"},
				"west": {"uv": [9.5, 1.625, 8.875, 1.875], "texture": "#1"},
				"up": {"uv": [7.375, 6.625, 8.125, 6], "texture": "#1"},
				"down": {"uv": [7.375, 6.625, 8.125, 7.25], "texture": "#1"}
			}
		},
		{
			"name": "right_wheel_3",
			"from": [16.2325, -5.00354, -0.54146],
			"to": [22.2975, -3.18854, 4.29854],
			"shade": false,
			"rotation": {"angle": -45, "axis": "x", "origin": [19.265, 0.8424, 1.875]},
			"faces": {
				"north": {"uv": [9.375, 7.75, 8.625, 8], "texture": "#1"},
				"east": {"uv": [9.5, 1.375, 8.875, 1.625], "texture": "#1"},
				"south": {"uv": [8.75, 8.625, 8, 8.875], "texture": "#1"},
				"west": {"uv": [9.375, 8.75, 8.75, 9], "texture": "#1"},
				"up": {"uv": [3.625, 8, 4.375, 7.375], "texture": "#1"},
				"down": {"uv": [7.375, 5.375, 8.125, 6], "texture": "#1"}
			}
		},
		{
			"name": "right_wheel_3",
			"from": [16.2245, -1.5856, 5.8994],
			"to": [22.3055, 3.2704, 7.7304],
			"shade": false,
			"rotation": {"angle": 0, "axis": "y", "origin": [19.265, 0.8424, 1.875]},
			"faces": {
				"north": {"uv": [2.875, 7.25, 2.125, 7.875], "texture": "#1"},
				"east": {"uv": [1.75, 8.75, 1.5, 9.375], "texture": "#1"},
				"south": {"uv": [3.625, 7.375, 2.875, 8], "texture": "#1"},
				"west": {"uv": [6.375, 8.5, 6.125, 9.125], "texture": "#1"},
				"up": {"uv": [8.625, 6.25, 9.375, 6], "texture": "#1"},
				"down": {"uv": [7.25, 8.625, 8, 8.875], "texture": "#1"}
			}
		}
	],
	"gui_light": "front",
	"display": {
		"thirdperson_righthand": {
			"translation": [-0.25, 4.25, -2.5],
			"scale": [0.51, 0.51, 0.51]
		},
		"thirdperson_lefthand": {
			"translation": [-0.25, 4.25, -2.5],
			"scale": [0.51, 0.51, 0.51]
		},
		"firstperson_righthand": {
			"translation": [2.75, 0, -4],
			"scale": [0.52, 0.52, 0.52]
		},
		"firstperson_lefthand": {
			"translation": [2.75, 0, -4],
			"scale": [0.52, 0.52, 0.52]
		},
		"ground": {
			"scale": [0.35, 0.35, 0.35]
		},
		"gui": {
			"rotation": [-155, 45, -180],
			"translation": [-2.5, -1.75, 0],
			"scale": [0.45, 0.45, 0.45]
		},
		"head": {
			"translation": [0, -29, 0],
			"scale": [1.86, 1.86, 1.86]
		},
		"fixed": {
			"rotation": [0, -90, 0],
			"translation": [-3, 0, -18.25]
		}
	},
	"groups": [
		{
			"name": "drill",
			"origin": [0, 0, 0],
			"color": 0,
			"nbt": "{}",
			"shade": false,
			"children": [
				0,
				1,
				2,
				3,
				4,
				5,
				6,
				7,
				8,
				9,
				10,
				11,
				12,
				13,
				{
					"name": "left_wheel_1",
					"origin": [-0.75, 12, 25.5],
					"color": 0,
					"nbt": "{}",
					"shade": false,
					"children": [14, 15, 16, 17, 18, 19, 20, 21, 22, 23, 24]
				},
				{
					"name": "left_wheel_2",
					"origin": [-0.75, 12, 2],
					"color": 0,
					"nbt": "{}",
					"shade": false,
					"children": [25, 26, 27, 28, 29, 30, 31, 32, 33, 34, 35]
				},
				{
					"name": "left_wheel_3",
					"origin": [-8.25, 5, 2.25],
					"color": 0,
					"nbt": "{}",
					"shade": false,
					"children": [36, 37, 38, 39, 40, 41, 42, 43, 44, 45, 46]
				},
				{
					"name": "right_wheel_1",
					"origin": [19.265, 5.8424, 25.375],
					"color": 0,
					"nbt": "{}",
					"children": [47, 48, 49, 50, 51, 52, 53, 54, 55, 56, 57]
				},
				{
					"name": "right_wheel_2",
					"origin": [19.265, 5.8424, 13.625],
					"color": 0,
					"nbt": "{}",
					"children": [58, 59, 60, 61, 62, 63, 64, 65, 66, 67, 68]
				},
				{
					"name": "right_wheel_3",
					"origin": [19.265, 5.8424, 1.875],
					"color": 0,
					"nbt": "{}",
					"children": [69, 70, 71, 72, 73, 74, 75, 76, 77, 78, 79]
				}
			]
		}
	]
}