{
	"credit": "Made with Blockbench",
	"texture_size": [64, 64],
	"textures": {
		"1": "item/harvest/harvest_ef_long",
		"2": "item/harvest/harvest_pickaxe",
		"particle": "item/harvest/harvest_pickaxe"
	},
	"elements": [
		{
			"from": [2.242, 13.992, 7.242],
			"to": [8.758, 19.508, 8.758],
			"shade": false,
			"rotation": {"angle": 0, "axis": "y", "origin": [8, 17.75, 8]},
			"faces": {
				"north": {"uv": [3.5, 0, 5.25, 1.5], "texture": "#2"},
				"east": {"uv": [4.75, 9, 5.25, 10.5], "texture": "#2"},
				"south": {"uv": [1, 4.25, 2.75, 5.75], "texture": "#2"},
				"west": {"uv": [5.25, 9, 5.75, 10.5], "texture": "#2"},
				"up": {"uv": [9.75, 4.5, 8, 4], "texture": "#2"},
				"down": {"uv": [7.5, 8.5, 5.75, 9], "texture": "#2"}
			}
		},
		{
			"from": [4.01299, 12.03113, 5.75],
			"to": [7.51299, 22.78113, 10.25],
			"shade": false,
			"rotation": {"angle": 45, "axis": "z", "origin": [6.01299, 18.03113, 8]},
			"faces": {
				"north": {"uv": [2.5, 0, 3.5, 2.75], "texture": "#2"},
				"east": {"uv": [0, 0, 1.25, 2.75], "texture": "#2"},
				"south": {"uv": [0, 2.75, 1, 5.5], "texture": "#2"},
				"west": {"uv": [1.25, 0, 2.5, 2.75], "texture": "#2"},
				"up": {"uv": [4.5, 2.75, 3.5, 1.5], "texture": "#2"},
				"down": {"uv": [1, 7, 0, 8.25], "texture": "#2"}
			}
		},
		{
			"from": [-1.05763, 15.6232, 6.5],
			"to": [1.69237, 19.8732, 9.5],
			"shade": false,
			"rotation": {"angle": 22.5, "axis": "z", "origin": [0.69237, 16.9982, 8]},
			"faces": {
				"north": {"uv": [6.75, 9, 7.5, 10], "texture": "#2"},
				"east": {"uv": [0, 9.25, 0.75, 10.25], "texture": "#2"},
				"south": {"uv": [2.75, 9.25, 3.5, 10.25], "texture": "#2"},
				"west": {"uv": [3.5, 9.25, 4.25, 10.25], "texture": "#2"},
				"up": {"uv": [4, 11, 3.25, 10.25], "texture": "#2"},
				"down": {"uv": [11, 4, 10.25, 4.75], "texture": "#2"}
			}
		},
		{
			"from": [6.31737, 17.5982, 6.25],
			"to": [14.06737, 20.0982, 9.75],
			"shade": false,
			"rotation": {"angle": 0, "axis": "z", "origin": [9.69237, 18.3482, 8]},
			"faces": {
				"north": {"uv": [6.75, 4.75, 8.75, 5.5], "texture": "#2"},
				"east": {"uv": [8.75, 2, 9.75, 2.75], "texture": "#2"},
				"south": {"uv": [6, 6.75, 8, 7.5], "texture": "#2"},
				"west": {"uv": [8.75, 4.5, 9.75, 5.25], "texture": "#2"},
				"up": {"uv": [6.75, 5.5, 4.75, 4.5], "texture": "#2"},
				"down": {"uv": [7.25, 0, 5.25, 1], "texture": "#2"}
			}
		},
		{
			"from": [13.29405, 16.21045, 6.25],
			"to": [16.04405, 18.71045, 9.75],
			"shade": false,
			"rotation": {"angle": -22.5, "axis": "z", "origin": [17.16905, 17.46045, 8]},
			"faces": {
				"north": {"uv": [1, 10.25, 1.75, 11], "texture": "#2"},
				"east": {"uv": [1, 9, 2, 9.75], "texture": "#2"},
				"south": {"uv": [2.5, 10.25, 3.25, 11], "texture": "#2"},
				"west": {"uv": [9, 2.75, 10, 3.5], "texture": "#2"},
				"up": {"uv": [2.75, 9, 2, 8], "texture": "#2"},
				"down": {"uv": [2.75, 9, 2, 10], "texture": "#2"}
			}
		},
		{
			"from": [7.242, 13.992, 7.492],
			"to": [13.758, 19.508, 8.508],
			"shade": false,
			"rotation": {"angle": 0, "axis": "y", "origin": [8, 17.75, 8]},
			"faces": {
				"north": {"uv": [1, 2.75, 2.75, 4.25], "texture": "#2"},
				"east": {"uv": [5, 11, 5.25, 12.5], "texture": "#2"},
				"south": {"uv": [2.75, 2.75, 4.5, 4.25], "texture": "#2"},
				"west": {"uv": [5.25, 11, 5.5, 12.5], "texture": "#2"},
				"up": {"uv": [12.25, 9.75, 10.5, 9.5], "texture": "#2"},
				"down": {"uv": [12.5, 6.25, 10.75, 6.5], "texture": "#2"}
			}
		},
		{
			"from": [12.50132, 13.49662, 7.494],
			"to": [18.51332, 18.75862, 8.506],
			"shade": false,
			"rotation": {"angle": -22.5, "axis": "z", "origin": [15.00732, 16.00262, 8]},
			"faces": {
				"north": {"uv": [4.75, 5.5, 6.25, 6.75], "texture": "#2"},
				"east": {"uv": [4.5, 3, 4.75, 4.25], "texture": "#2"},
				"south": {"uv": [0, 5.75, 1.5, 7], "texture": "#2"},
				"west": {"uv": [7.25, 11.25, 7.5, 12.5], "texture": "#2"},
				"up": {"uv": [12.5, 4.75, 11, 4.5], "texture": "#2"},
				"down": {"uv": [7, 11, 5.5, 11.25], "texture": "#2"}
			}
		},
		{
			"from": [16.55844, 12.87642, 7.5],
			"to": [20.15844, 15.85142, 8.5],
			"shade": false,
			"rotation": {"angle": -45, "axis": "z", "origin": [19.55844, 13.22642, 8]},
			"faces": {
				"north": {"uv": [7.53125, 8.5375, 8.5, 9.25], "texture": "#2"},
				"east": {"uv": [6, 2.25, 6.25, 3], "texture": "#2"},
				"south": {"uv": [8.5, 8.5375, 7.53125, 9.25], "texture": "#2"},
				"west": {"uv": [1.75, 10.25, 2, 11], "texture": "#2"},
				"up": {"uv": [1, 5.75, 0, 5.5], "texture": "#2"},
				"down": {"uv": [10.5, 9, 9.5, 9.25], "texture": "#2"}
			}
		},
		{
			"from": [17.28019, 12.34953, 7.496],
			"to": [21.83819, 14.65753, 8.504],
			"shade": false,
			"rotation": {"angle": 0, "axis": "z", "origin": [17.95919, 13.27853, 8]},
			"faces": {
				"north": {"uv": [9.5, 6, 10.3375, 6.4375], "texture": "#2"},
				"east": {"uv": [7.75, 3, 8, 3.4375], "texture": "#2"},
				"south": {"uv": [10.3375, 6, 9.5, 6.4375], "texture": "#2"},
				"west": {"uv": [5.75, 8, 6, 8.5], "texture": "#2"},
				"up": {"uv": [12.75, 3.75, 11.5, 3.5], "texture": "#2"},
				"down": {"uv": [10.3375, 6.25, 9.5, 6.4375], "texture": "#2"}
			}
		},
		{
			"from": [-5.83819, 12.34953, 7.246],
			"to": [-1.28019, 14.65753, 8.754],
			"shade": false,
			"rotation": {"angle": 0, "axis": "y", "origin": [-1.95919, 13.27853, 8]},
			"faces": {
				"north": {"uv": [10.25625, 2, 11, 2.43125], "texture": "#2"},
				"east": {"uv": [11.5, 5.25, 12, 5.75], "texture": "#2"},
				"south": {"uv": [11, 2, 10.25625, 2.43125], "texture": "#2"},
				"west": {"uv": [10.75625, 2, 11, 2.43125], "texture": "#2"},
				"up": {"uv": [10, 10.25, 8.75, 9.75], "texture": "#2"},
				"down": {"uv": [11.25, 2.5, 10, 3], "texture": "#2"}
			}
		},
		{
			"from": [-2.51332, 13.49662, 7.244],
			"to": [3.49868, 18.75862, 8.756],
			"shade": false,
			"rotation": {"angle": 22.5, "axis": "z", "origin": [0.99268, 16.00262, 8]},
			"faces": {
				"north": {"uv": [6, 1, 7.5, 2.25], "texture": "#2"},
				"east": {"uv": [4.25, 9.25, 4.75, 10.5], "texture": "#2"},
				"south": {"uv": [6.25, 2.25, 7.75, 3.5], "texture": "#2"},
				"west": {"uv": [9.75, 4, 10.25, 5.25], "texture": "#2"},
				"up": {"uv": [10.5, 4, 9, 3.5], "texture": "#2"},
				"down": {"uv": [10.5, 7.25, 9, 7.75], "texture": "#2"}
			}
		},
		{
			"from": [-4.15844, 12.60142, 7.25],
			"to": [-0.55844, 15.85142, 8.75],
			"shade": false,
			"rotation": {"angle": 45, "axis": "z", "origin": [-3.55844, 13.22642, 8]},
			"faces": {
				"north": {"uv": [5.75, 9, 6.75, 9.75], "texture": "#2"},
				"east": {"uv": [7.5, 11, 8, 11.75], "texture": "#2"},
				"south": {"uv": [9, 6.5, 10, 7.25], "texture": "#2"},
				"west": {"uv": [11, 7.5, 11.5, 8.25], "texture": "#2"},
				"up": {"uv": [11.25, 5.25, 10.25, 4.75], "texture": "#2"},
				"down": {"uv": [11.5, 0.5, 10.5, 1], "texture": "#2"}
			}
		},
		{
			"name": "ef",
			"from": [9.5, 15, 10.5],
			"to": [14.5, 28, 10.5],
			"shade": false,
			"rotation": {"angle": -22.5, "axis": "y", "origin": [12, 21.5, 10.5]},
			"faces": {
				"north": {"uv": [12.5, 9, 15.25, 16], "texture": "#1"},
				"south": {"uv": [15.25, 9, 12.5, 16], "texture": "#1"}
			}
		},
		{
			"name": "ef",
			"from": [-2, 17, 6],
			"to": [3, 32, 6],
			"shade": false,
			"rotation": {"angle": -22.5, "axis": "y", "origin": [0.5, 24.5, 6]},
			"faces": {
				"north": {"uv": [11.25, 9, 8.5, 16], "texture": "#1"},
				"south": {"uv": [8.5, 9, 11.25, 16], "texture": "#1"}
			}
		},
		{
			"name": "ef",
			"from": [-6.96194, 13.5, 9.94134],
			"to": [-0.96194, 26.5, 9.94134],
			"shade": false,
			"rotation": {"angle": -22.5, "axis": "y", "origin": [-3.96194, 20, 9.94134]},
			"faces": {
				"north": {"uv": [7.25, 8.75, 4.5, 15.75], "texture": "#1"},
				"south": {"uv": [4.5, 8.75, 7.25, 15.75], "texture": "#1"}
			}
		},
		{
			"name": "ef",
			"from": [1, 13.5, 5],
			"to": [7, 26.5, 5],
			"shade": false,
			"rotation": {"angle": 22.5, "axis": "y", "origin": [3.5, 24.5, 5]},
			"faces": {
				"north": {"uv": [4.5, 8.75, 7.25, 15.75], "texture": "#1"},
				"south": {"uv": [7.25, 8.75, 4.5, 15.75], "texture": "#1"}
			}
		},
		{
			"name": "efc1",
			"from": [6.52997, -11.26, 4.45129],
			"to": [9.46997, 22, 4.45129],
			"shade": false,
			"rotation": {"angle": 45, "axis": "y", "origin": [7.9999, 5.37, 7.99994]},
			"faces": {
				"north": {"uv": [0, 0, 1, 7.75], "texture": "#1"},
				"south": {"uv": [1, 0, 0, 7.75], "texture": "#1"}
			}
		},
		{
			"name": "efc1",
			"from": [6.53027, -11.26, 11.54878],
			"to": [9.47027, 22, 11.54878],
			"shade": false,
			"rotation": {"angle": 45, "axis": "y", "origin": [7.9999, 5.37, 7.99994]},
			"faces": {
				"north": {"uv": [5, 0, 4, 7.75], "texture": "#1"},
				"south": {"uv": [4, 0, 5, 7.75], "texture": "#1"}
			}
		},
		{
			"name": "efc1",
			"from": [4.45135, -11.26, 6.52976],
			"to": [4.45135, 22, 9.46976],
			"shade": false,
			"rotation": {"angle": 0, "axis": "y", "origin": [7.9999, 5.37, 7.99994]},
			"faces": {
				"east": {"uv": [2, 0, 1, 7.75], "texture": "#1"},
				"west": {"uv": [1, 0, 2, 7.75], "texture": "#1"}
			}
		},
		{
			"name": "efc1",
			"from": [6.52982, -11.26, 11.54824],
			"to": [9.46982, 22, 11.54824],
			"shade": false,
			"rotation": {"angle": 0, "axis": "y", "origin": [7.9999, 5.37, 7.99994]},
			"faces": {
				"north": {"uv": [4, 0, 3, 7.75], "texture": "#1"},
				"south": {"uv": [3, 0, 4, 7.75], "texture": "#1"}
			}
		},
		{
			"name": "efc1",
			"from": [4.4515, -11.26, 6.52976],
			"to": [4.4515, 22, 9.46976],
			"shade": false,
			"rotation": {"angle": 45, "axis": "y", "origin": [7.9999, 5.37, 7.99994]},
			"faces": {
				"east": {"uv": [3, 0, 2, 7.75], "texture": "#1"},
				"west": {"uv": [2, 0, 3, 7.75], "texture": "#1"}
			}
		},
		{
			"name": "efc1",
			"from": [11.5483, -11.26, 6.52976],
			"to": [11.5483, 22, 9.46976],
			"shade": false,
			"rotation": {"angle": 0, "axis": "y", "origin": [7.9999, 5.37, 7.99994]},
			"faces": {
				"east": {"uv": [5, 0, 6, 7.75], "texture": "#1"},
				"west": {"uv": [6, 0, 5, 7.75], "texture": "#1"}
			}
		},
		{
			"name": "efc1",
			"from": [11.54844, -11.26, 6.52976],
			"to": [11.54844, 22, 9.46976],
			"shade": false,
			"rotation": {"angle": 45, "axis": "y", "origin": [7.9999, 5.37, 7.99994]},
			"faces": {
				"east": {"uv": [6, 0, 7, 7.75], "texture": "#1"},
				"west": {"uv": [7, 0, 6, 7.75], "texture": "#1"}
			}
		},
		{
			"name": "efc1",
			"from": [6.52982, -11.26, 4.45129],
			"to": [9.46982, 22, 4.45129],
			"shade": false,
			"rotation": {"angle": 0, "axis": "y", "origin": [7.9999, 5.37, 7.99994]},
			"faces": {
				"north": {"uv": [7, 0, 7.75, 7.75], "texture": "#1"},
				"south": {"uv": [7.75, 0, 7, 7.75], "texture": "#1"}
			}
		}
	],
	"gui_light": "front",
	"display": {
		"thirdperson_righthand": {
			"rotation": [0, 90, 0],
			"translation": [0, 3.5, 2.5],
			"scale": [0.7, 0.7, 0.7]
		},
		"thirdperson_lefthand": {
			"rotation": [0, -90, 0],
			"translation": [0, 3.5, 2.5],
			"scale": [0.7, 0.7, 0.7]
		},
		"firstperson_righthand": {
			"rotation": [112.7, 86.68, -106.48],
			"translation": [19.5, -1.75, -18]
		},
		"firstperson_lefthand": {
			"rotation": [-56.46, -77.82, -53.59],
			"translation": [19.5, -1.75, -18]
		},
		"ground": {
			"rotation": [0, 0, 45],
			"translation": [0, 4.5, 0],
			"scale": [0.3, 0.3, 0.3]
		},
		"gui": {
			"rotation": [-180, 0, -135],
			"translation": [0.75, 0.75, 0],
			"scale": [0.49, 0.49, 0.49]
		},
		"head": {
			"scale": [0, 0, 0]
		},
		"fixed": {
			"translation": [0, 1.25, 0],
			"scale": [0.45, 0.45, 0.45]
		}
	},
	"groups": [
		{
			"name": "group",
			"origin": [-3.55844, 13.22642, 8],
			"color": 0,
			"children": [0, 1, 2, 3, 4, 5, 6, 7, 8, 9, 10, 11]
		},
		12,
		13,
		14,
		15,
		16,
		17,
		18,
		19,
		20,
		21,
		22,
		23
	]
}