{
  "providers": [
    {
      "file": "elitecreatures:emojis/meme_emoji_v2/bruh.png",
      "chars": [
        "⠀"
      ],
      "ascent": 8,
      "height": 9,
      "type": "bitmap"
    },
    {
      "file": "elitecreatures:emojis/meme_emoji_v2/cat.png",
      "chars": [
        "⠁"
      ],
      "ascent": 8,
      "height": 9,
      "type": "bitmap"
    },
    {
      "file": "elitecreatures:emojis/meme_emoji_v2/cheems.png",
      "chars": [
        "⠂"
      ],
      "ascent": 8,
      "height": 9,
      "type": "bitmap"
    },
    {
      "file": "elitecreatures:emojis/meme_emoji_v2/cheems_dorime.png",
      "chars": [
        "⠃"
      ],
      "ascent": 8,
      "height": 9,
      "type": "bitmap"
    },
    {
      "file": "elitecreatures:emojis/meme_emoji_v2/doge.png",
      "chars": [
        "⠄"
      ],
      "ascent": 8,
      "height": 9,
      "type": "bitmap"
    },
    {
      "file": "elitecreatures:emojis/meme_emoji_v2/flush.png",
      "chars": [
        "⠅"
      ],
      "ascent": 8,
      "height": 9,
      "type": "bitmap"
    },
    {
      "file": "elitecreatures:emojis/meme_emoji_v2/kekw.png",
      "chars": [
        "⠆"
      ],
      "ascent": 8,
      "height": 9,
      "type": "bitmap"
    },
    {
      "file": "elitecreatures:emojis/meme_emoji_v2/laugh.png",
      "chars": [
        "⠇"
      ],
      "ascent": 8,
      "height": 9,
      "type": "bitmap"
    },
    {
      "file": "elitecreatures:emojis/meme_emoji_v2/mrincredible.png",
      "chars": [
        "⠈"
      ],
      "ascent": 8,
      "height": 9,
      "type": "bitmap"
    },
    {
      "file": "elitecreatures:emojis/meme_emoji_v2/mrincredible_2.png",
      "chars": [
        "⠉"
      ],
      "ascent": 8,
      "height": 9,
      "type": "bitmap"
    },
    {
      "file": "elitecreatures:emojis/meme_emoji_v2/noot_noot.png",
      "chars": [
        "⠊"
      ],
      "ascent": 8,
      "height": 9,
      "type": "bitmap"
    },
    {
      "file": "elitecreatures:emojis/meme_emoji_v2/not_stonks.png",
      "chars": [
        "⠋"
      ],
      "ascent": 8,
      "height": 9,
      "type": "bitmap"
    },
    {
      "file": "elitecreatures:emojis/meme_emoji_v2/oh_god.png",
      "chars": [
        "⠌"
      ],
      "ascent": 8,
      "height": 9,
      "type": "bitmap"
    },
    {
      "file": "elitecreatures:emojis/meme_emoji_v2/patrickpraying.png",
      "chars": [
        "⠍"
      ],
      "ascent": 8,
      "height": 9,
      "type": "bitmap"
    },
    {
      "file": "elitecreatures:emojis/meme_emoji_v2/patrik.png",
      "chars": [
        "⠎"
      ],
      "ascent": 8,
      "height": 9,
      "type": "bitmap"
    },
    {
      "file": "elitecreatures:emojis/meme_emoji_v2/pop_cat.png",
      "chars": [
        "⠏"
      ],
      "ascent": 8,
      "height": 9,
      "type": "bitmap"
    },
    {
      "file": "elitecreatures:emojis/meme_emoji_v2/squidward_asleep.png",
      "chars": [
        "⠐"
      ],
      "ascent": 8,
      "height": 9,
      "type": "bitmap"
    },
    {
      "file": "elitecreatures:emojis/meme_emoji_v2/squidward_awake.png",
      "chars": [
        "⠑"
      ],
      "ascent": 8,
      "height": 9,
      "type": "bitmap"
    },
    {
      "file": "elitecreatures:emojis/meme_emoji_v2/stonks.png",
      "chars": [
        "⠒"
      ],
      "ascent": 8,
      "height": 9,
      "type": "bitmap"
    },
    {
      "file": "elitecreatures:emojis/meme_emoji_v2/uno_reverse.png",
      "chars": [
        "⠓"
      ],
      "ascent": 8,
      "height": 9,
      "type": "bitmap"
    },
    {
      "file": "elitecreatures:emojis/meme_emoji/meme_emoji_1.png",
      "chars": [
        "⠔"
      ],
      "ascent": 8,
      "height": 9,
      "type": "bitmap"
    },
    {
      "file": "elitecreatures:emojis/meme_emoji/meme_emoji_10.png",
      "chars": [
        "⠕"
      ],
      "ascent": 8,
      "height": 9,
      "type": "bitmap"
    },
    {
      "file": "elitecreatures:emojis/meme_emoji/meme_emoji_11.png",
      "chars": [
        "⠖"
      ],
      "ascent": 8,
      "height": 9,
      "type": "bitmap"
    },
    {
      "file": "elitecreatures:emojis/meme_emoji/meme_emoji_12.png",
      "chars": [
        "⠗"
      ],
      "ascent": 8,
      "height": 9,
      "type": "bitmap"
    },
    {
      "file": "elitecreatures:emojis/meme_emoji/meme_emoji_13.png",
      "chars": [
        "⠘"
      ],
      "ascent": 8,
      "height": 9,
      "type": "bitmap"
    },
    {
      "file": "elitecreatures:emojis/meme_emoji/meme_emoji_14.png",
      "chars": [
        "⠙"
      ],
      "ascent": 8,
      "height": 9,
      "type": "bitmap"
    },
    {
      "file": "elitecreatures:emojis/meme_emoji/meme_emoji_15.png",
      "chars": [
        "⠚"
      ],
      "ascent": 8,
      "height": 9,
      "type": "bitmap"
    },
    {
      "file": "elitecreatures:emojis/meme_emoji/meme_emoji_2.png",
      "chars": [
        "⠛"
      ],
      "ascent": 8,
      "height": 9,
      "type": "bitmap"
    },
    {
      "file": "elitecreatures:emojis/meme_emoji/meme_emoji_3.png",
      "chars": [
        "⠜"
      ],
      "ascent": 8,
      "height": 9,
      "type": "bitmap"
    },
    {
      "file": "elitecreatures:emojis/meme_emoji/meme_emoji_4.png",
      "chars": [
        "⠝"
      ],
      "ascent": 8,
      "height": 9,
      "type": "bitmap"
    },
    {
      "file": "elitecreatures:emojis/meme_emoji/meme_emoji_5.png",
      "chars": [
        "⠞"
      ],
      "ascent": 8,
      "height": 9,
      "type": "bitmap"
    },
    {
      "file": "elitecreatures:emojis/meme_emoji/meme_emoji_6.png",
      "chars": [
        "⠟"
      ],
      "ascent": 8,
      "height": 9,
      "type": "bitmap"
    },
    {
      "file": "elitecreatures:emojis/meme_emoji/meme_emoji_7.png",
      "chars": [
        "⠠"
      ],
      "ascent": 8,
      "height": 9,
      "type": "bitmap"
    },
    {
      "file": "elitecreatures:emojis/meme_emoji/meme_emoji_8.png",
      "chars": [
        "⠡"
      ],
      "ascent": 8,
      "height": 9,
      "type": "bitmap"
    },
    {
      "file": "elitecreatures:emojis/meme_emoji/meme_emoji_9.png",
      "chars": [
        "⠢"
      ],
      "ascent": 8,
      "height": 9,
      "type": "bitmap"
    },

    {
      "file": "elitecreatures:emojis/meme_emoji/diamond.png",
      "chars": [
        "⠣"
      ],
      "ascent": 8,
      "height": 9,
      "type": "bitmap"
    },
    {
      "file": "elitecreatures:emojis/meme_emoji/emerald.png",
      "chars": [
        "⠤"
      ],
      "ascent": 8,
      "height": 9,
      "type": "bitmap"
    },
    {
      "file": "elitecreatures:emojis/meme_emoji/gold.png",
      "chars": [
        "⠥"
      ],
      "ascent": 8,
      "height": 9,
      "type": "bitmap"
    },
    {
      "file": "elitecreatures:emojis/meme_emoji/iron.png",
      "chars": [
        "⠦"
      ],
      "ascent": 8,
      "height": 9,
      "type": "bitmap"
    },
    {
      "file": "elitecreatures:emojis/meme_emoji/netherite.png",
      "chars": [
        "⠧"
      ],
      "ascent": 8,
      "height": 9,
      "type": "bitmap"
    },



    {
      "file": "elitecreatures:emojis/lifesteal/flushedzoomed.png",
      "chars": [
        "⠨"
      ],
      "ascent": 8,
      "height": 9,
      "type": "bitmap"
    },
    {
      "file": "elitecreatures:emojis/lifesteal/madge.png",
      "chars": [
        "⠩"
      ],
      "ascent": 8,
      "height": 9,
      "type": "bitmap"
    },
    {
      "file": "elitecreatures:emojis/lifesteal/pepefrog.png",
      "chars": [
        "⠪"
      ],
      "ascent": 8,
      "height": 9,
      "type": "bitmap"
    },
    {
      "file": "elitecreatures:emojis/lifesteal/youtried.png",
      "chars": [
        "⠫"
      ],
      "ascent": 8,
      "height": 9,
      "type": "bitmap"
    },
    {"file": "elitecreatures:emojis/lifesteal/boar.png", "chars": ["⠬"], "ascent": 8, "height": 9, "type": "bitmap"},

    {"ascent": 30, "chars": ["꒐"],"file": "minecraft:kit_editor/boots.png","height": 256,"type": "bitmap"},
    {"ascent": 30, "chars": ["꒑"],"file": "minecraft:kit_editor/leggings.png","height": 256,"type": "bitmap"},
    {"ascent": 30, "chars": ["꒓"],"file": "minecraft:kit_editor/chestplate.png","height": 256,"type": "bitmap"},
    {"ascent": 30, "chars": ["꒔"],"file": "minecraft:kit_editor/helmet.png","height": 256,"type": "bitmap"},
    {"ascent": 30, "chars": ["꒕"],"file": "minecraft:kit_editor/armor.png","height": 256,"type": "bitmap"},
    {"ascent": 30, "chars": ["꒖"],"file": "minecraft:kit_editor/item_category.png","height": 256,"type": "bitmap"},
    {"ascent": 30, "chars": ["꒗"],"file": "minecraft:kit_editor/blocks.png","height": 256,"type": "bitmap"},
    {"ascent": 30, "chars": ["꒘"],"file": "minecraft:kit_editor/bow_arrows.png","height": 256,"type": "bitmap"},
    {"ascent": 30, "chars": ["꒙"],"file": "minecraft:kit_editor/combat_tools.png","height": 256,"type": "bitmap"},
    {"ascent": 30, "chars": ["꒚"],"file": "minecraft:kit_editor/custom_enchants.png","height": 256,"type": "bitmap"},
    {"ascent": 30, "chars": ["꒛"],"file": "minecraft:kit_editor/enchanted_books.png","height": 256,"type": "bitmap"},
    {"ascent": 30, "chars": ["꒜"],"file": "minecraft:kit_editor/food.png","height": 256,"type": "bitmap"},
    {"ascent": 30, "chars": ["꒝"],"file": "minecraft:kit_editor/misc.png","height": 256,"type": "bitmap"},
    {"ascent": 30, "chars": ["꒞"],"file": "minecraft:kit_editor/1.png","height": 256,"type": "bitmap"},
    {"ascent": 30, "chars": ["꒟"],"file": "minecraft:kit_editor/2.png","height": 256,"type": "bitmap"},
    {"ascent": 30, "chars": ["꒡"],"file": "minecraft:kit_editor/3.png","height": 256,"type": "bitmap"},
    {"ascent": 30, "chars": ["꒢"],"file": "minecraft:kit_editor/potions.png","height": 256,"type": "bitmap"},
    {"ascent": 30, "chars": ["꒣"],"file": "minecraft:kit_editor/redstone.png","height": 256,"type": "bitmap"},
    {"ascent": 30, "chars": ["꒤"],"file": "minecraft:kit_editor/utility.png","height": 256,"type": "bitmap"},
    {"ascent": 30, "chars": ["꒧"],"file": "minecraft:kit_editor/kit_editor.png","height": 256,"type": "bitmap"},
    {"ascent": 30, "chars": ["꒨"],"file": "minecraft:kit_editor/kit_editor_submenu.png","height": 256,"type": "bitmap"},
    {"ascent": 30, "chars": ["꒶"],"file": "minecraft:kit_editor/kit_icon.png","height": 256,"type": "bitmap"},

    {"ascent": 30, "chars": ["꒵"],"file": "minecraft:kit_editor/kit_enchant.png","height": 256,"type": "bitmap"},
    {"ascent": 30, "chars": ["꒷"],"file": "minecraft:kit_editor/kit_set_amount.png","height": 256,"type": "bitmap"},
    {"ascent": 30, "chars": ["꒸"],"file": "minecraft:kit_editor/kit_settings.png","height": 256,"type": "bitmap"},
    {"ascent": 30, "chars": ["꒹"],"file": "minecraft:kit_editor/kit_set_amount_specific.png","height": 256,"type": "bitmap"},

    {"ascent": 30, "chars": ["꒺"],"file": "minecraft:kit_editor/select_team_size.png","height": 256,"type": "bitmap"},
    {"ascent": 30, "chars": ["꒻"],"file": "minecraft:kit_editor/select_map.png","height": 256,"type": "bitmap"},
    {"ascent": 30, "chars": ["꒼"],"file": "minecraft:kit_editor/select_best_out_of.png","height": 256,"type": "bitmap"},
    {"ascent": 30, "chars": ["꒽"],"file": "minecraft:kit_editor/potion_effects.png","height": 256,"type": "bitmap"},
    {"ascent": 30, "chars": ["꒾"],"file": "minecraft:kit_editor/enchant_level.png","height": 256,"type": "bitmap"},

    {"type":"bitmap","file":"space:font/space_split.png","ascent":-32768,"height":-3,"chars":[""]},{"type":"bitmap","file":"space:font/space_split.png","ascent":-32768,"height":-4,"chars":[""]},{"type":"bitmap","file":"space:font/space_split.png","ascent":-32768,"height":-5,"chars":[""]},{"type":"bitmap","file":"space:font/space_split.png","ascent":-32768,"height":-6,"chars":[""]},{"type":"bitmap","file":"space:font/space_split.png","ascent":-32768,"height":-7,"chars":[""]},{"type":"bitmap","file":"space:font/space_split.png","ascent":-32768,"height":-8,"chars":[""]},{"type":"bitmap","file":"space:font/space_split.png","ascent":-32768,"height":-9,"chars":[""]},{"type":"bitmap","file":"space:font/space_split.png","ascent":-32768,"height":-10,"chars":[""]},{"type":"bitmap","file":"space:font/space_split.png","ascent":-32768,"height":-18,"chars":[""]},{"type":"bitmap","file":"space:font/space_split.png","ascent":-32768,"height":-34,"chars":[""]},{"type":"bitmap","file":"space:font/space_split.png","ascent":-32768,"height":-66,"chars":[""]},{"type":"bitmap","file":"space:font/space_split.png","ascent":-32768,"height":-130,"chars":[""]},{"type":"bitmap","file":"space:font/space_split.png","ascent":-32768,"height":-258,"chars":[""]},{"type":"bitmap","file":"space:font/space_split.png","ascent":-32768,"height":-514,"chars":[""]},{"type":"bitmap","file":"space:font/space_split.png","ascent":-32768,"height":-1026,"chars":[""]},{"type":"bitmap","file":"space:font/space_split.png","ascent":-65536,"height":-32770,"chars":[""]},{"type":"bitmap","file":"space:font/space_split.png","ascent":-32768,"height":0,"chars":[""]},{"type":"bitmap","file":"space:font/space_split.png","ascent":-32768,"height":1,"chars":[""]},{"type":"bitmap","file":"space:font/space_split.png","ascent":-32768,"height":2,"chars":[""]},{"type":"bitmap","file":"space:font/space_split.png","ascent":-32768,"height":3,"chars":[""]},{"type":"bitmap","file":"space:font/space_split.png","ascent":-32768,"height":4,"chars":[""]},{"type":"bitmap","file":"space:font/space_split.png","ascent":-32768,"height":5,"chars":[""]},{"type":"bitmap","file":"space:font/space_split.png","ascent":-32768,"height":6,"chars":[""]},{"type":"bitmap","file":"space:font/space_split.png","ascent":-32768,"height":7,"chars":[""]},{"type":"bitmap","file":"space:font/space_split.png","ascent":-32768,"height":15,"chars":[""]},{"type":"bitmap","file":"space:font/space_split.png","ascent":-32768,"height":31,"chars":[""]},{"type":"bitmap","file":"space:font/space_split.png","ascent":-32768,"height":63,"chars":[""]},{"type":"bitmap","file":"space:font/space_split.png","ascent":-32768,"height":127,"chars":[""]},{"type":"bitmap","file":"space:font/space_split.png","ascent":-32768,"height":255,"chars":[""]},{"type":"bitmap","file":"space:font/space_split.png","ascent":-32768,"height":511,"chars":[""]},{"type":"bitmap","file":"space:font/space_split.png","ascent":-32768,"height":1023,"chars":[""]},{"type":"bitmap","file":"space:font/space_split.png","ascent":-65536,"height":32767,"chars":[""]},{"type":"bitmap","file":"space:font/space_nosplit.png","ascent":-32768,"height":-3,"chars":[""]},{"type":"bitmap","file":"space:font/space_nosplit.png","ascent":-32768,"height":-4,"chars":[""]},{"type":"bitmap","file":"space:font/space_nosplit.png","ascent":-32768,"height":-5,"chars":[""]},{"type":"bitmap","file":"space:font/space_nosplit.png","ascent":-32768,"height":-6,"chars":[""]},{"type":"bitmap","file":"space:font/space_nosplit.png","ascent":-32768,"height":-7,"chars":[""]},{"type":"bitmap","file":"space:font/space_nosplit.png","ascent":-32768,"height":-8,"chars":[""]},{"type":"bitmap","file":"space:font/space_nosplit.png","ascent":-32768,"height":-9,"chars":[""]},{"type":"bitmap","file":"space:font/space_nosplit.png","ascent":-32768,"height":-10,"chars":[""]},{"type":"bitmap","file":"space:font/space_nosplit.png","ascent":-32768,"height":-18,"chars":[""]},{"type":"bitmap","file":"space:font/space_nosplit.png","ascent":-32768,"height":-34,"chars":[""]},{"type":"bitmap","file":"space:font/space_nosplit.png","ascent":-32768,"height":-66,"chars":[""]},{"type":"bitmap","file":"space:font/space_nosplit.png","ascent":-32768,"height":-130,"chars":[""]},{"type":"bitmap","file":"space:font/space_nosplit.png","ascent":-32768,"height":-258,"chars":[""]},{"type":"bitmap","file":"space:font/space_nosplit.png","ascent":-32768,"height":-514,"chars":[""]},{"type":"bitmap","file":"space:font/space_nosplit.png","ascent":-32768,"height":-1026,"chars":[""]},{"type":"bitmap","file":"space:font/space_nosplit.png","ascent":-65536,"height":-32770,"chars":[""]},{"type":"bitmap","file":"space:font/space_nosplit.png","ascent":-32768,"height":0,"chars":[""]},{"type":"bitmap","file":"space:font/space_nosplit.png","ascent":-32768,"height":1,"chars":[""]},{"type":"bitmap","file":"space:font/space_nosplit.png","ascent":-32768,"height":2,"chars":[""]},{"type":"bitmap","file":"space:font/space_nosplit.png","ascent":-32768,"height":3,"chars":[""]},{"type":"bitmap","file":"space:font/space_nosplit.png","ascent":-32768,"height":4,"chars":[""]},{"type":"bitmap","file":"space:font/space_nosplit.png","ascent":-32768,"height":5,"chars":[""]},{"type":"bitmap","file":"space:font/space_nosplit.png","ascent":-32768,"height":6,"chars":[""]},{"type":"bitmap","file":"space:font/space_nosplit.png","ascent":-32768,"height":7,"chars":[""]},{"type":"bitmap","file":"space:font/space_nosplit.png","ascent":-32768,"height":15,"chars":[""]},{"type":"bitmap","file":"space:font/space_nosplit.png","ascent":-32768,"height":31,"chars":[""]},{"type":"bitmap","file":"space:font/space_nosplit.png","ascent":-32768,"height":63,"chars":[""]},{"type":"bitmap","file":"space:font/space_nosplit.png","ascent":-32768,"height":127,"chars":[""]},{"type":"bitmap","file":"space:font/space_nosplit.png","ascent":-32768,"height":255,"chars":[""]},{"type":"bitmap","file":"space:font/space_nosplit.png","ascent":-32768,"height":511,"chars":[""]},{"type":"bitmap","file":"space:font/space_nosplit.png","ascent":-32768,"height":1023,"chars":[""]},{"type":"bitmap","file":"space:font/space_nosplit.png","ascent":-65536,"height":32767,"chars":[""]}
  ]
}