{
	"credit": "Made with Blockbench",
	"textures": {
		"1": "item/easter/ef_easter16_long",
		"2": "item/easter/helmet_gold_easter"
	},
	"elements": [
		{
			"from": [2.6, 2.92678, 6.00104],
			"to": [3.8, 8.17678, 13.98104],
			"rotation": {"angle": 0, "axis": "y", "origin": [17.6, -0.22322, 7.20104]},
			"faces": {
				"north": {"uv": [5.5, 10.75, 5.75, 12], "texture": "#2"},
				"east": {"uv": [2.75, 7, 4.75, 8.25], "texture": "#2"},
				"south": {"uv": [11.25, 10.75, 11.5, 12], "texture": "#2"},
				"west": {"uv": [0, 7.25, 2, 8.5], "texture": "#2"},
				"up": {"uv": [2, 11.75, 1.75, 9.75], "texture": "#2"},
				"down": {"uv": [6.5, 10.25, 6.25, 12.25], "texture": "#2"}
			}
		},
		{
			"from": [1.992, 8.16878, 2.39304],
			"to": [14.008, 10.58478, 14.10904],
			"rotation": {"angle": 0, "axis": "y", "origin": [22.4, -0.22322, 7.20104]},
			"faces": {
				"north": {"uv": [8.75, 7.75, 11.75, 8.25], "texture": "#2"},
				"east": {"uv": [8.75, 8.25, 11.75, 8.75], "texture": "#2"},
				"south": {"uv": [8.75, 8.75, 11.75, 9.25], "texture": "#2"},
				"west": {"uv": [9, 3.5, 12, 4], "texture": "#2"},
				"up": {"uv": [3, 3, 0, 0], "texture": "#2"},
				"down": {"uv": [3, 3, 0, 6], "texture": "#2"}
			}
		},
		{
			"from": [3.554, 10.57078, 2.39504],
			"to": [5.246, 12.98278, 6.30704],
			"rotation": {"angle": 0, "axis": "y", "origin": [22.4, -0.22322, 7.20104]},
			"faces": {
				"north": {"uv": [2.75, 11.5, 3.25, 12], "texture": "#2"},
				"east": {"uv": [10.25, 5, 11.25, 5.5], "texture": "#2"},
				"south": {"uv": [11.5, 2.75, 12, 3.25], "texture": "#2"},
				"west": {"uv": [10.25, 5.5, 11.25, 6], "texture": "#2"},
				"up": {"uv": [11, 2.5, 10.5, 1.5], "texture": "#2"},
				"down": {"uv": [11, 2.5, 10.5, 3.5], "texture": "#2"}
			}
		},
		{
			"from": [3.56, 11.24645, 2.67843],
			"to": [5.24, 18.74645, 6.09843],
			"rotation": {"angle": 45, "axis": "x", "origin": [4.4, 12.44645, 4.62843]},
			"faces": {
				"north": {"uv": [3.5, 9.5, 4, 11.5], "texture": "#2"},
				"east": {"uv": [4, 8.25, 4.75, 10.25], "texture": "#2"},
				"south": {"uv": [1.25, 9.75, 1.75, 11.75], "texture": "#2"},
				"west": {"uv": [9, 4, 9.75, 6], "texture": "#2"},
				"up": {"uv": [6, 7.75, 5.5, 7], "texture": "#2"},
				"down": {"uv": [5, 11.25, 4.5, 12], "texture": "#2"}
			}
		},
		{
			"from": [7.154, 10.65475, 9.5426],
			"to": [8.846, 14.68675, 14.9546],
			"rotation": {"angle": -22.5, "axis": "x", "origin": [8, 13.57075, 13.8986]},
			"faces": {
				"north": {"uv": [6.5, 10.5, 7, 11.5], "texture": "#2"},
				"east": {"uv": [6.5, 9.5, 7.75, 10.5], "texture": "#2"},
				"south": {"uv": [7, 10.5, 7.5, 11.5], "texture": "#2"},
				"west": {"uv": [0, 9.75, 1.25, 10.75], "texture": "#2"},
				"up": {"uv": [6.25, 11.5, 5.75, 10.25], "texture": "#2"},
				"down": {"uv": [10.75, 9.25, 10.25, 10.5], "texture": "#2"}
			}
		},
		{
			"from": [7.16, 11.29783, 13.46917],
			"to": [8.84, 14.11783, 16.31917],
			"rotation": {"angle": 22.5, "axis": "x", "origin": [8, 12.10783, 16.16917]},
			"faces": {
				"north": {"uv": [5, 11.25, 5.5, 12], "texture": "#2"},
				"east": {"uv": [4.75, 7, 5.5, 7.75], "texture": "#2"},
				"south": {"uv": [11.25, 5, 11.75, 5.75], "texture": "#2"},
				"west": {"uv": [2, 7.25, 2.75, 8], "texture": "#2"},
				"up": {"uv": [11.75, 10, 11.25, 9.25], "texture": "#2"},
				"down": {"uv": [10.25, 11.25, 9.75, 12], "texture": "#2"}
			}
		},
		{
			"from": [4.4, 14.98428, 4.46155],
			"to": [4.4, 19.60428, 15.20155],
			"rotation": {"angle": -22.5, "axis": "x", "origin": [4.4, 18.04428, 11.21155]},
			"faces": {
				"north": {"uv": [0, 0, 0, 1.25], "texture": "#2"},
				"east": {"uv": [0, 6, 2.75, 7.25], "texture": "#2"},
				"south": {"uv": [0, 0, 0, 1.25], "texture": "#2"},
				"west": {"uv": [6, 0, 8.75, 1.25], "texture": "#2"},
				"up": {"uv": [0, 2.75, 0, 0], "texture": "#2"},
				"down": {"uv": [0, 0, 0, 2.75], "texture": "#2"}
			}
		},
		{
			"from": [11.6, 14.98428, 4.46155],
			"to": [11.6, 19.60428, 15.20155],
			"rotation": {"angle": -22.5, "axis": "x", "origin": [11.6, 18.04428, 11.21155]},
			"faces": {
				"north": {"uv": [0, 0, 0, 1.25], "texture": "#2"},
				"east": {"uv": [6, 1.25, 8.75, 2.5], "texture": "#2"},
				"south": {"uv": [0, 0, 0, 1.25], "texture": "#2"},
				"west": {"uv": [6, 2.5, 8.75, 3.75], "texture": "#2"},
				"up": {"uv": [0, 2.75, 0, 0], "texture": "#2"},
				"down": {"uv": [0, 0, 0, 2.75], "texture": "#2"}
			}
		},
		{
			"from": [1.994, 9.93978, 2.58023],
			"to": [14.006, 12.05178, 9.49223],
			"rotation": {"angle": -22.5, "axis": "x", "origin": [8, 10.84578, 6.18623]},
			"faces": {
				"north": {"uv": [4.75, 9, 7.75, 9.5], "texture": "#2"},
				"east": {"uv": [9, 7.25, 10.75, 7.75], "texture": "#2"},
				"south": {"uv": [9, 6, 12, 6.5], "texture": "#2"},
				"west": {"uv": [4, 10.25, 5.75, 10.75], "texture": "#2"},
				"up": {"uv": [6, 1.75, 3, 0], "texture": "#2"},
				"down": {"uv": [6, 1.75, 3, 3.5], "texture": "#2"}
			}
		},
		{
			"from": [2, 9.1198, 7.99657],
			"to": [14, 11.9998, 15.19657],
			"rotation": {"angle": 22.5, "axis": "x", "origin": [8, 10.6498, 11.44657]},
			"faces": {
				"north": {"uv": [8.75, 0, 11.75, 0.75], "texture": "#2"},
				"east": {"uv": [9, 6.5, 10.75, 7.25], "texture": "#2"},
				"south": {"uv": [8.75, 0.75, 11.75, 1.5], "texture": "#2"},
				"west": {"uv": [4.75, 9.5, 6.5, 10.25], "texture": "#2"},
				"up": {"uv": [6, 5.25, 3, 3.5], "texture": "#2"},
				"down": {"uv": [6, 5.25, 3, 7], "texture": "#2"}
			}
		},
		{
			"from": [2, -0.68388, 2.6948],
			"to": [4.4, 2.91612, 14.9948],
			"rotation": {"angle": -22.5, "axis": "x", "origin": [8, 1.11612, 5.9948]},
			"faces": {
				"north": {"uv": [10.25, 10.5, 10.75, 11.5], "texture": "#2"},
				"east": {"uv": [6, 3.75, 9, 4.75], "texture": "#2"},
				"south": {"uv": [0, 10.75, 0.5, 11.75], "texture": "#2"},
				"west": {"uv": [6, 4.75, 9, 5.75], "texture": "#2"},
				"up": {"uv": [8.25, 12, 7.75, 9], "texture": "#2"},
				"down": {"uv": [8.75, 9, 8.25, 12], "texture": "#2"}
			}
		},
		{
			"from": [11.6, -0.68388, 2.6948],
			"to": [14, 2.91612, 14.9948],
			"rotation": {"angle": -22.5, "axis": "x", "origin": [8, 1.11612, 5.9948]},
			"faces": {
				"north": {"uv": [0.5, 10.75, 1, 11.75], "texture": "#2"},
				"east": {"uv": [6, 5.75, 9, 6.75], "texture": "#2"},
				"south": {"uv": [4, 10.75, 4.5, 11.75], "texture": "#2"},
				"west": {"uv": [6, 6.75, 9, 7.75], "texture": "#2"},
				"up": {"uv": [9.25, 12.25, 8.75, 9.25], "texture": "#2"},
				"down": {"uv": [9.75, 9.25, 9.25, 12.25], "texture": "#2"}
			}
		},
		{
			"from": [12.2, 2.92678, 6.00104],
			"to": [13.4, 8.17678, 13.98104],
			"rotation": {"angle": 0, "axis": "y", "origin": [-1.6, -0.22322, 7.20104]},
			"faces": {
				"north": {"uv": [11.5, 1.5, 11.75, 2.75], "texture": "#2"},
				"east": {"uv": [4.75, 7.75, 6.75, 9], "texture": "#2"},
				"south": {"uv": [2, 11.5, 2.25, 12.75], "texture": "#2"},
				"west": {"uv": [6.75, 7.75, 8.75, 9], "texture": "#2"},
				"up": {"uv": [7.75, 12.5, 7.5, 10.5], "texture": "#2"},
				"down": {"uv": [1.25, 10.75, 1, 12.75], "texture": "#2"}
			}
		},
		{
			"from": [10.754, 10.57078, 2.39504],
			"to": [12.446, 12.98278, 6.30704],
			"rotation": {"angle": 0, "axis": "y", "origin": [-6.4, -0.22322, 7.20104]},
			"faces": {
				"north": {"uv": [3.25, 11.5, 3.75, 12], "texture": "#2"},
				"east": {"uv": [4.5, 10.75, 5.5, 11.25], "texture": "#2"},
				"south": {"uv": [5.75, 11.5, 6.25, 12], "texture": "#2"},
				"west": {"uv": [10.75, 6.5, 11.75, 7], "texture": "#2"},
				"up": {"uv": [11.25, 10.25, 10.75, 9.25], "texture": "#2"},
				"down": {"uv": [11.25, 10.25, 10.75, 11.25], "texture": "#2"}
			}
		},
		{
			"from": [10.76, 11.24645, 2.67843],
			"to": [12.44, 18.74645, 6.09843],
			"rotation": {"angle": 45, "axis": "x", "origin": [11.6, 12.44645, 4.62843]},
			"faces": {
				"north": {"uv": [9.75, 4, 10.25, 6], "texture": "#2"},
				"east": {"uv": [2, 9.5, 2.75, 11.5], "texture": "#2"},
				"south": {"uv": [9.75, 9.25, 10.25, 11.25], "texture": "#2"},
				"west": {"uv": [2.75, 9.5, 3.5, 11.5], "texture": "#2"},
				"up": {"uv": [11.75, 10.75, 11.25, 10], "texture": "#2"},
				"down": {"uv": [11.25, 11.25, 10.75, 12], "texture": "#2"}
			}
		},
		{
			"from": [3.8, 2.92678, 12.90104],
			"to": [12.2, 8.17678, 13.98104],
			"rotation": {"angle": 0, "axis": "y", "origin": [-1.6, -0.22322, 7.20104]},
			"faces": {
				"north": {"uv": [2, 8.25, 4, 9.5], "texture": "#2"},
				"east": {"uv": [2.25, 11.5, 2.5, 12.75], "texture": "#2"},
				"south": {"uv": [0, 8.5, 2, 9.75], "texture": "#2"},
				"west": {"uv": [2.5, 11.5, 2.75, 12.75], "texture": "#2"},
				"up": {"uv": [12.75, 7.25, 10.75, 7], "texture": "#2"},
				"down": {"uv": [12.75, 7.25, 10.75, 7.5], "texture": "#2"}
			}
		},
		{
			"from": [4.4, -0.68388, 12.8948],
			"to": [11.6, 2.91612, 14.9948],
			"rotation": {"angle": -22.5, "axis": "x", "origin": [8, 1.11612, 5.9948]},
			"faces": {
				"north": {"uv": [8.75, 1.5, 10.5, 2.5], "texture": "#2"},
				"east": {"uv": [11, 1.5, 11.5, 2.5], "texture": "#2"},
				"south": {"uv": [8.75, 2.5, 10.5, 3.5], "texture": "#2"},
				"west": {"uv": [11, 2.5, 11.5, 3.5], "texture": "#2"},
				"up": {"uv": [12, 4.5, 10.25, 4], "texture": "#2"},
				"down": {"uv": [12, 4.5, 10.25, 5], "texture": "#2"}
			}
		},
		{
			"name": "ef",
			"from": [11.40085, -3.8, 6.96557],
			"to": [17.40085, 21.8, 6.96557],
			"rotation": {"angle": -22.5, "axis": "y", "origin": [8, 10.1, 14.89838]},
			"faces": {
				"north": {"uv": [0.25, 0, 3.6875, 16], "texture": "#1"},
				"east": {"uv": [0, 0, 0, 1], "texture": "#missing"},
				"south": {"uv": [3.6875, 0, 0.25, 16], "texture": "#1"},
				"west": {"uv": [0, 0, 0, 1], "texture": "#missing"},
				"up": {"uv": [0, 0, 0, 0.29688], "rotation": 90, "texture": "#missing"},
				"down": {"uv": [0, 0, 0, 0.29688], "rotation": 270, "texture": "#missing"}
			}
		},
		{
			"name": "ef",
			"from": [-0.66055, -9.4, 6.59254],
			"to": [5.33945, 16.2, 6.59254],
			"rotation": {"angle": 22.5, "axis": "y", "origin": [8, 10.1, 14.89838]},
			"faces": {
				"north": {"uv": [11.6875, 0, 8.25, 16], "texture": "#1"},
				"east": {"uv": [0, 0, 0, 1], "texture": "#missing"},
				"south": {"uv": [8.25, 0, 11.6875, 16], "texture": "#1"},
				"west": {"uv": [0, 0, 0, 1], "texture": "#missing"},
				"up": {"uv": [0, 0.29688, 0, 0], "rotation": 90, "texture": "#missing"},
				"down": {"uv": [0, 0.29688, 0, 0], "rotation": 270, "texture": "#missing"}
			}
		},
		{
			"name": "ef",
			"from": [9.78354, 3.4, 17.54706],
			"to": [15.78354, 29, 17.54706],
			"rotation": {"angle": 22.5, "axis": "y", "origin": [8, 10.1, 14.89838]},
			"faces": {
				"north": {"uv": [4.25, 0, 7.6875, 16], "texture": "#1"},
				"east": {"uv": [0, 0, 0, 1], "texture": "#missing"},
				"south": {"uv": [7.6875, 0, 4.25, 16], "texture": "#1"},
				"west": {"uv": [0, 0, 0, 1], "texture": "#missing"},
				"up": {"uv": [0, 0.29688, 0, 0], "rotation": 270, "texture": "#missing"},
				"down": {"uv": [0, 0.29688, 0, 0], "rotation": 90, "texture": "#missing"}
			}
		},
		{
			"name": "ef",
			"from": [-0.75035, 4, 18.66298],
			"to": [5.24965, 29.6, 18.66298],
			"rotation": {"angle": -22.5, "axis": "y", "origin": [8, 10.1, 14.89838]},
			"faces": {
				"north": {"uv": [15.6875, 0, 12.25, 16], "texture": "#1"},
				"east": {"uv": [0, 0, 0, 1], "texture": "#missing"},
				"south": {"uv": [12.25, 0, 15.6875, 16], "texture": "#1"},
				"west": {"uv": [0, 0, 0, 1], "texture": "#missing"},
				"up": {"uv": [0, 0, 0, 0.29688], "rotation": 270, "texture": "#missing"},
				"down": {"uv": [0, 0, 0, 0.29688], "rotation": 90, "texture": "#missing"}
			}
		}
	],
	"gui_light": "front",
	"display": {
		"thirdperson_righthand": {
			"rotation": [133.37, 20.46, -171.07],
			"translation": [0.75, 3.25, -1.5],
			"scale": [0.51, 0.51, 0.51]
		},
		"thirdperson_lefthand": {
			"rotation": [133.37, 20.46, -171.07],
			"translation": [0.75, 3.25, -1.5],
			"scale": [0.51, 0.51, 0.51]
		},
		"firstperson_righthand": {
			"rotation": [162.38, 56.94, -165.72],
			"translation": [16.75, 0.5, -20],
			"scale": [1.1, 1.1, 1.1]
		},
		"firstperson_lefthand": {
			"rotation": [162.38, 56.94, -165.72],
			"translation": [16.75, 0.5, -20],
			"scale": [1.1, 1.1, 1.1]
		},
		"ground": {
			"scale": [0.4, 0.4, 0.4]
		},
		"gui": {
			"rotation": [-174.5, 0, -180],
			"scale": [0.77, 0.77, 0.77]
		},
		"head": {
			"translation": [0, 1.75, -1],
			"scale": [1.44, 1.44, 1.44]
		},
		"fixed": {
			"translation": [0, -1, -6.5]
		}
	},
	"groups": [
		{
			"name": "helmet_gold_easter",
			"origin": [8, 1.11612, 5.9948],
			"color": 0,
			"nbt": "{}",
			"children": [0, 1, 2, 3, 4, 5, 6, 7, 8, 9, 10, 11, 12, 13, 14, 15, 16, 17, 18, 19, 20]
		}
	]
}