{
  "format_version": "1.9.0",
  "credit": "Pologony Creation Co.,Ltd.",
  "texture_size": [
    36,
    36
  ],
  "textures": {
    "3": "item/pumpkin/pumpkin_ef3_long",
    "4": "item/pumpkin/pumpkin_ef2_long",
    "6": "item/pumpkin/pumpkin_ef6_long",
    "8": "item/pumpkin/pumpkin_pickaxe"
  },
  "elements": [
    {
      "from": [
        7,
        -2,
        7
      ],
      "to": [
        9,
        0,
        9
      ],
      "rotation": {
        "angle": 0,
        "axis": "y",
        "origin": [
          7,
          -2,
          7
        ]
      },
      "faces": {
        "north": {
          "uv": [
            9.33333,
            6.66667,
            10.22222,
            7.55556
          ],
          "texture": "#8"
        },
        "east": {
          "uv": [
            7.11111,
            9.33333,
            8,
            10.22222
          ],
          "texture": "#8"
        },
        "south": {
          "uv": [
            0,
            9.77778,
            0.88889,
            10.66667
          ],
          "texture": "#8"
        },
        "west": {
          "uv": [
            10.22222,
            8,
            11.11111,
            8.88889
          ],
          "texture": "#8"
        },
        "up": {
          "uv": [
            9.33333,
            11.11111,
            8.44444,
            10.22222
          ],
          "texture": "#8"
        },
        "down": {
          "uv": [
            11.11111,
            9.33333,
            10.22222,
            10.22222
          ],
          "texture": "#8"
        }
      }
    },
    {
      "from": [
        7.25,
        0,
        7.25
      ],
      "to": [
        8.75,
        0.5,
        8.75
      ],
      "rotation": {
        "angle": 45,
        "axis": "y",
        "origin": [
          8,
          0.25,
          8
        ]
      },
      "faces": {
        "north": {
          "uv": [
            0,
            12.88889,
            0.66667,
            13.11111
          ],
          "texture": "#8"
        },
        "east": {
          "uv": [
            1.33333,
            12.88889,
            2,
            13.11111
          ],
          "texture": "#8"
        },
        "south": {
          "uv": [
            2.66667,
            12.88889,
            3.33333,
            13.11111
          ],
          "texture": "#8"
        },
        "west": {
          "uv": [
            5.77778,
            12.88889,
            6.44444,
            13.11111
          ],
          "texture": "#8"
        },
        "up": {
          "uv": [
            11.33333,
            7.33333,
            10.66667,
            6.66667
          ],
          "texture": "#8"
        },
        "down": {
          "uv": [
            11.77778,
            0,
            11.11111,
            0.66667
          ],
          "texture": "#8"
        }
      }
    },
    {
      "from": [
        7.5,
        0.5,
        7.42678
      ],
      "to": [
        8.75,
        1,
        8.67678
      ],
      "rotation": {
        "angle": 45,
        "axis": "y",
        "origin": [
          8,
          0.75,
          8.17678
        ]
      },
      "faces": {
        "north": {
          "uv": [
            12,
            13.33333,
            12.55556,
            13.55556
          ],
          "texture": "#8"
        },
        "east": {
          "uv": [
            13.33333,
            13.33333,
            13.88889,
            13.55556
          ],
          "texture": "#8"
        },
        "south": {
          "uv": [
            0,
            13.77778,
            0.55556,
            14
          ],
          "texture": "#8"
        },
        "west": {
          "uv": [
            1.33333,
            13.77778,
            1.88889,
            14
          ],
          "texture": "#8"
        }
      }
    },
    {
      "from": [
        7.5,
        1.5,
        7.5
      ],
      "to": [
        8.5,
        7.75,
        8.5
      ],
      "rotation": {
        "angle": 45,
        "axis": "y",
        "origin": [
          8,
          5.75,
          8
        ]
      },
      "faces": {
        "north": {
          "uv": [
            1.77778,
            8,
            2.22222,
            10.77778
          ],
          "texture": "#8"
        },
        "east": {
          "uv": [
            2.66667,
            8,
            3.11111,
            10.77778
          ],
          "texture": "#8"
        },
        "south": {
          "uv": [
            8.44444,
            1.77778,
            8.88889,
            4.55556
          ],
          "texture": "#8"
        },
        "west": {
          "uv": [
            8.44444,
            5.33333,
            8.88889,
            8.11111
          ],
          "texture": "#8"
        }
      }
    },
    {
      "from": [
        7.5,
        8.25,
        7.42678
      ],
      "to": [
        8.75,
        8.75,
        8.67678
      ],
      "rotation": {
        "angle": 45,
        "axis": "y",
        "origin": [
          8,
          8.5,
          8.17678
        ]
      },
      "faces": {
        "north": {
          "uv": [
            2.66667,
            13.77778,
            3.22222,
            14
          ],
          "texture": "#8"
        },
        "east": {
          "uv": [
            13.77778,
            3.55556,
            14.33333,
            3.77778
          ],
          "texture": "#8"
        },
        "south": {
          "uv": [
            13.77778,
            4.44444,
            14.33333,
            4.66667
          ],
          "texture": "#8"
        },
        "west": {
          "uv": [
            5.33333,
            13.77778,
            5.88889,
            14
          ],
          "texture": "#8"
        }
      }
    },
    {
      "from": [
        6,
        9.25,
        6
      ],
      "to": [
        10,
        13.25,
        10
      ],
      "rotation": {
        "angle": 0,
        "axis": "y",
        "origin": [
          6,
          9.25,
          6
        ]
      },
      "faces": {
        "north": {
          "uv": [
            4,
            2.66667,
            5.77778,
            4.44444
          ],
          "texture": "#8"
        },
        "east": {
          "uv": [
            4,
            4.88889,
            5.77778,
            6.66667
          ],
          "texture": "#8"
        },
        "south": {
          "uv": [
            6.22222,
            2.66667,
            8,
            4.44444
          ],
          "texture": "#8"
        },
        "west": {
          "uv": [
            6.22222,
            4.88889,
            8,
            6.66667
          ],
          "texture": "#8"
        },
        "up": {
          "uv": [
            5.77778,
            8.88889,
            4,
            7.11111
          ],
          "texture": "#8"
        },
        "down": {
          "uv": [
            8,
            7.11111,
            6.22222,
            8.88889
          ],
          "texture": "#8"
        }
      }
    },
    {
      "from": [
        7.25,
        11.30304,
        4.14953
      ],
      "to": [
        8.75,
        12.80304,
        6.64953
      ],
      "rotation": {
        "angle": 22.5,
        "axis": "x",
        "origin": [
          8,
          11.70879,
          3.45437
        ]
      },
      "faces": {
        "north": {
          "uv": [
            11.11111,
            1.33333,
            11.77778,
            2
          ],
          "texture": "#8"
        },
        "east": {
          "uv": [
            4.88889,
            10.66667,
            6,
            11.33333
          ],
          "texture": "#8"
        },
        "west": {
          "uv": [
            6.66667,
            10.66667,
            7.77778,
            11.33333
          ],
          "texture": "#8"
        },
        "up": {
          "uv": [
            10.44444,
            11.77778,
            9.77778,
            10.66667
          ],
          "texture": "#8"
        },
        "down": {
          "uv": [
            0.66667,
            11.11111,
            0,
            12.22222
          ],
          "texture": "#8"
        }
      }
    },
    {
      "from": [
        7.5,
        11.29182,
        3.24985
      ],
      "to": [
        8.5,
        12.29182,
        4.74985
      ],
      "rotation": {
        "angle": 0,
        "axis": "x",
        "origin": [
          8,
          11.70879,
          3.45437
        ]
      },
      "faces": {
        "north": {
          "uv": [
            7.55556,
            1.77778,
            8,
            2.22222
          ],
          "texture": "#8"
        },
        "east": {
          "uv": [
            5.77778,
            12,
            6.44444,
            12.44444
          ],
          "texture": "#8"
        },
        "west": {
          "uv": [
            12,
            6.66667,
            12.66667,
            7.11111
          ],
          "texture": "#8"
        },
        "up": {
          "uv": [
            7.55556,
            12.66667,
            7.11111,
            12
          ],
          "texture": "#8"
        },
        "down": {
          "uv": [
            11.55556,
            12,
            11.11111,
            12.66667
          ],
          "texture": "#8"
        }
      }
    },
    {
      "from": [
        7.5,
        9.79182,
        3.24985
      ],
      "to": [
        8.5,
        11.29182,
        4.24985
      ],
      "rotation": {
        "angle": 0,
        "axis": "x",
        "origin": [
          8,
          11.70879,
          3.45437
        ]
      },
      "faces": {
        "north": {
          "uv": [
            12,
            12,
            12.44444,
            12.66667
          ],
          "texture": "#8"
        },
        "east": {
          "uv": [
            12.44444,
            0,
            12.88889,
            0.66667
          ],
          "texture": "#8"
        },
        "south": {
          "uv": [
            12.44444,
            1.33333,
            12.88889,
            2
          ],
          "texture": "#8"
        },
        "west": {
          "uv": [
            12.44444,
            2.66667,
            12.88889,
            3.33333
          ],
          "texture": "#8"
        },
        "down": {
          "uv": [
            9.77778,
            8,
            9.33333,
            8.44444
          ],
          "texture": "#8"
        }
      }
    },
    {
      "from": [
        7.5,
        9.79182,
        1.49985
      ],
      "to": [
        8.5,
        10.79182,
        3.24985
      ],
      "rotation": {
        "angle": 0,
        "axis": "x",
        "origin": [
          8,
          11.70879,
          3.45437
        ]
      },
      "faces": {
        "north": {
          "uv": [
            12.44444,
            5.77778,
            12.88889,
            6.22222
          ],
          "texture": "#8"
        },
        "east": {
          "uv": [
            11.55556,
            9.33333,
            12.33333,
            9.77778
          ],
          "texture": "#8"
        },
        "west": {
          "uv": [
            2.66667,
            12,
            3.44444,
            12.44444
          ],
          "texture": "#8"
        },
        "up": {
          "uv": [
            4.44444,
            12.77778,
            4,
            12
          ],
          "texture": "#8"
        },
        "down": {
          "uv": [
            5.33333,
            12,
            4.88889,
            12.77778
          ],
          "texture": "#8"
        }
      }
    },
    {
      "from": [
        7.625,
        10.79182,
        1.49985
      ],
      "to": [
        8.375,
        11.79182,
        2.24985
      ],
      "rotation": {
        "angle": 0,
        "axis": "x",
        "origin": [
          8,
          11.70879,
          3.45437
        ]
      },
      "faces": {
        "north": {
          "uv": [
            12.88889,
            7.55556,
            13.22222,
            8
          ],
          "texture": "#8"
        },
        "east": {
          "uv": [
            8,
            12.88889,
            8.33333,
            13.33333
          ],
          "texture": "#8"
        },
        "south": {
          "uv": [
            12.88889,
            8.44444,
            13.22222,
            8.88889
          ],
          "texture": "#8"
        },
        "west": {
          "uv": [
            8.88889,
            12.88889,
            9.22222,
            13.33333
          ],
          "texture": "#8"
        },
        "up": {
          "uv": [
            7.44444,
            13.66667,
            7.11111,
            13.33333
          ],
          "texture": "#8"
        }
      }
    },
    {
      "from": [
        7.625,
        11.29182,
        2.24985
      ],
      "to": [
        8.375,
        11.79182,
        2.74985
      ],
      "rotation": {
        "angle": 0,
        "axis": "x",
        "origin": [
          8,
          11.70879,
          3.45437
        ]
      },
      "faces": {
        "east": {
          "uv": [
            14.22222,
            12,
            14.44444,
            12.22222
          ],
          "texture": "#8"
        },
        "south": {
          "uv": [
            14.22222,
            9.33333,
            14.55556,
            9.55556
          ],
          "texture": "#8"
        },
        "west": {
          "uv": [
            12.44444,
            14.22222,
            12.66667,
            14.44444
          ],
          "texture": "#8"
        },
        "up": {
          "uv": [
            11,
            14.44444,
            10.66667,
            14.22222
          ],
          "texture": "#8"
        },
        "down": {
          "uv": [
            14.55556,
            11.11111,
            14.22222,
            11.33333
          ],
          "texture": "#8"
        }
      }
    },
    {
      "from": [
        7.25,
        1,
        7.25
      ],
      "to": [
        8.75,
        1.5,
        8.75
      ],
      "rotation": {
        "angle": 45,
        "axis": "y",
        "origin": [
          8,
          1.25,
          8
        ]
      },
      "faces": {
        "north": {
          "uv": [
            12.88889,
            9.33333,
            13.55556,
            9.55556
          ],
          "texture": "#8"
        },
        "east": {
          "uv": [
            12.88889,
            11.55556,
            13.55556,
            11.77778
          ],
          "texture": "#8"
        },
        "south": {
          "uv": [
            12.88889,
            12.44444,
            13.55556,
            12.66667
          ],
          "texture": "#8"
        },
        "west": {
          "uv": [
            13.33333,
            0,
            14,
            0.22222
          ],
          "texture": "#8"
        },
        "up": {
          "uv": [
            11.77778,
            3.33333,
            11.11111,
            2.66667
          ],
          "texture": "#8"
        },
        "down": {
          "uv": [
            11.77778,
            4,
            11.11111,
            4.66667
          ],
          "texture": "#8"
        }
      }
    },
    {
      "from": [
        7.25,
        7.75,
        7.25
      ],
      "to": [
        8.75,
        8.25,
        8.75
      ],
      "rotation": {
        "angle": 45,
        "axis": "y",
        "origin": [
          8,
          8,
          8
        ]
      },
      "faces": {
        "north": {
          "uv": [
            13.33333,
            0.88889,
            14,
            1.11111
          ],
          "texture": "#8"
        },
        "east": {
          "uv": [
            13.33333,
            1.77778,
            14,
            2
          ],
          "texture": "#8"
        },
        "south": {
          "uv": [
            13.33333,
            2.66667,
            14,
            2.88889
          ],
          "texture": "#8"
        },
        "west": {
          "uv": [
            4,
            13.33333,
            4.66667,
            13.55556
          ],
          "texture": "#8"
        },
        "up": {
          "uv": [
            11.77778,
            6,
            11.11111,
            5.33333
          ],
          "texture": "#8"
        },
        "down": {
          "uv": [
            11.77778,
            10.66667,
            11.11111,
            11.33333
          ],
          "texture": "#8"
        }
      }
    },
    {
      "from": [
        7.25,
        8.75,
        7.25
      ],
      "to": [
        8.75,
        9.25,
        8.75
      ],
      "rotation": {
        "angle": 45,
        "axis": "y",
        "origin": [
          8,
          9,
          8
        ]
      },
      "faces": {
        "north": {
          "uv": [
            13.33333,
            5.77778,
            14,
            6
          ],
          "texture": "#8"
        },
        "east": {
          "uv": [
            13.33333,
            6.66667,
            14,
            6.88889
          ],
          "texture": "#8"
        },
        "south": {
          "uv": [
            13.33333,
            10.22222,
            14,
            10.44444
          ],
          "texture": "#8"
        },
        "west": {
          "uv": [
            10.66667,
            13.33333,
            11.33333,
            13.55556
          ],
          "texture": "#8"
        },
        "up": {
          "uv": [
            2,
            12.22222,
            1.33333,
            11.55556
          ],
          "texture": "#8"
        },
        "down": {
          "uv": [
            12.22222,
            8,
            11.55556,
            8.66667
          ],
          "texture": "#8"
        }
      }
    },
    {
      "from": [
        7.99646,
        8,
        4.00354
      ],
      "to": [
        8.00646,
        16,
        12.00354
      ],
      "rotation": {
        "angle": 45,
        "axis": "y",
        "origin": [
          7.99646,
          12,
          8.00354
        ]
      },
      "faces": {
        "east": {
          "uv": [
            3.55556,
            0,
            0,
            3.55556
          ],
          "texture": "#8"
        },
        "west": {
          "uv": [
            0,
            0,
            3.55556,
            3.55556
          ],
          "texture": "#8"
        }
      }
    },
    {
      "from": [
        7.99646,
        8,
        3.99646
      ],
      "to": [
        8.00646,
        16,
        11.99646
      ],
      "rotation": {
        "angle": -45,
        "axis": "y",
        "origin": [
          7.99646,
          12,
          7.99646
        ]
      },
      "faces": {
        "east": {
          "uv": [
            3.55556,
            4,
            0,
            7.55556
          ],
          "texture": "#8"
        },
        "west": {
          "uv": [
            0,
            4,
            3.55556,
            7.55556
          ],
          "texture": "#8"
        }
      }
    },
    {
      "from": [
        7.995,
        -5.5,
        5.5
      ],
      "to": [
        8.005,
        0.5,
        10.5
      ],
      "light_emission": 15,
      "rotation": {
        "angle": 45,
        "axis": "y",
        "origin": [
          8,
          -2.5,
          8
        ]
      },
      "faces": {
        "east": {
          "uv": [
            10,
            0,
            0,
            12
          ],
          "texture": "#3"
        },
        "west": {
          "uv": [
            0,
            0,
            10,
            12
          ],
          "texture": "#3"
        }
      }
    },
    {
      "from": [
        5.5,
        -5.5,
        7.995
      ],
      "to": [
        10.5,
        0.5,
        8.005
      ],
      "light_emission": 15,
      "rotation": {
        "angle": 45,
        "axis": "y",
        "origin": [
          8,
          -2.5,
          8
        ]
      },
      "faces": {
        "north": {
          "uv": [
            0,
            0,
            10,
            12
          ],
          "texture": "#3"
        },
        "south": {
          "uv": [
            10,
            0,
            0,
            12
          ],
          "texture": "#3"
        }
      }
    },
    {
      "from": [
        5.75,
        8.75,
        5.75
      ],
      "to": [
        5.76,
        13.75,
        10.25
      ],
      "light_emission": 15,
      "rotation": {
        "angle": 0,
        "axis": "y",
        "origin": [
          5.75,
          9.5,
          6.5
        ]
      },
      "faces": {
        "east": {
          "uv": [
            8.66667,
            0,
            2.66667,
            6.66667
          ],
          "texture": "#4"
        },
        "west": {
          "uv": [
            2.66667,
            0,
            8.66667,
            6.66667
          ],
          "texture": "#4"
        }
      }
    },
    {
      "from": [
        5.67579,
        8.75,
        10.62306
      ],
      "to": [
        7.67579,
        13.75,
        10.63306
      ],
      "light_emission": 15,
      "rotation": {
        "angle": -22.5,
        "axis": "y",
        "origin": [
          6.67579,
          11.25,
          10.62806
        ]
      },
      "faces": {
        "north": {
          "uv": [
            0,
            0,
            2.66667,
            6.66667
          ],
          "texture": "#4"
        },
        "south": {
          "uv": [
            2.66667,
            0,
            0,
            6.66667
          ],
          "texture": "#4"
        }
      }
    },
    {
      "from": [
        5.67388,
        8.75,
        5.36732
      ],
      "to": [
        7.67388,
        13.75,
        5.37732
      ],
      "light_emission": 15,
      "rotation": {
        "angle": 22.5,
        "axis": "y",
        "origin": [
          6.67388,
          11.25,
          5.36732
        ]
      },
      "faces": {
        "north": {
          "uv": [
            0,
            0,
            2.66667,
            6.66667
          ],
          "texture": "#4"
        },
        "south": {
          "uv": [
            2.66667,
            0,
            0,
            6.66667
          ],
          "texture": "#4"
        }
      }
    },
    {
      "from": [
        7.9985,
        10.25,
        0.5
      ],
      "to": [
        8.0015,
        17.25,
        5.5
      ],
      "light_emission": 15,
      "rotation": {
        "angle": 22.5,
        "axis": "x",
        "origin": [
          8,
          13.75,
          3
        ]
      },
      "faces": {
        "east": {
          "uv": [
            10,
            0,
            0,
            14
          ],
          "texture": "#6"
        },
        "west": {
          "uv": [
            0,
            0,
            10,
            14
          ],
          "texture": "#6"
        }
      }
    },
    {
      "from": [
        7.9985,
        10.25,
        10.5
      ],
      "to": [
        8.0015,
        17.25,
        15.5
      ],
      "light_emission": 15,
      "rotation": {
        "angle": -22.5,
        "axis": "x",
        "origin": [
          8,
          13.75,
          13
        ]
      },
      "faces": {
        "east": {
          "uv": [
            0,
            0,
            10,
            14
          ],
          "texture": "#6"
        },
        "west": {
          "uv": [
            10,
            0,
            0,
            14
          ],
          "texture": "#6"
        }
      }
    },
    {
      "from": [
        7.99,
        12.36165,
        1.84965
      ],
      "to": [
        8.01,
        14.36165,
        3.84965
      ],
      "rotation": {
        "angle": 45,
        "axis": "x",
        "origin": [
          8,
          11.70879,
          3.45437
        ]
      },
      "faces": {
        "east": {
          "uv": [
            4.44444,
            10.66667,
            3.55556,
            11.55556
          ],
          "texture": "#8"
        },
        "west": {
          "uv": [
            3.55556,
            10.66667,
            4.44444,
            11.55556
          ],
          "texture": "#8"
        }
      }
    },
    {
      "from": [
        7.99,
        10.5,
        0
      ],
      "to": [
        8.01,
        12,
        1.5
      ],
      "rotation": {
        "angle": -22.5,
        "axis": "x",
        "origin": [
          7.995,
          11.25,
          0.75
        ]
      },
      "faces": {
        "east": {
          "uv": [
            9.11111,
            11.55556,
            8.44444,
            12.22222
          ],
          "texture": "#8"
        },
        "west": {
          "uv": [
            8.44444,
            11.55556,
            9.11111,
            12.22222
          ],
          "texture": "#8"
        }
      }
    },
    {
      "from": [
        6.725,
        7.25,
        6.725
      ],
      "to": [
        9.275,
        9.25,
        9.275
      ],
      "rotation": {
        "angle": 45,
        "axis": "y",
        "origin": [
          8,
          8.25,
          8
        ]
      },
      "faces": {
        "north": {
          "uv": [
            8.44444,
            8.88889,
            9.55556,
            9.77778
          ],
          "texture": "#8"
        },
        "east": {
          "uv": [
            9.33333,
            0,
            10.44444,
            0.88889
          ],
          "texture": "#8"
        },
        "south": {
          "uv": [
            9.33333,
            1.33333,
            10.44444,
            2.22222
          ],
          "texture": "#8"
        },
        "west": {
          "uv": [
            9.33333,
            2.66667,
            10.44444,
            3.55556
          ],
          "texture": "#8"
        },
        "up": {
          "uv": [
            8.66667,
            1.11111,
            7.55556,
            0
          ],
          "texture": "#8"
        }
      }
    },
    {
      "name": "cube inverted",
      "from": [
        9.25,
        9.25,
        9.25
      ],
      "to": [
        6.75,
        7.25,
        6.75
      ],
      "rotation": {
        "angle": 45,
        "axis": "y",
        "origin": [
          8,
          8.25,
          8
        ]
      },
      "faces": {
        "north": {
          "uv": [
            3.55556,
            9.33333,
            4.66667,
            10.22222
          ],
          "texture": "#8"
        },
        "east": {
          "uv": [
            9.33333,
            4,
            10.44444,
            4.88889
          ],
          "texture": "#8"
        },
        "south": {
          "uv": [
            5.33333,
            9.33333,
            6.44444,
            10.22222
          ],
          "texture": "#8"
        },
        "west": {
          "uv": [
            9.33333,
            5.33333,
            10.44444,
            6.22222
          ],
          "texture": "#8"
        },
        "down": {
          "uv": [
            1.11111,
            8,
            0,
            9.11111
          ],
          "texture": "#8"
        }
      }
    },
    {
      "from": [
        7.625,
        9.48785,
        0.86304
      ],
      "to": [
        8.375,
        10.23785,
        2.86304
      ],
      "rotation": {
        "angle": -22.5,
        "axis": "x",
        "origin": [
          8,
          9.30035,
          1.73804
        ]
      },
      "faces": {
        "north": {
          "uv": [
            13.77778,
            7.55556,
            14.11111,
            7.88889
          ],
          "texture": "#8"
        },
        "east": {
          "uv": [
            12.44444,
            4,
            13.33333,
            4.33333
          ],
          "texture": "#8"
        },
        "south": {
          "uv": [
            8,
            13.77778,
            8.33333,
            14.11111
          ],
          "texture": "#8"
        },
        "west": {
          "uv": [
            12.44444,
            4.88889,
            13.33333,
            5.22222
          ],
          "texture": "#8"
        },
        "up": {
          "uv": [
            10.11111,
            13.33333,
            9.77778,
            12.44444
          ],
          "texture": "#8"
        },
        "down": {
          "uv": [
            12.77778,
            10.22222,
            12.44444,
            11.11111
          ],
          "texture": "#8"
        }
      }
    },
    {
      "from": [
        7.625,
        8.73785,
        0.86304
      ],
      "to": [
        8.375,
        9.48785,
        1.61304
      ],
      "rotation": {
        "angle": -22.5,
        "axis": "x",
        "origin": [
          8,
          9.30035,
          1.73804
        ]
      },
      "faces": {
        "north": {
          "uv": [
            13.77778,
            8.44444,
            14.11111,
            8.77778
          ],
          "texture": "#8"
        },
        "east": {
          "uv": [
            8.88889,
            13.77778,
            9.22222,
            14.11111
          ],
          "texture": "#8"
        },
        "south": {
          "uv": [
            9.77778,
            13.77778,
            10.11111,
            14.11111
          ],
          "texture": "#8"
        },
        "west": {
          "uv": [
            4,
            14.22222,
            4.33333,
            14.55556
          ],
          "texture": "#8"
        },
        "down": {
          "uv": [
            7,
            14.22222,
            6.66667,
            14.55556
          ],
          "texture": "#8"
        }
      }
    },
    {
      "from": [
        7.625,
        8.73785,
        1.61304
      ],
      "to": [
        8.375,
        9.23785,
        1.86304
      ],
      "rotation": {
        "angle": -22.5,
        "axis": "x",
        "origin": [
          8,
          9.30035,
          1.73804
        ]
      },
      "faces": {
        "east": {
          "uv": [
            0,
            14.66667,
            0.11111,
            14.88889
          ],
          "texture": "#8"
        },
        "south": {
          "uv": [
            11.55556,
            14.22222,
            11.88889,
            14.44444
          ],
          "texture": "#8"
        },
        "west": {
          "uv": [
            14.66667,
            0,
            14.77778,
            0.22222
          ],
          "texture": "#8"
        },
        "up": {
          "uv": [
            13.66667,
            14.33333,
            13.33333,
            14.22222
          ],
          "texture": "#8"
        },
        "down": {
          "uv": [
            14.55556,
            14.22222,
            14.22222,
            14.33333
          ],
          "texture": "#8"
        }
      }
    },
    {
      "from": [
        7.995,
        5.53556,
        1.88922
      ],
      "to": [
        8.005,
        9.78556,
        8.88922
      ],
      "rotation": {
        "angle": -22.5,
        "axis": "x",
        "origin": [
          7.995,
          0.21056,
          2.36422
        ]
      },
      "faces": {
        "east": {
          "uv": [
            7.11111,
            0,
            4,
            1.88889
          ],
          "texture": "#8"
        },
        "west": {
          "uv": [
            4,
            0,
            7.11111,
            1.88889
          ],
          "texture": "#8"
        }
      }
    },
    {
      "from": [
        7.25,
        11.30304,
        9.35047
      ],
      "to": [
        8.75,
        12.80304,
        11.85047
      ],
      "rotation": {
        "angle": -22.5,
        "axis": "x",
        "origin": [
          8,
          11.70879,
          12.54563
        ]
      },
      "faces": {
        "east": {
          "uv": [
            6,
            10.66667,
            4.88889,
            11.33333
          ],
          "texture": "#8"
        },
        "south": {
          "uv": [
            11.77778,
            1.33333,
            11.11111,
            2
          ],
          "texture": "#8"
        },
        "west": {
          "uv": [
            7.77778,
            10.66667,
            6.66667,
            11.33333
          ],
          "texture": "#8"
        },
        "up": {
          "uv": [
            10.44444,
            10.66667,
            9.77778,
            11.77778
          ],
          "texture": "#8"
        },
        "down": {
          "uv": [
            0.66667,
            12.22222,
            0,
            11.11111
          ],
          "texture": "#8"
        }
      }
    },
    {
      "from": [
        7.5,
        11.29182,
        11.25015
      ],
      "to": [
        8.5,
        12.29182,
        12.75015
      ],
      "rotation": {
        "angle": 0,
        "axis": "x",
        "origin": [
          8,
          11.70879,
          12.54563
        ]
      },
      "faces": {
        "east": {
          "uv": [
            6.44444,
            12,
            5.77778,
            12.44444
          ],
          "texture": "#8"
        },
        "south": {
          "uv": [
            8,
            1.77778,
            7.55556,
            2.22222
          ],
          "texture": "#8"
        },
        "west": {
          "uv": [
            12.66667,
            6.66667,
            12,
            7.11111
          ],
          "texture": "#8"
        },
        "up": {
          "uv": [
            7.55556,
            12,
            7.11111,
            12.66667
          ],
          "texture": "#8"
        },
        "down": {
          "uv": [
            11.55556,
            12.66667,
            11.11111,
            12
          ],
          "texture": "#8"
        }
      }
    },
    {
      "from": [
        7.5,
        9.79182,
        11.75015
      ],
      "to": [
        8.5,
        11.29182,
        12.75015
      ],
      "rotation": {
        "angle": 0,
        "axis": "x",
        "origin": [
          8,
          11.70879,
          12.54563
        ]
      },
      "faces": {
        "north": {
          "uv": [
            12.88889,
            1.33333,
            12.44444,
            2
          ],
          "texture": "#8"
        },
        "east": {
          "uv": [
            12.88889,
            0,
            12.44444,
            0.66667
          ],
          "texture": "#8"
        },
        "south": {
          "uv": [
            12.44444,
            12,
            12,
            12.66667
          ],
          "texture": "#8"
        },
        "west": {
          "uv": [
            12.88889,
            2.66667,
            12.44444,
            3.33333
          ],
          "texture": "#8"
        },
        "down": {
          "uv": [
            9.77778,
            8.44444,
            9.33333,
            8
          ],
          "texture": "#8"
        }
      }
    },
    {
      "from": [
        7.5,
        9.79182,
        12.75015
      ],
      "to": [
        8.5,
        10.79182,
        14.50015
      ],
      "rotation": {
        "angle": 0,
        "axis": "x",
        "origin": [
          8,
          11.70879,
          12.54563
        ]
      },
      "faces": {
        "east": {
          "uv": [
            12.33333,
            9.33333,
            11.55556,
            9.77778
          ],
          "texture": "#8"
        },
        "south": {
          "uv": [
            12.88889,
            5.77778,
            12.44444,
            6.22222
          ],
          "texture": "#8"
        },
        "west": {
          "uv": [
            3.44444,
            12,
            2.66667,
            12.44444
          ],
          "texture": "#8"
        },
        "up": {
          "uv": [
            4.44444,
            12,
            4,
            12.77778
          ],
          "texture": "#8"
        },
        "down": {
          "uv": [
            5.33333,
            12.77778,
            4.88889,
            12
          ],
          "texture": "#8"
        }
      }
    },
    {
      "from": [
        7.625,
        10.79182,
        13.75015
      ],
      "to": [
        8.375,
        11.79182,
        14.50015
      ],
      "rotation": {
        "angle": 0,
        "axis": "x",
        "origin": [
          8,
          11.70879,
          12.54563
        ]
      },
      "faces": {
        "north": {
          "uv": [
            13.22222,
            8.44444,
            12.88889,
            8.88889
          ],
          "texture": "#8"
        },
        "east": {
          "uv": [
            8.33333,
            12.88889,
            8,
            13.33333
          ],
          "texture": "#8"
        },
        "south": {
          "uv": [
            13.22222,
            7.55556,
            12.88889,
            8
          ],
          "texture": "#8"
        },
        "west": {
          "uv": [
            9.22222,
            12.88889,
            8.88889,
            13.33333
          ],
          "texture": "#8"
        },
        "up": {
          "uv": [
            7.44444,
            13.33333,
            7.11111,
            13.66667
          ],
          "texture": "#8"
        }
      }
    },
    {
      "from": [
        7.625,
        11.29182,
        13.25015
      ],
      "to": [
        8.375,
        11.79182,
        13.75015
      ],
      "rotation": {
        "angle": 0,
        "axis": "x",
        "origin": [
          8,
          11.70879,
          12.54563
        ]
      },
      "faces": {
        "north": {
          "uv": [
            14.55556,
            9.33333,
            14.22222,
            9.55556
          ],
          "texture": "#8"
        },
        "east": {
          "uv": [
            14.44444,
            12,
            14.22222,
            12.22222
          ],
          "texture": "#8"
        },
        "west": {
          "uv": [
            12.66667,
            14.22222,
            12.44444,
            14.44444
          ],
          "texture": "#8"
        },
        "up": {
          "uv": [
            11,
            14.22222,
            10.66667,
            14.44444
          ],
          "texture": "#8"
        },
        "down": {
          "uv": [
            14.55556,
            11.33333,
            14.22222,
            11.11111
          ],
          "texture": "#8"
        }
      }
    },
    {
      "from": [
        7.625,
        9.48785,
        13.13696
      ],
      "to": [
        8.375,
        10.23785,
        15.13696
      ],
      "rotation": {
        "angle": 22.5,
        "axis": "x",
        "origin": [
          8,
          9.30035,
          14.26196
        ]
      },
      "faces": {
        "north": {
          "uv": [
            8.33333,
            13.77778,
            8,
            14.11111
          ],
          "texture": "#8"
        },
        "east": {
          "uv": [
            13.33333,
            4,
            12.44444,
            4.33333
          ],
          "texture": "#8"
        },
        "south": {
          "uv": [
            14.11111,
            7.55556,
            13.77778,
            7.88889
          ],
          "texture": "#8"
        },
        "west": {
          "uv": [
            13.33333,
            4.88889,
            12.44444,
            5.22222
          ],
          "texture": "#8"
        },
        "up": {
          "uv": [
            10.11111,
            12.44444,
            9.77778,
            13.33333
          ],
          "texture": "#8"
        },
        "down": {
          "uv": [
            12.77778,
            11.11111,
            12.44444,
            10.22222
          ],
          "texture": "#8"
        }
      }
    },
    {
      "from": [
        7.625,
        8.73785,
        14.38696
      ],
      "to": [
        8.375,
        9.48785,
        15.13696
      ],
      "rotation": {
        "angle": 22.5,
        "axis": "x",
        "origin": [
          8,
          9.30035,
          14.26196
        ]
      },
      "faces": {
        "north": {
          "uv": [
            10.11111,
            13.77778,
            9.77778,
            14.11111
          ],
          "texture": "#8"
        },
        "east": {
          "uv": [
            9.22222,
            13.77778,
            8.88889,
            14.11111
          ],
          "texture": "#8"
        },
        "south": {
          "uv": [
            14.11111,
            8.44444,
            13.77778,
            8.77778
          ],
          "texture": "#8"
        },
        "west": {
          "uv": [
            4.33333,
            14.22222,
            4,
            14.55556
          ],
          "texture": "#8"
        },
        "down": {
          "uv": [
            7,
            14.55556,
            6.66667,
            14.22222
          ],
          "texture": "#8"
        }
      }
    },
    {
      "from": [
        7.625,
        8.73785,
        14.13696
      ],
      "to": [
        8.375,
        9.23785,
        14.38696
      ],
      "rotation": {
        "angle": 22.5,
        "axis": "x",
        "origin": [
          8,
          9.30035,
          14.26196
        ]
      },
      "faces": {
        "north": {
          "uv": [
            11.88889,
            14.22222,
            11.55556,
            14.44444
          ],
          "texture": "#8"
        },
        "east": {
          "uv": [
            0.11111,
            14.66667,
            0,
            14.88889
          ],
          "texture": "#8"
        },
        "west": {
          "uv": [
            14.77778,
            0,
            14.66667,
            0.22222
          ],
          "texture": "#8"
        },
        "up": {
          "uv": [
            13.66667,
            14.22222,
            13.33333,
            14.33333
          ],
          "texture": "#8"
        },
        "down": {
          "uv": [
            14.55556,
            14.33333,
            14.22222,
            14.22222
          ],
          "texture": "#8"
        }
      }
    },
    {
      "from": [
        7.99,
        12.36165,
        12.15035
      ],
      "to": [
        8.01,
        14.36165,
        14.15035
      ],
      "rotation": {
        "angle": -45,
        "axis": "x",
        "origin": [
          8,
          11.70879,
          12.54563
        ]
      },
      "faces": {
        "east": {
          "uv": [
            3.55556,
            10.66667,
            4.44444,
            11.55556
          ],
          "texture": "#8"
        },
        "west": {
          "uv": [
            4.44444,
            10.66667,
            3.55556,
            11.55556
          ],
          "texture": "#8"
        }
      }
    },
    {
      "from": [
        7.99,
        10.5,
        14.5
      ],
      "to": [
        8.01,
        12,
        16
      ],
      "rotation": {
        "angle": 22.5,
        "axis": "x",
        "origin": [
          7.995,
          11.25,
          15.25
        ]
      },
      "faces": {
        "east": {
          "uv": [
            8.44444,
            11.55556,
            9.11111,
            12.22222
          ],
          "texture": "#8"
        },
        "west": {
          "uv": [
            9.11111,
            11.55556,
            8.44444,
            12.22222
          ],
          "texture": "#8"
        }
      }
    },
    {
      "from": [
        7.995,
        5.53556,
        7.11078
      ],
      "to": [
        8.005,
        9.78556,
        14.11078
      ],
      "rotation": {
        "angle": 22.5,
        "axis": "x",
        "origin": [
          7.995,
          0.21056,
          13.63578
        ]
      },
      "faces": {
        "east": {
          "uv": [
            4,
            0,
            7.11111,
            1.88889
          ],
          "texture": "#8"
        },
        "west": {
          "uv": [
            7.11111,
            0,
            4,
            1.88889
          ],
          "texture": "#8"
        }
      }
    }
  ],
  "gui_light": "front",
  "display": {
    "thirdperson_righthand": {
      "translation": [
        0,
        2.75,
        1
      ]
    },
    "thirdperson_lefthand": {
      "rotation": [
        0,
        -180,
        0
      ],
      "translation": [
        0,
        2.75,
        1
      ]
    },
    "firstperson_righthand": {
      "rotation": [
        5,
        0,
        0
      ],
      "translation": [
        0.5,
        4.5,
        2
      ],
      "scale": [
        0.7,
        0.7,
        0.7
      ]
    },
    "firstperson_lefthand": {
      "rotation": [
        5,
        -180,
        0
      ],
      "translation": [
        0.5,
        4.5,
        2
      ],
      "scale": [
        0.7,
        0.7,
        0.7
      ]
    },
    "ground": {
      "rotation": [
        45,
        0,
        0
      ],
      "translation": [
        0,
        5,
        0
      ],
      "scale": [
        0.7,
        0.7,
        0.7
      ]
    },
    "gui": {
      "rotation": [
        -90,
        135,
        90
      ],
      "translation": [
        0.5,
        0.75,
        0
      ],
      "scale": [
        0.95,
        0.95,
        0.95
      ]
    },
    "head": {
      "rotation": [
        0,
        -90,
        0
      ]
    },
    "fixed": {
      "rotation": [
        0,
        -90,
        0
      ],
      "translation": [
        0,
        0,
        -2.25
      ],
      "scale": [
        2,
        2,
        2
      ]
    }
  },
  "groups": [
    {
      "name": "pickaxe",
      "origin": [
        7,
        -2,
        7
      ],
      "color": 0,
      "children": [
        0,
        1,
        2,
        3,
        4,
        5,
        6,
        7,
        8,
        9,
        10,
        11,
        12,
        13,
        14,
        15,
        16,
        {
          "name": "pumpkin_ef2_long",
          "origin": [
            8,
            -2.5,
            8
          ],
          "color": 0,
          "children": [
            17,
            18
          ]
        },
        {
          "name": "pumpkin_ef3_long",
          "origin": [
            5.75,
            6.5,
            6.5
          ],
          "color": 0,
          "children": [
            19,
            20,
            21
          ]
        },
        {
          "name": "animated_4",
          "origin": [
            7.9985,
            7,
            16
          ],
          "color": 0,
          "children": [
            22,
            23
          ]
        },
        24,
        25,
        26,
        27,
        28,
        29,
        30,
        31,
        32,
        33,
        34,
        35,
        36,
        37,
        38,
        39,
        40,
        41,
        42,
        43
      ]
    }
  ],
  "mcmodels": "6d5fd49dafb9a0bad7df1b85762efc6a"
}