{
  "format_version": "1.9.0",
  "credit": "Pologony Creation Co.,Ltd.",
  "texture_size": [
    48,
    48
  ],
  "textures": {
    "3": "item/pumpkin/pumpkin_ef3_long",
    "4": "item/pumpkin/pumpkin_ef2_long",
    "6": "item/pumpkin/pumpkin_ef6_long",
    "9": "item/pumpkin/pumpkin_shovel"
  },
  "elements": [
    {
      "from": [
        7,
        -2,
        7
      ],
      "to": [
        9,
        0,
        9
      ],
      "rotation": {
        "angle": 0,
        "axis": "y",
        "origin": [
          7,
          -2,
          7
        ]
      },
      "faces": {
        "north": {
          "uv": [
            5.33333,
            1.66667,
            6,
            2.33333
          ],
          "texture": "#9"
        },
        "east": {
          "uv": [
            4.66667,
            7.66667,
            5.33333,
            8.33333
          ],
          "texture": "#9"
        },
        "south": {
          "uv": [
            7.66667,
            5,
            8.33333,
            5.66667
          ],
          "texture": "#9"
        },
        "west": {
          "uv": [
            7.66667,
            6,
            8.33333,
            6.66667
          ],
          "texture": "#9"
        },
        "up": {
          "uv": [
            8.33333,
            7.66667,
            7.66667,
            7
          ],
          "texture": "#9"
        },
        "down": {
          "uv": [
            8.33333,
            8,
            7.66667,
            8.66667
          ],
          "texture": "#9"
        }
      }
    },
    {
      "from": [
        7.25,
        0,
        7.25
      ],
      "to": [
        8.75,
        0.5,
        8.75
      ],
      "rotation": {
        "angle": 45,
        "axis": "y",
        "origin": [
          8,
          0.25,
          8
        ]
      },
      "faces": {
        "north": {
          "uv": [
            11,
            1,
            11.5,
            1.16667
          ],
          "texture": "#9"
        },
        "east": {
          "uv": [
            11,
            1.66667,
            11.5,
            1.83333
          ],
          "texture": "#9"
        },
        "south": {
          "uv": [
            2.66667,
            11,
            3.16667,
            11.16667
          ],
          "texture": "#9"
        },
        "west": {
          "uv": [
            3.66667,
            11,
            4.16667,
            11.16667
          ],
          "texture": "#9"
        },
        "up": {
          "uv": [
            9.16667,
            8.5,
            8.66667,
            8
          ],
          "texture": "#9"
        },
        "down": {
          "uv": [
            9.5,
            1,
            9,
            1.5
          ],
          "texture": "#9"
        }
      }
    },
    {
      "from": [
        7.5,
        0.5,
        7.42678
      ],
      "to": [
        8.75,
        1,
        8.67678
      ],
      "rotation": {
        "angle": 45,
        "axis": "y",
        "origin": [
          8,
          0.75,
          8.17678
        ]
      },
      "faces": {
        "north": {
          "uv": [
            9,
            11.33333,
            9.41667,
            11.5
          ],
          "texture": "#9"
        },
        "east": {
          "uv": [
            11.33333,
            9.66667,
            11.75,
            9.83333
          ],
          "texture": "#9"
        },
        "south": {
          "uv": [
            11.33333,
            10.33333,
            11.75,
            10.5
          ],
          "texture": "#9"
        },
        "west": {
          "uv": [
            11.33333,
            11,
            11.75,
            11.16667
          ],
          "texture": "#9"
        }
      }
    },
    {
      "from": [
        7.5,
        1.5,
        7.5
      ],
      "to": [
        8.5,
        7.75,
        8.5
      ],
      "rotation": {
        "angle": 45,
        "axis": "y",
        "origin": [
          8,
          5.75,
          8
        ]
      },
      "faces": {
        "north": {
          "uv": [
            5.66667,
            6.33333,
            6,
            8.41667
          ],
          "texture": "#9"
        },
        "east": {
          "uv": [
            6.33333,
            6,
            6.66667,
            8.08333
          ],
          "texture": "#9"
        },
        "south": {
          "uv": [
            7,
            6,
            7.33333,
            8.08333
          ],
          "texture": "#9"
        },
        "west": {
          "uv": [
            0,
            7.66667,
            0.33333,
            9.75
          ],
          "texture": "#9"
        }
      }
    },
    {
      "from": [
        7.5,
        8.25,
        7.42678
      ],
      "to": [
        8.75,
        8.75,
        8.67678
      ],
      "rotation": {
        "angle": 45,
        "axis": "y",
        "origin": [
          8,
          8.5,
          8.17678
        ]
      },
      "faces": {
        "north": {
          "uv": [
            11.66667,
            0,
            12.08333,
            0.16667
          ],
          "texture": "#9"
        },
        "east": {
          "uv": [
            1.66667,
            11.66667,
            2.08333,
            11.83333
          ],
          "texture": "#9"
        },
        "south": {
          "uv": [
            2.66667,
            11.66667,
            3.08333,
            11.83333
          ],
          "texture": "#9"
        },
        "west": {
          "uv": [
            3.66667,
            11.66667,
            4.08333,
            11.83333
          ],
          "texture": "#9"
        }
      }
    },
    {
      "from": [
        6,
        9.25,
        6
      ],
      "to": [
        10,
        13.25,
        10
      ],
      "rotation": {
        "angle": 0,
        "axis": "y",
        "origin": [
          6,
          9.25,
          6
        ]
      },
      "faces": {
        "north": {
          "uv": [
            3,
            3,
            4.33333,
            4.33333
          ],
          "texture": "#9"
        },
        "east": {
          "uv": [
            3,
            4.66667,
            4.33333,
            6
          ],
          "texture": "#9"
        },
        "south": {
          "uv": [
            4.66667,
            3,
            6,
            4.33333
          ],
          "texture": "#9"
        },
        "west": {
          "uv": [
            4.66667,
            4.66667,
            6,
            6
          ],
          "texture": "#9"
        },
        "up": {
          "uv": [
            6.66667,
            1.33333,
            5.33333,
            0
          ],
          "texture": "#9"
        },
        "down": {
          "uv": [
            1.33333,
            6,
            0,
            7.33333
          ],
          "texture": "#9"
        }
      }
    },
    {
      "from": [
        7.25,
        10.5,
        4.5
      ],
      "to": [
        8.75,
        12,
        7
      ],
      "rotation": {
        "angle": 45,
        "axis": "x",
        "origin": [
          8,
          11.25,
          6
        ]
      },
      "faces": {
        "north": {
          "uv": [
            9,
            2,
            9.5,
            2.5
          ],
          "texture": "#9"
        },
        "east": {
          "uv": [
            0.66667,
            8.66667,
            1.5,
            9.16667
          ],
          "texture": "#9"
        },
        "west": {
          "uv": [
            2,
            8.66667,
            2.83333,
            9.16667
          ],
          "texture": "#9"
        },
        "up": {
          "uv": [
            3.83333,
            9.5,
            3.33333,
            8.66667
          ],
          "texture": "#9"
        },
        "down": {
          "uv": [
            4.83333,
            8.66667,
            4.33333,
            9.5
          ],
          "texture": "#9"
        }
      }
    },
    {
      "from": [
        7.5,
        12.65301,
        4.23899
      ],
      "to": [
        8.5,
        13.65301,
        5.73899
      ],
      "rotation": {
        "angle": 22.5,
        "axis": "x",
        "origin": [
          8,
          13.41551,
          3.03899
        ]
      },
      "faces": {
        "north": {
          "uv": [
            7,
            1,
            7.33333,
            1.33333
          ],
          "texture": "#9"
        },
        "east": {
          "uv": [
            10,
            1,
            10.5,
            1.33333
          ],
          "texture": "#9"
        },
        "west": {
          "uv": [
            10,
            1.66667,
            10.5,
            2
          ],
          "texture": "#9"
        },
        "up": {
          "uv": [
            10.33333,
            2.83333,
            10,
            2.33333
          ],
          "texture": "#9"
        },
        "down": {
          "uv": [
            3.33333,
            10,
            3,
            10.5
          ],
          "texture": "#9"
        }
      }
    },
    {
      "from": [
        7.5,
        11.15301,
        4.23899
      ],
      "to": [
        8.5,
        12.65301,
        5.23899
      ],
      "rotation": {
        "angle": 22.5,
        "axis": "x",
        "origin": [
          8,
          13.41551,
          3.03899
        ]
      },
      "faces": {
        "north": {
          "uv": [
            10,
            3.33333,
            10.33333,
            3.83333
          ],
          "texture": "#9"
        },
        "east": {
          "uv": [
            3.66667,
            10,
            4,
            10.5
          ],
          "texture": "#9"
        },
        "south": {
          "uv": [
            4.33333,
            10,
            4.66667,
            10.5
          ],
          "texture": "#9"
        },
        "west": {
          "uv": [
            10,
            4.33333,
            10.33333,
            4.83333
          ],
          "texture": "#9"
        },
        "down": {
          "uv": [
            10.66667,
            8.33333,
            10.33333,
            8.66667
          ],
          "texture": "#9"
        }
      }
    },
    {
      "from": [
        7.5,
        11.15301,
        2.48899
      ],
      "to": [
        8.5,
        12.15301,
        4.23899
      ],
      "rotation": {
        "angle": 22.5,
        "axis": "x",
        "origin": [
          8,
          13.41551,
          3.03899
        ]
      },
      "faces": {
        "north": {
          "uv": [
            10.33333,
            9,
            10.66667,
            9.33333
          ],
          "texture": "#9"
        },
        "east": {
          "uv": [
            2,
            9.66667,
            2.58333,
            10
          ],
          "texture": "#9"
        },
        "west": {
          "uv": [
            6.33333,
            9.66667,
            6.91667,
            10
          ],
          "texture": "#9"
        },
        "up": {
          "uv": [
            10,
            7.58333,
            9.66667,
            7
          ],
          "texture": "#9"
        },
        "down": {
          "uv": [
            10,
            8,
            9.66667,
            8.58333
          ],
          "texture": "#9"
        }
      }
    },
    {
      "from": [
        7.625,
        12.15301,
        2.48899
      ],
      "to": [
        8.375,
        13.15301,
        3.23899
      ],
      "rotation": {
        "angle": 22.5,
        "axis": "x",
        "origin": [
          8,
          13.41551,
          3.03899
        ]
      },
      "faces": {
        "north": {
          "uv": [
            11,
            5,
            11.25,
            5.33333
          ],
          "texture": "#9"
        },
        "east": {
          "uv": [
            11,
            7,
            11.25,
            7.33333
          ],
          "texture": "#9"
        },
        "south": {
          "uv": [
            7.33333,
            11,
            7.58333,
            11.33333
          ],
          "texture": "#9"
        },
        "west": {
          "uv": [
            11,
            7.66667,
            11.25,
            8
          ],
          "texture": "#9"
        },
        "up": {
          "uv": [
            11.91667,
            5.25,
            11.66667,
            5
          ],
          "texture": "#9"
        }
      }
    },
    {
      "from": [
        7.625,
        12.65301,
        3.23899
      ],
      "to": [
        8.375,
        13.15301,
        3.73899
      ],
      "rotation": {
        "angle": 22.5,
        "axis": "x",
        "origin": [
          8,
          13.41551,
          3.03899
        ]
      },
      "faces": {
        "east": {
          "uv": [
            12.33333,
            3.33333,
            12.5,
            3.5
          ],
          "texture": "#9"
        },
        "south": {
          "uv": [
            8.66667,
            12,
            8.91667,
            12.16667
          ],
          "texture": "#9"
        },
        "west": {
          "uv": [
            4,
            12.33333,
            4.16667,
            12.5
          ],
          "texture": "#9"
        },
        "up": {
          "uv": [
            12.25,
            8.83333,
            12,
            8.66667
          ],
          "texture": "#9"
        },
        "down": {
          "uv": [
            9.58333,
            12,
            9.33333,
            12.16667
          ],
          "texture": "#9"
        }
      }
    },
    {
      "from": [
        7.25,
        1,
        7.25
      ],
      "to": [
        8.75,
        1.5,
        8.75
      ],
      "rotation": {
        "angle": 45,
        "axis": "y",
        "origin": [
          8,
          1.25,
          8
        ]
      },
      "faces": {
        "north": {
          "uv": [
            11,
            8.33333,
            11.5,
            8.5
          ],
          "texture": "#9"
        },
        "east": {
          "uv": [
            11,
            9,
            11.5,
            9.16667
          ],
          "texture": "#9"
        },
        "south": {
          "uv": [
            0.66667,
            11.33333,
            1.16667,
            11.5
          ],
          "texture": "#9"
        },
        "west": {
          "uv": [
            11.33333,
            2.33333,
            11.83333,
            2.5
          ],
          "texture": "#9"
        },
        "up": {
          "uv": [
            9.5,
            3.5,
            9,
            3
          ],
          "texture": "#9"
        },
        "down": {
          "uv": [
            9.5,
            4,
            9,
            4.5
          ],
          "texture": "#9"
        }
      }
    },
    {
      "from": [
        7.25,
        7.75,
        7.25
      ],
      "to": [
        8.75,
        8.25,
        8.75
      ],
      "rotation": {
        "angle": 45,
        "axis": "y",
        "origin": [
          8,
          8,
          8
        ]
      },
      "faces": {
        "north": {
          "uv": [
            11.33333,
            3,
            11.83333,
            3.16667
          ],
          "texture": "#9"
        },
        "east": {
          "uv": [
            11.33333,
            3.66667,
            11.83333,
            3.83333
          ],
          "texture": "#9"
        },
        "south": {
          "uv": [
            11.33333,
            4.33333,
            11.83333,
            4.5
          ],
          "texture": "#9"
        },
        "west": {
          "uv": [
            4.66667,
            11.33333,
            5.16667,
            11.5
          ],
          "texture": "#9"
        },
        "up": {
          "uv": [
            5.83333,
            9.5,
            5.33333,
            9
          ],
          "texture": "#9"
        },
        "down": {
          "uv": [
            7.83333,
            9,
            7.33333,
            9.5
          ],
          "texture": "#9"
        }
      }
    },
    {
      "from": [
        7.25,
        8.75,
        7.25
      ],
      "to": [
        8.75,
        9.25,
        8.75
      ],
      "rotation": {
        "angle": 45,
        "axis": "y",
        "origin": [
          8,
          9,
          8
        ]
      },
      "faces": {
        "north": {
          "uv": [
            5.66667,
            11.33333,
            6.16667,
            11.5
          ],
          "texture": "#9"
        },
        "east": {
          "uv": [
            11.33333,
            5.66667,
            11.83333,
            5.83333
          ],
          "texture": "#9"
        },
        "south": {
          "uv": [
            11.33333,
            6.33333,
            11.83333,
            6.5
          ],
          "texture": "#9"
        },
        "west": {
          "uv": [
            8,
            11.33333,
            8.5,
            11.5
          ],
          "texture": "#9"
        },
        "up": {
          "uv": [
            8.83333,
            9.5,
            8.33333,
            9
          ],
          "texture": "#9"
        },
        "down": {
          "uv": [
            9.83333,
            0,
            9.33333,
            0.5
          ],
          "texture": "#9"
        }
      }
    },
    {
      "from": [
        7.99646,
        8,
        4.00354
      ],
      "to": [
        8.00646,
        16,
        12.00354
      ],
      "rotation": {
        "angle": 45,
        "axis": "y",
        "origin": [
          7.99646,
          12,
          8.00354
        ]
      },
      "faces": {
        "east": {
          "uv": [
            2.66667,
            0,
            0,
            2.66667
          ],
          "texture": "#9"
        },
        "west": {
          "uv": [
            0,
            0,
            2.66667,
            2.66667
          ],
          "texture": "#9"
        }
      }
    },
    {
      "from": [
        7.99646,
        8,
        3.99646
      ],
      "to": [
        8.00646,
        16,
        11.99646
      ],
      "rotation": {
        "angle": -45,
        "axis": "y",
        "origin": [
          7.99646,
          12,
          7.99646
        ]
      },
      "faces": {
        "east": {
          "uv": [
            2.66667,
            3,
            0,
            5.66667
          ],
          "texture": "#9"
        },
        "west": {
          "uv": [
            0,
            3,
            2.66667,
            5.66667
          ],
          "texture": "#9"
        }
      }
    },
    {
      "from": [
        7.995,
        -5.5,
        5.5
      ],
      "to": [
        8.005,
        0.5,
        10.5
      ],
      "light_emission": 15,
      "rotation": {
        "angle": 45,
        "axis": "y",
        "origin": [
          8,
          -2.5,
          8
        ]
      },
      "faces": {
        "east": {
          "uv": [
            10,
            0,
            0,
            12
          ],
          "texture": "#3"
        },
        "west": {
          "uv": [
            0,
            0,
            10,
            12
          ],
          "texture": "#3"
        }
      }
    },
    {
      "from": [
        5.5,
        -5.5,
        7.995
      ],
      "to": [
        10.5,
        0.5,
        8.005
      ],
      "light_emission": 15,
      "rotation": {
        "angle": 45,
        "axis": "y",
        "origin": [
          8,
          -2.5,
          8
        ]
      },
      "faces": {
        "north": {
          "uv": [
            0,
            0,
            10,
            12
          ],
          "texture": "#3"
        },
        "south": {
          "uv": [
            10,
            0,
            0,
            12
          ],
          "texture": "#3"
        }
      }
    },
    {
      "from": [
        5.75,
        8.75,
        5.75
      ],
      "to": [
        5.76,
        13.75,
        10.25
      ],
      "light_emission": 15,
      "rotation": {
        "angle": 0,
        "axis": "y",
        "origin": [
          5.75,
          9.5,
          6.5
        ]
      },
      "faces": {
        "east": {
          "uv": [
            8.66667,
            0,
            2.66667,
            6.66667
          ],
          "texture": "#4"
        },
        "west": {
          "uv": [
            2.66667,
            0,
            8.66667,
            6.66667
          ],
          "texture": "#4"
        }
      }
    },
    {
      "from": [
        5.67579,
        8.75,
        10.62306
      ],
      "to": [
        7.67579,
        13.75,
        10.63306
      ],
      "light_emission": 15,
      "rotation": {
        "angle": -22.5,
        "axis": "y",
        "origin": [
          6.67579,
          11.25,
          10.62806
        ]
      },
      "faces": {
        "north": {
          "uv": [
            0,
            0,
            2.66667,
            6.66667
          ],
          "texture": "#4"
        },
        "south": {
          "uv": [
            2.66667,
            0,
            0,
            6.66667
          ],
          "texture": "#4"
        }
      }
    },
    {
      "from": [
        5.67388,
        8.75,
        5.36732
      ],
      "to": [
        7.67388,
        13.75,
        5.37732
      ],
      "light_emission": 15,
      "rotation": {
        "angle": 22.5,
        "axis": "y",
        "origin": [
          6.67388,
          11.25,
          5.36732
        ]
      },
      "faces": {
        "north": {
          "uv": [
            0,
            0,
            2.66667,
            6.66667
          ],
          "texture": "#4"
        },
        "south": {
          "uv": [
            2.66667,
            0,
            0,
            6.66667
          ],
          "texture": "#4"
        }
      }
    },
    {
      "from": [
        7.9985,
        12.93015,
        -0.12849
      ],
      "to": [
        8.0015,
        19.93015,
        4.87151
      ],
      "light_emission": 15,
      "rotation": {
        "angle": 0,
        "axis": "x",
        "origin": [
          8,
          16.68015,
          2.12151
        ]
      },
      "faces": {
        "east": {
          "uv": [
            10,
            0,
            0,
            14
          ],
          "texture": "#6"
        },
        "west": {
          "uv": [
            0,
            0,
            10,
            14
          ],
          "texture": "#6"
        }
      }
    },
    {
      "from": [
        7.9985,
        12.93015,
        11.12849
      ],
      "to": [
        8.0015,
        19.93015,
        16.12849
      ],
      "light_emission": 15,
      "rotation": {
        "angle": 0,
        "axis": "x",
        "origin": [
          8,
          16.68015,
          13.87849
        ]
      },
      "faces": {
        "east": {
          "uv": [
            0,
            0,
            10,
            14
          ],
          "texture": "#6"
        },
        "west": {
          "uv": [
            10,
            0,
            0,
            14
          ],
          "texture": "#6"
        }
      }
    },
    {
      "from": [
        7.99,
        15.25,
        1.85
      ],
      "to": [
        8.01,
        17.25,
        3.85
      ],
      "rotation": {
        "angle": 22.5,
        "axis": "x",
        "origin": [
          8,
          15.5,
          2.75
        ]
      },
      "faces": {
        "east": {
          "uv": [
            9,
            0,
            8.33333,
            0.66667
          ],
          "texture": "#9"
        },
        "west": {
          "uv": [
            8.33333,
            0,
            9,
            0.66667
          ],
          "texture": "#9"
        }
      }
    },
    {
      "from": [
        7.99,
        9.25,
        3
      ],
      "to": [
        8.01,
        10.75,
        4.5
      ],
      "rotation": {
        "angle": -22.5,
        "axis": "x",
        "origin": [
          7.995,
          10,
          3.75
        ]
      },
      "faces": {
        "east": {
          "uv": [
            9.83333,
            9,
            9.33333,
            9.5
          ],
          "texture": "#9"
        },
        "west": {
          "uv": [
            9.33333,
            9,
            9.83333,
            9.5
          ],
          "texture": "#9"
        }
      }
    },
    {
      "from": [
        7.99,
        12.87306,
        0.87223
      ],
      "to": [
        8.01,
        14.37306,
        2.37223
      ],
      "rotation": {
        "angle": -22.5,
        "axis": "x",
        "origin": [
          8,
          13.62306,
          1.87223
        ]
      },
      "faces": {
        "east": {
          "uv": [
            9.83333,
            9,
            9.33333,
            9.5
          ],
          "rotation": 270,
          "texture": "#9"
        },
        "west": {
          "uv": [
            9.33333,
            9,
            9.83333,
            9.5
          ],
          "rotation": 90,
          "texture": "#9"
        }
      }
    },
    {
      "from": [
        7.99,
        12.87306,
        13.62777
      ],
      "to": [
        8.01,
        14.37306,
        15.12777
      ],
      "rotation": {
        "angle": 22.5,
        "axis": "x",
        "origin": [
          8,
          13.62306,
          14.12777
        ]
      },
      "faces": {
        "east": {
          "uv": [
            9.83333,
            9.5,
            9.33333,
            9
          ],
          "rotation": 270,
          "texture": "#9"
        },
        "west": {
          "uv": [
            9.33333,
            9.5,
            9.83333,
            9
          ],
          "rotation": 90,
          "texture": "#9"
        }
      }
    },
    {
      "from": [
        7.99,
        15.25,
        12.15
      ],
      "to": [
        8.01,
        17.25,
        14.15
      ],
      "rotation": {
        "angle": -22.5,
        "axis": "x",
        "origin": [
          8,
          15.5,
          13.25
        ]
      },
      "faces": {
        "east": {
          "uv": [
            8.33333,
            0,
            9,
            0.66667
          ],
          "texture": "#9"
        },
        "west": {
          "uv": [
            9,
            0,
            8.33333,
            0.66667
          ],
          "texture": "#9"
        }
      }
    },
    {
      "from": [
        6.725,
        7.25,
        6.725
      ],
      "to": [
        9.275,
        9.25,
        9.275
      ],
      "rotation": {
        "angle": 45,
        "axis": "y",
        "origin": [
          8,
          8.25,
          8
        ]
      },
      "faces": {
        "north": {
          "uv": [
            7,
            0,
            7.83333,
            0.66667
          ],
          "texture": "#9"
        },
        "east": {
          "uv": [
            0.66667,
            7.66667,
            1.5,
            8.33333
          ],
          "texture": "#9"
        },
        "south": {
          "uv": [
            7.66667,
            1,
            8.5,
            1.66667
          ],
          "texture": "#9"
        },
        "west": {
          "uv": [
            2,
            7.66667,
            2.83333,
            8.33333
          ],
          "texture": "#9"
        },
        "up": {
          "uv": [
            5.16667,
            7.16667,
            4.33333,
            6.33333
          ],
          "texture": "#9"
        }
      }
    },
    {
      "name": "cube inverted",
      "from": [
        9.25,
        9.25,
        9.25
      ],
      "to": [
        6.75,
        7.25,
        6.75
      ],
      "rotation": {
        "angle": 45,
        "axis": "y",
        "origin": [
          8,
          8.25,
          8
        ]
      },
      "faces": {
        "north": {
          "uv": [
            7.66667,
            2,
            8.5,
            2.66667
          ],
          "texture": "#9"
        },
        "east": {
          "uv": [
            7.66667,
            3,
            8.5,
            3.66667
          ],
          "texture": "#9"
        },
        "south": {
          "uv": [
            3.33333,
            7.66667,
            4.16667,
            8.33333
          ],
          "texture": "#9"
        },
        "west": {
          "uv": [
            7.66667,
            4,
            8.5,
            4.66667
          ],
          "texture": "#9"
        },
        "down": {
          "uv": [
            7.16667,
            4.66667,
            6.33333,
            5.5
          ],
          "texture": "#9"
        }
      }
    },
    {
      "from": [
        7.5,
        13.06153,
        4.81256
      ],
      "to": [
        8.5,
        14.06153,
        5.81256
      ],
      "rotation": {
        "angle": 22.5,
        "axis": "x",
        "origin": [
          8,
          14.56153,
          4.81256
        ]
      },
      "faces": {
        "north": {
          "uv": [
            10.66667,
            2.33333,
            11,
            2.66667
          ],
          "texture": "#9"
        },
        "east": {
          "uv": [
            10.66667,
            3,
            11,
            3.33333
          ],
          "texture": "#9"
        },
        "south": {
          "uv": [
            10.66667,
            3.66667,
            11,
            4
          ],
          "texture": "#9"
        },
        "west": {
          "uv": [
            10.66667,
            4.33333,
            11,
            4.66667
          ],
          "texture": "#9"
        },
        "up": {
          "uv": [
            5.33333,
            11,
            5,
            10.66667
          ],
          "texture": "#9"
        }
      }
    },
    {
      "from": [
        7.625,
        14.06153,
        3.56256
      ],
      "to": [
        8.375,
        14.81153,
        5.56256
      ],
      "rotation": {
        "angle": 22.5,
        "axis": "x",
        "origin": [
          8,
          14.56153,
          4.81256
        ]
      },
      "faces": {
        "north": {
          "uv": [
            7.33333,
            11.66667,
            7.58333,
            11.91667
          ],
          "texture": "#9"
        },
        "east": {
          "uv": [
            5,
            10,
            5.66667,
            10.25
          ],
          "texture": "#9"
        },
        "south": {
          "uv": [
            10.66667,
            11.66667,
            10.91667,
            11.91667
          ],
          "texture": "#9"
        },
        "west": {
          "uv": [
            10,
            5.33333,
            10.66667,
            5.58333
          ],
          "texture": "#9"
        },
        "up": {
          "uv": [
            10.25,
            6.66667,
            10,
            6
          ],
          "texture": "#9"
        },
        "down": {
          "uv": [
            7.58333,
            10,
            7.33333,
            10.66667
          ],
          "texture": "#9"
        }
      }
    },
    {
      "from": [
        7.625,
        14.81153,
        3.56256
      ],
      "to": [
        8.375,
        15.56153,
        4.31256
      ],
      "rotation": {
        "angle": 22.5,
        "axis": "x",
        "origin": [
          8,
          14.56153,
          4.81256
        ]
      },
      "faces": {
        "north": {
          "uv": [
            11.33333,
            11.66667,
            11.58333,
            11.91667
          ],
          "texture": "#9"
        },
        "east": {
          "uv": [
            0.66667,
            12,
            0.91667,
            12.25
          ],
          "texture": "#9"
        },
        "south": {
          "uv": [
            12,
            0.66667,
            12.25,
            0.91667
          ],
          "texture": "#9"
        },
        "west": {
          "uv": [
            12,
            1.33333,
            12.25,
            1.58333
          ],
          "texture": "#9"
        },
        "up": {
          "uv": [
            4.91667,
            12.25,
            4.66667,
            12
          ],
          "texture": "#9"
        }
      }
    },
    {
      "from": [
        7.625,
        15.06153,
        4.31256
      ],
      "to": [
        8.375,
        15.56153,
        4.81256
      ],
      "rotation": {
        "angle": 22.5,
        "axis": "x",
        "origin": [
          8,
          14.56153,
          4.81256
        ]
      },
      "faces": {
        "east": {
          "uv": [
            12.33333,
            4,
            12.5,
            4.16667
          ],
          "texture": "#9"
        },
        "south": {
          "uv": [
            12,
            11.66667,
            12.25,
            11.83333
          ],
          "texture": "#9"
        },
        "west": {
          "uv": [
            12.33333,
            4.66667,
            12.5,
            4.83333
          ],
          "texture": "#9"
        },
        "up": {
          "uv": [
            1.58333,
            12.5,
            1.33333,
            12.33333
          ],
          "texture": "#9"
        },
        "down": {
          "uv": [
            2.25,
            12.33333,
            2,
            12.5
          ],
          "texture": "#9"
        }
      }
    },
    {
      "from": [
        7.75,
        14,
        5
      ],
      "to": [
        8.25,
        15.25,
        8
      ],
      "rotation": {
        "angle": -45,
        "axis": "x",
        "origin": [
          7.5,
          14,
          5
        ]
      },
      "faces": {
        "north": {
          "uv": [
            10,
            11.33333,
            10.16667,
            11.75
          ],
          "texture": "#9"
        },
        "east": {
          "uv": [
            8.66667,
            5,
            9.66667,
            5.41667
          ],
          "texture": "#9"
        },
        "south": {
          "uv": [
            0,
            11.66667,
            0.16667,
            12.08333
          ],
          "texture": "#9"
        },
        "west": {
          "uv": [
            8.66667,
            6,
            9.66667,
            6.41667
          ],
          "texture": "#9"
        },
        "up": {
          "uv": [
            8.16667,
            11,
            8,
            10
          ],
          "texture": "#9"
        },
        "down": {
          "uv": [
            8.83333,
            10,
            8.66667,
            11
          ],
          "texture": "#9"
        }
      }
    },
    {
      "from": [
        7.75,
        15.25,
        7
      ],
      "to": [
        8.25,
        16.5,
        8
      ],
      "rotation": {
        "angle": -45,
        "axis": "x",
        "origin": [
          7.5,
          14,
          5
        ]
      },
      "faces": {
        "north": {
          "uv": [
            6.66667,
            11.66667,
            6.83333,
            12.08333
          ],
          "texture": "#9"
        },
        "east": {
          "uv": [
            10.33333,
            0,
            10.66667,
            0.41667
          ],
          "texture": "#9"
        },
        "south": {
          "uv": [
            11.66667,
            7,
            11.83333,
            7.41667
          ],
          "texture": "#9"
        },
        "west": {
          "uv": [
            6,
            10.33333,
            6.33333,
            10.75
          ],
          "texture": "#9"
        },
        "up": {
          "uv": [
            8.16667,
            12.33333,
            8,
            12
          ],
          "texture": "#9"
        },
        "down": {
          "uv": [
            12.16667,
            8,
            12,
            8.33333
          ],
          "texture": "#9"
        }
      }
    },
    {
      "from": [
        7.75,
        15.75,
        6.25
      ],
      "to": [
        8.25,
        16.5,
        7
      ],
      "rotation": {
        "angle": -45,
        "axis": "x",
        "origin": [
          7.5,
          14,
          5
        ]
      },
      "faces": {
        "north": {
          "uv": [
            12.33333,
            2,
            12.5,
            2.25
          ],
          "texture": "#9"
        },
        "east": {
          "uv": [
            5.33333,
            12,
            5.58333,
            12.25
          ],
          "texture": "#9"
        },
        "south": {
          "uv": [
            2.66667,
            12.33333,
            2.83333,
            12.58333
          ],
          "texture": "#9"
        },
        "west": {
          "uv": [
            6,
            12,
            6.25,
            12.25
          ],
          "texture": "#9"
        },
        "up": {
          "uv": [
            12.5,
            2.91667,
            12.33333,
            2.66667
          ],
          "texture": "#9"
        },
        "down": {
          "uv": [
            3.5,
            12.33333,
            3.33333,
            12.58333
          ],
          "texture": "#9"
        }
      }
    },
    {
      "from": [
        7.75,
        16.5,
        6.25
      ],
      "to": [
        8.25,
        17,
        6.75
      ],
      "rotation": {
        "angle": -45,
        "axis": "x",
        "origin": [
          7.5,
          14,
          5
        ]
      },
      "faces": {
        "north": {
          "uv": [
            12.33333,
            5.33333,
            12.5,
            5.5
          ],
          "texture": "#9"
        },
        "east": {
          "uv": [
            12.33333,
            6,
            12.5,
            6.16667
          ],
          "texture": "#9"
        },
        "south": {
          "uv": [
            12.33333,
            6.66667,
            12.5,
            6.83333
          ],
          "texture": "#9"
        },
        "west": {
          "uv": [
            7.33333,
            12.33333,
            7.5,
            12.5
          ],
          "texture": "#9"
        },
        "up": {
          "uv": [
            12.5,
            7.5,
            12.33333,
            7.33333
          ],
          "texture": "#9"
        },
        "down": {
          "uv": [
            12.5,
            9.33333,
            12.33333,
            9.5
          ],
          "texture": "#9"
        }
      }
    },
    {
      "from": [
        7.25,
        10.5,
        9
      ],
      "to": [
        8.75,
        12,
        11.5
      ],
      "rotation": {
        "angle": -45,
        "axis": "x",
        "origin": [
          8,
          11.25,
          10
        ]
      },
      "faces": {
        "east": {
          "uv": [
            1.5,
            8.66667,
            0.66667,
            9.16667
          ],
          "texture": "#9"
        },
        "south": {
          "uv": [
            9.5,
            2,
            9,
            2.5
          ],
          "texture": "#9"
        },
        "west": {
          "uv": [
            2.83333,
            8.66667,
            2,
            9.16667
          ],
          "texture": "#9"
        },
        "up": {
          "uv": [
            3.83333,
            8.66667,
            3.33333,
            9.5
          ],
          "texture": "#9"
        },
        "down": {
          "uv": [
            4.83333,
            9.5,
            4.33333,
            8.66667
          ],
          "texture": "#9"
        }
      }
    },
    {
      "from": [
        7.5,
        12.65301,
        10.26101
      ],
      "to": [
        8.5,
        13.65301,
        11.76101
      ],
      "rotation": {
        "angle": -22.5,
        "axis": "x",
        "origin": [
          8,
          13.41551,
          12.96101
        ]
      },
      "faces": {
        "east": {
          "uv": [
            10.5,
            1,
            10,
            1.33333
          ],
          "texture": "#9"
        },
        "south": {
          "uv": [
            7.33333,
            1,
            7,
            1.33333
          ],
          "texture": "#9"
        },
        "west": {
          "uv": [
            10.5,
            1.66667,
            10,
            2
          ],
          "texture": "#9"
        },
        "up": {
          "uv": [
            10.33333,
            2.33333,
            10,
            2.83333
          ],
          "texture": "#9"
        },
        "down": {
          "uv": [
            3.33333,
            10.5,
            3,
            10
          ],
          "texture": "#9"
        }
      }
    },
    {
      "from": [
        7.5,
        11.15301,
        10.76101
      ],
      "to": [
        8.5,
        12.65301,
        11.76101
      ],
      "rotation": {
        "angle": -22.5,
        "axis": "x",
        "origin": [
          8,
          13.41551,
          12.96101
        ]
      },
      "faces": {
        "north": {
          "uv": [
            4.66667,
            10,
            4.33333,
            10.5
          ],
          "texture": "#9"
        },
        "east": {
          "uv": [
            4,
            10,
            3.66667,
            10.5
          ],
          "texture": "#9"
        },
        "south": {
          "uv": [
            10.33333,
            3.33333,
            10,
            3.83333
          ],
          "texture": "#9"
        },
        "west": {
          "uv": [
            10.33333,
            4.33333,
            10,
            4.83333
          ],
          "texture": "#9"
        },
        "down": {
          "uv": [
            10.66667,
            8.66667,
            10.33333,
            8.33333
          ],
          "texture": "#9"
        }
      }
    },
    {
      "from": [
        7.5,
        11.15301,
        11.76101
      ],
      "to": [
        8.5,
        12.15301,
        13.51101
      ],
      "rotation": {
        "angle": -22.5,
        "axis": "x",
        "origin": [
          8,
          13.41551,
          12.96101
        ]
      },
      "faces": {
        "east": {
          "uv": [
            2.58333,
            9.66667,
            2,
            10
          ],
          "texture": "#9"
        },
        "south": {
          "uv": [
            10.66667,
            9,
            10.33333,
            9.33333
          ],
          "texture": "#9"
        },
        "west": {
          "uv": [
            6.91667,
            9.66667,
            6.33333,
            10
          ],
          "texture": "#9"
        },
        "up": {
          "uv": [
            10,
            7,
            9.66667,
            7.58333
          ],
          "texture": "#9"
        },
        "down": {
          "uv": [
            10,
            8.58333,
            9.66667,
            8
          ],
          "texture": "#9"
        }
      }
    },
    {
      "from": [
        7.625,
        12.15301,
        12.76101
      ],
      "to": [
        8.375,
        13.15301,
        13.51101
      ],
      "rotation": {
        "angle": -22.5,
        "axis": "x",
        "origin": [
          8,
          13.41551,
          12.96101
        ]
      },
      "faces": {
        "north": {
          "uv": [
            7.58333,
            11,
            7.33333,
            11.33333
          ],
          "texture": "#9"
        },
        "east": {
          "uv": [
            11.25,
            7,
            11,
            7.33333
          ],
          "texture": "#9"
        },
        "south": {
          "uv": [
            11.25,
            5,
            11,
            5.33333
          ],
          "texture": "#9"
        },
        "west": {
          "uv": [
            11.25,
            7.66667,
            11,
            8
          ],
          "texture": "#9"
        },
        "up": {
          "uv": [
            11.91667,
            5,
            11.66667,
            5.25
          ],
          "texture": "#9"
        }
      }
    },
    {
      "from": [
        7.625,
        12.65301,
        12.26101
      ],
      "to": [
        8.375,
        13.15301,
        12.76101
      ],
      "rotation": {
        "angle": -22.5,
        "axis": "x",
        "origin": [
          8,
          13.41551,
          12.96101
        ]
      },
      "faces": {
        "north": {
          "uv": [
            8.91667,
            12,
            8.66667,
            12.16667
          ],
          "texture": "#9"
        },
        "east": {
          "uv": [
            12.5,
            3.33333,
            12.33333,
            3.5
          ],
          "texture": "#9"
        },
        "west": {
          "uv": [
            4.16667,
            12.33333,
            4,
            12.5
          ],
          "texture": "#9"
        },
        "up": {
          "uv": [
            12.25,
            8.66667,
            12,
            8.83333
          ],
          "texture": "#9"
        },
        "down": {
          "uv": [
            9.58333,
            12.16667,
            9.33333,
            12
          ],
          "texture": "#9"
        }
      }
    },
    {
      "from": [
        7.5,
        13.06153,
        10.18744
      ],
      "to": [
        8.5,
        14.06153,
        11.18744
      ],
      "rotation": {
        "angle": -22.5,
        "axis": "x",
        "origin": [
          8,
          14.56153,
          11.18744
        ]
      },
      "faces": {
        "north": {
          "uv": [
            11,
            3.66667,
            10.66667,
            4
          ],
          "texture": "#9"
        },
        "east": {
          "uv": [
            11,
            3,
            10.66667,
            3.33333
          ],
          "texture": "#9"
        },
        "south": {
          "uv": [
            11,
            2.33333,
            10.66667,
            2.66667
          ],
          "texture": "#9"
        },
        "west": {
          "uv": [
            11,
            4.33333,
            10.66667,
            4.66667
          ],
          "texture": "#9"
        },
        "up": {
          "uv": [
            5.33333,
            10.66667,
            5,
            11
          ],
          "texture": "#9"
        }
      }
    },
    {
      "from": [
        7.625,
        14.06153,
        10.43744
      ],
      "to": [
        8.375,
        14.81153,
        12.43744
      ],
      "rotation": {
        "angle": -22.5,
        "axis": "x",
        "origin": [
          8,
          14.56153,
          11.18744
        ]
      },
      "faces": {
        "north": {
          "uv": [
            10.91667,
            11.66667,
            10.66667,
            11.91667
          ],
          "texture": "#9"
        },
        "east": {
          "uv": [
            5.66667,
            10,
            5,
            10.25
          ],
          "texture": "#9"
        },
        "south": {
          "uv": [
            7.58333,
            11.66667,
            7.33333,
            11.91667
          ],
          "texture": "#9"
        },
        "west": {
          "uv": [
            10.66667,
            5.33333,
            10,
            5.58333
          ],
          "texture": "#9"
        },
        "up": {
          "uv": [
            10.25,
            6,
            10,
            6.66667
          ],
          "texture": "#9"
        },
        "down": {
          "uv": [
            7.58333,
            10.66667,
            7.33333,
            10
          ],
          "texture": "#9"
        }
      }
    },
    {
      "from": [
        7.625,
        14.81153,
        11.68744
      ],
      "to": [
        8.375,
        15.56153,
        12.43744
      ],
      "rotation": {
        "angle": -22.5,
        "axis": "x",
        "origin": [
          8,
          14.56153,
          11.18744
        ]
      },
      "faces": {
        "north": {
          "uv": [
            12.25,
            0.66667,
            12,
            0.91667
          ],
          "texture": "#9"
        },
        "east": {
          "uv": [
            0.91667,
            12,
            0.66667,
            12.25
          ],
          "texture": "#9"
        },
        "south": {
          "uv": [
            11.58333,
            11.66667,
            11.33333,
            11.91667
          ],
          "texture": "#9"
        },
        "west": {
          "uv": [
            12.25,
            1.33333,
            12,
            1.58333
          ],
          "texture": "#9"
        },
        "up": {
          "uv": [
            4.91667,
            12,
            4.66667,
            12.25
          ],
          "texture": "#9"
        }
      }
    },
    {
      "from": [
        7.625,
        15.06153,
        11.18744
      ],
      "to": [
        8.375,
        15.56153,
        11.68744
      ],
      "rotation": {
        "angle": -22.5,
        "axis": "x",
        "origin": [
          8,
          14.56153,
          11.18744
        ]
      },
      "faces": {
        "north": {
          "uv": [
            12.25,
            11.66667,
            12,
            11.83333
          ],
          "texture": "#9"
        },
        "east": {
          "uv": [
            12.5,
            4,
            12.33333,
            4.16667
          ],
          "texture": "#9"
        },
        "west": {
          "uv": [
            12.5,
            4.66667,
            12.33333,
            4.83333
          ],
          "texture": "#9"
        },
        "up": {
          "uv": [
            1.58333,
            12.33333,
            1.33333,
            12.5
          ],
          "texture": "#9"
        },
        "down": {
          "uv": [
            2.25,
            12.5,
            2,
            12.33333
          ],
          "texture": "#9"
        }
      }
    },
    {
      "from": [
        7.99,
        9.25,
        11.5
      ],
      "to": [
        8.01,
        10.75,
        13
      ],
      "rotation": {
        "angle": 22.5,
        "axis": "x",
        "origin": [
          7.995,
          10,
          12.25
        ]
      },
      "faces": {
        "east": {
          "uv": [
            9.33333,
            9,
            9.83333,
            9.5
          ],
          "texture": "#9"
        },
        "west": {
          "uv": [
            9.83333,
            9,
            9.33333,
            9.5
          ],
          "texture": "#9"
        }
      }
    },
    {
      "from": [
        7.75,
        14,
        8
      ],
      "to": [
        8.25,
        15.25,
        11
      ],
      "rotation": {
        "angle": 45,
        "axis": "x",
        "origin": [
          7.5,
          14,
          11
        ]
      },
      "faces": {
        "north": {
          "uv": [
            0.16667,
            11.66667,
            0,
            12.08333
          ],
          "texture": "#9"
        },
        "east": {
          "uv": [
            9.66667,
            5,
            8.66667,
            5.41667
          ],
          "texture": "#9"
        },
        "south": {
          "uv": [
            10.16667,
            11.33333,
            10,
            11.75
          ],
          "texture": "#9"
        },
        "west": {
          "uv": [
            9.66667,
            6,
            8.66667,
            6.41667
          ],
          "texture": "#9"
        },
        "up": {
          "uv": [
            8.16667,
            10,
            8,
            11
          ],
          "texture": "#9"
        },
        "down": {
          "uv": [
            8.83333,
            11,
            8.66667,
            10
          ],
          "texture": "#9"
        }
      }
    },
    {
      "from": [
        7.75,
        15.25,
        8
      ],
      "to": [
        8.25,
        16.5,
        9
      ],
      "rotation": {
        "angle": 45,
        "axis": "x",
        "origin": [
          7.5,
          14,
          11
        ]
      },
      "faces": {
        "north": {
          "uv": [
            11.83333,
            7,
            11.66667,
            7.41667
          ],
          "texture": "#9"
        },
        "east": {
          "uv": [
            10.66667,
            0,
            10.33333,
            0.41667
          ],
          "texture": "#9"
        },
        "south": {
          "uv": [
            6.83333,
            11.66667,
            6.66667,
            12.08333
          ],
          "texture": "#9"
        },
        "west": {
          "uv": [
            6.33333,
            10.33333,
            6,
            10.75
          ],
          "texture": "#9"
        },
        "up": {
          "uv": [
            8.16667,
            12,
            8,
            12.33333
          ],
          "texture": "#9"
        },
        "down": {
          "uv": [
            12.16667,
            8.33333,
            12,
            8
          ],
          "texture": "#9"
        }
      }
    },
    {
      "from": [
        7.75,
        15.75,
        9
      ],
      "to": [
        8.25,
        16.5,
        9.75
      ],
      "rotation": {
        "angle": 45,
        "axis": "x",
        "origin": [
          7.5,
          14,
          11
        ]
      },
      "faces": {
        "north": {
          "uv": [
            2.83333,
            12.33333,
            2.66667,
            12.58333
          ],
          "texture": "#9"
        },
        "east": {
          "uv": [
            5.58333,
            12,
            5.33333,
            12.25
          ],
          "texture": "#9"
        },
        "south": {
          "uv": [
            12.5,
            2,
            12.33333,
            2.25
          ],
          "texture": "#9"
        },
        "west": {
          "uv": [
            6.25,
            12,
            6,
            12.25
          ],
          "texture": "#9"
        },
        "up": {
          "uv": [
            12.5,
            2.66667,
            12.33333,
            2.91667
          ],
          "texture": "#9"
        },
        "down": {
          "uv": [
            3.5,
            12.58333,
            3.33333,
            12.33333
          ],
          "texture": "#9"
        }
      }
    },
    {
      "from": [
        7.75,
        16.5,
        9.25
      ],
      "to": [
        8.25,
        17,
        9.75
      ],
      "rotation": {
        "angle": 45,
        "axis": "x",
        "origin": [
          7.5,
          14,
          11
        ]
      },
      "faces": {
        "north": {
          "uv": [
            12.5,
            6.66667,
            12.33333,
            6.83333
          ],
          "texture": "#9"
        },
        "east": {
          "uv": [
            12.5,
            6,
            12.33333,
            6.16667
          ],
          "texture": "#9"
        },
        "south": {
          "uv": [
            12.5,
            5.33333,
            12.33333,
            5.5
          ],
          "texture": "#9"
        },
        "west": {
          "uv": [
            7.5,
            12.33333,
            7.33333,
            12.5
          ],
          "texture": "#9"
        },
        "up": {
          "uv": [
            12.5,
            7.33333,
            12.33333,
            7.5
          ],
          "texture": "#9"
        },
        "down": {
          "uv": [
            12.5,
            9.5,
            12.33333,
            9.33333
          ],
          "texture": "#9"
        }
      }
    },
    {
      "from": [
        7.7535,
        14,
        8
      ],
      "to": [
        8.2465,
        17,
        11
      ],
      "rotation": {
        "angle": -45,
        "axis": "x",
        "origin": [
          7.5035,
          14,
          8
        ]
      },
      "faces": {
        "north": {
          "uv": [
            9.33333,
            10,
            9.5,
            11
          ],
          "texture": "#9"
        },
        "east": {
          "uv": [
            3,
            6.33333,
            4,
            7.33333
          ],
          "texture": "#9"
        },
        "south": {
          "uv": [
            10,
            10,
            10.16667,
            11
          ],
          "texture": "#9"
        },
        "west": {
          "uv": [
            6.33333,
            3.33333,
            7.33333,
            4.33333
          ],
          "texture": "#9"
        },
        "up": {
          "uv": [
            0.16667,
            11.33333,
            0,
            10.33333
          ],
          "texture": "#9"
        },
        "down": {
          "uv": [
            2.16667,
            10.33333,
            2,
            11.33333
          ],
          "texture": "#9"
        }
      }
    },
    {
      "from": [
        7.7585,
        16.37132,
        6.75
      ],
      "to": [
        8.2415,
        20.37132,
        9.25
      ],
      "rotation": {
        "angle": 0,
        "axis": "x",
        "origin": [
          8.005,
          17.87132,
          8
        ]
      },
      "faces": {
        "north": {
          "uv": [
            0.66667,
            9.66667,
            0.83333,
            11
          ],
          "texture": "#9"
        },
        "east": {
          "uv": [
            1.66667,
            6,
            2.5,
            7.33333
          ],
          "texture": "#9"
        },
        "south": {
          "uv": [
            1.33333,
            9.66667,
            1.5,
            11
          ],
          "texture": "#9"
        },
        "west": {
          "uv": [
            6.33333,
            1.66667,
            7.16667,
            3
          ],
          "texture": "#9"
        },
        "up": {
          "uv": [
            6.83333,
            11.16667,
            6.66667,
            10.33333
          ],
          "texture": "#9"
        },
        "down": {
          "uv": [
            10.5,
            7,
            10.33333,
            7.83333
          ],
          "texture": "#9"
        }
      }
    },
    {
      "from": [
        7.7535,
        19.63397,
        6.75
      ],
      "to": [
        8.2465,
        21.40897,
        8.525
      ],
      "rotation": {
        "angle": -45,
        "axis": "x",
        "origin": [
          7.995,
          20.88397,
          8
        ]
      },
      "faces": {
        "north": {
          "uv": [
            10.66667,
            6,
            10.83333,
            6.58333
          ],
          "texture": "#9"
        },
        "east": {
          "uv": [
            6.33333,
            8.66667,
            6.91667,
            9.25
          ],
          "texture": "#9"
        },
        "south": {
          "uv": [
            10.66667,
            9.66667,
            10.83333,
            10.25
          ],
          "texture": "#9"
        },
        "west": {
          "uv": [
            8.66667,
            7,
            9.25,
            7.58333
          ],
          "texture": "#9"
        },
        "up": {
          "uv": [
            10.83333,
            11.25,
            10.66667,
            10.66667
          ],
          "texture": "#9"
        },
        "down": {
          "uv": [
            11.16667,
            0,
            11,
            0.58333
          ],
          "texture": "#9"
        }
      }
    },
    {
      "from": [
        7.995,
        16.5,
        5.25
      ],
      "to": [
        8.005,
        24.5,
        10.75
      ],
      "rotation": {
        "angle": 0,
        "axis": "y",
        "origin": [
          6.995,
          16.5,
          5.5
        ]
      },
      "faces": {
        "east": {
          "uv": [
            4.83333,
            0,
            3,
            2.66667
          ],
          "texture": "#9"
        },
        "west": {
          "uv": [
            3,
            0,
            4.83333,
            2.66667
          ],
          "texture": "#9"
        }
      }
    }
  ],
  "gui_light": "front",
  "display": {
    "thirdperson_righthand": {
      "translation": [
        0,
        2.75,
        1
      ]
    },
    "thirdperson_lefthand": {
      "rotation": [
        0,
        -180,
        0
      ],
      "translation": [
        0,
        2.75,
        1
      ]
    },
    "firstperson_righthand": {
      "rotation": [
        5,
        0,
        0
      ],
      "translation": [
        0.5,
        2.75,
        2
      ],
      "scale": [
        0.7,
        0.7,
        0.7
      ]
    },
    "firstperson_lefthand": {
      "rotation": [
        5,
        -180,
        0
      ],
      "translation": [
        0.5,
        2.75,
        2
      ],
      "scale": [
        0.7,
        0.7,
        0.7
      ]
    },
    "ground": {
      "rotation": [
        45,
        0,
        0
      ],
      "translation": [
        0,
        5,
        0
      ],
      "scale": [
        0.7,
        0.7,
        0.7
      ]
    },
    "gui": {
      "rotation": [
        -90,
        135,
        90
      ],
      "translation": [
        -1.5,
        -1.5,
        0
      ],
      "scale": [
        0.8,
        0.8,
        0.8
      ]
    },
    "head": {
      "rotation": [
        0,
        -90,
        0
      ]
    },
    "fixed": {
      "rotation": [
        0,
        -90,
        0
      ],
      "translation": [
        0,
        0,
        -2.25
      ],
      "scale": [
        2,
        2,
        2
      ]
    }
  },
  "groups": [
    {
      "name": "shovel",
      "origin": [
        7,
        -2,
        7
      ],
      "color": 0,
      "children": [
        0,
        1,
        2,
        3,
        4,
        5,
        6,
        7,
        8,
        9,
        10,
        11,
        12,
        13,
        14,
        15,
        16,
        {
          "name": "pumpkin_ef2_long",
          "origin": [
            8,
            -2.5,
            8
          ],
          "color": 0,
          "children": [
            17,
            18
          ]
        },
        {
          "name": "pumpkin_ef3_long",
          "origin": [
            5.75,
            6.5,
            6.5
          ],
          "color": 0,
          "children": [
            19,
            20,
            21
          ]
        },
        {
          "name": "animated_4",
          "origin": [
            7.9985,
            7,
            16
          ],
          "color": 0,
          "children": [
            22,
            23
          ]
        },
        24,
        25,
        26,
        27,
        28,
        29,
        30,
        31,
        32,
        33,
        34,
        35,
        36,
        37,
        38,
        39,
        40,
        41,
        42,
        43,
        44,
        45,
        46,
        47,
        48,
        49,
        50,
        51,
        52,
        53,
        54,
        55,
        56,
        57
      ]
    }
  ],
  "mcmodels": "6d5fd49dafb9a0bad7df1b85762efc6a"
}