{
  "format_version": "1.9.0",
  "credit": "Pologony Creation Co.,Ltd.",
  "textures": {
    "1": "item/pumpkin/pumpkin_ef4_long",
    "2": "item/pumpkin/pumpkin_ef5_long",
    "3": "item/pumpkin/pumpkin_ef6_long",
    "7": "item/pumpkin/pumpkin_bow",
    "particle": "item/pumpkin/pumpkin_ef4_long"
  },
  "elements": [
    {
      "from": [
        7,
        2.875,
        7
      ],
      "to": [
        9,
        4.875,
        9
      ],
      "rotation": {
        "angle": 0,
        "axis": "y",
        "origin": [
          8,
          -0.375,
          8
        ]
      },
      "faces": {
        "north": {
          "uv": [
            10,
            3.2,
            10.8,
            4
          ],
          "texture": "#7"
        },
        "east": {
          "uv": [
            10,
            4.4,
            10.8,
            5.2
          ],
          "texture": "#7"
        },
        "south": {
          "uv": [
            10,
            8,
            10.8,
            8.8
          ],
          "texture": "#7"
        },
        "west": {
          "uv": [
            0,
            10.4,
            0.8,
            11.2
          ],
          "texture": "#7"
        },
        "up": {
          "uv": [
            2,
            11.2,
            1.2,
            10.4
          ],
          "texture": "#7"
        },
        "down": {
          "uv": [
            3.2,
            10.4,
            2.4,
            11.2
          ],
          "texture": "#7"
        }
      }
    },
    {
      "from": [
        7.25,
        4.875,
        7.25
      ],
      "to": [
        8.75,
        5.375,
        8.75
      ],
      "rotation": {
        "angle": 45,
        "axis": "y",
        "origin": [
          8,
          5.125,
          8
        ]
      },
      "faces": {
        "north": {
          "uv": [
            4.4,
            13.6,
            5,
            13.8
          ],
          "texture": "#7"
        },
        "east": {
          "uv": [
            13.6,
            4.8,
            14.2,
            5
          ],
          "texture": "#7"
        },
        "south": {
          "uv": [
            13.6,
            6.8,
            14.2,
            7
          ],
          "texture": "#7"
        },
        "west": {
          "uv": [
            7.6,
            13.6,
            8.2,
            13.8
          ],
          "texture": "#7"
        },
        "up": {
          "uv": [
            11.8,
            9,
            11.2,
            8.4
          ],
          "texture": "#7"
        },
        "down": {
          "uv": [
            11.8,
            9.6,
            11.2,
            10.2
          ],
          "texture": "#7"
        }
      }
    },
    {
      "from": [
        7.5,
        5.375,
        7.42678
      ],
      "to": [
        8.75,
        5.875,
        8.67678
      ],
      "rotation": {
        "angle": 45,
        "axis": "y",
        "origin": [
          8,
          5.625,
          8.17678
        ]
      },
      "faces": {
        "north": {
          "uv": [
            8.8,
            14,
            9.3,
            14.2
          ],
          "texture": "#7"
        },
        "east": {
          "uv": [
            14,
            10,
            14.5,
            10.2
          ],
          "texture": "#7"
        },
        "south": {
          "uv": [
            10.8,
            14,
            11.3,
            14.2
          ],
          "texture": "#7"
        },
        "west": {
          "uv": [
            14,
            13.6,
            14.5,
            13.8
          ],
          "texture": "#7"
        }
      }
    },
    {
      "from": [
        7.5,
        6.375,
        7.5
      ],
      "to": [
        8.5,
        9.625,
        8.5
      ],
      "rotation": {
        "angle": 45,
        "axis": "y",
        "origin": [
          8,
          6.625,
          8
        ]
      },
      "faces": {
        "north": {
          "uv": [
            9.2,
            10.8,
            9.6,
            12.1
          ],
          "texture": "#7"
        },
        "east": {
          "uv": [
            10,
            10.8,
            10.4,
            12.1
          ],
          "texture": "#7"
        },
        "south": {
          "uv": [
            10.8,
            10.8,
            11.2,
            12.1
          ],
          "texture": "#7"
        },
        "west": {
          "uv": [
            11.2,
            0,
            11.6,
            1.3
          ],
          "texture": "#7"
        }
      }
    },
    {
      "from": [
        7.5,
        10.125,
        7.42678
      ],
      "to": [
        8.75,
        10.625,
        8.67678
      ],
      "rotation": {
        "angle": 45,
        "axis": "y",
        "origin": [
          8,
          10.375,
          8.17678
        ]
      },
      "faces": {
        "north": {
          "uv": [
            14.4,
            0.8,
            14.9,
            1
          ],
          "texture": "#7"
        },
        "east": {
          "uv": [
            3.6,
            14.4,
            4.1,
            14.6
          ],
          "texture": "#7"
        },
        "south": {
          "uv": [
            14.4,
            3.6,
            14.9,
            3.8
          ],
          "texture": "#7"
        },
        "west": {
          "uv": [
            6.8,
            14.4,
            7.3,
            14.6
          ],
          "texture": "#7"
        }
      }
    },
    {
      "from": [
        6.5,
        11.125,
        6.5
      ],
      "to": [
        9.5,
        14.125,
        9.5
      ],
      "rotation": {
        "angle": 0,
        "axis": "y",
        "origin": [
          8,
          8,
          6.8775
        ]
      },
      "faces": {
        "north": {
          "uv": [
            8.4,
            8,
            9.6,
            9.2
          ],
          "texture": "#7"
        },
        "east": {
          "uv": [
            0,
            8.8,
            1.2,
            10
          ],
          "texture": "#7"
        },
        "south": {
          "uv": [
            1.6,
            8.8,
            2.8,
            10
          ],
          "texture": "#7"
        },
        "west": {
          "uv": [
            3.2,
            8.8,
            4.4,
            10
          ],
          "texture": "#7"
        },
        "up": {
          "uv": [
            6,
            10,
            4.8,
            8.8
          ],
          "texture": "#7"
        },
        "down": {
          "uv": [
            7.6,
            8.8,
            6.4,
            10
          ],
          "texture": "#7"
        }
      }
    },
    {
      "from": [
        5.71821,
        10.875,
        6.03387
      ],
      "to": [
        5.72821,
        14.375,
        7.53387
      ],
      "light_emission": 15,
      "rotation": {
        "angle": -45,
        "axis": "y",
        "origin": [
          5.72321,
          12.625,
          6.78387
        ]
      },
      "faces": {
        "east": {
          "uv": [
            13,
            0,
            10,
            7
          ],
          "texture": "#2"
        },
        "west": {
          "uv": [
            10,
            0,
            13,
            7
          ],
          "texture": "#2"
        }
      }
    },
    {
      "from": [
        6.25,
        10.875,
        6.25
      ],
      "to": [
        9.75,
        14.375,
        6.26
      ],
      "light_emission": 15,
      "rotation": {
        "angle": 0,
        "axis": "y",
        "origin": [
          8,
          8,
          6.8775
        ]
      },
      "faces": {
        "north": {
          "uv": [
            3,
            0,
            10,
            7
          ],
          "texture": "#2"
        },
        "south": {
          "uv": [
            10,
            0,
            3,
            7
          ],
          "texture": "#2"
        }
      }
    },
    {
      "from": [
        10.27179,
        10.875,
        6.03387
      ],
      "to": [
        10.28179,
        14.375,
        7.53387
      ],
      "light_emission": 15,
      "rotation": {
        "angle": 45,
        "axis": "y",
        "origin": [
          10.27679,
          12.625,
          6.78387
        ]
      },
      "faces": {
        "east": {
          "uv": [
            0,
            0,
            3,
            7
          ],
          "texture": "#2"
        },
        "west": {
          "uv": [
            3,
            0,
            0,
            7
          ],
          "texture": "#2"
        }
      }
    },
    {
      "from": [
        7.25,
        17.25,
        7.25
      ],
      "to": [
        8.75,
        18.75,
        9.75
      ],
      "rotation": {
        "angle": -45,
        "axis": "x",
        "origin": [
          8,
          18,
          8.25
        ]
      },
      "faces": {
        "east": {
          "uv": [
            4.8,
            10.4,
            5.8,
            11
          ],
          "texture": "#7"
        },
        "south": {
          "uv": [
            0,
            11.6,
            0.6,
            12.2
          ],
          "texture": "#7"
        },
        "west": {
          "uv": [
            6.4,
            10.4,
            7.4,
            11
          ],
          "texture": "#7"
        },
        "up": {
          "uv": [
            11.4,
            6.6,
            10.8,
            5.6
          ],
          "texture": "#7"
        },
        "down": {
          "uv": [
            8.6,
            10.8,
            8,
            11.8
          ],
          "texture": "#7"
        }
      }
    },
    {
      "from": [
        7.25,
        15.73223,
        6.79289
      ],
      "to": [
        8.75,
        17.73223,
        8.29289
      ],
      "rotation": {
        "angle": -45,
        "axis": "x",
        "origin": [
          8,
          16.23223,
          7.54289
        ]
      },
      "faces": {
        "north": {
          "uv": [
            11.2,
            2,
            11.8,
            2.8
          ],
          "texture": "#7"
        },
        "east": {
          "uv": [
            11.2,
            3.2,
            11.8,
            4
          ],
          "texture": "#7"
        },
        "south": {
          "uv": [
            11.2,
            4.4,
            11.8,
            5.2
          ],
          "texture": "#7"
        },
        "west": {
          "uv": [
            11.2,
            7.2,
            11.8,
            8
          ],
          "texture": "#7"
        },
        "up": {
          "uv": [
            12.6,
            6.2,
            12,
            5.6
          ],
          "texture": "#7"
        },
        "down": {
          "uv": [
            12.2,
            12,
            11.6,
            12.6
          ],
          "texture": "#7"
        }
      }
    },
    {
      "from": [
        7.5,
        14.75996,
        5.3724
      ],
      "to": [
        8.5,
        15.75996,
        7.6224
      ],
      "rotation": {
        "angle": 45,
        "axis": "x",
        "origin": [
          8,
          15.25996,
          6.7474
        ]
      },
      "faces": {
        "north": {
          "uv": [
            3.6,
            13.6,
            4,
            14
          ],
          "texture": "#7"
        },
        "east": {
          "uv": [
            12,
            1.2,
            12.9,
            1.6
          ],
          "texture": "#7"
        },
        "south": {
          "uv": [
            13.6,
            4,
            14,
            4.4
          ],
          "texture": "#7"
        },
        "west": {
          "uv": [
            12.4,
            2,
            13.3,
            2.4
          ],
          "texture": "#7"
        },
        "up": {
          "uv": [
            7.6,
            12.5,
            7.2,
            11.6
          ],
          "texture": "#7"
        },
        "down": {
          "uv": [
            12.8,
            2.8,
            12.4,
            3.7
          ],
          "texture": "#7"
        }
      }
    },
    {
      "from": [
        7.25,
        14.50996,
        7.6224
      ],
      "to": [
        8.75,
        16.00996,
        9.1224
      ],
      "rotation": {
        "angle": 45,
        "axis": "x",
        "origin": [
          8,
          15.25996,
          6.7474
        ]
      },
      "faces": {
        "north": {
          "uv": [
            12.4,
            4.4,
            13,
            5
          ],
          "texture": "#7"
        },
        "east": {
          "uv": [
            12.4,
            6.8,
            13,
            7.4
          ],
          "texture": "#7"
        },
        "south": {
          "uv": [
            8,
            12.4,
            8.6,
            13
          ],
          "texture": "#7"
        },
        "west": {
          "uv": [
            12.4,
            8,
            13,
            8.6
          ],
          "texture": "#7"
        },
        "up": {
          "uv": [
            13,
            9.8,
            12.4,
            9.2
          ],
          "texture": "#7"
        },
        "down": {
          "uv": [
            0.6,
            12.8,
            0,
            13.4
          ],
          "texture": "#7"
        }
      }
    },
    {
      "from": [
        7.5,
        19.40301,
        8.76101
      ],
      "to": [
        8.5,
        20.40301,
        10.76101
      ],
      "rotation": {
        "angle": -22.5,
        "axis": "x",
        "origin": [
          8,
          20.16551,
          11.21101
        ]
      },
      "faces": {
        "east": {
          "uv": [
            3.6,
            12.8,
            4.4,
            13.2
          ],
          "texture": "#7"
        },
        "south": {
          "uv": [
            11.2,
            13.2,
            11.6,
            13.6
          ],
          "texture": "#7"
        },
        "west": {
          "uv": [
            4.8,
            12.8,
            5.6,
            13.2
          ],
          "texture": "#7"
        },
        "up": {
          "uv": [
            6.4,
            13.6,
            6,
            12.8
          ],
          "texture": "#7"
        },
        "down": {
          "uv": [
            9.6,
            12.8,
            9.2,
            13.6
          ],
          "texture": "#7"
        }
      }
    },
    {
      "from": [
        7.5,
        17.90301,
        9.76101
      ],
      "to": [
        8.5,
        19.40301,
        10.76101
      ],
      "rotation": {
        "angle": -22.5,
        "axis": "x",
        "origin": [
          8,
          20.16551,
          11.21101
        ]
      },
      "faces": {
        "north": {
          "uv": [
            13.2,
            0,
            13.6,
            0.6
          ],
          "texture": "#7"
        },
        "east": {
          "uv": [
            13.2,
            2.8,
            13.6,
            3.4
          ],
          "texture": "#7"
        },
        "south": {
          "uv": [
            13.2,
            5.6,
            13.6,
            6.2
          ],
          "texture": "#7"
        },
        "west": {
          "uv": [
            6.8,
            13.2,
            7.2,
            13.8
          ],
          "texture": "#7"
        },
        "down": {
          "uv": [
            12.4,
            13.2,
            12,
            13.6
          ],
          "texture": "#7"
        }
      }
    },
    {
      "from": [
        7.5,
        17.90301,
        10.76101
      ],
      "to": [
        8.5,
        18.90301,
        12.51101
      ],
      "rotation": {
        "angle": -22.5,
        "axis": "x",
        "origin": [
          8,
          20.16551,
          11.21101
        ]
      },
      "faces": {
        "east": {
          "uv": [
            10,
            12.8,
            10.7,
            13.2
          ],
          "texture": "#7"
        },
        "south": {
          "uv": [
            13.6,
            1.2,
            14,
            1.6
          ],
          "texture": "#7"
        },
        "west": {
          "uv": [
            12.8,
            10.4,
            13.5,
            10.8
          ],
          "texture": "#7"
        },
        "up": {
          "uv": [
            13.2,
            11.9,
            12.8,
            11.2
          ],
          "texture": "#7"
        },
        "down": {
          "uv": [
            13.2,
            12.4,
            12.8,
            13.1
          ],
          "texture": "#7"
        }
      }
    },
    {
      "from": [
        7.625,
        18.90301,
        11.76101
      ],
      "to": [
        8.375,
        19.90301,
        12.51101
      ],
      "rotation": {
        "angle": -22.5,
        "axis": "x",
        "origin": [
          8,
          20.16551,
          11.21101
        ]
      },
      "faces": {
        "north": {
          "uv": [
            13.6,
            7.6,
            13.9,
            8
          ],
          "texture": "#7"
        },
        "east": {
          "uv": [
            13.6,
            8.4,
            13.9,
            8.8
          ],
          "texture": "#7"
        },
        "south": {
          "uv": [
            13.6,
            9.2,
            13.9,
            9.6
          ],
          "texture": "#7"
        },
        "west": {
          "uv": [
            10,
            13.6,
            10.3,
            14
          ],
          "texture": "#7"
        },
        "up": {
          "uv": [
            12.3,
            14.3,
            12,
            14
          ],
          "texture": "#7"
        }
      }
    },
    {
      "from": [
        7.625,
        19.40301,
        11.26101
      ],
      "to": [
        8.375,
        19.90301,
        11.76101
      ],
      "rotation": {
        "angle": -22.5,
        "axis": "x",
        "origin": [
          8,
          20.16551,
          11.21101
        ]
      },
      "faces": {
        "north": {
          "uv": [
            4.8,
            14.4,
            5.1,
            14.6
          ],
          "texture": "#7"
        },
        "east": {
          "uv": [
            14.4,
            8.4,
            14.6,
            8.6
          ],
          "texture": "#7"
        },
        "west": {
          "uv": [
            14.4,
            9.2,
            14.6,
            9.4
          ],
          "texture": "#7"
        },
        "up": {
          "uv": [
            14.7,
            7.8,
            14.4,
            7.6
          ],
          "texture": "#7"
        },
        "down": {
          "uv": [
            8.3,
            14.4,
            8,
            14.6
          ],
          "texture": "#7"
        }
      }
    },
    {
      "from": [
        7.25,
        5.875,
        7.25
      ],
      "to": [
        8.75,
        6.375,
        8.75
      ],
      "rotation": {
        "angle": 45,
        "axis": "y",
        "origin": [
          8,
          6.125,
          8
        ]
      },
      "faces": {
        "north": {
          "uv": [
            13.6,
            11.2,
            14.2,
            11.4
          ],
          "texture": "#7"
        },
        "east": {
          "uv": [
            13.6,
            12,
            14.2,
            12.2
          ],
          "texture": "#7"
        },
        "south": {
          "uv": [
            12.8,
            13.6,
            13.4,
            13.8
          ],
          "texture": "#7"
        },
        "west": {
          "uv": [
            13.6,
            12.8,
            14.2,
            13
          ],
          "texture": "#7"
        },
        "up": {
          "uv": [
            1.8,
            12.2,
            1.2,
            11.6
          ],
          "texture": "#7"
        },
        "down": {
          "uv": [
            3,
            11.6,
            2.4,
            12.2
          ],
          "texture": "#7"
        }
      }
    },
    {
      "from": [
        7.25,
        9.625,
        7.25
      ],
      "to": [
        8.75,
        10.125,
        8.75
      ],
      "rotation": {
        "angle": 45,
        "axis": "y",
        "origin": [
          8,
          9.875,
          8
        ]
      },
      "faces": {
        "north": {
          "uv": [
            0,
            14,
            0.6,
            14.2
          ],
          "texture": "#7"
        },
        "east": {
          "uv": [
            14,
            0,
            14.6,
            0.2
          ],
          "texture": "#7"
        },
        "south": {
          "uv": [
            1.2,
            14,
            1.8,
            14.2
          ],
          "texture": "#7"
        },
        "west": {
          "uv": [
            14,
            2,
            14.6,
            2.2
          ],
          "texture": "#7"
        },
        "up": {
          "uv": [
            4.2,
            12.2,
            3.6,
            11.6
          ],
          "texture": "#7"
        },
        "down": {
          "uv": [
            5.4,
            11.6,
            4.8,
            12.2
          ],
          "texture": "#7"
        }
      }
    },
    {
      "from": [
        7.25,
        10.625,
        7.25
      ],
      "to": [
        8.75,
        11.125,
        8.75
      ],
      "rotation": {
        "angle": 45,
        "axis": "y",
        "origin": [
          8,
          10.875,
          8
        ]
      },
      "faces": {
        "north": {
          "uv": [
            2.4,
            14,
            3,
            14.2
          ],
          "texture": "#7"
        },
        "east": {
          "uv": [
            14,
            2.8,
            14.6,
            3
          ],
          "texture": "#7"
        },
        "south": {
          "uv": [
            5.6,
            14,
            6.2,
            14.2
          ],
          "texture": "#7"
        },
        "west": {
          "uv": [
            14,
            5.6,
            14.6,
            5.8
          ],
          "texture": "#7"
        },
        "up": {
          "uv": [
            6.6,
            12.2,
            6,
            11.6
          ],
          "texture": "#7"
        },
        "down": {
          "uv": [
            12.2,
            10.8,
            11.6,
            11.4
          ],
          "texture": "#7"
        }
      }
    },
    {
      "from": [
        5.5,
        11.625,
        8.25
      ],
      "to": [
        10.5,
        16.125,
        8.26
      ],
      "rotation": {
        "angle": 22.5,
        "axis": "y",
        "origin": [
          8,
          13.875,
          8.255
        ]
      },
      "faces": {
        "north": {
          "uv": [
            8.4,
            5.6,
            10.4,
            7.4
          ],
          "texture": "#7"
        },
        "south": {
          "uv": [
            10.4,
            5.6,
            8.4,
            7.4
          ],
          "texture": "#7"
        }
      }
    },
    {
      "from": [
        5.5,
        11.625,
        8.25
      ],
      "to": [
        10.5,
        16.125,
        8.26
      ],
      "rotation": {
        "angle": -22.5,
        "axis": "y",
        "origin": [
          8,
          13.875,
          8.255
        ]
      },
      "faces": {
        "north": {
          "uv": [
            10.4,
            5.6,
            8.4,
            7.4
          ],
          "texture": "#7"
        },
        "south": {
          "uv": [
            8.4,
            5.6,
            10.4,
            7.4
          ],
          "texture": "#7"
        }
      }
    },
    {
      "from": [
        7.995,
        20,
        10
      ],
      "to": [
        8.005,
        22,
        12
      ],
      "rotation": {
        "angle": -22.5,
        "axis": "x",
        "origin": [
          8,
          21,
          11
        ]
      },
      "faces": {
        "east": {
          "uv": [
            4.4,
            10.4,
            3.6,
            11.2
          ],
          "texture": "#7"
        },
        "west": {
          "uv": [
            3.6,
            10.4,
            4.4,
            11.2
          ],
          "texture": "#7"
        }
      }
    },
    {
      "from": [
        7.995,
        18.5,
        6.5
      ],
      "to": [
        8.005,
        20,
        8
      ],
      "rotation": {
        "angle": 0,
        "axis": "y",
        "origin": [
          8,
          17.5,
          12.5
        ]
      },
      "faces": {
        "east": {
          "uv": [
            12.6,
            0,
            12,
            0.6
          ],
          "texture": "#7"
        },
        "west": {
          "uv": [
            12,
            0,
            12.6,
            0.6
          ],
          "texture": "#7"
        }
      }
    },
    {
      "from": [
        7.25,
        -2.75,
        7.25
      ],
      "to": [
        8.75,
        -1.25,
        9.75
      ],
      "rotation": {
        "angle": 45,
        "axis": "x",
        "origin": [
          8,
          -2,
          8.25
        ]
      },
      "faces": {
        "east": {
          "uv": [
            4.8,
            11,
            5.8,
            10.4
          ],
          "texture": "#7"
        },
        "south": {
          "uv": [
            0,
            12.2,
            0.6,
            11.6
          ],
          "texture": "#7"
        },
        "west": {
          "uv": [
            6.4,
            11,
            7.4,
            10.4
          ],
          "texture": "#7"
        },
        "up": {
          "uv": [
            8.6,
            11.8,
            8,
            10.8
          ],
          "texture": "#7"
        },
        "down": {
          "uv": [
            11.4,
            5.6,
            10.8,
            6.6
          ],
          "texture": "#7"
        }
      }
    },
    {
      "from": [
        7.5,
        -4.40301,
        8.76101
      ],
      "to": [
        8.5,
        -3.40301,
        10.76101
      ],
      "rotation": {
        "angle": 22.5,
        "axis": "x",
        "origin": [
          8,
          -4.16551,
          11.21101
        ]
      },
      "faces": {
        "east": {
          "uv": [
            3.6,
            13.2,
            4.4,
            12.8
          ],
          "texture": "#7"
        },
        "south": {
          "uv": [
            11.2,
            13.6,
            11.6,
            13.2
          ],
          "texture": "#7"
        },
        "west": {
          "uv": [
            4.8,
            13.2,
            5.6,
            12.8
          ],
          "texture": "#7"
        },
        "up": {
          "uv": [
            9.6,
            13.6,
            9.2,
            12.8
          ],
          "texture": "#7"
        },
        "down": {
          "uv": [
            6.4,
            12.8,
            6,
            13.6
          ],
          "texture": "#7"
        }
      }
    },
    {
      "from": [
        7.5,
        -3.40301,
        9.76101
      ],
      "to": [
        8.5,
        -1.90301,
        10.76101
      ],
      "rotation": {
        "angle": 22.5,
        "axis": "x",
        "origin": [
          8,
          -4.16551,
          11.21101
        ]
      },
      "faces": {
        "north": {
          "uv": [
            13.2,
            0.6,
            13.6,
            0
          ],
          "texture": "#7"
        },
        "east": {
          "uv": [
            13.2,
            3.4,
            13.6,
            2.8
          ],
          "texture": "#7"
        },
        "south": {
          "uv": [
            13.2,
            6.2,
            13.6,
            5.6
          ],
          "texture": "#7"
        },
        "west": {
          "uv": [
            6.8,
            13.8,
            7.2,
            13.2
          ],
          "texture": "#7"
        },
        "up": {
          "uv": [
            12.4,
            13.6,
            12,
            13.2
          ],
          "texture": "#7"
        }
      }
    },
    {
      "from": [
        7.5,
        -2.90301,
        10.76101
      ],
      "to": [
        8.5,
        -1.90301,
        12.51101
      ],
      "rotation": {
        "angle": 22.5,
        "axis": "x",
        "origin": [
          8,
          -4.16551,
          11.21101
        ]
      },
      "faces": {
        "east": {
          "uv": [
            10,
            13.2,
            10.7,
            12.8
          ],
          "texture": "#7"
        },
        "south": {
          "uv": [
            13.6,
            1.6,
            14,
            1.2
          ],
          "texture": "#7"
        },
        "west": {
          "uv": [
            12.8,
            10.8,
            13.5,
            10.4
          ],
          "texture": "#7"
        },
        "up": {
          "uv": [
            13.2,
            13.1,
            12.8,
            12.4
          ],
          "texture": "#7"
        },
        "down": {
          "uv": [
            13.2,
            11.2,
            12.8,
            11.9
          ],
          "texture": "#7"
        }
      }
    },
    {
      "from": [
        7.625,
        -3.90301,
        11.76101
      ],
      "to": [
        8.375,
        -2.90301,
        12.51101
      ],
      "rotation": {
        "angle": 22.5,
        "axis": "x",
        "origin": [
          8,
          -4.16551,
          11.21101
        ]
      },
      "faces": {
        "north": {
          "uv": [
            13.6,
            8,
            13.9,
            7.6
          ],
          "texture": "#7"
        },
        "east": {
          "uv": [
            13.6,
            8.8,
            13.9,
            8.4
          ],
          "texture": "#7"
        },
        "south": {
          "uv": [
            13.6,
            9.6,
            13.9,
            9.2
          ],
          "texture": "#7"
        },
        "west": {
          "uv": [
            10,
            14,
            10.3,
            13.6
          ],
          "texture": "#7"
        },
        "down": {
          "uv": [
            12.3,
            14,
            12,
            14.3
          ],
          "texture": "#7"
        }
      }
    },
    {
      "from": [
        7.625,
        -3.90301,
        11.26101
      ],
      "to": [
        8.375,
        -3.40301,
        11.76101
      ],
      "rotation": {
        "angle": 22.5,
        "axis": "x",
        "origin": [
          8,
          -4.16551,
          11.21101
        ]
      },
      "faces": {
        "north": {
          "uv": [
            4.8,
            14.6,
            5.1,
            14.4
          ],
          "texture": "#7"
        },
        "east": {
          "uv": [
            14.4,
            8.6,
            14.6,
            8.4
          ],
          "texture": "#7"
        },
        "west": {
          "uv": [
            14.4,
            9.4,
            14.6,
            9.2
          ],
          "texture": "#7"
        },
        "up": {
          "uv": [
            8.3,
            14.6,
            8,
            14.4
          ],
          "texture": "#7"
        },
        "down": {
          "uv": [
            14.7,
            7.6,
            14.4,
            7.8
          ],
          "texture": "#7"
        }
      }
    },
    {
      "from": [
        7.995,
        -6,
        10
      ],
      "to": [
        8.005,
        -4,
        12
      ],
      "rotation": {
        "angle": 22.5,
        "axis": "x",
        "origin": [
          8,
          -5,
          11
        ]
      },
      "faces": {
        "east": {
          "uv": [
            4.4,
            11.2,
            3.6,
            10.4
          ],
          "texture": "#7"
        },
        "west": {
          "uv": [
            3.6,
            11.2,
            4.4,
            10.4
          ],
          "texture": "#7"
        }
      }
    },
    {
      "from": [
        7.995,
        -4,
        6.5
      ],
      "to": [
        8.005,
        -2.5,
        8
      ],
      "rotation": {
        "angle": 0,
        "axis": "y",
        "origin": [
          8,
          -1.5,
          12.5
        ]
      },
      "faces": {
        "east": {
          "uv": [
            12.6,
            0.6,
            12,
            0
          ],
          "texture": "#7"
        },
        "west": {
          "uv": [
            12,
            0.6,
            12.6,
            0
          ],
          "texture": "#7"
        }
      }
    },
    {
      "from": [
        7.25,
        -1.73223,
        6.79289
      ],
      "to": [
        8.75,
        0.26777,
        8.29289
      ],
      "rotation": {
        "angle": 45,
        "axis": "x",
        "origin": [
          8,
          -0.23223,
          7.54289
        ]
      },
      "faces": {
        "north": {
          "uv": [
            11.2,
            2.8,
            11.8,
            2
          ],
          "texture": "#7"
        },
        "east": {
          "uv": [
            11.2,
            4,
            11.8,
            3.2
          ],
          "texture": "#7"
        },
        "south": {
          "uv": [
            11.2,
            5.2,
            11.8,
            4.4
          ],
          "texture": "#7"
        },
        "west": {
          "uv": [
            11.2,
            8,
            11.8,
            7.2
          ],
          "texture": "#7"
        },
        "up": {
          "uv": [
            12.2,
            12.6,
            11.6,
            12
          ],
          "texture": "#7"
        },
        "down": {
          "uv": [
            12.6,
            5.6,
            12,
            6.2
          ],
          "texture": "#7"
        }
      }
    },
    {
      "from": [
        7.5,
        0.24004,
        5.3724
      ],
      "to": [
        8.5,
        1.24004,
        7.6224
      ],
      "rotation": {
        "angle": -45,
        "axis": "x",
        "origin": [
          8,
          0.74004,
          6.7474
        ]
      },
      "faces": {
        "north": {
          "uv": [
            3.6,
            14,
            4,
            13.6
          ],
          "texture": "#7"
        },
        "east": {
          "uv": [
            12,
            1.6,
            12.9,
            1.2
          ],
          "texture": "#7"
        },
        "south": {
          "uv": [
            13.6,
            4.4,
            14,
            4
          ],
          "texture": "#7"
        },
        "west": {
          "uv": [
            12.4,
            2.4,
            13.3,
            2
          ],
          "texture": "#7"
        },
        "up": {
          "uv": [
            12.8,
            3.7,
            12.4,
            2.8
          ],
          "texture": "#7"
        },
        "down": {
          "uv": [
            7.6,
            11.6,
            7.2,
            12.5
          ],
          "texture": "#7"
        }
      }
    },
    {
      "from": [
        7.25,
        -0.00996,
        7.6224
      ],
      "to": [
        8.75,
        1.49004,
        10.3724
      ],
      "rotation": {
        "angle": -45,
        "axis": "x",
        "origin": [
          8,
          0.74004,
          6.7474
        ]
      },
      "faces": {
        "north": {
          "uv": [
            1.2,
            12.8,
            1.8,
            13.4
          ],
          "texture": "#7"
        },
        "east": {
          "uv": [
            8,
            9.6,
            9.1,
            10.2
          ],
          "texture": "#7"
        },
        "south": {
          "uv": [
            2.4,
            12.8,
            3,
            13.4
          ],
          "texture": "#7"
        },
        "west": {
          "uv": [
            9.6,
            9.6,
            10.7,
            10.2
          ],
          "texture": "#7"
        },
        "up": {
          "uv": [
            10.6,
            1.1,
            10,
            0
          ],
          "texture": "#7"
        },
        "down": {
          "uv": [
            10.6,
            1.6,
            10,
            2.7
          ],
          "texture": "#7"
        }
      }
    },
    {
      "from": [
        7.985,
        -2.5,
        11.875
      ],
      "to": [
        8.015,
        18.5,
        17.875
      ],
      "rotation": {
        "angle": 0,
        "axis": "y",
        "origin": [
          6.985,
          -1.5,
          5
        ]
      },
      "faces": {
        "east": {
          "uv": [
            2.4,
            0,
            0,
            8.4
          ],
          "texture": "#7"
        },
        "west": {
          "uv": [
            0,
            0,
            2.4,
            8.4
          ],
          "texture": "#7"
        }
      }
    },
    {
      "from": [
        6.975,
        17.12754,
        5.96016
      ],
      "to": [
        9.025,
        20.67754,
        13.96016
      ],
      "light_emission": 15,
      "rotation": {
        "angle": -22.5,
        "axis": "x",
        "origin": [
          8,
          20.15254,
          10.96016
        ]
      },
      "faces": {
        "east": {
          "uv": [
            7.5,
            0,
            11,
            8
          ],
          "rotation": 270,
          "texture": "#1"
        },
        "west": {
          "uv": [
            2,
            0,
            5.5,
            8
          ],
          "rotation": 90,
          "texture": "#1"
        },
        "up": {
          "uv": [
            0,
            0,
            2,
            8
          ],
          "rotation": 180,
          "texture": "#1"
        },
        "down": {
          "uv": [
            5.5,
            0,
            7.5,
            8
          ],
          "texture": "#1"
        }
      }
    },
    {
      "name": "cube inverted",
      "from": [
        9,
        20.65254,
        13.96016
      ],
      "to": [
        7,
        17.15254,
        5.96016
      ],
      "light_emission": 15,
      "rotation": {
        "angle": -22.5,
        "axis": "x",
        "origin": [
          8,
          20.15254,
          10.96016
        ]
      },
      "faces": {
        "east": {
          "uv": [
            5.5,
            0,
            2,
            8
          ],
          "rotation": 90,
          "texture": "#1"
        },
        "west": {
          "uv": [
            11,
            0,
            7.5,
            8
          ],
          "rotation": 270,
          "texture": "#1"
        },
        "up": {
          "uv": [
            7.5,
            0,
            5.5,
            8
          ],
          "texture": "#1"
        },
        "down": {
          "uv": [
            2,
            0,
            0,
            8
          ],
          "rotation": 180,
          "texture": "#1"
        }
      }
    },
    {
      "name": "cube inverted",
      "from": [
        9,
        -1.15254,
        13.96016
      ],
      "to": [
        7,
        -4.65254,
        5.96016
      ],
      "light_emission": 15,
      "rotation": {
        "angle": 22.5,
        "axis": "x",
        "origin": [
          8,
          -4.15254,
          10.96016
        ]
      },
      "faces": {
        "east": {
          "uv": [
            7.5,
            8,
            11,
            0
          ],
          "rotation": 270,
          "texture": "#1"
        },
        "west": {
          "uv": [
            2,
            8,
            5.5,
            0
          ],
          "rotation": 90,
          "texture": "#1"
        },
        "up": {
          "uv": [
            0,
            8,
            2,
            0
          ],
          "rotation": 180,
          "texture": "#1"
        },
        "down": {
          "uv": [
            5.5,
            8,
            7.5,
            0
          ],
          "texture": "#1"
        }
      }
    },
    {
      "from": [
        6.975,
        -4.67754,
        5.96016
      ],
      "to": [
        9.025,
        -1.12754,
        13.96016
      ],
      "light_emission": 15,
      "rotation": {
        "angle": 22.5,
        "axis": "x",
        "origin": [
          8,
          -4.15254,
          10.96016
        ]
      },
      "faces": {
        "east": {
          "uv": [
            5.5,
            8,
            2,
            0
          ],
          "rotation": 90,
          "texture": "#1"
        },
        "west": {
          "uv": [
            11,
            8,
            7.5,
            0
          ],
          "rotation": 270,
          "texture": "#1"
        },
        "up": {
          "uv": [
            7.5,
            8,
            5.5,
            0
          ],
          "texture": "#1"
        },
        "down": {
          "uv": [
            2,
            8,
            0,
            0
          ],
          "rotation": 180,
          "texture": "#1"
        }
      }
    },
    {
      "from": [
        7.9985,
        17.5,
        7
      ],
      "to": [
        8.0015,
        24.5,
        12
      ],
      "light_emission": 15,
      "rotation": {
        "angle": 45,
        "axis": "x",
        "origin": [
          8,
          21,
          9.5
        ]
      },
      "faces": {
        "east": {
          "uv": [
            10,
            0,
            0,
            14
          ],
          "texture": "#3"
        },
        "west": {
          "uv": [
            0,
            0,
            10,
            14
          ],
          "texture": "#3"
        }
      }
    },
    {
      "from": [
        7.9985,
        -8.5,
        7
      ],
      "to": [
        8.0015,
        -1.5,
        12
      ],
      "light_emission": 15,
      "rotation": {
        "angle": -45,
        "axis": "x",
        "origin": [
          8,
          -5,
          9.5
        ]
      },
      "faces": {
        "east": {
          "uv": [
            10,
            14,
            0,
            0
          ],
          "texture": "#3"
        },
        "west": {
          "uv": [
            0,
            14,
            10,
            0
          ],
          "texture": "#3"
        }
      }
    }
  ],
  "gui_light": "front",
  "display": {
    "thirdperson_righthand": {
      "translation": [
        0,
        -2,
        1
      ]
    },
    "thirdperson_lefthand": {
      "translation": [
        0,
        -2,
        1
      ]
    },
    "firstperson_righthand": {
      "translation": [
        0.25,
        4,
        1
      ],
      "scale": [
        0.7,
        0.7,
        0.7
      ]
    },
    "firstperson_lefthand": {
      "translation": [
        0.25,
        4,
        1
      ],
      "scale": [
        0.7,
        0.7,
        0.7
      ]
    },
    "ground": {
      "rotation": [
        45,
        0,
        0
      ],
      "translation": [
        0,
        6,
        0
      ],
      "scale": [
        0.7,
        0.7,
        0.7
      ]
    },
    "gui": {
      "rotation": [
        -90,
        135,
        90
      ],
      "translation": [
        -1.5,
        1.5,
        0
      ],
      "scale": [
        0.82,
        0.82,
        0.82
      ]
    },
    "fixed": {
      "rotation": [
        0,
        -90,
        0
      ],
      "translation": [
        0,
        0,
        -2.25
      ],
      "scale": [
        2,
        2,
        2
      ]
    }
  },
  "groups": [
    {
      "name": "bow",
      "origin": [
        7,
        -2,
        7
      ],
      "color": 0,
      "children": [
        0,
        1,
        2,
        3,
        4,
        5,
        {
          "name": "animated_2",
          "origin": [
            5.72321,
            12.625,
            6.78387
          ],
          "color": 0,
          "children": [
            6,
            7,
            8
          ]
        },
        9,
        10,
        11,
        12,
        13,
        14,
        15,
        16,
        17,
        18,
        19,
        20,
        21,
        22,
        23,
        24,
        25,
        26,
        27,
        28,
        29,
        30,
        31,
        32,
        33,
        34,
        35,
        36,
        {
          "name": "animated_1",
          "origin": [
            8,
            20.15254,
            10.96016
          ],
          "color": 0,
          "children": [
            37,
            38,
            39,
            40
          ]
        },
        41,
        42
      ]
    }
  ],
  "USER": "48320",
  "NONCE": "6d5fd49dafb9a0bad7df1b85762efc6a",
  "TIMESTAMP": "1761835681",
  "RESOURCE": "14952",
  "MCMODELS": "1",
  "mcmodels": "6d5fd49dafb9a0bad7df1b85762efc6a"
}