{
  "format_version": "1.9.0",
  "credit": "Pologony Creation Co.,Ltd.",
  "textures": {
    "2": "item/pumpkin/pumpkin_ef1_long",
    "3": "item/pumpkin/pumpkin_ef3_long",
    "4": "item/pumpkin/pumpkin_ef2_long",
    "5": "item/pumpkin/pumpkin_sword",
    "6": "item/pumpkin/pumpkin_ef6_long",
    "particle": "item/pumpkin/pumpkin_sword"
  },
  "elements": [
    {
      "from": [
        7,
        -2,
        7
      ],
      "to": [
        9,
        0,
        9
      ],
      "rotation": {
        "angle": 0,
        "axis": "y",
        "origin": [
          7,
          -2,
          7
        ]
      },
      "faces": {
        "north": {
          "uv": [
            10.4,
            6.4,
            11.2,
            7.2
          ],
          "texture": "#5"
        },
        "east": {
          "uv": [
            10.4,
            7.6,
            11.2,
            8.4
          ],
          "texture": "#5"
        },
        "south": {
          "uv": [
            10.4,
            8.8,
            11.2,
            9.6
          ],
          "texture": "#5"
        },
        "west": {
          "uv": [
            10.4,
            10,
            11.2,
            10.8
          ],
          "texture": "#5"
        },
        "up": {
          "uv": [
            0.8,
            12,
            0,
            11.2
          ],
          "texture": "#5"
        },
        "down": {
          "uv": [
            6.8,
            11.2,
            6,
            12
          ],
          "texture": "#5"
        }
      }
    },
    {
      "from": [
        7.25,
        0,
        7.25
      ],
      "to": [
        8.75,
        0.5,
        8.75
      ],
      "rotation": {
        "angle": 45,
        "axis": "y",
        "origin": [
          8,
          0.25,
          8
        ]
      },
      "faces": {
        "north": {
          "uv": [
            13.6,
            12.4,
            14.2,
            12.6
          ],
          "texture": "#5"
        },
        "east": {
          "uv": [
            13.6,
            13.2,
            14.2,
            13.4
          ],
          "texture": "#5"
        },
        "south": {
          "uv": [
            14,
            0,
            14.6,
            0.2
          ],
          "texture": "#5"
        },
        "west": {
          "uv": [
            0.8,
            14,
            1.4,
            14.2
          ],
          "texture": "#5"
        },
        "up": {
          "uv": [
            12.6,
            3.4,
            12,
            2.8
          ],
          "texture": "#5"
        },
        "down": {
          "uv": [
            12.6,
            4,
            12,
            4.6
          ],
          "texture": "#5"
        }
      }
    },
    {
      "from": [
        7.5,
        0.5,
        7.42678
      ],
      "to": [
        8.75,
        1,
        8.67678
      ],
      "rotation": {
        "angle": 45,
        "axis": "y",
        "origin": [
          8,
          0.75,
          8.17678
        ]
      },
      "faces": {
        "north": {
          "uv": [
            14.8,
            1.6,
            15.3,
            1.8
          ],
          "texture": "#5"
        },
        "east": {
          "uv": [
            14.8,
            2.4,
            15.3,
            2.6
          ],
          "texture": "#5"
        },
        "south": {
          "uv": [
            14.8,
            3.2,
            15.3,
            3.4
          ],
          "texture": "#5"
        },
        "west": {
          "uv": [
            14.8,
            4,
            15.3,
            4.2
          ],
          "texture": "#5"
        }
      }
    },
    {
      "from": [
        7.5,
        1.5,
        7.5
      ],
      "to": [
        8.5,
        4.75,
        8.5
      ],
      "rotation": {
        "angle": 45,
        "axis": "y",
        "origin": [
          8,
          1.75,
          8
        ]
      },
      "faces": {
        "north": {
          "uv": [
            7.2,
            11.2,
            7.6,
            12.5
          ],
          "texture": "#5"
        },
        "east": {
          "uv": [
            4.4,
            11.6,
            4.8,
            12.9
          ],
          "texture": "#5"
        },
        "south": {
          "uv": [
            8.8,
            11.6,
            9.2,
            12.9
          ],
          "texture": "#5"
        },
        "west": {
          "uv": [
            9.6,
            11.6,
            10,
            12.9
          ],
          "texture": "#5"
        }
      }
    },
    {
      "from": [
        7.5,
        5.25,
        7.42678
      ],
      "to": [
        8.75,
        5.75,
        8.67678
      ],
      "rotation": {
        "angle": 45,
        "axis": "y",
        "origin": [
          8,
          5.5,
          8.17678
        ]
      },
      "faces": {
        "north": {
          "uv": [
            14.8,
            4.8,
            15.3,
            5
          ],
          "texture": "#5"
        },
        "east": {
          "uv": [
            14.8,
            7.2,
            15.3,
            7.4
          ],
          "texture": "#5"
        },
        "south": {
          "uv": [
            14.8,
            8,
            15.3,
            8.2
          ],
          "texture": "#5"
        },
        "west": {
          "uv": [
            14.8,
            12,
            15.3,
            12.2
          ],
          "texture": "#5"
        }
      }
    },
    {
      "from": [
        6,
        6.25,
        6
      ],
      "to": [
        10,
        10.25,
        10
      ],
      "rotation": {
        "angle": 0,
        "axis": "y",
        "origin": [
          6,
          6.25,
          6
        ]
      },
      "faces": {
        "north": {
          "uv": [
            8.4,
            0,
            10,
            1.6
          ],
          "texture": "#5"
        },
        "east": {
          "uv": [
            8.4,
            2,
            10,
            3.6
          ],
          "texture": "#5"
        },
        "south": {
          "uv": [
            8.4,
            4,
            10,
            5.6
          ],
          "texture": "#5"
        },
        "west": {
          "uv": [
            8.4,
            6,
            10,
            7.6
          ],
          "texture": "#5"
        },
        "up": {
          "uv": [
            10,
            9.6,
            8.4,
            8
          ],
          "texture": "#5"
        },
        "down": {
          "uv": [
            1.6,
            9.2,
            0,
            10.8
          ],
          "texture": "#5"
        }
      }
    },
    {
      "from": [
        7.25,
        7.5,
        4.5
      ],
      "to": [
        8.75,
        9,
        7
      ],
      "rotation": {
        "angle": 45,
        "axis": "x",
        "origin": [
          8,
          8.25,
          6
        ]
      },
      "faces": {
        "north": {
          "uv": [
            12,
            5.2,
            12.6,
            5.8
          ],
          "texture": "#5"
        },
        "east": {
          "uv": [
            1.2,
            11.6,
            2.2,
            12.2
          ],
          "texture": "#5"
        },
        "west": {
          "uv": [
            2.8,
            11.6,
            3.8,
            12.2
          ],
          "texture": "#5"
        },
        "up": {
          "uv": [
            12.2,
            7.4,
            11.6,
            6.4
          ],
          "texture": "#5"
        },
        "down": {
          "uv": [
            12.2,
            8,
            11.6,
            9
          ],
          "texture": "#5"
        }
      }
    },
    {
      "from": [
        7.5,
        9.65301,
        3.48899
      ],
      "to": [
        8.5,
        10.65301,
        5.48899
      ],
      "rotation": {
        "angle": 22.5,
        "axis": "x",
        "origin": [
          8,
          10.41551,
          3.03899
        ]
      },
      "faces": {
        "north": {
          "uv": [
            13.6,
            10.8,
            14,
            11.2
          ],
          "texture": "#5"
        },
        "east": {
          "uv": [
            2,
            9.2,
            2.8,
            9.6
          ],
          "texture": "#5"
        },
        "west": {
          "uv": [
            2.4,
            12.8,
            3.2,
            13.2
          ],
          "texture": "#5"
        },
        "up": {
          "uv": [
            4,
            13.6,
            3.6,
            12.8
          ],
          "texture": "#5"
        },
        "down": {
          "uv": [
            13.2,
            6.4,
            12.8,
            7.2
          ],
          "texture": "#5"
        }
      }
    },
    {
      "from": [
        7.5,
        8.15301,
        3.48899
      ],
      "to": [
        8.5,
        9.65301,
        4.48899
      ],
      "rotation": {
        "angle": 22.5,
        "axis": "x",
        "origin": [
          8,
          10.41551,
          3.03899
        ]
      },
      "faces": {
        "north": {
          "uv": [
            13.2,
            3.6,
            13.6,
            4.2
          ],
          "texture": "#5"
        },
        "east": {
          "uv": [
            13.2,
            4.8,
            13.6,
            5.4
          ],
          "texture": "#5"
        },
        "south": {
          "uv": [
            7.2,
            13.2,
            7.6,
            13.8
          ],
          "texture": "#5"
        },
        "west": {
          "uv": [
            12.8,
            13.2,
            13.2,
            13.8
          ],
          "texture": "#5"
        },
        "down": {
          "uv": [
            11.6,
            13.6,
            11.2,
            14
          ],
          "texture": "#5"
        }
      }
    },
    {
      "from": [
        7.5,
        8.15301,
        1.73899
      ],
      "to": [
        8.5,
        9.15301,
        3.48899
      ],
      "rotation": {
        "angle": 22.5,
        "axis": "x",
        "origin": [
          8,
          10.41551,
          3.03899
        ]
      },
      "faces": {
        "north": {
          "uv": [
            13.6,
            11.6,
            14,
            12
          ],
          "texture": "#5"
        },
        "east": {
          "uv": [
            12.8,
            7.6,
            13.5,
            8
          ],
          "texture": "#5"
        },
        "west": {
          "uv": [
            12.8,
            8.4,
            13.5,
            8.8
          ],
          "texture": "#5"
        },
        "up": {
          "uv": [
            13.2,
            12.7,
            12.8,
            12
          ],
          "texture": "#5"
        },
        "down": {
          "uv": [
            13.6,
            2.4,
            13.2,
            3.1
          ],
          "texture": "#5"
        }
      }
    },
    {
      "from": [
        7.625,
        9.15301,
        1.73899
      ],
      "to": [
        8.375,
        10.15301,
        2.48899
      ],
      "rotation": {
        "angle": 22.5,
        "axis": "x",
        "origin": [
          8,
          10.41551,
          3.03899
        ]
      },
      "faces": {
        "north": {
          "uv": [
            12,
            13.6,
            12.3,
            14
          ],
          "texture": "#5"
        },
        "east": {
          "uv": [
            14,
            0.8,
            14.3,
            1.2
          ],
          "texture": "#5"
        },
        "south": {
          "uv": [
            14,
            1.6,
            14.3,
            2
          ],
          "texture": "#5"
        },
        "west": {
          "uv": [
            14,
            2.4,
            14.3,
            2.8
          ],
          "texture": "#5"
        },
        "up": {
          "uv": [
            5.5,
            15.1,
            5.2,
            14.8
          ],
          "texture": "#5"
        }
      }
    },
    {
      "from": [
        7.625,
        9.65301,
        2.48899
      ],
      "to": [
        8.375,
        10.15301,
        2.98899
      ],
      "rotation": {
        "angle": 22.5,
        "axis": "x",
        "origin": [
          8,
          10.41551,
          3.03899
        ]
      },
      "faces": {
        "east": {
          "uv": [
            14.8,
            13.6,
            15,
            13.8
          ],
          "texture": "#5"
        },
        "south": {
          "uv": [
            8,
            14.8,
            8.3,
            15
          ],
          "texture": "#5"
        },
        "west": {
          "uv": [
            14.4,
            14.8,
            14.6,
            15
          ],
          "texture": "#5"
        },
        "up": {
          "uv": [
            15.1,
            13,
            14.8,
            12.8
          ],
          "texture": "#5"
        },
        "down": {
          "uv": [
            13.9,
            14.8,
            13.6,
            15
          ],
          "texture": "#5"
        }
      }
    },
    {
      "from": [
        7.75,
        9.25,
        8
      ],
      "to": [
        8.25,
        12.25,
        11
      ],
      "rotation": {
        "angle": -45,
        "axis": "x",
        "origin": [
          7.5,
          9.25,
          8
        ]
      },
      "faces": {
        "north": {
          "uv": [
            0,
            13.6,
            0.2,
            14.8
          ],
          "texture": "#5"
        },
        "east": {
          "uv": [
            6.4,
            9.6,
            7.6,
            10.8
          ],
          "texture": "#5"
        },
        "south": {
          "uv": [
            2.4,
            13.6,
            2.6,
            14.8
          ],
          "texture": "#5"
        },
        "west": {
          "uv": [
            2,
            10,
            3.2,
            11.2
          ],
          "texture": "#5"
        },
        "up": {
          "uv": [
            4.6,
            14.8,
            4.4,
            13.6
          ],
          "texture": "#5"
        },
        "down": {
          "uv": [
            6.2,
            13.6,
            6,
            14.8
          ],
          "texture": "#5"
        }
      }
    },
    {
      "from": [
        7.7535,
        11.37132,
        6.5
      ],
      "to": [
        8.2465,
        17,
        9.5
      ],
      "rotation": {
        "angle": 0,
        "axis": "y",
        "origin": [
          8.0035,
          12.87132,
          8
        ]
      },
      "faces": {
        "north": {
          "uv": [
            11.6,
            9.6,
            11.8,
            11.9
          ],
          "texture": "#5"
        },
        "east": {
          "uv": [
            3.2,
            7.2,
            4.4,
            9.5
          ],
          "texture": "#5"
        },
        "south": {
          "uv": [
            12,
            0,
            12.2,
            2.3
          ],
          "texture": "#5"
        },
        "west": {
          "uv": [
            4.8,
            7.2,
            6,
            9.5
          ],
          "texture": "#5"
        }
      }
    },
    {
      "from": [
        7.75,
        26.40083,
        8.25
      ],
      "to": [
        8.25,
        27.99083,
        9.84
      ],
      "rotation": {
        "angle": -45,
        "axis": "x",
        "origin": [
          7.5,
          26.15083,
          8
        ]
      },
      "faces": {
        "north": {
          "uv": [
            3.2,
            14,
            3.4,
            14.6
          ],
          "texture": "#5"
        },
        "east": {
          "uv": [
            0,
            12.4,
            0.6,
            13
          ],
          "texture": "#5"
        },
        "south": {
          "uv": [
            14,
            3.2,
            14.2,
            3.8
          ],
          "texture": "#5"
        },
        "west": {
          "uv": [
            6,
            12.4,
            6.6,
            13
          ],
          "texture": "#5"
        },
        "up": {
          "uv": [
            14.2,
            5,
            14,
            4.4
          ],
          "texture": "#5"
        },
        "down": {
          "uv": [
            14.2,
            7.6,
            14,
            8.2
          ],
          "texture": "#5"
        }
      }
    },
    {
      "from": [
        7.7535,
        17,
        6.875
      ],
      "to": [
        8.2465,
        27.62868,
        9.125
      ],
      "rotation": {
        "angle": 0,
        "axis": "y",
        "origin": [
          8.0035,
          18.5,
          8.125
        ]
      },
      "faces": {
        "north": {
          "uv": [
            5.2,
            10,
            5.4,
            14.3
          ],
          "texture": "#5"
        },
        "east": {
          "uv": [
            6.8,
            0,
            7.7,
            4.3
          ],
          "texture": "#5"
        },
        "south": {
          "uv": [
            8,
            10,
            8.2,
            14.3
          ],
          "texture": "#5"
        },
        "west": {
          "uv": [
            6.8,
            4.8,
            7.7,
            9.1
          ],
          "texture": "#5"
        },
        "up": {
          "uv": [
            13.8,
            6.9,
            13.6,
            6
          ],
          "texture": "#5"
        }
      }
    },
    {
      "from": [
        7.995,
        10.25,
        4.625
      ],
      "to": [
        8.005,
        32,
        11.375
      ],
      "rotation": {
        "angle": 0,
        "axis": "y",
        "origin": [
          6.995,
          10.5,
          4.375
        ]
      },
      "faces": {
        "east": {
          "uv": [
            2.7,
            0,
            0,
            8.7
          ],
          "texture": "#5"
        },
        "west": {
          "uv": [
            0,
            0,
            2.7,
            8.7
          ],
          "texture": "#5"
        }
      }
    },
    {
      "from": [
        7.25,
        1,
        7.25
      ],
      "to": [
        8.75,
        1.5,
        8.75
      ],
      "rotation": {
        "angle": 45,
        "axis": "y",
        "origin": [
          8,
          1.25,
          8
        ]
      },
      "faces": {
        "north": {
          "uv": [
            13.6,
            14,
            14.2,
            14.2
          ],
          "texture": "#5"
        },
        "east": {
          "uv": [
            14.4,
            5.6,
            15,
            5.8
          ],
          "texture": "#5"
        },
        "south": {
          "uv": [
            14.4,
            6.4,
            15,
            6.6
          ],
          "texture": "#5"
        },
        "west": {
          "uv": [
            6.8,
            14.4,
            7.4,
            14.6
          ],
          "texture": "#5"
        },
        "up": {
          "uv": [
            13,
            10.2,
            12.4,
            9.6
          ],
          "texture": "#5"
        },
        "down": {
          "uv": [
            11,
            12.4,
            10.4,
            13
          ],
          "texture": "#5"
        }
      }
    },
    {
      "from": [
        7.25,
        4.75,
        7.25
      ],
      "to": [
        8.75,
        5.25,
        8.75
      ],
      "rotation": {
        "angle": 45,
        "axis": "y",
        "origin": [
          8,
          5,
          8
        ]
      },
      "faces": {
        "north": {
          "uv": [
            14.4,
            8.8,
            15,
            9
          ],
          "texture": "#5"
        },
        "east": {
          "uv": [
            14.4,
            9.6,
            15,
            9.8
          ],
          "texture": "#5"
        },
        "south": {
          "uv": [
            14.4,
            10.4,
            15,
            10.6
          ],
          "texture": "#5"
        },
        "west": {
          "uv": [
            11.2,
            14.4,
            11.8,
            14.6
          ],
          "texture": "#5"
        },
        "up": {
          "uv": [
            13,
            11.4,
            12.4,
            10.8
          ],
          "texture": "#5"
        },
        "down": {
          "uv": [
            12.2,
            12.4,
            11.6,
            13
          ],
          "texture": "#5"
        }
      }
    },
    {
      "from": [
        7.25,
        5.75,
        7.25
      ],
      "to": [
        8.75,
        6.25,
        8.75
      ],
      "rotation": {
        "angle": 45,
        "axis": "y",
        "origin": [
          8,
          6,
          8
        ]
      },
      "faces": {
        "north": {
          "uv": [
            14.4,
            11.2,
            15,
            11.4
          ],
          "texture": "#5"
        },
        "east": {
          "uv": [
            12.4,
            14.4,
            13,
            14.6
          ],
          "texture": "#5"
        },
        "south": {
          "uv": [
            0.8,
            14.8,
            1.4,
            15
          ],
          "texture": "#5"
        },
        "west": {
          "uv": [
            14.8,
            0.8,
            15.4,
            1
          ],
          "texture": "#5"
        },
        "up": {
          "uv": [
            13.4,
            0.6,
            12.8,
            0
          ],
          "texture": "#5"
        },
        "down": {
          "uv": [
            1.8,
            12.8,
            1.2,
            13.4
          ],
          "texture": "#5"
        }
      }
    },
    {
      "from": [
        7.99646,
        5,
        4.00354
      ],
      "to": [
        8.00646,
        13,
        12.00354
      ],
      "rotation": {
        "angle": 45,
        "axis": "y",
        "origin": [
          7.99646,
          9,
          8.00354
        ]
      },
      "faces": {
        "east": {
          "uv": [
            6.4,
            0,
            3.2,
            3.2
          ],
          "texture": "#5"
        },
        "west": {
          "uv": [
            3.2,
            0,
            6.4,
            3.2
          ],
          "texture": "#5"
        }
      }
    },
    {
      "from": [
        7.99646,
        5,
        3.99646
      ],
      "to": [
        8.00646,
        13,
        11.99646
      ],
      "rotation": {
        "angle": -45,
        "axis": "y",
        "origin": [
          7.99646,
          9,
          7.99646
        ]
      },
      "faces": {
        "east": {
          "uv": [
            6.4,
            3.6,
            3.2,
            6.8
          ],
          "texture": "#5"
        },
        "west": {
          "uv": [
            3.2,
            3.6,
            6.4,
            6.8
          ],
          "texture": "#5"
        }
      }
    },
    {
      "from": [
        7,
        12.75,
        10.40421
      ],
      "to": [
        9,
        31.75,
        10.41421
      ],
      "light_emission": 15,
      "rotation": {
        "angle": 0,
        "axis": "y",
        "origin": [
          7,
          12.75,
          10.41421
        ]
      },
      "faces": {
        "north": {
          "uv": [
            4.8,
            0,
            3.2,
            15.2
          ],
          "texture": "#2"
        },
        "south": {
          "uv": [
            3.2,
            0,
            4.8,
            15.2
          ],
          "texture": "#2"
        }
      }
    },
    {
      "from": [
        7.532,
        12.75,
        6.87014
      ],
      "to": [
        9.532,
        31.75,
        6.88014
      ],
      "light_emission": 15,
      "rotation": {
        "angle": 45,
        "axis": "y",
        "origin": [
          12.532,
          22.25,
          6.87514
        ]
      },
      "faces": {
        "north": {
          "uv": [
            6.4,
            0,
            4.8,
            15.2
          ],
          "texture": "#2"
        },
        "south": {
          "uv": [
            4.8,
            0,
            6.4,
            15.2
          ],
          "texture": "#2"
        }
      }
    },
    {
      "from": [
        10.40421,
        12.75,
        7
      ],
      "to": [
        10.41421,
        31.75,
        9
      ],
      "light_emission": 15,
      "rotation": {
        "angle": 0,
        "axis": "y",
        "origin": [
          10.40921,
          22.25,
          5
        ]
      },
      "faces": {
        "east": {
          "uv": [
            6.4,
            0,
            8,
            15.2
          ],
          "texture": "#2"
        },
        "west": {
          "uv": [
            8,
            0,
            6.4,
            15.2
          ],
          "texture": "#2"
        }
      }
    },
    {
      "from": [
        5.58579,
        12.75,
        7
      ],
      "to": [
        5.59579,
        31.75,
        9
      ],
      "light_emission": 15,
      "rotation": {
        "angle": 0,
        "axis": "y",
        "origin": [
          6.54289,
          13.25,
          6.54289
        ]
      },
      "faces": {
        "east": {
          "uv": [
            0,
            0,
            1.6,
            15.2
          ],
          "texture": "#2"
        },
        "west": {
          "uv": [
            0,
            0,
            1.6,
            15.2
          ],
          "texture": "#2"
        }
      }
    },
    {
      "from": [
        6.29289,
        12.75,
        8.70711
      ],
      "to": [
        6.30289,
        31.75,
        10.70711
      ],
      "light_emission": 15,
      "rotation": {
        "angle": 45,
        "axis": "y",
        "origin": [
          6.29289,
          13.25,
          9.70711
        ]
      },
      "faces": {
        "east": {
          "uv": [
            3.2,
            0,
            1.6,
            15.2
          ],
          "texture": "#2"
        },
        "west": {
          "uv": [
            1.6,
            0,
            3.2,
            15.2
          ],
          "texture": "#2"
        }
      }
    },
    {
      "from": [
        8.28436,
        12.75,
        5.88222
      ],
      "to": [
        8.29436,
        31.75,
        7.88222
      ],
      "light_emission": 15,
      "rotation": {
        "angle": 45,
        "axis": "y",
        "origin": [
          8.28936,
          22.25,
          4.88222
        ]
      },
      "faces": {
        "east": {
          "uv": [
            8,
            0,
            9.6,
            15.2
          ],
          "texture": "#2"
        },
        "west": {
          "uv": [
            9.6,
            0,
            8,
            15.2
          ],
          "texture": "#2"
        }
      }
    },
    {
      "from": [
        7,
        12.75,
        5.58579
      ],
      "to": [
        9,
        31.75,
        5.59579
      ],
      "light_emission": 15,
      "rotation": {
        "angle": 0,
        "axis": "y",
        "origin": [
          7,
          22.25,
          5.59079
        ]
      },
      "faces": {
        "north": {
          "uv": [
            9.6,
            0,
            11.2,
            15.2
          ],
          "texture": "#2"
        },
        "south": {
          "uv": [
            11.2,
            0,
            9.6,
            15.2
          ],
          "texture": "#2"
        }
      }
    },
    {
      "from": [
        5.29643,
        12.75,
        6.29143
      ],
      "to": [
        7.29643,
        31.75,
        6.30143
      ],
      "light_emission": 15,
      "rotation": {
        "angle": 45,
        "axis": "y",
        "origin": [
          6.29643,
          22.25,
          6.29643
        ]
      },
      "faces": {
        "north": {
          "uv": [
            11.2,
            0,
            12.8,
            15.2
          ],
          "texture": "#2"
        },
        "south": {
          "uv": [
            12.8,
            0,
            11.2,
            15.2
          ],
          "texture": "#2"
        }
      }
    },
    {
      "from": [
        7.995,
        -5.5,
        5.5
      ],
      "to": [
        8.005,
        0.5,
        10.5
      ],
      "light_emission": 15,
      "rotation": {
        "angle": 45,
        "axis": "y",
        "origin": [
          8,
          -2.5,
          8
        ]
      },
      "faces": {
        "east": {
          "uv": [
            10,
            0,
            0,
            12
          ],
          "texture": "#3"
        },
        "west": {
          "uv": [
            0,
            0,
            10,
            12
          ],
          "texture": "#3"
        }
      }
    },
    {
      "from": [
        5.5,
        -5.5,
        7.995
      ],
      "to": [
        10.5,
        0.5,
        8.005
      ],
      "light_emission": 15,
      "rotation": {
        "angle": 45,
        "axis": "y",
        "origin": [
          8,
          -2.5,
          8
        ]
      },
      "faces": {
        "north": {
          "uv": [
            0,
            0,
            10,
            12
          ],
          "texture": "#3"
        },
        "south": {
          "uv": [
            10,
            0,
            0,
            12
          ],
          "texture": "#3"
        }
      }
    },
    {
      "from": [
        5.75,
        5.75,
        5.75
      ],
      "to": [
        5.76,
        10.75,
        10.25
      ],
      "light_emission": 15,
      "rotation": {
        "angle": 0,
        "axis": "y",
        "origin": [
          5.75,
          6.5,
          6.5
        ]
      },
      "faces": {
        "east": {
          "uv": [
            8.66667,
            0,
            2.66667,
            6.66667
          ],
          "texture": "#4"
        },
        "west": {
          "uv": [
            2.66667,
            0,
            8.66667,
            6.66667
          ],
          "texture": "#4"
        }
      }
    },
    {
      "from": [
        5.67579,
        5.75,
        10.62306
      ],
      "to": [
        7.67579,
        10.75,
        10.63306
      ],
      "light_emission": 15,
      "rotation": {
        "angle": -22.5,
        "axis": "y",
        "origin": [
          6.67579,
          8.25,
          10.62806
        ]
      },
      "faces": {
        "north": {
          "uv": [
            0,
            0,
            2.66667,
            6.66667
          ],
          "texture": "#4"
        },
        "south": {
          "uv": [
            2.66667,
            0,
            0,
            6.66667
          ],
          "texture": "#4"
        }
      }
    },
    {
      "from": [
        5.67388,
        5.75,
        5.36732
      ],
      "to": [
        7.67388,
        10.75,
        5.37732
      ],
      "light_emission": 15,
      "rotation": {
        "angle": 22.5,
        "axis": "y",
        "origin": [
          6.67388,
          8.25,
          5.36732
        ]
      },
      "faces": {
        "north": {
          "uv": [
            0,
            0,
            2.66667,
            6.66667
          ],
          "texture": "#4"
        },
        "south": {
          "uv": [
            2.66667,
            0,
            0,
            6.66667
          ],
          "texture": "#4"
        }
      }
    },
    {
      "from": [
        7.9985,
        7,
        0
      ],
      "to": [
        8.0015,
        14,
        5
      ],
      "light_emission": 15,
      "rotation": {
        "angle": 0,
        "axis": "y",
        "origin": [
          7.9985,
          7,
          0
        ]
      },
      "faces": {
        "east": {
          "uv": [
            10,
            0,
            0,
            14
          ],
          "texture": "#6"
        },
        "west": {
          "uv": [
            0,
            0,
            10,
            14
          ],
          "texture": "#6"
        }
      }
    },
    {
      "from": [
        7.9985,
        7,
        11
      ],
      "to": [
        8.0015,
        14,
        16
      ],
      "light_emission": 15,
      "rotation": {
        "angle": 0,
        "axis": "y",
        "origin": [
          7.9985,
          7,
          16
        ]
      },
      "faces": {
        "east": {
          "uv": [
            0,
            0,
            10,
            14
          ],
          "texture": "#6"
        },
        "west": {
          "uv": [
            10,
            0,
            0,
            14
          ],
          "texture": "#6"
        }
      }
    },
    {
      "from": [
        7.995,
        10.25,
        2.25
      ],
      "to": [
        8.005,
        12.25,
        4.25
      ],
      "rotation": {
        "angle": 22.5,
        "axis": "x",
        "origin": [
          8,
          11.25,
          3.25
        ]
      },
      "faces": {
        "east": {
          "uv": [
            11.2,
            11.2,
            10.4,
            12
          ],
          "texture": "#5"
        },
        "west": {
          "uv": [
            10.4,
            11.2,
            11.2,
            12
          ],
          "texture": "#5"
        }
      }
    },
    {
      "from": [
        7.995,
        7,
        1
      ],
      "to": [
        8.005,
        8.5,
        2.5
      ],
      "rotation": {
        "angle": 0,
        "axis": "y",
        "origin": [
          8,
          7.75,
          1.75
        ]
      },
      "faces": {
        "east": {
          "uv": [
            13.4,
            1.2,
            12.8,
            1.8
          ],
          "texture": "#5"
        },
        "west": {
          "uv": [
            12.8,
            1.2,
            13.4,
            1.8
          ],
          "texture": "#5"
        }
      }
    },
    {
      "from": [
        7.25,
        7.5,
        9
      ],
      "to": [
        8.75,
        9,
        11.5
      ],
      "rotation": {
        "angle": -45,
        "axis": "x",
        "origin": [
          8,
          8.25,
          10
        ]
      },
      "faces": {
        "east": {
          "uv": [
            2.2,
            11.6,
            1.2,
            12.2
          ],
          "texture": "#5"
        },
        "south": {
          "uv": [
            12.6,
            5.2,
            12,
            5.8
          ],
          "texture": "#5"
        },
        "west": {
          "uv": [
            3.8,
            11.6,
            2.8,
            12.2
          ],
          "texture": "#5"
        },
        "up": {
          "uv": [
            12.2,
            6.4,
            11.6,
            7.4
          ],
          "texture": "#5"
        },
        "down": {
          "uv": [
            12.2,
            9,
            11.6,
            8
          ],
          "texture": "#5"
        }
      }
    },
    {
      "from": [
        7.5,
        9.65301,
        10.51101
      ],
      "to": [
        8.5,
        10.65301,
        12.51101
      ],
      "rotation": {
        "angle": -22.5,
        "axis": "x",
        "origin": [
          8,
          10.41551,
          12.96101
        ]
      },
      "faces": {
        "east": {
          "uv": [
            2.8,
            9.2,
            2,
            9.6
          ],
          "texture": "#5"
        },
        "south": {
          "uv": [
            14,
            10.8,
            13.6,
            11.2
          ],
          "texture": "#5"
        },
        "west": {
          "uv": [
            3.2,
            12.8,
            2.4,
            13.2
          ],
          "texture": "#5"
        },
        "up": {
          "uv": [
            4,
            12.8,
            3.6,
            13.6
          ],
          "texture": "#5"
        },
        "down": {
          "uv": [
            13.2,
            7.2,
            12.8,
            6.4
          ],
          "texture": "#5"
        }
      }
    },
    {
      "from": [
        7.5,
        8.15301,
        11.51101
      ],
      "to": [
        8.5,
        9.65301,
        12.51101
      ],
      "rotation": {
        "angle": -22.5,
        "axis": "x",
        "origin": [
          8,
          10.41551,
          12.96101
        ]
      },
      "faces": {
        "north": {
          "uv": [
            7.6,
            13.2,
            7.2,
            13.8
          ],
          "texture": "#5"
        },
        "east": {
          "uv": [
            13.6,
            4.8,
            13.2,
            5.4
          ],
          "texture": "#5"
        },
        "south": {
          "uv": [
            13.6,
            3.6,
            13.2,
            4.2
          ],
          "texture": "#5"
        },
        "west": {
          "uv": [
            13.2,
            13.2,
            12.8,
            13.8
          ],
          "texture": "#5"
        },
        "down": {
          "uv": [
            11.6,
            14,
            11.2,
            13.6
          ],
          "texture": "#5"
        }
      }
    },
    {
      "from": [
        7.5,
        8.15301,
        12.51101
      ],
      "to": [
        8.5,
        9.15301,
        14.26101
      ],
      "rotation": {
        "angle": -22.5,
        "axis": "x",
        "origin": [
          8,
          10.41551,
          12.96101
        ]
      },
      "faces": {
        "east": {
          "uv": [
            13.5,
            7.6,
            12.8,
            8
          ],
          "texture": "#5"
        },
        "south": {
          "uv": [
            14,
            11.6,
            13.6,
            12
          ],
          "texture": "#5"
        },
        "west": {
          "uv": [
            13.5,
            8.4,
            12.8,
            8.8
          ],
          "texture": "#5"
        },
        "up": {
          "uv": [
            13.2,
            12,
            12.8,
            12.7
          ],
          "texture": "#5"
        },
        "down": {
          "uv": [
            13.6,
            3.1,
            13.2,
            2.4
          ],
          "texture": "#5"
        }
      }
    },
    {
      "from": [
        7.625,
        9.15301,
        13.51101
      ],
      "to": [
        8.375,
        10.15301,
        14.26101
      ],
      "rotation": {
        "angle": -22.5,
        "axis": "x",
        "origin": [
          8,
          10.41551,
          12.96101
        ]
      },
      "faces": {
        "north": {
          "uv": [
            14.3,
            1.6,
            14,
            2
          ],
          "texture": "#5"
        },
        "east": {
          "uv": [
            14.3,
            0.8,
            14,
            1.2
          ],
          "texture": "#5"
        },
        "south": {
          "uv": [
            12.3,
            13.6,
            12,
            14
          ],
          "texture": "#5"
        },
        "west": {
          "uv": [
            14.3,
            2.4,
            14,
            2.8
          ],
          "texture": "#5"
        },
        "up": {
          "uv": [
            5.5,
            14.8,
            5.2,
            15.1
          ],
          "texture": "#5"
        }
      }
    },
    {
      "from": [
        7.625,
        9.65301,
        13.01101
      ],
      "to": [
        8.375,
        10.15301,
        13.51101
      ],
      "rotation": {
        "angle": -22.5,
        "axis": "x",
        "origin": [
          8,
          10.41551,
          12.96101
        ]
      },
      "faces": {
        "north": {
          "uv": [
            8.3,
            14.8,
            8,
            15
          ],
          "texture": "#5"
        },
        "east": {
          "uv": [
            15,
            13.6,
            14.8,
            13.8
          ],
          "texture": "#5"
        },
        "west": {
          "uv": [
            14.6,
            14.8,
            14.4,
            15
          ],
          "texture": "#5"
        },
        "up": {
          "uv": [
            15.1,
            12.8,
            14.8,
            13
          ],
          "texture": "#5"
        },
        "down": {
          "uv": [
            13.9,
            15,
            13.6,
            14.8
          ],
          "texture": "#5"
        }
      }
    },
    {
      "from": [
        7.995,
        10.25,
        11.75
      ],
      "to": [
        8.005,
        12.25,
        13.75
      ],
      "rotation": {
        "angle": -22.5,
        "axis": "x",
        "origin": [
          8,
          11.25,
          12.75
        ]
      },
      "faces": {
        "east": {
          "uv": [
            10.4,
            11.2,
            11.2,
            12
          ],
          "texture": "#5"
        },
        "west": {
          "uv": [
            11.2,
            11.2,
            10.4,
            12
          ],
          "texture": "#5"
        }
      }
    },
    {
      "from": [
        7.995,
        7,
        13.5
      ],
      "to": [
        8.005,
        8.5,
        15
      ],
      "rotation": {
        "angle": 0,
        "axis": "y",
        "origin": [
          8,
          7.75,
          14.25
        ]
      },
      "faces": {
        "east": {
          "uv": [
            12.8,
            1.2,
            13.4,
            1.8
          ],
          "texture": "#5"
        },
        "west": {
          "uv": [
            13.4,
            1.2,
            12.8,
            1.8
          ],
          "texture": "#5"
        }
      }
    },
    {
      "from": [
        7.75,
        15.4974,
        8.0026
      ],
      "to": [
        8.25,
        17.6224,
        10.1276
      ],
      "rotation": {
        "angle": -45,
        "axis": "x",
        "origin": [
          7.5,
          15.4974,
          8.0026
        ]
      },
      "faces": {
        "north": {
          "uv": [
            8.8,
            13.6,
            9,
            14.5
          ],
          "texture": "#5"
        },
        "east": {
          "uv": [
            8.8,
            10,
            9.7,
            10.9
          ],
          "texture": "#5"
        },
        "south": {
          "uv": [
            13.6,
            9.2,
            13.8,
            10.1
          ],
          "texture": "#5"
        },
        "west": {
          "uv": [
            10.4,
            0,
            11.3,
            0.9
          ],
          "texture": "#5"
        },
        "up": {
          "uv": [
            9.8,
            14.5,
            9.6,
            13.6
          ],
          "texture": "#5"
        },
        "down": {
          "uv": [
            10.6,
            13.6,
            10.4,
            14.5
          ],
          "texture": "#5"
        }
      }
    },
    {
      "from": [
        6.725,
        4.25,
        6.725
      ],
      "to": [
        9.275,
        6.25,
        9.275
      ],
      "rotation": {
        "angle": 45,
        "axis": "y",
        "origin": [
          8,
          5.25,
          8
        ]
      },
      "faces": {
        "north": {
          "uv": [
            10.4,
            1.6,
            11.4,
            2.4
          ],
          "texture": "#5"
        },
        "east": {
          "uv": [
            10.4,
            2.8,
            11.4,
            3.6
          ],
          "texture": "#5"
        },
        "south": {
          "uv": [
            10.4,
            4,
            11.4,
            4.8
          ],
          "texture": "#5"
        },
        "west": {
          "uv": [
            10.4,
            5.2,
            11.4,
            6
          ],
          "texture": "#5"
        },
        "up": {
          "uv": [
            4.6,
            11,
            3.6,
            10
          ],
          "texture": "#5"
        }
      }
    },
    {
      "name": "cube inverted",
      "from": [
        9.25,
        6.25,
        9.25
      ],
      "to": [
        6.75,
        4.25,
        6.75
      ],
      "rotation": {
        "angle": 45,
        "axis": "y",
        "origin": [
          8,
          5.25,
          8
        ]
      },
      "faces": {
        "north": {
          "uv": [
            10.4,
            4.8,
            11.4,
            4
          ],
          "texture": "#5"
        },
        "east": {
          "uv": [
            10.4,
            6,
            11.4,
            5.2
          ],
          "texture": "#5"
        },
        "south": {
          "uv": [
            10.4,
            2.4,
            11.4,
            1.6
          ],
          "texture": "#5"
        },
        "west": {
          "uv": [
            10.4,
            3.6,
            11.4,
            2.8
          ],
          "texture": "#5"
        },
        "down": {
          "uv": [
            3.6,
            11,
            4.6,
            10
          ],
          "texture": "#5"
        }
      }
    }
  ],
  "gui_light": "front",
  "display": {
    "thirdperson_righthand": {
      "translation": [
        0,
        2.75,
        1
      ]
    },
    "thirdperson_lefthand": {
      "rotation": [
        0,
        -180,
        0
      ],
      "translation": [
        0,
        2.75,
        1
      ]
    },
    "firstperson_righthand": {
      "rotation": [
        5,
        0,
        0
      ],
      "translation": [
        2.25,
        1.75,
        0
      ],
      "scale": [
        0.7,
        0.7,
        0.7
      ]
    },
    "firstperson_lefthand": {
      "rotation": [
        5,
        -180,
        0
      ],
      "translation": [
        2.25,
        1.75,
        0
      ],
      "scale": [
        0.7,
        0.7,
        0.7
      ]
    },
    "ground": {
      "rotation": [
        45,
        0,
        0
      ],
      "translation": [
        0,
        5,
        0
      ],
      "scale": [
        0.7,
        0.7,
        0.7
      ]
    },
    "gui": {
      "rotation": [
        -90,
        135,
        90
      ],
      "translation": [
        -3,
        -3,
        0
      ],
      "scale": [
        0.7,
        0.7,
        0.7
      ]
    },
    "head": {
      "rotation": [
        0,
        -90,
        0
      ]
    },
    "fixed": {
      "rotation": [
        0,
        -90,
        0
      ],
      "translation": [
        0,
        0,
        -2.25
      ],
      "scale": [
        2,
        2,
        2
      ]
    }
  },
  "groups": [
    {
      "name": "sword",
      "origin": [
        7,
        -2,
        7
      ],
      "color": 0,
      "children": [
        0,
        1,
        2,
        3,
        4,
        5,
        6,
        7,
        8,
        9,
        10,
        11,
        12,
        13,
        14,
        15,
        16,
        17,
        18,
        19,
        20,
        21,
        {
          "name": "pumpkin_ef1_long",
          "origin": [
            7,
            12.75,
            10.41421
          ],
          "color": 0,
          "children": [
            22,
            23,
            24,
            25,
            26,
            27,
            28,
            29
          ]
        },
        {
          "name": "pumpkin_ef2_long",
          "origin": [
            8,
            -2.5,
            8
          ],
          "color": 0,
          "children": [
            30,
            31
          ]
        },
        {
          "name": "pumpkin_ef3_long",
          "origin": [
            5.75,
            6.5,
            6.5
          ],
          "color": 0,
          "children": [
            32,
            33,
            34
          ]
        },
        {
          "name": "animated_4",
          "origin": [
            7.9985,
            7,
            16
          ],
          "color": 0,
          "children": [
            35,
            36
          ]
        },
        37,
        38,
        39,
        40,
        41,
        42,
        43,
        44,
        45,
        46,
        47,
        48,
        49
      ]
    }
  ],
  "mcmodels": "6d5fd49dafb9a0bad7df1b85762efc6a"
}