{
	"credit": "Made with Blockbench",
	"textures": {
		"0": "item/christmas/christmas_all_tools",
		"1": "item/christmas/christmas_ef2_long",
		"2": "item/christmas/christmas_ef1_long",
		"particle": "item/christmas/christmas_all_tools"
	},
	"elements": [
		{
			"from": [7, 5.25, 4],
			"to": [9, 12.75, 6],
			"rotation": {"angle": 0, "axis": "y", "origin": [7.64645, 10.19641, 3.75888]},
			"faces": {
				"north": {"uv": [1.875, 3.625, 2.125, 4.625], "texture": "#0"},
				"east": {"uv": [3.625, 7.5, 3.875, 8.5], "texture": "#0"},
				"south": {"uv": [3.875, 7.625, 4.125, 8.625], "texture": "#0"},
				"west": {"uv": [4.125, 7.625, 4.375, 8.625], "texture": "#0"},
				"up": {"uv": [0.75, 9, 0.5, 8.75], "texture": "#0"},
				"down": {"uv": [1, 8.75, 0.75, 9], "texture": "#0"}
			}
		},
		{
			"from": [7.75, 8.25, 10.75],
			"to": [8.25, 20.75, 11.25],
			"rotation": {"angle": -22.5, "axis": "x", "origin": [8, 21, 11]},
			"faces": {
				"north": {"uv": [7.5, 7.75, 7.625, 9.25], "texture": "#0"},
				"east": {"uv": [4.5, 7.875, 4.625, 9.375], "texture": "#0"},
				"south": {"uv": [4.625, 7.875, 4.75, 9.375], "texture": "#0"},
				"west": {"uv": [4.75, 7.875, 4.875, 9.375], "texture": "#0"},
				"up": {"uv": [9.25, 1.625, 9.125, 1.5], "texture": "#0"},
				"down": {"uv": [9.25, 1.75, 9.125, 1.875], "texture": "#0"}
			}
		},
		{
			"from": [7, 12.78961, 2.47444],
			"to": [9, 18.28961, 4.47444],
			"rotation": {"angle": 22.5, "axis": "x", "origin": [7.64645, 10.19641, 3.75888]},
			"faces": {
				"north": {"uv": [5.75, 7.625, 6, 8.375], "texture": "#0"},
				"east": {"uv": [2.125, 7.875, 2.375, 8.625], "texture": "#0"},
				"south": {"uv": [2.375, 7.875, 2.625, 8.625], "texture": "#0"},
				"west": {"uv": [7.875, 2.875, 8.125, 3.625], "texture": "#0"},
				"up": {"uv": [3.5, 9, 3.25, 8.75], "texture": "#0"},
				"down": {"uv": [3.75, 8.75, 3.5, 9], "texture": "#0"}
			}
		},
		{
			"from": [6.75, 14.3274, 8.3234],
			"to": [9.25, 17.3274, 11.3234],
			"rotation": {"angle": -22.5, "axis": "x", "origin": [7.64645, 10.19641, 3.75888]},
			"faces": {
				"north": {"uv": [2.625, 8, 3, 8.375], "texture": "#0"},
				"east": {"uv": [3, 8, 3.375, 8.375], "texture": "#0"},
				"south": {"uv": [8, 3.625, 8.375, 4], "texture": "#0"},
				"west": {"uv": [8, 4.875, 8.375, 5.25], "texture": "#0"},
				"up": {"uv": [8.375, 5.625, 8, 5.25], "texture": "#0"},
				"down": {"uv": [8.375, 5.625, 8, 6], "texture": "#0"}
			}
		},
		{
			"from": [7.494, 18.63716, 4.10042],
			"to": [8.506, 22.04916, 5.66242],
			"rotation": {"angle": 22.5, "axis": "x", "origin": [7.64645, 10.19641, 3.75888]},
			"faces": {
				"north": {"uv": [1.625, 8.875, 1.75, 9.25], "texture": "#0"},
				"east": {"uv": [0.5, 8.375, 0.75, 8.75], "texture": "#0"},
				"south": {"uv": [1.75, 8.875, 1.875, 9.25], "texture": "#0"},
				"west": {"uv": [0.75, 8.375, 1, 8.75], "texture": "#0"},
				"up": {"uv": [1.5, 9.25, 1.375, 9], "texture": "#0"},
				"down": {"uv": [9.125, 1.75, 9, 2], "texture": "#0"}
			}
		},
		{
			"from": [7.5, 17.02758, 12.38155],
			"to": [8.5, 18.32758, 15.78155],
			"rotation": {"angle": -22.5, "axis": "x", "origin": [7.64645, 10.19641, 3.75888]},
			"faces": {
				"north": {"uv": [9.125, 1.125, 9.25, 1.25], "texture": "#0"},
				"east": {"uv": [2.125, 8.875, 2.5, 9], "texture": "#0"},
				"south": {"uv": [1.25, 9.125, 1.375, 9.25], "texture": "#0"},
				"west": {"uv": [8.875, 2.5, 9.25, 2.625], "texture": "#0"},
				"up": {"uv": [2.625, 9.25, 2.5, 8.875], "texture": "#0"},
				"down": {"uv": [3.125, 8.875, 3, 9.25], "texture": "#0"}
			}
		},
		{
			"from": [6.5, 11.26873, 4.5914],
			"to": [9.5, 14.01873, 8.0914],
			"rotation": {"angle": -22.5, "axis": "x", "origin": [7.64645, 10.19641, 3.75888]},
			"faces": {
				"north": {"uv": [1.125, 8, 1.5, 8.375], "texture": "#0"},
				"east": {"uv": [7.625, 4.5, 8.125, 4.875], "texture": "#0"},
				"south": {"uv": [1.625, 8, 2, 8.375], "texture": "#0"},
				"west": {"uv": [7, 7.75, 7.5, 8.125], "texture": "#0"},
				"up": {"uv": [8.25, 1, 7.875, 0.5], "texture": "#0"},
				"down": {"uv": [8.25, 1, 7.875, 1.5], "texture": "#0"}
			}
		},
		{
			"from": [7.75, -2.25, 10.75],
			"to": [8.25, 10.25, 11.25],
			"rotation": {"angle": 22.5, "axis": "x", "origin": [8, -2.5, 11]},
			"faces": {
				"north": {"uv": [7.5, 9.25, 7.625, 7.75], "texture": "#0"},
				"east": {"uv": [4.5, 9.375, 4.625, 7.875], "texture": "#0"},
				"south": {"uv": [4.625, 9.375, 4.75, 7.875], "texture": "#0"},
				"west": {"uv": [4.75, 9.375, 4.875, 7.875], "texture": "#0"},
				"up": {"uv": [9.25, 1.875, 9.125, 1.75], "texture": "#0"},
				"down": {"uv": [9.25, 1.5, 9.125, 1.625], "texture": "#0"}
			}
		},
		{
			"from": [7.5, 0.3165, 13.1059],
			"to": [8.5, 1.6165, 16.5059],
			"rotation": {"angle": 22.5, "axis": "x", "origin": [7.64645, 10.19641, 3.75888]},
			"faces": {
				"north": {"uv": [9.125, 1.25, 9.25, 1.125], "texture": "#0"},
				"east": {"uv": [2.125, 9, 2.5, 8.875], "texture": "#0"},
				"south": {"uv": [1.25, 9.25, 1.375, 9.125], "texture": "#0"},
				"west": {"uv": [8.875, 2.625, 9.25, 2.5], "texture": "#0"},
				"up": {"uv": [3.125, 9.25, 3, 8.875], "texture": "#0"},
				"down": {"uv": [2.625, 8.875, 2.5, 9.25], "texture": "#0"}
			}
		},
		{
			"from": [7.494, -3.40508, 3.37607],
			"to": [8.506, 0.00692, 4.93807],
			"rotation": {"angle": -22.5, "axis": "x", "origin": [7.64645, 10.19641, 3.75888]},
			"faces": {
				"north": {"uv": [1.625, 9.25, 1.75, 8.875], "texture": "#0"},
				"east": {"uv": [0.5, 8.75, 0.75, 8.375], "texture": "#0"},
				"south": {"uv": [1.75, 9.25, 1.875, 8.875], "texture": "#0"},
				"west": {"uv": [0.75, 8.75, 1, 8.375], "texture": "#0"},
				"up": {"uv": [9.125, 2, 9, 1.75], "texture": "#0"},
				"down": {"uv": [1.5, 9, 1.375, 9.25], "texture": "#0"}
			}
		},
		{
			"from": [6.75, 1.31668, 9.04775],
			"to": [9.25, 4.31668, 12.04775],
			"rotation": {"angle": 22.5, "axis": "x", "origin": [7.64645, 10.19641, 3.75888]},
			"faces": {
				"north": {"uv": [2.625, 8.375, 3, 8], "texture": "#0"},
				"east": {"uv": [3, 8.375, 3.375, 8], "texture": "#0"},
				"south": {"uv": [8, 4, 8.375, 3.625], "texture": "#0"},
				"west": {"uv": [8, 5.25, 8.375, 4.875], "texture": "#0"},
				"up": {"uv": [8.375, 6, 8, 5.625], "texture": "#0"},
				"down": {"uv": [8.375, 5.25, 8, 5.625], "texture": "#0"}
			}
		},
		{
			"from": [7, 0.35447, 1.75009],
			"to": [9, 5.85447, 3.75009],
			"rotation": {"angle": -22.5, "axis": "x", "origin": [7.64645, 10.19641, 3.75888]},
			"faces": {
				"north": {"uv": [5.75, 8.375, 6, 7.625], "texture": "#0"},
				"east": {"uv": [2.125, 8.625, 2.375, 7.875], "texture": "#0"},
				"south": {"uv": [2.375, 8.625, 2.625, 7.875], "texture": "#0"},
				"west": {"uv": [7.875, 3.625, 8.125, 2.875], "texture": "#0"},
				"up": {"uv": [3.75, 9, 3.5, 8.75], "texture": "#0"},
				"down": {"uv": [3.5, 8.75, 3.25, 9], "texture": "#0"}
			}
		},
		{
			"from": [6.5, 4.62536, 5.31575],
			"to": [9.5, 7.37536, 8.81575],
			"rotation": {"angle": 22.5, "axis": "x", "origin": [7.64645, 10.19641, 3.75888]},
			"faces": {
				"north": {"uv": [1.125, 8.375, 1.5, 8], "texture": "#0"},
				"east": {"uv": [7.625, 4.875, 8.125, 4.5], "texture": "#0"},
				"south": {"uv": [1.625, 8.375, 2, 8], "texture": "#0"},
				"west": {"uv": [7, 8.125, 7.5, 7.75], "texture": "#0"},
				"up": {"uv": [8.25, 1.5, 7.875, 1], "texture": "#0"},
				"down": {"uv": [8.25, 0.5, 7.875, 1], "texture": "#0"}
			}
		},
		{
			"name": "arrow",
			"from": [7.494, 8.494, -4.806],
			"to": [8.506, 9.506, 11.206],
			"rotation": {"angle": 0, "axis": "y", "origin": [8, 8.99434, 4.45888]},
			"faces": {
				"north": {"uv": [1.875, 9.125, 2, 9.25], "texture": "#0"},
				"east": {"uv": [7.125, 2.25, 9.125, 2.375], "texture": "#0"},
				"south": {"uv": [9.125, 1.875, 9.25, 2], "texture": "#0"},
				"west": {"uv": [7.125, 2.375, 9.125, 2.5], "texture": "#0"},
				"up": {"uv": [1.625, 9.5, 1.5, 7.5], "texture": "#0"},
				"down": {"uv": [4.5, 7.625, 4.375, 9.625], "texture": "#0"}
			}
		},
		{
			"name": "arrow",
			"from": [7.492, 0.38266, -4.1608],
			"to": [8.508, 3.39866, -1.1448],
			"rotation": {"angle": 45, "axis": "x", "origin": [8, 8.99434, 4.45888]},
			"faces": {
				"north": {"uv": [3.125, 8.875, 3.25, 9.25], "texture": "#0"},
				"east": {"uv": [8, 6, 8.375, 6.375], "texture": "#0"},
				"south": {"uv": [3.875, 8.875, 4, 9.25], "texture": "#0"},
				"west": {"uv": [8, 6.375, 8.375, 6.75], "texture": "#0"},
				"up": {"uv": [4.125, 9.25, 4, 8.875], "texture": "#0"},
				"down": {"uv": [4.25, 8.875, 4.125, 9.25], "texture": "#0"}
			}
		},
		{
			"name": "arrow",
			"from": [7.5, 13.30606, -4.01379],
			"to": [8.5, 14.80606, -0.76379],
			"rotation": {"angle": -22.5, "axis": "x", "origin": [8, 8.99434, 4.45888]},
			"faces": {
				"north": {"uv": [9, 2, 9.125, 2.25], "texture": "#0"},
				"east": {"uv": [1, 8.375, 1.375, 8.625], "texture": "#0"},
				"south": {"uv": [2.125, 9, 2.25, 9.25], "texture": "#0"},
				"west": {"uv": [1.625, 8.375, 2, 8.625], "texture": "#0"},
				"up": {"uv": [4.375, 9.25, 4.25, 8.875], "texture": "#0"},
				"down": {"uv": [9, 4.375, 8.875, 4.75], "texture": "#0"}
			}
		},
		{
			"name": "arrow",
			"from": [7.5, 12.00606, -2.26379],
			"to": [8.5, 13.30606, -1.51379],
			"rotation": {"angle": -22.5, "axis": "x", "origin": [8, 8.99434, 4.45888]},
			"faces": {
				"north": {"uv": [2, 9.125, 2.125, 9.25], "texture": "#0"},
				"east": {"uv": [9.125, 2, 9.25, 2.125], "texture": "#0"},
				"south": {"uv": [9.125, 2.125, 9.25, 2.25], "texture": "#0"},
				"west": {"uv": [2.25, 9.125, 2.375, 9.25], "texture": "#0"},
				"up": {"uv": [9.25, 2.375, 9.125, 2.25], "texture": "#0"},
				"down": {"uv": [2.5, 9.125, 2.375, 9.25], "texture": "#0"}
			}
		},
		{
			"name": "arrow",
			"from": [7.5, 3.18262, -4.01379],
			"to": [8.5, 4.68262, -0.76379],
			"rotation": {"angle": 22.5, "axis": "x", "origin": [8, 8.99434, 4.45888]},
			"faces": {
				"north": {"uv": [9, 2.25, 9.125, 2], "texture": "#0"},
				"east": {"uv": [1, 8.625, 1.375, 8.375], "texture": "#0"},
				"south": {"uv": [2.125, 9.25, 2.25, 9], "texture": "#0"},
				"west": {"uv": [1.625, 8.625, 2, 8.375], "texture": "#0"},
				"up": {"uv": [9, 4.75, 8.875, 4.375], "texture": "#0"},
				"down": {"uv": [4.375, 8.875, 4.25, 9.25], "texture": "#0"}
			}
		},
		{
			"name": "arrow",
			"from": [7.5, 4.68262, -2.26379],
			"to": [8.5, 5.98262, -1.51379],
			"rotation": {"angle": 22.5, "axis": "x", "origin": [8, 8.99434, 4.45888]},
			"faces": {
				"north": {"uv": [2, 9.25, 2.125, 9.125], "texture": "#0"},
				"east": {"uv": [9.125, 2.125, 9.25, 2], "texture": "#0"},
				"south": {"uv": [9.125, 2.25, 9.25, 2.125], "texture": "#0"},
				"west": {"uv": [2.25, 9.25, 2.375, 9.125], "texture": "#0"},
				"up": {"uv": [2.5, 9.25, 2.375, 9.125], "texture": "#0"},
				"down": {"uv": [9.25, 2.25, 9.125, 2.375], "texture": "#0"}
			}
		},
		{
			"name": "arrow",
			"from": [7, 7.93934, 10.38934],
			"to": [9, 9.93934, 11.38934],
			"rotation": {"angle": 0, "axis": "y", "origin": [8, 8.99434, 4.45888]},
			"faces": {
				"north": {"uv": [7.875, 3.125, 7.625, 2.875], "rotation": 180, "texture": "#0"},
				"east": {"uv": [8.875, 2.75, 9.125, 2.875], "rotation": 90, "texture": "#0"},
				"south": {"uv": [3.25, 8.375, 3, 8.625], "texture": "#0"},
				"west": {"uv": [8.875, 4.75, 9.125, 4.875], "rotation": 270, "texture": "#0"},
				"up": {"uv": [8.875, 3.875, 9.125, 4], "texture": "#0"},
				"down": {"uv": [8.875, 2.625, 9.125, 2.75], "rotation": 180, "texture": "#0"}
			}
		},
		{
			"name": "arrow",
			"from": [7.2, 8.13934, 11.38934],
			"to": [8.8, 9.73934, 13.38934],
			"rotation": {"angle": 0, "axis": "y", "origin": [8, 8.99434, 4.45888]},
			"faces": {
				"north": {"uv": [8.625, 5.75, 8.375, 5.5], "rotation": 180, "texture": "#0"},
				"east": {"uv": [8.375, 4.75, 8.625, 5], "rotation": 90, "texture": "#0"},
				"south": {"uv": [6, 8.375, 5.75, 8.625], "texture": "#0"},
				"west": {"uv": [8.375, 5.25, 8.625, 5.5], "rotation": 270, "texture": "#0"},
				"up": {"uv": [8.375, 5, 8.625, 5.25], "texture": "#0"},
				"down": {"uv": [8.375, 4.5, 8.625, 4.75], "rotation": 180, "texture": "#0"}
			}
		},
		{
			"name": "arrow",
			"from": [7, 7.93934, 13.38934],
			"to": [9, 9.93934, 14.38934],
			"rotation": {"angle": 0, "axis": "y", "origin": [8, 8.99434, 4.45888]},
			"faces": {
				"north": {"uv": [8.625, 6, 8.375, 5.75], "rotation": 180, "texture": "#0"},
				"east": {"uv": [8.875, 5, 9.125, 5.125], "rotation": 90, "texture": "#0"},
				"south": {"uv": [8.625, 6, 8.375, 6.25], "texture": "#0"},
				"west": {"uv": [8.875, 5.25, 9.125, 5.375], "rotation": 270, "texture": "#0"},
				"up": {"uv": [8.875, 5.125, 9.125, 5.25], "texture": "#0"},
				"down": {"uv": [8.875, 4.875, 9.125, 5], "rotation": 180, "texture": "#0"}
			}
		},
		{
			"name": "arrow",
			"from": [0.09232, 8.13934, 10.76656],
			"to": [1.69232, 9.73934, 12.36656],
			"rotation": {"angle": 45, "axis": "y", "origin": [8, 8.99434, 4.45888]},
			"faces": {
				"north": {"uv": [3.75, 8.75, 3.5, 8.5], "rotation": 180, "texture": "#0"},
				"east": {"uv": [8.375, 6.5, 8.625, 6.75], "rotation": 90, "texture": "#0"},
				"south": {"uv": [8.75, 4.125, 8.5, 4.375], "texture": "#0"},
				"west": {"uv": [3.25, 8.5, 3.5, 8.75], "rotation": 270, "texture": "#0"},
				"up": {"uv": [8.375, 8.25, 8.625, 8.5], "texture": "#0"},
				"down": {"uv": [8.375, 6.25, 8.625, 6.5], "rotation": 180, "texture": "#0"}
			}
		},
		{
			"name": "christmas",
			"from": [-1, -0.25, 3.85],
			"to": [17, 9.75, 3.85],
			"rotation": {"angle": 0, "axis": "y", "origin": [7.64645, 10.19641, 3.75888]},
			"faces": {
				"north": {"uv": [0, 0, 2.25, 1.25], "texture": "#0"},
				"east": {"uv": [0, 0, 0, 1.25], "texture": "#0"},
				"south": {"uv": [2.25, 0, 0, 1.25], "texture": "#0"},
				"west": {"uv": [0, 0, 0, 1.25], "texture": "#0"},
				"up": {"uv": [2.25, 0, 0, 0], "texture": "#0"},
				"down": {"uv": [2.25, 0, 0, 0], "texture": "#0"}
			}
		},
		{
			"name": "christmas",
			"from": [7.6, 6.00868, 4.81825],
			"to": [8.4, 6.75868, 5.56825],
			"rotation": {"angle": 22.5, "axis": "x", "origin": [7.64645, 10.19641, 3.75888]},
			"faces": {
				"north": {"uv": [2.625, 9, 2.75, 9.125], "texture": "#0"},
				"east": {"uv": [2.75, 9, 2.875, 9.125], "texture": "#0"},
				"south": {"uv": [2.875, 9, 3, 9.125], "texture": "#0"},
				"west": {"uv": [9, 2.875, 9.125, 3], "texture": "#0"},
				"up": {"uv": [9.125, 3.125, 9, 3], "texture": "#0"},
				"down": {"uv": [9.125, 3.125, 9, 3.25], "texture": "#0"}
			}
		},
		{
			"name": "christmas",
			"from": [7.8914, 5, 2.97182],
			"to": [8.6914, 5.75, 3.72182],
			"rotation": {"angle": -22.5, "axis": "y", "origin": [7.64645, 10.19641, 3.75888]},
			"faces": {
				"north": {"uv": [3.25, 9, 3.375, 9.125], "texture": "#0"},
				"east": {"uv": [9, 3.25, 9.125, 3.375], "texture": "#0"},
				"south": {"uv": [3.375, 9, 3.5, 9.125], "texture": "#0"},
				"west": {"uv": [9, 3.375, 9.125, 3.5], "texture": "#0"},
				"up": {"uv": [3.625, 9.125, 3.5, 9], "texture": "#0"},
				"down": {"uv": [3.75, 9, 3.625, 9.125], "texture": "#0"}
			}
		},
		{
			"name": "christmas",
			"from": [7.25477, 5, 3.24242],
			"to": [8.05477, 5.75, 3.99242],
			"rotation": {"angle": 22.5, "axis": "y", "origin": [7.64645, 10.19641, 3.75888]},
			"faces": {
				"north": {"uv": [9, 3.625, 9.125, 3.75], "texture": "#0"},
				"east": {"uv": [3.75, 9, 3.875, 9.125], "texture": "#0"},
				"south": {"uv": [9, 3.75, 9.125, 3.875], "texture": "#0"},
				"west": {"uv": [9, 4, 9.125, 4.125], "texture": "#0"},
				"up": {"uv": [9.125, 4.5, 9, 4.375], "texture": "#0"},
				"down": {"uv": [9.125, 4.5, 9, 4.625], "texture": "#0"}
			}
		},
		{
			"name": "christmas",
			"from": [-0.63413, 5.26571, 3.6],
			"to": [4.36587, 8.51571, 3.6],
			"rotation": {"angle": 45, "axis": "z", "origin": [7.64645, 10.19641, 3.75888]},
			"faces": {
				"north": {"uv": [7.625, 2.5, 8.25, 2.875], "texture": "#0"},
				"east": {"uv": [0, 0, 0, 0.375], "texture": "#0"},
				"south": {"uv": [8.25, 2.5, 7.625, 2.875], "texture": "#0"},
				"west": {"uv": [0, 0, 0, 0.375], "texture": "#0"},
				"up": {"uv": [0.625, 0, 0, 0], "texture": "#0"},
				"down": {"uv": [0.625, 0, 0, 0], "texture": "#0"}
			}
		},
		{
			"name": "christmas",
			"from": [11.42702, 5.76571, 3.6],
			"to": [16.42702, 9.01571, 3.6],
			"rotation": {"angle": -45, "axis": "z", "origin": [7.64645, 10.19641, 3.75888]},
			"faces": {
				"north": {"uv": [8.25, 2.5, 7.625, 2.875], "texture": "#0"},
				"east": {"uv": [0, 0, 0, 0.375], "texture": "#0"},
				"south": {"uv": [7.625, 2.5, 8.25, 2.875], "texture": "#0"},
				"west": {"uv": [0, 0, 0, 0.375], "texture": "#0"},
				"up": {"uv": [0, 0, 0.625, 0], "texture": "#0"},
				"down": {"uv": [0, 0, 0.625, 0], "texture": "#0"}
			}
		},
		{
			"name": "ef",
			"from": [6.70241, 10.5025, 1.02712],
			"to": [10.25241, 20.62, 1.02712],
			"rotation": {"angle": -45, "axis": "y", "origin": [7.64645, 10.19641, 3.75888]},
			"faces": {
				"north": {"uv": [0.75, 0, 5.25, 12.25], "texture": "#2"},
				"east": {"uv": [0, 0, 0, 1.5], "texture": "#missing"},
				"south": {"uv": [5.25, 0, 0.75, 12.25], "texture": "#2"},
				"west": {"uv": [0, 0, 0, 1.5], "texture": "#missing"},
				"up": {"uv": [0, 0, 1.5, 0], "texture": "#missing"},
				"down": {"uv": [0, 0, 1.5, 0], "texture": "#missing"}
			}
		},
		{
			"name": "ef",
			"from": [10.53832, 17.8925, 11.98849],
			"to": [14.08832, 28.01, 11.98849],
			"rotation": {"angle": -45, "axis": "y", "origin": [7.64645, 10.19641, 3.75888]},
			"faces": {
				"north": {"uv": [10.25, 0.25, 5.75, 12.5], "texture": "#2"},
				"east": {"uv": [0, 0, 0, 1.5], "texture": "#missing"},
				"south": {"uv": [5.75, 0.25, 10.25, 12.5], "texture": "#2"},
				"west": {"uv": [0, 0, 0, 1.5], "texture": "#missing"},
				"up": {"uv": [1.5, 0, 0, 0], "texture": "#missing"},
				"down": {"uv": [1.5, 0, 0, 0], "texture": "#missing"}
			}
		},
		{
			"name": "ef",
			"from": [11.53832, -3.7275, 9.98849],
			"to": [15.08832, 6.39, 9.98849],
			"rotation": {"angle": -45, "axis": "y", "origin": [7.64645, 10.19641, 3.75888]},
			"faces": {
				"north": {"uv": [15.5, 0.5, 11, 12.75], "texture": "#2"},
				"east": {"uv": [0, 0, 0, 1.5], "texture": "#missing"},
				"south": {"uv": [11, 0.5, 15.5, 12.75], "texture": "#2"},
				"west": {"uv": [0, 0, 0, 1.5], "texture": "#missing"},
				"up": {"uv": [1.5, 0, 0, 0], "texture": "#missing"},
				"down": {"uv": [1.5, 0, 0, 0], "texture": "#missing"}
			}
		},
		{
			"name": "ef",
			"from": [11.83862, 6, 8.41873],
			"to": [11.83862, 21, 11.71873],
			"rotation": {"angle": -22.5, "axis": "y", "origin": [7.64645, 10.19641, 3.75888]},
			"faces": {
				"north": {"uv": [0, 0, 0, 1.875], "texture": "#missing"},
				"east": {"uv": [2.75, 2, 4.75, 11.375], "texture": "#1"},
				"south": {"uv": [0, 0, 0, 1.875], "texture": "#missing"},
				"west": {"uv": [4.75, 2, 2.75, 11.375], "texture": "#1"},
				"up": {"uv": [0, 0, 0.5, 0], "rotation": 90, "texture": "#missing"},
				"down": {"uv": [0, 0, 0.5, 0], "rotation": 270, "texture": "#missing"}
			}
		},
		{
			"name": "ef",
			"from": [6.047, 14, 3.90619],
			"to": [6.047, 29, 7.20619],
			"rotation": {"angle": -22.5, "axis": "y", "origin": [7.64645, 10.19641, 3.75888]},
			"faces": {
				"north": {"uv": [0, 0, 0, 1.875], "texture": "#missing"},
				"east": {"uv": [8.5, 2, 6.5, 11.375], "texture": "#1"},
				"south": {"uv": [0, 0, 0, 1.875], "texture": "#missing"},
				"west": {"uv": [6.5, 2, 8.5, 11.375], "texture": "#1"},
				"up": {"uv": [0.5, 0, 0, 0], "rotation": 90, "texture": "#missing"},
				"down": {"uv": [0.5, 0, 0, 0], "rotation": 270, "texture": "#missing"}
			}
		},
		{
			"name": "ef",
			"from": [6.047, -8, 3.90619],
			"to": [6.047, 7, 7.20619],
			"rotation": {"angle": -22.5, "axis": "y", "origin": [7.64645, 10.19641, 3.75888]},
			"faces": {
				"north": {"uv": [0, 0, 0, 1.875], "texture": "#missing"},
				"east": {"uv": [11.75, 2, 13.75, 11.375], "texture": "#1"},
				"south": {"uv": [0, 0, 0, 1.875], "texture": "#missing"},
				"west": {"uv": [13.75, 2, 11.75, 11.375], "texture": "#1"},
				"up": {"uv": [0.5, 0, 0, 0], "rotation": 90, "texture": "#missing"},
				"down": {"uv": [0.5, 0, 0, 0], "rotation": 270, "texture": "#missing"}
			}
		}
	],
	"gui_light": "front",
	"display": {
		"thirdperson_righthand": {
			"translation": [0, -3.25, 2.75]
		},
		"thirdperson_lefthand": {
			"translation": [0, -3.25, 2.75]
		},
		"firstperson_righthand": {
			"rotation": [21.47, 29.54, -0.09],
			"translation": [0, 3.25, 1.5],
			"scale": [0.6, 0.6, 0.6]
		},
		"firstperson_lefthand": {
			"rotation": [24.5, 3.55, 2.41],
			"translation": [0.75, 3, 1.75],
			"scale": [0.6, 0.6, 0.6]
		},
		"ground": {
			"rotation": [45, 0, 0],
			"translation": [0, 2.5, 0],
			"scale": [0.52, 0.52, 0.52]
		},
		"gui": {
			"rotation": [90, 45, -90],
			"translation": [-1.75, 0.25, 0],
			"scale": [0.69, 0.69, 0.69]
		},
		"head": {
			"scale": [0, 0, 0]
		},
		"fixed": {
			"rotation": [0, -90, 0],
			"translation": [0, -1.25, -1.25]
		}
	}
}