{"textures":{"0":"item/meg/golem_corrupted"},"elements":[{"from":[3.5,6.071068,-1.6715717],"to":[12.5,10.071068,6.3284273],"faces":{"east":{"uv":[7.8125,2.875,8.3125,3.125],"tintindex":0,"rotation":0,"texture":"#0"},"south":{"uv":[7.8125,1.0625,8.375,1.3125],"tintindex":0,"rotation":0,"texture":"#0"},"north":{"uv":[7.8125,0.75,8.375,1.0],"tintindex":0,"rotation":0,"texture":"#0"},"west":{"uv":[7.8125,5.0,8.3125,5.25],"tintindex":0,"rotation":0,"texture":"#0"},"up":{"uv":[7.3125,3.8125,6.75,3.3125],"tintindex":0,"rotation":0,"texture":"#0"},"down":{"uv":[3.4375,7.1875,2.875,7.6875],"tintindex":0,"rotation":0,"texture":"#0"}},"rotation":{"origin":[8.0,11.071068,9.328427],"angle":-45.0,"axis":"x"}}]}