{
	"credit": "Made with Blockbench",
	"textures": {
		"2": "item/magma/magma_np_set"
	},
	"elements": [
		{
			"from": [3.592, 13.242, 7.742],
			"to": [12.408, 16.508, 8.258],
			"rotation": {"angle": 0, "axis": "y", "origin": [8.75, 2, 7]},
			"faces": {
				"north": {"uv": [5.125, 4.125, 6.25, 4.5], "texture": "#2"},
				"east": {"uv": [7.125, 0.5, 7.25, 0.875], "texture": "#2"},
				"south": {"uv": [9.25, 5.375, 10.375, 5.75], "texture": "#2"},
				"west": {"uv": [3, 11.875, 3.125, 12.25], "texture": "#2"},
				"up": {"uv": [11.625, 2.75, 10.5, 2.625], "texture": "#2"},
				"down": {"uv": [11.75, 6.25, 10.625, 6.375], "texture": "#2"}
			}
		},
		{
			"from": [3.592, 11.842, 7.892],
			"to": [12.408, 17.108, 8.108],
			"rotation": {"angle": 0, "axis": "y", "origin": [7, -0.15, 7]},
			"faces": {
				"north": {"uv": [7.75, 4.875, 8.875, 5.5], "texture": "#2"},
				"east": {"uv": [3.25, 11.5, 3.375, 12.125], "texture": "#2"},
				"south": {"uv": [7.75, 6.5, 8.875, 7.125], "texture": "#2"},
				"west": {"uv": [3.375, 11.5, 3.5, 12.125], "texture": "#2"},
				"up": {"uv": [11.875, 3, 10.75, 2.875], "texture": "#2"},
				"down": {"uv": [11.875, 5.25, 10.75, 5.375], "texture": "#2"}
			}
		},
		{
			"from": [1.63347, 10.66001, 7.894],
			"to": [4.94547, 15.62201, 8.106],
			"rotation": {"angle": 22.5, "axis": "z", "origin": [0.53947, 12.99101, 8]},
			"faces": {
				"north": {"uv": [1.5, 10.125, 1.875, 10.75], "texture": "#2"},
				"east": {"uv": [11.5, 3.75, 11.625, 4.375], "texture": "#2"},
				"south": {"uv": [4.125, 10.125, 4.5, 10.75], "texture": "#2"},
				"west": {"uv": [4.375, 11.5, 4.5, 12.125], "texture": "#2"},
				"up": {"uv": [12.375, 10.125, 12, 10], "texture": "#2"},
				"down": {"uv": [10.5, 12, 10.125, 12.125], "texture": "#2"}
			}
		},
		{
			"from": [-0.51944, 10.79133, 7.896],
			"to": [2.78856, 14.89933, 8.104],
			"rotation": {"angle": 45, "axis": "z", "origin": [1.13456, 12.92033, 8]},
			"faces": {
				"north": {"uv": [8.375, 10.375, 8.75, 10.875], "texture": "#2"},
				"east": {"uv": [0.5, 11.75, 0.625, 12.25], "texture": "#2"},
				"south": {"uv": [2, 10.5, 2.375, 11], "texture": "#2"},
				"west": {"uv": [8.625, 11.75, 8.75, 12.25], "texture": "#2"},
				"up": {"uv": [12.375, 10.25, 12, 10.125], "texture": "#2"},
				"down": {"uv": [12.375, 10.25, 12, 10.375], "texture": "#2"}
			}
		},
		{
			"from": [-1.42692, 10.22336, 7.9],
			"to": [1.47308, 13.14836, 8.1],
			"rotation": {"angle": 0, "axis": "y", "origin": [0.39808, 11.04836, 8]},
			"faces": {
				"north": {"uv": [10.375, 10.75, 10.75, 11.125], "texture": "#2"},
				"east": {"uv": [12, 10.375, 12.125, 10.75], "texture": "#2"},
				"south": {"uv": [10.75, 10.75, 11.125, 11.125], "texture": "#2"},
				"west": {"uv": [10.5, 12, 10.625, 12.375], "texture": "#2"},
				"up": {"uv": [11.125, 12.125, 10.75, 12], "texture": "#2"},
				"down": {"uv": [12.375, 10.75, 12, 10.875], "texture": "#2"}
			}
		},
		{
			"from": [14.52692, 10.22336, 7.9],
			"to": [17.42692, 13.14836, 8.1],
			"rotation": {"angle": 0, "axis": "y", "origin": [15.60192, 11.04836, 8]},
			"faces": {
				"north": {"uv": [10.75, 10.75, 10.375, 11.125], "texture": "#2"},
				"east": {"uv": [10.625, 12, 10.5, 12.375], "texture": "#2"},
				"south": {"uv": [11.125, 10.75, 10.75, 11.125], "texture": "#2"},
				"west": {"uv": [12.125, 10.375, 12, 10.75], "texture": "#2"},
				"up": {"uv": [10.75, 12.125, 11.125, 12], "texture": "#2"},
				"down": {"uv": [12, 10.75, 12.375, 10.875], "texture": "#2"}
			}
		},
		{
			"from": [13.21144, 10.79133, 7.896],
			"to": [16.51944, 14.89933, 8.104],
			"rotation": {"angle": -45, "axis": "z", "origin": [14.86544, 12.92033, 8]},
			"faces": {
				"north": {"uv": [8.75, 10.375, 8.375, 10.875], "texture": "#2"},
				"east": {"uv": [8.75, 11.75, 8.625, 12.25], "texture": "#2"},
				"south": {"uv": [2.375, 10.5, 2, 11], "texture": "#2"},
				"west": {"uv": [0.625, 11.75, 0.5, 12.25], "texture": "#2"},
				"up": {"uv": [12, 10.25, 12.375, 10.125], "texture": "#2"},
				"down": {"uv": [12, 10.25, 12.375, 10.375], "texture": "#2"}
			}
		},
		{
			"from": [11.05453, 10.66001, 7.894],
			"to": [14.36653, 15.62201, 8.106],
			"rotation": {"angle": -22.5, "axis": "z", "origin": [15.46053, 12.99101, 8]},
			"faces": {
				"north": {"uv": [1.875, 10.125, 1.5, 10.75], "texture": "#2"},
				"east": {"uv": [4.5, 11.5, 4.375, 12.125], "texture": "#2"},
				"south": {"uv": [4.5, 10.125, 4.125, 10.75], "texture": "#2"},
				"west": {"uv": [11.625, 3.75, 11.5, 4.375], "texture": "#2"},
				"up": {"uv": [12, 10.125, 12.375, 10], "texture": "#2"},
				"down": {"uv": [10.125, 12, 10.5, 12.125], "texture": "#2"}
			}
		},
		{
			"from": [1.30286, 12.55636, 7.744],
			"to": [4.31486, 15.81836, 8.256],
			"rotation": {"angle": 22.5, "axis": "z", "origin": [2.80886, 14.18736, 8]},
			"faces": {
				"north": {"uv": [7.625, 10.625, 8, 11], "texture": "#2"},
				"east": {"uv": [6.5, 11.875, 6.625, 12.25], "texture": "#2"},
				"south": {"uv": [8, 10.625, 8.375, 11], "texture": "#2"},
				"west": {"uv": [6.625, 11.875, 6.75, 12.25], "texture": "#2"},
				"up": {"uv": [0.375, 12.125, 0, 12], "texture": "#2"},
				"down": {"uv": [12.375, 0.625, 12, 0.75], "texture": "#2"}
			}
		},
		{
			"from": [-0.04749, 12.01077, 7.746],
			"to": [2.56051, 13.76877, 8.254],
			"rotation": {"angle": -45, "axis": "z", "origin": [1.33151, 12.63977, 8]},
			"faces": {
				"north": {"uv": [11.125, 9.75, 11.5, 10], "texture": "#2"},
				"east": {"uv": [12.125, 2.75, 12.25, 3], "texture": "#2"},
				"south": {"uv": [9.875, 11.125, 10.25, 11.375], "texture": "#2"},
				"west": {"uv": [12.125, 3, 12.25, 3.25], "texture": "#2"},
				"up": {"uv": [12.375, 0.875, 12, 0.75], "texture": "#2"},
				"down": {"uv": [12.375, 0.875, 12, 1], "texture": "#2"}
			}
		},
		{
			"from": [-0.0827, 11.3201, 7.75],
			"to": [1.7673, 13.1701, 8.25],
			"rotation": {"angle": 0, "axis": "y", "origin": [1.2173, 12.2951, 8]},
			"faces": {
				"north": {"uv": [10.5, 11.5, 10.75, 11.75], "texture": "#2"},
				"east": {"uv": [3.125, 12.125, 3.25, 12.375], "texture": "#2"},
				"south": {"uv": [11.5, 10.625, 11.75, 10.875], "texture": "#2"},
				"west": {"uv": [3.25, 12.125, 3.375, 12.375], "texture": "#2"},
				"up": {"uv": [12.375, 3.375, 12.125, 3.25], "texture": "#2"},
				"down": {"uv": [12.375, 3.375, 12.125, 3.5], "texture": "#2"}
			}
		},
		{
			"from": [14.2327, 11.3201, 7.75],
			"to": [16.0827, 13.1701, 8.25],
			"rotation": {"angle": 0, "axis": "y", "origin": [14.7827, 12.2951, 8]},
			"faces": {
				"north": {"uv": [11.75, 10.375, 12, 10.625], "texture": "#2"},
				"east": {"uv": [10.125, 12.25, 10.25, 12.5], "texture": "#2"},
				"south": {"uv": [11.75, 10.625, 12, 10.875], "texture": "#2"},
				"west": {"uv": [10.25, 12.25, 10.375, 12.5], "texture": "#2"},
				"up": {"uv": [12.5, 10.5, 12.25, 10.375], "texture": "#2"},
				"down": {"uv": [12.5, 10.5, 12.25, 10.625], "texture": "#2"}
			}
		},
		{
			"from": [13.43949, 12.01077, 7.746],
			"to": [16.04749, 13.76877, 8.254],
			"rotation": {"angle": 45, "axis": "z", "origin": [14.66849, 12.63977, 8]},
			"faces": {
				"north": {"uv": [5.125, 11.25, 5.5, 11.5], "texture": "#2"},
				"east": {"uv": [9.875, 12.25, 10, 12.5], "texture": "#2"},
				"south": {"uv": [6.75, 11.25, 7.125, 11.5], "texture": "#2"},
				"west": {"uv": [10, 12.25, 10.125, 12.5], "texture": "#2"},
				"up": {"uv": [12.375, 8.5, 12, 8.375], "texture": "#2"},
				"down": {"uv": [12.375, 8.5, 12, 8.625], "texture": "#2"}
			}
		},
		{
			"from": [11.68514, 12.55636, 7.744],
			"to": [14.69714, 15.81836, 8.256],
			"rotation": {"angle": -22.5, "axis": "z", "origin": [13.19114, 14.18736, 8]},
			"faces": {
				"north": {"uv": [1.5, 10.75, 1.875, 11.125], "texture": "#2"},
				"east": {"uv": [12, 7.75, 12.125, 8.125], "texture": "#2"},
				"south": {"uv": [4.125, 10.75, 4.5, 11.125], "texture": "#2"},
				"west": {"uv": [7.875, 12, 8, 12.375], "texture": "#2"},
				"up": {"uv": [12.375, 8.25, 12, 8.125], "texture": "#2"},
				"down": {"uv": [12.375, 8.25, 12, 8.375], "texture": "#2"}
			}
		},
		{
			"from": [11.62012, 16.15467, 7.7],
			"to": [13.57012, 16.97967, 8.3],
			"rotation": {"angle": -45, "axis": "z", "origin": [12.62012, 16.47967, 8]},
			"faces": {
				"north": {"uv": [12.375, 1.125, 12.125, 1.25], "texture": "#2"},
				"east": {"uv": [12.5, 5.125, 12.375, 5.25], "texture": "#2"},
				"south": {"uv": [1.5, 12.125, 1.25, 12.25], "texture": "#2"},
				"west": {"uv": [12.5, 5, 12.375, 5.125], "texture": "#2"},
				"up": {"uv": [12.125, 1.375, 12.375, 1.25], "texture": "#2"},
				"down": {"uv": [1.5, 12.125, 1.75, 12.25], "texture": "#2"}
			}
		},
		{
			"from": [10.43734, 16.21111, 7.494],
			"to": [12.44934, 17.72311, 8.506],
			"rotation": {"angle": 0, "axis": "y", "origin": [9.44334, 16.56711, 8]},
			"faces": {
				"north": {"uv": [11.75, 7.5, 11.5, 7.75], "texture": "#2"},
				"east": {"uv": [12.25, 0.25, 12.125, 0.5], "texture": "#2"},
				"south": {"uv": [11.75, 8.125, 11.5, 8.375], "texture": "#2"},
				"west": {"uv": [0.375, 12.125, 0.25, 12.375], "texture": "#2"},
				"up": {"uv": [0.75, 12.25, 1, 12.125], "texture": "#2"},
				"down": {"uv": [1, 12.125, 1.25, 12.25], "texture": "#2"}
			}
		},
		{
			"from": [7.93534, 15.55911, 7.492],
			"to": [10.95134, 17.57511, 8.508],
			"rotation": {"angle": 22.5, "axis": "z", "origin": [9.44334, 16.56711, 8]},
			"faces": {
				"north": {"uv": [11.5, 9.25, 11.125, 9.5], "texture": "#2"},
				"east": {"uv": [12.25, 0, 12.125, 0.25], "texture": "#2"},
				"south": {"uv": [11.5, 9.5, 11.125, 9.75], "texture": "#2"},
				"west": {"uv": [8.375, 11, 8.25, 11.25], "texture": "#2"},
				"up": {"uv": [3.375, 4.5, 3.75, 4.375], "texture": "#2"},
				"down": {"uv": [8.875, 5.375, 9.25, 5.5], "texture": "#2"}
			}
		},
		{
			"from": [2.42988, 16.15467, 7.7],
			"to": [4.37988, 16.97967, 8.3],
			"rotation": {"angle": 45, "axis": "z", "origin": [3.37988, 16.47967, 8]},
			"faces": {
				"north": {"uv": [12.125, 1.125, 12.375, 1.25], "texture": "#2"},
				"east": {"uv": [12.375, 5, 12.5, 5.125], "texture": "#2"},
				"south": {"uv": [1.25, 12.125, 1.5, 12.25], "texture": "#2"},
				"west": {"uv": [12.375, 5.125, 12.5, 5.25], "texture": "#2"},
				"up": {"uv": [12.375, 1.375, 12.125, 1.25], "texture": "#2"},
				"down": {"uv": [1.75, 12.125, 1.5, 12.25], "texture": "#2"}
			}
		},
		{
			"from": [3.55066, 16.21111, 7.494],
			"to": [5.56266, 17.72311, 8.506],
			"rotation": {"angle": 0, "axis": "y", "origin": [6.55666, 16.56711, 8]},
			"faces": {
				"north": {"uv": [11.5, 7.5, 11.75, 7.75], "texture": "#2"},
				"east": {"uv": [0.25, 12.125, 0.375, 12.375], "texture": "#2"},
				"south": {"uv": [11.5, 8.125, 11.75, 8.375], "texture": "#2"},
				"west": {"uv": [12.125, 0.25, 12.25, 0.5], "texture": "#2"},
				"up": {"uv": [1, 12.25, 0.75, 12.125], "texture": "#2"},
				"down": {"uv": [1.25, 12.125, 1, 12.25], "texture": "#2"}
			}
		},
		{
			"from": [6.39289, 16.65, 7],
			"to": [7.54289, 17.8, 9],
			"rotation": {"angle": -45, "axis": "z", "origin": [7.29289, 15.9, 8]},
			"faces": {
				"north": {"uv": [4.5, 11.5, 4.75, 11.75], "texture": "#2"},
				"east": {"uv": [5.125, 11.5, 5.375, 11.75], "texture": "#2"},
				"south": {"uv": [11.5, 5.375, 11.75, 5.625], "texture": "#2"},
				"west": {"uv": [11.5, 5.875, 11.75, 6.125], "texture": "#2"},
				"up": {"uv": [7, 11.75, 6.75, 11.5], "texture": "#2"},
				"down": {"uv": [11.75, 7, 11.5, 7.25], "texture": "#2"}
			}
		},
		{
			"from": [5.04866, 15.55911, 7.492],
			"to": [8.06466, 17.57511, 8.508],
			"rotation": {"angle": -22.5, "axis": "z", "origin": [6.55666, 16.56711, 8]},
			"faces": {
				"north": {"uv": [11.125, 9.25, 11.5, 9.5], "texture": "#2"},
				"east": {"uv": [8.25, 11, 8.375, 11.25], "texture": "#2"},
				"south": {"uv": [11.125, 9.5, 11.5, 9.75], "texture": "#2"},
				"west": {"uv": [12.125, 0, 12.25, 0.25], "texture": "#2"},
				"up": {"uv": [3.75, 4.5, 3.375, 4.375], "texture": "#2"},
				"down": {"uv": [9.25, 5.375, 8.875, 5.5], "texture": "#2"}
			}
		},
		{
			"from": [6.5, 15.63744, 7.25],
			"to": [9.5, 18.63744, 8.75],
			"rotation": {"angle": -45, "axis": "z", "origin": [8, 17.13744, 8]},
			"faces": {
				"north": {"uv": [4.25, 5.875, 4.625, 6.25], "texture": "#2"},
				"east": {"uv": [8.875, 11.125, 9.125, 11.5], "texture": "#2"},
				"south": {"uv": [1, 7.125, 1.375, 7.5], "texture": "#2"},
				"west": {"uv": [11.125, 8.875, 11.375, 9.25], "texture": "#2"},
				"up": {"uv": [11.5, 5.625, 11.125, 5.375], "texture": "#2"},
				"down": {"uv": [11.5, 7, 11.125, 7.25], "texture": "#2"}
			}
		},
		{
			"from": [7.54289, 15.15, 7],
			"to": [9.04289, 16.65, 9],
			"rotation": {"angle": -45, "axis": "z", "origin": [7.29289, 15.9, 8]},
			"faces": {
				"north": {"uv": [4.5, 11.5, 4.75, 11.75], "texture": "#2"},
				"east": {"uv": [5.125, 11.5, 5.375, 11.75], "texture": "#2"},
				"south": {"uv": [11.5, 5.375, 11.75, 5.625], "texture": "#2"},
				"west": {"uv": [11.5, 5.875, 11.75, 6.125], "texture": "#2"},
				"up": {"uv": [7, 11.75, 6.75, 11.5], "texture": "#2"},
				"down": {"uv": [11.75, 7, 11.5, 7.25], "texture": "#2"}
			}
		},
		{
			"from": [7.25, 13.4, 7.25],
			"to": [8.75, 14.4, 8.75],
			"rotation": {"angle": 0, "axis": "y", "origin": [7, 9.9, 7]},
			"faces": {
				"north": {"uv": [2.125, 12.125, 2.375, 12.25], "texture": "#2"},
				"east": {"uv": [12.125, 2.125, 12.375, 2.25], "texture": "#2"},
				"south": {"uv": [12.125, 2.25, 12.375, 2.375], "texture": "#2"},
				"west": {"uv": [2.375, 12.125, 2.625, 12.25], "texture": "#2"},
				"up": {"uv": [11.75, 9.75, 11.5, 9.5], "texture": "#2"},
				"down": {"uv": [11.75, 9.75, 11.5, 10], "texture": "#2"}
			}
		},
		{
			"from": [6.5, -1.1, 7.5],
			"to": [7.5, 0.15, 8.5],
			"rotation": {"angle": 0, "axis": "y", "origin": [8, -0.725, 8]},
			"faces": {
				"north": {"uv": [11.625, 8.375, 11.75, 8.5], "texture": "#2"},
				"east": {"uv": [9.375, 11.625, 9.5, 11.75], "texture": "#2"},
				"south": {"uv": [10.125, 11.625, 10.25, 11.75], "texture": "#2"},
				"west": {"uv": [11.625, 11.375, 11.75, 11.5], "texture": "#2"},
				"up": {"uv": [11.875, 0.375, 11.75, 0.25], "texture": "#2"},
				"down": {"uv": [2.5, 11.75, 2.375, 11.875], "texture": "#2"}
			}
		},
		{
			"from": [6.7895, -1.56939, 7.494],
			"to": [7.8015, -0.55739, 8.506],
			"rotation": {"angle": 45, "axis": "z", "origin": [7.2955, -1.18839, 8]},
			"faces": {
				"north": {"uv": [11.125, 11, 11.25, 11.125], "texture": "#2"},
				"east": {"uv": [11.5, 10.875, 11.625, 11], "texture": "#2"},
				"south": {"uv": [11.625, 2.625, 11.75, 2.75], "texture": "#2"},
				"west": {"uv": [11.625, 4.25, 11.75, 4.375], "texture": "#2"},
				"up": {"uv": [11.75, 6.25, 11.625, 6.125], "texture": "#2"},
				"down": {"uv": [11.75, 7.75, 11.625, 7.875], "texture": "#2"}
			}
		},
		{
			"from": [7.192, -1.81511, 7.492],
			"to": [8.808, -0.79911, 8.508],
			"rotation": {"angle": 0, "axis": "y", "origin": [8, -1.30711, 8]},
			"faces": {
				"north": {"uv": [2, 9.5, 2.25, 9.625], "texture": "#2"},
				"east": {"uv": [6.75, 10.875, 6.875, 11], "texture": "#2"},
				"south": {"uv": [2.875, 9.625, 3.125, 9.75], "texture": "#2"},
				"west": {"uv": [4.375, 11.125, 4.5, 11.25], "texture": "#2"},
				"up": {"uv": [12.125, 12.125, 11.875, 12], "texture": "#2"},
				"down": {"uv": [0.25, 12.125, 0, 12.25], "texture": "#2"}
			}
		},
		{
			"from": [8.1985, -1.56939, 7.494],
			"to": [9.2105, -0.55739, 8.506],
			"rotation": {"angle": -45, "axis": "z", "origin": [8.7045, -1.18839, 8]},
			"faces": {
				"north": {"uv": [11.25, 11, 11.125, 11.125], "texture": "#2"},
				"east": {"uv": [11.75, 4.25, 11.625, 4.375], "texture": "#2"},
				"south": {"uv": [11.75, 2.625, 11.625, 2.75], "texture": "#2"},
				"west": {"uv": [11.625, 10.875, 11.5, 11], "texture": "#2"},
				"up": {"uv": [11.625, 6.25, 11.75, 6.125], "texture": "#2"},
				"down": {"uv": [11.625, 7.75, 11.75, 7.875], "texture": "#2"}
			}
		},
		{
			"from": [7, -1.1, 7],
			"to": [9, 0.9, 9],
			"rotation": {"angle": 0, "axis": "y", "origin": [7, 0.9, 7]},
			"faces": {
				"north": {"uv": [7.25, 1.5, 7.5, 1.75], "texture": "#2"},
				"east": {"uv": [11.5, 0.625, 11.75, 0.875], "texture": "#2"},
				"south": {"uv": [11.5, 0.875, 11.75, 1.125], "texture": "#2"},
				"west": {"uv": [11.5, 2, 11.75, 2.25], "texture": "#2"},
				"up": {"uv": [11.75, 2.5, 11.5, 2.25], "texture": "#2"},
				"down": {"uv": [11.75, 4.375, 11.5, 4.625], "texture": "#2"}
			}
		},
		{
			"from": [7.5, 0.9, 7.5],
			"to": [8.5, 15.9, 8.5],
			"rotation": {"angle": 0, "axis": "y", "origin": [7, 10.9, 7]},
			"faces": {
				"north": {"uv": [3.125, 6.25, 3.25, 8.125], "texture": "#2"},
				"east": {"uv": [2.5, 10, 2.625, 11.875], "texture": "#2"},
				"south": {"uv": [2.625, 10, 2.75, 11.875], "texture": "#2"},
				"west": {"uv": [2.75, 10, 2.875, 11.875], "texture": "#2"},
				"up": {"uv": [5.375, 12.5, 5.25, 12.375], "texture": "#2"},
				"down": {"uv": [12.5, 5.25, 12.375, 5.375], "texture": "#2"}
			}
		},
		{
			"from": [8.5, -1.1, 7.5],
			"to": [9.5, 0.15, 8.5],
			"rotation": {"angle": 0, "axis": "y", "origin": [8, -0.725, 8]},
			"faces": {
				"north": {"uv": [11.75, 8.375, 11.625, 8.5], "texture": "#2"},
				"east": {"uv": [11.75, 11.375, 11.625, 11.5], "texture": "#2"},
				"south": {"uv": [10.25, 11.625, 10.125, 11.75], "texture": "#2"},
				"west": {"uv": [9.5, 11.625, 9.375, 11.75], "texture": "#2"},
				"up": {"uv": [11.75, 0.375, 11.875, 0.25], "texture": "#2"},
				"down": {"uv": [2.375, 11.75, 2.5, 11.875], "texture": "#2"}
			}
		}
	],
	"gui_light": "front",
	"display": {
		"thirdperson_righthand": {
			"rotation": [0, 90, 0],
			"translation": [0, 3.5, 2]
		},
		"thirdperson_lefthand": {
			"rotation": [0, 90, 0],
			"translation": [0, 3.5, 2]
		},
		"firstperson_righthand": {
			"rotation": [-78.61, -84.83, -86.42],
			"translation": [0.75, 3.75, -2.25],
			"scale": [0.87, 0.87, 0.87]
		},
		"firstperson_lefthand": {
			"rotation": [-78.61, -84.83, -86.42],
			"translation": [0.75, 3.75, -2.25],
			"scale": [0.87, 0.87, 0.87]
		},
		"ground": {
			"rotation": [0, 0, 45],
			"translation": [0, 4.25, 0],
			"scale": [0.4, 0.4, 0.4]
		},
		"gui": {
			"rotation": [-180, 0, -135],
			"translation": [-1.5, -1.25, 0],
			"scale": [0.77, 0.77, 0.77]
		},
		"head": {
			"translation": [0, 1.5, 0],
			"scale": [0, 0, 0]
		},
		"fixed": {
			"translation": [0, 0, -1.25]
		}
	},
	"groups": [
		{
			"name": "magma_pickaxe",
			"origin": [1.2173, 12.2951, 8],
			"color": 0,
			"nbt": "{}",
			"children": [0, 1, 2, 3, 4, 5, 6, 7, 8, 9, 10, 11, 12, 13, 14, 15, 16, 17, 18, 19, 20, 21, 22, 23, 24, 25, 26, 27, 28, 29, 30]
		}
	]
}