{
	"credit": "Made with Blockbench",
	"texture_size": [32, 32],
	"textures": {
		"0": "item/lightiningtheme/lightshovel",
		"particle": "item/lightiningtheme/lightshovel"
	},
	"elements": [
		{
			"from": [8, 11.75, 5.75],
			"to": [8, 17.75, 10.25],
			"rotation": {"angle": 0, "axis": "y", "origin": [8, 7.65255, 8]},
			"faces": {
				"north": {"uv": [0, 0, 0, 3], "texture": "#0"},
				"east": {"uv": [0, 0, 2.25, 3], "texture": "#0"},
				"south": {"uv": [0, 0, 0, 3], "texture": "#0"},
				"west": {"uv": [2.5, 0, 4.75, 3], "texture": "#0"},
				"up": {"uv": [0, 2.25, 0, 0], "texture": "#0"},
				"down": {"uv": [0, 0, 0, 2.25], "texture": "#0"}
			}
		},
		{
			"from": [7, 3.03427, 0.88172],
			"to": [9, 5.03427, 2.88172],
			"rotation": {"angle": -45, "axis": "x", "origin": [8, 10.15255, 8]},
			"faces": {
				"north": {"uv": [6, 0, 7, 1], "texture": "#0"},
				"east": {"uv": [6, 1, 7, 2], "texture": "#0"},
				"south": {"uv": [6, 2, 7, 3], "texture": "#0"},
				"west": {"uv": [4, 6, 5, 7], "texture": "#0"},
				"up": {"uv": [7.5, 5, 6.5, 4], "texture": "#0"},
				"down": {"uv": [7.5, 5, 6.5, 6], "texture": "#0"}
			}
		},
		{
			"from": [7, 5.03427, -1.11828],
			"to": [9, 5.03427, 0.88172],
			"rotation": {"angle": -45, "axis": "x", "origin": [8, 10.15255, 8]},
			"faces": {
				"north": {"uv": [0, 0, 1, 0], "texture": "#0"},
				"east": {"uv": [0, 0, 1, 0], "texture": "#0"},
				"south": {"uv": [0, 0, 1, 0], "texture": "#0"},
				"west": {"uv": [0, 0, 1, 0], "texture": "#0"},
				"up": {"uv": [7.5, 7, 6.5, 6], "texture": "#0"},
				"down": {"uv": [8, 0, 7, 1], "texture": "#0"}
			}
		},
		{
			"from": [7, 1.03427, 2.88172],
			"to": [9, 3.03427, 2.88172],
			"rotation": {"angle": -45, "axis": "x", "origin": [8, 10.15255, 8]},
			"faces": {
				"north": {"uv": [7, 1, 8, 2], "texture": "#0"},
				"east": {"uv": [0, 0, 0, 1], "texture": "#0"},
				"south": {"uv": [7, 2, 8, 3], "texture": "#0"},
				"west": {"uv": [0, 0, 0, 1], "texture": "#0"},
				"up": {"uv": [1, 0, 0, 0], "texture": "#0"},
				"down": {"uv": [1, 0, 0, 0], "texture": "#0"}
			}
		},
		{
			"from": [7, 9.03427, 9.38172],
			"to": [9, 11.03427, 11.38172],
			"rotation": {"angle": -45, "axis": "x", "origin": [8, 7.65255, 8]},
			"faces": {
				"north": {"uv": [7, 3, 8, 4], "texture": "#0"},
				"east": {"uv": [4, 7, 5, 8], "texture": "#0"},
				"south": {"uv": [5, 7, 6, 8], "texture": "#0"},
				"west": {"uv": [6, 7, 7, 8], "texture": "#0"},
				"up": {"uv": [8, 8, 7, 7], "texture": "#0"},
				"down": {"uv": [1, 7.5, 0, 8.5], "texture": "#0"}
			}
		},
		{
			"from": [7.25, 2, 7.25],
			"to": [8.75, 11, 8.75],
			"rotation": {"angle": 0, "axis": "y", "origin": [8, 7.65255, 8]},
			"faces": {
				"north": {"uv": [0, 3, 0.75, 7.5], "texture": "#0"},
				"east": {"uv": [1, 3, 1.75, 7.5], "texture": "#0"},
				"south": {"uv": [2, 3, 2.75, 7.5], "texture": "#0"},
				"west": {"uv": [3, 3, 3.75, 7.5], "texture": "#0"},
				"up": {"uv": [8.75, 2.75, 8, 2], "texture": "#0"},
				"down": {"uv": [8.75, 3, 8, 3.75], "texture": "#0"}
			}
		},
		{
			"from": [7.25, 11.25, 8.35],
			"to": [8.75, 12.75, 11.35],
			"rotation": {"angle": -22.5, "axis": "x", "origin": [8, 11.75, 10.5]},
			"faces": {
				"north": {"uv": [4, 8, 4.75, 8.75], "texture": "#0"},
				"east": {"uv": [4, 3, 5.5, 3.75], "texture": "#0"},
				"south": {"uv": [5, 8, 5.75, 8.75], "texture": "#0"},
				"west": {"uv": [4, 4, 5.5, 4.75], "texture": "#0"},
				"up": {"uv": [5.75, 1.5, 5, 0], "texture": "#0"},
				"down": {"uv": [5.75, 1.5, 5, 3], "texture": "#0"}
			}
		},
		{
			"from": [7.25, 11.68617, 10.59552],
			"to": [8.75, 13.68617, 12.09552],
			"rotation": {"angle": 22.5, "axis": "x", "origin": [8, 13.28617, 11.59552]},
			"faces": {
				"north": {"uv": [1, 7.5, 1.75, 8.5], "texture": "#0"},
				"east": {"uv": [2, 7.5, 2.75, 8.5], "texture": "#0"},
				"south": {"uv": [3, 7.5, 3.75, 8.5], "texture": "#0"},
				"west": {"uv": [7.5, 4, 8.25, 5], "texture": "#0"},
				"up": {"uv": [6.75, 8.75, 6, 8], "texture": "#0"},
				"down": {"uv": [7.75, 8, 7, 8.75], "texture": "#0"}
			}
		},
		{
			"from": [8.75, 13.68617, 10.59552],
			"to": [8.75, 14.68617, 12.09552],
			"rotation": {"angle": 22.5, "axis": "x", "origin": [8, 13.28617, 11.59552]},
			"faces": {
				"north": {"uv": [0, 0, 0, 0.5], "texture": "#0"},
				"east": {"uv": [2, 8.5, 2.75, 9], "texture": "#0"},
				"south": {"uv": [0, 0, 0, 0.5], "texture": "#0"},
				"west": {"uv": [3, 8.5, 3.75, 9], "texture": "#0"},
				"up": {"uv": [0, 0.75, 0, 0], "texture": "#0"},
				"down": {"uv": [0, 0, 0, 0.75], "texture": "#0"}
			}
		},
		{
			"from": [7.25, 13.68617, 12.09552],
			"to": [8.75, 14.68617, 12.09552],
			"rotation": {"angle": 22.5, "axis": "x", "origin": [8, 13.28617, 11.59552]},
			"faces": {
				"north": {"uv": [8.5, 4, 9.25, 4.5], "texture": "#0"},
				"east": {"uv": [0, 0, 0, 0.5], "texture": "#0"},
				"south": {"uv": [8.5, 4.5, 9.25, 5], "texture": "#0"},
				"west": {"uv": [0, 0, 0, 0.5], "texture": "#0"},
				"up": {"uv": [0.75, 0, 0, 0], "texture": "#0"},
				"down": {"uv": [0.75, 0, 0, 0], "texture": "#0"}
			}
		},
		{
			"from": [7.25, 13.68617, 10.59552],
			"to": [7.25, 14.68617, 12.09552],
			"rotation": {"angle": 22.5, "axis": "x", "origin": [8, 13.28617, 11.59552]},
			"faces": {
				"north": {"uv": [0, 0, 0, 0.5], "texture": "#0"},
				"east": {"uv": [8.5, 5, 9.25, 5.5], "texture": "#0"},
				"south": {"uv": [0, 0, 0, 0.5], "texture": "#0"},
				"west": {"uv": [8.5, 5.5, 9.25, 6], "texture": "#0"},
				"up": {"uv": [0, 0.75, 0, 0], "texture": "#0"},
				"down": {"uv": [0, 0, 0, 0.75], "texture": "#0"}
			}
		},
		{
			"from": [7.25, 9.59396, 4.96142],
			"to": [8.75, 11.09396, 7.96142],
			"rotation": {"angle": 22.5, "axis": "x", "origin": [8, 11.69396, 9.71142]},
			"faces": {
				"north": {"uv": [8, 7, 8.75, 7.75], "texture": "#0"},
				"east": {"uv": [4, 5, 5.5, 5.75], "texture": "#0"},
				"south": {"uv": [8, 8, 8.75, 8.75], "texture": "#0"},
				"west": {"uv": [5.5, 3, 7, 3.75], "texture": "#0"},
				"up": {"uv": [6.25, 5.5, 5.5, 4], "texture": "#0"},
				"down": {"uv": [6.25, 5.5, 5.5, 7], "texture": "#0"}
			}
		},
		{
			"from": [7.25, 11.75961, 3.42122],
			"to": [8.75, 13.75961, 4.92122],
			"rotation": {"angle": -22.5, "axis": "x", "origin": [8, 14.35961, 4.32122]},
			"faces": {
				"north": {"uv": [7.5, 5, 8.25, 6], "texture": "#0"},
				"east": {"uv": [7.5, 6, 8.25, 7], "texture": "#0"},
				"south": {"uv": [8, 0, 8.75, 1], "texture": "#0"},
				"west": {"uv": [8, 1, 8.75, 2], "texture": "#0"},
				"up": {"uv": [0.75, 9.25, 0, 8.5], "texture": "#0"},
				"down": {"uv": [1.75, 8.5, 1, 9.25], "texture": "#0"}
			}
		},
		{
			"from": [7.25, 13.75961, 3.42122],
			"to": [7.25, 14.75961, 4.92122],
			"rotation": {"angle": -22.5, "axis": "x", "origin": [8, 14.35961, 4.32122]},
			"faces": {
				"north": {"uv": [0, 0, 0, 0.5], "texture": "#0"},
				"east": {"uv": [8.5, 6, 9.25, 6.5], "texture": "#0"},
				"south": {"uv": [0, 0, 0, 0.5], "texture": "#0"},
				"west": {"uv": [8.5, 6.5, 9.25, 7], "texture": "#0"},
				"up": {"uv": [0, 0.75, 0, 0], "texture": "#0"},
				"down": {"uv": [0, 0, 0, 0.75], "texture": "#0"}
			}
		},
		{
			"from": [7.25, 13.75961, 3.42122],
			"to": [8.75, 14.75961, 3.42122],
			"rotation": {"angle": -22.5, "axis": "x", "origin": [8, 14.35961, 4.32122]},
			"faces": {
				"north": {"uv": [9, 0, 9.75, 0.5], "texture": "#0"},
				"east": {"uv": [0, 0, 0, 0.5], "texture": "#0"},
				"south": {"uv": [9, 0.5, 9.75, 1], "texture": "#0"},
				"west": {"uv": [0, 0, 0, 0.5], "texture": "#0"},
				"up": {"uv": [0.75, 0, 0, 0], "texture": "#0"},
				"down": {"uv": [0.75, 0, 0, 0], "texture": "#0"}
			}
		},
		{
			"from": [8.75, 13.75961, 3.42122],
			"to": [8.75, 14.75961, 4.92122],
			"rotation": {"angle": -22.5, "axis": "x", "origin": [8, 14.35961, 4.32122]},
			"faces": {
				"north": {"uv": [0, 0, 0, 0.5], "texture": "#0"},
				"east": {"uv": [9, 1, 9.75, 1.5], "texture": "#0"},
				"south": {"uv": [0, 0, 0, 0.5], "texture": "#0"},
				"west": {"uv": [9, 1.5, 9.75, 2], "texture": "#0"},
				"up": {"uv": [0, 0.75, 0, 0], "texture": "#0"},
				"down": {"uv": [0, 0, 0, 0.75], "texture": "#0"}
			}
		}
	],
	"display": {
		"thirdperson_righthand": {
			"translation": [0, 1, 0],
			"scale": [1.2, 1.2, 1.2]
		},
		"thirdperson_lefthand": {
			"translation": [0, 1, 0],
			"scale": [1.2, 1.2, 1.2]
		},
		"firstperson_righthand": {
			"translation": [0, 3, 0]
		},
		"firstperson_lefthand": {
			"translation": [0, 3, 0]
		},
		"ground": {
			"translation": [0, 6, 0]
		},
		"gui": {
			"rotation": [105, 45, -90],
			"translation": [-0.25, -1, 0]
		},
		"fixed": {
			"rotation": [-90, 45, 90]
		}
	},
	"groups": [
		{
			"name": "lightiningshovel",
			"origin": [8, 10.65758, 7.99088],
			"color": 0,
			"children": [0, 1, 2, 3, 4, 5, 6, 7, 8, 9, 10, 11, 12, 13, 14, 15]
		}
	]
}