{"textures":{"0":"item/meg/chest_vampire_penguin"},"elements":[{"from":[5.6,8.6,8.0],"to":[7.4,11.6,8.0],"faces":{"south":{"uv":[2.5,7.5,2.75,7.875],"tintindex":0,"rotation":0,"texture":"#0"},"north":{"uv":[1.5,7.5,1.75,7.875],"tintindex":0,"rotation":0,"texture":"#0"}}},{"from":[8.6,8.6,8.0],"to":[10.4,11.6,8.0],"faces":{"south":{"uv":[7.625,0.375,7.875,0.75],"tintindex":0,"rotation":0,"texture":"#0"},"north":{"uv":[7.625,0.0,7.875,0.375],"tintindex":0,"rotation":0,"texture":"#0"}}},{"from":[6.8,8.0,7.4],"to":[9.2,9.8,8.6],"faces":{"east":{"uv":[4.625,8.5,4.75,8.75],"tintindex":0,"rotation":0,"texture":"#0"},"south":{"uv":[7.875,0.25,8.1875,0.5],"tintindex":0,"rotation":0,"texture":"#0"},"north":{"uv":[6.625,7.75,6.9375,8.0],"tintindex":0,"rotation":0,"texture":"#0"},"west":{"uv":[4.75,8.5,4.875,8.75],"tintindex":0,"rotation":0,"texture":"#0"},"up":{"uv":[8.5625,6.25,8.25,6.125],"tintindex":0,"rotation":0,"texture":"#0"},"down":{"uv":[8.6875,2.375,8.375,2.5],"tintindex":0,"rotation":0,"texture":"#0"}}}]}