{
	"credit": "Made with Blockbench",
	"textures": {
		"0": "item/void/void_atlas",
		"2": "item/void/void_ef_long",
		"particle": "item/void/void_atlas"
	},
	"elements": [
		{
			"name": "pickaxe",
			"from": [8.15665, 17.69053, 7.75],
			"to": [8.88165, 19.46553, 8.25],
			"rotation": {"angle": 45, "axis": "z", "origin": [7.82065, 9.33016, 2.83898]},
			"faces": {
				"north": {"uv": [0.5, 12.5, 0.75, 13], "texture": "#0"},
				"east": {"uv": [1.25, 12.5, 1.5, 13], "texture": "#0"},
				"south": {"uv": [12.5, 1.25, 12.75, 1.75], "texture": "#0"},
				"west": {"uv": [1.5, 12.5, 1.75, 13], "texture": "#0"},
				"up": {"uv": [2.75, 13.75, 2.5, 13.5], "texture": "#0"},
				"down": {"uv": [13.75, 2.5, 13.5, 2.75], "texture": "#0"}
			}
		},
		{
			"name": "pickaxe",
			"from": [4.192, 13.992, 7.742],
			"to": [11.808, 18.008, 8.258],
			"rotation": {"angle": 0, "axis": "y", "origin": [7.85316, 9.2815, 2.83898]},
			"faces": {
				"north": {"uv": [4, 0, 6, 1], "texture": "#0"},
				"east": {"uv": [2, 10.5, 2.25, 11.5], "texture": "#0"},
				"south": {"uv": [4, 1, 6, 2], "texture": "#0"},
				"west": {"uv": [3, 10.75, 3.25, 11.75], "texture": "#0"},
				"up": {"uv": [10.5, 6.75, 8.5, 6.5], "texture": "#0"},
				"down": {"uv": [10.75, 0, 8.75, 0.25], "texture": "#0"}
			}
		},
		{
			"name": "pickaxe",
			"from": [6.30473, 15.07262, 7.75],
			"to": [7.82973, 18.77262, 8.25],
			"rotation": {"angle": 22.5, "axis": "z", "origin": [7.95697, 9.26237, 2.83898]},
			"faces": {
				"north": {"uv": [7.5, 8.75, 8, 9.75], "texture": "#0"},
				"east": {"uv": [4.25, 10.75, 4.5, 11.75], "texture": "#0"},
				"south": {"uv": [8.75, 8.5, 9.25, 9.5], "texture": "#0"},
				"west": {"uv": [10.75, 9.75, 11, 10.75], "texture": "#0"},
				"up": {"uv": [12.75, 6.75, 12.25, 6.5], "texture": "#0"},
				"down": {"uv": [12.75, 11.75, 12.25, 12], "texture": "#0"}
			}
		},
		{
			"name": "pickaxe",
			"from": [2.63535, 17.17579, 7.742],
			"to": [4.95135, 19.11679, 8.258],
			"rotation": {"angle": 22.5, "axis": "z", "origin": [7.85316, 9.2815, 2.83898]},
			"faces": {
				"north": {"uv": [10, 10.75, 10.5, 11.25], "texture": "#0"},
				"east": {"uv": [12, 12.25, 12.25, 12.75], "texture": "#0"},
				"south": {"uv": [10.5, 10.75, 11, 11.25], "texture": "#0"},
				"west": {"uv": [12.25, 12, 12.5, 12.5], "texture": "#0"},
				"up": {"uv": [0.5, 12.75, 0, 12.5], "texture": "#0"},
				"down": {"uv": [13, 0, 12.5, 0.25], "texture": "#0"}
			}
		},
		{
			"name": "pickaxe",
			"from": [6.31154, 15.26814, 7.75],
			"to": [8.11154, 17.06814, 8.25],
			"rotation": {"angle": 45, "axis": "z", "origin": [7.85316, 9.2815, 2.83898]},
			"faces": {
				"north": {"uv": [0, 11, 0.5, 11.5], "texture": "#0"},
				"east": {"uv": [1.75, 12.5, 2, 13], "texture": "#0"},
				"south": {"uv": [0.5, 11, 1, 11.5], "texture": "#0"},
				"west": {"uv": [12.5, 1.75, 12.75, 2.25], "texture": "#0"},
				"up": {"uv": [2.75, 12.75, 2.25, 12.5], "texture": "#0"},
				"down": {"uv": [13, 2.25, 12.5, 2.5], "texture": "#0"}
			}
		},
		{
			"name": "pickaxe",
			"from": [-1.03321, 11.72002, 7.742],
			"to": [0.60779, 13.33602, 8.258],
			"rotation": {"angle": 0, "axis": "y", "origin": [7.85316, 9.2815, 2.83898]},
			"faces": {
				"north": {"uv": [11, 0.5, 11.5, 1], "texture": "#0"},
				"east": {"uv": [12.5, 2.5, 12.75, 3], "texture": "#0"},
				"south": {"uv": [1, 11, 1.5, 11.5], "texture": "#0"},
				"west": {"uv": [2.75, 12.5, 3, 13], "texture": "#0"},
				"up": {"uv": [13, 3.25, 12.5, 3], "texture": "#0"},
				"down": {"uv": [13, 3.25, 12.5, 3.5], "texture": "#0"}
			}
		},
		{
			"name": "pickaxe",
			"from": [4.45421, 15.92822, 7.75],
			"to": [5.57921, 17.07822, 8.25],
			"rotation": {"angle": 45, "axis": "z", "origin": [7.5971, 9.17543, 2.83898]},
			"faces": {
				"north": {"uv": [2.75, 13.5, 3, 13.75], "texture": "#0"},
				"east": {"uv": [13.5, 2.75, 13.75, 3], "texture": "#0"},
				"south": {"uv": [3, 13.5, 3.25, 13.75], "texture": "#0"},
				"west": {"uv": [13.5, 3, 13.75, 3.25], "texture": "#0"},
				"up": {"uv": [3.5, 13.75, 3.25, 13.5], "texture": "#0"},
				"down": {"uv": [13.75, 3.25, 13.5, 3.5], "texture": "#0"}
			}
		},
		{
			"name": "pickaxe",
			"from": [3.88745, 19.39012, 7.75],
			"to": [5.06245, 20.01512, 8.25],
			"rotation": {"angle": 45, "axis": "z", "origin": [7.85316, 9.2815, 2.83898]},
			"faces": {
				"north": {"uv": [13.75, 11.25, 14, 11.5], "texture": "#0"},
				"east": {"uv": [11.5, 13.75, 11.75, 14], "texture": "#0"},
				"south": {"uv": [13.75, 11.5, 14, 11.75], "texture": "#0"},
				"west": {"uv": [11.75, 13.75, 12, 14], "texture": "#0"},
				"up": {"uv": [14, 12, 13.75, 11.75], "texture": "#0"},
				"down": {"uv": [12.25, 13.75, 12, 14], "texture": "#0"}
			}
		},
		{
			"name": "pickaxe",
			"from": [0.08906, 14.9291, 7.744],
			"to": [1.40106, 17.6161, 8.256],
			"rotation": {"angle": 22.5, "axis": "z", "origin": [7.85316, 9.2815, 2.83898]},
			"faces": {
				"north": {"uv": [10, 11.75, 10.25, 12.5], "texture": "#0"},
				"east": {"uv": [10.25, 11.75, 10.5, 12.5], "texture": "#0"},
				"south": {"uv": [10.5, 11.75, 10.75, 12.5], "texture": "#0"},
				"west": {"uv": [11.75, 10.5, 12, 11.25], "texture": "#0"},
				"up": {"uv": [14, 11.25, 13.75, 11], "texture": "#0"},
				"down": {"uv": [11.5, 13.75, 11.25, 14], "texture": "#0"}
			}
		},
		{
			"name": "pickaxe",
			"from": [-3.09466, 7.50389, 7.75],
			"to": [-1.31966, 8.25389, 8.25],
			"rotation": {"angle": -45, "axis": "z", "origin": [7.88568, 9.44497, 2.83898]},
			"faces": {
				"north": {"uv": [12.5, 0.25, 13, 0.5], "texture": "#0"},
				"east": {"uv": [2.25, 13.5, 2.5, 13.75], "texture": "#0"},
				"south": {"uv": [12.5, 0.5, 13, 0.75], "texture": "#0"},
				"west": {"uv": [13.5, 2.25, 13.75, 2.5], "texture": "#0"},
				"up": {"uv": [13, 1, 12.5, 0.75], "texture": "#0"},
				"down": {"uv": [13, 1, 12.5, 1.25], "texture": "#0"}
			}
		},
		{
			"name": "pickaxe",
			"from": [10.93755, 19.39012, 7.75],
			"to": [12.11255, 20.01512, 8.25],
			"rotation": {"angle": -45, "axis": "z", "origin": [8.14684, 9.2815, 2.83898]},
			"faces": {
				"north": {"uv": [14, 11.25, 13.75, 11.5], "texture": "#0"},
				"east": {"uv": [12, 13.75, 11.75, 14], "texture": "#0"},
				"south": {"uv": [14, 11.5, 13.75, 11.75], "texture": "#0"},
				"west": {"uv": [11.75, 13.75, 11.5, 14], "texture": "#0"},
				"up": {"uv": [13.75, 12, 14, 11.75], "texture": "#0"},
				"down": {"uv": [12, 13.75, 12.25, 14], "texture": "#0"}
			}
		},
		{
			"name": "pickaxe",
			"from": [14.59894, 14.9291, 7.744],
			"to": [15.91094, 17.6161, 8.256],
			"rotation": {"angle": -22.5, "axis": "z", "origin": [8.14684, 9.2815, 2.83898]},
			"faces": {
				"north": {"uv": [10.25, 11.75, 10, 12.5], "texture": "#0"},
				"east": {"uv": [12, 10.5, 11.75, 11.25], "texture": "#0"},
				"south": {"uv": [10.75, 11.75, 10.5, 12.5], "texture": "#0"},
				"west": {"uv": [10.5, 11.75, 10.25, 12.5], "texture": "#0"},
				"up": {"uv": [13.75, 11.25, 14, 11], "texture": "#0"},
				"down": {"uv": [11.25, 13.75, 11.5, 14], "texture": "#0"}
			}
		},
		{
			"name": "pickaxe",
			"from": [15.39221, 11.72002, 7.742],
			"to": [17.03321, 13.33602, 8.258],
			"rotation": {"angle": 0, "axis": "y", "origin": [8.14684, 9.2815, 2.83898]},
			"faces": {
				"north": {"uv": [11.5, 0.5, 11, 1], "texture": "#0"},
				"east": {"uv": [3, 12.5, 2.75, 13], "texture": "#0"},
				"south": {"uv": [1.5, 11, 1, 11.5], "texture": "#0"},
				"west": {"uv": [12.75, 2.5, 12.5, 3], "texture": "#0"},
				"up": {"uv": [12.5, 3.25, 13, 3], "texture": "#0"},
				"down": {"uv": [12.5, 3.25, 13, 3.5], "texture": "#0"}
			}
		},
		{
			"name": "pickaxe",
			"from": [10.42079, 15.92822, 7.75],
			"to": [11.54579, 17.07822, 8.25],
			"rotation": {"angle": -45, "axis": "z", "origin": [8.4029, 9.17543, 2.83898]},
			"faces": {
				"north": {"uv": [3, 13.5, 2.75, 13.75], "texture": "#0"},
				"east": {"uv": [13.75, 3, 13.5, 3.25], "texture": "#0"},
				"south": {"uv": [3.25, 13.5, 3, 13.75], "texture": "#0"},
				"west": {"uv": [13.75, 2.75, 13.5, 3], "texture": "#0"},
				"up": {"uv": [3.25, 13.75, 3.5, 13.5], "texture": "#0"},
				"down": {"uv": [13.5, 3.25, 13.75, 3.5], "texture": "#0"}
			}
		},
		{
			"name": "pickaxe",
			"from": [7.88846, 15.26814, 7.75],
			"to": [9.68846, 17.06814, 8.25],
			"rotation": {"angle": -45, "axis": "z", "origin": [8.14684, 9.2815, 2.83898]},
			"faces": {
				"north": {"uv": [0.5, 11, 0, 11.5], "texture": "#0"},
				"east": {"uv": [12.75, 1.75, 12.5, 2.25], "texture": "#0"},
				"south": {"uv": [1, 11, 0.5, 11.5], "texture": "#0"},
				"west": {"uv": [2, 12.5, 1.75, 13], "texture": "#0"},
				"up": {"uv": [2.25, 12.75, 2.75, 12.5], "texture": "#0"},
				"down": {"uv": [12.5, 2.25, 13, 2.5], "texture": "#0"}
			}
		},
		{
			"name": "pickaxe",
			"from": [17.31966, 7.50389, 7.75],
			"to": [19.09466, 8.25389, 8.25],
			"rotation": {"angle": 45, "axis": "z", "origin": [8.11432, 9.44497, 2.83898]},
			"faces": {
				"north": {"uv": [13, 0.25, 12.5, 0.5], "texture": "#0"},
				"east": {"uv": [13.75, 2.25, 13.5, 2.5], "texture": "#0"},
				"south": {"uv": [13, 0.5, 12.5, 0.75], "texture": "#0"},
				"west": {"uv": [2.5, 13.5, 2.25, 13.75], "texture": "#0"},
				"up": {"uv": [12.5, 1, 13, 0.75], "texture": "#0"},
				"down": {"uv": [12.5, 1, 13, 1.25], "texture": "#0"}
			}
		},
		{
			"name": "pickaxe",
			"from": [11.04865, 17.17579, 7.742],
			"to": [13.36465, 19.11679, 8.258],
			"rotation": {"angle": -22.5, "axis": "z", "origin": [8.14684, 9.2815, 2.83898]},
			"faces": {
				"north": {"uv": [10.5, 10.75, 10, 11.25], "texture": "#0"},
				"east": {"uv": [12.5, 12, 12.25, 12.5], "texture": "#0"},
				"south": {"uv": [11, 10.75, 10.5, 11.25], "texture": "#0"},
				"west": {"uv": [12.25, 12.25, 12, 12.75], "texture": "#0"},
				"up": {"uv": [0, 12.75, 0.5, 12.5], "texture": "#0"},
				"down": {"uv": [12.5, 0, 13, 0.25], "texture": "#0"}
			}
		},
		{
			"name": "pickaxe",
			"from": [7.11835, 17.69053, 7.75],
			"to": [7.84335, 19.46553, 8.25],
			"rotation": {"angle": -45, "axis": "z", "origin": [8.17935, 9.33016, 2.83898]},
			"faces": {
				"north": {"uv": [0.75, 12.5, 0.5, 13], "texture": "#0"},
				"east": {"uv": [1.75, 12.5, 1.5, 13], "texture": "#0"},
				"south": {"uv": [12.75, 1.25, 12.5, 1.75], "texture": "#0"},
				"west": {"uv": [1.5, 12.5, 1.25, 13], "texture": "#0"},
				"up": {"uv": [2.5, 13.75, 2.75, 13.5], "texture": "#0"},
				"down": {"uv": [13.5, 2.5, 13.75, 2.75], "texture": "#0"}
			}
		},
		{
			"name": "pickaxe",
			"from": [8.17027, 15.07262, 7.75],
			"to": [9.69527, 18.77262, 8.25],
			"rotation": {"angle": -22.5, "axis": "z", "origin": [8.04303, 9.26237, 2.83898]},
			"faces": {
				"north": {"uv": [8, 8.75, 7.5, 9.75], "texture": "#0"},
				"east": {"uv": [11, 9.75, 10.75, 10.75], "texture": "#0"},
				"south": {"uv": [9.25, 8.5, 8.75, 9.5], "texture": "#0"},
				"west": {"uv": [4.5, 10.75, 4.25, 11.75], "texture": "#0"},
				"up": {"uv": [12.25, 6.75, 12.75, 6.5], "texture": "#0"},
				"down": {"uv": [12.25, 11.75, 12.75, 12], "texture": "#0"}
			}
		},
		{
			"from": [7.475, -5, 7.5],
			"to": [8.525, 14, 8.5],
			"rotation": {"angle": 0, "axis": "y", "origin": [8, 4.5, 8]},
			"faces": {
				"north": {"uv": [4.75, 2, 5, 6.75], "texture": "#0"},
				"east": {"uv": [5, 2, 5.25, 6.75], "texture": "#0"},
				"south": {"uv": [5.25, 2, 5.5, 6.75], "texture": "#0"},
				"west": {"uv": [5.5, 2, 5.75, 6.75], "texture": "#0"},
				"up": {"uv": [10.75, 6.75, 10.5, 6.5], "texture": "#0"},
				"down": {"uv": [11, 7, 10.75, 7.25], "texture": "#0"}
			}
		},
		{
			"from": [7.1, -6, 6.95],
			"to": [8.9, -5, 9.05],
			"rotation": {"angle": 0, "axis": "y", "origin": [7.85316, 9.2815, 2.83898]},
			"faces": {
				"north": {"uv": [12, 4.25, 12.5, 4.5], "texture": "#0"},
				"east": {"uv": [12, 4.5, 12.5, 4.75], "texture": "#0"},
				"south": {"uv": [12, 4.75, 12.5, 5], "texture": "#0"},
				"west": {"uv": [12, 5, 12.5, 5.25], "texture": "#0"},
				"up": {"uv": [1.5, 11, 1, 10.5], "texture": "#0"},
				"down": {"uv": [11, 1, 10.5, 1.5], "texture": "#0"}
			}
		},
		{
			"from": [-4.21582, -3.02443, 7.35],
			"to": [-2.41582, -1.22443, 8.65],
			"rotation": {"angle": 45, "axis": "z", "origin": [7.78245, 9.2815, 2.83898]},
			"faces": {
				"north": {"uv": [1.5, 10.5, 2, 11], "texture": "#0"},
				"east": {"uv": [2.25, 12, 2.5, 12.5], "texture": "#0"},
				"south": {"uv": [10.5, 1.5, 11, 2], "texture": "#0"},
				"west": {"uv": [5, 12, 5.25, 12.5], "texture": "#0"},
				"up": {"uv": [12.5, 5.5, 12, 5.25], "texture": "#0"},
				"down": {"uv": [12.5, 5.5, 12, 5.75], "texture": "#0"}
			}
		},
		{
			"from": [7.1, 14.33234, 6.6],
			"to": [8.9, 16.13234, 9.4],
			"rotation": {"angle": 45, "axis": "z", "origin": [8, 15.23234, 8]},
			"faces": {
				"north": {"uv": [1.5, 10.5, 2, 11], "rotation": 180, "texture": "#0"},
				"east": {"uv": [5, 12, 5.25, 12.5], "rotation": 180, "texture": "#0"},
				"south": {"uv": [10.5, 1.5, 11, 2], "rotation": 180, "texture": "#0"},
				"west": {"uv": [2.25, 12, 2.5, 12.5], "rotation": 180, "texture": "#0"},
				"up": {"uv": [12.5, 5.5, 12, 5.75], "rotation": 180, "texture": "#0"},
				"down": {"uv": [12.5, 5.5, 12, 5.25], "rotation": 180, "texture": "#0"}
			}
		},
		{
			"from": [6.842, 13.542, 7.192],
			"to": [9.158, 16.558, 8.808],
			"rotation": {"angle": 0, "axis": "y", "origin": [7.85316, 19.8315, 2.83898]},
			"faces": {
				"north": {"uv": [9.5, 0.5, 10, 1.25], "texture": "#0"},
				"east": {"uv": [9.5, 1.25, 10, 2], "texture": "#0"},
				"south": {"uv": [5, 9.5, 5.5, 10.25], "texture": "#0"},
				"west": {"uv": [9.5, 7.75, 10, 8.5], "texture": "#0"},
				"up": {"uv": [11, 3.25, 10.5, 2.75], "texture": "#0"},
				"down": {"uv": [3.75, 10.5, 3.25, 11], "texture": "#0"}
			}
		},
		{
			"from": [6.75045, 16.35249, 7.194],
			"to": [7.81245, 17.61449, 8.806],
			"rotation": {"angle": 22.5, "axis": "z", "origin": [8.14684, 19.8315, 2.83898]},
			"faces": {
				"north": {"uv": [13.5, 10.5, 13.25, 10.75], "texture": "#0"},
				"east": {"uv": [12.5, 7, 12, 7.25], "texture": "#0"},
				"south": {"uv": [11, 13.25, 10.75, 13.5], "texture": "#0"},
				"west": {"uv": [12.5, 6.75, 12, 7], "texture": "#0"},
				"up": {"uv": [12, 7.75, 12.25, 7.25], "texture": "#0"},
				"down": {"uv": [12, 7.75, 12.25, 8.25], "texture": "#0"}
			}
		},
		{
			"from": [5.92822, 17.6989, 7.2],
			"to": [6.90322, 18.6739, 8.8],
			"rotation": {"angle": 45, "axis": "z", "origin": [7.85316, 19.8315, 2.83898]},
			"faces": {
				"north": {"uv": [13.25, 10.75, 13.5, 11], "texture": "#0"},
				"east": {"uv": [12, 8.25, 12.5, 8.5], "texture": "#0"},
				"south": {"uv": [11, 13.25, 11.25, 13.5], "texture": "#0"},
				"west": {"uv": [12, 9, 12.5, 9.25], "texture": "#0"},
				"up": {"uv": [12.25, 9.75, 12, 9.25], "texture": "#0"},
				"down": {"uv": [12.25, 9.75, 12, 10.25], "texture": "#0"}
			}
		},
		{
			"from": [8.18955, 16.35449, 7.196],
			"to": [9.24755, 17.61249, 8.804],
			"rotation": {"angle": -22.5, "axis": "z", "origin": [7.85316, 19.8315, 2.83898]},
			"faces": {
				"north": {"uv": [13.25, 10.5, 13.5, 10.75], "texture": "#0"},
				"east": {"uv": [12, 6.75, 12.5, 7], "texture": "#0"},
				"south": {"uv": [10.75, 13.25, 11, 13.5], "texture": "#0"},
				"west": {"uv": [12, 7, 12.5, 7.25], "texture": "#0"},
				"up": {"uv": [12.25, 7.75, 12, 7.25], "texture": "#0"},
				"down": {"uv": [12.25, 7.75, 12, 8.25], "texture": "#0"}
			}
		},
		{
			"from": [6.07621, 14.34027, 6.7],
			"to": [6.32621, 17.54027, 9.3],
			"rotation": {"angle": -45, "axis": "z", "origin": [7.00121, 15.20277, 8]},
			"faces": {
				"north": {"uv": [9.25, 11.75, 9.5, 12.5], "texture": "#0"},
				"east": {"uv": [8.5, 5.75, 9.25, 6.5], "texture": "#0"},
				"south": {"uv": [9.5, 11.75, 9.75, 12.5], "texture": "#0"},
				"west": {"uv": [8.5, 7.75, 9.25, 8.5], "texture": "#0"},
				"up": {"uv": [10, 12.5, 9.75, 11.75], "texture": "#0"},
				"down": {"uv": [12, 9.75, 11.75, 10.5], "texture": "#0"}
			}
		},
		{
			"from": [9.67379, 14.34027, 6.7],
			"to": [9.92379, 17.54027, 9.3],
			"rotation": {"angle": 45, "axis": "z", "origin": [8.99879, 15.20277, 8]},
			"faces": {
				"north": {"uv": [9.5, 11.75, 9.25, 12.5], "texture": "#0"},
				"east": {"uv": [9.25, 7.75, 8.5, 8.5], "texture": "#0"},
				"south": {"uv": [9.75, 11.75, 9.5, 12.5], "texture": "#0"},
				"west": {"uv": [9.25, 5.75, 8.5, 6.5], "texture": "#0"},
				"up": {"uv": [9.75, 12.5, 10, 11.75], "texture": "#0"},
				"down": {"uv": [11.75, 9.75, 12, 10.5], "texture": "#0"}
			}
		},
		{
			"from": [9.61129, 12.92777, 6.7],
			"to": [9.86129, 15.87777, 9.3],
			"rotation": {"angle": -45, "axis": "z", "origin": [8.99879, 15.20277, 8]},
			"faces": {
				"north": {"uv": [5, 11.5, 4.75, 12.25], "texture": "#0"},
				"east": {"uv": [9.25, 3, 8.5, 3.75], "texture": "#0"},
				"south": {"uv": [11.75, 5, 11.5, 5.75], "texture": "#0"},
				"west": {"uv": [9.25, 2.25, 8.5, 3], "texture": "#0"},
				"up": {"uv": [5.25, 12.25, 5.5, 11.5], "texture": "#0"},
				"down": {"uv": [5.5, 11.5, 5.75, 12.25], "texture": "#0"}
			}
		},
		{
			"from": [6.13871, 12.92777, 6.7],
			"to": [6.38871, 15.87777, 9.3],
			"rotation": {"angle": 45, "axis": "z", "origin": [7.00121, 15.20277, 8]},
			"faces": {
				"north": {"uv": [4.75, 11.5, 5, 12.25], "texture": "#0"},
				"east": {"uv": [8.5, 2.25, 9.25, 3], "texture": "#0"},
				"south": {"uv": [11.5, 5, 11.75, 5.75], "texture": "#0"},
				"west": {"uv": [8.5, 3, 9.25, 3.75], "texture": "#0"},
				"up": {"uv": [5.5, 12.25, 5.25, 11.5], "texture": "#0"},
				"down": {"uv": [5.75, 11.5, 5.5, 12.25], "texture": "#0"}
			}
		},
		{
			"from": [2.6434, 14.47954, 7.2],
			"to": [4.2434, 16.07954, 8.8],
			"rotation": {"angle": 45, "axis": "z", "origin": [7.81876, 19.93757, 2.83898]},
			"faces": {
				"north": {"uv": [10.5, 4.25, 11, 4.75], "texture": "#0"},
				"east": {"uv": [10.5, 4.75, 11, 5.25], "texture": "#0"},
				"south": {"uv": [10.5, 5.25, 11, 5.75], "texture": "#0"},
				"west": {"uv": [10.5, 5.75, 11, 6.25], "texture": "#0"},
				"up": {"uv": [7.75, 11, 7.25, 10.5], "texture": "#0"},
				"down": {"uv": [11, 7.25, 10.5, 7.75], "texture": "#0"}
			}
		},
		{
			"name": "ef",
			"from": [12.82843, -6, 6.17157],
			"to": [12.82843, 24, 10.17157],
			"rotation": {"angle": 0, "axis": "y", "origin": [12.82843, 9, 8.17157]},
			"faces": {
				"north": {"uv": [0, 0, 0, 4], "texture": "#2"},
				"east": {"uv": [14, 0, 12, 16], "texture": "#2"},
				"south": {"uv": [0, 0, 0, 4], "texture": "#2"},
				"west": {"uv": [12, 0, 14, 16], "texture": "#2"},
				"up": {"uv": [1, 0, 0, 0], "rotation": 270, "texture": "#2"},
				"down": {"uv": [1, 0, 0, 0], "rotation": 90, "texture": "#2"}
			}
		},
		{
			"name": "ef",
			"from": [9.41421, -6, 11.58579],
			"to": [13.41421, 24, 11.58579],
			"rotation": {"angle": 45, "axis": "y", "origin": [11.41421, 9, 11.58579]},
			"faces": {
				"north": {"uv": [14, 0, 16, 16], "texture": "#2"},
				"east": {"uv": [0, 0, 0, 4], "texture": "#2"},
				"south": {"uv": [16, 0, 14, 16], "texture": "#2"},
				"west": {"uv": [0, 0, 0, 4], "texture": "#2"},
				"up": {"uv": [1, 0, 2, 0], "texture": "#2"},
				"down": {"uv": [1, 0, 2, 0], "texture": "#2"}
			}
		},
		{
			"name": "ef",
			"from": [6, -6, 13],
			"to": [10, 24, 13],
			"rotation": {"angle": 0, "axis": "y", "origin": [7, 1, 13]},
			"faces": {
				"north": {"uv": [0, 0, 2, 16], "texture": "#2"},
				"east": {"uv": [0, 0, 0, 4], "texture": "#2"},
				"south": {"uv": [2, 0, 0, 16], "texture": "#2"},
				"west": {"uv": [0, 0, 0, 4], "texture": "#2"},
				"up": {"uv": [0, 0, 1, 0], "texture": "#2"},
				"down": {"uv": [0, 0, 1, 0], "texture": "#2"}
			}
		},
		{
			"name": "ef",
			"from": [3.17157, -6, 6.17157],
			"to": [3.17157, 24, 10.17157],
			"rotation": {"angle": 0, "axis": "y", "origin": [3.17157, 9, 8.17157]},
			"faces": {
				"north": {"uv": [0, 0, 0, 4], "texture": "#2"},
				"east": {"uv": [4, 0, 6, 16], "texture": "#2"},
				"south": {"uv": [0, 0, 0, 4], "texture": "#2"},
				"west": {"uv": [6, 0, 4, 16], "texture": "#2"},
				"up": {"uv": [1, 0, 0, 0], "rotation": 270, "texture": "#2"},
				"down": {"uv": [1, 0, 0, 0], "rotation": 90, "texture": "#2"}
			}
		},
		{
			"name": "ef",
			"from": [2.58579, -6, 11.58579],
			"to": [6.58579, 24, 11.58579],
			"rotation": {"angle": -45, "axis": "y", "origin": [4.58579, 9, 11.58579]},
			"faces": {
				"north": {"uv": [2, 0, 4, 16], "texture": "#2"},
				"east": {"uv": [0, 0, 0, 4], "texture": "#2"},
				"south": {"uv": [4, 0, 2, 16], "texture": "#2"},
				"west": {"uv": [0, 0, 0, 4], "texture": "#2"},
				"up": {"uv": [0, 0, 1, 0], "texture": "#2"},
				"down": {"uv": [0, 0, 1, 0], "texture": "#2"}
			}
		},
		{
			"name": "ef",
			"from": [6.00071, -6, 3.34385],
			"to": [10.00071, 24, 3.34385],
			"rotation": {"angle": 0, "axis": "y", "origin": [7.00071, 1, 3.34385]},
			"faces": {
				"north": {"uv": [10, 0, 8, 16], "texture": "#2"},
				"east": {"uv": [0, 0, 0, 4], "texture": "#2"},
				"south": {"uv": [8, 0, 10, 16], "texture": "#2"},
				"west": {"uv": [0, 0, 0, 4], "texture": "#2"},
				"up": {"uv": [0, 0, 1, 0], "texture": "#2"},
				"down": {"uv": [0, 0, 1, 0], "texture": "#2"}
			}
		},
		{
			"name": "ef",
			"from": [2.58649, -6, 4.75807],
			"to": [6.58649, 24, 4.75807],
			"rotation": {"angle": 45, "axis": "y", "origin": [4.58649, 9, 4.75807]},
			"faces": {
				"north": {"uv": [8, 0, 6, 16], "texture": "#2"},
				"east": {"uv": [0, 0, 0, 4], "texture": "#2"},
				"south": {"uv": [6, 0, 8, 16], "texture": "#2"},
				"west": {"uv": [0, 0, 0, 4], "texture": "#2"},
				"up": {"uv": [0, 0, 1, 0], "texture": "#2"},
				"down": {"uv": [0, 0, 1, 0], "texture": "#2"}
			}
		},
		{
			"name": "ef",
			"from": [9.41351, -6, 4.75807],
			"to": [13.41351, 24, 4.75807],
			"rotation": {"angle": -45, "axis": "y", "origin": [11.41351, 9, 4.75807]},
			"faces": {
				"north": {"uv": [12, 0, 10, 16], "texture": "#2"},
				"east": {"uv": [0, 0, 0, 4], "texture": "#2"},
				"south": {"uv": [10, 0, 12, 16], "texture": "#2"},
				"west": {"uv": [0, 0, 0, 4], "texture": "#2"},
				"up": {"uv": [1, 0, 2, 0], "texture": "#2"},
				"down": {"uv": [1, 0, 2, 0], "texture": "#2"}
			}
		}
	],
	"gui_light": "front",
	"display": {
		"thirdperson_righthand": {
			"rotation": [0, 90, 0],
			"translation": [0, 5.25, 1.75]
		},
		"thirdperson_lefthand": {
			"rotation": [0, 90, 0],
			"translation": [0, 5.25, 1.75]
		},
		"firstperson_righthand": {
			"rotation": [-1.28, -85.49, -10.83],
			"translation": [-3, 5.75, 3.75],
			"scale": [0.56, 0.56, 0.56]
		},
		"firstperson_lefthand": {
			"rotation": [-1.28, -85.49, -10.83],
			"translation": [-3, 5.75, 3.75],
			"scale": [0.56, 0.56, 0.56]
		},
		"ground": {
			"rotation": [0, 0, 45],
			"translation": [0, 3, 0],
			"scale": [0.52, 0.52, 0.52]
		},
		"gui": {
			"rotation": [0, 0, -45],
			"translation": [-0.5, -0.5, 0],
			"scale": [0.64, 0.64, 0.64]
		},
		"head": {
			"scale": [0, 0, 0]
		},
		"fixed": {
			"translation": [0, 1.75, -2],
			"scale": [0.73, 0.73, 0.73]
		}
	},
	"groups": [
		{
			"name": "pickaxevoid",
			"origin": [-0.47933, 14.4169, 8],
			"color": 0,
			"children": [0, 1, 2, 3, 4, 5, 6, 7, 8, 9, 10, 11, 12, 13, 14, 15, 16, 17, 18, 19, 20, 21, 22, 23, 24, 25, 26, 27, 28, 29, 30, 31, 32, 33, 34, 35, 36, 37, 38, 39]
		}
	]
}