{
  "parent": "minecraft:item/handheld",
  "textures": {
    "layer0": "minecraft:item/diamond_pickaxe"
  },
  "overrides": [
    {
      "predicate": {
        "damage": 0
      },
      "model": "item/diamond_pickaxe"
    },
    {
      "predicate": {
        "custom_model_data": 1
      },
      "model": "heartandbloodtheme/heartpickaxe"
    },
    {
      "predicate": {
        "custom_model_data": 2
      },
      "model": "lightiningtheme/lightpickaxe"
    },
    {
      "predicate": {
        "custom_model_data": 3
      },
      "model": "christmas/noparticles/christmas_pickaxe"
    },
    {
      "predicate": {
        "custom_model_data": 4
      },
      "model": "christmas/christmas_pickaxe"
    },
    {
      "predicate": {
        "custom_model_data": 5
      },
      "model": "void/noparticles/void_pickaxe"
    },
    {
      "predicate": {
        "custom_model_data": 6
      },
      "model": "void/void_pickaxe"
    }
  ]
}