{
	"credit": "Made with Blockbench",
	"textures": {
		"2": "item/magma/magma_np_set"
	},
	"elements": [
		{
			"from": [1.25, 6.79204, 1.70412],
			"to": [14.75, 8.74204, 4.05412],
			"rotation": {"angle": 22.5, "axis": "x", "origin": [8, 9.15365, 16]},
			"faces": {
				"north": {"uv": [9, 8.875, 10.75, 9.125], "texture": "#2"},
				"east": {"uv": [8.875, 11.75, 9.125, 12], "texture": "#2"},
				"south": {"uv": [9.125, 3, 10.875, 3.25], "texture": "#2"},
				"west": {"uv": [11.75, 8.875, 12, 9.125], "texture": "#2"},
				"up": {"uv": [10.875, 3.5, 9.125, 3.25], "texture": "#2"},
				"down": {"uv": [10.875, 3.5, 9.125, 3.75], "texture": "#2"}
			}
		},
		{
			"from": [1.246, 3.28736, 2.93813],
			"to": [14.754, 5.12036, 6.49613],
			"rotation": {"angle": 45, "axis": "x", "origin": [8, 9.15365, 16]},
			"faces": {
				"north": {"uv": [9.125, 3.75, 10.875, 4], "texture": "#2"},
				"east": {"uv": [9.875, 10.875, 10.375, 11.125], "texture": "#2"},
				"south": {"uv": [9.125, 4, 10.875, 4.25], "texture": "#2"},
				"west": {"uv": [11, 0, 11.5, 0.25], "texture": "#2"},
				"up": {"uv": [7.75, 7.5, 6, 7], "texture": "#2"},
				"down": {"uv": [8.875, 0, 7.125, 0.5], "texture": "#2"}
			}
		},
		{
			"from": [1.25, 17.27777, 7.27517],
			"to": [14.75, 19.67777, 9.27517],
			"rotation": {"angle": -22.5, "axis": "x", "origin": [8, 9.15365, 16]},
			"faces": {
				"north": {"uv": [9.125, 4.25, 10.875, 4.5], "texture": "#2"},
				"east": {"uv": [11.75, 9.25, 12, 9.5], "texture": "#2"},
				"south": {"uv": [9.125, 4.5, 10.875, 4.75], "texture": "#2"},
				"west": {"uv": [9.375, 11.75, 9.625, 12], "texture": "#2"},
				"up": {"uv": [7.625, 9.375, 5.875, 9.125], "texture": "#2"},
				"down": {"uv": [9.375, 9.125, 7.625, 9.375], "texture": "#2"}
			}
		},
		{
			"from": [4.975, 14.84684, 4.42193],
			"to": [11.025, 16.69684, 8.17193],
			"rotation": {"angle": 0, "axis": "y", "origin": [8, 9.15365, 16]},
			"faces": {
				"north": {"uv": [7.625, 10.375, 8.375, 10.625], "texture": "#2"},
				"east": {"uv": [7.75, 11, 8.25, 11.25], "texture": "#2"},
				"south": {"uv": [10.375, 10.125, 11.125, 10.375], "texture": "#2"},
				"west": {"uv": [11, 8.125, 11.5, 8.375], "texture": "#2"},
				"up": {"uv": [6.625, 9.875, 5.875, 9.375], "texture": "#2"},
				"down": {"uv": [7.375, 9.375, 6.625, 9.875], "texture": "#2"}
			}
		},
		{
			"from": [4.971, 18.69938, 4.43591],
			"to": [11.029, 20.55738, 8.19391],
			"rotation": {"angle": -22.5, "axis": "x", "origin": [8, 9.15365, 16]},
			"faces": {
				"north": {"uv": [10.375, 5.375, 11.125, 5.625], "texture": "#2"},
				"east": {"uv": [7.25, 11, 7.75, 11.25], "texture": "#2"},
				"south": {"uv": [6.875, 10.375, 7.625, 10.625], "texture": "#2"},
				"west": {"uv": [11, 7.5, 11.5, 7.75], "texture": "#2"},
				"up": {"uv": [5.875, 9.75, 5.125, 9.25], "texture": "#2"},
				"down": {"uv": [0.75, 9.375, 0, 9.875], "texture": "#2"}
			}
		},
		{
			"from": [4.969, 7.28426, -0.24104],
			"to": [11.031, 9.04626, 1.62096],
			"rotation": {"angle": 22.5, "axis": "x", "origin": [8, 9.15365, 16]},
			"faces": {
				"north": {"uv": [10.25, 2.25, 11, 2.5], "texture": "#2"},
				"east": {"uv": [11.75, 9.75, 12, 10], "texture": "#2"},
				"south": {"uv": [10.375, 1.5, 11.125, 1.75], "texture": "#2"},
				"west": {"uv": [11.75, 10, 12, 10.25], "texture": "#2"},
				"up": {"uv": [11.125, 2, 10.375, 1.75], "texture": "#2"},
				"down": {"uv": [3.625, 10.375, 2.875, 10.625], "texture": "#2"}
			}
		},
		{
			"from": [4.967, 7.38698, 0.27969],
			"to": [11.033, 13.65298, 2.14569],
			"rotation": {"angle": 0, "axis": "y", "origin": [8, 9.15365, 16]},
			"faces": {
				"north": {"uv": [7.125, 8.125, 7.875, 8.875], "texture": "#2"},
				"east": {"uv": [9.875, 10.125, 10.125, 10.875], "texture": "#2"},
				"south": {"uv": [7.875, 8.125, 8.625, 8.875], "texture": "#2"},
				"west": {"uv": [10.125, 10.125, 10.375, 10.875], "texture": "#2"},
				"up": {"uv": [11, 0.25, 10.25, 0], "texture": "#2"},
				"down": {"uv": [11, 2, 10.25, 2.25], "texture": "#2"}
			}
		},
		{
			"from": [-0.002, 18.4063, 5.9749],
			"to": [2.252, 20.3603, 8.4289],
			"rotation": {"angle": -22.5, "axis": "x", "origin": [8, 9.15365, 16]},
			"faces": {
				"north": {"uv": [11.75, 6.125, 12, 6.375], "texture": "#2"},
				"east": {"uv": [11.75, 6.375, 12, 6.625], "texture": "#2"},
				"south": {"uv": [11.75, 6.625, 12, 6.875], "texture": "#2"},
				"west": {"uv": [6.75, 11.75, 7, 12], "texture": "#2"},
				"up": {"uv": [12, 7.125, 11.75, 6.875], "texture": "#2"},
				"down": {"uv": [12, 7.125, 11.75, 7.375], "texture": "#2"}
			}
		},
		{
			"from": [-0.004, 21.28707, 8.7737],
			"to": [2.254, 23.34507, 11.0317],
			"rotation": {"angle": -45, "axis": "x", "origin": [8, 9.15365, 16]},
			"faces": {
				"north": {"uv": [11.75, 4, 12, 4.25], "texture": "#2"},
				"east": {"uv": [11.75, 4.25, 12, 4.5], "texture": "#2"},
				"south": {"uv": [4.5, 11.75, 4.75, 12], "texture": "#2"},
				"west": {"uv": [5.125, 11.75, 5.375, 12], "texture": "#2"},
				"up": {"uv": [12, 5.625, 11.75, 5.375], "texture": "#2"},
				"down": {"uv": [12, 5.875, 11.75, 6.125], "texture": "#2"}
			}
		},
		{
			"from": [-0.006, 5.6544, 0.12268],
			"to": [2.256, 7.9164, 2.28468],
			"rotation": {"angle": 22.5, "axis": "x", "origin": [8, 9.15365, 16]},
			"faces": {
				"north": {"uv": [11.75, 2.25, 12, 2.5], "texture": "#2"},
				"east": {"uv": [11.75, 2.5, 12, 2.75], "texture": "#2"},
				"south": {"uv": [11.75, 3.25, 12, 3.5], "texture": "#2"},
				"west": {"uv": [11.75, 3.5, 12, 3.75], "texture": "#2"},
				"up": {"uv": [3.875, 12, 3.625, 11.75], "texture": "#2"},
				"down": {"uv": [12, 3.75, 11.75, 4], "texture": "#2"}
			}
		},
		{
			"from": [-0.008, 8.492, -0.008],
			"to": [2.258, 12.008, 2.258],
			"rotation": {"angle": 0, "axis": "y", "origin": [8, 9.15365, 16]},
			"faces": {
				"north": {"uv": [6, 10.875, 6.25, 11.375], "texture": "#2"},
				"east": {"uv": [6.25, 10.875, 6.5, 11.375], "texture": "#2"},
				"south": {"uv": [6.5, 10.875, 6.75, 11.375], "texture": "#2"},
				"west": {"uv": [8.375, 10.875, 8.625, 11.375], "texture": "#2"},
				"up": {"uv": [12, 1.125, 11.75, 0.875], "texture": "#2"},
				"down": {"uv": [12, 2, 11.75, 2.25], "texture": "#2"}
			}
		},
		{
			"from": [13.746, 21.28707, 8.7737],
			"to": [16.004, 23.34507, 11.0317],
			"rotation": {"angle": -45, "axis": "x", "origin": [8, 9.15365, 16]},
			"faces": {
				"north": {"uv": [12, 4, 11.75, 4.25], "texture": "#2"},
				"east": {"uv": [5.375, 11.75, 5.125, 12], "texture": "#2"},
				"south": {"uv": [4.75, 11.75, 4.5, 12], "texture": "#2"},
				"west": {"uv": [12, 4.25, 11.75, 4.5], "texture": "#2"},
				"up": {"uv": [11.75, 5.625, 12, 5.375], "texture": "#2"},
				"down": {"uv": [11.75, 5.875, 12, 6.125], "texture": "#2"}
			}
		},
		{
			"from": [13.748, 18.4063, 5.9749],
			"to": [16.002, 20.3603, 8.4289],
			"rotation": {"angle": -22.5, "axis": "x", "origin": [8, 9.15365, 16]},
			"faces": {
				"north": {"uv": [12, 6.125, 11.75, 6.375], "texture": "#2"},
				"east": {"uv": [7, 11.75, 6.75, 12], "texture": "#2"},
				"south": {"uv": [12, 6.625, 11.75, 6.875], "texture": "#2"},
				"west": {"uv": [12, 6.375, 11.75, 6.625], "texture": "#2"},
				"up": {"uv": [11.75, 7.125, 12, 6.875], "texture": "#2"},
				"down": {"uv": [11.75, 7.125, 12, 7.375], "texture": "#2"}
			}
		},
		{
			"from": [13.744, 5.6544, 0.12268],
			"to": [16.006, 7.9164, 2.28468],
			"rotation": {"angle": 22.5, "axis": "x", "origin": [8, 9.15365, 16]},
			"faces": {
				"north": {"uv": [12, 2.25, 11.75, 2.5], "texture": "#2"},
				"east": {"uv": [12, 3.5, 11.75, 3.75], "texture": "#2"},
				"south": {"uv": [12, 3.25, 11.75, 3.5], "texture": "#2"},
				"west": {"uv": [12, 2.5, 11.75, 2.75], "texture": "#2"},
				"up": {"uv": [3.625, 12, 3.875, 11.75], "texture": "#2"},
				"down": {"uv": [11.75, 3.75, 12, 4], "texture": "#2"}
			}
		},
		{
			"from": [13.742, 8.492, -0.008],
			"to": [16.008, 12.008, 2.258],
			"rotation": {"angle": 0, "axis": "y", "origin": [8, 9.15365, 16]},
			"faces": {
				"north": {"uv": [6.25, 10.875, 6, 11.375], "texture": "#2"},
				"east": {"uv": [8.625, 10.875, 8.375, 11.375], "texture": "#2"},
				"south": {"uv": [6.75, 10.875, 6.5, 11.375], "texture": "#2"},
				"west": {"uv": [6.5, 10.875, 6.25, 11.375], "texture": "#2"},
				"up": {"uv": [11.75, 1.125, 12, 0.875], "texture": "#2"},
				"down": {"uv": [11.75, 2, 12, 2.25], "texture": "#2"}
			}
		},
		{
			"from": [5.971, 19.24427, 4.32753],
			"to": [10.029, 21.10227, 8.58553],
			"rotation": {"angle": -22.5, "axis": "x", "origin": [8, 9.15365, 16]},
			"faces": {
				"north": {"uv": [11, 4.5, 11.5, 4.75], "texture": "#2"},
				"east": {"uv": [5.125, 11, 5.625, 11.25], "texture": "#2"},
				"south": {"uv": [11, 5.875, 11.5, 6.125], "texture": "#2"},
				"west": {"uv": [6.75, 11, 7.25, 11.25], "texture": "#2"},
				"up": {"uv": [10.375, 2, 9.875, 1.5], "texture": "#2"},
				"down": {"uv": [7.375, 9.875, 6.875, 10.375], "texture": "#2"}
			}
		},
		{
			"from": [5.969, 7.09292, -0.70298],
			"to": [10.031, 9.35492, 1.65902],
			"rotation": {"angle": 22.5, "axis": "x", "origin": [8, 9.15365, 16]},
			"faces": {
				"north": {"uv": [11, 2, 11.5, 2.25], "texture": "#2"},
				"east": {"uv": [11.75, 9.5, 12, 9.75], "texture": "#2"},
				"south": {"uv": [11, 2.25, 11.5, 2.5], "texture": "#2"},
				"west": {"uv": [9.625, 11.75, 9.875, 12], "texture": "#2"},
				"up": {"uv": [11.5, 4, 11, 3.75], "texture": "#2"},
				"down": {"uv": [11.5, 4, 11, 4.25], "texture": "#2"}
			}
		},
		{
			"from": [5.967, 8.38698, -0.22031],
			"to": [10.033, 13.65298, 2.14569],
			"rotation": {"angle": 0, "axis": "y", "origin": [8, 9.15365, 16]},
			"faces": {
				"north": {"uv": [2.875, 9.75, 3.375, 10.375], "texture": "#2"},
				"east": {"uv": [1.375, 6.375, 1.625, 7], "texture": "#2"},
				"south": {"uv": [3.375, 9.75, 3.875, 10.375], "texture": "#2"},
				"west": {"uv": [1, 10.625, 1.25, 11.25], "texture": "#2"},
				"up": {"uv": [11.5, 4.5, 11, 4.25], "texture": "#2"},
				"down": {"uv": [5, 11, 4.5, 11.25], "texture": "#2"}
			}
		},
		{
			"from": [1.25, 6.79204, 11.94588],
			"to": [14.75, 8.74204, 14.29588],
			"rotation": {"angle": -22.5, "axis": "x", "origin": [8, 9.15365, 0]},
			"faces": {
				"north": {"uv": [10.875, 3, 9.125, 3.25], "texture": "#2"},
				"east": {"uv": [9.125, 11.75, 8.875, 12], "texture": "#2"},
				"south": {"uv": [10.75, 8.875, 9, 9.125], "texture": "#2"},
				"west": {"uv": [12, 8.875, 11.75, 9.125], "texture": "#2"},
				"up": {"uv": [10.875, 3.25, 9.125, 3.5], "texture": "#2"},
				"down": {"uv": [10.875, 3.75, 9.125, 3.5], "texture": "#2"}
			}
		},
		{
			"from": [1.246, 3.28736, 9.50387],
			"to": [14.754, 5.12036, 13.06187],
			"rotation": {"angle": -45, "axis": "x", "origin": [8, 9.15365, 0]},
			"faces": {
				"north": {"uv": [10.875, 4, 9.125, 4.25], "texture": "#2"},
				"east": {"uv": [10.375, 10.875, 9.875, 11.125], "texture": "#2"},
				"south": {"uv": [10.875, 3.75, 9.125, 4], "texture": "#2"},
				"west": {"uv": [11.5, 0, 11, 0.25], "texture": "#2"},
				"up": {"uv": [7.75, 7, 6, 7.5], "texture": "#2"},
				"down": {"uv": [8.875, 0.5, 7.125, 0], "texture": "#2"}
			}
		},
		{
			"from": [1.25, 17.27777, 6.72483],
			"to": [14.75, 19.67777, 8.72483],
			"rotation": {"angle": 22.5, "axis": "x", "origin": [8, 9.15365, 0]},
			"faces": {
				"north": {"uv": [10.875, 4.5, 9.125, 4.75], "texture": "#2"},
				"east": {"uv": [12, 9.25, 11.75, 9.5], "texture": "#2"},
				"south": {"uv": [10.875, 4.25, 9.125, 4.5], "texture": "#2"},
				"west": {"uv": [9.625, 11.75, 9.375, 12], "texture": "#2"},
				"up": {"uv": [7.625, 9.125, 5.875, 9.375], "texture": "#2"},
				"down": {"uv": [9.375, 9.375, 7.625, 9.125], "texture": "#2"}
			}
		},
		{
			"from": [-0.008, 8.492, 13.742],
			"to": [2.258, 12.008, 16.008],
			"rotation": {"angle": 0, "axis": "y", "origin": [8, 9.15365, 0]},
			"faces": {
				"north": {"uv": [6.75, 10.875, 6.5, 11.375], "texture": "#2"},
				"east": {"uv": [6.5, 10.875, 6.25, 11.375], "texture": "#2"},
				"south": {"uv": [6.25, 10.875, 6, 11.375], "texture": "#2"},
				"west": {"uv": [8.625, 10.875, 8.375, 11.375], "texture": "#2"},
				"up": {"uv": [12, 0.875, 11.75, 1.125], "texture": "#2"},
				"down": {"uv": [12, 2.25, 11.75, 2], "texture": "#2"}
			}
		},
		{
			"from": [-0.006, 5.6544, 13.71532],
			"to": [2.256, 7.9164, 15.87732],
			"rotation": {"angle": -22.5, "axis": "x", "origin": [8, 9.15365, 0]},
			"faces": {
				"north": {"uv": [12, 3.25, 11.75, 3.5], "texture": "#2"},
				"east": {"uv": [12, 2.5, 11.75, 2.75], "texture": "#2"},
				"south": {"uv": [12, 2.25, 11.75, 2.5], "texture": "#2"},
				"west": {"uv": [12, 3.5, 11.75, 3.75], "texture": "#2"},
				"up": {"uv": [3.875, 11.75, 3.625, 12], "texture": "#2"},
				"down": {"uv": [12, 4, 11.75, 3.75], "texture": "#2"}
			}
		},
		{
			"from": [-0.004, 21.28707, 4.9683],
			"to": [2.254, 23.34507, 7.2263],
			"rotation": {"angle": 45, "axis": "x", "origin": [8, 9.15365, 0]},
			"faces": {
				"north": {"uv": [4.75, 11.75, 4.5, 12], "texture": "#2"},
				"east": {"uv": [12, 4.25, 11.75, 4.5], "texture": "#2"},
				"south": {"uv": [12, 4, 11.75, 4.25], "texture": "#2"},
				"west": {"uv": [5.375, 11.75, 5.125, 12], "texture": "#2"},
				"up": {"uv": [12, 5.375, 11.75, 5.625], "texture": "#2"},
				"down": {"uv": [12, 6.125, 11.75, 5.875], "texture": "#2"}
			}
		},
		{
			"from": [-0.002, 18.4063, 7.5711],
			"to": [2.252, 20.3603, 10.0251],
			"rotation": {"angle": 22.5, "axis": "x", "origin": [8, 9.15365, 0]},
			"faces": {
				"north": {"uv": [12, 6.625, 11.75, 6.875], "texture": "#2"},
				"east": {"uv": [12, 6.375, 11.75, 6.625], "texture": "#2"},
				"south": {"uv": [12, 6.125, 11.75, 6.375], "texture": "#2"},
				"west": {"uv": [7, 11.75, 6.75, 12], "texture": "#2"},
				"up": {"uv": [12, 6.875, 11.75, 7.125], "texture": "#2"},
				"down": {"uv": [12, 7.375, 11.75, 7.125], "texture": "#2"}
			}
		},
		{
			"from": [4.967, 7.38698, 13.85431],
			"to": [11.033, 13.65298, 15.72031],
			"rotation": {"angle": 0, "axis": "y", "origin": [8, 9.15365, 0]},
			"faces": {
				"north": {"uv": [8.625, 8.125, 7.875, 8.875], "texture": "#2"},
				"east": {"uv": [10.125, 10.125, 9.875, 10.875], "texture": "#2"},
				"south": {"uv": [7.875, 8.125, 7.125, 8.875], "texture": "#2"},
				"west": {"uv": [10.375, 10.125, 10.125, 10.875], "texture": "#2"},
				"up": {"uv": [11, 0, 10.25, 0.25], "texture": "#2"},
				"down": {"uv": [11, 2.25, 10.25, 2], "texture": "#2"}
			}
		},
		{
			"from": [5.967, 8.38698, 13.85431],
			"to": [10.033, 13.65298, 16.22031],
			"rotation": {"angle": 0, "axis": "y", "origin": [8, 9.15365, 0]},
			"faces": {
				"north": {"uv": [3.875, 9.75, 3.375, 10.375], "texture": "#2"},
				"east": {"uv": [1.625, 6.375, 1.375, 7], "texture": "#2"},
				"south": {"uv": [3.375, 9.75, 2.875, 10.375], "texture": "#2"},
				"west": {"uv": [1.25, 10.625, 1, 11.25], "texture": "#2"},
				"up": {"uv": [11.5, 4.25, 11, 4.5], "texture": "#2"},
				"down": {"uv": [5, 11.25, 4.5, 11], "texture": "#2"}
			}
		},
		{
			"from": [4.969, 7.28426, 14.37904],
			"to": [11.031, 9.04626, 16.24104],
			"rotation": {"angle": -22.5, "axis": "x", "origin": [8, 9.15365, 0]},
			"faces": {
				"north": {"uv": [11.125, 1.5, 10.375, 1.75], "texture": "#2"},
				"east": {"uv": [12, 9.75, 11.75, 10], "texture": "#2"},
				"south": {"uv": [11, 2.25, 10.25, 2.5], "texture": "#2"},
				"west": {"uv": [12, 10, 11.75, 10.25], "texture": "#2"},
				"up": {"uv": [11.125, 1.75, 10.375, 2], "texture": "#2"},
				"down": {"uv": [3.625, 10.625, 2.875, 10.375], "texture": "#2"}
			}
		},
		{
			"from": [5.969, 7.09292, 14.34098],
			"to": [10.031, 9.35492, 16.70298],
			"rotation": {"angle": -22.5, "axis": "x", "origin": [8, 9.15365, 0]},
			"faces": {
				"north": {"uv": [11.5, 2.25, 11, 2.5], "texture": "#2"},
				"east": {"uv": [12, 9.5, 11.75, 9.75], "texture": "#2"},
				"south": {"uv": [11.5, 2, 11, 2.25], "texture": "#2"},
				"west": {"uv": [9.875, 11.75, 9.625, 12], "texture": "#2"},
				"up": {"uv": [11.5, 3.75, 11, 4], "texture": "#2"},
				"down": {"uv": [11.5, 4.25, 11, 4], "texture": "#2"}
			}
		},
		{
			"from": [4.971, 18.69938, 7.80609],
			"to": [11.029, 20.55738, 11.56409],
			"rotation": {"angle": 22.5, "axis": "x", "origin": [8, 9.15365, 0]},
			"faces": {
				"north": {"uv": [7.625, 10.375, 6.875, 10.625], "texture": "#2"},
				"east": {"uv": [7.75, 11, 7.25, 11.25], "texture": "#2"},
				"south": {"uv": [11.125, 5.375, 10.375, 5.625], "texture": "#2"},
				"west": {"uv": [11.5, 7.5, 11, 7.75], "texture": "#2"},
				"up": {"uv": [5.875, 9.25, 5.125, 9.75], "texture": "#2"},
				"down": {"uv": [0.75, 9.875, 0, 9.375], "texture": "#2"}
			}
		},
		{
			"from": [5.971, 19.24427, 7.41447],
			"to": [10.029, 21.10227, 11.67247],
			"rotation": {"angle": 22.5, "axis": "x", "origin": [8, 9.15365, 0]},
			"faces": {
				"north": {"uv": [11.5, 5.875, 11, 6.125], "texture": "#2"},
				"east": {"uv": [5.625, 11, 5.125, 11.25], "texture": "#2"},
				"south": {"uv": [11.5, 4.5, 11, 4.75], "texture": "#2"},
				"west": {"uv": [7.25, 11, 6.75, 11.25], "texture": "#2"},
				"up": {"uv": [10.375, 1.5, 9.875, 2], "texture": "#2"},
				"down": {"uv": [7.375, 10.375, 6.875, 9.875], "texture": "#2"}
			}
		},
		{
			"from": [4.975, 14.84684, 7.82807],
			"to": [11.025, 16.69684, 11.57807],
			"rotation": {"angle": 0, "axis": "y", "origin": [8, 9.15365, 16]},
			"faces": {
				"north": {"uv": [10.375, 10.375, 11.125, 10.625], "texture": "#2"},
				"east": {"uv": [0, 11.125, 0.5, 11.375], "texture": "#2"},
				"south": {"uv": [10.5, 1.125, 11.25, 1.375], "texture": "#2"},
				"west": {"uv": [11.125, 1.5, 11.625, 1.75], "texture": "#2"},
				"up": {"uv": [8.125, 9.875, 7.375, 9.375], "texture": "#2"},
				"down": {"uv": [8.875, 9.375, 8.125, 9.875], "texture": "#2"}
			}
		},
		{
			"from": [0.75, 9, 0.75],
			"to": [15.25, 10.5, 15.25],
			"rotation": {"angle": 0, "axis": "y", "origin": [8, 9.15365, 16]},
			"faces": {
				"north": {"uv": [8.875, 6.5, 10.75, 6.75], "texture": "#2"},
				"east": {"uv": [8.875, 6.75, 10.75, 7], "texture": "#2"},
				"south": {"uv": [7.125, 8.875, 9, 9.125], "texture": "#2"},
				"west": {"uv": [9, 0.375, 10.875, 0.625], "texture": "#2"},
				"up": {"uv": [3.75, 1.875, 1.875, 0], "texture": "#2"},
				"down": {"uv": [3.75, 1.875, 1.875, 3.75], "texture": "#2"}
			}
		},
		{
			"from": [1.242, 10.492, 1.867],
			"to": [14.758, 12.483, 14.258],
			"rotation": {"angle": 0, "axis": "y", "origin": [8, 9.15365, 16]},
			"faces": {
				"north": {"uv": [9, 2.75, 10.75, 3], "texture": "#2"},
				"east": {"uv": [9.25, 7, 10.75, 7.25], "texture": "#2"},
				"south": {"uv": [4.125, 9, 5.875, 9.25], "texture": "#2"},
				"west": {"uv": [9.25, 7.25, 10.75, 7.5], "texture": "#2"},
				"up": {"uv": [3.375, 5.25, 1.625, 3.75], "texture": "#2"},
				"down": {"uv": [5.5, 1.625, 3.75, 3.125], "texture": "#2"}
			}
		},
		{
			"from": [1.244, 12.49119, 5.75966],
			"to": [14.756, 16.30319, 10.27166],
			"rotation": {"angle": 0, "axis": "y", "origin": [8, 9.15365, 16]},
			"faces": {
				"north": {"uv": [4.25, 6.875, 6, 7.375], "texture": "#2"},
				"east": {"uv": [9.625, 2, 10.25, 2.5], "texture": "#2"},
				"south": {"uv": [1.375, 7, 3.125, 7.5], "texture": "#2"},
				"west": {"uv": [9.375, 9.625, 10, 10.125], "texture": "#2"},
				"up": {"uv": [7.25, 3.125, 5.5, 2.5], "texture": "#2"},
				"down": {"uv": [6, 6.25, 4.25, 6.875], "texture": "#2"}
			}
		},
		{
			"from": [5.975, 15.75729, 4.55],
			"to": [10.025, 17.35729, 11.45],
			"rotation": {"angle": 0, "axis": "y", "origin": [8, 9.15365, 16]},
			"faces": {
				"north": {"uv": [11, 0.625, 11.5, 0.875], "texture": "#2"},
				"east": {"uv": [10.125, 7.5, 11, 7.75], "texture": "#2"},
				"south": {"uv": [11, 0.875, 11.5, 1.125], "texture": "#2"},
				"west": {"uv": [10.125, 8.125, 11, 8.375], "texture": "#2"},
				"up": {"uv": [1.5, 10.125, 1, 9.25], "texture": "#2"},
				"down": {"uv": [2, 9.25, 1.5, 10.125], "texture": "#2"}
			}
		},
		{
			"from": [2.225, 16.00729, 6.75],
			"to": [13.775, 16.65729, 9.25],
			"rotation": {"angle": 0, "axis": "y", "origin": [8, 9.15365, 16]},
			"faces": {
				"north": {"uv": [10.125, 6.125, 11.625, 6.25], "texture": "#2"},
				"east": {"uv": [12, 5.125, 12.375, 5.25], "texture": "#2"},
				"south": {"uv": [10.125, 7.75, 11.625, 7.875], "texture": "#2"},
				"west": {"uv": [12, 5.375, 12.375, 5.5], "texture": "#2"},
				"up": {"uv": [9, 2.5, 7.5, 2.125], "texture": "#2"},
				"down": {"uv": [9.25, 5.5, 7.75, 5.875], "texture": "#2"}
			}
		},
		{
			"from": [0, 14.75729, 4.75],
			"to": [2.25, 16.60729, 11.25],
			"rotation": {"angle": 0, "axis": "y", "origin": [8, 9.15365, 16]},
			"faces": {
				"north": {"uv": [11.75, 7.375, 12, 7.625], "texture": "#2"},
				"east": {"uv": [9.625, 2.5, 10.5, 2.75], "texture": "#2"},
				"south": {"uv": [11.75, 7.625, 12, 7.875], "texture": "#2"},
				"west": {"uv": [10.125, 5.875, 11, 6.125], "texture": "#2"},
				"up": {"uv": [4.75, 11, 4.5, 10.125], "texture": "#2"},
				"down": {"uv": [5, 10.125, 4.75, 11], "texture": "#2"}
			}
		},
		{
			"from": [13.742, 8.492, 13.742],
			"to": [16.008, 12.008, 16.008],
			"rotation": {"angle": 0, "axis": "y", "origin": [8, 9.15365, 0]},
			"faces": {
				"north": {"uv": [6.5, 10.875, 6.75, 11.375], "texture": "#2"},
				"east": {"uv": [8.375, 10.875, 8.625, 11.375], "texture": "#2"},
				"south": {"uv": [6, 10.875, 6.25, 11.375], "texture": "#2"},
				"west": {"uv": [6.25, 10.875, 6.5, 11.375], "texture": "#2"},
				"up": {"uv": [11.75, 0.875, 12, 1.125], "texture": "#2"},
				"down": {"uv": [11.75, 2.25, 12, 2], "texture": "#2"}
			}
		},
		{
			"from": [13.744, 5.6544, 13.71532],
			"to": [16.006, 7.9164, 15.87732],
			"rotation": {"angle": -22.5, "axis": "x", "origin": [8, 9.15365, 0]},
			"faces": {
				"north": {"uv": [11.75, 3.25, 12, 3.5], "texture": "#2"},
				"east": {"uv": [11.75, 3.5, 12, 3.75], "texture": "#2"},
				"south": {"uv": [11.75, 2.25, 12, 2.5], "texture": "#2"},
				"west": {"uv": [11.75, 2.5, 12, 2.75], "texture": "#2"},
				"up": {"uv": [3.625, 11.75, 3.875, 12], "texture": "#2"},
				"down": {"uv": [11.75, 4, 12, 3.75], "texture": "#2"}
			}
		},
		{
			"from": [13.746, 21.28707, 4.9683],
			"to": [16.004, 23.34507, 7.2263],
			"rotation": {"angle": 45, "axis": "x", "origin": [8, 9.15365, 0]},
			"faces": {
				"north": {"uv": [4.5, 11.75, 4.75, 12], "texture": "#2"},
				"east": {"uv": [5.125, 11.75, 5.375, 12], "texture": "#2"},
				"south": {"uv": [11.75, 4, 12, 4.25], "texture": "#2"},
				"west": {"uv": [11.75, 4.25, 12, 4.5], "texture": "#2"},
				"up": {"uv": [11.75, 5.375, 12, 5.625], "texture": "#2"},
				"down": {"uv": [11.75, 6.125, 12, 5.875], "texture": "#2"}
			}
		},
		{
			"from": [13.748, 18.4063, 7.5711],
			"to": [16.002, 20.3603, 10.0251],
			"rotation": {"angle": 22.5, "axis": "x", "origin": [8, 9.15365, 0]},
			"faces": {
				"north": {"uv": [11.75, 6.625, 12, 6.875], "texture": "#2"},
				"east": {"uv": [6.75, 11.75, 7, 12], "texture": "#2"},
				"south": {"uv": [11.75, 6.125, 12, 6.375], "texture": "#2"},
				"west": {"uv": [11.75, 6.375, 12, 6.625], "texture": "#2"},
				"up": {"uv": [11.75, 6.875, 12, 7.125], "texture": "#2"},
				"down": {"uv": [11.75, 7.375, 12, 7.125], "texture": "#2"}
			}
		},
		{
			"from": [13.75, 14.75729, 4.75],
			"to": [16, 16.60729, 11.25],
			"rotation": {"angle": 0, "axis": "y", "origin": [8, 9.15365, 16]},
			"faces": {
				"north": {"uv": [12, 7.375, 11.75, 7.625], "texture": "#2"},
				"east": {"uv": [11, 5.875, 10.125, 6.125], "texture": "#2"},
				"south": {"uv": [12, 7.625, 11.75, 7.875], "texture": "#2"},
				"west": {"uv": [10.5, 2.5, 9.625, 2.75], "texture": "#2"},
				"up": {"uv": [4.5, 11, 4.75, 10.125], "texture": "#2"},
				"down": {"uv": [4.75, 10.125, 5, 11], "texture": "#2"}
			}
		},
		{
			"from": [0.75, 0, 0.75],
			"to": [15.25, 1.5, 15.25],
			"rotation": {"angle": 0, "axis": "y", "origin": [7, 0, 7]},
			"faces": {
				"north": {"uv": [8.75, 6.25, 10.625, 6.5], "texture": "#2"},
				"east": {"uv": [8.75, 7.875, 10.625, 8.125], "texture": "#2"},
				"south": {"uv": [8.875, 4.875, 10.75, 5.125], "texture": "#2"},
				"west": {"uv": [8.875, 5.125, 10.75, 5.375], "texture": "#2"},
				"up": {"uv": [1.875, 1.875, 0, 0], "texture": "#2"},
				"down": {"uv": [1.875, 1.875, 0, 3.75], "texture": "#2"}
			}
		},
		{
			"from": [1.75, 1.5, 1.75],
			"to": [14.25, 9, 14.25],
			"rotation": {"angle": 0, "axis": "y", "origin": [7, 0, 7]},
			"faces": {
				"north": {"uv": [4.75, 4.5, 6.375, 5.5], "texture": "#2"},
				"east": {"uv": [5.125, 3.125, 6.75, 4.125], "texture": "#2"},
				"south": {"uv": [1.625, 5.25, 3.25, 6.25], "texture": "#2"},
				"west": {"uv": [0, 5.375, 1.625, 6.375], "texture": "#2"},
				"up": {"uv": [1.625, 5.375, 0, 3.75], "texture": "#2"},
				"down": {"uv": [5.375, 0, 3.75, 1.625], "texture": "#2"}
			}
		},
		{
			"from": [3.75, 5.5, 1.25],
			"to": [12.25, 9, 1.75],
			"rotation": {"angle": 0, "axis": "y", "origin": [7, 0, 7]},
			"faces": {
				"north": {"uv": [3.125, 8.125, 4.25, 8.625], "texture": "#2"},
				"east": {"uv": [5.625, 11.625, 5.75, 12.125], "texture": "#2"},
				"south": {"uv": [6, 8.125, 7.125, 8.625], "texture": "#2"},
				"west": {"uv": [8.75, 11.625, 8.875, 12.125], "texture": "#2"},
				"up": {"uv": [11.75, 6.5, 10.625, 6.375], "texture": "#2"},
				"down": {"uv": [11.75, 7.875, 10.625, 8], "texture": "#2"}
			}
		},
		{
			"from": [3.35, 4.25, 0.5],
			"to": [12.65, 5.5, 1.75],
			"rotation": {"angle": -45, "axis": "x", "origin": [8, 4.875, 1.125]},
			"faces": {
				"north": {"uv": [10.625, 8, 11.75, 8.125], "texture": "#2"},
				"east": {"uv": [12.375, 9.625, 12.5, 9.75], "texture": "#2"},
				"south": {"uv": [10.625, 8.5, 11.75, 8.625], "texture": "#2"},
				"west": {"uv": [9.75, 12.375, 9.875, 12.5], "texture": "#2"},
				"up": {"uv": [11.75, 8.75, 10.625, 8.625], "texture": "#2"},
				"down": {"uv": [11.75, 8.75, 10.625, 8.875], "texture": "#2"}
			}
		},
		{
			"from": [1.05, 4.25, 4.6],
			"to": [1.8, 7, 11.4],
			"rotation": {"angle": 0, "axis": "y", "origin": [7, 0.25, 7]},
			"faces": {
				"north": {"uv": [6.25, 12, 6.375, 12.375], "texture": "#2"},
				"east": {"uv": [9.625, 1.125, 10.5, 1.5], "texture": "#2"},
				"south": {"uv": [12, 6.25, 12.125, 6.625], "texture": "#2"},
				"west": {"uv": [2, 9.625, 2.875, 10], "texture": "#2"},
				"up": {"uv": [8.75, 11.75, 8.625, 10.875], "texture": "#2"},
				"down": {"uv": [2.375, 11, 2.25, 11.875], "texture": "#2"}
			}
		},
		{
			"from": [-0.95, 4.25, 5.1],
			"to": [1.05, 7, 6.4],
			"rotation": {"angle": 0, "axis": "y", "origin": [7, 0.25, 7]},
			"faces": {
				"north": {"uv": [1.25, 11.25, 1.5, 11.625], "texture": "#2"},
				"east": {"uv": [6.375, 12, 6.5, 12.375], "texture": "#2"},
				"south": {"uv": [2.875, 11.25, 3.125, 11.625], "texture": "#2"},
				"west": {"uv": [12, 6.625, 12.125, 7], "texture": "#2"},
				"up": {"uv": [12.5, 3.25, 12.25, 3.125], "texture": "#2"},
				"down": {"uv": [12.5, 4.5, 12.25, 4.625], "texture": "#2"}
			}
		},
		{
			"from": [-0.45, 5.125, 3.35],
			"to": [0.55, 6.125, 12.65],
			"rotation": {"angle": 45, "axis": "z", "origin": [0.05, 5.625, 8]},
			"faces": {
				"north": {"uv": [12.375, 9.75, 12.5, 9.875], "texture": "#2"},
				"east": {"uv": [10.375, 10.625, 11.5, 10.75], "texture": "#2"},
				"south": {"uv": [12.375, 9.875, 12.5, 10], "texture": "#2"},
				"west": {"uv": [10.75, 2.75, 11.875, 2.875], "texture": "#2"},
				"up": {"uv": [9.875, 11.75, 9.75, 10.625], "texture": "#2"},
				"down": {"uv": [0.875, 10.75, 0.75, 11.875], "texture": "#2"}
			}
		},
		{
			"from": [-0.95, 4.625, 3.85],
			"to": [1.05, 6.625, 4.6],
			"rotation": {"angle": 0, "axis": "y", "origin": [0.05, 5.625, 3.475]},
			"faces": {
				"north": {"uv": [11.75, 8.375, 12, 8.625], "texture": "#2"},
				"east": {"uv": [4.375, 12.25, 4.5, 12.5], "texture": "#2"},
				"south": {"uv": [11.75, 8.625, 12, 8.875], "texture": "#2"},
				"west": {"uv": [4.75, 12.25, 4.875, 12.5], "texture": "#2"},
				"up": {"uv": [6, 12.375, 5.75, 12.25], "texture": "#2"},
				"down": {"uv": [12.5, 5.75, 12.25, 5.875], "texture": "#2"}
			}
		},
		{
			"from": [-0.95, 4.625, 11.4],
			"to": [1.05, 6.625, 12.15],
			"rotation": {"angle": 0, "axis": "y", "origin": [0.05, 5.625, 12.525]},
			"faces": {
				"north": {"uv": [12, 8.625, 11.75, 8.875], "texture": "#2"},
				"east": {"uv": [4.5, 12.25, 4.375, 12.5], "texture": "#2"},
				"south": {"uv": [12, 8.375, 11.75, 8.625], "texture": "#2"},
				"west": {"uv": [4.875, 12.25, 4.75, 12.5], "texture": "#2"},
				"up": {"uv": [6, 12.25, 5.75, 12.375], "texture": "#2"},
				"down": {"uv": [12.5, 5.875, 12.25, 5.75], "texture": "#2"}
			}
		},
		{
			"from": [-0.95, 4.25, 9.6],
			"to": [1.05, 7, 10.9],
			"rotation": {"angle": 0, "axis": "y", "origin": [7, 0.25, 9]},
			"faces": {
				"north": {"uv": [3.125, 11.25, 2.875, 11.625], "texture": "#2"},
				"east": {"uv": [6.5, 12, 6.375, 12.375], "texture": "#2"},
				"south": {"uv": [1.5, 11.25, 1.25, 11.625], "texture": "#2"},
				"west": {"uv": [12.125, 6.625, 12, 7], "texture": "#2"},
				"up": {"uv": [12.5, 3.125, 12.25, 3.25], "texture": "#2"},
				"down": {"uv": [12.5, 4.625, 12.25, 4.5], "texture": "#2"}
			}
		},
		{
			"from": [14.2, 4.25, 4.6],
			"to": [14.95, 7, 11.4],
			"rotation": {"angle": 0, "axis": "y", "origin": [9, 0.25, 7]},
			"faces": {
				"north": {"uv": [6.375, 12, 6.25, 12.375], "texture": "#2"},
				"east": {"uv": [2.875, 9.625, 2, 10], "texture": "#2"},
				"south": {"uv": [12.125, 6.25, 12, 6.625], "texture": "#2"},
				"west": {"uv": [10.5, 1.125, 9.625, 1.5], "texture": "#2"},
				"up": {"uv": [8.625, 11.75, 8.75, 10.875], "texture": "#2"},
				"down": {"uv": [2.25, 11, 2.375, 11.875], "texture": "#2"}
			}
		},
		{
			"from": [14.95, 4.625, 11.4],
			"to": [16.95, 6.625, 12.15],
			"rotation": {"angle": 0, "axis": "y", "origin": [15.95, 5.625, 12.525]},
			"faces": {
				"north": {"uv": [11.75, 8.625, 12, 8.875], "texture": "#2"},
				"east": {"uv": [4.75, 12.25, 4.875, 12.5], "texture": "#2"},
				"south": {"uv": [11.75, 8.375, 12, 8.625], "texture": "#2"},
				"west": {"uv": [4.375, 12.25, 4.5, 12.5], "texture": "#2"},
				"up": {"uv": [5.75, 12.25, 6, 12.375], "texture": "#2"},
				"down": {"uv": [12.25, 5.875, 12.5, 5.75], "texture": "#2"}
			}
		},
		{
			"from": [14.95, 4.25, 9.6],
			"to": [16.95, 7, 10.9],
			"rotation": {"angle": 0, "axis": "y", "origin": [9, 0.25, 9]},
			"faces": {
				"north": {"uv": [2.875, 11.25, 3.125, 11.625], "texture": "#2"},
				"east": {"uv": [12, 6.625, 12.125, 7], "texture": "#2"},
				"south": {"uv": [1.25, 11.25, 1.5, 11.625], "texture": "#2"},
				"west": {"uv": [6.375, 12, 6.5, 12.375], "texture": "#2"},
				"up": {"uv": [12.25, 3.125, 12.5, 3.25], "texture": "#2"},
				"down": {"uv": [12.25, 4.625, 12.5, 4.5], "texture": "#2"}
			}
		},
		{
			"from": [14.95, 4.25, 5.1],
			"to": [16.95, 7, 6.4],
			"rotation": {"angle": 0, "axis": "y", "origin": [9, 0.25, 7]},
			"faces": {
				"north": {"uv": [1.5, 11.25, 1.25, 11.625], "texture": "#2"},
				"east": {"uv": [12.125, 6.625, 12, 7], "texture": "#2"},
				"south": {"uv": [3.125, 11.25, 2.875, 11.625], "texture": "#2"},
				"west": {"uv": [6.5, 12, 6.375, 12.375], "texture": "#2"},
				"up": {"uv": [12.25, 3.25, 12.5, 3.125], "texture": "#2"},
				"down": {"uv": [12.25, 4.5, 12.5, 4.625], "texture": "#2"}
			}
		},
		{
			"from": [14.95, 4.625, 3.85],
			"to": [16.95, 6.625, 4.6],
			"rotation": {"angle": 0, "axis": "y", "origin": [15.95, 5.625, 3.475]},
			"faces": {
				"north": {"uv": [12, 8.375, 11.75, 8.625], "texture": "#2"},
				"east": {"uv": [4.875, 12.25, 4.75, 12.5], "texture": "#2"},
				"south": {"uv": [12, 8.625, 11.75, 8.875], "texture": "#2"},
				"west": {"uv": [4.5, 12.25, 4.375, 12.5], "texture": "#2"},
				"up": {"uv": [5.75, 12.375, 6, 12.25], "texture": "#2"},
				"down": {"uv": [12.25, 5.75, 12.5, 5.875], "texture": "#2"}
			}
		},
		{
			"from": [15.45, 5.125, 3.35],
			"to": [16.45, 6.125, 12.65],
			"rotation": {"angle": -45, "axis": "z", "origin": [15.95, 5.625, 8]},
			"faces": {
				"north": {"uv": [12.5, 9.75, 12.375, 9.875], "texture": "#2"},
				"east": {"uv": [11.875, 2.75, 10.75, 2.875], "texture": "#2"},
				"south": {"uv": [12.5, 9.875, 12.375, 10], "texture": "#2"},
				"west": {"uv": [11.5, 10.625, 10.375, 10.75], "texture": "#2"},
				"up": {"uv": [9.75, 11.75, 9.875, 10.625], "texture": "#2"},
				"down": {"uv": [0.75, 10.75, 0.875, 11.875], "texture": "#2"}
			}
		},
		{
			"from": [2.6, 3.75, 0],
			"to": [3.35, 6, 1.75],
			"rotation": {"angle": 0, "axis": "y", "origin": [7, 0.25, 7]},
			"faces": {
				"north": {"uv": [12.25, 2.875, 12.375, 3.125], "texture": "#2"},
				"east": {"uv": [11.75, 7.875, 12, 8.125], "texture": "#2"},
				"south": {"uv": [12.25, 3.5, 12.375, 3.75], "texture": "#2"},
				"west": {"uv": [11.75, 8.125, 12, 8.375], "texture": "#2"},
				"up": {"uv": [12.375, 4, 12.25, 3.75], "texture": "#2"},
				"down": {"uv": [4.375, 12.25, 4.25, 12.5], "texture": "#2"}
			}
		},
		{
			"from": [12.65, 3.75, 0],
			"to": [13.4, 6, 1.75],
			"rotation": {"angle": 0, "axis": "y", "origin": [9, 0.25, 7]},
			"faces": {
				"north": {"uv": [12.375, 2.875, 12.25, 3.125], "texture": "#2"},
				"east": {"uv": [12, 8.125, 11.75, 8.375], "texture": "#2"},
				"south": {"uv": [12.375, 3.5, 12.25, 3.75], "texture": "#2"},
				"west": {"uv": [12, 7.875, 11.75, 8.125], "texture": "#2"},
				"up": {"uv": [12.25, 4, 12.375, 3.75], "texture": "#2"},
				"down": {"uv": [4.25, 12.25, 4.375, 12.5], "texture": "#2"}
			}
		},
		{
			"from": [-0.002, -0.002, -0.002],
			"to": [2.252, 1.502, 2.252],
			"rotation": {"angle": 0, "axis": "y", "origin": [7, 0, 7]},
			"faces": {
				"north": {"uv": [7.875, 11.625, 8.125, 11.875], "texture": "#2"},
				"east": {"uv": [8.125, 11.625, 8.375, 11.875], "texture": "#2"},
				"south": {"uv": [9.875, 11.625, 10.125, 11.875], "texture": "#2"},
				"west": {"uv": [11.625, 10.875, 11.875, 11.125], "texture": "#2"},
				"up": {"uv": [11.875, 11.375, 11.625, 11.125], "texture": "#2"},
				"down": {"uv": [0.25, 11.75, 0, 12], "texture": "#2"}
			}
		},
		{
			"from": [0.5, 1.5, 0.5],
			"to": [2.25, 9, 2.25],
			"rotation": {"angle": 0, "axis": "y", "origin": [7, 0, 7]},
			"faces": {
				"north": {"uv": [5.875, 9.875, 6.125, 10.875], "texture": "#2"},
				"east": {"uv": [6.125, 9.875, 6.375, 10.875], "texture": "#2"},
				"south": {"uv": [6.375, 9.875, 6.625, 10.875], "texture": "#2"},
				"west": {"uv": [6.625, 9.875, 6.875, 10.875], "texture": "#2"},
				"up": {"uv": [0.5, 12, 0.25, 11.75], "texture": "#2"},
				"down": {"uv": [12, 0.625, 11.75, 0.875], "texture": "#2"}
			}
		},
		{
			"from": [13.748, -0.002, -0.002],
			"to": [16.002, 1.502, 2.252],
			"rotation": {"angle": 0, "axis": "y", "origin": [9, 0, 7]},
			"faces": {
				"north": {"uv": [8.125, 11.625, 7.875, 11.875], "texture": "#2"},
				"east": {"uv": [11.875, 10.875, 11.625, 11.125], "texture": "#2"},
				"south": {"uv": [10.125, 11.625, 9.875, 11.875], "texture": "#2"},
				"west": {"uv": [8.375, 11.625, 8.125, 11.875], "texture": "#2"},
				"up": {"uv": [11.625, 11.375, 11.875, 11.125], "texture": "#2"},
				"down": {"uv": [0, 11.75, 0.25, 12], "texture": "#2"}
			}
		},
		{
			"from": [13.75, 1.5, 0.5],
			"to": [15.5, 9, 2.25],
			"rotation": {"angle": 0, "axis": "y", "origin": [9, 0, 7]},
			"faces": {
				"north": {"uv": [6.125, 9.875, 5.875, 10.875], "texture": "#2"},
				"east": {"uv": [6.875, 9.875, 6.625, 10.875], "texture": "#2"},
				"south": {"uv": [6.625, 9.875, 6.375, 10.875], "texture": "#2"},
				"west": {"uv": [6.375, 9.875, 6.125, 10.875], "texture": "#2"},
				"up": {"uv": [0.25, 12, 0.5, 11.75], "texture": "#2"},
				"down": {"uv": [11.75, 0.625, 12, 0.875], "texture": "#2"}
			}
		},
		{
			"from": [-0.002, -0.002, 13.748],
			"to": [2.252, 1.502, 16.002],
			"rotation": {"angle": 0, "axis": "y", "origin": [7, 0, 9]},
			"faces": {
				"north": {"uv": [10.125, 11.625, 9.875, 11.875], "texture": "#2"},
				"east": {"uv": [8.375, 11.625, 8.125, 11.875], "texture": "#2"},
				"south": {"uv": [8.125, 11.625, 7.875, 11.875], "texture": "#2"},
				"west": {"uv": [11.875, 10.875, 11.625, 11.125], "texture": "#2"},
				"up": {"uv": [11.875, 11.125, 11.625, 11.375], "texture": "#2"},
				"down": {"uv": [0.25, 12, 0, 11.75], "texture": "#2"}
			}
		},
		{
			"from": [0.5, 1.5, 13.75],
			"to": [2.25, 9, 15.5],
			"rotation": {"angle": 0, "axis": "y", "origin": [7, 0, 9]},
			"faces": {
				"north": {"uv": [6.625, 9.875, 6.375, 10.875], "texture": "#2"},
				"east": {"uv": [6.375, 9.875, 6.125, 10.875], "texture": "#2"},
				"south": {"uv": [6.125, 9.875, 5.875, 10.875], "texture": "#2"},
				"west": {"uv": [6.875, 9.875, 6.625, 10.875], "texture": "#2"},
				"up": {"uv": [0.5, 11.75, 0.25, 12], "texture": "#2"},
				"down": {"uv": [12, 0.875, 11.75, 0.625], "texture": "#2"}
			}
		},
		{
			"from": [13.748, -0.002, 13.748],
			"to": [16.002, 1.502, 16.002],
			"rotation": {"angle": 0, "axis": "y", "origin": [9, 0, 9]},
			"faces": {
				"north": {"uv": [9.875, 11.625, 10.125, 11.875], "texture": "#2"},
				"east": {"uv": [11.625, 10.875, 11.875, 11.125], "texture": "#2"},
				"south": {"uv": [7.875, 11.625, 8.125, 11.875], "texture": "#2"},
				"west": {"uv": [8.125, 11.625, 8.375, 11.875], "texture": "#2"},
				"up": {"uv": [11.625, 11.125, 11.875, 11.375], "texture": "#2"},
				"down": {"uv": [0, 12, 0.25, 11.75], "texture": "#2"}
			}
		},
		{
			"from": [13.75, 1.5, 13.75],
			"to": [15.5, 9, 15.5],
			"rotation": {"angle": 0, "axis": "y", "origin": [9, 0, 9]},
			"faces": {
				"north": {"uv": [6.375, 9.875, 6.625, 10.875], "texture": "#2"},
				"east": {"uv": [6.625, 9.875, 6.875, 10.875], "texture": "#2"},
				"south": {"uv": [5.875, 9.875, 6.125, 10.875], "texture": "#2"},
				"west": {"uv": [6.125, 9.875, 6.375, 10.875], "texture": "#2"},
				"up": {"uv": [0.25, 11.75, 0.5, 12], "texture": "#2"},
				"down": {"uv": [11.75, 0.875, 12, 0.625], "texture": "#2"}
			}
		}
	],
	"gui_light": "front",
	"display": {
		"thirdperson_righthand": {
			"rotation": [-170.27, 28.18, -167.17],
			"translation": [0.75, 3.25, 1.25],
			"scale": [0.43, 0.43, 0.43]
		},
		"thirdperson_lefthand": {
			"rotation": [-170.27, 28.18, -167.17],
			"translation": [0.75, 3.25, 1.25],
			"scale": [0.43, 0.43, 0.43]
		},
		"firstperson_righthand": {
			"rotation": [-180, 41.25, -180],
			"translation": [-0.25, 5.25, 0],
			"scale": [0.41, 0.41, 0.41]
		},
		"firstperson_lefthand": {
			"rotation": [-180, 41.25, -180],
			"translation": [-0.25, 5.25, 0],
			"scale": [0.41, 0.41, 0.41]
		},
		"ground": {
			"translation": [0, 1, 0],
			"scale": [0.5, 0.5, 0.5]
		},
		"gui": {
			"rotation": [-165, 25, -180],
			"translation": [0, -0.5, 0],
			"scale": [0.69, 0.69, 0.69]
		},
		"head": {
			"translation": [0, -30.75, 0],
			"scale": [1.6, 1.6, 1.6]
		},
		"fixed": {
			"translation": [0, 0, -1.75]
		}
	},
	"groups": [
		{
			"name": "magma_chest",
			"origin": [7, 0, 7],
			"color": 0,
			"nbt": "{}",
			"children": [
				{
					"name": "top",
					"origin": [1.125, 9.48229, 8],
					"color": 0,
					"nbt": "{}",
					"children": [0, 1, 2, 3, 4, 5, 6, 7, 8, 9, 10, 11, 12, 13, 14, 15, 16, 17, 18, 19, 20, 21, 22, 23, 24, 25, 26, 27, 28, 29, 30, 31, 32, 33, 34, 35, 36, 37, 38, 39, 40, 41, 42]
				},
				43,
				44,
				45,
				46,
				47,
				48,
				49,
				50,
				51,
				52,
				53,
				54,
				55,
				56,
				57,
				58,
				59,
				60,
				61,
				62,
				63,
				64,
				65,
				66,
				67,
				68
			]
		}
	]
}