{
	"credit": "Made with Blockbench",
	"texture_size": [32, 32],
	"textures": {
		"1": "item/heartandbloodtheme/heartshovel"
	},
	"elements": [
		{
			"from": [8, 13.75, 5.75],
			"to": [8, 19.75, 10.25],
			"rotation": {"angle": 0, "axis": "y", "origin": [8, 9.65255, 8]},
			"faces": {
				"north": {"uv": [0, 0, 0, 3], "texture": "#1"},
				"east": {"uv": [0, 0, 2.25, 3], "texture": "#1"},
				"south": {"uv": [0, 0, 0, 3], "texture": "#1"},
				"west": {"uv": [2.5, 0, 4.75, 3], "texture": "#1"},
				"up": {"uv": [0, 2.25, 0, 0], "texture": "#1"},
				"down": {"uv": [0, 0, 0, 2.25], "texture": "#1"}
			}
		},
		{
			"from": [6.75, 5.03427, 0.88172],
			"to": [9.25, 7.03427, 2.88172],
			"rotation": {"angle": -45, "axis": "x", "origin": [8, 12.15255, 8]},
			"faces": {
				"north": {"uv": [7, 0, 8.25, 1], "texture": "#1"},
				"east": {"uv": [7, 7, 8, 8], "texture": "#1"},
				"south": {"uv": [7, 1, 8.25, 2], "texture": "#1"},
				"west": {"uv": [0, 7.5, 1, 8.5], "texture": "#1"},
				"up": {"uv": [5.25, 8, 4, 7], "texture": "#1"},
				"down": {"uv": [6.75, 7, 5.5, 8], "texture": "#1"}
			}
		},
		{
			"from": [7, 11.03427, 9.38172],
			"to": [9, 13.03427, 11.38172],
			"rotation": {"angle": -45, "axis": "x", "origin": [8, 9.65255, 8]},
			"faces": {
				"north": {"uv": [1, 7.5, 2, 8.5], "texture": "#1"},
				"east": {"uv": [2, 7.5, 3, 8.5], "texture": "#1"},
				"south": {"uv": [7.5, 2, 8.5, 3], "texture": "#1"},
				"west": {"uv": [3, 7.5, 4, 8.5], "texture": "#1"},
				"up": {"uv": [8.5, 4, 7.5, 3], "texture": "#1"},
				"down": {"uv": [8.5, 4, 7.5, 5], "texture": "#1"}
			}
		},
		{
			"from": [7, 11.03427, 11.38172],
			"to": [9, 13.03427, 12.38172],
			"rotation": {"angle": -45, "axis": "x", "origin": [8, 9.65255, 8]},
			"faces": {
				"north": {"uv": [7.5, 5, 8.5, 6], "texture": "#1"},
				"east": {"uv": [5, 2, 5.5, 3], "texture": "#1"},
				"south": {"uv": [4, 8, 5, 9], "texture": "#1"},
				"west": {"uv": [6, 9, 6.5, 10], "texture": "#1"},
				"up": {"uv": [10, 6.5, 9, 6], "texture": "#1"},
				"down": {"uv": [7.5, 9, 6.5, 9.5], "texture": "#1"}
			}
		},
		{
			"from": [7, 13.03427, 9.38172],
			"to": [9, 14.03427, 11.38172],
			"rotation": {"angle": -45, "axis": "x", "origin": [8, 9.65255, 8]},
			"faces": {
				"north": {"uv": [9, 6.5, 10, 7], "texture": "#1"},
				"east": {"uv": [9, 7, 10, 7.5], "texture": "#1"},
				"south": {"uv": [7.5, 9, 8.5, 9.5], "texture": "#1"},
				"west": {"uv": [9, 7.5, 10, 8], "texture": "#1"},
				"up": {"uv": [6, 9, 5, 8], "texture": "#1"},
				"down": {"uv": [7, 8, 6, 9], "texture": "#1"}
			}
		},
		{
			"from": [7.25, 4, 7.25],
			"to": [8.75, 13, 8.75],
			"rotation": {"angle": 0, "axis": "y", "origin": [8, 9.65255, 8]},
			"faces": {
				"north": {"uv": [0, 3, 0.75, 7.5], "texture": "#1"},
				"east": {"uv": [1, 3, 1.75, 7.5], "texture": "#1"},
				"south": {"uv": [2, 3, 2.75, 7.5], "texture": "#1"},
				"west": {"uv": [3, 3, 3.75, 7.5], "texture": "#1"},
				"up": {"uv": [3.75, 9.25, 3, 8.5], "texture": "#1"},
				"down": {"uv": [9.25, 3, 8.5, 3.75], "texture": "#1"}
			}
		},
		{
			"from": [8, 0.4, 6.5],
			"to": [8, 3.4, 9.5],
			"rotation": {"angle": 0, "axis": "y", "origin": [8, 8.65255, 8]},
			"faces": {
				"north": {"uv": [0, 0, 0, 1.5], "texture": "#1"},
				"east": {"uv": [4, 3, 5.5, 4.5], "texture": "#1"},
				"south": {"uv": [0, 0, 0, 1.5], "texture": "#1"},
				"west": {"uv": [4, 4.5, 5.5, 6], "texture": "#1"},
				"up": {"uv": [0, 1.5, 0, 0], "texture": "#1"},
				"down": {"uv": [0, 0, 0, 1.5], "texture": "#1"}
			}
		},
		{
			"from": [7, 5.1, 7],
			"to": [9, 6.1, 9],
			"rotation": {"angle": 0, "axis": "y", "origin": [8, 12.15255, 8]},
			"faces": {
				"north": {"uv": [9, 8, 10, 8.5], "texture": "#1"},
				"east": {"uv": [8.5, 9, 9.5, 9.5], "texture": "#1"},
				"south": {"uv": [9, 8.5, 10, 9], "texture": "#1"},
				"west": {"uv": [0, 9.5, 1, 10], "texture": "#1"},
				"up": {"uv": [9, 7, 8, 6], "texture": "#1"},
				"down": {"uv": [8, 8, 7, 9], "texture": "#1"}
			}
		},
		{
			"from": [7.25, 13.25, 8.35],
			"to": [8.75, 14.75, 11.85],
			"rotation": {"angle": -22.5, "axis": "x", "origin": [8, 13.75, 10.5]},
			"faces": {
				"north": {"uv": [8.5, 4, 9.25, 4.75], "texture": "#1"},
				"east": {"uv": [5, 0, 6.75, 0.75], "texture": "#1"},
				"south": {"uv": [8.5, 5, 9.25, 5.75], "texture": "#1"},
				"west": {"uv": [5, 1, 6.75, 1.75], "texture": "#1"},
				"up": {"uv": [6.25, 3.75, 5.5, 2], "texture": "#1"},
				"down": {"uv": [6.25, 4, 5.5, 5.75], "texture": "#1"}
			}
		},
		{
			"from": [7.25, 11.25, 11.85],
			"to": [8.75, 13.25, 11.85],
			"rotation": {"angle": -22.5, "axis": "x", "origin": [8, 13.75, 10.5]},
			"faces": {
				"north": {"uv": [8, 7, 8.75, 8], "texture": "#1"},
				"east": {"uv": [0, 0, 0, 1], "texture": "#1"},
				"south": {"uv": [8, 8, 8.75, 9], "texture": "#1"},
				"west": {"uv": [0, 0, 0, 1], "texture": "#1"},
				"up": {"uv": [0.75, 0, 0, 0], "texture": "#1"},
				"down": {"uv": [0.75, 0, 0, 0], "texture": "#1"}
			}
		},
		{
			"from": [7.25, 14.75, 11.85],
			"to": [8.75, 16.75, 11.85],
			"rotation": {"angle": -22.5, "axis": "x", "origin": [8, 13.75, 10.5]},
			"faces": {
				"north": {"uv": [0, 8.5, 0.75, 9.5], "texture": "#1"},
				"east": {"uv": [0, 0, 0, 1], "texture": "#1"},
				"south": {"uv": [8.5, 0, 9.25, 1], "texture": "#1"},
				"west": {"uv": [0, 0, 0, 1], "texture": "#1"},
				"up": {"uv": [0.75, 0, 0, 0], "texture": "#1"},
				"down": {"uv": [0.75, 0, 0, 0], "texture": "#1"}
			}
		},
		{
			"from": [7.25, 11.59396, 4.46142],
			"to": [8.75, 13.09396, 7.96142],
			"rotation": {"angle": 22.5, "axis": "x", "origin": [8, 13.69396, 9.71142]},
			"faces": {
				"north": {"uv": [4, 9, 4.75, 9.75], "texture": "#1"},
				"east": {"uv": [4, 6, 5.75, 6.75], "texture": "#1"},
				"south": {"uv": [5, 9, 5.75, 9.75], "texture": "#1"},
				"west": {"uv": [6, 6, 7.75, 6.75], "texture": "#1"},
				"up": {"uv": [7.25, 3.75, 6.5, 2], "texture": "#1"},
				"down": {"uv": [7.25, 4, 6.5, 5.75], "texture": "#1"}
			}
		},
		{
			"from": [7.25, 9.59396, 4.46142],
			"to": [8.75, 11.59396, 4.46142],
			"rotation": {"angle": 22.5, "axis": "x", "origin": [8, 13.69396, 9.71142]},
			"faces": {
				"north": {"uv": [1, 8.5, 1.75, 9.5], "texture": "#1"},
				"east": {"uv": [0, 0, 0, 1], "texture": "#1"},
				"south": {"uv": [8.5, 1, 9.25, 2], "texture": "#1"},
				"west": {"uv": [0, 0, 0, 1], "texture": "#1"},
				"up": {"uv": [0.75, 0, 0, 0], "texture": "#1"},
				"down": {"uv": [0.75, 0, 0, 0], "texture": "#1"}
			}
		},
		{
			"from": [7.25, 13.09396, 4.46142],
			"to": [8.75, 15.09396, 4.46142],
			"rotation": {"angle": 22.5, "axis": "x", "origin": [8, 13.69396, 9.71142]},
			"faces": {
				"north": {"uv": [2, 8.5, 2.75, 9.5], "texture": "#1"},
				"east": {"uv": [0, 0, 0, 1], "texture": "#1"},
				"south": {"uv": [8.5, 2, 9.25, 3], "texture": "#1"},
				"west": {"uv": [0, 0, 0, 1], "texture": "#1"},
				"up": {"uv": [0.75, 0, 0, 0], "texture": "#1"},
				"down": {"uv": [0.75, 0, 0, 0], "texture": "#1"}
			}
		}
	],
	"display": {
		"thirdperson_righthand": {
			"translation": [0, -2, 0],
			"scale": [1.2, 1.2, 1.2]
		},
		"thirdperson_lefthand": {
			"translation": [0, -2, 0],
			"scale": [1.2, 1.2, 1.2]
		},
		"firstperson_righthand": {
			"translation": [0, 2, 0]
		},
		"firstperson_lefthand": {
			"translation": [0, 2, 0]
		},
		"ground": {
			"translation": [0, 5, 0]
		},
		"gui": {
			"rotation": [100, 45, -90],
			"translation": [-1.5, -1.5, 0]
		},
		"fixed": {
			"rotation": [-90, 45, 90],
			"translation": [1, -1, 0]
		}
	},
	"groups": [
		{
			"name": "heartshovel",
			"origin": [8, 10.65758, 7.99088],
			"color": 0,
			"children": [0, 1, 2, 3, 4, 5, 6, 7, 8, 9, 10, 11, 12, 13]
		}
	]
}