{
  "model": {
    "type": "range_dispatch",
    "property": "custom_model_data",
    "fallback": {
      "type": "minecraft:select",
      "property": "minecraft:local_time",
      "pattern": "MM-dd",
      "cases": [
        {
          "model": {
            "type": "minecraft:special",
            "base": "minecraft:item/chest",
            "model": {
              "type": "minecraft:chest",
              "texture": "minecraft:christmas"
            }
          },
          "when": [
            "12-24",
            "12-25",
            "12-26"
          ]
        }
      ],
      "fallback": {
        "type": "minecraft:special",
        "base": "item/chest",
        "model": {
          "type": "minecraft:chest",
          "texture": "minecraft:normal"
        }
      }
    },
    "entries": [
      {
        "threshold": 1,
        "model": {
          "type": "minecraft:model",
          "model": "drill/drill"
        }
      },
      {
        "threshold": 2,
        "model": {
          "type": "minecraft:model",
          "model": "cannon/cannon"
        }
      },
      {
        "threshold": 3,
        "model": {
          "type": "minecraft:model",
          "model": "drill/up/drill_up"
        }
      },
      {
        "threshold": 4,
        "model": {
          "type": "minecraft:model",
          "model": "drill/down/drill_down"
        }
      }
    ]
  },
  "display": {
    "gui": {
      "rotation": [
        30,
        45,
        0
      ],
      "translation": [
        0,
        0,
        0
      ],
      "scale": [
        0.625,
        0.625,
        0.625
      ]
    },
    "ground": {
      "rotation": [
        0,
        0,
        0
      ],
      "translation": [
        0,
        3,
        0
      ],
      "scale": [
        0.25,
        0.25,
        0.25
      ]
    },
    "head": {
      "rotation": [
        0,
        180,
        0
      ],
      "translation": [
        0,
        0,
        0
      ],
      "scale": [
        1,
        1,
        1
      ]
    },
    "fixed": {
      "rotation": [
        0,
        180,
        0
      ],
      "translation": [
        0,
        0,
        0
      ],
      "scale": [
        0.5,
        0.5,
        0.5
      ]
    },
    "thirdperson_righthand": {
      "rotation": [
        75,
        315,
        0
      ],
      "translation": [
        0,
        2.5,
        0
      ],
      "scale": [
        0.375,
        0.375,
        0.375
      ]
    },
    "firstperson_righthand": {
      "rotation": [
        0,
        315,
        0
      ],
      "translation": [
        0,
        0,
        0
      ],
      "scale": [
        0.4,
        0.4,
        0.4
      ]
    }
  }
}