{
	"credit": "Made with Blockbench",
	"textures": {
		"1": "item/magma/magma_ef_long",
		"2": "item/magma/magma_set"
	},
	"elements": [
		{
			"from": [7.392, 2.992, 7.392],
			"to": [8.608, 7.008, 8.608],
			"rotation": {"angle": 0, "axis": "y", "origin": [8, 4.99228, 7.875]},
			"faces": {
				"north": {"uv": [10.75, 11.5, 10.875, 12], "texture": "#2"},
				"east": {"uv": [10.875, 11.5, 11, 12], "texture": "#2"},
				"south": {"uv": [11, 11.5, 11.125, 12], "texture": "#2"},
				"west": {"uv": [11.125, 11.5, 11.25, 12], "texture": "#2"},
				"up": {"uv": [5.5, 12.5, 5.375, 12.375], "texture": "#2"},
				"down": {"uv": [12.5, 5.375, 12.375, 5.5], "texture": "#2"}
			}
		},
		{
			"from": [7.9, 3.9, 10.9],
			"to": [8.1, 17.25, 11.1],
			"rotation": {"angle": -22.5, "axis": "x", "origin": [8, 17.125, 11]},
			"faces": {
				"north": {"uv": [2.25, 8.125, 2.375, 9.625], "texture": "#2"},
				"east": {"uv": [1.875, 10.125, 2, 11.625], "texture": "#2"},
				"south": {"uv": [5, 10.125, 5.125, 11.625], "texture": "#2"},
				"west": {"uv": [9.375, 10.125, 9.5, 11.625], "texture": "#2"},
				"up": {"uv": [6.375, 12.5, 6.25, 12.375], "texture": "#2"},
				"down": {"uv": [12.5, 6.25, 12.375, 6.375], "texture": "#2"}
			}
		},
		{
			"from": [7.394, 6.56373, 8.10713],
			"to": [8.606, 8.57573, 9.31913],
			"rotation": {"angle": -22.5, "axis": "x", "origin": [8, 4.99228, 7.875]},
			"faces": {
				"north": {"uv": [3.375, 12.125, 3.5, 12.375], "texture": "#2"},
				"east": {"uv": [12.125, 3.5, 12.25, 3.75], "texture": "#2"},
				"south": {"uv": [12.125, 3.75, 12.25, 4], "texture": "#2"},
				"west": {"uv": [4.125, 12.125, 4.25, 12.375], "texture": "#2"},
				"up": {"uv": [5.625, 12.5, 5.5, 12.375], "texture": "#2"},
				"down": {"uv": [12.5, 5.5, 12.375, 5.625], "texture": "#2"}
			}
		},
		{
			"from": [7.15, 8.56973, 7.61313],
			"to": [8.85, 9.56973, 9.81313],
			"rotation": {"angle": -22.5, "axis": "x", "origin": [8, 4.99228, 7.875]},
			"faces": {
				"north": {"uv": [4.25, 12.125, 4.5, 12.25], "texture": "#2"},
				"east": {"uv": [4.75, 12.125, 5, 12.25], "texture": "#2"},
				"south": {"uv": [12.125, 4.75, 12.375, 4.875], "texture": "#2"},
				"west": {"uv": [12.125, 4.875, 12.375, 5], "texture": "#2"},
				"up": {"uv": [11.5, 11.75, 11.25, 11.5], "texture": "#2"},
				"down": {"uv": [11.75, 11.5, 11.5, 11.75], "texture": "#2"}
			}
		},
		{
			"from": [7.65, 9.56973, 8.11313],
			"to": [8.35, 12.56973, 9.31313],
			"rotation": {"angle": -22.5, "axis": "x", "origin": [8, 4.99228, 7.875]},
			"faces": {
				"north": {"uv": [8.125, 11.875, 8.25, 12.25], "texture": "#2"},
				"east": {"uv": [8.25, 11.875, 8.375, 12.25], "texture": "#2"},
				"south": {"uv": [9.125, 11.875, 9.25, 12.25], "texture": "#2"},
				"west": {"uv": [9.25, 11.875, 9.375, 12.25], "texture": "#2"},
				"up": {"uv": [5.75, 12.5, 5.625, 12.375], "texture": "#2"},
				"down": {"uv": [12.5, 5.625, 12.375, 5.75], "texture": "#2"}
			}
		},
		{
			"from": [7.642, 10.33395, 2.50055],
			"to": [8.358, 12.84995, 4.46655],
			"rotation": {"angle": 22.5, "axis": "x", "origin": [8, 4.99228, 7.875]},
			"faces": {
				"north": {"uv": [9.875, 11.875, 10, 12.25], "texture": "#2"},
				"east": {"uv": [11.125, 10, 11.375, 10.375], "texture": "#2"},
				"south": {"uv": [10, 11.875, 10.125, 12.25], "texture": "#2"},
				"west": {"uv": [10.25, 11.125, 10.5, 11.5], "texture": "#2"},
				"up": {"uv": [5.125, 12.375, 5, 12.125], "texture": "#2"},
				"down": {"uv": [5.75, 12.125, 5.625, 12.375], "texture": "#2"}
			}
		},
		{
			"from": [7.644, 11.49818, 13.0675],
			"to": [8.356, 12.96018, 15.5795],
			"rotation": {"angle": -45, "axis": "x", "origin": [8, 4.99228, 7.875]},
			"faces": {
				"north": {"uv": [5.75, 12.375, 5.875, 12.5], "texture": "#2"},
				"east": {"uv": [12.125, 5.625, 12.375, 5.75], "texture": "#2"},
				"south": {"uv": [5.875, 12.375, 6, 12.5], "texture": "#2"},
				"west": {"uv": [5.75, 12.125, 6, 12.25], "texture": "#2"},
				"up": {"uv": [12.25, 6, 12.125, 5.75], "texture": "#2"},
				"down": {"uv": [12.25, 6, 12.125, 6.25], "texture": "#2"}
			}
		},
		{
			"from": [7.646, 14.3402, 11.9366],
			"to": [8.354, 15.2982, 14.4446],
			"rotation": {"angle": -22.5, "axis": "x", "origin": [8, 4.99228, 7.875]},
			"faces": {
				"north": {"uv": [12.375, 5.875, 12.5, 6], "texture": "#2"},
				"east": {"uv": [12.125, 6.25, 12.375, 6.375], "texture": "#2"},
				"south": {"uv": [6, 12.375, 6.125, 12.5], "texture": "#2"},
				"west": {"uv": [12.125, 6.375, 12.375, 6.5], "texture": "#2"},
				"up": {"uv": [12.25, 6.75, 12.125, 6.5], "texture": "#2"},
				"down": {"uv": [12.25, 6.75, 12.125, 7], "texture": "#2"}
			}
		},
		{
			"from": [7.65, 14.63693, 0.8725],
			"to": [8.35, 16.13693, 1.7475],
			"rotation": {"angle": 45, "axis": "x", "origin": [8, 4.99228, 7.875]},
			"faces": {
				"north": {"uv": [12.125, 7, 12.25, 7.25], "texture": "#2"},
				"east": {"uv": [7.125, 12.125, 7.25, 12.375], "texture": "#2"},
				"south": {"uv": [7.25, 12.125, 7.375, 12.375], "texture": "#2"},
				"west": {"uv": [7.375, 12.125, 7.5, 12.375], "texture": "#2"},
				"up": {"uv": [12.5, 6.125, 12.375, 6], "texture": "#2"},
				"down": {"uv": [6.25, 12.375, 6.125, 12.5], "texture": "#2"}
			}
		},
		{
			"from": [7.9, -7.26125, 10.90016],
			"to": [8.1, 5.98875, 11.10016],
			"rotation": {"angle": 22.5, "axis": "x", "origin": [8, -7.13625, 11.00016]},
			"faces": {
				"north": {"uv": [2.25, 9.625, 2.375, 8.125], "texture": "#2"},
				"east": {"uv": [1.875, 11.625, 2, 10.125], "texture": "#2"},
				"south": {"uv": [5, 11.625, 5.125, 10.125], "texture": "#2"},
				"west": {"uv": [9.375, 11.625, 9.5, 10.125], "texture": "#2"},
				"up": {"uv": [12.5, 6.375, 12.375, 6.25], "texture": "#2"},
				"down": {"uv": [6.375, 12.375, 6.25, 12.5], "texture": "#2"}
			}
		},
		{
			"from": [7.65, -6.14818, 0.87266],
			"to": [8.35, -4.64818, 1.74766],
			"rotation": {"angle": -45, "axis": "x", "origin": [8, 4.99647, 7.87516]},
			"faces": {
				"north": {"uv": [12.125, 7.25, 12.25, 7], "texture": "#2"},
				"east": {"uv": [7.125, 12.375, 7.25, 12.125], "texture": "#2"},
				"south": {"uv": [7.25, 12.375, 7.375, 12.125], "texture": "#2"},
				"west": {"uv": [7.375, 12.375, 7.5, 12.125], "texture": "#2"},
				"up": {"uv": [6.25, 12.5, 6.125, 12.375], "texture": "#2"},
				"down": {"uv": [12.5, 6, 12.375, 6.125], "texture": "#2"}
			}
		},
		{
			"from": [7.646, -5.30945, 11.93676],
			"to": [8.354, -4.35145, 14.44476],
			"rotation": {"angle": 22.5, "axis": "x", "origin": [8, 4.99647, 7.87516]},
			"faces": {
				"north": {"uv": [12.375, 6, 12.5, 5.875], "texture": "#2"},
				"east": {"uv": [12.125, 6.375, 12.375, 6.25], "texture": "#2"},
				"south": {"uv": [6, 12.5, 6.125, 12.375], "texture": "#2"},
				"west": {"uv": [12.125, 6.5, 12.375, 6.375], "texture": "#2"},
				"up": {"uv": [12.25, 7, 12.125, 6.75], "texture": "#2"},
				"down": {"uv": [12.25, 6.5, 12.125, 6.75], "texture": "#2"}
			}
		},
		{
			"from": [7.644, -2.97142, 13.06766],
			"to": [8.356, -1.50942, 15.57966],
			"rotation": {"angle": 45, "axis": "x", "origin": [8, 4.99647, 7.87516]},
			"faces": {
				"north": {"uv": [5.75, 12.5, 5.875, 12.375], "texture": "#2"},
				"east": {"uv": [12.125, 5.75, 12.375, 5.625], "texture": "#2"},
				"south": {"uv": [5.875, 12.5, 6, 12.375], "texture": "#2"},
				"west": {"uv": [5.75, 12.25, 6, 12.125], "texture": "#2"},
				"up": {"uv": [12.25, 6.25, 12.125, 6], "texture": "#2"},
				"down": {"uv": [12.25, 5.75, 12.125, 6], "texture": "#2"}
			}
		},
		{
			"from": [7.642, -2.8612, 2.50071],
			"to": [8.358, -0.3452, 4.46671],
			"rotation": {"angle": -22.5, "axis": "x", "origin": [8, 4.99647, 7.87516]},
			"faces": {
				"north": {"uv": [9.875, 12.25, 10, 11.875], "texture": "#2"},
				"east": {"uv": [11.125, 10.375, 11.375, 10], "texture": "#2"},
				"south": {"uv": [10, 12.25, 10.125, 11.875], "texture": "#2"},
				"west": {"uv": [10.25, 11.5, 10.5, 11.125], "texture": "#2"},
				"up": {"uv": [5.75, 12.375, 5.625, 12.125], "texture": "#2"},
				"down": {"uv": [5.125, 12.125, 5, 12.375], "texture": "#2"}
			}
		},
		{
			"from": [7.65, -2.58097, 8.11329],
			"to": [8.35, 0.41903, 9.31329],
			"rotation": {"angle": 22.5, "axis": "x", "origin": [8, 4.99647, 7.87516]},
			"faces": {
				"north": {"uv": [8.125, 12.25, 8.25, 11.875], "texture": "#2"},
				"east": {"uv": [8.25, 12.25, 8.375, 11.875], "texture": "#2"},
				"south": {"uv": [9.125, 12.25, 9.25, 11.875], "texture": "#2"},
				"west": {"uv": [9.25, 12.25, 9.375, 11.875], "texture": "#2"},
				"up": {"uv": [12.5, 5.75, 12.375, 5.625], "texture": "#2"},
				"down": {"uv": [5.75, 12.375, 5.625, 12.5], "texture": "#2"}
			}
		},
		{
			"from": [7.15, 0.41903, 7.61329],
			"to": [8.85, 1.41903, 9.81329],
			"rotation": {"angle": 22.5, "axis": "x", "origin": [8, 4.99647, 7.87516]},
			"faces": {
				"north": {"uv": [4.25, 12.25, 4.5, 12.125], "texture": "#2"},
				"east": {"uv": [4.75, 12.25, 5, 12.125], "texture": "#2"},
				"south": {"uv": [12.125, 4.875, 12.375, 4.75], "texture": "#2"},
				"west": {"uv": [12.125, 5, 12.375, 4.875], "texture": "#2"},
				"up": {"uv": [11.75, 11.75, 11.5, 11.5], "texture": "#2"},
				"down": {"uv": [11.5, 11.5, 11.25, 11.75], "texture": "#2"}
			}
		},
		{
			"from": [7.394, 1.41303, 8.10729],
			"to": [8.606, 3.42503, 9.31929],
			"rotation": {"angle": 22.5, "axis": "x", "origin": [8, 4.99647, 7.87516]},
			"faces": {
				"north": {"uv": [3.375, 12.375, 3.5, 12.125], "texture": "#2"},
				"east": {"uv": [12.125, 3.75, 12.25, 3.5], "texture": "#2"},
				"south": {"uv": [12.125, 4, 12.25, 3.75], "texture": "#2"},
				"west": {"uv": [4.125, 12.375, 4.25, 12.125], "texture": "#2"},
				"up": {"uv": [12.5, 5.625, 12.375, 5.5], "texture": "#2"},
				"down": {"uv": [5.625, 12.375, 5.5, 12.5], "texture": "#2"}
			}
		},
		{
			"name": "arrow",
			"from": [7.7, 4.7, 4.15],
			"to": [8.3, 5.3, 14.35],
			"rotation": {"angle": 0, "axis": "y", "origin": [8, 4.74228, 11.375]},
			"faces": {
				"north": {"uv": [6.375, 12.375, 6.5, 12.5], "texture": "#2"},
				"east": {"uv": [5.875, 9, 7.125, 9.125], "texture": "#2"},
				"south": {"uv": [12.375, 6.375, 12.5, 6.5], "texture": "#2"},
				"west": {"uv": [10.5, 2.5, 11.75, 2.625], "texture": "#2"},
				"up": {"uv": [8.875, 11.625, 8.75, 10.375], "texture": "#2"},
				"down": {"uv": [2.5, 10.5, 2.375, 11.75], "texture": "#2"}
			}
		},
		{
			"name": "arrow",
			"from": [7, -2.08008, 4.41637],
			"to": [9, -1.08008, 5.41637],
			"rotation": {"angle": 45, "axis": "x", "origin": [8, 5.00355, 11.5]},
			"faces": {
				"north": {"uv": [10.625, 12.25, 10.875, 12.375], "texture": "#2"},
				"east": {"uv": [12.375, 11.25, 12.5, 11.375], "texture": "#2"},
				"south": {"uv": [12.25, 10.875, 12.5, 11], "texture": "#2"},
				"west": {"uv": [11.375, 12.375, 11.5, 12.5], "texture": "#2"},
				"up": {"uv": [12.5, 11.125, 12.25, 11], "texture": "#2"},
				"down": {"uv": [12.5, 11.125, 12.25, 11.25], "texture": "#2"}
			}
		},
		{
			"name": "arrow",
			"from": [7.25, -2.95508, 3.54137],
			"to": [8.75, 0.04492, 6.54137],
			"rotation": {"angle": 45, "axis": "x", "origin": [8, 5.00355, 11.5]},
			"faces": {
				"north": {"uv": [4.75, 11.25, 5, 11.625], "texture": "#2"},
				"east": {"uv": [10.75, 4.875, 11.125, 5.25], "texture": "#2"},
				"south": {"uv": [7.125, 11.25, 7.375, 11.625], "texture": "#2"},
				"west": {"uv": [10.75, 6.5, 11.125, 6.875], "texture": "#2"},
				"up": {"uv": [7.625, 11.625, 7.375, 11.25], "texture": "#2"},
				"down": {"uv": [7.875, 11.25, 7.625, 11.625], "texture": "#2"}
			}
		},
		{
			"name": "arrow",
			"from": [7, -0.83008, 5.66637],
			"to": [9, 0.66992, 7.16637],
			"rotation": {"angle": 45, "axis": "x", "origin": [8, 5.00355, 11.5]},
			"faces": {
				"north": {"uv": [11.25, 11.75, 11.5, 12], "texture": "#2"},
				"east": {"uv": [11.75, 11.375, 12, 11.625], "texture": "#2"},
				"south": {"uv": [11.5, 11.75, 11.75, 12], "texture": "#2"},
				"west": {"uv": [11.75, 11.625, 12, 11.875], "texture": "#2"},
				"up": {"uv": [12.125, 0.25, 11.875, 0], "texture": "#2"},
				"down": {"uv": [12.125, 0.25, 11.875, 0.5], "texture": "#2"}
			}
		},
		{
			"name": "arrow",
			"from": [7.25, 4.25355, 5.60355],
			"to": [8.75, 5.75355, 6.60355],
			"rotation": {"angle": 0, "axis": "y", "origin": [8, 5.00355, 11.5]},
			"faces": {
				"north": {"uv": [0.75, 11.875, 1, 12.125], "texture": "#2"},
				"east": {"uv": [10.875, 12.25, 11, 12.5], "texture": "#2"},
				"south": {"uv": [1, 11.875, 1.25, 12.125], "texture": "#2"},
				"west": {"uv": [12.25, 11.25, 12.375, 11.5], "texture": "#2"},
				"up": {"uv": [11.75, 12.375, 11.5, 12.25], "texture": "#2"},
				"down": {"uv": [12.5, 11.5, 12.25, 11.625], "texture": "#2"}
			}
		},
		{
			"name": "arrow",
			"from": [7, 4.00355, 13.10355],
			"to": [9, 6.00355, 15.10355],
			"rotation": {"angle": 0, "axis": "y", "origin": [8, 5.00355, 6]},
			"faces": {
				"north": {"uv": [11.875, 1.125, 12.125, 1.375], "texture": "#2"},
				"east": {"uv": [1.25, 11.875, 1.5, 12.125], "texture": "#2"},
				"south": {"uv": [1.5, 11.875, 1.75, 12.125], "texture": "#2"},
				"west": {"uv": [11.875, 1.5, 12.125, 1.75], "texture": "#2"},
				"up": {"uv": [12.125, 2, 11.875, 1.75], "texture": "#2"},
				"down": {"uv": [2.5, 11.875, 2.25, 12.125], "texture": "#2"}
			}
		},
		{
			"name": "arrow",
			"from": [7.5, 3.50355, 13.85355],
			"to": [8.5, 4.50355, 15.10355],
			"rotation": {"angle": 0, "axis": "y", "origin": [8, 5.00355, 6]},
			"faces": {
				"north": {"uv": [12.375, 11.375, 12.5, 11.5], "texture": "#2"},
				"east": {"uv": [11.5, 12.375, 11.625, 12.5], "texture": "#2"},
				"south": {"uv": [11.625, 12.375, 11.75, 12.5], "texture": "#2"},
				"west": {"uv": [12.375, 11.625, 12.5, 11.75], "texture": "#2"},
				"up": {"uv": [11.875, 12.5, 11.75, 12.375], "texture": "#2"},
				"down": {"uv": [12.5, 11.75, 12.375, 11.875], "texture": "#2"}
			}
		},
		{
			"name": "arrow",
			"from": [7.494, -2.50029, 11.37052],
			"to": [8.506, -1.48829, 12.38252],
			"rotation": {"angle": -45, "axis": "x", "origin": [8, 5.00355, 6]},
			"faces": {
				"north": {"uv": [11.875, 12.375, 12, 12.5], "texture": "#2"},
				"east": {"uv": [12.375, 11.875, 12.5, 12], "texture": "#2"},
				"south": {"uv": [12.375, 12, 12.5, 12.125], "texture": "#2"},
				"west": {"uv": [12.375, 12.125, 12.5, 12.25], "texture": "#2"},
				"up": {"uv": [12.375, 12.5, 12.25, 12.375], "texture": "#2"},
				"down": {"uv": [12.5, 12.25, 12.375, 12.375], "texture": "#2"}
			}
		},
		{
			"name": "arrow",
			"from": [7.492, 4.19555, 14.80266],
			"to": [8.508, 5.81155, 15.81866],
			"rotation": {"angle": 0, "axis": "y", "origin": [8, 5.00355, 6]},
			"faces": {
				"north": {"uv": [12, 12.25, 12.125, 12.5], "texture": "#2"},
				"east": {"uv": [12.125, 12.25, 12.25, 12.5], "texture": "#2"},
				"south": {"uv": [12.25, 12.125, 12.375, 12.375], "texture": "#2"},
				"west": {"uv": [12.375, 0, 12.5, 0.25], "texture": "#2"},
				"up": {"uv": [12.5, 12.5, 12.375, 12.375], "texture": "#2"},
				"down": {"uv": [0.125, 12.5, 0, 12.625], "texture": "#2"}
			}
		},
		{
			"name": "arrow",
			"from": [7.494, 11.4954, 11.37052],
			"to": [8.506, 12.5074, 12.38252],
			"rotation": {"angle": 45, "axis": "x", "origin": [8, 5.00355, 6]},
			"faces": {
				"north": {"uv": [12.5, 0, 12.625, 0.125], "texture": "#2"},
				"east": {"uv": [0.125, 12.5, 0.25, 12.625], "texture": "#2"},
				"south": {"uv": [12.5, 0.125, 12.625, 0.25], "texture": "#2"},
				"west": {"uv": [0.25, 12.5, 0.375, 12.625], "texture": "#2"},
				"up": {"uv": [12.625, 0.375, 12.5, 0.25], "texture": "#2"},
				"down": {"uv": [0.5, 12.5, 0.375, 12.625], "texture": "#2"}
			}
		},
		{
			"name": "arrow",
			"from": [7.5, 5.50355, 13.85355],
			"to": [8.5, 6.50355, 15.10355],
			"rotation": {"angle": 0, "axis": "y", "origin": [8, 5.00355, 6]},
			"faces": {
				"north": {"uv": [12.5, 0.375, 12.625, 0.5], "texture": "#2"},
				"east": {"uv": [0.5, 12.5, 0.625, 12.625], "texture": "#2"},
				"south": {"uv": [12.5, 0.625, 12.625, 0.75], "texture": "#2"},
				"west": {"uv": [12.5, 0.75, 12.625, 0.875], "texture": "#2"},
				"up": {"uv": [12.625, 1, 12.5, 0.875], "texture": "#2"},
				"down": {"uv": [1.125, 12.5, 1, 12.625], "texture": "#2"}
			}
		},
		{
			"name": "ef",
			"from": [8, 5.18152, 7.22414],
			"to": [8, 9.18152, 18.47414],
			"rotation": {"angle": -22.5, "axis": "x", "origin": [8, 5.18152, 12.84914]},
			"faces": {
				"north": {"uv": [0, 0, 0.75, 0], "rotation": 90, "texture": "#missing"},
				"east": {"uv": [12.75, 5.25, 15, 16], "rotation": 270, "texture": "#1"},
				"south": {"uv": [0, 0, 0.75, 0], "rotation": 90, "texture": "#missing"},
				"west": {"uv": [15, 5.25, 12.75, 16], "rotation": 90, "texture": "#1"},
				"up": {"uv": [0, 0, 0, 2.875], "rotation": 180, "texture": "#missing"},
				"down": {"uv": [0, 0, 0, 2.875], "texture": "#missing"}
			}
		},
		{
			"name": "ef",
			"from": [8, 1.02928, 7.45878],
			"to": [8, 5.02928, 18.70878],
			"rotation": {"angle": 22.5, "axis": "x", "origin": [8, 7.02928, 12.08378]},
			"faces": {
				"north": {"uv": [0, 0, 0.75, 0], "rotation": 90, "texture": "#missing"},
				"east": {"uv": [12.75, 5.25, 15, 16], "rotation": 270, "texture": "#1"},
				"south": {"uv": [0, 0, 0.75, 0], "rotation": 90, "texture": "#missing"},
				"west": {"uv": [15, 5.25, 12.75, 16], "rotation": 90, "texture": "#1"},
				"up": {"uv": [0, 0, 0, 2.875], "rotation": 180, "texture": "#missing"},
				"down": {"uv": [0, 0, 0, 2.875], "texture": "#missing"}
			}
		},
		{
			"name": "ef",
			"from": [8.76731, 4.61732, 7.08917],
			"to": [8.76731, 16.61732, 11.08917],
			"rotation": {"angle": 22.5, "axis": "x", "origin": [8.76731, 13.11732, 9.08917]},
			"faces": {
				"north": {"uv": [0, 0, 0, 2.875], "texture": "#missing"},
				"east": {"uv": [9.25, 5.25, 7, 16], "texture": "#1"},
				"south": {"uv": [0, 0, 0, 2.875], "texture": "#missing"},
				"west": {"uv": [7, 5.25, 9.25, 16], "texture": "#1"},
				"up": {"uv": [0.75, 0, 0, 0], "rotation": 90, "texture": "#missing"},
				"down": {"uv": [0.75, 0, 0, 0], "rotation": 270, "texture": "#missing"}
			}
		},
		{
			"name": "ef",
			"from": [7.23269, 6, 7.91529],
			"to": [7.23269, 14, 10.41529],
			"rotation": {"angle": 22.5, "axis": "x", "origin": [7.23269, 12.5, 8.16529]},
			"faces": {
				"north": {"uv": [0, 0, 0, 2.875], "texture": "#missing"},
				"east": {"uv": [9.25, 5.25, 7, 16], "texture": "#1"},
				"south": {"uv": [0, 0, 0, 2.875], "texture": "#missing"},
				"west": {"uv": [7, 5.25, 9.25, 16], "texture": "#1"},
				"up": {"uv": [0.75, 0, 0, 0], "rotation": 90, "texture": "#missing"},
				"down": {"uv": [0.75, 0, 0, 0], "rotation": 270, "texture": "#missing"}
			}
		},
		{
			"name": "ef",
			"from": [6.96746, -6.54016, 6.52509],
			"to": [6.96746, 6.45984, 10.52509],
			"rotation": {"angle": -22.5, "axis": "x", "origin": [8, 0.42178, 8.21644]},
			"faces": {
				"north": {"uv": [0, 2.875, 0, 0], "texture": "#missing"},
				"east": {"uv": [0.75, 16, 3, 5.25], "texture": "#1"},
				"south": {"uv": [0, 2.875, 0, 0], "texture": "#missing"},
				"west": {"uv": [3, 16, 0.75, 5.25], "texture": "#1"},
				"up": {"uv": [0.75, 0, 0, 0], "rotation": 270, "texture": "#missing"},
				"down": {"uv": [0.75, 0, 0, 0], "rotation": 90, "texture": "#missing"}
			}
		},
		{
			"name": "ef",
			"from": [9.03254, -3.61628, 6.65778],
			"to": [9.03254, 5.38372, 9.15778],
			"rotation": {"angle": -22.5, "axis": "x", "origin": [8, 0.42178, 8.21644]},
			"faces": {
				"north": {"uv": [0, 2.875, 0, 0], "texture": "#missing"},
				"east": {"uv": [0.75, 16, 3, 5.25], "texture": "#1"},
				"south": {"uv": [0, 2.875, 0, 0], "texture": "#missing"},
				"west": {"uv": [3, 16, 0.75, 5.25], "texture": "#1"},
				"up": {"uv": [0.75, 0, 0, 0], "rotation": 270, "texture": "#missing"},
				"down": {"uv": [0.75, 0, 0, 0], "rotation": 90, "texture": "#missing"}
			}
		}
	],
	"gui_light": "front",
	"display": {
		"thirdperson_righthand": {
			"translation": [0, 1.75, -0.5],
			"scale": [1.2, 1.2, 1.2]
		},
		"thirdperson_lefthand": {
			"translation": [0, 1.75, -0.5],
			"scale": [1.2, 1.2, 1.2]
		},
		"firstperson_righthand": {
			"rotation": [19.28, 32, 0.93],
			"translation": [3.25, 8.25, -3]
		},
		"firstperson_lefthand": {
			"rotation": [22, 5, 0.93],
			"translation": [2.75, 6.75, 1]
		},
		"ground": {
			"rotation": [45, 0, 0],
			"translation": [0, 4.25, 0],
			"scale": [0.5, 0.5, 0.5]
		},
		"gui": {
			"rotation": [90, 45, -90],
			"translation": [0.5, 3, 0],
			"scale": [0.8, 0.8, 0.8]
		},
		"head": {
			"scale": [0, 0, 0]
		},
		"fixed": {
			"rotation": [180, -90, 180],
			"translation": [1.25, 3, -1.25],
			"scale": [1.19, 1.19, 1.19]
		}
	},
	"groups": [
		{
			"name": "magma_bow",
			"origin": [8, 17.36463, 10.91001],
			"color": 0,
			"children": [0, 1, 2, 3, 4, 5, 6, 7, 8, 9, 10, 11, 12, 13, 14, 15, 16, 17, 18, 19, 20, 21, 22, 23, 24, 25, 26, 27, 28, 29, 30, 31, 32, 33]
		}
	]
}