{
	"credit": "Made with Blockbench",
	"textures": {
		"0": "item/void/noparticles/void_all_tools",
		"particle": "item/void/noparticles/void_all_tools"
	},
	"elements": [
		{
			"from": [6.95364, 1.94282, 7],
			"to": [9.25364, 3.44282, 7.75],
			"rotation": {"angle": -22.5, "axis": "z", "origin": [9.65582, 7.76133, 9.475]},
			"faces": {
				"north": {"uv": [13, 0.25, 13.5, 0.5], "texture": "#0"},
				"east": {"uv": [13.75, 9.25, 14, 9.5], "texture": "#0"},
				"south": {"uv": [13, 0.5, 13.5, 0.75], "texture": "#0"},
				"west": {"uv": [9.5, 13.75, 9.75, 14], "texture": "#0"},
				"up": {"uv": [13.5, 1, 13, 0.75], "texture": "#0"},
				"down": {"uv": [13.5, 1, 13, 1.25], "texture": "#0"}
			}
		},
		{
			"from": [6.74636, 1.94282, 7],
			"to": [9.04636, 3.44282, 7.75],
			"rotation": {"angle": 22.5, "axis": "z", "origin": [6.34418, 7.76133, 9.475]},
			"faces": {
				"north": {"uv": [13.5, 0.25, 13, 0.5], "texture": "#0"},
				"east": {"uv": [9.75, 13.75, 9.5, 14], "texture": "#0"},
				"south": {"uv": [13.5, 0.5, 13, 0.75], "texture": "#0"},
				"west": {"uv": [14, 9.25, 13.75, 9.5], "texture": "#0"},
				"up": {"uv": [13, 1, 13.5, 0.75], "texture": "#0"},
				"down": {"uv": [13, 1, 13.5, 1.25], "texture": "#0"}
			}
		},
		{
			"from": [3.748, -2.002, 6.998],
			"to": [5.502, 7.002, 9.002],
			"rotation": {"angle": 0, "axis": "y", "origin": [9.65582, 7.76133, 9.475]},
			"faces": {
				"north": {"uv": [0, 5.75, 0.5, 8], "texture": "#0"},
				"east": {"uv": [0.5, 5.75, 1, 8], "texture": "#0"},
				"south": {"uv": [1, 5.75, 1.5, 8], "texture": "#0"},
				"west": {"uv": [1.5, 5.75, 2, 8], "texture": "#0"},
				"up": {"uv": [12, 0.75, 11.5, 0.25], "texture": "#0"},
				"down": {"uv": [1, 11.5, 0.5, 12], "texture": "#0"}
			}
		},
		{
			"from": [3.90421, 8.56401, 6.996],
			"to": [5.66221, 13.32201, 9.004],
			"rotation": {"angle": 22.5, "axis": "z", "origin": [9.65582, 7.76133, 9.475]},
			"faces": {
				"north": {"uv": [8, 2.25, 8.5, 3.5], "texture": "#0"},
				"east": {"uv": [8, 4.25, 8.5, 5.5], "texture": "#0"},
				"south": {"uv": [8, 5.5, 8.5, 6.75], "texture": "#0"},
				"west": {"uv": [5.75, 8, 6.25, 9.25], "texture": "#0"},
				"up": {"uv": [11.75, 11.75, 11.25, 11.25], "texture": "#0"},
				"down": {"uv": [0.5, 11.5, 0, 12], "texture": "#0"}
			}
		},
		{
			"from": [1.24229, 2.19447, 7],
			"to": [2.99229, 6.19447, 9],
			"rotation": {"angle": -45, "axis": "z", "origin": [9.65582, 7.76133, 9.475]},
			"faces": {
				"north": {"uv": [8, 9, 8.5, 10], "texture": "#0"},
				"east": {"uv": [9.25, 2.25, 9.75, 3.25], "texture": "#0"},
				"south": {"uv": [9.25, 4.25, 9.75, 5.25], "texture": "#0"},
				"west": {"uv": [9.25, 5.25, 9.75, 6.25], "texture": "#0"},
				"up": {"uv": [10.75, 11.75, 10.25, 11.25], "texture": "#0"},
				"down": {"uv": [11.25, 11.25, 10.75, 11.75], "texture": "#0"}
			}
		},
		{
			"from": [-0.81274, 6.96131, 6.994],
			"to": [0.94926, 12.97331, 9.006],
			"rotation": {"angle": 0, "axis": "y", "origin": [9.65582, 7.76133, 9.475]},
			"faces": {
				"north": {"uv": [7.5, 1, 8, 2.5], "texture": "#0"},
				"east": {"uv": [7.5, 4.25, 8, 5.75], "texture": "#0"},
				"south": {"uv": [7.5, 5.75, 8, 7.25], "texture": "#0"},
				"west": {"uv": [7.5, 7.25, 8, 8.75], "texture": "#0"},
				"up": {"uv": [9.75, 11.75, 9.25, 11.25], "texture": "#0"},
				"down": {"uv": [10.25, 11.25, 9.75, 11.75], "texture": "#0"}
			}
		},
		{
			"from": [0.29354, 3.0239, 7],
			"to": [1.89354, 3.6989, 9],
			"rotation": {"angle": -22.5, "axis": "z", "origin": [9.65582, 7.76133, 9.475]},
			"faces": {
				"north": {"uv": [12.75, 9.5, 13.25, 9.75], "texture": "#0"},
				"east": {"uv": [10.5, 12.75, 11, 13], "texture": "#0"},
				"south": {"uv": [12.75, 10.75, 13.25, 11], "texture": "#0"},
				"west": {"uv": [11, 12.75, 11.5, 13], "texture": "#0"},
				"up": {"uv": [9.25, 11.75, 8.75, 11.25], "texture": "#0"},
				"down": {"uv": [11.75, 9, 11.25, 9.5], "texture": "#0"}
			}
		},
		{
			"from": [11.47456, 16.875, 6.994],
			"to": [13.23656, 19.987, 9.006],
			"rotation": {"angle": 45, "axis": "z", "origin": [9.65582, 7.76133, 9.475]},
			"faces": {
				"north": {"uv": [9.75, 6.75, 10.25, 7.5], "texture": "#0"},
				"east": {"uv": [7.25, 9.75, 7.75, 10.5], "texture": "#0"},
				"south": {"uv": [9.75, 9.25, 10.25, 10], "texture": "#0"},
				"west": {"uv": [10, 0.5, 10.5, 1.25], "texture": "#0"},
				"up": {"uv": [11.75, 6.75, 11.25, 6.25], "texture": "#0"},
				"down": {"uv": [7, 11.25, 6.5, 11.75], "texture": "#0"}
			}
		},
		{
			"from": [7.81555, 21.1585, 7],
			"to": [9.11555, 22.4085, 9],
			"rotation": {"angle": 22.5, "axis": "z", "origin": [9.65582, 7.76133, 9.475]},
			"faces": {
				"north": {"uv": [13.75, 6.75, 14, 7], "texture": "#0"},
				"east": {"uv": [12.75, 9.25, 13.25, 9.5], "texture": "#0"},
				"south": {"uv": [7, 13.75, 7.25, 14], "texture": "#0"},
				"west": {"uv": [9.5, 12.75, 10, 13], "texture": "#0"},
				"up": {"uv": [13, 10.5, 12.75, 10], "texture": "#0"},
				"down": {"uv": [10.5, 12.75, 10.25, 13.25], "texture": "#0"}
			}
		},
		{
			"from": [-2.01056, 8.55918, 6.992],
			"to": [-0.24456, 16.82518, 9.008],
			"rotation": {"angle": -22.5, "axis": "z", "origin": [9.65582, 7.76133, 9.475]},
			"faces": {
				"north": {"uv": [2, 5.75, 2.5, 7.75], "texture": "#0"},
				"east": {"uv": [5.75, 4, 6.25, 6], "texture": "#0"},
				"south": {"uv": [6, 0, 6.5, 2], "texture": "#0"},
				"west": {"uv": [5.75, 6, 6.25, 8], "texture": "#0"},
				"up": {"uv": [4.25, 11.75, 3.75, 11.25], "texture": "#0"},
				"down": {"uv": [6.5, 11.25, 6, 11.75], "texture": "#0"}
			}
		},
		{
			"from": [8.7185, 17.5548, 7],
			"to": [11.6685, 19.3048, 9],
			"rotation": {"angle": 22.5, "axis": "z", "origin": [9.65582, 7.76133, 9.475]},
			"faces": {
				"north": {"uv": [9.75, 2.75, 10.5, 3.25], "texture": "#0"},
				"east": {"uv": [2.5, 11.25, 3, 11.75], "texture": "#0"},
				"south": {"uv": [9.75, 4.25, 10.5, 4.75], "texture": "#0"},
				"west": {"uv": [11.25, 3.25, 11.75, 3.75], "texture": "#0"},
				"up": {"uv": [10.5, 5.25, 9.75, 4.75], "texture": "#0"},
				"down": {"uv": [10.5, 5.25, 9.75, 5.75], "texture": "#0"}
			}
		},
		{
			"from": [13.53594, -3.4969, 7],
			"to": [15.53594, 1.0031, 9],
			"rotation": {"angle": -22.5, "axis": "z", "origin": [6.34418, 7.76133, 9.475]},
			"faces": {
				"north": {"uv": [8, 2.5, 7.5, 3.75], "texture": "#0"},
				"east": {"uv": [0.5, 8, 0, 9.25], "texture": "#0"},
				"south": {"uv": [7.25, 7.75, 6.75, 9], "texture": "#0"},
				"west": {"uv": [6.75, 7.75, 6.25, 9], "texture": "#0"},
				"up": {"uv": [11, 6.25, 11.5, 5.75], "texture": "#0"},
				"down": {"uv": [11, 7, 11.5, 7.5], "texture": "#0"}
			}
		},
		{
			"from": [10.498, -2.002, 6.998],
			"to": [12.252, 7.002, 9.002],
			"rotation": {"angle": 0, "axis": "y", "origin": [6.34418, 7.76133, 9.475]},
			"faces": {
				"north": {"uv": [0.5, 5.75, 0, 8], "texture": "#0"},
				"east": {"uv": [2, 5.75, 1.5, 8], "texture": "#0"},
				"south": {"uv": [1.5, 5.75, 1, 8], "texture": "#0"},
				"west": {"uv": [1, 5.75, 0.5, 8], "texture": "#0"},
				"up": {"uv": [11.5, 0.75, 12, 0.25], "texture": "#0"},
				"down": {"uv": [0.5, 11.5, 1, 12], "texture": "#0"}
			}
		},
		{
			"from": [10.33779, 8.56401, 6.996],
			"to": [12.09579, 13.32201, 9.004],
			"rotation": {"angle": -22.5, "axis": "z", "origin": [6.34418, 7.76133, 9.475]},
			"faces": {
				"north": {"uv": [8.5, 2.25, 8, 3.5], "texture": "#0"},
				"east": {"uv": [6.25, 8, 5.75, 9.25], "texture": "#0"},
				"south": {"uv": [8.5, 5.5, 8, 6.75], "texture": "#0"},
				"west": {"uv": [8.5, 4.25, 8, 5.5], "texture": "#0"},
				"up": {"uv": [11.25, 11.75, 11.75, 11.25], "texture": "#0"},
				"down": {"uv": [0, 11.5, 0.5, 12], "texture": "#0"}
			}
		},
		{
			"from": [13.00771, 2.19447, 7],
			"to": [14.75771, 6.19447, 9],
			"rotation": {"angle": 45, "axis": "z", "origin": [6.34418, 7.76133, 9.475]},
			"faces": {
				"north": {"uv": [8.5, 9, 8, 10], "texture": "#0"},
				"east": {"uv": [9.75, 5.25, 9.25, 6.25], "texture": "#0"},
				"south": {"uv": [9.75, 4.25, 9.25, 5.25], "texture": "#0"},
				"west": {"uv": [9.75, 2.25, 9.25, 3.25], "texture": "#0"},
				"up": {"uv": [10.25, 11.75, 10.75, 11.25], "texture": "#0"},
				"down": {"uv": [10.75, 11.25, 11.25, 11.75], "texture": "#0"}
			}
		},
		{
			"from": [14.10646, 3.0239, 7],
			"to": [15.70646, 3.6989, 9],
			"rotation": {"angle": 22.5, "axis": "z", "origin": [6.34418, 7.76133, 9.475]},
			"faces": {
				"north": {"uv": [13.25, 9.5, 12.75, 9.75], "texture": "#0"},
				"east": {"uv": [11.5, 12.75, 11, 13], "texture": "#0"},
				"south": {"uv": [13.25, 10.75, 12.75, 11], "texture": "#0"},
				"west": {"uv": [11, 12.75, 10.5, 13], "texture": "#0"},
				"up": {"uv": [8.75, 11.75, 9.25, 11.25], "texture": "#0"},
				"down": {"uv": [11.25, 9, 11.75, 9.5], "texture": "#0"}
			}
		},
		{
			"from": [15.05074, 6.96131, 6.994],
			"to": [16.81274, 12.97331, 9.006],
			"rotation": {"angle": 0, "axis": "y", "origin": [6.34418, 7.76133, 9.475]},
			"faces": {
				"north": {"uv": [8, 1, 7.5, 2.5], "texture": "#0"},
				"east": {"uv": [8, 7.25, 7.5, 8.75], "texture": "#0"},
				"south": {"uv": [8, 5.75, 7.5, 7.25], "texture": "#0"},
				"west": {"uv": [8, 4.25, 7.5, 5.75], "texture": "#0"},
				"up": {"uv": [9.25, 11.75, 9.75, 11.25], "texture": "#0"},
				"down": {"uv": [9.75, 11.25, 10.25, 11.75], "texture": "#0"}
			}
		},
		{
			"from": [16.24456, 8.55918, 6.992],
			"to": [18.01056, 16.82518, 9.008],
			"rotation": {"angle": 22.5, "axis": "z", "origin": [6.34418, 7.76133, 9.475]},
			"faces": {
				"north": {"uv": [2.5, 5.75, 2, 7.75], "texture": "#0"},
				"east": {"uv": [6.25, 6, 5.75, 8], "texture": "#0"},
				"south": {"uv": [6.5, 0, 6, 2], "texture": "#0"},
				"west": {"uv": [6.25, 4, 5.75, 6], "texture": "#0"},
				"up": {"uv": [3.75, 11.75, 4.25, 11.25], "texture": "#0"},
				"down": {"uv": [6, 11.25, 6.5, 11.75], "texture": "#0"}
			}
		},
		{
			"from": [6.88445, 21.1585, 7],
			"to": [8.18445, 22.4085, 9],
			"rotation": {"angle": -22.5, "axis": "z", "origin": [6.34418, 7.76133, 9.475]},
			"faces": {
				"north": {"uv": [14, 6.75, 13.75, 7], "texture": "#0"},
				"east": {"uv": [10, 12.75, 9.5, 13], "texture": "#0"},
				"south": {"uv": [7.25, 13.75, 7, 14], "texture": "#0"},
				"west": {"uv": [13.25, 9.25, 12.75, 9.5], "texture": "#0"},
				"up": {"uv": [12.75, 10.5, 13, 10], "texture": "#0"},
				"down": {"uv": [10.25, 12.75, 10.5, 13.25], "texture": "#0"}
			}
		},
		{
			"from": [2.76344, 16.875, 6.994],
			"to": [4.52544, 19.987, 9.006],
			"rotation": {"angle": -45, "axis": "z", "origin": [6.34418, 7.76133, 9.475]},
			"faces": {
				"north": {"uv": [10.25, 6.75, 9.75, 7.5], "texture": "#0"},
				"east": {"uv": [10.5, 0.5, 10, 1.25], "texture": "#0"},
				"south": {"uv": [10.25, 9.25, 9.75, 10], "texture": "#0"},
				"west": {"uv": [7.75, 9.75, 7.25, 10.5], "texture": "#0"},
				"up": {"uv": [11.25, 6.75, 11.75, 6.25], "texture": "#0"},
				"down": {"uv": [6.5, 11.25, 7, 11.75], "texture": "#0"}
			}
		},
		{
			"from": [4.3315, 17.5548, 7],
			"to": [7.2815, 19.3048, 9],
			"rotation": {"angle": -22.5, "axis": "z", "origin": [6.34418, 7.76133, 9.475]},
			"faces": {
				"north": {"uv": [10.5, 2.75, 9.75, 3.25], "texture": "#0"},
				"east": {"uv": [11.75, 3.25, 11.25, 3.75], "texture": "#0"},
				"south": {"uv": [10.5, 4.25, 9.75, 4.75], "texture": "#0"},
				"west": {"uv": [3, 11.25, 2.5, 11.75], "texture": "#0"},
				"up": {"uv": [9.75, 5.25, 10.5, 4.75], "texture": "#0"},
				"down": {"uv": [9.75, 5.25, 10.5, 5.75], "texture": "#0"}
			}
		},
		{
			"from": [7.119, 16.42411, 6.994],
			"to": [8.881, 21.68611, 9.006],
			"rotation": {"angle": 0, "axis": "y", "origin": [9.65582, 7.76133, 9.475]},
			"faces": {
				"north": {"uv": [0.5, 8, 1, 9.25], "texture": "#0"},
				"east": {"uv": [1, 8, 1.5, 9.25], "texture": "#0"},
				"south": {"uv": [8, 1, 8.5, 2.25], "texture": "#0"},
				"west": {"uv": [1.5, 8, 2, 9.25], "texture": "#0"},
				"up": {"uv": [7.75, 11.5, 7.25, 11], "texture": "#0"},
				"down": {"uv": [11.5, 7.5, 11, 8], "texture": "#0"}
			}
		},
		{
			"from": [17.69576, 18.15551, 7],
			"to": [18.94576, 19.40551, 9],
			"rotation": {"angle": 45, "axis": "z", "origin": [9.65582, 7.76133, 9.475]},
			"faces": {
				"north": {"uv": [13.75, 6.5, 14, 6.75], "texture": "#0"},
				"east": {"uv": [12.75, 8.25, 13.25, 8.5], "texture": "#0"},
				"south": {"uv": [6.75, 13.75, 7, 14], "texture": "#0"},
				"west": {"uv": [8.5, 12.75, 9, 13], "texture": "#0"},
				"up": {"uv": [13, 9, 12.75, 8.5], "texture": "#0"},
				"down": {"uv": [9.25, 12.75, 9, 13.25], "texture": "#0"}
			}
		},
		{
			"from": [13.47545, 13.9352, 6.992],
			"to": [15.74145, 16.2012, 9.008],
			"rotation": {"angle": 45, "axis": "z", "origin": [9.65582, 7.76133, 9.475]},
			"faces": {
				"north": {"uv": [7.75, 11, 8.25, 11.5], "texture": "#0"},
				"east": {"uv": [11, 8, 11.5, 8.5], "texture": "#0"},
				"south": {"uv": [8.25, 11, 8.75, 11.5], "texture": "#0"},
				"west": {"uv": [11, 9.75, 11.5, 10.25], "texture": "#0"},
				"up": {"uv": [11.5, 10.75, 11, 10.25], "texture": "#0"},
				"down": {"uv": [11.5, 10.75, 11, 11.25], "texture": "#0"}
			}
		},
		{
			"from": [5.5, -4.75, 7.45],
			"to": [10.5, 7, 8.55],
			"rotation": {"angle": 0, "axis": "y", "origin": [9.65582, 7.76133, 9.475]},
			"faces": {
				"north": {"uv": [0, 2.75, 1.25, 5.75], "texture": "#0"},
				"east": {"uv": [3.25, 7.5, 3.5, 10.5], "texture": "#0"},
				"south": {"uv": [0, 2.75, 1.25, 5.75], "texture": "#0"},
				"west": {"uv": [3.5, 7.5, 3.75, 10.5], "texture": "#0"},
				"up": {"uv": [11.25, 9.25, 10, 9], "texture": "#0"},
				"down": {"uv": [11.5, 2.5, 10.25, 2.75], "texture": "#0"}
			}
		},
		{
			"from": [4.25, 7, 7.45],
			"to": [11.75, 17.5, 8.55],
			"rotation": {"angle": 0, "axis": "y", "origin": [9.65582, 7.76133, 9.475]},
			"faces": {
				"north": {"uv": [0, 0, 2, 2.75], "texture": "#0"},
				"east": {"uv": [3.75, 7.5, 4, 10.25], "texture": "#0"},
				"south": {"uv": [0, 0, 2, 2.75], "texture": "#0"},
				"west": {"uv": [2, 7.75, 2.25, 10.5], "texture": "#0"},
				"up": {"uv": [11.25, 3.5, 9.25, 3.25], "texture": "#0"},
				"down": {"uv": [11.25, 3.5, 9.25, 3.75], "texture": "#0"}
			}
		},
		{
			"from": [6.992, 8.992, 6.442],
			"to": [9.008, 12.758, 7.458],
			"rotation": {"angle": 0, "axis": "y", "origin": [9.65582, 7.76133, 9.475]},
			"faces": {
				"north": {"uv": [5.75, 9.25, 6.25, 10.25], "texture": "#0"},
				"east": {"uv": [7, 11.25, 7.25, 12.25], "texture": "#0"},
				"south": {"uv": [9.25, 6.75, 9.75, 7.75], "texture": "#0"},
				"west": {"uv": [11.5, 0.75, 11.75, 1.75], "texture": "#0"},
				"up": {"uv": [13.25, 11.25, 12.75, 11], "texture": "#0"},
				"down": {"uv": [13.25, 11.25, 12.75, 11.5], "texture": "#0"}
			}
		},
		{
			"from": [5.66276, 6.09573, 6.7],
			"to": [7.06276, 7.47073, 7.45],
			"rotation": {"angle": 45, "axis": "z", "origin": [9.65582, 7.76133, 9.475]},
			"faces": {
				"north": {"uv": [13.75, 10.25, 14, 10.5], "texture": "#0"},
				"east": {"uv": [10.5, 13.75, 10.75, 14], "texture": "#0"},
				"south": {"uv": [13.75, 10.5, 14, 10.75], "texture": "#0"},
				"west": {"uv": [10.75, 13.75, 11, 14], "texture": "#0"},
				"up": {"uv": [14, 11, 13.75, 10.75], "texture": "#0"},
				"down": {"uv": [11.25, 13.75, 11, 14], "texture": "#0"}
			}
		},
		{
			"from": [3.71821, 4.15119, 6.7],
			"to": [5.11821, 5.52619, 7.45],
			"rotation": {"angle": 45, "axis": "z", "origin": [9.65582, 7.76133, 9.475]},
			"faces": {
				"north": {"uv": [13.75, 9.5, 14, 9.75], "texture": "#0"},
				"east": {"uv": [9.75, 13.75, 10, 14], "texture": "#0"},
				"south": {"uv": [13.75, 9.75, 14, 10], "texture": "#0"},
				"west": {"uv": [10, 13.75, 10.25, 14], "texture": "#0"},
				"up": {"uv": [14, 10.25, 13.75, 10], "texture": "#0"},
				"down": {"uv": [10.5, 13.75, 10.25, 14], "texture": "#0"}
			}
		},
		{
			"from": [6.992, 1.992, 6.692],
			"to": [9.008, 4.758, 7.458],
			"rotation": {"angle": 0, "axis": "y", "origin": [9.65582, 7.76133, 9.475]},
			"faces": {
				"north": {"uv": [6.75, 10, 7.25, 10.75], "texture": "#0"},
				"east": {"uv": [8.75, 11.75, 9, 12.5], "texture": "#0"},
				"south": {"uv": [10, 7.5, 10.5, 8.25], "texture": "#0"},
				"west": {"uv": [9, 11.75, 9.25, 12.5], "texture": "#0"},
				"up": {"uv": [1.75, 13.25, 1.25, 13], "texture": "#0"},
				"down": {"uv": [13.5, 1.5, 13, 1.75], "texture": "#0"}
			}
		},
		{
			"from": [9.89893, 10.29188, 6.45],
			"to": [16.39893, 12.04188, 6.95],
			"rotation": {"angle": 22.5, "axis": "z", "origin": [9.65582, 7.76133, 9.475]},
			"faces": {
				"north": {"uv": [7, 0, 8.75, 0.5], "texture": "#0"},
				"east": {"uv": [11.5, 12.75, 11.75, 13.25], "texture": "#0"},
				"south": {"uv": [7, 0.5, 8.75, 1], "texture": "#0"},
				"west": {"uv": [12.75, 11.5, 13, 12], "texture": "#0"},
				"up": {"uv": [11, 6.5, 9.25, 6.25], "texture": "#0"},
				"down": {"uv": [11.25, 0.25, 9.5, 0.5], "texture": "#0"}
			}
		},
		{
			"from": [17.52374, 7.38557, 6.45],
			"to": [22.77374, 9.13557, 6.95],
			"rotation": {"angle": 45, "axis": "z", "origin": [9.65582, 7.76133, 9.475]},
			"faces": {
				"north": {"uv": [8, 6.75, 9.25, 7.25], "texture": "#0"},
				"east": {"uv": [11.75, 12.75, 12, 13.25], "texture": "#0"},
				"south": {"uv": [8, 7.25, 9.25, 7.75], "texture": "#0"},
				"west": {"uv": [12, 12.75, 12.25, 13.25], "texture": "#0"},
				"up": {"uv": [11.5, 4, 10.25, 3.75], "texture": "#0"},
				"down": {"uv": [11.5, 4, 10.25, 4.25], "texture": "#0"}
			}
		},
		{
			"from": [13.43757, 16.28522, 6.442],
			"to": [15.45357, 21.30122, 6.958],
			"rotation": {"angle": -22.5, "axis": "z", "origin": [9.65582, 7.76133, 9.475]},
			"faces": {
				"north": {"uv": [8, 7.75, 8.5, 9], "texture": "#0"},
				"east": {"uv": [2.25, 9.75, 2.5, 11], "texture": "#0"},
				"south": {"uv": [8.5, 1, 9, 2.25], "texture": "#0"},
				"west": {"uv": [5.75, 10.25, 6, 11.5], "texture": "#0"},
				"up": {"uv": [12.75, 13, 12.25, 12.75], "texture": "#0"},
				"down": {"uv": [13.25, 12.5, 12.75, 12.75], "texture": "#0"}
			}
		},
		{
			"from": [11.70973, 13.68745, 6.442],
			"to": [13.62573, 16.25345, 6.958],
			"rotation": {"angle": -22.5, "axis": "z", "origin": [9.65582, 7.76133, 9.475]},
			"faces": {
				"north": {"uv": [10, 1.25, 10.5, 2], "texture": "#0"},
				"east": {"uv": [7.75, 11.75, 8, 12.5], "texture": "#0"},
				"south": {"uv": [6.25, 10, 6.75, 10.75], "texture": "#0"},
				"west": {"uv": [11.75, 7.75, 12, 8.5], "texture": "#0"},
				"up": {"uv": [13.25, 13, 12.75, 12.75], "texture": "#0"},
				"down": {"uv": [13.5, 0, 13, 0.25], "texture": "#0"}
			}
		},
		{
			"from": [21.90407, 13.25006, 6.45],
			"to": [23.30407, 14.65006, 6.95],
			"rotation": {"angle": 22.5, "axis": "z", "origin": [9.65582, 7.76133, 9.475]},
			"faces": {
				"north": {"uv": [13.75, 8.5, 14, 8.75], "texture": "#0"},
				"east": {"uv": [8.75, 13.75, 9, 14], "texture": "#0"},
				"south": {"uv": [13.75, 8.75, 14, 9], "texture": "#0"},
				"west": {"uv": [9, 13.75, 9.25, 14], "texture": "#0"},
				"up": {"uv": [14, 9.25, 13.75, 9], "texture": "#0"},
				"down": {"uv": [9.5, 13.75, 9.25, 14], "texture": "#0"}
			}
		},
		{
			"from": [-7.30407, 13.25006, 6.45],
			"to": [-5.90407, 14.65006, 6.95],
			"rotation": {"angle": -22.5, "axis": "z", "origin": [6.34418, 7.76133, 9.475]},
			"faces": {
				"north": {"uv": [14, 8.5, 13.75, 8.75], "texture": "#0"},
				"east": {"uv": [9.25, 13.75, 9, 14], "texture": "#0"},
				"south": {"uv": [14, 8.75, 13.75, 9], "texture": "#0"},
				"west": {"uv": [9, 13.75, 8.75, 14], "texture": "#0"},
				"up": {"uv": [13.75, 9.25, 14, 9], "texture": "#0"},
				"down": {"uv": [9.25, 13.75, 9.5, 14], "texture": "#0"}
			}
		},
		{
			"from": [0.54643, 16.28522, 6.442],
			"to": [2.56243, 21.30122, 6.958],
			"rotation": {"angle": 22.5, "axis": "z", "origin": [6.34418, 7.76133, 9.475]},
			"faces": {
				"north": {"uv": [8.5, 7.75, 8, 9], "texture": "#0"},
				"east": {"uv": [6, 10.25, 5.75, 11.5], "texture": "#0"},
				"south": {"uv": [9, 1, 8.5, 2.25], "texture": "#0"},
				"west": {"uv": [2.5, 9.75, 2.25, 11], "texture": "#0"},
				"up": {"uv": [12.25, 13, 12.75, 12.75], "texture": "#0"},
				"down": {"uv": [12.75, 12.5, 13.25, 12.75], "texture": "#0"}
			}
		},
		{
			"from": [-6.77374, 7.38557, 6.45],
			"to": [-1.52374, 9.13557, 6.95],
			"rotation": {"angle": -45, "axis": "z", "origin": [6.34418, 7.76133, 9.475]},
			"faces": {
				"north": {"uv": [9.25, 6.75, 8, 7.25], "texture": "#0"},
				"east": {"uv": [12.25, 12.75, 12, 13.25], "texture": "#0"},
				"south": {"uv": [9.25, 7.25, 8, 7.75], "texture": "#0"},
				"west": {"uv": [12, 12.75, 11.75, 13.25], "texture": "#0"},
				"up": {"uv": [10.25, 4, 11.5, 3.75], "texture": "#0"},
				"down": {"uv": [10.25, 4, 11.5, 4.25], "texture": "#0"}
			}
		},
		{
			"from": [2.37427, 13.68745, 6.442],
			"to": [4.29027, 16.25345, 6.958],
			"rotation": {"angle": 22.5, "axis": "z", "origin": [6.34418, 7.76133, 9.475]},
			"faces": {
				"north": {"uv": [10.5, 1.25, 10, 2], "texture": "#0"},
				"east": {"uv": [12, 7.75, 11.75, 8.5], "texture": "#0"},
				"south": {"uv": [6.75, 10, 6.25, 10.75], "texture": "#0"},
				"west": {"uv": [8, 11.75, 7.75, 12.5], "texture": "#0"},
				"up": {"uv": [12.75, 13, 13.25, 12.75], "texture": "#0"},
				"down": {"uv": [13, 0, 13.5, 0.25], "texture": "#0"}
			}
		},
		{
			"from": [-0.39893, 10.29188, 6.45],
			"to": [6.10107, 12.04188, 6.95],
			"rotation": {"angle": -22.5, "axis": "z", "origin": [6.34418, 7.76133, 9.475]},
			"faces": {
				"north": {"uv": [8.75, 0, 7, 0.5], "texture": "#0"},
				"east": {"uv": [13, 11.5, 12.75, 12], "texture": "#0"},
				"south": {"uv": [8.75, 0.5, 7, 1], "texture": "#0"},
				"west": {"uv": [11.75, 12.75, 11.5, 13.25], "texture": "#0"},
				"up": {"uv": [9.25, 6.5, 11, 6.25], "texture": "#0"},
				"down": {"uv": [9.5, 0.25, 11.25, 0.5], "texture": "#0"}
			}
		},
		{
			"from": [8.6546, 9.11429, 6.45],
			"to": [10.0546, 10.48929, 7.45],
			"rotation": {"angle": 45, "axis": "z", "origin": [9.65582, 7.76133, 9.475]},
			"faces": {
				"north": {"uv": [13.75, 7, 14, 7.25], "texture": "#0"},
				"east": {"uv": [7.25, 13.75, 7.5, 14], "texture": "#0"},
				"south": {"uv": [13.75, 7.25, 14, 7.5], "texture": "#0"},
				"west": {"uv": [7.5, 13.75, 7.75, 14], "texture": "#0"},
				"up": {"uv": [14, 7.75, 13.75, 7.5], "texture": "#0"},
				"down": {"uv": [8, 13.75, 7.75, 14], "texture": "#0"}
			}
		},
		{
			"from": [11.30625, 11.76594, 6.45],
			"to": [12.70625, 13.14094, 7.45],
			"rotation": {"angle": 45, "axis": "z", "origin": [9.65582, 7.76133, 9.475]},
			"faces": {
				"north": {"uv": [13.75, 7.75, 14, 8], "texture": "#0"},
				"east": {"uv": [8, 13.75, 8.25, 14], "texture": "#0"},
				"south": {"uv": [13.75, 8, 14, 8.25], "texture": "#0"},
				"west": {"uv": [8.25, 13.75, 8.5, 14], "texture": "#0"},
				"up": {"uv": [14, 8.5, 13.75, 8.25], "texture": "#0"},
				"down": {"uv": [8.75, 13.75, 8.5, 14], "texture": "#0"}
			}
		},
		{
			"from": [1, 10, 7.45],
			"to": [4.25, 17, 8.55],
			"rotation": {"angle": 0, "axis": "y", "origin": [9.65582, 7.76133, 9.475]},
			"faces": {
				"north": {"uv": [4, 2, 4.75, 3.75], "texture": "#0"},
				"east": {"uv": [4.5, 9.25, 4.75, 11], "texture": "#0"},
				"south": {"uv": [4.75, 2, 4, 3.75], "texture": "#0"},
				"west": {"uv": [9.25, 7.75, 9.5, 9.5], "texture": "#0"},
				"up": {"uv": [12.5, 3.75, 11.75, 3.5], "texture": "#0"},
				"down": {"uv": [12.5, 6.25, 11.75, 6.5], "texture": "#0"}
			}
		},
		{
			"from": [11.75, 10, 7.45],
			"to": [15, 17, 8.55],
			"rotation": {"angle": 0, "axis": "y", "origin": [6.34418, 7.76133, 9.475]},
			"faces": {
				"north": {"uv": [4.75, 2, 4, 3.75], "texture": "#0"},
				"east": {"uv": [9.5, 7.75, 9.25, 9.5], "texture": "#0"},
				"south": {"uv": [4, 2, 4.75, 3.75], "texture": "#0"},
				"west": {"uv": [4.75, 9.25, 4.5, 11], "texture": "#0"},
				"up": {"uv": [11.75, 3.75, 12.5, 3.5], "texture": "#0"},
				"down": {"uv": [11.75, 6.25, 12.5, 6.5], "texture": "#0"}
			}
		},
		{
			"from": [16.51904, -5.05958, 6.992],
			"to": [20.13504, -1.44358, 9.008],
			"rotation": {"angle": -45, "axis": "z", "origin": [9.65582, 7.76133, 9.475]},
			"faces": {
				"north": {"uv": [5.75, 2, 6.75, 3], "texture": "#0"},
				"east": {"uv": [6.25, 9, 6.75, 10], "texture": "#0"},
				"south": {"uv": [5.75, 3, 6.75, 4], "texture": "#0"},
				"west": {"uv": [6.75, 9, 7.25, 10], "texture": "#0"},
				"up": {"uv": [1, 9.75, 0, 9.25], "texture": "#0"},
				"down": {"uv": [2, 9.25, 1, 9.75], "texture": "#0"}
			}
		},
		{
			"from": [0.46406, -3.4969, 7],
			"to": [2.46406, 1.0031, 9],
			"rotation": {"angle": 22.5, "axis": "z", "origin": [9.65582, 7.76133, 9.475]},
			"faces": {
				"north": {"uv": [7.5, 2.5, 8, 3.75], "texture": "#0"},
				"east": {"uv": [6.25, 7.75, 6.75, 9], "texture": "#0"},
				"south": {"uv": [6.75, 7.75, 7.25, 9], "texture": "#0"},
				"west": {"uv": [0, 8, 0.5, 9.25], "texture": "#0"},
				"up": {"uv": [11.5, 6.25, 11, 5.75], "texture": "#0"},
				"down": {"uv": [11.5, 7, 11, 7.5], "texture": "#0"}
			}
		},
		{
			"from": [7.25, 9, 8.5],
			"to": [8.75, 10.5, 11.5],
			"rotation": {"angle": 0, "axis": "y", "origin": [9.65582, 7.76133, 9.475]},
			"faces": {
				"north": {"uv": [1, 11.5, 1.5, 12], "texture": "#0"},
				"east": {"uv": [9.75, 5.75, 10.5, 6.25], "texture": "#0"},
				"south": {"uv": [1.5, 11.5, 2, 12], "texture": "#0"},
				"west": {"uv": [7.75, 10, 8.5, 10.5], "texture": "#0"},
				"up": {"uv": [10.5, 9, 10, 8.25], "texture": "#0"},
				"down": {"uv": [10.25, 10, 9.75, 10.75], "texture": "#0"}
			}
		},
		{
			"from": [7.25, 4, 11.5],
			"to": [8.75, 10.5, 13],
			"rotation": {"angle": 0, "axis": "y", "origin": [9.65582, 7.76133, 9.475]},
			"faces": {
				"north": {"uv": [5, 6.75, 5.5, 8.5], "texture": "#0"},
				"east": {"uv": [7, 1, 7.5, 2.75], "texture": "#0"},
				"south": {"uv": [7, 4.25, 7.5, 6], "texture": "#0"},
				"west": {"uv": [7, 6, 7.5, 7.75], "texture": "#0"},
				"up": {"uv": [12, 3.25, 11.5, 2.75], "texture": "#0"},
				"down": {"uv": [12, 3.75, 11.5, 4.25], "texture": "#0"}
			}
		},
		{
			"from": [7.25, 4, 8.5],
			"to": [8.75, 5.5, 11.5],
			"rotation": {"angle": 0, "axis": "y", "origin": [9.65582, 7.76133, 9.475]},
			"faces": {
				"north": {"uv": [11.5, 1.75, 12, 2.25], "texture": "#0"},
				"east": {"uv": [10.25, 2, 11, 2.5], "texture": "#0"},
				"south": {"uv": [11.5, 2.25, 12, 2.75], "texture": "#0"},
				"west": {"uv": [3.75, 10.25, 4.5, 10.75], "texture": "#0"},
				"up": {"uv": [5.25, 11, 4.75, 10.25], "texture": "#0"},
				"down": {"uv": [5.75, 10.25, 5.25, 11], "texture": "#0"}
			}
		}
	],
	"gui_light": "front",
	"display": {
		"thirdperson_righthand": {
			"translation": [0, -1.5, -2.5],
			"scale": [0.9, 0.9, 0.9]
		},
		"thirdperson_lefthand": {
			"translation": [0, -1.5, -2.5],
			"scale": [0.9, 0.9, 0.9]
		},
		"firstperson_righthand": {
			"rotation": [5.86, -1.95, 11.71],
			"translation": [-6.5, 3.75, 5.25],
			"scale": [0.47, 0.47, 0.47]
		},
		"firstperson_lefthand": {
			"rotation": [5.86, -1.95, 11.71],
			"translation": [-6.5, 3.75, 5.25],
			"scale": [0.47, 0.47, 0.47]
		},
		"ground": {
			"rotation": [0, 0, 45],
			"translation": [0, 5.75, 0],
			"scale": [0.47, 0.47, 0.47]
		},
		"gui": {
			"rotation": [-180, 0, -135],
			"translation": [-0.5, -0.5, 0],
			"scale": [0.56, 0.56, 0.56]
		},
		"head": {
			"scale": [0, 0, 0]
		},
		"fixed": {
			"translation": [0, 2, 0],
			"scale": [0.84, 0.84, 0.84]
		}
	}
}