{"textures":{"0":"modelengine:entity/frog_green"},"elements":[{"from":[4.1375,-0.14787006,7.554079],"to":[11.1375,8.85213,14.554079],"faces":{"east":{"uv":[5.0,11.25,4.125,12.375],"tintindex":0,"rotation":0,"texture":"#0"},"south":{"uv":[4.0,11.25,3.125,12.375],"tintindex":0,"rotation":0,"texture":"#0"},"north":{"uv":[11.75,6.5,10.875,7.625],"tintindex":0,"rotation":0,"texture":"#0"},"west":{"uv":[12.0,1.0,11.125,2.125],"tintindex":0,"rotation":0,"texture":"#0"},"up":{"uv":[11.875,7.375,12.75,6.5],"tintindex":0,"rotation":0,"texture":"#0"},"down":{"uv":[12.25,9.625,13.125,10.5],"tintindex":0,"rotation":0,"texture":"#0"}},"rotation":{"origin":[7.1375,-0.64787006,10.054079],"angle":-22.5,"axis":"x"}}]}