{"textures":{"0":"modelengine:entity/frog_green"},"elements":[{"from":[4.0625,5.25,-6.500001],"to":[11.9375,5.25,4.5],"faces":{"up":{"uv":[2.0,11.25,3.0,9.875],"tintindex":0,"rotation":0,"texture":"#0"},"down":{"uv":[10.0,1.125,11.0,2.5],"tintindex":0,"rotation":0,"texture":"#0"}}},{"from":[4.0625,5.25,4.5],"to":[11.9375,8.25,10.5],"faces":{"east":{"uv":[8.0,13.875,7.25,14.25],"tintindex":0,"rotation":0,"texture":"#0"},"south":{"uv":[14.75,13.125,13.75,13.5],"tintindex":0,"rotation":0,"texture":"#0"},"north":{"uv":[14.25,11.0,13.25,11.375],"tintindex":0,"rotation":0,"texture":"#0"},"west":{"uv":[7.125,13.875,6.375,14.25],"tintindex":0,"rotation":0,"texture":"#0"},"up":{"uv":[12.125,2.125,13.125,1.375],"tintindex":0,"rotation":0,"texture":"#0"},"down":{"uv":[1.75,12.625,2.75,13.375],"tintindex":0,"rotation":0,"texture":"#0"}}}]}