{
	"credit": "Made with Blockbench",
	"textures": {
		"0": "item/christmas/christmas_all_tools",
		"2": "item/christmas/christmas_ef2_long",
		"3": "item/christmas/christmas_ef1_long",
		"particle": "item/christmas/christmas_all_tools"
	},
	"elements": [
		{
			"from": [3.744, -0.006, 5.994],
			"to": [12.256, 4.006, 10.006],
			"rotation": {"angle": 0, "axis": "y", "origin": [8, 10.26041, 11.875]},
			"faces": {
				"north": {"uv": [5.125, 0.625, 6.25, 1.125], "texture": "#0"},
				"east": {"uv": [6.625, 7.25, 7.125, 7.75], "texture": "#0"},
				"south": {"uv": [5.125, 1.125, 6.25, 1.625], "texture": "#0"},
				"west": {"uv": [7.125, 7.25, 7.625, 7.75], "texture": "#0"},
				"up": {"uv": [3.875, 5.75, 2.75, 5.25], "texture": "#0"},
				"down": {"uv": [1.125, 5.375, 0, 5.875], "texture": "#0"}
			}
		},
		{
			"from": [-2.26641, 6.00441, 5.994],
			"to": [1.74559, 14.51641, 10.006],
			"rotation": {"angle": 0, "axis": "y", "origin": [8, 10.26041, 11.875]},
			"faces": {
				"north": {"uv": [2.25, 5.375, 2.75, 6.5], "texture": "#0"},
				"east": {"uv": [5, 5.375, 5.5, 6.5], "texture": "#0"},
				"south": {"uv": [5.5, 5.375, 6, 6.5], "texture": "#0"},
				"west": {"uv": [2.75, 5.75, 3.25, 6.875], "texture": "#0"},
				"up": {"uv": [2.625, 7.875, 2.125, 7.375], "texture": "#0"},
				"down": {"uv": [7.875, 3.125, 7.375, 3.625], "texture": "#0"}
			}
		},
		{
			"from": [3.742, -0.008, 5.992],
			"to": [12.258, 4.008, 10.008],
			"rotation": {"angle": -45, "axis": "z", "origin": [8, 10.26041, 11.875]},
			"faces": {
				"north": {"uv": [1.125, 5.375, 2.25, 5.875], "texture": "#0"},
				"east": {"uv": [7.375, 0.5, 7.875, 1], "texture": "#0"},
				"south": {"uv": [5.375, 2.75, 6.5, 3.25], "texture": "#0"},
				"west": {"uv": [7.375, 1, 7.875, 1.5], "texture": "#0"},
				"up": {"uv": [6.5, 3.75, 5.375, 3.25], "texture": "#0"},
				"down": {"uv": [5, 5.375, 3.875, 5.875], "texture": "#0"}
			}
		},
		{
			"from": [5.75, -0.5, 5.5],
			"to": [10.25, 4.5, 10.5],
			"rotation": {"angle": -45, "axis": "z", "origin": [8, 10.26041, 11.875]},
			"faces": {
				"north": {"uv": [1, 6.875, 1.625, 7.5], "texture": "#0"},
				"east": {"uv": [2.625, 6.875, 3.25, 7.5], "texture": "#0"},
				"south": {"uv": [3.25, 6.875, 3.875, 7.5], "texture": "#0"},
				"west": {"uv": [6.875, 3.625, 7.5, 4.25], "texture": "#0"},
				"up": {"uv": [4.5, 7.625, 3.875, 7], "texture": "#0"},
				"down": {"uv": [7.625, 4.25, 7, 4.875], "texture": "#0"}
			}
		},
		{
			"from": [5.75531, 16.02682, 5.5],
			"to": [10.25531, 21.02682, 10.5],
			"rotation": {"angle": 45, "axis": "z", "origin": [8.00531, 10.26641, 11.875]},
			"faces": {
				"north": {"uv": [1, 7.5, 1.625, 6.875], "texture": "#0"},
				"east": {"uv": [2.625, 7.5, 3.25, 6.875], "texture": "#0"},
				"south": {"uv": [3.25, 7.5, 3.875, 6.875], "texture": "#0"},
				"west": {"uv": [6.875, 4.25, 7.5, 3.625], "texture": "#0"},
				"up": {"uv": [7.625, 4.875, 7, 4.25], "texture": "#0"},
				"down": {"uv": [4.5, 7, 3.875, 7.625], "texture": "#0"}
			}
		},
		{
			"from": [3.74731, 16.51882, 5.992],
			"to": [12.26331, 20.53482, 10.008],
			"rotation": {"angle": 45, "axis": "z", "origin": [8.00531, 10.26641, 11.875]},
			"faces": {
				"north": {"uv": [1.125, 5.875, 2.25, 5.375], "texture": "#0"},
				"east": {"uv": [7.375, 1, 7.875, 0.5], "texture": "#0"},
				"south": {"uv": [5.375, 3.25, 6.5, 2.75], "texture": "#0"},
				"west": {"uv": [7.375, 1.5, 7.875, 1], "texture": "#0"},
				"up": {"uv": [5, 5.875, 3.875, 5.375], "texture": "#0"},
				"down": {"uv": [6.5, 3.25, 5.375, 3.75], "texture": "#0"}
			}
		},
		{
			"from": [5.75, -0.5, 5.5],
			"to": [10.25, 4.5, 10.5],
			"rotation": {"angle": 45, "axis": "z", "origin": [8, 10.26041, 11.875]},
			"faces": {
				"north": {"uv": [1.625, 6.875, 1, 7.5], "texture": "#0"},
				"east": {"uv": [7.5, 3.625, 6.875, 4.25], "texture": "#0"},
				"south": {"uv": [3.875, 6.875, 3.25, 7.5], "texture": "#0"},
				"west": {"uv": [3.25, 6.875, 2.625, 7.5], "texture": "#0"},
				"up": {"uv": [3.875, 7.625, 4.5, 7], "texture": "#0"},
				"down": {"uv": [7, 4.25, 7.625, 4.875], "texture": "#0"}
			}
		},
		{
			"from": [3.742, -0.008, 5.992],
			"to": [12.258, 4.008, 10.008],
			"rotation": {"angle": 45, "axis": "z", "origin": [8, 10.26041, 11.875]},
			"faces": {
				"north": {"uv": [2.25, 5.375, 1.125, 5.875], "texture": "#0"},
				"east": {"uv": [7.875, 1, 7.375, 1.5], "texture": "#0"},
				"south": {"uv": [6.5, 2.75, 5.375, 3.25], "texture": "#0"},
				"west": {"uv": [7.875, 0.5, 7.375, 1], "texture": "#0"},
				"up": {"uv": [5.375, 3.75, 6.5, 3.25], "texture": "#0"},
				"down": {"uv": [3.875, 5.375, 5, 5.875], "texture": "#0"}
			}
		},
		{
			"from": [14.25441, 6.00441, 5.994],
			"to": [18.26641, 14.51641, 10.006],
			"rotation": {"angle": 0, "axis": "y", "origin": [8, 10.26041, 11.875]},
			"faces": {
				"north": {"uv": [2.75, 5.375, 2.25, 6.5], "texture": "#0"},
				"east": {"uv": [3.25, 5.75, 2.75, 6.875], "texture": "#0"},
				"south": {"uv": [6, 5.375, 5.5, 6.5], "texture": "#0"},
				"west": {"uv": [5.5, 5.375, 5, 6.5], "texture": "#0"},
				"up": {"uv": [2.125, 7.875, 2.625, 7.375], "texture": "#0"},
				"down": {"uv": [7.375, 3.125, 7.875, 3.625], "texture": "#0"}
			}
		},
		{
			"from": [5.74469, 16.02682, 5.5],
			"to": [10.24469, 21.02682, 10.5],
			"rotation": {"angle": -45, "axis": "z", "origin": [7.99469, 10.26641, 11.875]},
			"faces": {
				"north": {"uv": [1.625, 7.5, 1, 6.875], "texture": "#0"},
				"east": {"uv": [7.5, 4.25, 6.875, 3.625], "texture": "#0"},
				"south": {"uv": [3.875, 7.5, 3.25, 6.875], "texture": "#0"},
				"west": {"uv": [3.25, 7.5, 2.625, 6.875], "texture": "#0"},
				"up": {"uv": [7, 4.875, 7.625, 4.25], "texture": "#0"},
				"down": {"uv": [3.875, 7, 4.5, 7.625], "texture": "#0"}
			}
		},
		{
			"from": [3.73669, 16.51882, 5.992],
			"to": [12.25269, 20.53482, 10.008],
			"rotation": {"angle": -45, "axis": "z", "origin": [7.99469, 10.26641, 11.875]},
			"faces": {
				"north": {"uv": [2.25, 5.875, 1.125, 5.375], "texture": "#0"},
				"east": {"uv": [7.875, 1.5, 7.375, 1], "texture": "#0"},
				"south": {"uv": [6.5, 3.25, 5.375, 2.75], "texture": "#0"},
				"west": {"uv": [7.875, 1, 7.375, 0.5], "texture": "#0"},
				"up": {"uv": [3.875, 5.875, 5, 5.375], "texture": "#0"},
				"down": {"uv": [5.375, 3.25, 6.5, 3.75], "texture": "#0"}
			}
		},
		{
			"from": [3.74931, 16.52082, 5.994],
			"to": [12.26131, 20.53282, 10.006],
			"rotation": {"angle": 0, "axis": "y", "origin": [8.00531, 10.26641, 11.875]},
			"faces": {
				"north": {"uv": [5.125, 1.125, 6.25, 0.625], "texture": "#0"},
				"east": {"uv": [6.625, 7.75, 7.125, 7.25], "texture": "#0"},
				"south": {"uv": [5.125, 1.625, 6.25, 1.125], "texture": "#0"},
				"west": {"uv": [7.125, 7.75, 7.625, 7.25], "texture": "#0"},
				"up": {"uv": [1.125, 5.875, 0, 5.375], "texture": "#0"},
				"down": {"uv": [3.875, 5.25, 2.75, 5.75], "texture": "#0"}
			}
		},
		{
			"from": [-3.252, 8.248, 4.748],
			"to": [19.252, 12.252, 11.252],
			"rotation": {"angle": 0, "axis": "y", "origin": [8, 10.26041, 11.875]},
			"faces": {
				"north": {"uv": [3.125, 1.75, 6, 2.25], "texture": "#0"},
				"east": {"uv": [6.5, 3.125, 7.375, 3.625], "texture": "#0"},
				"south": {"uv": [3.125, 1.75, 6, 2.25], "texture": "#0"},
				"west": {"uv": [4.875, 6.5, 5.75, 7], "texture": "#0"},
				"up": {"uv": [5.125, 0.875, 2.25, 0], "texture": "#0"},
				"down": {"uv": [5.125, 0, 2.25, 0.875], "texture": "#0"}
			}
		},
		{
			"from": [6, -1, 4.75],
			"to": [10, 21.5, 11.25],
			"rotation": {"angle": 0, "axis": "y", "origin": [8, 10.25, 8]},
			"faces": {
				"north": {"uv": [3.125, 1.75, 6, 2.25], "rotation": 90, "texture": "#0"},
				"east": {"uv": [5.125, 0, 2.25, 0.875], "rotation": 270, "texture": "#0"},
				"south": {"uv": [3.125, 1.75, 6, 2.25], "rotation": 90, "texture": "#0"},
				"west": {"uv": [5.125, 0.875, 2.25, 0], "rotation": 270, "texture": "#0"},
				"up": {"uv": [6.5, 3.125, 7.375, 3.625], "rotation": 270, "texture": "#0"},
				"down": {"uv": [4.875, 6.5, 5.75, 7], "rotation": 270, "texture": "#0"}
			}
		},
		{
			"from": [7, 12.75, 10.75],
			"to": [9, 14.75, 14.75],
			"rotation": {"angle": 0, "axis": "y", "origin": [8, 10.26041, 11.875]},
			"faces": {
				"north": {"uv": [7.75, 8.625, 8, 8.875], "texture": "#0"},
				"east": {"uv": [8, 7, 8.5, 7.25], "texture": "#0"},
				"south": {"uv": [8, 8.625, 8.25, 8.875], "texture": "#0"},
				"west": {"uv": [8, 7.25, 8.5, 7.5], "texture": "#0"},
				"up": {"uv": [3.625, 8.5, 3.375, 8], "texture": "#0"},
				"down": {"uv": [8.25, 7.5, 8, 8], "texture": "#0"}
			}
		},
		{
			"from": [7, 6.25, 14.75],
			"to": [9, 14.75, 16.75],
			"rotation": {"angle": 0, "axis": "y", "origin": [8, 10.26041, 11.875]},
			"faces": {
				"north": {"uv": [1.875, 2.5, 2.125, 3.625], "texture": "#0"},
				"east": {"uv": [5.75, 6.5, 6, 7.625], "texture": "#0"},
				"south": {"uv": [1.625, 6.875, 1.875, 8], "texture": "#0"},
				"west": {"uv": [1.875, 6.875, 2.125, 8], "texture": "#0"},
				"up": {"uv": [0.25, 9, 0, 8.75], "texture": "#0"},
				"down": {"uv": [0.5, 8.75, 0.25, 9], "texture": "#0"}
			}
		},
		{
			"from": [7, 6.25, 10.75],
			"to": [9, 8.25, 14.75],
			"rotation": {"angle": 0, "axis": "y", "origin": [8, 10.26041, 11.875]},
			"faces": {
				"north": {"uv": [8.625, 8.25, 8.875, 8.5], "texture": "#0"},
				"east": {"uv": [8, 8, 8.5, 8.25], "texture": "#0"},
				"south": {"uv": [8.625, 8.5, 8.875, 8.75], "texture": "#0"},
				"west": {"uv": [8.125, 0, 8.625, 0.25], "texture": "#0"},
				"up": {"uv": [8.375, 2.25, 8.125, 1.75], "texture": "#0"},
				"down": {"uv": [8.375, 2.875, 8.125, 3.375], "texture": "#0"}
			}
		},
		{
			"name": "christmas",
			"from": [-1, 5.25, 4.6],
			"to": [17, 15.25, 4.6],
			"rotation": {"angle": 0, "axis": "y", "origin": [8, 10.25, 4.6]},
			"faces": {
				"north": {"uv": [0, 0, 2.25, 1.25], "texture": "#0"},
				"east": {"uv": [0, 0, 0, 1.25], "texture": "#0"},
				"south": {"uv": [2.25, 0, 0, 1.25], "texture": "#0"},
				"west": {"uv": [0, 0, 0, 1.25], "texture": "#0"},
				"up": {"uv": [2.25, 0, 0, 0], "texture": "#0"},
				"down": {"uv": [2.25, 0, 0, 0], "texture": "#0"}
			}
		},
		{
			"name": "christmas",
			"from": [8, 10.5, 4],
			"to": [8.8, 11.25, 4.75],
			"rotation": {"angle": -22.5, "axis": "y", "origin": [8.4, 10.875, 4.375]},
			"faces": {
				"north": {"uv": [3.25, 9, 3.375, 9.125], "texture": "#0"},
				"east": {"uv": [9, 3.25, 9.125, 3.375], "texture": "#0"},
				"south": {"uv": [3.375, 9, 3.5, 9.125], "texture": "#0"},
				"west": {"uv": [9, 3.375, 9.125, 3.5], "texture": "#0"},
				"up": {"uv": [3.625, 9.125, 3.5, 9], "texture": "#0"},
				"down": {"uv": [3.75, 9, 3.625, 9.125], "texture": "#0"}
			}
		},
		{
			"name": "christmas",
			"from": [7.2, 10.5, 4],
			"to": [8, 11.25, 4.75],
			"rotation": {"angle": 22.5, "axis": "y", "origin": [7.6, 10.875, 4.375]},
			"faces": {
				"north": {"uv": [9, 3.625, 9.125, 3.75], "texture": "#0"},
				"east": {"uv": [3.75, 9, 3.875, 9.125], "texture": "#0"},
				"south": {"uv": [9, 3.75, 9.125, 3.875], "texture": "#0"},
				"west": {"uv": [9, 4, 9.125, 4.125], "texture": "#0"},
				"up": {"uv": [9.125, 4.5, 9, 4.375], "texture": "#0"},
				"down": {"uv": [9.125, 4.5, 9, 4.625], "texture": "#0"}
			}
		},
		{
			"name": "christmas",
			"from": [7.6, 11.25, 4],
			"to": [8.4, 12, 4.75],
			"rotation": {"angle": 22.5, "axis": "x", "origin": [8, 11.625, 4.375]},
			"faces": {
				"north": {"uv": [2.625, 9, 2.75, 9.125], "texture": "#0"},
				"east": {"uv": [2.75, 9, 2.875, 9.125], "texture": "#0"},
				"south": {"uv": [2.875, 9, 3, 9.125], "texture": "#0"},
				"west": {"uv": [9, 2.875, 9.125, 3], "texture": "#0"},
				"up": {"uv": [9.125, 3.125, 9, 3], "texture": "#0"},
				"down": {"uv": [9.125, 3.125, 9, 3.25], "texture": "#0"}
			}
		},
		{
			"name": "christmas",
			"from": [3.39645, 7.64645, 4.35],
			"to": [8.39645, 10.89645, 4.35],
			"rotation": {"angle": 45, "axis": "z", "origin": [5.89645, 9.27145, 4.35]},
			"faces": {
				"north": {"uv": [7.625, 2.5, 8.25, 2.875], "texture": "#0"},
				"east": {"uv": [0, 0, 0, 0.375], "texture": "#0"},
				"south": {"uv": [8.25, 2.5, 7.625, 2.875], "texture": "#0"},
				"west": {"uv": [0, 0, 0, 0.375], "texture": "#0"},
				"up": {"uv": [0.625, 0, 0, 0], "texture": "#0"},
				"down": {"uv": [0.625, 0, 0, 0], "texture": "#0"}
			}
		},
		{
			"name": "christmas",
			"from": [7.60355, 7.64645, 4.35],
			"to": [12.60355, 10.89645, 4.35],
			"rotation": {"angle": -45, "axis": "z", "origin": [10.10355, 9.27145, 4.35]},
			"faces": {
				"north": {"uv": [8.25, 2.5, 7.625, 2.875], "texture": "#0"},
				"east": {"uv": [0, 0, 0, 0.375], "texture": "#0"},
				"south": {"uv": [7.625, 2.5, 8.25, 2.875], "texture": "#0"},
				"west": {"uv": [0, 0, 0, 0.375], "texture": "#0"},
				"up": {"uv": [0, 0, 0.625, 0], "texture": "#0"},
				"down": {"uv": [0, 0, 0.625, 0], "texture": "#0"}
			}
		},
		{
			"name": "ef",
			"from": [19.23069, 6.5025, 11.7894],
			"to": [19.23069, 16.62, 15.3394],
			"rotation": {"angle": 45, "axis": "y", "origin": [8, 17.64125, 7.64645]},
			"faces": {
				"north": {"uv": [0, 0, 0, 1.5], "texture": "#missing"},
				"east": {"uv": [5.25, 0, 0.75, 12.25], "texture": "#3"},
				"south": {"uv": [0, 0, 0, 1.5], "texture": "#missing"},
				"west": {"uv": [0.75, 0, 5.25, 12.25], "texture": "#3"},
				"up": {"uv": [0, 0, 1.5, 0], "rotation": 270, "texture": "#missing"},
				"down": {"uv": [0, 0, 1.5, 0], "rotation": 90, "texture": "#missing"}
			}
		},
		{
			"name": "ef",
			"from": [-2.23069, 12.8925, 11.24651],
			"to": [-2.23069, 23.01, 14.79651],
			"rotation": {"angle": -45, "axis": "y", "origin": [8, 17.64125, 8.35355]},
			"faces": {
				"north": {"uv": [0, 0, 0, 1.5], "texture": "#missing"},
				"east": {"uv": [10.25, 0.25, 5.75, 12.5], "texture": "#3"},
				"south": {"uv": [0, 0, 0, 1.5], "texture": "#missing"},
				"west": {"uv": [5.75, 0.25, 10.25, 12.5], "texture": "#3"},
				"up": {"uv": [0, 0, 1.5, 0], "rotation": 270, "texture": "#missing"},
				"down": {"uv": [0, 0, 1.5, 0], "rotation": 90, "texture": "#missing"}
			}
		},
		{
			"name": "ef",
			"from": [0.63982, -4.7275, 2.88457],
			"to": [4.18982, 5.39, 2.88457],
			"rotation": {"angle": 22.5, "axis": "y", "origin": [2.41482, 4.33125, 0.88457]},
			"faces": {
				"north": {"uv": [11, 0.5, 15.5, 12.75], "texture": "#3"},
				"east": {"uv": [0, 0, 0, 1.5], "texture": "#missing"},
				"south": {"uv": [15.5, 0.5, 11, 12.75], "texture": "#3"},
				"west": {"uv": [0, 0, 0, 1.5], "texture": "#missing"},
				"up": {"uv": [1.5, 0, 0, 0], "rotation": 180, "texture": "#missing"},
				"down": {"uv": [1.5, 0, 0, 0], "rotation": 180, "texture": "#missing"}
			}
		},
		{
			"name": "ef",
			"from": [1.1573, 5, 2.18806],
			"to": [4.4573, 20, 2.18806],
			"rotation": {"angle": 22.5, "axis": "y", "origin": [4.8073, 17.5, 6.18806]},
			"faces": {
				"north": {"uv": [4.75, 2, 2.75, 11.375], "texture": "#2"},
				"east": {"uv": [0, 0, 0, 1.875], "texture": "#missing"},
				"south": {"uv": [2.75, 2, 4.75, 11.375], "texture": "#2"},
				"west": {"uv": [0, 0, 0, 1.875], "texture": "#missing"},
				"up": {"uv": [0.5, 0, 0, 0], "texture": "#missing"},
				"down": {"uv": [0.5, 0, 0, 0], "texture": "#missing"}
			}
		},
		{
			"name": "ef",
			"from": [9.1573, 12, 0.81194],
			"to": [12.4573, 27, 0.81194],
			"rotation": {"angle": -22.5, "axis": "y", "origin": [4.8073, 17.5, 9.81194]},
			"faces": {
				"north": {"uv": [8.5, 2, 6.5, 11.375], "texture": "#2"},
				"east": {"uv": [0, 0, 0, 1.875], "texture": "#missing"},
				"south": {"uv": [6.5, 2, 8.5, 11.375], "texture": "#2"},
				"west": {"uv": [0, 0, 0, 1.875], "texture": "#missing"},
				"up": {"uv": [0.5, 0, 0, 0], "texture": "#missing"},
				"down": {"uv": [0.5, 0, 0, 0], "texture": "#missing"}
			}
		},
		{
			"name": "ef",
			"from": [13.01998, -4, 3.72154],
			"to": [16.31998, 11, 3.72154],
			"rotation": {"angle": -22.5, "axis": "y", "origin": [14.66998, 2.5, 3.72154]},
			"faces": {
				"north": {"uv": [13.75, 2, 11.75, 11.375], "texture": "#2"},
				"east": {"uv": [0, 0, 0, 1.875], "texture": "#missing"},
				"south": {"uv": [11.75, 2, 13.75, 11.375], "texture": "#2"},
				"west": {"uv": [0, 0, 0, 1.875], "texture": "#missing"},
				"up": {"uv": [0, 0, 0.5, 0], "texture": "#missing"},
				"down": {"uv": [0, 0, 0.5, 0], "texture": "#missing"}
			}
		}
	],
	"gui_light": "front",
	"display": {
		"thirdperson_righthand": {
			"translation": [0, -3.5, -2.5],
			"scale": [0.6, 0.6, 0.6]
		},
		"thirdperson_lefthand": {
			"translation": [0, -3.5, -2.5],
			"scale": [0.6, 0.6, 0.6]
		},
		"firstperson_righthand": {
			"rotation": [4.19, -0.38, 18.08],
			"translation": [-6.5, 3.5, 4.25],
			"scale": [0.49, 0.49, 0.49]
		},
		"firstperson_lefthand": {
			"rotation": [4.19, -0.38, 18.08],
			"translation": [-6.5, 3.5, 4.25],
			"scale": [0.49, 0.49, 0.49]
		},
		"ground": {
			"translation": [0, 2.5, 0],
			"scale": [0.47, 0.47, 0.47]
		},
		"gui": {
			"rotation": [-180, 1.5, -180],
			"translation": [0, -1.5, 0],
			"scale": [0.63, 0.63, 0.63]
		},
		"head": {
			"scale": [0, 0, 0]
		},
		"fixed": {
			"translation": [0, -1.75, 0],
			"scale": [0.84, 0.84, 0.84]
		}
	},
	"groups": [
		{
			"name": "shield",
			"origin": [8, 1.25, 12.75],
			"color": 0,
			"nbt": "{}",
			"armAnimationEnabled": false,
			"children": [0, 1, 2, 3, 4, 5, 6, 7, 8, 9, 10, 11, 12, 13, 14, 15, 16, 17, 18, 19, 20, 21, 22, 23, 24, 25, 26, 27, 28]
		}
	]
}