{
	"credit": "Made with Blockbench",
	"texture_size": [32, 32],
	"textures": {
		"1": "item/lightiningtheme/lightsword",
		"particle": "item/lightiningtheme/lightsword"
	},
	"elements": [
		{
			"from": [7, 0.5, 7],
			"to": [9, 2.5, 9],
			"rotation": {"angle": 45, "axis": "x", "origin": [8, 1.5, 8]},
			"faces": {
				"north": {"uv": [2, 8, 3, 9], "texture": "#1"},
				"east": {"uv": [3, 8, 4, 9], "texture": "#1"},
				"south": {"uv": [6.5, 8, 7.5, 9], "texture": "#1"},
				"west": {"uv": [7.5, 8, 8.5, 9], "texture": "#1"},
				"up": {"uv": [9.5, 1, 8.5, 0], "texture": "#1"},
				"down": {"uv": [9.5, 1, 8.5, 2], "texture": "#1"}
			}
		},
		{
			"from": [7, -1.5, 7],
			"to": [9, 0.5, 7],
			"rotation": {"angle": 45, "axis": "x", "origin": [8, 1.5, 8]},
			"faces": {
				"north": {"uv": [8.5, 2, 9.5, 3], "texture": "#1"},
				"east": {"uv": [0, 0, 0, 1], "texture": "#1"},
				"south": {"uv": [8.5, 3, 9.5, 4], "texture": "#1"},
				"west": {"uv": [0, 0, 0, 1], "texture": "#1"},
				"up": {"uv": [1, 0, 0, 0], "texture": "#1"},
				"down": {"uv": [1, 0, 0, 0], "texture": "#1"}
			}
		},
		{
			"from": [7, 2.5, 9],
			"to": [9, 2.5, 11],
			"rotation": {"angle": 45, "axis": "x", "origin": [8, 1.5, 8]},
			"faces": {
				"north": {"uv": [0, 0, 1, 0], "texture": "#1"},
				"east": {"uv": [0, 0, 1, 0], "texture": "#1"},
				"south": {"uv": [0, 0, 1, 0], "texture": "#1"},
				"west": {"uv": [0, 0, 1, 0], "texture": "#1"},
				"up": {"uv": [9.5, 7, 8.5, 6], "texture": "#1"},
				"down": {"uv": [9.5, 7, 8.5, 8], "texture": "#1"}
			}
		},
		{
			"from": [7.25, 7.24043, 4.01119],
			"to": [8.75, 8.74043, 8.01119],
			"rotation": {"angle": -22.5, "axis": "x", "origin": [8, 9.24043, 5.26119]},
			"faces": {
				"north": {"uv": [9.5, 6, 10.25, 6.75], "texture": "#1"},
				"east": {"uv": [6.5, 6, 8.5, 6.75], "texture": "#1"},
				"south": {"uv": [9.5, 7, 10.25, 7.75], "texture": "#1"},
				"west": {"uv": [6.5, 7, 8.5, 7.75], "texture": "#1"},
				"up": {"uv": [8.25, 2, 7.5, 0], "texture": "#1"},
				"down": {"uv": [8.25, 2, 7.5, 4], "texture": "#1"}
			}
		},
		{
			"from": [7.25, 5.24043, 4.01119],
			"to": [8.75, 7.24043, 4.01119],
			"rotation": {"angle": -22.5, "axis": "x", "origin": [8, 9.24043, 5.26119]},
			"faces": {
				"north": {"uv": [7.5, 9, 8.25, 10], "texture": "#1"},
				"east": {"uv": [0, 0, 0, 1], "texture": "#1"},
				"south": {"uv": [8.5, 9, 9.25, 10], "texture": "#1"},
				"west": {"uv": [0, 0, 0, 1], "texture": "#1"},
				"up": {"uv": [0.75, 0, 0, 0], "texture": "#1"},
				"down": {"uv": [0.75, 0, 0, 0], "texture": "#1"}
			}
		},
		{
			"from": [7.25, 8.74043, 4.01119],
			"to": [8.75, 9.74043, 5.01119],
			"rotation": {"angle": -22.5, "axis": "x", "origin": [8, 9.24043, 5.26119]},
			"faces": {
				"north": {"uv": [9.5, 10, 10.25, 10.5], "texture": "#1"},
				"east": {"uv": [6.5, 10.5, 7, 11], "texture": "#1"},
				"south": {"uv": [10.5, 0, 11.25, 0.5], "texture": "#1"},
				"west": {"uv": [7, 10.5, 7.5, 11], "texture": "#1"},
				"up": {"uv": [11.25, 1, 10.5, 0.5], "texture": "#1"},
				"down": {"uv": [11.25, 1, 10.5, 1.5], "texture": "#1"}
			}
		},
		{
			"from": [7.25, 9.74043, 4.01119],
			"to": [8.75, 10.74043, 6.01119],
			"rotation": {"angle": -22.5, "axis": "x", "origin": [8, 9.24043, 5.26119]},
			"faces": {
				"north": {"uv": [10.5, 1.5, 11.25, 2], "texture": "#1"},
				"east": {"uv": [4.5, 10, 5.5, 10.5], "texture": "#1"},
				"south": {"uv": [10.5, 2, 11.25, 2.5], "texture": "#1"},
				"west": {"uv": [5.5, 10, 6.5, 10.5], "texture": "#1"},
				"up": {"uv": [10.25, 1, 9.5, 0], "texture": "#1"},
				"down": {"uv": [10.25, 1, 9.5, 2], "texture": "#1"}
			}
		},
		{
			"from": [7, 5.75, 2.75],
			"to": [9, 7.75, 4.75],
			"rotation": {"angle": 45, "axis": "x", "origin": [8, 2.5, 8]},
			"faces": {
				"north": {"uv": [8.5, 8, 9.5, 9], "texture": "#1"},
				"east": {"uv": [2, 9, 3, 10], "texture": "#1"},
				"south": {"uv": [3, 9, 4, 10], "texture": "#1"},
				"west": {"uv": [4.5, 9, 5.5, 10], "texture": "#1"},
				"up": {"uv": [6.5, 10, 5.5, 9], "texture": "#1"},
				"down": {"uv": [7.5, 9, 6.5, 10], "texture": "#1"}
			}
		},
		{
			"from": [7.25, 1.9, 7.25],
			"to": [8.75, 7.9, 8.75],
			"rotation": {"angle": 0, "axis": "y", "origin": [8, 1.5, 8]},
			"faces": {
				"north": {"uv": [4.5, 6, 5.25, 9], "texture": "#1"},
				"east": {"uv": [5.5, 6, 6.25, 9], "texture": "#1"},
				"south": {"uv": [6.5, 0, 7.25, 3], "texture": "#1"},
				"west": {"uv": [6.5, 3, 7.25, 6], "texture": "#1"},
				"up": {"uv": [10.25, 8.75, 9.5, 8], "texture": "#1"},
				"down": {"uv": [10.25, 9, 9.5, 9.75], "texture": "#1"}
			}
		},
		{
			"from": [7.25, 7.22899, 7.9897],
			"to": [8.75, 8.72899, 11.9897],
			"rotation": {"angle": 22.5, "axis": "x", "origin": [8, 9.22899, 10.7397]},
			"faces": {
				"north": {"uv": [0, 10, 0.75, 10.75], "texture": "#1"},
				"east": {"uv": [7.5, 4, 9.5, 4.75], "texture": "#1"},
				"south": {"uv": [1, 10, 1.75, 10.75], "texture": "#1"},
				"west": {"uv": [7.5, 5, 9.5, 5.75], "texture": "#1"},
				"up": {"uv": [0.75, 10, 0, 8], "texture": "#1"},
				"down": {"uv": [1.75, 8, 1, 10], "texture": "#1"}
			}
		},
		{
			"from": [7.25, 5.22899, 11.9897],
			"to": [8.75, 7.22899, 11.9897],
			"rotation": {"angle": 22.5, "axis": "x", "origin": [8, 9.22899, 10.7397]},
			"faces": {
				"north": {"uv": [9.5, 2, 10.25, 3], "texture": "#1"},
				"east": {"uv": [0, 0, 0, 1], "texture": "#1"},
				"south": {"uv": [9.5, 3, 10.25, 4], "texture": "#1"},
				"west": {"uv": [0, 0, 0, 1], "texture": "#1"},
				"up": {"uv": [0.75, 0, 0, 0], "texture": "#1"},
				"down": {"uv": [0.75, 0, 0, 0], "texture": "#1"}
			}
		},
		{
			"from": [7.25, 8.72899, 10.9897],
			"to": [8.75, 9.72899, 11.9897],
			"rotation": {"angle": 22.5, "axis": "x", "origin": [8, 9.22899, 10.7397]},
			"faces": {
				"north": {"uv": [10.5, 2.5, 11.25, 3], "texture": "#1"},
				"east": {"uv": [10.5, 7, 11, 7.5], "texture": "#1"},
				"south": {"uv": [10.5, 3, 11.25, 3.5], "texture": "#1"},
				"west": {"uv": [7.5, 10.5, 8, 11], "texture": "#1"},
				"up": {"uv": [11.25, 4, 10.5, 3.5], "texture": "#1"},
				"down": {"uv": [11.25, 4, 10.5, 4.5], "texture": "#1"}
			}
		},
		{
			"from": [7.25, 9.72899, 9.9897],
			"to": [8.75, 10.72899, 11.9897],
			"rotation": {"angle": 22.5, "axis": "x", "origin": [8, 9.22899, 10.7397]},
			"faces": {
				"north": {"uv": [4.5, 10.5, 5.25, 11], "texture": "#1"},
				"east": {"uv": [6.5, 10, 7.5, 10.5], "texture": "#1"},
				"south": {"uv": [10.5, 4.5, 11.25, 5], "texture": "#1"},
				"west": {"uv": [7.5, 10, 8.5, 10.5], "texture": "#1"},
				"up": {"uv": [10.25, 5, 9.5, 4], "texture": "#1"},
				"down": {"uv": [10.25, 5, 9.5, 6], "texture": "#1"}
			}
		},
		{
			"from": [7.5, 9.15, 7],
			"to": [8.5, 21.15, 9],
			"rotation": {"angle": 0, "axis": "y", "origin": [8, 4.5, 8]},
			"faces": {
				"north": {"uv": [6, 0, 6.5, 6], "texture": "#1"},
				"east": {"uv": [4, 0, 5, 6], "texture": "#1"},
				"south": {"uv": [4, 6, 4.5, 12], "texture": "#1"},
				"west": {"uv": [5, 0, 6, 6], "texture": "#1"},
				"up": {"uv": [9, 11, 8.5, 10], "texture": "#1"},
				"down": {"uv": [9.5, 10, 9, 11], "texture": "#1"}
			}
		},
		{
			"from": [8, 8.9, 6],
			"to": [8, 24.9, 10],
			"rotation": {"angle": 0, "axis": "y", "origin": [8, 7.5, 8]},
			"faces": {
				"north": {"uv": [0, 0, 0, 8], "texture": "#1"},
				"east": {"uv": [0, 0, 2, 8], "texture": "#1"},
				"south": {"uv": [0, 0, 0, 8], "texture": "#1"},
				"west": {"uv": [2, 0, 4, 8], "texture": "#1"},
				"up": {"uv": [0, 2, 0, 0], "texture": "#1"},
				"down": {"uv": [0, 0, 0, 2], "texture": "#1"}
			}
		},
		{
			"from": [7.5, 20.75, 6.6],
			"to": [8.5, 22.15, 8],
			"rotation": {"angle": -45, "axis": "x", "origin": [8, 22.15, 8]},
			"faces": {
				"north": {"uv": [10.5, 5, 11, 5.75], "texture": "#1"},
				"east": {"uv": [2, 10, 2.75, 10.75], "texture": "#1"},
				"south": {"uv": [5.5, 10.5, 6, 11.25], "texture": "#1"},
				"west": {"uv": [3, 10, 3.75, 10.75], "texture": "#1"},
				"up": {"uv": [6.5, 11.25, 6, 10.5], "texture": "#1"},
				"down": {"uv": [11, 6, 10.5, 6.75], "texture": "#1"}
			}
		}
	],
	"display": {
		"thirdperson_righthand": {
			"translation": [0, 1.5, 0],
			"scale": [1.1, 1.1, 1.1]
		},
		"thirdperson_lefthand": {
			"translation": [0, 1.5, 0],
			"scale": [1.1, 1.1, 1.1]
		},
		"firstperson_righthand": {
			"translation": [0, 1, 0]
		},
		"firstperson_lefthand": {
			"translation": [0, 1, 0]
		},
		"ground": {
			"translation": [0, 5, 0]
		},
		"gui": {
			"rotation": [105, 45, -90],
			"translation": [-2, -2, 0],
			"scale": [0.8, 0.8, 0.8]
		},
		"fixed": {
			"rotation": [-90, 45, 90],
			"translation": [2.5, -2.5, 0]
		}
	},
	"groups": [
		{
			"name": "lightiningsword",
			"origin": [8, 18.9, 8],
			"color": 0,
			"children": [0, 1, 2, 3, 4, 5, 6, 7, 8, 9, 10, 11, 12, 13, 14, 15]
		}
	]
}