{
	"credit": "by w11shes",
	"texture_size": [8, 8],
	"textures": {
		"1": "item/dragon/dragonborn_particle",
		"2": "item/dragon/dragonborn_shovel",
		"particle": "item/dragon/dragonborn_shovel"
	},
	"elements": [
		{
			"from": [5.5, 15.7, 5.5],
			"to": [10.5, 20.7, 10.5],
			"rotation": {"angle": 0, "axis": "y", "origin": [0, 4.7, 0.5]},
			"faces": {
				"north": {"uv": [9, 3, 11.5, 5.5], "texture": "#2"},
				"east": {"uv": [3.5, 5.5, 6, 8], "texture": "#2"},
				"south": {"uv": [9, 3, 11.5, 5.5], "texture": "#2"},
				"west": {"uv": [6, 5.5, 8.5, 8], "texture": "#2"}
			}
		},
		{
			"from": [5.5, 15.7, 6.5],
			"to": [10.5, 20.7, 9.5],
			"rotation": {"angle": 0, "axis": "y", "origin": [0, 4.7, 0.5]},
			"faces": {
				"north": {"uv": [12, 0, 14.5, 2.5], "texture": "#2"},
				"south": {"uv": [12, 0, 14.5, 2.5], "texture": "#2"}
			}
		},
		{
			"from": [10.5, 20.7, 10.5],
			"to": [5.5, 15.7, 5.5],
			"rotation": {"angle": 0, "axis": "y", "origin": [11, 9.7, 19.5]},
			"faces": {
				"north": {"uv": [12.5, 5.5, 15, 3], "texture": "#2"},
				"east": {"uv": [6, 8, 8.5, 5.5], "texture": "#2"},
				"south": {"uv": [12.5, 5.5, 15, 3], "texture": "#2"},
				"west": {"uv": [3.5, 8, 6, 5.5], "texture": "#2"}
			}
		},
		{
			"from": [6.32843, 13.7, 5.48],
			"to": [9.86396, 17.23553, 10.52],
			"rotation": {"angle": -45, "axis": "z", "origin": [8.32843, 15.7, 8.5]},
			"faces": {
				"north": {"uv": [8.5, 5, 10.5, 7], "texture": "#2"},
				"east": {"uv": [4.5, 2.5, 7, 4.5], "texture": "#2"},
				"south": {"uv": [10.5, 5, 8.5, 7], "texture": "#2"},
				"down": {"uv": [6.5, 8, 4.5, 10.5], "texture": "#2"}
			}
		},
		{
			"from": [6.32843, 13.7, 6.48],
			"to": [9.86396, 17.23553, 9.52],
			"rotation": {"angle": -45, "axis": "z", "origin": [8.32843, 15.7, 8.5]},
			"faces": {
				"north": {"uv": [11.5, 4.5, 13.5, 6.5], "texture": "#2"},
				"south": {"uv": [13.5, 4.5, 11.5, 6.5], "texture": "#2"}
			}
		},
		{
			"from": [8.20707, 21.2355, 10.52],
			"to": [4.67157, 17.7, 5.48],
			"rotation": {"angle": -45, "axis": "z", "origin": [2.67157, 15.7, -12.54]},
			"faces": {
				"north": {"uv": [10.5, 7, 8.5, 5], "texture": "#2"},
				"south": {"uv": [8.5, 7, 10.5, 5], "texture": "#2"},
				"west": {"uv": [4.5, 4.5, 7, 2.5], "texture": "#2"},
				"up": {"uv": [4.5, 8, 6.5, 10.5], "texture": "#2"}
			}
		},
		{
			"from": [6.32843, 19.16447, 5.48],
			"to": [9.86396, 22.7, 10.52],
			"rotation": {"angle": 45, "axis": "z", "origin": [8.32843, 20.7, 8.52]},
			"faces": {
				"north": {"uv": [9, 7, 11, 9], "texture": "#2"},
				"east": {"uv": [6.5, 8, 9, 10], "texture": "#2"},
				"south": {"uv": [11, 7, 9, 9], "texture": "#2"},
				"up": {"uv": [6.5, 2.5, 4.5, 0], "texture": "#2"}
			}
		},
		{
			"from": [6.32843, 19.16447, 6.48],
			"to": [9.86396, 22.7, 9.52],
			"rotation": {"angle": 45, "axis": "z", "origin": [8.32843, 20.7, 8.52]},
			"faces": {
				"north": {"uv": [12, 2.5, 14, 4.5], "texture": "#2"},
				"south": {"uv": [14, 2.5, 12, 4.5], "texture": "#2"}
			}
		},
		{
			"from": [29.62126, 15.14364, 10.52],
			"to": [26.08576, 11.60814, 5.48],
			"rotation": {"angle": 45, "axis": "z", "origin": [9.08576, -6.92739, 20.44]},
			"faces": {
				"north": {"uv": [11, 9, 9, 7], "texture": "#2"},
				"south": {"uv": [9, 9, 11, 7], "texture": "#2"},
				"west": {"uv": [6.5, 10, 9, 8], "texture": "#2"},
				"down": {"uv": [8.5, 2.5, 10.5, 0], "texture": "#2"}
			}
		},
		{
			"from": [6.5, 9.7, 6.5],
			"to": [9.5, 14.7, 9.5],
			"rotation": {"angle": 0, "axis": "y", "origin": [8, 11.7, 8]},
			"faces": {
				"north": {"uv": [2, 9.5, 3.5, 12], "texture": "#2"},
				"east": {"uv": [2, 9.5, 3.5, 12], "texture": "#2"},
				"south": {"uv": [2, 9.5, 3.5, 12], "texture": "#2"},
				"west": {"uv": [2, 9.5, 3.5, 12], "texture": "#2"},
				"down": {"uv": [8.5, 4, 7, 5.5], "texture": "#2"}
			}
		},
		{
			"from": [7, -2.3, 7],
			"to": [9, 9.7, 9],
			"rotation": {"angle": -45, "axis": "y", "origin": [8, 2, 8]},
			"faces": {
				"north": {"uv": [4.5, 8, 3.5, 14], "texture": "#2"},
				"east": {"uv": [3.5, 8, 4.5, 14], "texture": "#2"},
				"south": {"uv": [4.5, 8, 3.5, 14], "texture": "#2"},
				"west": {"uv": [3.5, 8, 4.5, 14], "texture": "#2"}
			}
		},
		{
			"from": [6, -5.5, 6],
			"to": [10, -1.5, 10],
			"rotation": {"angle": -45, "axis": "z", "origin": [8, -3.5, 8]},
			"faces": {
				"north": {"uv": [9, 9, 11, 11], "texture": "#2"},
				"east": {"uv": [0, 9.5, 2, 11.5], "texture": "#2"},
				"south": {"uv": [11, 9, 9, 11], "texture": "#2"},
				"west": {"uv": [6.5, 10, 8.5, 12], "texture": "#2"},
				"up": {"uv": [8.5, 2, 6.5, 0], "texture": "#2"},
				"down": {"uv": [9, 2, 7, 4], "texture": "#2"}
			}
		},
		{
			"from": [3.5, -11.8, 8],
			"to": [10.5, -3.8, 8.05],
			"rotation": {"angle": 0, "axis": "y", "origin": [0, -3, 0]},
			"faces": {
				"north": {"uv": [0, 5.5, 3.5, 9.5], "texture": "#2"},
				"south": {"uv": [3.5, 5.5, 0, 9.5], "texture": "#2"}
			}
		},
		{
			"from": [-0.5, 15.7, 8],
			"to": [5.5, 21.7, 8.05],
			"faces": {
				"north": {"uv": [9, 0, 12, 3], "texture": "#2"},
				"south": {"uv": [12, 0, 9, 3], "texture": "#2"}
			}
		},
		{
			"from": [5.5, -8.8, 7.5],
			"to": [10.5, -3.8, 8.5],
			"rotation": {"angle": 0, "axis": "y", "origin": [0, -3, 0]},
			"faces": {
				"north": {"uv": [0, 5.5, 2.5, 8], "texture": "#2"},
				"east": {"uv": [0, 5.5, 0.5, 8], "texture": "#2"},
				"south": {"uv": [2.5, 5.5, 0, 8], "texture": "#2"},
				"west": {"uv": [2, 5.5, 2.5, 8], "texture": "#2"},
				"down": {"uv": [2.5, 7.5, 0, 8], "texture": "#2"}
			}
		},
		{
			"from": [1.5, 15.7, 7.5],
			"to": [5.5, 19.7, 8.5],
			"faces": {
				"north": {"uv": [9, 1, 11, 3], "texture": "#2"},
				"south": {"uv": [11, 1, 9, 3], "texture": "#2"},
				"west": {"uv": [10.5, 1, 11, 3], "texture": "#2"},
				"up": {"uv": [11, 1, 9, 1.5], "texture": "#2"},
				"down": {"uv": [11, 2.5, 9, 3], "texture": "#2"}
			}
		},
		{
			"from": [10.5, 15.7, 7.5],
			"to": [14.5, 19.7, 8.5],
			"rotation": {"angle": 0, "axis": "y", "origin": [16, 0, 0]},
			"faces": {
				"north": {"uv": [11, 1, 9, 3], "texture": "#2"},
				"east": {"uv": [11, 1, 10.5, 3], "texture": "#2"},
				"south": {"uv": [9, 1, 11, 3], "texture": "#2"},
				"up": {"uv": [9, 1, 11, 1.5], "texture": "#2"},
				"down": {"uv": [9, 2.5, 11, 3], "texture": "#2"}
			}
		},
		{
			"from": [10.5, 15.7, 8],
			"to": [16.5, 21.7, 8.05],
			"rotation": {"angle": 0, "axis": "y", "origin": [16, 0, 0]},
			"faces": {
				"north": {"uv": [12, 0, 9, 3], "texture": "#2"},
				"south": {"uv": [9, 0, 12, 3], "texture": "#2"}
			}
		},
		{
			"from": [3.5, 20.7, 8],
			"to": [12.5, 31.7, 8.05],
			"rotation": {"angle": 0, "axis": "y", "origin": [0, -11, 0]},
			"faces": {
				"north": {"uv": [0, 0, 4.5, 5.5], "texture": "#2"},
				"south": {"uv": [4.5, 0, 0, 5.5], "texture": "#2"}
			}
		},
		{
			"from": [4.5, 20.7, 7.5],
			"to": [11.5, 27.7, 8.5],
			"rotation": {"angle": 0, "axis": "y", "origin": [0, -11, 0]},
			"faces": {
				"north": {"uv": [0.5, 2, 4, 5.5], "texture": "#2"},
				"east": {"uv": [0.5, 2, 1, 5.5], "texture": "#2"},
				"south": {"uv": [4, 2, 0.5, 5.5], "texture": "#2"},
				"west": {"uv": [3.5, 2, 4, 5.5], "texture": "#2"},
				"up": {"uv": [4, 2, 0.5, 2.5], "texture": "#2"},
				"down": {"uv": [0.5, 5, 4, 5.5], "texture": "#2"}
			}
		},
		{
			"from": [5.55, 14.95, 3.45],
			"to": [6.15, 15.55, 4.05],
			"shade": false,
			"rotation": {"angle": 0, "axis": "y", "origin": [0, 3, 0]},
			"faces": {
				"north": {"uv": [0, 14, 2, 16], "texture": "#1"},
				"east": {"uv": [0, 14, 2, 16], "texture": "#1"},
				"south": {"uv": [0, 14, 2, 16], "texture": "#1"},
				"west": {"uv": [0, 14, 2, 16], "texture": "#1"},
				"up": {"uv": [0, 14, 2, 16], "texture": "#1"},
				"down": {"uv": [0, 14, 2, 16], "texture": "#1"}
			}
		},
		{
			"from": [6.4, 15.8, 4.3],
			"to": [5.3, 14.7, 3.2],
			"shade": false,
			"rotation": {"angle": 0, "axis": "y", "origin": [0, 3, 0]},
			"faces": {
				"north": {"uv": [2, 14, 4, 16], "texture": "#1"},
				"east": {"uv": [2, 14, 4, 16], "texture": "#1"},
				"south": {"uv": [2, 14, 4, 16], "texture": "#1"},
				"west": {"uv": [2, 14, 4, 16], "texture": "#1"},
				"up": {"uv": [2, 14, 4, 16], "texture": "#1"},
				"down": {"uv": [2, 14, 4, 16], "texture": "#1"}
			}
		},
		{
			"from": [9.56436, 12.34384, 3.4],
			"to": [10.26436, 13.04384, 4.1],
			"shade": false,
			"rotation": {"angle": 22.5, "axis": "z", "origin": [0, 3, 0]},
			"faces": {
				"north": {"uv": [0, 12, 2, 14], "texture": "#1"},
				"east": {"uv": [0, 12, 2, 14], "texture": "#1"},
				"south": {"uv": [0, 12, 2, 14], "texture": "#1"},
				"west": {"uv": [0, 12, 2, 14], "texture": "#1"},
				"up": {"uv": [0, 12, 2, 14], "texture": "#1"},
				"down": {"uv": [0, 12, 2, 14], "texture": "#1"}
			}
		},
		{
			"from": [10.56436, 13.34384, 4.4],
			"to": [9.26436, 12.04384, 3.1],
			"shade": false,
			"rotation": {"angle": 22.5, "axis": "z", "origin": [0, 3, 0]},
			"faces": {
				"north": {"uv": [2, 12, 4, 14], "texture": "#1"},
				"east": {"uv": [2, 12, 4, 14], "texture": "#1"},
				"south": {"uv": [2, 12, 4, 14], "texture": "#1"},
				"west": {"uv": [2, 12, 4, 14], "texture": "#1"},
				"up": {"uv": [2, 12, 4, 14], "texture": "#1"},
				"down": {"uv": [2, 12, 4, 14], "texture": "#1"}
			}
		},
		{
			"from": [12.65219, 8.51041, 3.25],
			"to": [13.65219, 9.51041, 4.25],
			"shade": false,
			"rotation": {"angle": 45, "axis": "z", "origin": [0, 3, 0]},
			"faces": {
				"north": {"uv": [0, 10, 2, 12], "texture": "#1"},
				"east": {"uv": [0, 10, 2, 12], "texture": "#1"},
				"south": {"uv": [0, 10, 2, 12], "texture": "#1"},
				"west": {"uv": [0, 10, 2, 12], "texture": "#1"},
				"up": {"uv": [0, 10, 2, 12], "texture": "#1"},
				"down": {"uv": [0, 10, 2, 12], "texture": "#1"}
			}
		},
		{
			"from": [13.90219, 9.76041, 4.5],
			"to": [12.40219, 8.26041, 3],
			"shade": false,
			"rotation": {"angle": 45, "axis": "z", "origin": [0, 3, 0]},
			"faces": {
				"north": {"uv": [2, 10, 4, 12], "texture": "#1"},
				"east": {"uv": [2, 10, 4, 12], "texture": "#1"},
				"south": {"uv": [2, 10, 4, 12], "texture": "#1"},
				"west": {"uv": [2, 10, 4, 12], "texture": "#1"},
				"up": {"uv": [2, 10, 4, 12], "texture": "#1"},
				"down": {"uv": [2, 10, 4, 12], "texture": "#1"}
			}
		},
		{
			"from": [-0.73332, 17.82744, 3.25],
			"to": [0.26668, 18.82744, 4.25],
			"shade": false,
			"rotation": {"angle": -22.5, "axis": "z", "origin": [0, 3, 0]},
			"faces": {
				"north": {"uv": [0, 8, 2, 10], "rotation": 90, "texture": "#1"},
				"east": {"uv": [0, 8, 2, 10], "rotation": 270, "texture": "#1"},
				"south": {"uv": [0, 8, 2, 10], "rotation": 270, "texture": "#1"},
				"west": {"uv": [0, 8, 2, 10], "rotation": 270, "texture": "#1"},
				"up": {"uv": [0, 8, 2, 10], "rotation": 270, "texture": "#1"},
				"down": {"uv": [0, 8, 2, 10], "rotation": 270, "texture": "#1"}
			}
		},
		{
			"from": [0.51668, 19.07744, 4.5],
			"to": [-0.98332, 17.57744, 3],
			"shade": false,
			"rotation": {"angle": -22.5, "axis": "z", "origin": [0, 3, 0]},
			"faces": {
				"north": {"uv": [2, 8, 4, 10], "rotation": 90, "texture": "#1"},
				"east": {"uv": [2, 8, 4, 10], "rotation": 270, "texture": "#1"},
				"south": {"uv": [2, 8, 4, 10], "rotation": 270, "texture": "#1"},
				"west": {"uv": [2, 8, 4, 10], "rotation": 270, "texture": "#1"},
				"up": {"uv": [2, 8, 4, 10], "rotation": 270, "texture": "#1"},
				"down": {"uv": [2, 8, 4, 10], "rotation": 270, "texture": "#1"}
			}
		},
		{
			"from": [5.65, 17.35, 3.25],
			"to": [6.65, 18.35, 4.25],
			"shade": false,
			"rotation": {"angle": 0, "axis": "y", "origin": [0, 3, 0]},
			"faces": {
				"north": {"uv": [0, 6, 2, 8], "texture": "#1"},
				"east": {"uv": [0, 6, 2, 8], "texture": "#1"},
				"south": {"uv": [0, 6, 2, 8], "texture": "#1"},
				"west": {"uv": [0, 6, 2, 8], "texture": "#1"},
				"up": {"uv": [0, 6, 2, 8], "texture": "#1"},
				"down": {"uv": [0, 6, 2, 8], "texture": "#1"}
			}
		},
		{
			"from": [6.9, 18.6, 4.5],
			"to": [5.4, 17.1, 3],
			"shade": false,
			"rotation": {"angle": 0, "axis": "y", "origin": [0, 3, 0]},
			"faces": {
				"north": {"uv": [2, 6, 4, 8], "texture": "#1"},
				"east": {"uv": [2, 6, 4, 8], "texture": "#1"},
				"south": {"uv": [2, 6, 4, 8], "texture": "#1"},
				"west": {"uv": [2, 6, 4, 8], "texture": "#1"},
				"up": {"uv": [2, 6, 4, 8], "texture": "#1"},
				"down": {"uv": [2, 6, 4, 8], "texture": "#1"}
			}
		},
		{
			"from": [-0.84191, 19.38568, 3.4],
			"to": [-0.14191, 20.08568, 4.1],
			"shade": false,
			"rotation": {"angle": -22.5, "axis": "z", "origin": [0, 3, 0]},
			"faces": {
				"north": {"uv": [0, 4, 2, 6], "texture": "#1"},
				"east": {"uv": [0, 4, 2, 6], "texture": "#1"},
				"south": {"uv": [0, 4, 2, 6], "texture": "#1"},
				"west": {"uv": [0, 4, 2, 6], "texture": "#1"},
				"up": {"uv": [0, 4, 2, 6], "texture": "#1"},
				"down": {"uv": [0, 4, 2, 6], "texture": "#1"}
			}
		},
		{
			"from": [0.15809, 20.38568, 4.4],
			"to": [-1.14191, 19.08568, 3.1],
			"shade": false,
			"rotation": {"angle": -22.5, "axis": "z", "origin": [0, 3, 0]},
			"faces": {
				"north": {"uv": [2, 4, 4, 6], "texture": "#1"},
				"east": {"uv": [2, 4, 4, 6], "texture": "#1"},
				"south": {"uv": [2, 4, 4, 6], "texture": "#1"},
				"west": {"uv": [2, 4, 4, 6], "texture": "#1"},
				"up": {"uv": [2, 4, 4, 6], "texture": "#1"},
				"down": {"uv": [2, 4, 4, 6], "texture": "#1"}
			}
		},
		{
			"from": [5.4, 18.95, 3.45],
			"to": [6, 19.55, 4.05],
			"shade": false,
			"rotation": {"angle": 0, "axis": "y", "origin": [0, 3, 0]},
			"faces": {
				"north": {"uv": [0, 2, 2, 4], "texture": "#1"},
				"east": {"uv": [0, 2, 2, 4], "texture": "#1"},
				"south": {"uv": [0, 2, 2, 4], "texture": "#1"},
				"west": {"uv": [0, 2, 2, 4], "texture": "#1"},
				"up": {"uv": [0, 2, 2, 4], "texture": "#1"},
				"down": {"uv": [0, 2, 2, 4], "texture": "#1"}
			}
		},
		{
			"from": [6.25, 19.8, 4.3],
			"to": [5.15, 18.7, 3.2],
			"shade": false,
			"rotation": {"angle": 0, "axis": "y", "origin": [0, 3, 0]},
			"faces": {
				"north": {"uv": [2, 2, 4, 4], "texture": "#1"},
				"east": {"uv": [2, 2, 4, 4], "texture": "#1"},
				"south": {"uv": [2, 2, 4, 4], "texture": "#1"},
				"west": {"uv": [2, 2, 4, 4], "texture": "#1"},
				"up": {"uv": [2, 2, 4, 4], "texture": "#1"},
				"down": {"uv": [2, 2, 4, 4], "texture": "#1"}
			}
		},
		{
			"from": [9.85, 17.95, 3.45],
			"to": [10.45, 18.55, 4.05],
			"shade": false,
			"rotation": {"angle": 0, "axis": "y", "origin": [0, 4, 0]},
			"faces": {
				"north": {"uv": [6, 14, 4, 16], "texture": "#1"},
				"east": {"uv": [6, 14, 4, 16], "texture": "#1"},
				"south": {"uv": [6, 14, 4, 16], "texture": "#1"},
				"west": {"uv": [6, 14, 4, 16], "texture": "#1"},
				"up": {"uv": [6, 14, 4, 16], "texture": "#1"},
				"down": {"uv": [6, 14, 4, 16], "texture": "#1"}
			}
		},
		{
			"from": [10.7, 18.8, 4.3],
			"to": [9.6, 17.7, 3.2],
			"shade": false,
			"rotation": {"angle": 0, "axis": "y", "origin": [0, 4, 0]},
			"faces": {
				"north": {"uv": [8, 14, 6, 16], "texture": "#1"},
				"east": {"uv": [8, 14, 6, 16], "texture": "#1"},
				"south": {"uv": [8, 14, 6, 16], "texture": "#1"},
				"west": {"uv": [8, 14, 6, 16], "texture": "#1"},
				"up": {"uv": [8, 14, 6, 16], "texture": "#1"},
				"down": {"uv": [8, 14, 6, 16], "texture": "#1"}
			}
		},
		{
			"from": [3.75235, 21.31453, 3.4],
			"to": [4.45235, 22.01453, 4.1],
			"shade": false,
			"rotation": {"angle": -22.5, "axis": "z", "origin": [0, 4, 0]},
			"faces": {
				"north": {"uv": [6, 12, 4, 14], "texture": "#1"},
				"east": {"uv": [6, 12, 4, 14], "texture": "#1"},
				"south": {"uv": [6, 12, 4, 14], "texture": "#1"},
				"west": {"uv": [6, 12, 4, 14], "texture": "#1"},
				"up": {"uv": [6, 12, 4, 14], "texture": "#1"},
				"down": {"uv": [6, 12, 4, 14], "texture": "#1"}
			}
		},
		{
			"from": [4.75235, 22.31453, 4.4],
			"to": [3.45235, 21.01453, 3.1],
			"shade": false,
			"rotation": {"angle": -22.5, "axis": "z", "origin": [0, 4, 0]},
			"faces": {
				"north": {"uv": [8, 12, 6, 14], "texture": "#1"},
				"east": {"uv": [8, 12, 6, 14], "texture": "#1"},
				"south": {"uv": [8, 12, 6, 14], "texture": "#1"},
				"west": {"uv": [8, 12, 6, 14], "texture": "#1"},
				"up": {"uv": [8, 12, 6, 14], "texture": "#1"},
				"down": {"uv": [8, 12, 6, 14], "texture": "#1"}
			}
		},
		{
			"from": [-3.75269, 22.23833, 3.25],
			"to": [-2.75269, 23.23833, 4.25],
			"shade": false,
			"rotation": {"angle": -45, "axis": "z", "origin": [0, 4, 0]},
			"faces": {
				"north": {"uv": [6, 10, 4, 12], "texture": "#1"},
				"east": {"uv": [6, 10, 4, 12], "texture": "#1"},
				"south": {"uv": [6, 10, 4, 12], "texture": "#1"},
				"west": {"uv": [6, 10, 4, 12], "texture": "#1"},
				"up": {"uv": [6, 10, 4, 12], "texture": "#1"},
				"down": {"uv": [6, 10, 4, 12], "texture": "#1"}
			}
		},
		{
			"from": [-2.50269, 23.48833, 4.5],
			"to": [-4.00269, 21.98833, 3],
			"shade": false,
			"rotation": {"angle": -45, "axis": "z", "origin": [0, 4, 0]},
			"faces": {
				"north": {"uv": [8, 10, 6, 12], "texture": "#1"},
				"east": {"uv": [8, 10, 6, 12], "texture": "#1"},
				"south": {"uv": [8, 10, 6, 12], "texture": "#1"},
				"west": {"uv": [8, 10, 6, 12], "texture": "#1"},
				"up": {"uv": [8, 10, 6, 12], "texture": "#1"},
				"down": {"uv": [8, 10, 6, 12], "texture": "#1"}
			}
		},
		{
			"from": [15.28076, 14.55227, 3.25],
			"to": [16.28076, 15.55227, 4.25],
			"shade": false,
			"rotation": {"angle": 22.5, "axis": "z", "origin": [0, 4, 0]},
			"faces": {
				"north": {"uv": [4, 10, 6, 8], "rotation": 90, "texture": "#1"},
				"east": {"uv": [4, 10, 6, 8], "rotation": 270, "texture": "#1"},
				"south": {"uv": [4, 10, 6, 8], "rotation": 270, "texture": "#1"},
				"west": {"uv": [4, 10, 6, 8], "rotation": 270, "texture": "#1"},
				"up": {"uv": [4, 10, 6, 8], "rotation": 270, "texture": "#1"},
				"down": {"uv": [4, 10, 6, 8], "rotation": 270, "texture": "#1"}
			}
		},
		{
			"from": [16.53076, 15.80227, 4.5],
			"to": [15.03076, 14.30227, 3],
			"shade": false,
			"rotation": {"angle": 22.5, "axis": "z", "origin": [0, 4, 0]},
			"faces": {
				"north": {"uv": [6, 10, 8, 8], "rotation": 90, "texture": "#1"},
				"east": {"uv": [6, 10, 8, 8], "rotation": 270, "texture": "#1"},
				"south": {"uv": [6, 10, 8, 8], "rotation": 270, "texture": "#1"},
				"west": {"uv": [6, 10, 8, 8], "rotation": 270, "texture": "#1"},
				"up": {"uv": [6, 10, 8, 8], "rotation": 270, "texture": "#1"},
				"down": {"uv": [6, 10, 8, 8], "rotation": 270, "texture": "#1"}
			}
		},
		{
			"from": [9.35, 20.35, 3.25],
			"to": [10.35, 21.35, 4.25],
			"shade": false,
			"rotation": {"angle": 0, "axis": "y", "origin": [0, 4, 0]},
			"faces": {
				"north": {"uv": [6, 6, 4, 8], "texture": "#1"},
				"east": {"uv": [6, 6, 4, 8], "texture": "#1"},
				"south": {"uv": [6, 6, 4, 8], "texture": "#1"},
				"west": {"uv": [6, 6, 4, 8], "texture": "#1"},
				"up": {"uv": [6, 6, 4, 8], "texture": "#1"},
				"down": {"uv": [6, 6, 4, 8], "texture": "#1"}
			}
		},
		{
			"from": [10.6, 21.6, 4.5],
			"to": [9.1, 20.1, 3],
			"shade": false,
			"rotation": {"angle": 0, "axis": "y", "origin": [0, 4, 0]},
			"faces": {
				"north": {"uv": [8, 6, 6, 8], "texture": "#1"},
				"east": {"uv": [8, 6, 6, 8], "texture": "#1"},
				"south": {"uv": [8, 6, 6, 8], "texture": "#1"},
				"west": {"uv": [8, 6, 6, 8], "texture": "#1"},
				"up": {"uv": [8, 6, 6, 8], "texture": "#1"},
				"down": {"uv": [8, 6, 6, 8], "texture": "#1"}
			}
		},
		{
			"from": [15.68935, 16.11051, 3.4],
			"to": [16.38935, 16.81051, 4.1],
			"shade": false,
			"rotation": {"angle": 22.5, "axis": "z", "origin": [0, 4, 0]},
			"faces": {
				"north": {"uv": [6, 4, 4, 6], "texture": "#1"},
				"east": {"uv": [6, 4, 4, 6], "texture": "#1"},
				"south": {"uv": [6, 4, 4, 6], "texture": "#1"},
				"west": {"uv": [6, 4, 4, 6], "texture": "#1"},
				"up": {"uv": [6, 4, 4, 6], "texture": "#1"},
				"down": {"uv": [6, 4, 4, 6], "texture": "#1"}
			}
		},
		{
			"from": [16.68935, 17.11051, 4.4],
			"to": [15.38935, 15.81051, 3.1],
			"shade": false,
			"rotation": {"angle": 22.5, "axis": "z", "origin": [0, 4, 0]},
			"faces": {
				"north": {"uv": [8, 4, 6, 6], "texture": "#1"},
				"east": {"uv": [8, 4, 6, 6], "texture": "#1"},
				"south": {"uv": [8, 4, 6, 6], "texture": "#1"},
				"west": {"uv": [8, 4, 6, 6], "texture": "#1"},
				"up": {"uv": [8, 4, 6, 6], "texture": "#1"},
				"down": {"uv": [8, 4, 6, 6], "texture": "#1"}
			}
		},
		{
			"from": [10, 21.95, 3.45],
			"to": [10.6, 22.55, 4.05],
			"shade": false,
			"rotation": {"angle": 0, "axis": "y", "origin": [0, 4, 0]},
			"faces": {
				"north": {"uv": [6, 2, 4, 4], "texture": "#1"},
				"east": {"uv": [6, 2, 4, 4], "texture": "#1"},
				"south": {"uv": [6, 2, 4, 4], "texture": "#1"},
				"west": {"uv": [6, 2, 4, 4], "texture": "#1"},
				"up": {"uv": [6, 2, 4, 4], "texture": "#1"},
				"down": {"uv": [6, 2, 4, 4], "texture": "#1"}
			}
		},
		{
			"from": [10.85, 22.8, 4.3],
			"to": [9.75, 21.7, 3.2],
			"shade": false,
			"rotation": {"angle": 0, "axis": "y", "origin": [0, 4, 0]},
			"faces": {
				"north": {"uv": [8, 2, 6, 4], "texture": "#1"},
				"east": {"uv": [8, 2, 6, 4], "texture": "#1"},
				"south": {"uv": [8, 2, 6, 4], "texture": "#1"},
				"west": {"uv": [8, 2, 6, 4], "texture": "#1"},
				"up": {"uv": [8, 2, 6, 4], "texture": "#1"},
				"down": {"uv": [8, 2, 6, 4], "texture": "#1"}
			}
		},
		{
			"from": [9.85, 17.95, 11.95],
			"to": [10.45, 18.55, 12.55],
			"shade": false,
			"rotation": {"angle": 0, "axis": "y", "origin": [0, 4, 0.5]},
			"faces": {
				"north": {"uv": [14, 14, 12, 16], "texture": "#1"},
				"east": {"uv": [14, 14, 12, 16], "texture": "#1"},
				"south": {"uv": [14, 14, 12, 16], "texture": "#1"},
				"west": {"uv": [14, 14, 12, 16], "texture": "#1"},
				"up": {"uv": [14, 14, 12, 16], "texture": "#1"},
				"down": {"uv": [14, 14, 12, 16], "texture": "#1"}
			}
		},
		{
			"from": [10.7, 18.8, 12.8],
			"to": [9.6, 17.7, 11.7],
			"shade": false,
			"rotation": {"angle": 0, "axis": "y", "origin": [0, 4, 0.5]},
			"faces": {
				"north": {"uv": [16, 14, 14, 16], "texture": "#1"},
				"east": {"uv": [16, 14, 14, 16], "texture": "#1"},
				"south": {"uv": [16, 14, 14, 16], "texture": "#1"},
				"west": {"uv": [16, 14, 14, 16], "texture": "#1"},
				"up": {"uv": [16, 14, 14, 16], "texture": "#1"},
				"down": {"uv": [16, 14, 14, 16], "texture": "#1"}
			}
		},
		{
			"from": [3.75235, 21.31453, 11.9],
			"to": [4.45235, 22.01453, 12.6],
			"shade": false,
			"rotation": {"angle": -22.5, "axis": "z", "origin": [0, 4, 0.5]},
			"faces": {
				"north": {"uv": [14, 12, 12, 14], "texture": "#1"},
				"east": {"uv": [14, 12, 12, 14], "texture": "#1"},
				"south": {"uv": [14, 12, 12, 14], "texture": "#1"},
				"west": {"uv": [14, 12, 12, 14], "texture": "#1"},
				"up": {"uv": [14, 12, 12, 14], "texture": "#1"},
				"down": {"uv": [14, 12, 12, 14], "texture": "#1"}
			}
		},
		{
			"from": [4.75235, 22.31453, 12.9],
			"to": [3.45235, 21.01453, 11.6],
			"shade": false,
			"rotation": {"angle": -22.5, "axis": "z", "origin": [0, 4, 0.5]},
			"faces": {
				"north": {"uv": [16, 12, 14, 14], "texture": "#1"},
				"east": {"uv": [16, 12, 14, 14], "texture": "#1"},
				"south": {"uv": [16, 12, 14, 14], "texture": "#1"},
				"west": {"uv": [16, 12, 14, 14], "texture": "#1"},
				"up": {"uv": [16, 12, 14, 14], "texture": "#1"},
				"down": {"uv": [16, 12, 14, 14], "texture": "#1"}
			}
		},
		{
			"from": [-3.75269, 22.23833, 11.75],
			"to": [-2.75269, 23.23833, 12.75],
			"shade": false,
			"rotation": {"angle": -45, "axis": "z", "origin": [0, 4, 0.5]},
			"faces": {
				"north": {"uv": [14, 10, 12, 12], "texture": "#1"},
				"east": {"uv": [14, 10, 12, 12], "texture": "#1"},
				"south": {"uv": [14, 10, 12, 12], "texture": "#1"},
				"west": {"uv": [14, 10, 12, 12], "texture": "#1"},
				"up": {"uv": [14, 10, 12, 12], "texture": "#1"},
				"down": {"uv": [14, 10, 12, 12], "texture": "#1"}
			}
		},
		{
			"from": [-2.50269, 23.48833, 13],
			"to": [-4.00269, 21.98833, 11.5],
			"shade": false,
			"rotation": {"angle": -45, "axis": "z", "origin": [0, 4, 0.5]},
			"faces": {
				"north": {"uv": [16, 10, 14, 12], "texture": "#1"},
				"east": {"uv": [16, 10, 14, 12], "texture": "#1"},
				"south": {"uv": [16, 10, 14, 12], "texture": "#1"},
				"west": {"uv": [16, 10, 14, 12], "texture": "#1"},
				"up": {"uv": [16, 10, 14, 12], "texture": "#1"},
				"down": {"uv": [16, 10, 14, 12], "texture": "#1"}
			}
		},
		{
			"from": [15.28076, 14.55227, 11.75],
			"to": [16.28076, 15.55227, 12.75],
			"shade": false,
			"rotation": {"angle": 22.5, "axis": "z", "origin": [0, 4, 0.5]},
			"faces": {
				"north": {"uv": [12, 10, 14, 8], "rotation": 90, "texture": "#1"},
				"east": {"uv": [12, 10, 14, 8], "rotation": 270, "texture": "#1"},
				"south": {"uv": [12, 10, 14, 8], "rotation": 270, "texture": "#1"},
				"west": {"uv": [12, 10, 14, 8], "rotation": 270, "texture": "#1"},
				"up": {"uv": [12, 10, 14, 8], "rotation": 270, "texture": "#1"},
				"down": {"uv": [12, 10, 14, 8], "rotation": 270, "texture": "#1"}
			}
		},
		{
			"from": [16.53076, 15.80227, 13],
			"to": [15.03076, 14.30227, 11.5],
			"shade": false,
			"rotation": {"angle": 22.5, "axis": "z", "origin": [0, 4, 0.5]},
			"faces": {
				"north": {"uv": [14, 10, 16, 8], "rotation": 90, "texture": "#1"},
				"east": {"uv": [14, 10, 16, 8], "rotation": 270, "texture": "#1"},
				"south": {"uv": [14, 10, 16, 8], "rotation": 270, "texture": "#1"},
				"west": {"uv": [14, 10, 16, 8], "rotation": 270, "texture": "#1"},
				"up": {"uv": [14, 10, 16, 8], "rotation": 270, "texture": "#1"},
				"down": {"uv": [14, 10, 16, 8], "rotation": 270, "texture": "#1"}
			}
		},
		{
			"from": [9.35, 20.35, 11.75],
			"to": [10.35, 21.35, 12.75],
			"shade": false,
			"rotation": {"angle": 0, "axis": "y", "origin": [0, 4, 0.5]},
			"faces": {
				"north": {"uv": [14, 6, 12, 8], "texture": "#1"},
				"east": {"uv": [14, 6, 12, 8], "texture": "#1"},
				"south": {"uv": [14, 6, 12, 8], "texture": "#1"},
				"west": {"uv": [14, 6, 12, 8], "texture": "#1"},
				"up": {"uv": [14, 6, 12, 8], "texture": "#1"},
				"down": {"uv": [14, 6, 12, 8], "texture": "#1"}
			}
		},
		{
			"from": [10.6, 21.6, 13],
			"to": [9.1, 20.1, 11.5],
			"shade": false,
			"rotation": {"angle": 0, "axis": "y", "origin": [0, 4, 0.5]},
			"faces": {
				"north": {"uv": [16, 6, 14, 8], "texture": "#1"},
				"east": {"uv": [16, 6, 14, 8], "texture": "#1"},
				"south": {"uv": [16, 6, 14, 8], "texture": "#1"},
				"west": {"uv": [16, 6, 14, 8], "texture": "#1"},
				"up": {"uv": [16, 6, 14, 8], "texture": "#1"},
				"down": {"uv": [16, 6, 14, 8], "texture": "#1"}
			}
		},
		{
			"from": [15.68935, 16.11051, 11.9],
			"to": [16.38935, 16.81051, 12.6],
			"shade": false,
			"rotation": {"angle": 22.5, "axis": "z", "origin": [0, 4, 0.5]},
			"faces": {
				"north": {"uv": [14, 4, 12, 6], "texture": "#1"},
				"east": {"uv": [14, 4, 12, 6], "texture": "#1"},
				"south": {"uv": [14, 4, 12, 6], "texture": "#1"},
				"west": {"uv": [14, 4, 12, 6], "texture": "#1"},
				"up": {"uv": [14, 4, 12, 6], "texture": "#1"},
				"down": {"uv": [14, 4, 12, 6], "texture": "#1"}
			}
		},
		{
			"from": [16.68935, 17.11051, 12.9],
			"to": [15.38935, 15.81051, 11.6],
			"shade": false,
			"rotation": {"angle": 22.5, "axis": "z", "origin": [0, 4, 0.5]},
			"faces": {
				"north": {"uv": [16, 4, 14, 6], "texture": "#1"},
				"east": {"uv": [16, 4, 14, 6], "texture": "#1"},
				"south": {"uv": [16, 4, 14, 6], "texture": "#1"},
				"west": {"uv": [16, 4, 14, 6], "texture": "#1"},
				"up": {"uv": [16, 4, 14, 6], "texture": "#1"},
				"down": {"uv": [16, 4, 14, 6], "texture": "#1"}
			}
		},
		{
			"from": [10, 21.95, 11.95],
			"to": [10.6, 22.55, 12.55],
			"shade": false,
			"rotation": {"angle": 0, "axis": "y", "origin": [0, 4, 0.5]},
			"faces": {
				"north": {"uv": [14, 2, 12, 4], "texture": "#1"},
				"east": {"uv": [14, 2, 12, 4], "texture": "#1"},
				"south": {"uv": [14, 2, 12, 4], "texture": "#1"},
				"west": {"uv": [14, 2, 12, 4], "texture": "#1"},
				"up": {"uv": [14, 2, 12, 4], "texture": "#1"},
				"down": {"uv": [14, 2, 12, 4], "texture": "#1"}
			}
		},
		{
			"from": [10.85, 22.8, 12.8],
			"to": [9.75, 21.7, 11.7],
			"shade": false,
			"rotation": {"angle": 0, "axis": "y", "origin": [0, 4, 0.5]},
			"faces": {
				"north": {"uv": [16, 2, 14, 4], "texture": "#1"},
				"east": {"uv": [16, 2, 14, 4], "texture": "#1"},
				"south": {"uv": [16, 2, 14, 4], "texture": "#1"},
				"west": {"uv": [16, 2, 14, 4], "texture": "#1"},
				"up": {"uv": [16, 2, 14, 4], "texture": "#1"},
				"down": {"uv": [16, 2, 14, 4], "texture": "#1"}
			}
		},
		{
			"from": [5.55, 14.95, 11.95],
			"to": [6.15, 15.55, 12.55],
			"shade": false,
			"rotation": {"angle": 0, "axis": "y", "origin": [0, 3, 0.5]},
			"faces": {
				"north": {"uv": [8, 14, 10, 16], "texture": "#1"},
				"east": {"uv": [8, 14, 10, 16], "texture": "#1"},
				"south": {"uv": [8, 14, 10, 16], "texture": "#1"},
				"west": {"uv": [8, 14, 10, 16], "texture": "#1"},
				"up": {"uv": [8, 14, 10, 16], "texture": "#1"},
				"down": {"uv": [8, 14, 10, 16], "texture": "#1"}
			}
		},
		{
			"from": [6.4, 15.8, 12.8],
			"to": [5.3, 14.7, 11.7],
			"shade": false,
			"rotation": {"angle": 0, "axis": "y", "origin": [0, 3, 0.5]},
			"faces": {
				"north": {"uv": [10, 14, 12, 16], "texture": "#1"},
				"east": {"uv": [10, 14, 12, 16], "texture": "#1"},
				"south": {"uv": [10, 14, 12, 16], "texture": "#1"},
				"west": {"uv": [10, 14, 12, 16], "texture": "#1"},
				"up": {"uv": [10, 14, 12, 16], "texture": "#1"},
				"down": {"uv": [10, 14, 12, 16], "texture": "#1"}
			}
		},
		{
			"from": [9.56436, 12.34384, 11.9],
			"to": [10.26436, 13.04384, 12.6],
			"shade": false,
			"rotation": {"angle": 22.5, "axis": "z", "origin": [0, 3, 0.5]},
			"faces": {
				"north": {"uv": [8, 12, 10, 14], "texture": "#1"},
				"east": {"uv": [8, 12, 10, 14], "texture": "#1"},
				"south": {"uv": [8, 12, 10, 14], "texture": "#1"},
				"west": {"uv": [8, 12, 10, 14], "texture": "#1"},
				"up": {"uv": [8, 12, 10, 14], "texture": "#1"},
				"down": {"uv": [8, 12, 10, 14], "texture": "#1"}
			}
		},
		{
			"from": [10.56436, 13.34384, 12.9],
			"to": [9.26436, 12.04384, 11.6],
			"shade": false,
			"rotation": {"angle": 22.5, "axis": "z", "origin": [0, 3, 0.5]},
			"faces": {
				"north": {"uv": [10, 12, 12, 14], "texture": "#1"},
				"east": {"uv": [10, 12, 12, 14], "texture": "#1"},
				"south": {"uv": [10, 12, 12, 14], "texture": "#1"},
				"west": {"uv": [10, 12, 12, 14], "texture": "#1"},
				"up": {"uv": [10, 12, 12, 14], "texture": "#1"},
				"down": {"uv": [10, 12, 12, 14], "texture": "#1"}
			}
		},
		{
			"from": [12.65219, 8.51041, 11.75],
			"to": [13.65219, 9.51041, 12.75],
			"shade": false,
			"rotation": {"angle": 45, "axis": "z", "origin": [0, 3, 0.5]},
			"faces": {
				"north": {"uv": [8, 10, 10, 12], "texture": "#1"},
				"east": {"uv": [8, 10, 10, 12], "texture": "#1"},
				"south": {"uv": [8, 10, 10, 12], "texture": "#1"},
				"west": {"uv": [8, 10, 10, 12], "texture": "#1"},
				"up": {"uv": [8, 10, 10, 12], "texture": "#1"},
				"down": {"uv": [8, 10, 10, 12], "texture": "#1"}
			}
		},
		{
			"from": [13.90219, 9.76041, 13],
			"to": [12.40219, 8.26041, 11.5],
			"shade": false,
			"rotation": {"angle": 45, "axis": "z", "origin": [0, 3, 0.5]},
			"faces": {
				"north": {"uv": [10, 10, 12, 12], "texture": "#1"},
				"east": {"uv": [10, 10, 12, 12], "texture": "#1"},
				"south": {"uv": [10, 10, 12, 12], "texture": "#1"},
				"west": {"uv": [10, 10, 12, 12], "texture": "#1"},
				"up": {"uv": [10, 10, 12, 12], "texture": "#1"},
				"down": {"uv": [10, 10, 12, 12], "texture": "#1"}
			}
		},
		{
			"from": [-0.73332, 17.82744, 11.75],
			"to": [0.26668, 18.82744, 12.75],
			"shade": false,
			"rotation": {"angle": -22.5, "axis": "z", "origin": [0, 3, 0.5]},
			"faces": {
				"north": {"uv": [8, 8, 10, 10], "rotation": 90, "texture": "#1"},
				"east": {"uv": [8, 8, 10, 10], "rotation": 270, "texture": "#1"},
				"south": {"uv": [8, 8, 10, 10], "rotation": 270, "texture": "#1"},
				"west": {"uv": [8, 8, 10, 10], "rotation": 270, "texture": "#1"},
				"up": {"uv": [8, 8, 10, 10], "rotation": 270, "texture": "#1"},
				"down": {"uv": [8, 8, 10, 10], "rotation": 270, "texture": "#1"}
			}
		},
		{
			"from": [0.51668, 19.07744, 13],
			"to": [-0.98332, 17.57744, 11.5],
			"shade": false,
			"rotation": {"angle": -22.5, "axis": "z", "origin": [0, 3, 0.5]},
			"faces": {
				"north": {"uv": [10, 8, 12, 10], "rotation": 90, "texture": "#1"},
				"east": {"uv": [10, 8, 12, 10], "rotation": 270, "texture": "#1"},
				"south": {"uv": [10, 8, 12, 10], "rotation": 270, "texture": "#1"},
				"west": {"uv": [10, 8, 12, 10], "rotation": 270, "texture": "#1"},
				"up": {"uv": [10, 8, 12, 10], "rotation": 270, "texture": "#1"},
				"down": {"uv": [10, 8, 12, 10], "rotation": 270, "texture": "#1"}
			}
		},
		{
			"from": [5.65, 17.35, 11.75],
			"to": [6.65, 18.35, 12.75],
			"shade": false,
			"rotation": {"angle": 0, "axis": "y", "origin": [0, 3, 0.5]},
			"faces": {
				"north": {"uv": [8, 6, 10, 8], "texture": "#1"},
				"east": {"uv": [8, 6, 10, 8], "texture": "#1"},
				"south": {"uv": [8, 6, 10, 8], "texture": "#1"},
				"west": {"uv": [8, 6, 10, 8], "texture": "#1"},
				"up": {"uv": [8, 6, 10, 8], "texture": "#1"},
				"down": {"uv": [8, 6, 10, 8], "texture": "#1"}
			}
		},
		{
			"from": [6.9, 18.6, 13],
			"to": [5.4, 17.1, 11.5],
			"shade": false,
			"rotation": {"angle": 0, "axis": "y", "origin": [0, 3, 0.5]},
			"faces": {
				"north": {"uv": [10, 6, 12, 8], "texture": "#1"},
				"east": {"uv": [10, 6, 12, 8], "texture": "#1"},
				"south": {"uv": [10, 6, 12, 8], "texture": "#1"},
				"west": {"uv": [10, 6, 12, 8], "texture": "#1"},
				"up": {"uv": [10, 6, 12, 8], "texture": "#1"},
				"down": {"uv": [10, 6, 12, 8], "texture": "#1"}
			}
		},
		{
			"from": [-0.84191, 19.38568, 11.9],
			"to": [-0.14191, 20.08568, 12.6],
			"shade": false,
			"rotation": {"angle": -22.5, "axis": "z", "origin": [0, 3, 0.5]},
			"faces": {
				"north": {"uv": [8, 4, 10, 6], "texture": "#1"},
				"east": {"uv": [8, 4, 10, 6], "texture": "#1"},
				"south": {"uv": [8, 4, 10, 6], "texture": "#1"},
				"west": {"uv": [8, 4, 10, 6], "texture": "#1"},
				"up": {"uv": [8, 4, 10, 6], "texture": "#1"},
				"down": {"uv": [8, 4, 10, 6], "texture": "#1"}
			}
		},
		{
			"from": [0.15809, 20.38568, 12.9],
			"to": [-1.14191, 19.08568, 11.6],
			"shade": false,
			"rotation": {"angle": -22.5, "axis": "z", "origin": [0, 3, 0.5]},
			"faces": {
				"north": {"uv": [10, 4, 12, 6], "texture": "#1"},
				"east": {"uv": [10, 4, 12, 6], "texture": "#1"},
				"south": {"uv": [10, 4, 12, 6], "texture": "#1"},
				"west": {"uv": [10, 4, 12, 6], "texture": "#1"},
				"up": {"uv": [10, 4, 12, 6], "texture": "#1"},
				"down": {"uv": [10, 4, 12, 6], "texture": "#1"}
			}
		},
		{
			"from": [5.4, 18.95, 11.95],
			"to": [6, 19.55, 12.55],
			"shade": false,
			"rotation": {"angle": 0, "axis": "y", "origin": [0, 3, 0.5]},
			"faces": {
				"north": {"uv": [8, 2, 10, 4], "texture": "#1"},
				"east": {"uv": [8, 2, 10, 4], "texture": "#1"},
				"south": {"uv": [8, 2, 10, 4], "texture": "#1"},
				"west": {"uv": [8, 2, 10, 4], "texture": "#1"},
				"up": {"uv": [8, 2, 10, 4], "texture": "#1"},
				"down": {"uv": [8, 2, 10, 4], "texture": "#1"}
			}
		},
		{
			"from": [6.25, 19.8, 12.8],
			"to": [5.15, 18.7, 11.7],
			"shade": false,
			"rotation": {"angle": 0, "axis": "y", "origin": [0, 3, 0.5]},
			"faces": {
				"north": {"uv": [10, 2, 12, 4], "texture": "#1"},
				"east": {"uv": [10, 2, 12, 4], "texture": "#1"},
				"south": {"uv": [10, 2, 12, 4], "texture": "#1"},
				"west": {"uv": [10, 2, 12, 4], "texture": "#1"},
				"up": {"uv": [10, 2, 12, 4], "texture": "#1"},
				"down": {"uv": [10, 2, 12, 4], "texture": "#1"}
			}
		}
	],
	"groups": [
		0,
		1,
		2,
		3,
		4,
		5,
		6,
		7,
		8,
		9,
		10,
		11,
		12,
		13,
		14,
		15,
		16,
		17,
		18,
		19,
		{
			"name": "particles",
			"origin": [8, 8, 8],
			"color": 0,
			"children": [
				{
					"name": "particles1",
					"origin": [0, 0, 0],
					"color": 0,
					"children": [
						{
							"name": "particle1",
							"origin": [0, 0, 0],
							"color": 0,
							"children": [20, 21]
						},
						{
							"name": "particle2",
							"origin": [0, 0, 0],
							"color": 0,
							"children": [22, 23]
						},
						{
							"name": "particle3",
							"origin": [0, 0, 0],
							"color": 0,
							"children": [24, 25]
						},
						{
							"name": "particle4",
							"origin": [0, 0, 0],
							"color": 0,
							"children": [26, 27]
						},
						{
							"name": "particle5",
							"origin": [0, 0, 0],
							"color": 0,
							"children": [28, 29]
						},
						{
							"name": "particle6",
							"origin": [0, 0, 0],
							"color": 0,
							"children": [30, 31]
						},
						{
							"name": "particle7",
							"origin": [0, 0, 0],
							"color": 0,
							"children": [32, 33]
						}
					]
				},
				{
					"name": "particles2",
					"origin": [0, 0, 0],
					"color": 0,
					"children": [
						{
							"name": "particle1",
							"origin": [0, 0, 0],
							"color": 0,
							"children": [34, 35]
						},
						{
							"name": "particle2",
							"origin": [0, 0, 0],
							"color": 0,
							"children": [36, 37]
						},
						{
							"name": "particle3",
							"origin": [0, 0, 0],
							"color": 0,
							"children": [38, 39]
						},
						{
							"name": "particle4",
							"origin": [0, 0, 0],
							"color": 0,
							"children": [40, 41]
						},
						{
							"name": "particle5",
							"origin": [0, 0, 0],
							"color": 0,
							"children": [42, 43]
						},
						{
							"name": "particle6",
							"origin": [0, 0, 0],
							"color": 0,
							"children": [44, 45]
						},
						{
							"name": "particle7",
							"origin": [0, 0, 0],
							"color": 0,
							"children": [46, 47]
						}
					]
				},
				{
					"name": "particles3",
					"origin": [0, 0, 0],
					"color": 0,
					"children": [
						{
							"name": "particle1",
							"origin": [0, 0, 0],
							"color": 0,
							"children": [48, 49]
						},
						{
							"name": "particle2",
							"origin": [0, 0, 0],
							"color": 0,
							"children": [50, 51]
						},
						{
							"name": "particle3",
							"origin": [0, 0, 0],
							"color": 0,
							"children": [52, 53]
						},
						{
							"name": "particle4",
							"origin": [0, 0, 0],
							"color": 0,
							"children": [54, 55]
						},
						{
							"name": "particle5",
							"origin": [0, 0, 0],
							"color": 0,
							"children": [56, 57]
						},
						{
							"name": "particle6",
							"origin": [0, 0, 0],
							"color": 0,
							"children": [58, 59]
						},
						{
							"name": "particle7",
							"origin": [0, 0, 0],
							"color": 0,
							"children": [60, 61]
						}
					]
				},
				{
					"name": "particles4",
					"origin": [0, 0, 0],
					"color": 0,
					"children": [
						{
							"name": "particle1",
							"origin": [0, 0, 0],
							"color": 0,
							"children": [62, 63]
						},
						{
							"name": "particle2",
							"origin": [0, 0, 0],
							"color": 0,
							"children": [64, 65]
						},
						{
							"name": "particle3",
							"origin": [0, 0, 0],
							"color": 0,
							"children": [66, 67]
						},
						{
							"name": "particle4",
							"origin": [0, 0, 0],
							"color": 0,
							"children": [68, 69]
						},
						{
							"name": "particle5",
							"origin": [0, 0, 0],
							"color": 0,
							"children": [70, 71]
						},
						{
							"name": "particle6",
							"origin": [0, 0, 0],
							"color": 0,
							"children": [72, 73]
						},
						{
							"name": "particle7",
							"origin": [0, 0, 0],
							"color": 0,
							"children": [74, 75]
						}
					]
				}
			]
		}
	]
}