{
	"credit": "Made with Blockbench",
	"textures": {
		"0": "item/cannon/cannon",
		"particle": "item/cannon/cannon"
	},
	"elements": [
		{
			"from": [6, 12, 28],
			"to": [10, 16, 32],
			"shade": false,
			"rotation": {"angle": 0, "axis": "y", "origin": [8, 14, 7.75]},
			"faces": {
				"north": {"uv": [3, 13.375, 3.5, 13.875], "texture": "#0"},
				"east": {"uv": [9.75, 13.375, 10.25, 13.875], "texture": "#0"},
				"south": {"uv": [13.125, 13.375, 13.625, 13.875], "texture": "#0"},
				"west": {"uv": [2.5, 13.5, 3, 14], "texture": "#0"},
				"up": {"uv": [4, 14, 3.5, 13.5], "texture": "#0"},
				"down": {"uv": [5, 13.5, 4.5, 14], "texture": "#0"}
			}
		},
		{
			"from": [3, 9, 6],
			"to": [13, 19, 24],
			"shade": false,
			"rotation": {"angle": 0, "axis": "y", "origin": [8, 14, 7.75]},
			"faces": {
				"north": {"uv": [9.25, 5.25, 10.5, 6.5], "texture": "#0"},
				"east": {"uv": [6, 2, 8.25, 3.25], "texture": "#0"},
				"south": {"uv": [9.25, 6.5, 10.5, 7.75], "texture": "#0"},
				"west": {"uv": [6, 3.25, 8.25, 4.5], "texture": "#0"},
				"up": {"uv": [5.25, 8.25, 4, 6], "texture": "#0"},
				"down": {"uv": [7.25, 4.5, 6, 6.75], "texture": "#0"}
			}
		},
		{
			"from": [4, 10, -6],
			"to": [12, 18, 4],
			"shade": false,
			"rotation": {"angle": 0, "axis": "y", "origin": [8, 14, 7.75]},
			"faces": {
				"north": {"uv": [5.5, 11.125, 6.5, 12.125], "texture": "#0"},
				"east": {"uv": [10.375, 0, 11.625, 1], "texture": "#0"},
				"south": {"uv": [6.5, 11.125, 7.5, 12.125], "texture": "#0"},
				"west": {"uv": [1.25, 10.375, 2.5, 11.375], "texture": "#0"},
				"up": {"uv": [2.375, 10.25, 1.375, 9], "texture": "#0"},
				"down": {"uv": [11.375, 7.75, 10.375, 9], "texture": "#0"}
			}
		},
		{
			"from": [4, 10, -13],
			"to": [12, 18, -8],
			"shade": false,
			"rotation": {"angle": 0, "axis": "y", "origin": [8, 14, 7.75]},
			"faces": {
				"north": {"uv": [0, 11.25, 1, 12.25], "texture": "#0"},
				"east": {"uv": [12, 1.625, 12.625, 2.625], "texture": "#0"},
				"south": {"uv": [11.25, 10.625, 12.25, 11.625], "texture": "#0"},
				"west": {"uv": [12, 2.625, 12.625, 3.625], "texture": "#0"},
				"up": {"uv": [10.25, 8.375, 9.25, 7.75], "texture": "#0"},
				"down": {"uv": [11.375, 9, 10.375, 9.625], "texture": "#0"}
			}
		},
		{
			"from": [3, 9, -16],
			"to": [5, 19, -13],
			"shade": false,
			"rotation": {"angle": 0, "axis": "y", "origin": [8, 14, 7.75]},
			"faces": {
				"north": {"uv": [7.25, 12.875, 7.5, 14.125], "texture": "#0"},
				"east": {"uv": [4.875, 8.25, 5.25, 9.5], "texture": "#0"},
				"south": {"uv": [8.25, 12.875, 8.5, 14.125], "texture": "#0"},
				"west": {"uv": [11.125, 12.25, 11.5, 13.5], "texture": "#0"},
				"up": {"uv": [7.25, 14.75, 7, 14.375], "texture": "#0"},
				"down": {"uv": [14.625, 12.625, 14.375, 13], "texture": "#0"}
			}
		},
		{
			"from": [11, 9, -16],
			"to": [13, 19, -13],
			"shade": false,
			"rotation": {"angle": 0, "axis": "y", "origin": [8, 14, 7.75]},
			"faces": {
				"north": {"uv": [7.5, 12.875, 7.25, 14.125], "texture": "#0"},
				"east": {"uv": [11.5, 12.25, 11.125, 13.5], "texture": "#0"},
				"south": {"uv": [8.5, 12.875, 8.25, 14.125], "texture": "#0"},
				"west": {"uv": [5.25, 8.25, 4.875, 9.5], "texture": "#0"},
				"up": {"uv": [7, 14.75, 7.25, 14.375], "texture": "#0"},
				"down": {"uv": [14.375, 12.625, 14.625, 13], "texture": "#0"}
			}
		},
		{
			"from": [5, 17, -16],
			"to": [11, 19, -13],
			"shade": false,
			"rotation": {"angle": 0, "axis": "y", "origin": [8, 14, 7.75]},
			"faces": {
				"north": {"uv": [4.75, 14, 5.5, 14.25], "texture": "#0"},
				"east": {"uv": [14.375, 13, 14.75, 13.25], "texture": "#0"},
				"south": {"uv": [5.5, 14, 6.25, 14.25], "texture": "#0"},
				"west": {"uv": [13.125, 14.375, 13.5, 14.625], "texture": "#0"},
				"up": {"uv": [13.875, 5, 13.125, 4.625], "texture": "#0"},
				"down": {"uv": [6, 13.125, 5.25, 13.5], "texture": "#0"}
			}
		},
		{
			"from": [5, 9, -16],
			"to": [11, 11, -13],
			"shade": false,
			"rotation": {"angle": 0, "axis": "y", "origin": [8, 14, 7.75]},
			"faces": {
				"north": {"uv": [14, 5.875, 14.75, 6.125], "texture": "#0"},
				"east": {"uv": [14.375, 13.25, 14.75, 13.5], "texture": "#0"},
				"south": {"uv": [14, 11.125, 14.75, 11.375], "texture": "#0"},
				"west": {"uv": [14, 14.375, 14.375, 14.625], "texture": "#0"},
				"up": {"uv": [6.75, 13.5, 6, 13.125], "texture": "#0"},
				"down": {"uv": [13.875, 7.625, 13.125, 8], "texture": "#0"}
			}
		},
		{
			"from": [3, 9, -8],
			"to": [13, 19, -6],
			"shade": false,
			"rotation": {"angle": 0, "axis": "y", "origin": [8, 14, 7.75]},
			"faces": {
				"north": {"uv": [9.75, 1, 11, 2.25], "texture": "#0"},
				"east": {"uv": [6.75, 12.875, 7, 14.125], "texture": "#0"},
				"south": {"uv": [9.75, 2.25, 11, 3.5], "texture": "#0"},
				"west": {"uv": [7, 12.875, 7.25, 14.125], "texture": "#0"},
				"up": {"uv": [14.125, 9, 12.875, 8.75], "texture": "#0"},
				"down": {"uv": [2.125, 13, 0.875, 13.25], "texture": "#0"}
			}
		},
		{
			"from": [2, 8, 4],
			"to": [14, 20, 6],
			"shade": false,
			"rotation": {"angle": 0, "axis": "y", "origin": [8, 14, 7.75]},
			"faces": {
				"north": {"uv": [3.375, 8.25, 4.875, 9.75], "texture": "#0"},
				"east": {"uv": [7.75, 12.75, 8, 14.25], "texture": "#0"},
				"south": {"uv": [6.25, 8.375, 7.75, 9.875], "texture": "#0"},
				"west": {"uv": [8, 12.75, 8.25, 14.25], "texture": "#0"},
				"up": {"uv": [14.25, 10.5, 12.75, 10.25], "texture": "#0"},
				"down": {"uv": [14.25, 12.375, 12.75, 12.625], "texture": "#0"}
			}
		},
		{
			"from": [2, 8, 24],
			"to": [14, 20, 26],
			"shade": false,
			"rotation": {"angle": 0, "axis": "y", "origin": [8, 14, 7.75]},
			"faces": {
				"north": {"uv": [8.25, 1, 9.75, 2.5], "texture": "#0"},
				"east": {"uv": [4.25, 12.75, 4.5, 14.25], "texture": "#0"},
				"south": {"uv": [8.25, 2.5, 9.75, 4], "texture": "#0"},
				"west": {"uv": [7.5, 12.75, 7.75, 14.25], "texture": "#0"},
				"up": {"uv": [14.25, 10, 12.75, 9.75], "texture": "#0"},
				"down": {"uv": [14.25, 10, 12.75, 10.25], "texture": "#0"}
			}
		},
		{
			"from": [3, 9, 26],
			"to": [13, 19, 28],
			"shade": false,
			"rotation": {"angle": 0, "axis": "y", "origin": [8, 14, 7.75]},
			"faces": {
				"north": {"uv": [7.75, 9.625, 9, 10.875], "texture": "#0"},
				"east": {"uv": [0.375, 12.875, 0.625, 14.125], "texture": "#0"},
				"south": {"uv": [9, 9.625, 10.25, 10.875], "texture": "#0"},
				"west": {"uv": [0.625, 12.875, 0.875, 14.125], "texture": "#0"},
				"up": {"uv": [14.125, 8.5, 12.875, 8.25], "texture": "#0"},
				"down": {"uv": [14.125, 8.5, 12.875, 8.75], "texture": "#0"}
			}
		},
		{
			"from": [-0.008, 3.80361, 9.03286],
			"to": [3.008, 6.81961, 19.04886],
			"shade": false,
			"rotation": {"angle": 22.5, "axis": "x", "origin": [8, 4.87121, 22.62707]},
			"faces": {
				"north": {"uv": [4.75, 14.25, 5.125, 14.625], "texture": "#0"},
				"east": {"uv": [12.375, 11.625, 13.625, 12], "texture": "#0"},
				"south": {"uv": [14.25, 5, 14.625, 5.375], "texture": "#0"},
				"west": {"uv": [12.375, 12, 13.625, 12.375], "texture": "#0"},
				"up": {"uv": [12.75, 13.625, 12.375, 12.375], "texture": "#0"},
				"down": {"uv": [11.875, 12.5, 11.5, 13.75], "texture": "#0"}
			}
		},
		{
			"from": [0, 2.29152, 18.57128],
			"to": [3, 5.29152, 26.92128],
			"shade": false,
			"rotation": {"angle": 45, "axis": "x", "origin": [8, 4.87121, 22.62707]},
			"faces": {
				"north": {"uv": [5.125, 14.25, 5.5, 14.625], "texture": "#0"},
				"east": {"uv": [12.625, 2.75, 13.6875, 3.125], "texture": "#0"},
				"south": {"uv": [5.5, 14.25, 5.875, 14.625], "texture": "#0"},
				"west": {"uv": [12.625, 3.125, 13.6875, 3.5], "texture": "#0"},
				"up": {"uv": [12.25, 13.5625, 11.875, 12.5], "texture": "#0"},
				"down": {"uv": [13, 3.5, 12.625, 4.5625], "texture": "#0"}
			}
		},
		{
			"from": [-0.008, 0.04552, 23.87432],
			"to": [3.008, 2.31152, 31.908],
			"shade": false,
			"rotation": {"angle": 0, "axis": "y", "origin": [8, 4.87121, 22.62707]},
			"faces": {
				"north": {"uv": [14.25, 6.875, 14.625, 7.1875], "texture": "#0"},
				"east": {"uv": [13, 3.5, 14, 3.8125], "texture": "#0"},
				"south": {"uv": [7.25, 14.25, 7.625, 14.5625], "texture": "#0"},
				"west": {"uv": [13, 3.875, 14, 4.1875], "texture": "#0"},
				"up": {"uv": [9.375, 13.75, 9, 12.75], "texture": "#0"},
				"down": {"uv": [9.75, 12.75, 9.375, 13.75], "texture": "#0"}
			}
		},
		{
			"from": [2.992, 0.04552, 28.87432],
			"to": [13.008, 2.31152, 31.908],
			"shade": false,
			"rotation": {"angle": 0, "axis": "y", "origin": [8, 4.87121, 22.62707]},
			"faces": {
				"north": {"uv": [9.875, 12.625, 11.125, 12.9375], "texture": "#0"},
				"east": {"uv": [14.25, 7.25, 14.625, 7.5625], "texture": "#0"},
				"south": {"uv": [12.75, 5.875, 14, 6.1875], "texture": "#0"},
				"west": {"uv": [7.625, 14.25, 8, 14.5625], "texture": "#0"},
				"up": {"uv": [13.875, 1, 12.625, 0.625], "texture": "#0"},
				"down": {"uv": [2.125, 12.625, 0.875, 13], "texture": "#0"}
			}
		},
		{
			"from": [12.992, 0.04552, 23.87432],
			"to": [16.008, 2.31152, 31.908],
			"shade": false,
			"rotation": {"angle": 0, "axis": "y", "origin": [8, 4.87121, 22.62707]},
			"faces": {
				"north": {"uv": [14.625, 6.875, 14.25, 7.1875], "texture": "#0"},
				"east": {"uv": [14, 3.875, 13, 4.1875], "texture": "#0"},
				"south": {"uv": [7.625, 14.25, 7.25, 14.5625], "texture": "#0"},
				"west": {"uv": [14, 3.5, 13, 3.8125], "texture": "#0"},
				"up": {"uv": [9, 13.75, 9.375, 12.75], "texture": "#0"},
				"down": {"uv": [9.375, 12.75, 9.75, 13.75], "texture": "#0"}
			}
		},
		{
			"from": [13, 2.29152, 18.57128],
			"to": [16, 5.29152, 26.92128],
			"shade": false,
			"rotation": {"angle": 45, "axis": "x", "origin": [8, 4.87121, 22.62707]},
			"faces": {
				"north": {"uv": [5.5, 14.25, 5.125, 14.625], "texture": "#0"},
				"east": {"uv": [13.6875, 3.125, 12.625, 3.5], "texture": "#0"},
				"south": {"uv": [5.875, 14.25, 5.5, 14.625], "texture": "#0"},
				"west": {"uv": [13.6875, 2.75, 12.625, 3.125], "texture": "#0"},
				"up": {"uv": [11.875, 13.5625, 12.25, 12.5], "texture": "#0"},
				"down": {"uv": [12.625, 3.5, 13, 4.5625], "texture": "#0"}
			}
		},
		{
			"from": [12.992, 3.80361, 9.03286],
			"to": [16.008, 6.81961, 19.04886],
			"shade": false,
			"rotation": {"angle": 22.5, "axis": "x", "origin": [8, 4.87121, 22.62707]},
			"faces": {
				"north": {"uv": [5.125, 14.25, 4.75, 14.625], "texture": "#0"},
				"east": {"uv": [13.625, 12, 12.375, 12.375], "texture": "#0"},
				"south": {"uv": [14.625, 5, 14.25, 5.375], "texture": "#0"},
				"west": {"uv": [13.625, 11.625, 12.375, 12], "texture": "#0"},
				"up": {"uv": [12.375, 13.625, 12.75, 12.375], "texture": "#0"},
				"down": {"uv": [11.5, 12.5, 11.875, 13.75], "texture": "#0"}
			}
		},
		{
			"from": [-3.45825, 14.79269, 8.303],
			"to": [0.03825, 17.53919, 15.587],
			"shade": false,
			"rotation": {"angle": 0, "axis": "y", "origin": [8, 8.7636, 11.9375]},
			"faces": {
				"north": {"uv": [14.625, 4.25, 14.9375, 4.5], "texture": "#0"},
				"east": {"uv": [6.625, 14.125, 7.25, 14.375], "texture": "#0"},
				"south": {"uv": [14.625, 4.5, 14.9375, 4.75], "texture": "#0"},
				"west": {"uv": [14.125, 6.625, 14.75, 6.875], "texture": "#0"},
				"up": {"uv": [14.1875, 4.875, 13.875, 4.25], "texture": "#0"},
				"down": {"uv": [14.1875, 4.875, 13.875, 5.5], "texture": "#0"}
			}
		},
		{
			"from": [-3.44625, 14.80999, 8.3022],
			"to": [0.02625, 17.53249, 15.5622],
			"shade": false,
			"rotation": {"angle": -45, "axis": "x", "origin": [8, 8.7636, 11.9375]},
			"faces": {
				"north": {"uv": [14.9375, 4.75, 14.625, 5], "texture": "#0"},
				"east": {"uv": [14.75, 8.25, 14.125, 8.5], "texture": "#0"},
				"south": {"uv": [5.0625, 14.625, 4.75, 14.875], "texture": "#0"},
				"west": {"uv": [14.75, 8.5, 14.125, 8.75], "texture": "#0"},
				"up": {"uv": [9.9375, 13.875, 9.625, 14.5], "texture": "#0"},
				"down": {"uv": [14.1875, 11.125, 13.875, 10.5], "texture": "#0"}
			}
		},
		{
			"from": [-3.45825, 5.1216, 3.1544],
			"to": [0.03825, 12.4056, 5.9009],
			"shade": false,
			"rotation": {"angle": 0, "axis": "y", "origin": [8, 8.7636, 11.9375]},
			"faces": {
				"north": {"uv": [14.0625, 6.25, 13.75, 6.875], "texture": "#0"},
				"east": {"uv": [0.625, 14.125, 0.375, 14.75], "texture": "#0"},
				"south": {"uv": [14.0625, 2.625, 13.75, 3.25], "texture": "#0"},
				"west": {"uv": [0.875, 14.125, 0.625, 14.75], "texture": "#0"},
				"up": {"uv": [1.1875, 14.625, 0.875, 14.875], "texture": "#0"},
				"down": {"uv": [1.5625, 14.875, 1.25, 14.625], "texture": "#0"}
			}
		},
		{
			"from": [-3.44625, 14.80999, 8.3128],
			"to": [0.02625, 17.53249, 15.5728],
			"shade": false,
			"rotation": {"angle": 45, "axis": "x", "origin": [8, 8.7636, 11.9375]},
			"faces": {
				"north": {"uv": [4.75, 14.625, 5.0625, 14.875], "texture": "#0"},
				"east": {"uv": [14.125, 8.25, 14.75, 8.5], "texture": "#0"},
				"south": {"uv": [14.625, 4.75, 14.9375, 5], "texture": "#0"},
				"west": {"uv": [14.125, 8.5, 14.75, 8.75], "texture": "#0"},
				"up": {"uv": [9.9375, 14.5, 9.625, 13.875], "texture": "#0"},
				"down": {"uv": [14.1875, 10.5, 13.875, 11.125], "texture": "#0"}
			}
		},
		{
			"from": [-3.45825, 5.1216, 17.9741],
			"to": [0.03825, 12.4056, 20.7206],
			"shade": false,
			"rotation": {"angle": 0, "axis": "y", "origin": [8, 8.7636, 11.9375]},
			"faces": {
				"north": {"uv": [13.75, 2.625, 14.0625, 3.25], "texture": "#0"},
				"east": {"uv": [0.375, 14.125, 0.625, 14.75], "texture": "#0"},
				"south": {"uv": [13.75, 6.25, 14.0625, 6.875], "texture": "#0"},
				"west": {"uv": [0.625, 14.125, 0.875, 14.75], "texture": "#0"},
				"up": {"uv": [1.1875, 14.875, 0.875, 14.625], "texture": "#0"},
				"down": {"uv": [1.5625, 14.625, 1.25, 14.875], "texture": "#0"}
			}
		},
		{
			"from": [-3.44625, -0.0053, 8.3022],
			"to": [0.02625, 2.7172, 15.5622],
			"shade": false,
			"rotation": {"angle": 45, "axis": "x", "origin": [8, 8.7636, 11.9375]},
			"faces": {
				"north": {"uv": [13.8125, 14.5, 13.5, 14.75], "texture": "#0"},
				"east": {"uv": [14.625, 13.875, 14, 14.125], "texture": "#0"},
				"south": {"uv": [9.8125, 14.5, 9.5, 14.75], "texture": "#0"},
				"west": {"uv": [14.75, 0, 14.125, 0.25], "texture": "#0"},
				"up": {"uv": [14.0625, 1.375, 13.75, 2], "texture": "#0"},
				"down": {"uv": [2.4375, 14.375, 2.125, 13.75], "texture": "#0"}
			}
		},
		{
			"from": [-3.45825, -0.012, 8.303],
			"to": [0.03825, 2.7345, 15.587],
			"shade": false,
			"rotation": {"angle": 0, "axis": "y", "origin": [8, 8.7636, 11.9375]},
			"faces": {
				"north": {"uv": [2.875, 14.5, 3.1875, 14.75], "texture": "#0"},
				"east": {"uv": [3.375, 8, 4, 8.25], "texture": "#0"},
				"south": {"uv": [14.5, 3.25, 14.8125, 3.5], "texture": "#0"},
				"west": {"uv": [14, 13.625, 14.625, 13.875], "texture": "#0"},
				"up": {"uv": [13.0625, 14.25, 12.75, 13.625], "texture": "#0"},
				"down": {"uv": [13.9375, 13.375, 13.625, 14], "texture": "#0"}
			}
		},
		{
			"from": [-3.44625, -0.0053, 8.3128],
			"to": [0.02625, 2.7172, 15.5728],
			"shade": false,
			"rotation": {"angle": -45, "axis": "x", "origin": [8, 8.7636, 11.9375]},
			"faces": {
				"north": {"uv": [9.5, 14.5, 9.8125, 14.75], "texture": "#0"},
				"east": {"uv": [14, 13.875, 14.625, 14.125], "texture": "#0"},
				"south": {"uv": [13.5, 14.5, 13.8125, 14.75], "texture": "#0"},
				"west": {"uv": [14.125, 0, 14.75, 0.25], "texture": "#0"},
				"up": {"uv": [14.0625, 2, 13.75, 1.375], "texture": "#0"},
				"down": {"uv": [2.4375, 13.75, 2.125, 14.375], "texture": "#0"}
			}
		},
		{
			"from": [-2.9925, 2.73842, 11.1679],
			"to": [-0.4275, 14.80817, 12.7089],
			"shade": false,
			"rotation": {"angle": 45, "axis": "x", "origin": [8, 8.7636, 11.9375]},
			"faces": {
				"north": {"uv": [4.375, 11, 4.5625, 12], "texture": "#0"},
				"east": {"uv": [4, 13.5, 4.1875, 14.5], "texture": "#0"},
				"south": {"uv": [10.625, 13.75, 10.8125, 14.75], "texture": "#0"},
				"west": {"uv": [10, 13.875, 10.1875, 14.875], "texture": "#0"},
				"up": {"uv": [14.8125, 9.4375, 14.625, 9.25], "texture": "#0"},
				"down": {"uv": [14.8125, 9.5, 14.625, 9.6875], "texture": "#0"}
			}
		},
		{
			"from": [-2.9925, 2.73494, 11.1745],
			"to": [-0.4275, 14.80469, 12.7155],
			"shade": false,
			"rotation": {"angle": 0, "axis": "y", "origin": [8, 8.7636, 11.9375]},
			"faces": {
				"north": {"uv": [4.375, 11, 4.5625, 12], "texture": "#0"},
				"east": {"uv": [4, 13.5, 4.1875, 14.5], "texture": "#0"},
				"south": {"uv": [10.625, 13.75, 10.8125, 14.75], "texture": "#0"},
				"west": {"uv": [10, 13.875, 10.1875, 14.875], "texture": "#0"},
				"up": {"uv": [14.8125, 9.4375, 14.625, 9.25], "texture": "#0"},
				"down": {"uv": [14.8125, 9.5, 14.625, 9.6875], "texture": "#0"}
			}
		},
		{
			"from": [-2.9925, 7.99932, 5.91013],
			"to": [-0.4275, 9.54032, 17.97988],
			"shade": false,
			"rotation": {"angle": 0, "axis": "y", "origin": [8, 8.7636, 11.9375]},
			"faces": {
				"north": {"uv": [14.625, 9.75, 14.8125, 9.9375], "texture": "#0"},
				"east": {"uv": [14, 3.625, 15, 3.8125], "texture": "#0"},
				"south": {"uv": [14.625, 10, 14.8125, 10.1875], "texture": "#0"},
				"west": {"uv": [14, 3.875, 15, 4.0625], "texture": "#0"},
				"up": {"uv": [3.5625, 15, 3.375, 14], "texture": "#0"},
				"down": {"uv": [3.8125, 14, 3.625, 15], "texture": "#0"}
			}
		},
		{
			"from": [-2.9925, 8.0028, 5.90353],
			"to": [-0.4275, 9.5438, 17.97328],
			"shade": false,
			"rotation": {"angle": 45, "axis": "x", "origin": [8, 8.7636, 11.9375]},
			"faces": {
				"north": {"uv": [14.8125, 9.4375, 14.625, 9.25], "rotation": 180, "texture": "#0"},
				"east": {"uv": [4, 13.5, 4.1875, 14.5], "rotation": 90, "texture": "#0"},
				"south": {"uv": [14.8125, 9.5, 14.625, 9.6875], "texture": "#0"},
				"west": {"uv": [10, 13.875, 10.1875, 14.875], "rotation": 270, "texture": "#0"},
				"up": {"uv": [10.625, 13.75, 10.8125, 14.75], "texture": "#0"},
				"down": {"uv": [4.375, 11, 4.5625, 12], "rotation": 180, "texture": "#0"}
			}
		},
		{
			"from": [-3.62775, 7.02247, 10.05923],
			"to": [0.20775, 10.65247, 13.68923],
			"shade": false,
			"rotation": {"angle": 45, "axis": "x", "origin": [8, 8.7636, 11.9375]},
			"faces": {
				"north": {"uv": [14.25, 9.75, 14.5625, 10.0625], "texture": "#0"},
				"east": {"uv": [14.25, 10.125, 14.5625, 10.4375], "texture": "#0"},
				"south": {"uv": [14.25, 10.5, 14.5625, 10.8125], "texture": "#0"},
				"west": {"uv": [10.875, 14.25, 11.1875, 14.5625], "texture": "#0"},
				"up": {"uv": [13.0625, 14.5625, 12.75, 14.25], "texture": "#0"},
				"down": {"uv": [14.6875, 0.5, 14.375, 0.8125], "texture": "#0"}
			}
		},
		{
			"from": [15.79225, 7.02247, 10.05923],
			"to": [19.62775, 10.65247, 13.68923],
			"shade": false,
			"rotation": {"angle": 45, "axis": "x", "origin": [8, 8.7636, 11.9375]},
			"faces": {
				"north": {"uv": [14.5625, 9.75, 14.25, 10.0625], "texture": "#0"},
				"east": {"uv": [11.1875, 14.25, 10.875, 14.5625], "texture": "#0"},
				"south": {"uv": [14.5625, 10.5, 14.25, 10.8125], "texture": "#0"},
				"west": {"uv": [14.5625, 10.125, 14.25, 10.4375], "texture": "#0"},
				"up": {"uv": [12.75, 14.5625, 13.0625, 14.25], "texture": "#0"},
				"down": {"uv": [14.375, 0.5, 14.6875, 0.8125], "texture": "#0"}
			}
		},
		{
			"from": [16.4275, 2.73494, 11.1745],
			"to": [18.9925, 14.80469, 12.7155],
			"shade": false,
			"rotation": {"angle": 0, "axis": "y", "origin": [8, 8.7636, 11.9375]},
			"faces": {
				"north": {"uv": [4.5625, 11, 4.375, 12], "texture": "#0"},
				"east": {"uv": [10.1875, 13.875, 10, 14.875], "texture": "#0"},
				"south": {"uv": [10.8125, 13.75, 10.625, 14.75], "texture": "#0"},
				"west": {"uv": [4.1875, 13.5, 4, 14.5], "texture": "#0"},
				"up": {"uv": [14.625, 9.4375, 14.8125, 9.25], "texture": "#0"},
				"down": {"uv": [14.625, 9.5, 14.8125, 9.6875], "texture": "#0"}
			}
		},
		{
			"from": [15.97375, 14.80999, 8.3128],
			"to": [19.44625, 17.53249, 15.5728],
			"shade": false,
			"rotation": {"angle": 45, "axis": "x", "origin": [8, 8.7636, 11.9375]},
			"faces": {
				"north": {"uv": [5.0625, 14.625, 4.75, 14.875], "texture": "#0"},
				"east": {"uv": [14.75, 8.5, 14.125, 8.75], "texture": "#0"},
				"south": {"uv": [14.9375, 4.75, 14.625, 5], "texture": "#0"},
				"west": {"uv": [14.75, 8.25, 14.125, 8.5], "texture": "#0"},
				"up": {"uv": [9.625, 14.5, 9.9375, 13.875], "texture": "#0"},
				"down": {"uv": [13.875, 10.5, 14.1875, 11.125], "texture": "#0"}
			}
		},
		{
			"from": [15.96175, 5.1216, 17.9741],
			"to": [19.45825, 12.4056, 20.7206],
			"shade": false,
			"rotation": {"angle": 0, "axis": "y", "origin": [8, 8.7636, 11.9375]},
			"faces": {
				"north": {"uv": [14.0625, 2.625, 13.75, 3.25], "texture": "#0"},
				"east": {"uv": [0.875, 14.125, 0.625, 14.75], "texture": "#0"},
				"south": {"uv": [14.0625, 6.25, 13.75, 6.875], "texture": "#0"},
				"west": {"uv": [0.625, 14.125, 0.375, 14.75], "texture": "#0"},
				"up": {"uv": [0.875, 14.875, 1.1875, 14.625], "texture": "#0"},
				"down": {"uv": [1.25, 14.625, 1.5625, 14.875], "texture": "#0"}
			}
		},
		{
			"from": [15.97375, -0.0053, 8.3128],
			"to": [19.44625, 2.7172, 15.5728],
			"shade": false,
			"rotation": {"angle": -45, "axis": "x", "origin": [8, 8.7636, 11.9375]},
			"faces": {
				"north": {"uv": [9.8125, 14.5, 9.5, 14.75], "texture": "#0"},
				"east": {"uv": [14.75, 0, 14.125, 0.25], "texture": "#0"},
				"south": {"uv": [13.8125, 14.5, 13.5, 14.75], "texture": "#0"},
				"west": {"uv": [14.625, 13.875, 14, 14.125], "texture": "#0"},
				"up": {"uv": [13.75, 2, 14.0625, 1.375], "texture": "#0"},
				"down": {"uv": [2.125, 13.75, 2.4375, 14.375], "texture": "#0"}
			}
		},
		{
			"from": [15.96175, -0.012, 8.303],
			"to": [19.45825, 2.7345, 15.587],
			"shade": false,
			"rotation": {"angle": 0, "axis": "y", "origin": [8, 8.7636, 11.9375]},
			"faces": {
				"north": {"uv": [3.1875, 14.5, 2.875, 14.75], "texture": "#0"},
				"east": {"uv": [14.625, 13.625, 14, 13.875], "texture": "#0"},
				"south": {"uv": [14.8125, 3.25, 14.5, 3.5], "texture": "#0"},
				"west": {"uv": [4, 8, 3.375, 8.25], "texture": "#0"},
				"up": {"uv": [12.75, 14.25, 13.0625, 13.625], "texture": "#0"},
				"down": {"uv": [13.625, 13.375, 13.9375, 14], "texture": "#0"}
			}
		},
		{
			"from": [15.97375, -0.0053, 8.3022],
			"to": [19.44625, 2.7172, 15.5622],
			"shade": false,
			"rotation": {"angle": 45, "axis": "x", "origin": [8, 8.7636, 11.9375]},
			"faces": {
				"north": {"uv": [13.5, 14.5, 13.8125, 14.75], "texture": "#0"},
				"east": {"uv": [14.125, 0, 14.75, 0.25], "texture": "#0"},
				"south": {"uv": [9.5, 14.5, 9.8125, 14.75], "texture": "#0"},
				"west": {"uv": [14, 13.875, 14.625, 14.125], "texture": "#0"},
				"up": {"uv": [13.75, 1.375, 14.0625, 2], "texture": "#0"},
				"down": {"uv": [2.125, 14.375, 2.4375, 13.75], "texture": "#0"}
			}
		},
		{
			"from": [15.96175, 5.1216, 3.1544],
			"to": [19.45825, 12.4056, 5.9009],
			"shade": false,
			"rotation": {"angle": 0, "axis": "y", "origin": [8, 8.7636, 11.9375]},
			"faces": {
				"north": {"uv": [13.75, 6.25, 14.0625, 6.875], "texture": "#0"},
				"east": {"uv": [0.625, 14.125, 0.875, 14.75], "texture": "#0"},
				"south": {"uv": [13.75, 2.625, 14.0625, 3.25], "texture": "#0"},
				"west": {"uv": [0.375, 14.125, 0.625, 14.75], "texture": "#0"},
				"up": {"uv": [0.875, 14.625, 1.1875, 14.875], "texture": "#0"},
				"down": {"uv": [1.25, 14.875, 1.5625, 14.625], "texture": "#0"}
			}
		},
		{
			"from": [15.97375, 14.80999, 8.3022],
			"to": [19.44625, 17.53249, 15.5622],
			"shade": false,
			"rotation": {"angle": -45, "axis": "x", "origin": [8, 8.7636, 11.9375]},
			"faces": {
				"north": {"uv": [14.625, 4.75, 14.9375, 5], "texture": "#0"},
				"east": {"uv": [14.125, 8.5, 14.75, 8.75], "texture": "#0"},
				"south": {"uv": [4.75, 14.625, 5.0625, 14.875], "texture": "#0"},
				"west": {"uv": [14.125, 8.25, 14.75, 8.5], "texture": "#0"},
				"up": {"uv": [9.625, 13.875, 9.9375, 14.5], "texture": "#0"},
				"down": {"uv": [13.875, 11.125, 14.1875, 10.5], "texture": "#0"}
			}
		},
		{
			"from": [15.96175, 14.79269, 8.303],
			"to": [19.45825, 17.53919, 15.587],
			"shade": false,
			"rotation": {"angle": 0, "axis": "y", "origin": [8, 8.7636, 11.9375]},
			"faces": {
				"north": {"uv": [14.9375, 4.25, 14.625, 4.5], "texture": "#0"},
				"east": {"uv": [14.75, 6.625, 14.125, 6.875], "texture": "#0"},
				"south": {"uv": [14.9375, 4.5, 14.625, 4.75], "texture": "#0"},
				"west": {"uv": [7.25, 14.125, 6.625, 14.375], "texture": "#0"},
				"up": {"uv": [13.875, 4.875, 14.1875, 4.25], "texture": "#0"},
				"down": {"uv": [13.875, 4.875, 14.1875, 5.5], "texture": "#0"}
			}
		},
		{
			"from": [16.4275, 2.73842, 11.1679],
			"to": [18.9925, 14.80817, 12.7089],
			"shade": false,
			"rotation": {"angle": 45, "axis": "x", "origin": [8, 8.7636, 11.9375]},
			"faces": {
				"north": {"uv": [4.5625, 11, 4.375, 12], "texture": "#0"},
				"east": {"uv": [10.1875, 13.875, 10, 14.875], "texture": "#0"},
				"south": {"uv": [10.8125, 13.75, 10.625, 14.75], "texture": "#0"},
				"west": {"uv": [4.1875, 13.5, 4, 14.5], "texture": "#0"},
				"up": {"uv": [14.625, 9.4375, 14.8125, 9.25], "texture": "#0"},
				"down": {"uv": [14.625, 9.5, 14.8125, 9.6875], "texture": "#0"}
			}
		},
		{
			"from": [16.4275, 7.99932, 5.91013],
			"to": [18.9925, 9.54032, 17.97988],
			"shade": false,
			"rotation": {"angle": 0, "axis": "y", "origin": [8, 8.7636, 11.9375]},
			"faces": {
				"north": {"uv": [14.8125, 9.75, 14.625, 9.9375], "texture": "#0"},
				"east": {"uv": [15, 3.875, 14, 4.0625], "texture": "#0"},
				"south": {"uv": [14.8125, 10, 14.625, 10.1875], "texture": "#0"},
				"west": {"uv": [15, 3.625, 14, 3.8125], "texture": "#0"},
				"up": {"uv": [3.375, 15, 3.5625, 14], "texture": "#0"},
				"down": {"uv": [3.625, 14, 3.8125, 15], "texture": "#0"}
			}
		},
		{
			"from": [16.4275, 8.0028, 5.90353],
			"to": [18.9925, 9.5438, 17.97328],
			"shade": false,
			"rotation": {"angle": 45, "axis": "x", "origin": [8, 8.7636, 11.9375]},
			"faces": {
				"north": {"uv": [14.625, 9.4375, 14.8125, 9.25], "rotation": 180, "texture": "#0"},
				"east": {"uv": [10, 14.875, 10.1875, 13.875], "rotation": 270, "texture": "#0"},
				"south": {"uv": [14.625, 9.5, 14.8125, 9.6875], "texture": "#0"},
				"west": {"uv": [4, 14.5, 4.1875, 13.5], "rotation": 90, "texture": "#0"},
				"up": {"uv": [10.8125, 13.75, 10.625, 14.75], "texture": "#0"},
				"down": {"uv": [4.5625, 11, 4.375, 12], "rotation": 180, "texture": "#0"}
			}
		}
	],
	"gui_light": "front",
	"display": {
		"thirdperson_righthand": {
			"scale": [0.36, 0.36, 0.36]
		},
		"thirdperson_lefthand": {
			"scale": [0.36, 0.36, 0.36]
		},
		"firstperson_righthand": {
			"scale": [0.4, 0.4, 0.4]
		},
		"firstperson_lefthand": {
			"scale": [0.4, 0.4, 0.4]
		},
		"ground": {
			"scale": [0.4, 0.4, 0.4]
		},
		"gui": {
			"rotation": [-155, 45, -180],
			"translation": [0, -1.75, 0],
			"scale": [0.49, 0.49, 0.49]
		},
		"head": {
			"translation": [0, -29, 0],
			"scale": [1.86, 1.86, 1.86]
		},
		"fixed": {
			"rotation": [180, -90, 180],
			"translation": [0, -3.5, -6.75]
		}
	},
	"groups": [
		{
			"name": "tnt_cannon",
			"origin": [1.5, 1.30352, 27.25732],
			"color": 0,
			"shade": false,
			"children": [
				{
					"name": "cannon",
					"origin": [7, 13, 11],
					"color": 0,
					"shade": false,
					"children": [0, 1, 2, 3, 4, 5, 6, 7, 8, 9, 10, 11]
				},
				{
					"name": "body",
					"origin": [14.5, 9.25, 11.9],
					"color": 0,
					"shade": false,
					"children": [12, 13, 14, 15, 16, 17, 18]
				},
				{
					"name": "wheel",
					"origin": [17.71, 8.76982, 11.945],
					"color": 0,
					"shade": false,
					"children": [19, 20, 21, 22, 23, 24, 25, 26, 27, 28, 29, 30, 31, 32, 33, 34, 35, 36, 37, 38, 39, 40, 41, 42, 43, 44]
				}
			]
		}
	]
}