{
    "display": {
        "thirdperson_righthand": {
            "rotation": [
                0,
                90,
                0
            ],
            "translation": [
                10,
                6,
                -4
            ],
            "scale": [
                1,
                1,
                1
            ]
        },
        "thirdperson_lefthand": {
            "rotation": [
                0,
                90,
                0
            ],
            "translation": [
                10,
                6,
                12
            ],
            "scale": [
                1,
                1,
                1
            ]
        },
        "firstperson_righthand": {
            "rotation": [
                0,
                180,
                5
            ],
            "translation": [
                -10,
                0,
                -10
            ],
            "scale": [
                1.25,
                1.25,
                1.25
            ]
        },
        "firstperson_lefthand": {
            "rotation": [
                0,
                180,
                5
            ],
            "translation": [
                10,
                -2,
                -10
            ],
            "scale": [
                1.25,
                1.25,
                1.25
            ]
        },
        "gui": {
            "rotation": [
                15,
                -25,
                -5
            ],
            "translation": [
                2,
                3,
                0
            ],
            "scale": [
                0.65,
                0.65,
                0.65
            ]
        },
        "fixed": {
            "rotation": [
                0,
                180,
                0
            ],
            "translation": [
                -4.5,
                4.5,
                -5
            ],
            "scale": [
                0.55,
                0.55,
                0.55
            ]
        },
        "ground": {
            "rotation": [
                0,
                0,
                0
            ],
            "translation": [
                2,
                4,
                2
            ],
            "scale": [
                0.25,
                0.25,
                0.25
            ]
        }
    },
    "gui_light": "front",
    "overrides": [
        {
            "model": "item/shield_blocking",
            "predicate": {
                "blocking": 1
            }
        },
        {
            "model": "lifesteal/lifesteal_shield",
            "predicate": {
                "custom_model_data": 1
            }
        },
        {
            "model": "lifesteal/lifesteal_shield_blocking",
            "predicate": {
                "blocking": 1,
                "custom_model_data": 1
            }
        },
        {
            "model": "tempest/tempest_shield",
            "predicate": {
                "custom_model_data": 2
            }
        },
        {
            "model": "tempest/tempest_shield_blocking",
            "predicate": {
                "blocking": 1,
                "custom_model_data": 2
            }
        },
        {
            "model": "christmas/christmas_shield",
            "predicate": {
                "custom_model_data": 3
            }
        },
        {
            "model": "christmas/christmas_shield_blocking",
            "predicate": {
                "blocking": 1,
                "custom_model_data": 3
            }
        },
        {
            "model": "void/void_shield",
            "predicate": {
                "custom_model_data": 4
            }
        },
        {
            "model": "void/void_shield_blocking",
            "predicate": {
                "blocking": 1,
                "custom_model_data": 4
            }
        },
        {
            "model": "magma/magma_shield",
            "predicate": {
                "custom_model_data": 5
            }
        },
        {
            "model": "magma/magma_shield_blocking",
            "predicate": {
                "blocking": 1,
                "custom_model_data": 5
            }
        },
        {
            "model": "chinese/chinese_dragon_shield",
            "predicate": {
                "custom_model_data": 6
            }
        },
        {
            "model": "chinese/chinese_dragon_shield_blocking",
            "predicate": {
                "blocking": 1,
                "custom_model_data": 6
            }
        },
        {
            "model": "valentine/valentine_shield",
            "predicate": {
                "custom_model_data": 7
            }
        },
        {
            "model": "valentine/valentine_shield_blocking",
            "predicate": {
                "blocking": 1,
                "custom_model_data": 7
            }
        },
        {
            "model": "firework/firework_shield",
            "predicate": {
                "custom_model_data": 8
            }
        },
        {
            "model": "firework/firework_shield_blocking",
            "predicate": {
                "blocking": 1,
                "custom_model_data": 8
            }
        },
        {
            "model": "easter/easter_shield",
            "predicate": {
                "custom_model_data": 9
            }
        },
        {
            "model": "easter/easter_shield_blocking",
            "predicate": {
                "blocking": 1,
                "custom_model_data": 9
            }
        },
        {
            "model": "samurai/samurai_shield",
            "predicate": {
                "custom_model_data": 10
            }
        },
        {
            "model": "samurai/samurai_shield_blocking",
            "predicate": {
                "blocking": 1,
                "custom_model_data": 10
            }
        },
        {
            "model": "swashbuckler/swashbuckler_shield",
            "predicate": {
                "custom_model_data": 11
            }
        },
        {
            "model": "swashbuckler/swashbuckler_shield_blocking",
            "predicate": {
                "blocking": 1,
                "custom_model_data": 11
            }
        },
        {
            "model": "heart/heart_shield",
            "predicate": {
                "custom_model_data": 12
            }
        },
        {
            "model": "heart/heart_shield_blocking",
            "predicate": {
                "blocking": 1,
                "custom_model_data": 12
            }
        },
        {
            "model": "harvest/harvest_shield",
            "predicate": {
                "custom_model_data": 13
            }
        },
        {
            "model": "harvest/harvest_shield_blocking",
            "predicate": {
                "blocking": 1,
                "custom_model_data": 13
            }
        },
        {
            "model": "fire/fire_shield",
            "predicate": {
                "custom_model_data": 14
            }
        },
        {
            "model": "fire/fire_shield_blocking",
            "predicate": {
                "blocking": 1,
                "custom_model_data": 14
            }
        },
        {
            "model": "lightning/lightning_shield",
            "predicate": {
                "custom_model_data": 15
            }
        },
        {
            "model": "lightning/lightning_shield_blocking",
            "predicate": {
                "blocking": 1,
                "custom_model_data": 15
            }
        }
    ],
    "parent": "builtin/entity",
    "textures": {
        "particle": "block/dark_oak_planks"
    }
}