{
  "credit": "Made with Blockbench",
  "texture_size": [
    12,
    12
  ],
  "textures": {
    "1": "item/demon/demon_ef2_long",
    "3": "item/demon/demon_shield",
    "particle": "item/demon/demon_ef2_long"
  },
  "elements": [
    {
      "from": [
        5.30607,
        5.05,
        9.19393
      ],
      "to": [
        6.80607,
        5.55,
        10.69393
      ],
      "rotation": {
        "angle": 45,
        "axis": "y",
        "origin": [
          8,
          8,
          8
        ]
      },
      "faces": {
        "north": {
          "uv": [
            13,
            7.5,
            13.75,
            7.75
          ],
          "texture": "#3"
        },
        "east": {
          "uv": [
            13,
            6,
            13.75,
            6.25
          ],
          "texture": "#3"
        },
        "south": {
          "uv": [
            13,
            6.5,
            13.75,
            6.75
          ],
          "texture": "#3"
        },
        "west": {
          "uv": [
            7.5,
            13,
            8.25,
            13.25
          ],
          "texture": "#3"
        },
        "up": {
          "uv": [
            11.25,
            8.75,
            10.5,
            8
          ],
          "rotation": 90,
          "texture": "#3"
        },
        "down": {
          "uv": [
            9.25,
            10.5,
            8.5,
            11.25
          ],
          "rotation": 270,
          "texture": "#3"
        }
      }
    },
    {
      "from": [
        5.30607,
        5.8,
        9.19393
      ],
      "to": [
        6.80607,
        6.3,
        10.69393
      ],
      "rotation": {
        "angle": 45,
        "axis": "y",
        "origin": [
          8,
          8,
          8
        ]
      },
      "faces": {
        "north": {
          "uv": [
            13,
            9,
            13.75,
            9.25
          ],
          "texture": "#3"
        },
        "east": {
          "uv": [
            13,
            8,
            13.75,
            8.25
          ],
          "texture": "#3"
        },
        "south": {
          "uv": [
            8.5,
            13,
            9.25,
            13.25
          ],
          "texture": "#3"
        },
        "west": {
          "uv": [
            13,
            8.5,
            13.75,
            8.75
          ],
          "texture": "#3"
        },
        "up": {
          "uv": [
            11.25,
            9.75,
            10.5,
            9
          ],
          "rotation": 90,
          "texture": "#3"
        },
        "down": {
          "uv": [
            11.25,
            10,
            10.5,
            10.75
          ],
          "rotation": 270,
          "texture": "#3"
        }
      }
    },
    {
      "from": [
        5.30607,
        10.45,
        9.19393
      ],
      "to": [
        6.80607,
        10.95,
        10.69393
      ],
      "rotation": {
        "angle": 45,
        "axis": "y",
        "origin": [
          8,
          8,
          8
        ]
      },
      "faces": {
        "north": {
          "uv": [
            13,
            13,
            13.75,
            13.25
          ],
          "texture": "#3"
        },
        "east": {
          "uv": [
            12,
            13,
            12.75,
            13.25
          ],
          "texture": "#3"
        },
        "south": {
          "uv": [
            13,
            12,
            13.75,
            12.25
          ],
          "texture": "#3"
        },
        "west": {
          "uv": [
            13,
            12.5,
            13.75,
            12.75
          ],
          "texture": "#3"
        },
        "up": {
          "uv": [
            12.25,
            9.75,
            11.5,
            9
          ],
          "rotation": 90,
          "texture": "#3"
        },
        "down": {
          "uv": [
            10.25,
            11.5,
            9.5,
            12.25
          ],
          "rotation": 270,
          "texture": "#3"
        }
      }
    },
    {
      "from": [
        5.30607,
        9.7,
        9.19393
      ],
      "to": [
        6.80607,
        10.2,
        10.69393
      ],
      "rotation": {
        "angle": 45,
        "axis": "y",
        "origin": [
          8,
          8,
          8
        ]
      },
      "faces": {
        "north": {
          "uv": [
            1,
            13.5,
            1.75,
            13.75
          ],
          "texture": "#3"
        },
        "east": {
          "uv": [
            0,
            13.5,
            0.75,
            13.75
          ],
          "texture": "#3"
        },
        "south": {
          "uv": [
            13.5,
            0,
            14.25,
            0.25
          ],
          "texture": "#3"
        },
        "west": {
          "uv": [
            13.5,
            0.5,
            14.25,
            0.75
          ],
          "texture": "#3"
        },
        "up": {
          "uv": [
            12.25,
            10.75,
            11.5,
            10
          ],
          "rotation": 90,
          "texture": "#3"
        },
        "down": {
          "uv": [
            12.75,
            0,
            12,
            0.75
          ],
          "rotation": 270,
          "texture": "#3"
        }
      }
    },
    {
      "from": [
        9.91734,
        4.48266,
        9.99913
      ],
      "to": [
        11.51734,
        6.08266,
        11.49913
      ],
      "rotation": {
        "angle": -45,
        "axis": "z",
        "origin": [
          8,
          8,
          8
        ]
      },
      "faces": {
        "north": {
          "uv": [
            11,
            3,
            11.75,
            3.75
          ],
          "texture": "#3"
        },
        "east": {
          "uv": [
            11,
            0,
            11.75,
            0.75
          ],
          "texture": "#3"
        },
        "south": {
          "uv": [
            11,
            1,
            11.75,
            1.75
          ],
          "texture": "#3"
        },
        "west": {
          "uv": [
            11,
            2,
            11.75,
            2.75
          ],
          "texture": "#3"
        },
        "up": {
          "uv": [
            11.75,
            4.75,
            11,
            4
          ],
          "rotation": 90,
          "texture": "#3"
        },
        "down": {
          "uv": [
            5.75,
            11,
            5,
            11.75
          ],
          "rotation": 270,
          "texture": "#3"
        }
      }
    },
    {
      "from": [
        10.16734,
        4.73266,
        9.74913
      ],
      "to": [
        11.26734,
        5.83266,
        11.74913
      ],
      "rotation": {
        "angle": -45,
        "axis": "z",
        "origin": [
          8,
          8,
          8
        ]
      },
      "faces": {
        "north": {
          "uv": [
            9,
            8,
            9.5,
            8.5
          ],
          "texture": "#3"
        },
        "east": {
          "uv": [
            6,
            5,
            7,
            5.5
          ],
          "texture": "#3"
        },
        "south": {
          "uv": [
            8.5,
            7.5,
            9,
            8
          ],
          "texture": "#3"
        },
        "west": {
          "uv": [
            9,
            4.5,
            10,
            5
          ],
          "texture": "#3"
        },
        "up": {
          "uv": [
            6,
            12.5,
            5,
            12
          ],
          "rotation": 90,
          "texture": "#3"
        },
        "down": {
          "uv": [
            13,
            5,
            12,
            5.5
          ],
          "rotation": 270,
          "texture": "#3"
        }
      }
    },
    {
      "from": [
        2.60265,
        10.79735,
        5.64913
      ],
      "to": [
        5.20265,
        13.39735,
        7.14913
      ],
      "rotation": {
        "angle": -45,
        "axis": "z",
        "origin": [
          8,
          8,
          8
        ]
      },
      "faces": {
        "north": {
          "uv": [
            7,
            6.5,
            8.25,
            7.75
          ],
          "texture": "#3"
        },
        "east": {
          "uv": [
            9,
            0,
            9.75,
            1.25
          ],
          "texture": "#3"
        },
        "south": {
          "uv": [
            7,
            5,
            8.25,
            6.25
          ],
          "texture": "#3"
        },
        "west": {
          "uv": [
            9,
            1.5,
            9.75,
            2.75
          ],
          "texture": "#3"
        },
        "up": {
          "uv": [
            9.75,
            4.25,
            9,
            3
          ],
          "rotation": 90,
          "texture": "#3"
        },
        "down": {
          "uv": [
            9.75,
            5.5,
            9,
            6.75
          ],
          "rotation": 270,
          "texture": "#3"
        }
      }
    },
    {
      "from": [
        3.10265,
        11.29735,
        5.39913
      ],
      "to": [
        4.70265,
        12.89735,
        7.39913
      ],
      "rotation": {
        "angle": -45,
        "axis": "z",
        "origin": [
          8,
          8,
          8
        ]
      },
      "faces": {
        "north": {
          "uv": [
            11,
            6,
            11.75,
            6.75
          ],
          "texture": "#3"
        },
        "east": {
          "uv": [
            9.5,
            8,
            10.5,
            8.75
          ],
          "texture": "#3"
        },
        "south": {
          "uv": [
            11,
            5,
            11.75,
            5.75
          ],
          "texture": "#3"
        },
        "west": {
          "uv": [
            8.5,
            9.5,
            9.5,
            10.25
          ],
          "texture": "#3"
        },
        "up": {
          "uv": [
            10.5,
            9.75,
            9.5,
            9
          ],
          "rotation": 90,
          "texture": "#3"
        },
        "down": {
          "uv": [
            11,
            0,
            10,
            0.75
          ],
          "rotation": 270,
          "texture": "#3"
        }
      }
    },
    {
      "from": [
        5.65608,
        6.55,
        9.54392
      ],
      "to": [
        6.45608,
        9.45,
        10.34392
      ],
      "rotation": {
        "angle": 45,
        "axis": "y",
        "origin": [
          8,
          8,
          8
        ]
      },
      "faces": {
        "north": {
          "uv": [
            10.5,
            11,
            10.875,
            12.5
          ],
          "texture": "#3"
        },
        "east": {
          "uv": [
            6,
            11,
            6.375,
            12.5
          ],
          "texture": "#3"
        },
        "south": {
          "uv": [
            7.5,
            11,
            7.875,
            12.5
          ],
          "texture": "#3"
        },
        "west": {
          "uv": [
            8,
            11,
            8.375,
            12.5
          ],
          "texture": "#3"
        }
      }
    },
    {
      "from": [
        4.88266,
        10.31734,
        6.84913
      ],
      "to": [
        5.68266,
        11.11734,
        9.74913
      ],
      "rotation": {
        "angle": -45,
        "axis": "z",
        "origin": [
          8,
          8,
          8
        ]
      },
      "faces": {
        "east": {
          "uv": [
            6,
            11,
            6.375,
            12.5
          ],
          "rotation": 90,
          "texture": "#3"
        },
        "west": {
          "uv": [
            8,
            11,
            8.375,
            12.5
          ],
          "rotation": 270,
          "texture": "#3"
        },
        "up": {
          "uv": [
            7.5,
            11,
            7.875,
            12.5
          ],
          "texture": "#3"
        },
        "down": {
          "uv": [
            10.5,
            11,
            10.875,
            12.5
          ],
          "rotation": 180,
          "texture": "#3"
        }
      }
    },
    {
      "from": [
        4.88266,
        4.88266,
        6.84913
      ],
      "to": [
        5.68266,
        5.68266,
        9.74913
      ],
      "rotation": {
        "angle": 45,
        "axis": "z",
        "origin": [
          8,
          8,
          8
        ]
      },
      "faces": {
        "east": {
          "uv": [
            6.375,
            11,
            6,
            12.5
          ],
          "rotation": 90,
          "texture": "#3"
        },
        "west": {
          "uv": [
            8.375,
            11,
            8,
            12.5
          ],
          "rotation": 270,
          "texture": "#3"
        },
        "up": {
          "uv": [
            10.875,
            11,
            10.5,
            12.5
          ],
          "texture": "#3"
        },
        "down": {
          "uv": [
            7.875,
            11,
            7.5,
            12.5
          ],
          "rotation": 180,
          "texture": "#3"
        }
      }
    },
    {
      "from": [
        5.55608,
        4.55,
        9.44392
      ],
      "to": [
        6.55608,
        6.55,
        10.44392
      ],
      "rotation": {
        "angle": 45,
        "axis": "y",
        "origin": [
          8,
          8,
          8
        ]
      },
      "faces": {
        "north": {
          "uv": [
            0.5,
            14.125,
            1,
            15.125
          ],
          "texture": "#3"
        },
        "east": {
          "uv": [
            11.5,
            12,
            12,
            13
          ],
          "texture": "#3"
        },
        "south": {
          "uv": [
            12,
            12,
            12.5,
            13
          ],
          "texture": "#3"
        },
        "west": {
          "uv": [
            0,
            14.125,
            0.5,
            15.125
          ],
          "texture": "#3"
        },
        "up": {
          "uv": [
            10.5,
            13,
            10,
            12.5
          ],
          "rotation": 90,
          "texture": "#3"
        },
        "down": {
          "uv": [
            13,
            10,
            12.5,
            10.5
          ],
          "rotation": 270,
          "texture": "#3"
        }
      }
    },
    {
      "from": [
        6,
        12.72934,
        10.46536
      ],
      "to": [
        10,
        13.72934,
        11.46536
      ],
      "rotation": {
        "angle": -45,
        "axis": "x",
        "origin": [
          8,
          8,
          8
        ]
      },
      "faces": {
        "north": {
          "uv": [
            8.5,
            5,
            10.5,
            5.5
          ],
          "texture": "#3"
        },
        "east": {
          "uv": [
            5,
            10.5,
            5.5,
            11
          ],
          "texture": "#3"
        },
        "south": {
          "uv": [
            7,
            8,
            9,
            8.5
          ],
          "texture": "#3"
        },
        "west": {
          "uv": [
            10.5,
            5,
            11,
            5.5
          ],
          "texture": "#3"
        },
        "up": {
          "uv": [
            9,
            7.5,
            8.5,
            5.5
          ],
          "rotation": 90,
          "texture": "#3"
        },
        "down": {
          "uv": [
            7.5,
            8.5,
            7,
            10.5
          ],
          "rotation": 270,
          "texture": "#3"
        }
      }
    },
    {
      "from": [
        11.4,
        12.72934,
        10.46536
      ],
      "to": [
        12.4,
        13.72934,
        11.46536
      ],
      "rotation": {
        "angle": -45,
        "axis": "x",
        "origin": [
          8,
          8,
          8
        ]
      },
      "faces": {
        "north": {
          "uv": [
            8,
            12.5,
            8.5,
            13
          ],
          "texture": "#3"
        },
        "east": {
          "uv": [
            12,
            6.5,
            12.5,
            7
          ],
          "texture": "#3"
        },
        "south": {
          "uv": [
            7.5,
            12.5,
            8,
            13
          ],
          "texture": "#3"
        },
        "west": {
          "uv": [
            12.5,
            7.5,
            13,
            8
          ],
          "texture": "#3"
        },
        "up": {
          "uv": [
            13,
            8.5,
            12.5,
            8
          ],
          "rotation": 90,
          "texture": "#3"
        },
        "down": {
          "uv": [
            9,
            12.5,
            8.5,
            13
          ],
          "rotation": 270,
          "texture": "#3"
        }
      }
    },
    {
      "from": [
        10,
        12.92934,
        10.66536
      ],
      "to": [
        11.4,
        13.52934,
        11.26536
      ],
      "rotation": {
        "angle": -45,
        "axis": "x",
        "origin": [
          8,
          8,
          8
        ]
      },
      "faces": {
        "north": {
          "uv": [
            13,
            9.5,
            13.75,
            9.75
          ],
          "texture": "#3"
        },
        "south": {
          "uv": [
            9.5,
            13,
            10.25,
            13.25
          ],
          "texture": "#3"
        },
        "up": {
          "uv": [
            13.25,
            10.75,
            13,
            10
          ],
          "rotation": 90,
          "texture": "#3"
        },
        "down": {
          "uv": [
            10.75,
            13,
            10.5,
            13.75
          ],
          "rotation": 270,
          "texture": "#3"
        }
      }
    },
    {
      "from": [
        12.4,
        10.59036,
        2.75567
      ],
      "to": [
        13.9,
        11.34036,
        2.78567
      ],
      "rotation": {
        "angle": 45,
        "axis": "x",
        "origin": [
          8,
          8,
          8
        ]
      },
      "faces": {
        "north": {
          "uv": [
            12.5,
            7,
            13.25,
            7.375
          ],
          "texture": "#3"
        },
        "south": {
          "uv": [
            13.25,
            7,
            12.5,
            7.375
          ],
          "texture": "#3"
        }
      }
    },
    {
      "from": [
        12.4,
        12.85433,
        10.95036
      ],
      "to": [
        13.9,
        13.60433,
        10.98036
      ],
      "rotation": {
        "angle": -45,
        "axis": "x",
        "origin": [
          8,
          8,
          8
        ]
      },
      "faces": {
        "north": {
          "uv": [
            12.5,
            7,
            13.25,
            7.375
          ],
          "texture": "#3"
        },
        "south": {
          "uv": [
            13.25,
            7,
            12.5,
            7.375
          ],
          "texture": "#3"
        }
      }
    },
    {
      "from": [
        6.04182,
        14.02207,
        6.02413
      ],
      "to": [
        7.29182,
        15.27207,
        6.77413
      ],
      "rotation": {
        "angle": -22.5,
        "axis": "z",
        "origin": [
          8,
          8,
          8
        ]
      },
      "faces": {
        "north": {
          "uv": [
            12.5,
            2,
            13.125,
            2.625
          ],
          "texture": "#3"
        },
        "east": {
          "uv": [
            13,
            0,
            13.375,
            0.625
          ],
          "texture": "#3"
        },
        "south": {
          "uv": [
            2,
            14.125,
            2.625,
            14.75
          ],
          "texture": "#3"
        },
        "up": {
          "uv": [
            3.375,
            13.625,
            3,
            13
          ],
          "rotation": 90,
          "texture": "#3"
        }
      }
    },
    {
      "from": [
        8.70818,
        14.02207,
        6.02413
      ],
      "to": [
        9.95818,
        15.27207,
        6.77413
      ],
      "rotation": {
        "angle": 22.5,
        "axis": "z",
        "origin": [
          8,
          8,
          8
        ]
      },
      "faces": {
        "north": {
          "uv": [
            4,
            12.5,
            4.625,
            13.125
          ],
          "texture": "#3"
        },
        "south": {
          "uv": [
            12.5,
            3,
            13.125,
            3.625
          ],
          "texture": "#3"
        },
        "west": {
          "uv": [
            3.5,
            13,
            3.875,
            13.625
          ],
          "texture": "#3"
        },
        "up": {
          "uv": [
            13.375,
            5.625,
            13,
            5
          ],
          "rotation": 90,
          "texture": "#3"
        }
      }
    },
    {
      "from": [
        6.61584,
        12.63625,
        5.77413
      ],
      "to": [
        9.11584,
        13.88625,
        7.02413
      ],
      "rotation": {
        "angle": -22.5,
        "axis": "z",
        "origin": [
          8,
          8,
          8
        ]
      },
      "faces": {
        "north": {
          "uv": [
            4,
            9.5,
            5.25,
            10.125
          ],
          "texture": "#3"
        },
        "south": {
          "uv": [
            9,
            7,
            10.25,
            7.625
          ],
          "texture": "#3"
        },
        "up": {
          "uv": [
            6.125,
            10.75,
            5.5,
            9.5
          ],
          "rotation": 90,
          "texture": "#3"
        },
        "down": {
          "uv": [
            8.125,
            9.5,
            7.5,
            10.75
          ],
          "rotation": 270,
          "texture": "#3"
        }
      }
    },
    {
      "from": [
        12.06734,
        10.4893,
        5.77363
      ],
      "to": [
        13.31734,
        12.4893,
        7.02463
      ],
      "rotation": {
        "angle": 22.5,
        "axis": "z",
        "origin": [
          8,
          8,
          8
        ]
      },
      "faces": {
        "north": {
          "uv": [
            10.5,
            7,
            11.125,
            8
          ],
          "texture": "#3"
        },
        "east": {
          "uv": [
            10,
            4,
            10.625,
            5
          ],
          "texture": "#3"
        },
        "south": {
          "uv": [
            4,
            10.5,
            4.625,
            11.5
          ],
          "texture": "#3"
        },
        "west": {
          "uv": [
            6.5,
            10.5,
            7.125,
            11.5
          ],
          "texture": "#3"
        },
        "up": {
          "uv": [
            13.125,
            4.625,
            12.5,
            4
          ],
          "rotation": 90,
          "texture": "#3"
        },
        "down": {
          "uv": [
            5.625,
            12.5,
            5,
            13.125
          ],
          "rotation": 270,
          "texture": "#3"
        }
      }
    },
    {
      "from": [
        10.11568,
        13.67936,
        5.91143
      ],
      "to": [
        11.09068,
        14.79436,
        6.88682
      ],
      "rotation": {
        "angle": 0,
        "axis": "y",
        "origin": [
          8,
          8,
          8
        ]
      },
      "faces": {
        "north": {
          "uv": [
            9.5,
            12.5,
            10,
            13
          ],
          "texture": "#3"
        },
        "east": {
          "uv": [
            12.5,
            8.5,
            13,
            9
          ],
          "texture": "#3"
        },
        "south": {
          "uv": [
            9,
            12.5,
            9.5,
            13
          ],
          "texture": "#3"
        },
        "west": {
          "uv": [
            12.5,
            9,
            13,
            9.5
          ],
          "texture": "#3"
        },
        "up": {
          "uv": [
            13,
            10,
            12.5,
            9.5
          ],
          "rotation": 90,
          "texture": "#3"
        }
      }
    },
    {
      "from": [
        7.4385,
        15.09656,
        6.01873
      ],
      "to": [
        8.199,
        16.16126,
        6.77953
      ],
      "rotation": {
        "angle": -22.5,
        "axis": "z",
        "origin": [
          8,
          8,
          8
        ]
      },
      "faces": {
        "north": {
          "uv": [
            13,
            11.5,
            13.375,
            12
          ],
          "texture": "#3"
        },
        "east": {
          "uv": [
            11,
            13,
            11.375,
            13.5
          ],
          "texture": "#3"
        },
        "south": {
          "uv": [
            13,
            11,
            13.375,
            11.5
          ],
          "texture": "#3"
        },
        "west": {
          "uv": [
            11.5,
            13,
            11.875,
            13.5
          ],
          "texture": "#3"
        },
        "up": {
          "uv": [
            13.875,
            1.375,
            13.5,
            1
          ],
          "rotation": 90,
          "texture": "#3"
        }
      }
    },
    {
      "from": [
        4.43542,
        15.34975,
        6.12904
      ],
      "to": [
        4.97538,
        16.10569,
        6.66922
      ],
      "rotation": {
        "angle": -45,
        "axis": "z",
        "origin": [
          8,
          8,
          8
        ]
      },
      "faces": {
        "north": {
          "uv": [
            13.5,
            3,
            13.75,
            3.375
          ],
          "texture": "#3"
        },
        "east": {
          "uv": [
            13.5,
            2,
            13.75,
            2.375
          ],
          "texture": "#3"
        },
        "south": {
          "uv": [
            2.5,
            13.5,
            2.75,
            13.875
          ],
          "texture": "#3"
        },
        "west": {
          "uv": [
            13.5,
            2.5,
            13.75,
            2.875
          ],
          "texture": "#3"
        },
        "up": {
          "uv": [
            13.75,
            3.75,
            13.5,
            3.5
          ],
          "rotation": 90,
          "texture": "#3"
        }
      }
    },
    {
      "from": [
        2.1,
        10.59036,
        2.75567
      ],
      "to": [
        3.6,
        11.34036,
        2.78567
      ],
      "rotation": {
        "angle": 45,
        "axis": "x",
        "origin": [
          8,
          8,
          8
        ]
      },
      "faces": {
        "north": {
          "uv": [
            13.25,
            7,
            12.5,
            7.375
          ],
          "texture": "#3"
        },
        "south": {
          "uv": [
            12.5,
            7,
            13.25,
            7.375
          ],
          "texture": "#3"
        }
      }
    },
    {
      "from": [
        2.1,
        12.85433,
        10.95036
      ],
      "to": [
        3.6,
        13.60433,
        10.98036
      ],
      "rotation": {
        "angle": -45,
        "axis": "x",
        "origin": [
          8,
          8,
          8
        ]
      },
      "faces": {
        "north": {
          "uv": [
            13.25,
            7,
            12.5,
            7.375
          ],
          "texture": "#3"
        },
        "south": {
          "uv": [
            12.5,
            7,
            13.25,
            7.375
          ],
          "texture": "#3"
        }
      }
    },
    {
      "from": [
        3.6,
        12.72934,
        10.46536
      ],
      "to": [
        4.6,
        13.72934,
        11.46536
      ],
      "rotation": {
        "angle": -45,
        "axis": "x",
        "origin": [
          8,
          8,
          8
        ]
      },
      "faces": {
        "north": {
          "uv": [
            8.5,
            12.5,
            8,
            13
          ],
          "texture": "#3"
        },
        "east": {
          "uv": [
            13,
            7.5,
            12.5,
            8
          ],
          "texture": "#3"
        },
        "south": {
          "uv": [
            8,
            12.5,
            7.5,
            13
          ],
          "texture": "#3"
        },
        "west": {
          "uv": [
            12.5,
            6.5,
            12,
            7
          ],
          "texture": "#3"
        },
        "up": {
          "uv": [
            13,
            8,
            12.5,
            8.5
          ],
          "rotation": 90,
          "texture": "#3"
        },
        "down": {
          "uv": [
            9,
            13,
            8.5,
            12.5
          ],
          "rotation": 270,
          "texture": "#3"
        }
      }
    },
    {
      "from": [
        4.6,
        12.92934,
        10.66536
      ],
      "to": [
        6,
        13.52934,
        11.26536
      ],
      "rotation": {
        "angle": -45,
        "axis": "x",
        "origin": [
          8,
          8,
          8
        ]
      },
      "faces": {
        "north": {
          "uv": [
            13.75,
            9.5,
            13,
            9.75
          ],
          "texture": "#3"
        },
        "south": {
          "uv": [
            10.25,
            13,
            9.5,
            13.25
          ],
          "texture": "#3"
        },
        "up": {
          "uv": [
            13.25,
            10,
            13,
            10.75
          ],
          "rotation": 90,
          "texture": "#3"
        },
        "down": {
          "uv": [
            10.75,
            13.75,
            10.5,
            13
          ],
          "rotation": 270,
          "texture": "#3"
        }
      }
    },
    {
      "from": [
        4.90932,
        13.67936,
        5.91143
      ],
      "to": [
        5.88432,
        14.79436,
        6.88682
      ],
      "rotation": {
        "angle": 0,
        "axis": "y",
        "origin": [
          8,
          8,
          8
        ]
      },
      "faces": {
        "north": {
          "uv": [
            10,
            12.5,
            9.5,
            13
          ],
          "texture": "#3"
        },
        "east": {
          "uv": [
            13,
            9,
            12.5,
            9.5
          ],
          "texture": "#3"
        },
        "south": {
          "uv": [
            9.5,
            12.5,
            9,
            13
          ],
          "texture": "#3"
        },
        "west": {
          "uv": [
            13,
            8.5,
            12.5,
            9
          ],
          "texture": "#3"
        },
        "up": {
          "uv": [
            13,
            9.5,
            12.5,
            10
          ],
          "rotation": 90,
          "texture": "#3"
        }
      }
    },
    {
      "from": [
        7.801,
        15.09656,
        6.01873
      ],
      "to": [
        8.5615,
        16.16126,
        6.77953
      ],
      "rotation": {
        "angle": 22.5,
        "axis": "z",
        "origin": [
          8,
          8,
          8
        ]
      },
      "faces": {
        "north": {
          "uv": [
            13.375,
            11.5,
            13,
            12
          ],
          "texture": "#3"
        },
        "east": {
          "uv": [
            11.875,
            13,
            11.5,
            13.5
          ],
          "texture": "#3"
        },
        "south": {
          "uv": [
            13.375,
            11,
            13,
            11.5
          ],
          "texture": "#3"
        },
        "west": {
          "uv": [
            11.375,
            13,
            11,
            13.5
          ],
          "texture": "#3"
        },
        "up": {
          "uv": [
            13.875,
            1,
            13.5,
            1.375
          ],
          "rotation": 90,
          "texture": "#3"
        }
      }
    },
    {
      "from": [
        11.02462,
        15.34975,
        6.12904
      ],
      "to": [
        11.56458,
        16.10569,
        6.66922
      ],
      "rotation": {
        "angle": 45,
        "axis": "z",
        "origin": [
          8,
          8,
          8
        ]
      },
      "faces": {
        "north": {
          "uv": [
            13.75,
            3,
            13.5,
            3.375
          ],
          "texture": "#3"
        },
        "east": {
          "uv": [
            13.75,
            2.5,
            13.5,
            2.875
          ],
          "texture": "#3"
        },
        "south": {
          "uv": [
            2.75,
            13.5,
            2.5,
            13.875
          ],
          "texture": "#3"
        },
        "west": {
          "uv": [
            13.75,
            2,
            13.5,
            2.375
          ],
          "texture": "#3"
        },
        "up": {
          "uv": [
            13.75,
            3.5,
            13.5,
            3.75
          ],
          "rotation": 90,
          "texture": "#3"
        }
      }
    },
    {
      "from": [
        2.68266,
        10.4893,
        5.77363
      ],
      "to": [
        3.93266,
        12.4893,
        7.02463
      ],
      "rotation": {
        "angle": -22.5,
        "axis": "z",
        "origin": [
          8,
          8,
          8
        ]
      },
      "faces": {
        "north": {
          "uv": [
            11.125,
            7,
            10.5,
            8
          ],
          "texture": "#3"
        },
        "east": {
          "uv": [
            7.125,
            10.5,
            6.5,
            11.5
          ],
          "texture": "#3"
        },
        "south": {
          "uv": [
            4.625,
            10.5,
            4,
            11.5
          ],
          "texture": "#3"
        },
        "west": {
          "uv": [
            10.625,
            4,
            10,
            5
          ],
          "texture": "#3"
        },
        "up": {
          "uv": [
            13.125,
            4,
            12.5,
            4.625
          ],
          "rotation": 90,
          "texture": "#3"
        },
        "down": {
          "uv": [
            5.625,
            13.125,
            5,
            12.5
          ],
          "rotation": 270,
          "texture": "#3"
        }
      }
    },
    {
      "from": [
        6.88416,
        12.63625,
        5.77413
      ],
      "to": [
        9.38416,
        13.88625,
        7.02413
      ],
      "rotation": {
        "angle": 22.5,
        "axis": "z",
        "origin": [
          8,
          8,
          8
        ]
      },
      "faces": {
        "north": {
          "uv": [
            5.25,
            9.5,
            4,
            10.125
          ],
          "texture": "#3"
        },
        "south": {
          "uv": [
            10.25,
            7,
            9,
            7.625
          ],
          "texture": "#3"
        },
        "up": {
          "uv": [
            6.125,
            9.5,
            5.5,
            10.75
          ],
          "rotation": 90,
          "texture": "#3"
        },
        "down": {
          "uv": [
            8.125,
            10.75,
            7.5,
            9.5
          ],
          "rotation": 270,
          "texture": "#3"
        }
      }
    },
    {
      "from": [
        1.78133,
        12.21867,
        5.89913
      ],
      "to": [
        3.78133,
        14.21867,
        6.89913
      ],
      "rotation": {
        "angle": -45,
        "axis": "z",
        "origin": [
          8,
          8,
          8
        ]
      },
      "faces": {
        "north": {
          "uv": [
            8.5,
            8.5,
            9.5,
            9.5
          ],
          "texture": "#3"
        },
        "east": {
          "uv": [
            6.5,
            9.5,
            7,
            10.5
          ],
          "texture": "#3"
        },
        "south": {
          "uv": [
            7.5,
            8.5,
            8.5,
            9.5
          ],
          "texture": "#3"
        },
        "west": {
          "uv": [
            12,
            5.5,
            12.5,
            6.5
          ],
          "texture": "#3"
        },
        "up": {
          "uv": [
            11.5,
            13,
            11,
            12
          ],
          "rotation": 90,
          "texture": "#3"
        },
        "down": {
          "uv": [
            12.5,
            11,
            12,
            12
          ],
          "rotation": 270,
          "texture": "#3"
        }
      }
    },
    {
      "from": [
        6.6,
        2.93874,
        6.82659
      ],
      "to": [
        9.4,
        3.73874,
        7.62659
      ],
      "rotation": {
        "angle": -45,
        "axis": "x",
        "origin": [
          8,
          8,
          8
        ]
      },
      "faces": {
        "north": {
          "uv": [
            12,
            1.5,
            13.375,
            1.875
          ],
          "texture": "#3"
        },
        "east": {
          "uv": [
            13.5,
            1.5,
            13.875,
            1.875
          ],
          "texture": "#3"
        },
        "south": {
          "uv": [
            12,
            1,
            13.375,
            1.375
          ],
          "texture": "#3"
        },
        "west": {
          "uv": [
            2,
            13.5,
            2.375,
            13.875
          ],
          "texture": "#3"
        },
        "up": {
          "uv": [
            12.375,
            3.375,
            12,
            2
          ],
          "rotation": 90,
          "texture": "#3"
        },
        "down": {
          "uv": [
            12.375,
            3.5,
            12,
            4.875
          ],
          "rotation": 270,
          "texture": "#3"
        }
      }
    },
    {
      "from": [
        9.4,
        6.60561,
        12.66346
      ],
      "to": [
        10.9,
        7.85561,
        12.69346
      ],
      "rotation": {
        "angle": 45,
        "axis": "x",
        "origin": [
          8,
          8,
          8
        ]
      },
      "faces": {
        "north": {
          "uv": [
            1.125,
            14.125,
            1.875,
            14.75
          ],
          "texture": "#3"
        },
        "south": {
          "uv": [
            1.875,
            14.125,
            1.125,
            14.75
          ],
          "texture": "#3"
        }
      }
    },
    {
      "from": [
        9.4,
        2.69654,
        7.21561
      ],
      "to": [
        10.9,
        3.94654,
        7.24561
      ],
      "rotation": {
        "angle": -45,
        "axis": "x",
        "origin": [
          8,
          8,
          8
        ]
      },
      "faces": {
        "north": {
          "uv": [
            1.125,
            14.125,
            1.875,
            14.75
          ],
          "texture": "#3"
        },
        "south": {
          "uv": [
            1.875,
            14.125,
            1.125,
            14.75
          ],
          "texture": "#3"
        }
      }
    },
    {
      "from": [
        5.1,
        6.60561,
        12.66346
      ],
      "to": [
        6.6,
        7.85561,
        12.69346
      ],
      "rotation": {
        "angle": 45,
        "axis": "x",
        "origin": [
          8,
          8,
          8
        ]
      },
      "faces": {
        "north": {
          "uv": [
            1.875,
            14.125,
            1.125,
            14.75
          ],
          "texture": "#3"
        },
        "south": {
          "uv": [
            1.125,
            14.125,
            1.875,
            14.75
          ],
          "texture": "#3"
        }
      }
    },
    {
      "from": [
        5.1,
        2.69654,
        7.21561
      ],
      "to": [
        6.6,
        3.94654,
        7.24561
      ],
      "rotation": {
        "angle": -45,
        "axis": "x",
        "origin": [
          8,
          8,
          8
        ]
      },
      "faces": {
        "north": {
          "uv": [
            1.875,
            14.125,
            1.125,
            14.75
          ],
          "texture": "#3"
        },
        "south": {
          "uv": [
            1.125,
            14.125,
            1.875,
            14.75
          ],
          "texture": "#3"
        }
      }
    },
    {
      "from": [
        9.91734,
        9.91734,
        9.99913
      ],
      "to": [
        11.51734,
        11.51734,
        11.49913
      ],
      "rotation": {
        "angle": 45,
        "axis": "z",
        "origin": [
          8,
          8,
          8
        ]
      },
      "faces": {
        "north": {
          "uv": [
            11,
            3.75,
            11.75,
            3
          ],
          "texture": "#3"
        },
        "east": {
          "uv": [
            11,
            0.75,
            11.75,
            0
          ],
          "texture": "#3"
        },
        "south": {
          "uv": [
            11,
            1.75,
            11.75,
            1
          ],
          "texture": "#3"
        },
        "west": {
          "uv": [
            11,
            2.75,
            11.75,
            2
          ],
          "texture": "#3"
        },
        "up": {
          "uv": [
            5.75,
            11.75,
            5,
            11
          ],
          "rotation": 90,
          "texture": "#3"
        },
        "down": {
          "uv": [
            11.75,
            4,
            11,
            4.75
          ],
          "rotation": 270,
          "texture": "#3"
        }
      }
    },
    {
      "from": [
        10.16734,
        10.16734,
        9.74913
      ],
      "to": [
        11.26734,
        11.26734,
        11.74913
      ],
      "rotation": {
        "angle": 45,
        "axis": "z",
        "origin": [
          8,
          8,
          8
        ]
      },
      "faces": {
        "north": {
          "uv": [
            9,
            8.5,
            9.5,
            8
          ],
          "texture": "#3"
        },
        "east": {
          "uv": [
            6,
            5.5,
            7,
            5
          ],
          "texture": "#3"
        },
        "south": {
          "uv": [
            8.5,
            8,
            9,
            7.5
          ],
          "texture": "#3"
        },
        "west": {
          "uv": [
            9,
            5,
            10,
            4.5
          ],
          "texture": "#3"
        },
        "up": {
          "uv": [
            13,
            5.5,
            12,
            5
          ],
          "rotation": 90,
          "texture": "#3"
        },
        "down": {
          "uv": [
            6,
            12,
            5,
            12.5
          ],
          "rotation": 270,
          "texture": "#3"
        }
      }
    },
    {
      "from": [
        6.6,
        12.26126,
        6.82659
      ],
      "to": [
        9.4,
        13.06126,
        7.62659
      ],
      "rotation": {
        "angle": 45,
        "axis": "x",
        "origin": [
          8,
          8,
          8
        ]
      },
      "faces": {
        "north": {
          "uv": [
            12,
            1.875,
            13.375,
            1.5
          ],
          "texture": "#3"
        },
        "east": {
          "uv": [
            13.5,
            1.875,
            13.875,
            1.5
          ],
          "texture": "#3"
        },
        "south": {
          "uv": [
            12,
            1.375,
            13.375,
            1
          ],
          "texture": "#3"
        },
        "west": {
          "uv": [
            2,
            13.875,
            2.375,
            13.5
          ],
          "texture": "#3"
        },
        "up": {
          "uv": [
            12.375,
            4.875,
            12,
            3.5
          ],
          "rotation": 90,
          "texture": "#3"
        },
        "down": {
          "uv": [
            12.375,
            2,
            12,
            3.375
          ],
          "rotation": 270,
          "texture": "#3"
        }
      }
    },
    {
      "from": [
        5.55608,
        9.45,
        9.44392
      ],
      "to": [
        6.55608,
        11.45,
        10.44392
      ],
      "rotation": {
        "angle": 45,
        "axis": "y",
        "origin": [
          8,
          8,
          8
        ]
      },
      "faces": {
        "north": {
          "uv": [
            0.5,
            15.125,
            1,
            14.125
          ],
          "texture": "#3"
        },
        "east": {
          "uv": [
            11.5,
            13,
            12,
            12
          ],
          "texture": "#3"
        },
        "south": {
          "uv": [
            12,
            13,
            12.5,
            12
          ],
          "texture": "#3"
        },
        "west": {
          "uv": [
            0,
            15.125,
            0.5,
            14.125
          ],
          "texture": "#3"
        },
        "up": {
          "uv": [
            13,
            10.5,
            12.5,
            10
          ],
          "rotation": 90,
          "texture": "#3"
        },
        "down": {
          "uv": [
            10.5,
            12.5,
            10,
            13
          ],
          "rotation": 270,
          "texture": "#3"
        }
      }
    },
    {
      "from": [
        9.4,
        12.66346,
        6.60561
      ],
      "to": [
        10.9,
        12.69346,
        7.85561
      ],
      "rotation": {
        "angle": 45,
        "axis": "x",
        "origin": [
          8,
          8,
          8
        ]
      },
      "faces": {
        "up": {
          "uv": [
            1.125,
            14.75,
            1.875,
            14.125
          ],
          "rotation": 180,
          "texture": "#3"
        },
        "down": {
          "uv": [
            1.875,
            14.75,
            1.125,
            14.125
          ],
          "texture": "#3"
        }
      }
    },
    {
      "from": [
        9.4,
        12.05346,
        7.21561
      ],
      "to": [
        10.9,
        13.30346,
        7.24561
      ],
      "rotation": {
        "angle": 45,
        "axis": "x",
        "origin": [
          8,
          8,
          8
        ]
      },
      "faces": {
        "north": {
          "uv": [
            1.875,
            14.75,
            1.125,
            14.125
          ],
          "rotation": 180,
          "texture": "#3"
        },
        "south": {
          "uv": [
            1.125,
            14.75,
            1.875,
            14.125
          ],
          "rotation": 180,
          "texture": "#3"
        }
      }
    },
    {
      "from": [
        5.1,
        12.05346,
        7.21561
      ],
      "to": [
        6.6,
        13.30346,
        7.24561
      ],
      "rotation": {
        "angle": 45,
        "axis": "x",
        "origin": [
          8,
          8,
          8
        ]
      },
      "faces": {
        "north": {
          "uv": [
            1.125,
            14.75,
            1.875,
            14.125
          ],
          "rotation": 180,
          "texture": "#3"
        },
        "south": {
          "uv": [
            1.875,
            14.75,
            1.125,
            14.125
          ],
          "rotation": 180,
          "texture": "#3"
        }
      }
    },
    {
      "from": [
        5.1,
        12.66346,
        6.60561
      ],
      "to": [
        6.6,
        12.69346,
        7.85561
      ],
      "rotation": {
        "angle": 45,
        "axis": "x",
        "origin": [
          8,
          8,
          8
        ]
      },
      "faces": {
        "up": {
          "uv": [
            1.875,
            14.75,
            1.125,
            14.125
          ],
          "rotation": 180,
          "texture": "#3"
        },
        "down": {
          "uv": [
            1.125,
            14.75,
            1.875,
            14.125
          ],
          "texture": "#3"
        }
      }
    },
    {
      "from": [
        3.37753,
        9.12247,
        5.62413
      ],
      "to": [
        6.87753,
        12.62247,
        6.89913
      ],
      "rotation": {
        "angle": -45,
        "axis": "z",
        "origin": [
          8,
          8,
          8
        ]
      },
      "faces": {
        "north": {
          "uv": [
            6,
            0,
            7.75,
            1.75
          ],
          "texture": "#3"
        },
        "east": {
          "uv": [
            4,
            7.5,
            4.625,
            9.25
          ],
          "texture": "#3"
        },
        "south": {
          "uv": [
            5,
            5.5,
            6.75,
            7.25
          ],
          "texture": "#3"
        },
        "west": {
          "uv": [
            5,
            7.5,
            5.625,
            9.25
          ],
          "texture": "#3"
        },
        "up": {
          "uv": [
            6.625,
            9.25,
            6,
            7.5
          ],
          "rotation": 90,
          "texture": "#3"
        },
        "down": {
          "uv": [
            8.625,
            0,
            8,
            1.75
          ],
          "rotation": 270,
          "texture": "#3"
        }
      }
    },
    {
      "from": [
        9.57727,
        4.17273,
        5.62413
      ],
      "to": [
        11.82727,
        6.42273,
        6.89913
      ],
      "rotation": {
        "angle": -45,
        "axis": "z",
        "origin": [
          8,
          8,
          8
        ]
      },
      "faces": {
        "north": {
          "uv": [
            7.5,
            3.5,
            8.625,
            4.625
          ],
          "texture": "#3"
        },
        "east": {
          "uv": [
            10,
            1,
            10.625,
            2.125
          ],
          "texture": "#3"
        },
        "south": {
          "uv": [
            7.5,
            2,
            8.625,
            3.125
          ],
          "texture": "#3"
        },
        "west": {
          "uv": [
            10,
            2.5,
            10.625,
            3.625
          ],
          "texture": "#3"
        },
        "up": {
          "uv": [
            10.625,
            6.625,
            10,
            5.5
          ],
          "rotation": 90,
          "texture": "#3"
        },
        "down": {
          "uv": [
            10.125,
            10,
            9.5,
            11.125
          ],
          "rotation": 270,
          "texture": "#3"
        }
      }
    },
    {
      "from": [
        7.10036,
        1.70605,
        5.82808
      ],
      "to": [
        10.10036,
        12.70605,
        6.32808
      ],
      "rotation": {
        "angle": -22.5,
        "axis": "y",
        "origin": [
          8,
          8,
          8
        ]
      },
      "faces": {
        "north": {
          "uv": [
            3,
            0,
            4.5,
            5.5
          ],
          "texture": "#3"
        },
        "east": {
          "uv": [
            3,
            7.5,
            3.25,
            13
          ],
          "texture": "#3"
        },
        "south": {
          "uv": [
            0,
            0,
            1.5,
            5.5
          ],
          "texture": "#3"
        },
        "up": {
          "uv": [
            12.75,
            7,
            12.5,
            5.5
          ],
          "rotation": 90,
          "texture": "#3"
        },
        "down": {
          "uv": [
            6.25,
            12.5,
            6,
            14
          ],
          "rotation": 270,
          "texture": "#3"
        }
      }
    },
    {
      "from": [
        7.19603,
        -1.29395,
        6.05905
      ],
      "to": [
        9.94603,
        1.70605,
        6.08905
      ],
      "rotation": {
        "angle": -22.5,
        "axis": "y",
        "origin": [
          8,
          8,
          8
        ]
      },
      "faces": {
        "north": {
          "uv": [
            4.5,
            14,
            5.875,
            15.5
          ],
          "texture": "#3"
        },
        "south": {
          "uv": [
            5.875,
            14,
            4.5,
            15.5
          ],
          "texture": "#3"
        }
      }
    },
    {
      "from": [
        9.8906,
        -1.29395,
        6.08646
      ],
      "to": [
        12.1406,
        12.70605,
        6.11646
      ],
      "rotation": {
        "angle": -22.5,
        "axis": "y",
        "origin": [
          8,
          8,
          8
        ]
      },
      "faces": {
        "north": {
          "uv": [
            0,
            5.75,
            1.125,
            12.75
          ],
          "texture": "#3"
        },
        "south": {
          "uv": [
            1.125,
            5.75,
            0,
            12.75
          ],
          "texture": "#3"
        }
      }
    },
    {
      "from": [
        7.45494,
        6.45605,
        4.386
      ],
      "to": [
        8.95494,
        7.95605,
        5.886
      ],
      "rotation": {
        "angle": -45,
        "axis": "y",
        "origin": [
          8,
          7.75,
          8
        ]
      },
      "faces": {
        "north": {
          "uv": [
            11.5,
            7,
            12.25,
            7.75
          ],
          "texture": "#3"
        },
        "east": {
          "uv": [
            11,
            11,
            11.75,
            11.75
          ],
          "texture": "#3"
        },
        "south": {
          "uv": [
            4,
            11.5,
            4.75,
            12.25
          ],
          "texture": "#3"
        },
        "west": {
          "uv": [
            6.5,
            11.5,
            7.25,
            12.25
          ],
          "texture": "#3"
        },
        "up": {
          "uv": [
            12.25,
            8.75,
            11.5,
            8
          ],
          "rotation": 90,
          "texture": "#3"
        },
        "down": {
          "uv": [
            9.25,
            11.5,
            8.5,
            12.25
          ],
          "rotation": 270,
          "texture": "#3"
        }
      }
    },
    {
      "from": [
        8.19994,
        6.45605,
        1.886
      ],
      "to": [
        8.22994,
        9.95605,
        5.886
      ],
      "rotation": {
        "angle": -45,
        "axis": "y",
        "origin": [
          8,
          7.75,
          8
        ]
      },
      "faces": {
        "east": {
          "uv": [
            8,
            14.125,
            6,
            15.875
          ],
          "texture": "#3"
        },
        "west": {
          "uv": [
            6,
            14.125,
            8,
            15.875
          ],
          "texture": "#3"
        }
      }
    },
    {
      "from": [
        7.70494,
        6.70605,
        3.386
      ],
      "to": [
        8.70494,
        7.70605,
        4.386
      ],
      "rotation": {
        "angle": -45,
        "axis": "y",
        "origin": [
          8,
          7.75,
          8
        ]
      },
      "faces": {
        "north": {
          "uv": [
            12.5,
            11.5,
            13,
            12
          ],
          "texture": "#3"
        },
        "east": {
          "uv": [
            10.5,
            12.5,
            11,
            13
          ],
          "texture": "#3"
        },
        "south": {
          "uv": [
            12.5,
            10.5,
            13,
            11
          ],
          "texture": "#3"
        },
        "west": {
          "uv": [
            12.5,
            11,
            13,
            11.5
          ],
          "texture": "#3"
        },
        "up": {
          "uv": [
            13,
            12.5,
            12.5,
            12
          ],
          "rotation": 90,
          "texture": "#3"
        },
        "down": {
          "uv": [
            13,
            12.5,
            12.5,
            13
          ],
          "rotation": 270,
          "texture": "#3"
        }
      }
    },
    {
      "from": [
        7.77006,
        6.45605,
        1.886
      ],
      "to": [
        7.80006,
        9.95605,
        5.886
      ],
      "rotation": {
        "angle": 45,
        "axis": "y",
        "origin": [
          8,
          7.75,
          8
        ]
      },
      "faces": {
        "east": {
          "uv": [
            8,
            14.125,
            6,
            15.875
          ],
          "texture": "#3"
        },
        "west": {
          "uv": [
            6,
            14.125,
            8,
            15.875
          ],
          "texture": "#3"
        }
      }
    },
    {
      "from": [
        7.29506,
        6.70605,
        3.386
      ],
      "to": [
        8.29506,
        7.70605,
        4.386
      ],
      "rotation": {
        "angle": 45,
        "axis": "y",
        "origin": [
          8,
          7.75,
          8
        ]
      },
      "faces": {
        "north": {
          "uv": [
            13,
            11.5,
            12.5,
            12
          ],
          "texture": "#3"
        },
        "east": {
          "uv": [
            13,
            11,
            12.5,
            11.5
          ],
          "texture": "#3"
        },
        "south": {
          "uv": [
            13,
            10.5,
            12.5,
            11
          ],
          "texture": "#3"
        },
        "west": {
          "uv": [
            11,
            12.5,
            10.5,
            13
          ],
          "texture": "#3"
        },
        "up": {
          "uv": [
            13,
            12,
            12.5,
            12.5
          ],
          "rotation": 90,
          "texture": "#3"
        },
        "down": {
          "uv": [
            13,
            13,
            12.5,
            12.5
          ],
          "rotation": 270,
          "texture": "#3"
        }
      }
    },
    {
      "from": [
        7.04506,
        6.45605,
        4.386
      ],
      "to": [
        8.54506,
        7.95605,
        5.886
      ],
      "rotation": {
        "angle": 45,
        "axis": "y",
        "origin": [
          8,
          7.75,
          8
        ]
      },
      "faces": {
        "north": {
          "uv": [
            12.25,
            7,
            11.5,
            7.75
          ],
          "texture": "#3"
        },
        "east": {
          "uv": [
            7.25,
            11.5,
            6.5,
            12.25
          ],
          "texture": "#3"
        },
        "south": {
          "uv": [
            4.75,
            11.5,
            4,
            12.25
          ],
          "texture": "#3"
        },
        "west": {
          "uv": [
            11.75,
            11,
            11,
            11.75
          ],
          "texture": "#3"
        },
        "up": {
          "uv": [
            12.25,
            8,
            11.5,
            8.75
          ],
          "rotation": 90,
          "texture": "#3"
        },
        "down": {
          "uv": [
            9.25,
            12.25,
            8.5,
            11.5
          ],
          "rotation": 270,
          "texture": "#3"
        }
      }
    },
    {
      "from": [
        5.89964,
        1.70605,
        5.82808
      ],
      "to": [
        8.89964,
        12.70605,
        6.32808
      ],
      "rotation": {
        "angle": 22.5,
        "axis": "y",
        "origin": [
          8,
          8,
          8
        ]
      },
      "faces": {
        "north": {
          "uv": [
            1.5,
            0,
            3,
            5.5
          ],
          "texture": "#3"
        },
        "south": {
          "uv": [
            4.5,
            0,
            6,
            5.5
          ],
          "texture": "#3"
        },
        "west": {
          "uv": [
            3.5,
            7.5,
            3.75,
            13
          ],
          "texture": "#3"
        },
        "up": {
          "uv": [
            6.75,
            14,
            6.5,
            12.5
          ],
          "rotation": 90,
          "texture": "#3"
        },
        "down": {
          "uv": [
            7.25,
            12.5,
            7,
            14
          ],
          "rotation": 270,
          "texture": "#3"
        }
      }
    },
    {
      "from": [
        3.87707,
        -1.29395,
        6.09378
      ],
      "to": [
        6.12707,
        12.70605,
        6.12378
      ],
      "rotation": {
        "angle": 22.5,
        "axis": "y",
        "origin": [
          8,
          8,
          8
        ]
      },
      "faces": {
        "north": {
          "uv": [
            1.5,
            5.75,
            2.625,
            12.75
          ],
          "texture": "#3"
        },
        "south": {
          "uv": [
            2.625,
            5.75,
            1.5,
            12.75
          ],
          "texture": "#3"
        }
      }
    },
    {
      "from": [
        6.05397,
        -1.29395,
        6.05905
      ],
      "to": [
        8.80397,
        1.70605,
        6.08905
      ],
      "rotation": {
        "angle": 22.5,
        "axis": "y",
        "origin": [
          8,
          8,
          8
        ]
      },
      "faces": {
        "north": {
          "uv": [
            3,
            14,
            4.375,
            15.5
          ],
          "texture": "#3"
        },
        "south": {
          "uv": [
            4.375,
            14,
            3,
            15.5
          ],
          "texture": "#3"
        }
      }
    },
    {
      "from": [
        3,
        8.775,
        5.5
      ],
      "to": [
        13,
        18.775,
        5.5
      ],
      "rotation": {
        "angle": 0,
        "axis": "y",
        "origin": [
          8,
          13.775,
          5.5
        ]
      },
      "faces": {
        "north": {
          "uv": [
            1.33333,
            1.33333,
            14.66667,
            14.66667
          ],
          "texture": "#1"
        }
      }
    }
  ],
  "gui_light": "front",
  "display": {
    "thirdperson_righthand": {
      "rotation": [
        0,
        -70,
        0
      ],
      "translation": [
        2.5,
        -2,
        0
      ]
    },
    "thirdperson_lefthand": {
      "rotation": [
        0,
        -70,
        0
      ],
      "translation": [
        2.5,
        -2,
        0
      ]
    },
    "firstperson_righthand": {
      "rotation": [
        0,
        0,
        5
      ],
      "translation": [
        0.25,
        1.75,
        2
      ]
    },
    "firstperson_lefthand": {
      "rotation": [
        0,
        0,
        5
      ],
      "translation": [
        0.25,
        1.75,
        2
      ]
    },
    "ground": {
      "rotation": [
        45,
        0,
        0
      ],
      "translation": [
        0,
        5,
        0
      ],
      "scale": [
        0.7,
        0.7,
        0.7
      ]
    },
    "gui": {
      "rotation": [
        0,
        180,
        -45
      ]
    },
    "fixed": {
      "translation": [
        0,
        0,
        -1.75
      ],
      "scale": [
        2,
        2,
        2
      ]
    }
  },
  "mcmodels": "e5a18b91c6507d23f5d6487c566c162a"
}