{
  "credit": "Made with Blockbench",
  "texture_size": [
    12,
    12
  ],
  "textures": {
    "1": "item/demon/demon_ef2_long",
    "2": "item/demon/demon_axe",
    "particle": "item/demon/demon_axe"
  },
  "elements": [
    {
      "from": [
        7.25,
        1.75,
        7.25
      ],
      "to": [
        8.75,
        2.25,
        8.75
      ],
      "rotation": {
        "angle": 45,
        "axis": "y",
        "origin": [
          8,
          2.5,
          8
        ]
      },
      "faces": {
        "north": {
          "uv": [
            4.66667,
            14,
            5.66667,
            14.33333
          ],
          "texture": "#2"
        },
        "east": {
          "uv": [
            14,
            5.33333,
            15,
            5.66667
          ],
          "texture": "#2"
        },
        "south": {
          "uv": [
            6,
            14,
            7,
            14.33333
          ],
          "texture": "#2"
        },
        "west": {
          "uv": [
            14,
            6,
            15,
            6.33333
          ],
          "texture": "#2"
        },
        "up": {
          "uv": [
            11,
            1,
            10,
            0
          ],
          "texture": "#2"
        },
        "down": {
          "uv": [
            2.33333,
            10,
            1.33333,
            11
          ],
          "texture": "#2"
        }
      }
    },
    {
      "from": [
        7.25,
        2.5,
        7.25
      ],
      "to": [
        8.75,
        3,
        8.75
      ],
      "rotation": {
        "angle": 45,
        "axis": "y",
        "origin": [
          8,
          2.25,
          8
        ]
      },
      "faces": {
        "north": {
          "uv": [
            14,
            6.66667,
            15,
            7
          ],
          "texture": "#2"
        },
        "east": {
          "uv": [
            7.33333,
            14,
            8.33333,
            14.33333
          ],
          "texture": "#2"
        },
        "south": {
          "uv": [
            14,
            7.33333,
            15,
            7.66667
          ],
          "texture": "#2"
        },
        "west": {
          "uv": [
            14,
            8,
            15,
            8.33333
          ],
          "texture": "#2"
        },
        "up": {
          "uv": [
            11,
            2.33333,
            10,
            1.33333
          ],
          "texture": "#2"
        },
        "down": {
          "uv": [
            11,
            2.66667,
            10,
            3.66667
          ],
          "texture": "#2"
        }
      }
    },
    {
      "from": [
        7.25,
        7.15,
        7.25
      ],
      "to": [
        8.75,
        7.65,
        8.75
      ],
      "rotation": {
        "angle": 45,
        "axis": "y",
        "origin": [
          8,
          6.9,
          8
        ]
      },
      "faces": {
        "north": {
          "uv": [
            14,
            8.66667,
            15,
            9
          ],
          "texture": "#2"
        },
        "east": {
          "uv": [
            14,
            9.33333,
            15,
            9.66667
          ],
          "texture": "#2"
        },
        "south": {
          "uv": [
            14,
            10,
            15,
            10.33333
          ],
          "texture": "#2"
        },
        "west": {
          "uv": [
            14,
            10.66667,
            15,
            11
          ],
          "texture": "#2"
        },
        "up": {
          "uv": [
            11,
            5,
            10,
            4
          ],
          "texture": "#2"
        },
        "down": {
          "uv": [
            6.33333,
            10,
            5.33333,
            11
          ],
          "texture": "#2"
        }
      }
    },
    {
      "from": [
        7.25,
        6.4,
        7.25
      ],
      "to": [
        8.75,
        6.9,
        8.75
      ],
      "rotation": {
        "angle": 45,
        "axis": "y",
        "origin": [
          8,
          7.15,
          8
        ]
      },
      "faces": {
        "north": {
          "uv": [
            11.33333,
            14,
            12.33333,
            14.33333
          ],
          "texture": "#2"
        },
        "east": {
          "uv": [
            14,
            11.33333,
            15,
            11.66667
          ],
          "texture": "#2"
        },
        "south": {
          "uv": [
            14,
            12,
            15,
            12.33333
          ],
          "texture": "#2"
        },
        "west": {
          "uv": [
            12.66667,
            14,
            13.66667,
            14.33333
          ],
          "texture": "#2"
        },
        "up": {
          "uv": [
            11,
            6.33333,
            10,
            5.33333
          ],
          "texture": "#2"
        },
        "down": {
          "uv": [
            11,
            8.66667,
            10,
            9.66667
          ],
          "texture": "#2"
        }
      }
    },
    {
      "from": [
        7.25,
        -0.15,
        7.7
      ],
      "to": [
        8.75,
        1.45,
        9.3
      ],
      "rotation": {
        "angle": -45,
        "axis": "x",
        "origin": [
          7.5,
          0.15,
          8
        ]
      },
      "faces": {
        "north": {
          "uv": [
            10,
            10,
            11,
            11
          ],
          "texture": "#2"
        },
        "east": {
          "uv": [
            0,
            10.66667,
            1,
            11.66667
          ],
          "texture": "#2"
        },
        "south": {
          "uv": [
            4,
            10.66667,
            5,
            11.66667
          ],
          "texture": "#2"
        },
        "west": {
          "uv": [
            6.66667,
            10.66667,
            7.66667,
            11.66667
          ],
          "texture": "#2"
        },
        "up": {
          "uv": [
            11.66667,
            7.66667,
            10.66667,
            6.66667
          ],
          "texture": "#2"
        },
        "down": {
          "uv": [
            9,
            10.66667,
            8,
            11.66667
          ],
          "texture": "#2"
        }
      }
    },
    {
      "from": [
        7,
        0.1,
        7.95
      ],
      "to": [
        9,
        1.2,
        9.05
      ],
      "rotation": {
        "angle": -45,
        "axis": "x",
        "origin": [
          7.5,
          0.15,
          8
        ]
      },
      "faces": {
        "north": {
          "uv": [
            0,
            12,
            1.33333,
            12.66667
          ],
          "texture": "#2"
        },
        "east": {
          "uv": [
            8,
            3.33333,
            8.66667,
            4
          ],
          "texture": "#2"
        },
        "south": {
          "uv": [
            12,
            1.33333,
            13.33333,
            2
          ],
          "texture": "#2"
        },
        "west": {
          "uv": [
            5.33333,
            9.33333,
            6,
            10
          ],
          "texture": "#2"
        },
        "up": {
          "uv": [
            13.33333,
            2.66667,
            12,
            2
          ],
          "texture": "#2"
        },
        "down": {
          "uv": [
            13.33333,
            2.66667,
            12,
            3.33333
          ],
          "texture": "#2"
        }
      }
    },
    {
      "from": [
        7.25,
        11.45,
        7.7
      ],
      "to": [
        8.75,
        14.05,
        10.3
      ],
      "rotation": {
        "angle": -45,
        "axis": "x",
        "origin": [
          7.5,
          11.75,
          8
        ]
      },
      "faces": {
        "north": {
          "uv": [
            2.83333,
            7.5,
            3.83333,
            9.16667
          ],
          "texture": "#2"
        },
        "east": {
          "uv": [
            4.33333,
            0,
            6,
            1.66667
          ],
          "texture": "#2"
        },
        "south": {
          "uv": [
            7.33333,
            5.33333,
            8.33333,
            7
          ],
          "texture": "#2"
        },
        "west": {
          "uv": [
            4.33333,
            2,
            6,
            3.66667
          ],
          "texture": "#2"
        },
        "up": {
          "uv": [
            8.33333,
            9,
            7.33333,
            7.33333
          ],
          "texture": "#2"
        },
        "down": {
          "uv": [
            9,
            0,
            8,
            1.66667
          ],
          "texture": "#2"
        }
      }
    },
    {
      "from": [
        7,
        11.95,
        8.2
      ],
      "to": [
        9,
        13.55,
        9.8
      ],
      "rotation": {
        "angle": -45,
        "axis": "x",
        "origin": [
          7.5,
          11.75,
          8
        ]
      },
      "faces": {
        "north": {
          "uv": [
            1.33333,
            8.83333,
            2.66667,
            9.83333
          ],
          "texture": "#2"
        },
        "east": {
          "uv": [
            11.33333,
            0,
            12.33333,
            1
          ],
          "texture": "#2"
        },
        "south": {
          "uv": [
            8.66667,
            3.33333,
            10,
            4.33333
          ],
          "texture": "#2"
        },
        "west": {
          "uv": [
            1.33333,
            11.33333,
            2.33333,
            12.33333
          ],
          "texture": "#2"
        },
        "up": {
          "uv": [
            10,
            5.66667,
            8.66667,
            4.66667
          ],
          "texture": "#2"
        },
        "down": {
          "uv": [
            10,
            6,
            8.66667,
            7
          ],
          "texture": "#2"
        }
      }
    },
    {
      "from": [
        7.29289,
        0.75,
        8
      ],
      "to": [
        8.29289,
        3.25,
        9
      ],
      "rotation": {
        "angle": 45,
        "axis": "y",
        "origin": [
          7.29289,
          0.75,
          8
        ]
      },
      "faces": {
        "north": {
          "uv": [
            8.66667,
            7.33333,
            9.33333,
            9
          ],
          "texture": "#2"
        },
        "east": {
          "uv": [
            9.33333,
            0,
            10,
            1.66667
          ],
          "texture": "#2"
        },
        "south": {
          "uv": [
            2.66667,
            9.33333,
            3.33333,
            11
          ],
          "texture": "#2"
        },
        "west": {
          "uv": [
            3.33333,
            9.33333,
            4,
            11
          ],
          "texture": "#2"
        },
        "up": {
          "uv": [
            10,
            9.33333,
            9.33333,
            8.66667
          ],
          "texture": "#2"
        },
        "down": {
          "uv": [
            7.33333,
            10,
            6.66667,
            10.66667
          ],
          "texture": "#2"
        }
      }
    },
    {
      "from": [
        7.39289,
        3.25,
        8.1
      ],
      "to": [
        8.19289,
        6.15,
        8.9
      ],
      "rotation": {
        "angle": 45,
        "axis": "y",
        "origin": [
          7.29289,
          3.25,
          8
        ]
      },
      "faces": {
        "north": {
          "uv": [
            9.33333,
            10.66667,
            9.83333,
            12.66667
          ],
          "texture": "#2"
        },
        "east": {
          "uv": [
            11.33333,
            1.33333,
            11.83333,
            3.33333
          ],
          "texture": "#2"
        },
        "south": {
          "uv": [
            2.66667,
            11.33333,
            3.16667,
            13.33333
          ],
          "texture": "#2"
        },
        "west": {
          "uv": [
            3.33333,
            11.33333,
            3.83333,
            13.33333
          ],
          "texture": "#2"
        }
      }
    },
    {
      "from": [
        7.29289,
        6.15,
        8
      ],
      "to": [
        8.29289,
        7.9,
        9
      ],
      "rotation": {
        "angle": 45,
        "axis": "y",
        "origin": [
          7.29289,
          0.65,
          8
        ]
      },
      "faces": {
        "north": {
          "uv": [
            11.33333,
            12,
            12,
            13.16667
          ],
          "texture": "#2"
        },
        "east": {
          "uv": [
            12,
            11.33333,
            12.66667,
            12.5
          ],
          "texture": "#2"
        },
        "south": {
          "uv": [
            0,
            12.66667,
            0.66667,
            13.83333
          ],
          "texture": "#2"
        },
        "west": {
          "uv": [
            12.66667,
            0,
            13.33333,
            1.16667
          ],
          "texture": "#2"
        },
        "up": {
          "uv": [
            10.66667,
            7.33333,
            10,
            6.66667
          ],
          "texture": "#2"
        },
        "down": {
          "uv": [
            11.33333,
            8,
            10.66667,
            8.66667
          ],
          "texture": "#2"
        }
      }
    },
    {
      "from": [
        7.29289,
        10.15,
        8
      ],
      "to": [
        8.29289,
        12.15,
        9
      ],
      "rotation": {
        "angle": 45,
        "axis": "y",
        "origin": [
          7.29289,
          -0.35,
          8
        ]
      },
      "faces": {
        "north": {
          "uv": [
            12,
            6.66667,
            12.66667,
            8
          ],
          "texture": "#2"
        },
        "east": {
          "uv": [
            7.33333,
            12,
            8,
            13.33333
          ],
          "texture": "#2"
        },
        "south": {
          "uv": [
            8,
            12,
            8.66667,
            13.33333
          ],
          "texture": "#2"
        },
        "west": {
          "uv": [
            8.66667,
            12,
            9.33333,
            13.33333
          ],
          "texture": "#2"
        },
        "up": {
          "uv": [
            14,
            14,
            13.33333,
            13.33333
          ],
          "texture": "#2"
        },
        "down": {
          "uv": [
            0.66667,
            14,
            0,
            14.66667
          ],
          "texture": "#2"
        }
      }
    },
    {
      "from": [
        7.25,
        11.15,
        7.25
      ],
      "to": [
        8.75,
        11.65,
        8.75
      ],
      "rotation": {
        "angle": 45,
        "axis": "y",
        "origin": [
          8,
          5.9,
          8
        ]
      },
      "faces": {
        "north": {
          "uv": [
            14.66667,
            2.66667,
            15.66667,
            3
          ],
          "texture": "#2"
        },
        "east": {
          "uv": [
            14.66667,
            3.33333,
            15.66667,
            3.66667
          ],
          "texture": "#2"
        },
        "south": {
          "uv": [
            14.66667,
            4,
            15.66667,
            4.33333
          ],
          "texture": "#2"
        },
        "west": {
          "uv": [
            4.66667,
            14.66667,
            5.66667,
            15
          ],
          "texture": "#2"
        },
        "up": {
          "uv": [
            6.33333,
            12.33333,
            5.33333,
            11.33333
          ],
          "texture": "#2"
        },
        "down": {
          "uv": [
            12.33333,
            8,
            11.33333,
            9
          ],
          "texture": "#2"
        }
      }
    },
    {
      "from": [
        7.25,
        10.4,
        7.25
      ],
      "to": [
        8.75,
        10.9,
        8.75
      ],
      "rotation": {
        "angle": 45,
        "axis": "y",
        "origin": [
          8,
          6.15,
          8
        ]
      },
      "faces": {
        "north": {
          "uv": [
            14.66667,
            0.66667,
            15.66667,
            1
          ],
          "texture": "#2"
        },
        "east": {
          "uv": [
            1.33333,
            14.66667,
            2.33333,
            15
          ],
          "texture": "#2"
        },
        "south": {
          "uv": [
            14.66667,
            1.33333,
            15.66667,
            1.66667
          ],
          "texture": "#2"
        },
        "west": {
          "uv": [
            14.66667,
            2,
            15.66667,
            2.33333
          ],
          "texture": "#2"
        },
        "up": {
          "uv": [
            12.33333,
            4.33333,
            11.33333,
            3.33333
          ],
          "texture": "#2"
        },
        "down": {
          "uv": [
            12.33333,
            4.66667,
            11.33333,
            5.66667
          ],
          "texture": "#2"
        }
      }
    },
    {
      "from": [
        7.39289,
        7.9,
        8.1
      ],
      "to": [
        8.19289,
        10.15,
        8.9
      ],
      "rotation": {
        "angle": 45,
        "axis": "y",
        "origin": [
          7.29289,
          0.65,
          8
        ]
      },
      "faces": {
        "north": {
          "uv": [
            0.66667,
            12.66667,
            1.16667,
            14.16667
          ],
          "texture": "#2"
        },
        "east": {
          "uv": [
            1.33333,
            12.66667,
            1.83333,
            14.16667
          ],
          "texture": "#2"
        },
        "south": {
          "uv": [
            2,
            12.66667,
            2.5,
            14.16667
          ],
          "texture": "#2"
        },
        "west": {
          "uv": [
            12.66667,
            3.33333,
            13.16667,
            4.83333
          ],
          "texture": "#2"
        }
      }
    },
    {
      "from": [
        8,
        12.45711,
        6
      ],
      "to": [
        9,
        13.45711,
        10
      ],
      "rotation": {
        "angle": 45,
        "axis": "z",
        "origin": [
          8,
          12.45711,
          3
        ]
      },
      "faces": {
        "north": {
          "uv": [
            4,
            13.33333,
            4.66667,
            14
          ],
          "texture": "#2"
        },
        "east": {
          "uv": [
            6,
            4,
            8.66667,
            4.66667
          ],
          "texture": "#2"
        },
        "south": {
          "uv": [
            4.66667,
            13.33333,
            5.33333,
            14
          ],
          "texture": "#2"
        },
        "west": {
          "uv": [
            6,
            4.66667,
            8.66667,
            5.33333
          ],
          "texture": "#2"
        },
        "up": {
          "uv": [
            6.66667,
            8,
            6,
            5.33333
          ],
          "texture": "#2"
        },
        "down": {
          "uv": [
            7.33333,
            5.33333,
            6.66667,
            8
          ],
          "texture": "#2"
        }
      }
    },
    {
      "from": [
        8,
        12.45711,
        3.6
      ],
      "to": [
        9,
        13.45711,
        4.6
      ],
      "rotation": {
        "angle": 45,
        "axis": "z",
        "origin": [
          8,
          12.45711,
          4.4
        ]
      },
      "faces": {
        "north": {
          "uv": [
            13.33333,
            6,
            14,
            6.66667
          ],
          "texture": "#2"
        },
        "east": {
          "uv": [
            6.66667,
            13.33333,
            7.33333,
            14
          ],
          "texture": "#2"
        },
        "south": {
          "uv": [
            7.33333,
            13.33333,
            8,
            14
          ],
          "texture": "#2"
        },
        "west": {
          "uv": [
            8,
            13.33333,
            8.66667,
            14
          ],
          "texture": "#2"
        },
        "up": {
          "uv": [
            9.33333,
            14,
            8.66667,
            13.33333
          ],
          "texture": "#2"
        },
        "down": {
          "uv": [
            14,
            9.33333,
            13.33333,
            10
          ],
          "texture": "#2"
        }
      }
    },
    {
      "from": [
        8.2,
        12.65711,
        4.6
      ],
      "to": [
        8.8,
        13.25711,
        6
      ],
      "rotation": {
        "angle": 45,
        "axis": "z",
        "origin": [
          8,
          12.45711,
          4.4
        ]
      },
      "faces": {
        "east": {
          "uv": [
            14,
            12.66667,
            15,
            13
          ],
          "texture": "#2"
        },
        "west": {
          "uv": [
            14,
            13.33333,
            15,
            13.66667
          ],
          "texture": "#2"
        },
        "up": {
          "uv": [
            9,
            15,
            8.66667,
            14
          ],
          "texture": "#2"
        },
        "down": {
          "uv": [
            10.33333,
            14,
            10,
            15
          ],
          "texture": "#2"
        }
      }
    },
    {
      "from": [
        7.985,
        12.78921,
        2.1
      ],
      "to": [
        8.015,
        13.53921,
        3.6
      ],
      "rotation": {
        "angle": -45,
        "axis": "z",
        "origin": [
          8,
          13.16421,
          2.85
        ]
      },
      "faces": {
        "east": {
          "uv": [
            13.66667,
            5.33333,
            12.66667,
            5.83333
          ],
          "texture": "#2"
        },
        "west": {
          "uv": [
            12.66667,
            5.33333,
            13.66667,
            5.83333
          ],
          "texture": "#2"
        }
      }
    },
    {
      "from": [
        7.985,
        12.78921,
        2.1
      ],
      "to": [
        8.015,
        13.53921,
        3.6
      ],
      "rotation": {
        "angle": 45,
        "axis": "z",
        "origin": [
          8,
          13.16421,
          2.85
        ]
      },
      "faces": {
        "east": {
          "uv": [
            13.66667,
            5.33333,
            12.66667,
            5.83333
          ],
          "texture": "#2"
        },
        "west": {
          "uv": [
            12.66667,
            5.33333,
            13.66667,
            5.83333
          ],
          "texture": "#2"
        }
      }
    },
    {
      "from": [
        7.625,
        13.20437,
        6.34973
      ],
      "to": [
        8.375,
        14.45437,
        7.59973
      ],
      "rotation": {
        "angle": -22.5,
        "axis": "x",
        "origin": [
          7.875,
          13.20437,
          6.34973
        ]
      },
      "faces": {
        "north": {
          "uv": [
            14,
            1.33333,
            14.5,
            2.16667
          ],
          "texture": "#2"
        },
        "east": {
          "uv": [
            5.33333,
            12.66667,
            6.16667,
            13.5
          ],
          "texture": "#2"
        },
        "west": {
          "uv": [
            12.66667,
            6.66667,
            13.5,
            7.5
          ],
          "texture": "#2"
        },
        "up": {
          "uv": [
            14.5,
            3.5,
            14,
            2.66667
          ],
          "texture": "#2"
        }
      }
    },
    {
      "from": [
        7.625,
        13.20437,
        8.40027
      ],
      "to": [
        8.375,
        14.45437,
        9.65027
      ],
      "rotation": {
        "angle": 22.5,
        "axis": "x",
        "origin": [
          7.875,
          13.20437,
          9.65027
        ]
      },
      "faces": {
        "east": {
          "uv": [
            12.66667,
            8,
            13.5,
            8.83333
          ],
          "texture": "#2"
        },
        "south": {
          "uv": [
            4,
            14,
            4.5,
            14.83333
          ],
          "texture": "#2"
        },
        "west": {
          "uv": [
            12.66667,
            11.33333,
            13.5,
            12.16667
          ],
          "texture": "#2"
        },
        "up": {
          "uv": [
            14.5,
            4.83333,
            14,
            4
          ],
          "texture": "#2"
        }
      }
    },
    {
      "from": [
        7.375,
        11.70437,
        5.09973
      ],
      "to": [
        8.625,
        12.95437,
        7.59973
      ],
      "rotation": {
        "angle": -22.5,
        "axis": "x",
        "origin": [
          7.875,
          11.70437,
          6.34973
        ]
      },
      "faces": {
        "east": {
          "uv": [
            8,
            2,
            9.66667,
            2.83333
          ],
          "texture": "#2"
        },
        "west": {
          "uv": [
            4,
            8,
            5.66667,
            8.83333
          ],
          "texture": "#2"
        },
        "up": {
          "uv": [
            6.83333,
            9.66667,
            6,
            8
          ],
          "texture": "#2"
        },
        "down": {
          "uv": [
            0.83333,
            8.83333,
            0,
            10.5
          ],
          "texture": "#2"
        }
      }
    },
    {
      "from": [
        7.3745,
        10.99765,
        5.09293
      ],
      "to": [
        8.6255,
        12.99765,
        6.34293
      ],
      "rotation": {
        "angle": 22.5,
        "axis": "x",
        "origin": [
          7.8745,
          13.99765,
          6.34293
        ]
      },
      "faces": {
        "north": {
          "uv": [
            4,
            9.33333,
            4.83333,
            10.66667
          ],
          "texture": "#2"
        },
        "east": {
          "uv": [
            7.33333,
            9.33333,
            8.16667,
            10.66667
          ],
          "texture": "#2"
        },
        "south": {
          "uv": [
            9.33333,
            7.33333,
            10.16667,
            8.66667
          ],
          "texture": "#2"
        },
        "west": {
          "uv": [
            8.66667,
            9.33333,
            9.5,
            10.66667
          ],
          "texture": "#2"
        },
        "up": {
          "uv": [
            12.83333,
            13.5,
            12,
            12.66667
          ],
          "texture": "#2"
        },
        "down": {
          "uv": [
            14.16667,
            0,
            13.33333,
            0.83333
          ],
          "texture": "#2"
        }
      }
    },
    {
      "from": [
        7.5123,
        13.04905,
        4.90932
      ],
      "to": [
        8.48769,
        14.16405,
        5.88432
      ],
      "rotation": {
        "angle": 0,
        "axis": "y",
        "origin": [
          7.9023,
          13.97405,
          6.28432
        ]
      },
      "faces": {
        "north": {
          "uv": [
            10,
            13.33333,
            10.66667,
            14
          ],
          "texture": "#2"
        },
        "east": {
          "uv": [
            13.33333,
            10,
            14,
            10.66667
          ],
          "texture": "#2"
        },
        "south": {
          "uv": [
            13.33333,
            10.66667,
            14,
            11.33333
          ],
          "texture": "#2"
        },
        "west": {
          "uv": [
            11.33333,
            13.33333,
            12,
            14
          ],
          "texture": "#2"
        },
        "up": {
          "uv": [
            14,
            13.33333,
            13.33333,
            12.66667
          ],
          "texture": "#2"
        }
      }
    },
    {
      "from": [
        7.6196,
        14.0392,
        4.74157
      ],
      "to": [
        8.3804,
        15.1039,
        5.50207
      ],
      "rotation": {
        "angle": -22.5,
        "axis": "x",
        "origin": [
          8,
          14.84655,
          5.39682
        ]
      },
      "faces": {
        "north": {
          "uv": [
            14,
            14,
            14.5,
            14.66667
          ],
          "texture": "#2"
        },
        "east": {
          "uv": [
            0,
            14.66667,
            0.5,
            15.33333
          ],
          "texture": "#2"
        },
        "south": {
          "uv": [
            14.66667,
            0,
            15.16667,
            0.66667
          ],
          "texture": "#2"
        },
        "west": {
          "uv": [
            0.66667,
            14.66667,
            1.16667,
            15.33333
          ],
          "texture": "#2"
        },
        "up": {
          "uv": [
            15.16667,
            5.16667,
            14.66667,
            4.66667
          ],
          "texture": "#2"
        }
      }
    },
    {
      "from": [
        7.72991,
        14.85816,
        4.42033
      ],
      "to": [
        8.27009,
        15.6141,
        4.96029
      ],
      "rotation": {
        "angle": -45,
        "axis": "x",
        "origin": [
          8,
          15.41113,
          4.86531
        ]
      },
      "faces": {
        "north": {
          "uv": [
            7.33333,
            14.66667,
            7.66667,
            15.16667
          ],
          "texture": "#2"
        },
        "east": {
          "uv": [
            8,
            14.66667,
            8.33333,
            15.16667
          ],
          "texture": "#2"
        },
        "south": {
          "uv": [
            9.33333,
            14.66667,
            9.66667,
            15.16667
          ],
          "texture": "#2"
        },
        "west": {
          "uv": [
            10.66667,
            14.66667,
            11,
            15.16667
          ],
          "texture": "#2"
        },
        "up": {
          "uv": [
            11.66667,
            15,
            11.33333,
            14.66667
          ],
          "texture": "#2"
        }
      }
    },
    {
      "from": [
        7.5,
        13.33579,
        8
      ],
      "to": [
        8.5,
        15.33579,
        10
      ],
      "rotation": {
        "angle": -45,
        "axis": "x",
        "origin": [
          7.5,
          13.33579,
          8
        ]
      },
      "faces": {
        "north": {
          "uv": [
            10.66667,
            11.33333,
            11.33333,
            12.66667
          ],
          "texture": "#2"
        },
        "east": {
          "uv": [
            0,
            7.5,
            1.33333,
            8.83333
          ],
          "texture": "#2"
        },
        "south": {
          "uv": [
            4,
            12,
            4.66667,
            13.33333
          ],
          "texture": "#2"
        },
        "west": {
          "uv": [
            1.33333,
            7.5,
            2.66667,
            8.83333
          ],
          "texture": "#2"
        },
        "up": {
          "uv": [
            5.33333,
            13.33333,
            4.66667,
            12
          ],
          "texture": "#2"
        },
        "down": {
          "uv": [
            7.33333,
            12,
            6.66667,
            13.33333
          ],
          "texture": "#2"
        }
      }
    },
    {
      "from": [
        8.1,
        0.25,
        6.6
      ],
      "to": [
        8.9,
        1.05,
        9.4
      ],
      "rotation": {
        "angle": 45,
        "axis": "z",
        "origin": [
          8,
          0.15,
          7.5
        ]
      },
      "faces": {
        "north": {
          "uv": [
            6,
            14.66667,
            6.5,
            15.16667
          ],
          "texture": "#2"
        },
        "east": {
          "uv": [
            11.33333,
            6,
            13.16667,
            6.5
          ],
          "texture": "#2"
        },
        "south": {
          "uv": [
            6.66667,
            14.66667,
            7.16667,
            15.16667
          ],
          "texture": "#2"
        },
        "west": {
          "uv": [
            11.33333,
            9.33333,
            13.16667,
            9.83333
          ],
          "texture": "#2"
        },
        "up": {
          "uv": [
            10.5,
            13.16667,
            10,
            11.33333
          ],
          "texture": "#2"
        },
        "down": {
          "uv": [
            11.83333,
            10,
            11.33333,
            11.83333
          ],
          "texture": "#2"
        }
      }
    },
    {
      "from": [
        7.985,
        0.22279,
        5.1
      ],
      "to": [
        8.015,
        1.47279,
        6.6
      ],
      "rotation": {
        "angle": -45,
        "axis": "z",
        "origin": [
          8,
          0.84779,
          5.85
        ]
      },
      "faces": {
        "east": {
          "uv": [
            13,
            10,
            12,
            10.83333
          ],
          "texture": "#2"
        },
        "west": {
          "uv": [
            12,
            10,
            13,
            10.83333
          ],
          "texture": "#2"
        }
      }
    },
    {
      "from": [
        7.985,
        0.22279,
        5.1
      ],
      "to": [
        8.015,
        1.47279,
        6.6
      ],
      "rotation": {
        "angle": 45,
        "axis": "z",
        "origin": [
          8,
          0.84779,
          5.85
        ]
      },
      "faces": {
        "east": {
          "uv": [
            13,
            10,
            12,
            10.83333
          ],
          "texture": "#2"
        },
        "west": {
          "uv": [
            12,
            10,
            13,
            10.83333
          ],
          "texture": "#2"
        }
      }
    },
    {
      "from": [
        7.985,
        0.22279,
        9.4
      ],
      "to": [
        8.015,
        1.47279,
        10.9
      ],
      "rotation": {
        "angle": -45,
        "axis": "z",
        "origin": [
          8,
          0.84779,
          10.15
        ]
      },
      "faces": {
        "east": {
          "uv": [
            12,
            10,
            13,
            10.83333
          ],
          "texture": "#2"
        },
        "west": {
          "uv": [
            13,
            10,
            12,
            10.83333
          ],
          "texture": "#2"
        }
      }
    },
    {
      "from": [
        7.985,
        0.22279,
        9.4
      ],
      "to": [
        8.015,
        1.47279,
        10.9
      ],
      "rotation": {
        "angle": 45,
        "axis": "z",
        "origin": [
          8,
          0.84779,
          10.15
        ]
      },
      "faces": {
        "east": {
          "uv": [
            12,
            10,
            13,
            10.83333
          ],
          "texture": "#2"
        },
        "west": {
          "uv": [
            13,
            10,
            12,
            10.83333
          ],
          "texture": "#2"
        }
      }
    },
    {
      "from": [
        7.75,
        9.9,
        6
      ],
      "to": [
        8.25,
        12.4,
        8.5
      ],
      "rotation": {
        "angle": -45,
        "axis": "x",
        "origin": [
          7.75,
          9.9,
          6
        ]
      },
      "faces": {
        "north": {
          "uv": [
            9.33333,
            12.66667,
            9.66667,
            14.33333
          ],
          "texture": "#2"
        },
        "east": {
          "uv": [
            4.16667,
            4,
            5.83333,
            5.66667
          ],
          "texture": "#2"
        },
        "west": {
          "uv": [
            6.16667,
            0,
            7.83333,
            1.66667
          ],
          "texture": "#2"
        },
        "up": {
          "uv": [
            11,
            14.33333,
            10.66667,
            12.66667
          ],
          "texture": "#2"
        },
        "down": {
          "uv": [
            13.66667,
            1.33333,
            13.33333,
            3
          ],
          "texture": "#2"
        }
      }
    },
    {
      "from": [
        7.75,
        12.9,
        6
      ],
      "to": [
        8.25,
        15.4,
        8.5
      ],
      "rotation": {
        "angle": -45,
        "axis": "x",
        "origin": [
          7.75,
          12.9,
          6
        ]
      },
      "faces": {
        "north": {
          "uv": [
            2.66667,
            13.33333,
            3,
            15
          ],
          "texture": "#2"
        },
        "east": {
          "uv": [
            6.16667,
            2,
            7.83333,
            3.66667
          ],
          "texture": "#2"
        },
        "south": {
          "uv": [
            3.33333,
            13.33333,
            3.66667,
            15
          ],
          "texture": "#2"
        },
        "west": {
          "uv": [
            4.16667,
            6,
            5.83333,
            7.66667
          ],
          "texture": "#2"
        },
        "up": {
          "uv": [
            13.66667,
            5,
            13.33333,
            3.33333
          ],
          "texture": "#2"
        }
      }
    },
    {
      "from": [
        7.985,
        7.55,
        1
      ],
      "to": [
        8.015,
        18.55,
        7
      ],
      "rotation": {
        "angle": 0,
        "axis": "y",
        "origin": [
          7.985,
          8.05,
          0
        ]
      },
      "faces": {
        "east": {
          "uv": [
            4,
            0,
            0,
            7.33333
          ],
          "texture": "#2"
        },
        "west": {
          "uv": [
            0,
            0,
            4,
            7.33333
          ],
          "texture": "#2"
        }
      }
    },
    {
      "from": [
        8,
        12.45711,
        11.4
      ],
      "to": [
        9,
        13.45711,
        12.4
      ],
      "rotation": {
        "angle": 45,
        "axis": "z",
        "origin": [
          8,
          12.45711,
          11.6
        ]
      },
      "faces": {
        "north": {
          "uv": [
            8,
            13.33333,
            7.33333,
            14
          ],
          "texture": "#2"
        },
        "east": {
          "uv": [
            7.33333,
            13.33333,
            6.66667,
            14
          ],
          "texture": "#2"
        },
        "south": {
          "uv": [
            14,
            6,
            13.33333,
            6.66667
          ],
          "texture": "#2"
        },
        "west": {
          "uv": [
            8.66667,
            13.33333,
            8,
            14
          ],
          "texture": "#2"
        },
        "up": {
          "uv": [
            9.33333,
            13.33333,
            8.66667,
            14
          ],
          "texture": "#2"
        },
        "down": {
          "uv": [
            14,
            10,
            13.33333,
            9.33333
          ],
          "texture": "#2"
        }
      }
    },
    {
      "from": [
        8.2,
        12.65711,
        10
      ],
      "to": [
        8.8,
        13.25711,
        11.4
      ],
      "rotation": {
        "angle": 45,
        "axis": "z",
        "origin": [
          8,
          12.45711,
          11.6
        ]
      },
      "faces": {
        "east": {
          "uv": [
            15,
            12.66667,
            14,
            13
          ],
          "texture": "#2"
        },
        "west": {
          "uv": [
            15,
            13.33333,
            14,
            13.66667
          ],
          "texture": "#2"
        },
        "up": {
          "uv": [
            9,
            14,
            8.66667,
            15
          ],
          "texture": "#2"
        },
        "down": {
          "uv": [
            10.33333,
            15,
            10,
            14
          ],
          "texture": "#2"
        }
      }
    },
    {
      "from": [
        7.985,
        12.78921,
        12.4
      ],
      "to": [
        8.015,
        13.53921,
        13.9
      ],
      "rotation": {
        "angle": -45,
        "axis": "z",
        "origin": [
          8,
          13.16421,
          13.15
        ]
      },
      "faces": {
        "east": {
          "uv": [
            12.66667,
            5.33333,
            13.66667,
            5.83333
          ],
          "texture": "#2"
        },
        "west": {
          "uv": [
            13.66667,
            5.33333,
            12.66667,
            5.83333
          ],
          "texture": "#2"
        }
      }
    },
    {
      "from": [
        7.375,
        11.70437,
        8.40027
      ],
      "to": [
        8.625,
        12.95437,
        10.90027
      ],
      "rotation": {
        "angle": 22.5,
        "axis": "x",
        "origin": [
          7.875,
          11.70437,
          9.65027
        ]
      },
      "faces": {
        "east": {
          "uv": [
            9.66667,
            2,
            8,
            2.83333
          ],
          "texture": "#2"
        },
        "west": {
          "uv": [
            5.66667,
            8,
            4,
            8.83333
          ],
          "texture": "#2"
        },
        "up": {
          "uv": [
            6.83333,
            8,
            6,
            9.66667
          ],
          "texture": "#2"
        },
        "down": {
          "uv": [
            0.83333,
            10.5,
            0,
            8.83333
          ],
          "texture": "#2"
        }
      }
    },
    {
      "from": [
        7.3745,
        10.99765,
        9.65707
      ],
      "to": [
        8.6255,
        12.99765,
        10.90707
      ],
      "rotation": {
        "angle": -22.5,
        "axis": "x",
        "origin": [
          7.8745,
          13.99765,
          9.65707
        ]
      },
      "faces": {
        "north": {
          "uv": [
            10.16667,
            7.33333,
            9.33333,
            8.66667
          ],
          "texture": "#2"
        },
        "east": {
          "uv": [
            8.16667,
            9.33333,
            7.33333,
            10.66667
          ],
          "texture": "#2"
        },
        "south": {
          "uv": [
            4.83333,
            9.33333,
            4,
            10.66667
          ],
          "texture": "#2"
        },
        "west": {
          "uv": [
            9.5,
            9.33333,
            8.66667,
            10.66667
          ],
          "texture": "#2"
        },
        "up": {
          "uv": [
            12.83333,
            12.66667,
            12,
            13.5
          ],
          "texture": "#2"
        },
        "down": {
          "uv": [
            14.16667,
            0.83333,
            13.33333,
            0
          ],
          "texture": "#2"
        }
      }
    },
    {
      "from": [
        7.5123,
        13.04905,
        10.11568
      ],
      "to": [
        8.48769,
        14.16405,
        11.09068
      ],
      "rotation": {
        "angle": 0,
        "axis": "y",
        "origin": [
          7.9023,
          13.97405,
          9.71568
        ]
      },
      "faces": {
        "north": {
          "uv": [
            14,
            10.66667,
            13.33333,
            11.33333
          ],
          "texture": "#2"
        },
        "east": {
          "uv": [
            14,
            10,
            13.33333,
            10.66667
          ],
          "texture": "#2"
        },
        "south": {
          "uv": [
            10.66667,
            13.33333,
            10,
            14
          ],
          "texture": "#2"
        },
        "west": {
          "uv": [
            12,
            13.33333,
            11.33333,
            14
          ],
          "texture": "#2"
        },
        "up": {
          "uv": [
            14,
            12.66667,
            13.33333,
            13.33333
          ],
          "texture": "#2"
        }
      }
    },
    {
      "from": [
        7.6196,
        14.0392,
        10.49793
      ],
      "to": [
        8.3804,
        15.1039,
        11.25843
      ],
      "rotation": {
        "angle": 22.5,
        "axis": "x",
        "origin": [
          8,
          14.84655,
          10.60318
        ]
      },
      "faces": {
        "north": {
          "uv": [
            15.16667,
            0,
            14.66667,
            0.66667
          ],
          "texture": "#2"
        },
        "east": {
          "uv": [
            0.5,
            14.66667,
            0,
            15.33333
          ],
          "texture": "#2"
        },
        "south": {
          "uv": [
            14.5,
            14,
            14,
            14.66667
          ],
          "texture": "#2"
        },
        "west": {
          "uv": [
            1.16667,
            14.66667,
            0.66667,
            15.33333
          ],
          "texture": "#2"
        },
        "up": {
          "uv": [
            15.16667,
            4.66667,
            14.66667,
            5.16667
          ],
          "texture": "#2"
        }
      }
    },
    {
      "from": [
        7.72991,
        14.85816,
        11.03971
      ],
      "to": [
        8.27009,
        15.6141,
        11.57967
      ],
      "rotation": {
        "angle": 45,
        "axis": "x",
        "origin": [
          8,
          15.41113,
          11.13469
        ]
      },
      "faces": {
        "north": {
          "uv": [
            9.66667,
            14.66667,
            9.33333,
            15.16667
          ],
          "texture": "#2"
        },
        "east": {
          "uv": [
            8.33333,
            14.66667,
            8,
            15.16667
          ],
          "texture": "#2"
        },
        "south": {
          "uv": [
            7.66667,
            14.66667,
            7.33333,
            15.16667
          ],
          "texture": "#2"
        },
        "west": {
          "uv": [
            11,
            14.66667,
            10.66667,
            15.16667
          ],
          "texture": "#2"
        },
        "up": {
          "uv": [
            11.66667,
            14.66667,
            11.33333,
            15
          ],
          "texture": "#2"
        }
      }
    },
    {
      "from": [
        7.75,
        9.9,
        7.5
      ],
      "to": [
        8.25,
        12.4,
        10
      ],
      "rotation": {
        "angle": 45,
        "axis": "x",
        "origin": [
          7.75,
          9.9,
          10
        ]
      },
      "faces": {
        "east": {
          "uv": [
            5.83333,
            4,
            4.16667,
            5.66667
          ],
          "texture": "#2"
        },
        "south": {
          "uv": [
            9.66667,
            12.66667,
            9.33333,
            14.33333
          ],
          "texture": "#2"
        },
        "west": {
          "uv": [
            7.83333,
            0,
            6.16667,
            1.66667
          ],
          "texture": "#2"
        },
        "up": {
          "uv": [
            11,
            12.66667,
            10.66667,
            14.33333
          ],
          "texture": "#2"
        },
        "down": {
          "uv": [
            13.66667,
            3,
            13.33333,
            1.33333
          ],
          "texture": "#2"
        }
      }
    },
    {
      "from": [
        7.75,
        12.9,
        7.5
      ],
      "to": [
        8.25,
        15.4,
        10
      ],
      "rotation": {
        "angle": 45,
        "axis": "x",
        "origin": [
          7.75,
          12.9,
          10
        ]
      },
      "faces": {
        "north": {
          "uv": [
            3.66667,
            13.33333,
            3.33333,
            15
          ],
          "texture": "#2"
        },
        "east": {
          "uv": [
            7.83333,
            2,
            6.16667,
            3.66667
          ],
          "texture": "#2"
        },
        "south": {
          "uv": [
            3,
            13.33333,
            2.66667,
            15
          ],
          "texture": "#2"
        },
        "west": {
          "uv": [
            5.83333,
            6,
            4.16667,
            7.66667
          ],
          "texture": "#2"
        },
        "up": {
          "uv": [
            13.66667,
            3.33333,
            13.33333,
            5
          ],
          "texture": "#2"
        }
      }
    },
    {
      "from": [
        7.985,
        7.55,
        9
      ],
      "to": [
        8.015,
        18.55,
        15
      ],
      "rotation": {
        "angle": 0,
        "axis": "y",
        "origin": [
          7.985,
          8.05,
          16
        ]
      },
      "faces": {
        "east": {
          "uv": [
            0,
            0,
            4,
            7.33333
          ],
          "texture": "#2"
        },
        "west": {
          "uv": [
            4,
            0,
            0,
            7.33333
          ],
          "texture": "#2"
        }
      }
    },
    {
      "from": [
        7.985,
        12.78921,
        12.4
      ],
      "to": [
        8.015,
        13.53921,
        13.9
      ],
      "rotation": {
        "angle": 45,
        "axis": "z",
        "origin": [
          8,
          13.16421,
          13.15
        ]
      },
      "faces": {
        "east": {
          "uv": [
            12.66667,
            5.33333,
            13.66667,
            5.83333
          ],
          "texture": "#2"
        },
        "west": {
          "uv": [
            13.66667,
            5.33333,
            12.66667,
            5.83333
          ],
          "texture": "#2"
        }
      }
    },
    {
      "from": [
        7.1,
        8.15,
        3
      ],
      "to": [
        7.1,
        18.15,
        13
      ],
      "rotation": {
        "angle": 0,
        "axis": "y",
        "origin": [
          7.1,
          8.15,
          3
        ]
      },
      "faces": {
        "west": {
          "uv": [
            1.33333,
            1.33333,
            14.66667,
            14.66667
          ],
          "texture": "#1"
        }
      }
    },
    {
      "from": [
        8.9,
        8.15,
        3
      ],
      "to": [
        8.9,
        18.15,
        13
      ],
      "rotation": {
        "angle": 0,
        "axis": "y",
        "origin": [
          8.9,
          8.15,
          3
        ]
      },
      "faces": {
        "east": {
          "uv": [
            14.66667,
            1.33333,
            1.33333,
            14.66667
          ],
          "texture": "#1"
        }
      }
    }
  ],
  "gui_light": "front",
  "display": {
    "thirdperson_righthand": {
      "translation": [
        0,
        1.75,
        1
      ]
    },
    "thirdperson_lefthand": {
      "translation": [
        0,
        1.75,
        1
      ]
    },
    "firstperson_righthand": {
      "rotation": [
        5,
        0,
        0
      ],
      "translation": [
        1,
        2.75,
        2
      ]
    },
    "firstperson_lefthand": {
      "rotation": [
        5,
        0,
        0
      ],
      "translation": [
        1,
        2.75,
        2
      ]
    },
    "ground": {
      "rotation": [
        -45,
        0,
        0
      ],
      "translation": [
        0,
        5,
        0
      ],
      "scale": [
        0.7,
        0.7,
        0.7
      ]
    },
    "gui": {
      "rotation": [
        -90,
        45,
        90
      ],
      "translation": [
        1.25,
        -1.5,
        0
      ],
      "scale": [
        0.7,
        0.7,
        0.7
      ]
    },
    "head": {
      "rotation": [
        0,
        -90,
        0
      ]
    },
    "fixed": {
      "rotation": [
        0,
        -90,
        0
      ],
      "translation": [
        0,
        0,
        -1
      ],
      "scale": [
        2,
        2,
        2
      ]
    }
  },
  "USER": "48320",
  "NONCE": "e5a18b91c6507d23f5d6487c566c162a",
  "TIMESTAMP": "1757941306",
  "RESOURCE": "11909",
  "MCMODELS": "1",
  "mcmodels": "e5a18b91c6507d23f5d6487c566c162a"
}