{
  "credit": "Made with Blockbench",
  "texture_size": [
    12,
    12
  ],
  "textures": {
    "1": "item/demon/demon_mace",
    "2": "item/demon/demon_ef2_long",
    "particle": "item/demon/demon_mace"
  },
  "elements": [
    {
      "from": [
        7.25,
        1.75,
        7.25
      ],
      "to": [
        8.75,
        2.25,
        8.75
      ],
      "rotation": {
        "angle": 45,
        "axis": "y",
        "origin": [
          8,
          2.5,
          8
        ]
      },
      "faces": {
        "north": {
          "uv": [
            14.28571,
            6.85714,
            15.14286,
            7.14286
          ],
          "texture": "#1"
        },
        "east": {
          "uv": [
            14.28571,
            7.42857,
            15.14286,
            7.71429
          ],
          "texture": "#1"
        },
        "south": {
          "uv": [
            14.28571,
            8.57143,
            15.14286,
            8.85714
          ],
          "texture": "#1"
        },
        "west": {
          "uv": [
            14.28571,
            9.14286,
            15.14286,
            9.42857
          ],
          "texture": "#1"
        },
        "up": {
          "uv": [
            10,
            12.28571,
            9.14286,
            11.42857
          ],
          "texture": "#1"
        },
        "down": {
          "uv": [
            11.14286,
            11.42857,
            10.28571,
            12.28571
          ],
          "texture": "#1"
        }
      }
    },
    {
      "from": [
        7.25,
        2.5,
        7.25
      ],
      "to": [
        8.75,
        3,
        8.75
      ],
      "rotation": {
        "angle": 45,
        "axis": "y",
        "origin": [
          8,
          2.25,
          8
        ]
      },
      "faces": {
        "north": {
          "uv": [
            14.28571,
            9.71429,
            15.14286,
            10
          ],
          "texture": "#1"
        },
        "east": {
          "uv": [
            14.28571,
            10.28571,
            15.14286,
            10.57143
          ],
          "texture": "#1"
        },
        "south": {
          "uv": [
            11.42857,
            14.28571,
            12.28571,
            14.57143
          ],
          "texture": "#1"
        },
        "west": {
          "uv": [
            12.57143,
            14.28571,
            13.42857,
            14.57143
          ],
          "texture": "#1"
        },
        "up": {
          "uv": [
            12.28571,
            11.14286,
            11.42857,
            10.28571
          ],
          "texture": "#1"
        },
        "down": {
          "uv": [
            12.28571,
            11.42857,
            11.42857,
            12.28571
          ],
          "texture": "#1"
        }
      }
    },
    {
      "from": [
        7.25,
        14.15,
        7.25
      ],
      "to": [
        8.75,
        14.65,
        8.75
      ],
      "rotation": {
        "angle": 45,
        "axis": "y",
        "origin": [
          8,
          13.9,
          8
        ]
      },
      "faces": {
        "north": {
          "uv": [
            13.71429,
            14.28571,
            14.57143,
            14.57143
          ],
          "texture": "#1"
        },
        "east": {
          "uv": [
            14.28571,
            13.71429,
            15.14286,
            14
          ],
          "texture": "#1"
        },
        "south": {
          "uv": [
            0,
            14.85714,
            0.85714,
            15.14286
          ],
          "texture": "#1"
        },
        "west": {
          "uv": [
            14.85714,
            0,
            15.71429,
            0.28571
          ],
          "texture": "#1"
        },
        "up": {
          "uv": [
            12.85714,
            0.85714,
            12,
            0
          ],
          "texture": "#1"
        },
        "down": {
          "uv": [
            4.85714,
            12,
            4,
            12.85714
          ],
          "texture": "#1"
        }
      }
    },
    {
      "from": [
        7.25,
        13.4,
        7.25
      ],
      "to": [
        8.75,
        13.9,
        8.75
      ],
      "rotation": {
        "angle": 45,
        "axis": "y",
        "origin": [
          8,
          14.15,
          8
        ]
      },
      "faces": {
        "north": {
          "uv": [
            14.85714,
            0.57143,
            15.71429,
            0.85714
          ],
          "texture": "#1"
        },
        "east": {
          "uv": [
            1.14286,
            14.85714,
            2,
            15.14286
          ],
          "texture": "#1"
        },
        "south": {
          "uv": [
            14.85714,
            1.14286,
            15.71429,
            1.42857
          ],
          "texture": "#1"
        },
        "west": {
          "uv": [
            14.85714,
            1.71429,
            15.71429,
            2
          ],
          "texture": "#1"
        },
        "up": {
          "uv": [
            12.85714,
            4.85714,
            12,
            4
          ],
          "texture": "#1"
        },
        "down": {
          "uv": [
            12.85714,
            9.14286,
            12,
            10
          ],
          "texture": "#1"
        }
      }
    },
    {
      "from": [
        7.25,
        -0.15,
        7.7
      ],
      "to": [
        8.75,
        1.45,
        9.3
      ],
      "rotation": {
        "angle": -45,
        "axis": "x",
        "origin": [
          7.5,
          0.15,
          8
        ]
      },
      "faces": {
        "north": {
          "uv": [
            12.57143,
            1.14286,
            13.42857,
            2
          ],
          "texture": "#1"
        },
        "east": {
          "uv": [
            12.57143,
            5.14286,
            13.42857,
            6
          ],
          "texture": "#1"
        },
        "south": {
          "uv": [
            12.57143,
            6.28571,
            13.42857,
            7.14286
          ],
          "texture": "#1"
        },
        "west": {
          "uv": [
            6.85714,
            12.57143,
            7.71429,
            13.42857
          ],
          "texture": "#1"
        },
        "up": {
          "uv": [
            13.42857,
            8.28571,
            12.57143,
            7.42857
          ],
          "texture": "#1"
        },
        "down": {
          "uv": [
            8.85714,
            12.57143,
            8,
            13.42857
          ],
          "texture": "#1"
        }
      }
    },
    {
      "from": [
        7,
        0.1,
        7.95
      ],
      "to": [
        9,
        1.2,
        9.05
      ],
      "rotation": {
        "angle": -45,
        "axis": "x",
        "origin": [
          7.5,
          0.15,
          8
        ]
      },
      "faces": {
        "north": {
          "uv": [
            13.14286,
            4.57143,
            14.28571,
            5.14286
          ],
          "texture": "#1"
        },
        "east": {
          "uv": [
            4,
            11.42857,
            4.57143,
            12
          ],
          "texture": "#1"
        },
        "south": {
          "uv": [
            13.14286,
            9.14286,
            14.28571,
            9.71429
          ],
          "texture": "#1"
        },
        "west": {
          "uv": [
            12,
            1.14286,
            12.57143,
            1.71429
          ],
          "texture": "#1"
        },
        "up": {
          "uv": [
            14.28571,
            10.28571,
            13.14286,
            9.71429
          ],
          "texture": "#1"
        },
        "down": {
          "uv": [
            14.28571,
            10.28571,
            13.14286,
            10.85714
          ],
          "texture": "#1"
        }
      }
    },
    {
      "from": [
        6.25,
        23.95,
        7.7
      ],
      "to": [
        9.75,
        26.55,
        10.3
      ],
      "rotation": {
        "angle": -45,
        "axis": "x",
        "origin": [
          7.5,
          24.25,
          8
        ]
      },
      "faces": {
        "north": {
          "uv": [
            5.71429,
            3.42857,
            7.71429,
            4.85714
          ],
          "texture": "#1"
        },
        "east": {
          "uv": [
            8.57143,
            5.14286,
            10,
            6.57143
          ],
          "texture": "#1"
        },
        "south": {
          "uv": [
            5.14286,
            5.71429,
            7.14286,
            7.14286
          ],
          "texture": "#1"
        },
        "west": {
          "uv": [
            6.85714,
            8.57143,
            8.28571,
            10
          ],
          "texture": "#1"
        },
        "up": {
          "uv": [
            2,
            8.85714,
            0,
            7.42857
          ],
          "texture": "#1"
        },
        "down": {
          "uv": [
            9.42857,
            0,
            7.42857,
            1.42857
          ],
          "texture": "#1"
        }
      }
    },
    {
      "from": [
        6,
        24.45,
        8.2
      ],
      "to": [
        10,
        26.05,
        9.8
      ],
      "rotation": {
        "angle": -45,
        "axis": "x",
        "origin": [
          7.5,
          24.25,
          8
        ]
      },
      "faces": {
        "north": {
          "uv": [
            8.57143,
            6.85714,
            10.85714,
            7.71429
          ],
          "texture": "#1"
        },
        "east": {
          "uv": [
            9.14286,
            12.57143,
            10,
            13.42857
          ],
          "texture": "#1"
        },
        "south": {
          "uv": [
            8.57143,
            8,
            10.85714,
            8.85714
          ],
          "texture": "#1"
        },
        "west": {
          "uv": [
            10.28571,
            12.57143,
            11.14286,
            13.42857
          ],
          "texture": "#1"
        },
        "up": {
          "uv": [
            2.28571,
            10,
            0,
            9.14286
          ],
          "texture": "#1"
        },
        "down": {
          "uv": [
            11.42857,
            1.71429,
            9.14286,
            2.57143
          ],
          "texture": "#1"
        }
      }
    },
    {
      "from": [
        7.29289,
        0.75,
        8
      ],
      "to": [
        8.29289,
        3.25,
        9
      ],
      "rotation": {
        "angle": 45,
        "axis": "y",
        "origin": [
          7.29289,
          0.75,
          8
        ]
      },
      "faces": {
        "north": {
          "uv": [
            7.42857,
            1.71429,
            8,
            3.14286
          ],
          "texture": "#1"
        },
        "east": {
          "uv": [
            2.28571,
            11.42857,
            2.85714,
            12.85714
          ],
          "texture": "#1"
        },
        "south": {
          "uv": [
            2.85714,
            11.42857,
            3.42857,
            12.85714
          ],
          "texture": "#1"
        },
        "west": {
          "uv": [
            3.42857,
            11.42857,
            4,
            12.85714
          ],
          "texture": "#1"
        },
        "up": {
          "uv": [
            13.14286,
            2.85714,
            12.57143,
            2.28571
          ],
          "texture": "#1"
        },
        "down": {
          "uv": [
            14.28571,
            13.71429,
            13.71429,
            14.28571
          ],
          "texture": "#1"
        }
      }
    },
    {
      "from": [
        7.39289,
        10.25,
        8.1
      ],
      "to": [
        8.19289,
        13.15,
        8.9
      ],
      "rotation": {
        "angle": 45,
        "axis": "y",
        "origin": [
          7.29289,
          10.25,
          8
        ]
      },
      "faces": {
        "north": {
          "uv": [
            5.14286,
            12,
            5.57143,
            13.71429
          ],
          "texture": "#1"
        },
        "east": {
          "uv": [
            12.57143,
            10.28571,
            13,
            12
          ],
          "texture": "#1"
        },
        "south": {
          "uv": [
            11.42857,
            12.57143,
            11.85714,
            14.28571
          ],
          "texture": "#1"
        },
        "west": {
          "uv": [
            12,
            12.57143,
            12.42857,
            14.28571
          ],
          "texture": "#1"
        }
      }
    },
    {
      "from": [
        7.29289,
        13.15,
        8
      ],
      "to": [
        8.29289,
        14.9,
        9
      ],
      "rotation": {
        "angle": 45,
        "axis": "y",
        "origin": [
          7.29289,
          7.65,
          8
        ]
      },
      "faces": {
        "north": {
          "uv": [
            5.14286,
            13.71429,
            5.71429,
            14.71429
          ],
          "texture": "#1"
        },
        "east": {
          "uv": [
            6.85714,
            13.71429,
            7.42857,
            14.71429
          ],
          "texture": "#1"
        },
        "south": {
          "uv": [
            13.71429,
            6.85714,
            14.28571,
            7.85714
          ],
          "texture": "#1"
        },
        "west": {
          "uv": [
            7.42857,
            13.71429,
            8,
            14.71429
          ],
          "texture": "#1"
        },
        "up": {
          "uv": [
            0.57143,
            14.85714,
            0,
            14.28571
          ],
          "texture": "#1"
        },
        "down": {
          "uv": [
            14.85714,
            0,
            14.28571,
            0.57143
          ],
          "texture": "#1"
        }
      }
    },
    {
      "from": [
        7.25,
        9.5,
        7.25
      ],
      "to": [
        8.75,
        10,
        8.75
      ],
      "rotation": {
        "angle": 45,
        "axis": "y",
        "origin": [
          8,
          9.25,
          8
        ]
      },
      "faces": {
        "north": {
          "uv": [
            13.71429,
            14.28571,
            14.57143,
            14.57143
          ],
          "texture": "#1"
        },
        "east": {
          "uv": [
            14.28571,
            13.71429,
            15.14286,
            14
          ],
          "texture": "#1"
        },
        "south": {
          "uv": [
            0,
            14.85714,
            0.85714,
            15.14286
          ],
          "texture": "#1"
        },
        "west": {
          "uv": [
            14.85714,
            0,
            15.71429,
            0.28571
          ],
          "texture": "#1"
        },
        "up": {
          "uv": [
            12.85714,
            0.85714,
            12,
            0
          ],
          "texture": "#1"
        },
        "down": {
          "uv": [
            4.85714,
            12,
            4,
            12.85714
          ],
          "texture": "#1"
        }
      }
    },
    {
      "from": [
        7.25,
        8.75,
        7.25
      ],
      "to": [
        8.75,
        9.25,
        8.75
      ],
      "rotation": {
        "angle": 45,
        "axis": "y",
        "origin": [
          8,
          9.5,
          8
        ]
      },
      "faces": {
        "north": {
          "uv": [
            14.85714,
            0.57143,
            15.71429,
            0.85714
          ],
          "texture": "#1"
        },
        "east": {
          "uv": [
            1.14286,
            14.85714,
            2,
            15.14286
          ],
          "texture": "#1"
        },
        "south": {
          "uv": [
            14.85714,
            1.14286,
            15.71429,
            1.42857
          ],
          "texture": "#1"
        },
        "west": {
          "uv": [
            14.85714,
            1.71429,
            15.71429,
            2
          ],
          "texture": "#1"
        },
        "up": {
          "uv": [
            12.85714,
            4.85714,
            12,
            4
          ],
          "texture": "#1"
        },
        "down": {
          "uv": [
            12.85714,
            9.14286,
            12,
            10
          ],
          "texture": "#1"
        }
      }
    },
    {
      "from": [
        7.29289,
        8.5,
        8
      ],
      "to": [
        8.29289,
        10.25,
        9
      ],
      "rotation": {
        "angle": 45,
        "axis": "y",
        "origin": [
          7.29289,
          3,
          8
        ]
      },
      "faces": {
        "north": {
          "uv": [
            5.14286,
            13.71429,
            5.71429,
            14.71429
          ],
          "texture": "#1"
        },
        "east": {
          "uv": [
            6.85714,
            13.71429,
            7.42857,
            14.71429
          ],
          "texture": "#1"
        },
        "south": {
          "uv": [
            13.71429,
            6.85714,
            14.28571,
            7.85714
          ],
          "texture": "#1"
        },
        "west": {
          "uv": [
            7.42857,
            13.71429,
            8,
            14.71429
          ],
          "texture": "#1"
        },
        "up": {
          "uv": [
            0.57143,
            14.85714,
            0,
            14.28571
          ],
          "texture": "#1"
        },
        "down": {
          "uv": [
            14.85714,
            0,
            14.28571,
            0.57143
          ],
          "texture": "#1"
        }
      }
    },
    {
      "from": [
        7.29289,
        20.15,
        8
      ],
      "to": [
        8.29289,
        22.15,
        9
      ],
      "rotation": {
        "angle": 45,
        "axis": "y",
        "origin": [
          7.29289,
          9.65,
          8
        ]
      },
      "faces": {
        "north": {
          "uv": [
            1.71429,
            4.57143,
            2.28571,
            5.71429
          ],
          "texture": "#1"
        },
        "east": {
          "uv": [
            6.85714,
            7.42857,
            7.42857,
            8.57143
          ],
          "texture": "#1"
        },
        "south": {
          "uv": [
            6.28571,
            13.14286,
            6.85714,
            14.28571
          ],
          "texture": "#1"
        },
        "west": {
          "uv": [
            13.14286,
            10.85714,
            13.71429,
            12
          ],
          "texture": "#1"
        },
        "up": {
          "uv": [
            1.14286,
            14.85714,
            0.57143,
            14.28571
          ],
          "texture": "#1"
        },
        "down": {
          "uv": [
            14.85714,
            0.57143,
            14.28571,
            1.14286
          ],
          "texture": "#1"
        }
      }
    },
    {
      "from": [
        7.25,
        21.15,
        7.25
      ],
      "to": [
        8.75,
        21.65,
        8.75
      ],
      "rotation": {
        "angle": 45,
        "axis": "y",
        "origin": [
          8,
          15.9,
          8
        ]
      },
      "faces": {
        "north": {
          "uv": [
            2.28571,
            14.85714,
            3.14286,
            15.14286
          ],
          "texture": "#1"
        },
        "east": {
          "uv": [
            14.85714,
            2.28571,
            15.71429,
            2.57143
          ],
          "texture": "#1"
        },
        "south": {
          "uv": [
            14.85714,
            2.85714,
            15.71429,
            3.14286
          ],
          "texture": "#1"
        },
        "west": {
          "uv": [
            3.42857,
            14.85714,
            4.28571,
            15.14286
          ],
          "texture": "#1"
        },
        "up": {
          "uv": [
            13.42857,
            12.85714,
            12.57143,
            12
          ],
          "texture": "#1"
        },
        "down": {
          "uv": [
            0.85714,
            13.14286,
            0,
            14
          ],
          "texture": "#1"
        }
      }
    },
    {
      "from": [
        7.25,
        20.4,
        7.25
      ],
      "to": [
        8.75,
        20.9,
        8.75
      ],
      "rotation": {
        "angle": 45,
        "axis": "y",
        "origin": [
          8,
          16.15,
          8
        ]
      },
      "faces": {
        "north": {
          "uv": [
            14.85714,
            3.42857,
            15.71429,
            3.71429
          ],
          "texture": "#1"
        },
        "east": {
          "uv": [
            14.85714,
            4,
            15.71429,
            4.28571
          ],
          "texture": "#1"
        },
        "south": {
          "uv": [
            4.57143,
            14.85714,
            5.42857,
            15.14286
          ],
          "texture": "#1"
        },
        "west": {
          "uv": [
            14.85714,
            4.57143,
            15.71429,
            4.85714
          ],
          "texture": "#1"
        },
        "up": {
          "uv": [
            14,
            0.85714,
            13.14286,
            0
          ],
          "texture": "#1"
        },
        "down": {
          "uv": [
            2,
            13.14286,
            1.14286,
            14
          ],
          "texture": "#1"
        }
      }
    },
    {
      "from": [
        7.14289,
        14.9,
        7.85
      ],
      "to": [
        8.44289,
        20.15,
        9.15
      ],
      "rotation": {
        "angle": 45,
        "axis": "y",
        "origin": [
          7.29289,
          7.65,
          8
        ]
      },
      "faces": {
        "north": {
          "uv": [
            4.57143,
            7.42857,
            5.28571,
            10.42857
          ],
          "texture": "#1"
        },
        "east": {
          "uv": [
            7.42857,
            5.14286,
            8.14286,
            8.14286
          ],
          "texture": "#1"
        },
        "south": {
          "uv": [
            5.71429,
            7.42857,
            6.42857,
            10.42857
          ],
          "texture": "#1"
        },
        "west": {
          "uv": [
            8,
            1.71429,
            8.71429,
            4.71429
          ],
          "texture": "#1"
        },
        "up": {
          "uv": [
            8.71429,
            14.42857,
            8,
            13.71429
          ],
          "texture": "#1"
        },
        "down": {
          "uv": [
            9.85714,
            13.71429,
            9.14286,
            14.42857
          ],
          "texture": "#1"
        }
      }
    },
    {
      "from": [
        7.14289,
        3.25,
        7.85
      ],
      "to": [
        8.44289,
        8.5,
        9.15
      ],
      "rotation": {
        "angle": 45,
        "axis": "y",
        "origin": [
          7.29289,
          -4,
          8
        ]
      },
      "faces": {
        "north": {
          "uv": [
            4.57143,
            7.42857,
            5.28571,
            10.42857
          ],
          "texture": "#1"
        },
        "east": {
          "uv": [
            7.42857,
            5.14286,
            8.14286,
            8.14286
          ],
          "texture": "#1"
        },
        "south": {
          "uv": [
            5.71429,
            7.42857,
            6.42857,
            10.42857
          ],
          "texture": "#1"
        },
        "west": {
          "uv": [
            8,
            1.71429,
            8.71429,
            4.71429
          ],
          "texture": "#1"
        },
        "up": {
          "uv": [
            8.71429,
            14.42857,
            8,
            13.71429
          ],
          "texture": "#1"
        },
        "down": {
          "uv": [
            9.85714,
            13.71429,
            9.14286,
            14.42857
          ],
          "texture": "#1"
        }
      }
    },
    {
      "from": [
        9.75,
        25.16421,
        5.48652
      ],
      "to": [
        10.75,
        26.16421,
        6.48652
      ],
      "rotation": {
        "angle": -45,
        "axis": "x",
        "origin": [
          10.875,
          25.66421,
          5.98652
        ]
      },
      "faces": {
        "north": {
          "uv": [
            14.28571,
            2.28571,
            14.85714,
            2.85714
          ],
          "texture": "#1"
        },
        "east": {
          "uv": [
            1.14286,
            14.28571,
            1.71429,
            14.85714
          ],
          "texture": "#1"
        },
        "south": {
          "uv": [
            1.71429,
            14.28571,
            2.28571,
            14.85714
          ],
          "texture": "#1"
        },
        "west": {
          "uv": [
            2.28571,
            14.28571,
            2.85714,
            14.85714
          ],
          "texture": "#1"
        },
        "up": {
          "uv": [
            3.42857,
            14.85714,
            2.85714,
            14.28571
          ],
          "rotation": 90,
          "texture": "#1"
        },
        "down": {
          "uv": [
            14.85714,
            2.85714,
            14.28571,
            3.42857
          ],
          "rotation": 270,
          "texture": "#1"
        }
      }
    },
    {
      "from": [
        10.75,
        25.28921,
        5.97152
      ],
      "to": [
        12.25,
        26.03921,
        6.00152
      ],
      "rotation": {
        "angle": -45,
        "axis": "x",
        "origin": [
          10.875,
          25.66421,
          5.98652
        ]
      },
      "faces": {
        "north": {
          "uv": [
            13.71429,
            13.14286,
            14.57143,
            13.57143
          ],
          "texture": "#1"
        },
        "south": {
          "uv": [
            14.57143,
            13.14286,
            13.71429,
            13.57143
          ],
          "texture": "#1"
        }
      }
    },
    {
      "from": [
        10.75,
        25.64921,
        5.61152
      ],
      "to": [
        12.25,
        25.67921,
        6.36152
      ],
      "rotation": {
        "angle": -45,
        "axis": "x",
        "origin": [
          10.875,
          25.66421,
          5.98652
        ]
      },
      "faces": {
        "up": {
          "uv": [
            13.71429,
            13.14286,
            14.57143,
            13.57143
          ],
          "rotation": 180,
          "texture": "#1"
        },
        "down": {
          "uv": [
            14.57143,
            13.14286,
            13.71429,
            13.57143
          ],
          "texture": "#1"
        }
      }
    },
    {
      "from": [
        5.25,
        25.16421,
        5.48652
      ],
      "to": [
        6.25,
        26.16421,
        6.48652
      ],
      "rotation": {
        "angle": -45,
        "axis": "x",
        "origin": [
          5.125,
          25.66421,
          5.98652
        ]
      },
      "faces": {
        "north": {
          "uv": [
            14.85714,
            2.28571,
            14.28571,
            2.85714
          ],
          "texture": "#1"
        },
        "east": {
          "uv": [
            2.85714,
            14.28571,
            2.28571,
            14.85714
          ],
          "texture": "#1"
        },
        "south": {
          "uv": [
            2.28571,
            14.28571,
            1.71429,
            14.85714
          ],
          "texture": "#1"
        },
        "west": {
          "uv": [
            1.71429,
            14.28571,
            1.14286,
            14.85714
          ],
          "texture": "#1"
        },
        "up": {
          "uv": [
            3.42857,
            14.28571,
            2.85714,
            14.85714
          ],
          "rotation": 90,
          "texture": "#1"
        },
        "down": {
          "uv": [
            14.85714,
            3.42857,
            14.28571,
            2.85714
          ],
          "rotation": 270,
          "texture": "#1"
        }
      }
    },
    {
      "from": [
        3.75,
        25.64921,
        5.61152
      ],
      "to": [
        5.25,
        25.67921,
        6.36152
      ],
      "rotation": {
        "angle": -45,
        "axis": "x",
        "origin": [
          5.125,
          25.66421,
          5.98652
        ]
      },
      "faces": {
        "up": {
          "uv": [
            14.57143,
            13.14286,
            13.71429,
            13.57143
          ],
          "rotation": 180,
          "texture": "#1"
        },
        "down": {
          "uv": [
            13.71429,
            13.14286,
            14.57143,
            13.57143
          ],
          "texture": "#1"
        }
      }
    },
    {
      "from": [
        3.75,
        25.28921,
        5.97152
      ],
      "to": [
        5.25,
        26.03921,
        6.00152
      ],
      "rotation": {
        "angle": -45,
        "axis": "x",
        "origin": [
          5.125,
          25.66421,
          5.98652
        ]
      },
      "faces": {
        "north": {
          "uv": [
            14.57143,
            13.14286,
            13.71429,
            13.57143
          ],
          "texture": "#1"
        },
        "south": {
          "uv": [
            13.71429,
            13.14286,
            14.57143,
            13.57143
          ],
          "texture": "#1"
        }
      }
    },
    {
      "from": [
        7.375,
        20.9,
        3.75
      ],
      "to": [
        8.625,
        23.4,
        5
      ],
      "rotation": {
        "angle": 0,
        "axis": "x",
        "origin": [
          8,
          22.12619,
          2.80549
        ]
      },
      "faces": {
        "north": {
          "uv": [
            0.71429,
            12.85714,
            0,
            11.42857
          ],
          "rotation": 180,
          "texture": "#1"
        },
        "east": {
          "uv": [
            10.85714,
            6.85714,
            12.28571,
            7.57143
          ],
          "rotation": 90,
          "texture": "#1"
        },
        "south": {
          "uv": [
            1.85714,
            11.42857,
            1.14286,
            12.85714
          ],
          "texture": "#1"
        },
        "west": {
          "uv": [
            10.85714,
            8,
            12.28571,
            8.71429
          ],
          "rotation": 270,
          "texture": "#1"
        }
      }
    },
    {
      "from": [
        7.3745,
        19.70739,
        2.2402
      ],
      "to": [
        8.6255,
        21.70739,
        3.4902
      ],
      "rotation": {
        "angle": -45,
        "axis": "x",
        "origin": [
          8,
          22.12619,
          2.80549
        ]
      },
      "faces": {
        "north": {
          "uv": [
            10.85714,
            9.14286,
            11.57143,
            10.28571
          ],
          "texture": "#1"
        },
        "east": {
          "uv": [
            11.42857,
            1.71429,
            12.14286,
            2.85714
          ],
          "texture": "#1"
        },
        "south": {
          "uv": [
            6.85714,
            11.42857,
            7.57143,
            12.57143
          ],
          "texture": "#1"
        },
        "west": {
          "uv": [
            8,
            11.42857,
            8.71429,
            12.57143
          ],
          "texture": "#1"
        },
        "up": {
          "uv": [
            11,
            14.42857,
            10.28571,
            13.71429
          ],
          "texture": "#1"
        },
        "down": {
          "uv": [
            14.42857,
            10.85714,
            13.71429,
            11.57143
          ],
          "texture": "#1"
        }
      }
    },
    {
      "from": [
        7.5123,
        21.54758,
        2.36416
      ],
      "to": [
        8.48769,
        22.52258,
        3.47916
      ],
      "rotation": {
        "angle": 22.5,
        "axis": "x",
        "origin": [
          8,
          22.12619,
          2.80549
        ]
      },
      "faces": {
        "north": {
          "uv": [
            14.85714,
            5.14286,
            14.28571,
            4.57143
          ],
          "rotation": 180,
          "texture": "#1"
        },
        "east": {
          "uv": [
            14.28571,
            3.42857,
            14.85714,
            4
          ],
          "rotation": 90,
          "texture": "#1"
        },
        "west": {
          "uv": [
            14.28571,
            4,
            14.85714,
            4.57143
          ],
          "rotation": 270,
          "texture": "#1"
        },
        "up": {
          "uv": [
            4,
            14.28571,
            4.57143,
            14.85714
          ],
          "texture": "#1"
        },
        "down": {
          "uv": [
            3.42857,
            14.28571,
            4,
            14.85714
          ],
          "rotation": 180,
          "texture": "#1"
        }
      }
    },
    {
      "from": [
        7.6196,
        21.81684,
        1.47499
      ],
      "to": [
        8.3804,
        22.57734,
        2.53969
      ],
      "rotation": {
        "angle": 0,
        "axis": "x",
        "origin": [
          8,
          22.12619,
          2.80549
        ]
      },
      "faces": {
        "north": {
          "uv": [
            6.71429,
            15.28571,
            6.28571,
            14.85714
          ],
          "rotation": 180,
          "texture": "#1"
        },
        "east": {
          "uv": [
            14.85714,
            5.14286,
            15.28571,
            5.71429
          ],
          "rotation": 90,
          "texture": "#1"
        },
        "west": {
          "uv": [
            14.85714,
            5.71429,
            15.28571,
            6.28571
          ],
          "rotation": 270,
          "texture": "#1"
        },
        "up": {
          "uv": [
            5.71429,
            14.85714,
            6.14286,
            15.42857
          ],
          "texture": "#1"
        },
        "down": {
          "uv": [
            6.28571,
            14.28571,
            6.71429,
            14.85714
          ],
          "rotation": 180,
          "texture": "#1"
        }
      }
    },
    {
      "from": [
        7.72991,
        22.43484,
        0.96838
      ],
      "to": [
        8.27009,
        22.9748,
        1.72432
      ],
      "rotation": {
        "angle": -22.5,
        "axis": "x",
        "origin": [
          8,
          22.12619,
          2.80549
        ]
      },
      "faces": {
        "north": {
          "uv": [
            9.42857,
            15.14286,
            9.14286,
            14.85714
          ],
          "rotation": 180,
          "texture": "#1"
        },
        "east": {
          "uv": [
            8,
            14.85714,
            8.28571,
            15.28571
          ],
          "rotation": 90,
          "texture": "#1"
        },
        "west": {
          "uv": [
            8.57143,
            14.85714,
            8.85714,
            15.28571
          ],
          "rotation": 270,
          "texture": "#1"
        },
        "up": {
          "uv": [
            14.85714,
            8,
            15.14286,
            8.42857
          ],
          "texture": "#1"
        },
        "down": {
          "uv": [
            7.42857,
            14.85714,
            7.71429,
            15.28571
          ],
          "rotation": 180,
          "texture": "#1"
        }
      }
    },
    {
      "from": [
        7.375,
        27.85,
        3.75
      ],
      "to": [
        8.625,
        30.35,
        5
      ],
      "rotation": {
        "angle": 0,
        "axis": "x",
        "origin": [
          8,
          29.12381,
          2.80549
        ]
      },
      "faces": {
        "north": {
          "uv": [
            0.71429,
            11.42857,
            0,
            12.85714
          ],
          "rotation": 180,
          "texture": "#1"
        },
        "east": {
          "uv": [
            12.28571,
            6.85714,
            10.85714,
            7.57143
          ],
          "rotation": 90,
          "texture": "#1"
        },
        "south": {
          "uv": [
            1.85714,
            12.85714,
            1.14286,
            11.42857
          ],
          "texture": "#1"
        },
        "west": {
          "uv": [
            12.28571,
            8,
            10.85714,
            8.71429
          ],
          "rotation": 270,
          "texture": "#1"
        }
      }
    },
    {
      "from": [
        7.3745,
        29.54261,
        2.2402
      ],
      "to": [
        8.6255,
        31.54261,
        3.4902
      ],
      "rotation": {
        "angle": 45,
        "axis": "x",
        "origin": [
          8,
          29.12381,
          2.80549
        ]
      },
      "faces": {
        "north": {
          "uv": [
            10.85714,
            10.28571,
            11.57143,
            9.14286
          ],
          "texture": "#1"
        },
        "east": {
          "uv": [
            11.42857,
            2.85714,
            12.14286,
            1.71429
          ],
          "texture": "#1"
        },
        "south": {
          "uv": [
            6.85714,
            12.57143,
            7.57143,
            11.42857
          ],
          "texture": "#1"
        },
        "west": {
          "uv": [
            8,
            12.57143,
            8.71429,
            11.42857
          ],
          "texture": "#1"
        },
        "up": {
          "uv": [
            14.42857,
            11.57143,
            13.71429,
            10.85714
          ],
          "texture": "#1"
        },
        "down": {
          "uv": [
            11,
            13.71429,
            10.28571,
            14.42857
          ],
          "texture": "#1"
        }
      }
    },
    {
      "from": [
        7.5123,
        28.72742,
        2.36416
      ],
      "to": [
        8.48769,
        29.70242,
        3.47916
      ],
      "rotation": {
        "angle": -22.5,
        "axis": "x",
        "origin": [
          8,
          29.12381,
          2.80549
        ]
      },
      "faces": {
        "north": {
          "uv": [
            14.85714,
            4.57143,
            14.28571,
            5.14286
          ],
          "rotation": 180,
          "texture": "#1"
        },
        "east": {
          "uv": [
            14.85714,
            3.42857,
            14.28571,
            4
          ],
          "rotation": 90,
          "texture": "#1"
        },
        "west": {
          "uv": [
            14.85714,
            4,
            14.28571,
            4.57143
          ],
          "rotation": 270,
          "texture": "#1"
        },
        "up": {
          "uv": [
            3.42857,
            14.85714,
            4,
            14.28571
          ],
          "rotation": 180,
          "texture": "#1"
        },
        "down": {
          "uv": [
            4,
            14.85714,
            4.57143,
            14.28571
          ],
          "texture": "#1"
        }
      }
    },
    {
      "from": [
        7.6196,
        28.67266,
        1.47499
      ],
      "to": [
        8.3804,
        29.43316,
        2.53969
      ],
      "rotation": {
        "angle": 0,
        "axis": "x",
        "origin": [
          8,
          29.12381,
          2.80549
        ]
      },
      "faces": {
        "north": {
          "uv": [
            6.71429,
            14.85714,
            6.28571,
            15.28571
          ],
          "rotation": 180,
          "texture": "#1"
        },
        "east": {
          "uv": [
            15.28571,
            5.14286,
            14.85714,
            5.71429
          ],
          "rotation": 90,
          "texture": "#1"
        },
        "west": {
          "uv": [
            15.28571,
            5.71429,
            14.85714,
            6.28571
          ],
          "rotation": 270,
          "texture": "#1"
        },
        "up": {
          "uv": [
            6.28571,
            14.85714,
            6.71429,
            14.28571
          ],
          "rotation": 180,
          "texture": "#1"
        },
        "down": {
          "uv": [
            5.71429,
            15.42857,
            6.14286,
            14.85714
          ],
          "texture": "#1"
        }
      }
    },
    {
      "from": [
        7.72991,
        28.2752,
        0.96838
      ],
      "to": [
        8.27009,
        28.81516,
        1.72432
      ],
      "rotation": {
        "angle": 22.5,
        "axis": "x",
        "origin": [
          8,
          29.12381,
          2.80549
        ]
      },
      "faces": {
        "north": {
          "uv": [
            9.42857,
            14.85714,
            9.14286,
            15.14286
          ],
          "rotation": 180,
          "texture": "#1"
        },
        "east": {
          "uv": [
            8.28571,
            14.85714,
            8,
            15.28571
          ],
          "rotation": 90,
          "texture": "#1"
        },
        "west": {
          "uv": [
            8.85714,
            14.85714,
            8.57143,
            15.28571
          ],
          "rotation": 270,
          "texture": "#1"
        },
        "up": {
          "uv": [
            7.42857,
            15.28571,
            7.71429,
            14.85714
          ],
          "rotation": 180,
          "texture": "#1"
        },
        "down": {
          "uv": [
            14.85714,
            8.42857,
            15.14286,
            8
          ],
          "texture": "#1"
        }
      }
    },
    {
      "from": [
        8.1,
        0.25,
        6.6
      ],
      "to": [
        8.9,
        1.05,
        9.4
      ],
      "rotation": {
        "angle": 45,
        "axis": "z",
        "origin": [
          8,
          0.15,
          7.5
        ]
      },
      "faces": {
        "north": {
          "uv": [
            14.85714,
            6.28571,
            15.28571,
            6.71429
          ],
          "texture": "#1"
        },
        "east": {
          "uv": [
            5.71429,
            5.14286,
            7.28571,
            5.57143
          ],
          "texture": "#1"
        },
        "south": {
          "uv": [
            6.85714,
            14.85714,
            7.28571,
            15.28571
          ],
          "texture": "#1"
        },
        "west": {
          "uv": [
            12.57143,
            8.57143,
            14.14286,
            9
          ],
          "texture": "#1"
        },
        "up": {
          "uv": [
            5,
            14.71429,
            4.57143,
            13.14286
          ],
          "texture": "#1"
        },
        "down": {
          "uv": [
            6.14286,
            13.14286,
            5.71429,
            14.71429
          ],
          "texture": "#1"
        }
      }
    },
    {
      "from": [
        7.985,
        0.22279,
        5.1
      ],
      "to": [
        8.015,
        1.47279,
        6.6
      ],
      "rotation": {
        "angle": 45,
        "axis": "z",
        "origin": [
          8,
          0.84779,
          5.85
        ]
      },
      "faces": {
        "east": {
          "uv": [
            14.57143,
            5.71429,
            13.71429,
            6.42857
          ],
          "texture": "#1"
        },
        "west": {
          "uv": [
            13.71429,
            5.71429,
            14.57143,
            6.42857
          ],
          "texture": "#1"
        }
      }
    },
    {
      "from": [
        7.985,
        0.22279,
        5.1
      ],
      "to": [
        8.015,
        1.47279,
        6.6
      ],
      "rotation": {
        "angle": -45,
        "axis": "z",
        "origin": [
          8,
          0.84779,
          5.85
        ]
      },
      "faces": {
        "east": {
          "uv": [
            14.57143,
            5.71429,
            13.71429,
            6.42857
          ],
          "texture": "#1"
        },
        "west": {
          "uv": [
            13.71429,
            5.71429,
            14.57143,
            6.42857
          ],
          "texture": "#1"
        }
      }
    },
    {
      "from": [
        7.985,
        0.22279,
        9.4
      ],
      "to": [
        8.015,
        1.47279,
        10.9
      ],
      "rotation": {
        "angle": 45,
        "axis": "z",
        "origin": [
          8,
          0.84779,
          10.15
        ]
      },
      "faces": {
        "east": {
          "uv": [
            13.71429,
            5.71429,
            14.57143,
            6.42857
          ],
          "texture": "#1"
        },
        "west": {
          "uv": [
            14.57143,
            5.71429,
            13.71429,
            6.42857
          ],
          "texture": "#1"
        }
      }
    },
    {
      "from": [
        7.985,
        0.22279,
        9.4
      ],
      "to": [
        8.015,
        1.47279,
        10.9
      ],
      "rotation": {
        "angle": -45,
        "axis": "z",
        "origin": [
          8,
          0.84779,
          10.15
        ]
      },
      "faces": {
        "east": {
          "uv": [
            13.71429,
            5.71429,
            14.57143,
            6.42857
          ],
          "texture": "#1"
        },
        "west": {
          "uv": [
            14.57143,
            5.71429,
            13.71429,
            6.42857
          ],
          "texture": "#1"
        }
      }
    },
    {
      "from": [
        6.58579,
        22.15,
        8
      ],
      "to": [
        8.58579,
        23.15,
        10
      ],
      "rotation": {
        "angle": 45,
        "axis": "y",
        "origin": [
          6.58579,
          22.15,
          8
        ]
      },
      "faces": {
        "north": {
          "uv": [
            12.57143,
            13.14286,
            13.71429,
            13.71429
          ],
          "texture": "#1"
        },
        "east": {
          "uv": [
            13.71429,
            1.14286,
            14.85714,
            1.71429
          ],
          "texture": "#1"
        },
        "south": {
          "uv": [
            13.71429,
            1.71429,
            14.85714,
            2.28571
          ],
          "texture": "#1"
        },
        "west": {
          "uv": [
            13.71429,
            5.14286,
            14.85714,
            5.71429
          ],
          "texture": "#1"
        },
        "up": {
          "uv": [
            12,
            5.14286,
            10.85714,
            4
          ],
          "texture": "#1"
        },
        "down": {
          "uv": [
            5.71429,
            10.85714,
            4.57143,
            12
          ],
          "texture": "#1"
        }
      }
    },
    {
      "from": [
        6.83579,
        23.15,
        8.25
      ],
      "to": [
        8.33579,
        24.15,
        9.75
      ],
      "rotation": {
        "angle": 45,
        "axis": "y",
        "origin": [
          6.58579,
          23.15,
          8
        ]
      },
      "faces": {
        "north": {
          "uv": [
            13.71429,
            8,
            14.57143,
            8.57143
          ],
          "texture": "#1"
        },
        "east": {
          "uv": [
            13.71429,
            12,
            14.57143,
            12.57143
          ],
          "texture": "#1"
        },
        "south": {
          "uv": [
            12.57143,
            13.71429,
            13.42857,
            14.28571
          ],
          "texture": "#1"
        },
        "west": {
          "uv": [
            13.71429,
            12.57143,
            14.57143,
            13.14286
          ],
          "texture": "#1"
        }
      }
    },
    {
      "from": [
        6.5,
        24.15,
        6.5
      ],
      "to": [
        9.5,
        27.15,
        9.5
      ],
      "rotation": {
        "angle": 0,
        "axis": "y",
        "origin": [
          6.5,
          24.15,
          6.5
        ]
      },
      "faces": {
        "east": {
          "uv": [
            5.71429,
            0,
            7.42857,
            1.71429
          ],
          "texture": "#1"
        },
        "west": {
          "uv": [
            1.71429,
            5.71429,
            3.42857,
            7.42857
          ],
          "texture": "#1"
        },
        "up": {
          "uv": [
            7.42857,
            3.42857,
            5.71429,
            1.71429
          ],
          "texture": "#1"
        },
        "down": {
          "uv": [
            5.14286,
            5.71429,
            3.42857,
            7.42857
          ],
          "texture": "#1"
        }
      }
    },
    {
      "from": [
        6.5,
        23.15,
        3.5
      ],
      "to": [
        9.5,
        28.15,
        5.5
      ],
      "rotation": {
        "angle": 0,
        "axis": "y",
        "origin": [
          6.5,
          24.15,
          2.5
        ]
      },
      "faces": {
        "east": {
          "uv": [
            4.57143,
            0,
            5.71429,
            2.85714
          ],
          "texture": "#1"
        },
        "south": {
          "uv": [
            0,
            4.57143,
            1.71429,
            7.42857
          ],
          "texture": "#1"
        },
        "west": {
          "uv": [
            4.57143,
            2.85714,
            5.71429,
            5.71429
          ],
          "texture": "#1"
        },
        "up": {
          "uv": [
            10.85714,
            4,
            9.14286,
            2.85714
          ],
          "texture": "#1"
        },
        "down": {
          "uv": [
            10.85714,
            4,
            9.14286,
            5.14286
          ],
          "texture": "#1"
        }
      }
    },
    {
      "from": [
        6,
        23.65,
        5.5
      ],
      "to": [
        10,
        27.65,
        6.5
      ],
      "rotation": {
        "angle": 0,
        "axis": "y",
        "origin": [
          6.5,
          24.15,
          2.5
        ]
      },
      "faces": {
        "north": {
          "uv": [
            0,
            0,
            2.28571,
            2.28571
          ],
          "texture": "#1"
        },
        "east": {
          "uv": [
            5.71429,
            10.85714,
            6.28571,
            13.14286
          ],
          "texture": "#1"
        },
        "south": {
          "uv": [
            0,
            2.28571,
            2.28571,
            4.57143
          ],
          "texture": "#1"
        },
        "west": {
          "uv": [
            6.28571,
            10.85714,
            6.85714,
            13.14286
          ],
          "texture": "#1"
        },
        "up": {
          "uv": [
            12,
            1.71429,
            9.71429,
            1.14286
          ],
          "texture": "#1"
        },
        "down": {
          "uv": [
            12.57143,
            6.28571,
            10.28571,
            6.85714
          ],
          "texture": "#1"
        }
      }
    },
    {
      "from": [
        6.25,
        23.4,
        2
      ],
      "to": [
        9.75,
        27.9,
        3.5
      ],
      "rotation": {
        "angle": 0,
        "axis": "y",
        "origin": [
          6.5,
          24.15,
          -0.5
        ]
      },
      "faces": {
        "north": {
          "uv": [
            2.28571,
            0,
            4.28571,
            2.57143
          ],
          "texture": "#1"
        },
        "east": {
          "uv": [
            2.28571,
            7.42857,
            3.14286,
            10
          ],
          "texture": "#1"
        },
        "south": {
          "uv": [
            2.28571,
            2.85714,
            4.28571,
            5.42857
          ],
          "texture": "#1"
        },
        "west": {
          "uv": [
            3.42857,
            7.42857,
            4.28571,
            10
          ],
          "texture": "#1"
        },
        "up": {
          "uv": [
            10.57143,
            10,
            8.57143,
            9.14286
          ],
          "texture": "#1"
        },
        "down": {
          "uv": [
            11.71429,
            0,
            9.71429,
            0.85714
          ],
          "texture": "#1"
        }
      }
    },
    {
      "from": [
        6.2535,
        22.28216,
        2.42126
      ],
      "to": [
        9.7465,
        23.78216,
        3.82126
      ],
      "rotation": {
        "angle": -22.5,
        "axis": "x",
        "origin": [
          8.0035,
          22.53216,
          3.17126
        ]
      },
      "faces": {
        "north": {
          "uv": [
            0,
            10.28571,
            2,
            11.14286
          ],
          "texture": "#1"
        },
        "east": {
          "uv": [
            2.28571,
            13.14286,
            3.14286,
            14
          ],
          "texture": "#1"
        },
        "south": {
          "uv": [
            2.28571,
            10.28571,
            4.28571,
            11.14286
          ],
          "texture": "#1"
        },
        "west": {
          "uv": [
            13.14286,
            2.28571,
            14,
            3.14286
          ],
          "texture": "#1"
        },
        "down": {
          "uv": [
            12.28571,
            5.14286,
            10.28571,
            6
          ],
          "texture": "#1"
        }
      }
    },
    {
      "from": [
        6.2535,
        27.51784,
        2.42126
      ],
      "to": [
        9.7465,
        29.01784,
        3.82126
      ],
      "rotation": {
        "angle": 22.5,
        "axis": "x",
        "origin": [
          8.0035,
          28.76784,
          3.17126
        ]
      },
      "faces": {
        "north": {
          "uv": [
            6.85714,
            10.28571,
            8.85714,
            11.14286
          ],
          "texture": "#1"
        },
        "east": {
          "uv": [
            3.42857,
            13.14286,
            4.28571,
            14
          ],
          "texture": "#1"
        },
        "south": {
          "uv": [
            9.14286,
            10.28571,
            11.14286,
            11.14286
          ],
          "texture": "#1"
        },
        "west": {
          "uv": [
            13.14286,
            3.42857,
            14,
            4.28571
          ],
          "texture": "#1"
        },
        "up": {
          "uv": [
            12.85714,
            3.71429,
            10.85714,
            2.85714
          ],
          "texture": "#1"
        }
      }
    },
    {
      "from": [
        9.75,
        25.16421,
        9.51348
      ],
      "to": [
        10.75,
        26.16421,
        10.51348
      ],
      "rotation": {
        "angle": 45,
        "axis": "x",
        "origin": [
          10.875,
          25.66421,
          10.01348
        ]
      },
      "faces": {
        "north": {
          "uv": [
            2.28571,
            14.28571,
            1.71429,
            14.85714
          ],
          "texture": "#1"
        },
        "east": {
          "uv": [
            1.71429,
            14.28571,
            1.14286,
            14.85714
          ],
          "texture": "#1"
        },
        "south": {
          "uv": [
            14.85714,
            2.28571,
            14.28571,
            2.85714
          ],
          "texture": "#1"
        },
        "west": {
          "uv": [
            2.85714,
            14.28571,
            2.28571,
            14.85714
          ],
          "texture": "#1"
        },
        "up": {
          "uv": [
            2.85714,
            14.85714,
            3.42857,
            14.28571
          ],
          "rotation": 90,
          "texture": "#1"
        },
        "down": {
          "uv": [
            14.28571,
            2.85714,
            14.85714,
            3.42857
          ],
          "rotation": 270,
          "texture": "#1"
        }
      }
    },
    {
      "from": [
        10.75,
        25.28921,
        9.99848
      ],
      "to": [
        12.25,
        26.03921,
        10.02848
      ],
      "rotation": {
        "angle": 45,
        "axis": "x",
        "origin": [
          10.875,
          25.66421,
          10.01348
        ]
      },
      "faces": {
        "north": {
          "uv": [
            13.71429,
            13.14286,
            14.57143,
            13.57143
          ],
          "texture": "#1"
        },
        "south": {
          "uv": [
            14.57143,
            13.14286,
            13.71429,
            13.57143
          ],
          "texture": "#1"
        }
      }
    },
    {
      "from": [
        7.375,
        20.9,
        11
      ],
      "to": [
        8.625,
        23.4,
        12.25
      ],
      "rotation": {
        "angle": 0,
        "axis": "x",
        "origin": [
          8,
          22.12619,
          13.19451
        ]
      },
      "faces": {
        "north": {
          "uv": [
            1.14286,
            11.42857,
            1.85714,
            12.85714
          ],
          "texture": "#1"
        },
        "east": {
          "uv": [
            10.85714,
            7.57143,
            12.28571,
            6.85714
          ],
          "rotation": 90,
          "texture": "#1"
        },
        "south": {
          "uv": [
            0,
            12.85714,
            0.71429,
            11.42857
          ],
          "rotation": 180,
          "texture": "#1"
        },
        "west": {
          "uv": [
            10.85714,
            8.71429,
            12.28571,
            8
          ],
          "rotation": 270,
          "texture": "#1"
        }
      }
    },
    {
      "from": [
        7.3745,
        19.70739,
        12.5098
      ],
      "to": [
        8.6255,
        21.70739,
        13.7598
      ],
      "rotation": {
        "angle": 45,
        "axis": "x",
        "origin": [
          8,
          22.12619,
          13.19451
        ]
      },
      "faces": {
        "north": {
          "uv": [
            7.57143,
            11.42857,
            6.85714,
            12.57143
          ],
          "texture": "#1"
        },
        "east": {
          "uv": [
            12.14286,
            1.71429,
            11.42857,
            2.85714
          ],
          "texture": "#1"
        },
        "south": {
          "uv": [
            11.57143,
            9.14286,
            10.85714,
            10.28571
          ],
          "texture": "#1"
        },
        "west": {
          "uv": [
            8.71429,
            11.42857,
            8,
            12.57143
          ],
          "texture": "#1"
        },
        "up": {
          "uv": [
            11,
            13.71429,
            10.28571,
            14.42857
          ],
          "texture": "#1"
        },
        "down": {
          "uv": [
            14.42857,
            11.57143,
            13.71429,
            10.85714
          ],
          "texture": "#1"
        }
      }
    },
    {
      "from": [
        7.5123,
        21.54758,
        12.52084
      ],
      "to": [
        8.48769,
        22.52258,
        13.63584
      ],
      "rotation": {
        "angle": -22.5,
        "axis": "x",
        "origin": [
          8,
          22.12619,
          13.19451
        ]
      },
      "faces": {
        "east": {
          "uv": [
            14.28571,
            4,
            14.85714,
            3.42857
          ],
          "rotation": 90,
          "texture": "#1"
        },
        "south": {
          "uv": [
            14.28571,
            5.14286,
            14.85714,
            4.57143
          ],
          "rotation": 180,
          "texture": "#1"
        },
        "west": {
          "uv": [
            14.28571,
            4.57143,
            14.85714,
            4
          ],
          "rotation": 270,
          "texture": "#1"
        },
        "up": {
          "uv": [
            4,
            14.85714,
            4.57143,
            14.28571
          ],
          "texture": "#1"
        },
        "down": {
          "uv": [
            3.42857,
            14.85714,
            4,
            14.28571
          ],
          "rotation": 180,
          "texture": "#1"
        }
      }
    },
    {
      "from": [
        7.6196,
        21.81684,
        13.46031
      ],
      "to": [
        8.3804,
        22.57734,
        14.52501
      ],
      "rotation": {
        "angle": 0,
        "axis": "x",
        "origin": [
          8,
          22.12619,
          13.19451
        ]
      },
      "faces": {
        "east": {
          "uv": [
            14.85714,
            5.71429,
            15.28571,
            5.14286
          ],
          "rotation": 90,
          "texture": "#1"
        },
        "south": {
          "uv": [
            6.28571,
            15.28571,
            6.71429,
            14.85714
          ],
          "rotation": 180,
          "texture": "#1"
        },
        "west": {
          "uv": [
            14.85714,
            6.28571,
            15.28571,
            5.71429
          ],
          "rotation": 270,
          "texture": "#1"
        },
        "up": {
          "uv": [
            5.71429,
            15.42857,
            6.14286,
            14.85714
          ],
          "texture": "#1"
        },
        "down": {
          "uv": [
            6.28571,
            14.85714,
            6.71429,
            14.28571
          ],
          "rotation": 180,
          "texture": "#1"
        }
      }
    },
    {
      "from": [
        7.72991,
        22.43484,
        14.27568
      ],
      "to": [
        8.27009,
        22.9748,
        15.03162
      ],
      "rotation": {
        "angle": 22.5,
        "axis": "x",
        "origin": [
          8,
          22.12619,
          13.19451
        ]
      },
      "faces": {
        "east": {
          "uv": [
            8,
            15.28571,
            8.28571,
            14.85714
          ],
          "rotation": 90,
          "texture": "#1"
        },
        "south": {
          "uv": [
            9.14286,
            15.14286,
            9.42857,
            14.85714
          ],
          "rotation": 180,
          "texture": "#1"
        },
        "west": {
          "uv": [
            8.57143,
            15.28571,
            8.85714,
            14.85714
          ],
          "rotation": 270,
          "texture": "#1"
        },
        "up": {
          "uv": [
            14.85714,
            8.42857,
            15.14286,
            8
          ],
          "texture": "#1"
        },
        "down": {
          "uv": [
            7.42857,
            15.28571,
            7.71429,
            14.85714
          ],
          "rotation": 180,
          "texture": "#1"
        }
      }
    },
    {
      "from": [
        6,
        23.65,
        9.5
      ],
      "to": [
        10,
        27.65,
        10.5
      ],
      "rotation": {
        "angle": 0,
        "axis": "y",
        "origin": [
          6.5,
          24.15,
          13.5
        ]
      },
      "faces": {
        "north": {
          "uv": [
            2.28571,
            2.28571,
            0,
            4.57143
          ],
          "texture": "#1"
        },
        "east": {
          "uv": [
            6.28571,
            10.85714,
            5.71429,
            13.14286
          ],
          "texture": "#1"
        },
        "south": {
          "uv": [
            2.28571,
            0,
            0,
            2.28571
          ],
          "texture": "#1"
        },
        "west": {
          "uv": [
            6.85714,
            10.85714,
            6.28571,
            13.14286
          ],
          "texture": "#1"
        },
        "up": {
          "uv": [
            12,
            1.14286,
            9.71429,
            1.71429
          ],
          "texture": "#1"
        },
        "down": {
          "uv": [
            12.57143,
            6.85714,
            10.28571,
            6.28571
          ],
          "texture": "#1"
        }
      }
    },
    {
      "from": [
        6.25,
        23.4,
        12.5
      ],
      "to": [
        9.75,
        27.9,
        14
      ],
      "rotation": {
        "angle": 0,
        "axis": "y",
        "origin": [
          6.5,
          24.15,
          16.5
        ]
      },
      "faces": {
        "north": {
          "uv": [
            4.28571,
            2.85714,
            2.28571,
            5.42857
          ],
          "texture": "#1"
        },
        "east": {
          "uv": [
            3.14286,
            7.42857,
            2.28571,
            10
          ],
          "texture": "#1"
        },
        "south": {
          "uv": [
            4.28571,
            0,
            2.28571,
            2.57143
          ],
          "texture": "#1"
        },
        "west": {
          "uv": [
            4.28571,
            7.42857,
            3.42857,
            10
          ],
          "texture": "#1"
        },
        "up": {
          "uv": [
            10.57143,
            9.14286,
            8.57143,
            10
          ],
          "texture": "#1"
        },
        "down": {
          "uv": [
            11.71429,
            0.85714,
            9.71429,
            0
          ],
          "texture": "#1"
        }
      }
    },
    {
      "from": [
        6.2535,
        22.28216,
        12.17874
      ],
      "to": [
        9.7465,
        23.78216,
        13.57874
      ],
      "rotation": {
        "angle": 22.5,
        "axis": "x",
        "origin": [
          8.0035,
          22.53216,
          12.82874
        ]
      },
      "faces": {
        "north": {
          "uv": [
            4.28571,
            10.28571,
            2.28571,
            11.14286
          ],
          "texture": "#1"
        },
        "east": {
          "uv": [
            3.14286,
            13.14286,
            2.28571,
            14
          ],
          "texture": "#1"
        },
        "south": {
          "uv": [
            2,
            10.28571,
            0,
            11.14286
          ],
          "texture": "#1"
        },
        "west": {
          "uv": [
            14,
            2.28571,
            13.14286,
            3.14286
          ],
          "texture": "#1"
        },
        "down": {
          "uv": [
            12.28571,
            6,
            10.28571,
            5.14286
          ],
          "texture": "#1"
        }
      }
    },
    {
      "from": [
        6.2535,
        27.51784,
        12.17874
      ],
      "to": [
        9.7465,
        29.01784,
        13.57874
      ],
      "rotation": {
        "angle": -22.5,
        "axis": "x",
        "origin": [
          8.0035,
          28.76784,
          12.82874
        ]
      },
      "faces": {
        "north": {
          "uv": [
            11.14286,
            10.28571,
            9.14286,
            11.14286
          ],
          "texture": "#1"
        },
        "east": {
          "uv": [
            4.28571,
            13.14286,
            3.42857,
            14
          ],
          "texture": "#1"
        },
        "south": {
          "uv": [
            8.85714,
            10.28571,
            6.85714,
            11.14286
          ],
          "texture": "#1"
        },
        "west": {
          "uv": [
            14,
            3.42857,
            13.14286,
            4.28571
          ],
          "texture": "#1"
        },
        "up": {
          "uv": [
            12.85714,
            2.85714,
            10.85714,
            3.71429
          ],
          "texture": "#1"
        }
      }
    },
    {
      "from": [
        6.5,
        23.15,
        10.5
      ],
      "to": [
        9.5,
        28.15,
        12.5
      ],
      "rotation": {
        "angle": 0,
        "axis": "y",
        "origin": [
          6.5,
          24.15,
          13.5
        ]
      },
      "faces": {
        "north": {
          "uv": [
            1.71429,
            4.57143,
            0,
            7.42857
          ],
          "texture": "#1"
        },
        "east": {
          "uv": [
            5.71429,
            0,
            4.57143,
            2.85714
          ],
          "texture": "#1"
        },
        "west": {
          "uv": [
            5.71429,
            2.85714,
            4.57143,
            5.71429
          ],
          "texture": "#1"
        },
        "up": {
          "uv": [
            10.85714,
            2.85714,
            9.14286,
            4
          ],
          "texture": "#1"
        },
        "down": {
          "uv": [
            10.85714,
            5.14286,
            9.14286,
            4
          ],
          "texture": "#1"
        }
      }
    },
    {
      "from": [
        10.75,
        25.64921,
        9.63848
      ],
      "to": [
        12.25,
        25.67921,
        10.38848
      ],
      "rotation": {
        "angle": 45,
        "axis": "x",
        "origin": [
          10.875,
          25.66421,
          10.01348
        ]
      },
      "faces": {
        "up": {
          "uv": [
            13.71429,
            13.57143,
            14.57143,
            13.14286
          ],
          "rotation": 180,
          "texture": "#1"
        },
        "down": {
          "uv": [
            14.57143,
            13.57143,
            13.71429,
            13.14286
          ],
          "texture": "#1"
        }
      }
    },
    {
      "from": [
        7.72991,
        28.2752,
        14.27568
      ],
      "to": [
        8.27009,
        28.81516,
        15.03162
      ],
      "rotation": {
        "angle": -22.5,
        "axis": "x",
        "origin": [
          8,
          29.12381,
          13.19451
        ]
      },
      "faces": {
        "east": {
          "uv": [
            8.28571,
            15.28571,
            8,
            14.85714
          ],
          "rotation": 90,
          "texture": "#1"
        },
        "south": {
          "uv": [
            9.14286,
            14.85714,
            9.42857,
            15.14286
          ],
          "rotation": 180,
          "texture": "#1"
        },
        "west": {
          "uv": [
            8.85714,
            15.28571,
            8.57143,
            14.85714
          ],
          "rotation": 270,
          "texture": "#1"
        },
        "up": {
          "uv": [
            7.42857,
            14.85714,
            7.71429,
            15.28571
          ],
          "rotation": 180,
          "texture": "#1"
        },
        "down": {
          "uv": [
            14.85714,
            8,
            15.14286,
            8.42857
          ],
          "texture": "#1"
        }
      }
    },
    {
      "from": [
        7.6196,
        28.67266,
        13.46031
      ],
      "to": [
        8.3804,
        29.43316,
        14.52501
      ],
      "rotation": {
        "angle": 0,
        "axis": "x",
        "origin": [
          8,
          29.12381,
          13.19451
        ]
      },
      "faces": {
        "east": {
          "uv": [
            15.28571,
            5.71429,
            14.85714,
            5.14286
          ],
          "rotation": 90,
          "texture": "#1"
        },
        "south": {
          "uv": [
            6.28571,
            14.85714,
            6.71429,
            15.28571
          ],
          "rotation": 180,
          "texture": "#1"
        },
        "west": {
          "uv": [
            15.28571,
            6.28571,
            14.85714,
            5.71429
          ],
          "rotation": 270,
          "texture": "#1"
        },
        "up": {
          "uv": [
            6.28571,
            14.28571,
            6.71429,
            14.85714
          ],
          "rotation": 180,
          "texture": "#1"
        },
        "down": {
          "uv": [
            5.71429,
            14.85714,
            6.14286,
            15.42857
          ],
          "texture": "#1"
        }
      }
    },
    {
      "from": [
        7.5123,
        28.72742,
        12.52084
      ],
      "to": [
        8.48769,
        29.70242,
        13.63584
      ],
      "rotation": {
        "angle": 22.5,
        "axis": "x",
        "origin": [
          8,
          29.12381,
          13.19451
        ]
      },
      "faces": {
        "east": {
          "uv": [
            14.85714,
            4,
            14.28571,
            3.42857
          ],
          "rotation": 90,
          "texture": "#1"
        },
        "south": {
          "uv": [
            14.28571,
            4.57143,
            14.85714,
            5.14286
          ],
          "rotation": 180,
          "texture": "#1"
        },
        "west": {
          "uv": [
            14.85714,
            4.57143,
            14.28571,
            4
          ],
          "rotation": 270,
          "texture": "#1"
        },
        "up": {
          "uv": [
            3.42857,
            14.28571,
            4,
            14.85714
          ],
          "rotation": 180,
          "texture": "#1"
        },
        "down": {
          "uv": [
            4,
            14.28571,
            4.57143,
            14.85714
          ],
          "texture": "#1"
        }
      }
    },
    {
      "from": [
        7.3745,
        29.54261,
        12.5098
      ],
      "to": [
        8.6255,
        31.54261,
        13.7598
      ],
      "rotation": {
        "angle": -45,
        "axis": "x",
        "origin": [
          8,
          29.12381,
          13.19451
        ]
      },
      "faces": {
        "north": {
          "uv": [
            7.57143,
            12.57143,
            6.85714,
            11.42857
          ],
          "texture": "#1"
        },
        "east": {
          "uv": [
            12.14286,
            2.85714,
            11.42857,
            1.71429
          ],
          "texture": "#1"
        },
        "south": {
          "uv": [
            11.57143,
            10.28571,
            10.85714,
            9.14286
          ],
          "texture": "#1"
        },
        "west": {
          "uv": [
            8.71429,
            12.57143,
            8,
            11.42857
          ],
          "texture": "#1"
        },
        "up": {
          "uv": [
            14.42857,
            10.85714,
            13.71429,
            11.57143
          ],
          "texture": "#1"
        },
        "down": {
          "uv": [
            11,
            14.42857,
            10.28571,
            13.71429
          ],
          "texture": "#1"
        }
      }
    },
    {
      "from": [
        7.375,
        27.85,
        11
      ],
      "to": [
        8.625,
        30.35,
        12.25
      ],
      "rotation": {
        "angle": 0,
        "axis": "x",
        "origin": [
          8,
          29.12381,
          13.19451
        ]
      },
      "faces": {
        "north": {
          "uv": [
            1.14286,
            12.85714,
            1.85714,
            11.42857
          ],
          "texture": "#1"
        },
        "east": {
          "uv": [
            12.28571,
            7.57143,
            10.85714,
            6.85714
          ],
          "rotation": 90,
          "texture": "#1"
        },
        "south": {
          "uv": [
            0,
            11.42857,
            0.71429,
            12.85714
          ],
          "rotation": 180,
          "texture": "#1"
        },
        "west": {
          "uv": [
            12.28571,
            8.71429,
            10.85714,
            8
          ],
          "rotation": 270,
          "texture": "#1"
        }
      }
    },
    {
      "from": [
        3.75,
        25.28921,
        9.99848
      ],
      "to": [
        5.25,
        26.03921,
        10.02848
      ],
      "rotation": {
        "angle": 45,
        "axis": "x",
        "origin": [
          5.125,
          25.66421,
          10.01348
        ]
      },
      "faces": {
        "north": {
          "uv": [
            14.57143,
            13.14286,
            13.71429,
            13.57143
          ],
          "texture": "#1"
        },
        "south": {
          "uv": [
            13.71429,
            13.14286,
            14.57143,
            13.57143
          ],
          "texture": "#1"
        }
      }
    },
    {
      "from": [
        3.75,
        25.64921,
        9.63848
      ],
      "to": [
        5.25,
        25.67921,
        10.38848
      ],
      "rotation": {
        "angle": 45,
        "axis": "x",
        "origin": [
          5.125,
          25.66421,
          10.01348
        ]
      },
      "faces": {
        "up": {
          "uv": [
            14.57143,
            13.57143,
            13.71429,
            13.14286
          ],
          "rotation": 180,
          "texture": "#1"
        },
        "down": {
          "uv": [
            13.71429,
            13.57143,
            14.57143,
            13.14286
          ],
          "texture": "#1"
        }
      }
    },
    {
      "from": [
        5.25,
        25.16421,
        9.51348
      ],
      "to": [
        6.25,
        26.16421,
        10.51348
      ],
      "rotation": {
        "angle": 45,
        "axis": "x",
        "origin": [
          5.125,
          25.66421,
          10.01348
        ]
      },
      "faces": {
        "north": {
          "uv": [
            1.71429,
            14.28571,
            2.28571,
            14.85714
          ],
          "texture": "#1"
        },
        "east": {
          "uv": [
            2.28571,
            14.28571,
            2.85714,
            14.85714
          ],
          "texture": "#1"
        },
        "south": {
          "uv": [
            14.28571,
            2.28571,
            14.85714,
            2.85714
          ],
          "texture": "#1"
        },
        "west": {
          "uv": [
            1.14286,
            14.28571,
            1.71429,
            14.85714
          ],
          "texture": "#1"
        },
        "up": {
          "uv": [
            2.85714,
            14.28571,
            3.42857,
            14.85714
          ],
          "rotation": 90,
          "texture": "#1"
        },
        "down": {
          "uv": [
            14.28571,
            3.42857,
            14.85714,
            2.85714
          ],
          "rotation": 270,
          "texture": "#1"
        }
      }
    },
    {
      "from": [
        6.1,
        20.625,
        3
      ],
      "to": [
        6.1,
        30.625,
        13
      ],
      "rotation": {
        "angle": 0,
        "axis": "y",
        "origin": [
          6.1,
          25.625,
          8
        ]
      },
      "faces": {
        "west": {
          "uv": [
            1.33333,
            1.33333,
            14.66667,
            14.66667
          ],
          "texture": "#2"
        }
      }
    },
    {
      "from": [
        9.9,
        20.625,
        3
      ],
      "to": [
        9.9,
        30.625,
        13
      ],
      "rotation": {
        "angle": 0,
        "axis": "y",
        "origin": [
          9.9,
          25.625,
          8
        ]
      },
      "faces": {
        "east": {
          "uv": [
            14.66667,
            1.33333,
            1.33333,
            14.66667
          ],
          "texture": "#2"
        }
      }
    }
  ],
  "gui_light": "front",
  "display": {
    "thirdperson_righthand": {
      "translation": [
        0,
        -5.75,
        1
      ]
    },
    "thirdperson_lefthand": {
      "translation": [
        0,
        -5.75,
        1
      ]
    },
    "firstperson_righthand": {
      "rotation": [
        -5,
        0,
        0
      ],
      "translation": [
        1,
        -7.25,
        2
      ]
    },
    "firstperson_lefthand": {
      "rotation": [
        -5,
        0,
        0
      ],
      "translation": [
        1,
        -7.25,
        2
      ]
    },
    "ground": {
      "rotation": [
        -45,
        0,
        0
      ],
      "translation": [
        0,
        5,
        0
      ],
      "scale": [
        0.7,
        0.7,
        0.7
      ]
    },
    "gui": {
      "rotation": [
        -90,
        45,
        90
      ],
      "translation": [
        3.75,
        -3.75,
        0
      ],
      "scale": [
        0.7,
        0.7,
        0.7
      ]
    },
    "head": {
      "rotation": [
        0,
        -90,
        0
      ]
    },
    "fixed": {
      "rotation": [
        0,
        -90,
        0
      ],
      "translation": [
        0,
        -4,
        -1
      ],
      "scale": [
        2,
        2,
        2
      ]
    }
  },
  "mcmodels": "e5a18b91c6507d23f5d6487c566c162a"
}