{
  "credit": "Made with Blockbench",
  "texture_size": [
    12,
    12
  ],
  "textures": {
    "1": "item/demon/demon_ef2_long",
    "2": "item/demon/demon_bow",
    "3": "item/demon/demon_ef1_long",
    "particle": "item/demon/demon_bow"
  },
  "elements": [
    {
      "from": [
        7.25,
        5.05,
        7.25
      ],
      "to": [
        8.75,
        5.55,
        8.75
      ],
      "rotation": {
        "angle": 45,
        "axis": "y",
        "origin": [
          8,
          5.8,
          8
        ]
      },
      "faces": {
        "north": {
          "uv": [
            8.375,
            13.375,
            9.125,
            13.625
          ],
          "texture": "#2"
        },
        "east": {
          "uv": [
            13.375,
            8.375,
            14.125,
            8.625
          ],
          "texture": "#2"
        },
        "south": {
          "uv": [
            13.375,
            8.875,
            14.125,
            9.125
          ],
          "texture": "#2"
        },
        "west": {
          "uv": [
            9.375,
            13.375,
            10.125,
            13.625
          ],
          "texture": "#2"
        },
        "up": {
          "uv": [
            8.625,
            12.125,
            7.875,
            11.375
          ],
          "texture": "#2"
        },
        "down": {
          "uv": [
            9.625,
            11.375,
            8.875,
            12.125
          ],
          "texture": "#2"
        }
      }
    },
    {
      "from": [
        7.25,
        5.8,
        7.25
      ],
      "to": [
        8.75,
        6.3,
        8.75
      ],
      "rotation": {
        "angle": 45,
        "axis": "y",
        "origin": [
          8,
          5.55,
          8
        ]
      },
      "faces": {
        "north": {
          "uv": [
            13.375,
            1.375,
            14.125,
            1.625
          ],
          "texture": "#2"
        },
        "east": {
          "uv": [
            1.875,
            13.375,
            2.625,
            13.625
          ],
          "texture": "#2"
        },
        "south": {
          "uv": [
            13.375,
            1.875,
            14.125,
            2.125
          ],
          "texture": "#2"
        },
        "west": {
          "uv": [
            13.375,
            2.375,
            14.125,
            2.625
          ],
          "texture": "#2"
        },
        "up": {
          "uv": [
            7.125,
            11.125,
            6.375,
            10.375
          ],
          "texture": "#2"
        },
        "down": {
          "uv": [
            11.125,
            6.875,
            10.375,
            7.625
          ],
          "texture": "#2"
        }
      }
    },
    {
      "from": [
        7.25,
        10.45,
        7.25
      ],
      "to": [
        8.75,
        10.95,
        8.75
      ],
      "rotation": {
        "angle": 45,
        "axis": "y",
        "origin": [
          8,
          10.2,
          8
        ]
      },
      "faces": {
        "north": {
          "uv": [
            2.875,
            13.375,
            3.625,
            13.625
          ],
          "texture": "#2"
        },
        "east": {
          "uv": [
            13.375,
            2.875,
            14.125,
            3.125
          ],
          "texture": "#2"
        },
        "south": {
          "uv": [
            13.375,
            3.375,
            14.125,
            3.625
          ],
          "texture": "#2"
        },
        "west": {
          "uv": [
            3.875,
            13.375,
            4.625,
            13.625
          ],
          "texture": "#2"
        },
        "up": {
          "uv": [
            10.625,
            11.125,
            9.875,
            10.375
          ],
          "texture": "#2"
        },
        "down": {
          "uv": [
            11.625,
            7.875,
            10.875,
            8.625
          ],
          "texture": "#2"
        }
      }
    },
    {
      "from": [
        7.25,
        9.7,
        7.25
      ],
      "to": [
        8.75,
        10.2,
        8.75
      ],
      "rotation": {
        "angle": 45,
        "axis": "y",
        "origin": [
          8,
          10.45,
          8
        ]
      },
      "faces": {
        "north": {
          "uv": [
            13.375,
            3.875,
            14.125,
            4.125
          ],
          "texture": "#2"
        },
        "east": {
          "uv": [
            13.375,
            4.375,
            14.125,
            4.625
          ],
          "texture": "#2"
        },
        "south": {
          "uv": [
            4.875,
            13.375,
            5.625,
            13.625
          ],
          "texture": "#2"
        },
        "west": {
          "uv": [
            13.375,
            4.875,
            14.125,
            5.125
          ],
          "texture": "#2"
        },
        "up": {
          "uv": [
            11.625,
            11.125,
            10.875,
            10.375
          ],
          "texture": "#2"
        },
        "down": {
          "uv": [
            12.125,
            1.375,
            11.375,
            2.125
          ],
          "texture": "#2"
        }
      }
    },
    {
      "from": [
        7.25,
        10.7,
        7.7
      ],
      "to": [
        8.75,
        13.3,
        10.3
      ],
      "rotation": {
        "angle": -45,
        "axis": "x",
        "origin": [
          7.5,
          11,
          8
        ]
      },
      "faces": {
        "north": {
          "uv": [
            9.375,
            0.375,
            10.125,
            1.625
          ],
          "texture": "#2"
        },
        "east": {
          "uv": [
            4.875,
            8.875,
            6.125,
            10.125
          ],
          "texture": "#2"
        },
        "south": {
          "uv": [
            9.375,
            1.875,
            10.125,
            3.125
          ],
          "texture": "#2"
        },
        "west": {
          "uv": [
            6.375,
            8.875,
            7.625,
            10.125
          ],
          "texture": "#2"
        },
        "up": {
          "uv": [
            10.125,
            4.625,
            9.375,
            3.375
          ],
          "texture": "#2"
        },
        "down": {
          "uv": [
            10.125,
            4.875,
            9.375,
            6.125
          ],
          "texture": "#2"
        }
      }
    },
    {
      "from": [
        7,
        11.2,
        8.2
      ],
      "to": [
        9,
        12.8,
        9.8
      ],
      "rotation": {
        "angle": -45,
        "axis": "x",
        "origin": [
          7.5,
          11,
          8
        ]
      },
      "faces": {
        "north": {
          "uv": [
            2.375,
            10.375,
            3.375,
            11.125
          ],
          "texture": "#2"
        },
        "east": {
          "uv": [
            2.375,
            11.375,
            3.125,
            12.125
          ],
          "texture": "#2"
        },
        "south": {
          "uv": [
            10.375,
            2.875,
            11.375,
            3.625
          ],
          "texture": "#2"
        },
        "west": {
          "uv": [
            11.375,
            2.375,
            12.125,
            3.125
          ],
          "texture": "#2"
        },
        "up": {
          "uv": [
            4.375,
            11.125,
            3.375,
            10.375
          ],
          "texture": "#2"
        },
        "down": {
          "uv": [
            11.375,
            3.875,
            10.375,
            4.625
          ],
          "texture": "#2"
        }
      }
    },
    {
      "from": [
        7.39289,
        6.55,
        8.1
      ],
      "to": [
        8.19289,
        9.45,
        8.9
      ],
      "rotation": {
        "angle": 45,
        "axis": "y",
        "origin": [
          7.29289,
          6.55,
          8
        ]
      },
      "faces": {
        "north": {
          "uv": [
            7.375,
            10.375,
            7.75,
            11.875
          ],
          "texture": "#2"
        },
        "east": {
          "uv": [
            3.375,
            11.375,
            3.75,
            12.875
          ],
          "texture": "#2"
        },
        "south": {
          "uv": [
            11.375,
            3.375,
            11.75,
            4.875
          ],
          "texture": "#2"
        },
        "west": {
          "uv": [
            3.875,
            11.375,
            4.25,
            12.875
          ],
          "texture": "#2"
        }
      }
    },
    {
      "from": [
        7.29289,
        9.45,
        8
      ],
      "to": [
        8.29289,
        11.45,
        9
      ],
      "rotation": {
        "angle": 45,
        "axis": "y",
        "origin": [
          7.29289,
          3.95,
          8
        ]
      },
      "faces": {
        "north": {
          "uv": [
            9.375,
            7.875,
            9.875,
            8.875
          ],
          "texture": "#2"
        },
        "east": {
          "uv": [
            1.375,
            11.875,
            1.875,
            12.875
          ],
          "texture": "#2"
        },
        "south": {
          "uv": [
            1.875,
            11.875,
            2.375,
            12.875
          ],
          "texture": "#2"
        },
        "west": {
          "uv": [
            11.875,
            3.375,
            12.375,
            4.375
          ],
          "texture": "#2"
        },
        "up": {
          "uv": [
            11.375,
            9.375,
            10.875,
            8.875
          ],
          "texture": "#2"
        },
        "down": {
          "uv": [
            11.875,
            9.875,
            11.375,
            10.375
          ],
          "texture": "#2"
        }
      }
    },
    {
      "from": [
        7.29289,
        4.55,
        8
      ],
      "to": [
        8.29289,
        6.55,
        9
      ],
      "rotation": {
        "angle": 45,
        "axis": "y",
        "origin": [
          7.29289,
          12.05,
          8
        ]
      },
      "faces": {
        "north": {
          "uv": [
            11.875,
            11.875,
            12.375,
            12.875
          ],
          "texture": "#2"
        },
        "east": {
          "uv": [
            12.375,
            1.375,
            12.875,
            2.375
          ],
          "texture": "#2"
        },
        "south": {
          "uv": [
            2.375,
            12.375,
            2.875,
            13.375
          ],
          "texture": "#2"
        },
        "west": {
          "uv": [
            12.375,
            2.375,
            12.875,
            3.375
          ],
          "texture": "#2"
        },
        "up": {
          "uv": [
            13.375,
            5.375,
            12.875,
            4.875
          ],
          "texture": "#2"
        },
        "down": {
          "uv": [
            5.875,
            12.875,
            5.375,
            13.375
          ],
          "texture": "#2"
        }
      }
    },
    {
      "from": [
        8,
        11.70711,
        6
      ],
      "to": [
        9,
        12.70711,
        7
      ],
      "rotation": {
        "angle": 45,
        "axis": "z",
        "origin": [
          8,
          11.70711,
          3
        ]
      },
      "faces": {
        "north": {
          "uv": [
            11.875,
            4.375,
            12.375,
            4.875
          ],
          "texture": "#2"
        },
        "east": {
          "uv": [
            12.375,
            10.875,
            12.875,
            11.375
          ],
          "texture": "#2"
        },
        "south": {
          "uv": [
            12.375,
            11.375,
            12.875,
            11.875
          ],
          "texture": "#2"
        },
        "west": {
          "uv": [
            12.375,
            11.875,
            12.875,
            12.375
          ],
          "texture": "#2"
        },
        "up": {
          "uv": [
            12.875,
            12.875,
            12.375,
            12.375
          ],
          "texture": "#2"
        },
        "down": {
          "uv": [
            13.375,
            0.375,
            12.875,
            0.875
          ],
          "texture": "#2"
        }
      }
    },
    {
      "from": [
        8,
        11.70711,
        3.6
      ],
      "to": [
        9,
        12.70711,
        4.6
      ],
      "rotation": {
        "angle": 45,
        "axis": "z",
        "origin": [
          8,
          11.70711,
          4.4
        ]
      },
      "faces": {
        "north": {
          "uv": [
            12.875,
            0.875,
            13.375,
            1.375
          ],
          "texture": "#2"
        },
        "east": {
          "uv": [
            1.375,
            12.875,
            1.875,
            13.375
          ],
          "texture": "#2"
        },
        "south": {
          "uv": [
            12.875,
            1.375,
            13.375,
            1.875
          ],
          "texture": "#2"
        },
        "west": {
          "uv": [
            1.875,
            12.875,
            2.375,
            13.375
          ],
          "texture": "#2"
        },
        "up": {
          "uv": [
            13.375,
            2.375,
            12.875,
            1.875
          ],
          "texture": "#2"
        },
        "down": {
          "uv": [
            13.375,
            2.375,
            12.875,
            2.875
          ],
          "texture": "#2"
        }
      }
    },
    {
      "from": [
        8.2,
        11.90711,
        4.6
      ],
      "to": [
        8.8,
        12.50711,
        6
      ],
      "rotation": {
        "angle": 45,
        "axis": "z",
        "origin": [
          8,
          11.70711,
          4.4
        ]
      },
      "faces": {
        "east": {
          "uv": [
            13.375,
            5.375,
            14.125,
            5.625
          ],
          "texture": "#2"
        },
        "west": {
          "uv": [
            5.875,
            13.375,
            6.625,
            13.625
          ],
          "texture": "#2"
        },
        "up": {
          "uv": [
            13.625,
            6.625,
            13.375,
            5.875
          ],
          "texture": "#2"
        },
        "down": {
          "uv": [
            7.125,
            13.375,
            6.875,
            14.125
          ],
          "texture": "#2"
        }
      }
    },
    {
      "from": [
        7.985,
        12.03921,
        2.1
      ],
      "to": [
        8.015,
        12.78921,
        3.6
      ],
      "rotation": {
        "angle": -45,
        "axis": "z",
        "origin": [
          8,
          12.41421,
          2.85
        ]
      },
      "faces": {
        "east": {
          "uv": [
            11.625,
            12.375,
            10.875,
            12.75
          ],
          "texture": "#2"
        },
        "west": {
          "uv": [
            10.875,
            12.375,
            11.625,
            12.75
          ],
          "texture": "#2"
        }
      }
    },
    {
      "from": [
        7.985,
        12.03921,
        2.1
      ],
      "to": [
        8.015,
        12.78921,
        3.6
      ],
      "rotation": {
        "angle": 45,
        "axis": "z",
        "origin": [
          8,
          12.41421,
          2.85
        ]
      },
      "faces": {
        "east": {
          "uv": [
            11.625,
            12.375,
            10.875,
            12.75
          ],
          "texture": "#2"
        },
        "west": {
          "uv": [
            10.875,
            12.375,
            11.625,
            12.75
          ],
          "texture": "#2"
        }
      }
    },
    {
      "from": [
        7.625,
        12.45437,
        6.34973
      ],
      "to": [
        8.375,
        13.70437,
        7.59973
      ],
      "rotation": {
        "angle": -22.5,
        "axis": "x",
        "origin": [
          7.875,
          12.45437,
          6.34973
        ]
      },
      "faces": {
        "north": {
          "uv": [
            12.875,
            5.875,
            13.25,
            6.5
          ],
          "texture": "#2"
        },
        "east": {
          "uv": [
            6.375,
            12.375,
            7,
            13
          ],
          "texture": "#2"
        },
        "west": {
          "uv": [
            12.375,
            6.875,
            13,
            7.5
          ],
          "texture": "#2"
        },
        "up": {
          "uv": [
            7.75,
            13.5,
            7.375,
            12.875
          ],
          "texture": "#2"
        }
      }
    },
    {
      "from": [
        7.375,
        10.95437,
        5.09973
      ],
      "to": [
        8.625,
        12.20437,
        7.59973
      ],
      "rotation": {
        "angle": -22.5,
        "axis": "x",
        "origin": [
          7.875,
          10.95437,
          6.34973
        ]
      },
      "faces": {
        "east": {
          "uv": [
            9.875,
            9.375,
            11.125,
            10
          ],
          "texture": "#2"
        },
        "west": {
          "uv": [
            10.375,
            0.375,
            11.625,
            1
          ],
          "texture": "#2"
        },
        "up": {
          "uv": [
            2,
            11.625,
            1.375,
            10.375
          ],
          "texture": "#2"
        },
        "down": {
          "uv": [
            11,
            1.375,
            10.375,
            2.625
          ],
          "texture": "#2"
        }
      }
    },
    {
      "from": [
        7.3745,
        10.24765,
        5.09293
      ],
      "to": [
        8.6255,
        12.24765,
        6.34293
      ],
      "rotation": {
        "angle": 22.5,
        "axis": "x",
        "origin": [
          7.8745,
          13.24765,
          6.34293
        ]
      },
      "faces": {
        "north": {
          "uv": [
            4.375,
            10.375,
            5,
            11.375
          ],
          "texture": "#2"
        },
        "east": {
          "uv": [
            10.375,
            4.875,
            11,
            5.875
          ],
          "texture": "#2"
        },
        "south": {
          "uv": [
            5.375,
            10.375,
            6,
            11.375
          ],
          "texture": "#2"
        },
        "west": {
          "uv": [
            10.375,
            5.875,
            11,
            6.875
          ],
          "texture": "#2"
        },
        "up": {
          "uv": [
            8.5,
            13,
            7.875,
            12.375
          ],
          "texture": "#2"
        },
        "down": {
          "uv": [
            13,
            7.875,
            12.375,
            8.5
          ],
          "texture": "#2"
        }
      }
    },
    {
      "from": [
        7.5123,
        12.29905,
        4.90932
      ],
      "to": [
        8.48769,
        13.41405,
        5.88432
      ],
      "rotation": {
        "angle": 0,
        "axis": "y",
        "origin": [
          7.9023,
          13.22405,
          6.28432
        ]
      },
      "faces": {
        "north": {
          "uv": [
            12.875,
            2.875,
            13.375,
            3.375
          ],
          "texture": "#2"
        },
        "east": {
          "uv": [
            3.375,
            12.875,
            3.875,
            13.375
          ],
          "texture": "#2"
        },
        "south": {
          "uv": [
            12.875,
            3.375,
            13.375,
            3.875
          ],
          "texture": "#2"
        },
        "west": {
          "uv": [
            3.875,
            12.875,
            4.375,
            13.375
          ],
          "texture": "#2"
        },
        "up": {
          "uv": [
            13.375,
            4.375,
            12.875,
            3.875
          ],
          "texture": "#2"
        }
      }
    },
    {
      "from": [
        7.6196,
        13.2892,
        4.74157
      ],
      "to": [
        8.3804,
        14.3539,
        5.50207
      ],
      "rotation": {
        "angle": -22.5,
        "axis": "x",
        "origin": [
          8,
          14.09655,
          5.39682
        ]
      },
      "faces": {
        "north": {
          "uv": [
            13.375,
            6.875,
            13.75,
            7.375
          ],
          "texture": "#2"
        },
        "east": {
          "uv": [
            13.375,
            7.375,
            13.75,
            7.875
          ],
          "texture": "#2"
        },
        "south": {
          "uv": [
            7.875,
            13.375,
            8.25,
            13.875
          ],
          "texture": "#2"
        },
        "west": {
          "uv": [
            13.375,
            7.875,
            13.75,
            8.375
          ],
          "texture": "#2"
        },
        "up": {
          "uv": [
            13.75,
            9.75,
            13.375,
            9.375
          ],
          "texture": "#2"
        }
      }
    },
    {
      "from": [
        7.72991,
        14.10816,
        4.42033
      ],
      "to": [
        8.27009,
        14.8641,
        4.96029
      ],
      "rotation": {
        "angle": -45,
        "axis": "x",
        "origin": [
          8,
          14.66113,
          4.86531
        ]
      },
      "faces": {
        "north": {
          "uv": [
            10.375,
            13.375,
            10.625,
            13.75
          ],
          "texture": "#2"
        },
        "east": {
          "uv": [
            13.375,
            10.375,
            13.625,
            10.75
          ],
          "texture": "#2"
        },
        "south": {
          "uv": [
            10.875,
            13.375,
            11.125,
            13.75
          ],
          "texture": "#2"
        },
        "west": {
          "uv": [
            11.375,
            13.375,
            11.625,
            13.75
          ],
          "texture": "#2"
        },
        "up": {
          "uv": [
            13.625,
            11.625,
            13.375,
            11.375
          ],
          "texture": "#2"
        }
      }
    },
    {
      "from": [
        7.4,
        13.4,
        6.85
      ],
      "to": [
        8.6,
        16.1,
        8.05
      ],
      "rotation": {
        "angle": 22.5,
        "axis": "x",
        "origin": [
          7.25,
          14.25,
          6.5
        ]
      },
      "faces": {
        "north": {
          "uv": [
            9.375,
            6.375,
            10,
            7.75
          ],
          "texture": "#2"
        },
        "east": {
          "uv": [
            7.875,
            9.875,
            8.5,
            11.25
          ],
          "texture": "#2"
        },
        "south": {
          "uv": [
            9.875,
            7.875,
            10.5,
            9.25
          ],
          "texture": "#2"
        },
        "west": {
          "uv": [
            8.875,
            9.875,
            9.5,
            11.25
          ],
          "texture": "#2"
        },
        "up": {
          "uv": [
            9.5,
            13,
            8.875,
            12.375
          ],
          "texture": "#2"
        },
        "down": {
          "uv": [
            13,
            8.875,
            12.375,
            9.5
          ],
          "texture": "#2"
        }
      }
    },
    {
      "from": [
        7.55,
        15.30809,
        8.50074
      ],
      "to": [
        8.45,
        17.00809,
        9.40074
      ],
      "rotation": {
        "angle": 45,
        "axis": "x",
        "origin": [
          8,
          16.65809,
          8.52574
        ]
      },
      "faces": {
        "north": {
          "uv": [
            2.875,
            12.375,
            3.375,
            13.25
          ],
          "texture": "#2"
        },
        "east": {
          "uv": [
            12.375,
            3.375,
            12.875,
            4.25
          ],
          "texture": "#2"
        },
        "south": {
          "uv": [
            4.375,
            12.375,
            4.875,
            13.25
          ],
          "texture": "#2"
        },
        "west": {
          "uv": [
            12.375,
            4.375,
            12.875,
            5.25
          ],
          "texture": "#2"
        },
        "up": {
          "uv": [
            13.375,
            4.875,
            12.875,
            4.375
          ],
          "texture": "#2"
        }
      }
    },
    {
      "from": [
        7.65,
        16.79678,
        8.54047
      ],
      "to": [
        8.35,
        17.49678,
        9.74047
      ],
      "rotation": {
        "angle": -22.5,
        "axis": "x",
        "origin": [
          8,
          17.77178,
          10.24047
        ]
      },
      "faces": {
        "east": {
          "uv": [
            10.875,
            12.875,
            11.5,
            13.25
          ],
          "texture": "#2"
        },
        "south": {
          "uv": [
            13.375,
            9.875,
            13.75,
            10.25
          ],
          "texture": "#2"
        },
        "west": {
          "uv": [
            12.875,
            10.875,
            13.5,
            11.25
          ],
          "texture": "#2"
        },
        "up": {
          "uv": [
            13.25,
            12,
            12.875,
            11.375
          ],
          "texture": "#2"
        },
        "down": {
          "uv": [
            12.25,
            12.875,
            11.875,
            13.5
          ],
          "texture": "#2"
        }
      }
    },
    {
      "from": [
        7.4,
        15.04983,
        10.49888
      ],
      "to": [
        8.6,
        16.24983,
        12.19888
      ],
      "rotation": {
        "angle": -45,
        "axis": "x",
        "origin": [
          8,
          16.0609,
          10.3662
        ]
      },
      "faces": {
        "north": {
          "uv": [
            9.875,
            12.375,
            10.5,
            13
          ],
          "texture": "#2"
        },
        "east": {
          "uv": [
            11.375,
            8.875,
            12.25,
            9.5
          ],
          "texture": "#2"
        },
        "south": {
          "uv": [
            12.375,
            9.875,
            13,
            10.5
          ],
          "texture": "#2"
        },
        "west": {
          "uv": [
            9.875,
            11.375,
            10.75,
            12
          ],
          "texture": "#2"
        },
        "up": {
          "uv": [
            11.5,
            12.25,
            10.875,
            11.375
          ],
          "texture": "#2"
        },
        "down": {
          "uv": [
            12.5,
            0.375,
            11.875,
            1.25
          ],
          "texture": "#2"
        }
      }
    },
    {
      "from": [
        7.55,
        15.26681,
        9.23363
      ],
      "to": [
        8.45,
        16.16681,
        10.93363
      ],
      "rotation": {
        "angle": -22.5,
        "axis": "x",
        "origin": [
          8,
          16.0609,
          10.3662
        ]
      },
      "faces": {
        "north": {
          "uv": [
            4.875,
            12.875,
            5.375,
            13.375
          ],
          "texture": "#2"
        },
        "east": {
          "uv": [
            4.875,
            12.375,
            5.75,
            12.875
          ],
          "texture": "#2"
        },
        "west": {
          "uv": [
            12.375,
            5.375,
            13.25,
            5.875
          ],
          "texture": "#2"
        },
        "up": {
          "uv": [
            6.375,
            13.25,
            5.875,
            12.375
          ],
          "texture": "#2"
        },
        "down": {
          "uv": [
            12.875,
            5.875,
            12.375,
            6.75
          ],
          "texture": "#2"
        }
      }
    },
    {
      "from": [
        7.65,
        14.95316,
        8.42712
      ],
      "to": [
        8.35,
        15.65316,
        9.62712
      ],
      "rotation": {
        "angle": 0,
        "axis": "y",
        "origin": [
          8,
          16.0609,
          10.3662
        ]
      },
      "faces": {
        "east": {
          "uv": [
            12.375,
            12.875,
            13,
            13.25
          ],
          "texture": "#2"
        },
        "west": {
          "uv": [
            12.875,
            12.375,
            13.5,
            12.75
          ],
          "texture": "#2"
        },
        "up": {
          "uv": [
            13.75,
            1,
            13.375,
            0.375
          ],
          "texture": "#2"
        },
        "down": {
          "uv": [
            1.75,
            13.375,
            1.375,
            14
          ],
          "texture": "#2"
        }
      }
    },
    {
      "from": [
        7.5,
        16.49039,
        11.02851
      ],
      "to": [
        8.5,
        18.49039,
        13.02851
      ],
      "rotation": {
        "angle": 22.5,
        "axis": "x",
        "origin": [
          7.5,
          16.49039,
          11.02851
        ]
      },
      "faces": {
        "north": {
          "uv": [
            7.375,
            11.875,
            7.875,
            12.875
          ],
          "texture": "#2"
        },
        "east": {
          "uv": [
            7.875,
            8.875,
            8.875,
            9.875
          ],
          "texture": "#2"
        },
        "south": {
          "uv": [
            11.875,
            7.875,
            12.375,
            8.875
          ],
          "texture": "#2"
        },
        "west": {
          "uv": [
            8.875,
            8.875,
            9.875,
            9.875
          ],
          "texture": "#2"
        },
        "up": {
          "uv": [
            12.375,
            10.875,
            11.875,
            9.875
          ],
          "texture": "#2"
        },
        "down": {
          "uv": [
            12.375,
            10.875,
            11.875,
            11.875
          ],
          "texture": "#2"
        }
      }
    },
    {
      "from": [
        7.25,
        16.74039,
        11.27851
      ],
      "to": [
        8.75,
        18.24039,
        12.77851
      ],
      "rotation": {
        "angle": 22.5,
        "axis": "x",
        "origin": [
          7.5,
          16.49039,
          11.02851
        ]
      },
      "faces": {
        "north": {
          "uv": [
            4.375,
            11.375,
            5.125,
            12.125
          ],
          "texture": "#2"
        },
        "east": {
          "uv": [
            11.375,
            4.875,
            12.125,
            5.625
          ],
          "texture": "#2"
        },
        "south": {
          "uv": [
            5.375,
            11.375,
            6.125,
            12.125
          ],
          "texture": "#2"
        },
        "west": {
          "uv": [
            11.375,
            5.875,
            12.125,
            6.625
          ],
          "texture": "#2"
        },
        "up": {
          "uv": [
            7.125,
            12.125,
            6.375,
            11.375
          ],
          "texture": "#2"
        },
        "down": {
          "uv": [
            12.125,
            6.875,
            11.375,
            7.625
          ],
          "texture": "#2"
        }
      }
    },
    {
      "from": [
        7.985,
        13.63356,
        6.00837
      ],
      "to": [
        8.015,
        16.63356,
        13.00837
      ],
      "rotation": {
        "angle": -22.5,
        "axis": "x",
        "origin": [
          7.985,
          14.38356,
          4.60837
        ]
      },
      "faces": {
        "east": {
          "uv": [
            4.875,
            14.25,
            1.375,
            15.75
          ],
          "texture": "#2"
        },
        "west": {
          "uv": [
            1.375,
            14.25,
            4.875,
            15.75
          ],
          "texture": "#2"
        }
      }
    },
    {
      "from": [
        7.25,
        2.7,
        7.7
      ],
      "to": [
        8.75,
        5.3,
        10.3
      ],
      "rotation": {
        "angle": 45,
        "axis": "x",
        "origin": [
          7.5,
          5,
          8
        ]
      },
      "faces": {
        "north": {
          "uv": [
            9.375,
            1.625,
            10.125,
            0.375
          ],
          "texture": "#2"
        },
        "east": {
          "uv": [
            4.875,
            10.125,
            6.125,
            8.875
          ],
          "texture": "#2"
        },
        "south": {
          "uv": [
            9.375,
            3.125,
            10.125,
            1.875
          ],
          "texture": "#2"
        },
        "west": {
          "uv": [
            6.375,
            10.125,
            7.625,
            8.875
          ],
          "texture": "#2"
        },
        "up": {
          "uv": [
            10.125,
            6.125,
            9.375,
            4.875
          ],
          "texture": "#2"
        },
        "down": {
          "uv": [
            10.125,
            3.375,
            9.375,
            4.625
          ],
          "texture": "#2"
        }
      }
    },
    {
      "from": [
        7,
        3.2,
        8.2
      ],
      "to": [
        9,
        4.8,
        9.8
      ],
      "rotation": {
        "angle": 45,
        "axis": "x",
        "origin": [
          7.5,
          5,
          8
        ]
      },
      "faces": {
        "north": {
          "uv": [
            2.375,
            11.125,
            3.375,
            10.375
          ],
          "texture": "#2"
        },
        "east": {
          "uv": [
            2.375,
            12.125,
            3.125,
            11.375
          ],
          "texture": "#2"
        },
        "south": {
          "uv": [
            10.375,
            3.625,
            11.375,
            2.875
          ],
          "texture": "#2"
        },
        "west": {
          "uv": [
            11.375,
            3.125,
            12.125,
            2.375
          ],
          "texture": "#2"
        },
        "up": {
          "uv": [
            11.375,
            4.625,
            10.375,
            3.875
          ],
          "texture": "#2"
        },
        "down": {
          "uv": [
            4.375,
            10.375,
            3.375,
            11.125
          ],
          "texture": "#2"
        }
      }
    },
    {
      "from": [
        8,
        3.29289,
        6
      ],
      "to": [
        9,
        4.29289,
        7
      ],
      "rotation": {
        "angle": -45,
        "axis": "z",
        "origin": [
          8,
          4.29289,
          3
        ]
      },
      "faces": {
        "north": {
          "uv": [
            11.875,
            4.875,
            12.375,
            4.375
          ],
          "texture": "#2"
        },
        "east": {
          "uv": [
            12.375,
            11.375,
            12.875,
            10.875
          ],
          "texture": "#2"
        },
        "south": {
          "uv": [
            12.375,
            11.875,
            12.875,
            11.375
          ],
          "texture": "#2"
        },
        "west": {
          "uv": [
            12.375,
            12.375,
            12.875,
            11.875
          ],
          "texture": "#2"
        },
        "up": {
          "uv": [
            13.375,
            0.875,
            12.875,
            0.375
          ],
          "texture": "#2"
        },
        "down": {
          "uv": [
            12.875,
            12.375,
            12.375,
            12.875
          ],
          "texture": "#2"
        }
      }
    },
    {
      "from": [
        8,
        3.29289,
        3.6
      ],
      "to": [
        9,
        4.29289,
        4.6
      ],
      "rotation": {
        "angle": -45,
        "axis": "z",
        "origin": [
          8,
          4.29289,
          4.4
        ]
      },
      "faces": {
        "north": {
          "uv": [
            12.875,
            1.375,
            13.375,
            0.875
          ],
          "texture": "#2"
        },
        "east": {
          "uv": [
            1.375,
            13.375,
            1.875,
            12.875
          ],
          "texture": "#2"
        },
        "south": {
          "uv": [
            12.875,
            1.875,
            13.375,
            1.375
          ],
          "texture": "#2"
        },
        "west": {
          "uv": [
            1.875,
            13.375,
            2.375,
            12.875
          ],
          "texture": "#2"
        },
        "up": {
          "uv": [
            13.375,
            2.875,
            12.875,
            2.375
          ],
          "texture": "#2"
        },
        "down": {
          "uv": [
            13.375,
            1.875,
            12.875,
            2.375
          ],
          "texture": "#2"
        }
      }
    },
    {
      "from": [
        8.2,
        3.49289,
        4.6
      ],
      "to": [
        8.8,
        4.09289,
        6
      ],
      "rotation": {
        "angle": -45,
        "axis": "z",
        "origin": [
          8,
          4.29289,
          4.4
        ]
      },
      "faces": {
        "east": {
          "uv": [
            13.375,
            5.625,
            14.125,
            5.375
          ],
          "texture": "#2"
        },
        "west": {
          "uv": [
            5.875,
            13.625,
            6.625,
            13.375
          ],
          "texture": "#2"
        },
        "up": {
          "uv": [
            7.125,
            14.125,
            6.875,
            13.375
          ],
          "texture": "#2"
        },
        "down": {
          "uv": [
            13.625,
            5.875,
            13.375,
            6.625
          ],
          "texture": "#2"
        }
      }
    },
    {
      "from": [
        7.985,
        3.21079,
        2.1
      ],
      "to": [
        8.015,
        3.96079,
        3.6
      ],
      "rotation": {
        "angle": 45,
        "axis": "z",
        "origin": [
          8,
          3.58579,
          2.85
        ]
      },
      "faces": {
        "east": {
          "uv": [
            11.625,
            12.75,
            10.875,
            12.375
          ],
          "texture": "#2"
        },
        "west": {
          "uv": [
            10.875,
            12.75,
            11.625,
            12.375
          ],
          "texture": "#2"
        }
      }
    },
    {
      "from": [
        7.625,
        2.29563,
        6.34973
      ],
      "to": [
        8.375,
        3.54563,
        7.59973
      ],
      "rotation": {
        "angle": 22.5,
        "axis": "x",
        "origin": [
          7.875,
          3.54563,
          6.34973
        ]
      },
      "faces": {
        "north": {
          "uv": [
            12.875,
            6.5,
            13.25,
            5.875
          ],
          "texture": "#2"
        },
        "east": {
          "uv": [
            6.375,
            13,
            7,
            12.375
          ],
          "texture": "#2"
        },
        "west": {
          "uv": [
            12.375,
            7.5,
            13,
            6.875
          ],
          "texture": "#2"
        },
        "down": {
          "uv": [
            7.75,
            12.875,
            7.375,
            13.5
          ],
          "texture": "#2"
        }
      }
    },
    {
      "from": [
        7.375,
        3.79563,
        5.09973
      ],
      "to": [
        8.625,
        5.04563,
        7.59973
      ],
      "rotation": {
        "angle": 22.5,
        "axis": "x",
        "origin": [
          7.875,
          5.04563,
          6.34973
        ]
      },
      "faces": {
        "east": {
          "uv": [
            9.875,
            10,
            11.125,
            9.375
          ],
          "texture": "#2"
        },
        "west": {
          "uv": [
            10.375,
            1,
            11.625,
            0.375
          ],
          "texture": "#2"
        },
        "up": {
          "uv": [
            11,
            2.625,
            10.375,
            1.375
          ],
          "texture": "#2"
        },
        "down": {
          "uv": [
            2,
            10.375,
            1.375,
            11.625
          ],
          "texture": "#2"
        }
      }
    },
    {
      "from": [
        7.3745,
        3.75235,
        5.09293
      ],
      "to": [
        8.6255,
        5.75235,
        6.34293
      ],
      "rotation": {
        "angle": -22.5,
        "axis": "x",
        "origin": [
          7.8745,
          2.75235,
          6.34293
        ]
      },
      "faces": {
        "north": {
          "uv": [
            4.375,
            11.375,
            5,
            10.375
          ],
          "texture": "#2"
        },
        "east": {
          "uv": [
            10.375,
            5.875,
            11,
            4.875
          ],
          "texture": "#2"
        },
        "south": {
          "uv": [
            5.375,
            11.375,
            6,
            10.375
          ],
          "texture": "#2"
        },
        "west": {
          "uv": [
            10.375,
            6.875,
            11,
            5.875
          ],
          "texture": "#2"
        },
        "up": {
          "uv": [
            13,
            8.5,
            12.375,
            7.875
          ],
          "texture": "#2"
        },
        "down": {
          "uv": [
            8.5,
            12.375,
            7.875,
            13
          ],
          "texture": "#2"
        }
      }
    },
    {
      "from": [
        7.5123,
        2.58595,
        4.90932
      ],
      "to": [
        8.48769,
        3.70095,
        5.88432
      ],
      "rotation": {
        "angle": 0,
        "axis": "y",
        "origin": [
          7.9023,
          2.77595,
          6.28432
        ]
      },
      "faces": {
        "north": {
          "uv": [
            12.875,
            3.375,
            13.375,
            2.875
          ],
          "texture": "#2"
        },
        "east": {
          "uv": [
            3.375,
            13.375,
            3.875,
            12.875
          ],
          "texture": "#2"
        },
        "south": {
          "uv": [
            12.875,
            3.875,
            13.375,
            3.375
          ],
          "texture": "#2"
        },
        "west": {
          "uv": [
            3.875,
            13.375,
            4.375,
            12.875
          ],
          "texture": "#2"
        },
        "down": {
          "uv": [
            13.375,
            3.875,
            12.875,
            4.375
          ],
          "texture": "#2"
        }
      }
    },
    {
      "from": [
        7.6196,
        1.6461,
        4.74157
      ],
      "to": [
        8.3804,
        2.7108,
        5.50207
      ],
      "rotation": {
        "angle": 22.5,
        "axis": "x",
        "origin": [
          8,
          1.90345,
          5.39682
        ]
      },
      "faces": {
        "north": {
          "uv": [
            13.375,
            7.375,
            13.75,
            6.875
          ],
          "texture": "#2"
        },
        "east": {
          "uv": [
            13.375,
            7.875,
            13.75,
            7.375
          ],
          "texture": "#2"
        },
        "south": {
          "uv": [
            7.875,
            13.875,
            8.25,
            13.375
          ],
          "texture": "#2"
        },
        "west": {
          "uv": [
            13.375,
            8.375,
            13.75,
            7.875
          ],
          "texture": "#2"
        },
        "down": {
          "uv": [
            13.75,
            9.375,
            13.375,
            9.75
          ],
          "texture": "#2"
        }
      }
    },
    {
      "from": [
        7.72991,
        1.1359,
        4.42033
      ],
      "to": [
        8.27009,
        1.89184,
        4.96029
      ],
      "rotation": {
        "angle": 45,
        "axis": "x",
        "origin": [
          8,
          1.33887,
          4.86531
        ]
      },
      "faces": {
        "north": {
          "uv": [
            10.375,
            13.75,
            10.625,
            13.375
          ],
          "texture": "#2"
        },
        "east": {
          "uv": [
            13.375,
            10.75,
            13.625,
            10.375
          ],
          "texture": "#2"
        },
        "south": {
          "uv": [
            10.875,
            13.75,
            11.125,
            13.375
          ],
          "texture": "#2"
        },
        "west": {
          "uv": [
            11.375,
            13.75,
            11.625,
            13.375
          ],
          "texture": "#2"
        },
        "down": {
          "uv": [
            13.625,
            11.375,
            13.375,
            11.625
          ],
          "texture": "#2"
        }
      }
    },
    {
      "from": [
        7.4,
        -0.1,
        6.85
      ],
      "to": [
        8.6,
        2.6,
        8.05
      ],
      "rotation": {
        "angle": -22.5,
        "axis": "x",
        "origin": [
          7.25,
          1.75,
          6.5
        ]
      },
      "faces": {
        "north": {
          "uv": [
            9.375,
            7.75,
            10,
            6.375
          ],
          "texture": "#2"
        },
        "east": {
          "uv": [
            7.875,
            11.25,
            8.5,
            9.875
          ],
          "texture": "#2"
        },
        "south": {
          "uv": [
            9.875,
            9.25,
            10.5,
            7.875
          ],
          "texture": "#2"
        },
        "west": {
          "uv": [
            8.875,
            11.25,
            9.5,
            9.875
          ],
          "texture": "#2"
        },
        "up": {
          "uv": [
            13,
            9.5,
            12.375,
            8.875
          ],
          "texture": "#2"
        },
        "down": {
          "uv": [
            9.5,
            12.375,
            8.875,
            13
          ],
          "texture": "#2"
        }
      }
    },
    {
      "from": [
        7.55,
        -1.00809,
        8.50074
      ],
      "to": [
        8.45,
        0.69191,
        9.40074
      ],
      "rotation": {
        "angle": -45,
        "axis": "x",
        "origin": [
          8,
          -0.65809,
          8.52574
        ]
      },
      "faces": {
        "north": {
          "uv": [
            2.875,
            13.25,
            3.375,
            12.375
          ],
          "texture": "#2"
        },
        "east": {
          "uv": [
            12.375,
            4.25,
            12.875,
            3.375
          ],
          "texture": "#2"
        },
        "south": {
          "uv": [
            4.375,
            13.25,
            4.875,
            12.375
          ],
          "texture": "#2"
        },
        "west": {
          "uv": [
            12.375,
            5.25,
            12.875,
            4.375
          ],
          "texture": "#2"
        },
        "down": {
          "uv": [
            13.375,
            4.375,
            12.875,
            4.875
          ],
          "texture": "#2"
        }
      }
    },
    {
      "from": [
        7.65,
        -1.49678,
        8.54047
      ],
      "to": [
        8.35,
        -0.79678,
        9.74047
      ],
      "rotation": {
        "angle": 22.5,
        "axis": "x",
        "origin": [
          8,
          -1.77178,
          10.24047
        ]
      },
      "faces": {
        "east": {
          "uv": [
            10.875,
            13.25,
            11.5,
            12.875
          ],
          "texture": "#2"
        },
        "south": {
          "uv": [
            13.375,
            10.25,
            13.75,
            9.875
          ],
          "texture": "#2"
        },
        "west": {
          "uv": [
            12.875,
            11.25,
            13.5,
            10.875
          ],
          "texture": "#2"
        },
        "up": {
          "uv": [
            12.25,
            13.5,
            11.875,
            12.875
          ],
          "texture": "#2"
        },
        "down": {
          "uv": [
            13.25,
            11.375,
            12.875,
            12
          ],
          "texture": "#2"
        }
      }
    },
    {
      "from": [
        7.65,
        0.34684,
        8.42712
      ],
      "to": [
        8.35,
        1.04684,
        9.62712
      ],
      "rotation": {
        "angle": 0,
        "axis": "y",
        "origin": [
          8,
          -0.0609,
          10.3662
        ]
      },
      "faces": {
        "east": {
          "uv": [
            12.375,
            13.25,
            13,
            12.875
          ],
          "texture": "#2"
        },
        "west": {
          "uv": [
            12.875,
            12.75,
            13.5,
            12.375
          ],
          "texture": "#2"
        },
        "up": {
          "uv": [
            1.75,
            14,
            1.375,
            13.375
          ],
          "texture": "#2"
        },
        "down": {
          "uv": [
            13.75,
            0.375,
            13.375,
            1
          ],
          "texture": "#2"
        }
      }
    },
    {
      "from": [
        7.55,
        -0.16681,
        9.23363
      ],
      "to": [
        8.45,
        0.73319,
        10.93363
      ],
      "rotation": {
        "angle": 22.5,
        "axis": "x",
        "origin": [
          8,
          -0.0609,
          10.3662
        ]
      },
      "faces": {
        "north": {
          "uv": [
            4.875,
            13.375,
            5.375,
            12.875
          ],
          "texture": "#2"
        },
        "east": {
          "uv": [
            4.875,
            12.875,
            5.75,
            12.375
          ],
          "texture": "#2"
        },
        "west": {
          "uv": [
            12.375,
            5.875,
            13.25,
            5.375
          ],
          "texture": "#2"
        },
        "up": {
          "uv": [
            12.875,
            6.75,
            12.375,
            5.875
          ],
          "texture": "#2"
        },
        "down": {
          "uv": [
            6.375,
            12.375,
            5.875,
            13.25
          ],
          "texture": "#2"
        }
      }
    },
    {
      "from": [
        7.4,
        -0.24983,
        10.49888
      ],
      "to": [
        8.6,
        0.95017,
        12.19888
      ],
      "rotation": {
        "angle": 45,
        "axis": "x",
        "origin": [
          8,
          -0.0609,
          10.3662
        ]
      },
      "faces": {
        "north": {
          "uv": [
            9.875,
            13,
            10.5,
            12.375
          ],
          "texture": "#2"
        },
        "east": {
          "uv": [
            11.375,
            9.5,
            12.25,
            8.875
          ],
          "texture": "#2"
        },
        "south": {
          "uv": [
            12.375,
            10.5,
            13,
            9.875
          ],
          "texture": "#2"
        },
        "west": {
          "uv": [
            9.875,
            12,
            10.75,
            11.375
          ],
          "texture": "#2"
        },
        "up": {
          "uv": [
            12.5,
            1.25,
            11.875,
            0.375
          ],
          "texture": "#2"
        },
        "down": {
          "uv": [
            11.5,
            11.375,
            10.875,
            12.25
          ],
          "texture": "#2"
        }
      }
    },
    {
      "from": [
        7.5,
        -2.49039,
        11.02851
      ],
      "to": [
        8.5,
        -0.49039,
        13.02851
      ],
      "rotation": {
        "angle": -22.5,
        "axis": "x",
        "origin": [
          7.5,
          -0.49039,
          11.02851
        ]
      },
      "faces": {
        "north": {
          "uv": [
            7.375,
            12.875,
            7.875,
            11.875
          ],
          "texture": "#2"
        },
        "east": {
          "uv": [
            7.875,
            9.875,
            8.875,
            8.875
          ],
          "texture": "#2"
        },
        "south": {
          "uv": [
            11.875,
            8.875,
            12.375,
            7.875
          ],
          "texture": "#2"
        },
        "west": {
          "uv": [
            8.875,
            9.875,
            9.875,
            8.875
          ],
          "texture": "#2"
        },
        "up": {
          "uv": [
            12.375,
            11.875,
            11.875,
            10.875
          ],
          "texture": "#2"
        },
        "down": {
          "uv": [
            12.375,
            9.875,
            11.875,
            10.875
          ],
          "texture": "#2"
        }
      }
    },
    {
      "from": [
        7.985,
        -0.63356,
        6.00837
      ],
      "to": [
        8.015,
        2.36644,
        13.00837
      ],
      "rotation": {
        "angle": 22.5,
        "axis": "x",
        "origin": [
          7.985,
          1.61644,
          4.60837
        ]
      },
      "faces": {
        "east": {
          "uv": [
            4.875,
            15.75,
            1.375,
            14.25
          ],
          "texture": "#2"
        },
        "west": {
          "uv": [
            1.375,
            15.75,
            4.875,
            14.25
          ],
          "texture": "#2"
        }
      }
    },
    {
      "from": [
        7.25,
        -2.24039,
        11.27851
      ],
      "to": [
        8.75,
        -0.74039,
        12.77851
      ],
      "rotation": {
        "angle": -22.5,
        "axis": "x",
        "origin": [
          7.5,
          -0.49039,
          11.02851
        ]
      },
      "faces": {
        "north": {
          "uv": [
            4.375,
            12.125,
            5.125,
            11.375
          ],
          "texture": "#2"
        },
        "east": {
          "uv": [
            11.375,
            5.625,
            12.125,
            4.875
          ],
          "texture": "#2"
        },
        "south": {
          "uv": [
            5.375,
            12.125,
            6.125,
            11.375
          ],
          "texture": "#2"
        },
        "west": {
          "uv": [
            11.375,
            6.625,
            12.125,
            5.875
          ],
          "texture": "#2"
        },
        "up": {
          "uv": [
            12.125,
            7.625,
            11.375,
            6.875
          ],
          "texture": "#2"
        },
        "down": {
          "uv": [
            7.125,
            11.375,
            6.375,
            12.125
          ],
          "texture": "#2"
        }
      }
    },
    {
      "from": [
        7.985,
        3.21079,
        2.1
      ],
      "to": [
        8.015,
        3.96079,
        3.6
      ],
      "rotation": {
        "angle": -45,
        "axis": "z",
        "origin": [
          8,
          3.58579,
          2.85
        ]
      },
      "faces": {
        "east": {
          "uv": [
            11.625,
            12.75,
            10.875,
            12.375
          ],
          "texture": "#2"
        },
        "west": {
          "uv": [
            10.875,
            12.75,
            11.625,
            12.375
          ],
          "texture": "#2"
        }
      }
    },
    {
      "from": [
        7.985,
        -0.5,
        12
      ],
      "to": [
        8.015,
        16.5,
        18
      ],
      "rotation": {
        "angle": 0,
        "axis": "y",
        "origin": [
          2.985,
          0.5,
          5
        ]
      },
      "faces": {
        "east": {
          "uv": [
            6.125,
            0,
            3.125,
            8.5
          ],
          "texture": "#2"
        },
        "west": {
          "uv": [
            3.125,
            0,
            6.125,
            8.5
          ],
          "texture": "#2"
        }
      }
    },
    {
      "from": [
        7.125,
        8,
        1
      ],
      "to": [
        8.875,
        8.03,
        15
      ],
      "rotation": {
        "angle": 45,
        "axis": "z",
        "origin": [
          8,
          8.015,
          5.25
        ]
      },
      "faces": {
        "up": {
          "uv": [
            1,
            15.75,
            0.125,
            8.75
          ],
          "texture": "#2"
        },
        "down": {
          "uv": [
            1,
            8.75,
            0.125,
            15.75
          ],
          "texture": "#2"
        }
      }
    },
    {
      "from": [
        7.985,
        7.14,
        1
      ],
      "to": [
        8.015,
        8.89,
        15
      ],
      "rotation": {
        "angle": 45,
        "axis": "z",
        "origin": [
          8,
          8.015,
          5.25
        ]
      },
      "faces": {
        "east": {
          "uv": [
            1,
            8.75,
            0.125,
            15.75
          ],
          "rotation": 270,
          "texture": "#2"
        },
        "west": {
          "uv": [
            1,
            15.75,
            0.125,
            8.75
          ],
          "rotation": 270,
          "texture": "#2"
        }
      }
    },
    {
      "from": [
        7.1,
        -1.4,
        3
      ],
      "to": [
        7.1,
        8.6,
        13
      ],
      "rotation": {
        "angle": 0,
        "axis": "y",
        "origin": [
          7.1,
          8.6,
          3
        ]
      },
      "faces": {
        "west": {
          "uv": [
            1.33333,
            14.66667,
            14.66667,
            1.33333
          ],
          "texture": "#1"
        }
      }
    },
    {
      "from": [
        3,
        3,
        2.235
      ],
      "to": [
        13,
        13,
        2.265
      ],
      "rotation": {
        "angle": -45,
        "axis": "y",
        "origin": [
          8,
          8,
          2.25
        ]
      },
      "faces": {
        "north": {
          "uv": [
            14.66667,
            1.33333,
            1.33333,
            14.66667
          ],
          "texture": "#3"
        },
        "south": {
          "uv": [
            1.33333,
            1.33333,
            14.66667,
            14.66667
          ],
          "texture": "#3"
        }
      }
    },
    {
      "from": [
        7.985,
        3,
        -2.75
      ],
      "to": [
        8.015,
        13,
        7.25
      ],
      "rotation": {
        "angle": -45,
        "axis": "y",
        "origin": [
          8,
          8,
          2.25
        ]
      },
      "faces": {
        "east": {
          "uv": [
            14.66667,
            1.33333,
            1.33333,
            14.66667
          ],
          "texture": "#3"
        },
        "west": {
          "uv": [
            1.33333,
            1.33333,
            14.66667,
            14.66667
          ],
          "texture": "#3"
        }
      }
    },
    {
      "from": [
        8.9,
        -1.4,
        3
      ],
      "to": [
        8.9,
        8.6,
        13
      ],
      "rotation": {
        "angle": 0,
        "axis": "y",
        "origin": [
          8.9,
          8.6,
          3
        ]
      },
      "faces": {
        "east": {
          "uv": [
            14.66667,
            14.66667,
            1.33333,
            1.33333
          ],
          "texture": "#1"
        }
      }
    },
    {
      "from": [
        8.9,
        7.4,
        3
      ],
      "to": [
        8.9,
        17.4,
        13
      ],
      "rotation": {
        "angle": 0,
        "axis": "y",
        "origin": [
          8.9,
          7.4,
          3
        ]
      },
      "faces": {
        "east": {
          "uv": [
            14.66667,
            1.33333,
            1.33333,
            14.66667
          ],
          "texture": "#1"
        }
      }
    },
    {
      "from": [
        7.1,
        7.4,
        3
      ],
      "to": [
        7.1,
        17.4,
        13
      ],
      "rotation": {
        "angle": 0,
        "axis": "y",
        "origin": [
          7.1,
          7.4,
          3
        ]
      },
      "faces": {
        "west": {
          "uv": [
            1.33333,
            1.33333,
            14.66667,
            14.66667
          ],
          "texture": "#1"
        }
      }
    }
  ],
  "gui_light": "front",
  "display": {
    "thirdperson_righthand": {
      "translation": [
        0,
        -2,
        1
      ]
    },
    "thirdperson_lefthand": {
      "translation": [
        0,
        -2,
        1
      ]
    },
    "firstperson_righthand": {
      "rotation": [
        23,
        13.75,
        0.18
      ],
      "translation": [
        3.5,
        4.75,
        -5.75
      ]
    },
    "firstperson_lefthand": {
      "rotation": [
        22.09,
        -29.26,
        1.44
      ],
      "translation": [
        7.5,
        3.25,
        -1.75
      ]
    },
    "ground": {
      "rotation": [
        45,
        0,
        0
      ],
      "translation": [
        0,
        5,
        0
      ],
      "scale": [
        0.7,
        0.7,
        0.7
      ]
    },
    "gui": {
      "rotation": [
        -90,
        135,
        90
      ],
      "translation": [
        -1.5,
        1.5,
        0
      ]
    },
    "head": {
      "rotation": [
        90,
        -45,
        90
      ]
    },
    "fixed": {
      "rotation": [
        0,
        -90,
        0
      ],
      "translation": [
        0,
        0,
        -1
      ],
      "scale": [
        2,
        2,
        2
      ]
    }
  },
  "USER": "48320",
  "NONCE": "e5a18b91c6507d23f5d6487c566c162a",
  "TIMESTAMP": "1757941306",
  "RESOURCE": "11909",
  "MCMODELS": "1",
  "mcmodels": "e5a18b91c6507d23f5d6487c566c162a"
}