{
	"credit": "Made with Blockbench",
	"textures": {
		"0": "item/christmas/christmas_all_tools",
		"2": "item/christmas/christmas_ef2_long",
		"3": "item/christmas/christmas_ef1_long",
		"particle": "item/christmas/christmas_all_tools"
	},
	"elements": [
		{
			"from": [7.5, 2, 7.5],
			"to": [8.5, 18, 8.5],
			"rotation": {"angle": 0, "axis": "y", "origin": [7, 0, 7]},
			"faces": {
				"north": {"uv": [2.125, 2.5, 2.25, 4.5], "texture": "#0"},
				"east": {"uv": [5.5, 7, 5.625, 9], "texture": "#0"},
				"south": {"uv": [5.625, 7, 5.75, 9], "texture": "#0"},
				"west": {"uv": [6.5, 7.125, 6.625, 9.125], "texture": "#0"},
				"up": {"uv": [7.125, 9.125, 7, 9], "texture": "#0"},
				"down": {"uv": [7.875, 9, 7.75, 9.125], "texture": "#0"}
			}
		},
		{
			"from": [-1.008, 17.992, 7.742],
			"to": [17.008, 22.758, 8.258],
			"rotation": {"angle": 0, "axis": "y", "origin": [11.75, 0, 7]},
			"faces": {
				"north": {"uv": [3.125, 2.75, 5.375, 3.375], "texture": "#0"},
				"east": {"uv": [1.375, 8.375, 1.5, 9], "texture": "#0"},
				"south": {"uv": [3.125, 3.375, 5.375, 4], "texture": "#0"},
				"west": {"uv": [2.625, 8.375, 2.75, 9], "texture": "#0"},
				"up": {"uv": [8.5, 1.625, 6.25, 1.5], "texture": "#0"},
				"down": {"uv": [9.375, 1.625, 7.125, 1.75], "texture": "#0"}
			}
		},
		{
			"from": [-0.78221, 19.11906, 7.744],
			"to": [3.22979, 22.88106, 8.256],
			"rotation": {"angle": -22.5, "axis": "z", "origin": [8.22379, 21.50006, 8]},
			"faces": {
				"north": {"uv": [7.125, 1.75, 7.625, 2.25], "texture": "#0"},
				"east": {"uv": [1.25, 8.625, 1.375, 9.125], "texture": "#0"},
				"south": {"uv": [7.125, 5.25, 7.625, 5.75], "texture": "#0"},
				"west": {"uv": [1.875, 8.625, 2, 9.125], "texture": "#0"},
				"up": {"uv": [6.5, 2.75, 6, 2.625], "texture": "#0"},
				"down": {"uv": [4.375, 6.875, 3.875, 7], "texture": "#0"}
			}
		},
		{
			"from": [2.7351, 23.57986, 7.75],
			"to": [6.7351, 24.32986, 8.25],
			"rotation": {"angle": -45, "axis": "z", "origin": [4.7351, 23.95486, 8]},
			"faces": {
				"north": {"uv": [7.125, 2.5, 7.625, 2.625], "texture": "#0"},
				"east": {"uv": [9, 7.75, 9.125, 7.875], "texture": "#0"},
				"south": {"uv": [8.375, 3.875, 8.875, 4], "texture": "#0"},
				"west": {"uv": [7.875, 9, 8, 9.125], "texture": "#0"},
				"up": {"uv": [9, 1.625, 8.5, 1.5], "texture": "#0"},
				"down": {"uv": [9, 7.75, 8.5, 7.875], "texture": "#0"}
			}
		},
		{
			"from": [1.06127, 23.98199, 7.746],
			"to": [3.81927, 27.73999, 8.254],
			"rotation": {"angle": -45, "axis": "z", "origin": [3.44027, 25.86099, 8]},
			"faces": {
				"north": {"uv": [7.625, 6.875, 8, 7.375], "texture": "#0"},
				"east": {"uv": [5.125, 8.625, 5.25, 9.125], "texture": "#0"},
				"south": {"uv": [7.625, 7.375, 8, 7.875], "texture": "#0"},
				"west": {"uv": [8.625, 5.125, 8.75, 5.625], "texture": "#0"},
				"up": {"uv": [9.125, 4.375, 8.75, 4.25], "texture": "#0"},
				"down": {"uv": [9.125, 5.5, 8.75, 5.625], "texture": "#0"}
			}
		},
		{
			"from": [1.06127, 13.01001, 7.746],
			"to": [3.81927, 16.76801, 8.254],
			"rotation": {"angle": 45, "axis": "z", "origin": [3.44027, 14.88901, 8]},
			"faces": {
				"north": {"uv": [7.75, 0, 8.125, 0.5], "texture": "#0"},
				"east": {"uv": [6.375, 8.625, 6.5, 9.125], "texture": "#0"},
				"south": {"uv": [6.625, 7.75, 7, 8.25], "texture": "#0"},
				"west": {"uv": [6.625, 8.625, 6.75, 9.125], "texture": "#0"},
				"up": {"uv": [6.125, 8.875, 5.75, 8.75], "texture": "#0"},
				"down": {"uv": [9.125, 6, 8.75, 6.125], "texture": "#0"}
			}
		},
		{
			"from": [-0.78221, 17.86894, 7.744],
			"to": [3.22979, 21.63094, 8.256],
			"rotation": {"angle": 22.5, "axis": "z", "origin": [8.22379, 19.24994, 8]},
			"faces": {
				"north": {"uv": [7.125, 5.75, 7.625, 6.25], "texture": "#0"},
				"east": {"uv": [5.25, 8.625, 5.375, 9.125], "texture": "#0"},
				"south": {"uv": [7.25, 0, 7.75, 0.5], "texture": "#0"},
				"west": {"uv": [8.625, 6, 8.75, 6.5], "texture": "#0"},
				"up": {"uv": [9.125, 6.625, 8.625, 6.5], "texture": "#0"},
				"down": {"uv": [9.125, 6.625, 8.625, 6.75], "texture": "#0"}
			}
		},
		{
			"from": [2.7351, 16.42014, 7.75],
			"to": [6.7351, 17.17014, 8.25],
			"rotation": {"angle": 45, "axis": "z", "origin": [4.7351, 16.79514, 8]},
			"faces": {
				"north": {"uv": [8.625, 5.625, 9.125, 5.75], "texture": "#0"},
				"east": {"uv": [8, 9, 8.125, 9.125], "texture": "#0"},
				"south": {"uv": [5.75, 8.625, 6.25, 8.75], "texture": "#0"},
				"west": {"uv": [8.125, 9, 8.25, 9.125], "texture": "#0"},
				"up": {"uv": [9.125, 5.875, 8.625, 5.75], "texture": "#0"},
				"down": {"uv": [9.125, 5.875, 8.625, 6], "texture": "#0"}
			}
		},
		{
			"from": [12.18073, 13.01001, 7.746],
			"to": [14.93873, 16.76801, 8.254],
			"rotation": {"angle": -45, "axis": "z", "origin": [12.55973, 14.88901, 8]},
			"faces": {
				"north": {"uv": [8.125, 0, 7.75, 0.5], "texture": "#0"},
				"east": {"uv": [6.75, 8.625, 6.625, 9.125], "texture": "#0"},
				"south": {"uv": [7, 7.75, 6.625, 8.25], "texture": "#0"},
				"west": {"uv": [6.5, 8.625, 6.375, 9.125], "texture": "#0"},
				"up": {"uv": [5.75, 8.875, 6.125, 8.75], "texture": "#0"},
				"down": {"uv": [8.75, 6, 9.125, 6.125], "texture": "#0"}
			}
		},
		{
			"from": [9.2649, 16.42014, 7.75],
			"to": [13.2649, 17.17014, 8.25],
			"rotation": {"angle": -45, "axis": "z", "origin": [11.2649, 16.79514, 8]},
			"faces": {
				"north": {"uv": [9.125, 5.625, 8.625, 5.75], "texture": "#0"},
				"east": {"uv": [8.25, 9, 8.125, 9.125], "texture": "#0"},
				"south": {"uv": [6.25, 8.625, 5.75, 8.75], "texture": "#0"},
				"west": {"uv": [8.125, 9, 8, 9.125], "texture": "#0"},
				"up": {"uv": [8.625, 5.875, 9.125, 5.75], "texture": "#0"},
				"down": {"uv": [8.625, 5.875, 9.125, 6], "texture": "#0"}
			}
		},
		{
			"from": [12.77021, 17.86894, 7.744],
			"to": [16.78221, 21.63094, 8.256],
			"rotation": {"angle": -22.5, "axis": "z", "origin": [7.77621, 19.24994, 8]},
			"faces": {
				"north": {"uv": [7.625, 5.75, 7.125, 6.25], "texture": "#0"},
				"east": {"uv": [8.75, 6, 8.625, 6.5], "texture": "#0"},
				"south": {"uv": [7.75, 0, 7.25, 0.5], "texture": "#0"},
				"west": {"uv": [5.375, 8.625, 5.25, 9.125], "texture": "#0"},
				"up": {"uv": [8.625, 6.625, 9.125, 6.5], "texture": "#0"},
				"down": {"uv": [8.625, 6.625, 9.125, 6.75], "texture": "#0"}
			}
		},
		{
			"from": [12.77021, 19.11906, 7.744],
			"to": [16.78221, 22.88106, 8.256],
			"rotation": {"angle": 22.5, "axis": "z", "origin": [7.77621, 21.50006, 8]},
			"faces": {
				"north": {"uv": [7.625, 1.75, 7.125, 2.25], "texture": "#0"},
				"east": {"uv": [2, 8.625, 1.875, 9.125], "texture": "#0"},
				"south": {"uv": [7.625, 5.25, 7.125, 5.75], "texture": "#0"},
				"west": {"uv": [1.375, 8.625, 1.25, 9.125], "texture": "#0"},
				"up": {"uv": [6, 2.75, 6.5, 2.625], "texture": "#0"},
				"down": {"uv": [3.875, 6.875, 4.375, 7], "texture": "#0"}
			}
		},
		{
			"from": [12.18073, 23.98199, 7.746],
			"to": [14.93873, 27.73999, 8.254],
			"rotation": {"angle": 45, "axis": "z", "origin": [12.55973, 25.86099, 8]},
			"faces": {
				"north": {"uv": [8, 6.875, 7.625, 7.375], "texture": "#0"},
				"east": {"uv": [8.75, 5.125, 8.625, 5.625], "texture": "#0"},
				"south": {"uv": [8, 7.375, 7.625, 7.875], "texture": "#0"},
				"west": {"uv": [5.25, 8.625, 5.125, 9.125], "texture": "#0"},
				"up": {"uv": [8.75, 4.375, 9.125, 4.25], "texture": "#0"},
				"down": {"uv": [8.75, 5.5, 9.125, 5.625], "texture": "#0"}
			}
		},
		{
			"from": [9.2649, 23.57986, 7.75],
			"to": [13.2649, 24.32986, 8.25],
			"rotation": {"angle": 45, "axis": "z", "origin": [11.2649, 23.95486, 8]},
			"faces": {
				"north": {"uv": [7.625, 2.5, 7.125, 2.625], "texture": "#0"},
				"east": {"uv": [8, 9, 7.875, 9.125], "texture": "#0"},
				"south": {"uv": [8.875, 3.875, 8.375, 4], "texture": "#0"},
				"west": {"uv": [9.125, 7.75, 9, 7.875], "texture": "#0"},
				"up": {"uv": [8.5, 1.625, 9, 1.5], "texture": "#0"},
				"down": {"uv": [8.5, 7.75, 9, 7.875], "texture": "#0"}
			}
		},
		{
			"from": [7, 1, 7],
			"to": [9, 2, 9],
			"rotation": {"angle": 0, "axis": "y", "origin": [7, 0, 7]},
			"faces": {
				"north": {"uv": [8.875, 2.625, 9.125, 2.75], "texture": "#0"},
				"east": {"uv": [8.875, 2.75, 9.125, 2.875], "texture": "#0"},
				"south": {"uv": [8.875, 3.875, 9.125, 4], "texture": "#0"},
				"west": {"uv": [8.875, 4.75, 9.125, 4.875], "texture": "#0"},
				"up": {"uv": [7.875, 3.125, 7.625, 2.875], "texture": "#0"},
				"down": {"uv": [3.25, 8.375, 3, 8.625], "texture": "#0"}
			}
		},
		{
			"from": [7.2, -1, 7.2],
			"to": [8.8, 1, 8.8],
			"rotation": {"angle": 0, "axis": "y", "origin": [7, 0, 7]},
			"faces": {
				"north": {"uv": [8.375, 4.5, 8.625, 4.75], "texture": "#0"},
				"east": {"uv": [8.375, 4.75, 8.625, 5], "texture": "#0"},
				"south": {"uv": [8.375, 5, 8.625, 5.25], "texture": "#0"},
				"west": {"uv": [8.375, 5.25, 8.625, 5.5], "texture": "#0"},
				"up": {"uv": [8.625, 5.75, 8.375, 5.5], "texture": "#0"},
				"down": {"uv": [6, 8.375, 5.75, 8.625], "texture": "#0"}
			}
		},
		{
			"from": [7, -2, 7],
			"to": [9, -1, 9],
			"rotation": {"angle": 0, "axis": "y", "origin": [7, 0, 7]},
			"faces": {
				"north": {"uv": [8.875, 4.875, 9.125, 5], "texture": "#0"},
				"east": {"uv": [8.875, 5, 9.125, 5.125], "texture": "#0"},
				"south": {"uv": [8.875, 5.125, 9.125, 5.25], "texture": "#0"},
				"west": {"uv": [8.875, 5.25, 9.125, 5.375], "texture": "#0"},
				"up": {"uv": [8.625, 6, 8.375, 5.75], "texture": "#0"},
				"down": {"uv": [8.625, 6, 8.375, 6.25], "texture": "#0"}
			}
		},
		{
			"from": [5.07868, -3.8, 7.2],
			"to": [6.67868, -2.2, 8.8],
			"rotation": {"angle": 45, "axis": "z", "origin": [5.87868, 0, 8]},
			"faces": {
				"north": {"uv": [8.375, 6.25, 8.625, 6.5], "texture": "#0"},
				"east": {"uv": [8.375, 6.5, 8.625, 6.75], "texture": "#0"},
				"south": {"uv": [8.375, 8.25, 8.625, 8.5], "texture": "#0"},
				"west": {"uv": [3.25, 8.5, 3.5, 8.75], "texture": "#0"},
				"up": {"uv": [3.75, 8.75, 3.5, 8.5], "texture": "#0"},
				"down": {"uv": [8.75, 4.125, 8.5, 4.375], "texture": "#0"}
			}
		},
		{
			"from": [6.494, 18.944, 7.244],
			"to": [9.506, 21.706, 8.756],
			"rotation": {"angle": 0, "axis": "y", "origin": [7, 10.95, 7]},
			"faces": {
				"north": {"uv": [5.125, 7.875, 5.5, 8.25], "texture": "#0"},
				"east": {"uv": [8.125, 4.5, 8.375, 4.875], "texture": "#0"},
				"south": {"uv": [6, 7.875, 6.375, 8.25], "texture": "#0"},
				"west": {"uv": [7.25, 8.125, 7.5, 8.5], "texture": "#0"},
				"up": {"uv": [5.75, 4, 5.375, 3.75], "texture": "#0"},
				"down": {"uv": [8.625, 0.5, 8.25, 0.75], "texture": "#0"}
			}
		},
		{
			"from": [6.81707, 20.23661, 7.25],
			"to": [8.96707, 22.33661, 8.75],
			"rotation": {"angle": 45, "axis": "z", "origin": [7.46707, 21.61161, 8]},
			"faces": {
				"north": {"uv": [8.5, 7, 8.75, 7.25], "texture": "#0"},
				"east": {"uv": [7.25, 8.5, 7.5, 8.75], "texture": "#0"},
				"south": {"uv": [8.5, 7.25, 8.75, 7.5], "texture": "#0"},
				"west": {"uv": [8.5, 7.5, 8.75, 7.75], "texture": "#0"},
				"up": {"uv": [8.75, 8.25, 8.5, 8], "texture": "#0"},
				"down": {"uv": [8.625, 8.5, 8.375, 8.75], "texture": "#0"}
			}
		},
		{
			"from": [2.75, 19.25, 7.525],
			"to": [6.75, 21.75, 8.475],
			"rotation": {"angle": 0, "axis": "y", "origin": [4.75, 20.5, 8]},
			"faces": {
				"north": {"uv": [7.625, 5.875, 8, 6.375], "rotation": 90, "texture": "#0"},
				"east": {"uv": [7, 7.125, 6.625, 7.25], "rotation": 270, "texture": "#0"},
				"south": {"uv": [7.625, 6.375, 8, 6.875], "rotation": 270, "texture": "#0"},
				"west": {"uv": [6.875, 3.75, 6.5, 3.625], "rotation": 270, "texture": "#0"},
				"up": {"uv": [6.875, 4.25, 7, 4.75], "rotation": 270, "texture": "#0"},
				"down": {"uv": [3.75, 8.5, 3.875, 9], "rotation": 270, "texture": "#0"}
			}
		},
		{
			"from": [4.25, 20, 7.275],
			"to": [5.75, 21.5, 8.725],
			"rotation": {"angle": -45, "axis": "z", "origin": [4.75, 20.5, 8]},
			"faces": {
				"north": {"uv": [2.375, 8.625, 2.625, 8.875], "rotation": 180, "texture": "#0"},
				"east": {"uv": [8.875, 6.25, 9, 6.5], "rotation": 180, "texture": "#0"},
				"south": {"uv": [8.625, 2.5, 8.875, 2.75], "rotation": 180, "texture": "#0"},
				"west": {"uv": [6, 8.875, 6.125, 9.125], "rotation": 180, "texture": "#0"},
				"up": {"uv": [8, 8.875, 7.75, 9], "rotation": 180, "texture": "#0"},
				"down": {"uv": [7.125, 9, 6.875, 8.875], "rotation": 180, "texture": "#0"}
			}
		},
		{
			"from": [9.25, 19.25, 7.525],
			"to": [13.25, 21.75, 8.475],
			"rotation": {"angle": 0, "axis": "y", "origin": [11.25, 20.5, 8]},
			"faces": {
				"north": {"uv": [7.625, 6.375, 8, 5.875], "rotation": 90, "texture": "#0"},
				"east": {"uv": [6.875, 3.625, 6.5, 3.75], "rotation": 270, "texture": "#0"},
				"south": {"uv": [7.625, 6.875, 8, 6.375], "rotation": 270, "texture": "#0"},
				"west": {"uv": [7, 7.25, 6.625, 7.125], "rotation": 270, "texture": "#0"},
				"up": {"uv": [6.875, 4.75, 7, 4.25], "rotation": 270, "texture": "#0"},
				"down": {"uv": [3.75, 9, 3.875, 8.5], "rotation": 270, "texture": "#0"}
			}
		},
		{
			"from": [10.25, 20, 7.275],
			"to": [11.75, 21.5, 8.725],
			"rotation": {"angle": 45, "axis": "z", "origin": [11.25, 20.5, 8]},
			"faces": {
				"north": {"uv": [2.625, 8.625, 2.375, 8.875], "rotation": 180, "texture": "#0"},
				"east": {"uv": [6.125, 8.875, 6, 9.125], "rotation": 180, "texture": "#0"},
				"south": {"uv": [8.875, 2.5, 8.625, 2.75], "rotation": 180, "texture": "#0"},
				"west": {"uv": [9, 6.25, 8.875, 6.5], "rotation": 180, "texture": "#0"},
				"up": {"uv": [7.75, 8.875, 8, 9], "rotation": 180, "texture": "#0"},
				"down": {"uv": [6.875, 9, 7.125, 8.875], "rotation": 180, "texture": "#0"}
			}
		},
		{
			"name": "christmas",
			"from": [-1, 15, 7.1],
			"to": [17, 25, 7.1],
			"rotation": {"angle": 0, "axis": "y", "origin": [8, 20, 7.1]},
			"faces": {
				"north": {"uv": [0, 0, 2.25, 1.25], "texture": "#0"},
				"east": {"uv": [0, 0, 0, 1.25], "texture": "#0"},
				"south": {"uv": [2.25, 0, 0, 1.25], "texture": "#0"},
				"west": {"uv": [0, 0, 0, 1.25], "texture": "#0"},
				"up": {"uv": [2.25, 0, 0, 0], "texture": "#0"},
				"down": {"uv": [2.25, 0, 0, 0], "texture": "#0"}
			}
		},
		{
			"name": "christmas",
			"from": [7.60355, 17.39645, 6.85],
			"to": [12.60355, 20.64645, 6.85],
			"rotation": {"angle": -45, "axis": "z", "origin": [10.10355, 19.02145, 6.85]},
			"faces": {
				"north": {"uv": [8.25, 2.5, 7.625, 2.875], "texture": "#0"},
				"east": {"uv": [0, 0, 0, 0.375], "texture": "#0"},
				"south": {"uv": [7.625, 2.5, 8.25, 2.875], "texture": "#0"},
				"west": {"uv": [0, 0, 0, 0.375], "texture": "#0"},
				"up": {"uv": [0, 0, 0.625, 0], "texture": "#0"},
				"down": {"uv": [0, 0, 0.625, 0], "texture": "#0"}
			}
		},
		{
			"name": "christmas",
			"from": [3.39645, 17.39645, 6.85],
			"to": [8.39645, 20.64645, 6.85],
			"rotation": {"angle": 45, "axis": "z", "origin": [5.89645, 19.02145, 6.85]},
			"faces": {
				"north": {"uv": [7.625, 2.5, 8.25, 2.875], "texture": "#0"},
				"east": {"uv": [0, 0, 0, 0.375], "texture": "#0"},
				"south": {"uv": [8.25, 2.5, 7.625, 2.875], "texture": "#0"},
				"west": {"uv": [0, 0, 0, 0.375], "texture": "#0"},
				"up": {"uv": [0.625, 0, 0, 0], "texture": "#0"},
				"down": {"uv": [0.625, 0, 0, 0], "texture": "#0"}
			}
		},
		{
			"name": "christmas",
			"from": [8, 20.25, 6.5],
			"to": [8.8, 21, 7.25],
			"rotation": {"angle": -22.5, "axis": "y", "origin": [8.4, 20.625, 6.875]},
			"faces": {
				"north": {"uv": [3.25, 9, 3.375, 9.125], "texture": "#0"},
				"east": {"uv": [9, 3.25, 9.125, 3.375], "texture": "#0"},
				"south": {"uv": [3.375, 9, 3.5, 9.125], "texture": "#0"},
				"west": {"uv": [9, 3.375, 9.125, 3.5], "texture": "#0"},
				"up": {"uv": [3.625, 9.125, 3.5, 9], "texture": "#0"},
				"down": {"uv": [3.75, 9, 3.625, 9.125], "texture": "#0"}
			}
		},
		{
			"name": "christmas",
			"from": [7.6, 21, 6.5],
			"to": [8.4, 21.75, 7.25],
			"rotation": {"angle": 22.5, "axis": "x", "origin": [8, 21.375, 6.875]},
			"faces": {
				"north": {"uv": [2.625, 9, 2.75, 9.125], "texture": "#0"},
				"east": {"uv": [2.75, 9, 2.875, 9.125], "texture": "#0"},
				"south": {"uv": [2.875, 9, 3, 9.125], "texture": "#0"},
				"west": {"uv": [9, 2.875, 9.125, 3], "texture": "#0"},
				"up": {"uv": [9.125, 3.125, 9, 3], "texture": "#0"},
				"down": {"uv": [9.125, 3.125, 9, 3.25], "texture": "#0"}
			}
		},
		{
			"name": "christmas",
			"from": [7.2, 20.25, 6.5],
			"to": [8, 21, 7.25],
			"rotation": {"angle": 22.5, "axis": "y", "origin": [7.6, 20.625, 6.875]},
			"faces": {
				"north": {"uv": [9, 3.625, 9.125, 3.75], "texture": "#0"},
				"east": {"uv": [3.75, 9, 3.875, 9.125], "texture": "#0"},
				"south": {"uv": [9, 3.75, 9.125, 3.875], "texture": "#0"},
				"west": {"uv": [9, 4, 9.125, 4.125], "texture": "#0"},
				"up": {"uv": [9.125, 4.5, 9, 4.375], "texture": "#0"},
				"down": {"uv": [9.125, 4.5, 9, 4.625], "texture": "#0"}
			}
		},
		{
			"name": "christmas",
			"from": [3.39645, 17.39645, 9.15],
			"to": [8.39645, 20.64645, 9.15],
			"rotation": {"angle": 45, "axis": "z", "origin": [5.89645, 19.02145, 9.15]},
			"faces": {
				"north": {"uv": [7.625, 2.5, 8.25, 2.875], "texture": "#0"},
				"east": {"uv": [0, 0, 0, 0.375], "texture": "#0"},
				"south": {"uv": [8.25, 2.5, 7.625, 2.875], "texture": "#0"},
				"west": {"uv": [0, 0, 0, 0.375], "texture": "#0"},
				"up": {"uv": [0.625, 0, 0, 0], "texture": "#0"},
				"down": {"uv": [0.625, 0, 0, 0], "texture": "#0"}
			}
		},
		{
			"name": "christmas",
			"from": [7.60355, 17.39645, 9.15],
			"to": [12.60355, 20.64645, 9.15],
			"rotation": {"angle": -45, "axis": "z", "origin": [10.10355, 19.02145, 9.15]},
			"faces": {
				"north": {"uv": [8.25, 2.5, 7.625, 2.875], "texture": "#0"},
				"east": {"uv": [0, 0, 0, 0.375], "texture": "#0"},
				"south": {"uv": [7.625, 2.5, 8.25, 2.875], "texture": "#0"},
				"west": {"uv": [0, 0, 0, 0.375], "texture": "#0"},
				"up": {"uv": [0, 0, 0.625, 0], "texture": "#0"},
				"down": {"uv": [0, 0, 0.625, 0], "texture": "#0"}
			}
		},
		{
			"name": "christmas",
			"from": [8, 20.25, 8.75],
			"to": [8.8, 21, 9.5],
			"rotation": {"angle": 22.5, "axis": "y", "origin": [8.4, 20.625, 9.125]},
			"faces": {
				"north": {"uv": [3.5, 9, 3.375, 9.125], "texture": "#0"},
				"east": {"uv": [9.125, 3.25, 9, 3.375], "texture": "#0"},
				"south": {"uv": [3.375, 9, 3.25, 9.125], "texture": "#0"},
				"west": {"uv": [9.125, 3.375, 9, 3.5], "texture": "#0"},
				"up": {"uv": [3.625, 9, 3.5, 9.125], "texture": "#0"},
				"down": {"uv": [3.75, 9.125, 3.625, 9], "texture": "#0"}
			}
		},
		{
			"name": "christmas",
			"from": [7.2, 20.25, 8.75],
			"to": [8, 21, 9.5],
			"rotation": {"angle": -22.5, "axis": "y", "origin": [7.6, 20.625, 9.125]},
			"faces": {
				"north": {"uv": [9.125, 3.75, 9, 3.875], "texture": "#0"},
				"east": {"uv": [3.875, 9, 3.75, 9.125], "texture": "#0"},
				"south": {"uv": [9.125, 3.625, 9, 3.75], "texture": "#0"},
				"west": {"uv": [9.125, 4, 9, 4.125], "texture": "#0"},
				"up": {"uv": [9.125, 4.375, 9, 4.5], "texture": "#0"},
				"down": {"uv": [9.125, 4.625, 9, 4.5], "texture": "#0"}
			}
		},
		{
			"name": "christmas",
			"from": [7.6, 21, 8.75],
			"to": [8.4, 21.75, 9.5],
			"rotation": {"angle": -22.5, "axis": "x", "origin": [8, 21.375, 9.125]},
			"faces": {
				"north": {"uv": [3, 9, 2.875, 9.125], "texture": "#0"},
				"east": {"uv": [2.875, 9, 2.75, 9.125], "texture": "#0"},
				"south": {"uv": [2.75, 9, 2.625, 9.125], "texture": "#0"},
				"west": {"uv": [9.125, 2.875, 9, 3], "texture": "#0"},
				"up": {"uv": [9.125, 3, 9, 3.125], "texture": "#0"},
				"down": {"uv": [9.125, 3.25, 9, 3.125], "texture": "#0"}
			}
		},
		{
			"name": "christmas",
			"from": [-1, 15, 8.9],
			"to": [17, 25, 8.9],
			"rotation": {"angle": 0, "axis": "y", "origin": [8, 20, 8.9]},
			"faces": {
				"north": {"uv": [0, 0, 2.25, 1.25], "texture": "#0"},
				"east": {"uv": [0, 0, 0, 1.25], "texture": "#0"},
				"south": {"uv": [2.25, 0, 0, 1.25], "texture": "#0"},
				"west": {"uv": [0, 0, 0, 1.25], "texture": "#0"},
				"up": {"uv": [2.25, 0, 0, 0], "texture": "#0"},
				"down": {"uv": [2.25, 0, 0, 0], "texture": "#0"}
			}
		},
		{
			"name": "ef",
			"from": [13.73069, 13.5025, 8.0394],
			"to": [13.73069, 23.62, 11.5894],
			"rotation": {"angle": 45, "axis": "y", "origin": [8, 17.64125, 7.64645]},
			"faces": {
				"north": {"uv": [0, 0, 0, 1.5], "texture": "#missing"},
				"east": {"uv": [5.25, 0, 0.75, 12.25], "texture": "#3"},
				"south": {"uv": [0, 0, 0, 1.5], "texture": "#missing"},
				"west": {"uv": [0.75, 0, 5.25, 12.25], "texture": "#3"},
				"up": {"uv": [0, 0, 1.5, 0], "rotation": 270, "texture": "#missing"},
				"down": {"uv": [0, 0, 1.5, 0], "rotation": 90, "texture": "#missing"}
			}
		},
		{
			"name": "ef",
			"from": [1.76931, 20.8925, 4.20349],
			"to": [1.76931, 31.01, 7.75349],
			"rotation": {"angle": 45, "axis": "y", "origin": [8, 17.64125, 7.64645]},
			"faces": {
				"north": {"uv": [0, 0, 0, 1.5], "texture": "#missing"},
				"east": {"uv": [5.75, 0.25, 10.25, 12.5], "texture": "#3"},
				"south": {"uv": [0, 0, 0, 1.5], "texture": "#missing"},
				"west": {"uv": [10.25, 0.25, 5.75, 12.5], "texture": "#3"},
				"up": {"uv": [1.5, 0, 0, 0], "rotation": 270, "texture": "#missing"},
				"down": {"uv": [1.5, 0, 0, 0], "rotation": 90, "texture": "#missing"}
			}
		},
		{
			"name": "ef",
			"from": [4.76931, -0.7275, 3.20349],
			"to": [4.76931, 9.39, 6.75349],
			"rotation": {"angle": 45, "axis": "y", "origin": [8, 17.64125, 7.64645]},
			"faces": {
				"north": {"uv": [0, 0, 0, 1.5], "texture": "#missing"},
				"east": {"uv": [11, 0.5, 15.5, 12.75], "texture": "#3"},
				"south": {"uv": [0, 0, 0, 1.5], "texture": "#missing"},
				"west": {"uv": [15.5, 0.5, 11, 12.75], "texture": "#3"},
				"up": {"uv": [1.5, 0, 0, 0], "rotation": 270, "texture": "#missing"},
				"down": {"uv": [1.5, 0, 0, 0], "rotation": 90, "texture": "#missing"}
			}
		},
		{
			"name": "ef",
			"from": [3.1573, 9, 6.18806],
			"to": [6.4573, 24, 6.18806],
			"rotation": {"angle": 22.5, "axis": "y", "origin": [4.8073, 17.5, 6.18806]},
			"faces": {
				"north": {"uv": [4.75, 2, 2.75, 11.375], "texture": "#2"},
				"east": {"uv": [0, 0, 0, 1.875], "texture": "#missing"},
				"south": {"uv": [2.75, 2, 4.75, 11.375], "texture": "#2"},
				"west": {"uv": [0, 0, 0, 1.875], "texture": "#missing"},
				"up": {"uv": [0.5, 0, 0, 0], "texture": "#missing"},
				"down": {"uv": [0.5, 0, 0, 0], "texture": "#missing"}
			}
		},
		{
			"name": "ef",
			"from": [9.5427, 17, 9.81194],
			"to": [12.8427, 32, 9.81194],
			"rotation": {"angle": 22.5, "axis": "y", "origin": [11.1927, 17.5, 9.81194]},
			"faces": {
				"north": {"uv": [6.5, 2, 8.5, 11.375], "texture": "#2"},
				"east": {"uv": [0, 0, 0, 1.875], "texture": "#missing"},
				"south": {"uv": [8.5, 2, 6.5, 11.375], "texture": "#2"},
				"west": {"uv": [0, 0, 0, 1.875], "texture": "#missing"},
				"up": {"uv": [0, 0, 0.5, 0], "texture": "#missing"},
				"down": {"uv": [0, 0, 0.5, 0], "texture": "#missing"}
			}
		},
		{
			"name": "ef",
			"from": [9.5427, -5, 9.81194],
			"to": [12.8427, 10, 9.81194],
			"rotation": {"angle": 22.5, "axis": "y", "origin": [11.1927, 2.5, 9.81194]},
			"faces": {
				"north": {"uv": [13.75, 2, 11.75, 11.375], "texture": "#2"},
				"east": {"uv": [0, 0, 0, 1.875], "texture": "#missing"},
				"south": {"uv": [11.75, 2, 13.75, 11.375], "texture": "#2"},
				"west": {"uv": [0, 0, 0, 1.875], "texture": "#missing"},
				"up": {"uv": [0, 0, 0.5, 0], "texture": "#missing"},
				"down": {"uv": [0, 0, 0.5, 0], "texture": "#missing"}
			}
		}
	],
	"gui_light": "front",
	"display": {
		"thirdperson_righthand": {
			"rotation": [0, 90, 0],
			"translation": [0, 1.5, 2.25]
		},
		"thirdperson_lefthand": {
			"rotation": [0, 90, 0],
			"translation": [0, 1.5, 2.25]
		},
		"firstperson_righthand": {
			"rotation": [-79.22, -85.45, -87.09],
			"translation": [-1.5, 1.5, 0],
			"scale": [0.57, 0.57, 0.57]
		},
		"firstperson_lefthand": {
			"rotation": [-79.22, -85.45, -87.09],
			"translation": [-1.5, 1.5, 0],
			"scale": [0.57, 0.57, 0.57]
		},
		"ground": {
			"rotation": [0, 0, 45],
			"scale": [0.4, 0.4, 0.4]
		},
		"gui": {
			"rotation": [0, 0, -45],
			"translation": [-2.75, -2.75, 0],
			"scale": [0.56, 0.56, 0.56]
		},
		"head": {
			"scale": [0, 0, 0]
		},
		"fixed": {
			"translation": [0, -4.5, -2.25],
			"scale": [0.8, 0.8, 0.8]
		}
	},
	"groups": [
		{
			"name": "axe",
			"origin": [11.2649, 16.79514, 8],
			"color": 0,
			"nbt": "{}",
			"armAnimationEnabled": false,
			"children": [0, 1, 2, 3, 4, 5, 6, 7, 8, 9, 10, 11, 12, 13, 14, 15, 16, 17, 18, 19, 20, 21, 22, 23, 24, 25, 26, 27, 28, 29, 30, 31, 32, 33, 34, 35, 36, 37, 38, 39, 40, 41]
		}
	]
}