{
  "format_version": "1.9.0",
  "credit": "Pologony Creation Co.,Ltd.",
  "textures": {
    "1": "item/pyrosoul/pyrosoul_ef1_long",
    "2": "item/pyrosoul/pyrosoul_sword",
    "3": "item/pyrosoul/pyrosoul_ef2_long",
    "5": "item/pyrosoul/pyrosoul_ef1_long",
    "particle": "item/pyrosoul/pyrosoul_sword"
  },
  "elements": [
    {
      "from": [
        7.5,
        -0.25,
        7.5
      ],
      "to": [
        8.5,
        1.75,
        9.5
      ],
      "rotation": {
        "angle": -45,
        "axis": "x",
        "origin": [
          7.5,
          0.25,
          8
        ]
      },
      "faces": {
        "north": {
          "uv": [
            2.66667,
            11.55556,
            3.11111,
            12.44444
          ],
          "texture": "#2"
        },
        "east": {
          "uv": [
            8.88889,
            0,
            9.77778,
            0.88889
          ],
          "texture": "#2"
        },
        "south": {
          "uv": [
            11.55556,
            2.66667,
            12,
            3.55556
          ],
          "texture": "#2"
        },
        "west": {
          "uv": [
            8.88889,
            1.33333,
            9.77778,
            2.22222
          ],
          "texture": "#2"
        },
        "up": {
          "uv": [
            4,
            12.44444,
            3.55556,
            11.55556
          ],
          "texture": "#2"
        },
        "down": {
          "uv": [
            12,
            4,
            11.55556,
            4.88889
          ],
          "texture": "#2"
        }
      }
    },
    {
      "from": [
        7.25,
        0,
        7.75
      ],
      "to": [
        8.75,
        1.5,
        9.25
      ],
      "rotation": {
        "angle": -45,
        "axis": "x",
        "origin": [
          7.5,
          0.25,
          8
        ]
      },
      "faces": {
        "north": {
          "uv": [
            11.11111,
            9.77778,
            11.77778,
            10.44444
          ],
          "texture": "#2"
        },
        "east": {
          "uv": [
            11.11111,
            11.11111,
            11.77778,
            11.77778
          ],
          "texture": "#2"
        },
        "south": {
          "uv": [
            0,
            11.55556,
            0.66667,
            12.22222
          ],
          "texture": "#2"
        },
        "west": {
          "uv": [
            11.55556,
            0,
            12.22222,
            0.66667
          ],
          "texture": "#2"
        },
        "up": {
          "uv": [
            2,
            12.22222,
            1.33333,
            11.55556
          ],
          "texture": "#2"
        },
        "down": {
          "uv": [
            12.22222,
            1.33333,
            11.55556,
            2
          ],
          "texture": "#2"
        }
      }
    },
    {
      "from": [
        7.29289,
        3.12132,
        7.92678
      ],
      "to": [
        8.54289,
        4.37132,
        9.17678
      ],
      "rotation": {
        "angle": 45,
        "axis": "y",
        "origin": [
          7.29289,
          3.12132,
          8.17678
        ]
      },
      "faces": {
        "north": {
          "uv": [
            12.44444,
            12.44444,
            13,
            13
          ],
          "texture": "#2"
        },
        "east": {
          "uv": [
            0,
            12.88889,
            0.55556,
            13.44444
          ],
          "texture": "#2"
        },
        "south": {
          "uv": [
            12.88889,
            0,
            13.44444,
            0.55556
          ],
          "texture": "#2"
        },
        "west": {
          "uv": [
            1.33333,
            12.88889,
            1.88889,
            13.44444
          ],
          "texture": "#2"
        },
        "up": {
          "uv": [
            13.44444,
            1.88889,
            12.88889,
            1.33333
          ],
          "texture": "#2"
        }
      }
    },
    {
      "from": [
        7.29289,
        4.37132,
        8
      ],
      "to": [
        8.29289,
        5.62132,
        9
      ],
      "rotation": {
        "angle": 45,
        "axis": "y",
        "origin": [
          7.29289,
          4.37132,
          8
        ]
      },
      "faces": {
        "north": {
          "uv": [
            13.33333,
            8.44444,
            13.77778,
            9
          ],
          "texture": "#2"
        },
        "east": {
          "uv": [
            13.77778,
            2.66667,
            14.22222,
            3.22222
          ],
          "texture": "#2"
        },
        "south": {
          "uv": [
            13.77778,
            4,
            14.22222,
            4.55556
          ],
          "texture": "#2"
        },
        "west": {
          "uv": [
            9.77778,
            13.77778,
            10.22222,
            14.33333
          ],
          "texture": "#2"
        }
      }
    },
    {
      "from": [
        7.29289,
        5.62132,
        7.92678
      ],
      "to": [
        8.54289,
        6.87132,
        9.17678
      ],
      "rotation": {
        "angle": 45,
        "axis": "y",
        "origin": [
          7.29289,
          5.62132,
          8.17678
        ]
      },
      "faces": {
        "north": {
          "uv": [
            2.66667,
            12.88889,
            3.22222,
            13.44444
          ],
          "texture": "#2"
        },
        "east": {
          "uv": [
            4,
            12.88889,
            4.55556,
            13.44444
          ],
          "texture": "#2"
        },
        "south": {
          "uv": [
            5.33333,
            12.88889,
            5.88889,
            13.44444
          ],
          "texture": "#2"
        },
        "west": {
          "uv": [
            12.88889,
            5.33333,
            13.44444,
            5.88889
          ],
          "texture": "#2"
        },
        "down": {
          "uv": [
            7.22222,
            12.88889,
            6.66667,
            13.44444
          ],
          "texture": "#2"
        }
      }
    },
    {
      "from": [
        6.79289,
        7.87132,
        7.5
      ],
      "to": [
        8.79289,
        8.37132,
        9.5
      ],
      "rotation": {
        "angle": 45,
        "axis": "y",
        "origin": [
          7.29289,
          7.87132,
          8
        ]
      },
      "faces": {
        "north": {
          "uv": [
            12.88889,
            13.77778,
            13.77778,
            14
          ],
          "texture": "#2"
        },
        "east": {
          "uv": [
            0,
            14.22222,
            0.88889,
            14.44444
          ],
          "texture": "#2"
        },
        "south": {
          "uv": [
            14.22222,
            0,
            15.11111,
            0.22222
          ],
          "texture": "#2"
        },
        "west": {
          "uv": [
            14.22222,
            0.88889,
            15.11111,
            1.11111
          ],
          "texture": "#2"
        },
        "up": {
          "uv": [
            9.77778,
            3.55556,
            8.88889,
            2.66667
          ],
          "texture": "#2"
        },
        "down": {
          "uv": [
            4.88889,
            8.88889,
            4,
            9.77778
          ],
          "texture": "#2"
        }
      }
    },
    {
      "from": [
        7.04289,
        7.37132,
        7.75
      ],
      "to": [
        8.54289,
        7.87132,
        9.25
      ],
      "rotation": {
        "angle": 45,
        "axis": "y",
        "origin": [
          7.29289,
          7.37132,
          8
        ]
      },
      "faces": {
        "north": {
          "uv": [
            5.77778,
            15.11111,
            6.44444,
            15.33333
          ],
          "texture": "#2"
        },
        "east": {
          "uv": [
            15.11111,
            7.11111,
            15.77778,
            7.33333
          ],
          "texture": "#2"
        },
        "south": {
          "uv": [
            15.11111,
            8,
            15.77778,
            8.22222
          ],
          "texture": "#2"
        },
        "west": {
          "uv": [
            8.88889,
            15.11111,
            9.55556,
            15.33333
          ],
          "texture": "#2"
        }
      }
    },
    {
      "from": [
        6.79289,
        6.87132,
        7.5
      ],
      "to": [
        8.79289,
        7.37132,
        9.5
      ],
      "rotation": {
        "angle": 45,
        "axis": "y",
        "origin": [
          7.29289,
          6.87132,
          8
        ]
      },
      "faces": {
        "north": {
          "uv": [
            1.33333,
            14.22222,
            2.22222,
            14.44444
          ],
          "texture": "#2"
        },
        "east": {
          "uv": [
            14.22222,
            1.77778,
            15.11111,
            2
          ],
          "texture": "#2"
        },
        "south": {
          "uv": [
            2.66667,
            14.22222,
            3.55556,
            14.44444
          ],
          "texture": "#2"
        },
        "west": {
          "uv": [
            4,
            14.22222,
            4.88889,
            14.44444
          ],
          "texture": "#2"
        },
        "up": {
          "uv": [
            9.77778,
            4.88889,
            8.88889,
            4
          ],
          "texture": "#2"
        },
        "down": {
          "uv": [
            9.77778,
            5.33333,
            8.88889,
            6.22222
          ],
          "texture": "#2"
        }
      }
    },
    {
      "from": [
        7.0035,
        7.75707,
        5.53492
      ],
      "to": [
        8.9965,
        8.68207,
        7.53492
      ],
      "rotation": {
        "angle": -22.5,
        "axis": "x",
        "origin": [
          7.0035,
          7.68207,
          5.53492
        ]
      },
      "faces": {
        "north": {
          "uv": [
            11.55556,
            5.33333,
            12.44444,
            5.77778
          ],
          "texture": "#2"
        },
        "east": {
          "uv": [
            4.44444,
            12,
            5.33333,
            12.44444
          ],
          "texture": "#2"
        },
        "west": {
          "uv": [
            5.77778,
            12,
            6.66667,
            12.44444
          ],
          "texture": "#2"
        },
        "up": {
          "uv": [
            9.77778,
            7.55556,
            8.88889,
            6.66667
          ],
          "texture": "#2"
        },
        "down": {
          "uv": [
            9.77778,
            8,
            8.88889,
            8.88889
          ],
          "texture": "#2"
        }
      }
    },
    {
      "from": [
        7,
        8.37132,
        7
      ],
      "to": [
        9,
        9.37132,
        9
      ],
      "rotation": {
        "angle": 0,
        "axis": "x",
        "origin": [
          8,
          8.87132,
          8
        ]
      },
      "faces": {
        "north": {
          "uv": [
            12,
            8,
            12.88889,
            8.44444
          ],
          "texture": "#2"
        },
        "east": {
          "uv": [
            12,
            8.88889,
            12.88889,
            9.33333
          ],
          "texture": "#2"
        },
        "south": {
          "uv": [
            12.44444,
            2.66667,
            13.33333,
            3.11111
          ],
          "texture": "#2"
        },
        "west": {
          "uv": [
            12.44444,
            3.55556,
            13.33333,
            4
          ],
          "texture": "#2"
        },
        "up": {
          "uv": [
            9.77778,
            10.22222,
            8.88889,
            9.33333
          ],
          "texture": "#2"
        },
        "down": {
          "uv": [
            0.88889,
            10.22222,
            0,
            11.11111
          ],
          "texture": "#2"
        }
      }
    },
    {
      "from": [
        7.0035,
        8.68207,
        5.53492
      ],
      "to": [
        8.9965,
        9.68207,
        6.03492
      ],
      "rotation": {
        "angle": -22.5,
        "axis": "x",
        "origin": [
          7.0035,
          7.68207,
          5.53492
        ]
      },
      "faces": {
        "north": {
          "uv": [
            12.44444,
            4.44444,
            13.33333,
            4.88889
          ],
          "texture": "#2"
        },
        "east": {
          "uv": [
            14.22222,
            15.11111,
            14.44444,
            15.55556
          ],
          "texture": "#2"
        },
        "south": {
          "uv": [
            8.88889,
            12.44444,
            9.77778,
            12.88889
          ],
          "texture": "#2"
        },
        "west": {
          "uv": [
            15.11111,
            14.22222,
            15.33333,
            14.66667
          ],
          "texture": "#2"
        },
        "up": {
          "uv": [
            6.22222,
            14.44444,
            5.33333,
            14.22222
          ],
          "texture": "#2"
        }
      }
    },
    {
      "from": [
        6.79289,
        8.87132,
        7.5
      ],
      "to": [
        8.79289,
        9.87132,
        9.5
      ],
      "rotation": {
        "angle": 45,
        "axis": "y",
        "origin": [
          7.29289,
          7.87132,
          8
        ]
      },
      "faces": {
        "north": {
          "uv": [
            12.44444,
            9.77778,
            13.33333,
            10.22222
          ],
          "texture": "#2"
        },
        "east": {
          "uv": [
            12.44444,
            10.66667,
            13.33333,
            11.11111
          ],
          "texture": "#2"
        },
        "south": {
          "uv": [
            11.11111,
            12.44444,
            12,
            12.88889
          ],
          "texture": "#2"
        },
        "west": {
          "uv": [
            12.44444,
            11.55556,
            13.33333,
            12
          ],
          "texture": "#2"
        },
        "up": {
          "uv": [
            11.11111,
            0.88889,
            10.22222,
            0
          ],
          "texture": "#2"
        },
        "down": {
          "uv": [
            2.22222,
            10.22222,
            1.33333,
            11.11111
          ],
          "texture": "#2"
        }
      }
    },
    {
      "from": [
        7.0035,
        9.18207,
        6.03492
      ],
      "to": [
        8.9965,
        9.68207,
        6.53492
      ],
      "rotation": {
        "angle": -22.5,
        "axis": "x",
        "origin": [
          7.0035,
          7.68207,
          5.53492
        ]
      },
      "faces": {
        "east": {
          "uv": [
            15.55556,
            5.33333,
            15.77778,
            5.55556
          ],
          "texture": "#2"
        },
        "south": {
          "uv": [
            14.22222,
            5.33333,
            15.11111,
            5.55556
          ],
          "texture": "#2"
        },
        "west": {
          "uv": [
            15.55556,
            6.22222,
            15.77778,
            6.44444
          ],
          "texture": "#2"
        },
        "up": {
          "uv": [
            15.11111,
            6.44444,
            14.22222,
            6.22222
          ],
          "texture": "#2"
        },
        "down": {
          "uv": [
            7.55556,
            14.22222,
            6.66667,
            14.44444
          ],
          "texture": "#2"
        }
      }
    },
    {
      "from": [
        7.5035,
        8.68207,
        4.28492
      ],
      "to": [
        8.4965,
        9.93207,
        6.78492
      ],
      "rotation": {
        "angle": -22.5,
        "axis": "x",
        "origin": [
          7.0035,
          7.68207,
          5.53492
        ]
      },
      "faces": {
        "north": {
          "uv": [
            13.77778,
            9.77778,
            14.22222,
            10.33333
          ],
          "texture": "#2"
        },
        "east": {
          "uv": [
            5.33333,
            10.66667,
            6.44444,
            11.22222
          ],
          "texture": "#2"
        },
        "south": {
          "uv": [
            13.77778,
            11.11111,
            14.22222,
            11.66667
          ],
          "texture": "#2"
        },
        "west": {
          "uv": [
            11.11111,
            6.66667,
            12.22222,
            7.22222
          ],
          "texture": "#2"
        },
        "up": {
          "uv": [
            9.33333,
            11.77778,
            8.88889,
            10.66667
          ],
          "texture": "#2"
        },
        "down": {
          "uv": [
            11.55556,
            8,
            11.11111,
            9.11111
          ],
          "texture": "#2"
        }
      }
    },
    {
      "from": [
        7.5035,
        9.93207,
        4.28492
      ],
      "to": [
        8.4965,
        11.18207,
        5.03492
      ],
      "rotation": {
        "angle": -22.5,
        "axis": "x",
        "origin": [
          7.0035,
          7.68207,
          5.53492
        ]
      },
      "faces": {
        "north": {
          "uv": [
            12,
            13.77778,
            12.44444,
            14.33333
          ],
          "texture": "#2"
        },
        "east": {
          "uv": [
            4,
            15.11111,
            4.33333,
            15.66667
          ],
          "texture": "#2"
        },
        "south": {
          "uv": [
            13.77778,
            12.44444,
            14.22222,
            13
          ],
          "texture": "#2"
        },
        "west": {
          "uv": [
            4.88889,
            15.11111,
            5.22222,
            15.66667
          ],
          "texture": "#2"
        },
        "up": {
          "uv": [
            7.55556,
            15.44444,
            7.11111,
            15.11111
          ],
          "texture": "#2"
        }
      }
    },
    {
      "from": [
        7.5035,
        10.68207,
        5.03492
      ],
      "to": [
        8.4965,
        11.18207,
        5.53492
      ],
      "rotation": {
        "angle": -22.5,
        "axis": "x",
        "origin": [
          7.0035,
          7.68207,
          5.53492
        ]
      },
      "faces": {
        "east": {
          "uv": [
            8,
            15.55556,
            8.22222,
            15.77778
          ],
          "texture": "#2"
        },
        "south": {
          "uv": [
            15.11111,
            15.11111,
            15.55556,
            15.33333
          ],
          "texture": "#2"
        },
        "west": {
          "uv": [
            12.88889,
            15.55556,
            13.11111,
            15.77778
          ],
          "texture": "#2"
        },
        "up": {
          "uv": [
            16,
            0.22222,
            15.55556,
            0
          ],
          "texture": "#2"
        },
        "down": {
          "uv": [
            16,
            0.88889,
            15.55556,
            1.11111
          ],
          "texture": "#2"
        }
      }
    },
    {
      "from": [
        7.75,
        8.70711,
        8
      ],
      "to": [
        8.25,
        11.45711,
        10.75
      ],
      "rotation": {
        "angle": -45,
        "axis": "x",
        "origin": [
          7.75,
          8.70711,
          8
        ]
      },
      "faces": {
        "north": {
          "uv": [
            8,
            12.88889,
            8.22222,
            14.11111
          ],
          "texture": "#2"
        },
        "east": {
          "uv": [
            4,
            7.11111,
            5.22222,
            8.33333
          ],
          "texture": "#2"
        },
        "south": {
          "uv": [
            13.33333,
            6.66667,
            13.55556,
            7.88889
          ],
          "texture": "#2"
        },
        "west": {
          "uv": [
            7.11111,
            5.77778,
            8.33333,
            7
          ],
          "texture": "#2"
        },
        "up": {
          "uv": [
            9.11111,
            14.55556,
            8.88889,
            13.33333
          ],
          "texture": "#2"
        },
        "down": {
          "uv": [
            11.33333,
            13.33333,
            11.11111,
            14.55556
          ],
          "texture": "#2"
        }
      }
    },
    {
      "from": [
        7.7535,
        10.65165,
        6.625
      ],
      "to": [
        8.2465,
        17.40165,
        9.375
      ],
      "rotation": {
        "angle": 0,
        "axis": "x",
        "origin": [
          8.0035,
          12.02665,
          8
        ]
      },
      "faces": {
        "north": {
          "uv": [
            10.22222,
            6.66667,
            10.44444,
            9.66667
          ],
          "texture": "#2"
        },
        "east": {
          "uv": [
            4,
            0,
            5.22222,
            3
          ],
          "texture": "#2"
        },
        "south": {
          "uv": [
            10.22222,
            10.22222,
            10.44444,
            13.22222
          ],
          "texture": "#2"
        },
        "west": {
          "uv": [
            4,
            3.55556,
            5.22222,
            6.55556
          ],
          "texture": "#2"
        }
      }
    },
    {
      "from": [
        7.75,
        15.69142,
        8.8
      ],
      "to": [
        8.25,
        17.64142,
        10.75
      ],
      "rotation": {
        "angle": -45,
        "axis": "x",
        "origin": [
          7.75,
          14.89142,
          8
        ]
      },
      "faces": {
        "north": {
          "uv": [
            14.22222,
            7.11111,
            14.44444,
            8
          ],
          "texture": "#2"
        },
        "east": {
          "uv": [
            10.22222,
            1.33333,
            11.11111,
            2.22222
          ],
          "texture": "#2"
        },
        "south": {
          "uv": [
            14.22222,
            8.44444,
            14.44444,
            9.33333
          ],
          "texture": "#2"
        },
        "west": {
          "uv": [
            2.66667,
            10.22222,
            3.55556,
            11.11111
          ],
          "texture": "#2"
        },
        "up": {
          "uv": [
            14.44444,
            14.66667,
            14.22222,
            13.77778
          ],
          "texture": "#2"
        },
        "down": {
          "uv": [
            14.88889,
            2.66667,
            14.66667,
            3.55556
          ],
          "texture": "#2"
        }
      }
    },
    {
      "from": [
        7.7535,
        17.40165,
        7.25
      ],
      "to": [
        8.2465,
        28.15165,
        8.75
      ],
      "rotation": {
        "angle": 0,
        "axis": "x",
        "origin": [
          8.0035,
          18.77665,
          8.125
        ]
      },
      "faces": {
        "north": {
          "uv": [
            7.11111,
            7.55556,
            7.33333,
            12.33333
          ],
          "texture": "#2"
        },
        "east": {
          "uv": [
            5.77778,
            0,
            6.44444,
            4.77778
          ],
          "texture": "#2"
        },
        "south": {
          "uv": [
            8,
            7.55556,
            8.22222,
            12.33333
          ],
          "texture": "#2"
        },
        "west": {
          "uv": [
            5.77778,
            5.33333,
            6.44444,
            10.11111
          ],
          "texture": "#2"
        }
      }
    },
    {
      "from": [
        7.75,
        26.96578,
        9.05
      ],
      "to": [
        8.25,
        28.02778,
        10.112
      ],
      "rotation": {
        "angle": -45,
        "axis": "x",
        "origin": [
          7.75,
          25.91578,
          8
        ]
      },
      "faces": {
        "north": {
          "uv": [
            15.55556,
            1.77778,
            15.77778,
            2.22222
          ],
          "texture": "#2"
        },
        "east": {
          "uv": [
            14.66667,
            4,
            15.11111,
            4.44444
          ],
          "texture": "#2"
        },
        "south": {
          "uv": [
            15.55556,
            2.66667,
            15.77778,
            3.11111
          ],
          "texture": "#2"
        },
        "west": {
          "uv": [
            8,
            14.66667,
            8.44444,
            15.11111
          ],
          "texture": "#2"
        },
        "up": {
          "uv": [
            15.77778,
            4,
            15.55556,
            3.55556
          ],
          "texture": "#2"
        },
        "down": {
          "uv": [
            15.77778,
            4.44444,
            15.55556,
            4.88889
          ],
          "texture": "#2"
        }
      }
    },
    {
      "from": [
        7.995,
        10.65165,
        4.375
      ],
      "to": [
        8.005,
        32,
        11.625
      ],
      "rotation": {
        "angle": 0,
        "axis": "x",
        "origin": [
          7.9985,
          12.02665,
          7.5
        ]
      },
      "faces": {
        "east": {
          "uv": [
            3.22222,
            0,
            0,
            9.44444
          ],
          "texture": "#2"
        },
        "west": {
          "uv": [
            0,
            0,
            3.22222,
            9.44444
          ],
          "texture": "#2"
        }
      }
    },
    {
      "from": [
        7.995,
        7.63711,
        2.54523
      ],
      "to": [
        8.005,
        12.88711,
        5.04523
      ],
      "rotation": {
        "angle": -22.5,
        "axis": "x",
        "origin": [
          7.995,
          8.01211,
          4.04523
        ]
      },
      "faces": {
        "east": {
          "uv": [
            8.22222,
            0,
            7.11111,
            2.33333
          ],
          "texture": "#2"
        },
        "west": {
          "uv": [
            7.11111,
            0,
            8.22222,
            2.33333
          ],
          "texture": "#2"
        }
      }
    },
    {
      "from": [
        7.0035,
        7.75707,
        8.46508
      ],
      "to": [
        8.9965,
        8.68207,
        10.46508
      ],
      "rotation": {
        "angle": 22.5,
        "axis": "x",
        "origin": [
          7.0035,
          7.68207,
          10.46508
        ]
      },
      "faces": {
        "east": {
          "uv": [
            5.33333,
            12,
            4.44444,
            12.44444
          ],
          "texture": "#2"
        },
        "south": {
          "uv": [
            12.44444,
            5.33333,
            11.55556,
            5.77778
          ],
          "texture": "#2"
        },
        "west": {
          "uv": [
            6.66667,
            12,
            5.77778,
            12.44444
          ],
          "texture": "#2"
        },
        "up": {
          "uv": [
            9.77778,
            6.66667,
            8.88889,
            7.55556
          ],
          "texture": "#2"
        },
        "down": {
          "uv": [
            9.77778,
            8.88889,
            8.88889,
            8
          ],
          "texture": "#2"
        }
      }
    },
    {
      "from": [
        7.0035,
        8.68207,
        9.96508
      ],
      "to": [
        8.9965,
        9.68207,
        10.46508
      ],
      "rotation": {
        "angle": 22.5,
        "axis": "x",
        "origin": [
          7.0035,
          7.68207,
          10.46508
        ]
      },
      "faces": {
        "north": {
          "uv": [
            9.77778,
            12.44444,
            8.88889,
            12.88889
          ],
          "texture": "#2"
        },
        "east": {
          "uv": [
            14.44444,
            15.11111,
            14.22222,
            15.55556
          ],
          "texture": "#2"
        },
        "south": {
          "uv": [
            13.33333,
            4.44444,
            12.44444,
            4.88889
          ],
          "texture": "#2"
        },
        "west": {
          "uv": [
            15.33333,
            14.22222,
            15.11111,
            14.66667
          ],
          "texture": "#2"
        },
        "up": {
          "uv": [
            6.22222,
            14.22222,
            5.33333,
            14.44444
          ],
          "texture": "#2"
        }
      }
    },
    {
      "from": [
        7.0035,
        9.18207,
        9.46508
      ],
      "to": [
        8.9965,
        9.68207,
        9.96508
      ],
      "rotation": {
        "angle": 22.5,
        "axis": "x",
        "origin": [
          7.0035,
          7.68207,
          10.46508
        ]
      },
      "faces": {
        "north": {
          "uv": [
            15.11111,
            5.33333,
            14.22222,
            5.55556
          ],
          "texture": "#2"
        },
        "east": {
          "uv": [
            15.77778,
            5.33333,
            15.55556,
            5.55556
          ],
          "texture": "#2"
        },
        "west": {
          "uv": [
            15.77778,
            6.22222,
            15.55556,
            6.44444
          ],
          "texture": "#2"
        },
        "up": {
          "uv": [
            15.11111,
            6.22222,
            14.22222,
            6.44444
          ],
          "texture": "#2"
        },
        "down": {
          "uv": [
            7.55556,
            14.44444,
            6.66667,
            14.22222
          ],
          "texture": "#2"
        }
      }
    },
    {
      "from": [
        7.5035,
        8.68207,
        9.21508
      ],
      "to": [
        8.4965,
        9.93207,
        11.71508
      ],
      "rotation": {
        "angle": 22.5,
        "axis": "x",
        "origin": [
          7.0035,
          7.68207,
          10.46508
        ]
      },
      "faces": {
        "north": {
          "uv": [
            14.22222,
            11.11111,
            13.77778,
            11.66667
          ],
          "texture": "#2"
        },
        "east": {
          "uv": [
            6.44444,
            10.66667,
            5.33333,
            11.22222
          ],
          "texture": "#2"
        },
        "south": {
          "uv": [
            14.22222,
            9.77778,
            13.77778,
            10.33333
          ],
          "texture": "#2"
        },
        "west": {
          "uv": [
            12.22222,
            6.66667,
            11.11111,
            7.22222
          ],
          "texture": "#2"
        },
        "up": {
          "uv": [
            9.33333,
            10.66667,
            8.88889,
            11.77778
          ],
          "texture": "#2"
        },
        "down": {
          "uv": [
            11.55556,
            9.11111,
            11.11111,
            8
          ],
          "texture": "#2"
        }
      }
    },
    {
      "from": [
        7.5035,
        9.93207,
        10.96508
      ],
      "to": [
        8.4965,
        11.18207,
        11.71508
      ],
      "rotation": {
        "angle": 22.5,
        "axis": "x",
        "origin": [
          7.0035,
          7.68207,
          10.46508
        ]
      },
      "faces": {
        "north": {
          "uv": [
            14.22222,
            12.44444,
            13.77778,
            13
          ],
          "texture": "#2"
        },
        "east": {
          "uv": [
            4.33333,
            15.11111,
            4,
            15.66667
          ],
          "texture": "#2"
        },
        "south": {
          "uv": [
            12.44444,
            13.77778,
            12,
            14.33333
          ],
          "texture": "#2"
        },
        "west": {
          "uv": [
            5.22222,
            15.11111,
            4.88889,
            15.66667
          ],
          "texture": "#2"
        },
        "up": {
          "uv": [
            7.55556,
            15.11111,
            7.11111,
            15.44444
          ],
          "texture": "#2"
        }
      }
    },
    {
      "from": [
        7.5035,
        10.68207,
        10.46508
      ],
      "to": [
        8.4965,
        11.18207,
        10.96508
      ],
      "rotation": {
        "angle": 22.5,
        "axis": "x",
        "origin": [
          7.0035,
          7.68207,
          10.46508
        ]
      },
      "faces": {
        "north": {
          "uv": [
            15.55556,
            15.11111,
            15.11111,
            15.33333
          ],
          "texture": "#2"
        },
        "east": {
          "uv": [
            8.22222,
            15.55556,
            8,
            15.77778
          ],
          "texture": "#2"
        },
        "west": {
          "uv": [
            13.11111,
            15.55556,
            12.88889,
            15.77778
          ],
          "texture": "#2"
        },
        "up": {
          "uv": [
            16,
            0,
            15.55556,
            0.22222
          ],
          "texture": "#2"
        },
        "down": {
          "uv": [
            16,
            1.11111,
            15.55556,
            0.88889
          ],
          "texture": "#2"
        }
      }
    },
    {
      "from": [
        7.995,
        7.63711,
        10.95477
      ],
      "to": [
        8.005,
        12.88711,
        13.45477
      ],
      "rotation": {
        "angle": 22.5,
        "axis": "x",
        "origin": [
          7.995,
          8.01211,
          11.95477
        ]
      },
      "faces": {
        "east": {
          "uv": [
            7.11111,
            0,
            8.22222,
            2.33333
          ],
          "texture": "#2"
        },
        "west": {
          "uv": [
            8.22222,
            0,
            7.11111,
            2.33333
          ],
          "texture": "#2"
        }
      }
    },
    {
      "from": [
        7.995,
        -3.11289,
        5.04523
      ],
      "to": [
        8.005,
        1.63711,
        7.79523
      ],
      "rotation": {
        "angle": 0,
        "axis": "x",
        "origin": [
          7.995,
          -1.48789,
          6.54523
        ]
      },
      "faces": {
        "east": {
          "uv": [
            8.33333,
            3.11111,
            7.11111,
            5.22222
          ],
          "texture": "#2"
        },
        "west": {
          "uv": [
            7.11111,
            3.11111,
            8.33333,
            5.22222
          ],
          "texture": "#2"
        }
      }
    },
    {
      "from": [
        7.995,
        -3.11289,
        8.20477
      ],
      "to": [
        8.005,
        1.63711,
        10.95477
      ],
      "rotation": {
        "angle": 0,
        "axis": "x",
        "origin": [
          7.995,
          -1.48789,
          9.45477
        ]
      },
      "faces": {
        "east": {
          "uv": [
            7.11111,
            3.11111,
            8.33333,
            5.22222
          ],
          "texture": "#2"
        },
        "west": {
          "uv": [
            8.33333,
            3.11111,
            7.11111,
            5.22222
          ],
          "texture": "#2"
        }
      }
    },
    {
      "from": [
        6.79289,
        2.62132,
        7.5
      ],
      "to": [
        8.79289,
        3.12132,
        9.5
      ],
      "rotation": {
        "angle": 45,
        "axis": "y",
        "origin": [
          7.29289,
          2.62132,
          8
        ]
      },
      "faces": {
        "north": {
          "uv": [
            14.66667,
            9.77778,
            15.55556,
            10
          ],
          "texture": "#2"
        },
        "east": {
          "uv": [
            14.66667,
            10.66667,
            15.55556,
            10.88889
          ],
          "texture": "#2"
        },
        "south": {
          "uv": [
            14.66667,
            11.55556,
            15.55556,
            11.77778
          ],
          "texture": "#2"
        },
        "west": {
          "uv": [
            14.66667,
            12.44444,
            15.55556,
            12.66667
          ],
          "texture": "#2"
        },
        "up": {
          "uv": [
            11.11111,
            3.55556,
            10.22222,
            2.66667
          ],
          "texture": "#2"
        },
        "down": {
          "uv": [
            4.88889,
            10.22222,
            4,
            11.11111
          ],
          "texture": "#2"
        }
      }
    },
    {
      "from": [
        7.04289,
        2.12132,
        7.75
      ],
      "to": [
        8.54289,
        2.62132,
        9.25
      ],
      "rotation": {
        "angle": 45,
        "axis": "y",
        "origin": [
          7.29289,
          2.12132,
          8
        ]
      },
      "faces": {
        "north": {
          "uv": [
            15.11111,
            8.88889,
            15.77778,
            9.11111
          ],
          "texture": "#2"
        },
        "east": {
          "uv": [
            10.22222,
            15.11111,
            10.88889,
            15.33333
          ],
          "texture": "#2"
        },
        "south": {
          "uv": [
            11.55556,
            15.11111,
            12.22222,
            15.33333
          ],
          "texture": "#2"
        },
        "west": {
          "uv": [
            15.11111,
            13.33333,
            15.77778,
            13.55556
          ],
          "texture": "#2"
        }
      }
    },
    {
      "from": [
        6.79289,
        1.62132,
        7.5
      ],
      "to": [
        8.79289,
        2.12132,
        9.5
      ],
      "rotation": {
        "angle": 45,
        "axis": "y",
        "origin": [
          7.29289,
          1.62132,
          8
        ]
      },
      "faces": {
        "north": {
          "uv": [
            12.88889,
            14.66667,
            13.77778,
            14.88889
          ],
          "texture": "#2"
        },
        "east": {
          "uv": [
            0,
            15.11111,
            0.88889,
            15.33333
          ],
          "texture": "#2"
        },
        "south": {
          "uv": [
            1.33333,
            15.11111,
            2.22222,
            15.33333
          ],
          "texture": "#2"
        },
        "west": {
          "uv": [
            2.66667,
            15.11111,
            3.55556,
            15.33333
          ],
          "texture": "#2"
        },
        "up": {
          "uv": [
            11.11111,
            4.88889,
            10.22222,
            4
          ],
          "texture": "#2"
        },
        "down": {
          "uv": [
            11.11111,
            5.33333,
            10.22222,
            6.22222
          ],
          "texture": "#2"
        }
      }
    },
    {
      "from": [
        6.35195,
        12,
        5
      ],
      "to": [
        6.36195,
        32,
        8
      ],
      "rotation": {
        "angle": -22.5,
        "axis": "y",
        "origin": [
          6.35195,
          22,
          8
        ]
      },
      "faces": {
        "east": {
          "uv": [
            8.8,
            0,
            6.4,
            16
          ],
          "texture": "#1"
        },
        "west": {
          "uv": [
            6.4,
            0,
            8.8,
            16
          ],
          "texture": "#1"
        }
      }
    },
    {
      "from": [
        7.5,
        12,
        5.22836
      ],
      "to": [
        8.5,
        32,
        5.23836
      ],
      "rotation": {
        "angle": 0,
        "axis": "y",
        "origin": [
          8,
          22,
          5.22836
        ]
      },
      "faces": {
        "north": {
          "uv": [
            5.6,
            0,
            6.4,
            16
          ],
          "texture": "#1"
        },
        "south": {
          "uv": [
            6.4,
            0,
            5.6,
            16
          ],
          "texture": "#1"
        }
      }
    },
    {
      "from": [
        7.5,
        12,
        10.76164
      ],
      "to": [
        8.5,
        32,
        10.77164
      ],
      "rotation": {
        "angle": 0,
        "axis": "y",
        "origin": [
          8,
          22,
          10.76164
        ]
      },
      "faces": {
        "north": {
          "uv": [
            0.8,
            0,
            0,
            16
          ],
          "texture": "#1"
        },
        "south": {
          "uv": [
            0,
            0,
            0.8,
            16
          ],
          "texture": "#1"
        }
      }
    },
    {
      "from": [
        6.35195,
        12,
        8
      ],
      "to": [
        6.36195,
        32,
        11
      ],
      "rotation": {
        "angle": 22.5,
        "axis": "y",
        "origin": [
          6.35195,
          22,
          8
        ]
      },
      "faces": {
        "east": {
          "uv": [
            11.2,
            0,
            8.8,
            16
          ],
          "texture": "#1"
        },
        "west": {
          "uv": [
            8.8,
            0,
            11.2,
            16
          ],
          "texture": "#1"
        }
      }
    },
    {
      "from": [
        9.06479,
        12,
        7.88199
      ],
      "to": [
        9.07479,
        32,
        10.88199
      ],
      "rotation": {
        "angle": -22.5,
        "axis": "y",
        "origin": [
          9.06479,
          22,
          9.38199
        ]
      },
      "faces": {
        "east": {
          "uv": [
            0.8,
            0,
            3.2,
            16
          ],
          "texture": "#1"
        },
        "west": {
          "uv": [
            3.2,
            0,
            0.8,
            16
          ],
          "texture": "#1"
        }
      }
    },
    {
      "from": [
        9.06479,
        12,
        5.11801
      ],
      "to": [
        9.07479,
        32,
        8.11801
      ],
      "rotation": {
        "angle": 22.5,
        "axis": "y",
        "origin": [
          9.06479,
          22,
          6.61801
        ]
      },
      "faces": {
        "east": {
          "uv": [
            3.2,
            0,
            5.6,
            16
          ],
          "texture": "#1"
        },
        "west": {
          "uv": [
            5.6,
            0,
            3.2,
            16
          ],
          "texture": "#1"
        }
      }
    },
    {
      "from": [
        7.35,
        7,
        12.225
      ],
      "to": [
        8.65,
        14,
        14.525
      ],
      "rotation": {
        "angle": 0,
        "axis": "y",
        "origin": [
          7.375,
          7,
          10.5
        ]
      },
      "faces": {
        "north": {
          "uv": [
            3.5,
            0,
            4.75,
            7
          ],
          "texture": "#3"
        },
        "east": {
          "uv": [
            1.25,
            0,
            3.5,
            7
          ],
          "texture": "#3"
        },
        "south": {
          "uv": [
            0,
            0,
            1.25,
            7
          ],
          "texture": "#3"
        },
        "west": {
          "uv": [
            4.75,
            0,
            7,
            7
          ],
          "texture": "#3"
        }
      }
    },
    {
      "name": "cube inverted",
      "from": [
        8.625,
        14,
        14.5
      ],
      "to": [
        7.375,
        7,
        12.25
      ],
      "rotation": {
        "angle": 0,
        "axis": "y",
        "origin": [
          7.375,
          7,
          10.5
        ]
      },
      "faces": {
        "north": {
          "uv": [
            0,
            7,
            1.25,
            0
          ],
          "texture": "#3"
        },
        "east": {
          "uv": [
            4.75,
            7,
            7,
            0
          ],
          "texture": "#3"
        },
        "south": {
          "uv": [
            3.5,
            7,
            4.75,
            0
          ],
          "texture": "#3"
        },
        "west": {
          "uv": [
            1.25,
            7,
            3.5,
            0
          ],
          "texture": "#3"
        }
      }
    },
    {
      "from": [
        7.35,
        7,
        1.475
      ],
      "to": [
        8.65,
        14,
        3.775
      ],
      "rotation": {
        "angle": 0,
        "axis": "y",
        "origin": [
          8.625,
          7,
          5.5
        ]
      },
      "faces": {
        "north": {
          "uv": [
            0,
            0,
            1.25,
            7
          ],
          "texture": "#3"
        },
        "east": {
          "uv": [
            4.75,
            0,
            7,
            7
          ],
          "texture": "#3"
        },
        "south": {
          "uv": [
            3.5,
            0,
            4.75,
            7
          ],
          "texture": "#3"
        },
        "west": {
          "uv": [
            1.25,
            0,
            3.5,
            7
          ],
          "texture": "#3"
        }
      }
    },
    {
      "name": "cube inverted",
      "from": [
        8.625,
        14,
        3.75
      ],
      "to": [
        7.375,
        7,
        1.5
      ],
      "rotation": {
        "angle": 0,
        "axis": "y",
        "origin": [
          8.625,
          7,
          5.5
        ]
      },
      "faces": {
        "north": {
          "uv": [
            3.5,
            7,
            4.75,
            0
          ],
          "texture": "#3"
        },
        "east": {
          "uv": [
            1.25,
            7,
            3.5,
            0
          ],
          "texture": "#3"
        },
        "south": {
          "uv": [
            0,
            7,
            1.25,
            0
          ],
          "texture": "#3"
        },
        "west": {
          "uv": [
            4.75,
            7,
            7,
            0
          ],
          "texture": "#3"
        }
      }
    },
    {
      "from": [
        5.56079,
        -2,
        6.975
      ],
      "to": [
        9.61079,
        1,
        11.025
      ],
      "rotation": {
        "angle": 45,
        "axis": "y",
        "origin": [
          6.58579,
          0,
          8
        ]
      },
      "faces": {
        "north": {
          "uv": [
            8,
            0,
            12,
            3
          ],
          "texture": "#5"
        },
        "east": {
          "uv": [
            4,
            0,
            8,
            3
          ],
          "texture": "#5"
        },
        "south": {
          "uv": [
            0,
            0,
            4,
            3
          ],
          "texture": "#5"
        },
        "west": {
          "uv": [
            12,
            0,
            16,
            3
          ],
          "texture": "#5"
        }
      }
    },
    {
      "from": [
        6.06079,
        -5,
        7.475
      ],
      "to": [
        9.11079,
        -2,
        10.525
      ],
      "rotation": {
        "angle": 45,
        "axis": "y",
        "origin": [
          6.58579,
          -3,
          8
        ]
      },
      "faces": {
        "north": {
          "uv": [
            8,
            3,
            11,
            6
          ],
          "texture": "#5"
        },
        "east": {
          "uv": [
            5,
            3,
            8,
            6
          ],
          "texture": "#5"
        },
        "south": {
          "uv": [
            2,
            3,
            5,
            6
          ],
          "texture": "#5"
        },
        "west": {
          "uv": [
            11,
            3,
            14,
            6
          ],
          "texture": "#5"
        }
      }
    },
    {
      "name": "cube inverted",
      "from": [
        9.08579,
        -2,
        10.5
      ],
      "to": [
        6.08579,
        -5,
        7.5
      ],
      "rotation": {
        "angle": 45,
        "axis": "y",
        "origin": [
          6.58579,
          -3,
          8
        ]
      },
      "faces": {
        "north": {
          "uv": [
            2,
            6,
            5,
            3
          ],
          "texture": "#5"
        },
        "east": {
          "uv": [
            11,
            6,
            14,
            3
          ],
          "texture": "#5"
        },
        "south": {
          "uv": [
            8,
            6,
            11,
            3
          ],
          "texture": "#5"
        },
        "west": {
          "uv": [
            5,
            6,
            8,
            3
          ],
          "texture": "#5"
        }
      }
    },
    {
      "name": "cube inverted",
      "from": [
        9.58579,
        1,
        11
      ],
      "to": [
        5.58579,
        -2,
        7
      ],
      "rotation": {
        "angle": 45,
        "axis": "y",
        "origin": [
          6.58579,
          0,
          8
        ]
      },
      "faces": {
        "north": {
          "uv": [
            0,
            3,
            4,
            0
          ],
          "texture": "#5"
        },
        "east": {
          "uv": [
            12,
            3,
            16,
            0
          ],
          "texture": "#5"
        },
        "south": {
          "uv": [
            8,
            3,
            12,
            0
          ],
          "texture": "#5"
        },
        "west": {
          "uv": [
            4,
            3,
            8,
            0
          ],
          "texture": "#5"
        }
      }
    }
  ],
  "gui_light": "front",
  "display": {
    "thirdperson_righthand": {
      "translation": [
        0,
        1,
        0.75
      ]
    },
    "thirdperson_lefthand": {
      "translation": [
        0,
        1,
        0.75
      ]
    },
    "firstperson_righthand": {
      "rotation": [
        5,
        0,
        0
      ],
      "translation": [
        2.25,
        1,
        0
      ],
      "scale": [
        0.8,
        0.8,
        0.8
      ]
    },
    "firstperson_lefthand": {
      "rotation": [
        5,
        0,
        0
      ],
      "translation": [
        2.25,
        1,
        0
      ],
      "scale": [
        0.8,
        0.8,
        0.8
      ]
    },
    "ground": {
      "rotation": [
        45,
        0,
        0
      ],
      "translation": [
        0,
        5,
        0
      ],
      "scale": [
        0.7,
        0.7,
        0.7
      ]
    },
    "gui": {
      "rotation": [
        -90,
        135,
        90
      ],
      "translation": [
        -3,
        -3,
        0
      ],
      "scale": [
        0.7,
        0.7,
        0.7
      ]
    },
    "head": {
      "rotation": [
        0,
        90,
        0
      ]
    },
    "fixed": {
      "rotation": [
        0,
        -90,
        0
      ],
      "translation": [
        0,
        0,
        -1
      ],
      "scale": [
        2,
        2,
        2
      ]
    }
  },
  "groups": [
    {
      "name": "sword",
      "origin": [
        7.5,
        0.25,
        8
      ],
      "color": 0,
      "children": [
        0,
        1,
        2,
        3,
        4,
        5,
        6,
        7,
        8,
        9,
        10,
        11,
        12,
        13,
        14,
        15,
        16,
        17,
        18,
        19,
        20,
        21,
        22,
        23,
        24,
        25,
        26,
        27,
        28,
        29,
        30,
        31,
        32,
        33,
        34,
        35,
        36,
        37,
        38,
        39,
        40,
        41,
        42,
        43,
        44,
        45,
        46,
        47,
        48
      ]
    }
  ],
  "mcmodels": "2a379f214ae6024802d9871d548294e9"
}