{
  "format_version": "1.9.0",
  "credit": "Pologony Creation Co.,Ltd.",
  "textures": {
    "1": "item/pyrosoul/pyrosoul_ef5_long",
    "2": "item/pyrosoul/pyrosoul_bow",
    "particle": "item/pyrosoul/pyrosoul_bow"
  },
  "elements": [
    {
      "from": [
        7.29289,
        6.125,
        7.92678
      ],
      "to": [
        8.54289,
        7.375,
        9.17678
      ],
      "rotation": {
        "angle": 45,
        "axis": "y",
        "origin": [
          7.29289,
          6.125,
          8.17678
        ]
      },
      "faces": {
        "north": {
          "uv": [
            3.52941,
            8.70588,
            3.82353,
            9
          ],
          "texture": "#2"
        },
        "east": {
          "uv": [
            4.94118,
            8.70588,
            5.23529,
            9
          ],
          "texture": "#2"
        },
        "south": {
          "uv": [
            5.64706,
            8.70588,
            5.94118,
            9
          ],
          "texture": "#2"
        },
        "west": {
          "uv": [
            6.35294,
            8.70588,
            6.64706,
            9
          ],
          "texture": "#2"
        },
        "up": {
          "uv": [
            9,
            6.64706,
            8.70588,
            6.35294
          ],
          "texture": "#2"
        }
      }
    },
    {
      "from": [
        7.29289,
        7.375,
        8
      ],
      "to": [
        8.29289,
        8.625,
        9
      ],
      "rotation": {
        "angle": 45,
        "axis": "y",
        "origin": [
          7.29289,
          7.375,
          8
        ]
      },
      "faces": {
        "north": {
          "uv": [
            4.23529,
            8.94118,
            4.47059,
            9.23529
          ],
          "texture": "#2"
        },
        "east": {
          "uv": [
            8.94118,
            4.70588,
            9.17647,
            5
          ],
          "texture": "#2"
        },
        "south": {
          "uv": [
            8.94118,
            5.41176,
            9.17647,
            5.70588
          ],
          "texture": "#2"
        },
        "west": {
          "uv": [
            7.05882,
            8.94118,
            7.29412,
            9.23529
          ],
          "texture": "#2"
        }
      }
    },
    {
      "from": [
        7.29289,
        8.625,
        7.92678
      ],
      "to": [
        8.54289,
        9.875,
        9.17678
      ],
      "rotation": {
        "angle": 45,
        "axis": "y",
        "origin": [
          7.29289,
          8.625,
          8.17678
        ]
      },
      "faces": {
        "north": {
          "uv": [
            8,
            8.70588,
            8.29412,
            9
          ],
          "texture": "#2"
        },
        "east": {
          "uv": [
            8.70588,
            8,
            9,
            8.29412
          ],
          "texture": "#2"
        },
        "south": {
          "uv": [
            8.70588,
            8.70588,
            9,
            9
          ],
          "texture": "#2"
        },
        "west": {
          "uv": [
            0,
            8.94118,
            0.29412,
            9.23529
          ],
          "texture": "#2"
        },
        "down": {
          "uv": [
            1,
            8.94118,
            0.70588,
            9.23529
          ],
          "texture": "#2"
        }
      }
    },
    {
      "from": [
        6.79289,
        10.875,
        7.5
      ],
      "to": [
        8.79289,
        11.375,
        9.5
      ],
      "rotation": {
        "angle": 45,
        "axis": "y",
        "origin": [
          7.29289,
          10.875,
          8
        ]
      },
      "faces": {
        "north": {
          "uv": [
            9.17647,
            7.52941,
            9.64706,
            7.64706
          ],
          "texture": "#2"
        },
        "east": {
          "uv": [
            1.41176,
            9.41176,
            1.88235,
            9.52941
          ],
          "texture": "#2"
        },
        "south": {
          "uv": [
            2.11765,
            9.41176,
            2.58824,
            9.52941
          ],
          "texture": "#2"
        },
        "west": {
          "uv": [
            2.82353,
            9.41176,
            3.29412,
            9.52941
          ],
          "texture": "#2"
        },
        "up": {
          "uv": [
            6.35294,
            7.29412,
            5.88235,
            6.82353
          ],
          "texture": "#2"
        },
        "down": {
          "uv": [
            4.94118,
            7.05882,
            4.47059,
            7.52941
          ],
          "texture": "#2"
        }
      }
    },
    {
      "from": [
        7.04289,
        10.375,
        7.75
      ],
      "to": [
        8.54289,
        10.875,
        9.25
      ],
      "rotation": {
        "angle": 45,
        "axis": "y",
        "origin": [
          7.29289,
          10.375,
          8
        ]
      },
      "faces": {
        "north": {
          "uv": [
            9.64706,
            0,
            10,
            0.11765
          ],
          "texture": "#2"
        },
        "east": {
          "uv": [
            0.47059,
            9.64706,
            0.82353,
            9.76471
          ],
          "texture": "#2"
        },
        "south": {
          "uv": [
            9.64706,
            0.47059,
            10,
            0.58824
          ],
          "texture": "#2"
        },
        "west": {
          "uv": [
            9.64706,
            0.94118,
            10,
            1.05882
          ],
          "texture": "#2"
        }
      }
    },
    {
      "from": [
        6.79289,
        9.875,
        7.5
      ],
      "to": [
        8.79289,
        10.375,
        9.5
      ],
      "rotation": {
        "angle": 45,
        "axis": "y",
        "origin": [
          7.29289,
          9.875,
          8
        ]
      },
      "faces": {
        "north": {
          "uv": [
            9.41176,
            3.29412,
            9.88235,
            3.41176
          ],
          "texture": "#2"
        },
        "east": {
          "uv": [
            3.52941,
            9.41176,
            4,
            9.52941
          ],
          "texture": "#2"
        },
        "south": {
          "uv": [
            9.41176,
            3.76471,
            9.88235,
            3.88235
          ],
          "texture": "#2"
        },
        "west": {
          "uv": [
            9.41176,
            4.23529,
            9.88235,
            4.35294
          ],
          "texture": "#2"
        },
        "up": {
          "uv": [
            1.88235,
            7.76471,
            1.41176,
            7.29412
          ],
          "texture": "#2"
        },
        "down": {
          "uv": [
            2.58824,
            7.29412,
            2.11765,
            7.76471
          ],
          "texture": "#2"
        }
      }
    },
    {
      "from": [
        7.0035,
        10.75707,
        5.53492
      ],
      "to": [
        8.9965,
        11.68207,
        7.53492
      ],
      "rotation": {
        "angle": -22.5,
        "axis": "x",
        "origin": [
          7.0035,
          10.68207,
          5.53492
        ]
      },
      "faces": {
        "north": {
          "uv": [
            3.52941,
            8.23529,
            4,
            8.47059
          ],
          "texture": "#2"
        },
        "east": {
          "uv": [
            5.88235,
            8.23529,
            6.35294,
            8.47059
          ],
          "texture": "#2"
        },
        "west": {
          "uv": [
            6.58824,
            8.23529,
            7.05882,
            8.47059
          ],
          "texture": "#2"
        },
        "up": {
          "uv": [
            7.76471,
            3.29412,
            7.29412,
            2.82353
          ],
          "texture": "#2"
        },
        "down": {
          "uv": [
            7.76471,
            3.52941,
            7.29412,
            4
          ],
          "texture": "#2"
        }
      }
    },
    {
      "from": [
        7,
        11.37132,
        7
      ],
      "to": [
        9,
        12.37132,
        9
      ],
      "rotation": {
        "angle": 0,
        "axis": "y",
        "origin": [
          8,
          11.87132,
          8
        ]
      },
      "faces": {
        "north": {
          "uv": [
            8.47059,
            0,
            8.94118,
            0.23529
          ],
          "texture": "#2"
        },
        "east": {
          "uv": [
            8.47059,
            0.47059,
            8.94118,
            0.70588
          ],
          "texture": "#2"
        },
        "south": {
          "uv": [
            8.47059,
            0.94118,
            8.94118,
            1.17647
          ],
          "texture": "#2"
        },
        "west": {
          "uv": [
            8.47059,
            1.41176,
            8.94118,
            1.64706
          ],
          "texture": "#2"
        },
        "up": {
          "uv": [
            7.76471,
            4.70588,
            7.29412,
            4.23529
          ],
          "texture": "#2"
        },
        "down": {
          "uv": [
            7.76471,
            4.94118,
            7.29412,
            5.41176
          ],
          "texture": "#2"
        }
      }
    },
    {
      "from": [
        7.0035,
        11.68207,
        5.53492
      ],
      "to": [
        8.9965,
        12.68207,
        6.03492
      ],
      "rotation": {
        "angle": -22.5,
        "axis": "x",
        "origin": [
          7.0035,
          10.68207,
          5.53492
        ]
      },
      "faces": {
        "north": {
          "uv": [
            8.47059,
            1.88235,
            8.94118,
            2.11765
          ],
          "texture": "#2"
        },
        "east": {
          "uv": [
            4.23529,
            9.64706,
            4.35294,
            9.88235
          ],
          "texture": "#2"
        },
        "south": {
          "uv": [
            8.47059,
            2.35294,
            8.94118,
            2.58824
          ],
          "texture": "#2"
        },
        "west": {
          "uv": [
            7.52941,
            9.64706,
            7.64706,
            9.88235
          ],
          "texture": "#2"
        },
        "up": {
          "uv": [
            5.17647,
            9.52941,
            4.70588,
            9.41176
          ],
          "texture": "#2"
        }
      }
    },
    {
      "from": [
        6.79289,
        11.87132,
        7.5
      ],
      "to": [
        8.79289,
        12.87132,
        9.5
      ],
      "rotation": {
        "angle": 45,
        "axis": "y",
        "origin": [
          7.29289,
          10.87132,
          8
        ]
      },
      "faces": {
        "north": {
          "uv": [
            4.23529,
            8.47059,
            4.70588,
            8.70588
          ],
          "texture": "#2"
        },
        "east": {
          "uv": [
            8.47059,
            7.05882,
            8.94118,
            7.29412
          ],
          "texture": "#2"
        },
        "south": {
          "uv": [
            7.29412,
            8.47059,
            7.76471,
            8.70588
          ],
          "texture": "#2"
        },
        "west": {
          "uv": [
            8.47059,
            7.52941,
            8.94118,
            7.76471
          ],
          "texture": "#2"
        },
        "up": {
          "uv": [
            7.76471,
            6.11765,
            7.29412,
            5.64706
          ],
          "texture": "#2"
        },
        "down": {
          "uv": [
            7.76471,
            6.35294,
            7.29412,
            6.82353
          ],
          "texture": "#2"
        }
      }
    },
    {
      "from": [
        7.0035,
        12.18207,
        6.03492
      ],
      "to": [
        8.9965,
        12.68207,
        6.53492
      ],
      "rotation": {
        "angle": -22.5,
        "axis": "x",
        "origin": [
          7.0035,
          10.68207,
          5.53492
        ]
      },
      "faces": {
        "east": {
          "uv": [
            2.82353,
            9.88235,
            2.94118,
            10
          ],
          "texture": "#2"
        },
        "south": {
          "uv": [
            9.41176,
            4.70588,
            9.88235,
            4.82353
          ],
          "texture": "#2"
        },
        "west": {
          "uv": [
            3.29412,
            9.88235,
            3.41176,
            10
          ],
          "texture": "#2"
        },
        "up": {
          "uv": [
            9.88235,
            5.29412,
            9.41176,
            5.17647
          ],
          "texture": "#2"
        },
        "down": {
          "uv": [
            5.88235,
            9.41176,
            5.41176,
            9.52941
          ],
          "texture": "#2"
        }
      }
    },
    {
      "from": [
        7.5035,
        11.68207,
        4.28492
      ],
      "to": [
        8.4965,
        12.93207,
        6.78492
      ],
      "rotation": {
        "angle": -22.5,
        "axis": "x",
        "origin": [
          7.0035,
          10.68207,
          5.53492
        ]
      },
      "faces": {
        "north": {
          "uv": [
            7.52941,
            8.94118,
            7.76471,
            9.23529
          ],
          "texture": "#2"
        },
        "east": {
          "uv": [
            8,
            4.94118,
            8.58824,
            5.23529
          ],
          "texture": "#2"
        },
        "south": {
          "uv": [
            9.17647,
            0,
            9.41176,
            0.29412
          ],
          "texture": "#2"
        },
        "west": {
          "uv": [
            8,
            5.64706,
            8.58824,
            5.94118
          ],
          "texture": "#2"
        },
        "up": {
          "uv": [
            5.41176,
            6.47059,
            5.17647,
            5.88235
          ],
          "texture": "#2"
        },
        "down": {
          "uv": [
            8.23529,
            7.05882,
            8,
            7.64706
          ],
          "texture": "#2"
        }
      }
    },
    {
      "from": [
        7.5035,
        12.93207,
        4.28492
      ],
      "to": [
        8.4965,
        14.18207,
        5.03492
      ],
      "rotation": {
        "angle": -22.5,
        "axis": "x",
        "origin": [
          7.0035,
          10.68207,
          5.53492
        ]
      },
      "faces": {
        "north": {
          "uv": [
            9.17647,
            0.70588,
            9.41176,
            1
          ],
          "texture": "#2"
        },
        "east": {
          "uv": [
            9.41176,
            8.94118,
            9.58824,
            9.23529
          ],
          "texture": "#2"
        },
        "south": {
          "uv": [
            9.17647,
            1.41176,
            9.41176,
            1.70588
          ],
          "texture": "#2"
        },
        "west": {
          "uv": [
            0,
            9.64706,
            0.17647,
            9.94118
          ],
          "texture": "#2"
        },
        "up": {
          "uv": [
            9.88235,
            1.58824,
            9.64706,
            1.41176
          ],
          "texture": "#2"
        }
      }
    },
    {
      "from": [
        7.5035,
        13.68207,
        5.03492
      ],
      "to": [
        8.4965,
        14.18207,
        5.53492
      ],
      "rotation": {
        "angle": -22.5,
        "axis": "x",
        "origin": [
          7.0035,
          10.68207,
          5.53492
        ]
      },
      "faces": {
        "east": {
          "uv": [
            3.76471,
            9.88235,
            3.88235,
            10
          ],
          "texture": "#2"
        },
        "south": {
          "uv": [
            1.88235,
            9.88235,
            2.11765,
            10
          ],
          "texture": "#2"
        },
        "west": {
          "uv": [
            4.70588,
            9.88235,
            4.82353,
            10
          ],
          "texture": "#2"
        },
        "up": {
          "uv": [
            10.11765,
            2,
            9.88235,
            1.88235
          ],
          "texture": "#2"
        },
        "down": {
          "uv": [
            2.58824,
            9.88235,
            2.35294,
            10
          ],
          "texture": "#2"
        }
      }
    },
    {
      "from": [
        7.995,
        10.63711,
        0.54523
      ],
      "to": [
        8.005,
        13.88711,
        6.54523
      ],
      "rotation": {
        "angle": -22.5,
        "axis": "x",
        "origin": [
          7.995,
          11.01211,
          4.04523
        ]
      },
      "faces": {
        "east": {
          "uv": [
            1.41176,
            5.88235,
            0,
            6.64706
          ],
          "texture": "#2"
        },
        "west": {
          "uv": [
            0,
            5.88235,
            1.41176,
            6.64706
          ],
          "texture": "#2"
        }
      }
    },
    {
      "from": [
        7.995,
        14.47002,
        2.19152
      ],
      "to": [
        8.005,
        24.72002,
        12.69152
      ],
      "rotation": {
        "angle": 0,
        "axis": "x",
        "origin": [
          8,
          16.59502,
          1.19152
        ]
      },
      "faces": {
        "east": {
          "uv": [
            8.11765,
            0,
            5.64706,
            2.41176
          ],
          "texture": "#2"
        },
        "west": {
          "uv": [
            5.64706,
            0,
            8.11765,
            2.41176
          ],
          "texture": "#2"
        }
      }
    },
    {
      "from": [
        6.975,
        11.90035,
        8.23208
      ],
      "to": [
        9.025,
        13.90035,
        10.23208
      ],
      "rotation": {
        "angle": -22.5,
        "axis": "x",
        "origin": [
          8,
          12.85961,
          10.38989
        ]
      },
      "faces": {
        "north": {
          "uv": [
            3.52941,
            7.52941,
            4,
            8
          ],
          "texture": "#2"
        },
        "east": {
          "uv": [
            5.88235,
            7.52941,
            6.35294,
            8
          ],
          "texture": "#2"
        },
        "south": {
          "uv": [
            6.58824,
            7.52941,
            7.05882,
            8
          ],
          "texture": "#2"
        },
        "west": {
          "uv": [
            4.23529,
            7.76471,
            4.70588,
            8.23529
          ],
          "texture": "#2"
        },
        "up": {
          "uv": [
            7.76471,
            8.23529,
            7.29412,
            7.76471
          ],
          "texture": "#2"
        },
        "down": {
          "uv": [
            1.88235,
            8,
            1.41176,
            8.47059
          ],
          "texture": "#2"
        }
      }
    },
    {
      "from": [
        6.725,
        12.15035,
        8.48208
      ],
      "to": [
        9.275,
        13.65035,
        9.98208
      ],
      "rotation": {
        "angle": -22.5,
        "axis": "x",
        "origin": [
          8,
          12.85961,
          10.38989
        ]
      },
      "faces": {
        "north": {
          "uv": [
            8,
            2.82353,
            8.58824,
            3.17647
          ],
          "texture": "#2"
        },
        "east": {
          "uv": [
            0.70588,
            8.23529,
            1.05882,
            8.58824
          ],
          "texture": "#2"
        },
        "south": {
          "uv": [
            8,
            3.52941,
            8.58824,
            3.88235
          ],
          "texture": "#2"
        },
        "west": {
          "uv": [
            2.82353,
            8.23529,
            3.17647,
            8.58824
          ],
          "texture": "#2"
        },
        "up": {
          "uv": [
            8.58824,
            4.58824,
            8,
            4.23529
          ],
          "texture": "#2"
        },
        "down": {
          "uv": [
            5.52941,
            8,
            4.94118,
            8.35294
          ],
          "texture": "#2"
        }
      }
    },
    {
      "from": [
        7.0035,
        4.31793,
        5.53492
      ],
      "to": [
        8.9965,
        5.24293,
        7.53492
      ],
      "rotation": {
        "angle": 22.5,
        "axis": "x",
        "origin": [
          7.0035,
          5.31793,
          5.53492
        ]
      },
      "faces": {
        "north": {
          "uv": [
            3.52941,
            8.47059,
            4,
            8.23529
          ],
          "texture": "#2"
        },
        "east": {
          "uv": [
            5.88235,
            8.47059,
            6.35294,
            8.23529
          ],
          "texture": "#2"
        },
        "west": {
          "uv": [
            6.58824,
            8.47059,
            7.05882,
            8.23529
          ],
          "texture": "#2"
        },
        "up": {
          "uv": [
            7.76471,
            4,
            7.29412,
            3.52941
          ],
          "texture": "#2"
        },
        "down": {
          "uv": [
            7.76471,
            2.82353,
            7.29412,
            3.29412
          ],
          "texture": "#2"
        }
      }
    },
    {
      "from": [
        7,
        3.62868,
        7
      ],
      "to": [
        9,
        4.62868,
        9
      ],
      "rotation": {
        "angle": 0,
        "axis": "y",
        "origin": [
          8,
          4.12868,
          8
        ]
      },
      "faces": {
        "north": {
          "uv": [
            8.47059,
            0.23529,
            8.94118,
            0
          ],
          "texture": "#2"
        },
        "east": {
          "uv": [
            8.47059,
            0.70588,
            8.94118,
            0.47059
          ],
          "texture": "#2"
        },
        "south": {
          "uv": [
            8.47059,
            1.17647,
            8.94118,
            0.94118
          ],
          "texture": "#2"
        },
        "west": {
          "uv": [
            8.47059,
            1.64706,
            8.94118,
            1.41176
          ],
          "texture": "#2"
        },
        "up": {
          "uv": [
            7.76471,
            5.41176,
            7.29412,
            4.94118
          ],
          "texture": "#2"
        },
        "down": {
          "uv": [
            7.76471,
            4.23529,
            7.29412,
            4.70588
          ],
          "texture": "#2"
        }
      }
    },
    {
      "from": [
        7.0035,
        3.31793,
        5.53492
      ],
      "to": [
        8.9965,
        4.31793,
        6.03492
      ],
      "rotation": {
        "angle": 22.5,
        "axis": "x",
        "origin": [
          7.0035,
          5.31793,
          5.53492
        ]
      },
      "faces": {
        "north": {
          "uv": [
            8.47059,
            2.11765,
            8.94118,
            1.88235
          ],
          "texture": "#2"
        },
        "east": {
          "uv": [
            4.23529,
            9.88235,
            4.35294,
            9.64706
          ],
          "texture": "#2"
        },
        "south": {
          "uv": [
            8.47059,
            2.58824,
            8.94118,
            2.35294
          ],
          "texture": "#2"
        },
        "west": {
          "uv": [
            7.52941,
            9.88235,
            7.64706,
            9.64706
          ],
          "texture": "#2"
        },
        "down": {
          "uv": [
            5.17647,
            9.41176,
            4.70588,
            9.52941
          ],
          "texture": "#2"
        }
      }
    },
    {
      "from": [
        6.79289,
        3.12868,
        7.5
      ],
      "to": [
        8.79289,
        4.12868,
        9.5
      ],
      "rotation": {
        "angle": 45,
        "axis": "y",
        "origin": [
          7.29289,
          5.12868,
          8
        ]
      },
      "faces": {
        "north": {
          "uv": [
            4.23529,
            8.70588,
            4.70588,
            8.47059
          ],
          "texture": "#2"
        },
        "east": {
          "uv": [
            8.47059,
            7.29412,
            8.94118,
            7.05882
          ],
          "texture": "#2"
        },
        "south": {
          "uv": [
            7.29412,
            8.70588,
            7.76471,
            8.47059
          ],
          "texture": "#2"
        },
        "west": {
          "uv": [
            8.47059,
            7.76471,
            8.94118,
            7.52941
          ],
          "texture": "#2"
        },
        "up": {
          "uv": [
            7.76471,
            6.82353,
            7.29412,
            6.35294
          ],
          "texture": "#2"
        },
        "down": {
          "uv": [
            7.76471,
            5.64706,
            7.29412,
            6.11765
          ],
          "texture": "#2"
        }
      }
    },
    {
      "from": [
        7.0035,
        3.31793,
        6.03492
      ],
      "to": [
        8.9965,
        3.81793,
        6.53492
      ],
      "rotation": {
        "angle": 22.5,
        "axis": "x",
        "origin": [
          7.0035,
          5.31793,
          5.53492
        ]
      },
      "faces": {
        "east": {
          "uv": [
            2.82353,
            10,
            2.94118,
            9.88235
          ],
          "texture": "#2"
        },
        "south": {
          "uv": [
            9.41176,
            4.82353,
            9.88235,
            4.70588
          ],
          "texture": "#2"
        },
        "west": {
          "uv": [
            3.29412,
            10,
            3.41176,
            9.88235
          ],
          "texture": "#2"
        },
        "up": {
          "uv": [
            5.88235,
            9.52941,
            5.41176,
            9.41176
          ],
          "texture": "#2"
        },
        "down": {
          "uv": [
            9.88235,
            5.17647,
            9.41176,
            5.29412
          ],
          "texture": "#2"
        }
      }
    },
    {
      "from": [
        7.5035,
        3.06793,
        4.28492
      ],
      "to": [
        8.4965,
        4.31793,
        6.78492
      ],
      "rotation": {
        "angle": 22.5,
        "axis": "x",
        "origin": [
          7.0035,
          5.31793,
          5.53492
        ]
      },
      "faces": {
        "north": {
          "uv": [
            7.52941,
            9.23529,
            7.76471,
            8.94118
          ],
          "texture": "#2"
        },
        "east": {
          "uv": [
            8,
            5.23529,
            8.58824,
            4.94118
          ],
          "texture": "#2"
        },
        "south": {
          "uv": [
            9.17647,
            0.29412,
            9.41176,
            0
          ],
          "texture": "#2"
        },
        "west": {
          "uv": [
            8,
            5.94118,
            8.58824,
            5.64706
          ],
          "texture": "#2"
        },
        "up": {
          "uv": [
            8.23529,
            7.64706,
            8,
            7.05882
          ],
          "texture": "#2"
        },
        "down": {
          "uv": [
            5.41176,
            5.88235,
            5.17647,
            6.47059
          ],
          "texture": "#2"
        }
      }
    },
    {
      "from": [
        7.5035,
        1.81793,
        4.28492
      ],
      "to": [
        8.4965,
        3.06793,
        5.03492
      ],
      "rotation": {
        "angle": 22.5,
        "axis": "x",
        "origin": [
          7.0035,
          5.31793,
          5.53492
        ]
      },
      "faces": {
        "north": {
          "uv": [
            9.17647,
            1,
            9.41176,
            0.70588
          ],
          "texture": "#2"
        },
        "east": {
          "uv": [
            9.41176,
            9.23529,
            9.58824,
            8.94118
          ],
          "texture": "#2"
        },
        "south": {
          "uv": [
            9.17647,
            1.70588,
            9.41176,
            1.41176
          ],
          "texture": "#2"
        },
        "west": {
          "uv": [
            0,
            9.94118,
            0.17647,
            9.64706
          ],
          "texture": "#2"
        },
        "down": {
          "uv": [
            9.88235,
            1.41176,
            9.64706,
            1.58824
          ],
          "texture": "#2"
        }
      }
    },
    {
      "from": [
        7.5035,
        1.81793,
        5.03492
      ],
      "to": [
        8.4965,
        2.31793,
        5.53492
      ],
      "rotation": {
        "angle": 22.5,
        "axis": "x",
        "origin": [
          7.0035,
          5.31793,
          5.53492
        ]
      },
      "faces": {
        "east": {
          "uv": [
            3.76471,
            10,
            3.88235,
            9.88235
          ],
          "texture": "#2"
        },
        "south": {
          "uv": [
            1.88235,
            10,
            2.11765,
            9.88235
          ],
          "texture": "#2"
        },
        "west": {
          "uv": [
            4.70588,
            10,
            4.82353,
            9.88235
          ],
          "texture": "#2"
        },
        "up": {
          "uv": [
            2.58824,
            10,
            2.35294,
            9.88235
          ],
          "texture": "#2"
        },
        "down": {
          "uv": [
            10.11765,
            1.88235,
            9.88235,
            2
          ],
          "texture": "#2"
        }
      }
    },
    {
      "from": [
        7.995,
        2.11289,
        0.54523
      ],
      "to": [
        8.005,
        5.36289,
        6.54523
      ],
      "rotation": {
        "angle": 22.5,
        "axis": "x",
        "origin": [
          7.995,
          4.98789,
          4.04523
        ]
      },
      "faces": {
        "east": {
          "uv": [
            1.41176,
            6.64706,
            0,
            5.88235
          ],
          "texture": "#2"
        },
        "west": {
          "uv": [
            0,
            6.64706,
            1.41176,
            5.88235
          ],
          "texture": "#2"
        }
      }
    },
    {
      "from": [
        6.725,
        2.34965,
        8.48208
      ],
      "to": [
        9.275,
        3.84965,
        9.98208
      ],
      "rotation": {
        "angle": 22.5,
        "axis": "x",
        "origin": [
          8,
          3.14039,
          10.38989
        ]
      },
      "faces": {
        "north": {
          "uv": [
            8,
            3.17647,
            8.58824,
            2.82353
          ],
          "texture": "#2"
        },
        "east": {
          "uv": [
            0.70588,
            8.58824,
            1.05882,
            8.23529
          ],
          "texture": "#2"
        },
        "south": {
          "uv": [
            8,
            3.88235,
            8.58824,
            3.52941
          ],
          "texture": "#2"
        },
        "west": {
          "uv": [
            2.82353,
            8.58824,
            3.17647,
            8.23529
          ],
          "texture": "#2"
        },
        "up": {
          "uv": [
            5.52941,
            8.35294,
            4.94118,
            8
          ],
          "texture": "#2"
        },
        "down": {
          "uv": [
            8.58824,
            4.23529,
            8,
            4.58824
          ],
          "texture": "#2"
        }
      }
    },
    {
      "from": [
        6.975,
        2.09965,
        8.23208
      ],
      "to": [
        9.025,
        4.09965,
        10.23208
      ],
      "rotation": {
        "angle": 22.5,
        "axis": "x",
        "origin": [
          8,
          3.14039,
          10.38989
        ]
      },
      "faces": {
        "north": {
          "uv": [
            3.52941,
            8,
            4,
            7.52941
          ],
          "texture": "#2"
        },
        "east": {
          "uv": [
            5.88235,
            8,
            6.35294,
            7.52941
          ],
          "texture": "#2"
        },
        "south": {
          "uv": [
            6.58824,
            8,
            7.05882,
            7.52941
          ],
          "texture": "#2"
        },
        "west": {
          "uv": [
            4.23529,
            8.23529,
            4.70588,
            7.76471
          ],
          "texture": "#2"
        },
        "up": {
          "uv": [
            1.88235,
            8.47059,
            1.41176,
            8
          ],
          "texture": "#2"
        },
        "down": {
          "uv": [
            7.76471,
            7.76471,
            7.29412,
            8.23529
          ],
          "texture": "#2"
        }
      }
    },
    {
      "from": [
        7.995,
        -8.72002,
        2.19152
      ],
      "to": [
        8.005,
        1.52998,
        12.69152
      ],
      "rotation": {
        "angle": 0,
        "axis": "x",
        "origin": [
          8,
          -0.59502,
          1.19152
        ]
      },
      "faces": {
        "east": {
          "uv": [
            8.11765,
            2.41176,
            5.64706,
            0
          ],
          "texture": "#2"
        },
        "west": {
          "uv": [
            5.64706,
            2.41176,
            8.11765,
            0
          ],
          "texture": "#2"
        }
      }
    },
    {
      "from": [
        6.79289,
        5.625,
        7.5
      ],
      "to": [
        8.79289,
        6.125,
        9.5
      ],
      "rotation": {
        "angle": 45,
        "axis": "y",
        "origin": [
          7.29289,
          5.625,
          8
        ]
      },
      "faces": {
        "north": {
          "uv": [
            9.41176,
            5.64706,
            9.88235,
            5.76471
          ],
          "texture": "#2"
        },
        "east": {
          "uv": [
            6.11765,
            9.41176,
            6.58824,
            9.52941
          ],
          "texture": "#2"
        },
        "south": {
          "uv": [
            9.41176,
            6.11765,
            9.88235,
            6.23529
          ],
          "texture": "#2"
        },
        "west": {
          "uv": [
            9.41176,
            6.58824,
            9.88235,
            6.70588
          ],
          "texture": "#2"
        },
        "up": {
          "uv": [
            7.76471,
            7.52941,
            7.29412,
            7.05882
          ],
          "texture": "#2"
        },
        "down": {
          "uv": [
            0.47059,
            7.52941,
            0,
            8
          ],
          "texture": "#2"
        }
      }
    },
    {
      "from": [
        7.04289,
        5.125,
        7.75
      ],
      "to": [
        8.54289,
        5.625,
        9.25
      ],
      "rotation": {
        "angle": 45,
        "axis": "y",
        "origin": [
          7.29289,
          5.125,
          8
        ]
      },
      "faces": {
        "north": {
          "uv": [
            9.64706,
            2.58824,
            10,
            2.70588
          ],
          "texture": "#2"
        },
        "east": {
          "uv": [
            6.82353,
            9.64706,
            7.17647,
            9.76471
          ],
          "texture": "#2"
        },
        "south": {
          "uv": [
            9.41176,
            9.64706,
            9.76471,
            9.76471
          ],
          "texture": "#2"
        },
        "west": {
          "uv": [
            1.17647,
            9.88235,
            1.52941,
            10
          ],
          "texture": "#2"
        }
      }
    },
    {
      "from": [
        6.79289,
        4.625,
        7.5
      ],
      "to": [
        8.79289,
        5.125,
        9.5
      ],
      "rotation": {
        "angle": 45,
        "axis": "y",
        "origin": [
          7.29289,
          4.625,
          8
        ]
      },
      "faces": {
        "north": {
          "uv": [
            8,
            9.41176,
            8.47059,
            9.52941
          ],
          "texture": "#2"
        },
        "east": {
          "uv": [
            9.41176,
            8,
            9.88235,
            8.11765
          ],
          "texture": "#2"
        },
        "south": {
          "uv": [
            9.41176,
            8.47059,
            9.88235,
            8.58824
          ],
          "texture": "#2"
        },
        "west": {
          "uv": [
            8.70588,
            9.41176,
            9.17647,
            9.52941
          ],
          "texture": "#2"
        },
        "up": {
          "uv": [
            1.17647,
            8,
            0.70588,
            7.52941
          ],
          "texture": "#2"
        },
        "down": {
          "uv": [
            3.29412,
            7.52941,
            2.82353,
            8
          ],
          "texture": "#2"
        }
      }
    },
    {
      "from": [
        7.25,
        12.63386,
        5.28712
      ],
      "to": [
        8.75,
        16.63386,
        6.78712
      ],
      "rotation": {
        "angle": -45,
        "axis": "x",
        "origin": [
          8,
          15.52569,
          7.52576
        ]
      },
      "faces": {
        "north": {
          "uv": [
            3.05882,
            5.88235,
            3.41176,
            6.82353
          ],
          "texture": "#2"
        },
        "east": {
          "uv": [
            3.76471,
            5.88235,
            4.11765,
            6.82353
          ],
          "texture": "#2"
        },
        "south": {
          "uv": [
            4.47059,
            5.88235,
            4.82353,
            6.82353
          ],
          "texture": "#2"
        },
        "west": {
          "uv": [
            6.58824,
            2.82353,
            6.94118,
            3.76471
          ],
          "texture": "#2"
        },
        "up": {
          "uv": [
            8.35294,
            8.35294,
            8,
            8
          ],
          "texture": "#2"
        },
        "down": {
          "uv": [
            0.35294,
            8.23529,
            0,
            8.58824
          ],
          "texture": "#2"
        }
      }
    },
    {
      "from": [
        7.2535,
        14.20596,
        5.86203
      ],
      "to": [
        8.7465,
        18.20596,
        7.11203
      ],
      "rotation": {
        "angle": 22.5,
        "axis": "x",
        "origin": [
          7.8785,
          16.2328,
          6.81865
        ]
      },
      "faces": {
        "north": {
          "uv": [
            6.58824,
            4,
            6.94118,
            4.94118
          ],
          "texture": "#2"
        },
        "east": {
          "uv": [
            6.58824,
            6.35294,
            6.88235,
            7.29412
          ],
          "texture": "#2"
        },
        "south": {
          "uv": [
            6.58824,
            5.17647,
            6.94118,
            6.11765
          ],
          "texture": "#2"
        },
        "west": {
          "uv": [
            5.17647,
            6.82353,
            5.47059,
            7.76471
          ],
          "texture": "#2"
        },
        "up": {
          "uv": [
            1.76471,
            9,
            1.41176,
            8.70588
          ],
          "texture": "#2"
        },
        "down": {
          "uv": [
            2.47059,
            8.70588,
            2.11765,
            9
          ],
          "texture": "#2"
        }
      }
    },
    {
      "from": [
        7.2585,
        17.07859,
        6.91498
      ],
      "to": [
        8.7415,
        18.15359,
        11.41498
      ],
      "rotation": {
        "angle": -22.5,
        "axis": "x",
        "origin": [
          7.7585,
          17.72205,
          6.12817
        ]
      },
      "faces": {
        "north": {
          "uv": [
            2.82353,
            8.94118,
            3.17647,
            9.17647
          ],
          "texture": "#2"
        },
        "east": {
          "uv": [
            0,
            7.05882,
            1.05882,
            7.29412
          ],
          "texture": "#2"
        },
        "south": {
          "uv": [
            8.94118,
            2.82353,
            9.29412,
            3.05882
          ],
          "texture": "#2"
        },
        "west": {
          "uv": [
            3.05882,
            7.05882,
            4.11765,
            7.29412
          ],
          "texture": "#2"
        },
        "up": {
          "uv": [
            2,
            6.94118,
            1.64706,
            5.88235
          ],
          "texture": "#2"
        },
        "down": {
          "uv": [
            2.70588,
            5.88235,
            2.35294,
            6.94118
          ],
          "texture": "#2"
        }
      }
    },
    {
      "from": [
        7.2635,
        19.24694,
        10.9502
      ],
      "to": [
        8.7365,
        20.99694,
        11.7752
      ],
      "rotation": {
        "angle": 22.5,
        "axis": "x",
        "origin": [
          7.7635,
          20.49694,
          11.2752
        ]
      },
      "faces": {
        "north": {
          "uv": [
            2.11765,
            8,
            2.47059,
            8.41176
          ],
          "texture": "#2"
        },
        "east": {
          "uv": [
            8.94118,
            3.29412,
            9.11765,
            3.70588
          ],
          "texture": "#2"
        },
        "south": {
          "uv": [
            8,
            6.35294,
            8.35294,
            6.76471
          ],
          "texture": "#2"
        },
        "west": {
          "uv": [
            8.94118,
            4,
            9.11765,
            4.41176
          ],
          "texture": "#2"
        },
        "up": {
          "uv": [
            9.52941,
            2.29412,
            9.17647,
            2.11765
          ],
          "texture": "#2"
        },
        "down": {
          "uv": [
            9.52941,
            7.05882,
            9.17647,
            7.23529
          ],
          "texture": "#2"
        }
      }
    },
    {
      "from": [
        7.25,
        -0.63386,
        5.28712
      ],
      "to": [
        8.75,
        3.36614,
        6.78712
      ],
      "rotation": {
        "angle": 45,
        "axis": "x",
        "origin": [
          8,
          0.47431,
          7.52576
        ]
      },
      "faces": {
        "north": {
          "uv": [
            3.05882,
            6.82353,
            3.41176,
            5.88235
          ],
          "texture": "#2"
        },
        "east": {
          "uv": [
            3.76471,
            6.82353,
            4.11765,
            5.88235
          ],
          "texture": "#2"
        },
        "south": {
          "uv": [
            4.47059,
            6.82353,
            4.82353,
            5.88235
          ],
          "texture": "#2"
        },
        "west": {
          "uv": [
            6.58824,
            3.76471,
            6.94118,
            2.82353
          ],
          "texture": "#2"
        },
        "up": {
          "uv": [
            0.35294,
            8.58824,
            0,
            8.23529
          ],
          "texture": "#2"
        },
        "down": {
          "uv": [
            8.35294,
            8,
            8,
            8.35294
          ],
          "texture": "#2"
        }
      }
    },
    {
      "from": [
        7.2535,
        -2.20596,
        5.86203
      ],
      "to": [
        8.7465,
        1.79404,
        7.11203
      ],
      "rotation": {
        "angle": -22.5,
        "axis": "x",
        "origin": [
          7.8785,
          -0.2328,
          6.81865
        ]
      },
      "faces": {
        "north": {
          "uv": [
            6.58824,
            4.94118,
            6.94118,
            4
          ],
          "texture": "#2"
        },
        "east": {
          "uv": [
            6.58824,
            7.29412,
            6.88235,
            6.35294
          ],
          "texture": "#2"
        },
        "south": {
          "uv": [
            6.58824,
            6.11765,
            6.94118,
            5.17647
          ],
          "texture": "#2"
        },
        "west": {
          "uv": [
            5.17647,
            7.76471,
            5.47059,
            6.82353
          ],
          "texture": "#2"
        },
        "up": {
          "uv": [
            2.47059,
            9,
            2.11765,
            8.70588
          ],
          "texture": "#2"
        },
        "down": {
          "uv": [
            1.76471,
            8.70588,
            1.41176,
            9
          ],
          "texture": "#2"
        }
      }
    },
    {
      "from": [
        7.2585,
        -2.15359,
        6.91498
      ],
      "to": [
        8.7415,
        -1.07859,
        11.41498
      ],
      "rotation": {
        "angle": 22.5,
        "axis": "x",
        "origin": [
          7.7585,
          -1.72205,
          6.12817
        ]
      },
      "faces": {
        "north": {
          "uv": [
            2.82353,
            9.17647,
            3.17647,
            8.94118
          ],
          "texture": "#2"
        },
        "east": {
          "uv": [
            0,
            7.29412,
            1.05882,
            7.05882
          ],
          "texture": "#2"
        },
        "south": {
          "uv": [
            8.94118,
            3.05882,
            9.29412,
            2.82353
          ],
          "texture": "#2"
        },
        "west": {
          "uv": [
            3.05882,
            7.29412,
            4.11765,
            7.05882
          ],
          "texture": "#2"
        },
        "up": {
          "uv": [
            2.70588,
            6.94118,
            2.35294,
            5.88235
          ],
          "texture": "#2"
        },
        "down": {
          "uv": [
            2,
            5.88235,
            1.64706,
            6.94118
          ],
          "texture": "#2"
        }
      }
    },
    {
      "from": [
        7.2635,
        -4.99694,
        10.9502
      ],
      "to": [
        8.7365,
        -3.24694,
        11.7752
      ],
      "rotation": {
        "angle": -22.5,
        "axis": "x",
        "origin": [
          7.7635,
          -4.49694,
          11.2752
        ]
      },
      "faces": {
        "north": {
          "uv": [
            2.11765,
            8.41176,
            2.47059,
            8
          ],
          "texture": "#2"
        },
        "east": {
          "uv": [
            8.94118,
            3.70588,
            9.11765,
            3.29412
          ],
          "texture": "#2"
        },
        "south": {
          "uv": [
            8,
            6.76471,
            8.35294,
            6.35294
          ],
          "texture": "#2"
        },
        "west": {
          "uv": [
            8.94118,
            4.41176,
            9.11765,
            4
          ],
          "texture": "#2"
        },
        "up": {
          "uv": [
            9.52941,
            7.23529,
            9.17647,
            7.05882
          ],
          "texture": "#2"
        },
        "down": {
          "uv": [
            9.52941,
            2.11765,
            9.17647,
            2.29412
          ],
          "texture": "#2"
        }
      }
    },
    {
      "from": [
        7.995,
        -4,
        11
      ],
      "to": [
        8.005,
        20,
        18
      ],
      "rotation": {
        "angle": 0,
        "axis": "y",
        "origin": [
          7.995,
          -4,
          11
        ]
      },
      "faces": {
        "east": {
          "uv": [
            1.64706,
            0,
            0,
            5.64706
          ],
          "texture": "#2"
        },
        "west": {
          "uv": [
            0,
            0,
            1.64706,
            5.64706
          ],
          "texture": "#2"
        }
      }
    },
    {
      "from": [
        6.475,
        16.01691,
        1.54955
      ],
      "to": [
        9.525,
        20.06691,
        13.54955
      ],
      "rotation": {
        "angle": -22.5,
        "axis": "x",
        "origin": [
          8,
          18.04191,
          7.54955
        ]
      },
      "faces": {
        "east": {
          "uv": [
            10,
            0,
            14,
            12
          ],
          "rotation": 270,
          "texture": "#1"
        },
        "west": {
          "uv": [
            3,
            0,
            7,
            12
          ],
          "rotation": 90,
          "texture": "#1"
        },
        "up": {
          "uv": [
            0,
            0,
            3,
            12
          ],
          "rotation": 180,
          "texture": "#1"
        },
        "down": {
          "uv": [
            7,
            0,
            10,
            12
          ],
          "texture": "#1"
        }
      }
    },
    {
      "name": "cube inverted",
      "from": [
        9.5,
        20.04191,
        13.54955
      ],
      "to": [
        6.5,
        16.04191,
        1.54955
      ],
      "rotation": {
        "angle": -22.5,
        "axis": "x",
        "origin": [
          8,
          18.04191,
          7.54955
        ]
      },
      "faces": {
        "east": {
          "uv": [
            7,
            0,
            3,
            12
          ],
          "rotation": 90,
          "texture": "#1"
        },
        "west": {
          "uv": [
            14,
            0,
            10,
            12
          ],
          "rotation": 270,
          "texture": "#1"
        },
        "up": {
          "uv": [
            10,
            0,
            7,
            12
          ],
          "texture": "#1"
        },
        "down": {
          "uv": [
            3,
            0,
            0,
            12
          ],
          "rotation": 180,
          "texture": "#1"
        }
      }
    },
    {
      "name": "cube inverted",
      "from": [
        9.5,
        -0.04191,
        13.54955
      ],
      "to": [
        6.5,
        -4.04191,
        1.54955
      ],
      "rotation": {
        "angle": 22.5,
        "axis": "x",
        "origin": [
          8,
          -2.04191,
          7.54955
        ]
      },
      "faces": {
        "east": {
          "uv": [
            10,
            12,
            14,
            0
          ],
          "rotation": 270,
          "texture": "#1"
        },
        "west": {
          "uv": [
            3,
            12,
            7,
            0
          ],
          "rotation": 90,
          "texture": "#1"
        },
        "up": {
          "uv": [
            0,
            12,
            3,
            0
          ],
          "rotation": 180,
          "texture": "#1"
        },
        "down": {
          "uv": [
            7,
            12,
            10,
            0
          ],
          "texture": "#1"
        }
      }
    },
    {
      "from": [
        6.475,
        -4.06691,
        1.54955
      ],
      "to": [
        9.525,
        -0.01691,
        13.54955
      ],
      "rotation": {
        "angle": 22.5,
        "axis": "x",
        "origin": [
          8,
          -2.04191,
          7.54955
        ]
      },
      "faces": {
        "east": {
          "uv": [
            7,
            12,
            3,
            0
          ],
          "rotation": 90,
          "texture": "#1"
        },
        "west": {
          "uv": [
            14,
            12,
            10,
            0
          ],
          "rotation": 270,
          "texture": "#1"
        },
        "up": {
          "uv": [
            10,
            12,
            7,
            0
          ],
          "texture": "#1"
        },
        "down": {
          "uv": [
            3,
            12,
            0,
            0
          ],
          "rotation": 180,
          "texture": "#1"
        }
      }
    }
  ],
  "gui_light": "front",
  "display": {
    "thirdperson_righthand": {
      "translation": [
        0,
        -2,
        0.75
      ]
    },
    "thirdperson_lefthand": {
      "translation": [
        0,
        -2,
        0.75
      ]
    },
    "firstperson_righthand": {
      "rotation": [
        17.03,
        4.88,
        -0.27
      ],
      "translation": [
        4.5,
        3.5,
        -4
      ],
      "scale": [
        0.7,
        0.7,
        0.7
      ]
    },
    "firstperson_lefthand": {
      "rotation": [
        17.56,
        -35.02,
        -2.25
      ],
      "translation": [
        6.75,
        1.9,
        -0.1
      ],
      "scale": [
        0.7,
        0.7,
        0.7
      ]
    },
    "ground": {
      "rotation": [
        45,
        0,
        0
      ],
      "translation": [
        0,
        5,
        0
      ],
      "scale": [
        0.7,
        0.7,
        0.7
      ]
    },
    "gui": {
      "rotation": [
        -90,
        135,
        90
      ],
      "translation": [
        -1.5,
        1.5,
        0
      ],
      "scale": [
        0.8,
        0.8,
        0.8
      ]
    },
    "head": {
      "rotation": [
        0,
        -90,
        0
      ]
    },
    "fixed": {
      "rotation": [
        0,
        -90,
        0
      ],
      "translation": [
        0,
        0,
        -1
      ],
      "scale": [
        2,
        2,
        2
      ]
    }
  },
  "groups": [
    {
      "name": "bow",
      "origin": [
        7.5,
        0.25,
        8
      ],
      "color": 0,
      "children": [
        0,
        1,
        2,
        3,
        4,
        5,
        6,
        7,
        8,
        9,
        10,
        11,
        12,
        13,
        14,
        15,
        16,
        17,
        18,
        19,
        20,
        21,
        22,
        23,
        24,
        25,
        26,
        27,
        28,
        29,
        30,
        31,
        32,
        33,
        34,
        35,
        36,
        37,
        38,
        39,
        40,
        41,
        42,
        43,
        44,
        45
      ]
    }
  ],
  "USER": "48320",
  "NONCE": "2a379f214ae6024802d9871d548294e9",
  "TIMESTAMP": "1757941327",
  "RESOURCE": "14461",
  "MCMODELS": "1",
  "mcmodels": "2a379f214ae6024802d9871d548294e9"
}