{
	"credit": "Made with Blockbench",
	"textures": {
		"1": "item/firework/firework_ef_long",
		"3": "item/firework/firework_gold_helmet",
		"particle": "item/firework/firework_gold_helmet"
	},
	"elements": [
		{
			"from": [5.5388, 8.2388, -0.1487],
			"to": [10.4612, 12.8112, 1.6237],
			"rotation": {"angle": 0, "axis": "y", "origin": [8, 9.2633, 8]},
			"faces": {
				"north": {"uv": [3, 9.5, 4.25, 10.75], "texture": "#3"},
				"east": {"uv": [8.5, 10.25, 9, 11.5], "texture": "#3"},
				"south": {"uv": [4.25, 9.5, 5.5, 10.75], "texture": "#3"},
				"west": {"uv": [9, 10.25, 9.5, 11.5], "texture": "#3"},
				"up": {"uv": [5.25, 8.5, 4, 8], "texture": "#3"},
				"down": {"uv": [6.5, 8, 5.25, 8.5], "texture": "#3"}
			}
		},
		{
			"from": [2.085, 3, 13.5125],
			"to": [13.915, 8.6, 14.9125],
			"rotation": {"angle": 0, "axis": "y", "origin": [8, 9.2633, 8]},
			"faces": {
				"north": {"uv": [6.5, 4.5, 9.5, 6], "texture": "#3"},
				"east": {"uv": [3.75, 10.75, 4, 12.25], "texture": "#3"},
				"south": {"uv": [6.5, 6, 9.5, 7.5], "texture": "#3"},
				"west": {"uv": [4, 10.75, 4.25, 12.25], "texture": "#3"},
				"up": {"uv": [12.75, 3.25, 9.75, 3], "texture": "#3"},
				"down": {"uv": [12.75, 3.25, 9.75, 3.5], "texture": "#3"}
			}
		},
		{
			"from": [13.95, -1.23114, 6.40964],
			"to": [15.35, 0.93886, 9.80464],
			"rotation": {"angle": 22.5, "axis": "x", "origin": [8, 9.2633, 8]},
			"faces": {
				"north": {"uv": [3.75, 9, 4, 9.5], "texture": "#3"},
				"east": {"uv": [3, 9, 3.75, 9.5], "texture": "#3"},
				"south": {"uv": [11.5, 4, 11.75, 4.5], "texture": "#3"},
				"west": {"uv": [10.5, 7.5, 11.25, 8], "texture": "#3"},
				"up": {"uv": [3, 12, 2.75, 11.25], "texture": "#3"},
				"down": {"uv": [11.5, 5.25, 11.25, 6], "texture": "#3"}
			}
		},
		{
			"from": [13.9388, 0.8888, 3.3513],
			"to": [15.3612, 6.5112, 6.5237],
			"rotation": {"angle": 0, "axis": "y", "origin": [8, 9.2633, 8]},
			"faces": {
				"north": {"uv": [4.25, 10.75, 4.5, 12.25], "texture": "#3"},
				"east": {"uv": [9.5, 5.5, 10.25, 7], "texture": "#3"},
				"south": {"uv": [4.5, 10.75, 4.75, 12.25], "texture": "#3"},
				"west": {"uv": [6.75, 9.5, 7.5, 11], "texture": "#3"},
				"up": {"uv": [11.5, 8.25, 11.25, 7.5], "texture": "#3"},
				"down": {"uv": [11.5, 8.25, 11.25, 9], "texture": "#3"}
			}
		},
		{
			"from": [13.9416, 2.95876, -0.55365],
			"to": [15.3584, 8.22556, 2.61315],
			"rotation": {"angle": -22.5, "axis": "x", "origin": [8, 9.2633, 8]},
			"faces": {
				"north": {"uv": [5.25, 10.75, 5.5, 12], "texture": "#3"},
				"east": {"uv": [9.75, 0, 10.5, 1.25], "texture": "#3"},
				"south": {"uv": [10.75, 10.75, 11, 12], "texture": "#3"},
				"west": {"uv": [9.75, 1.25, 10.5, 2.5], "texture": "#3"},
				"up": {"uv": [11.5, 9.75, 11.25, 9], "texture": "#3"},
				"down": {"uv": [10.25, 11.25, 10, 12], "texture": "#3"}
			}
		},
		{
			"from": [13.9416, 6.06376, 2.0208],
			"to": [15.3584, 8.60056, 7.7076],
			"rotation": {"angle": 22.5, "axis": "x", "origin": [8, 9.2633, 8]},
			"faces": {
				"north": {"uv": [10.25, 11.25, 10.5, 12], "texture": "#3"},
				"east": {"uv": [7.5, 9.5, 9, 10.25], "texture": "#3"},
				"south": {"uv": [10.5, 11.25, 10.75, 12], "texture": "#3"},
				"west": {"uv": [9, 9.5, 10.5, 10.25], "texture": "#3"},
				"up": {"uv": [5, 12.25, 4.75, 10.75], "texture": "#3"},
				"down": {"uv": [5.25, 10.75, 5, 12.25], "texture": "#3"}
			}
		},
		{
			"from": [13.95, 6.5, 3.3625],
			"to": [15.35, 8.6, 6.5125],
			"rotation": {"angle": 0, "axis": "y", "origin": [8, 9.2633, 8]},
			"faces": {
				"north": {"uv": [11.5, 5.25, 11.75, 5.75], "texture": "#3"},
				"east": {"uv": [10.5, 8, 11.25, 8.5], "texture": "#3"},
				"south": {"uv": [5.5, 11.5, 5.75, 12], "texture": "#3"},
				"west": {"uv": [10.5, 9.5, 11.25, 10], "texture": "#3"},
				"up": {"uv": [11.5, 11.5, 11.25, 10.75], "texture": "#3"},
				"down": {"uv": [11.75, 1, 11.5, 1.75], "texture": "#3"}
			}
		},
		{
			"from": [13.95, 4.4, 10.3625],
			"to": [15.35, 8.6, 14.9125],
			"rotation": {"angle": 0, "axis": "y", "origin": [8, 9.2633, 8]},
			"faces": {
				"north": {"uv": [11, 5.5, 11.25, 6.5], "texture": "#3"},
				"east": {"uv": [9.5, 4.5, 10.75, 5.5], "texture": "#3"},
				"south": {"uv": [6.75, 11, 7, 12], "texture": "#3"},
				"west": {"uv": [5.5, 9.5, 6.75, 10.5], "texture": "#3"},
				"up": {"uv": [0.25, 12.25, 0, 11], "texture": "#3"},
				"down": {"uv": [0.5, 11, 0.25, 12.25], "texture": "#3"}
			}
		},
		{
			"from": [-0.05, 10.7, 14.9125],
			"to": [16.05, 14.9, 15.6125],
			"rotation": {"angle": 0, "axis": "y", "origin": [8, 9.2633, 8]},
			"faces": {
				"north": {"uv": [6.5, 7.5, 10.5, 8.5], "texture": "#3"},
				"east": {"uv": [7, 11, 7.25, 12], "texture": "#3"},
				"south": {"uv": [0, 8, 4, 9], "texture": "#3"},
				"west": {"uv": [7.25, 11, 7.5, 12], "texture": "#3"},
				"up": {"uv": [13.5, 7.25, 9.5, 7], "texture": "#3"},
				"down": {"uv": [13.5, 7.25, 9.5, 7.5], "texture": "#3"}
			}
		},
		{
			"from": [15.3388, 10.6888, 1.2513],
			"to": [16.0612, 14.9112, 14.9237],
			"rotation": {"angle": 0, "axis": "y", "origin": [8, 9.2633, 8]},
			"faces": {
				"north": {"uv": [11, 8.5, 11.25, 9.5], "texture": "#3"},
				"east": {"uv": [4, 8.5, 7.5, 9.5], "texture": "#3"},
				"south": {"uv": [11, 10.75, 11.25, 11.75], "texture": "#3"},
				"west": {"uv": [7.5, 8.5, 11, 9.5], "texture": "#3"},
				"up": {"uv": [7.75, 13.75, 7.5, 10.25], "texture": "#3"},
				"down": {"uv": [8, 10.25, 7.75, 13.75], "texture": "#3"}
			}
		},
		{
			"from": [11.1089, 10.7, -1.30524],
			"to": [12.8589, 14.9, -0.60524],
			"rotation": {"angle": -22.5, "axis": "y", "origin": [8, 9.2633, 8]},
			"faces": {
				"north": {"uv": [10.5, 3.5, 11, 4.5], "texture": "#3"},
				"east": {"uv": [0.5, 11.25, 0.75, 12.25], "texture": "#3"},
				"south": {"uv": [5.5, 10.5, 6, 11.5], "texture": "#3"},
				"west": {"uv": [0.75, 11.25, 1, 12.25], "texture": "#3"},
				"up": {"uv": [11.75, 10, 11.25, 9.75], "texture": "#3"},
				"down": {"uv": [12, 1.75, 11.5, 2], "texture": "#3"}
			}
		},
		{
			"from": [11.33748, 5.75262, 0.5928],
			"to": [13.57748, 7.95762, 1.2928],
			"rotation": {"angle": 45, "axis": "z", "origin": [8, 9.2633, 8]},
			"faces": {
				"north": {"uv": [11, 4, 11.5, 4.5], "texture": "#3"},
				"east": {"uv": [5.75, 11.5, 6, 12], "texture": "#3"},
				"south": {"uv": [1, 11.25, 1.5, 11.75], "texture": "#3"},
				"west": {"uv": [11.5, 6.5, 11.75, 7], "texture": "#3"},
				"up": {"uv": [12, 6, 11.5, 5.75], "texture": "#3"},
				"down": {"uv": [12, 7.5, 11.5, 7.75], "texture": "#3"}
			}
		},
		{
			"from": [11.27201, 10.6888, 0.5816],
			"to": [14.44441, 14.9112, 1.304],
			"rotation": {"angle": 0, "axis": "y", "origin": [8, 9.2633, 8]},
			"faces": {
				"north": {"uv": [9.75, 3.5, 10.5, 4.5], "texture": "#3"},
				"east": {"uv": [11.25, 1, 11.5, 2], "texture": "#3"},
				"south": {"uv": [10.25, 5.5, 11, 6.5], "texture": "#3"},
				"west": {"uv": [1.5, 11.25, 1.75, 12.25], "texture": "#3"},
				"up": {"uv": [12, 6.25, 11.25, 6], "texture": "#3"},
				"down": {"uv": [12, 6.25, 11.25, 6.5], "texture": "#3"}
			}
		},
		{
			"from": [6.33583, 15.57063, 0.5928],
			"to": [8.57583, 17.81063, 1.2928],
			"rotation": {"angle": -45, "axis": "z", "origin": [8, 9.2633, 8]},
			"faces": {
				"north": {"uv": [1.75, 11.25, 2.25, 11.75], "texture": "#3"},
				"east": {"uv": [11.5, 7.75, 11.75, 8.25], "texture": "#3"},
				"south": {"uv": [11.25, 2, 11.75, 2.5], "texture": "#3"},
				"west": {"uv": [11.5, 8.25, 11.75, 8.75], "texture": "#3"},
				"up": {"uv": [9, 11.75, 8.5, 11.5], "texture": "#3"},
				"down": {"uv": [12, 8.75, 11.5, 9], "texture": "#3"}
			}
		},
		{
			"from": [14.6388, 8.5888, 1.9513],
			"to": [15.3612, 17.0112, 14.9237],
			"rotation": {"angle": 0, "axis": "y", "origin": [8, 9.2633, 8]},
			"faces": {
				"north": {"uv": [6, 10.5, 6.25, 12.5], "texture": "#3"},
				"east": {"uv": [3.25, 0, 6.5, 2], "texture": "#3"},
				"south": {"uv": [6.25, 10.5, 6.5, 12.5], "texture": "#3"},
				"west": {"uv": [3.25, 2, 6.5, 4], "texture": "#3"},
				"up": {"uv": [8.25, 13.5, 8, 10.25], "texture": "#3"},
				"down": {"uv": [8.5, 10.25, 8.25, 13.5], "texture": "#3"}
			}
		},
		{
			"from": [9.35668, 5.83777, 1.2625],
			"to": [14.53668, 7.97277, 1.9625],
			"rotation": {"angle": 22.5, "axis": "z", "origin": [8, 9.2633, 8]},
			"faces": {
				"north": {"uv": [10.25, 6.5, 11.5, 7], "texture": "#3"},
				"east": {"uv": [9, 11.5, 9.25, 12], "texture": "#3"},
				"south": {"uv": [9.5, 10.25, 10.75, 10.75], "texture": "#3"},
				"west": {"uv": [11.5, 9, 11.75, 9.5], "texture": "#3"},
				"up": {"uv": [1.75, 11.25, 0.5, 11], "texture": "#3"},
				"down": {"uv": [3, 11, 1.75, 11.25], "texture": "#3"}
			}
		},
		{
			"from": [9.7388, 8.5888, 1.2513],
			"to": [15.3612, 17.0112, 1.9737],
			"rotation": {"angle": 0, "axis": "y", "origin": [8, 9.2633, 8]},
			"faces": {
				"north": {"uv": [0, 9, 1.5, 11], "texture": "#3"},
				"east": {"uv": [6.5, 10.5, 6.75, 12.5], "texture": "#3"},
				"south": {"uv": [1.5, 9, 3, 11], "texture": "#3"},
				"west": {"uv": [3, 10.75, 3.25, 12.75], "texture": "#3"},
				"up": {"uv": [12, 10.25, 10.5, 10], "texture": "#3"},
				"down": {"uv": [12.25, 4.5, 10.75, 4.75], "texture": "#3"}
			}
		},
		{
			"from": [6.64981, 17.0888, 1.2625],
			"to": [11.82981, 19.2238, 1.9625],
			"rotation": {"angle": -22.5, "axis": "z", "origin": [8, 9.2633, 8]},
			"faces": {
				"north": {"uv": [10.5, 0, 11.75, 0.5], "texture": "#3"},
				"east": {"uv": [9.25, 11.5, 9.5, 12], "texture": "#3"},
				"south": {"uv": [10.5, 0.5, 11.75, 1], "texture": "#3"},
				"west": {"uv": [9.5, 11.5, 9.75, 12], "texture": "#3"},
				"up": {"uv": [12.25, 3.75, 11, 3.5], "texture": "#3"},
				"down": {"uv": [12.25, 3.75, 11, 4], "texture": "#3"}
			}
		},
		{
			"from": [9.7416, 16.9916, 1.2541],
			"to": [10.5634, 19.0034, 1.9709],
			"rotation": {"angle": 0, "axis": "y", "origin": [8, 9.2633, 8]},
			"faces": {
				"north": {"uv": [9.75, 11.5, 10, 12], "texture": "#3"},
				"east": {"uv": [11.5, 10.25, 11.75, 10.75], "texture": "#3"},
				"south": {"uv": [11.5, 10.75, 11.75, 11.25], "texture": "#3"},
				"west": {"uv": [11.25, 11.5, 11.5, 12], "texture": "#3"},
				"up": {"uv": [12, 1.5, 11.75, 1.25], "texture": "#3"},
				"down": {"uv": [12, 1.5, 11.75, 1.75], "texture": "#3"}
			}
		},
		{
			"from": [1.385, 8.6, 14.2125],
			"to": [14.615, 17, 14.9125],
			"rotation": {"angle": 0, "axis": "y", "origin": [8, 9.2633, 8]},
			"faces": {
				"north": {"uv": [3.25, 4, 6.5, 6], "texture": "#3"},
				"east": {"uv": [3.25, 10.75, 3.5, 12.75], "texture": "#3"},
				"south": {"uv": [3.25, 6, 6.5, 8], "texture": "#3"},
				"west": {"uv": [3.5, 10.75, 3.75, 12.75], "texture": "#3"},
				"up": {"uv": [13, 2.75, 9.75, 2.5], "texture": "#3"},
				"down": {"uv": [13, 2.75, 9.75, 3], "texture": "#3"}
			}
		},
		{
			"from": [1.7, 10, 1.6125],
			"to": [14.3, 15.6, 14.2125],
			"rotation": {"angle": 0, "axis": "y", "origin": [8, 9.2633, 8]},
			"faces": {
				"north": {"uv": [0, 6.5, 3.25, 8], "texture": "#3"},
				"east": {"uv": [6.5, 0, 9.75, 1.5], "texture": "#3"},
				"south": {"uv": [6.5, 1.5, 9.75, 3], "texture": "#3"},
				"west": {"uv": [6.5, 3, 9.75, 4.5], "texture": "#3"},
				"up": {"uv": [3.25, 3.25, 0, 0], "texture": "#3"},
				"down": {"uv": [3.25, 3.25, 0, 6.5], "texture": "#3"}
			}
		},
		{
			"from": [10.56694, 11.59321, -0.1375],
			"to": [11.61694, 12.99321, 1.6125],
			"rotation": {"angle": 22.5, "axis": "z", "origin": [8, 9.2633, 8]},
			"faces": {
				"north": {"uv": [1.75, 11.75, 2, 12], "texture": "#3"},
				"east": {"uv": [11.5, 9.5, 12, 9.75], "texture": "#3"},
				"south": {"uv": [2, 11.75, 2.25, 12], "texture": "#3"},
				"west": {"uv": [11.5, 11.25, 12, 11.5], "texture": "#3"},
				"up": {"uv": [11.75, 12, 11.5, 11.5], "texture": "#3"},
				"down": {"uv": [12, 0, 11.75, 0.5], "texture": "#3"}
			}
		},
		{
			"from": [8.29584, 12.79003, -0.1459],
			"to": [9.92264, 14.10183, 1.6209],
			"rotation": {"angle": 0, "axis": "y", "origin": [8, 9.2633, 8]},
			"faces": {
				"north": {"uv": [11.75, 0.5, 12.25, 0.75], "texture": "#3"},
				"east": {"uv": [11.75, 0.75, 12.25, 1], "texture": "#3"},
				"south": {"uv": [1, 11.75, 1.5, 12], "texture": "#3"},
				"west": {"uv": [11.75, 1, 12.25, 1.25], "texture": "#3"},
				"up": {"uv": [2.75, 11.75, 2.25, 11.25], "texture": "#3"},
				"down": {"uv": [11.75, 4.75, 11.25, 5.25], "texture": "#3"}
			}
		},
		{
			"from": [0.65, 4.4, 10.3625],
			"to": [2.05, 8.6, 14.9125],
			"rotation": {"angle": 0, "axis": "y", "origin": [8, 9.2633, 8]},
			"faces": {
				"north": {"uv": [11.25, 5.5, 11, 6.5], "texture": "#3"},
				"east": {"uv": [6.75, 9.5, 5.5, 10.5], "texture": "#3"},
				"south": {"uv": [7, 11, 6.75, 12], "texture": "#3"},
				"west": {"uv": [10.75, 4.5, 9.5, 5.5], "texture": "#3"},
				"up": {"uv": [0, 12.25, 0.25, 11], "texture": "#3"},
				"down": {"uv": [0.25, 11, 0.5, 12.25], "texture": "#3"}
			}
		},
		{
			"from": [0.6388, 8.5888, 1.9513],
			"to": [1.3612, 17.0112, 14.9237],
			"rotation": {"angle": 0, "axis": "y", "origin": [8, 9.2633, 8]},
			"faces": {
				"north": {"uv": [6.25, 10.5, 6, 12.5], "texture": "#3"},
				"east": {"uv": [6.5, 2, 3.25, 4], "texture": "#3"},
				"south": {"uv": [6.5, 10.5, 6.25, 12.5], "texture": "#3"},
				"west": {"uv": [6.5, 0, 3.25, 2], "texture": "#3"},
				"up": {"uv": [8, 13.5, 8.25, 10.25], "texture": "#3"},
				"down": {"uv": [8.25, 10.25, 8.5, 13.5], "texture": "#3"}
			}
		},
		{
			"from": [-0.0612, 10.6888, 1.2513],
			"to": [0.6612, 14.9112, 14.9237],
			"rotation": {"angle": 0, "axis": "y", "origin": [8, 9.2633, 8]},
			"faces": {
				"north": {"uv": [11.25, 8.5, 11, 9.5], "texture": "#3"},
				"east": {"uv": [11, 8.5, 7.5, 9.5], "texture": "#3"},
				"south": {"uv": [11.25, 10.75, 11, 11.75], "texture": "#3"},
				"west": {"uv": [7.5, 8.5, 4, 9.5], "texture": "#3"},
				"up": {"uv": [7.5, 13.75, 7.75, 10.25], "texture": "#3"},
				"down": {"uv": [7.75, 10.25, 8, 13.75], "texture": "#3"}
			}
		},
		{
			"from": [0.65, -1.23114, 6.40964],
			"to": [2.05, 0.93886, 9.80464],
			"rotation": {"angle": 22.5, "axis": "x", "origin": [8, 9.2633, 8]},
			"faces": {
				"north": {"uv": [4, 9, 3.75, 9.5], "texture": "#3"},
				"east": {"uv": [11.25, 7.5, 10.5, 8], "texture": "#3"},
				"south": {"uv": [11.75, 4, 11.5, 4.5], "texture": "#3"},
				"west": {"uv": [3.75, 9, 3, 9.5], "texture": "#3"},
				"up": {"uv": [2.75, 12, 3, 11.25], "texture": "#3"},
				"down": {"uv": [11.25, 5.25, 11.5, 6], "texture": "#3"}
			}
		},
		{
			"from": [0.6416, 2.95876, -0.55365],
			"to": [2.0584, 8.22556, 2.61315],
			"rotation": {"angle": -22.5, "axis": "x", "origin": [8, 9.2633, 8]},
			"faces": {
				"north": {"uv": [5.5, 10.75, 5.25, 12], "texture": "#3"},
				"east": {"uv": [10.5, 1.25, 9.75, 2.5], "texture": "#3"},
				"south": {"uv": [11, 10.75, 10.75, 12], "texture": "#3"},
				"west": {"uv": [10.5, 0, 9.75, 1.25], "texture": "#3"},
				"up": {"uv": [11.25, 9.75, 11.5, 9], "texture": "#3"},
				"down": {"uv": [10, 11.25, 10.25, 12], "texture": "#3"}
			}
		},
		{
			"from": [0.6388, 0.8888, 3.3513],
			"to": [2.0612, 6.5112, 6.5237],
			"rotation": {"angle": 0, "axis": "y", "origin": [8, 9.2633, 8]},
			"faces": {
				"north": {"uv": [4.5, 10.75, 4.25, 12.25], "texture": "#3"},
				"east": {"uv": [7.5, 9.5, 6.75, 11], "texture": "#3"},
				"south": {"uv": [4.75, 10.75, 4.5, 12.25], "texture": "#3"},
				"west": {"uv": [10.25, 5.5, 9.5, 7], "texture": "#3"},
				"up": {"uv": [11.25, 8.25, 11.5, 7.5], "texture": "#3"},
				"down": {"uv": [11.25, 8.25, 11.5, 9], "texture": "#3"}
			}
		},
		{
			"from": [0.65, 6.5, 3.3625],
			"to": [2.05, 8.6, 6.5125],
			"rotation": {"angle": 0, "axis": "y", "origin": [8, 9.2633, 8]},
			"faces": {
				"north": {"uv": [11.75, 5.25, 11.5, 5.75], "texture": "#3"},
				"east": {"uv": [11.25, 9.5, 10.5, 10], "texture": "#3"},
				"south": {"uv": [5.75, 11.5, 5.5, 12], "texture": "#3"},
				"west": {"uv": [11.25, 8, 10.5, 8.5], "texture": "#3"},
				"up": {"uv": [11.25, 11.5, 11.5, 10.75], "texture": "#3"},
				"down": {"uv": [11.5, 1, 11.75, 1.75], "texture": "#3"}
			}
		},
		{
			"from": [0.6416, 6.06376, 2.0208],
			"to": [2.0584, 8.60056, 7.7076],
			"rotation": {"angle": 22.5, "axis": "x", "origin": [8, 9.2633, 8]},
			"faces": {
				"north": {"uv": [10.5, 11.25, 10.25, 12], "texture": "#3"},
				"east": {"uv": [10.5, 9.5, 9, 10.25], "texture": "#3"},
				"south": {"uv": [10.75, 11.25, 10.5, 12], "texture": "#3"},
				"west": {"uv": [9, 9.5, 7.5, 10.25], "texture": "#3"},
				"up": {"uv": [4.75, 12.25, 5, 10.75], "texture": "#3"},
				"down": {"uv": [5, 10.75, 5.25, 12.25], "texture": "#3"}
			}
		},
		{
			"from": [1.46332, 5.83777, 1.2625],
			"to": [6.64332, 7.97277, 1.9625],
			"rotation": {"angle": -22.5, "axis": "z", "origin": [8, 9.2633, 8]},
			"faces": {
				"north": {"uv": [11.5, 6.5, 10.25, 7], "texture": "#3"},
				"east": {"uv": [11.75, 9, 11.5, 9.5], "texture": "#3"},
				"south": {"uv": [10.75, 10.25, 9.5, 10.75], "texture": "#3"},
				"west": {"uv": [9.25, 11.5, 9, 12], "texture": "#3"},
				"up": {"uv": [0.5, 11.25, 1.75, 11], "texture": "#3"},
				"down": {"uv": [1.75, 11, 3, 11.25], "texture": "#3"}
			}
		},
		{
			"from": [5.4366, 16.9916, 1.2541],
			"to": [6.2584, 19.0034, 1.9709],
			"rotation": {"angle": 0, "axis": "y", "origin": [8, 9.2633, 8]},
			"faces": {
				"north": {"uv": [10, 11.5, 9.75, 12], "texture": "#3"},
				"east": {"uv": [11.5, 11.5, 11.25, 12], "texture": "#3"},
				"south": {"uv": [11.75, 10.75, 11.5, 11.25], "texture": "#3"},
				"west": {"uv": [11.75, 10.25, 11.5, 10.75], "texture": "#3"},
				"up": {"uv": [11.75, 1.5, 12, 1.25], "texture": "#3"},
				"down": {"uv": [11.75, 1.5, 12, 1.75], "texture": "#3"}
			}
		},
		{
			"from": [4.17019, 17.0888, 1.2625],
			"to": [9.35019, 19.2238, 1.9625],
			"rotation": {"angle": 22.5, "axis": "z", "origin": [8, 9.2633, 8]},
			"faces": {
				"north": {"uv": [11.75, 0, 10.5, 0.5], "texture": "#3"},
				"east": {"uv": [9.75, 11.5, 9.5, 12], "texture": "#3"},
				"south": {"uv": [11.75, 0.5, 10.5, 1], "texture": "#3"},
				"west": {"uv": [9.5, 11.5, 9.25, 12], "texture": "#3"},
				"up": {"uv": [11, 3.75, 12.25, 3.5], "texture": "#3"},
				"down": {"uv": [11, 3.75, 12.25, 4], "texture": "#3"}
			}
		},
		{
			"from": [0.6388, 8.5888, 1.2513],
			"to": [6.2612, 17.0112, 1.9737],
			"rotation": {"angle": 0, "axis": "y", "origin": [8, 9.2633, 8]},
			"faces": {
				"north": {"uv": [1.5, 9, 0, 11], "texture": "#3"},
				"east": {"uv": [3.25, 10.75, 3, 12.75], "texture": "#3"},
				"south": {"uv": [3, 9, 1.5, 11], "texture": "#3"},
				"west": {"uv": [6.75, 10.5, 6.5, 12.5], "texture": "#3"},
				"up": {"uv": [10.5, 10.25, 12, 10], "texture": "#3"},
				"down": {"uv": [10.75, 4.5, 12.25, 4.75], "texture": "#3"}
			}
		},
		{
			"from": [2.42252, 5.75262, 0.5928],
			"to": [4.66252, 7.95762, 1.2928],
			"rotation": {"angle": -45, "axis": "z", "origin": [8, 9.2633, 8]},
			"faces": {
				"north": {"uv": [11.5, 4, 11, 4.5], "texture": "#3"},
				"east": {"uv": [11.75, 6.5, 11.5, 7], "texture": "#3"},
				"south": {"uv": [1.5, 11.25, 1, 11.75], "texture": "#3"},
				"west": {"uv": [6, 11.5, 5.75, 12], "texture": "#3"},
				"up": {"uv": [11.5, 6, 12, 5.75], "texture": "#3"},
				"down": {"uv": [11.5, 7.5, 12, 7.75], "texture": "#3"}
			}
		},
		{
			"from": [3.1411, 10.7, -1.30524],
			"to": [4.8911, 14.9, -0.60524],
			"rotation": {"angle": 22.5, "axis": "y", "origin": [8, 9.2633, 8]},
			"faces": {
				"north": {"uv": [11, 3.5, 10.5, 4.5], "texture": "#3"},
				"east": {"uv": [1, 11.25, 0.75, 12.25], "texture": "#3"},
				"south": {"uv": [6, 10.5, 5.5, 11.5], "texture": "#3"},
				"west": {"uv": [0.75, 11.25, 0.5, 12.25], "texture": "#3"},
				"up": {"uv": [11.25, 10, 11.75, 9.75], "texture": "#3"},
				"down": {"uv": [11.5, 1.75, 12, 2], "texture": "#3"}
			}
		},
		{
			"from": [7.42417, 15.57063, 0.5928],
			"to": [9.66417, 17.81063, 1.2928],
			"rotation": {"angle": 45, "axis": "z", "origin": [8, 9.2633, 8]},
			"faces": {
				"north": {"uv": [2.25, 11.25, 1.75, 11.75], "texture": "#3"},
				"east": {"uv": [11.75, 8.25, 11.5, 8.75], "texture": "#3"},
				"south": {"uv": [11.75, 2, 11.25, 2.5], "texture": "#3"},
				"west": {"uv": [11.75, 7.75, 11.5, 8.25], "texture": "#3"},
				"up": {"uv": [8.5, 11.75, 9, 11.5], "texture": "#3"},
				"down": {"uv": [11.5, 8.75, 12, 9], "texture": "#3"}
			}
		},
		{
			"from": [1.55559, 10.6888, 0.5816],
			"to": [4.72799, 14.9112, 1.304],
			"rotation": {"angle": 0, "axis": "y", "origin": [8, 9.2633, 8]},
			"faces": {
				"north": {"uv": [10.5, 3.5, 9.75, 4.5], "texture": "#3"},
				"east": {"uv": [1.75, 11.25, 1.5, 12.25], "texture": "#3"},
				"south": {"uv": [11, 5.5, 10.25, 6.5], "texture": "#3"},
				"west": {"uv": [11.5, 1, 11.25, 2], "texture": "#3"},
				"up": {"uv": [11.25, 6.25, 12, 6], "texture": "#3"},
				"down": {"uv": [11.25, 6.25, 12, 6.5], "texture": "#3"}
			}
		},
		{
			"from": [6.07736, 12.79003, -0.1459],
			"to": [7.70416, 14.10183, 1.6209],
			"rotation": {"angle": 0, "axis": "y", "origin": [8, 9.2633, 8]},
			"faces": {
				"north": {"uv": [12.25, 0.5, 11.75, 0.75], "texture": "#3"},
				"east": {"uv": [12.25, 1, 11.75, 1.25], "texture": "#3"},
				"south": {"uv": [1.5, 11.75, 1, 12], "texture": "#3"},
				"west": {"uv": [12.25, 0.75, 11.75, 1], "texture": "#3"},
				"up": {"uv": [2.25, 11.75, 2.75, 11.25], "texture": "#3"},
				"down": {"uv": [11.25, 4.75, 11.75, 5.25], "texture": "#3"}
			}
		},
		{
			"from": [4.38306, 11.59321, -0.1375],
			"to": [5.43306, 12.99321, 1.6125],
			"rotation": {"angle": -22.5, "axis": "z", "origin": [8, 9.2633, 8]},
			"faces": {
				"north": {"uv": [2, 11.75, 1.75, 12], "texture": "#3"},
				"east": {"uv": [12, 11.25, 11.5, 11.5], "texture": "#3"},
				"south": {"uv": [2.25, 11.75, 2, 12], "texture": "#3"},
				"west": {"uv": [12, 9.5, 11.5, 9.75], "texture": "#3"},
				"up": {"uv": [11.5, 12, 11.75, 11.5], "texture": "#3"},
				"down": {"uv": [11.75, 0, 12, 0.5], "texture": "#3"}
			}
		},
		{
			"from": [6.98392, 6.8142, -0.1375],
			"to": [10.44892, 10.2792, 1.6125],
			"rotation": {"angle": -45, "axis": "z", "origin": [8, 9.2633, 8]},
			"faces": {
				"north": {"uv": [10.5, 1, 11.25, 1.75], "texture": "#3"},
				"east": {"uv": [10.75, 4.75, 11.25, 5.5], "texture": "#3"},
				"south": {"uv": [10.5, 1.75, 11.25, 2.5], "texture": "#3"},
				"west": {"uv": [9.5, 10.75, 10, 11.5], "texture": "#3"},
				"up": {"uv": [10.75, 11.25, 10, 10.75], "texture": "#3"},
				"down": {"uv": [11.5, 10.25, 10.75, 10.75], "texture": "#3"}
			}
		},
		{
			"name": "ef",
			"from": [-1.84679, -3, 19.89586],
			"to": [19.75321, 28.2, 19.89586],
			"rotation": {"angle": -45, "axis": "y", "origin": [8, 8.84519, 7.28312]},
			"faces": {
				"north": {"uv": [11.5, 0.625, 6.625, 7.9375], "texture": "#1"},
				"east": {"uv": [0, 0, 0, 0.39063], "texture": "#missing"},
				"south": {"uv": [6.625, 0.625, 11.5, 7.9375], "texture": "#1"},
				"west": {"uv": [0, 0, 0, 0.39063], "texture": "#missing"},
				"up": {"uv": [0.21875, 0, 0, 0], "texture": "#missing"},
				"down": {"uv": [0.21875, 0, 0, 0], "texture": "#missing"}
			}
		},
		{
			"name": "ef",
			"from": [-0.28592, -1.6, -11.28907],
			"to": [-0.28592, 23.6, 5.51093],
			"rotation": {"angle": -45, "axis": "y", "origin": [-5.28592, 11, -2.88907]},
			"faces": {
				"north": {"uv": [0, 0, 0, 0.39063], "texture": "#missing"},
				"east": {"uv": [5.375, 8.6875, 0.5, 16], "texture": "#1"},
				"south": {"uv": [0, 0, 0, 0.39063], "texture": "#missing"},
				"west": {"uv": [0.5, 8.6875, 5.375, 16], "texture": "#1"},
				"up": {"uv": [0.21875, 0, 0, 0], "rotation": 90, "texture": "#missing"},
				"down": {"uv": [0.21875, 0, 0, 0], "rotation": 270, "texture": "#missing"}
			}
		},
		{
			"name": "ef",
			"from": [12.62397, -7.2, 15.07965],
			"to": [29.42397, 18, 15.07965],
			"rotation": {"angle": 45, "axis": "y", "origin": [21.02397, 5.4, 21.07965]},
			"faces": {
				"north": {"uv": [5.375, 8.6875, 0.5, 16], "texture": "#1"},
				"east": {"uv": [0, 0, 0, 0.39063], "texture": "#missing"},
				"south": {"uv": [0.5, 8.6875, 5.375, 16], "texture": "#1"},
				"west": {"uv": [0, 0, 0, 0.39063], "texture": "#missing"},
				"up": {"uv": [0.21875, 0, 0, 0], "texture": "#missing"},
				"down": {"uv": [0.21875, 0, 0, 0], "texture": "#missing"}
			}
		},
		{
			"name": "ef",
			"from": [7.62264, -8.8, -0.14507],
			"to": [29.22264, 22.4, -0.14507],
			"rotation": {"angle": -22.5, "axis": "y", "origin": [18.42264, 6.8, -4.14507]},
			"faces": {
				"north": {"uv": [0.75, 0.625, 5.625, 7.9375], "texture": "#1"},
				"east": {"uv": [0, 0, 0, 0.39063], "texture": "#missing"},
				"south": {"uv": [5.625, 0.625, 0.75, 7.9375], "texture": "#1"},
				"west": {"uv": [0, 0, 0, 0.39063], "texture": "#missing"},
				"up": {"uv": [0, 0, 0.21875, 0], "texture": "#missing"},
				"down": {"uv": [0, 0, 0.21875, 0], "texture": "#missing"}
			}
		}
	],
	"gui_light": "front",
	"display": {
		"thirdperson_righthand": {
			"rotation": [157.5, 33.75, -157.5],
			"translation": [0.75, 2.75, 1.25],
			"scale": [0.47, 0.47, 0.47]
		},
		"thirdperson_lefthand": {
			"rotation": [157.5, 33.75, -157.5],
			"translation": [0.75, 2.75, 1.25],
			"scale": [0.47, 0.47, 0.47]
		},
		"firstperson_righthand": {
			"rotation": [176.7, 44.11, -178.44],
			"translation": [0, 4, 0],
			"scale": [0.41, 0.41, 0.41]
		},
		"firstperson_lefthand": {
			"rotation": [176.7, 44.11, -178.44],
			"translation": [0, 4, 0],
			"scale": [0.41, 0.41, 0.41]
		},
		"ground": {
			"translation": [0, 2.75, 0],
			"scale": [0.6, 0.6, 0.6]
		},
		"gui": {
			"rotation": [-160, 25, -180],
			"translation": [0, -0.75, 0],
			"scale": [0.71, 0.71, 0.71]
		},
		"head": {
			"translation": [0, 1.5, 0],
			"scale": [1.11, 1.11, 1.11]
		}
	},
	"groups": [
		{
			"name": "firework_gold_helmet",
			"origin": [6.98518, 8.25, 0.7375],
			"color": 0,
			"children": [0, 1, 2, 3, 4, 5, 6, 7, 8, 9, 10, 11, 12, 13, 14, 15, 16, 17, 18, 19, 20, 21, 22, 23, 24, 25, 26, 27, 28, 29, 30, 31, 32, 33, 34, 35, 36, 37, 38, 39, 40, 41, 42, 43, 44, 45]
		}
	]
}