{
	"format_version": "1.21.6",
	"credit": "Made with Blockbench",
	"texture_size": [64, 64],
	"textures": {
		"14": "item/galactic/axe/galactic_axe_red",
		"particle": "item/galactic/axe/galactic_axe_red"
	},
	"elements": [
		{
			"name": "Blade",
			"from": [7.736, 23.22136, 4.46696],
			"to": [8.264, 25.47736, 5.59398],
			"rotation": {"angle": -45, "axis": "x", "origin": [8, 23.97336, 3.85498]},
			"faces": {
				"north": {"uv": [9.5, 3.75, 9.8125, 4.3125], "texture": "#14"},
				"east": {"uv": [4, 9.5, 4.3125, 10.0625], "texture": "#14"},
				"south": {"uv": [4.5, 9.5, 4.8125, 10.0625], "texture": "#14"},
				"west": {"uv": [5, 9.5, 5.3125, 10.0625], "texture": "#14"},
				"up": {"uv": [10.8125, 9.0625, 10.5, 8.75], "texture": "#14"},
				"down": {"uv": [10.8125, 9.25, 10.5, 9.5625], "texture": "#14"}
			}
		},
		{
			"name": "Blade",
			"from": [7.75839, 19.776, 0.1056],
			"to": [8.24161, 21.41055, 1.90595],
			"rotation": {"angle": 0, "axis": "y", "origin": [8, 20.64328, 0.85577]},
			"faces": {
				"north": {"uv": [10.5, 6.75, 10.75, 7.1875], "texture": "#14"},
				"east": {"uv": [5.5, 9, 5.9375, 9.4375], "texture": "#14"},
				"south": {"uv": [7, 10.5, 7.25, 10.9375], "texture": "#14"},
				"west": {"uv": [9, 5.75, 9.4375, 6.1875], "texture": "#14"},
				"up": {"uv": [7.5, 10.9375, 7.25, 10.5], "texture": "#14"},
				"down": {"uv": [10.75, 7.25, 10.5, 7.6875], "texture": "#14"}
			}
		},
		{
			"name": "Blade",
			"from": [7.75292, 18.78169, 0.29499],
			"to": [8.24708, 20.33175, 2.21656],
			"rotation": {"angle": -22.5, "axis": "x", "origin": [8, 19.65672, 1.30577]},
			"faces": {
				"north": {"uv": [2, 11, 2.25, 11.375], "texture": "#14"},
				"east": {"uv": [7.75, 9.25, 8.25, 9.625], "texture": "#14"},
				"south": {"uv": [2.25, 11, 2.5, 11.375], "texture": "#14"},
				"west": {"uv": [8.25, 9.25, 8.75, 9.625], "texture": "#14"},
				"up": {"uv": [10.5, 5.5, 10.25, 5], "texture": "#14"},
				"down": {"uv": [5.5, 10.25, 5.25, 10.75], "texture": "#14"}
			}
		},
		{
			"name": "Blade",
			"from": [7.73651, 18.69206, 0.94605],
			"to": [8.26349, 19.65628, 3.05761],
			"rotation": {"angle": -45, "axis": "x", "origin": [8, 18.70317, 2.25933]},
			"faces": {
				"north": {"uv": [5, 11.25, 5.3125, 11.5], "texture": "#14"},
				"east": {"uv": [10.25, 5.5, 10.75, 5.75], "texture": "#14"},
				"south": {"uv": [11.25, 5, 11.5625, 5.25], "texture": "#14"},
				"west": {"uv": [10.25, 5.75, 10.75, 6], "texture": "#14"},
				"up": {"uv": [0.8125, 10.5, 0.5, 10], "texture": "#14"},
				"down": {"uv": [10.3125, 0.5, 10, 1], "texture": "#14"}
			}
		},
		{
			"name": "Blade",
			"from": [7.75292, 20.73927, -0.68628],
			"to": [8.24708, 22.28933, 1.63529],
			"rotation": {"angle": 45, "axis": "x", "origin": [8, 21.5143, 0.72451]},
			"faces": {
				"north": {"uv": [6.25, 10.75, 6.5, 11.125], "texture": "#14"},
				"east": {"uv": [0, 8.75, 0.5625, 9.125], "texture": "#14"},
				"south": {"uv": [1.75, 11, 2, 11.375], "texture": "#14"},
				"west": {"uv": [8.75, 0.5, 9.3125, 0.875], "texture": "#14"},
				"up": {"uv": [6, 10.5625, 5.75, 10], "texture": "#14"},
				"down": {"uv": [10.25, 6, 10, 6.5625], "texture": "#14"}
			}
		},
		{
			"name": "Blade",
			"from": [7.40482, 15.70005, -0.06213],
			"to": [8.59518, 17.10157, 4.55111],
			"rotation": {"angle": 45, "axis": "x", "origin": [8, 16.40081, 2.24449]},
			"faces": {
				"north": {"uv": [9.75, 1, 10.1875, 1.375], "texture": "#14"},
				"east": {"uv": [5.5, 5.5, 6.625, 5.875], "texture": "#14"},
				"south": {"uv": [9.75, 1.5, 10.1875, 1.875], "texture": "#14"},
				"west": {"uv": [5.75, 4, 6.875, 4.375], "texture": "#14"},
				"up": {"uv": [5.4375, 1.125, 5, 0], "texture": "#14"},
				"down": {"uv": [1.1875, 5, 0.75, 6.125], "texture": "#14"}
			}
		},
		{
			"name": "Blade",
			"from": [7.45292, 15.08064, 3.38],
			"to": [8.54708, 17.39584, 4.83006],
			"rotation": {"angle": 0, "axis": "y", "origin": [8.3, 15.18505, 3.95503]},
			"faces": {
				"north": {"uv": [6.5, 8, 6.9375, 8.5625], "texture": "#14"},
				"east": {"uv": [0.75, 8.75, 1.125, 9.3125], "texture": "#14"},
				"south": {"uv": [8, 6.75, 8.4375, 7.3125], "texture": "#14"},
				"west": {"uv": [8.75, 1, 9.125, 1.5625], "texture": "#14"},
				"up": {"uv": [10.1875, 5.125, 9.75, 4.75], "texture": "#14"},
				"down": {"uv": [10.1875, 5.25, 9.75, 5.625], "texture": "#14"}
			}
		},
		{
			"name": "Blade",
			"from": [7.45292, 14.27427, 3.38],
			"to": [8.54708, 15.08064, 4.83006],
			"rotation": {"angle": 0, "axis": "y", "origin": [7.9, 15.18505, 3.95503]},
			"faces": {
				"north": {"uv": [11.25, 1.5, 11.6875, 1.6875], "texture": "#14"},
				"east": {"uv": [11.25, 6.5, 11.625, 6.6875], "texture": "#14"},
				"south": {"uv": [11.25, 1.75, 11.6875, 1.9375], "texture": "#14"},
				"west": {"uv": [6.75, 11.25, 7.125, 11.4375], "texture": "#14"},
				"up": {"uv": [9.9375, 8.875, 9.5, 8.5], "texture": "#14"},
				"down": {"uv": [0.4375, 9.75, 0, 10.125], "texture": "#14"}
			}
		},
		{
			"name": "Blade",
			"from": [7.45839, 16.94163, 2.89823],
			"to": [8.54161, 18.33998, 4.43379],
			"rotation": {"angle": -22.5, "axis": "x", "origin": [8.3, 18.09081, 3.61601]},
			"faces": {
				"north": {"uv": [6.5, 9.5, 6.9375, 9.875], "texture": "#14"},
				"east": {"uv": [10, 4, 10.375, 4.375], "texture": "#14"},
				"south": {"uv": [9.5, 6.5, 9.9375, 6.875], "texture": "#14"},
				"west": {"uv": [6.5, 10, 6.875, 10.375], "texture": "#14"},
				"up": {"uv": [7.4375, 9.875, 7, 9.5], "texture": "#14"},
				"down": {"uv": [9.9375, 7, 9.5, 7.375], "texture": "#14"}
			}
		},
		{
			"name": "Blade",
			"from": [7.75292, 17.12814, 1.64854],
			"to": [8.24708, 19.0782, 4.07011],
			"rotation": {"angle": 22.5, "axis": "x", "origin": [8, 18.30317, 3.05933]},
			"faces": {
				"north": {"uv": [6, 10.25, 6.25, 10.75], "texture": "#14"},
				"east": {"uv": [6.75, 3.5, 7.375, 4], "texture": "#14"},
				"south": {"uv": [10.25, 6, 10.5, 6.5], "texture": "#14"},
				"west": {"uv": [7, 0.75, 7.625, 1.25], "texture": "#14"},
				"up": {"uv": [2, 7.125, 1.75, 6.5], "texture": "#14"},
				"down": {"uv": [1.25, 10, 1, 10.625], "texture": "#14"}
			}
		},
		{
			"name": "Blade",
			"from": [7.75292, 22.46825, 0.29499],
			"to": [8.24708, 23.81831, 2.21656],
			"rotation": {"angle": 22.5, "axis": "x", "origin": [8, 22.94328, 1.30577]},
			"faces": {
				"north": {"uv": [11.25, 4.5, 11.5, 4.8125], "texture": "#14"},
				"east": {"uv": [9.5, 9.75, 10, 10.0625], "texture": "#14"},
				"south": {"uv": [4.75, 11.25, 5, 11.5625], "texture": "#14"},
				"west": {"uv": [10, 0, 10.5, 0.3125], "texture": "#14"},
				"up": {"uv": [10.5, 5, 10.25, 4.5], "texture": "#14"},
				"down": {"uv": [5.25, 10.25, 5, 10.75], "texture": "#14"}
			}
		},
		{
			"name": "Blade",
			"from": [7.73651, 22.94372, 0.94605],
			"to": [8.26349, 23.90794, 3.05761],
			"rotation": {"angle": 45, "axis": "x", "origin": [8, 23.89683, 2.25933]},
			"faces": {
				"north": {"uv": [11.25, 4, 11.5625, 4.25], "texture": "#14"},
				"east": {"uv": [4, 10.25, 4.5, 10.5], "texture": "#14"},
				"south": {"uv": [11.25, 4.25, 11.5625, 4.5], "texture": "#14"},
				"west": {"uv": [4.5, 10.25, 5, 10.5], "texture": "#14"},
				"up": {"uv": [9.3125, 10.25, 9, 9.75], "texture": "#14"},
				"down": {"uv": [10.0625, 9, 9.75, 9.5], "texture": "#14"}
			}
		},
		{
			"name": "Blade",
			"from": [7.75292, 23.5218, 1.64854],
			"to": [8.24708, 25.47186, 3.47011],
			"rotation": {"angle": -22.5, "axis": "x", "origin": [8, 24.29683, 3.05933]},
			"faces": {
				"north": {"uv": [3.5, 10.25, 3.75, 10.75], "texture": "#14"},
				"east": {"uv": [0.5, 8.25, 0.9375, 8.75], "texture": "#14"},
				"south": {"uv": [3.75, 10.25, 4, 10.75], "texture": "#14"},
				"west": {"uv": [8.25, 0.75, 8.6875, 1.25], "texture": "#14"},
				"up": {"uv": [6.75, 10.9375, 6.5, 10.5], "texture": "#14"},
				"down": {"uv": [7, 10.5, 6.75, 10.9375], "texture": "#14"}
			}
		},
		{
			"name": "Blade",
			"from": [7.42736, 23.79816, 2.76203],
			"to": [8.57264, 25.41214, 3.61747],
			"rotation": {"angle": -45, "axis": "x", "origin": [8, 24.60515, 3.18975]},
			"faces": {
				"north": {"uv": [9.75, 2, 10.1875, 2.375], "texture": "#14"},
				"east": {"uv": [11.25, 6.75, 11.4375, 7.125], "texture": "#14"},
				"south": {"uv": [9.75, 2.5, 10.1875, 2.875], "texture": "#14"},
				"west": {"uv": [7.25, 11.25, 7.4375, 11.625], "texture": "#14"},
				"up": {"uv": [11.6875, 2.9375, 11.25, 2.75], "texture": "#14"},
				"down": {"uv": [11.6875, 3, 11.25, 3.1875], "texture": "#14"}
			}
		},
		{
			"name": "Blade",
			"from": [7.39412, 23.76955, 4.34469],
			"to": [8.60588, 25.48621, 5.25456],
			"rotation": {"angle": -45, "axis": "x", "origin": [8, 24.62788, 4.79963]},
			"faces": {
				"north": {"uv": [9, 4.25, 9.4375, 4.6875], "texture": "#14"},
				"east": {"uv": [4.75, 10.5, 5, 10.9375], "texture": "#14"},
				"south": {"uv": [5, 9, 5.4375, 9.4375], "texture": "#14"},
				"west": {"uv": [10.5, 5, 10.75, 5.4375], "texture": "#14"},
				"up": {"uv": [10.9375, 6.25, 10.5, 6], "texture": "#14"},
				"down": {"uv": [10.9375, 6.25, 10.5, 6.5], "texture": "#14"}
			}
		},
		{
			"name": "Blade",
			"from": [7.43906, 23.73606, 3.46009],
			"to": [8.56094, 24.86394, 5.33991],
			"rotation": {"angle": 0, "axis": "y", "origin": [8, 24.3, 4.4]},
			"faces": {
				"north": {"uv": [10, 10, 10.4375, 10.3125], "texture": "#14"},
				"east": {"uv": [2.25, 10, 2.75, 10.3125], "texture": "#14"},
				"south": {"uv": [0, 10.25, 0.4375, 10.5625], "texture": "#14"},
				"west": {"uv": [2.75, 10, 3.25, 10.3125], "texture": "#14"},
				"up": {"uv": [7.9375, 9, 7.5, 8.5], "texture": "#14"},
				"down": {"uv": [8.9375, 7.5, 8.5, 8], "texture": "#14"}
			}
		},
		{
			"name": "Blade",
			"from": [7.38188, 23.67863, 5.08267],
			"to": [8.61812, 25.31487, 7.14307],
			"rotation": {"angle": 0, "axis": "y", "origin": [8, 24.46232, 5.45625]},
			"faces": {
				"north": {"uv": [9, 3.25, 9.4375, 3.6875], "texture": "#14"},
				"east": {"uv": [7, 8, 7.5, 8.4375], "texture": "#14"},
				"south": {"uv": [9, 3.75, 9.4375, 4.1875], "texture": "#14"},
				"west": {"uv": [8, 7.5, 8.5, 7.9375], "texture": "#14"},
				"up": {"uv": [8.4375, 8.5, 8, 8], "texture": "#14"},
				"down": {"uv": [0.4375, 8.25, 0, 8.75], "texture": "#14"}
			}
		},
		{
			"name": "Blade",
			"from": [7.7, 23.15251, 5.45208],
			"to": [8.3, 25.55251, 6.65104],
			"rotation": {"angle": -45, "axis": "x", "origin": [8, 23.95251, 4.80104]},
			"faces": {
				"north": {"uv": [2.5, 8.75, 2.8125, 9.375], "texture": "#14"},
				"east": {"uv": [8.75, 2.5, 9.0625, 3.125], "texture": "#14"},
				"south": {"uv": [3, 8.75, 3.3125, 9.375], "texture": "#14"},
				"west": {"uv": [3.5, 8.75, 3.8125, 9.375], "texture": "#14"},
				"up": {"uv": [8.5625, 10.8125, 8.25, 10.5], "texture": "#14"},
				"down": {"uv": [9.0625, 10.5, 8.75, 10.8125], "texture": "#14"}
			}
		},
		{
			"name": "Blade",
			"from": [7.31, 24.09347, 5.68837],
			"to": [8.69, 24.78647, 6.38137],
			"rotation": {"angle": -45, "axis": "x", "origin": [8, 25, 7.99497]},
			"faces": {
				"north": {"uv": [10.75, 8.25, 11.25, 8.4375], "texture": "#14"},
				"east": {"uv": [6.25, 8.5, 6.4375, 8.6875], "texture": "#14"},
				"south": {"uv": [10.75, 8.5, 11.25, 8.6875], "texture": "#14"},
				"west": {"uv": [1.25, 8.75, 1.4375, 8.9375], "texture": "#14"},
				"up": {"uv": [10, 10.9375, 9.5, 10.75], "texture": "#14"},
				"down": {"uv": [10.5, 10.75, 10, 10.9375], "texture": "#14"}
			}
		},
		{
			"name": "Blade",
			"from": [7.31, 22.6934, 7.08845],
			"to": [8.69, 23.3864, 7.78145],
			"rotation": {"angle": -45, "axis": "x", "origin": [8, 25, 7.99497]},
			"faces": {
				"north": {"uv": [10.5, 10.75, 11, 10.9375], "texture": "#14"},
				"east": {"uv": [5, 8.75, 5.1875, 8.9375], "texture": "#14"},
				"south": {"uv": [0, 11, 0.5, 11.1875], "texture": "#14"},
				"west": {"uv": [8.75, 5.75, 8.9375, 5.9375], "texture": "#14"},
				"up": {"uv": [1, 11.1875, 0.5, 11], "texture": "#14"},
				"down": {"uv": [1.75, 11, 1.25, 11.1875], "texture": "#14"}
			}
		},
		{
			"name": "Blade",
			"from": [7.31, 25.21353, 9.60857],
			"to": [8.69, 25.90653, 10.30157],
			"rotation": {"angle": -45, "axis": "x", "origin": [8, 25, 7.99497]},
			"faces": {
				"north": {"uv": [10.75, 7.25, 11.25, 7.4375], "texture": "#14"},
				"east": {"uv": [2, 8.5, 2.1875, 8.6875], "texture": "#14"},
				"south": {"uv": [7.5, 10.75, 8, 10.9375], "texture": "#14"},
				"west": {"uv": [8.5, 4.75, 8.6875, 4.9375], "texture": "#14"},
				"up": {"uv": [11.25, 7.6875, 10.75, 7.5], "texture": "#14"},
				"down": {"uv": [11.25, 8, 10.75, 8.1875], "texture": "#14"}
			}
		},
		{
			"name": "Blade",
			"from": [7.31, 26.6136, 8.2085],
			"to": [8.69, 27.3066, 8.9015],
			"rotation": {"angle": -45, "axis": "x", "origin": [8, 25, 7.99497]},
			"faces": {
				"north": {"uv": [10.75, 5.75, 11.25, 5.9375], "texture": "#14"},
				"east": {"uv": [8.25, 3.25, 8.4375, 3.4375], "texture": "#14"},
				"south": {"uv": [10.75, 6.5, 11.25, 6.6875], "texture": "#14"},
				"west": {"uv": [8.5, 0.5, 8.6875, 0.6875], "texture": "#14"},
				"up": {"uv": [11.25, 6.9375, 10.75, 6.75], "texture": "#14"},
				"down": {"uv": [11.25, 7, 10.75, 7.1875], "texture": "#14"}
			}
		},
		{
			"name": "Blade",
			"from": [7.3, 23.2, 9],
			"to": [8.7, 26.8, 9.5],
			"rotation": {"angle": 0, "axis": "y", "origin": [7, 24, 7]},
			"faces": {
				"north": {"uv": [4.25, 5.5, 4.75, 6.375], "texture": "#14"},
				"east": {"uv": [4.25, 10.5, 4.375, 11.375], "texture": "#14"},
				"south": {"uv": [5.5, 4.5, 6, 5.375], "texture": "#14"},
				"west": {"uv": [4.5, 10.5, 4.625, 11.375], "texture": "#14"},
				"up": {"uv": [12, 11.125, 11.5, 11], "texture": "#14"},
				"down": {"uv": [12, 11.25, 11.5, 11.375], "texture": "#14"}
			}
		},
		{
			"name": "Blade",
			"from": [7.42, 16.70633, 0.55551],
			"to": [8.58, 18.63433, 3.81551],
			"rotation": {"angle": 22.5, "axis": "x", "origin": [8, 17.67033, 2.18551]},
			"faces": {
				"north": {"uv": [8.25, 2.75, 8.6875, 3.25], "texture": "#14"},
				"east": {"uv": [2.25, 6, 3.0625, 6.5], "texture": "#14"},
				"south": {"uv": [3.75, 8.25, 4.1875, 8.75], "texture": "#14"},
				"west": {"uv": [6, 3, 6.8125, 3.5], "texture": "#14"},
				"up": {"uv": [2.6875, 7.3125, 2.25, 6.5], "texture": "#14"},
				"down": {"uv": [3.1875, 6.5, 2.75, 7.3125], "texture": "#14"}
			}
		},
		{
			"name": "Blade",
			"from": [7.4112, 17.72259, -0.54163],
			"to": [8.5888, 19.87187, 1.33697],
			"rotation": {"angle": 45, "axis": "x", "origin": [8, 18.79723, 0.39767]},
			"faces": {
				"north": {"uv": [4.25, 8, 4.6875, 8.5625], "texture": "#14"},
				"east": {"uv": [7.25, 5, 7.75, 5.5625], "texture": "#14"},
				"south": {"uv": [8, 4.25, 8.4375, 4.8125], "texture": "#14"},
				"west": {"uv": [6.5, 7.25, 7, 7.8125], "texture": "#14"},
				"up": {"uv": [8.6875, 5.5, 8.25, 5], "texture": "#14"},
				"down": {"uv": [8.9375, 0, 8.5, 0.5], "texture": "#14"}
			}
		},
		{
			"name": "Blade",
			"from": [7.4376, 19.09573, -1.43352],
			"to": [8.5624, 20.91853, 0.84792],
			"rotation": {"angle": -22.5, "axis": "x", "origin": [8, 20.00713, -0.2928]},
			"faces": {
				"north": {"uv": [9, 8.25, 9.4375, 8.6875], "texture": "#14"},
				"east": {"uv": [8, 5.5, 8.5625, 5.9375], "texture": "#14"},
				"south": {"uv": [9, 8.75, 9.4375, 9.1875], "texture": "#14"},
				"west": {"uv": [5.75, 8, 6.3125, 8.4375], "texture": "#14"},
				"up": {"uv": [5.1875, 8.5625, 4.75, 8], "texture": "#14"},
				"down": {"uv": [8.4375, 6, 8, 6.5625], "texture": "#14"}
			}
		},
		{
			"name": "Blade",
			"from": [7.42, 22.60593, -0.35304],
			"to": [8.58, 24.63393, 1.40696],
			"rotation": {"angle": -45, "axis": "x", "origin": [8, 23.61993, 0.32696]},
			"faces": {
				"north": {"uv": [8.25, 1.75, 8.6875, 2.25], "texture": "#14"},
				"east": {"uv": [2.25, 8.25, 2.6875, 8.75], "texture": "#14"},
				"south": {"uv": [8.25, 2.25, 8.6875, 2.75], "texture": "#14"},
				"west": {"uv": [2.75, 8.25, 3.1875, 8.75], "texture": "#14"},
				"up": {"uv": [9.4375, 7.1875, 9, 6.75], "texture": "#14"},
				"down": {"uv": [7.6875, 9, 7.25, 9.4375], "texture": "#14"}
			}
		},
		{
			"name": "Blade",
			"from": [7.42, 20.41911, -1.72409],
			"to": [8.58, 22.27911, 0.50391],
			"rotation": {"angle": 0, "axis": "y", "origin": [8, 21.59911, -0.61009]},
			"faces": {
				"north": {"uv": [9, 7.25, 9.4375, 7.6875], "texture": "#14"},
				"east": {"uv": [8, 1.25, 8.5625, 1.6875], "texture": "#14"},
				"south": {"uv": [9, 7.75, 9.4375, 8.1875], "texture": "#14"},
				"west": {"uv": [1.5, 8, 2.0625, 8.4375], "texture": "#14"},
				"up": {"uv": [3.6875, 8.5625, 3.25, 8], "texture": "#14"},
				"down": {"uv": [8.4375, 3.5, 8, 4.0625], "texture": "#14"}
			}
		},
		{
			"name": "Blade",
			"from": [7.3704, 21.62391, -1.34237],
			"to": [8.6296, 23.80011, 0.96439],
			"rotation": {"angle": 22.5, "axis": "x", "origin": [7.9, 22.71201, -0.33899]},
			"faces": {
				"north": {"uv": [5.25, 7.75, 5.6875, 8.3125], "texture": "#14"},
				"east": {"uv": [5.75, 6.75, 6.3125, 7.3125], "texture": "#14"},
				"south": {"uv": [7.5, 7.75, 7.9375, 8.3125], "texture": "#14"},
				"west": {"uv": [0, 7, 0.5625, 7.5625], "texture": "#14"},
				"up": {"uv": [8.4375, 0.5625, 8, 0], "texture": "#14"},
				"down": {"uv": [1.4375, 8, 1, 8.5625], "texture": "#14"}
			}
		},
		{
			"name": "Blade",
			"from": [7.4288, 24.07529, 0.57442],
			"to": [8.5712, 25.88301, 4.29682],
			"rotation": {"angle": -22.5, "axis": "x", "origin": [8, 25.07915, 2.43562]},
			"faces": {
				"north": {"uv": [9, 6.25, 9.4375, 6.6875], "texture": "#14"},
				"east": {"uv": [6, 0, 6.9375, 0.4375], "texture": "#14"},
				"south": {"uv": [6.75, 9, 7.1875, 9.4375], "texture": "#14"},
				"west": {"uv": [6, 0.5, 6.9375, 0.9375], "texture": "#14"},
				"up": {"uv": [1.6875, 6.6875, 1.25, 5.75], "texture": "#14"},
				"down": {"uv": [0.4375, 6, 0, 6.9375], "texture": "#14"}
			}
		},
		{
			"name": "Blade",
			"from": [7.42, 24.136, 9.12],
			"to": [8.58, 26.864, 15.58],
			"rotation": {"angle": 0, "axis": "y", "origin": [8.1, 26, 7.2]},
			"faces": {
				"north": {"uv": [5.25, 7, 5.6875, 7.6875], "texture": "#14"},
				"east": {"uv": [2, 0, 3.625, 0.6875], "texture": "#14"},
				"south": {"uv": [7, 6, 7.4375, 6.6875], "texture": "#14"},
				"west": {"uv": [2, 0.75, 3.625, 1.4375], "texture": "#14"},
				"up": {"uv": [3.4375, 4.125, 3, 2.5], "texture": "#14"},
				"down": {"uv": [3.9375, 2.5, 3.5, 4.125], "texture": "#14"}
			}
		},
		{
			"name": "Blade",
			"from": [7.4288, 23.62286, 11.44349],
			"to": [8.5712, 24.73958, 14.27589],
			"rotation": {"angle": 22.5, "axis": "x", "origin": [8, 24.18122, 12.80969]},
			"faces": {
				"north": {"uv": [7.5, 10.5, 7.9375, 10.75], "texture": "#14"},
				"east": {"uv": [9.5, 4.5, 10.1875, 4.75], "texture": "#14"},
				"south": {"uv": [10.5, 7.75, 10.9375, 8], "texture": "#14"},
				"west": {"uv": [9.5, 5.75, 10.1875, 6], "texture": "#14"},
				"up": {"uv": [7.4375, 7.4375, 7, 6.75], "texture": "#14"},
				"down": {"uv": [2.1875, 7.25, 1.75, 7.9375], "texture": "#14"}
			}
		},
		{
			"name": "Blade",
			"from": [7.43751, 22.15788, 13.57871],
			"to": [8.56249, 23.85149, 15.69573],
			"rotation": {"angle": -22.5, "axis": "x", "origin": [8, 23.00468, 14.63722]},
			"faces": {
				"north": {"uv": [0, 9.25, 0.4375, 9.6875], "texture": "#14"},
				"east": {"uv": [8.5, 3.75, 9, 4.1875], "texture": "#14"},
				"south": {"uv": [9.25, 1, 9.6875, 1.4375], "texture": "#14"},
				"west": {"uv": [8.5, 4.25, 9, 4.6875], "texture": "#14"},
				"up": {"uv": [5.6875, 9, 5.25, 8.5], "texture": "#14"},
				"down": {"uv": [6.1875, 8.5, 5.75, 9], "texture": "#14"}
			}
		},
		{
			"name": "Blade",
			"from": [7.42, 22.62387, 13.95893],
			"to": [8.58, 24.15187, 16.01893],
			"rotation": {"angle": 0, "axis": "y", "origin": [8.1, 22.18787, 10.23893]},
			"faces": {
				"north": {"uv": [9.5, 7.5, 9.9375, 7.875], "texture": "#14"},
				"east": {"uv": [9.5, 0.5, 10, 0.875], "texture": "#14"},
				"south": {"uv": [9.5, 8, 9.9375, 8.375], "texture": "#14"},
				"west": {"uv": [1, 9.5, 1.5, 9.875], "texture": "#14"},
				"up": {"uv": [8.9375, 6.5, 8.5, 6], "texture": "#14"},
				"down": {"uv": [8.9375, 6.5, 8.5, 7], "texture": "#14"}
			}
		},
		{
			"name": "Blade",
			"from": [7.37, 24.836, 0.42],
			"to": [8.63, 26.864, 6.58],
			"rotation": {"angle": 0, "axis": "y", "origin": [8.05, 25, 5.5]},
			"faces": {
				"north": {"uv": [1.5, 8.5, 1.9375, 9], "texture": "#14"},
				"east": {"uv": [2, 1.5, 3.5625, 2], "texture": "#14"},
				"south": {"uv": [8.5, 3.25, 8.9375, 3.75], "texture": "#14"},
				"west": {"uv": [2, 2, 3.5625, 2.5], "texture": "#14"},
				"up": {"uv": [2.6875, 5.8125, 2.25, 4.25], "texture": "#14"},
				"down": {"uv": [3.1875, 4.25, 2.75, 5.8125], "texture": "#14"}
			}
		},
		{
			"name": "Blade",
			"from": [7.3107, 25.40179, 9.22204],
			"to": [8.6903, 26.87639, 15.40632],
			"rotation": {"angle": 0, "axis": "y", "origin": [7.95, 26.13909, 12.41768]},
			"faces": {
				"north": {"uv": [2.5, 9.5, 3, 9.875], "texture": "#14"},
				"east": {"uv": [4.25, 3, 5.8125, 3.375], "texture": "#14"},
				"south": {"uv": [3, 9.5, 3.5, 9.875], "texture": "#14"},
				"west": {"uv": [4.25, 3.5, 5.8125, 3.875], "texture": "#14"},
				"up": {"uv": [2.5, 4.0625, 2, 2.5], "texture": "#14"},
				"down": {"uv": [3, 2.5, 2.5, 4.0625], "texture": "#14"}
			}
		},
		{
			"name": "Blade",
			"from": [7.37943, 23.31205, 6.09873],
			"to": [8.62057, 25.12459, 6.86737],
			"rotation": {"angle": -22.5, "axis": "x", "origin": [8, 24.21832, 6.48305]},
			"faces": {
				"north": {"uv": [9.25, 2.5, 9.6875, 2.9375], "texture": "#14"},
				"east": {"uv": [3.25, 11.25, 3.4375, 11.6875], "texture": "#14"},
				"south": {"uv": [9.25, 4.75, 9.6875, 5.1875], "texture": "#14"},
				"west": {"uv": [11.25, 3.25, 11.4375, 3.6875], "texture": "#14"},
				"up": {"uv": [3.9375, 11.4375, 3.5, 11.25], "texture": "#14"},
				"down": {"uv": [11.6875, 3.75, 11.25, 3.9375], "texture": "#14"}
			}
		},
		{
			"name": "Blade",
			"from": [7.33098, 24.31378, 5.42908],
			"to": [8.66902, 25.12286, 7.33702],
			"rotation": {"angle": 45, "axis": "x", "origin": [8, 24.71832, 6.38305]},
			"faces": {
				"north": {"uv": [11, 10.25, 11.5, 10.4375], "texture": "#14"},
				"east": {"uv": [10.5, 11, 11, 11.1875], "texture": "#14"},
				"south": {"uv": [11, 10.5, 11.5, 10.6875], "texture": "#14"},
				"west": {"uv": [11, 10.75, 11.5, 10.9375], "texture": "#14"},
				"up": {"uv": [8.25, 3, 7.75, 2.5], "texture": "#14"},
				"down": {"uv": [8.25, 3, 7.75, 3.5], "texture": "#14"}
			}
		},
		{
			"name": "Blade",
			"from": [7.3112, 25.00552, 4.70961],
			"to": [8.6888, 25.83112, 6.75649],
			"rotation": {"angle": 22.5, "axis": "x", "origin": [8, 25.41832, 5.68305]},
			"faces": {
				"north": {"uv": [11, 11, 11.5, 11.1875], "texture": "#14"},
				"east": {"uv": [0, 11.25, 0.5, 11.4375], "texture": "#14"},
				"south": {"uv": [11.25, 0, 11.75, 0.1875], "texture": "#14"},
				"west": {"uv": [11.25, 0.25, 11.75, 0.4375], "texture": "#14"},
				"up": {"uv": [4.25, 8.25, 3.75, 7.75], "texture": "#14"},
				"down": {"uv": [8.25, 5, 7.75, 5.5], "texture": "#14"}
			}
		},
		{
			"name": "Blade",
			"from": [7.3112, 25.00552, 9.24351],
			"to": [8.6888, 25.83112, 11.29039],
			"rotation": {"angle": -22.5, "axis": "x", "origin": [8, 25.41832, 10.31695]},
			"faces": {
				"north": {"uv": [7.5, 11, 8, 11.1875], "texture": "#14"},
				"east": {"uv": [11, 7.75, 11.5, 7.9375], "texture": "#14"},
				"south": {"uv": [8.25, 11, 8.75, 11.1875], "texture": "#14"},
				"west": {"uv": [8.75, 11, 9.25, 11.1875], "texture": "#14"},
				"up": {"uv": [7.5, 8, 7, 7.5], "texture": "#14"},
				"down": {"uv": [8, 7.25, 7.5, 7.75], "texture": "#14"}
			}
		},
		{
			"name": "Blade",
			"from": [7.33098, 24.31378, 8.66298],
			"to": [8.66902, 25.12286, 10.57092],
			"rotation": {"angle": -45, "axis": "x", "origin": [8, 24.71832, 9.61695]},
			"faces": {
				"north": {"uv": [11, 8.75, 11.5, 8.9375], "texture": "#14"},
				"east": {"uv": [11, 9, 11.5, 9.1875], "texture": "#14"},
				"south": {"uv": [9.25, 11, 9.75, 11.1875], "texture": "#14"},
				"west": {"uv": [11, 9.25, 11.5, 9.4375], "texture": "#14"},
				"up": {"uv": [0.5, 8.25, 0, 7.75], "texture": "#14"},
				"down": {"uv": [1, 7.75, 0.5, 8.25], "texture": "#14"}
			}
		},
		{
			"name": "Blade",
			"from": [7.3107, 25.40179, 1.09368],
			"to": [8.6903, 26.87639, 6.77796],
			"rotation": {"angle": 0, "axis": "y", "origin": [7.95, 26.13909, 3.58232]},
			"faces": {
				"north": {"uv": [1.5, 9.5, 2, 9.875], "texture": "#14"},
				"east": {"uv": [4.25, 4, 5.6875, 4.375], "texture": "#14"},
				"south": {"uv": [2, 9.5, 2.5, 9.875], "texture": "#14"},
				"west": {"uv": [0, 4.5, 1.4375, 4.875], "texture": "#14"},
				"up": {"uv": [1.5, 4.4375, 1, 3], "texture": "#14"},
				"down": {"uv": [2, 3, 1.5, 4.4375], "texture": "#14"}
			}
		},
		{
			"name": "Blade",
			"from": [7.37943, 23.31205, 9.13263],
			"to": [8.62057, 25.12459, 9.90127],
			"rotation": {"angle": 22.5, "axis": "x", "origin": [8, 24.21832, 9.51695]},
			"faces": {
				"north": {"uv": [9.25, 1.5, 9.6875, 1.9375], "texture": "#14"},
				"east": {"uv": [1.5, 11.25, 1.6875, 11.6875], "texture": "#14"},
				"south": {"uv": [9.25, 2, 9.6875, 2.4375], "texture": "#14"},
				"west": {"uv": [2.5, 11.25, 2.6875, 11.6875], "texture": "#14"},
				"up": {"uv": [11.6875, 2.6875, 11.25, 2.5], "texture": "#14"},
				"down": {"uv": [3.1875, 11.25, 2.75, 11.4375], "texture": "#14"}
			}
		},
		{
			"name": "Blade",
			"from": [7.36064, 25.02616, 4.75828],
			"to": [8.63936, 25.81048, 6.60782],
			"rotation": {"angle": 22.5, "axis": "x", "origin": [8, 25.41832, 5.68305]},
			"faces": {
				"north": {"uv": [6.5, 11, 7, 11.1875], "texture": "#14"},
				"east": {"uv": [11.25, 2, 11.6875, 2.1875], "texture": "#14"},
				"south": {"uv": [7, 11, 7.5, 11.1875], "texture": "#14"},
				"west": {"uv": [11.25, 2.25, 11.6875, 2.4375], "texture": "#14"},
				"up": {"uv": [7.5, 8.9375, 7, 8.5], "texture": "#14"},
				"down": {"uv": [9, 7, 8.5, 7.4375], "texture": "#14"}
			}
		},
		{
			"name": "Blade",
			"from": [7.32109, 24.40696, 0.73649],
			"to": [8.67891, 25.22431, 2.66391],
			"rotation": {"angle": -22.5, "axis": "x", "origin": [8, 23.22813, 0.09341]},
			"faces": {
				"north": {"uv": [5.25, 11, 5.75, 11.1875], "texture": "#14"},
				"east": {"uv": [5.75, 11, 6.25, 11.1875], "texture": "#14"},
				"south": {"uv": [11, 6, 11.5, 6.1875], "texture": "#14"},
				"west": {"uv": [11, 6.25, 11.5, 6.4375], "texture": "#14"},
				"up": {"uv": [8, 6.75, 7.5, 6.25], "texture": "#14"},
				"down": {"uv": [8, 6.75, 7.5, 7.25], "texture": "#14"}
			}
		},
		{
			"name": "Blade",
			"from": [7.2808, 26.54113, -1.0789],
			"to": [8.7202, 28.48953, -0.25918],
			"rotation": {"angle": -22.5, "axis": "x", "origin": [8.05, 27.80833, -3.09454]},
			"faces": {
				"north": {"uv": [7.75, 0.75, 8.25, 1.25], "texture": "#14"},
				"east": {"uv": [11, 9.5, 11.1875, 10], "texture": "#14"},
				"south": {"uv": [7.75, 2, 8.25, 2.5], "texture": "#14"},
				"west": {"uv": [9.75, 11, 9.9375, 11.5], "texture": "#14"},
				"up": {"uv": [10.5, 11.1875, 10, 11], "texture": "#14"},
				"down": {"uv": [11.5, 10, 11, 10.1875], "texture": "#14"}
			}
		},
		{
			"name": "Blade",
			"from": [7.27, 25.63673, -2.6382],
			"to": [8.73, 27.66473, 0.0218],
			"rotation": {"angle": 45, "axis": "x", "origin": [8.05, 24.80073, -0.8582]},
			"faces": {
				"north": {"uv": [5.75, 7.5, 6.25, 8], "texture": "#14"},
				"east": {"uv": [6, 3.5, 6.6875, 4], "texture": "#14"},
				"south": {"uv": [7.5, 5.75, 8, 6.25], "texture": "#14"},
				"west": {"uv": [6.5, 2.5, 7.1875, 3], "texture": "#14"},
				"up": {"uv": [3.75, 7.1875, 3.25, 6.5], "texture": "#14"},
				"down": {"uv": [4.75, 6.5, 4.25, 7.1875], "texture": "#14"}
			}
		},
		{
			"name": "Blade",
			"from": [7.3012, 22.27261, -1.08784],
			"to": [8.6988, 26.46952, -1.08784],
			"rotation": {"angle": 22.5, "axis": "x", "origin": [8, 24.37107, -0.96927]},
			"faces": {
				"north": {"uv": [4.5, 1.25, 5, 2.3125], "texture": "#14"},
				"east": {"uv": [0, 0, 0, 1.0625], "texture": "#14"},
				"south": {"uv": [1.5, 4.5, 2, 5.5625], "texture": "#14"},
				"west": {"uv": [0, 0, 0, 1.0625], "texture": "#14"},
				"up": {"uv": [0.5, 0, 0, 0], "texture": "#14"},
				"down": {"uv": [0.5, 0, 0, 0], "texture": "#14"}
			}
		},
		{
			"name": "Blade",
			"from": [7.3012, 22.27261, -1.08784],
			"to": [8.6988, 26.46952, 0.18001],
			"rotation": {"angle": 22.5, "axis": "x", "origin": [8, 24.37107, -0.96927]},
			"faces": {
				"north": {"uv": [3.25, 4.25, 3.75, 5.3125], "texture": "#14"},
				"east": {"uv": [6.5, 6, 6.8125, 7.0625], "texture": "#14"},
				"south": {"uv": [4.5, 0, 5, 1.0625], "texture": "#14"},
				"west": {"uv": [1.25, 6.75, 1.5625, 7.8125], "texture": "#14"},
				"up": {"uv": [10.5, 3.3125, 10, 3], "texture": "#14"},
				"down": {"uv": [10.5, 3.5, 10, 3.8125], "texture": "#14"}
			}
		},
		{
			"name": "Blade",
			"from": [7.3012, 23.44368, -2.11856],
			"to": [8.6988, 26.46952, -1.08784],
			"rotation": {"angle": 22.5, "axis": "x", "origin": [8, 24.37107, -0.96927]},
			"faces": {
				"north": {"uv": [6.5, 1, 7, 1.75], "texture": "#14"},
				"east": {"uv": [3.75, 5, 4, 5.75], "texture": "#14"},
				"south": {"uv": [6.5, 1.75, 7, 2.5], "texture": "#14"},
				"west": {"uv": [1.75, 5.75, 2, 6.5], "texture": "#14"},
				"up": {"uv": [10.75, 6.75, 10.25, 6.5], "texture": "#14"},
				"down": {"uv": [8, 10.25, 7.5, 10.5], "texture": "#14"}
			}
		},
		{
			"name": "Blade",
			"from": [7.2494, 25.89007, -2.27145],
			"to": [8.7506, 29.08263, -0.78225],
			"rotation": {"angle": -22.5, "axis": "x", "origin": [8, 27.43635, -1.52685]},
			"faces": {
				"north": {"uv": [3.75, 6, 4.25, 6.8125], "texture": "#14"},
				"east": {"uv": [7, 4, 7.375, 4.8125], "texture": "#14"},
				"south": {"uv": [6, 4.5, 6.5, 5.3125], "texture": "#14"},
				"west": {"uv": [4.75, 7, 5.125, 7.8125], "texture": "#14"},
				"up": {"uv": [9.25, 9.625, 8.75, 9.25], "texture": "#14"},
				"down": {"uv": [9.75, 9.25, 9.25, 9.625], "texture": "#14"}
			}
		},
		{
			"name": "Blade",
			"from": [7.34092, 25.07743, 14.61522],
			"to": [8.65804, 25.7258, 15.74191],
			"rotation": {"angle": 22.5, "axis": "x", "origin": [7.99948, 25.25388, 15.38913]},
			"faces": {
				"north": {"uv": [10.75, 3.75, 11.25, 3.9375], "texture": "#14"},
				"east": {"uv": [0.5, 11.75, 0.8125, 11.9375], "texture": "#14"},
				"south": {"uv": [10.75, 4, 11.25, 4.1875], "texture": "#14"},
				"west": {"uv": [1, 11.75, 1.3125, 11.9375], "texture": "#14"},
				"up": {"uv": [6.5, 10.0625, 6, 9.75], "texture": "#14"},
				"down": {"uv": [8, 9.75, 7.5, 10.0625], "texture": "#14"}
			}
		},
		{
			"name": "Blade",
			"from": [7.3506, 25.02369, 15.28975],
			"to": [8.64836, 25.37226, 15.99068],
			"rotation": {"angle": 45, "axis": "x", "origin": [7.99948, 25.25388, 15.38913]},
			"faces": {
				"north": {"uv": [1.5, 12.25, 2, 12.3125], "texture": "#14"},
				"east": {"uv": [4.75, 12.5, 4.9375, 12.5625], "texture": "#14"},
				"south": {"uv": [12.25, 1.5, 12.75, 1.5625], "texture": "#14"},
				"west": {"uv": [12.5, 4.75, 12.6875, 4.8125], "texture": "#14"},
				"up": {"uv": [11.25, 4.4375, 10.75, 4.25], "texture": "#14"},
				"down": {"uv": [11.25, 4.5, 10.75, 4.6875], "texture": "#14"}
			}
		},
		{
			"name": "Blade",
			"from": [7.32105, 24.4834, 15.17342],
			"to": [8.67791, 26.77696, 15.8322],
			"rotation": {"angle": -22.5, "axis": "x", "origin": [7.99948, 25.63018, 15.55281]},
			"faces": {
				"north": {"uv": [3.25, 7.25, 3.75, 7.8125], "texture": "#14"},
				"east": {"uv": [8, 10.5, 8.1875, 11.0625], "texture": "#14"},
				"south": {"uv": [4.25, 7.25, 4.75, 7.8125], "texture": "#14"},
				"west": {"uv": [10.5, 8, 10.6875, 8.5625], "texture": "#14"},
				"up": {"uv": [11.25, 4.9375, 10.75, 4.75], "texture": "#14"},
				"down": {"uv": [5.5, 10.75, 5, 10.9375], "texture": "#14"}
			}
		},
		{
			"name": "Blade",
			"from": [7.27009, 24.27168, 15.59433],
			"to": [8.72887, 24.72125, 16.19264],
			"rotation": {"angle": 0, "axis": "y", "origin": [7.99948, 24.49646, 15.99348]},
			"faces": {
				"north": {"uv": [11.5, 5.75, 12, 5.875], "texture": "#14"},
				"east": {"uv": [6.75, 8.75, 7, 8.875], "texture": "#14"},
				"south": {"uv": [11.5, 6, 12, 6.125], "texture": "#14"},
				"west": {"uv": [6, 9, 6.25, 9.125], "texture": "#14"},
				"up": {"uv": [10.75, 2.25, 10.25, 2], "texture": "#14"},
				"down": {"uv": [10.75, 2.25, 10.25, 2.5], "texture": "#14"}
			}
		},
		{
			"name": "Blade",
			"from": [7.32105, 23.99414, 15.45392],
			"to": [8.67791, 24.52962, 16.02119],
			"rotation": {"angle": 22.5, "axis": "x", "origin": [7.99948, 24.02009, 15.56782]},
			"faces": {
				"north": {"uv": [11.5, 6.25, 12, 6.375], "texture": "#14"},
				"east": {"uv": [1, 12.5, 1.1875, 12.625], "texture": "#14"},
				"south": {"uv": [6.75, 11.5, 7.25, 11.625], "texture": "#14"},
				"west": {"uv": [12.5, 1, 12.6875, 1.125], "texture": "#14"},
				"up": {"uv": [11.25, 5.1875, 10.75, 5], "texture": "#14"},
				"down": {"uv": [11.25, 5.25, 10.75, 5.4375], "texture": "#14"}
			}
		},
		{
			"name": "Blade",
			"from": [7.32105, 23.66322, 15.13115],
			"to": [8.67791, 24.09469, 15.60289],
			"rotation": {"angle": -22.5, "axis": "x", "origin": [7.99948, 24.02009, 15.56782]},
			"faces": {
				"north": {"uv": [11.5, 6.75, 12, 6.875], "texture": "#14"},
				"east": {"uv": [3, 12.5, 3.125, 12.625], "texture": "#14"},
				"south": {"uv": [11.5, 7, 12, 7.125], "texture": "#14"},
				"west": {"uv": [3.25, 12.5, 3.375, 12.625], "texture": "#14"},
				"up": {"uv": [8, 11.625, 7.5, 11.5], "texture": "#14"},
				"down": {"uv": [12, 7.75, 11.5, 7.875], "texture": "#14"}
			}
		},
		{
			"name": "Blade",
			"from": [7.31126, 23.71244, 15.50639],
			"to": [8.6877, 24.14403, 15.77173],
			"rotation": {"angle": -45, "axis": "x", "origin": [7.99948, 23.92823, 15.58706]},
			"faces": {
				"north": {"uv": [8, 11.5, 8.5, 11.625], "texture": "#14"},
				"east": {"uv": [12.5, 6.75, 12.5625, 6.875], "texture": "#14"},
				"south": {"uv": [8.5, 11.5, 9, 11.625], "texture": "#14"},
				"west": {"uv": [7, 12.5, 7.0625, 12.625], "texture": "#14"},
				"up": {"uv": [12.75, 1.8125, 12.25, 1.75], "texture": "#14"},
				"down": {"uv": [2.5, 12.25, 2, 12.3125], "texture": "#14"}
			}
		},
		{
			"name": "Blade",
			"from": [7.31086, 23.62327, 14.85158],
			"to": [8.6881, 23.95415, 15.31387],
			"rotation": {"angle": 0, "axis": "y", "origin": [7.99948, 23.78871, 15.08273]},
			"faces": {
				"north": {"uv": [12.25, 2, 12.75, 2.0625], "texture": "#14"},
				"east": {"uv": [12.5, 7, 12.625, 7.0625], "texture": "#14"},
				"south": {"uv": [12.25, 2.25, 12.75, 2.3125], "texture": "#14"},
				"west": {"uv": [7.25, 12.5, 7.375, 12.5625], "texture": "#14"},
				"up": {"uv": [12, 8.875, 11.5, 8.75], "texture": "#14"},
				"down": {"uv": [9.5, 11.5, 9, 11.625], "texture": "#14"}
			}
		},
		{
			"name": "Blade",
			"from": [7.29047, 23.6403, 14.73948],
			"to": [8.70849, 23.97905, 15.00718],
			"rotation": {"angle": 22.5, "axis": "x", "origin": [7.99948, 23.86167, 14.87333]},
			"faces": {
				"north": {"uv": [2.5, 12.25, 3, 12.3125], "texture": "#14"},
				"east": {"uv": [12.75, 1, 12.8125, 1.0625], "texture": "#14"},
				"south": {"uv": [12.25, 2.5, 12.75, 2.5625], "texture": "#14"},
				"west": {"uv": [1.25, 12.75, 1.3125, 12.8125], "texture": "#14"},
				"up": {"uv": [12.75, 2.8125, 12.25, 2.75], "texture": "#14"},
				"down": {"uv": [3.5, 12.25, 3, 12.3125], "texture": "#14"}
			}
		},
		{
			"name": "Blade",
			"from": [7.30066, 23.86549, 14.50444],
			"to": [8.6983, 24.09994, 14.87135],
			"rotation": {"angle": 45, "axis": "x", "origin": [7.99948, 24.03472, 14.6879]},
			"faces": {
				"north": {"uv": [12.25, 3, 12.75, 3.0625], "texture": "#14"},
				"east": {"uv": [12.75, 1.25, 12.8125, 1.3125], "texture": "#14"},
				"south": {"uv": [3.5, 12.25, 4, 12.3125], "texture": "#14"},
				"west": {"uv": [1.5, 12.75, 1.5625, 12.8125], "texture": "#14"},
				"up": {"uv": [12.75, 3.8125, 12.25, 3.75], "texture": "#14"},
				"down": {"uv": [4.5, 12.25, 4, 12.3125], "texture": "#14"}
			}
		},
		{
			"name": "Blade",
			"from": [7.29047, 23.9823, 14.39748],
			"to": [8.70849, 24.354, 14.63223],
			"rotation": {"angle": -22.5, "axis": "x", "origin": [7.99948, 24.22015, 14.51486]},
			"faces": {
				"north": {"uv": [12.25, 4, 12.75, 4.0625], "texture": "#14"},
				"east": {"uv": [12.75, 1.5, 12.8125, 1.5625], "texture": "#14"},
				"south": {"uv": [12.25, 4.25, 12.75, 4.3125], "texture": "#14"},
				"west": {"uv": [1.75, 12.75, 1.8125, 12.8125], "texture": "#14"},
				"up": {"uv": [5, 12.3125, 4.5, 12.25], "texture": "#14"},
				"down": {"uv": [5.5, 12.25, 5, 12.3125], "texture": "#14"}
			}
		},
		{
			"name": "Blade",
			"from": [7.28028, 23.80605, 14.74775],
			"to": [8.71868, 23.93917, 15.01815],
			"rotation": {"angle": 22.5, "axis": "x", "origin": [7.99948, 23.97661, 14.31095]},
			"faces": {
				"north": {"uv": [12.25, 5, 12.75, 5.0625], "texture": "#14"},
				"east": {"uv": [12.75, 1.75, 12.8125, 1.8125], "texture": "#14"},
				"south": {"uv": [12.25, 5.25, 12.75, 5.3125], "texture": "#14"},
				"west": {"uv": [2, 12.75, 2.0625, 12.8125], "texture": "#14"},
				"up": {"uv": [6, 12.3125, 5.5, 12.25], "texture": "#14"},
				"down": {"uv": [6.5, 12.25, 6, 12.3125], "texture": "#14"}
			}
		},
		{
			"name": "Blade",
			"from": [7.28028, 23.59581, 14.17274],
			"to": [8.71868, 24.07421, 14.30586],
			"rotation": {"angle": -45, "axis": "x", "origin": [7.99948, 24.19901, 14.3433]},
			"faces": {
				"north": {"uv": [11.5, 9, 12, 9.125], "texture": "#14"},
				"east": {"uv": [7.5, 12.5, 7.5625, 12.625], "texture": "#14"},
				"south": {"uv": [11.5, 9.25, 12, 9.375], "texture": "#14"},
				"west": {"uv": [7.75, 12.5, 7.8125, 12.625], "texture": "#14"},
				"up": {"uv": [7, 12.3125, 6.5, 12.25], "texture": "#14"},
				"down": {"uv": [12.75, 6.5, 12.25, 6.5625], "texture": "#14"}
			}
		},
		{
			"name": "Blade",
			"from": [7.27029, 23.98832, 14.30982],
			"to": [8.72867, 24.36639, 14.44134],
			"rotation": {"angle": 0, "axis": "y", "origin": [7.99948, 24.17736, 14.42758]},
			"faces": {
				"north": {"uv": [9.5, 11.5, 10, 11.625], "texture": "#14"},
				"east": {"uv": [12.5, 7.75, 12.5625, 7.875], "texture": "#14"},
				"south": {"uv": [10, 11.5, 10.5, 11.625], "texture": "#14"},
				"west": {"uv": [8, 12.5, 8.0625, 12.625], "texture": "#14"},
				"up": {"uv": [7.5, 12.3125, 7, 12.25], "texture": "#14"},
				"down": {"uv": [12.75, 7.25, 12.25, 7.3125], "texture": "#14"}
			}
		},
		{
			"name": "Blade",
			"from": [7.28028, 24.31285, 14.33376],
			"to": [8.71868, 24.47925, 14.46688],
			"rotation": {"angle": 22.5, "axis": "x", "origin": [7.99948, 24.39605, 14.45232]},
			"faces": {
				"north": {"uv": [7.5, 12.25, 8, 12.3125], "texture": "#14"},
				"east": {"uv": [12.75, 2, 12.8125, 2.0625], "texture": "#14"},
				"south": {"uv": [12.25, 7.5, 12.75, 7.5625], "texture": "#14"},
				"west": {"uv": [2.25, 12.75, 2.3125, 12.8125], "texture": "#14"},
				"up": {"uv": [8.5, 12.3125, 8, 12.25], "texture": "#14"},
				"down": {"uv": [12.75, 8, 12.25, 8.0625], "texture": "#14"}
			}
		},
		{
			"name": "Blade",
			"from": [7.28028, 24.22101, 14.7512],
			"to": [8.71868, 24.49141, 14.88432],
			"rotation": {"angle": 45, "axis": "x", "origin": [7.99948, 24.82421, 14.92176]},
			"faces": {
				"north": {"uv": [12.25, 8.25, 12.75, 8.3125], "texture": "#14"},
				"east": {"uv": [12.75, 2.25, 12.8125, 2.3125], "texture": "#14"},
				"south": {"uv": [8.5, 12.25, 9, 12.3125], "texture": "#14"},
				"west": {"uv": [2.5, 12.75, 2.5625, 12.8125], "texture": "#14"},
				"up": {"uv": [12.75, 8.5625, 12.25, 8.5], "texture": "#14"},
				"down": {"uv": [9.5, 12.25, 9, 12.3125], "texture": "#14"}
			}
		},
		{
			"name": "Blade",
			"from": [7.31169, 24.46958, 14.51318],
			"to": [8.68935, 24.63102, 14.64234],
			"rotation": {"angle": 22.5, "axis": "x", "origin": [8.00052, 24.5503, 14.57776]},
			"faces": {
				"north": {"uv": [9.5, 12.25, 10, 12.3125], "texture": "#14"},
				"east": {"uv": [12.75, 2.5, 12.8125, 2.5625], "texture": "#14"},
				"south": {"uv": [12.25, 9.5, 12.75, 9.5625], "texture": "#14"},
				"west": {"uv": [2.75, 12.75, 2.8125, 12.8125], "texture": "#14"},
				"up": {"uv": [12.75, 9.8125, 12.25, 9.75], "texture": "#14"},
				"down": {"uv": [10.5, 12.25, 10, 12.3125], "texture": "#14"}
			}
		},
		{
			"name": "Blade",
			"from": [7.28028, 23.5484, 14.89904],
			"to": [8.71868, 23.68152, 15.68944],
			"rotation": {"angle": 0, "axis": "y", "origin": [7.99948, 23.71896, 15.19024]},
			"faces": {
				"north": {"uv": [10.5, 12.25, 11, 12.3125], "texture": "#14"},
				"east": {"uv": [5, 12.5, 5.1875, 12.5625], "texture": "#14"},
				"south": {"uv": [11, 12.25, 11.5, 12.3125], "texture": "#14"},
				"west": {"uv": [5.25, 12.5, 5.4375, 12.5625], "texture": "#14"},
				"up": {"uv": [11.25, 5.6875, 10.75, 5.5], "texture": "#14"},
				"down": {"uv": [6.25, 10.75, 5.75, 10.9375], "texture": "#14"}
			}
		},
		{
			"name": "Blade",
			"from": [7.28028, 23.86666, 15.4594],
			"to": [8.71868, 23.99978, 15.8578],
			"rotation": {"angle": -45, "axis": "x", "origin": [7.99948, 23.98522, 15.9586]},
			"faces": {
				"north": {"uv": [11.5, 12.25, 12, 12.3125], "texture": "#14"},
				"east": {"uv": [12.5, 3.25, 12.75, 3.3125], "texture": "#14"},
				"south": {"uv": [12, 12.25, 12.5, 12.3125], "texture": "#14"},
				"west": {"uv": [3.5, 12.5, 3.75, 12.5625], "texture": "#14"},
				"up": {"uv": [10.75, 2.75, 10.25, 2.5], "texture": "#14"},
				"down": {"uv": [10.75, 2.75, 10.25, 3], "texture": "#14"}
			}
		},
		{
			"name": "Blade",
			"from": [7.30056, 24.29704, 14.48066],
			"to": [8.6984, 24.56205, 14.61113],
			"rotation": {"angle": 0, "axis": "y", "origin": [7.99948, 24.42954, 14.54589]},
			"faces": {
				"north": {"uv": [0, 12.5, 0.5, 12.5625], "texture": "#14"},
				"east": {"uv": [12.75, 2.75, 12.8125, 2.8125], "texture": "#14"},
				"south": {"uv": [0.5, 12.5, 1, 12.5625], "texture": "#14"},
				"west": {"uv": [3, 12.75, 3.0625, 12.8125], "texture": "#14"},
				"up": {"uv": [13, 0.5625, 12.5, 0.5], "texture": "#14"},
				"down": {"uv": [13, 0.75, 12.5, 0.8125], "texture": "#14"}
			}
		},
		{
			"name": "Blade",
			"from": [7.29047, 27.3378, -0.26073],
			"to": [8.70849, 29.59327, 0.32176],
			"rotation": {"angle": 22.5, "axis": "x", "origin": [7.99948, 29.11554, -0.06948]},
			"faces": {
				"north": {"uv": [7.25, 2, 7.75, 2.5625], "texture": "#14"},
				"east": {"uv": [6, 11.25, 6.125, 11.8125], "texture": "#14"},
				"south": {"uv": [7.25, 2.75, 7.75, 3.3125], "texture": "#14"},
				"west": {"uv": [6.25, 11.25, 6.375, 11.8125], "texture": "#14"},
				"up": {"uv": [0.5, 11.625, 0, 11.5], "texture": "#14"},
				"down": {"uv": [12, 0.5, 11.5, 0.625], "texture": "#14"}
			}
		},
		{
			"name": "Blade",
			"from": [7.30066, 28.91155, 0.20614],
			"to": [8.6983, 29.64937, 0.57305],
			"rotation": {"angle": 45, "axis": "x", "origin": [7.99948, 29.28046, 0.3896]},
			"faces": {
				"north": {"uv": [10.75, 1.5, 11.25, 1.6875], "texture": "#14"},
				"east": {"uv": [4, 12.5, 4.0625, 12.6875], "texture": "#14"},
				"south": {"uv": [10.75, 1.75, 11.25, 1.9375], "texture": "#14"},
				"west": {"uv": [4.25, 12.5, 4.3125, 12.6875], "texture": "#14"},
				"up": {"uv": [2.5, 12.0625, 2, 12], "texture": "#14"},
				"down": {"uv": [3, 12, 2.5, 12.0625], "texture": "#14"}
			}
		},
		{
			"name": "Blade",
			"from": [7.28028, 29.13634, -1.45604],
			"to": [8.71868, 29.92674, 0.93308],
			"rotation": {"angle": -22.5, "axis": "x", "origin": [7.99948, 29.53154, 0.34652]},
			"faces": {
				"north": {"uv": [10.75, 2, 11.25, 2.1875], "texture": "#14"},
				"east": {"uv": [8, 10.25, 8.625, 10.4375], "texture": "#14"},
				"south": {"uv": [10.75, 2.25, 11.25, 2.4375], "texture": "#14"},
				"west": {"uv": [8.75, 10.25, 9.375, 10.4375], "texture": "#14"},
				"up": {"uv": [7.5, 0.625, 7, 0], "texture": "#14"},
				"down": {"uv": [1.25, 7, 0.75, 7.625], "texture": "#14"}
			}
		},
		{
			"name": "Blade",
			"from": [7.27009, 29.27992, 0.69373],
			"to": [8.72887, 30.13869, 1.1433],
			"rotation": {"angle": 0, "axis": "y", "origin": [7.99948, 29.73954, 0.91852]},
			"faces": {
				"north": {"uv": [10.75, 2.5, 11.25, 2.6875], "texture": "#14"},
				"east": {"uv": [9.75, 9.5, 9.875, 9.6875], "texture": "#14"},
				"south": {"uv": [10.75, 2.75, 11.25, 2.9375], "texture": "#14"},
				"west": {"uv": [9.5, 11.25, 9.625, 11.4375], "texture": "#14"},
				"up": {"uv": [12, 0.875, 11.5, 0.75], "texture": "#14"},
				"down": {"uv": [12, 1, 11.5, 1.125], "texture": "#14"}
			}
		},
		{
			"name": "Blade",
			"from": [7.32105, 29.19998, 0.88536],
			"to": [8.67791, 29.86724, 1.42083],
			"rotation": {"angle": 22.5, "axis": "x", "origin": [7.99948, 29.31388, 1.39489]},
			"faces": {
				"north": {"uv": [10.75, 3, 11.25, 3.1875], "texture": "#14"},
				"east": {"uv": [2.25, 11.5, 2.375, 11.6875], "texture": "#14"},
				"south": {"uv": [10.75, 3.25, 11.25, 3.4375], "texture": "#14"},
				"west": {"uv": [4.5, 11.5, 4.625, 11.6875], "texture": "#14"},
				"up": {"uv": [12, 1.375, 11.5, 1.25], "texture": "#14"},
				"down": {"uv": [2.25, 11.5, 1.75, 11.625], "texture": "#14"}
			}
		},
		{
			"name": "Blade",
			"from": [7.32105, 28.8772, 1.32029],
			"to": [8.67791, 29.34895, 1.75176],
			"rotation": {"angle": -22.5, "axis": "x", "origin": [7.99948, 29.31388, 1.39489]},
			"faces": {
				"north": {"uv": [2.75, 11.5, 3.25, 11.625], "texture": "#14"},
				"east": {"uv": [2, 12.5, 2.125, 12.625], "texture": "#14"},
				"south": {"uv": [11.5, 3.25, 12, 3.375], "texture": "#14"},
				"west": {"uv": [2.25, 12.5, 2.375, 12.625], "texture": "#14"},
				"up": {"uv": [4, 11.625, 3.5, 11.5], "texture": "#14"},
				"down": {"uv": [12, 3.5, 11.5, 3.625], "texture": "#14"}
			}
		},
		{
			"name": "Blade",
			"from": [7.31126, 29.25245, 1.27095],
			"to": [8.6877, 29.51779, 1.70254],
			"rotation": {"angle": -45, "axis": "x", "origin": [7.99948, 29.33312, 1.48674]},
			"faces": {
				"north": {"uv": [3, 12, 3.5, 12.0625], "texture": "#14"},
				"east": {"uv": [6, 12.5, 6.125, 12.5625], "texture": "#14"},
				"south": {"uv": [12, 3.25, 12.5, 3.3125], "texture": "#14"},
				"west": {"uv": [12.5, 6, 12.625, 6.0625], "texture": "#14"},
				"up": {"uv": [4.5, 11.625, 4, 11.5], "texture": "#14"},
				"down": {"uv": [12, 4.5, 11.5, 4.625], "texture": "#14"}
			}
		},
		{
			"name": "Blade",
			"from": [7.28028, 28.69358, 1.45571],
			"to": [8.71868, 28.96398, 1.79683],
			"rotation": {"angle": 0, "axis": "y", "origin": [7.99948, 28.56878, 1.93827]},
			"faces": {
				"north": {"uv": [3.5, 12, 4, 12.0625], "texture": "#14"},
				"east": {"uv": [11.25, 12.5, 11.3125, 12.5625], "texture": "#14"},
				"south": {"uv": [12, 3.5, 12.5, 3.5625], "texture": "#14"},
				"west": {"uv": [12.5, 11.25, 12.5625, 11.3125], "texture": "#14"},
				"up": {"uv": [4.5, 12.0625, 4, 12], "texture": "#14"},
				"down": {"uv": [5, 12, 4.5, 12.0625], "texture": "#14"}
			}
		},
		{
			"name": "Blade",
			"from": [7.29047, 28.48554, 1.43593],
			"to": [8.70849, 28.75323, 1.77468],
			"rotation": {"angle": 22.5, "axis": "x", "origin": [7.99948, 28.61938, 1.5533]},
			"faces": {
				"north": {"uv": [12, 4.5, 12.5, 4.5625], "texture": "#14"},
				"east": {"uv": [11.5, 12.5, 11.5625, 12.5625], "texture": "#14"},
				"south": {"uv": [12, 4.75, 12.5, 4.8125], "texture": "#14"},
				"west": {"uv": [12.5, 11.5, 12.5625, 11.5625], "texture": "#14"},
				"up": {"uv": [5.5, 12.0625, 5, 12], "texture": "#14"},
				"down": {"uv": [6, 12, 5.5, 12.0625], "texture": "#14"}
			}
		},
		{
			"name": "Blade",
			"from": [7.30066, 28.25049, 1.31503],
			"to": [8.6983, 28.61741, 1.54949],
			"rotation": {"angle": 45, "axis": "x", "origin": [7.99948, 28.43395, 1.38026]},
			"faces": {
				"north": {"uv": [12, 5.5, 12.5, 5.5625], "texture": "#14"},
				"east": {"uv": [11.75, 12.5, 11.8125, 12.5625], "texture": "#14"},
				"south": {"uv": [12, 5.75, 12.5, 5.8125], "texture": "#14"},
				"west": {"uv": [12.5, 11.75, 12.5625, 11.8125], "texture": "#14"},
				"up": {"uv": [6.5, 12.0625, 6, 12], "texture": "#14"},
				"down": {"uv": [12.5, 6, 12, 6.0625], "texture": "#14"}
			}
		},
		{
			"name": "Blade",
			"from": [7.29047, 28.14354, 1.06098],
			"to": [8.70849, 28.37828, 1.43268],
			"rotation": {"angle": -22.5, "axis": "x", "origin": [7.99948, 28.26091, 1.19483]},
			"faces": {
				"north": {"uv": [12, 6.25, 12.5, 6.3125], "texture": "#14"},
				"east": {"uv": [12, 12.5, 12.0625, 12.5625], "texture": "#14"},
				"south": {"uv": [6.5, 12, 7, 12.0625], "texture": "#14"},
				"west": {"uv": [12.5, 12, 12.5625, 12.0625], "texture": "#14"},
				"up": {"uv": [12.5, 6.8125, 12, 6.75], "texture": "#14"},
				"down": {"uv": [7.5, 12, 7, 12.0625], "texture": "#14"}
			}
		},
		{
			"name": "Blade",
			"from": [7.28028, 28.4938, 1.37581],
			"to": [8.71868, 28.7642, 1.60893],
			"rotation": {"angle": 22.5, "axis": "x", "origin": [7.99948, 28.057, 1.43837]},
			"faces": {
				"north": {"uv": [12, 7, 12.5, 7.0625], "texture": "#14"},
				"east": {"uv": [12.25, 12.5, 12.3125, 12.5625], "texture": "#14"},
				"south": {"uv": [7.5, 12, 8, 12.0625], "texture": "#14"},
				"west": {"uv": [12.5, 12.25, 12.5625, 12.3125], "texture": "#14"},
				"up": {"uv": [12.5, 7.8125, 12, 7.75], "texture": "#14"},
				"down": {"uv": [8.5, 12, 8, 12.0625], "texture": "#14"}
			}
		},
		{
			"name": "Blade",
			"from": [7.29047, 28.19317, 1.27473],
			"to": [8.70849, 28.42396, 1.74835],
			"rotation": {"angle": -45, "axis": "x", "origin": [7.99948, 28.30856, 1.51154]},
			"faces": {
				"north": {"uv": [8.5, 12, 9, 12.0625], "texture": "#14"},
				"east": {"uv": [6.25, 12.5, 6.375, 12.5625], "texture": "#14"},
				"south": {"uv": [12, 8.75, 12.5, 8.8125], "texture": "#14"},
				"west": {"uv": [12.5, 6.25, 12.625, 6.3125], "texture": "#14"},
				"up": {"uv": [12, 4.875, 11.5, 4.75], "texture": "#14"},
				"down": {"uv": [5.5, 11.5, 5, 11.625], "texture": "#14"}
			}
		},
		{
			"name": "Blade",
			"from": [7.27029, 28.05588, 1.04859],
			"to": [8.72867, 28.2874, 1.42665],
			"rotation": {"angle": 0, "axis": "y", "origin": [7.99948, 28.17364, 1.23762]},
			"faces": {
				"north": {"uv": [9, 12, 9.5, 12.0625], "texture": "#14"},
				"east": {"uv": [6.5, 12.5, 6.625, 12.5625], "texture": "#14"},
				"south": {"uv": [12, 9, 12.5, 9.0625], "texture": "#14"},
				"west": {"uv": [6.75, 12.5, 6.875, 12.5625], "texture": "#14"},
				"up": {"uv": [6, 11.625, 5.5, 11.5], "texture": "#14"},
				"down": {"uv": [12, 5.5, 11.5, 5.625], "texture": "#14"}
			}
		},
		{
			"name": "Blade",
			"from": [7.28028, 28.07982, 0.93572],
			"to": [8.71868, 28.31294, 1.10212],
			"rotation": {"angle": 22.5, "axis": "x", "origin": [7.99948, 28.19838, 1.01892]},
			"faces": {
				"north": {"uv": [12, 9.25, 12.5, 9.3125], "texture": "#14"},
				"east": {"uv": [12.5, 12.5, 12.5625, 12.5625], "texture": "#14"},
				"south": {"uv": [9.5, 12, 10, 12.0625], "texture": "#14"},
				"west": {"uv": [0, 12.75, 0.0625, 12.8125], "texture": "#14"},
				"up": {"uv": [10.5, 12.0625, 10, 12], "texture": "#14"},
				"down": {"uv": [12.5, 10, 12, 10.0625], "texture": "#14"}
			}
		},
		{
			"name": "Blade",
			"from": [7.28028, 28.49725, 0.92356],
			"to": [8.71868, 28.63037, 1.19396],
			"rotation": {"angle": 45, "axis": "x", "origin": [7.99948, 28.66781, 0.59076]},
			"faces": {
				"north": {"uv": [12, 10.25, 12.5, 10.3125], "texture": "#14"},
				"east": {"uv": [12.75, 0, 12.8125, 0.0625], "texture": "#14"},
				"south": {"uv": [10.5, 12, 11, 12.0625], "texture": "#14"},
				"west": {"uv": [0.25, 12.75, 0.3125, 12.8125], "texture": "#14"},
				"up": {"uv": [12.5, 10.5625, 12, 10.5], "texture": "#14"},
				"down": {"uv": [12.5, 10.75, 12, 10.8125], "texture": "#14"}
			}
		},
		{
			"name": "Blade",
			"from": [7.28028, 28.6451, 1.63346],
			"to": [8.71868, 29.4355, 1.86658],
			"rotation": {"angle": 0, "axis": "y", "origin": [7.99948, 28.9363, 1.69602]},
			"faces": {
				"north": {"uv": [3.5, 10.75, 4, 10.9375], "texture": "#14"},
				"east": {"uv": [4.5, 12.5, 4.5625, 12.6875], "texture": "#14"},
				"south": {"uv": [10.75, 3.5, 11.25, 3.6875], "texture": "#14"},
				"west": {"uv": [12.5, 4.5, 12.5625, 4.6875], "texture": "#14"},
				"up": {"uv": [11.5, 12.0625, 11, 12], "texture": "#14"},
				"down": {"uv": [12.5, 11, 12, 11.0625], "texture": "#14"}
			}
		},
		{
			"name": "Blade",
			"from": [7.2599, 29.19688, 1.31228],
			"to": [8.73906, 30.21525, 1.55006],
			"rotation": {"angle": -45, "axis": "x", "origin": [7.99948, 29.70607, 1.43117]},
			"faces": {
				"north": {"uv": [10.25, 1.5, 10.75, 1.75], "texture": "#14"},
				"east": {"uv": [2.5, 12.5, 2.5625, 12.75], "texture": "#14"},
				"south": {"uv": [10.25, 1.75, 10.75, 2], "texture": "#14"},
				"west": {"uv": [2.75, 12.5, 2.8125, 12.75], "texture": "#14"},
				"up": {"uv": [12.5, 11.3125, 12, 11.25], "texture": "#14"},
				"down": {"uv": [12, 12, 11.5, 12.0625], "texture": "#14"}
			}
		},
		{
			"name": "Blade",
			"from": [7.22237, 28.23711, 0.79509],
			"to": [8.71868, 28.37401, 0.96622],
			"rotation": {"angle": 22.5, "axis": "x", "origin": [7.97052, 28.30556, 0.88065]},
			"faces": {
				"north": {"uv": [12, 11.5, 12.5, 11.5625], "texture": "#14"},
				"east": {"uv": [12.75, 0.25, 12.8125, 0.3125], "texture": "#14"},
				"south": {"uv": [12, 11.75, 12.5, 11.8125], "texture": "#14"},
				"west": {"uv": [0.5, 12.75, 0.5625, 12.8125], "texture": "#14"},
				"up": {"uv": [12.5, 12.0625, 12, 12], "texture": "#14"},
				"down": {"uv": [0.5, 12.25, 0, 12.3125], "texture": "#14"}
			}
		},
		{
			"name": "Blade",
			"from": [7.30056, 28.22671, 0.85292],
			"to": [8.6984, 28.35718, 1.11794],
			"rotation": {"angle": 0, "axis": "y", "origin": [7.99948, 28.29195, 0.98543]},
			"faces": {
				"north": {"uv": [12.25, 0, 12.75, 0.0625], "texture": "#14"},
				"east": {"uv": [0.75, 12.75, 0.8125, 12.8125], "texture": "#14"},
				"south": {"uv": [12.25, 0.25, 12.75, 0.3125], "texture": "#14"},
				"west": {"uv": [1, 12.75, 1.0625, 12.8125], "texture": "#14"},
				"up": {"uv": [1, 12.3125, 0.5, 12.25], "texture": "#14"},
				"down": {"uv": [1.5, 12.25, 1, 12.3125], "texture": "#14"}
			}
		},
		{
			"name": "Blade",
			"from": [7.3396, 18.68658, -0.35485],
			"to": [8.6604, 19.39602, 0.09795],
			"rotation": {"angle": -45, "axis": "x", "origin": [8, 19.0413, -0.17845]},
			"faces": {
				"north": {"uv": [10.5, 9.75, 11, 9.9375], "texture": "#14"},
				"east": {"uv": [7.75, 9, 7.875, 9.1875], "texture": "#14"},
				"south": {"uv": [10, 10.5, 10.5, 10.6875], "texture": "#14"},
				"west": {"uv": [0.5, 9.25, 0.625, 9.4375], "texture": "#14"},
				"up": {"uv": [11.75, 7.375, 11.25, 7.25], "texture": "#14"},
				"down": {"uv": [8, 11.25, 7.5, 11.375], "texture": "#14"}
			}
		},
		{
			"name": "Blade",
			"from": [7.32, 18.41987, -1.18387],
			"to": [8.68, 19.17987, 0.34413],
			"rotation": {"angle": 22.5, "axis": "x", "origin": [8, 18.79987, -0.21987]},
			"faces": {
				"north": {"uv": [10.5, 10, 11, 10.1875], "texture": "#14"},
				"east": {"uv": [11.25, 5.25, 11.625, 5.4375], "texture": "#14"},
				"south": {"uv": [10.5, 10.25, 11, 10.4375], "texture": "#14"},
				"west": {"uv": [5.5, 11.25, 5.875, 11.4375], "texture": "#14"},
				"up": {"uv": [9.75, 5.625, 9.25, 5.25], "texture": "#14"},
				"down": {"uv": [6.5, 9.25, 6, 9.625], "texture": "#14"}
			}
		},
		{
			"name": "Blade",
			"from": [7.3298, 18.74051, -0.99607],
			"to": [8.6702, 19.65923, -0.14367],
			"rotation": {"angle": -22.5, "axis": "x", "origin": [8, 19.19987, -0.61987]},
			"faces": {
				"north": {"uv": [5, 2.75, 5.5, 3], "texture": "#14"},
				"east": {"uv": [3.75, 5.75, 3.9375, 6], "texture": "#14"},
				"south": {"uv": [10, 8.75, 10.5, 9], "texture": "#14"},
				"west": {"uv": [0.5, 6, 0.6875, 6.25], "texture": "#14"},
				"up": {"uv": [11, 10.6875, 10.5, 10.5], "texture": "#14"},
				"down": {"uv": [0.5, 10.75, 0, 10.9375], "texture": "#14"}
			}
		},
		{
			"name": "Blade",
			"from": [7.3102, 18.21607, 0.11399],
			"to": [8.6898, 18.98367, 0.54627],
			"rotation": {"angle": 0, "axis": "y", "origin": [8, 18.59987, 0.33013]},
			"faces": {
				"north": {"uv": [10.75, 0, 11.25, 0.1875], "texture": "#14"},
				"east": {"uv": [9.25, 3, 9.375, 3.1875], "texture": "#14"},
				"south": {"uv": [10.75, 0.25, 11.25, 0.4375], "texture": "#14"},
				"west": {"uv": [6.5, 9.25, 6.625, 9.4375], "texture": "#14"},
				"up": {"uv": [11.75, 7.625, 11.25, 7.5], "texture": "#14"},
				"down": {"uv": [8.5, 11.25, 8, 11.375], "texture": "#14"}
			}
		},
		{
			"name": "Blade",
			"from": [7.3592, 18.47708, 0.29825],
			"to": [8.6408, 19.11868, 0.81313],
			"rotation": {"angle": -22.5, "axis": "x", "origin": [8, 19.00916, 0.78818]},
			"faces": {
				"north": {"uv": [10.75, 0.5, 11.25, 0.6875], "texture": "#14"},
				"east": {"uv": [7.5, 9.5, 7.625, 9.6875], "texture": "#14"},
				"south": {"uv": [10.75, 0.75, 11.25, 0.9375], "texture": "#14"},
				"west": {"uv": [9.5, 9, 9.625, 9.1875], "texture": "#14"},
				"up": {"uv": [11.75, 8.125, 11.25, 8], "texture": "#14"},
				"down": {"uv": [11.75, 8.25, 11.25, 8.375], "texture": "#14"}
			}
		},
		{
			"name": "Blade",
			"from": [7.3592, 18.97544, 0.71645],
			"to": [8.6408, 19.42904, 1.13133],
			"rotation": {"angle": 22.5, "axis": "x", "origin": [8, 19.00916, 0.78818]},
			"faces": {
				"north": {"uv": [8.5, 11.25, 9, 11.375], "texture": "#14"},
				"east": {"uv": [1.25, 12.5, 1.375, 12.625], "texture": "#14"},
				"south": {"uv": [11.25, 8.5, 11.75, 8.625], "texture": "#14"},
				"west": {"uv": [12.5, 1.25, 12.625, 1.375], "texture": "#14"},
				"up": {"uv": [9.5, 11.375, 9, 11.25], "texture": "#14"},
				"down": {"uv": [11.75, 9.5, 11.25, 9.625], "texture": "#14"}
			}
		},
		{
			"name": "Blade",
			"from": [7.34979, 18.8131, 0.66901],
			"to": [8.65021, 19.06823, 1.084],
			"rotation": {"angle": 45, "axis": "x", "origin": [8, 18.99066, 0.87651]},
			"faces": {
				"north": {"uv": [1.5, 11.75, 2, 11.8125], "texture": "#14"},
				"east": {"uv": [5.5, 12.5, 5.625, 12.5625], "texture": "#14"},
				"south": {"uv": [11.75, 1.5, 12.25, 1.5625], "texture": "#14"},
				"west": {"uv": [12.5, 5.5, 12.625, 5.5625], "texture": "#14"},
				"up": {"uv": [11.75, 9.875, 11.25, 9.75], "texture": "#14"},
				"down": {"uv": [10.5, 11.25, 10, 11.375], "texture": "#14"}
			}
		},
		{
			"name": "Blade",
			"from": [7.32, 19.3456, 0.84666],
			"to": [8.68, 19.6056, 1.17466],
			"rotation": {"angle": 0, "axis": "y", "origin": [8, 19.7256, 1.31066]},
			"faces": {
				"north": {"uv": [11.75, 1.75, 12.25, 1.8125], "texture": "#14"},
				"east": {"uv": [8.25, 12.5, 8.3125, 12.5625], "texture": "#14"},
				"south": {"uv": [2, 11.75, 2.5, 11.8125], "texture": "#14"},
				"west": {"uv": [8.5, 12.5, 8.5625, 12.5625], "texture": "#14"},
				"up": {"uv": [12.25, 2.0625, 11.75, 2], "texture": "#14"},
				"down": {"uv": [12.25, 2.25, 11.75, 2.3125], "texture": "#14"}
			}
		},
		{
			"name": "Blade",
			"from": [7.3298, 19.54825, 0.82765],
			"to": [8.6702, 19.80565, 1.15337],
			"rotation": {"angle": -22.5, "axis": "x", "origin": [8, 19.67695, 0.94051]},
			"faces": {
				"north": {"uv": [2.5, 11.75, 3, 11.8125], "texture": "#14"},
				"east": {"uv": [8.75, 12.5, 8.8125, 12.5625], "texture": "#14"},
				"south": {"uv": [11.75, 2.5, 12.25, 2.5625], "texture": "#14"},
				"west": {"uv": [12.5, 8.75, 12.5625, 8.8125], "texture": "#14"},
				"up": {"uv": [12.25, 2.8125, 11.75, 2.75], "texture": "#14"},
				"down": {"uv": [3.5, 11.75, 3, 11.8125], "texture": "#14"}
			}
		},
		{
			"name": "Blade",
			"from": [7.3396, 19.67885, 0.7114],
			"to": [8.6604, 20.03165, 0.93684],
			"rotation": {"angle": -45, "axis": "x", "origin": [8, 19.85525, 0.77412]},
			"faces": {
				"north": {"uv": [11.75, 3, 12.25, 3.0625], "texture": "#14"},
				"east": {"uv": [9, 12.5, 9.0625, 12.5625], "texture": "#14"},
				"south": {"uv": [3.5, 11.75, 4, 11.8125], "texture": "#14"},
				"west": {"uv": [12.5, 9, 12.5625, 9.0625], "texture": "#14"},
				"up": {"uv": [12.25, 3.8125, 11.75, 3.75], "texture": "#14"},
				"down": {"uv": [4.5, 11.75, 4, 11.8125], "texture": "#14"}
			}
		},
		{
			"name": "Blade",
			"from": [7.3298, 19.90877, 0.46712],
			"to": [8.6702, 20.13449, 0.82452],
			"rotation": {"angle": 22.5, "axis": "x", "origin": [8, 20.02163, 0.59582]},
			"faces": {
				"north": {"uv": [11.75, 4, 12.25, 4.0625], "texture": "#14"},
				"east": {"uv": [9.25, 12.5, 9.3125, 12.5625], "texture": "#14"},
				"south": {"uv": [11.75, 4.25, 12.25, 4.3125], "texture": "#14"},
				"west": {"uv": [12.5, 9.25, 12.5625, 9.3125], "texture": "#14"},
				"up": {"uv": [5, 11.8125, 4.5, 11.75], "texture": "#14"},
				"down": {"uv": [5.5, 11.75, 5, 11.8125], "texture": "#14"}
			}
		},
		{
			"name": "Blade",
			"from": [7.32, 19.5377, 0.86599],
			"to": [8.68, 19.7977, 0.99399],
			"rotation": {"angle": -22.5, "axis": "x", "origin": [8, 20.2177, 0.82999]},
			"faces": {
				"north": {"uv": [11.75, 5, 12.25, 5.0625], "texture": "#14"},
				"east": {"uv": [9.5, 12.5, 9.5625, 12.5625], "texture": "#14"},
				"south": {"uv": [11.75, 5.25, 12.25, 5.3125], "texture": "#14"},
				"west": {"uv": [9.75, 12.5, 9.8125, 12.5625], "texture": "#14"},
				"up": {"uv": [6, 11.8125, 5.5, 11.75], "texture": "#14"},
				"down": {"uv": [7, 11.75, 6.5, 11.8125], "texture": "#14"}
			}
		},
		{
			"name": "Blade",
			"from": [7.32, 20.22259, 0.73615],
			"to": [8.68, 20.35059, 1.19615],
			"rotation": {"angle": 45, "axis": "x", "origin": [8, 20.18659, 0.61615]},
			"faces": {
				"north": {"uv": [11.75, 6.5, 12.25, 6.5625], "texture": "#14"},
				"east": {"uv": [5.75, 12.5, 5.875, 12.5625], "texture": "#14"},
				"south": {"uv": [7, 11.75, 7.5, 11.8125], "texture": "#14"},
				"west": {"uv": [12.5, 5.75, 12.625, 5.8125], "texture": "#14"},
				"up": {"uv": [11, 11.375, 10.5, 11.25], "texture": "#14"},
				"down": {"uv": [11.5, 11.25, 11, 11.375], "texture": "#14"}
			}
		},
		{
			"name": "Blade",
			"from": [7.3104, 20.09232, 0.4552],
			"to": [8.6896, 20.21878, 0.81873],
			"rotation": {"angle": 0, "axis": "y", "origin": [8, 20.10555, 0.63696]},
			"faces": {
				"north": {"uv": [11.75, 7.25, 12.25, 7.3125], "texture": "#14"},
				"east": {"uv": [10, 12.5, 10.0625, 12.5625], "texture": "#14"},
				"south": {"uv": [7.5, 11.75, 8, 11.8125], "texture": "#14"},
				"west": {"uv": [12.5, 10, 12.5625, 10.0625], "texture": "#14"},
				"up": {"uv": [12.25, 7.5625, 11.75, 7.5], "texture": "#14"},
				"down": {"uv": [8.5, 11.75, 8, 11.8125], "texture": "#14"}
			}
		},
		{
			"name": "Blade",
			"from": [7.32, 20.06776, 0.34668],
			"to": [8.68, 20.19576, 0.50668],
			"rotation": {"angle": -22.5, "axis": "x", "origin": [8, 20.08176, 0.42668]},
			"faces": {
				"north": {"uv": [11.75, 8, 12.25, 8.0625], "texture": "#14"},
				"east": {"uv": [10.25, 12.5, 10.3125, 12.5625], "texture": "#14"},
				"south": {"uv": [11.75, 8.25, 12.25, 8.3125], "texture": "#14"},
				"west": {"uv": [12.5, 10.25, 12.5625, 10.3125], "texture": "#14"},
				"up": {"uv": [9, 11.8125, 8.5, 11.75], "texture": "#14"},
				"down": {"uv": [12.25, 8.5, 11.75, 8.5625], "texture": "#14"}
			}
		},
		{
			"name": "Blade",
			"from": [7.32, 19.66638, 0.33499],
			"to": [8.68, 19.79438, 0.59499],
			"rotation": {"angle": -45, "axis": "x", "origin": [8, 19.63038, 0.01499]},
			"faces": {
				"north": {"uv": [9, 11.75, 9.5, 11.8125], "texture": "#14"},
				"east": {"uv": [10.5, 12.5, 10.5625, 12.5625], "texture": "#14"},
				"south": {"uv": [9.5, 11.75, 10, 11.8125], "texture": "#14"},
				"west": {"uv": [12.5, 10.5, 12.5625, 10.5625], "texture": "#14"},
				"up": {"uv": [12.25, 9.5625, 11.75, 9.5], "texture": "#14"},
				"down": {"uv": [12.25, 9.75, 11.75, 9.8125], "texture": "#14"}
			}
		},
		{
			"name": "Blade",
			"from": [7.32, 18.89222, 1.11373],
			"to": [8.68, 19.65222, 1.24173],
			"rotation": {"angle": 0, "axis": "y", "origin": [8, 19.37222, 1.07773]},
			"faces": {
				"north": {"uv": [10.75, 1, 11.25, 1.1875], "texture": "#14"},
				"east": {"uv": [12.5, 3.5, 12.5625, 3.6875], "texture": "#14"},
				"south": {"uv": [10.75, 1.25, 11.25, 1.4375], "texture": "#14"},
				"west": {"uv": [3.75, 12.5, 3.8125, 12.6875], "texture": "#14"},
				"up": {"uv": [10.5, 11.8125, 10, 11.75], "texture": "#14"},
				"down": {"uv": [11, 11.75, 10.5, 11.8125], "texture": "#14"}
			}
		},
		{
			"name": "Blade",
			"from": [7.32, 18.15342, 0.80771],
			"to": [8.68, 19.11342, 0.93571],
			"rotation": {"angle": 45, "axis": "x", "origin": [8, 18.63342, 0.82171]},
			"faces": {
				"north": {"uv": [10.25, 1, 10.75, 1.25], "texture": "#14"},
				"east": {"uv": [1.5, 12.5, 1.5625, 12.75], "texture": "#14"},
				"south": {"uv": [10.25, 1.25, 10.75, 1.5], "texture": "#14"},
				"west": {"uv": [1.75, 12.5, 1.8125, 12.75], "texture": "#14"},
				"up": {"uv": [11.5, 11.8125, 11, 11.75], "texture": "#14"},
				"down": {"uv": [12, 11.75, 11.5, 11.8125], "texture": "#14"}
			}
		},
		{
			"name": "Blade",
			"from": [7.3502, 19.89905, 0.20075],
			"to": [8.6518, 20.02324, 0.35598],
			"rotation": {"angle": -22.5, "axis": "x", "origin": [8.001, 19.96115, 0.27836]},
			"faces": {
				"north": {"uv": [0, 12, 0.5, 12.0625], "texture": "#14"},
				"east": {"uv": [10.75, 12.5, 10.8125, 12.5625], "texture": "#14"},
				"south": {"uv": [0.5, 12, 1, 12.0625], "texture": "#14"},
				"west": {"uv": [12.5, 10.75, 12.5625, 10.8125], "texture": "#14"},
				"up": {"uv": [12.5, 0.5625, 12, 0.5], "texture": "#14"},
				"down": {"uv": [12.5, 0.75, 12, 0.8125], "texture": "#14"}
			}
		},
		{
			"name": "Blade",
			"from": [7.3395, 19.92906, 0.26706],
			"to": [8.6605, 20.05452, 0.52189],
			"rotation": {"angle": 0, "axis": "y", "origin": [8, 19.99179, 0.39448]},
			"faces": {
				"north": {"uv": [1, 12, 1.5, 12.0625], "texture": "#14"},
				"east": {"uv": [11, 12.5, 11.0625, 12.5625], "texture": "#14"},
				"south": {"uv": [12, 1, 12.5, 1.0625], "texture": "#14"},
				"west": {"uv": [12.5, 11, 12.5625, 11.0625], "texture": "#14"},
				"up": {"uv": [12.5, 1.3125, 12, 1.25], "texture": "#14"},
				"down": {"uv": [2, 12, 1.5, 12.0625], "texture": "#14"}
			}
		},
		{
			"name": "Blade",
			"from": [7.32109, 19.27998, -1.14471],
			"to": [8.67891, 22.51315, -0.32241],
			"rotation": {"angle": 0, "axis": "y", "origin": [8, 21.14657, -0.78356]},
			"faces": {
				"north": {"uv": [4.75, 6, 5.25, 6.8125], "texture": "#14"},
				"east": {"uv": [3.25, 10, 3.4375, 10.8125], "texture": "#14"},
				"south": {"uv": [5.25, 6, 5.75, 6.8125], "texture": "#14"},
				"west": {"uv": [5.5, 10, 5.6875, 10.8125], "texture": "#14"},
				"up": {"uv": [4, 11.1875, 3.5, 11], "texture": "#14"},
				"down": {"uv": [5.25, 11, 4.75, 11.1875], "texture": "#14"}
			}
		},
		{
			"name": "Blade",
			"from": [7.35178, 20.47841, -2.34517],
			"to": [8.66882, 23.0144, -1.02155],
			"rotation": {"angle": -22.5, "axis": "x", "origin": [8.0103, 21.7464, -1.68336]},
			"faces": {
				"north": {"uv": [7, 1.25, 7.5, 1.875], "texture": "#14"},
				"east": {"uv": [4, 8.75, 4.3125, 9.375], "texture": "#14"},
				"south": {"uv": [3.75, 7, 4.25, 7.625], "texture": "#14"},
				"west": {"uv": [4.5, 8.75, 4.8125, 9.375], "texture": "#14"},
				"up": {"uv": [1.75, 10.3125, 1.25, 10], "texture": "#14"},
				"down": {"uv": [2.25, 10, 1.75, 10.3125], "texture": "#14"}
			}
		},
		{
			"name": "Blade",
			"from": [7.27, 20.45381, -3.25767],
			"to": [8.73, 22.07161, -2.43534],
			"rotation": {"angle": -22.5, "axis": "x", "origin": [8.05, 24.71781, 1.82233]},
			"faces": {
				"north": {"uv": [9.5, 0, 10, 0.375], "texture": "#14"},
				"east": {"uv": [11.25, 5.5, 11.4375, 5.875], "texture": "#14"},
				"south": {"uv": [0.5, 9.5, 1, 9.875], "texture": "#14"},
				"west": {"uv": [6.5, 11.25, 6.6875, 11.625], "texture": "#14"},
				"up": {"uv": [3, 11.1875, 2.5, 11], "texture": "#14"},
				"down": {"uv": [3.5, 11, 3, 11.1875], "texture": "#14"}
			}
		},
		{
			"name": "Blade",
			"from": [7.27, 22.64813, -2.81893],
			"to": [8.73, 28.67613, -1.45893],
			"rotation": {"angle": 0, "axis": "y", "origin": [8.05, 28.81213, 2.26107]},
			"faces": {
				"north": {"uv": [0, 3, 0.5, 4.5], "texture": "#14"},
				"east": {"uv": [5, 1.25, 5.3125, 2.75], "texture": "#14"},
				"south": {"uv": [0.5, 3, 1, 4.5], "texture": "#14"},
				"west": {"uv": [5, 4.5, 5.3125, 6], "texture": "#14"},
				"up": {"uv": [8.5, 10.0625, 8, 9.75], "texture": "#14"},
				"down": {"uv": [9, 9.75, 8.5, 10.0625], "texture": "#14"}
			}
		},
		{
			"name": "Blade",
			"from": [7.32, 23.136, 6.92],
			"to": [8.68, 26.864, 9.08],
			"rotation": {"angle": 0, "axis": "y", "origin": [8, 25, 8]},
			"faces": {
				"north": {"uv": [5.5, 0, 6, 0.9375], "texture": "#14"},
				"east": {"uv": [4.25, 4.5, 4.8125, 5.4375], "texture": "#14"},
				"south": {"uv": [5.5, 1, 6, 1.9375], "texture": "#14"},
				"west": {"uv": [0, 5, 0.5625, 5.9375], "texture": "#14"},
				"up": {"uv": [8, 0.5625, 7.5, 0], "texture": "#14"},
				"down": {"uv": [8, 1.25, 7.5, 1.8125], "texture": "#14"}
			}
		},
		{
			"name": "Blade",
			"from": [7.3, 26.8, 7],
			"to": [8.7, 27.3, 9],
			"rotation": {"angle": 0, "axis": "y", "origin": [7, 24, 7]},
			"faces": {
				"north": {"uv": [11.5, 11.5, 12, 11.625], "texture": "#14"},
				"east": {"uv": [0, 11.75, 0.5, 11.875], "texture": "#14"},
				"south": {"uv": [11.75, 0, 12.25, 0.125], "texture": "#14"},
				"west": {"uv": [11.75, 0.25, 12.25, 0.375], "texture": "#14"},
				"up": {"uv": [8, 4.5, 7.5, 4], "texture": "#14"},
				"down": {"uv": [8, 4.5, 7.5, 5], "texture": "#14"}
			}
		},
		{
			"name": "Blade",
			"from": [7.3, 22.7, 7],
			"to": [8.7, 23.2, 9],
			"rotation": {"angle": 0, "axis": "y", "origin": [7, 24, 7]},
			"faces": {
				"north": {"uv": [10.5, 11.5, 11, 11.625], "texture": "#14"},
				"east": {"uv": [11.5, 10.5, 12, 10.625], "texture": "#14"},
				"south": {"uv": [11.5, 10.75, 12, 10.875], "texture": "#14"},
				"west": {"uv": [11, 11.5, 11.5, 11.625], "texture": "#14"},
				"up": {"uv": [5, 3, 4.5, 2.5], "texture": "#14"},
				"down": {"uv": [8, 3.5, 7.5, 4], "texture": "#14"}
			}
		},
		{
			"name": "Blade",
			"from": [7.3, 23.2, 6.5],
			"to": [8.7, 26.8, 7],
			"rotation": {"angle": 0, "axis": "y", "origin": [7, 24, 7]},
			"faces": {
				"north": {"uv": [5.5, 2, 6, 2.875], "texture": "#14"},
				"east": {"uv": [4, 10.5, 4.125, 11.375], "texture": "#14"},
				"south": {"uv": [3.25, 5.5, 3.75, 6.375], "texture": "#14"},
				"west": {"uv": [10.5, 4, 10.625, 4.875], "texture": "#14"},
				"up": {"uv": [12, 10.125, 11.5, 10], "texture": "#14"},
				"down": {"uv": [12, 10.25, 11.5, 10.375], "texture": "#14"}
			}
		},
		{
			"name": "handle",
			"from": [7.45, 15, 7],
			"to": [8.55, 26.2, 9],
			"rotation": {"angle": 0, "axis": "y", "origin": [6.95, 15.2, 9]},
			"faces": {
				"north": {"uv": [4.25, 0, 4.5, 2.8125], "texture": "#14"},
				"east": {"uv": [1, 0, 1.5, 2.8125], "texture": "#14"},
				"south": {"uv": [2, 4.25, 2.25, 7.0625], "texture": "#14"},
				"west": {"uv": [1.5, 0, 2, 2.8125], "texture": "#14"},
				"up": {"uv": [6.5, 8, 6.25, 7.5], "texture": "#14"},
				"down": {"uv": [2, 9, 1.75, 9.5], "texture": "#14"}
			}
		},
		{
			"name": "handle",
			"from": [7.43832, 9.11987, 8.09161],
			"to": [8.56168, 10.63664, 9.90839],
			"rotation": {"angle": -45, "axis": "x", "origin": [8.05, 10.52826, 8.5]},
			"faces": {
				"north": {"uv": [9.25, 10.5, 9.5, 10.875], "texture": "#14"},
				"east": {"uv": [5.5, 9.5, 5.9375, 9.875], "texture": "#14"},
				"south": {"uv": [1, 10.75, 1.25, 11.125], "texture": "#14"},
				"west": {"uv": [9.5, 6, 9.9375, 6.375], "texture": "#14"},
				"up": {"uv": [10.75, 3.4375, 10.5, 3], "texture": "#14"},
				"down": {"uv": [10.75, 3.5, 10.5, 3.9375], "texture": "#14"}
			}
		},
		{
			"name": "handle",
			"from": [7.44243, 9.10012, 9.52197],
			"to": [8.55757, 10.80073, 10.22758],
			"rotation": {"angle": 22.5, "axis": "x", "origin": [8.05, 10.00042, 9.67477]},
			"faces": {
				"north": {"uv": [2.75, 10.5, 3, 10.9375], "texture": "#14"},
				"east": {"uv": [11.25, 1, 11.4375, 1.4375], "texture": "#14"},
				"south": {"uv": [3, 10.5, 3.25, 10.9375], "texture": "#14"},
				"west": {"uv": [1.25, 11.25, 1.4375, 11.6875], "texture": "#14"},
				"up": {"uv": [8, 5.6875, 7.75, 5.5], "texture": "#14"},
				"down": {"uv": [8.25, 1.75, 8, 1.9375], "texture": "#14"}
			}
		},
		{
			"name": "handle",
			"from": [7.44243, 6.90012, 9.12197],
			"to": [8.55757, 8.60073, 9.82758],
			"rotation": {"angle": 22.5, "axis": "x", "origin": [8.05, 7.80042, 9.27477]},
			"faces": {
				"north": {"uv": [2.25, 10.5, 2.5, 10.9375], "texture": "#14"},
				"east": {"uv": [0.75, 11.25, 0.9375, 11.6875], "texture": "#14"},
				"south": {"uv": [2.5, 10.5, 2.75, 10.9375], "texture": "#14"},
				"west": {"uv": [1, 11.25, 1.1875, 11.6875], "texture": "#14"},
				"up": {"uv": [7.5, 5.9375, 7.25, 5.75], "texture": "#14"},
				"down": {"uv": [1.25, 7.75, 1, 7.9375], "texture": "#14"}
			}
		},
		{
			"name": "handle",
			"from": [7.43832, 6.91987, 7.69161],
			"to": [8.56168, 8.73664, 9.50839],
			"rotation": {"angle": -45, "axis": "x", "origin": [8.05, 8.32826, 8.1]},
			"faces": {
				"north": {"uv": [1.25, 10.5, 1.5, 10.9375], "texture": "#14"},
				"east": {"uv": [9, 0, 9.4375, 0.4375], "texture": "#14"},
				"south": {"uv": [1.5, 10.5, 1.75, 10.9375], "texture": "#14"},
				"west": {"uv": [1.25, 9, 1.6875, 9.4375], "texture": "#14"},
				"up": {"uv": [2, 10.9375, 1.75, 10.5], "texture": "#14"},
				"down": {"uv": [2.25, 10.5, 2, 10.9375], "texture": "#14"}
			}
		},
		{
			"name": "handle",
			"from": [7.44243, 4.70012, 8.82197],
			"to": [8.55757, 6.40073, 9.52758],
			"rotation": {"angle": 22.5, "axis": "x", "origin": [8.05, 5.60042, 8.97477]},
			"faces": {
				"north": {"uv": [10.5, 0.5, 10.75, 0.9375], "texture": "#14"},
				"east": {"uv": [0.5, 11.25, 0.6875, 11.6875], "texture": "#14"},
				"south": {"uv": [0.75, 10.5, 1, 10.9375], "texture": "#14"},
				"west": {"uv": [11.25, 0.5, 11.4375, 0.9375], "texture": "#14"},
				"up": {"uv": [6.75, 5.4375, 6.5, 5.25], "texture": "#14"},
				"down": {"uv": [7.25, 5, 7, 5.1875], "texture": "#14"}
			}
		},
		{
			"name": "handle",
			"from": [7.43832, 4.71987, 7.39161],
			"to": [8.56168, 6.43664, 9.20839],
			"rotation": {"angle": -45, "axis": "x", "origin": [8.05, 6.12826, 7.8]},
			"faces": {
				"north": {"uv": [9.5, 10.25, 9.75, 10.6875], "texture": "#14"},
				"east": {"uv": [6.25, 8.75, 6.6875, 9.1875], "texture": "#14"},
				"south": {"uv": [9.75, 10.25, 10, 10.6875], "texture": "#14"},
				"west": {"uv": [8.5, 8.75, 8.9375, 9.1875], "texture": "#14"},
				"up": {"uv": [10.75, 0.4375, 10.5, 0], "texture": "#14"},
				"down": {"uv": [0.75, 10.5, 0.5, 10.9375], "texture": "#14"}
			}
		},
		{
			"name": "handle",
			"from": [7.45, 3.8, 7],
			"to": [8.55, 15, 9],
			"rotation": {"angle": 0, "axis": "y", "origin": [6.95, 4, 9]},
			"faces": {
				"north": {"uv": [4, 0, 4.25, 2.8125], "texture": "#14"},
				"east": {"uv": [0, 0, 0.5, 2.8125], "texture": "#14"},
				"south": {"uv": [4, 3, 4.25, 5.8125], "texture": "#14"},
				"west": {"uv": [0.5, 0, 1, 2.8125], "texture": "#14"},
				"up": {"uv": [7.25, 2.5, 7, 2], "texture": "#14"},
				"down": {"uv": [7.25, 3, 7, 3.5], "texture": "#14"}
			}
		},
		{
			"name": "handle",
			"from": [7.39, 0.588, 7.60386],
			"to": [8.61, 3.012, 9.32686],
			"rotation": {"angle": 0, "axis": "y", "origin": [8, 1.7, 8.16536]},
			"faces": {
				"north": {"uv": [8.75, 1.75, 9.0625, 2.375], "texture": "#14"},
				"east": {"uv": [2.25, 7.5, 2.6875, 8.125], "texture": "#14"},
				"south": {"uv": [2, 8.75, 2.3125, 9.375], "texture": "#14"},
				"west": {"uv": [2.75, 7.5, 3.1875, 8.125], "texture": "#14"},
				"up": {"uv": [10.3125, 7.1875, 10, 6.75], "texture": "#14"},
				"down": {"uv": [7.3125, 10, 7, 10.4375], "texture": "#14"}
			}
		},
		{
			"name": "handle",
			"from": [7.41, 2.53673, 7.17481],
			"to": [8.59, 4.29073, 8.95581],
			"rotation": {"angle": 22.5, "axis": "x", "origin": [8, 2.01373, 8.01531]},
			"faces": {
				"north": {"uv": [10, 7.25, 10.3125, 7.6875], "texture": "#14"},
				"east": {"uv": [8.75, 4.75, 9.1875, 5.1875], "texture": "#14"},
				"south": {"uv": [10, 7.75, 10.3125, 8.1875], "texture": "#14"},
				"west": {"uv": [8.75, 5.25, 9.1875, 5.6875], "texture": "#14"},
				"up": {"uv": [10.3125, 8.6875, 10, 8.25], "texture": "#14"},
				"down": {"uv": [10.3125, 9.5, 10, 9.9375], "texture": "#14"}
			}
		},
		{
			"name": "handle",
			"from": [7.4595, 1.20421, 6.58772],
			"to": [8.5405, 4.09551, 8.37467],
			"rotation": {"angle": -22.5, "axis": "x", "origin": [8, 3.49986, 7.4812]},
			"faces": {
				"north": {"uv": [3.75, 4.25, 4, 5], "texture": "#14"},
				"east": {"uv": [6.5, 4.5, 6.9375, 5.25], "texture": "#14"},
				"south": {"uv": [1.25, 5, 1.5, 5.75], "texture": "#14"},
				"west": {"uv": [6.75, 5.25, 7.1875, 6], "texture": "#14"},
				"up": {"uv": [6.5, 10.6875, 6.25, 10.25], "texture": "#14"},
				"down": {"uv": [10.5, 9, 10.25, 9.4375], "texture": "#14"}
			}
		},
		{
			"name": "handle",
			"from": [7.4694, -0.05292, 6.3394],
			"to": [8.5306, 3.18184, 8.38954],
			"rotation": {"angle": 22.5, "axis": "x", "origin": [8, 1.46446, 7.36447]},
			"faces": {
				"north": {"uv": [3.75, 0, 4, 0.8125], "texture": "#14"},
				"east": {"uv": [6, 1, 6.5, 1.8125], "texture": "#14"},
				"south": {"uv": [3.75, 1, 4, 1.8125], "texture": "#14"},
				"west": {"uv": [6, 2, 6.5, 2.8125], "texture": "#14"},
				"up": {"uv": [4, 2.5, 3.75, 2], "texture": "#14"},
				"down": {"uv": [5, 5.5, 4.75, 6], "texture": "#14"}
			}
		},
		{
			"name": "handle",
			"from": [7.38, -0.75578, 6.21753],
			"to": [8.62, 1.90222, 8.56553],
			"rotation": {"angle": 45, "axis": "x", "origin": [8, 0.32322, 7.44153]},
			"faces": {
				"north": {"uv": [8, 8.5, 8.3125, 9.1875], "texture": "#14"},
				"east": {"uv": [5.75, 6, 6.3125, 6.6875], "texture": "#14"},
				"south": {"uv": [8.5, 8, 8.8125, 8.6875], "texture": "#14"},
				"west": {"uv": [0.5, 6.25, 1.0625, 6.9375], "texture": "#14"},
				"up": {"uv": [9.8125, 3.5625, 9.5, 3], "texture": "#14"},
				"down": {"uv": [3.8125, 9.5, 3.5, 10.0625], "texture": "#14"}
			}
		}
	],
	"display": {
		"thirdperson_righthand": {
			"translation": [0, -2.5, 1.75]
		},
		"thirdperson_lefthand": {
			"translation": [0, -2.5, 1.75]
		},
		"firstperson_righthand": {
			"scale": [0.60547, 0.60547, 0.60547]
		},
		"firstperson_lefthand": {
			"scale": [0.60547, 0.60547, 0.60547]
		},
		"gui": {
			"rotation": [0, 90, 0],
			"translation": [0, -3.5, 0],
			"scale": [1, 0.56, 0.56]
		},
		"fixed": {
			"rotation": [0, 90, 0],
			"translation": [0, -4.75, 0],
			"scale": [0.69727, 0.69727, 0.69727]
		}
	},
	"groups": [
		{
			"name": "root",
			"origin": [8, 8, 8],
			"color": 0,
			"children": [
				0,
				1,
				2,
				3,
				4,
				5,
				6,
				7,
				8,
				9,
				10,
				11,
				12,
				13,
				14,
				15,
				16,
				17,
				18,
				19,
				20,
				21,
				22,
				23,
				24,
				25,
				26,
				27,
				28,
				29,
				30,
				31,
				32,
				33,
				34,
				35,
				36,
				37,
				38,
				39,
				40,
				41,
				42,
				43,
				44,
				45,
				46,
				47,
				48,
				49,
				50,
				51,
				52,
				53,
				54,
				55,
				56,
				57,
				58,
				59,
				60,
				61,
				62,
				63,
				64,
				65,
				66,
				67,
				68,
				69,
				70,
				71,
				72,
				73,
				74,
				75,
				76,
				77,
				78,
				79,
				80,
				81,
				82,
				83,
				84,
				85,
				86,
				87,
				88,
				89,
				90,
				91,
				92,
				93,
				94,
				95,
				96,
				97,
				98,
				99,
				100,
				101,
				102,
				103,
				104,
				105,
				106,
				107,
				108,
				109,
				110,
				111,
				112,
				113,
				114,
				115,
				116,
				117,
				118,
				119,
				120,
				121,
				122,
				123,
				124,
				125,
				126,
				127,
				128,
				129,
				130,
				131
			]
		}
	]
}